variable,mean,median,sd,mad,q5,q95,rhat,ess_bulk,ess_tail
lp__,17347.22157325,17351.4865,312.240547311383,314.50764449999957,16837.96585,17859.150749999997,1.0038020386445685,918.7126929971663,1376.2939914423566
mu[1],-0.2081104344425,-0.20806202000000001,0.006826563532296679,0.006838499913000004,-0.219819765,-0.196962522,1.002371178543709,5632.991645081703,3329.7453940442233
mu[2],-0.05867593407875,-0.0586286725,0.008640275922794913,0.008504469363599996,-0.07322218,-0.04453711985000001,1.0000864236021074,6640.859900157953,3622.9407536318267
mu[3],-0.077958178754,-0.077948887,0.006782124178715454,0.0066038065568999925,-0.088838933,-0.06673044655,1.000130418466015,7127.318465431982,3428.8656258021797
mu[4],-0.203208170135,-0.20341219500000002,0.006362706179062447,0.006460866866999975,-0.21365468149999997,-0.1924869975,1.0010805252629662,8475.404888160689,3088.095238720253
mu[5],0.004073825815590375,0.00398125205,0.009828843063403009,0.00984306553755,-0.012161611499999999,0.0203875478,1.001176578941337,7218.291049824452,3355.484590380875
mu[6],8.728908152747499e-4,7.95653975e-4,0.0095286011903433,0.00937549501035,-0.0148389598,0.0164782271,1.0014731129471546,7046.137630745641,3056.764528700558
mu[7],0.020706318013125,0.020539378499999997,0.007983380389826824,0.007973525840699996,0.0073480755100000005,0.033802963199999994,1.0022783396456902,6540.103399715141,3331.3155221236907
mu[8],0.43677900108,0.43674224,0.007618691647892414,0.007530192116999965,0.4240847595,0.449355171,1.0000993752883267,7538.4502259628425,2857.352362015067
mu[9],-0.13797884863,-0.13802448,0.006922111411507159,0.007091779883999995,-0.14924694400000002,-0.126768992,1.000764001465976,6204.92109838229,3430.016928611245
mu[10],0.1994592254125,0.199446725,0.008125918838448109,0.008103335625000003,0.1861000405,0.2126986755,1.0024697485460696,8197.93742256453,3384.9493730552153
mu[11],0.04976463531725,0.049831633,0.007110647454489505,0.007082847219000001,0.03795603725,0.06144495444999999,1.0004177308013573,8833.996269028337,3485.393903590417
mu[12],-0.020572467451205,-0.0204478545,0.007221621658050232,0.0071122279032000005,-0.032477756899999995,-0.008796485195000002,1.0003119296481982,6934.641598409453,3194.884517544683
mu[13],-0.217949680595,-0.21788515,0.00913335265317684,0.009133616604000009,-0.2332265355,-0.202972413,1.0013919411964232,7679.044166970925,3324.155206336922
mu[14],0.1813904186525,0.181277295,0.008588495165031185,0.008524890696000018,0.1670556675,0.195625152,1.0008023035624276,7614.404752737698,3425.5834489111016
mu[15],0.0157396627473125,0.01572633,0.006262783655723606,0.0061238704044,0.0054613720900000004,0.026281805399999997,0.9998707285059472,5738.343759439174,3139.368548137436
mu[16],0.075337689934,0.075401125,0.008323216457755545,0.008338240251599995,0.061507524699999996,0.08916353675000001,1.0024897272032003,6639.597460400294,3582.0791167451316
mu[17],-0.05639394735925,-0.056334788,0.0071379927134884525,0.006913114723200003,-0.06832860764999998,-0.04469693905,1.0009872562455713,8396.048051175158,2886.125760111119
mu[18],-0.05201192278,-0.0518001315,0.008879172456708658,0.008803783323299999,-0.0669006624,-0.03743678295000001,1.0016617893415705,6770.080333808013,3110.8447208818006
mu[19],-0.1752446865275,-0.175210235,0.0063140215973117985,0.006265675164000005,-0.18568023,-0.1649203325,0.9994249059904294,7177.160352812041,3791.455918724394
mu[20],-0.1386576100525,-0.13876107,0.0070677101285382135,0.0069766708200000105,-0.15017711150000002,-0.1268624725,1.0021269741947951,7647.221392403916,3430.1683476015023
mu[21],-0.2110802160025,-0.21117746999999998,0.009706565610570796,0.009590546511000005,-0.22670785,-0.19474863,1.0009447160508131,6861.580771485496,3092.4613280863446
mu[22],0.2496572548375,0.249740595,0.008743575751775165,0.00850575032999999,0.235093958,0.2641727335,1.0024607005608261,6445.8918393681015,3471.9633513489803
mu[23],0.191167573185,0.19103827,0.006348873123927932,0.00631483817999999,0.1807399935,0.20170661650000002,0.9996560087608423,6266.626012691321,4007.4978661246246
mu[24],0.1314387540825,0.131594235,0.00940740043142558,0.009539648852999984,0.1155974365,0.1467047075,0.999587085955162,7653.396520384898,3501.2058727365725
mu[25],0.055287765209,0.055378751000000004,0.006212898057164411,0.006291740013300008,0.0450453424,0.0654371463,1.000063525840819,5721.612234128525,3473.4502216209753
mu[26],-0.07416759505425,-0.0742797845,0.00885850966152143,0.008670264815099998,-0.08867096415,-0.05920651715,0.9999039473515547,8412.697082008703,2877.8671652328876
mu[27],0.04322101996675,0.0434196265,0.0069852475448969375,0.007020208110299999,0.031804829800000003,0.05452277654999999,1.0000628442884816,5629.460781762726,3084.0004620033974
mu[28],-0.138783214505,-0.13877114000000002,0.006323452037112966,0.006265541730000034,-0.14945482300000001,-0.1285252775,1.0000913048178408,5615.6200902052115,3346.6426181021516
mu[29],-0.0960561493875,-0.096103202,0.006784866853145863,0.0067789927968,-0.107184381,-0.08486472545,1.0006772746336365,6335.847987926923,3742.287856870735
mu[30],-0.060846418647,-0.060899561000000005,0.007548268314583499,0.007599192321000007,-0.0729598659,-0.04841297120000001,1.0011272848354895,5259.222895877178,3155.90901589066
mu[31],-0.005766745601271375,-0.0056339952,0.010363844422093054,0.01006921659723,-0.022551542399999996,0.010943935099999986,1.000590404034841,6907.0174700842435,3298.165553794796
mu[32],-0.2272070791,-0.22740284,0.00797304507074597,0.008025424994999983,-0.239930744,-0.2140487745,1.0025807674417355,7875.973662050273,3265.5833846625246
mu[33],0.2400978212125,0.24024397,0.007312258534199716,0.0074899098749999955,0.2279973495,0.2522627615,0.9999066995793766,8121.206713363188,3179.3554815754305
mu[34],0.2751742503475,0.27508081,0.008745768451572461,0.008899958844000017,0.2609482985,0.28990805750000004,0.999424177706838,6160.297275385687,3107.4436357514996
mu[35],-0.17924617845,-0.179285195,0.0069933649245840415,0.006975558869999999,-0.190643348,-0.16787615600000003,1.0013968382191052,5778.9433896585815,3447.5481993798285
mu[36],0.07589719172375,0.07586405099999999,0.007010380447715211,0.007028489913899997,0.0643846522,0.08758460685,1.0026179243199274,6981.8830324641785,3317.668383379735
mu[37],-0.087058613913,-0.086966455,0.008394888369035144,0.0083852764779,-0.1009950105,-0.07325976765000002,1.0004107707047818,7877.273517473901,2895.302346696575
mu[38],0.12644281615925,0.126218825,0.009328648912857744,0.009123260643000007,0.11132558249999999,0.14194621249999997,1.0003228712923842,5369.120162036641,3009.035633771433
mu[39],-0.3633611804,-0.363494845,0.008238613794812857,0.008301574071000016,-0.3767358005,-0.34963882150000003,0.999967071591826,5686.709059935334,3073.2511454340765
mu[40],-0.276492448935,-0.276539675,0.0061980360747824976,0.006217409120999999,-0.2866285705,-0.266364862,1.0017309308962699,5245.89873789162,2880.134276012741
mu[41],-0.024196562216635,-0.024221625,0.006873399833758634,0.0067706272263,-0.0355731413,-0.012919641250000002,1.0018391881678677,5774.982601093863,3328.2409375690568
mu[42],-0.059691225073,-0.059481312999999994,0.009583913616076068,0.009522435867000002,-0.0756771408,-0.043970745400000004,1.000667907497247,8666.806351365634,2992.028173792271
mu[43],-0.01538457311763775,-0.0153505875,0.0069939179318486144,0.0070218641745000004,-0.026681776549999998,-0.003799013575000009,1.0012011407841113,6735.56749761508,3550.311702056309
mu[44],0.18858786127,0.18856021,0.0071979271260720215,0.007329796487999996,0.1768880105,0.2001721525,1.0010344250853076,7936.4486002113745,3419.412391223213
mu[45],-0.024331947471742502,-0.024422153500000002,0.008313520089627609,0.008248534055999998,-0.037951691950000005,-0.01074817765000002,1.0011407757261344,7680.821674669136,3248.1280871227636
mu[46],-0.081775304294,-0.08193955350000001,0.007147276166983585,0.0070635474734999796,-0.0936418333,-0.06969607330000001,1.000726115128,8093.39216462783,3374.221125337553
mu[47],-0.161282917375,-0.16127485,0.00728402015278083,0.007415572310999989,-0.1730071825,-0.1493120185,1.0011932365928466,5910.9458521136585,3112.651118213217
mu[48],-0.026385404499475,-0.0263624345,0.007080035325641534,0.007079140719000002,-0.03791611589999999,-0.014646235700000003,1.0003123362780622,6250.12976963486,3618.7274252295724
mu[49],-0.06071993554875,-0.0610259315,0.008785211519501145,0.0088412204559,-0.0746370164,-0.04597158660000001,1.0002376237531407,6415.389283242768,2862.4910769382805
mu[50],0.25598660054,0.256019935,0.006916185356563034,0.006961533473999954,0.244241302,0.26723000799999996,1.000136622487777,6520.4007757281015,3423.2673344797377
mu[51],0.2385475590775,0.238439325,0.009524370854259846,0.009550790591999984,0.2226890375,0.25421436150000004,1.0016378981231047,7033.362901659304,3298.7426274164113
mu[52],0.030650728183675,0.030579148,0.0066105916859022125,0.006566419832699996,0.0196238916,0.04151402784999999,1.0003032601179582,6609.611168945495,3265.6007293826588
mu[53],0.154325879175,0.154375095,0.006193414064666321,0.0063337709820000246,0.1442509035,0.16453000399999998,0.9998665644553894,5878.183882330633,3728.5298859874993
lambda_a_diag[1],0.23722873307265008,0.221937408,0.22108719034150415,0.31229039470229997,0.0129339729,0.475704069,1.7325289990351027,6.1271896151562775,129.44195052776442
lambda_a_diag[2],0.826031035985,0.8256682,0.01837051308934266,0.018463388600999893,0.7964912215,0.8563951699999999,1.0063800054228749,473.84727420960587,1230.7441559825063
lambda_a_free[1],3.3885855999995346e-4,-0.0019359850000000012,0.1920318444772695,0.284071779054,-0.2052838465,0.20647809250000002,1.735294300535815,6.139399502825483,142.4186185829149
lambda_a_free[2],-0.0013602447552499817,0.005635669000000001,0.06658996104105261,0.09715555858889999,-0.0807347945,0.0775359169,1.736689908056673,6.130225090599664,142.67051353059333
lambda_a_free[3],7.078695699999449e-4,-0.0012736900000000079,0.21631253824385832,0.320546118627,-0.23305292249999998,0.23387813249999997,1.7351144513579668,6.120374314186349,137.42401694709616
lambda_a_free[4],-7.803503349998589e-4,-5.901900000000043e-4,0.24749312100278528,0.366440135061,-0.265354178,0.26180024649999994,1.7331126487585338,6.13408975476018,166.2300964649569
lambda_a_free[5],-8.910334575000542e-4,5.288749999999981e-4,0.1446185664367132,0.213198532344,-0.160323659,0.15837866899999997,1.7336194491647328,6.12640013521284,129.6872025586219
lambda_a_free[6],0.0011598760778675113,6.44073705e-4,0.02601543768870459,0.03542267505419999,-0.035398494700000005,0.03888674174999999,1.7318479523656105,6.124814828658971,120.67249797551894
lambda_a_free[7],9.620322575000093e-4,-0.0035243950000000066,0.14017092643842455,0.20719214909400002,-0.1529560955,0.15563574099999997,1.736364376486603,6.125501334908395,110.30357607208263
lambda_a_free[8],-5.45457436429469e-5,1.74723005e-4,0.01378617755216071,0.014938947366482998,-0.0223654063,0.02216739405,1.3920994349032099,8.536052517868109,149.4322273397967
lambda_a_free[9],3.535844622500108e-4,-4.655285000000004e-4,0.04421239839311784,0.06417403039530001,-0.05420509365,0.055188153399999995,1.7339174786740799,6.101701784706014,135.44275025706634
lambda_a_free[10],6.836245750001833e-5,-6.527500000000352e-5,0.1897217058072243,0.280582116717,-0.20303213499999997,0.20308276849999998,1.7338464667406315,6.121877026277149,136.5642346638418
lambda_a_free[11],4.0809951500004265e-4,0.0010188200000000036,0.23322156687377507,0.344727828711,-0.2486260935,0.249336081,1.7343366885477938,6.1111909847066785,121.01001264900158
lambda_a_free[12],0.002350297757500111,0.002044244999999986,0.2844812958787494,0.421275756573,-0.29882880650000004,0.30395022199999994,1.7350122697630213,6.130186416330896,122.31396907481536
lambda_a_free[13],-3.889569217501089e-4,0.0028439120000000005,0.09408709647107238,0.138376106253,-0.10892727999999999,0.10741308999999999,1.732454271103766,6.137822091637085,128.89518145986258
lambda_a_free[14],-0.0011588790799999882,6.14774999999998e-4,0.15070374036015935,0.222345351501,-0.167527705,0.1634195905,1.7357659664630936,6.116277380824093,154.21310170303056
lambda_a_free[15],-8.020149375001503e-4,-0.0021649049999999948,0.17504981570068975,0.25907269676399997,-0.1868660925,0.18643063049999997,1.734654881613156,6.107239172693298,141.4622799121379
lambda_a_free[16],0.0021135948925000056,7.437500000000014e-4,0.18521395166199328,0.273943360089,-0.1984681035,0.202967296,1.732299204656018,6.134511917372072,165.7677556321353
lambda_a_free[17],9.54516727500021e-4,-1.0280499999999748e-4,0.16501526640990138,0.24382348118099997,-0.17718001899999997,0.17900667399999998,1.7355569389594665,6.138661393331889,147.2957620936321
lambda_a_free[18],2.3506664000002309e-4,0.0018724599999999994,0.13712428033704638,0.20260361328899998,-0.14915404399999999,0.149801915,1.7334740539412812,6.114185048384022,140.1510558615481
lambda_a_free[19],-0.002530018552499805,0.004422505000000021,0.4821101549125162,0.714210725991,-0.504708758,0.5006574859999999,1.735764410440575,6.1242364068271655,137.4072016370062
lambda_a_free[20],2.0218371500004025e-4,0.0015989900000000085,0.20005769311507057,0.29544057824399994,-0.2167165225,0.21690618699999997,1.7341908928506147,6.139399308511172,137.20031350967895
lambda_a_free[21],-4.5505531724991953e-4,-0.0038012724999999976,0.09951626563970059,0.1464449528955,-0.113912117,0.1131152975,1.737854579502132,6.112484178701344,157.32921931572972
lambda_a_free[22],-0.0014381678689999703,-0.0018479939999999986,0.12233342458427718,0.180139495305,-0.139122458,0.136118336,1.7369888176241306,6.1136913058305185,132.38431754746324
lambda_a_free[23],-3.548432425000647e-4,0.0014233599999999985,0.21002581340752405,0.311070844266,-0.22415148899999998,0.22423042449999997,1.7380841661351212,6.144287185714967,106.72673407929767
lambda_a_free[24],-0.0014180364982500204,-0.003649413500000004,0.12313846080650967,0.1815798389811,-0.141314949,0.13760709599999998,1.7371848347259047,6.116045300667618,114.45488781950974
lambda_a_free[25],-0.0013283031297500324,-7.930239999999998e-4,0.0947948987056987,0.1392717923562,-0.1104001075,0.10778031149999998,1.7352048859459528,6.12315792876304,143.3420347228419
lambda_a_free[26],-9.387135509999143e-5,0.0029761513000000003,0.04907147709832957,0.07113275360099999,-0.0614193931,0.0612175906,1.7343242651341835,6.156516388615593,202.27879384633366
lambda_a_free[27],-0.001769707658499999,-0.001676127500000001,0.06574162954282221,0.0959925196755,-0.0815849212,0.07754914545,1.733575159016574,6.169196734330125,277.8949298254239
lambda_a_free[28],0.001888498264500083,0.0059684505,0.13100358438301998,0.19373802852599997,-0.14317213950000002,0.1466819875,1.7358177117778175,6.14762570439007,132.59435577086953
lambda_a_free[29],7.076987613999673e-5,-3.1831903500000004e-4,0.028576925695812477,0.037175759805009,-0.04259903815,0.04314529779999999,1.7016977609100115,6.2360846846154026,148.4650516228354
lambda_a_free[30],-0.0011635091024999838,-0.006220465,0.03960041084831637,0.0558974833536,-0.0530271216,0.05111887014999999,1.7353388339144564,6.121279021758966,118.31544286959125
lambda_a_free[31],-1.140543692501215e-4,-0.0028437010000000006,0.09408227005730072,0.13831554723210002,-0.10577100799999999,0.10588117699999999,1.7324402701339379,6.126013976680295,124.13742691339938
lambda_a_free[32],0.0023154107724998006,0.003813570000000016,0.3445524138704526,0.510142637487,-0.358287604,0.363714239,1.7341861835485792,6.143761856567488,131.04268969927216
lambda_a_free[33],0.0016413138549999122,-0.002339279999999999,0.25283128106565783,0.3741405000059999,-0.2675108605,0.27131120799999997,1.7359389272915957,6.154703813054456,127.54420626911885
lambda_a_free[34],8.99132254750027e-4,0.0019968144999999993,0.13657217558642692,0.2018772586383,-0.14768321650000002,0.14894417799999998,1.7342090348367891,6.118531481619989,112.28182106602574
lambda_a_free[35],-4.2343814250012297e-4,-0.002094684999999999,0.17851705506066434,0.263685109842,-0.19315218499999998,0.1928649805,1.734416357486947,6.098681227224155,130.2463458489637
lambda_a_free[36],-0.001193012852499651,0.002870745000000008,0.33835844163654516,0.5006487120180001,-0.3595519565,0.35586338449999994,1.7346435278645138,6.135905965843425,128.51581215448115
lambda_a_free[37],0.0011718243158249935,-0.0011882015,0.04828039805991234,0.0689858487255,-0.06090446755,0.0654191589,1.7367388008820823,6.128991404562496,126.23429828987818
lambda_a_free[38],-0.001749705575000127,0.001177789999999998,0.2681942371569208,0.39651518755799997,-0.284440396,0.2808023865,1.7346428125724016,6.129529769929878,121.31663950150492
lambda_a_free[39],-7.551208698687548e-4,-0.0018434002500000001,0.026146824579334947,0.0348835698183,-0.0385803399,0.0376766773,1.726725632642755,6.186384714706235,150.3241944313098
lambda_a_free[40],5.67803807499941e-4,0.001448824999999987,0.26804913858457563,0.39669705809999994,-0.282864013,0.28494755800000005,1.733631742096252,6.124710616293837,125.0946291808495
lambda_a_free[41],-2.4191675275001746e-4,-0.0029887664999999966,0.11137891246198127,0.16390894455809998,-0.1276926605,0.12752800549999999,1.7381124242638557,6.151387248044794,133.3250771526037
lambda_a_free[42],0.0010931501225001322,0.00277759499999998,0.283602492923973,0.4202504200649999,-0.2957065535,0.297834871,1.7328474109232537,6.1183339664033065,116.71379117810702
lambda_a_free[43],4.029652044635034e-4,-3.6522279999999996e-4,0.020328861145662673,0.024972611653079995,-0.03049234415,0.032230077749999995,1.6643123056011027,6.385449384588334,126.66294448869313
lambda_a_free[44],1.433189282057518e-4,4.20849775e-4,0.012288465310526811,0.013035237105135,-0.02020871085,0.02008126759999999,1.3308225178684499,9.592216102201357,180.8472086071394
lambda_a_free[45],-7.379948500005854e-5,-8.06925e-4,0.2508714608673836,0.37162828619700006,-0.2654441745,0.2648666895,1.7329498369881668,6.163895924335587,153.03213323157672
lambda_a_free[46],-3.291611685000066e-4,-0.0024657475000000005,0.05758222897601278,0.083411572671,-0.07107653605,0.06996961155,1.7335481451479022,6.128727311664306,128.19998493852407
lambda_a_free[47],-3.355518547500244e-4,-0.0030809935000000004,0.0952134627108393,0.1402427745243,-0.10933517150000001,0.1082487075,1.7349594837495572,6.111054710452218,115.92931573292734
lambda_a_free[48],0.0011890261800001,0.0011001149999999987,0.2376888635537919,0.35172232038299994,-0.250115249,0.252733275,1.7331810559943759,6.140065713571722,143.42692604706923
lambda_a_free[49],-6.83152882500025e-4,-0.0012607400000000102,0.3528576511755978,0.523044682293,-0.37182179900000006,0.371170133,1.736014479504117,6.175782141045865,113.12785909114803
lambda_a_free[50],-0.0015189960224999547,-5.275999999999892e-5,0.16262579044030775,0.24031833308699999,-0.1770079295,0.174121433,1.7348096765372372,6.130247103938715,125.97533999413692
lambda_a_free[51],-0.0010416881431352502,-0.00514293525,0.039283201700184116,0.056129078816999994,-0.05174645015,0.05117170044999999,1.7347059042892943,6.206739755649647,180.41428410349423
lambda_a_free[52],0.2924213493075,0.29218675,0.01117217516415227,0.011231080475999999,0.27427705150000004,0.31077439749999997,1.009269579606568,630.709495432197,1191.5124478252078
lambda_a_free[53],0.524158918735,0.52400564,0.011639416701878269,0.011827233935999984,0.5053281730000001,0.543716177,1.003045627147336,549.9775111910476,1212.3402673436708
lambda_a_free[54],0.338417250015,0.338061265,0.014556268325838432,0.01446682532399998,0.31459643649999997,0.3624440795,1.0069033776020808,798.2426996060448,1330.5386585114434
lambda_a_free[55],-0.1847916989475,-0.184675095,0.013079727892714854,0.012934180161000026,-0.20590612749999998,-0.163205183,1.0041563293074351,1128.0210754383459,2345.8012175743806
lambda_a_free[56],-0.04736801284015,-0.0475529705,0.011804184146089358,0.0116641168014,-0.06660370245,-0.027955661200000006,1.00229184960086,1638.5504797806304,2438.0011412238373
lambda_a_free[57],-0.322578484455,-0.322510615,0.01091328571472157,0.01074499523999998,-0.340492043,-0.30467164750000003,1.0019061845584492,947.2659372936283,2319.0809857791883
lambda_a_free[58],-0.060924473619,-0.060961194999999996,0.01086604389337864,0.010928591528400006,-0.0788775105,-0.04245603500000002,1.0024587678881294,1190.96338262163,2502.588134484399
lambda_a_free[59],-0.195821736465,-0.19572307,0.009753669056870038,0.009884071658999984,-0.21246187049999998,-0.1800777685,0.9994324673528578,1711.841116091723,2874.506443899429
lambda_a_free[60],-0.057164216005,-0.0572463835,0.008464375364822084,0.008637020475299998,-0.07124551085,-0.04369176775,1.0009022269785528,3363.5785561203916,3283.9274643308445
lambda_a_free[61],0.178303846125,0.17833182,0.010481458869435389,0.010519432475999988,0.16090251949999998,0.195437327,1.0070723013886627,855.2138894626972,1608.1495752094388
lambda_a_free[62],0.1433162312275,0.143564285,0.012379399931880773,0.012562299602999993,0.1228476415,0.1634204045,1.0042050275988914,1002.1059891432188,1710.0711272677145
lambda_a_free[63],-0.2317162069675,-0.23163314499999998,0.013797156273430668,0.013716792809999987,-0.2541814205,-0.20892696750000003,1.0067318093181787,763.1698257108046,1375.6352264233958
lambda_a_free[64],-0.3491514487575,-0.349040645,0.011699509423683679,0.011703132902999958,-0.3691479205,-0.3299255575,1.004082541556115,808.3430664166713,2030.784222282728
lambda_a_free[65],0.1444605346175,0.144488295,0.011486928084959758,0.01131901348200001,0.125413387,0.16304539049999997,1.001533919339071,1604.6852519702572,3025.8448288835893
lambda_a_free[66],-0.02406486120519275,-0.024138786000000002,0.009053986122385298,0.008733480655200002,-0.03868871485,-0.008894149560000007,1.0027229335518286,1257.301085002201,2498.5289813670215
lambda_a_free[67],0.011432382655321125,0.0114615465,0.012246067530584133,0.011999418652199998,-0.00914190683,0.03199450444999999,1.0033170158806568,1398.7634000582545,2504.7416502709575
lambda_a_free[68],-0.297709867625,-0.29758556,0.01096188666787908,0.011039565620999987,-0.315900983,-0.28000540850000005,1.00368009915523,719.6111355987534,1337.7321095691464
lambda_a_free[69],-0.12300009159175,-0.12288295,0.009737335008699246,0.00962749290299998,-0.13906884099999997,-0.1068734985,1.0031960241731868,1544.35218438976,2480.8523318502553
lambda_a_free[70],0.08524430340175,0.085387825,0.017150153421974998,0.016715267543099994,0.0562307858,0.11334143749999999,1.007923593864307,611.3337366758539,644.6064191946116
lambda_a_free[71],-0.05912836249475,-0.059113682,0.013238602830896968,0.013281327244499999,-0.08139132615000001,-0.03776661145,1.0013007005906855,1471.691636569016,2350.579448626777
lambda_a_free[72],-0.3105042390475,-0.310478975,0.01151881028919667,0.011452847783999975,-0.3298782095,-0.29139434449999996,1.008832280233474,807.2636254039353,1941.330129876013
lambda_a_free[73],0.29891438875,0.29882536000000004,0.012659342729195049,0.01272685337699994,0.27833205149999996,0.31991363500000003,1.0010349970217989,1230.1653276982322,2075.7160233764716
lambda_a_free[74],-0.192450158855,-0.19253197500000002,0.012013535532524558,0.011980712687999977,-0.21210287149999998,-0.17289793500000003,1.0084622963537286,752.1280844230204,1157.1226496994675
lambda_a_free[75],0.5307342055775,0.53086515,0.014292040502349628,0.014561155748999957,0.507645199,0.5544357855,1.0052119040333234,685.7047540857817,1365.402361388565
lambda_a_free[76],0.41192124088,0.41189494,0.012092923753273605,0.012149566001999984,0.392158923,0.4323140955,1.0034940591239199,701.4576335484783,1633.7400411432945
lambda_a_free[77],0.12254214694075,0.12245568500000001,0.010016160837495944,0.009970003154999978,0.10631364100000001,0.13912719499999998,1.003467797160349,1334.4896355670296,2440.8882359706045
lambda_a_free[78],0.2924831366575,0.29234255,0.011707363105363168,0.01138221671999995,0.27345118999999996,0.31205156349999996,1.0034399218230907,907.7272616018546,1923.5733608311207
lambda_a_free[79],-0.08019931339625,-0.08034129649999999,0.010807220906392734,0.010825157198100007,-0.09798869025,-0.0623179279,1.004704220185752,1400.722262784325,2253.6270717105854
lambda_a_free[80],-0.2409562912475,-0.240967325,0.013476105728830687,0.013312206096000012,-0.263129124,-0.219134349,1.0003632862910241,1996.6549502036992,2752.2836174089434
lambda_a_free[81],0.36168170056,0.36148359,0.011088897643452597,0.010973626986000004,0.3435546515,0.380239422,1.002861833578921,896.0444142577052,1867.124922673688
lambda_a_free[82],0.1577528851975,0.15771884,0.009485494018915304,0.009441256103999986,0.14216714349999998,0.1728039665,1.0046939657200724,1328.6406779415224,2392.2935523314727
lambda_a_free[83],0.065278076664,0.065292233,0.013616931395348529,0.013696427075100003,0.04334244335,0.08734574564999999,1.0085138112016212,732.6954217267169,1349.5010710136337
lambda_a_free[84],-0.3166080982125,-0.31650062,0.013713972711307065,0.013947099893999972,-0.3393638625,-0.2942710495,1.0038171137150733,767.8801743189063,1592.6061237758674
lambda_a_free[85],-0.1515584963575,-0.151392195,0.009224560611358595,0.009220052184000004,-0.166709347,-0.13664014400000002,1.0021666286958553,1266.5388396412693,2474.947033774312
lambda_a_free[86],0.0252689790967625,0.025164952499999997,0.010510675925592487,0.010675946851499996,0.007887776125,0.042240744399999974,1.003838374313933,1231.7804473478793,2528.95368481052
lambda_a_free[87],-0.246542345545,-0.24657221499999998,0.015908459398711824,0.015979877928,-0.27266236850000003,-0.220789179,1.0091356600945418,541.043458963048,931.7179116298878
lambda_a_free[88],-0.1306503858335,-0.13068911,0.012399054851953516,0.012294957170999998,-0.15152953700000002,-0.109748078,1.002004653857446,2057.3284707822245,2829.152144505966
lambda_a_free[89],-0.09343777182525,-0.093350486,0.01241122399435037,0.012297174399299992,-0.11408648149999999,-0.07302815905,1.007878410042949,656.581674431572,1141.096406894053
lambda_a_free[90],0.2192378862375,0.219171105,0.0108971468062605,0.010645030934999987,0.20104225750000002,0.23719743799999998,1.0007109939808814,1443.9334180694811,2406.0282973774456
lambda_a_free[91],0.016463790763333826,0.016422028499999998,0.012510966282073875,0.012322318554000001,-0.004072064025,0.03676672569999998,1.0036270373563236,1134.7319558805984,2053.448069649107
lambda_a_free[92],0.4385937986525,0.43834551,0.013456629518172844,0.013430020904999972,0.416634556,0.460544759,1.0019906874459856,766.8161863751762,1229.9766531419777
lambda_a_free[93],3.383755889942248e-4,4.73665195e-4,0.010848665058105047,0.010713753744539999,-0.01739553905,0.018329297399999996,1.0054095960468086,772.8121303335399,1144.9139239746505
lambda_a_free[94],-0.1837946171725,-0.18378496,0.01083533939065019,0.010945502063999994,-0.20145476899999998,-0.166234686,1.001732957888665,2046.232882871686,3201.3675180287355
lambda_a_free[95],-0.346902609115,-0.34675978,0.009947889041067836,0.009978172281,-0.36338251250000003,-0.3304810285,1.0034722154310256,829.9690770791084,1970.246744472761
lambda_a_free[96],0.0212949273045435,0.021227743,0.011809044377384257,0.0116109789348,0.00166951382,0.04078721799999998,1.0041724145461937,918.9785584634446,2011.6827439232836
lambda_a_free[97],-0.12978438091825,-0.129902445,0.010972509561799638,0.010656172674000007,-0.147365188,-0.111562083,1.0029670013654228,1659.1575270758408,2624.184110441588
lambda_a_free[98],-0.08939441231875,-0.089442966,0.010885879263652917,0.010756206661199995,-0.1077544695,-0.07179516925,1.000643735418785,3057.7719782368104,2920.474946196809
lambda_a_free[99],-0.12723858500175,-0.12710558,0.011281370850845117,0.011017615727999997,-0.145889939,-0.108475214,1.005478042165679,840.2230754769139,1391.670876527077
lambda_a_free[100],-0.30308364334,-0.303137425,0.01558252897091035,0.015261417380999995,-0.3285237935,-0.27760740300000003,1.011190006327895,604.9189808853349,1312.8349384933165
lambda_a_free[101],0.22491378828,0.224791835,0.010925534397530799,0.011092531505999988,0.207202786,0.24277314049999998,1.0028219938469187,981.0047621780877,1601.8626925041926
lambda_a_free[102],0.138693059585,0.13866951500000002,0.010501531450185961,0.010436199312000015,0.1210747265,0.15582061749999998,1.00160987615494,1513.1436345791321,2367.7435476914384
lambda_b_diag[1],0.4671042518375,0.47264654,0.21513066236641373,0.29774070612299997,0.171751306,0.786330527,1.7237614313210918,6.188996589123525,143.1467020198773
lambda_b_free[1],0.006809318976810095,-4.2664677e-4,0.18266060480322577,0.25075212054979795,-0.241916168,0.2611501499999999,1.7327223008707595,6.129368439548904,110.31743278095357
lambda_b_free[2],-0.008337149286499701,-0.051757595000000003,0.5382338402109763,0.7880399805810001,-0.6858070005,0.6536431935,1.736624067900516,6.170973432297151,142.2404635345096
lambda_b_free[3],0.00816855806161562,0.0057974771,0.14190771096791335,0.1495258394322,-0.21252205849999997,0.2491245485,1.2826062749985894,10.851865396116013,250.32876151317836
lambda_b_free[4],-0.0024542150632396735,-0.0019526928,0.06298626041628554,0.0587178325923,-0.106185417,0.09748998124999997,1.0039090554098222,1244.510454214507,2181.1349060004472
lambda_b_free[5],-0.00608690272672974,-0.0063108407,0.06557064445332486,0.07629248181239999,-0.1102939865,0.09497950099999997,1.4985782416580533,7.494622798210523,136.72956797218814
lambda_b_free[6],0.00783691827690714,0.0072062475,0.1065587950413385,0.12491469870599999,-0.15560928799999998,0.1781812919999999,1.5308965168049358,7.23593941214099,136.43474518692213
lambda_b_free[7],-0.0011002280602363946,-0.016133834,0.22688263686576576,0.279666626043,-0.336091899,0.35886513299999995,1.6222170311134891,6.657767110402062,164.81759344485522
lambda_b_free[8],0.007378087428722511,8.02980275e-4,0.16853871692422878,0.194387978127,-0.2469932125,0.28469611949999996,1.4490265261755788,8.018243375060733,230.9989807762681
lambda_b_free[9],-0.003287605401800015,0.0024266797499999998,0.3488820308457397,0.49479586682399995,-0.4731062035,0.45110859499999995,1.7326858175955584,6.1595517442627425,313.8124017296157
lambda_b_free[10],-0.0016064260440650565,1.6152528499999998e-4,0.10964377847359372,0.11019648044204099,-0.184488803,0.1747078324999999,1.2369966125476775,12.840372266872734,446.46347587348316
lambda_b_free[11],0.008195880385675142,-6.324447500000001e-4,0.2467766551540259,0.341200975353,-0.3262685335,0.3486451274999999,1.733446006495961,6.154760258055193,156.3140392596222
lambda_b_free[12],-0.010232885725485056,-0.00283549835,0.14264394042255152,0.18652151995029,-0.223402734,0.1943149795,1.7081785129564708,6.243860835073187,146.49755327954736
lambda_b_free[13],0.018322775257899195,0.0151446275,0.2574421466439879,0.33881195077799997,-0.35617739600000003,0.40198832549999985,1.6930431118288483,6.3167348746426555,151.5636828050355
lambda_b_free[14],0.0013216620966833837,0.00216115405,0.08642059897515988,0.10912982782316999,-0.1321470955,0.12623347399999998,1.6878085620260201,6.361932283866244,164.23336713920466
lambda_b_free[15],0.017784885655575396,0.014651579000000001,0.24819843211025241,0.3299267008086,-0.3452737175,0.3820984045,1.6992083159208065,6.270549107851594,157.3070564807782
lambda_b_free[16],-0.011215205983115073,-0.0042099874,0.18468285585658445,0.21468288922499998,-0.3044392475,0.2676468374999999,1.5744528102076867,6.909260765152141,203.97666029166962
lambda_b_free[17],-0.0013764216593501173,-0.0022128252499999997,0.28236305172766946,0.401455477626,-0.3838044275,0.37271153749999997,1.7351681306507352,6.115655268799297,150.79704034665167
lambda_b_free[18],0.022783583655004953,0.0034019761500000004,0.39749862711262385,0.562112408025,-0.5025747345,0.5542178255,1.733829019696434,6.1354412120539346,155.5023035267408
lambda_b_free[19],0.0049765168115928635,-0.0262593135,0.2896389838867555,0.402477107634,-0.3735120755,0.4065128745,1.7345194925017353,6.1427876697278645,141.79182255877095
lambda_b_free[20],-8.896629512093554e-4,-0.0011109211,0.14423420813982588,0.13912799038614002,-0.23842598799999998,0.228619353,1.0021924740888744,1656.08894088507,1910.3455307746085
lambda_b_free[21],0.01026163080589728,0.0069722731,0.17242703142486349,0.22233263079299997,-0.24123307149999998,0.27011597299999995,1.693087958524958,6.311174459153083,176.52044573766517
lambda_b_free[22],0.004511590294795399,0.00583708105,0.1179676603374632,0.11790443216999999,-0.191281802,0.19234385749999997,1.1407241946645692,20.128842576043297,593.5283654344871
lambda_b_free[23],-0.0035720059025791764,-0.00102274083,0.08878800814355373,0.0885281253465,-0.1519581205,0.13690908299999988,1.180299741162953,15.688936503879905,307.43872950012485
lambda_b_free[24],0.018384994056000435,-0.012807857999999998,0.3280851524589898,0.47469238903800004,-0.37471177699999997,0.41265408849999985,1.7379475099973214,6.129360582176864,177.61818110984495
lambda_b_free[25],0.004224653057272094,7.7819673e-4,0.18680786422705484,0.231823301955,-0.276584891,0.2906497679999999,1.64749500223216,6.557103299929914,155.4499080453463
lambda_b_free[26],0.01027320191154433,0.0045359111,0.17090463653041496,0.22112486939886,-0.23795131400000002,0.26533396249999996,1.684994002555705,6.332113700228266,124.91719159992368
lambda_b_free[27],-0.01096047009371748,-0.005295693,0.11618153600881205,0.1176090493242,-0.2041175275,0.17410782199999997,1.25155111059467,11.86112337145649,161.28541959338838
lambda_b_free[28],-0.0030128437241924125,0.010700129650000001,0.11556308851771968,0.1506842600466,-0.175980556,0.1567861735,1.7245741844629072,6.176867117747354,190.27336532392474
lambda_b_free[29],0.011109483712487676,-0.0018745598,0.21406382813342248,0.289904297802,-0.2858406985,0.3161530105,1.7311167000632905,6.168587394724946,116.92346611219098
lambda_b_free[30],0.007234011052599702,0.026019053,0.25878369384234,0.35394270662099997,-0.3596511405,0.36646028699999994,1.7279541064377564,6.161445433887965,164.15729418313842
lambda_b_free[31],-0.008386979057949587,0.0018700656,0.3038479421658452,0.43736691104399994,-0.395293684,0.37289231399999995,1.7352648347471653,6.124360477251418,117.80382690337024
lambda_b_free[32],8.593450083891922e-4,-0.00269055955,0.18667243633720756,0.22570347756599998,-0.2739122025,0.2973205175,1.5566412791169058,7.010697890049884,111.57919621135096
lambda_b_free[33],-0.011448131842142786,0.0023549997,0.2823173625430609,0.38636189753322003,-0.41307675650000003,0.38557615399999984,1.7214968864569933,6.22621690769517,234.38449112924695
lambda_b_free[34],0.009069605678750219,0.0082289292,0.1987364299844085,0.28166942590499994,-0.25006666149999995,0.2704916669999999,1.7356109024311848,6.143347706426992,156.74302695004752
lambda_b_free[35],-0.0011620417925150063,-5.9898255e-4,0.1272607623043098,0.11718514588892999,-0.2112272705,0.20762725549999986,1.0421508428027544,90.21116634432434,1176.7772017327252
lambda_b_free[36],-0.004350837316952393,-0.002196535,0.2509416030332664,0.341785127166,-0.3629592305,0.3400837629999999,1.7332717853802635,6.140520228853252,145.30507480094195
lambda_b_free[37],-0.009719288295590192,0.0215061905,0.2713211149024208,0.38774922610199997,-0.36231749950000003,0.3367616264999999,1.738844591302919,6.1036115004820966,118.44839667934386
lambda_b_free[38],-0.003245298024755035,0.0011391581,0.14928504884549496,0.14821177561805998,-0.251581774,0.23606434499999993,1.0965603352521587,30.256219040396168,1448.5439728376066
lambda_b_free[39],0.0069070912901460025,0.0013216876,0.13968477735443918,0.16860257312975999,-0.20552331799999998,0.224601369,1.6281589522943212,6.649123973597858,140.84473675014712
lambda_b_free[40],0.0036371434026725396,-0.00174541015,0.1262378771976728,0.1461483231831,-0.1861664275,0.20402805649999978,1.5400831093626506,7.168372751410984,169.23069281404375
lambda_b_free[41],-0.008860015319828225,8.78582095e-4,0.22711208609332093,0.302978672619,-0.3391193325,0.3151803389999998,1.7128789106700777,6.214339913406099,149.48516238817555
lambda_b_free[42],0.008924668598593014,0.00771325835,0.14491395167835147,0.15505584306470999,-0.21894225399999998,0.24442516149999996,1.3441112612930328,9.546371327003717,424.67389713776714
lambda_b_free[43],-0.013814003556999702,-0.009394563000000002,0.32681580089571316,0.4716108019728,-0.426944079,0.3884782955,1.737069621498013,6.1258248834043805,191.4333333670547
lambda_b_free[44],0.008262761266605616,0.00466399925,0.11164936724642406,0.1329509948655,-0.15848984549999998,0.18630344949999977,1.5948418094253969,6.803805466888833,171.30519822263477
lambda_b_free[45],-0.002706139823153659,-0.0048968043,0.06425689910330423,0.06173918087819999,-0.103982828,0.10762643049999994,1.0776304703531754,37.843668927213905,1102.7642795903982
lambda_b_free[46],0.008806691812516098,0.0055167771,0.10520315587029173,0.11260246924499999,-0.155674765,0.17808236149999992,1.3732256005993788,9.042691135685246,237.3637762158206
lambda_b_free[47],-0.0071803580654857795,-0.0040166515,0.08935419775704524,0.09905160087270001,-0.1515942425,0.13263604599999995,1.398004045032941,8.608375420703302,244.93274994112255
lambda_b_free[48],0.0018778411120540016,-5.46650765e-4,0.06055624011386148,0.05681148885528899,-0.0935371126,0.1045789594999999,1.0867694487798572,35.300621331848404,863.8753547369928
lambda_b_free[49],-0.04177584076645091,0.0087475071,0.7132142933403474,1.044303580299,-0.917167165,0.824446775,1.7357312686973396,6.123124510177369,163.41595115023
lambda_b_free[50],0.007638009141146789,-9.266239e-4,0.1803395195672893,0.18960304229999997,-0.2809265005,0.3175626875,1.309029528295208,10.263094096996399,241.23822348520187
lambda_b_free[51],0.007477339938272527,0.031125747000000002,0.24425141894463565,0.333922676976,-0.34617876549999993,0.3397193239999998,1.7349787765785114,6.216650997936143,173.80267903536014
lambda_b_free[52],2.220748749270368e-4,0.00192740985,0.05519316767226136,0.062336428496999996,-0.0888417963,0.08509185749999999,1.4867890922872222,7.653439340100685,245.78138268048053
"Lambda_a[1,1]",0.23722873307265008,0.221937408,0.22108719034150415,0.31229039470229997,0.0129339729,0.475704069,1.7325289990351027,6.1271896151562775,129.44195052776442
"Lambda_a[2,1]",0,0,0,0,0,0,NA,NA,NA
"Lambda_a[3,1]",3.3885855999995346e-4,-0.0019359850000000012,0.1920318444772695,0.284071779054,-0.2052838465,0.20647809250000002,1.735294300535815,6.139399502825483,142.4186185829149
"Lambda_a[4,1]",-0.0013602447552499817,0.005635669000000001,0.06658996104105261,0.09715555858889999,-0.0807347945,0.0775359169,1.736689908056673,6.130225090599664,142.67051353059333
"Lambda_a[5,1]",7.078695699999449e-4,-0.0012736900000000079,0.21631253824385832,0.320546118627,-0.23305292249999998,0.23387813249999997,1.7351144513579668,6.120374314186349,137.42401694709616
"Lambda_a[6,1]",-7.803503349998589e-4,-5.901900000000043e-4,0.24749312100278528,0.366440135061,-0.265354178,0.26180024649999994,1.7331126487585338,6.13408975476018,166.2300964649569
"Lambda_a[7,1]",-8.910334575000542e-4,5.288749999999981e-4,0.1446185664367132,0.213198532344,-0.160323659,0.15837866899999997,1.7336194491647328,6.12640013521284,129.6872025586219
"Lambda_a[8,1]",0.0011598760778675113,6.44073705e-4,0.02601543768870459,0.03542267505419999,-0.035398494700000005,0.03888674174999999,1.7318479523656105,6.124814828658971,120.67249797551894
"Lambda_a[9,1]",9.620322575000093e-4,-0.0035243950000000066,0.14017092643842455,0.20719214909400002,-0.1529560955,0.15563574099999997,1.736364376486603,6.125501334908395,110.30357607208263
"Lambda_a[10,1]",-5.45457436429469e-5,1.74723005e-4,0.01378617755216071,0.014938947366482998,-0.0223654063,0.02216739405,1.3920994349032099,8.536052517868109,149.4322273397967
"Lambda_a[11,1]",3.535844622500108e-4,-4.655285000000004e-4,0.04421239839311784,0.06417403039530001,-0.05420509365,0.055188153399999995,1.7339174786740799,6.101701784706014,135.44275025706634
"Lambda_a[12,1]",6.836245750001833e-5,-6.527500000000352e-5,0.1897217058072243,0.280582116717,-0.20303213499999997,0.20308276849999998,1.7338464667406315,6.121877026277149,136.5642346638418
"Lambda_a[13,1]",4.0809951500004265e-4,0.0010188200000000036,0.23322156687377507,0.344727828711,-0.2486260935,0.249336081,1.7343366885477938,6.1111909847066785,121.01001264900158
"Lambda_a[14,1]",0.002350297757500111,0.002044244999999986,0.2844812958787494,0.421275756573,-0.29882880650000004,0.30395022199999994,1.7350122697630213,6.130186416330896,122.31396907481536
"Lambda_a[15,1]",-3.889569217501089e-4,0.0028439120000000005,0.09408709647107238,0.138376106253,-0.10892727999999999,0.10741308999999999,1.732454271103766,6.137822091637085,128.89518145986258
"Lambda_a[16,1]",-0.0011588790799999882,6.14774999999998e-4,0.15070374036015935,0.222345351501,-0.167527705,0.1634195905,1.7357659664630936,6.116277380824093,154.21310170303056
"Lambda_a[17,1]",-8.020149375001503e-4,-0.0021649049999999948,0.17504981570068975,0.25907269676399997,-0.1868660925,0.18643063049999997,1.734654881613156,6.107239172693298,141.4622799121379
"Lambda_a[18,1]",0.0021135948925000056,7.437500000000014e-4,0.18521395166199328,0.273943360089,-0.1984681035,0.202967296,1.732299204656018,6.134511917372072,165.7677556321353
"Lambda_a[19,1]",9.54516727500021e-4,-1.0280499999999748e-4,0.16501526640990138,0.24382348118099997,-0.17718001899999997,0.17900667399999998,1.7355569389594665,6.138661393331889,147.2957620936321
"Lambda_a[20,1]",2.3506664000002309e-4,0.0018724599999999994,0.13712428033704638,0.20260361328899998,-0.14915404399999999,0.149801915,1.7334740539412812,6.114185048384022,140.1510558615481
"Lambda_a[21,1]",-0.002530018552499805,0.004422505000000021,0.4821101549125162,0.714210725991,-0.504708758,0.5006574859999999,1.735764410440575,6.1242364068271655,137.4072016370062
"Lambda_a[22,1]",2.0218371500004025e-4,0.0015989900000000085,0.20005769311507057,0.29544057824399994,-0.2167165225,0.21690618699999997,1.7341908928506147,6.139399308511172,137.20031350967895
"Lambda_a[23,1]",-4.5505531724991953e-4,-0.0038012724999999976,0.09951626563970059,0.1464449528955,-0.113912117,0.1131152975,1.737854579502132,6.112484178701344,157.32921931572972
"Lambda_a[24,1]",-0.0014381678689999703,-0.0018479939999999986,0.12233342458427718,0.180139495305,-0.139122458,0.136118336,1.7369888176241306,6.1136913058305185,132.38431754746324
"Lambda_a[25,1]",-3.548432425000647e-4,0.0014233599999999985,0.21002581340752405,0.311070844266,-0.22415148899999998,0.22423042449999997,1.7380841661351212,6.144287185714967,106.72673407929767
"Lambda_a[26,1]",-0.0014180364982500204,-0.003649413500000004,0.12313846080650967,0.1815798389811,-0.141314949,0.13760709599999998,1.7371848347259047,6.116045300667618,114.45488781950974
"Lambda_a[27,1]",-0.0013283031297500324,-7.930239999999998e-4,0.0947948987056987,0.1392717923562,-0.1104001075,0.10778031149999998,1.7352048859459528,6.12315792876304,143.3420347228419
"Lambda_a[28,1]",-9.387135509999143e-5,0.0029761513000000003,0.04907147709832957,0.07113275360099999,-0.0614193931,0.0612175906,1.7343242651341835,6.156516388615593,202.27879384633366
"Lambda_a[29,1]",-0.001769707658499999,-0.001676127500000001,0.06574162954282221,0.0959925196755,-0.0815849212,0.07754914545,1.733575159016574,6.169196734330125,277.8949298254239
"Lambda_a[30,1]",0.001888498264500083,0.0059684505,0.13100358438301998,0.19373802852599997,-0.14317213950000002,0.1466819875,1.7358177117778175,6.14762570439007,132.59435577086953
"Lambda_a[31,1]",7.076987613999673e-5,-3.1831903500000004e-4,0.028576925695812477,0.037175759805009,-0.04259903815,0.04314529779999999,1.7016977609100115,6.2360846846154026,148.4650516228354
"Lambda_a[32,1]",-0.0011635091024999838,-0.006220465,0.03960041084831637,0.0558974833536,-0.0530271216,0.05111887014999999,1.7353388339144564,6.121279021758966,118.31544286959125
"Lambda_a[33,1]",-1.140543692501215e-4,-0.0028437010000000006,0.09408227005730072,0.13831554723210002,-0.10577100799999999,0.10588117699999999,1.7324402701339379,6.126013976680295,124.13742691339938
"Lambda_a[34,1]",0.0023154107724998006,0.003813570000000016,0.3445524138704526,0.510142637487,-0.358287604,0.363714239,1.7341861835485792,6.143761856567488,131.04268969927216
"Lambda_a[35,1]",0.0016413138549999122,-0.002339279999999999,0.25283128106565783,0.3741405000059999,-0.2675108605,0.27131120799999997,1.7359389272915957,6.154703813054456,127.54420626911885
"Lambda_a[36,1]",8.99132254750027e-4,0.0019968144999999993,0.13657217558642692,0.2018772586383,-0.14768321650000002,0.14894417799999998,1.7342090348367891,6.118531481619989,112.28182106602574
"Lambda_a[37,1]",-4.2343814250012297e-4,-0.002094684999999999,0.17851705506066434,0.263685109842,-0.19315218499999998,0.1928649805,1.734416357486947,6.098681227224155,130.2463458489637
"Lambda_a[38,1]",-0.001193012852499651,0.002870745000000008,0.33835844163654516,0.5006487120180001,-0.3595519565,0.35586338449999994,1.7346435278645138,6.135905965843425,128.51581215448115
"Lambda_a[39,1]",0.0011718243158249935,-0.0011882015,0.04828039805991234,0.0689858487255,-0.06090446755,0.0654191589,1.7367388008820823,6.128991404562496,126.23429828987818
"Lambda_a[40,1]",-0.001749705575000127,0.001177789999999998,0.2681942371569208,0.39651518755799997,-0.284440396,0.2808023865,1.7346428125724016,6.129529769929878,121.31663950150492
"Lambda_a[41,1]",-7.551208698687548e-4,-0.0018434002500000001,0.026146824579334947,0.0348835698183,-0.0385803399,0.0376766773,1.726725632642755,6.186384714706235,150.3241944313098
"Lambda_a[42,1]",5.67803807499941e-4,0.001448824999999987,0.26804913858457563,0.39669705809999994,-0.282864013,0.28494755800000005,1.733631742096252,6.124710616293837,125.0946291808495
"Lambda_a[43,1]",-2.4191675275001746e-4,-0.0029887664999999966,0.11137891246198127,0.16390894455809998,-0.1276926605,0.12752800549999999,1.7381124242638557,6.151387248044794,133.3250771526037
"Lambda_a[44,1]",0.0010931501225001322,0.00277759499999998,0.283602492923973,0.4202504200649999,-0.2957065535,0.297834871,1.7328474109232537,6.1183339664033065,116.71379117810702
"Lambda_a[45,1]",4.029652044635034e-4,-3.6522279999999996e-4,0.020328861145662673,0.024972611653079995,-0.03049234415,0.032230077749999995,1.6643123056011027,6.385449384588334,126.66294448869313
"Lambda_a[46,1]",1.433189282057518e-4,4.20849775e-4,0.012288465310526811,0.013035237105135,-0.02020871085,0.02008126759999999,1.3308225178684499,9.592216102201357,180.8472086071394
"Lambda_a[47,1]",-7.379948500005854e-5,-8.06925e-4,0.2508714608673836,0.37162828619700006,-0.2654441745,0.2648666895,1.7329498369881668,6.163895924335587,153.03213323157672
"Lambda_a[48,1]",-3.291611685000066e-4,-0.0024657475000000005,0.05758222897601278,0.083411572671,-0.07107653605,0.06996961155,1.7335481451479022,6.128727311664306,128.19998493852407
"Lambda_a[49,1]",-3.355518547500244e-4,-0.0030809935000000004,0.0952134627108393,0.1402427745243,-0.10933517150000001,0.1082487075,1.7349594837495572,6.111054710452218,115.92931573292734
"Lambda_a[50,1]",0.0011890261800001,0.0011001149999999987,0.2376888635537919,0.35172232038299994,-0.250115249,0.252733275,1.7331810559943759,6.140065713571722,143.42692604706923
"Lambda_a[51,1]",-6.83152882500025e-4,-0.0012607400000000102,0.3528576511755978,0.523044682293,-0.37182179900000006,0.371170133,1.736014479504117,6.175782141045865,113.12785909114803
"Lambda_a[52,1]",-0.0015189960224999547,-5.275999999999892e-5,0.16262579044030775,0.24031833308699999,-0.1770079295,0.174121433,1.7348096765372372,6.130247103938715,125.97533999413692
"Lambda_a[53,1]",-0.0010416881431352502,-0.00514293525,0.039283201700184116,0.056129078816999994,-0.05174645015,0.05117170044999999,1.7347059042892943,6.206739755649647,180.41428410349423
"Lambda_a[1,2]",0,0,0,0,0,0,NA,NA,NA
"Lambda_a[2,2]",0.826031035985,0.8256682,0.01837051308934266,0.018463388600999893,0.7964912215,0.8563951699999999,1.0063800054228749,473.84727420960587,1230.7441559825063
"Lambda_a[3,2]",0.2924213493075,0.29218675,0.01117217516415227,0.011231080475999999,0.27427705150000004,0.31077439749999997,1.009269579606568,630.709495432197,1191.5124478252078
"Lambda_a[4,2]",0.524158918735,0.52400564,0.011639416701878269,0.011827233935999984,0.5053281730000001,0.543716177,1.003045627147336,549.9775111910476,1212.3402673436708
"Lambda_a[5,2]",0.338417250015,0.338061265,0.014556268325838432,0.01446682532399998,0.31459643649999997,0.3624440795,1.0069033776020808,798.2426996060448,1330.5386585114434
"Lambda_a[6,2]",-0.1847916989475,-0.184675095,0.013079727892714854,0.012934180161000026,-0.20590612749999998,-0.163205183,1.0041563293074351,1128.0210754383459,2345.8012175743806
"Lambda_a[7,2]",-0.04736801284015,-0.0475529705,0.011804184146089358,0.0116641168014,-0.06660370245,-0.027955661200000006,1.00229184960086,1638.5504797806304,2438.0011412238373
"Lambda_a[8,2]",-0.322578484455,-0.322510615,0.01091328571472157,0.01074499523999998,-0.340492043,-0.30467164750000003,1.0019061845584492,947.2659372936283,2319.0809857791883
"Lambda_a[9,2]",-0.060924473619,-0.060961194999999996,0.01086604389337864,0.010928591528400006,-0.0788775105,-0.04245603500000002,1.0024587678881294,1190.96338262163,2502.588134484399
"Lambda_a[10,2]",-0.195821736465,-0.19572307,0.009753669056870038,0.009884071658999984,-0.21246187049999998,-0.1800777685,0.9994324673528578,1711.841116091723,2874.506443899429
"Lambda_a[11,2]",-0.057164216005,-0.0572463835,0.008464375364822084,0.008637020475299998,-0.07124551085,-0.04369176775,1.0009022269785528,3363.5785561203916,3283.9274643308445
"Lambda_a[12,2]",0.178303846125,0.17833182,0.010481458869435389,0.010519432475999988,0.16090251949999998,0.195437327,1.0070723013886627,855.2138894626972,1608.1495752094388
"Lambda_a[13,2]",0.1433162312275,0.143564285,0.012379399931880773,0.012562299602999993,0.1228476415,0.1634204045,1.0042050275988914,1002.1059891432188,1710.0711272677145
"Lambda_a[14,2]",-0.2317162069675,-0.23163314499999998,0.013797156273430668,0.013716792809999987,-0.2541814205,-0.20892696750000003,1.0067318093181787,763.1698257108046,1375.6352264233958
"Lambda_a[15,2]",-0.3491514487575,-0.349040645,0.011699509423683679,0.011703132902999958,-0.3691479205,-0.3299255575,1.004082541556115,808.3430664166713,2030.784222282728
"Lambda_a[16,2]",0.1444605346175,0.144488295,0.011486928084959758,0.01131901348200001,0.125413387,0.16304539049999997,1.001533919339071,1604.6852519702572,3025.8448288835893
"Lambda_a[17,2]",-0.02406486120519275,-0.024138786000000002,0.009053986122385298,0.008733480655200002,-0.03868871485,-0.008894149560000007,1.0027229335518286,1257.301085002201,2498.5289813670215
"Lambda_a[18,2]",0.011432382655321125,0.0114615465,0.012246067530584133,0.011999418652199998,-0.00914190683,0.03199450444999999,1.0033170158806568,1398.7634000582545,2504.7416502709575
"Lambda_a[19,2]",-0.297709867625,-0.29758556,0.01096188666787908,0.011039565620999987,-0.315900983,-0.28000540850000005,1.00368009915523,719.6111355987534,1337.7321095691464
"Lambda_a[20,2]",-0.12300009159175,-0.12288295,0.009737335008699246,0.00962749290299998,-0.13906884099999997,-0.1068734985,1.0031960241731868,1544.35218438976,2480.8523318502553
"Lambda_a[21,2]",0.08524430340175,0.085387825,0.017150153421974998,0.016715267543099994,0.0562307858,0.11334143749999999,1.007923593864307,611.3337366758539,644.6064191946116
"Lambda_a[22,2]",-0.05912836249475,-0.059113682,0.013238602830896968,0.013281327244499999,-0.08139132615000001,-0.03776661145,1.0013007005906855,1471.691636569016,2350.579448626777
"Lambda_a[23,2]",-0.3105042390475,-0.310478975,0.01151881028919667,0.011452847783999975,-0.3298782095,-0.29139434449999996,1.008832280233474,807.2636254039353,1941.330129876013
"Lambda_a[24,2]",0.29891438875,0.29882536000000004,0.012659342729195049,0.01272685337699994,0.27833205149999996,0.31991363500000003,1.0010349970217989,1230.1653276982322,2075.7160233764716
"Lambda_a[25,2]",-0.192450158855,-0.19253197500000002,0.012013535532524558,0.011980712687999977,-0.21210287149999998,-0.17289793500000003,1.0084622963537286,752.1280844230204,1157.1226496994675
"Lambda_a[26,2]",0.5307342055775,0.53086515,0.014292040502349628,0.014561155748999957,0.507645199,0.5544357855,1.0052119040333234,685.7047540857817,1365.402361388565
"Lambda_a[27,2]",0.41192124088,0.41189494,0.012092923753273605,0.012149566001999984,0.392158923,0.4323140955,1.0034940591239199,701.4576335484783,1633.7400411432945
"Lambda_a[28,2]",0.12254214694075,0.12245568500000001,0.010016160837495944,0.009970003154999978,0.10631364100000001,0.13912719499999998,1.003467797160349,1334.4896355670296,2440.8882359706045
"Lambda_a[29,2]",0.2924831366575,0.29234255,0.011707363105363168,0.01138221671999995,0.27345118999999996,0.31205156349999996,1.0034399218230907,907.7272616018546,1923.5733608311207
"Lambda_a[30,2]",-0.08019931339625,-0.08034129649999999,0.010807220906392734,0.010825157198100007,-0.09798869025,-0.0623179279,1.004704220185752,1400.722262784325,2253.6270717105854
"Lambda_a[31,2]",-0.2409562912475,-0.240967325,0.013476105728830687,0.013312206096000012,-0.263129124,-0.219134349,1.0003632862910241,1996.6549502036992,2752.2836174089434
"Lambda_a[32,2]",0.36168170056,0.36148359,0.011088897643452597,0.010973626986000004,0.3435546515,0.380239422,1.002861833578921,896.0444142577052,1867.124922673688
"Lambda_a[33,2]",0.1577528851975,0.15771884,0.009485494018915304,0.009441256103999986,0.14216714349999998,0.1728039665,1.0046939657200724,1328.6406779415224,2392.2935523314727
"Lambda_a[34,2]",0.065278076664,0.065292233,0.013616931395348529,0.013696427075100003,0.04334244335,0.08734574564999999,1.0085138112016212,732.6954217267169,1349.5010710136337
"Lambda_a[35,2]",-0.3166080982125,-0.31650062,0.013713972711307065,0.013947099893999972,-0.3393638625,-0.2942710495,1.0038171137150733,767.8801743189063,1592.6061237758674
"Lambda_a[36,2]",-0.1515584963575,-0.151392195,0.009224560611358595,0.009220052184000004,-0.166709347,-0.13664014400000002,1.0021666286958553,1266.5388396412693,2474.947033774312
"Lambda_a[37,2]",0.0252689790967625,0.025164952499999997,0.010510675925592487,0.010675946851499996,0.007887776125,0.042240744399999974,1.003838374313933,1231.7804473478793,2528.95368481052
"Lambda_a[38,2]",-0.246542345545,-0.24657221499999998,0.015908459398711824,0.015979877928,-0.27266236850000003,-0.220789179,1.0091356600945418,541.043458963048,931.7179116298878
"Lambda_a[39,2]",-0.1306503858335,-0.13068911,0.012399054851953516,0.012294957170999998,-0.15152953700000002,-0.109748078,1.002004653857446,2057.3284707822245,2829.152144505966
"Lambda_a[40,2]",-0.09343777182525,-0.093350486,0.01241122399435037,0.012297174399299992,-0.11408648149999999,-0.07302815905,1.007878410042949,656.581674431572,1141.096406894053
"Lambda_a[41,2]",0.2192378862375,0.219171105,0.0108971468062605,0.010645030934999987,0.20104225750000002,0.23719743799999998,1.0007109939808814,1443.9334180694811,2406.0282973774456
"Lambda_a[42,2]",0.016463790763333826,0.016422028499999998,0.012510966282073875,0.012322318554000001,-0.004072064025,0.03676672569999998,1.0036270373563236,1134.7319558805984,2053.448069649107
"Lambda_a[43,2]",0.4385937986525,0.43834551,0.013456629518172844,0.013430020904999972,0.416634556,0.460544759,1.0019906874459856,766.8161863751762,1229.9766531419777
"Lambda_a[44,2]",3.383755889942248e-4,4.73665195e-4,0.010848665058105047,0.010713753744539999,-0.01739553905,0.018329297399999996,1.0054095960468086,772.8121303335399,1144.9139239746505
"Lambda_a[45,2]",-0.1837946171725,-0.18378496,0.01083533939065019,0.010945502063999994,-0.20145476899999998,-0.166234686,1.001732957888665,2046.232882871686,3201.3675180287355
"Lambda_a[46,2]",-0.346902609115,-0.34675978,0.009947889041067836,0.009978172281,-0.36338251250000003,-0.3304810285,1.0034722154310256,829.9690770791084,1970.246744472761
"Lambda_a[47,2]",0.0212949273045435,0.021227743,0.011809044377384257,0.0116109789348,0.00166951382,0.04078721799999998,1.0041724145461937,918.9785584634446,2011.6827439232836
"Lambda_a[48,2]",-0.12978438091825,-0.129902445,0.010972509561799638,0.010656172674000007,-0.147365188,-0.111562083,1.0029670013654228,1659.1575270758408,2624.184110441588
"Lambda_a[49,2]",-0.08939441231875,-0.089442966,0.010885879263652917,0.010756206661199995,-0.1077544695,-0.07179516925,1.000643735418785,3057.7719782368104,2920.474946196809
"Lambda_a[50,2]",-0.12723858500175,-0.12710558,0.011281370850845117,0.011017615727999997,-0.145889939,-0.108475214,1.005478042165679,840.2230754769139,1391.670876527077
"Lambda_a[51,2]",-0.30308364334,-0.303137425,0.01558252897091035,0.015261417380999995,-0.3285237935,-0.27760740300000003,1.011190006327895,604.9189808853349,1312.8349384933165
"Lambda_a[52,2]",0.22491378828,0.224791835,0.010925534397530799,0.011092531505999988,0.207202786,0.24277314049999998,1.0028219938469187,981.0047621780877,1601.8626925041926
"Lambda_a[53,2]",0.138693059585,0.13866951500000002,0.010501531450185961,0.010436199312000015,0.1210747265,0.15582061749999998,1.00160987615494,1513.1436345791321,2367.7435476914384
"Lambda_b[1,1]",0.4671042518375,0.47264654,0.21513066236641373,0.29774070612299997,0.171751306,0.786330527,1.7237614313210918,6.188996589123525,143.1467020198773
"Lambda_b[2,1]",0.006809318976810095,-4.2664677e-4,0.18266060480322577,0.25075212054979795,-0.241916168,0.2611501499999999,1.7327223008707595,6.129368439548904,110.31743278095357
"Lambda_b[3,1]",-0.008337149286499701,-0.051757595000000003,0.5382338402109763,0.7880399805810001,-0.6858070005,0.6536431935,1.736624067900516,6.170973432297151,142.2404635345096
"Lambda_b[4,1]",0.00816855806161562,0.0057974771,0.14190771096791335,0.1495258394322,-0.21252205849999997,0.2491245485,1.2826062749985894,10.851865396116013,250.32876151317836
"Lambda_b[5,1]",-0.0024542150632396735,-0.0019526928,0.06298626041628554,0.0587178325923,-0.106185417,0.09748998124999997,1.0039090554098222,1244.510454214507,2181.1349060004472
"Lambda_b[6,1]",-0.00608690272672974,-0.0063108407,0.06557064445332486,0.07629248181239999,-0.1102939865,0.09497950099999997,1.4985782416580533,7.494622798210523,136.72956797218814
"Lambda_b[7,1]",0.00783691827690714,0.0072062475,0.1065587950413385,0.12491469870599999,-0.15560928799999998,0.1781812919999999,1.5308965168049358,7.23593941214099,136.43474518692213
"Lambda_b[8,1]",-0.0011002280602363946,-0.016133834,0.22688263686576576,0.279666626043,-0.336091899,0.35886513299999995,1.6222170311134891,6.657767110402062,164.81759344485522
"Lambda_b[9,1]",0.007378087428722511,8.02980275e-4,0.16853871692422878,0.194387978127,-0.2469932125,0.28469611949999996,1.4490265261755788,8.018243375060733,230.9989807762681
"Lambda_b[10,1]",-0.003287605401800015,0.0024266797499999998,0.3488820308457397,0.49479586682399995,-0.4731062035,0.45110859499999995,1.7326858175955584,6.1595517442627425,313.8124017296157
"Lambda_b[11,1]",-0.0016064260440650565,1.6152528499999998e-4,0.10964377847359372,0.11019648044204099,-0.184488803,0.1747078324999999,1.2369966125476775,12.840372266872734,446.46347587348316
"Lambda_b[12,1]",0.008195880385675142,-6.324447500000001e-4,0.2467766551540259,0.341200975353,-0.3262685335,0.3486451274999999,1.733446006495961,6.154760258055193,156.3140392596222
"Lambda_b[13,1]",-0.010232885725485056,-0.00283549835,0.14264394042255152,0.18652151995029,-0.223402734,0.1943149795,1.7081785129564708,6.243860835073187,146.49755327954736
"Lambda_b[14,1]",0.018322775257899195,0.0151446275,0.2574421466439879,0.33881195077799997,-0.35617739600000003,0.40198832549999985,1.6930431118288483,6.3167348746426555,151.5636828050355
"Lambda_b[15,1]",0.0013216620966833837,0.00216115405,0.08642059897515988,0.10912982782316999,-0.1321470955,0.12623347399999998,1.6878085620260201,6.361932283866244,164.23336713920466
"Lambda_b[16,1]",0.017784885655575396,0.014651579000000001,0.24819843211025241,0.3299267008086,-0.3452737175,0.3820984045,1.6992083159208065,6.270549107851594,157.3070564807782
"Lambda_b[17,1]",-0.011215205983115073,-0.0042099874,0.18468285585658445,0.21468288922499998,-0.3044392475,0.2676468374999999,1.5744528102076867,6.909260765152141,203.97666029166962
"Lambda_b[18,1]",-0.0013764216593501173,-0.0022128252499999997,0.28236305172766946,0.401455477626,-0.3838044275,0.37271153749999997,1.7351681306507352,6.115655268799297,150.79704034665167
"Lambda_b[19,1]",0.022783583655004953,0.0034019761500000004,0.39749862711262385,0.562112408025,-0.5025747345,0.5542178255,1.733829019696434,6.1354412120539346,155.5023035267408
"Lambda_b[20,1]",0.0049765168115928635,-0.0262593135,0.2896389838867555,0.402477107634,-0.3735120755,0.4065128745,1.7345194925017353,6.1427876697278645,141.79182255877095
"Lambda_b[21,1]",-8.896629512093554e-4,-0.0011109211,0.14423420813982588,0.13912799038614002,-0.23842598799999998,0.228619353,1.0021924740888744,1656.08894088507,1910.3455307746085
"Lambda_b[22,1]",0.01026163080589728,0.0069722731,0.17242703142486349,0.22233263079299997,-0.24123307149999998,0.27011597299999995,1.693087958524958,6.311174459153083,176.52044573766517
"Lambda_b[23,1]",0.004511590294795399,0.00583708105,0.1179676603374632,0.11790443216999999,-0.191281802,0.19234385749999997,1.1407241946645692,20.128842576043297,593.5283654344871
"Lambda_b[24,1]",-0.0035720059025791764,-0.00102274083,0.08878800814355373,0.0885281253465,-0.1519581205,0.13690908299999988,1.180299741162953,15.688936503879905,307.43872950012485
"Lambda_b[25,1]",0.018384994056000435,-0.012807857999999998,0.3280851524589898,0.47469238903800004,-0.37471177699999997,0.41265408849999985,1.7379475099973214,6.129360582176864,177.61818110984495
"Lambda_b[26,1]",0.004224653057272094,7.7819673e-4,0.18680786422705484,0.231823301955,-0.276584891,0.2906497679999999,1.64749500223216,6.557103299929914,155.4499080453463
"Lambda_b[27,1]",0.01027320191154433,0.0045359111,0.17090463653041496,0.22112486939886,-0.23795131400000002,0.26533396249999996,1.684994002555705,6.332113700228266,124.91719159992368
"Lambda_b[28,1]",-0.01096047009371748,-0.005295693,0.11618153600881205,0.1176090493242,-0.2041175275,0.17410782199999997,1.25155111059467,11.86112337145649,161.28541959338838
"Lambda_b[29,1]",-0.0030128437241924125,0.010700129650000001,0.11556308851771968,0.1506842600466,-0.175980556,0.1567861735,1.7245741844629072,6.176867117747354,190.27336532392474
"Lambda_b[30,1]",0.011109483712487676,-0.0018745598,0.21406382813342248,0.289904297802,-0.2858406985,0.3161530105,1.7311167000632905,6.168587394724946,116.92346611219098
"Lambda_b[31,1]",0.007234011052599702,0.026019053,0.25878369384234,0.35394270662099997,-0.3596511405,0.36646028699999994,1.7279541064377564,6.161445433887965,164.15729418313842
"Lambda_b[32,1]",-0.008386979057949587,0.0018700656,0.3038479421658452,0.43736691104399994,-0.395293684,0.37289231399999995,1.7352648347471653,6.124360477251418,117.80382690337024
"Lambda_b[33,1]",8.593450083891922e-4,-0.00269055955,0.18667243633720756,0.22570347756599998,-0.2739122025,0.2973205175,1.5566412791169058,7.010697890049884,111.57919621135096
"Lambda_b[34,1]",-0.011448131842142786,0.0023549997,0.2823173625430609,0.38636189753322003,-0.41307675650000003,0.38557615399999984,1.7214968864569933,6.22621690769517,234.38449112924695
"Lambda_b[35,1]",0.009069605678750219,0.0082289292,0.1987364299844085,0.28166942590499994,-0.25006666149999995,0.2704916669999999,1.7356109024311848,6.143347706426992,156.74302695004752
"Lambda_b[36,1]",-0.0011620417925150063,-5.9898255e-4,0.1272607623043098,0.11718514588892999,-0.2112272705,0.20762725549999986,1.0421508428027544,90.21116634432434,1176.7772017327252
"Lambda_b[37,1]",-0.004350837316952393,-0.002196535,0.2509416030332664,0.341785127166,-0.3629592305,0.3400837629999999,1.7332717853802635,6.140520228853252,145.30507480094195
"Lambda_b[38,1]",-0.009719288295590192,0.0215061905,0.2713211149024208,0.38774922610199997,-0.36231749950000003,0.3367616264999999,1.738844591302919,6.1036115004820966,118.44839667934386
"Lambda_b[39,1]",-0.003245298024755035,0.0011391581,0.14928504884549496,0.14821177561805998,-0.251581774,0.23606434499999993,1.0965603352521587,30.256219040396168,1448.5439728376066
"Lambda_b[40,1]",0.0069070912901460025,0.0013216876,0.13968477735443918,0.16860257312975999,-0.20552331799999998,0.224601369,1.6281589522943212,6.649123973597858,140.84473675014712
"Lambda_b[41,1]",0.0036371434026725396,-0.00174541015,0.1262378771976728,0.1461483231831,-0.1861664275,0.20402805649999978,1.5400831093626506,7.168372751410984,169.23069281404375
"Lambda_b[42,1]",-0.008860015319828225,8.78582095e-4,0.22711208609332093,0.302978672619,-0.3391193325,0.3151803389999998,1.7128789106700777,6.214339913406099,149.48516238817555
"Lambda_b[43,1]",0.008924668598593014,0.00771325835,0.14491395167835147,0.15505584306470999,-0.21894225399999998,0.24442516149999996,1.3441112612930328,9.546371327003717,424.67389713776714
"Lambda_b[44,1]",-0.013814003556999702,-0.009394563000000002,0.32681580089571316,0.4716108019728,-0.426944079,0.3884782955,1.737069621498013,6.1258248834043805,191.4333333670547
"Lambda_b[45,1]",0.008262761266605616,0.00466399925,0.11164936724642406,0.1329509948655,-0.15848984549999998,0.18630344949999977,1.5948418094253969,6.803805466888833,171.30519822263477
"Lambda_b[46,1]",-0.002706139823153659,-0.0048968043,0.06425689910330423,0.06173918087819999,-0.103982828,0.10762643049999994,1.0776304703531754,37.843668927213905,1102.7642795903982
"Lambda_b[47,1]",0.008806691812516098,0.0055167771,0.10520315587029173,0.11260246924499999,-0.155674765,0.17808236149999992,1.3732256005993788,9.042691135685246,237.3637762158206
"Lambda_b[48,1]",-0.0071803580654857795,-0.0040166515,0.08935419775704524,0.09905160087270001,-0.1515942425,0.13263604599999995,1.398004045032941,8.608375420703302,244.93274994112255
"Lambda_b[49,1]",0.0018778411120540016,-5.46650765e-4,0.06055624011386148,0.05681148885528899,-0.0935371126,0.1045789594999999,1.0867694487798572,35.300621331848404,863.8753547369928
"Lambda_b[50,1]",-0.04177584076645091,0.0087475071,0.7132142933403474,1.044303580299,-0.917167165,0.824446775,1.7357312686973396,6.123124510177369,163.41595115023
"Lambda_b[51,1]",0.007638009141146789,-9.266239e-4,0.1803395195672893,0.18960304229999997,-0.2809265005,0.3175626875,1.309029528295208,10.263094096996399,241.23822348520187
"Lambda_b[52,1]",0.007477339938272527,0.031125747000000002,0.24425141894463565,0.333922676976,-0.34617876549999993,0.3397193239999998,1.7349787765785114,6.216650997936143,173.80267903536014
"Lambda_b[53,1]",2.220748749270368e-4,0.00192740985,0.05519316767226136,0.062336428496999996,-0.0888417963,0.08509185749999999,1.4867890922872222,7.653439340100685,245.78138268048053
psi_a[1],0.4176972985875,0.415078395,0.12726872498307462,0.187740785505,0.2779182435,0.560885098,1.7368778437251033,6.175816325824983,151.85732732645053
psi_a[2],0.27872280251,0.27895344499999997,0.014364619235556365,0.014303220414000008,0.255529344,0.30218472999999996,1.0051805958944005,986.594065272941,2065.5662609554906
psi_a[3],0.2352051831,0.235198665,0.009528187506888532,0.009285849972,0.2196058725,0.2513041215,1.0064590138227725,1194.6591997679884,2249.698983013977
psi_a[4],0.13635730457375,0.136830815,0.01204226375812426,0.011982869871000014,0.116104088,0.15565151500000002,1.0065427518991923,819.63576915963,1166.029761826321
psi_a[5],0.273114586655,0.27328046500000003,0.014555259502646085,0.014606093354999964,0.2483351045,0.296155155,1.0053210511668373,1242.028786079698,2477.737990749981
psi_a[6],0.2425716145025,0.24260471,0.01426510974771673,0.014154152396999997,0.2189497845,0.266150572,1.0037035919210295,1163.3135909745092,2144.969654637692
psi_a[7],0.2954934664225,0.295213455,0.011236544248041755,0.011107928306999968,0.277107851,0.3143050725,1.000540106991504,1650.6241134565805,1968.848535003319
psi_a[8],0.167541591115,0.16786077,0.012390671481910498,0.012155526053999995,0.146707375,0.1873080705,1.0013396771126728,1210.6322276674653,1891.9770558384944
psi_a[9],0.3037553723625,0.303456975,0.009616144261362349,0.009785293434000003,0.28857546549999996,0.319779124,1.00191905703427,1509.5437392677093,2369.616895366899
psi_a[10],0.15935359842,0.15939551000000002,0.013717943824041236,0.013438256748000019,0.13689036400000001,0.18244007150000002,1.0018989625697523,1257.0930207037009,2110.0534738654897
psi_a[11],0.16325488626,0.16315954,0.011142350241895325,0.011213689577999997,0.1447044635,0.181487811,1.001478460479293,1407.6415642908107,2001.6016415369145
psi_a[12],0.2189677091375,0.21887463499999998,0.010378219453677172,0.010816360191000029,0.20230115650000002,0.235958394,1.0014749465719839,1460.7404020136125,2358.644790427384
psi_a[13],0.2230936971725,0.22318508,0.014052040556238843,0.014312353229999995,0.1999351365,0.2461511635,1.00487346813641,1193.3777738902056,1692.3157193162333
psi_a[14],0.284032834085,0.283924415,0.012772959847255478,0.012948094362000026,0.2631572485,0.30514297449999994,1.0014262355521255,1542.0915331171082,2527.754812776073
psi_a[15],0.306703674425,0.306717665,0.009578308694483341,0.009573459545999944,0.29077029299999996,0.3225926325,1.0013417089060495,1373.5997528119372,2205.094100071294
psi_a[16],0.252901007725,0.25269941500000004,0.01233221088242318,0.011879658672000063,0.23270994750000001,0.27330315450000003,1.0010903980789685,1445.6562431855052,2338.3249050666686
psi_a[17],0.16146001432,0.161547625,0.011130935141233572,0.011053398278999989,0.1427876875,0.1792633515,1.0061409033942896,877.527407907392,1906.9260660022985
psi_a[18],0.2824669286125,0.28240585500000004,0.012329788809444638,0.012533863335000003,0.26239977600000003,0.30276085050000007,1.000676680461284,1297.7206649582372,2220.241530273345
psi_a[19],0.2392565265,0.239107365,0.008996523861323642,0.008953873593000013,0.224703575,0.254157357,1.0021581443334369,1395.4618009725352,2519.370623189111
psi_a[20],0.2049000213,0.20499217,0.01060009332068866,0.010682518476000007,0.1876162085,0.2221166465,1.0048627168929452,1229.9455921092313,1980.1592346023465
psi_a[21],0.33537177961,0.335135705,0.01477808052709397,0.014592275523000036,0.3117737125,0.3600850155,1.0011978437183089,1599.024184367146,2748.3071242398446
psi_a[22],0.3518552451575,0.35168284000000005,0.012124931844444877,0.012093027050999992,0.3326646725,0.372368175,1.0082750957827404,1294.3544391226856,2454.861101646026
psi_a[23],0.325194849295,0.3250693,0.009581126915884282,0.009655751259000003,0.309757369,0.3413554315,1.0039825745090534,1449.6051535740355,2288.545795559968
psi_a[24],0.2221251870275,0.22255539000000002,0.014042069098231484,0.013876187136000036,0.19866675699999997,0.2450083115,1.0018493080491173,1385.6930105264382,2640.293103608179
psi_a[25],0.3308679926975,0.33071254,0.009390856629857466,0.009437868363,0.3157347375,0.34659185400000003,1.0019784092047597,1414.5538711036088,2490.721371422705
psi_a[26],0.2224562647975,0.22306726,0.01435400268372299,0.014457358923000005,0.19827389550000002,0.24574692399999998,1.0034845514604744,1240.9575262519936,2179.8913498616143
psi_a[27],0.26840265697,0.26840709500000004,0.009530840192634523,0.009456823404000064,0.25271580450000003,0.28388741500000003,1.0010222988890698,1598.9771588680794,2556.4872386211455
psi_a[28],0.292374061415,0.292243605,0.008843078477956236,0.008566010606999998,0.27795493899999996,0.307319274,1.0028631499689284,1456.7344004922995,1826.797441853474
psi_a[29],0.30382593239,0.30363811500000004,0.009778110127441519,0.009686070429000052,0.287756956,0.3201384465,1.0030905129072216,1578.561831469393,2675.652363099913
psi_a[30],0.2752515248925,0.274962685,0.010712245932602935,0.01063343700300002,0.2579016055,0.2927450655,1.001785410220529,1338.063007474455,2627.0659986748906
psi_a[31],0.2968576323075,0.29649369999999997,0.015062338414016534,0.015465645530999982,0.27280086000000003,0.321906288,1.0024655925903663,1432.5494656059216,2366.842329964631
psi_a[32],0.17557735134,0.17565354,0.012300349745566761,0.01245598235700001,0.15493939250000002,0.195516823,1.0005694887005063,1433.3924892622192,2164.371352413319
psi_a[33],0.1614367830525,0.161425135,0.012183495437480608,0.012385143729000014,0.141509281,0.1816283985,1.0010882110722128,1156.5868058655765,1940.3186058862716
psi_a[34],0.2585366706425,0.25869884,0.012685617909571734,0.012327418697999987,0.2376026295,0.279386808,1.0010837071879513,1450.425878514954,2420.5633461762764
psi_a[35],0.3271887958725,0.32690697,0.010432227290600223,0.010362869916000012,0.3101119255,0.3449292595,1.0024716039154544,1206.785737831306,2063.4549262414616
psi_a[36],0.17932649738,0.1794751,0.010621462371760102,0.010420780272000003,0.16141658849999999,0.196450246,1.0006992204071823,1293.7784222848882,1825.2820163262234
psi_a[37],0.1722200954075,0.17267355,0.01377738534060311,0.013766600756999984,0.14954512050000002,0.1943907265,1.0051001794463859,1462.2823254059138,2152.2054962019847
psi_a[38],0.3395963433275,0.339645835,0.013620059341922343,0.013856772488999988,0.3170196175,0.36184244050000003,1.0011899532751516,1518.4659277338367,2184.5872487020893
psi_a[39],0.3440129372725,0.34403286499999997,0.011693309087499605,0.011588431553999964,0.32502588299999996,0.3634763935,1.003006037075017,1502.9862519782819,2564.5453662890072
psi_a[40],0.31101571864,0.310778055,0.009604294348909111,0.009753217382999974,0.29531944649999997,0.326869561,1.0009240414931757,1427.2382416328367,2553.665360209094
psi_a[41],0.2904620560675,0.290366515,0.010011751695322217,0.010147114551000043,0.2736733105,0.30716510750000003,1.001083103673392,1636.577537162315,2519.082720550158
psi_a[42],0.1992117736825,0.199721645,0.016412719429232593,0.016246953492000015,0.171927589,0.225453207,1.0050386924981158,1065.3576709993454,1801.2342464791816
psi_a[43],0.3469848238075,0.34690603,0.010176203877172359,0.010167122237999964,0.330423394,0.363329382,1.004070332008827,1376.2725833794498,2749.121991260113
psi_a[44],0.1693321228375,0.16925901999999998,0.012303719356809505,0.012163487616000002,0.1492286445,0.1896060075,1.0014522778425843,1083.7401066843788,1714.1012757062906
psi_a[45],0.2177347219125,0.21750294,0.012869246308954798,0.013114278995999998,0.19626045849999998,0.2387493955,1.0011252897441867,1452.0983020046076,2338.2133469212104
psi_a[46],0.13361058507675,0.133734775,0.012822382689693688,0.012813192588000007,0.112510754,0.15475505850000001,1.0015485477203447,1077.710171026061,2092.0775578813527
psi_a[47],0.280586072805,0.28049034500000003,0.010270730528002968,0.010231407774000034,0.26383857199999994,0.297896903,1.0081360852414762,1354.4585196398732,2453.9457838061203
psi_a[48],0.3083906716325,0.308188605,0.010139373710758803,0.010035430292999983,0.2917888315,0.3254054975,1.001558842137805,1292.1343606589633,2455.578137114279
psi_a[49],0.195020342725,0.195051085,0.01429505850425022,0.014160742554000025,0.1714374835,0.21886355400000002,1.0043000176522159,1394.0250693113262,2538.5423166390256
psi_a[50],0.2359683856275,0.23575043499999998,0.009990570413937023,0.010039514855999994,0.21994680900000002,0.2522510535,1.0012710536241092,1339.446266763132,2364.087129777179
psi_a[51],0.30816896352,0.308203425,0.014093443662321438,0.014338699031999974,0.2849927125,0.331627898,1.0034746976013589,1203.7964859794492,2267.491387618395
psi_a[52],0.2445759002025,0.24466364499999999,0.009366322675195245,0.009310401827999977,0.2292213995,0.2600535345,1.0006624720991775,1573.1739176334468,2494.9140571273406
psi_a[53],0.305696404875,0.3056608,0.008693351816221493,0.008486802702000005,0.291638352,0.3204251035,1.0021542221625361,1327.6090806566428,2721.9654067329634
psi_b[1],0.33188931880385497,0.33669019499999997,0.24644924637294618,0.34787374282499994,0.03420558155,0.7014701559999998,1.7373467786949657,6.184986198515221,224.6401156076503
psi_b[2],0.12322549505625,0.11749902000000001,0.033926202071252215,0.0291593401743,0.0780343406,0.187916854,1.0013028203456635,1343.1736530084959,2331.5075030094417
psi_b[3],0.21917586720925,0.209360685,0.062310912764153986,0.056218294272,0.13845677499999998,0.3357626165,1.0149391822304297,1171.4547378926961,1790.6881997300375
psi_b[4],0.2453177673525,0.23642968,0.05813300002988232,0.05165573361899999,0.1696387865,0.3535029229999999,1.0003461732311427,1239.8593671691374,1814.3105024913382
psi_b[5],0.11852118309,0.112240585,0.03280991329004248,0.02836512914549999,0.07691219684999999,0.18106761699999993,1.0016218770376772,1447.023268311319,2573.2237651574032
psi_b[6],0.0776945640435,0.0727896515,0.024552698020720177,0.020750213851500002,0.0470075278,0.12275463149999993,1.0046787052313553,1442.3315911522777,2260.0404196890845
psi_b[7],0.13397959124125,0.127681835,0.035549961190107164,0.03129889431899999,0.087347203,0.20212719899999992,1.0048563972443418,1123.1906994423243,1804.6456815093388
psi_b[8],0.3015826560725,0.29269928,0.06951204323991551,0.06541783468500002,0.2068744105,0.42673553349999993,1.0071980086277448,1343.636684745427,1895.7366933590763
psi_b[9],0.249520189085,0.238820025,0.06033745264006092,0.052731322854,0.1714691865,0.363791636,1.0031074755911653,1285.6170125822862,1707.270575113251
psi_b[10],0.21655115342474998,0.20678753,0.05728213372477616,0.051716979824999995,0.1419444905,0.3217068729999999,1.007999455258863,1330.8954703070995,2044.5301991307183
psi_b[11],0.1921878663645,0.18433060499999998,0.04829413194060215,0.04322217108299999,0.1290522555,0.276151958,1.0004349694310772,1482.418042651835,2282.880631104818
psi_b[12],0.169719978366,0.161908,0.04479893791302504,0.038818678583999996,0.11259093,0.2531245555,1.001708201174819,1377.2830538327075,2428.237624480349
psi_b[13],0.126474584282,0.12015706500000001,0.035572496685450046,0.0310386995016,0.08179086814999999,0.191023074,1.0033546469889667,1115.7603538165365,1750.132848244752
psi_b[14],0.2634093187675,0.253237515,0.06438033260371212,0.057730953987000046,0.17898311,0.379573061,1.0057145701347248,1043.6858751211282,1919.8887796564088
psi_b[15],0.08475866206125,0.08066248949999999,0.02415047002698159,0.020861384388599993,0.0541497402,0.129560306,1.0024063396516403,1244.4916323489115,2039.4232957429108
psi_b[16],0.26528670815,0.25644250999999996,0.06465534971404235,0.05906370760500007,0.18055636149999998,0.38554690749999987,1.007948066477741,1353.0580339383555,2379.6019533466433
psi_b[17],0.2485417492475,0.238897335,0.06008006059790936,0.05253154991700003,0.1692649205,0.3619803394999999,1.0010696614405512,1264.2536326926331,2200.362057341723
psi_b[18],0.17619887075649998,0.16885834,0.0455114802397627,0.039737720085,0.1172994335,0.2614412084999998,1.0165809676790434,1020.0293287668042,2329.8248336100833
psi_b[19],0.23680380709249998,0.226830915,0.06373788350464177,0.059321049900000006,0.152946827,0.3550270034999999,1.0155849995025745,770.5851640320097,1829.4170052020868
psi_b[20],0.173979101037,0.165955605,0.04704296921967235,0.041514623598,0.1139762185,0.26375389699999996,1.0084073358572232,1266.7429689807548,1912.4204630635109
psi_b[21],0.3527729319675,0.340488675,0.07736713014603235,0.067197836832,0.25048634999999997,0.497077418,1.0048223379409233,1436.8154041620342,1789.6889107441796
psi_b[22],0.1707422641045,0.163315475,0.04442109961273524,0.039131166185999995,0.11303703849999999,0.2528983569999999,1.0043573074298127,1208.7153658896982,2083.8364420582616
psi_b[23],0.222094550435,0.21327469999999998,0.05462603913464842,0.04804833060299997,0.151218756,0.3241156954999999,1.0012007520415012,1196.5959703696506,2502.633376908415
psi_b[24],0.15834937634675,0.15163384000000002,0.040570131041186036,0.03565395027599996,0.1062107305,0.23518712149999993,1.0033721874429724,1112.4036340318032,1732.4726032371454
psi_b[25],0.085256099172475,0.08195349,0.03093404098336032,0.027360895965899995,0.04077728625,0.14203645499999998,1.0368479389748353,157.03736238225062,458.861463853993
psi_b[26],0.2139659667925,0.20575635,0.053976148073069184,0.048085929338999994,0.14381690600000002,0.31590926699999994,1.007155916940176,1151.196604137952,2022.4865170144396
psi_b[27],0.16934440044225,0.162580065,0.043221684035880795,0.039017843654999995,0.11270407700000001,0.25191513949999994,1.005353458566388,1038.1769777200177,2173.6011033729274
psi_b[28],0.197935635562,0.18925599999999998,0.0506236885975106,0.04392307023299998,0.1340326425,0.289085109,1.002092203035599,1534.9657288665421,2203.078580788595
psi_b[29],0.09108131791674999,0.08667812899999999,0.0258159269364708,0.022803224186399997,0.05820219455,0.13874422549999998,1.0060218386436746,1244.0891044318062,2244.578831560814
psi_b[30],0.18409910595875,0.17649641,0.046780693347620084,0.04192643057400002,0.12412515100000002,0.27076151649999997,1.0017994316164296,1381.8003457860816,2278.730964926509
psi_b[31],0.20642742604975,0.1973933,0.0545526081845689,0.047126301663,0.13697546649999998,0.3124093564999999,1.0193347111222015,674.0579855069507,1718.142493695753
psi_b[32],0.128464788114,0.121969405,0.03587519157395547,0.032364172070999994,0.08119283835,0.19553894399999988,1.0100536988619557,1157.3361485384914,2244.797139391694
psi_b[33],0.2494029957875,0.23938929,0.06028088656689449,0.054388706567999996,0.1697191295,0.36539785899999994,1.0010117182285558,1534.6363759231035,2355.3861162314397
psi_b[34],0.2522673788425,0.24241359499999998,0.06047631510250311,0.054735427403999996,0.171488592,0.364809423,1.0017463480668083,1295.9407455213354,1881.1936522772203
psi_b[35],0.0973034733035,0.092476437,0.028645040641922574,0.02477939284589999,0.0606934458,0.15228816399999984,1.0012805721172755,1065.7424983424044,2050.9581025416123
psi_b[36],0.27172751577,0.263052665,0.06222922787875713,0.056843454801000025,0.187775062,0.390771204,1.00117962665285,1281.714012823972,2034.598887235331
psi_b[37],0.19874012115599998,0.19037996499999998,0.05134876285443979,0.04614573967500003,0.13155236299999998,0.292722802,1.0054404129259695,1366.6012477171791,2230.460373358319
psi_b[38],0.12060017207925,0.11527744000000001,0.034916981464968536,0.031687935972000016,0.0735638551,0.18705598699999995,1.001519960030074,1070.915118069777,1698.3475856928667
psi_b[39],0.33964456187000003,0.32745493000000003,0.07373196243557664,0.06756704871000002,0.240953885,0.48024962549999994,1.0013010490120398,1408.9123231010926,2325.590769838638
psi_b[40],0.15735420092025001,0.15056349000000002,0.03950448948274408,0.03518316547199999,0.106285005,0.23195463749999992,1.0004082795259162,1264.253372139592,2342.2779209892856
psi_b[41],0.1632050526685,0.156437655,0.04099389635995641,0.03577602014699999,0.11092595400000001,0.23875922649999998,1.0001834391700866,1384.7960600483834,2201.802213137039
psi_b[42],0.216061540075,0.20874701,0.0510856226273328,0.04625158990200001,0.14694979849999998,0.31274016849999986,1.0008174829093328,1687.619369243685,2543.1034286721615
psi_b[43],0.2402275285075,0.23233531000000002,0.05613116573767028,0.05100645860100001,0.166036295,0.344535908,1.000682049811075,1369.2608583245674,2040.8453868364031
psi_b[44],0.1200783199315,0.11447018,0.03619573598205769,0.031395500534999975,0.073744923,0.18454717049999997,1.0053561267249533,882.1534613435707,1674.5609845710194
psi_b[45],0.129614336267,0.12426490500000001,0.03498506964005974,0.030782111850000012,0.083659405,0.19331295449999997,1.0037003970040963,1271.2369981046531,1925.2697913626566
psi_b[46],0.1206880287905,0.1154278,0.03198939232974834,0.028522475259599996,0.08019895225,0.179696485,1.0017167915055367,1403.3594097506837,2349.5868975228427
psi_b[47],0.15681679270725,0.14957227499999998,0.03999495872684254,0.034897120041000027,0.10560485800000001,0.22927308599999993,1.003642817529535,1351.9943368693062,2199.9937252676827
psi_b[48],0.12777919615225,0.121195355,0.03540049819589,0.030021100682999995,0.0828389488,0.19440336600000002,1.0035901804953125,1233.7520154588144,2232.0004556977465
psi_b[49],0.114110968682,0.108687095,0.030561198215976398,0.02678010743099999,0.07467029605,0.17079198699999995,1.0013160117352153,1635.557669533449,2216.0957812431693
psi_b[50],0.23403744812149999,0.221648095,0.08133200928568653,0.07123670609999999,0.12490702499999999,0.3916737725,1.029238007839027,208.77970198459693,903.2158009852884
psi_b[51],0.349327759045,0.338485305,0.07579782079872756,0.07054343492700002,0.24692994199999999,0.49003977299999996,1.0009955919286628,1661.4363713963,2226.0225429828306
psi_b[52],0.18615222429224998,0.17824541,0.0492939405571506,0.043119856856999976,0.1221563925,0.2768470385,1.035437587191333,135.98745442933182,1261.6194063726834
psi_b[53],0.069797107095,0.06619330000000001,0.020171650310486764,0.017158178725799982,0.0445615334,0.10708393099999995,1.0012063477843547,1427.9813030308278,2118.060762143279
sigma_e[1],0.390426448925,0.390362885,0.0048935898030224925,0.004915664082000026,0.382212975,0.3985451375,1.012706310501258,708.0195182562236,3361.970162281848
sigma_e[2],0.53808566588,0.538066945,0.006606663631512048,0.006468331757999976,0.527052234,0.5488144064999999,1.001008065895208,3299.58840289314,2890.2998879536217
sigma_e[3],0.40468720727,0.40460983500000003,0.00461795669016511,0.0045767046570000525,0.397306451,0.412285943,1.0011978798999523,2712.642525594745,2882.4235788600513
sigma_e[4],0.402411904665,0.40241567,0.00475689398205253,0.004868754617999986,0.39461061999999997,0.41020158700000003,1.0017387046563886,3082.783729594164,3214.0755769436646
sigma_e[5],0.616047474825,0.615849885,0.007110023214925103,0.007076642537999938,0.604605062,0.6280394174999999,1.0016822364227973,3174.9178405592725,3402.2297656406654
sigma_e[6],0.59996448805,0.599964215,0.006906068332175699,0.006829945311000042,0.5887847545,0.611486506,1.0007921822756154,3390.782991764778,3241.904572165254
sigma_e[7],0.489796722405,0.489810795,0.0058741402437784175,0.0058344906059999545,0.480193082,0.4996065655,1.00030419348063,3577.6278718364224,2682.43330077782
sigma_e[8],0.5104335425775,0.5103337050000001,0.0059778993230369705,0.005911882326000123,0.5005634245,0.5203483560000001,1.0015513266216975,3411.46312201255,3008.9423330590753
sigma_e[9],0.4096590655175,0.40957553999999996,0.004932701054637427,0.004704022931999989,0.4015154865,0.4179677765,1.0013775238986666,3296.0976931219307,2949.694015925145
sigma_e[10],0.5345547408625,0.53457233,0.006219628743980687,0.006344719982999981,0.524464446,0.544761723,1.0005111516852334,3153.805113584104,2533.45302632692
sigma_e[11],0.460664142015,0.460465405,0.005390437715056898,0.005359435913999973,0.45202012099999994,0.46964157700000003,1.0003475245388498,3126.4666946769576,3037.961740473449
sigma_e[12],0.44552347705,0.445479525,0.005139824219134799,0.005083664900999989,0.4371140795,0.45416288699999996,1.0004809837951152,3258.3800447667268,3204.870945556603
sigma_e[13],0.5869418308125,0.5868492700000001,0.0068906246825557954,0.00701312795400012,0.5757882535,0.59837603,0.9998611411349565,2825.284501640654,3206.423804985133
sigma_e[14],0.5292701266,0.529155195,0.006497678324862882,0.006301242737999945,0.518613701,0.539971763,1.0008900737260142,4089.6269050735073,3319.43593436843
sigma_e[15],0.375770383635,0.37580745,0.004504193900427254,0.004598765745000004,0.368397442,0.383313319,1.0001506099841975,3695.0076311107596,2807.250414203062
sigma_e[16],0.52267258893,0.5225364699999999,0.0063332135583088036,0.0063755135850000685,0.5126441509999999,0.533372949,1.0007490131967611,3038.5499622317625,2713.8578531010426
sigma_e[17],0.443957344235,0.443852055,0.00531010488286239,0.005325328701000024,0.4355670545,0.4528943655,1.0018250087319642,2511.1754196248316,3035.5352443373963
sigma_e[18],0.5589847610925,0.5587696,0.006648154138044529,0.0067424348459999735,0.5483067035,0.570033107,1.0019388402129448,3048.428056045438,2919.532290537899
sigma_e[19],0.3854346530475,0.38534735,0.004513350890124455,0.004497548643000031,0.37806120049999997,0.392886115,1.0032078264513025,3431.5067424728345,3373.784984004584
sigma_e[20],0.4500985735375,0.44997633,0.005337568277509275,0.005337248805000005,0.441507057,0.4589116925,1.0026424210049225,2937.8424942197944,2983.7221841281607
sigma_e[21],0.601847267605,0.6018221699999999,0.007149325432287404,0.007313784407999886,0.5904504555,0.6135046909999999,1.002183434028475,3359.022788389449,3353.2430694671057
sigma_e[22],0.528058334025,0.527937075,0.006341810364881863,0.006355921026000052,0.517906103,0.5385553184999999,1.002720502565954,3292.34649406728,3157.810303165973
sigma_e[23],0.37064568798,0.37055672500000003,0.004477125295698055,0.004395938652000059,0.36341330299999997,0.378119363,1.000179376855523,3565.702540772994,2859.4019188770667
sigma_e[24],0.594345756285,0.59446387,0.006802332945037196,0.006697393457999979,0.583097648,0.6054657630000001,1.000625543901904,3195.5003624298042,2904.179577638355
sigma_e[25],0.37184190568,0.371835515,0.004466701662985256,0.004492485564000021,0.364514809,0.37919203299999993,1.0009139254823547,3682.6790957770113,3000.762475154393
sigma_e[26],0.5713731079225,0.571233375,0.006792979504431965,0.006580349600999901,0.5603411555000001,0.5825732199999999,1.0007647963840167,3618.7491958011515,3110.3245388041446
sigma_e[27],0.4109618326075,0.411003915,0.004875400118376043,0.0048435948960000195,0.40289272249999997,0.41909125999999997,1.0000090205710472,4168.587053142429,3069.553883655478
sigma_e[28],0.3712870065525,0.371289785,0.004502796702540401,0.004576652766000038,0.364098507,0.37876476499999995,1.0003189473042566,3179.23315459412,3114.407004014266
sigma_e[29],0.4105435766475,0.41051715499999997,0.00480426066686437,0.004788983325,0.4027476035,0.41856463,1.0015705947771913,3696.871873535271,3664.024107659198
sigma_e[30],0.469755536365,0.46960161499999997,0.00570265312766789,0.005761880270999986,0.4604940725,0.4792975745,1.0006916304760725,3554.3101677830173,3423.2533970746367
sigma_e[31],0.6417675187525,0.641690995,0.007713657503015284,0.007692833336999992,0.6292718005,0.6545350575,1.0004456889933795,3177.493229637904,2704.8234336165424
sigma_e[32],0.522141929665,0.522198745,0.006010993937694075,0.006061565622000015,0.5122723875,0.532406436,1.000071062019016,3359.8500664997377,3182.5859054908874
sigma_e[33],0.492084587215,0.492121075,0.0056582073949744014,0.005674140002999998,0.48284399499999997,0.5014282425,1.0013636058996005,2992.1667768776115,3053.7441515065093
sigma_e[34],0.5443865652,0.54419823,0.006404970581327102,0.006181441245000002,0.533966701,0.5554049474999999,1.000516355950282,3430.268129496483,3113.989848850036
sigma_e[35],0.4160738093925,0.41597660999999997,0.005139875875522053,0.005172524531999964,0.407699682,0.42458910400000005,1.0018398832854989,3262.339218617094,3227.016688540355
sigma_e[36],0.442661302445,0.44270079500000004,0.005259134931689889,0.005202191357999986,0.43414533499999997,0.45137040149999996,0.9997887130697569,3010.709533718013,2997.2030670700487
sigma_e[37],0.553874103735,0.5537595049999999,0.006390460926338731,0.006314697333000064,0.543393671,0.5644057594999999,1.0011420050662962,3711.7556867313783,3012.8396559879
sigma_e[38],0.5948655289425,0.59476748,0.007102669726208455,0.007074166596000007,0.583269223,0.6065877454999999,1.0008157444071448,3365.8802094773387,3037.894140323425
sigma_e[39],0.497045489255,0.497018635,0.005852689076933546,0.00575024186099998,0.4874341125,0.5067376579999999,1.00167114110973,2920.728245830048,3119.0867393007293
sigma_e[40],0.3699534061325,0.369907655,0.004472564068740264,0.004542797594999999,0.3626878025,0.377450875,1.0004549308900312,3082.213515344519,3164.9817397085303
sigma_e[41],0.4157419048475,0.41559792500000003,0.00503939130110912,0.004963144347000054,0.4076261465,0.4241956065,1.0006824768442044,3419.029528407881,3139.728265412196
sigma_e[42],0.6117731313925,0.6117738349999999,0.007124914851505794,0.007094285478000117,0.600272827,0.623580452,1.000532987699624,2656.7868377703485,3026.2559363355595
sigma_e[43],0.402601794945,0.402531875,0.0048465413842661165,0.004817515962000002,0.39466396899999995,0.4104688585,1.0012189710471995,4036.4548643248468,3157.9495593896145
sigma_e[44],0.480129337035,0.480148695,0.005622416810007901,0.005727884252999979,0.47087121849999997,0.489517676,1.0016563236131992,2656.655026120095,2772.804867246198
sigma_e[45],0.547740227995,0.5477061249999999,0.0065080057659354035,0.006593989521000047,0.5371242315,0.5585559994999999,1.0003735277161578,3013.7513734697854,2805.3977811888453
sigma_e[46],0.46341938254,0.46324277,0.005449163816016248,0.005322052155000021,0.454650793,0.472555557,0.9998127488835841,2885.3052029296755,2964.5946611559402
sigma_e[47],0.4344490935025,0.43441450000000004,0.005308723644481082,0.005312378189999928,0.4258470055,0.443346464,1.0014047332267875,3224.273634023667,3238.69971712641
sigma_e[48],0.42372853263,0.42372026,0.005076490688168564,0.005099921610000033,0.41534367549999995,0.4321127765,1.0006658818715122,3247.2465355344234,3147.704889629962
sigma_e[49],0.582584023095,0.5823343299999999,0.006745471890994212,0.006810501011999948,0.571695322,0.594134966,1.0014402891796652,3048.4335312768103,2992.377464562484
sigma_e[50],0.437947284895,0.43794464499999997,0.005232047614713934,0.00527670683399998,0.429464283,0.44652971599999997,1.001666739297364,3073.3981722919675,3055.7666691979666
sigma_e[51],0.5964451704025,0.596483385,0.00701694162560996,0.006947900966999928,0.5851654585,0.6083163290000001,1.0008853891533565,3124.7473283509835,2862.5993965786583
sigma_e[52],0.4089036710825,0.408842325,0.00477040794019122,0.004734490362000001,0.40111263199999997,0.41687884099999994,1.001431338899547,3035.922683254754,2677.9504274471847
sigma_e[53],0.3668973628275,0.36672840500000004,0.004495795688740264,0.0045233162310000475,0.35967330649999996,0.374687836,1.0009284908152531,3562.4756060522873,3442.527879717469
Sigma_a_diag[1],0.295809109875,0.29530132,0.013218366938567861,0.013425410019000012,0.2752310425,0.3185423105,1.0042543006111742,955.3427646092811,1901.8198057430095
Sigma_a_diag[2],0.7605573552075,0.7594535099999999,0.030837716981395303,0.031248886220999993,0.7117463039999999,0.8128760294999999,1.0060955901061417,469.97187408159283,1292.6426155662045
Sigma_a_diag[3],0.1779143987875,0.177758865,0.00849339457806773,0.008462621496000017,0.164191314,0.1920477635,1.0053780938708694,983.1082379065095,1885.009966843073
Sigma_a_diag[4],0.2980512732275,0.29773107,0.012382483732551162,0.012366878097,0.2785081545,0.318948842,1.0049623525678923,563.4062045237807,1230.7175255187285
Sigma_a_diag[5],0.236321364655,0.236038095,0.013243045537934732,0.013178164229999992,0.2154340535,0.2589678665,1.0041098695533324,1488.3303962191453,2660.50086589412
Sigma_a_diag[6],0.1546015798625,0.15445218,0.010147138372985707,0.00995837215799999,0.1383956965,0.17156228950000002,1.0064389329433687,1618.8004224625577,2636.8554545290594
Sigma_a_diag[7],0.11073574482475,0.1105247,0.0073941232368728025,0.0074132298029999984,0.0989223019,0.12330349149999999,1.0021287428866572,1808.4418946637072,2830.534428836324
Sigma_a_diag[8],0.1330776029275,0.133016075,0.007824081518186527,0.007578739854000007,0.1202284285,0.1462419585,1.0028879241197477,1051.2962285127235,2451.9713046347783
Sigma_a_diag[9],0.11583350848225,0.11560827500000001,0.006693186235885796,0.006821160906000006,0.105270702,0.12705311449999998,1.0013827883957187,1497.8023832616334,2408.051844120865
Sigma_a_diag[10],0.06421298115675,0.06393370500000001,0.00578174092429026,0.005661596465699985,0.05511557105,0.07420650725,1.0010630228356516,1725.5991321502017,2877.4174568841327
Sigma_a_diag[11],0.032070026686,0.031936547499999995,0.0038258618155059413,0.0038553204227999927,0.0259835956,0.03837542044999999,1.001028582804694,1452.4578302645684,1917.2415826579318
Sigma_a_diag[12],0.11594196493625,0.115812415,0.006868553766405153,0.006695844140999992,0.10492515599999999,0.127505825,1.0028362240733046,1449.423425158296,2784.1705627039064
Sigma_a_diag[13],0.12503982935475,0.12467231000000001,0.00905682769590599,0.00887894298900001,0.11070530249999999,0.14046958049999997,1.0038049735117742,1539.6930396460375,2243.0360859114494
Sigma_a_diag[14],0.21563537216,0.215474145,0.011585057873334019,0.01151833422599999,0.197123863,0.23516400399999998,1.0056132923942165,1380.6841515662568,2167.9458930381747
Sigma_a_diag[15],0.2250527633575,0.224882615,0.009916960154798446,0.009950232683999994,0.2093544225,0.24185042949999996,1.0024459357907283,1026.4346014152607,2005.8135508596995
Sigma_a_diag[16],0.10781901008325,0.10760526000000001,0.007915432984071115,0.0077779864679999935,0.09525613079999999,0.1215177975,1.0025508103690972,1749.6551549882456,2616.850080077729
Sigma_a_diag[17],0.05748969527475,0.0573671905,0.004779071499043047,0.004771020884700001,0.049812194399999996,0.06542930940000001,1.0063867538755187,1215.7711628160484,2769.365590997182
Sigma_a_diag[18],0.114520278669,0.11448098500000001,0.007993933347631649,0.008050280784000007,0.10165583599999999,0.12788634000000002,1.0020563408575573,1585.1162096429018,2621.459922718451
Sigma_a_diag[19],0.1733000426275,0.172962335,0.008285433254421135,0.008412902505000016,0.1600576395,0.18726700699999999,1.0021516661991694,990.7387394594255,2291.9514030175415
Sigma_a_diag[20],0.0761185899215,0.075921354,0.005510387701724497,0.005596168586399991,0.06711602405,0.08512806590000001,1.0032739656091945,1528.3891050291497,2507.9727791067266
Sigma_a_diag[21],0.3526317080525,0.352448505,0.018194754656660515,0.018091485803999934,0.3231250615,0.382645319,1.0103197943998887,1134.7313333460181,2821.4649468403045
Sigma_a_diag[22],0.16763358643,0.167514165,0.010012051218676571,0.010273795308000006,0.151651421,0.18468980999999998,1.0042764759373162,1477.5287384284961,2437.4699259649888
Sigma_a_diag[23],0.2122902157,0.21194991,0.009572300248111341,0.009338126447999992,0.19714999900000002,0.2286011015,1.0057367209154588,1090.836116788389,1943.755831082381
Sigma_a_diag[24],0.1540105535975,0.15382352500000002,0.010106753968552304,0.009951114830999983,0.137938835,0.17083159549999996,1.0009895657219143,1318.7448898718326,2190.171430474489
Sigma_a_diag[25],0.1908430878375,0.19076371,0.008835736807162098,0.008869595195999991,0.17687532350000001,0.205697176,1.0057260026352466,1417.7121779971883,2205.0899238781935
Sigma_a_diag[26],0.3467370844975,0.34612798499999997,0.0165949882621366,0.016777887377999987,0.31982131550000004,0.37489092749999997,1.005094175386595,722.6994582891396,1811.852075464933
Sigma_a_diag[27],0.2509417020125,0.25076308999999997,0.011202288959397285,0.011156839281000067,0.232729282,0.26981762849999996,1.0021057059135583,783.2238481713332,1507.0198225246152
Sigma_a_diag[28],0.1030850651455,0.102987565,0.00576940184364356,0.0056907540185999975,0.09379615105000001,0.112911185,1.0040252371069696,1612.929918207542,2539.6005514779654
Sigma_a_diag[29],0.1824132112875,0.182094495,0.008899821065952777,0.009008344316999982,0.16855110350000002,0.19756363799999999,1.004417849996034,1395.792645720992,2350.7463067032077
Sigma_a_diag[30],0.0995880372615,0.099464362,0.006612832314542656,0.006625189355400002,0.0889074195,0.11094162049999999,1.0005158986325255,1580.8855938047525,2532.9639893644207
Sigma_a_diag[31],0.14740920698,0.14702661,0.010798850233438809,0.010671006086999996,0.13007776999999998,0.16560692850000003,1.0031175434914945,1623.4643894843698,2701.896603803061
Sigma_a_diag[32],0.1634844066875,0.16308875,0.009106349324336684,0.009230111624999997,0.149291179,0.17895816,1.0013937187354482,1072.3559540426606,1986.3037855203236
Sigma_a_diag[33],0.0600354339515,0.059797109,0.005103696507885901,0.005060290229400004,0.0518508823,0.06862245445,1.0001112288016896,1485.3204075986882,2616.884163334469
Sigma_a_diag[34],0.1901407444125,0.18994933,0.010970722056719458,0.011082850128000001,0.1726297945,0.2080670395,1.0118582103760512,1121.6348596677758,2332.3915224813577
Sigma_a_diag[35],0.2715003959225,0.271183595,0.012252657616107228,0.012550105218000013,0.2519477485,0.29198228699999995,1.0020364392198173,1176.0060899358475,2045.0847196702784
Sigma_a_diag[36],0.0739739335685,0.0739244345,0.005129922561822065,0.005084372842499997,0.06568329725000001,0.08265683154999999,1.0005390387258981,1824.8770939210701,2460.164712044864
Sigma_a_diag[37],0.06245904931575,0.0624335895,0.006028819111925659,0.006031757949000006,0.05291130205,0.07267446435,1.0008736482162695,2078.1722021322803,2554.366466681793
Sigma_a_diag[38],0.291006516725,0.29052603499999996,0.015498728497895358,0.015511687674000067,0.2662740575,0.3170663295,1.0064055176228537,1020.850130200349,2008.6548904091267
Sigma_a_diag[39],0.1380366090375,0.137927005,0.008783800677068597,0.008813389829999988,0.124222081,0.153073821,1.0028082425228075,1504.6449011167804,2556.398375079894
Sigma_a_diag[40],0.177620842105,0.1773611,0.008711762948908287,0.008769942236999999,0.16386423600000002,0.19242325249999997,1.0080206246667391,1218.0248736787585,2629.205566329474
Sigma_a_diag[41],0.1333364407925,0.13297951000000002,0.007412820819656184,0.00752181542699995,0.12136875350000001,0.145903802,1.0001327949859846,1676.8715147478856,2699.400878838083
Sigma_a_diag[42],0.1122148828395,0.11181685,0.008795495789350148,0.008727791918999995,0.09816234780000001,0.12759522199999998,1.0037873938383397,1434.0771262402027,2922.574270269731
Sigma_a_diag[43],0.3254497724975,0.325171955,0.013801767115782636,0.013368292853999994,0.303666678,0.34843998,1.0026614490917056,912.4274790608238,1548.0421911565934
Sigma_a_diag[44],0.1093539514855,0.109240535,0.0069703657131309745,0.006860227415999997,0.098197873,0.121016051,1.0033331754945616,1774.3406062812483,2504.4499770377233
Sigma_a_diag[45],0.0818851433635,0.081702581,0.0069852194450757245,0.006947231573099992,0.07091852559999999,0.0938401876,1.0009709822200277,1598.1493173445722,2921.2541627454784
Sigma_a_diag[46],0.138607505875,0.13837401,0.0077110935846568555,0.007604255399999971,0.126263906,0.151888739,1.0033667700985482,833.9042883574599,1832.9692337516367
Sigma_a_diag[47],0.1423476596,0.142333555,0.007922193333665709,0.007967069859000002,0.12971846,0.1555609165,1.003721634032858,1734.353805677166,2649.6076983552093
Sigma_a_diag[48],0.11548693138025,0.11533734500000001,0.006974129791403307,0.0070414604400000115,0.104376709,0.127146259,1.0019798588753588,1500.3817773970302,2339.2570589753755
Sigma_a_diag[49],0.05541051505725,0.0551910035,0.006353933982088679,0.006167134896300007,0.04523774795,0.0662350438,1.0013633333622853,1608.9547298366795,2455.8821320775596
Sigma_a_diag[50],0.12858104621,0.128466365,0.0072843940074784445,0.007369292951999998,0.11692878450000001,0.14079448949999998,1.0058145635917624,1424.9061576209078,2716.3724750408974
Sigma_a_diag[51],0.3117469964575,0.31109359999999997,0.01603080647029136,0.01608098383499995,0.2862452795,0.33889101,1.0041741276426872,1222.167492723336,2415.064653336933
Sigma_a_diag[52],0.13705346991,0.13689487,0.007168090020659633,0.0072282161489999885,0.12547142149999999,0.14918883949999998,1.004407736726731,1441.446747278616,2282.9683037474574
Sigma_a_diag[53],0.11441573611725,0.1143028,0.0060811254274170685,0.005925833592000001,0.1046330395,0.1247315885,1.002315752865233,1407.8052452703269,2329.2856514252517
Sigma_b_diag[1],0.4353285803125,0.42007863,0.13877430445064146,0.133195649811,0.23943869550000002,0.6818287059999999,1.029366457351714,161.90430795762023,1670.8435057263182
Sigma_b_diag[2],0.04973814422675,0.0441013565,0.02607857062713298,0.0204681543906,0.02019377625,0.09912982249999988,1.005924174416023,1437.4119577996887,2042.023842947879
Sigma_b_diag[3],0.34161249077525,0.32899068,0.11682447003866524,0.11165490993299998,0.1744059295,0.5567504864999999,1.0087925748044537,1375.1895623417247,2267.7949373118377
Sigma_b_diag[4],0.08375889719225,0.0724773745,0.04552586216970901,0.0342483038877,0.0351404769,0.16995531,1.0025062025355174,1107.4627485609303,1921.0492655195228
Sigma_b_diag[5],0.01909579247175,0.015731132,0.013135955481828408,0.0082843099353,0.006801460095,0.043712447499999994,1.0003746259683477,1541.7256119541,2354.8119951198787
Sigma_b_diag[6],0.01097461447945,0.0089334404,0.007576750644705831,0.0051802367948099995,0.00356796646,0.02474261335,1.0018508825252612,1769.0795312936425,2385.331229857595
Sigma_b_diag[7],0.030627370031825,0.0261808045,0.017923391901013292,0.0133651556724,0.01174266865,0.06491543544999986,1.0038693133041743,1180.4533971910014,2025.869963812064
Sigma_b_diag[8],0.14724688711675,0.13151596,0.07047503360873718,0.056061819926699986,0.06570245195,0.2823851174999999,1.0092585130308385,1379.0350257666828,2478.198912410062
Sigma_b_diag[9],0.09435265674349999,0.081408806,0.050413486397538815,0.0369698289408,0.040066036900000004,0.19448475399999993,1.0039661819494445,1291.4165933399838,2240.9217490155534
Sigma_b_diag[10],0.17187387473725,0.15887432,0.07278310839607738,0.064556748018,0.07796593014999999,0.3072623905,1.0057723183905993,1589.7007259970187,2130.222035585139
Sigma_b_diag[11],0.051289249365175,0.043705861,0.02960898379806151,0.021360506126400003,0.020083187300000003,0.1058055815,1.002665002552785,1400.7048565339494,2054.1283081055485
Sigma_b_diag[12],0.09176197949374999,0.0823390975,0.04296720174946069,0.03616884168869999,0.03930555535000001,0.17479955949999998,1.0107839836272179,1511.656625093542,2284.905963131554
Sigma_b_diag[13],0.037707825489525,0.032267277999999996,0.02232932166811091,0.016343908119,0.01421462985,0.07989387965,1.0061229557499236,1283.1426823850097,1749.85577983439
Sigma_b_diag[14],0.14012387412825,0.126517345,0.06661383765425254,0.0554737651692,0.0611720302,0.264302227,1.0055350989451508,1531.4724608426106,2299.383955572841
Sigma_b_diag[15],0.015235529770275,0.012920368,0.009445086689443738,0.006474141696749999,0.005579134015,0.03321758614999999,1.004408636002702,1491.7297880543015,2121.97557310478
Sigma_b_diag[16],0.13645966991975,0.12459057500000001,0.0638698577966212,0.05502857893680001,0.06005520405,0.25359591299999995,1.0045106329157176,1736.9505940785796,2108.0379244912438
Sigma_b_diag[17],0.09960672355000001,0.086959744,0.05305984438820204,0.04113164503770001,0.041913645,0.199945359,1.0035963483621022,1399.2511748538195,2449.7462172865794
Sigma_b_diag[18],0.11282767430175,0.104233985,0.04853117818573148,0.044007549522299995,0.04984009775,0.20430865449999994,1.0041985455769527,1364.863141631034,2212.1973878186495
Sigma_b_diag[19],0.21862229411275,0.20222984,0.09195261185269046,0.082466148303,0.1016449365,0.386859853,1.012835388250695,1335.6638281620665,1806.9775439878
Sigma_b_diag[20],0.1163757493635,0.10573663,0.05315472985568886,0.0447343556247,0.051510306750000005,0.21644281799999993,1.0061305079290641,1336.9033316158511,2222.462392356036
Sigma_b_diag[21],0.151232015282,0.13383464,0.07285486047339403,0.055317629598,0.0709038906,0.2912408979999999,1.0051313257185892,1599.058808675095,2149.4117753611645
Sigma_b_diag[22],0.06095461097925,0.052066103,0.03518675123005483,0.024851143272900004,0.0239436956,0.12513041299999983,1.003788095230127,1481.943367292312,2149.1552341746683
Sigma_b_diag[23],0.066242491745,0.056466433499999996,0.037218556074436894,0.026987864169,0.026646749100000002,0.1372789179999998,1.0009072986632364,1284.6458663792537,1780.5299760681128
Sigma_b_diag[24],0.0346141478249,0.0290002995,0.020814717775108578,0.014261344376999998,0.01338993945,0.07514933974999999,1.005980753694711,1008.6878509691805,1457.5901254995438
Sigma_b_diag[25],0.11617624338724998,0.11053502500000001,0.03936699593214304,0.03572984456999999,0.06289645954999999,0.1860493345,1.0531837136517648,60.72285846029916,1648.7084890291067
Sigma_b_diag[26],0.08360043265174999,0.072323599,0.0455918883590121,0.0347629276911,0.0340655747,0.1700956365,1.0063975468788395,1570.9428095393184,2271.292242073391
Sigma_b_diag[27],0.05985180426100001,0.051846099,0.03278700062244549,0.0246225048552,0.0245746625,0.12215421549999997,1.0066141015449142,1386.0659146386229,2394.1163452696746
Sigma_b_diag[28],0.055355539657749996,0.047133694000000004,0.03272839576375504,0.022905370137300006,0.0220671813,0.116694482,1.003147845715884,1489.0896619706382,2119.9024925284516
Sigma_b_diag[29],0.022322667884275,0.018749494,0.013803426965421433,0.0094001413821,0.008376127504999999,0.04798389019999998,1.0115281188865182,768.7430858681288,1365.689665423752
Sigma_b_diag[30],0.08201565435324999,0.07337542450000001,0.04086403930271305,0.032439384369,0.03516537355,0.1583432919999998,1.0108386503772302,1500.0469365501317,2297.278468328768
Sigma_b_diag[31],0.1125921141515,0.102471885,0.05261583278635394,0.04635127770209999,0.04861204855,0.21151779849999994,1.0017495916721988,1693.3955581408102,2477.1443564851506
Sigma_b_diag[32],0.11016074192225,0.10300423,0.042759832566465227,0.0390169377864,0.053143488499999995,0.19215803,1.0141575127781797,1009.1300273203401,1824.050364569348
Sigma_b_diag[33],0.10067335644000001,0.08902647450000001,0.05229852061262135,0.039949960946699996,0.042749287149999995,0.19764189799999998,1.0051474294349183,1752.91521262486,2432.4047746625292
Sigma_b_diag[34],0.14710952792,0.13441873999999998,0.06643267254619557,0.05835583652849997,0.06665425225,0.26802670799999995,1.0075544965377023,1700.15588332811,2064.8454623692037
Sigma_b_diag[35],0.04985685144775,0.0454880475,0.022282050798006218,0.0193555127577,0.02206593305,0.09399868214999998,1.0179532635284385,408.02416411144867,2034.7193648201287
Sigma_b_diag[36],0.093899954594750007,0.080750849,0.050418562049068236,0.0373695875679,0.03965455785,0.18711455549999997,1.0013172434717323,1338.6901289392054,1876.4505680656996
Sigma_b_diag[37],0.10510854701175,0.093679557,0.051523190371952195,0.0431927911401,0.0452058175,0.2050668355,1.003690233042516,1450.6786753152949,1940.79551429342
Sigma_b_diag[38],0.08945450046475001,0.083102285,0.03730371030325729,0.033958889989499995,0.04097192415,0.15894294399999995,1.0167206884641775,721.245870822735,1977.8200008851227
Sigma_b_diag[39],0.14308445789225,0.12687546500000002,0.06757484162642644,0.05428797798270002,0.06546168364999999,0.27789857349999986,0.9999551018863339,1552.3466110250088,2599.9272182444324
Sigma_b_diag[40],0.04587522601455,0.039301657500000003,0.02595206069458952,0.01966058142929999,0.0179076356,0.09538050684999996,1.0041727471635609,1289.009557950081,2111.87564315637
Sigma_b_diag[41],0.044261215089125,0.037527505,0.02653726171766033,0.018687226359899996,0.017616155300000002,0.09036689219999994,1.002723350178194,1304.5737226059443,2393.0787180565267
Sigma_b_diag[42],0.1009371820785,0.08967722,0.04933217349212828,0.04026489335609999,0.04315093635,0.19435860999999996,1.004500710917002,1611.8165224864142,2541.1461799478875
Sigma_b_diag[43],0.08193363868325,0.0713438045,0.04385944548152438,0.032596535521199996,0.0352983937,0.16346167249999996,1.0011613765673344,1563.2325527044989,2102.951306152251
Sigma_b_diag[44],0.1227012989895,0.11504928,0.0469526849235159,0.0421169713608,0.059846633600000004,0.2095889349999999,1.0220835077561845,301.8514138333084,1993.3428232103117
Sigma_b_diag[45],0.030554263326449997,0.0255256,0.019073106732578848,0.0131933030586,0.0113705633,0.0652252,1.0065549412772923,1218.5882238265228,1834.2589130902666
Sigma_b_diag[46],0.019723905711525,0.0164540705,0.012213870515785484,0.008447242486200001,0.007524916689999999,0.0423657409,1.002509113324147,1425.7989786456146,2263.2099154307753
Sigma_b_diag[47],0.03733319819104999,0.0313659715,0.022929064855441415,0.015354380848799998,0.014643500050000001,0.07940809414999997,1.0087802367751675,1398.8147108923165,2286.0685324728042
Sigma_b_diag[48],0.025614139105374998,0.021187993000000002,0.01671226761552948,0.011183104281299998,0.009146992660000002,0.05664891929999997,1.002759665568584,1369.3983983406874,1970.7720015402551
Sigma_b_diag[49],0.017624734256875,0.0145350525,0.011372397177977958,0.007605602935139999,0.00642835994,0.038441308849999994,1.0025643782772369,1674.756141443636,2497.8051495672266
Sigma_b_diag[50],0.5716794492625,0.552501065,0.1850955178604985,0.18003022027199997,0.30573352150000005,0.9157035279999994,1.050728676709151,56.65541213669008,1214.5570916809672
Sigma_b_diag[51],0.16034630742025,0.14452430500000002,0.07298376205468238,0.06127605815099999,0.07539079875,0.2959877154999999,1.0031279392902792,1744.8722560899455,2626.8466974030694
Sigma_b_diag[52],0.09678168721975,0.08714846200000001,0.04716348734594989,0.03906340765949999,0.040040236,0.18712106699999997,1.0041257445131075,1305.2584664902165,2149.1072826278923
Sigma_b_diag[53],0.00832400341595,0.0068846105,0.005613483191060098,0.0037153213217400003,0.00293090104,0.018540430099999984,1.0017749933368125,1599.4187144622174,2308.188086179335
Sigma_epsilon_diag[1],0.1524567531475,0.15238318,0.0038214507428908813,0.003830971682999998,0.1460867545,0.1588382325,1.0127064355101023,708.0016412266564,3361.970162281848
Sigma_epsilon_diag[2],0.28957982087,0.28951604500000006,0.007109475507870289,0.006949961780999995,0.277784052,0.3011972525,1.0010080729571693,3299.5979317007145,2890.2998879536217
Sigma_epsilon_diag[3],0.1637930559225,0.16370911500000002,0.003738385919700215,0.0036927562980000155,0.15785241900000002,0.1699797035,1.0011978586123655,2712.6463115120555,2882.4235788600513
Sigma_epsilon_diag[4],0.161957963455,0.16193837,0.003828387706632271,0.003916502876999997,0.15571754499999999,0.16826534449999997,1.0017581973006295,3082.7859954755604,3214.0755769436646
Sigma_epsilon_diag[5],0.3795650310725,0.379271085,0.008766098039653718,0.008743240611,0.365547286,0.3944335115,1.0016822324559238,3174.9167808388825,3402.2297656406654
Sigma_epsilon_diag[6],0.3600050687675,0.35995706,0.008288666682765466,0.008203122017999987,0.34666748750000004,0.3739157515,1.0007921819948737,3390.784199941212,3241.904572165254
Sigma_epsilon_diag[7],0.23993532598,0.23991461,0.0057554860850586075,0.005733266091000007,0.2305854015,0.2496067155,1.0003041983436245,3577.6199503461808,2682.43330077782
Sigma_epsilon_diag[8],0.2605781277275,0.26044049,0.006104090779411304,0.006024107732999979,0.250563744,0.270762418,1.0015345744994186,3411.462900552343,3008.9423330590753
Sigma_epsilon_diag[9],0.167844875515,0.167752125,0.0040434526734536074,0.0038460200729999784,0.161214686,0.1746970665,1.0013775283812405,3296.0925959964397,2949.694015925145
Sigma_epsilon_diag[10],0.2857874451275,0.28576756999999997,0.0066498282739307375,0.006776245538999996,0.27506294749999993,0.296765335,1.0005245416735742,3153.803895974935,2533.45302632692
Sigma_epsilon_diag[11],0.21224050129,0.21202839,0.004969915577043723,0.004922239412999981,0.2043221915,0.220563204,1.0003475232266548,3126.468998084072,3037.961740473449
Sigma_epsilon_diag[12],0.19851757981,0.19845201,0.004581751876566913,0.004532938304999983,0.19106872,0.206263928,1.0004809607902496,3258.3759855119056,3204.870945556603
Sigma_epsilon_diag[13],0.34454818156,0.34439206,0.00809315351341174,0.008234249205000021,0.33153211650000003,0.358053879,0.9998611390170966,2825.284484021741,3206.423804985133
Sigma_epsilon_diag[14],0.2801690761475,0.28000522,0.006879208274504137,0.006666221792999968,0.26896017000000005,0.29156949600000004,1.0008771993016992,4089.6433424681377,3319.43593436843
Sigma_epsilon_diag[15],0.14122366391,0.14123124,0.003385941523586139,0.003451055432999999,0.13571667399999998,0.1469291075,1.000151077473179,3695.010824669777,2807.250414203062
Sigma_epsilon_diag[16],0.2732267349575,0.27304436499999996,0.00662432804664087,0.006665613926999999,0.262804028,0.284486698,1.0007431283083488,3038.551547057734,2713.8578531010426
Sigma_epsilon_diag[17],0.197126313625,0.19700464499999998,0.0047173465821705955,0.004726721537999955,0.18971866250000002,0.205113309,1.0018249954054512,2511.160467830396,3035.5352443373963
Sigma_epsilon_diag[18],0.31250815008,0.312223465,0.007433455105173179,0.007537575465000029,0.3006402445,0.324937745,1.0019216090913639,3048.434035621238,2919.532290537899
Sigma_epsilon_diag[19],0.1485802368925,0.14849257999999999,0.0034799994460037354,0.0034665263640000035,0.14293027349999998,0.1543594955,1.0031896899052888,3431.496521175805,3373.784984004584
Sigma_epsilon_diag[20],0.20261720831,0.202478695,0.0048067941730875995,0.0048066485040000224,0.19492848499999998,0.21059994149999997,1.0026347213761382,2937.836591614865,2983.7221841281607
Sigma_epsilon_diag[21],0.3622712335375,0.36218992,0.008611465145959342,0.008789846141999996,0.34863174,0.37638800549999996,1.0021909614742306,3359.0239555127528,3353.2430694671057
Sigma_epsilon_diag[22],0.2788858125475,0.278717555,0.006700580768298524,0.0067033609230000065,0.2682267315,0.2900418295,1.0027204845769726,3292.3556363045836,3157.810303165973
Sigma_epsilon_diag[23],0.137398265595,0.13731228499999998,0.00332190053578396,0.0032536250040000126,0.132069229,0.142974259,1.0001572227277897,3565.7071239819074,2859.4019188770667
Sigma_epsilon_diag[24],0.353293138015,0.353387295,0.008087497970340146,0.007982852136000007,0.3400028635,0.36658879400000005,1.0006034782822875,3195.475441407734,2904.179577638355
Sigma_epsilon_diag[25],0.1382863492125,0.13826165,0.003323248792543541,0.00334384862699999,0.1328710465,0.1437865975,1.0009139249887506,3682.687961091143,3000.762475154393
Sigma_epsilon_diag[26],0.3265133614,0.32630757,0.007766069485660613,0.007521400298999984,0.31398220200000004,0.339391561,1.0007648006623913,3618.74692530556,3110.3245388041446
Sigma_epsilon_diag[27],0.16891339143,0.16892422,0.004006634265828622,0.003983271768000016,0.1623225495,0.17563748850000002,1.0000145997893948,4168.592733087246,3069.553883655478
Sigma_epsilon_diag[28],0.1378743113525,0.137856105,0.0033448212387688246,0.003399446126999984,0.132567725,0.1434627425,1.0003189452713646,3179.235890915907,3114.407004014266
Sigma_epsilon_diag[29],0.16856910345,0.16852433,0.003945670443236276,0.003938890137000003,0.162205634,0.1751963535,1.0016018060472442,3696.869262032696,3664.024107659198
Sigma_epsilon_diag[30],0.2207027760925,0.22052568,0.0053593136285933094,0.0054036025679999955,0.2120547935,0.2297261715,1.0006839868950836,3554.337299001086,3423.2533970746367
Sigma_epsilon_diag[31],0.4119250336375,0.41176733499999996,0.009907389210826857,0.00987811901999999,0.39598299800000003,0.42841614,1.0004462987957174,3177.493229637904,2704.8234336165424
Sigma_epsilon_diag[32],0.272668317845,0.272691525,0.006278682817035985,0.006332925899999975,0.2624229985,0.283456612,1.0000708762242785,3359.844569449931,3182.5859054908874
Sigma_epsilon_diag[33],0.242179248295,0.24218315499999998,0.005572632089636892,0.005585258133000014,0.233138327,0.25143028500000003,1.0013687516959449,2992.163304998691,3053.7441515065093
Sigma_epsilon_diag[34],0.2963977458325,0.296151715,0.006980395539777676,0.006726748938,0.2851204415,0.3084746615,1.0005216808238548,3430.2658465724503,3113.989848850036
Sigma_epsilon_diag[35],0.17314382661,0.17303654499999999,0.004278843466978346,0.004294284183000009,0.166219025,0.1802759045,1.0018486306024026,3262.330178974561,3227.016688540355
Sigma_epsilon_diag[36],0.1959766802525,0.19598399,0.004657919856971464,0.004610352264000015,0.188482173,0.203735238,0.9997955877075169,3010.698980840075,2997.2030670700487
Sigma_epsilon_diag[37],0.306817350545,0.30664959,0.007080931255417084,0.0069868562819999985,0.29527667849999994,0.31855386550000003,1.0011259129294305,3711.7585916311564,3012.8396559879
Sigma_epsilon_diag[38],0.353915432765,0.35374836,0.008453065667092032,0.008423925636000015,0.3402029885,0.36794869799999996,1.0008082717903144,3365.8671681009514,3037.894140323425
Sigma_epsilon_diag[39],0.2470884637725,0.247027525,0.005818092491137087,0.005720360057999989,0.23759201049999998,0.256783059,1.001671151854373,2920.72715155776,3119.0867393007293
Sigma_epsilon_diag[40],0.1368855215775,0.13683167499999999,0.0033117432314904026,0.0033542120009999875,0.13154244150000002,0.14246916,1.0004549234373188,3082.2197545442928,3164.9817397085303
Sigma_epsilon_diag[41],0.172866720635,0.172721635,0.0041939349171821105,0.004122154322999997,0.166159078,0.17994190899999998,1.0006844476573897,3419.0187842993955,3139.728265412196
Sigma_epsilon_diag[42],0.3743171159725,0.374267225,0.008720010869707674,0.008674247819999979,0.360327466,0.388852588,1.0005329876999525,2656.787711888143,3026.2559363355595
Sigma_epsilon_diag[43],0.16211168833,0.16203191,0.00390407957487157,0.0038746416659999946,0.15575964949999999,0.168484691,1.0012177944599499,4036.448252938441,3157.9495593896145
Sigma_epsilon_diag[44],0.23055578405,0.23054276499999998,0.005400347019764796,0.005496613479000008,0.22171969749999998,0.23962756200000002,1.0016418748822697,2656.65571084773,2772.804867246198
Sigma_epsilon_diag[45],0.3000617008575,0.29998199999999997,0.0071327779551580124,0.007193893958999948,0.288502443,0.3119848045,1.0003735277161578,3013.7513734697854,2805.3977811888453
Sigma_epsilon_diag[46],0.2147872099875,0.21459386,0.005054652924124302,0.004914722631000007,0.206707349,0.2233087545,0.9998047158329808,2885.305483754544,2964.5946611559402
Sigma_epsilon_diag[47],0.1887741903425,0.188715955,0.004614736582413391,0.004619670404999988,0.1813456725,0.19655609,1.0014047359793743,3224.2714259547115,3238.69971712641
Sigma_epsilon_diag[48],0.179571633655,0.179538855,0.004302393207929116,0.0043192141019999936,0.17251036749999998,0.18672145,1.0006658818715122,3247.2465355344234,3147.704889629962
Sigma_epsilon_diag[49],0.33944963401,0.33911327,0.007866599502006558,0.007937877464999977,0.326835541,0.3529963625,1.0014402936554612,3048.4335298544047,2992.377464562484
Sigma_epsilon_diag[50],0.1918251918375,0.191795515,0.004583933164053714,0.004614814889999991,0.184439571,0.199388791,1.00165877458598,3073.4021995700073,3055.7666691979666
Sigma_epsilon_diag[51],0.35579606643,0.35579243,0.008373591324129103,0.008291173632000017,0.34241860599999996,0.370048759,1.0008853891533565,3124.7473283509835,2862.5993965786583
Sigma_epsilon_diag[52],0.16722496324,0.16715205,0.0039028855580432753,0.0038667319949999813,0.160891336,0.17378796749999997,1.001422653945203,3035.9385933764675,2677.9504274471847
Sigma_epsilon_diag[53],0.1346338819725,0.134489725,0.0033017280535428853,0.0033097488270000175,0.129364884,0.140390972,1.0009099551997251,3562.476915546186,3442.527879717469
