variable,mean,median,sd,mad,q5,q95,rhat,ess_bulk,ess_tail
lp__,17404.6843115,17408.889499999997,309.0866220530685,315.1340430000004,16892.3233,17901.9446,1.0056851526464863,760.9275371582984,1523.9491289694672
mu[1],-0.2079892121925,-0.20784709499999998,0.006696820854110857,0.0067377127649999695,-0.21921934399999998,-0.1968437695,1.0025620671109736,3997.1119917576702,3241.770098997124
mu[2],-0.05848094597425,-0.058224952999999996,0.008682969512999562,0.00866824625519999,-0.0729700599,-0.044393290950000004,1.0011962650127,5509.623035485996,3161.4728313531905
mu[3],-0.07812010359225,-0.0781231005,0.006707592961138757,0.006639701785499997,-0.08911087605,-0.06711255030000002,1.0008727065066227,5709.821096328549,3351.3386900889263
mu[4],-0.203324276835,-0.20330531000000002,0.006254968756553938,0.006213902771999972,-0.213560455,-0.19303273799999998,0.9999609966352462,6477.893220385021,2969.5446421109223
mu[5],0.003991621758824525,0.004123826000000001,0.009983409733893136,0.00981102788589,-0.012976559499999998,0.019888785149999998,1.0023345046239545,6216.468071804574,2929.1461923923853
mu[6],5.52219056752475e-4,5.325821400000001e-4,0.00922709585684922,0.009625609096613998,-0.014747532649999999,0.015408821499999989,1.0006907738411404,6892.67659452794,3214.5044841945182
mu[7],0.0206427410124845,0.0205131065,0.008297592797458208,0.008176375913999999,0.00730068629,0.03420079135,1.0025405103460787,5570.720981999823,2597.4183283466045
mu[8],0.4368911115225,0.43688757,0.007802234816037694,0.007818832098000005,0.42440864899999997,0.4497715905,0.9998143542268131,6618.655056131775,3302.587822573864
mu[9],-0.13798786993,-0.13804076,0.006898017566728256,0.0070092880200000015,-0.14939793299999998,-0.126921639,1.0015725691088226,5192.012713831233,3505.710606027752
mu[10],0.19942609622,0.199370235,0.008062295870665983,0.00787706862600001,0.1860175325,0.21250020049999999,1.0010877777485758,5976.541837284329,2580.5637979339613
mu[11],0.04978951774,0.0496626005,0.0071744827451638155,0.007149968968799998,0.03794736120000001,0.061781831350000004,1.0000229650991093,6138.5106371428265,3408.1474419624365
mu[12],-0.02050936392562155,-0.020433963,0.006944543857647283,0.006956740969499999,-0.032028245600000005,-0.009020034550000002,1.000571313079265,5852.215227037235,2781.160750585357
mu[13],-0.2179069925975,-0.218030825,0.009287610657372339,0.009111044018999977,-0.2329875915,-0.20252978950000003,0.999917462812604,6727.824730887147,2936.605007219405
mu[14],0.1815002587075,0.181558525,0.008431628746390534,0.008688250976999995,0.1677049995,0.1951877875,1.0014471728539802,6447.2826076404535,3336.0484794734994
mu[15],0.01561616956355925,0.015653768999999998,0.006505478754155612,0.0064885885217999964,0.004958254500000001,0.0263390661,1.000693014172701,5983.702381336225,2987.4540351560713
mu[16],0.07540787032325,0.0752082295,0.008360684224277182,0.008329833168300008,0.061624677450000005,0.08907362315,1.000598924099623,6071.759043706308,3416.3644527371175
mu[17],-0.05648166036725,-0.056334766,0.006703178757129867,0.006837204861900001,-0.06753306255000001,-0.045613130800000005,1.002127648014882,6025.618379891403,3034.565098318357
mu[18],-0.052115658208,-0.052128911,0.009204297079249338,0.009208331489700001,-0.06697744775,-0.03693603095000001,1.000918746090398,6023.7803670707035,2828.1517444406745
mu[19],-0.17530315254,-0.17524725,0.006258572462168008,0.0063576927329999835,-0.18559606,-0.164898398,1.0037616018127078,5982.368042797317,3593.462737539073
mu[20],-0.138656821845,-0.13874003000000001,0.007021701264796264,0.007236081342000005,-0.14992250749999997,-0.127131574,1.0002295230520506,5970.526006927128,3317.1043131921347
mu[21],-0.2110436237,-0.21109413500000002,0.009408799298240593,0.00930759971399999,-0.2263986185,-0.195692451,1.00021497051789,5823.857129438294,3080.084250104618
mu[22],0.2496708994525,0.24963530499999997,0.00900776028261973,0.009006787587,0.2346567685,0.2645812175,1.0005437540844317,5343.462030305178,3361.791671586855
mu[23],0.1910560798075,0.191024225,0.00633049846369036,0.006398367863999993,0.1807820155,0.20156285899999998,0.9997195068658163,4969.0820622909105,3149.6403145678146
mu[24],0.13158341837325,0.131509035,0.009155631480698125,0.009112333880999997,0.11652748850000001,0.146562199,1.0005974171052379,7468.642233577409,3662.0834278738325
mu[25],0.05552361391475,0.055532595500000004,0.006376767955737166,0.006345649573200007,0.044905433200000004,0.06609215229999998,0.9995897716698596,6044.779062944238,3259.370426968989
mu[26],-0.07419382440825,-0.07418392400000001,0.008876798896660447,0.008501696901600015,-0.08894637459999999,-0.05969159410000001,1.0010682867344474,5355.565899365661,2858.3693904385327
mu[27],0.04326149417075,0.043220097,0.006984235102853644,0.006884989059899998,0.0318995448,0.055031606049999994,1.0003278478178657,6753.6496709607145,3307.97088165972
mu[28],-0.1387960038925,-0.13872025999999998,0.006409617808356459,0.0064608594539999585,-0.1493390245,-0.128390708,1.0013668648528993,5667.9464799401885,3220.7276648886354
mu[29],-0.09595805622675,-0.0960190365,0.0069768284628648715,0.006813048860099995,-0.1072310705,-0.08421169710000001,0.999702441068797,5788.237275228826,3266.3748589195206
mu[30],-0.0610375450605,-0.061166026,0.007605960674743224,0.007792947384599999,-0.0733010711,-0.0484643993,1.00011505487093,5384.898479134756,3273.3121346866824
mu[31],-0.005870498758868425,-0.00592942445,0.01000864512301905,0.00997283202993,-0.02225803155,0.010604806049999993,1.0014238266782545,6057.294125420424,3506.7340655407475
mu[32],-0.2273151881425,-0.227382195,0.008196530140976238,0.008266176996000007,-0.240690445,-0.21398547000000004,1.0000323675383218,6357.508163635956,3029.6674593858766
mu[33],0.240206228005,0.240127015,0.007486586253261246,0.0075601035719999815,0.2277873725,0.252564762,1.0010653607983286,5289.239500778687,2590.770380212644
mu[34],0.2751153935075,0.275014805,0.00863964172943221,0.008818890275999974,0.261179041,0.2894743175,1.0007387573269546,5993.10121317195,3775.5621140349103
mu[35],-0.1794488278175,-0.17950307,0.007095132713220043,0.007073684751000035,-0.19087896250000003,-0.16776153500000002,1.0010037278034776,5228.050720281273,3140.284523213465
mu[36],0.07568474586775,0.075639174,0.0071655244622122,0.007292033924699987,0.06378633974999999,0.08739231909999999,1.0002274002663392,5578.911242964829,3310.735481207177
mu[37],-0.08690325660225,-0.08694846,0.008586386652401443,0.008618864555699997,-0.10087507600000001,-0.07259994730000001,1.0026545298575484,7351.733539923133,3509.524648505029
mu[38],0.12646002092425,0.126328475,0.009579249540752118,0.009725196243000002,0.1111046785,0.142305083,1.0004028916931333,4970.902576486147,3034.6461822008273
mu[39],-0.36339255338,-0.36341650999999997,0.008272804190383664,0.008311559381999985,-0.3771086865,-0.3500931355,1.00012476489605,5594.243077505986,3108.615068512047
mu[40],-0.27626185097,-0.276199705,0.006263257704598157,0.006167682717000001,-0.2867449365,-0.26612916400000003,1.0002388672032956,6124.4358850262,3675.555156070287
mu[41],-0.0243698873858875,-0.0242019765,0.0070575454527519324,0.007078541748599999,-0.036254043349999994,-0.012979549000000002,1.0008233751699427,5710.047073294715,3547.7210374401966
mu[42],-0.05957887933425,-0.05967519,0.009321700540550443,0.009243277113000001,-0.07465380875,-0.04447778035,1.0001848772900366,7065.466960210406,3065.168437749499
mu[43],-0.01529441897419425,-0.0152574095,0.007005438176461424,0.007026331248300001,-0.026940333849999998,-0.003964705255000003,0.9996218302474433,5266.76318558319,2996.1750584484143
mu[44],0.1887623562525,0.188843295,0.007332411632764036,0.00726632638199999,0.1769298855,0.2005421965,1.002261873700694,6047.7022259362675,2863.5298201751243
mu[45],-0.02415971912173525,-0.024213796,0.008690324095745158,0.0087703625541,-0.038287854100000004,-0.01002941945,1.0010135295670726,5307.72551242791,3165.5500363167803
mu[46],-0.081981546713,-0.08193616000000001,0.007269311243581835,0.007356413605800019,-0.09391899525,-0.07005267715000002,1.0006192517853052,6646.035692977916,3224.7766048052354
mu[47],-0.1611982129975,-0.161229825,0.007005996665689342,0.007137792374999993,-0.17280740749999998,-0.1496648165,1.0002942862279987,5363.570509419763,3101.96228021496
mu[48],-0.0264731154833,-0.026557985,0.007015545154172509,0.0068288867346,-0.03815424679999999,-0.014754144550000004,0.9996202980613865,5757.939628446291,3617.735941714318
mu[49],-0.0606377525345,-0.0605092825,0.008914182178354504,0.008892969867600003,-0.0752665503,-0.0462441226,1.0008274838511955,6489.273089839101,2619.172592143235
mu[50],0.2558498013425,0.25588517499999996,0.007240061504494157,0.007265748167999985,0.243807534,0.26775256799999997,1.0004577283156344,6022.9125412673975,3693.003517453824
mu[51],0.2386121850575,0.238634695,0.009776516315936927,0.009607314717000005,0.22262910449999998,0.2548443365,1.0002128476325707,6065.30426777587,2780.3884458320094
mu[52],0.0306525041748,0.030575085000000002,0.006616826283933417,0.0065800649418,0.0199011951,0.04147461464999999,1.0003332513914145,5933.20839197171,3179.6677205229885
mu[53],0.1542224954725,0.154246335,0.006149141817595563,0.006009837708000022,0.14417671199999998,0.164241478,0.9999536465234973,5519.90067281068,3751.469480104451
lambda_a_diag[1],0.2373757728695749,0.224014253,0.22125227520966004,0.3144721228866,0.013050725000000001,0.47551656249999996,1.7331699204984512,6.118090842320727,143.78581126148856
lambda_a_diag[2],0.824981375945,0.82504756,0.018703971743004276,0.018777418107000024,0.7941120865000001,0.8553005505000001,1.0032194536433845,410.9599443706954,922.0843825448538
lambda_a_free[1],0.0011145362800000583,0.006435930000000006,0.192209277139325,0.284359892712,-0.20483606599999998,0.207853308,1.741402265690501,6.110712624794954,98.47808539852795
lambda_a_free[2],-5.638310134999544e-4,0.0028660375,0.06552226930733737,0.0957192127437,-0.07915668255,0.0773141253,1.7449134331141776,6.125990926002432,81.71479242078048
lambda_a_free[3],0.0012494314149999557,-0.0024657349999999967,0.21678347964698558,0.32042596130999995,-0.23373229299999998,0.236211149,1.7413053758023436,6.083651618944288,92.84057390784423
lambda_a_free[4],-0.0014404915300000865,0.0069780650000000055,0.24740406195433165,0.365771697438,-0.2662957765,0.2616454525,1.7404146628223738,6.09058291557826,92.22101464814658
lambda_a_free[5],-9.448983224999017e-4,7.110499999999978e-4,0.14465864449898957,0.213426489507,-0.1604444265,0.15875353999999997,1.7337112797033378,6.114907868853251,121.02104173873272
lambda_a_free[6],3.044557373300133e-4,-0.0011679072,0.025429388243432816,0.0344243255727,-0.03593471635,0.03671664494999999,1.7338044328171482,6.106479118270921,130.67203112051678
lambda_a_free[7],0.001482067277499884,-0.0018665200000000035,0.140684846674213,0.20804113033199997,-0.15321861550000002,0.1563206185,1.7370971575638785,6.163394677141313,138.9524484822267
lambda_a_free[8],-6.288213145067096e-5,4.9856062e-4,0.014236449783791414,0.01543937630529,-0.022979228999999997,0.02315414725,1.4197280560762113,8.177037121373813,128.53691751250255
lambda_a_free[9],8.349632562501895e-5,-0.00397755275,0.044204300113319765,0.0639847846596,-0.05485183245,0.0553185283,1.7349028354043792,6.098790411486348,110.58355567612308
lambda_a_free[10],6.548368949998267e-4,0.003955164999999997,0.18990699370528266,0.281037378699,-0.202074709,0.20482978149999997,1.7392546734404353,6.092674619672606,122.75317670386308
lambda_a_free[11],0.0010752118850000001,0.002094760000000001,0.23336653444409897,0.34530213606,-0.24754533199999998,0.2505771525,1.7379030801960278,6.125853771979617,125.71190368346994
lambda_a_free[12],0.002239094899999773,0.002102454999999989,0.28442717205110857,0.421228209591,-0.2992960475,0.303618309,1.7332899304833997,6.11610571807169,125.60113504435346
lambda_a_free[13],-7.49149825749955e-4,-0.0024157380000000006,0.09491227575538419,0.1395883808298,-0.11140752250000001,0.10921985299999999,1.745114027558098,6.14094520814563,142.0524018336109
lambda_a_free[14],-0.0010100562800000156,4.844550000000017e-4,0.15050339568048537,0.222541010223,-0.165601619,0.164150628,1.7326350844655436,6.12407015316448,153.32627222551326
lambda_a_free[15],-0.001210092129999883,-0.0027082550000000066,0.1751600837934681,0.25930444938299996,-0.188365129,0.18558320150000002,1.7339081909721452,6.117139437690254,110.40662100821372
lambda_a_free[16],0.002150939110000083,0.0027026450000000035,0.18500018618553668,0.273900594492,-0.197886576,0.20360010649999996,1.7332896168697887,6.124484833915476,111.10750042239776
lambda_a_free[17],6.257717874999728e-4,-0.002453785,0.16466399818912014,0.243335261001,-0.17687174949999998,0.1790709605,1.7373249503919919,6.140177650190911,115.64928927405894
lambda_a_free[18],7.36496175000835e-5,-1.036849999999992e-4,0.1366289474240364,0.202171420563,-0.1487071585,0.149392111,1.73414092027389,6.129760135655829,105.50939919430533
lambda_a_free[19],-0.0027690809725000143,-0.0029607600000000067,0.48163423286775453,0.713479099956,-0.5054194689999999,0.49902089450000003,1.734307666773323,6.151241645185949,118.71071029284589
lambda_a_free[20],-5.35185777499859e-4,1.7232500000000095e-4,0.20069868568724505,0.29660376689999995,-0.21827372750000001,0.216782341,1.7390334567919914,6.102533795789909,114.37619738589092
lambda_a_free[21],-0.0015480222332500085,0.0050445045000000015,0.10048625066163518,0.14763344805089998,-0.11706441499999999,0.11247143849999999,1.737803668811486,6.0973444448715926,123.53035662862783
lambda_a_free[22],-0.0012271570494999636,-0.007217608,0.12211704601672935,0.18052172441099998,-0.139075233,0.13554107849999997,1.7340096342296756,6.1159310575377965,192.7837096287662
lambda_a_free[23],-0.0011844726524999126,-0.0010517150000000086,0.21026955370945982,0.310748593743,-0.22794038099999997,0.2238130145,1.7368074727414793,6.1254070656171775,141.58176090691745
lambda_a_free[24],-7.485119012500194e-4,0.0038042720000000044,0.12283441308127986,0.18077867678220003,-0.1401419485,0.1382431475,1.7405171368155883,6.117777442240269,98.95410476137391
lambda_a_free[25],-3.1581147650000025e-4,0.0013210225000000013,0.09530797871892324,0.13989282829199998,-0.1101582785,0.11028116800000001,1.7387012868341454,6.0945547622925265,139.88544502614297
lambda_a_free[26],2.0851865550043403e-5,0.0032957035499999996,0.04885554991349745,0.07079433614043,-0.0614663729,0.06110305284999999,1.734581672793593,6.1282003080813885,124.17240153582418
lambda_a_free[27],-7.888865955000206e-4,-0.0035647535,0.06591229289997183,0.09614898734909999,-0.08038214965000001,0.07864992304999999,1.7400745738051844,6.102187520509426,130.64213596185985
lambda_a_free[28],0.0020164915742498634,0.0022243659999999985,0.1309593280119268,0.19351946215139998,-0.143022873,0.146794373,1.7347034779088362,6.117494067039717,134.97232108870213
lambda_a_free[29],-4.962240208082818e-4,-4.0049472999999995e-4,0.029119811660074973,0.037969445303999996,-0.043549407850000006,0.043035018349999996,1.709674411448804,6.207142684433942,118.43865008604276
lambda_a_free[30],-4.934026015749847e-4,-0.00342093545,0.04006603282150363,0.0566072966361,-0.0531012805,0.05251767609999997,1.735774402366439,6.092570089912804,123.11328416197676
lambda_a_free[31],7.4020639749962e-5,-0.0032912294999999994,0.09426423210148613,0.138774569829,-0.1056372325,0.1061690715,1.7356374338269451,6.096563500710311,141.9747047024045
lambda_a_free[32],0.0022134305899996166,0.0021444700000000094,0.344612906416088,0.510378852732,-0.35825857949999995,0.36372926349999996,1.7357585379187395,6.104435536896613,135.44614848536074
lambda_a_free[33],0.00167649776749995,-0.0011725399999999997,0.25235228025496426,0.37371563132399993,-0.266543084,0.26974434199999997,1.733937509418925,6.162626087717053,134.4186124488241
lambda_a_free[34],0.0010660076000001263,8.272599999999963e-4,0.13659104363030475,0.202024354056,-0.1473298365,0.1491964425,1.7333759043391939,6.112534686077313,123.98498345941763
lambda_a_free[35],-3.429218274999191e-4,-0.0011598849999999994,0.17855020702216712,0.263967841662,-0.19235671999999998,0.19232062049999996,1.732614644185626,6.147320062061002,142.2055324373405
lambda_a_free[36],-0.0013405990649998944,-0.003926454999999995,0.3379198918636199,0.5006333300429999,-0.3591868165,0.35648984250000004,1.7370472375315098,6.150542468046611,138.2548863063335
lambda_a_free[37],3.583475071250326e-4,-0.0019244087,0.04833277722398812,0.06926223397968001,-0.06300119159999999,0.0632449878,1.7336048044016266,6.136517146669945,141.6445254328825
lambda_a_free[38],-0.0018820220674998687,-1.7749499999999974e-4,0.2687479624344018,0.397905873771,-0.28612796900000004,0.281051431,1.7343993950222425,6.181903773164348,164.50267670041072
lambda_a_free[39],-2.1073255017433072e-4,8.2185503825e-5,0.02639762380381062,0.0354946923492,-0.038148401500000005,0.038080977649999986,1.7316601222522099,6.15220857770139,123.07679160374065
lambda_a_free[40],9.090768149999863e-4,7.987349999999949e-4,0.26795465211133684,0.39641543081700004,-0.2823556015,0.28497988550000003,1.7378948769597262,6.106082876350368,115.0111863048337
lambda_a_free[41],5.58279646250052e-4,-0.0023438969999999976,0.11174500996746173,0.163979792823,-0.12762357549999997,0.128168446,1.7369746262960326,6.154764207390061,160.66670598668284
lambda_a_free[42],0.0016178096499999118,0.005124224999999996,0.28364111520808283,0.42011482888199997,-0.2950614805,0.298576938,1.734122907096828,6.140466254433292,119.77016673997645
lambda_a_free[43],-4.209088044154982e-4,-8.2501956e-4,0.020240675250032304,0.024305922311999996,-0.032195067050000005,0.03126849269999999,1.627114862965131,6.572441497136734,117.64477772056215
lambda_a_free[44],-2.7946932160065064e-4,-2.01801225e-4,0.012814460146527077,0.013649090362844998,-0.0210795432,0.0204573844,1.3315140776208823,9.57261827792757,161.73689721603344
lambda_a_free[45],5.136354350000376e-4,0.0032370099999999985,0.2510586721980124,0.37157031653699996,-0.265653023,0.2670552315,1.7346400326094285,6.1504925473911936,132.5435712966256
lambda_a_free[46],-2.597922647500358e-4,0.0011072259999999993,0.05814085328433994,0.0842966989557,-0.07294345934999999,0.07145575094999998,1.732772476697511,6.137750136534241,164.63627348838307
lambda_a_free[47],-2.804882112500071e-4,1.3969750000000086e-4,0.0953719232702774,0.1404833656632,-0.10873651,0.10878448949999998,1.732691588827383,6.104509940168695,133.4312599456366
lambda_a_free[48],0.00161899573999995,0.0036227750000000086,0.23775831098932737,0.35186508735,-0.250137165,0.2528374665,1.7331430875713878,6.126310454054939,139.45271271566088
lambda_a_free[49],-0.0012346274400000755,-0.0020191850000000067,0.35260139447277994,0.522529508445,-0.37340770050000005,0.37014011249999995,1.7341773883590237,6.114227580757845,260.16663176367746
lambda_a_free[50],-0.0015328447074999967,-0.0033432000000000045,0.16250739834438083,0.240402819048,-0.1775809565,0.17373619299999996,1.733393337743312,6.147235480266653,150.01917167623975
lambda_a_free[51],-6.034982322644878e-4,-0.00255130655,0.03949927398170625,0.056106126612270005,-0.052795715050000004,0.0512496161,1.735188721144093,6.124335864549873,122.55388295722382
lambda_a_free[52],0.2913260570875,0.291130235,0.011626056351485692,0.011405315627999974,0.27243212299999997,0.310875956,1.0107433886616755,395.491006332085,911.7306441751523
lambda_a_free[53],0.5232440895225,0.52328411,0.012200432800235295,0.012114732315000048,0.5033006505000001,0.543206634,1.0035432789754637,450.6369740643716,952.5358653672139
lambda_a_free[54],0.3369275976225,0.33678152,0.014905310227793591,0.01502747051399997,0.31268894950000004,0.36054873249999997,1.009873175494337,425.24566544562765,1160.7706853333884
lambda_a_free[55],-0.1846521203375,-0.18473848999999998,0.013907950224465716,0.013869863847000011,-0.2074295445,-0.16199981400000002,1.009453747348225,488.94086331739214,1284.7256689391065
lambda_a_free[56],-0.047100097953,-0.0471075165,0.01184448780585177,0.011794966629600003,-0.06655075265,-0.0275084338,1.0032878093536768,1582.8825061945377,2238.521321324114
lambda_a_free[57],-0.322167361405,-0.32197222999999997,0.010940793282651191,0.010871638931999944,-0.33990925250000004,-0.30457281100000005,1.0007645482394718,785.0863729470723,1511.9662169243652
lambda_a_free[58],-0.06116537526575,-0.060994600999999996,0.01079722934734446,0.010862893074599995,-0.07918920975,-0.0436852565,1.0028321095801807,1540.9928084818953,2583.8283363971273
lambda_a_free[59],-0.19563157521,-0.19554545499999998,0.01008546874657438,0.010057580337000011,-0.21258141,-0.17923914700000002,1.0009964705492915,1661.5938653631276,2645.0793348837683
lambda_a_free[60],-0.05718463603675,-0.0572386935,0.00827761596040133,0.008186432389799997,-0.07075364555000001,-0.043253167550000006,1.0014502203183528,2761.0301724722563,2244.6075582614067
lambda_a_free[61],0.17752293789,0.17747106,0.010559229193125472,0.010669834832999997,0.1599485735,0.19464659599999998,1.0112801627796961,541.166354928736,1222.7080394495888
lambda_a_free[62],0.142583705523,0.142575825,0.012792786588191064,0.012872541065999981,0.1217656775,0.16325182749999997,1.007965317313114,552.3164735975067,1743.4042044506
lambda_a_free[63],-0.2324460507025,-0.232433305,0.013881094282443685,0.013768943264999984,-0.25559985350000003,-0.209690178,1.005415853063558,923.4379310463282,1473.8767874911073
lambda_a_free[64],-0.34879864353,-0.348975355,0.012650556350149353,0.012600698943000007,-0.3694904815,-0.32751387949999994,1.0049331285401095,525.5698288895676,785.8426981116268
lambda_a_free[65],0.1448690447625,0.14495064,0.01157498375823753,0.011261258798999979,0.12564505399999998,0.16361196649999998,1.002349721960437,1906.7488106888811,2377.320667544625
lambda_a_free[66],-0.0235888012127435,-0.023417113,0.009338222879387747,0.009290208074699999,-0.03924784735,-0.008530664785000017,1.0091336292954394,736.5881217775998,1591.1379922262197
lambda_a_free[67],0.0110357346274129,0.011077696500000001,0.012609920445350437,0.012530943799079998,-0.009322038635,0.031469370149999974,1.005410290442955,1069.2720241263785,2737.707055538947
lambda_a_free[68],-0.297539608525,-0.29750563500000005,0.011064048568913378,0.01100463556500002,-0.315502119,-0.2789990485,1.0057048653236829,845.4275253808563,1516.6772762581752
lambda_a_free[69],-0.12307820564,-0.12304265,0.009703150766372856,0.010016252861999995,-0.13910434149999998,-0.10772734600000002,1.0036861594221749,1574.6211160129685,2170.3537555690878
lambda_a_free[70],0.0855293359,0.0856556775,0.017704526199731126,0.017635159315200002,0.05646915205,0.1140892635,1.0182595271156898,451.4323771214581,869.7639575378322
lambda_a_free[71],-0.058867065706825,-0.0591386105,0.013823346565912368,0.013782926406899996,-0.08120190749999999,-0.03586358185,1.0077698782755549,1131.3896016507897,1636.7427238549226
lambda_a_free[72],-0.3096823518675,-0.309746445,0.012311406477949633,0.012348256641000007,-0.3301489945,-0.2900595475,1.0037071501448855,744.1607572197597,1585.4618101634119
lambda_a_free[73],0.298819929425,0.29849430499999996,0.0126537572136786,0.01269312422700008,0.277944919,0.31982382000000004,1.0018733745671637,1330.8639730406724,2779.1291738517243
lambda_a_free[74],-0.1911446280975,-0.19086762000000002,0.012588967472123496,0.01263390177000002,-0.2121821115,-0.17065882449999997,1.0066390876655178,591.5832553113421,1141.759015540943
lambda_a_free[75],0.52978967467,0.5299815750000001,0.01472153177423456,0.014426365170000002,0.506072701,0.5539630975,1.0015452101738804,690.2149062971116,1545.59155307133
lambda_a_free[76],0.4114777648675,0.41129648500000004,0.012407853150628659,0.01201802231700005,0.391079016,0.43242721650000004,1.0034808183277673,558.3501215448847,1146.8476349793848
lambda_a_free[77],0.12231570758725,0.12210067499999999,0.010222589862128886,0.01023921366300001,0.105576447,0.13962169900000002,1.002647974075867,1715.4932250115007,2411.729673548947
lambda_a_free[78],0.29164788763,0.29141787,0.012048602879702892,0.012217713710999998,0.272066288,0.3115541515,1.0024746751496076,856.5492355507002,1896.4097586386947
lambda_a_free[79],-0.080204202553,-0.0799846355,0.010749076035928297,0.010782194415300008,-0.09792648165000001,-0.06265410455000005,1.0020354085017174,1845.5922540021672,2480.965744188573
lambda_a_free[80],-0.24059435698,-0.24058139,0.013413234620656668,0.013430888226000009,-0.2622424725,-0.21847663300000003,1.0050124001754974,1628.2823084118456,2319.462355307241
lambda_a_free[81],0.3612089626625,0.36111859,0.011622024832902486,0.011526970371000011,0.34211732149999996,0.3805476015,1.0034504924529337,636.1442626957692,1359.0764980373522
lambda_a_free[82],0.156936799135,0.15700083,0.009537895696948644,0.009520545552,0.141104686,0.17225968549999998,1.0050499715910703,889.3380282810325,2509.8241684295235
lambda_a_free[83],0.064382178832675,0.06442433049999999,0.014036750828930246,0.013729584682799998,0.0415138205,0.08724031704999999,1.0141155697896884,433.8123621921338,1258.5112976332302
lambda_a_free[84],-0.3164738243575,-0.316663955,0.013684729309830904,0.013476900716999985,-0.338921481,-0.293793931,1.0042917206919622,964.340715084923,1651.7637306707081
lambda_a_free[85],-0.1514899459,-0.15179866,0.009215921142370758,0.009072659504999997,-0.16613268,-0.1357377375,1.0040169778576944,1273.8898915296736,2019.339021742762
lambda_a_free[86],0.02500159495522325,0.025060141,0.010625821242512505,0.010635388104599998,0.007926601955000001,0.042514347849999995,1.0101345270085407,743.1888554069063,1467.216150709543
lambda_a_free[87],-0.24537509378,-0.24529597,0.016326413725099704,0.016194884579999996,-0.27196012999999997,-0.21866912550000003,1.010652235364411,423.38685463345485,839.9910810798706
lambda_a_free[88],-0.13018644251775,-0.13032548,0.012459589422019298,0.012682842396000009,-0.15057164299999998,-0.10983278000000002,0.9999395025807345,2133.0011822256565,2701.6132959570327
lambda_a_free[89],-0.09247962990425,-0.092308845,0.012599298991998064,0.012500229812700001,-0.113691827,-0.07200286700000001,1.0129968405499687,443.7371488455842,611.5510512704919
lambda_a_free[90],0.2187443142,0.21864224,0.010885283710775904,0.011122672764000006,0.201277659,0.23661922349999998,1.0011107719678378,1024.844978019349,1503.8645592328276
lambda_a_free[91],0.0162123807088835,0.016066152,0.01277318102459884,0.01244174220639,-0.00513120013,0.037442990199999984,1.0090461232763184,563.5417531732897,1151.877643399971
lambda_a_free[92],0.437786765485,0.437622775,0.014088093603770956,0.013821419891999955,0.414893652,0.4613165775,1.003762235679948,444.6174822856435,1273.2206473583883
lambda_a_free[93],-6.241143112440001e-4,-6.70879285e-4,0.011245499026977787,0.011169380816789998,-0.018655522999999997,0.017493239949999993,1.0145802797474528,499.3297421134751,1169.1828641203263
lambda_a_free[94],-0.18326752282,-0.183059195,0.010889773538767888,0.011037593762999995,-0.2011753305,-0.16603868600000005,1.0008837320059147,1795.8722335458392,2942.6805844260584
lambda_a_free[95],-0.3465494580325,-0.34640929,0.010377206793475051,0.010486496517,-0.364035814,-0.3297040075,1.0015854344412518,664.2933308120213,1813.288619076047
lambda_a_free[96],0.0203989608776503,0.0203001,0.011840027419195227,0.0118506315879,0.0012840522700000002,0.04010805914999999,1.0119666772584244,622.7526150056474,1254.7093744969866
lambda_a_free[97],-0.12853128141975,-0.128554475,0.01103418704375371,0.010950402057000007,-0.14674506250000002,-0.11085993,1.0006820042853526,1392.3192423496089,2642.402502978699
lambda_a_free[98],-0.089615950344,-0.0895923575,0.010794577674997882,0.011006190071099993,-0.10709020899999999,-0.07173081035000001,1.001125673578471,3235.0699656220195,3267.9949508260643
lambda_a_free[99],-0.1278917274885,-0.127718675,0.011106414339325002,0.010859051657999995,-0.14622817400000002,-0.10962102700000001,1.0051908113609813,786.1213440877108,1621.3604052034914
lambda_a_free[100],-0.30141693134,-0.301784935,0.016566315990089835,0.016733831918999967,-0.3282247495,-0.27355238,1.0119765474565656,353.33907295715886,631.2964854163849
lambda_a_free[101],0.2252428619325,0.22534652,0.01070563634936367,0.010685290937999989,0.20760722750000002,0.243222973,1.0032431916728932,1011.1247752287933,1793.9383186230584
lambda_a_free[102],0.138551181715,0.13851598,0.010423452545102985,0.010552398087000002,0.1217455165,0.15574244599999998,1.0020853108478736,1545.7276631206462,2583.1031210664596
"Lambda_a[1,1]",0.2373757728695749,0.224014253,0.22125227520966004,0.3144721228866,0.013050725000000001,0.47551656249999996,1.7331699204984512,6.118090842320727,143.78581126148856
"Lambda_a[2,1]",0,0,0,0,0,0,NA,NA,NA
"Lambda_a[3,1]",0.0011145362800000583,0.006435930000000006,0.192209277139325,0.284359892712,-0.20483606599999998,0.207853308,1.741402265690501,6.110712624794954,98.47808539852795
"Lambda_a[4,1]",-5.638310134999544e-4,0.0028660375,0.06552226930733737,0.0957192127437,-0.07915668255,0.0773141253,1.7449134331141776,6.125990926002432,81.71479242078048
"Lambda_a[5,1]",0.0012494314149999557,-0.0024657349999999967,0.21678347964698558,0.32042596130999995,-0.23373229299999998,0.236211149,1.7413053758023436,6.083651618944288,92.84057390784423
"Lambda_a[6,1]",-0.0014404915300000865,0.0069780650000000055,0.24740406195433165,0.365771697438,-0.2662957765,0.2616454525,1.7404146628223738,6.09058291557826,92.22101464814658
"Lambda_a[7,1]",-9.448983224999017e-4,7.110499999999978e-4,0.14465864449898957,0.213426489507,-0.1604444265,0.15875353999999997,1.7337112797033378,6.114907868853251,121.02104173873272
"Lambda_a[8,1]",3.044557373300133e-4,-0.0011679072,0.025429388243432816,0.0344243255727,-0.03593471635,0.03671664494999999,1.7338044328171482,6.106479118270921,130.67203112051678
"Lambda_a[9,1]",0.001482067277499884,-0.0018665200000000035,0.140684846674213,0.20804113033199997,-0.15321861550000002,0.1563206185,1.7370971575638785,6.163394677141313,138.9524484822267
"Lambda_a[10,1]",-6.288213145067096e-5,4.9856062e-4,0.014236449783791414,0.01543937630529,-0.022979228999999997,0.02315414725,1.4197280560762113,8.177037121373813,128.53691751250255
"Lambda_a[11,1]",8.349632562501895e-5,-0.00397755275,0.044204300113319765,0.0639847846596,-0.05485183245,0.0553185283,1.7349028354043792,6.098790411486348,110.58355567612308
"Lambda_a[12,1]",6.548368949998267e-4,0.003955164999999997,0.18990699370528266,0.281037378699,-0.202074709,0.20482978149999997,1.7392546734404353,6.092674619672606,122.75317670386308
"Lambda_a[13,1]",0.0010752118850000001,0.002094760000000001,0.23336653444409897,0.34530213606,-0.24754533199999998,0.2505771525,1.7379030801960278,6.125853771979617,125.71190368346994
"Lambda_a[14,1]",0.002239094899999773,0.002102454999999989,0.28442717205110857,0.421228209591,-0.2992960475,0.303618309,1.7332899304833997,6.11610571807169,125.60113504435346
"Lambda_a[15,1]",-7.49149825749955e-4,-0.0024157380000000006,0.09491227575538419,0.1395883808298,-0.11140752250000001,0.10921985299999999,1.745114027558098,6.14094520814563,142.0524018336109
"Lambda_a[16,1]",-0.0010100562800000156,4.844550000000017e-4,0.15050339568048537,0.222541010223,-0.165601619,0.164150628,1.7326350844655436,6.12407015316448,153.32627222551326
"Lambda_a[17,1]",-0.001210092129999883,-0.0027082550000000066,0.1751600837934681,0.25930444938299996,-0.188365129,0.18558320150000002,1.7339081909721452,6.117139437690254,110.40662100821372
"Lambda_a[18,1]",0.002150939110000083,0.0027026450000000035,0.18500018618553668,0.273900594492,-0.197886576,0.20360010649999996,1.7332896168697887,6.124484833915476,111.10750042239776
"Lambda_a[19,1]",6.257717874999728e-4,-0.002453785,0.16466399818912014,0.243335261001,-0.17687174949999998,0.1790709605,1.7373249503919919,6.140177650190911,115.64928927405894
"Lambda_a[20,1]",7.36496175000835e-5,-1.036849999999992e-4,0.1366289474240364,0.202171420563,-0.1487071585,0.149392111,1.73414092027389,6.129760135655829,105.50939919430533
"Lambda_a[21,1]",-0.0027690809725000143,-0.0029607600000000067,0.48163423286775453,0.713479099956,-0.5054194689999999,0.49902089450000003,1.734307666773323,6.151241645185949,118.71071029284589
"Lambda_a[22,1]",-5.35185777499859e-4,1.7232500000000095e-4,0.20069868568724505,0.29660376689999995,-0.21827372750000001,0.216782341,1.7390334567919914,6.102533795789909,114.37619738589092
"Lambda_a[23,1]",-0.0015480222332500085,0.0050445045000000015,0.10048625066163518,0.14763344805089998,-0.11706441499999999,0.11247143849999999,1.737803668811486,6.0973444448715926,123.53035662862783
"Lambda_a[24,1]",-0.0012271570494999636,-0.007217608,0.12211704601672935,0.18052172441099998,-0.139075233,0.13554107849999997,1.7340096342296756,6.1159310575377965,192.7837096287662
"Lambda_a[25,1]",-0.0011844726524999126,-0.0010517150000000086,0.21026955370945982,0.310748593743,-0.22794038099999997,0.2238130145,1.7368074727414793,6.1254070656171775,141.58176090691745
"Lambda_a[26,1]",-7.485119012500194e-4,0.0038042720000000044,0.12283441308127986,0.18077867678220003,-0.1401419485,0.1382431475,1.7405171368155883,6.117777442240269,98.95410476137391
"Lambda_a[27,1]",-3.1581147650000025e-4,0.0013210225000000013,0.09530797871892324,0.13989282829199998,-0.1101582785,0.11028116800000001,1.7387012868341454,6.0945547622925265,139.88544502614297
"Lambda_a[28,1]",2.0851865550043403e-5,0.0032957035499999996,0.04885554991349745,0.07079433614043,-0.0614663729,0.06110305284999999,1.734581672793593,6.1282003080813885,124.17240153582418
"Lambda_a[29,1]",-7.888865955000206e-4,-0.0035647535,0.06591229289997183,0.09614898734909999,-0.08038214965000001,0.07864992304999999,1.7400745738051844,6.102187520509426,130.64213596185985
"Lambda_a[30,1]",0.0020164915742498634,0.0022243659999999985,0.1309593280119268,0.19351946215139998,-0.143022873,0.146794373,1.7347034779088362,6.117494067039717,134.97232108870213
"Lambda_a[31,1]",-4.962240208082818e-4,-4.0049472999999995e-4,0.029119811660074973,0.037969445303999996,-0.043549407850000006,0.043035018349999996,1.709674411448804,6.207142684433942,118.43865008604276
"Lambda_a[32,1]",-4.934026015749847e-4,-0.00342093545,0.04006603282150363,0.0566072966361,-0.0531012805,0.05251767609999997,1.735774402366439,6.092570089912804,123.11328416197676
"Lambda_a[33,1]",7.4020639749962e-5,-0.0032912294999999994,0.09426423210148613,0.138774569829,-0.1056372325,0.1061690715,1.7356374338269451,6.096563500710311,141.9747047024045
"Lambda_a[34,1]",0.0022134305899996166,0.0021444700000000094,0.344612906416088,0.510378852732,-0.35825857949999995,0.36372926349999996,1.7357585379187395,6.104435536896613,135.44614848536074
"Lambda_a[35,1]",0.00167649776749995,-0.0011725399999999997,0.25235228025496426,0.37371563132399993,-0.266543084,0.26974434199999997,1.733937509418925,6.162626087717053,134.4186124488241
"Lambda_a[36,1]",0.0010660076000001263,8.272599999999963e-4,0.13659104363030475,0.202024354056,-0.1473298365,0.1491964425,1.7333759043391939,6.112534686077313,123.98498345941763
"Lambda_a[37,1]",-3.429218274999191e-4,-0.0011598849999999994,0.17855020702216712,0.263967841662,-0.19235671999999998,0.19232062049999996,1.732614644185626,6.147320062061002,142.2055324373405
"Lambda_a[38,1]",-0.0013405990649998944,-0.003926454999999995,0.3379198918636199,0.5006333300429999,-0.3591868165,0.35648984250000004,1.7370472375315098,6.150542468046611,138.2548863063335
"Lambda_a[39,1]",3.583475071250326e-4,-0.0019244087,0.04833277722398812,0.06926223397968001,-0.06300119159999999,0.0632449878,1.7336048044016266,6.136517146669945,141.6445254328825
"Lambda_a[40,1]",-0.0018820220674998687,-1.7749499999999974e-4,0.2687479624344018,0.397905873771,-0.28612796900000004,0.281051431,1.7343993950222425,6.181903773164348,164.50267670041072
"Lambda_a[41,1]",-2.1073255017433072e-4,8.2185503825e-5,0.02639762380381062,0.0354946923492,-0.038148401500000005,0.038080977649999986,1.7316601222522099,6.15220857770139,123.07679160374065
"Lambda_a[42,1]",9.090768149999863e-4,7.987349999999949e-4,0.26795465211133684,0.39641543081700004,-0.2823556015,0.28497988550000003,1.7378948769597262,6.106082876350368,115.0111863048337
"Lambda_a[43,1]",5.58279646250052e-4,-0.0023438969999999976,0.11174500996746173,0.163979792823,-0.12762357549999997,0.128168446,1.7369746262960326,6.154764207390061,160.66670598668284
"Lambda_a[44,1]",0.0016178096499999118,0.005124224999999996,0.28364111520808283,0.42011482888199997,-0.2950614805,0.298576938,1.734122907096828,6.140466254433292,119.77016673997645
"Lambda_a[45,1]",-4.209088044154982e-4,-8.2501956e-4,0.020240675250032304,0.024305922311999996,-0.032195067050000005,0.03126849269999999,1.627114862965131,6.572441497136734,117.64477772056215
"Lambda_a[46,1]",-2.7946932160065064e-4,-2.01801225e-4,0.012814460146527077,0.013649090362844998,-0.0210795432,0.0204573844,1.3315140776208823,9.57261827792757,161.73689721603344
"Lambda_a[47,1]",5.136354350000376e-4,0.0032370099999999985,0.2510586721980124,0.37157031653699996,-0.265653023,0.2670552315,1.7346400326094285,6.1504925473911936,132.5435712966256
"Lambda_a[48,1]",-2.597922647500358e-4,0.0011072259999999993,0.05814085328433994,0.0842966989557,-0.07294345934999999,0.07145575094999998,1.732772476697511,6.137750136534241,164.63627348838307
"Lambda_a[49,1]",-2.804882112500071e-4,1.3969750000000086e-4,0.0953719232702774,0.1404833656632,-0.10873651,0.10878448949999998,1.732691588827383,6.104509940168695,133.4312599456366
"Lambda_a[50,1]",0.00161899573999995,0.0036227750000000086,0.23775831098932737,0.35186508735,-0.250137165,0.2528374665,1.7331430875713878,6.126310454054939,139.45271271566088
"Lambda_a[51,1]",-0.0012346274400000755,-0.0020191850000000067,0.35260139447277994,0.522529508445,-0.37340770050000005,0.37014011249999995,1.7341773883590237,6.114227580757845,260.16663176367746
"Lambda_a[52,1]",-0.0015328447074999967,-0.0033432000000000045,0.16250739834438083,0.240402819048,-0.1775809565,0.17373619299999996,1.733393337743312,6.147235480266653,150.01917167623975
"Lambda_a[53,1]",-6.034982322644878e-4,-0.00255130655,0.03949927398170625,0.056106126612270005,-0.052795715050000004,0.0512496161,1.735188721144093,6.124335864549873,122.55388295722382
"Lambda_a[1,2]",0,0,0,0,0,0,NA,NA,NA
"Lambda_a[2,2]",0.824981375945,0.82504756,0.018703971743004276,0.018777418107000024,0.7941120865000001,0.8553005505000001,1.0032194536433845,410.9599443706954,922.0843825448538
"Lambda_a[3,2]",0.2913260570875,0.291130235,0.011626056351485692,0.011405315627999974,0.27243212299999997,0.310875956,1.0107433886616755,395.491006332085,911.7306441751523
"Lambda_a[4,2]",0.5232440895225,0.52328411,0.012200432800235295,0.012114732315000048,0.5033006505000001,0.543206634,1.0035432789754637,450.6369740643716,952.5358653672139
"Lambda_a[5,2]",0.3369275976225,0.33678152,0.014905310227793591,0.01502747051399997,0.31268894950000004,0.36054873249999997,1.009873175494337,425.24566544562765,1160.7706853333884
"Lambda_a[6,2]",-0.1846521203375,-0.18473848999999998,0.013907950224465716,0.013869863847000011,-0.2074295445,-0.16199981400000002,1.009453747348225,488.94086331739214,1284.7256689391065
"Lambda_a[7,2]",-0.047100097953,-0.0471075165,0.01184448780585177,0.011794966629600003,-0.06655075265,-0.0275084338,1.0032878093536768,1582.8825061945377,2238.521321324114
"Lambda_a[8,2]",-0.322167361405,-0.32197222999999997,0.010940793282651191,0.010871638931999944,-0.33990925250000004,-0.30457281100000005,1.0007645482394718,785.0863729470723,1511.9662169243652
"Lambda_a[9,2]",-0.06116537526575,-0.060994600999999996,0.01079722934734446,0.010862893074599995,-0.07918920975,-0.0436852565,1.0028321095801807,1540.9928084818953,2583.8283363971273
"Lambda_a[10,2]",-0.19563157521,-0.19554545499999998,0.01008546874657438,0.010057580337000011,-0.21258141,-0.17923914700000002,1.0009964705492915,1661.5938653631276,2645.0793348837683
"Lambda_a[11,2]",-0.05718463603675,-0.0572386935,0.00827761596040133,0.008186432389799997,-0.07075364555000001,-0.043253167550000006,1.0014502203183528,2761.0301724722563,2244.6075582614067
"Lambda_a[12,2]",0.17752293789,0.17747106,0.010559229193125472,0.010669834832999997,0.1599485735,0.19464659599999998,1.0112801627796961,541.166354928736,1222.7080394495888
"Lambda_a[13,2]",0.142583705523,0.142575825,0.012792786588191064,0.012872541065999981,0.1217656775,0.16325182749999997,1.007965317313114,552.3164735975067,1743.4042044506
"Lambda_a[14,2]",-0.2324460507025,-0.232433305,0.013881094282443685,0.013768943264999984,-0.25559985350000003,-0.209690178,1.005415853063558,923.4379310463282,1473.8767874911073
"Lambda_a[15,2]",-0.34879864353,-0.348975355,0.012650556350149353,0.012600698943000007,-0.3694904815,-0.32751387949999994,1.0049331285401095,525.5698288895676,785.8426981116268
"Lambda_a[16,2]",0.1448690447625,0.14495064,0.01157498375823753,0.011261258798999979,0.12564505399999998,0.16361196649999998,1.002349721960437,1906.7488106888811,2377.320667544625
"Lambda_a[17,2]",-0.0235888012127435,-0.023417113,0.009338222879387747,0.009290208074699999,-0.03924784735,-0.008530664785000017,1.0091336292954394,736.5881217775998,1591.1379922262197
"Lambda_a[18,2]",0.0110357346274129,0.011077696500000001,0.012609920445350437,0.012530943799079998,-0.009322038635,0.031469370149999974,1.005410290442955,1069.2720241263785,2737.707055538947
"Lambda_a[19,2]",-0.297539608525,-0.29750563500000005,0.011064048568913378,0.01100463556500002,-0.315502119,-0.2789990485,1.0057048653236829,845.4275253808563,1516.6772762581752
"Lambda_a[20,2]",-0.12307820564,-0.12304265,0.009703150766372856,0.010016252861999995,-0.13910434149999998,-0.10772734600000002,1.0036861594221749,1574.6211160129685,2170.3537555690878
"Lambda_a[21,2]",0.0855293359,0.0856556775,0.017704526199731126,0.017635159315200002,0.05646915205,0.1140892635,1.0182595271156898,451.4323771214581,869.7639575378322
"Lambda_a[22,2]",-0.058867065706825,-0.0591386105,0.013823346565912368,0.013782926406899996,-0.08120190749999999,-0.03586358185,1.0077698782755549,1131.3896016507897,1636.7427238549226
"Lambda_a[23,2]",-0.3096823518675,-0.309746445,0.012311406477949633,0.012348256641000007,-0.3301489945,-0.2900595475,1.0037071501448855,744.1607572197597,1585.4618101634119
"Lambda_a[24,2]",0.298819929425,0.29849430499999996,0.0126537572136786,0.01269312422700008,0.277944919,0.31982382000000004,1.0018733745671637,1330.8639730406724,2779.1291738517243
"Lambda_a[25,2]",-0.1911446280975,-0.19086762000000002,0.012588967472123496,0.01263390177000002,-0.2121821115,-0.17065882449999997,1.0066390876655178,591.5832553113421,1141.759015540943
"Lambda_a[26,2]",0.52978967467,0.5299815750000001,0.01472153177423456,0.014426365170000002,0.506072701,0.5539630975,1.0015452101738804,690.2149062971116,1545.59155307133
"Lambda_a[27,2]",0.4114777648675,0.41129648500000004,0.012407853150628659,0.01201802231700005,0.391079016,0.43242721650000004,1.0034808183277673,558.3501215448847,1146.8476349793848
"Lambda_a[28,2]",0.12231570758725,0.12210067499999999,0.010222589862128886,0.01023921366300001,0.105576447,0.13962169900000002,1.002647974075867,1715.4932250115007,2411.729673548947
"Lambda_a[29,2]",0.29164788763,0.29141787,0.012048602879702892,0.012217713710999998,0.272066288,0.3115541515,1.0024746751496076,856.5492355507002,1896.4097586386947
"Lambda_a[30,2]",-0.080204202553,-0.0799846355,0.010749076035928297,0.010782194415300008,-0.09792648165000001,-0.06265410455000005,1.0020354085017174,1845.5922540021672,2480.965744188573
"Lambda_a[31,2]",-0.24059435698,-0.24058139,0.013413234620656668,0.013430888226000009,-0.2622424725,-0.21847663300000003,1.0050124001754974,1628.2823084118456,2319.462355307241
"Lambda_a[32,2]",0.3612089626625,0.36111859,0.011622024832902486,0.011526970371000011,0.34211732149999996,0.3805476015,1.0034504924529337,636.1442626957692,1359.0764980373522
"Lambda_a[33,2]",0.156936799135,0.15700083,0.009537895696948644,0.009520545552,0.141104686,0.17225968549999998,1.0050499715910703,889.3380282810325,2509.8241684295235
"Lambda_a[34,2]",0.064382178832675,0.06442433049999999,0.014036750828930246,0.013729584682799998,0.0415138205,0.08724031704999999,1.0141155697896884,433.8123621921338,1258.5112976332302
"Lambda_a[35,2]",-0.3164738243575,-0.316663955,0.013684729309830904,0.013476900716999985,-0.338921481,-0.293793931,1.0042917206919622,964.340715084923,1651.7637306707081
"Lambda_a[36,2]",-0.1514899459,-0.15179866,0.009215921142370758,0.009072659504999997,-0.16613268,-0.1357377375,1.0040169778576944,1273.8898915296736,2019.339021742762
"Lambda_a[37,2]",0.02500159495522325,0.025060141,0.010625821242512505,0.010635388104599998,0.007926601955000001,0.042514347849999995,1.0101345270085407,743.1888554069063,1467.216150709543
"Lambda_a[38,2]",-0.24537509378,-0.24529597,0.016326413725099704,0.016194884579999996,-0.27196012999999997,-0.21866912550000003,1.010652235364411,423.38685463345485,839.9910810798706
"Lambda_a[39,2]",-0.13018644251775,-0.13032548,0.012459589422019298,0.012682842396000009,-0.15057164299999998,-0.10983278000000002,0.9999395025807345,2133.0011822256565,2701.6132959570327
"Lambda_a[40,2]",-0.09247962990425,-0.092308845,0.012599298991998064,0.012500229812700001,-0.113691827,-0.07200286700000001,1.0129968405499687,443.7371488455842,611.5510512704919
"Lambda_a[41,2]",0.2187443142,0.21864224,0.010885283710775904,0.011122672764000006,0.201277659,0.23661922349999998,1.0011107719678378,1024.844978019349,1503.8645592328276
"Lambda_a[42,2]",0.0162123807088835,0.016066152,0.01277318102459884,0.01244174220639,-0.00513120013,0.037442990199999984,1.0090461232763184,563.5417531732897,1151.877643399971
"Lambda_a[43,2]",0.437786765485,0.437622775,0.014088093603770956,0.013821419891999955,0.414893652,0.4613165775,1.003762235679948,444.6174822856435,1273.2206473583883
"Lambda_a[44,2]",-6.241143112440001e-4,-6.70879285e-4,0.011245499026977787,0.011169380816789998,-0.018655522999999997,0.017493239949999993,1.0145802797474528,499.3297421134751,1169.1828641203263
"Lambda_a[45,2]",-0.18326752282,-0.183059195,0.010889773538767888,0.011037593762999995,-0.2011753305,-0.16603868600000005,1.0008837320059147,1795.8722335458392,2942.6805844260584
"Lambda_a[46,2]",-0.3465494580325,-0.34640929,0.010377206793475051,0.010486496517,-0.364035814,-0.3297040075,1.0015854344412518,664.2933308120213,1813.288619076047
"Lambda_a[47,2]",0.0203989608776503,0.0203001,0.011840027419195227,0.0118506315879,0.0012840522700000002,0.04010805914999999,1.0119666772584244,622.7526150056474,1254.7093744969866
"Lambda_a[48,2]",-0.12853128141975,-0.128554475,0.01103418704375371,0.010950402057000007,-0.14674506250000002,-0.11085993,1.0006820042853526,1392.3192423496089,2642.402502978699
"Lambda_a[49,2]",-0.089615950344,-0.0895923575,0.010794577674997882,0.011006190071099993,-0.10709020899999999,-0.07173081035000001,1.001125673578471,3235.0699656220195,3267.9949508260643
"Lambda_a[50,2]",-0.1278917274885,-0.127718675,0.011106414339325002,0.010859051657999995,-0.14622817400000002,-0.10962102700000001,1.0051908113609813,786.1213440877108,1621.3604052034914
"Lambda_a[51,2]",-0.30141693134,-0.301784935,0.016566315990089835,0.016733831918999967,-0.3282247495,-0.27355238,1.0119765474565656,353.33907295715886,631.2964854163849
"Lambda_a[52,2]",0.2252428619325,0.22534652,0.01070563634936367,0.010685290937999989,0.20760722750000002,0.243222973,1.0032431916728932,1011.1247752287933,1793.9383186230584
"Lambda_a[53,2]",0.138551181715,0.13851598,0.010423452545102985,0.010552398087000002,0.1217455165,0.15574244599999998,1.0020853108478736,1545.7276631206462,2583.1031210664596
psi_a[1],0.4166420259225,0.41384148,0.1277790984650579,0.18815888611799994,0.2767827325,0.5599952534999999,1.7342830295737146,6.1867478455694,143.81204010824007
psi_a[2],0.2792498175625,0.27940132,0.014265968896683056,0.014328891632999993,0.2554995145,0.303061674,1.0028229517294542,1180.4399095472154,2241.6616317158328
psi_a[3],0.2349292494925,0.234758465,0.0094339700571848,0.009340713584999988,0.219747452,0.25068939749999997,1.0029172161916637,1252.2809437358537,1750.898974442115
psi_a[4],0.13721263493675,0.137049095,0.011725928894193906,0.011490038805000007,0.11770236500000002,0.155975726,1.0017477513109228,819.1856596402017,1497.757758129721
psi_a[5],0.2722929908625,0.27236923999999996,0.014372942121511039,0.01470985311600008,0.24909137999999997,0.29597274100000004,1.0016112187976676,1473.7234194495786,2187.929057835443
psi_a[6],0.24269408915250001,0.24254576,0.01408842804131359,0.013728646196999983,0.219706582,0.2661610225,1.0012319298351975,1373.4218617332854,2161.8980621337737
psi_a[7],0.2954566000875,0.2955121,0.011186166652270669,0.011377146227999986,0.277025838,0.31369617050000004,1.0047867662702128,1372.3006295063192,2374.819589048851
psi_a[8],0.1672945877225,0.16745854,0.012625559167317403,0.012532024911000004,0.1461761835,0.187853206,1.0055065457625507,1312.0986014478672,2094.1374948123807
psi_a[9],0.303165199595,0.30308544000000004,0.009562685889919402,0.009569597373000043,0.28769550149999995,0.3192166175,1.0018962102934499,1243.8824584129718,2878.2765907547714
psi_a[10],0.1591962778975,0.15946168,0.013933248864492005,0.013947174023999994,0.13577690250000002,0.18168490599999995,1.004140525733547,1038.4742807895614,1784.9255413630203
psi_a[11],0.16322158276,0.16347367000000002,0.010909490498111915,0.010859696589000016,0.14512339549999997,0.180953292,0.9995580316905783,1181.2010028673085,1936.224979203642
psi_a[12],0.22017755148,0.22020128,0.010373829261755176,0.010353433167,0.20300368200000002,0.23675691299999999,1.0027242571120802,1392.4867276657856,2427.452162049504
psi_a[13],0.2240807657525,0.22398056500000002,0.014557926392291249,0.01439087913900004,0.20017646549999998,0.24827968350000001,1.0012760542377124,1167.1602781383597,2037.5439291248622
psi_a[14],0.28266317357,0.28276076,0.012592344413221346,0.012693635723999976,0.26206479099999996,0.30336744349999994,1.0028312387633866,1336.046980992953,2626.649361414108
psi_a[15],0.3069511237325,0.306840625,0.009163179592838957,0.009110258240999978,0.2920318055,0.322187273,1.0017245780364878,1631.7868918236425,2523.053341507544
psi_a[16],0.2529442082925,0.253020445,0.012058920581133272,0.012276372780000006,0.23298589549999998,0.2726633235,1.001321766100209,1530.9814915402694,2117.977731766543
psi_a[17],0.16078042175750001,0.161125505,0.010987436827147631,0.011182577217000016,0.1422781175,0.178086011,1.0018884541611415,1370.143792756016,2148.8140784666725
psi_a[18],0.282469478325,0.28233301499999996,0.012631126432225503,0.012500934789000011,0.26190594899999997,0.30333588699999997,1.0040264544939537,1329.5602408777904,2066.6602990553088
psi_a[19],0.2389356297725,0.23899633,0.008946781652875721,0.008822352147000005,0.223812189,0.2535508485,1.000706455884339,1351.258679629021,2177.7231864299642
psi_a[20],0.20504687598,0.204972205,0.010833334834262295,0.010816204518000007,0.1875902515,0.2233161485,1.0041309724814476,1134.5321271501457,1875.7566571162029
psi_a[21],0.3362493005525,0.33636874,0.014932829635495354,0.01489421442599999,0.311654273,0.36078192099999995,1.0002461102316778,1315.102680589759,2080.2101084238657
psi_a[22],0.3526159195475,0.352537845,0.012298380383245744,0.012176986688999995,0.332917779,0.37307371349999996,1.0023277043890821,1405.0768239155616,2659.400178015429
psi_a[23],0.3250147923975,0.32481853,0.009478183589788488,0.009483732593999974,0.30924456,0.34042802399999994,1.0019926018735639,1557.6798759114404,2569.9214489968012
psi_a[24],0.22241054203,0.222552125,0.013881463405670544,0.014118814625999976,0.19933633650000002,0.244865524,1.0027661082569272,1374.4761146864623,2563.4439852339688
psi_a[25],0.33048457474,0.33045902,0.009339042189055877,0.009329482890000015,0.315640285,0.3458884075,1.001455025364894,1464.441100872529,2625.3907237378744
psi_a[26],0.22324516125,0.223343495,0.013667680242860235,0.013606895085000017,0.20057063249999998,0.246023547,1.0020837127071314,1235.3136293357452,2134.6481733813753
psi_a[27],0.2675200900725,0.26736810499999997,0.009857174460239215,0.009970655499000005,0.2513903295,0.28387514199999997,1.0038145235580254,1287.3190347627933,2546.350890334075
psi_a[28],0.292030395845,0.29207489,0.00905801782591906,0.009137389821000019,0.27699423,0.307148073,1.0021247481117688,1395.1194253643666,2374.0311788280314
psi_a[29],0.3041251145375,0.304182215,0.009822274523159303,0.00997357622099999,0.288177267,0.3203257285,1.004065847440071,1407.6908130689637,2499.159711621274
psi_a[30],0.275642014125,0.27564742,0.010781733148866775,0.011013012255000013,0.2582304535,0.2935361335,1.003953103346527,1282.9676308242383,2537.7664167480184
psi_a[31],0.296589000685,0.29656775,0.014758487666666228,0.014924815289999973,0.27215773449999997,0.32054000099999996,1.0021630258723528,1261.9014214644724,2174.0927310560096
psi_a[32],0.174635968505,0.17469665499999998,0.012596310038357917,0.012564923805000012,0.153917787,0.19505889799999998,1.0009121402273036,1295.5990742568006,2204.9053331746786
psi_a[33],0.161985537635,0.16210955500000002,0.012103816567376862,0.01198756971300001,0.142186699,0.18160298849999998,1.004011593006197,1155.5293020218412,2175.3605676598986
psi_a[34],0.259249377445,0.25932941,0.012847438259367797,0.012818062929000036,0.238198825,0.2807054615,1.006115106885294,1215.6309075912125,2377.50758603231
psi_a[35],0.328090795215,0.32784014,0.010533308825308002,0.010641294782999999,0.31095419450000006,0.34540689500000005,1.0015777961779737,1169.1273027618108,1995.5230256572454
psi_a[36],0.17940622643,0.17934075,0.010533569070429205,0.010362224985000022,0.16223483900000002,0.1967153355,1.0011281851205636,1316.7555417147664,2210.8185481338064
psi_a[37],0.172095521405,0.17268772999999998,0.013721040827581235,0.01376592617399999,0.14852760550000002,0.193822148,1.0091253086652512,1137.2968498766372,2497.3433865306974
psi_a[38],0.3396825896275,0.33972151,0.01399678951311029,0.014192047653000008,0.31706940749999996,0.3624302095,1.0016450934355563,1316.1005363187683,2086.5032099824703
psi_a[39],0.3437838938075,0.343519505,0.011626369396063957,0.011307708656999994,0.325119322,0.36356665950000006,1.0045386336538353,1293.2664824594162,2622.2634702297005
psi_a[40],0.311696978415,0.311794565,0.009160493301403628,0.008963206560000018,0.29651777500000004,0.3269586325,1.0023980188148796,1452.8688734849766,2238.9584784055505
psi_a[41],0.290729441345,0.29049422,0.009730680474914124,0.009698917158000038,0.275001113,0.307012786,1.0035116890370204,1411.7992788919048,2537.7697901471774
psi_a[42],0.1984640360875,0.19874101,0.016235425686643577,0.016337243831999998,0.171259264,0.22461199250000002,1.001501279888297,1119.4695603132388,1936.3770832832554
psi_a[43],0.3476677348075,0.347677775,0.010235083606062985,0.009971307842999991,0.330673631,0.36449770699999995,1.0010788117987361,1533.419659007287,2508.0959215537064
psi_a[44],0.1692386779275,0.16918659,0.012306139005772931,0.011970727377000006,0.148925112,0.188820086,1.0053694892375014,833.8336362377321,1722.784091990794
psi_a[45],0.2174689964525,0.217346345,0.013229708042576966,0.013273651082999997,0.1961805205,0.239623756,1.002246125566333,1362.1676872891287,2400.6011815349175
psi_a[46],0.1332383852395,0.13356395999999998,0.012703367644958352,0.012996071297999968,0.1122394795,0.154035016,1.0003702818637816,985.3656824573636,1903.011203851489
psi_a[47],0.2808336273525,0.280695695,0.010464280645637116,0.010818969567000012,0.2637657065,0.298057837,1.0021609802438673,1261.9439435538552,2030.8370548746595
psi_a[48],0.3080189670475,0.30803301,0.009747845365580862,0.009796375869000014,0.292295844,0.324353754,1.0050409766311927,1474.2970126770558,2731.6036219629864
psi_a[49],0.19538331951,0.194957685,0.014074962837392069,0.013972444940999985,0.1724745805,0.2189683395,1.0032744138036513,1297.942339940046,2285.082867937237
psi_a[50],0.23648769255,0.23667053999999998,0.010299383660653175,0.010150813637999988,0.219426997,0.25320462,1.0022995295947585,1510.850166738419,2577.0282939158697
psi_a[51],0.308934908535,0.30889146,0.013993123749405327,0.013454750672999958,0.286121709,0.3320811185,1.0012954549607684,1516.3614095455341,2233.424247563537
psi_a[52],0.2444579762125,0.2444229,0.009493575455428003,0.00955116865499999,0.22871776,0.260118039,1.0025935907400534,1380.2976915117113,2152.262465747643
psi_a[53],0.305480763625,0.305263525,0.008891479961556144,0.00898131651899995,0.2911261695,0.32024869999999994,1.0014204429361246,1181.5030416568127,2128.0791117124454
sigma_b[1],0.4818636769375,0.46667547,0.10431465409196294,0.09514827163799996,0.34449790999999996,0.6786616784999998,1.0025117335966713,1297.9161472507292,2194.301065215368
sigma_b[2],0.17270193765225,0.16564870999999998,0.042782316467117464,0.03775526149499996,0.11806121400000001,0.2509415035,1.0028118174177563,1202.4751357295713,1828.3945681749422
sigma_b[3],0.4609669493725,0.443291105,0.10345439533199637,0.09215155897499998,0.32522713,0.6480875979999999,1.0003136121001721,1597.7896647251919,1949.8844890673035
sigma_b[4],0.2522427786675,0.24103258500000002,0.06197046411418237,0.05424978694799995,0.174541818,0.367283098,1.0012220882052771,1367.360519049131,2052.9679084522845
sigma_b[5],0.113115230919,0.10776893500000001,0.030687251943854195,0.027036730665000012,0.0735592306,0.1713224214999999,1.0009578135610655,1228.6736899280934,2079.935871660538
sigma_b[6],0.08072962118075,0.07731966,0.023233813954426353,0.020790972008100008,0.05051904295,0.12319703299999998,1.003151687643236,1814.1469117398085,2713.098555503177
sigma_b[7],0.14213197292875,0.13603231999999998,0.036518702385575946,0.03169293974699997,0.0952515826,0.2085742735,1.001846702688547,1301.5874459538252,2144.5779287747555
sigma_b[8],0.3405130840725,0.326452125,0.0786592749618748,0.07109239722899999,0.23608714449999998,0.48639722149999987,1.0013900168413878,1353.7466642554068,2008.8946639503204
sigma_b[9],0.26752474295,0.25663623,0.06566564873349214,0.05777653652399996,0.182940472,0.38720207599999984,1.0010755327803444,1111.6680809912532,2231.984151617876
sigma_b[10],0.330958338025,0.31818344,0.07716956597537558,0.06838407250499999,0.232344339,0.4750031399999999,1.000761909133046,1222.100132202579,2010.0307245897732
sigma_b[11],0.19337924294825,0.18380718499999998,0.04983007505179228,0.04285081684799999,0.130162688,0.28605047899999986,1.0041086392149396,1293.9761178621638,2026.201119761082
sigma_b[12],0.2387918792275,0.22936464,0.05848155468813649,0.051393076203,0.1636109305,0.34243232549999997,1.0003922938599386,1286.1495434095552,2199.535892975328
sigma_b[13],0.15211012638275,0.145647535,0.03833461811865542,0.0349812057,0.10133320200000001,0.22259549049999994,1.0053011858730734,1042.1068338205994,1635.2135569682011
sigma_b[14],0.3255954085725,0.31413307,0.07512042405354424,0.06803970159000003,0.226615985,0.4616959195,1.0011649885778282,1355.471457918096,2255.0833893982604
sigma_b[15],0.09607849181475,0.09192959,0.02654893663404915,0.0221422292154,0.06360420655,0.14601589549999996,1.0012120599850833,1298.9925508649887,1832.5341638653194
sigma_b[16],0.3197561986925,0.30847016,0.07479822033571491,0.06521357688300003,0.221346638,0.4536499144999999,1.00292265969456,1010.7052395378643,1740.4025940675044
sigma_b[17],0.2747039541675,0.26389091,0.0669178835574201,0.058454966871000005,0.1889487875,0.40189089599999994,1.0022225511332696,1484.7828244406137,2290.306830579558
sigma_b[18],0.269155754805,0.25825180999999997,0.06617698472431796,0.05628988161299999,0.18426868400000002,0.39111743099999996,1.0039335419849031,1219.6302672869456,1751.8340417819595
sigma_b[19],0.380471936315,0.36530226,0.08943882634404661,0.080037931197,0.2632473655,0.5515125885,1.0012254239139269,1301.03991479559,2114.1137120453113
sigma_b[20],0.2671583300625,0.255275455,0.06759672180965492,0.056249095287,0.1843500285,0.39945644199999997,1.0026671551445325,1162.3221749111465,2173.371447244608
sigma_b[21],0.36169132485,0.34674041499999997,0.08632190431563225,0.07522772445299998,0.250858549,0.5194062899999997,1.0033433430158862,1442.87934508079,1887.4936022553811
sigma_b[22],0.1985827811735,0.188838,0.049902802092270916,0.04311780345600001,0.1348375695,0.289462139,1.0007887115313248,1410.8571007212095,2270.9415837157358
sigma_b[23],0.2281777571175,0.217403495,0.05910531358405009,0.048602785937999986,0.156637733,0.3376298955,1.0016157531089849,1459.392843499774,1981.2248660046857
sigma_b[24],0.1578488492915,0.151027775,0.04055627885451331,0.037508616158999995,0.10495088,0.23110824149999998,1.0017402810155203,1230.5633886300946,1828.405721834279
sigma_b[25],0.2435851161225,0.23350341,0.05892145846932369,0.05204380416899998,0.1681685975,0.35389061299999997,1.0010340717051205,1190.313226315099,2032.0557314308635
sigma_b[26],0.24449030821,0.23353996999999999,0.061384523382779596,0.054227162472000004,0.1658040565,0.3577555675,1.0015489703009721,1498.418281602808,2140.2455084920707
sigma_b[27],0.1995139963635,0.19136549,0.04901657634983047,0.04404130017000001,0.13603804699999997,0.290734907,1.0024045915122675,1347.1400921073066,2211.2496022626756
sigma_b[28],0.1964904204825,0.18846594,0.04820404874141945,0.042164017224000004,0.13458156,0.2863404889999999,1.002144821193621,1180.9344683949967,1647.603218038918
sigma_b[29],0.11445860010775,0.10898376,0.030021838057502144,0.025303124261100006,0.07678542505,0.17013714599999996,1.0034772714281996,1113.1631583593553,2149.5976446131867
sigma_b[30],0.2350813546,0.225329695,0.05799853475313421,0.050278064634,0.1599341545,0.3418093585,1.0001933300583639,1358.7088806310114,1787.8876075060814
sigma_b[31],0.2731577353625,0.26239469000000004,0.06671845640544027,0.060239246318999996,0.188821975,0.3950641549999999,1.002165865619773,1104.1055559304602,1678.4952053388809
sigma_b[32],0.249459192275,0.23851179,0.0642518081571645,0.053501192556,0.16887612350000003,0.36666372449999984,1.0020857674281192,1185.7105401312645,1842.4584615678702
sigma_b[33],0.275398580835,0.263633545,0.06563528547059035,0.056443308473999976,0.1909258805,0.4026974605,1.0040747232301845,1142.0989463047044,2106.1302929816193
sigma_b[34],0.329802764015,0.31674348500000005,0.07815111022114238,0.06939817090499997,0.2258762255,0.476735897,1.0011147263966416,1358.140465883848,2095.8788158762422
sigma_b[35],0.16388655671275,0.157245995,0.04043662017215291,0.03671636661,0.111139811,0.24202000999999998,1.0011745645679744,1126.2328367745686,2055.9602307921696
sigma_b[36],0.27294146944500003,0.26227307,0.06636227510573127,0.056366109491999994,0.187287608,0.39560200049999994,1.0029791474328782,1127.4800420489337,2056.8302355171354
sigma_b[37],0.2609182976675,0.250949045,0.06189205793794668,0.052794185093999954,0.182993793,0.3748816849999999,1.0003438985756175,1365.5225755424767,2447.5668625167755
sigma_b[38],0.2244276917325,0.215737515,0.05598464130770153,0.050379192779999984,0.1519607585,0.32872868149999995,1.0029090349309837,1067.6350004997219,1967.7954688926864
sigma_b[39],0.347646607875,0.3336672,0.0818504286508519,0.07293128083500001,0.242210767,0.49829385099999984,1.001943672771952,1219.9245313875401,2187.036443233461
sigma_b[40],0.17514698403325,0.16728785499999999,0.04306513768518307,0.03807109235999997,0.11986158400000001,0.2567981445,1.0012166393947726,1487.8323913936517,2007.0525846376902
sigma_b[41],0.1720342909195,0.165055175,0.04303904477300558,0.03666032433,0.1169600115,0.25001740649999993,1.0010385882797275,1432.704309359767,2406.0331908041603
sigma_b[42],0.2631228582725,0.25238139,0.06374304530004818,0.056204194746,0.1793068635,0.38195828599999987,1.0013387524051534,1191.1274665930478,1833.4782671463504
sigma_b[43],0.250162882835,0.24103343,0.05942670593048328,0.054590644101000015,0.1714674965,0.35864335449999996,1.0011642819031525,1330.0001448466562,2410.196444623078
sigma_b[44],0.258192703845,0.24871490499999999,0.061345328918590215,0.056329170512999995,0.176366929,0.37115567299999974,1.0006638227051299,1123.9740087298549,2146.540960317998
sigma_b[45],0.13977736734575,0.133862485,0.03615427991455268,0.031431475824000014,0.09326416265000001,0.20460391599999989,1.0016430490926407,1313.3366995799438,2283.0058027574823
sigma_b[46],0.116410716361,0.110818525,0.030581436224441993,0.026823158428499996,0.07741866135,0.175355278,1.0032684790644522,1150.0360351075244,1789.4837782128602
sigma_b[47],0.15993697106325,0.15271316000000001,0.04203578364960861,0.03385817326499999,0.1081732385,0.23370073999999996,1.0032496745068895,1209.9422605020093,1807.1880074812198
sigma_b[48],0.12942853754875,0.12298165,0.0345508517122012,0.029640020591999994,0.08728619925,0.19153169499999997,1.0021940790447834,1276.7726303113604,2257.13972257431
sigma_b[49],0.1100508778865,0.10495038500000001,0.02957345713249033,0.0253463472402,0.07229419004999998,0.16522574849999988,1.0039754533955634,1153.1087187078642,2032.6146515782434
sigma_b[50],0.58528889139,0.566500585,0.1198872681140151,0.10693628339100003,0.425671547,0.8126893719999999,1.0013928300289443,1544.866462816902,2591.9040519914583
sigma_b[51],0.369206641345,0.356456675,0.08378683877357296,0.07593190756200001,0.25764119950000003,0.529327749,1.0042797514916535,1223.7197158696688,1692.9197336640625
sigma_b[52],0.2486383955975,0.238075115,0.059773886135220354,0.052212464745000006,0.17071214299999998,0.3580444849999999,1.0021017961864565,1297.443780461785,2018.0288780378494
sigma_b[53],0.0729516756785,0.0696155285,0.0199068436218318,0.017331386435999994,0.04799355985,0.10948833299999998,1.001280974786871,1306.300202794381,2367.957859488868
sigma_e[1],0.390571730045,0.39039244500000003,0.004797875610487586,0.004670516171999972,0.382877205,0.3984341795,1.0071352306831418,2271.892872292234,2640.307750114305
sigma_e[2],0.5381988911025,0.538191885,0.006563145329788208,0.006401963168999973,0.527198394,0.548953056,0.9996529242219935,4062.8269105439877,3217.6772530393146
sigma_e[3],0.4046899022725,0.40462606,0.004986965750490932,0.00498548712899998,0.39653434350000005,0.41291590699999997,1.0008688426348298,3057.8265296285576,2855.0022288607306
sigma_e[4],0.4023455957275,0.40233570500000004,0.004792922772961377,0.004979356577999998,0.39461461999999997,0.41020204899999996,1.001036288226893,2700.9713508773975,3162.868415330198
sigma_e[5],0.616368871195,0.61636412,0.007284745368573712,0.007356468461999969,0.6044391015,0.628580614,1.000659949538315,3007.3807908456592,2491.8696300164856
sigma_e[6],0.600067964115,0.600103575,0.007179950891442679,0.0071775482939999925,0.5880606134999999,0.6120059714999999,1.000729897290553,3467.6804894022443,2930.7613763606237
sigma_e[7],0.48973849024,0.48956891,0.00598149530627953,0.005892430613999991,0.48002411600000006,0.4996521475,1.0010017982671757,3071.964607915382,3081.07550388041
sigma_e[8],0.510382816895,0.5103324,0.005957256372885706,0.006109186734000052,0.5009065355,0.520410404,1.0018782109587143,3241.872040742799,3117.43733827487
sigma_e[9],0.409689352235,0.409669635,0.004955259537180181,0.004843387331999964,0.40157086649999996,0.41803056800000005,1.000476528094192,3490.7183088613087,3360.4285894500176
sigma_e[10],0.5346445304125,0.53473101,0.006292412408436169,0.006354898032000015,0.5241790875,0.5448530174999999,1.0000130781844148,2998.898214589709,2939.6651487603453
sigma_e[11],0.460762494275,0.460808415,0.005311927215660489,0.0053889989579999666,0.45207298250000005,0.469549011,1.0000969794831445,3309.3143195948064,3046.6111456626877
sigma_e[12],0.44496991208,0.44492149000000003,0.005215029358130339,0.005178477171,0.43638665350000005,0.453607091,1.0004702943890977,3548.216419373689,3182.009296802911
sigma_e[13],0.586728202665,0.5867086699999999,0.007028364505560598,0.007063276899000019,0.575314343,0.5981642655,1.000069649826019,2844.544214851375,3278.9575911970514
sigma_e[14],0.52952801135,0.529489295,0.006298096361108406,0.006277869549000026,0.519265318,0.5399842985,1.0008628520788878,3115.5875850913435,2889.42112728041
sigma_e[15],0.3757216021425,0.375640905,0.004565042718519755,0.004451328588000039,0.368255611,0.3832764405,0.9999341533788738,2858.641551190515,3047.8915925409683
sigma_e[16],0.522601231105,0.52263339,0.006094240886347549,0.005988466029000016,0.51258568,0.5327804724999999,1.000530591060428,3326.2829712643797,2940.267118155658
sigma_e[17],0.4441950969275,0.44423771,0.005182152753708809,0.0050521670640000255,0.435688744,0.45278151349999995,1.0008962545666729,2962.5314936744935,3145.808705797607
sigma_e[18],0.5589725702,0.55912572,0.006573380899330005,0.006520104149999967,0.5476992765,0.5697725935,1.0005870660785263,3259.9050032708424,2988.51217018385
sigma_e[19],0.3855033764475,0.38541788499999996,0.004648774696227513,0.004654118616000002,0.3780108465,0.393259007,1.0012318325592624,3560.6730034485918,2710.054417514249
sigma_e[20],0.4500957602875,0.44998851,0.005237344154339627,0.0052158016260000235,0.441547001,0.458921446,1.0019568316583136,2713.3332353839146,3041.769836698355
sigma_e[21],0.60168484535,0.6015840699999999,0.007306512885296069,0.0074585454720000645,0.589850517,0.6139374315,1.0008108809419787,3343.0413427096582,3337.6257938999697
sigma_e[22],0.52782929438,0.527674245,0.006237609750096131,0.0060518620049999795,0.5177468445,0.5381980220000001,1.0010448849384759,3302.3873174142705,2904.8904794192754
sigma_e[23],0.370608368855,0.37050382000000004,0.004636947873361212,0.004535896092000052,0.3630564805,0.37831605199999996,1.0006730699084234,2921.567644968905,3455.755558172625
sigma_e[24],0.59444936251,0.59438148,0.006900615886954708,0.006951740900999964,0.5830716665,0.6055326445,1.0011349143688364,2940.4451984668235,2966.0321149398023
sigma_e[25],0.37198569017,0.371973785,0.004429736052365251,0.0044759323350000105,0.36476672,0.379256143,0.9998180212820607,3334.5040898462385,3208.0836060095394
sigma_e[26],0.571232173495,0.57119164,0.006504269257577661,0.006578740979999966,0.560677784,0.582077725,1.000064161694309,3189.5319368879577,2766.732802880396
sigma_e[27],0.41107169642,0.41108349499999997,0.004885821273021633,0.004888814195999962,0.40275537550000007,0.4189869875,1.0015535156718773,2631.1850653221322,3076.843537424534
sigma_e[28],0.3714159350675,0.37136836,0.004461676186334583,0.004459912842000006,0.36399967699999997,0.37860102,1.0011905047925453,2541.2259218890676,3133.999836859325
sigma_e[29],0.410591864295,0.410580945,0.004937727706099924,0.004967836776000053,0.4025679305,0.4187644615,1.0011520107789287,2905.049627647389,2757.731131968884
sigma_e[30],0.469846937755,0.46969029,0.005702839403786484,0.005463855431999988,0.4605289415,0.479338166,1.0011757716487937,3154.8335571986313,2617.3440445810443
sigma_e[31],0.6416929932275,0.641593815,0.00784881431124046,0.00795831510599996,0.6290274159999999,0.6547300875,1.0011356244748866,2978.7141231853316,2989.9729848487286
sigma_e[32],0.5221864816375,0.522081785,0.005914910498450966,0.006054575163000032,0.512615397,0.5320284715,1.0003802775939348,3536.8098477684484,3312.3386332320133
sigma_e[33],0.4918923332975,0.49178296,0.005771641336760668,0.005681300961000014,0.4826284075,0.5015919265,1.0015871622796417,2423.2272378672524,2562.0942294719557
sigma_e[34],0.54427729391,0.54440393,0.006301082888302574,0.006286779975000027,0.533756517,0.554686864,1.0010098845140012,3096.842831833684,3021.1571009437457
sigma_e[35],0.41573036385,0.41580721,0.004987761898918133,0.005026429127999993,0.4075038455,0.423957191,0.9996751092446884,3304.182551467642,2729.144668894659
sigma_e[36],0.4427046053075,0.44268688,0.005265504727065312,0.005286944187000024,0.43415629,0.4514884845,1.0001908354812215,2949.02090836189,3004.5518777764787
sigma_e[37],0.5540667011675,0.55390745,0.006365445189804959,0.006388130511000011,0.5438170480000001,0.5649374785,1.00103675962449,3459.596636719773,2981.7180433641274
sigma_e[38],0.594661619505,0.594463015,0.007075580139400126,0.006870412878000016,0.5829702815,0.6064676844999999,1.0005009978757642,3222.263637964826,3195.9323665551033
sigma_e[39],0.49694061104,0.496889335,0.0060847680471825755,0.006041765499000026,0.48700117249999997,0.5071085795000001,0.9997967350172448,3513.557213818263,3268.377824083272
sigma_e[40],0.3696537539425,0.369621695,0.00457221364507664,0.004484420219999987,0.36202272750000003,0.3771717085,1.0009108808517369,3083.2920146186484,2831.0911792831157
sigma_e[41],0.4157082064575,0.415624055,0.005048610838082587,0.005004983319000006,0.4074588375,0.4241032015,1.0017824062195435,2958.901621899746,2953.2634324288942
sigma_e[42],0.6120752003625,0.61196322,0.006991696445806843,0.006829752572999979,0.6008790165,0.624052879,1.0009898133011743,2745.7243752444642,3029.377752145904
sigma_e[43],0.4024716363925,0.40239536,0.004898666425095621,0.004961239205999987,0.3947695325,0.41047161800000004,1.0005760004411175,3385.3623467521465,3253.8863790614582
sigma_e[44],0.4800812274625,0.47995177,0.005661448184623338,0.005791606401000017,0.4711041425,0.4895824905,1.0023040237364957,2894.7094599323887,2762.7972611113964
sigma_e[45],0.5479162717425,0.54782071,0.006427968210996996,0.006350220429000049,0.537543629,0.5587545315000001,1.00038134735196,3234.4105334647707,2968.244571450994
sigma_e[46],0.46350457938,0.46335401,0.005354981088802371,0.005190804989999971,0.4548023325,0.47263536749999996,1.0002144338007202,2628.555652997884,2930.240442717917
sigma_e[47],0.4342782007875,0.43431569000000003,0.005227899068024631,0.0051497740350000465,0.42563218550000004,0.4427053735,1.000472497843773,3084.007849807196,3077.321658615907
sigma_e[48],0.4238103179025,0.423806625,0.005127802902491619,0.005034872534999993,0.41545071399999994,0.43250554350000003,1.0017021536409412,3298.2264837063058,3342.3148574966126
sigma_e[49],0.5825481674175,0.5826247449999999,0.006763667837971173,0.006951355425000085,0.5713603880000001,0.5936325805,1.000696763098119,3148.4684384178972,3260.7700999240474
sigma_e[50],0.43788946345,0.43777183,0.005151210454224037,0.005069884133999959,0.429436321,0.446371668,1.0003936331548544,3513.9730805968993,2922.333211513247
sigma_e[51],0.596359215805,0.5962814000000001,0.007060738355554315,0.007062402164999903,0.5848424395,0.6081528799999999,1.0019607285524277,3417.4665376854164,3086.521730490299
sigma_e[52],0.408995354275,0.408864465,0.004796861044267959,0.004906412657999999,0.4013443815,0.417024107,1.0004138207820414,3499.7075972243783,2829.5329832629195
sigma_e[53],0.36683900138,0.366771635,0.004546495506144959,0.004572279095999995,0.359575334,0.374469731,1.0005494455377253,2698.71173198173,2965.228102627543
Sigma_a_diag[1],0.2952015826875,0.294389695,0.012840665504534114,0.012560520483000005,0.2753635225,0.317437298,1.0042045561510786,909.891419946533,1884.9027824823731
Sigma_a_diag[2],0.7591279493925,0.75869315,0.0315300482153696,0.031284802205999974,0.706611803,0.811192668,1.002265282693467,409.0268968841022,845.5839183414951
Sigma_a_diag[3],0.17722314497,0.17689362,0.008635593116985455,0.008374762619999988,0.163702834,0.19209907399999998,1.0032812579653563,699.1112539272615,1552.794269204979
Sigma_a_diag[4],0.2971903732025,0.297031355,0.012974951870285224,0.013130046446999971,0.2763552185,0.318487925,1.0037015719484432,456.7901565429283,889.8892643781696
Sigma_a_diag[5],0.2350772109325,0.234723735,0.013549408874237133,0.013542535418999985,0.213375772,0.257654087,1.0026640929032096,1038.0323611244933,2076.5127848602415
Sigma_a_diag[6],0.1545841861375,0.15422308499999998,0.010364734541201188,0.010065734636999998,0.13805169,0.17225484800000002,1.0036390833128945,1496.1711316827646,2072.397123649215
Sigma_a_diag[7],0.110700162404,0.1106462,0.007372026462736257,0.007351353492000007,0.0987991421,0.123119537,1.00737271732831,1310.9307620791756,2355.6169087538296
Sigma_a_diag[8],0.1327049086375,0.13253553,0.007995026653811042,0.008323961331000001,0.12005823900000001,0.14591701699999998,1.0024726513577447,752.5503370539063,1762.9096654445802
Sigma_a_diag[9],0.11564778905375,0.11542651,0.006579660629867858,0.006485011008000003,0.10489889699999999,0.126724305,1.0059790235528694,1282.543286881991,2805.0035950498536
Sigma_a_diag[10],0.064113576036,0.064011486,0.005976343305040172,0.005895988112700002,0.0546240316,0.0744807296,1.003852598861632,1089.8819863045262,1921.0229534473249
Sigma_a_diag[11],0.03205239532225,0.03198083,0.003748425407841605,0.0037788471735000022,0.02602111575,0.03828802245,0.999821749950553,1210.2255830609263,2233.3285275213043
Sigma_a_diag[12],0.11626768547225,0.1162,0.0068086143551840585,0.006679505889000002,0.105471101,0.1278296065,1.0037091769784137,1588.8080225037068,2553.6031310822023
Sigma_a_diag[13],0.12536527793575,0.125089295,0.009264084166915883,0.00920301711000002,0.110441769,0.14104179249999999,1.0005982788120784,1673.1712952723153,2740.7765532769645
Sigma_a_diag[14],0.215164405365,0.21510228,0.011814466351501539,0.012086325699000002,0.196167875,0.23501304449999996,1.0088551621195658,912.1167263157838,2240.3549284507153
Sigma_a_diag[15],0.2251300747575,0.2247422,0.010582428481272404,0.010467274607999994,0.20795028899999998,0.242846037,1.0022090550604308,743.5652734504797,1423.5753835327448
Sigma_a_diag[16],0.10789377011375,0.107638045,0.0076152995489435875,0.007756303442999998,0.09542016415000001,0.120310445,1.0017162204322445,1972.251736368153,3009.8259763712845
Sigma_a_diag[17],0.0572894987755,0.057098335,0.004777681999047302,0.004817756884499999,0.0496875597,0.06540751769999999,1.0096552231564488,1664.7212320729975,2370.494613084648
Sigma_a_diag[18],0.11445040856625,0.11430838500000001,0.008393705460283273,0.008354621498999994,0.10112668300000001,0.1286895485,1.0025211493282433,1526.6905910858545,2704.478757778019
Sigma_a_diag[19],0.17293030672,0.17270786,0.00838920436214729,0.00839092296000002,0.1593964135,0.1869786755,1.0022598608358941,1116.2949665402741,2031.7290067753179
Sigma_a_diag[20],0.07606673326625,0.0759613855,0.005472051575991247,0.00547065241170001,0.06729423165000001,0.08519698945,1.0021540302630956,1371.0963600635143,2302.48768047304
Sigma_a_diag[21],0.3528363742725,0.352675685,0.018303433257303076,0.018594376311000037,0.3237190065,0.3831077495,1.0145398667137477,915.1804722257282,2266.59323578754
Sigma_a_diag[22],0.1684157465375,0.1681203,0.01014970786161927,0.009992004939000002,0.1525598655,0.185401449,1.003230894494192,1482.3363775276018,2621.0423301044125
Sigma_a_diag[23],0.211876479275,0.21163156500000002,0.009721257218439245,0.009735366878999988,0.196397118,0.2281094015,1.000629502475226,1086.366281161238,2170.5116874813284
Sigma_a_diag[24],0.1540228745125,0.15381126,0.01004223705755488,0.010101213255000007,0.1381239885,0.170630801,1.0017823874176588,1152.1040904573772,2272.633964691973
Sigma_a_diag[25],0.1902055961675,0.19005119999999998,0.008766864842981321,0.008923902834000007,0.17575092399999998,0.2044354765,1.0012524419709559,1489.2483887225508,2524.2322526668154
Sigma_a_diag[26],0.3460040107575,0.34577067,0.01685023850149637,0.016501693823999977,0.31894921149999994,0.3734466515,1.0017319222542873,766.3322617989276,1507.6704893447934
Sigma_a_diag[27],0.2502134451975,0.249651,0.011355001234054866,0.011445864737999988,0.2318362325,0.2693342115,1.0034770814117449,731.2323183069989,1846.7199249406722
Sigma_a_diag[28],0.1028156552745,0.1026714,0.005913229913288164,0.005937877493099999,0.0931072896,0.11251334650000001,1.0024026762508333,1410.7906070123497,2343.3155466807334
Sigma_a_diag[29],0.1821361277625,0.182026535,0.009156140386798869,0.009385176759,0.167578373,0.19731996449999997,1.0032912878183347,1325.3556332697765,2565.6834053734974
Sigma_a_diag[30],0.09979308875375,0.099609025,0.006716763604313811,0.006869591517600006,0.08903416095000001,0.1111748385,1.0041723848925732,1444.1328304296283,2206.101211534326
Sigma_a_diag[31],0.1470963059925,0.14649135000000002,0.01050187180894458,0.01029040042799999,0.13035340950000002,0.16538539100000002,1.0030744693398335,1395.5330990648984,2490.0512314578705
Sigma_a_diag[32],0.16286843039,0.16279700000000003,0.009518972590475494,0.00917786480100003,0.1474581045,0.17886175049999997,1.001890931926081,675.8582182101034,1266.1716112831689
Sigma_a_diag[33],0.05998941728675,0.059792110999999995,0.005092961275953758,0.0049958779311000045,0.051941827700000005,0.06855491460000002,1.0029916948726563,1368.8512763497238,2282.5516587377915
Sigma_a_diag[34],0.1904505662325,0.19024170499999998,0.010986869641891711,0.011133095442000035,0.172724053,0.20882439799999997,1.0065074827260652,1261.5354430158234,2631.2522866486956
Sigma_a_diag[35],0.2717659628925,0.271283685,0.012221604969377383,0.01224425225100002,0.252480207,0.2923165785,1.0009330044867872,1500.3917795634875,2727.5297014936796
Sigma_a_diag[36],0.073985223357,0.073899084,0.005155762395619042,0.005034757633500002,0.06591987935,0.08258311815,1.0024196974267932,1453.8222283489704,2202.1620043789508
Sigma_a_diag[37],0.0624153719725,0.062232054499999995,0.005985531046651569,0.005969917961699996,0.052708781999999996,0.0724144318,1.004451470512525,1682.2023325815771,2280.2391265210213
Sigma_a_diag[38],0.290218647855,0.28981278499999996,0.015597239509101739,0.015455104244999976,0.2651790855,0.31592851899999996,1.0030005972656009,1383.998241490169,2585.96713766461
Sigma_a_diag[39],0.137761818355,0.137403565,0.00863966891999616,0.008704077732000019,0.123695766,0.15209870199999997,1.0042867392818138,1428.8733890082024,2187.9909119562794
Sigma_a_diag[40],0.17816103754,0.17807585,0.008645300475128034,0.008466246452999981,0.163822307,0.192634612,1.0092083971900379,1196.2454092888183,2097.7790525742053
Sigma_a_diag[41],0.13328251008,0.13317466,0.007371048146179075,0.007233857441999982,0.12135788700000001,0.145387003,1.0018649279813832,1235.9725032529059,1879.271912184687
Sigma_a_diag[42],0.1118600235105,0.111530995,0.008890444550479477,0.00876108370199999,0.09794361395,0.12687169599999998,1.0046020251783765,1542.9446155768358,2401.6974723370545
Sigma_a_diag[43],0.3253173986125,0.32486788499999997,0.014082024944201727,0.013671432662999975,0.303091832,0.3492817335,1.0019693226964665,743.6120938325416,2025.4324457363052
Sigma_a_diag[44],0.10935473893075,0.10911079,0.007095317703048551,0.0071013945450000065,0.0978724351,0.12127298399999999,1.0041288280571121,1248.47032867376,2126.156760719275
Sigma_a_diag[45],0.08158304793275,0.081344708,0.007066229175956759,0.007007747598599999,0.07068096445000001,0.09342005635,1.001065295094299,1632.7107443600212,2686.944373196156
Sigma_a_diag[46],0.13828223631,0.13801899,0.007953726315376244,0.008040910752,0.126027755,0.15177240700000003,1.0015677300684025,642.8711374546808,1562.1422768794896
Sigma_a_diag[47],0.1425482318675,0.14233918499999998,0.00804150401669564,0.008123172812999992,0.129577649,0.15595109099999996,1.0021178229873802,1501.9478753535643,2273.9797562159283
Sigma_a_diag[48],0.1149922751675,0.114758725,0.006720379703699248,0.0068621399699999985,0.10422690849999999,0.126062301,1.0036751958565624,1712.808456079843,2539.8375448091465
Sigma_a_diag[49],0.0556138174045,0.055305009,0.006288643559439213,0.0062564289291,0.0458725579,0.0662196729,1.0035068164050558,1593.6096359789162,2638.597830299579
Sigma_a_diag[50],0.1290295983025,0.128824875,0.007583993793281844,0.007466907336000005,0.11687639650000001,0.141718243,1.008013084997316,1226.5462182431029,2228.981822353043
Sigma_a_diag[51],0.3110612625725,0.310720755,0.016371692668932396,0.016276738926000036,0.284792748,0.3380334715,1.005518686155601,716.1560185394669,2052.4054485180036
Sigma_a_diag[52],0.1371031384175,0.13686536500000002,0.007183847345416782,0.007122996027000004,0.12577488,0.1491710945,1.001094446705001,1500.033860337963,2436.517085565276
Sigma_a_diag[53],0.114262753493,0.113961215,0.006140100375783802,0.006155480919000004,0.104727926,0.12465149849999999,1.0017409375572217,1184.7530797657696,2326.601434822564
var_b[1],0.2430714299115,0.217785995,0.1128379261747613,0.08790716428199997,0.11867880850000001,0.4605816769999999,1.0025117335966713,1297.9161472507292,2194.301065215368
var_b[2],0.031655828290275,0.027439495,0.01735158695737701,0.012296861570700002,0.01393845175,0.06297163924999999,1.0028117876174398,1202.476494471856,1828.3945681749422
var_b[3],0.223190664657,0.196507005,0.1089571163442738,0.08064316558199998,0.1057726885,0.4200175349999999,1.0003136116633624,1597.7859206310247,1949.8844890673035
var_b[4],0.067465797733,0.0580967055,0.037506406619555295,0.025512641586599993,0.0304648451,0.13489687749999996,1.001405223970931,1367.360519049131,2052.9679084522845
var_b[5],0.01373652748285,0.0116141435,0.008287624917274458,0.00565488673701,0.005410960385,0.029351377899999965,1.0009578013511784,1228.6765207586593,2079.935871660538
var_b[6],0.0070569469023525,0.00597832985,0.004558820079025944,0.0031218312043799993,0.00255217375,0.015177510349999996,1.003151687643236,1814.1469117398085,2713.098555503177
var_b[7],0.021534779958125,0.018504792,0.012458594424185126,0.008479993861499998,0.009072863915,0.0435032279,1.001846728647704,1301.584052463943,2144.5779287747555
var_b[8],0.12213489513825,0.10657099,0.06020501295602018,0.0456292344522,0.05573713895,0.23658226299999988,1.0013900168413878,1353.7466642554068,2008.8946639503204
var_b[9],0.07588038750125,0.06586215349999999,0.041158871011425555,0.029161363182000005,0.0334672161,0.1499254589999999,1.0010755327803444,1111.6680809912532,2231.984151617876
var_b[10],0.1154870746305,0.101240705,0.05883243986707417,0.042929817189,0.05398389285,0.2256279914999999,1.000761909133046,1222.100132202579,2010.0307245897732
var_b[11],0.039877947227675,0.033785080999999995,0.023128844977191514,0.015195509139299996,0.01694232585,0.08182488824999994,1.004108625424334,1293.9767148993315,2026.201119761082
var_b[12],0.0604407987885,0.0526081375,0.033660225490065185,0.022952507180400004,0.026768539200000004,0.11725989349999999,1.0003922938599386,1286.1495434095552,2199.535892975328
var_b[13],0.0246066661169,0.0212132055,0.013385953642425763,0.0098912044476,0.0102684175,0.04954875459999999,1.0050284375001701,1042.1093012878864,1635.2135569682011
var_b[14],0.111654037389,0.0986795875,0.05559061733254389,0.041770378028399995,0.0513548043,0.21316312099999998,1.0011649885778282,1355.471457918096,2255.0833893982604
var_b[15],0.00993574639795,0.0084510496,0.006362328976039781,0.00398113148664,0.004045495215,0.021320642649999996,1.0012120599850833,1298.9925508649887,1832.5341638653194
var_b[16],0.1078374016445,0.0951538395,0.056234966058500806,0.0395767045359,0.04899433415,0.20579824399999994,1.003021424922789,1010.7052395378643,1740.4025940675044
var_b[17],0.07993914618275,0.0696384105,0.04259982440235506,0.03033809983679999,0.03570164315,0.16151628999999998,1.0022225511332696,1484.7828244406137,2290.306830579558
var_b[18],0.07682311881475,0.066693996,0.04236963077744467,0.028331735804400005,0.03395494945,0.15297283899999994,1.003933547690351,1219.6298321084093,1751.8340417819595
var_b[19],0.15275619825725,0.13344574,0.07811796805043948,0.056665667339400004,0.06929917285,0.3041661415,1.0012254239139269,1301.03991479559,2114.1137120453113
var_b[20],0.075941747819,0.06516556100000001,0.04337755493224116,0.028191907350600013,0.03398493335,0.15956544450000001,1.0026671551445325,1162.3221749111465,2173.371447244608
var_b[21],0.13827022277475,0.12022892,0.07284564500243888,0.050927387095199984,0.06293001145,0.2697829409999997,1.0033433430158862,1442.87934508079,1887.4936022553811
var_b[22],0.04192478805155,0.035659790499999997,0.023381438905715913,0.015936276144599998,0.018181172300000003,0.08378832869999997,1.000731970185771,1410.85618448955,2270.9415837157358
var_b[23],0.05555765360725,0.047264280000000006,0.03347488714420746,0.02071375597620001,0.0245353802,0.113993952,1.0016157531089849,1459.392843499774,1981.2248660046857
var_b[24],0.026560659755449998,0.0228093895,0.015219377794886167,0.0110122694724,0.0110146863,0.05341102165,1.0017402810155203,1230.5633886300946,1828.405721834279
var_b[25],0.06280457911875,0.0545238435,0.033394955862997774,0.023854430581800003,0.0282806778,0.125238565,1.0010340717051205,1190.313226315099,2032.0557314308635
var_b[26],0.063542628498,0.054540917,0.03563142513011999,0.0245292648825,0.027490985449999998,0.12798904049999998,1.0015489703009721,1498.418281602808,2140.2455084920707
var_b[27],0.04220785886635,0.036620752,0.02275951072176258,0.0164407522923,0.01850635205,0.0845267847,1.0024046055992395,1347.1403967800964,2211.2496022626756
var_b[28],0.0409315347575,0.035519412,0.02218358258922891,0.015462930149099998,0.0181121978,0.08199088219999995,1.0022353356644202,1180.9344683949967,1647.603218038918
var_b[29],0.01400185655915,0.0118774605,0.008344362434201925,0.005370475501859998,0.005896001560000001,0.028946650899999985,1.0034772572733908,1113.1621817242642,2149.5976446131867
var_b[30],0.058626232332,0.050773473,0.03226320224478784,0.0220886117277,0.02557893265,0.116833641,1.0001447121921636,1358.7088806310114,1787.8876075060814
var_b[31],0.0790653880875,0.06885097600000001,0.04311134986445745,0.030942191878499992,0.03565373965,0.15607569399999993,1.002165865619773,1104.1055559304602,1678.4952053388809
var_b[32],0.066357151404,0.056887877,0.03894200425668052,0.024940783492800007,0.028519146000000002,0.13444229949999986,1.0021155172192358,1185.7105401312645,1842.4584615678702
var_b[33],0.08015129203475001,0.06950264449999999,0.04198190432436165,0.029234146981199995,0.0364526928,0.162165243,1.0040747232301845,1142.0989463047044,2106.1302929816193
var_b[34],0.114875932329,0.10032643499999999,0.05955540199715245,0.042945537196799985,0.05102006805,0.22727711999999997,1.0011105260869282,1358.1405477974154,2095.8788158762422
var_b[35],0.028493514908225,0.0247263035,0.015368489002401573,0.0112575382143,0.01235205715,0.058573686599999994,1.0010316771482726,1126.2330317446922,2055.9602307921696
var_b[36],0.078899896293,0.0687871635,0.04315204476122617,0.028614829378799996,0.035076647700000005,0.1565009495,1.0029791474328782,1127.4800420489337,2056.8302355171354
var_b[37],0.0719080272285,0.0629754245,0.038513680834489875,0.025678805464199997,0.033486727,0.14053628399999996,1.0003438989979079,1365.5232749367196,2447.5668625167755
var_b[38],0.05350128528825,0.0465426755,0.029364447092917433,0.021321204624299993,0.023092070949999998,0.10806255399999998,1.0035348302672964,1067.6350004997219,1967.7954688926864
var_b[39],0.127555981789,0.1113338,0.06549968159328831,0.047815614294,0.0586660563,0.2482967709999999,1.001943672771952,1219.9245313875401,2187.036443233461
var_b[40],0.0325306084367,0.027985226000000002,0.01741799648346348,0.0124119765651,0.0143668008,0.06594528874999998,1.001330964449236,1487.8336996280684,2007.0525846376902
var_b[41],0.03144769357775,0.0272432115,0.017984855326604886,0.011786478003299999,0.0136796451,0.06250870694999995,1.0010385923506946,1432.7038414857109,2406.0331908041603
var_b[42],0.07329579859475,0.06369636649999999,0.039093337329864385,0.027578866335300004,0.032150951049999994,0.14589214299999992,1.0013387524051534,1191.1274665930478,1833.4782671463504
var_b[43],0.0661121184735,0.0580971155,0.03378884469573011,0.02569013178689999,0.0294011031,0.12862506199999996,1.0011642819031525,1330.0001448466562,2410.196444623078
var_b[44],0.07042578092075,0.0618591035,0.03611062372089895,0.027211635952199997,0.031105295,0.1377565689999998,1.0006638227051299,1123.9740087298549,2146.540960317998
var_b[45],0.020844517581325002,0.0179191645,0.012342313374169469,0.008094794366400001,0.00869820407,0.04186276694999996,1.0018435004070112,1313.3366995799438,2283.0058027574823
var_b[46],0.014486445314324999,0.012280745499999999,0.008383790350538293,0.0058215547727399975,0.005993649060000001,0.0307494726,1.0032684790644522,1150.0360351075244,1789.4837782128602
var_b[47],0.027346400089225002,0.0233213085,0.01760025178961816,0.0102115031277,0.01170144955,0.05461603629999999,1.0032496745068895,1209.9422605020093,1807.1880074812198
var_b[48],0.017945209257225002,0.0151244865,0.011270187350593626,0.0070294157976,0.007618880505,0.03668438944999999,1.0021940790447834,1276.7726303113604,2257.13972257431
var_b[49],0.01298556644445,0.011014584000000001,0.007793552068415309,0.005117790127590001,0.0052264499349999995,0.02729955744999996,1.0040495187294616,1153.1087187078642,2032.6146515782434
var_b[50],0.35693245021225,0.32092291500000003,0.15532587358660693,0.11854323261899999,0.181196268,0.6604640099999999,1.0013928300289443,1544.866462816902,2591.9040519914583
var_b[51],0.143332023377,0.127061365,0.06974617828626399,0.053297979987000005,0.06637898695000001,0.2801878594999999,1.0042797514916535,1223.7197158696688,1692.9197336640625
var_b[52],0.06539307607875,0.056679758999999996,0.034517578107629655,0.024305770345499994,0.029142636399999998,0.12819585399999997,1.0021017961864565,1297.443780461785,2018.0288780378494
var_b[53],0.0057181303341975,0.00484632215,0.003565396561296358,0.0023346658614300003,0.0023033817250000003,0.011987695549999997,1.0012809791067683,1306.3012737573115,2367.957859488868
var_e[1],0.152569290165,0.15240626000000002,0.0037505975699785505,0.003643934279999994,0.14659495100000003,0.15874979449999999,1.0071352762036183,2271.8725277813546,2640.307750114305
var_e[2],0.289701110465,0.289650505,0.007063988125893431,0.006881309988000001,0.2779381485,0.30134946349999997,0.9996529307136739,4062.8376027434606,3217.6772530393146
var_e[3],0.163798780675,0.16372225,0.00403715725301378,0.004043176221000026,0.1572394795,0.17049954199999998,1.0008688437573798,3057.8259760912183,2855.0022288607306
var_e[4],0.161904944795,0.16187402,0.0038582867418749697,0.004004613794999995,0.155720704,0.1682657245,1.0010124024672964,2700.963439254281,3162.868415330198
var_e[5],0.379963639655,0.379904735,0.008982515837379568,0.00907411986600003,0.365346634,0.395113588,1.0006599495387136,3007.3818815671793,2491.8696300164856
var_e[6],0.3601331003025,0.360124295,0.008621075615975858,0.008630733510000004,0.3458152925,0.374551306,1.000729897290553,3467.6804894022443,2930.7613763606237
var_e[7],0.23987955829,0.23967771999999998,0.005861882346881855,0.005789708673000008,0.230423149,0.2496522675,1.0010018063195052,3071.9670249675005,3081.07550388041
var_e[8],0.26052609975,0.26043916,0.006085081550676477,0.00622690517399998,0.2509073535,0.2708269935,1.0018782067959362,3241.871103410055,3117.43733827487
var_e[9],0.1678699137525,0.16782921,0.004061342392298613,0.003968097356999999,0.1612591615,0.17474955849999999,1.0004765249127525,3490.7161884274014,3360.4285894500176
var_e[10],0.2858843584025,0.285937255,0.006728176680283619,0.006805400867999999,0.274763723,0.296864806,1.0000130741956481,2998.9015142210005,2939.6651487603453
var_e[11],0.2123302855675,0.21234439500000002,0.004895216936466244,0.004966806368999999,0.20436998250000002,0.2204762815,1.0000941018033853,3309.317345969243,3046.6111456626877
var_e[12],0.198025412485,0.197955135,0.004642772208767667,0.004603317326999995,0.190433314,0.205759386,1.0004748101470948,3548.216419373689,3182.009296802911
var_e[13],0.344299369465,0.34422706999999997,0.008247058422373214,0.008299075890000054,0.3309865945,0.3578004935,1.0000741848437633,2844.5320502503387,3278.9575911970514
var_e[14],0.28043957094,0.280358915,0.006671681058370302,0.006647266751999986,0.269636472,0.291583044,1.0008461449815251,3115.583399231798,2889.42112728041
var_e[15],0.1411875566725,0.14110609000000002,0.003433119568423804,0.0033456055080000324,0.1356121915,0.14690083,0.9999370644628207,2858.628815486129,3047.8915925409683
var_e[16],0.273149177175,0.27314566,0.00637303659833095,0.006247046295000037,0.262744075,0.28385503199999995,1.0005206484665095,3326.2806125685825,2940.267118155658
var_e[17],0.1973361322075,0.197347145,0.004604416758115293,0.004485250476000002,0.1898246785,0.205011096,1.0008924062274833,2962.5237747706683,3145.808705797607
var_e[18],0.312493532835,0.312621575,0.0073468611377265755,0.007301293502999958,0.2999744915,0.32464080649999993,1.0005870512549955,3259.908343479144,2988.51217018385
var_e[19],0.148634459005,0.14854694499999999,0.003586330004702808,0.003589085492999997,0.1428922,0.154652649,1.0012151405188623,3560.677496679943,2710.054417514249
var_e[20],0.20261361631,0.202489655,0.004717262120119361,0.004687506768,0.194963753,0.21060889100000002,1.0019568141313966,2713.3359312348302,3041.769836698355
var_e[21],0.3620780248925,0.361903395,0.008795698413059883,0.00896963363100005,0.347923632,0.37691916599999997,1.0007968844929267,3343.0292720254547,3337.6257938999697
var_e[22],0.27864266213,0.27844011,0.006588979859090895,0.006385699047000016,0.2680617925,0.2896571095,1.0010448924105682,3302.3842885935105,2904.8904794192754
var_e[23],0.13737205896,0.13727308,0.0034392868401068037,0.0033561393810000017,0.131810003,0.14312303399999998,1.0006759731342458,2921.5725231888873,3455.755558172625
var_e[24],0.35341765114,0.35328935,0.008205555536525617,0.008266265952,0.3399725645,0.3666697825,1.0011092111221989,2940.471631332682,2966.0321149398023
var_e[25],0.138392971305,0.138364495,0.0032961171050462264,0.003326353947000001,0.133054762,0.14383522549999997,0.9998180270739867,3334.4902538515803,3208.0836060095394
var_e[26],0.3263484910225,0.32625989,0.007432555854251325,0.007516589262000006,0.3143595795,0.33881447849999996,1.0000569926484237,3189.524609339086,2766.732802880396
var_e[27],0.16900380485,0.168989645,0.004016781951668727,0.004024169289000011,0.162211887,0.1755500915,1.0015535507653008,2631.181593147478,3076.843537424534
var_e[28],0.137969698415,0.137914455,0.0033152849760605748,0.00331664291700001,0.1324957645,0.14333872800000003,1.0011915119320558,2541.2216994757846,3133.999836859325
var_e[29],0.1686100540975,0.168576715,0.0040554011551758576,0.0040905601170000225,0.1620609375,0.17536367749999998,1.0011520047082263,2905.051799537657,2757.731131968884
var_e[30],0.22078865916,0.22060897000000002,0.00536241846152814,0.005131078449000011,0.212086907,0.22976508,1.001194127969346,3154.839227451997,2617.3440445810443
var_e[31],0.4118314860475,0.41164261999999996,0.010077226122274612,0.010209880421999926,0.3956754895,0.42867149649999997,1.0011356244748866,2978.7141231853316,2989.9729848487286
var_e[32],0.27271369906,0.27256939,0.006179337528560097,0.006313496427000038,0.26277454450000004,0.28305429449999997,1.0003897306504363,3536.7985515937216,3312.3386332320133
var_e[33],0.2419913710225,0.24185047999999998,0.00567920754616269,0.005589757824000032,0.23293017700000002,0.251594469,1.0015871456444865,2423.2204467376437,2562.0942294719557
var_e[34],0.2962774665375,0.29637563499999997,0.006859401620646198,0.00684296253899998,0.284896017,0.307677516,1.0010098727408094,3096.843212958223,3021.1571009437457
var_e[35],0.172856607015,0.172895635,0.004148226134977408,0.004178878598999974,0.16605938950000002,0.17973969550000002,0.9996750960528352,3304.1946961451517,2729.144668894659
var_e[36],0.1960150861325,0.195971675,0.004663844295449775,0.004684556393999989,0.188491682,0.203841851,1.000182160906616,2949.02944107085,3004.5518777764787
var_e[37],0.30703041823,0.306813465,0.007057256999470198,0.007075797456000013,0.29573697499999996,0.3191543525,1.0010367599611418,3459.60135780047,2981.7180433641274
var_e[38],0.353672493,0.35338627499999997,0.008419288608165723,0.008162491364999934,0.339854348,0.36780304399999997,1.0005129763107221,3222.264835516418,3195.9323665551033
var_e[39],0.2469869860075,0.24689901,0.006050080452342164,0.006011008962000002,0.2371701445,0.2571591095,0.9998007350034431,3513.5700902115645,3268.377824083272
var_e[40],0.136664797715,0.136620195,0.003381846293931891,0.0033166058519999886,0.131060455,0.14225849749999997,1.000927682242793,3083.275527826481,2831.0911792831157
var_e[41],0.172838795055,0.172743355,0.00419891051956455,0.004167588600000032,0.16602270150000004,0.1798635305,1.0017823945391209,2958.9012977283514,2953.2634324288942
var_e[42],0.3746849225175,0.37449898000000004,0.008563877518464064,0.008343138762000029,0.361055587,0.389441991,1.000990232246721,2745.72328427454,3029.377752145904
var_e[43],0.162007408995,0.161922025,0.003946133340264143,0.003989291123999995,0.1558429785,0.16848695049999998,1.000561081010266,3385.354185192285,3253.8863790614582
var_e[44],0.2305100288625,0.2303537,0.005440025149309843,0.005547637158000002,0.22193910949999998,0.2396910165,1.002304004942884,2894.714726010452,2762.7972611113964
var_e[45],0.3002535492675,0.30010753,0.007048805791160161,0.006951110796000008,0.2889531555,0.312206628,1.0003500054102976,3234.4105963099437,2968.244571450994
var_e[46],0.2148651637575,0.214696935,0.004968394487972122,0.004802578767000004,0.20684515899999997,0.22338418499999999,1.0002144351641258,2628.556422680461,2930.240442717917
var_e[47],0.18862487992,0.18863012,0.004542488259205566,0.0044852059980000055,0.181162759,0.1959880455,1.0004724963290084,3084.0089669749273,3077.321658615907
var_e[48],0.179641473365,0.17961206,0.0043481992326041925,0.004266448367999991,0.17259929850000003,0.18706104249999997,1.0017021685727179,3298.2300233094547,3342.3148574966126
var_e[49],0.33940810318,0.339451595,0.007880026734686879,0.008112335006999956,0.32645268850000003,0.35239963900000004,1.000696763098119,3148.4684384178972,3260.7700999240474
var_e[50],0.191773710515,0.19164417,0.004513306571025317,0.004433248280999989,0.18441554950000003,0.19924766849999997,1.0003994497281206,3513.958580163938,2922.333211513247
var_e[51],0.355694155765,0.355551505,0.00842342157936593,0.008426394164999991,0.34204067950000006,0.36984992149999996,1.0019752084241265,3417.4638148449862,3086.521730490299
var_e[52],0.1673002039025,0.167170155,0.0039248249788584755,0.004017193656,0.16107731549999998,0.173909106,1.000417052786017,3499.6992658995705,2829.5329832629195
var_e[53],0.1345915184225,0.13452143,0.003338132978160865,0.0033508687379999983,0.12929442049999998,0.140227576,1.0005494537309043,2698.7108820011576,2965.228102627543
prop_a[1],0.43666622385,0.44407307,0.061379827149811814,0.06052028056199999,0.32301740300000004,0.5241643619999999,1.0017088527659348,1236.0475141821053,2085.0569262820886
prop_a[2],0.7025279978675,0.70415863,0.014787408169129879,0.013371347009999951,0.6762015925,0.7237656545,1.0021359955677671,958.1576048970733,1928.2277850133087
prop_a[3],0.323301287135,0.32892089,0.051462469339136556,0.050303165051999964,0.2319029165,0.39790119599999996,1.000474562195246,1728.9563187329632,2286.2059147902023
prop_a[4],0.5665924872675,0.572915675,0.03668894519440023,0.031030677152999956,0.49802214100000003,0.6137755315,1.0013604406201437,1295.0770413063376,1953.121461557836
prop_a[5],0.3737313114475,0.37390782499999997,0.016287273722465977,0.016409083215000002,0.3463895695,0.399921778,1.0021833855923499,1268.958956725358,2386.3616584469105
prop_a[6],0.2961178390575,0.295980295,0.015916002349304462,0.015949121391000017,0.269787423,0.32256002699999997,1.0043205951021006,1415.1411178429955,2060.422732813491
prop_a[7],0.2976339975825,0.29816072,0.018298539510481198,0.01781739754200001,0.267411247,0.326724307,1.006806842245102,1312.2155612864378,2224.48726573831
prop_a[8],0.26042070316,0.26344783,0.02933233165463186,0.027928314413999993,0.2078493305,0.303425998,1.0015765795327496,1395.451604748181,2224.96320204327
prop_a[9],0.325113506095,0.329287425,0.03412934804029101,0.030942655190999993,0.262657517,0.373457149,1.0022671818038502,1123.7284436774678,1983.0656173512266
prop_a[10],0.13951717335225,0.14069174,0.0192165342728974,0.01874597957399999,0.1061600375,0.169660146,1.0030856099706156,1074.5382294136193,2178.0925928204465
prop_a[11],0.11332713398575,0.1135484,0.014804549850485038,0.014713996982999997,0.08920497485000001,0.13718451299999998,1.0013323733314727,1130.799340593133,2438.5190557678693
prop_a[12],0.3121520535025,0.315113905,0.027247043722041092,0.024647231657999986,0.2644204295,0.3506704215,1.0013210972926065,1457.7432844973848,2419.8837730811074
prop_a[13],0.25365624413,0.25351169500000004,0.016803247608700726,0.016782520502999936,0.22619344550000003,0.280932681,0.999825009781601,1533.4160724398523,2277.73184469497
prop_a[14],0.356742314205,0.360521695,0.03203294860866368,0.030602057493000018,0.2987700515,0.4019543015,1.00172370315103,1207.2677364606122,2146.200304624835
prop_a[15],0.5982322302825,0.59943925,0.01643144458276076,0.015454059012000032,0.5703255075,0.6228087575000001,1.0023247232876853,1111.527956763796,1877.589933977475
prop_a[16],0.22294626292625,0.225000115,0.025099636090705132,0.023511641601000003,0.17958884749999998,0.2610317275,1.001471337442754,1285.5653955560158,2358.4010063553346
prop_a[17],0.17342151317225,0.17533748500000002,0.02243188673259569,0.021274642829999982,0.13347852899999998,0.20658268749999997,1.0055308562006742,1636.9457772664919,2569.1617390115207
prop_a[18],0.2284326745175,0.230018725,0.02182807744879872,0.020502052557000012,0.192523833,0.26187208449999994,1.0019448681563803,1285.850487729165,2033.5614122830525
prop_a[19],0.3724215526975,0.37822864,0.05158254519127692,0.049394568468,0.27687639700000005,0.445939049,1.0017170872493444,1244.3859837759871,1951.016827223752
prop_a[20],0.2169622453735,0.219101,0.025437313565179885,0.023421395738999994,0.1716471125,0.25368586649999997,1.0043016574960928,1129.0598758864683,2212.5113613195713
prop_a[21],0.415929930095,0.42091584000000004,0.03387487760514508,0.029946511076999978,0.35489596999999995,0.46169492949999996,1.002305240398845,1427.4035102016114,2372.161020648389
prop_a[22],0.34494563316,0.34607577,0.021642966641372274,0.020141676975000015,0.3093754685,0.3781997595,1.0028100229345644,1387.0565182862874,2020.7267446713206
prop_a[23],0.526097974035,0.5326169650000001,0.038379418707203,0.031624347258000174,0.4564375235,0.5747196910000001,1.001926641164342,1488.1615962751082,1838.664883473513
prop_a[24],0.2884938616375,0.28851118,0.016905393571228614,0.01613446121699999,0.2604326695,0.31555098349999994,1.0024813432198454,1200.5557243911087,2353.6811728715647
prop_a[25],0.4887870742375,0.495342495,0.038358810211651384,0.032954046720000005,0.416639851,0.5396074785,1.0000429597150533,1252.1044278141017,2342.674054787985
prop_a[26],0.4709551516425,0.473353,0.024729598580729147,0.022263114489,0.4274619635,0.5057499325,1.0016752800276967,1156.8221366893283,1973.1957762829752
prop_a[27],0.54322137135,0.547246715,0.027542498751489123,0.023553428681999982,0.49095468049999996,0.5793069000000001,1.0043562835967526,1219.4199201015251,1714.1972553790736
prop_a[28],0.3666960632475,0.36962261500000004,0.029167741754255013,0.026489510418000003,0.31445926399999996,0.40909721000000004,1.0021570443104801,1172.2051528701338,2471.9446557553915
prop_a[29],0.4993389304325,0.50015807,0.018129410799046192,0.017286626742000016,0.46879868500000005,0.5263281910000001,1.0057881325549116,1255.2842799375803,1650.9374485200192
prop_a[30],0.2646080141075,0.26687647000000003,0.023941295280802168,0.022047796491000048,0.22278062299999998,0.300143505,1.0017786986796269,1583.3213538937378,2271.4229187247925
prop_a[31],0.231383153855,0.23188395,0.019975544351630094,0.01915216008299999,0.1982118525,0.262765612,1.001736866380458,1175.5807559546372,2389.167678938679
prop_a[32],0.3259376880025,0.328829655,0.025667625825425842,0.022535579303999995,0.280659691,0.3619047995,1.0018080780855168,1099.3693834350815,1930.5577120274068
prop_a[33],0.15851966911725,0.15893447,0.019367949427829288,0.01867307271899999,0.12616543,0.18858270500000002,1.0028157783950793,1101.0227766043677,2465.1543124643927
prop_a[34],0.31907309452,0.3225348,0.031017723063791084,0.02865475134900002,0.26288865650000004,0.363540112,1.002481097433328,1368.4204557839041,2169.6678514743303
prop_a[35],0.57474753725,0.57703406,0.021793761831757213,0.019912689405000055,0.5353666785000001,0.6055895145,1.0012735063714269,1186.7900391401715,2091.968542695381
prop_a[36],0.21456543071775,0.21713306,0.02523331748744922,0.023375583398999995,0.17010806650000002,0.250809929,1.0043080987736384,1270.7652380822808,1997.2972970032351
prop_a[37],0.142230894129,0.14264987499999998,0.01628784877650198,0.01570785048000002,0.114581505,0.1682388925,1.0026838529987803,1490.4612476142072,2442.326814650194
prop_a[38],0.4166031240575,0.418549155,0.021830612760173364,0.020170861956000003,0.37846698949999996,0.44841103499999996,1.002799304152557,1270.6760258797017,2004.3707729784635
prop_a[39],0.27241229349,0.27637019500000004,0.03233319662938358,0.031244564442,0.2133346585,0.3188062805,1.0020232876767197,1150.3750781584483,2132.9942770772727
prop_a[40],0.5138379829425,0.5176697,0.02733133646519553,0.024165097550999947,0.4630253925,0.5508085669999999,1.0028304686443643,1526.9282947883128,2451.64711545689
prop_a[41],0.3955934065575,0.39813147,0.02395656989080465,0.021761328519000013,0.35350500799999995,0.42952403299999997,1.0020600835766462,1499.1747343688833,2018.56269370184
prop_a[42],0.20054446345225,0.20133401,0.018526950372386546,0.017812460483999995,0.16922790399999998,0.22965240649999996,1.0038052347368662,1528.5503505584961,2328.612862575407
prop_a[43],0.5895709314675,0.59565478,0.03477889777392004,0.031140641594999848,0.5255063474999999,0.6352960825,1.00166591957849,1236.647086201949,1987.2168178872173
prop_a[44],0.2682002221825,0.27053714,0.02522998641972994,0.02374263068100002,0.2229930515,0.30519010550000003,1.0026385810241183,1082.9172422079805,2264.741851331409
prop_a[45],0.2026400776025,0.20266458999999998,0.016383993899263316,0.016375361477999974,0.176484844,0.229744291,1.0010403026612456,1618.2461553524763,2768.820401315974
prop_a[46],0.3761188060425,0.37627266000000004,0.017264342180702098,0.017413818995999936,0.3477846205,0.403282096,1.0027123280950763,775.5285777933899,2052.948830908578
prop_a[47],0.3981639065375,0.39980477000000003,0.022555887627495122,0.020499887960999937,0.3601747825,0.431230432,1.003067302987535,1326.38398744614,2462.2527460461474
prop_a[48],0.36810111418,0.36895493999999995,0.019538625885227506,0.018422216799000083,0.334631332,0.397771965,1.0012395162223042,1537.9456578826603,2734.3822576089838
prop_a[49],0.1362780874225,0.135730945,0.014660929623489931,0.014607931779000004,0.1133212675,0.16086998449999998,1.004019680066151,1499.4399359312415,2342.119823611132
prop_a[50],0.198609428821,0.20072921,0.03923804300266388,0.038618282955000006,0.1297168085,0.26009617049999995,1.0035225160735362,1462.5513928100786,2206.5588604400696
prop_a[51],0.3862759477775,0.389547725,0.03201262697064431,0.030273394725000013,0.327850389,0.43156314749999997,1.0029529040913023,1471.857456252382,2240.6182897201434
prop_a[52],0.3733354584225,0.37737399,0.033002034711171024,0.029803277090999985,0.31144276049999997,0.4191509405,1.0019782562392832,1273.1453547627546,2352.3486747970655
prop_a[53],0.4486873336,0.44852725000000004,0.016566064080248643,0.016239510840000002,0.42094033399999997,0.4756061615,1.0011244312282264,1295.3146001664945,2737.278670981459
prop_b[1],0.337528993245,0.326090745,0.0916359135263667,0.090428029062,0.209016542,0.5081934509999999,1.002142354175017,1278.7380203186785,2074.445184249862
prop_b[2],0.029076258593975002,0.025494709,0.015067164567884624,0.011067253175999998,0.01315423595,0.05690541334999999,1.0029943882577805,1215.5243292448579,1892.652733441621
prop_b[3],0.3776112159875,0.365510875,0.0976534405845914,0.09607743188399998,0.23590019150000002,0.5510907105,1.0003688214404207,1625.067083356443,1959.226913425564
prop_b[4],0.12444472386125,0.11245454499999999,0.05381436816937565,0.04408466992649999,0.06223488380000001,0.22689574699999998,1.001399077523444,1371.5459476475246,2023.6117908356835
prop_b[5],0.0216946563118,0.018510235,0.012512464637570928,0.0089398081668,0.008744400830000002,0.04539488704999998,1.0010085203397792,1230.4982673479612,2023.4794631005846
prop_b[6],0.0134647802151,0.0114656775,0.008425244013736602,0.005968937073539999,0.004919809589999999,0.02873051329999998,1.0033159598641592,1819.3290003828806,2732.9333572441888
prop_b[7],0.05692159552075,0.050104842499999996,0.029122369293066,0.021936265682100005,0.02528024605,0.11098102549999997,1.001962219399708,1303.1790559467122,2129.7919658011065
prop_b[8],0.22801300134225,0.21360691,0.07865907444636752,0.07304340245999999,0.124083057,0.376767178,1.0013319791451833,1366.0485525145589,2035.6295332477769
prop_b[9],0.2026370104315,0.18852133999999998,0.07665324156766547,0.06804936072899996,0.10540805500000001,0.34736085799999994,1.0011228419377012,1109.8959427178575,2163.1885688158736
prop_b[10],0.23812892604975,0.22455703,0.08115933217257565,0.07467727955100001,0.133819137,0.39277836499999996,1.000823600073429,1208.208117532507,2162.773440871362
prop_b[11],0.13550463992,0.121634535,0.06030057278289501,0.0487592476812,0.0647740554,0.2514925449999998,1.0041771373209505,1288.137718144265,2040.6379074177655
prop_b[12],0.155808189639,0.14405409000000002,0.06343886816442015,0.054512985513,0.07874112935000001,0.2707441974999998,1.0004135157645333,1288.8501731403558,2117.4312722738355
prop_b[13],0.04913554305815,0.0431995265,0.0245442407411316,0.0193452887481,0.0214721799,0.09528717104999995,1.0045122062426115,1040.8406990400124,1676.1297019112062
prop_b[14],0.17794764665775,0.16591883000000002,0.0662798934782612,0.059411051133,0.09435149265,0.3013492125,1.001040626177508,1344.1173438873475,2440.9399894528215
prop_b[15],0.02616983853175,0.0225795995,0.015723133485701608,0.010437961382099997,0.010901606699999998,0.05488350274999999,1.0012961048555455,1292.8336757423103,1962.8110004726077
prop_b[16],0.2122504276215,0.19977446,0.0754449992431563,0.06776163996000001,0.1134081095,0.3526833825,1.002847624821086,1019.3469637622777,1703.622067401203
prop_b[17],0.228735480198,0.2143122,0.08267141950732153,0.07432969139399999,0.1232401275,0.38863518649999984,1.0023107859552334,1480.482142201542,2319.1707032713443
prop_b[18],0.14746792756825,0.13522762500000002,0.061431830170870616,0.050299013771999995,0.073256233,0.262141484,1.0039819899343556,1212.4105625271968,1677.709236279258
prop_b[19],0.3071777260215,0.29346127,0.09387538777658892,0.089543524728,0.17754439449999998,0.4874688559999999,1.0014215887361695,1289.312537924486,2014.6648189552425
prop_b[20],0.204772408908,0.18958332,0.07942381134996165,0.06704110377299999,0.108172275,0.3633202829999998,1.0027115022687607,1153.2396311630805,2131.609101592352
prop_b[21],0.15688658422175,0.143901,0.06251350190074083,0.05315058730800001,0.0808620008,0.27357942649999994,1.0029427790609595,1439.2686738401192,1825.0233939515153
prop_b[22],0.0838778074305,0.0739077065,0.039844340075908785,0.030674197843799995,0.03902917965,0.15844767499999995,1.00097644130246,1413.3084270709014,2268.8899044758973
prop_b[23],0.13248615625875002,0.119502415,0.05971779763631075,0.0466235090076,0.0649078766,0.24516557049999999,1.001708049044658,1464.987236486246,1920.1895460248977
prop_b[24],0.0490510389605,0.043118472000000005,0.025218081774621943,0.019980029097000005,0.0214537845,0.09578170264999997,1.001774526685677,1235.3328103092888,1851.310717656956
prop_b[25],0.15525870702625,0.14229398999999998,0.06285840410144235,0.05358710922599996,0.07894066185,0.27654902049999996,1.0008606958956339,1189.117947374858,1791.2335078571841
prop_b[26],0.08445855057875,0.074846735,0.039983023410229725,0.0312555720057,0.03933289705,0.1599390875,1.0016249058545645,1483.5149130263007,2149.6501784716406
prop_b[27],0.089522559865,0.0805069025,0.04111187897995817,0.03382483329749999,0.04224122265,0.16747607149999993,1.0025768614479547,1333.5348539126776,2264.8755924346974
prop_b[28],0.1407550007305,0.128518705,0.059178909891164255,0.049829726394,0.069537432800000007,0.254658324,1.0020330270474513,1189.8179573476582,1507.7859939325706
prop_b[29],0.03794062466385,0.0327544815,0.020725508626442585,0.014431428990300001,0.0165878636,0.0766141216,1.0036374663100145,1114.895978815329,1960.674733515353
prop_b[30],0.149456522411,0.13690487499999998,0.062194786129013975,0.05170750601099997,0.07433878415,0.2673181745,1.0001702383262574,1363.5987744444085,1884.3655787144312
prop_b[31],0.12051119158075001,0.109282515,0.05224770967624206,0.043933048131,0.0599696332,0.219132373,1.0020477913570054,1109.442767376244,1587.3707529389023
prop_b[32],0.12785645453575,0.115251545,0.05781467304119376,0.04523711418029999,0.0615252145,0.23594434549999985,1.0022110847433532,1196.0195624708574,1851.5325738157185
prop_b[33],0.20178515390075,0.18736186,0.07451789955904821,0.064618320396,0.107488771,0.34816354,1.0041010276023676,1135.8513277012307,2165.9036423285875
prop_b[34],0.18432606872925,0.17058602,0.06972001952390787,0.061154447886,0.09474345575000001,0.31845807849999996,1.0011935791177813,1351.2694265846671,2178.94284534359
prop_b[35],0.05933451657825,0.0524059685,0.0287320909044521,0.022759217653199992,0.02684354585,0.11621443149999992,1.0011351333844665,1123.1444831800568,2094.62982554065
prop_b[36],0.21670386748,0.20307302500000002,0.07903444700843242,0.069499758657,0.114592851,0.366700675,1.0031423533397459,1128.3040175444173,1990.9591891946004
prop_b[37],0.1576457786415,0.14521547499999998,0.06224098013706022,0.051068245955999965,0.083152961,0.2746201589999999,1.0002709361368842,1353.1679596028787,2451.4991588024805
prop_b[38],0.07525206818249999,0.06719415000000001,0.03591287137318277,0.028760882528700002,0.03451398415,0.1436515099999999,1.0035147697915665,1074.6617020721972,1986.6078486849876
prop_b[39],0.23884840621575,0.224471885,0.0821712189540636,0.076518624273,0.13238672,0.393264073,1.0018887122928002,1215.8366005452144,2123.8153459410555
prop_b[40],0.09160460636775,0.08191279700000001,0.04187043514479631,0.0337662995082,0.0437265946,0.17314636849999984,1.001139965044574,1492.1878058998932,1937.0701883295728
prop_b[41],0.090979340559,0.0819016575,0.042599375854307536,0.0328051529085,0.04267315215,0.170773506,1.001031647021581,1442.2891820318741,2392.2727884165897
prop_b[42],0.12722763162775,0.11551305,0.05377239114864885,0.044759691034799994,0.062202286200000005,0.230392591,1.0012992510221044,1196.8991641336956,1830.9157654451465
prop_b[43],0.11654213592075,0.10668561500000001,0.049248382088939044,0.042899195568599995,0.05676158245,0.20877522349999994,1.0011622694271036,1319.0375928161873,2255.8107763299945
prop_b[44],0.1661000958725,0.15400653,0.06496934264310344,0.05851814787,0.08370022375,0.2882467319999997,1.0009906191687723,1116.3309195988563,2064.6322153026154
prop_b[45],0.05097903688375,0.045052258,0.026611556732964767,0.019673354028300002,0.02215363905,0.09915969104999998,1.0018567481453007,1313.8639877168396,2256.1231549126783
prop_b[46],0.038942861562225,0.0335381,0.020929929742609592,0.015271106171999997,0.01668151595,0.07992956554999997,1.003361070859638,1137.941290784752,1780.3585536932806
prop_b[47],0.07448143279,0.065721246,0.038314474486287456,0.0269899627893,0.0340222062,0.141840655,1.003374031120773,1207.6515182939165,1534.9844301170365
prop_b[48],0.056353258512249996,0.048694426,0.030504506811268643,0.021643374345600003,0.02516381975,0.11137009349999999,1.0020684961905468,1279.6063924679695,2368.964010161035
prop_b[49],0.03150412214895,0.027007375,0.017686723355905355,0.012207732847800003,0.013047951950000001,0.06465693389999999,1.0040022525602783,1153.652265138163,2031.4657049306588
prop_b[50],0.5060272144625,0.500740285,0.09491393098726926,0.09411414331199999,0.3609178025,0.674702245,1.0017827829686805,1528.7830136279072,2513.5443956145946
prop_b[51],0.17155457443575,0.16058504499999998,0.06333252377811312,0.05691939357299997,0.0904128319,0.2948653785,1.003912018114657,1256.0117528114204,1668.76892900696
prop_b[52],0.170772562432,0.157317595,0.06679277314406726,0.057743674695000004,0.08712165975000001,0.297624467,1.002193076189818,1292.942262835949,1985.2029637046546
prop_b[53],0.022289499008175,0.0191007745,0.013132970106060946,0.009044282541,0.00914005085,0.04598205564999998,1.0013013340265655,1313.1840290966961,2339.404115694278
prop_e[1],0.225804782941,0.22897473499999998,0.03168728221482146,0.03074114761199997,0.168072711,0.27216839449999997,1.0024074467325863,1366.8950305269796,2133.469683317299
prop_e[2],0.268395743655,0.268243165,0.010433440498741248,0.010224506271000005,0.2514321605,0.285671719,1.0016139242741804,564.407380898528,1369.1969086384881
prop_e[3],0.29908749678,0.30401155999999996,0.047857246316268816,0.04808916881999997,0.214920613,0.3693515245,1.000502683824159,1474.3537249268975,1912.5713291097761
prop_e[4],0.308962788795,0.311454095,0.021292139987073206,0.018565991934,0.2701985745,0.33857950200000003,1.0036358799816294,1016.5072762775388,2013.1854810608277
prop_e[5],0.6045740322625,0.6051205900000001,0.017045579911269256,0.01661800379399995,0.5763895735,0.6316047349999999,1.003320692145753,1174.3102120472224,2223.453494396728
prop_e[6],0.6904173807975,0.69059833,0.016735456325453108,0.016450736861999927,0.66316045,0.717865666,1.0021356063889777,1586.0773160251479,2387.343184472033
prop_e[7],0.6454444070425,0.6477927,0.024809010648520875,0.021635959862999956,0.6031555065,0.681582038,1.003130719232084,1397.2475277475123,2340.1620145988522
prop_e[8],0.5115662955975,0.5201934500000001,0.05316271666338374,0.04944511030199994,0.4117737115,0.5830392125,1.001489445402536,1345.4758716155986,1934.768170919651
prop_e[9],0.47224948354,0.47932350999999995,0.04678644605619896,0.042328882344000014,0.3866912355,0.534094968,1.0016784177563514,1118.8631453413414,2429.9395466359283
prop_e[10],0.6223539004225,0.63323469,0.066985469063388,0.06216035492100002,0.495886671,0.7096488315,1.000521092448643,1230.9171864519365,1944.2446005830514
prop_e[11],0.7511682259925,0.76202803,0.05383645618382851,0.044238560099999984,0.649715664,0.8176653365,1.0028628101396146,1292.0926085378755,2015.3262310817993
prop_e[12],0.532039756925,0.538614565,0.041850176257688464,0.03545455540199992,0.4557436845,0.5866094165,1.0005983984048203,1318.0595747366096,2319.7861698715524
prop_e[13],0.6972082127775,0.6986602099999999,0.023698730063196206,0.021899314101000017,0.6561938955,0.731850327,1.0022234013063798,1326.634277612109,2060.356346865624
prop_e[14],0.465310038915,0.47124164,0.03912688659030141,0.03521898508799996,0.3932237335,0.517934978,1.0021250428884043,1530.7351975705978,2395.5451720278493
prop_e[15],0.3755979311,0.37575424999999996,0.014046955871256482,0.014012742008999905,0.352856204,0.3984697,1.0007632743324535,837.337011901749,1828.0451420186741
prop_e[16],0.5648033095625,0.57364902,0.05530763347735439,0.049959602153999985,0.46264224600000003,0.6391943330000001,1.0030652215357336,1039.0782701041371,1901.9425814236336
prop_e[17],0.597843006535,0.608012615,0.06534443786204748,0.060481955351999996,0.4736825655,0.6838979769999999,1.0017335303055463,1472.5238435622425,2050.5275985672993
prop_e[18],0.62409939795,0.63180004,0.04655294318106757,0.038825424413999964,0.5384698525,0.6824267159999999,1.0042096741049786,1413.9820055838013,2317.592444309445
prop_e[19],0.320400721255,0.32634474,0.04440280896476952,0.041840780771999986,0.23685342450000002,0.38314587499999997,1.0015428878701798,1328.45069293527,2420.688369393632
prop_e[20],0.5782653456475,0.58903984,0.05892835611339057,0.05047402728900002,0.461891031,0.6524263315,1.0017403977640498,1218.9615845120468,2173.528376705557
prop_e[21],0.427183485745,0.431082005,0.033753379212666045,0.029615765256000005,0.3672381075,0.47360214799999995,1.0072137682687377,1420.2599264422454,2694.3835313706895
prop_e[22],0.571176559445,0.57447896,0.028632898254424298,0.025589868737999975,0.520553867,0.6110049315,1.0017132302138891,1456.4020708649512,2227.24342179751
prop_e[23],0.3414158697175,0.345476085,0.02581476321048788,0.021593038592999998,0.2949646875,0.37574231449999995,1.0007410408170418,1305.3288832204105,2060.3615974061345
prop_e[24],0.6624550994225,0.664135145,0.022854399348562576,0.02107548517200004,0.6234092720000001,0.6962489285,1.0022539803609258,1072.175620030257,2037.1917490027408
prop_e[25],0.355954218715,0.360250915,0.028441216229238484,0.025592263137000033,0.30258571500000003,0.3941064615,1.0017153962300174,1293.0663551753269,2463.4397263808614
prop_e[26],0.44458629779,0.446942795,0.022859389478849773,0.019900079891999985,0.405820612,0.47724495699999997,1.001465524513718,1497.2948389428384,2499.380341928096
prop_e[27],0.3672560687825,0.369401965,0.020006676871242114,0.017654259651,0.3312748525,0.3959929075,1.0013214951102583,1207.3628540340014,1909.22283764771
prop_e[28],0.4925489359875,0.4978926,0.036527948058470726,0.03193568584499996,0.42556214200000003,0.5410368234999999,1.001997765238359,1233.6644825122946,2151.542725713886
prop_e[29],0.462720444915,0.46334756499999996,0.017195097826206592,0.01647411746400001,0.43382032449999997,0.49010316099999995,1.0021268377929693,1445.1562379349728,2264.1931857295745
prop_e[30],0.5859354635225,0.59287697,0.04511622226487175,0.03905485676400002,0.5027268484999999,0.6444650710000001,0.999864911025345,1291.7816671901157,1726.2526380725674
prop_e[31],0.6481056545525,0.654858425,0.040427208560816885,0.03491126404500001,0.5739683295000001,0.7008403205,1.0030251310196516,1237.2909541436961,2705.485773566891
prop_e[32],0.5462058575425,0.552318895,0.03842665701017949,0.031619832740999956,0.475191431,0.5946410544999999,1.0018778455297035,1157.307572064814,1998.7532100049636
prop_e[33],0.6396951768525,0.650656255,0.06060778104627738,0.052786653485999945,0.5219768094999999,0.71788877,1.0043741825543109,1157.252729280852,2080.759928715493
prop_e[34],0.4966008368075,0.50394432,0.04345614270073786,0.03920634141899999,0.41531062150000003,0.554994773,1.0018686292494352,1378.99326980781,2252.7010697934916
prop_e[35],0.36591794609,0.36659815500000004,0.015988032468601688,0.01494704687700004,0.338662213,0.38996569799999997,1.001477039087786,1452.3928057428463,2375.842194429837
prop_e[36],0.568730701825,0.57808842,0.058337510981472544,0.05101138824599993,0.459633628,0.6452163115,1.0021386501086964,1107.398443983435,2220.393438853804
prop_e[37],0.700123327145,0.709342695,0.05317613679552508,0.04516449569099996,0.602057462,0.767915707,1.0008540928176413,1412.643499175626,2253.966814355194
prop_e[38],0.508144807755,0.510568895,0.024046074812333073,0.021763945307999997,0.46509586599999997,0.5419444880000001,1.0029381291732868,1137.925388347623,1979.406381493979
prop_e[39],0.4887393004275,0.496766515,0.054018970500142635,0.050318895438000034,0.3891671335,0.561092961,1.0024187939725129,1285.5010028678823,1940.0605573402563
prop_e[40],0.3945574106975,0.396962445,0.02204815282132118,0.019872703682999992,0.355998994,0.42642428900000007,1.0049204222109365,1387.4830972580264,2509.6051590736693
prop_e[41],0.5134272528225,0.516686035,0.02755525542594011,0.024165379244999962,0.465053378,0.5503374000000001,1.0020059121791367,1315.3204693333746,2165.3327336689226
prop_e[42],0.67222790489,0.67953968,0.043566840175205616,0.036965169129000025,0.590245629,0.728152804,1.001339606523324,1207.394155871541,1981.3364893164487
prop_e[43],0.2938869327275,0.29597724000000003,0.018935070133319996,0.017199138515999978,0.2596094795,0.3211302545,1.001796336140561,1233.2420869015987,2698.083880298381
prop_e[44],0.56569968189,0.5727488300000001,0.04564704267477987,0.04050687813900002,0.479255093,0.626999047,1.0002102250309621,1189.9655684410086,2078.0339575091602
prop_e[45],0.7463808855375,0.749444545,0.025824430525985414,0.022384279974000006,0.7015565205,0.7825983905,1.0007401544907333,1348.0723151903394,2344.9119083641135
prop_e[46],0.584938332485,0.5864089349999999,0.019585363837081798,0.018265024133999986,0.550720302,0.614853485,1.0019487870434003,931.8210818507144,1598.2791707739614
prop_e[47],0.5273546606675,0.529861125,0.02617714834219816,0.0221325196680001,0.484355962,0.563536119,1.0018385000529817,1413.9865285531837,2297.599419962379
prop_e[48],0.5755456274,0.5777126450000001,0.023801456727045898,0.02061259521299987,0.5365900530000001,0.6091639965,1.0060505624793958,1403.8528815403508,2136.315862040397
prop_e[49],0.832217790375,0.834288485,0.02046064449880547,0.018783570896999998,0.796334209,0.8606191220000001,1.001947109789933,1387.8087699379234,2394.8644075884267
prop_e[50],0.29536335674749997,0.298454485,0.057083602961321124,0.056893188617999996,0.19496088150000002,0.38363129449999994,1.0008322257217892,1555.800041189471,2571.148201410862
prop_e[51],0.4421694777325,0.44759842000000005,0.03626591025117682,0.03257876359500001,0.3732418865,0.49200105250000004,1.005516432574604,1045.6426078152151,1638.0951056615977
prop_e[52],0.4558919790775,0.46204599,0.03832793525908608,0.03385649792699999,0.385003086,0.507464676,1.0015871343191314,1451.4472398048817,1987.7912694156553
prop_e[53],0.52902316743,0.5292948749999999,0.016913786435524304,0.016665113408999885,0.5007776024999999,0.5558767685,1.0019935751147273,1123.6813188919054,2025.8605902766342
