player_id,pca_score_1_mean,pca_score_1_sd,pca_score_1_q05,pca_score_1_q95,pca_score_2_mean,pca_score_2_sd,pca_score_2_q05,pca_score_2_q95
12,1.403405789689652,0.1294550063642291,1.1925043071018906,1.6099963277957046,-1.012920751089865,0.19597915748051797,-1.3422735548682851,-0.7135819335989512
38,1.5574520109458323,0.12397377371733038,1.3551602630187107,1.756658759499145,1.3041026915768617,0.18727699987997376,0.9954558021652157,1.6077183296226814
118,-1.8102210515622397,0.1306502654079426,-2.0232796782688367,-1.592724904847624,0.48628382329524206,0.2081123751543702,0.14305383360446894,0.8157057868464217
145,-0.36227894915190345,0.14837768522755793,-0.6224043004943844,-0.11967204560724394,-0.08824203437428643,0.23499389985676458,-0.45946793075045145,0.30819881595051696
151,-1.4164579209023105,0.11676343906415955,-1.6081702939402507,-1.220063489642955,-0.7291707373534007,0.17993240480147518,-1.0306617865910992,-0.43994067238577844
253,-0.572220473299346,0.16287908013743885,-0.8435273461357318,-0.3200180428765248,1.3671417268530384,0.2338207511097765,0.9992656745336486,1.7499463192706124
254,0.5810175946488308,0.10948742779738818,0.40607223803812925,0.7635291722420378,0.8508863484403016,0.1545621294496156,0.6036404795327733,1.1106654019962028
267,-1.2539082144627665,0.12048156291358203,-1.4505902362810814,-1.0532106854691128,-1.5741208014254602,0.18721314173359574,-1.8837371166912582,-1.2683682757532935
312,0.9614062634334536,0.0972781561697076,0.7885750960172125,1.1149428188259893,-0.32692883598900807,0.15472594526197153,-0.5750246475971788,-0.06876283998116395
1720,-1.4461471166360123,0.1257943822751528,-1.6517461928925068,-1.238425408934967,-0.2170506391916651,0.1988221827634411,-0.547564199051208,0.10560033367232662
1751,-1.1821955106492252,0.14526434283407114,-1.4222881017551212,-0.9364671811098099,0.6474207270379504,0.2299518411791642,0.26093911142815784,1.022707494476427
3269,0.6119157198390006,0.11100937998459777,0.4229574332280157,0.798956683424205,2.6086757427348295,0.14599281950540224,2.361721684088051,2.840193288734255
3270,0.6968476453747221,0.09694157358743168,0.5346090160288295,0.8511393419236484,0.6034090275577092,0.14368382368186458,0.36750032956068734,0.8305077737488926
3274,1.4684823961626434,0.11882798408986577,1.2739371975776117,1.661546947045497,0.4196875704306098,0.19138903083862988,0.08744451750809076,0.7231405819798943
3275,1.1417924158708177,0.15258838418597775,0.8880926965883187,1.3907130917871917,-1.3524328559775596,0.2301539935370632,-1.7355308727940248,-0.977599796269666
3276,1.410449020025269,0.12277049067708083,1.2115700226558168,1.6052292299783466,-0.7219125233024027,0.19996964103575063,-1.0523365915741598,-0.3946711140665062
3277,1.7063519571803065,0.09921581587453768,1.5478405310902952,1.863730051407555,-0.2482596285244703,0.15992348960637523,-0.5216460783753446,0.014323880128963792
3280,0.23502529847457196,0.12733873831823564,0.02649042684025375,0.44743084899343105,3.0374025601372816,0.16981582276342322,2.76705587904257,3.309681114992218
3281,-0.5444187156706843,0.14394088225812696,-0.7741763606365273,-0.3034382750475363,-0.3954403575162399,0.22670111210678687,-0.7629334399139056,-0.023473540877950488
3282,-0.7998712070348867,0.10751231604998165,-0.9806352567377694,-0.6181036455007447,1.8790978516853105,0.15003067291217706,1.6309192748214643,2.126645634254118
3284,-0.9653012929974427,0.12704995125503007,-1.1744059007403351,-0.7546930149477047,1.1159946677900237,0.19581418922051827,0.7898558206261105,1.4337347844952495
3285,-0.30357418149038007,0.15515477611525982,-0.5635862593345905,-0.05696717114242991,1.67760678693577,0.2287426331886613,1.2918501642028746,2.0479438573034336
3286,0.4768434195116615,0.10786981958115768,0.29761727156438444,0.657084204414361,1.9457712008141537,0.14910474388510497,1.7099492078836864,2.187374802775733
3287,-1.3453075125039444,0.09439971371773881,-1.4996512018701165,-1.1834422766028487,-0.1829346801629423,0.1567531360275364,-0.4296704868232241,0.08311500182985103
3290,-1.4388225153590337,0.11152557906105534,-1.6297254069234706,-1.2541372546233767,-1.256043792284464,0.1717581969148473,-1.554068024823477,-0.9731018780341146
3291,-1.6031143183380898,0.10402325041299484,-1.7776783845749782,-1.4359726217800868,-0.7662654078340322,0.166077953600131,-1.0322829070079802,-0.4869662950678963
3293,-1.0626419355906132,0.11113953444269907,-1.2484032880207296,-0.8797182379398321,0.5708176778763256,0.1678148562915886,0.27840750415747156,0.8485508009634894
3294,-1.4596713797899796,0.10812411554000997,-1.6334546354415453,-1.2768721295302201,-0.26367222696107984,0.17775655764557735,-0.5448695733949107,0.02570121992262375
3300,1.5794078120987367,0.10263461758351689,1.412407358173077,1.7462231235208059,-0.07551804959268099,0.1709088416517402,-0.36660236326859713,0.19963470871112746
3301,0.4193377259892154,0.1475137650145649,0.17720659310854084,0.6567081867838965,1.2172857624796003,0.22228059112042794,0.8636595705877129,1.595021277967052
3304,1.0657911681435897,0.09656821204343184,0.9082325228294582,1.2283634505493204,0.05069419124057435,0.15209906073859925,-0.18679912183536101,0.2961749797305511
3305,1.4132250628952492,0.11903547864876375,1.2162984811022857,1.6111990608663576,0.3193464938805034,0.19474163502885877,-0.0056175200826663685,0.6300299728873044
3306,1.78585324953232,0.10415481082869145,1.6075826326505889,1.954070915975161,0.6217188563846692,0.163819299945947,0.3549332774046039,0.882138920308101
3309,1.4272244979777693,0.10320906467680654,1.259256193624024,1.5882405915758229,-0.3651274040110628,0.15792488134750557,-0.6316928141181101,-0.11031435808582804
3310,0.32890692305977426,0.11924174812654065,0.13073112566340403,0.5150789839496226,2.7964461994856658,0.15161051206156817,2.537185598263253,3.034504417825546
3313,-0.39816034537242717,0.15195280254056323,-0.6505634490471514,-0.14068577634637391,0.670131446968629,0.2172594047870519,0.3177731235521841,1.0271484430093536
3317,0.08331472021588758,0.09805781483040801,-0.07396914873243851,0.25274351575690795,0.6640579756686604,0.1504261367793197,0.4259733798197851,0.9055976849861274
3321,-1.5889633908512728,0.10349583617598017,-1.7662713980497076,-1.425837547802548,1.0334192942399776,0.16030982681640651,0.7776524174785888,1.2977890571401856
3322,-1.835789879641409,0.11570038732239499,-2.0238287990460058,-1.63862205097406,0.47011303596683285,0.18093017081261226,0.16598011787619182,0.7602340997858309
3324,-1.5657346198943696,0.10716124307589003,-1.7434029493922205,-1.387104080826946,-1.0119179894429728,0.1766630238732807,-1.2924672911484725,-0.7219315994944848
3325,0.30390494865873174,0.10699746634773505,0.13085617889033926,0.4828418892276289,0.8935204207618679,0.15409820807139188,0.6392825029173432,1.1452383633012722
3326,-1.6724682490868903,0.11577668249929766,-1.8559853261391228,-1.4874705329403188,1.003839398416652,0.17174478917281885,0.7307797410421207,1.2868170559092702
3327,-0.9967118261905052,0.10418339064435486,-1.1619117848971705,-0.8246888077940667,-1.1198172674087923,0.16053033048292284,-1.3803041636816065,-0.8533516665894576
3334,0.6438729446309809,0.1304878503506377,0.43234622816641116,0.8676787356482034,2.7158016686501942,0.18762297780810056,2.420082624915812,3.0197130918628745
3335,1.4926780026074797,0.10029850800615825,1.3311294505478037,1.6599274522737844,0.29581251824888866,0.14886588485106836,0.045991720870794825,0.5358387875313554
3336,0.812849924829408,0.13379189610060824,0.5821973551763744,1.0277509852583566,1.6601913470007554,0.1951818540853272,1.3456080653159015,1.9850595008594882
3337,2.028346895558705,0.11842329608441778,1.8355571266998851,2.222844541975419,0.8881207300249209,0.19145329698570654,0.5631865704236304,1.1962543021870211
3338,1.4340673327502285,0.10194299391466849,1.2746291816554076,1.6049353206285453,-0.44998970434660085,0.15228171626512085,-0.6926666204956469,-0.20314928024922463
3339,0.7522715467510499,0.10065236536839252,0.5943021340570627,0.9236190269857376,0.3160773873631279,0.15292368052334054,0.06861349439596497,0.5720716510699934
3340,1.3527333498318086,0.1251948766318514,1.149704310062711,1.5654789642664038,0.362464369927356,0.19621904216259567,0.03219555026764535,0.6805911293888987
3341,1.7751238080913379,0.10447898618611699,1.6007550593382762,1.9424181168737638,0.3842167319262175,0.1702543535641944,0.10735928320298156,0.650148367036456
3344,-0.24146908321275554,0.11654487724919856,-0.4249996388171809,-0.05060175651599897,1.3037270106352377,0.15806542343039454,1.0448330401026529,1.5782033764986991
3346,1.176716259990823,0.10430772269105042,1.0123870734709188,1.3424700572520574,1.6510367262435126,0.15766453375761233,1.3831941273779629,1.9160853101094533
3347,0.2603087565956971,0.10752437665481558,0.07944490526979356,0.4357266236348812,1.686201293000303,0.14455238019776068,1.4612573830202096,1.9215700456083546
3348,-1.482812977886674,0.15693098618440884,-1.7410443971136247,-1.2292816421224804,1.1384493579882353,0.23691902645018112,0.7419258258921554,1.5242382017796983
3349,-0.019296875593717906,0.12331673373234205,-0.21280419944211149,0.17728096151811765,1.080425225118901,0.17900813922750128,0.7787070954779686,1.375536189317016
3351,0.6471200476252055,0.10520288596423533,0.46973696117957925,0.8275177023556254,0.5780026744185291,0.1532552355618976,0.327116104455205,0.8327122085367548
3352,0.3307171350018434,0.1671061886486512,0.0611270144927445,0.6090312938295409,3.5034688410668875,0.24274420833184598,3.10305887103203,3.8883401567383777
3353,0.2855181727468976,0.12876242351631442,0.07820680756227426,0.49581738711572226,3.0234442563582595,0.1705821277787624,2.7401525485283313,3.2994564684497116
3355,1.7514669416540647,0.11722655743919667,1.555507856924321,1.950102022455125,1.348182754073964,0.17893178231148643,1.0581988206413255,1.651068937239774
3357,-0.7007235016580668,0.11820662501472341,-0.897815250575435,-0.5074896781552672,0.25193548821307366,0.1705045347147003,-0.026125764560432734,0.5230859307440601
3358,-0.8941378037223628,0.11077089704537418,-1.0812448957812206,-0.7182006708862161,0.7525940149538117,0.16401575073652644,0.4707472281236261,1.0205531664620937
3359,-1.7079010614025387,0.1393543327005549,-1.929454508950779,-1.4769054439268605,4.074858183318598,0.18409263176813206,3.7652516098431983,4.377712706926175
3360,-1.4891773971739255,0.15469635890797323,-1.746623692124255,-1.2369297452603971,1.6451709084618638,0.2471031240136656,1.23684867227473,2.070921086156708
3361,-0.7629080431313264,0.14597974132614935,-0.9999955403292855,-0.5220712103460067,0.044647371810662036,0.22901369076866812,-0.3297974633399441,0.4135018018800613
3368,1.578008904710267,0.1491685430966499,1.3316427481857909,1.822676823973029,-0.8462191567011522,0.2454506162207944,-1.2588018803084253,-0.4506446084823282
3372,1.8419857687644126,0.12878368415200273,1.624058388597104,2.0596532894989505,-0.040491007124722915,0.20876139248797365,-0.38220123146256385,0.2935955049018648
3374,1.8425771177686556,0.13845327055950105,1.6176177659627637,2.064235903470966,0.6113179566457413,0.21425084319648377,0.27163827489118275,0.9526397599802197
3375,0.8290437009033143,0.11651122936167566,0.6355335603715225,1.0119537432244008,-0.32021819535506896,0.17304105376889453,-0.598323094068248,-0.02535893873043859
3378,0.8503419729087601,0.11464178445288137,0.6633450480262916,1.0347247898046472,0.46880487178022046,0.17989901900692895,0.16905081963103094,0.7622427854450271
3380,-0.1666249532328129,0.1524561321480891,-0.4183866650193419,0.08493274522799762,-0.5033254847218506,0.2244153501418627,-0.8594428229721793,-0.13651346806466114
3381,1.090365930948663,0.12291313183320245,0.8910054067118043,1.2906209889244653,-0.6648381470368773,0.19972802618182758,-0.9941686969278448,-0.32277889771536666
3384,0.46636097890626316,0.10178256525272003,0.2969158271668038,0.6292124710930903,1.0382172143398811,0.146985757686487,0.7870874432304118,1.2738580732198062
3394,-0.9504678158804954,0.15223720716306613,-1.1962478070178653,-0.7060397675328837,0.3355859593970112,0.22120604235754765,-0.03760649715406561,0.6892209904135969
3400,1.4548392721264454,0.15375028712441335,1.2102463554065048,1.7118215703836217,-0.7673255860405287,0.2316787945523966,-1.1379664864822019,-0.3849414705642502
3403,1.3603157718928234,0.15582959494286436,1.1077108140474299,1.602611961068528,-1.3052119287398374,0.2399040105263985,-1.7124560949556922,-0.9101620133692987
3404,0.04149619274015751,0.1497279215239469,-0.19719536057348852,0.2829394094137193,1.0403325174742624,0.2225813953531329,0.6830835661620371,1.3824629795781154
3407,1.1105610843129847,0.12757840687427868,0.9090699818158456,1.3209371674818544,-0.6181072668367847,0.1873372658609046,-0.9245149826072442,-0.31562014748587786
3408,0.6580219744159552,0.12591304037694687,0.45144894299707594,0.8599546866700739,-0.5575857836813186,0.20008784645428174,-0.8837512714105211,-0.2267393354700218
3409,0.746560296567651,0.10262532375663817,0.5777193242540299,0.9108869476942376,0.20533344137749826,0.15617320344838204,-0.032479528937195995,0.4635726501986993
3412,1.495907974373644,0.13217538509432217,1.2664073321966016,1.7012546152192247,-1.053883744708654,0.20006816111720516,-1.3865894481296193,-0.7223999568835668
3413,0.5847106278347557,0.12719867087734896,0.38056583839010777,0.8041203395572846,1.37436805664887,0.18875296583851103,1.0446149320026272,1.6845382248542857
3414,0.994464602046336,0.11097877707054521,0.8151972040070568,1.1780576083579302,0.38977449332664965,0.16947637013341427,0.11189049792812922,0.6684828892203479
3418,0.4287805830095211,0.10394865514051882,0.2577855159117896,0.6015675102983749,0.8532704523265562,0.1580889404914642,0.5968739279549921,1.1141455510858445
3419,0.2177154034670814,0.12534999353281265,0.017382974305789604,0.42307336252248673,0.5888153813648621,0.18988805584894838,0.27663923078605435,0.8884220693636791
3420,-1.093512707929648,0.11147751723603705,-1.2810354776492896,-0.902477769595252,1.1274951274451102,0.1670099227432269,0.8571077910419009,1.4063481190318066
3421,0.3044327118887465,0.09498111429337279,0.15101061864450663,0.4697339354432858,1.0296271000862254,0.1353867186100022,0.8114763949251359,1.2487313646033065
3423,-0.9413564331328074,0.10112768494394257,-1.10259170512747,-0.7742209601713625,0.7440381117625344,0.16034831579656145,0.47083282877145527,1.0096229634728886
3424,-1.3461537432503936,0.16162452728719262,-1.6177384746204393,-1.093304345488304,-1.447175485697905,0.24303690949684703,-1.8483139190040188,-1.0793733085144042
3425,-0.7903897748827828,0.10458934812377717,-0.9598760368401984,-0.6052767311150219,1.528355461416904,0.14871290097508935,1.2771240490027684,1.7828369693486228
3426,-0.507159218932016,0.1434263442731881,-0.7482491551399035,-0.2635671036102324,0.050632224195289226,0.23178501677598343,-0.33472700999666233,0.43499278712039086
3431,1.3882239928988998,0.15577338090686124,1.1352884462237187,1.6441868507302162,-1.4603195989651452,0.2368254644631665,-1.8469414820429686,-1.0756147008138695
3433,1.3392089431278396,0.11053031632540988,1.156707219581734,1.519368856332794,-0.9256464318758814,0.17557254338169057,-1.201218635476142,-0.6410471458194128
3434,0.7850851395117135,0.11106876784796277,0.6052911315368771,0.9694555365081107,1.3715269798889325,0.1632869840561932,1.1007946782153548,1.6425342447458977
3436,1.0826860136960326,0.13188217192709709,0.8642025504898733,1.300385935808505,0.1886286825197879,0.1932343701470812,-0.13316831647298044,0.5129651969005854
3440,1.2149999852289612,0.11506652119893342,1.020073339959506,1.3935129020379995,0.9666024452886047,0.18381588584449282,0.6690774553470633,1.284375841697917
3441,1.192132329560946,0.11406030764178553,1.0057839312662373,1.3770012659681181,1.4656343767697027,0.1677609536545654,1.1752090306013212,1.749071093537868
3442,0.6959273587758766,0.13619444497498495,0.4714278869198935,0.9177652667714076,1.2958942863879381,0.19808120531753548,0.9747489960919724,1.6211814181501367
3443,0.432633402394352,0.103764089602678,0.25837227683173813,0.6074844691322235,1.9611749290548246,0.14126491087919946,1.730801509591005,2.2016235589136883
3446,0.9224884272506663,0.10849355993728173,0.7452768566831558,1.1062308193051495,-0.02251496390685502,0.15765132672128712,-0.2793342653045986,0.24415165735196181
3447,0.392195805366182,0.1060787683326769,0.2155142932745284,0.5599066737232726,0.4676440829449193,0.15339312736318866,0.2119563546256851,0.7120822456760806
3448,-0.5767398377738523,0.12226427740942525,-0.7752251264813064,-0.37753025835454074,1.7613583625027989,0.17314543939421298,1.4796311314157284,2.054432868600724
3450,-1.3033767281913704,0.1188739385808351,-1.5019375264641437,-1.1093364557849796,-1.77201657935748,0.17987234066018337,-2.0596987875888737,-1.4839734598895753
3451,-1.1504888802313353,0.103157950545158,-1.3185333705968432,-0.9805311703465424,0.5066819484353184,0.15949108185525784,0.2540179552379975,0.7724744815929014
3460,0.4945053779930659,0.10492127314641624,0.32204648941933306,0.6617475536763504,0.2814296679079367,0.15676212038563486,0.03011628771706402,0.5482649246725451
3464,0.6510534846272287,0.11263708846874376,0.4713302362538983,0.8392654746234256,0.5465674005386933,0.16753794259898444,0.26064961034331896,0.8168125041116011
3465,0.9786614677981132,0.11429241058687936,0.7971003553242798,1.1816937143131794,-0.01008413386920534,0.16127210373412854,-0.2702009614677719,0.23934071704997145
3466,1.0774010702045957,0.1114504765218905,0.9036977360146811,1.266452535958045,-1.1046857717909824,0.17391983436976802,-1.3930023463247643,-0.8170548417517971
3468,1.1932983274416642,0.10933466536887451,1.0113244341114802,1.3792252874458473,-1.1569490153902275,0.1657066341227095,-1.4368765230880505,-0.8937322832070884
3470,0.24873264006517706,0.10901361777279299,0.06926548658683257,0.4272293809749761,1.6531223723683897,0.1529966828968743,1.3989737996643905,1.922227741222875
3474,0.015997869146122275,0.10448921159934814,-0.15365394531143403,0.18786670121614707,1.8774672577344824,0.14267292075385296,1.641197034273009,2.1053670200934307
3476,0.30579983255652443,0.1070178795386542,0.13253430885089165,0.4821580241085018,1.905705786433725,0.1403231324021803,1.6706183802656238,2.135013052589711
3477,-0.9043357913697093,0.12939263018438385,-1.1132104613858262,-0.6872108156472927,2.4361596216589843,0.1847188698927512,2.1419360881083387,2.729423599076854
3479,-0.964278235411473,0.15382572510378936,-1.2206873613975529,-0.7138695745752095,-0.21091469438845928,0.23909591127197197,-0.6136519792800728,0.1881924719507294
3483,-1.3525071067405836,0.11185120632361067,-1.5410243161755122,-1.1714354707810113,-0.8272582818985016,0.17538088970157825,-1.1179018094988584,-0.5331896492613813
3484,-1.286942114493372,0.1537751170387384,-1.5288831371772627,-1.0267239514723945,0.894934350724187,0.2339441904867986,0.5059330490132159,1.2729423044489876
3493,0.843195311478474,0.15609417871763132,0.5823058770151233,1.09697852679312,-1.6521604332497815,0.2187956112549206,-1.993956706642631,-1.282476078039051
3496,1.2965404526792614,0.10182301013160557,1.126785627624544,1.4616718984113655,-0.5420759824470447,0.1599874081705785,-0.8028808319845057,-0.26350719597037525
3501,-0.18085809511061443,0.1301393607819735,-0.39686330757038074,0.03742403783782448,0.7154124462231308,0.19430584207642224,0.4015592640911369,1.0411625037439158
3503,-0.5514698081036474,0.094662980210466,-0.6980603546290685,-0.3985895800781107,-0.17485464323973274,0.13945664489320878,-0.40594223124283,0.04908017175988411
3505,0.67306008563315,0.15176807273892678,0.42581810216993005,0.9206667233390013,-0.49669293305096063,0.2248625734927267,-0.8667458498617916,-0.12094921142417102
3510,0.8314406548247556,0.1079579611226167,0.6545677163354308,1.0157764776698455,-0.03871007147802919,0.16781865046620018,-0.31418028191734954,0.23108493386859272
3511,-0.6724330594677338,0.1110228235045141,-0.8528133722734228,-0.4895300902412169,1.1432132207697536,0.1609462036384245,0.8853570652577293,1.4114203068374476
3523,1.418625137540813,0.10416263938594925,1.2449044592936336,1.5958924099737053,-0.17808715544100343,0.16392705292020987,-0.44960383542721033,0.0803697488807827
3526,1.3800729415127873,0.11928440985445467,1.1813436301628395,1.571426688119275,-0.8603961153257906,0.18576939217026875,-1.163873022109924,-0.560858584389987
3527,1.1445240608443494,0.1329052914479193,0.93459879645836,1.3698722478234464,-0.7491805005157695,0.19718530551950206,-1.0776326004623649,-0.42802719297210495
3529,0.7698572869416164,0.09682294398352542,0.6071301329962938,0.9289780238408843,0.3688470543110841,0.1514381545857007,0.11669053340826696,0.6275044389681091
3534,0.527596162539432,0.09830255943206508,0.3705592204976924,0.6831765665894152,0.46019163725523937,0.14348934807252092,0.22503273794150663,0.7004547442346682
3536,-0.2593648486036035,0.09125666222844653,-0.398907080180578,-0.0999651021502664,0.9633194321245815,0.13292407380738497,0.7398917165578478,1.1897533085527054
3537,-0.16198691050010192,0.14890582758405738,-0.412872247810667,0.08596907739999321,0.7490524979638461,0.22889932740158672,0.38882078418202515,1.1304096733361182
3538,0.23381826986212426,0.10643496041379753,0.058802419970655,0.4084805862304012,0.1576308292760407,0.1639989515889221,-0.12027365420747085,0.4213789580753846
3539,-0.7407936238032595,0.11104731770037643,-0.924774853239895,-0.5618135555336695,0.09761609674574952,0.16134125283448764,-0.16881363787646095,0.36577863719336506
3541,1.1543191030212108,0.11603847019436764,0.9699700513829916,1.3604538807999103,0.8939723934785903,0.17383520548956438,0.6080193416976563,1.1795228278249794
3542,0.3682813155515555,0.10373744568221611,0.19325094066865253,0.5399185946482719,1.3831553915285764,0.14915325025512152,1.1325461224517945,1.615870186712546
3548,-1.405964805335715,0.13563959040092538,-1.6256690241427831,-1.1880166357104474,-0.27560806344607314,0.20190944348178685,-0.6111326264173826,0.05266823693866386
3556,1.3880231271564625,0.1552032388276546,1.1277531237591183,1.6378762092855585,-1.0432262635195577,0.24829074912014285,-1.4317299825402001,-0.6426347668396575
3557,0.8088459805694245,0.12378883977762929,0.6024653144047136,1.0057151518548229,0.17767074023212892,0.1953881788787724,-0.1267621985995376,0.4979045263768804
3560,0.4853916410316762,0.12304332255507036,0.27528996877774714,0.6848985593624344,0.13198382378492793,0.19200868100562934,-0.19033834658259774,0.4581316119904666
3561,1.5942597340442826,0.13242872787767485,1.3777322206976634,1.822348673435374,-0.7524287908362841,0.20215076131059306,-1.0779418105491279,-0.4177829551925033
3562,1.4558385475151856,0.1555515925594646,1.208594876765866,1.7043255543219904,-0.6921307120607966,0.2380892459118907,-1.1024125377983829,-0.30473547710028803
3563,-0.7106413065561449,0.11980103282637926,-0.9011691415934172,-0.512933707495073,2.7533863687441724,0.15212676983955045,2.506889840257423,3.006415366499013
3565,-0.6214558979240771,0.1440569965532274,-0.8704076897433705,-0.3983148595598853,2.934659311128547,0.19919477034419922,2.610506745009773,3.2419718448709913
3566,1.2973157808794076,0.12162019580294464,1.0995826089804706,1.4973071442216817,0.6439801169725888,0.18816819043550814,0.3275892345667566,0.9479216305539758
3567,-0.2083261055959453,0.1198242656122959,-0.3994390670788122,-0.011284665891302212,2.0646477047248206,0.1740564431879636,1.7702523517614899,2.356216285453064
3568,0.3079560551757371,0.09888749041293451,0.14709868052043637,0.4714949801164617,0.5628200722158659,0.14975456658394865,0.3111501168976467,0.8149933982436715
3571,-0.9425175405692785,0.10129120344671158,-1.106448213517672,-0.7731732656157976,1.5498289863149328,0.1531206864135574,1.3070282204605628,1.8038143359537386
3572,-0.28538925865828124,0.113989111960931,-0.46739999838226787,-0.09251020903464136,1.390082217235852,0.15917639915767484,1.1395916693507016,1.6473431260139733
3576,-1.1970611774501168,0.1012352794239865,-1.364614802157155,-1.032282816026016,-1.2716190317303928,0.1526629796008983,-1.5140629903880667,-0.9958093349034352
3577,-1.065793637790368,0.16053740178237183,-1.337488323192033,-0.8014543006295112,-1.6518530770445743,0.2385735346292722,-2.053956239895808,-1.2658270748852216
3585,1.690961310415956,0.13036254933367145,1.4795939948006063,1.911421268301231,-1.1212272304035225,0.19746390996077623,-1.4556146142108488,-0.8087819307340368
3588,1.482878207392894,0.12726321118942382,1.2677158195953426,1.6939776015849355,-0.12441110930913271,0.20425057950575354,-0.4562714249656475,0.21184980934698502
3594,1.2437434984363331,0.12682676757944877,1.0339324509607406,1.4545735836059448,-0.2082862515665236,0.195897532651512,-0.518009175419133,0.11885935001894635
3595,0.25899645221558726,0.11700829582723489,0.07294909076691543,0.4570218259175966,1.9378204759114792,0.16346906721367285,1.674509024885503,2.2152372191950875
3598,0.29870500046584936,0.15396039334033215,0.035287800972398156,0.5549050560464841,0.2292350707243713,0.23009990613280096,-0.15445558568832352,0.582595532892884
3602,-0.09533749299723392,0.11415722458893626,-0.2883377986324416,0.09861527141712423,1.512591335571281,0.1648872867303279,1.2570961561085185,1.7723862477089494
3603,-1.0933386228158564,0.15041296825281056,-1.3373380865640698,-0.8479175894892086,0.3634010398935787,0.23132143791033322,0.008522683936124265,0.7389787406993122
3604,-1.3995275343494067,0.13184890793043944,-1.6190162446987406,-1.1863666909590513,-0.5505164061113748,0.19696302361952214,-0.8830773394080907,-0.21222264185247933
3605,-1.3293841113754477,0.10298457403444662,-1.4945709774409404,-1.155365333690924,-0.3531733202505251,0.16029989250843643,-0.62319801022815,-0.09180714312675847
3608,-0.9515316752315508,0.15517943109014665,-1.202088279120186,-0.6875514135581678,-0.9942479891919175,0.22748813609895693,-1.3699108639251363,-0.6317115645651475
3629,-0.9723430351446799,0.12739469352630714,-1.1822629439496282,-0.7704843819545125,-0.21228354513582556,0.1911269496848717,-0.5298110169173613,0.08807045582442849
3642,1.3815341556327574,0.10583554143526827,1.2076968023617658,1.5534115613812842,-0.7690713910962867,0.16405635494749882,-1.0278909197630264,-0.49558557175292484
3644,1.5255009515404108,0.09503011139769504,1.3647461320996115,1.6822142386495078,-0.07112342246890739,0.15986214071132943,-0.342061496027072,0.18043895405799718
3645,-0.8654826790820145,0.1099573548161487,-1.0459592234113617,-0.6902860469585386,1.32484399647416,0.16540942992224578,1.0472061605642942,1.602656787758688
3650,0.6873852676614605,0.10232306693247474,0.5167491884194738,0.8424119562785427,-0.34692421968194226,0.145413659780515,-0.5876837207015386,-0.09469528387544093
3651,-1.27765802539028,0.11658727767130847,-1.4617131887050927,-1.0824092489967079,-1.728840540082748,0.17355138764303266,-2.0095605060446022,-1.4597985266828968
3653,0.9961451547156832,0.15429120831002954,0.7477833918581457,1.2422828651702953,0.9441974039202542,0.23218016550548318,0.56377233052905,1.3194906315523638
3655,-0.8505598511297519,0.12559546708314878,-1.0597372892768888,-0.6460523073840154,-0.12943363953555145,0.18906835237109923,-0.439096267633407,0.18043868744510477
3656,-0.8405558139183202,0.1586669711198776,-1.0888325891196615,-0.5784989059771154,-2.17714670747303,0.23048322704053226,-2.567016362382994,-1.7830821783105233
3657,-1.0779350766786486,0.1483543344165439,-1.320654744389662,-0.8358841369910748,-1.5991527578487197,0.23764989563787856,-1.9850607751949458,-1.194068793135347
3665,1.278151737462355,0.1330652565171453,1.052407527876337,1.4941386385089421,-1.4817698971639586,0.1988089075954478,-1.8095295801781144,-1.1582269347842151
3667,0.7556676309793721,0.11473738548367984,0.571398260973112,0.9372460992675906,0.5491125236927723,0.17161280104690257,0.2706857110356028,0.8376592186542844
3670,1.2622268462635693,0.1177084100784787,1.075569610604468,1.4587777990704383,-0.9162448641816063,0.18489056045271843,-1.2253605867292963,-0.6149611937279518
3671,1.5329222606654818,0.09560198136136726,1.386322666699011,1.6880987842886865,0.21619542233759298,0.15574971583556968,-0.04381476871378635,0.46526555611589443
3672,0.8579193620694914,0.11894573553267469,0.6698637610035155,1.0612735556461073,0.5462595700967263,0.1844270654139425,0.2478526436304022,0.8426670882829134
3674,0.5378107487828319,0.11797932995204496,0.34833125652886404,0.7337487158295494,-1.0934897908834047,0.17242787339809054,-1.3775986129040945,-0.8044479380018699
3675,1.1696644755491512,0.1292203251836787,0.9647071227924862,1.3831616527117447,-0.4150424971479395,0.19732465933825233,-0.7238662433624785,-0.0941091546530097
3676,1.1105339898620095,0.1045651874755147,0.9352153172970415,1.2887194857660398,1.1882989694331656,0.1545815592780432,0.9397666104814721,1.4452703519436798
3677,0.37772748538495204,0.11398463578592245,0.19268891871368007,0.5570688990581799,1.5002323963160058,0.16457932787237425,1.2372011138095138,1.7687039259814437
3678,-0.25682282378455523,0.11631760492467999,-0.4434293785389196,-0.0689538610484609,1.0383152838829046,0.16557983930324652,0.7619797578002835,1.3173154572303927
3680,0.29448972033694876,0.10943826042917652,0.10950026364277077,0.47486536612066477,0.5058294698511429,0.15992268932406092,0.24919849789945905,0.7672213482126851
3681,-1.2212858346601398,0.13078632428396716,-1.4373590510164955,-1.0061887103362357,-1.2666489997215802,0.19824007064444413,-1.6000669105667789,-0.9397067269963166
3682,-1.0289360970808616,0.09571032198095744,-1.1861603912055856,-0.8697286920189904,1.000449605747201,0.1483243800836343,0.7647986388953908,1.2393927193808973
3685,-1.2054430364541242,0.11698190732600634,-1.3911711129767703,-1.0081590218777154,1.116569065095224,0.17826473832502002,0.8198627766484763,1.3986821191542247
3691,1.304079322691806,0.15649920900978379,1.0374209297555952,1.5557933898703555,1.507020125617561,0.2377119931889675,1.1255027655848544,1.8953288843299971
3692,1.4688863632111686,0.11240830890766552,1.2782977562148554,1.6595911951397921,-0.8294749123548889,0.16649638697382202,-1.092019146684589,-0.5490004872054423
3695,1.5353329748819675,0.10675182786593365,1.3611981417151138,1.7086814035807345,-0.4353528519567393,0.17353635890347047,-0.7173732358948758,-0.14216398918959258
3704,0.6852993146017611,0.10280196524624619,0.5171464262512526,0.8609387934589621,-0.4396899743494276,0.1518823204766373,-0.6813935997764657,-0.18999678924196498
3705,0.25187479038277644,0.10685098992054527,0.07867959972361464,0.42189708917062535,-0.3213596084859118,0.16488942207401117,-0.5913863088681519,-0.057498704431728075
3708,-0.7354051557141112,0.15258077840528705,-0.9791656118463383,-0.4814807122132785,-0.6382506372196401,0.2197399257423491,-0.9943416489384989,-0.27124023032556516
3714,-1.3894064010981766,0.11239283752525281,-1.5701047968739612,-1.1963853856140616,-2.3210888059436074,0.16592356901639874,-2.6025568795783043,-2.0551216411160644
3735,0.3100086240869671,0.10735408267191499,0.1282728432548631,0.48160159936711694,0.1416237139699692,0.16092254291186733,-0.1154351864711747,0.39440987782593123
3738,-1.0298504085621343,0.15465273382660188,-1.2859779259628887,-0.7718464558912376,-0.6052732938079144,0.2345111446674227,-0.9888186310833215,-0.20590942030685608
3750,0.5548393788520115,0.093231629957944,0.4023514543137048,0.7137247776342434,-0.05180147763751267,0.148883810613136,-0.29237938128151125,0.1926072916180042
3779,-0.7865750212814232,0.12708727086536747,-0.997123947221151,-0.5808091236839099,0.24262672785825384,0.20224649306805104,-0.08484830918600574,0.572463853032873
3780,-1.008530943149633,0.13326997546590325,-1.223128278956399,-0.7871766374342135,-2.0982959727692765,0.1932587183356226,-2.408408390101234,-1.7694018764144108
3781,-1.4378523694506333,0.13024883458765021,-1.649705488061064,-1.2092367810704956,-1.0021414971167812,0.2007025840006915,-1.3185023036027481,-0.6704798088550584
3787,-0.2314659303362105,0.1286129436949659,-0.4512638535824529,-0.02186902377681576,0.01451649941108387,0.19383291214901963,-0.29218003872484516,0.3335948381608438
3788,1.3531959334764672,0.12910213919165306,1.1399725873855242,1.559673560941501,-0.13007704681662033,0.20348451749995244,-0.4684405597709048,0.1862558342901692
3790,0.5089819343009131,0.10460643343629607,0.33316197890944976,0.6754470514855413,0.6253755549022758,0.15625960229874625,0.38214209989497727,0.8840755481941993
3791,1.7018704186944567,0.11145615826858969,1.5229217367969097,1.8808811883448797,-0.03637880586719063,0.1677477837768765,-0.32013510958596886,0.23384320087801871
3795,1.415145857532778,0.11928719759319897,1.215467439607915,1.6124193578843675,-0.04578798329287652,0.1829985006382003,-0.34616077602162654,0.2568094196809127
3797,0.626017923994453,0.10169347873881507,0.4490492472387172,0.7840234347912168,0.4379970386951795,0.15377936321510713,0.17916041962855117,0.692376239545848
3798,0.6583867114733505,0.11569037878976261,0.4726252707415344,0.8531523458261319,0.33591285117299424,0.1609029513303918,0.08131126260075468,0.6057500961719916
3801,0.6190864770972674,0.12638207669162205,0.4106907582117429,0.8275365169730718,-0.5645734896167313,0.18324930318684274,-0.8769345238929093,-0.2692346219866785
3802,-0.9038886567864409,0.11953095563155257,-1.1027160246120147,-0.716955427547214,1.898927776335021,0.17403866067117246,1.6203437925163304,2.179181149497265
3803,-0.25377151800385217,0.09713815212127554,-0.41589697172890017,-0.09355553712233115,1.0359232063338382,0.14776572203246885,0.7953198886583099,1.2816631420199336
3804,-1.372791163762315,0.13397962037439112,-1.588851955568773,-1.1551061634468949,-1.2901972450634145,0.20361794668279615,-1.6289870066636196,-0.9669371707666735
3806,0.8317042902950836,0.1007588318790613,0.6579298483316451,1.0041535483836013,0.15367822575462375,0.15815725252224339,-0.10857556056590342,0.40633730159399767
3808,0.1790689262856857,0.12348923598806981,-0.03751461050805953,0.37306149551432455,0.457346561155706,0.18573255306475042,0.14081664161957888,0.7604603148446886
3812,-0.3288411240328422,0.1585134688267821,-0.5946672096989395,-0.07401622514575698,1.2584394112215185,0.24541303480397372,0.871282062486186,1.6624419766268261
3814,-1.5816656983936608,0.149456056423484,-1.8197158273078267,-1.3235001937511737,-0.06673132844341412,0.24165565434673636,-0.45639482180633084,0.3176029784614723
3816,-1.4276451104688408,0.12119606003955485,-1.624990314410332,-1.227233174970023,0.8160153551583819,0.18843526126976337,0.5156561147683743,1.1133326230773126
3819,-1.0986123996611639,0.15613015088148074,-1.353044379242067,-0.8355506719966935,-1.4139772827552997,0.23064530572514913,-1.7933102221548372,-1.050860441458982
3826,0.826472953621226,0.12669103386603836,0.6292932447845779,1.0363852658376131,0.01356337357597014,0.18629729792439373,-0.2972466552007216,0.32896112677962525
3827,0.8469362689350446,0.10056721154905025,0.6893153736503898,1.0189060792724023,0.709156365322502,0.1459101739875051,0.46736956907311356,0.9460051795723645
3828,1.3839683444537196,0.10633626888572505,1.2086038670917572,1.5522611837705347,-0.24012107591944037,0.16929636915798663,-0.5152218473047885,0.04833071313619412
3829,0.6310956830798062,0.10850227146731652,0.45747073785170206,0.8044923151511063,-0.07008805021415254,0.15895374087813152,-0.33182861079535403,0.188068969525778
3835,0.08305687166593893,0.1568007462249565,-0.1738924993009463,0.33444985665629373,1.5682813744728015,0.23514622080191164,1.20380844405338,1.9607257625179502
3837,-0.8717881774336214,0.12829658717779735,-1.0801652872769443,-0.661367616745482,0.42390345388983386,0.1932609943486384,0.10030468602869072,0.7512739971576481
3840,-1.4199586732863827,0.10015989057203598,-1.5754676544713466,-1.2601654019498374,1.3258925994794093,0.14849216156087341,1.0802787372329332,1.5646095769977835
3843,-1.1739129445811471,0.10371518398303053,-1.3380969729255257,-0.9963667504096558,1.1991288995067193,0.15528361962555695,0.9341832317632494,1.4541893782753261
3856,0.8130738003738462,0.12226804769451524,0.6018766086057568,1.008890182731179,-0.42052076944554034,0.19168276557279715,-0.7207015382388742,-0.09525799542643594
3866,0.538605289149028,0.12311518225034955,0.3303737643441806,0.7442702336018164,-0.2784091713781837,0.18826625570285266,-0.5786654025127141,0.02669183015235059
3874,-1.2858742393665075,0.10352891484985745,-1.4712272481925908,-1.122267255821445,-1.3155950416808149,0.15578338998808874,-1.553708405207848,-1.0502453918532917
3875,-1.2518746792622617,0.12395621770962859,-1.4494167098736603,-1.0437442025044112,-1.7355582640652039,0.18795469349098354,-2.0435254908792726,-1.4239573078269163
3885,1.3598272573558186,0.10249802812582635,1.1911810442848938,1.5284893139911724,-0.28099253317577055,0.16128742026112133,-0.553512631523574,-0.022385307604423827
3908,-0.9829030276093997,0.14974088448382422,-1.2410396374167794,-0.735377726758156,-0.015248214506137362,0.21593792160823283,-0.3773291635401454,0.32990974404260315
3916,1.5950562411064848,0.10410917279918547,1.4222566269229713,1.757178850142688,-0.27367901416980167,0.16780631513155958,-0.5574977135765715,-0.006091909645457419
3918,1.420262429688847,0.12955599303470436,1.209254551672832,1.6408605493598325,-0.027706997138201753,0.20292802520298486,-0.359902381923825,0.30759467600684925
3919,0.594881701301633,0.12428570411637412,0.3994305987695948,0.7934753557111796,0.5673395473655367,0.19464035128591828,0.25242120633228554,0.8870756435526937
3920,0.6786326510063079,0.1105636403409765,0.501701238184661,0.8550097669158317,0.030438296087838428,0.16190877685947674,-0.24065232146425358,0.2922810146351644
3922,1.2956487467577582,0.1290889600286616,1.088833842509198,1.506961460101461,-1.3248813060483744,0.1945692684321694,-1.640903445544604,-1.0192429511656995
3928,0.6302749953206146,0.10095788823194266,0.465633687939345,0.7945132884927709,-0.29685808323637963,0.14455884674179031,-0.539028269295078,-0.06548723896892875
3933,0.675351655062219,0.13420161150559726,0.4627910810376063,0.8974439206007103,-0.7940297822969812,0.19642988850821985,-1.1120212989177767,-0.47025130395905934
3934,-1.0578815684690779,0.1058602401792648,-1.2287466350641632,-0.8777151525560154,0.01503819254063854,0.15854001562372025,-0.23793440398427354,0.2830516031540415
3937,-1.3308564036857935,0.10005337263610163,-1.4992799334695739,-1.1680922232895576,-1.0063272923711128,0.15529426517063485,-1.2670822498680037,-0.7524248419377516
3943,1.2331907599228278,0.1048714266292055,1.0637128141142773,1.408183097183694,-0.8822936785342077,0.1633601713420712,-1.143907272447429,-0.6139882907332225
3969,0.6331273341818828,0.12502535715852622,0.4219084511436196,0.8419809055448353,-0.3199867892665366,0.18839463431680348,-0.6269291707690824,-0.014340421556356203
3970,1.4917387765306314,0.11559957274105062,1.3032900914518626,1.6819444445067888,-0.27116796959218764,0.1806852859254951,-0.5736800672155533,0.03726234935632559
3972,-0.21425512953175804,0.14694425459273566,-0.4567028164826646,0.03877377643471028,0.028570751554579405,0.2289270823680786,-0.35696378782848237,0.40587347177142863
3974,0.5174698800020763,0.0957680288226512,0.36603888981352145,0.6751868904863689,0.8327138629295672,0.15023092091713675,0.5841107889939605,1.0732671192387688
3975,0.8748111249718159,0.10554905282538583,0.705314681321355,1.0504656896302047,-0.45236770499812273,0.1669992630083833,-0.7421028846199539,-0.16930863863399873
3977,0.4157176695177572,0.1277017720517078,0.20724767803185362,0.6200988562732912,0.281515468279298,0.1910773102441242,-0.02980788937596062,0.6024378166534374
3979,-0.43107760232908005,0.1490463907274299,-0.680139756868333,-0.19116293454776556,0.5382635977899815,0.22637057874067892,0.1642655759298622,0.8984696422404282
3984,1.0330988198057434,0.15903453141633464,0.7701012783303404,1.2966647417341173,0.3061226611054085,0.23633231734989368,-0.09611456231334113,0.6948962986744026
3987,-0.5849925406307375,0.10846150224860795,-0.7675954144892572,-0.40664474819369806,1.3243149164331287,0.15356874586331432,1.069900133507552,1.5628163609247574
3988,-1.0758008472404736,0.15116319443063075,-1.32205426820982,-0.8210078046662529,-1.2461400107050764,0.2310364143676837,-1.6332421105906345,-0.8544847191415353
4000,1.387129199125446,0.12807465420914377,1.1852738523867064,1.6029308799071178,-1.0416783821620152,0.19668694091481173,-1.3740943688694103,-0.7200689255488906
4003,1.058447277006931,0.11298785542267668,0.8764711304997549,1.2548168208141388,-0.8045570639516706,0.1692618523173762,-1.092560394492114,-0.5393311044250916
4007,-0.1411106209217921,0.14159432796008414,-0.3731043802644882,0.08837526248924471,0.5877782102334669,0.23454560047840492,0.1973193035008334,0.960437583660254
4009,0.7575211179620077,0.11694097411295369,0.5674670622304916,0.9486253751278476,0.11126778698747344,0.18008847996419947,-0.18359718004952774,0.40077375315328656
4012,1.0513397455172602,0.1256934987422289,0.8518087970139373,1.2571971227272596,-0.5807470718949609,0.19458201548615295,-0.8844436027696619,-0.25099640273248425
4013,1.1758401885185072,0.10767234102227591,1.0050340527949608,1.3486963852463147,0.5629969084439777,0.15968645251991975,0.28441527571310804,0.8184942776986898
4014,-1.116978262277147,0.09864485453630696,-1.2776273691650477,-0.9527861534262779,0.7063836591316618,0.15280553252043544,0.46190426651126687,0.9568928273373292
4015,-0.982231641022528,0.11367873827749196,-1.1689053802902243,-0.7977873113481009,1.6504509237460332,0.16843263696943733,1.3842884893499252,1.9329456193650822
4017,-1.372903609263981,0.15941714590571546,-1.6246796814135405,-1.1068188756633432,-0.8176054055012625,0.23822832334271105,-1.187063319908366,-0.42834646130399634
4034,-0.49161198912528015,0.11272382483128102,-0.6776665279779142,-0.30022423535524234,1.3761299058687346,0.16410254654584638,1.09869281139204,1.651485818001386
4048,-1.2146152392325824,0.10848340910721571,-1.3858413766624067,-1.035062517274302,-1.0511783602193765,0.16509035773442224,-1.3212200062723258,-0.7851795862186911
4065,1.3617275072658186,0.1105349337203071,1.1741676949417985,1.5488027633869241,-0.6155032092285033,0.1687260558916913,-0.8880599798427942,-0.3418307631374924
4078,-1.0000718116188478,0.13262382023620783,-1.2260460371816797,-0.792974637325987,1.1997016799571891,0.2008442078158852,0.8654302893622958,1.533483744840272
4086,0.9073676429578343,0.11470714930688215,0.7246880917340065,1.0989101684394484,-0.2107612762969906,0.16480491708644673,-0.47578250073698725,0.06633247124612258
4093,1.518529755270828,0.15540764531798865,1.2574513721818357,1.7707905986856065,-1.4968232502055112,0.24281187987894712,-1.9097897507236812,-1.1141869419752752
4094,0.272385630436996,0.10244536037241272,0.10057118292963549,0.4406282087204436,0.5708598321242645,0.14294046910664576,0.33272510565956,0.8100757278141365
4102,-0.8632025794794592,0.14443496468581346,-1.0957188342554778,-0.6218889051438282,-0.7713163957789445,0.23463552323884754,-1.1724970828522487,-0.37938573748040394
4110,1.0825821672877598,0.15047209633379904,0.82583679721844,1.3299492559368105,0.15191531385526058,0.23390183152520208,-0.21091291159462816,0.5617076356819848
4113,1.3121245546265043,0.10658655664184556,1.1382798167748585,1.4845994486375202,-0.9362792930545333,0.1663963864922999,-1.2096341384931573,-0.655840246655702
4116,1.2961948254531066,0.1545130124282656,1.0392010904909965,1.5563145769236386,-1.2805149446851054,0.24376716903173976,-1.6791361480842648,-0.8959726826520044
4127,-0.9503367037494188,0.12519619771838664,-1.1516816295974128,-0.7458512220269123,-0.41841621723213357,0.1984125433842839,-0.7322657846506069,-0.10811087599006305
4131,-1.4070735929100329,0.10264540908583984,-1.5782913371521752,-1.245105091604868,-1.2438290257553057,0.17080392951911316,-1.5155649689294668,-0.9484865274478538
4180,1.381304040973636,0.11576096542489847,1.1901964781268173,1.5715543463404078,-1.2398719762242112,0.17867794526406353,-1.5366224102283832,-0.9631417679712201
4232,1.2225272185414071,0.1127651966588042,1.0273180376343212,1.4080669681031515,-1.010760585416957,0.18017278693118896,-1.308970437458456,-0.7173942792177486
4234,1.1550317870623528,0.11238884064234313,0.9684737325410133,1.3371671843931896,-0.2828333158501409,0.17044777270161143,-0.5619635153843184,0.002075635108907654
4238,0.3859306092028159,0.11345421534195507,0.2044275651841592,0.5712781606038937,0.26786721796670604,0.17029416288642302,-0.01327626711665638,0.5453529227819747
4239,0.9305330946840461,0.1349242808535425,0.7196981696398217,1.1456316405657025,-1.8869369544147192,0.19342218598116215,-2.201015714489987,-1.551968950717792
4242,0.4248688967869228,0.15189172590400177,0.16627753205041887,0.6636481273479888,0.694462493683628,0.217249523714989,0.32976732021445393,1.0441924880119704
4243,0.645676402571814,0.12251644552543163,0.44655939827107594,0.8487510983261337,0.8195139829963853,0.1917533462567544,0.4982248518491853,1.1306111833991828
4248,0.6535267561443022,0.1567554715556384,0.3952019809431011,0.9102361633344636,-0.7246809717468682,0.2320618799399746,-1.1024558886079485,-0.34122107748273145
4249,-0.29738536041504293,0.15618464847126495,-0.5464937559880443,-0.047281096388145094,-1.0065040830358387,0.22438893865162143,-1.3762221727605035,-0.6448823600850557
4252,-0.4134397259018565,0.15349086359941866,-0.6611612427584996,-0.15858128437735464,0.07022205675366804,0.23800444104111806,-0.3256721934538805,0.4621548228047418
4256,-0.21187248160698102,0.09726925325993137,-0.37457216409418187,-0.06023363164751391,1.3649978221836945,0.14278884093493915,1.1355700279684182,1.6067826389539817
4257,-0.959474950993857,0.15254488950095446,-1.2024014468064232,-0.6886686927577061,0.16212600911641,0.23751557681576085,-0.22273737261288357,0.5515242983100218
4268,0.6486001714604774,0.11395293315174788,0.46267753889091495,0.8415325908934473,-1.051466871464827,0.16869870811294072,-1.3255351059428557,-0.7708725106929855
4272,0.7556399197508739,0.10276001122648898,0.5820050647798352,0.9321469728487871,-0.6484755116217416,0.15199516995145923,-0.8892574975777413,-0.3987236038493201
4278,-0.4925720004567416,0.10623637790325638,-0.6682439713528382,-0.3159070872166092,0.9418467088546253,0.15844781590528784,0.6731288108321127,1.2052247139714696
4285,-0.4709863453673099,0.11845707533701141,-0.6730504083314384,-0.27551314280972344,0.565586685030515,0.17003982290740247,0.27855693888625827,0.8308920084979867
4288,0.7260329755142539,0.15497742820384114,0.47649630692579664,0.9876999552256203,-0.09409676260946938,0.2432192742250231,-0.46843433318917954,0.3031289976463437
4303,1.41318061098161,0.10010615804143833,1.2507093129695463,1.5789821384641267,0.14273361556331066,0.16127194533356723,-0.12681479051089237,0.39744773215551527
4325,1.0395650612976652,0.1301942130153572,0.8281195224891539,1.258747638895054,-0.3979328883755093,0.1919129412835254,-0.7213191673698942,-0.08803191571420638
4326,0.8855728082237803,0.10313398203900692,0.7202511267822851,1.054875989456389,-0.1361778720678846,0.1626143349994492,-0.39853640538442753,0.13371887240873045
4329,1.3081534452617423,0.11754273901621871,1.1142695887452037,1.498099880410462,-1.1534207191281154,0.18673951209926382,-1.4704164817557155,-0.844904501388261
4332,1.1601317674807627,0.11275809735650869,0.9765989099133493,1.343275898143882,-0.06816355179646022,0.1726204178774649,-0.3503041193662647,0.21421568998627757
4336,0.6743041115839828,0.14491648165098805,0.43857507864590184,0.9242458045912801,2.9031656800082204,0.1998218494407035,2.567768276092558,3.2373403682594213
4337,-1.3361978033768596,0.12566357507500397,-1.5389631093256937,-1.125760227787457,0.8191946242716337,0.1996634813464854,0.496960029396737,1.1502250185663532
4338,-1.4598938969171382,0.11476789532952923,-1.640134306586058,-1.2669436586687095,-0.7056557814781032,0.19432305512182296,-1.0219605988712377,-0.37440968372564715
4342,-0.7237668045967355,0.1334202503442444,-0.9405957518156449,-0.5151977964776298,0.8730851454342129,0.19534306267551935,0.5627745611478007,1.1918404325385505
4344,-0.7717026355681869,0.12560376433569806,-0.9700863810632949,-0.5597894056055027,0.7950425806184434,0.18591178681909543,0.4916408117386076,1.10861026306555
4355,1.515370542427279,0.11659982150859406,1.3260410104956448,1.702955670367148,0.1689740534437942,0.17792464589278809,-0.11730466373591877,0.4538572460440041
4358,1.3579635898889124,0.10443460215005348,1.1881484551605423,1.5265691241611883,-0.6390082884264503,0.15990217407120047,-0.9067175681150645,-0.38493516973236985
4360,1.5083395749389026,0.1104420804544417,1.3319242896768473,1.6909436751193045,-0.2057624495261208,0.1686469354982962,-0.4862935289326593,0.05872439901750142
4361,1.0700681245862973,0.148308874251083,0.8299183137209136,1.3131454509313338,0.17880899607218453,0.2337432235223063,-0.2059193184517298,0.56594237213201
4362,-0.3488574358304982,0.12003353974344977,-0.5490078555689615,-0.15663983307622967,1.551829832301253,0.16983768270515068,1.2796984582237236,1.8460630525102486
4363,0.40725711405784315,0.11347754225500524,0.21983198097134946,0.5844729628655497,0.13702459993473828,0.1641469502614244,-0.1423800960749329,0.40623992415034627
4365,0.26395196290392314,0.10664783784744862,0.09475422589086854,0.441990523694659,1.058242391347357,0.15215497432393396,0.811811907452917,1.3022252634644487
4366,0.8041714195868276,0.1559562654347495,0.5603289285821484,1.0658587930562236,0.08953704220977958,0.24016103566346098,-0.3008317186556206,0.4835937123664606
4371,0.6710461550763333,0.11334204802279722,0.4844724510524471,0.8529346312256759,0.0866660133262604,0.17153925504431533,-0.17987699885710776,0.3610916901652453
4375,-0.8441452210009218,0.10423503377760372,-1.0181107215663754,-0.6816142867480749,0.9414676165364272,0.15220562833925447,0.6912129223397496,1.1932750325863437
4379,-0.8898063617132023,0.12247811677706508,-1.0856853802457906,-0.6942323546713975,2.814939172729766,0.17086744309630403,2.535699973563977,3.0889669503868347
4424,0.8280499837221257,0.10489534149718462,0.6539011247458418,0.9978164263884829,0.6311756375005466,0.14910864152706504,0.39127631239610816,0.8883748381790695
4425,0.970758941036962,0.11040085846217944,0.7898900560357878,1.1458925858810607,-0.00930381717390586,0.165033086339559,-0.2727114563451194,0.26033630149630005
4440,-1.5375892886754678,0.146358642151964,-1.7828198945681901,-1.293351149939752,-0.2719701197365844,0.2423687928527086,-0.6746731859141402,0.14201738568046063
4452,0.7476323852360841,0.09446770581688123,0.5871495748753114,0.8978001989021985,0.8835485575408564,0.1473402297548106,0.6298912878116925,1.1200204350120195
4487,0.9802145265865729,0.15669015706685704,0.727283464252498,1.2300827733101327,1.515563609224603,0.23734553082567372,1.1241953370665958,1.8960423693790025
4488,0.2271563023173222,0.0902047585061416,0.08519084085760854,0.3675605582100428,0.18957374993558576,0.1367539669098058,-0.03223445959092536,0.41617338578585283
4492,-0.7264856811152642,0.12883450920127099,-0.940135275517269,-0.5188174467364582,1.0786034952889578,0.19037800364380741,0.7424612786550698,1.3931940258050677
4498,-0.6405027428240738,0.10278957454060303,-0.8114078427855632,-0.47862600381530096,1.8130390304004824,0.1506128983705059,1.5811854498426454,2.0630268085897576
4501,0.4011341547473474,0.09903469421755741,0.2330117570379295,0.5632406142138374,1.5477347722415635,0.1386157750835007,1.319527138861285,1.7689302651906278
4507,0.13986988241101872,0.10702484583795546,-0.03474239613822416,0.31484896594327966,0.20596887118382454,0.1661677814085794,-0.05800023832606595,0.4703032895399374
4509,0.8879258745094252,0.1061855826872258,0.7145538635882697,1.062560855836676,-0.3416973287153722,0.15180554912292266,-0.5840491208771289,-0.08976707486607102
4511,1.0881221124431308,0.1028591471635415,0.9223902466312842,1.254197769586326,0.4573336903745747,0.16296956529022671,0.18731423705046168,0.7240084798829074
4513,-0.9685784096590037,0.10094040586831088,-1.1317446517241272,-0.8058432847206937,0.6667226866583327,0.15025845006048477,0.4280065745887528,0.9216400277398357
4515,-0.4105383126659605,0.10746093699514292,-0.5902996696737487,-0.23361880385804568,-0.3369043558799965,0.16127408763266862,-0.6029287698580146,-0.07868212901584239
4580,1.2881626426990784,0.11444141302220945,1.0984139400168136,1.4789650552160092,-1.0440389642430856,0.18019502603821264,-1.3373999863805839,-0.758008152854333
4590,0.3940577647129839,0.127001175467446,0.19528802882853197,0.612367484011845,0.5713058479668225,0.19141138023731016,0.2662365413631901,0.888372327882852
4592,-0.8848290768913071,0.15139282103019921,-1.136353538810528,-0.640135808263257,-0.6213721967508221,0.23420942420963992,-1.0002030375799522,-0.2282172795521331
4593,0.9405211129919692,0.15545037301145204,0.6860818500643676,1.1889180786027025,-0.18040784088454262,0.22427225215227786,-0.5552881028231155,0.17394458481403355
4597,-1.2640476653631716,0.13061524521262316,-1.4888948751036446,-1.0532912079922734,1.2818321906911798,0.20440151647623922,0.9503243519821857,1.6168557277672622
4602,-0.9054018999643624,0.11908404307502551,-1.0923997519158244,-0.7112074960689704,-1.2112234169759204,0.18390130957599218,-1.5126660966503729,-0.9091121042179343
4683,-1.1905297640567463,0.12231924437394186,-1.3941316741757532,-0.9926510245324577,-0.056381141728800786,0.19023033195439076,-0.37045505703652226,0.26076141727052177
4720,1.1984098124128404,0.15639336132310105,0.9380847072997072,1.4632890813825028,-0.6693943949853777,0.22857905239439283,-1.0505659576863293,-0.28960081703686713
4757,1.061157130640217,0.1505941671930103,0.8088381909813751,1.3080227687932935,0.23394853628675963,0.23541175165909078,-0.13460719857187853,0.6375795004642347
4778,-0.9434452685945891,0.1486474607636352,-1.186215620887288,-0.7135985282289323,-0.3949974358922685,0.23686160680027313,-0.7745131363932253,0.007604049826543563
4780,0.6547978208481272,0.11565580616486043,0.4779745626257663,0.8558180239225106,1.1198339421831767,0.1622447842570624,0.858481266415826,1.3782975782416411
4786,0.35533141780631927,0.10855964725983056,0.1746404265066589,0.5269351184141291,0.3051659829307786,0.1605340118825911,0.05214017714728064,0.5683730479267354
4789,1.2009005712429595,0.12354477548928043,1.004654433616574,1.4019930529820264,0.896722645866397,0.1908178980394744,0.5967800020582883,1.2294411401607555
4790,-0.34879208639769743,0.12822166759714398,-0.5658861382540951,-0.1414509220252838,0.6681799339453494,0.1946200249402834,0.34292123669963553,0.9873857547531306
4791,-0.5445670593279243,0.15510020707729008,-0.8026648095829342,-0.2843806198740508,1.056062347994082,0.2251406241582148,0.6863912904236769,1.415909420877224
4805,1.3433499040664123,0.09980228761007252,1.18343720514617,1.506184599400543,0.5611467773034571,0.15544542262582417,0.31453571039769096,0.8109930846945164
4821,0.6173381927817189,0.11830322022737635,0.43194979217910173,0.8196621080201479,1.1236859486470527,0.16815874578413453,0.8361628066891696,1.3836932930609747
4879,-0.7888436122903966,0.13389896984204602,-1.0139142559597836,-0.5667822652571323,1.1262483958008807,0.18940798244143198,0.8208357092568546,1.4498449124349995
4880,-1.07838432654843,0.11566892007244829,-1.2731545687492416,-0.887101257418944,-0.4031421059145859,0.17852516870492366,-0.6937914235153805,-0.0968717795941742
4889,1.1101691053751785,0.15121276966347727,0.8652445036108174,1.3565022826834163,-0.824949849500678,0.2332807531250059,-1.230601824479166,-0.46206950895460086
4892,0.1435206012171615,0.09403737518311478,-0.013449042544767701,0.2935662831852744,0.7896409729692169,0.13263993337382754,0.5770521824324402,1.0025493397329492
4902,0.5647942261471535,0.1067858197444785,0.3891079368800026,0.7475888149063302,0.937464897468378,0.15676515775337443,0.694764054224215,1.1955694270178971
4908,0.11035322495016248,0.10967624218044013,-0.06971147664835725,0.29406943468691776,0.5843023314682267,0.16455129815036187,0.31969394942681667,0.8598133099284091
4911,0.20129549112415507,0.10305729798871756,0.023222255216910785,0.37541744275558564,0.9840246291845786,0.15550953472362555,0.7313839065232884,1.2526339798607344
4918,1.2700771628296321,0.1487147579178024,1.0344252278451385,1.5123876841702366,-0.9936641667128764,0.2388028212842486,-1.378056471931896,-0.5984267710963173
4923,-0.7726878370351078,0.116222934989725,-0.9579269304227208,-0.5916166936802024,-0.2222708820054772,0.17634191164836507,-0.5055383643989528,0.06552735945960231
4936,0.46525108000522325,0.11799802689071072,0.27276037586618274,0.6520008419605468,0.6282017993759322,0.1660310302295573,0.36681581958897547,0.9106818765697929
4969,-0.5520743128612031,0.11691540930084841,-0.7499870201662981,-0.3679359152869084,1.253219754955852,0.16642021876181873,0.9621720690724461,1.5237067851920436
4997,0.07127239788957453,0.1274470622491897,-0.14161281221819358,0.277866307596734,0.4216202751459732,0.187144400138268,0.12205060857691793,0.7307031520846837
5055,0.6122541822207386,0.110101736202126,0.42304637343887114,0.7918577960394579,-0.3860422054941177,0.16363359120274018,-0.6536133316818753,-0.11664468963291155
5112,0.7042652789024377,0.10408226532447308,0.5380638942405921,0.8782431535008464,-0.730561819711253,0.15348414125945473,-0.9853540865904807,-0.4766775929231559
5121,1.4522230878416322,0.15305610347327822,1.2025898715292678,1.712499758898043,-0.5249989116660202,0.24051897895395818,-0.9054342640791413,-0.1129962623924601
5138,-0.9195947515588742,0.15297922968350455,-1.1762119362891432,-0.6704183551195821,0.5156673352402028,0.22997810137872826,0.13710868885472874,0.8875046906796832
5147,-1.2792353481591445,0.10825577336288736,-1.457517935423394,-1.1039409058950367,-1.4449174569756194,0.1635605536077625,-1.7112748690545079,-1.168373488263029
5167,-1.7101640760382164,0.13401584955727913,-1.933147945218637,-1.4963059882681937,-1.2485163226792089,0.20020117256870204,-1.5823820451254473,-0.9203085066205645
5171,-0.42320794949151497,0.11132195695552335,-0.6025859298752787,-0.24904125686868703,0.6843983216897962,0.1687170097579938,0.41098835217320717,0.954560790923146
5195,-0.9100260530226,0.13174646891629835,-1.1280504417756347,-0.6919366988855769,0.5825847517744542,0.1857244775651693,0.27687445254728454,0.8795652133990316
5268,-1.4506905848905356,0.11254086007058622,-1.6228286255080668,-1.2627181882659066,-1.821138148088405,0.16862920338321463,-2.104094549338849,-1.5343898502362212
5280,1.1934226171101852,0.1556893593687567,0.9368018660588724,1.4350181778939362,-1.5919570226410777,0.23290679102933845,-1.9757860206982916,-1.2089161470686132
5281,0.0974459897011101,0.1049507569875271,-0.07360710187010303,0.2732296328015856,-0.15001715875517815,0.15506067121896247,-0.4058667074954724,0.1144934302055045
5284,0.4027227417792818,0.11027108635693846,0.22747108340369776,0.5819552965917221,-0.13804534740736568,0.16121899425531877,-0.3978144986312701,0.12139224015137326
5286,0.5366456550325349,0.15023305795411693,0.2977367998762676,0.7819822024941118,0.8949903546102066,0.22652503295494655,0.5047216013239623,1.2517024956218852
5289,0.6479490976848459,0.11595967811775809,0.45956848687477947,0.8441414899699272,0.8566524716273295,0.1701361140364803,0.5861791797095424,1.136405249593339
5290,0.24812464393305889,0.1064875953529819,0.0715171077873839,0.4243466131441673,0.37196957946793097,0.1545700391815869,0.12124151275890019,0.6233305753662446
5291,-1.2924351370184775,0.15411339561448612,-1.5376570203057331,-1.027762354772355,0.43446736920374673,0.24231585938403166,0.06021367869108806,0.8370238008428885
5297,-1.0954958944246476,0.15270331110995936,-1.348396484012424,-0.837007981774004,-0.5812342532051181,0.24130208886604357,-0.9632147985532108,-0.17554819967949356
5318,0.4496529105702764,0.1326784277910434,0.22205900253880412,0.6589662894993422,0.14514409863467095,0.19366682832908216,-0.1662793648314719,0.46558648123292745
5327,0.5419166816516257,0.1548192452165132,0.2871297202808578,0.7908137359766272,-0.728999836241362,0.22890895771383313,-1.0929825099323376,-0.3435998980532349
5383,0.2900936802364991,0.10172886633361046,0.13307991776421582,0.462754806967259,0.7810213149644091,0.1484246275274759,0.5346800671559346,1.031730866797868
5400,-1.165206443718451,0.09801362054871644,-1.326634532323993,-1.0140117170099059,0.5166471656727225,0.143642416921417,0.27583455972593385,0.7597171297665712
5472,1.2409977930254048,0.10896803414311824,1.0649612179847943,1.4207162391721861,-0.16336450029427108,0.16317961937404551,-0.4314567764694643,0.10796218390578802
5481,-1.3227635028478728,0.1169611735979369,-1.5127663869562331,-1.1317969576612774,-1.2261486479989752,0.17530503925043409,-1.5078423148294164,-0.9471699208384796
5538,0.7087238365023556,0.10882412569171819,0.5352480401807636,0.8901207846841075,1.0450767419759077,0.1507454838359873,0.8045619945812765,1.2922056091411411
5542,0.9894021235388438,0.09559720813898241,0.8261278349667445,1.1420664985012168,0.008821735024770891,0.14485035998243725,-0.22792772960533184,0.25008449203877453
5653,1.143332160767926,0.12375716920698132,0.9329215209813667,1.335455157803638,-1.6854990932422036,0.17903613554454026,-1.9762988202356349,-1.3912018112800508
5677,1.0958271519423783,0.10926907057214162,0.9307755998337197,1.2809719479459534,-1.4548543635517037,0.15860181668828607,-1.7055099302151557,-1.1982207104963198
5725,-0.16350602784185395,0.1543766629481217,-0.41782106581087114,0.09987934278613682,-1.0553285867035471,0.23338411167935455,-1.4250882939057006,-0.6724163225720928
5791,-0.8864866736454735,0.11329921766545947,-1.0729032201540274,-0.6971619052075894,0.5801402692998775,0.1655018428363228,0.30324907575214904,0.8401912307424728
5875,-1.002802555584214,0.1492026670228916,-1.2578922187167476,-0.7647171393319986,0.8471659789131591,0.23473231502182643,0.4651362300825522,1.2290790798589608
5901,0.8151887369090117,0.151826539510968,0.5744009226423179,1.0879147119355885,-0.18672808464209775,0.2386704447436744,-0.5678615128197224,0.20101054528043003
5902,0.25396806335825983,0.11335813965037292,0.08107865501525853,0.4430437730464761,0.3515357629779682,0.1782447193274958,0.05844082021788111,0.6494475921166301
5907,0.6927850046674303,0.15138513737787482,0.4517321830718271,0.9433527212835786,0.7605968057841761,0.22963633830215596,0.38653385695234665,1.1426503209013166
5910,0.18448733629584527,0.10255548572477172,0.013910768949973158,0.3548725566661389,0.6502242514134928,0.15078347731110991,0.39753807528353496,0.8967324666828387
5911,-1.3115076161300734,0.10073776367029928,-1.4769480620279305,-1.1493085162276329,-0.16837140162166062,0.15285295549277741,-0.42706146941161605,0.09413458916857831
6035,0.613345681555888,0.10318233502509447,0.44887874661268734,0.7886460293745886,0.42387187035367385,0.14824486139158802,0.18038766661447314,0.666398866867332
6106,-0.9159609153429269,0.10859009168443456,-1.089502109223868,-0.7338176034582271,-0.4693615959373414,0.1731746763678831,-0.7539429884544089,-0.1848385051527263
6165,-1.5864134870000712,0.1276566694570456,-1.7996244518717055,-1.3727005487727266,-1.972177995955508,0.1892740514271856,-2.287379288838293,-1.6685592500094553
6210,-0.3508022552340185,0.1285595684295691,-0.5615206362788541,-0.12638025779919257,0.7988616125407333,0.1978290680375058,0.478136686125414,1.1301904665542137
6281,0.48653605958543644,0.09104534084294867,0.33434441608208854,0.6387529243213087,0.15978962682171374,0.1416541324793308,-0.07097674112602584,0.3934418331694129
6286,0.7342060498879189,0.15192973620841535,0.4825061201713987,0.9862284962342498,-0.8404398266141977,0.22838040100750603,-1.219876824023282,-0.481670818904088
6287,-0.8953176602637971,0.1250613454896559,-1.0951927886066062,-0.6875438107020126,1.2720563205506141,0.1988006830153301,0.952784518467982,1.5920101225195724
6292,-1.0553838428992903,0.12844226893429755,-1.2660766251166806,-0.8329027027883779,-1.6622689533896822,0.19224876080524084,-1.9861509398490678,-1.3467130477726015
6317,1.0809874585745076,0.10231396895859632,0.9093315180624124,1.2455462047182997,-1.0216077764355278,0.16583627960839997,-1.2822141746125224,-0.7461000685586994
6325,1.2324444664872607,0.1204757174242227,1.036532829118415,1.433990682627941,-0.7143279000231677,0.1787348555412607,-1.0248060833081263,-0.4219780157783475
6338,1.5051478742881115,0.1027715427301305,1.336503813927227,1.6693718029859028,-0.5912381615767119,0.1710030962761073,-0.8766207381708992,-0.325107336553271
6365,1.0844333892246643,0.10874765388974593,0.906705962341617,1.258767023822548,-0.2662974971613138,0.16189623331029074,-0.5395029180981942,-0.009777123577157341
6369,0.6885981957417454,0.1532315177845674,0.4386640273500155,0.9401877357654151,0.4994148343719746,0.23647612709544466,0.11966353364625971,0.8926269610881313
6370,-0.6987971299853933,0.10879727903658265,-0.8745845224662242,-0.5209331469068466,-0.4857181854357265,0.16372631984143202,-0.7506199158351501,-0.22368843180700787
6386,0.4504609390590248,0.14854837738021914,0.2112409135862872,0.6961243807893274,-1.530266991628534,0.23243944200496575,-1.9109070697926016,-1.1574139147289175
6456,-0.7218885965020501,0.10476685721965713,-0.8895219011607525,-0.5465793129520747,0.2302580509238854,0.15794203462385806,-0.02529500819092318,0.48420711924504384
6513,0.590207512389314,0.10409561451547285,0.42537088170479953,0.759457211919586,0.07169260827885192,0.1574563244821447,-0.18015721251563652,0.3298710151387861
6525,-0.8133290217188935,0.10160018812533583,-0.9781312353855901,-0.6454694388916945,-0.8302760664854569,0.1575974369450076,-1.0859206401319796,-0.5630558849705487
6528,0.7904881185871118,0.12700049521964032,0.5825993639682169,0.9979749289776642,-0.30326005333521805,0.19413870895010915,-0.622017115491966,0.025380309697531748
6531,0.6887183319839871,0.14423822155483768,0.4561798803449455,0.9193390580132753,-0.6204198552230176,0.22596518878954644,-0.9775223177063574,-0.24750188452129646
6572,0.5211048874938538,0.11353265816554403,0.3288936563223821,0.7041195334087852,-0.18104468493175724,0.1622504211486193,-0.449075347768697,0.07639303019869179
6579,1.1089534932932614,0.10265840906952396,0.9372405799420114,1.277662439988455,-0.8718273524811485,0.1542712225410111,-1.1179805060686283,-0.6195481080210103
6684,-1.2452641636842483,0.11639831541212084,-1.4292830026614523,-1.055478594259203,1.3655626133033998,0.17423520868028589,1.0759656125477155,1.651843082502898
6914,-1.248410314596622,0.14023281805900142,-1.480066079340879,-1.0253285675378758,-1.9242467942780201,0.20360218774362665,-2.259768810426442,-1.595404729552449
6925,-0.04847833036192471,0.15064362452490612,-0.29268089518248075,0.20202859183894503,0.495116177284882,0.2364615672361921,0.11617428816807514,0.8683763081462932
6950,1.0702769652833035,0.11104783063108235,0.8895809858883805,1.2563670740913202,-1.340414441903713,0.1686279521501475,-1.6169552342341147,-1.0714615301756656
7069,0.14942174766768604,0.16395647725187482,-0.12186292141398282,0.4179831497972797,1.7080270083947078,0.22932405230514843,1.3375640896332144,2.0816999741322464
7072,0.6574498258066652,0.1052654372019358,0.4798539680601841,0.8319882319040974,-0.42501562333885223,0.15581852593971132,-0.6808201303665852,-0.15600542627899386
7302,1.4525443257998587,0.12052182618244989,1.2551090056353431,1.6540310102274027,-0.6964774059658393,0.18491013456927557,-0.9946500565367062,-0.3979318365014215
7458,-1.1965959263420547,0.10540612864864632,-1.3736337851606588,-1.021013428121263,-0.8663546847920265,0.15477137331095223,-1.1161038072612364,-0.6131982758542375
7585,0.5094434055370016,0.10889392118450837,0.34094083042294887,0.6919587764202872,-0.7732507296892961,0.1594316468353422,-1.0351417215752707,-0.5165766700191049
7593,-1.3845288392653325,0.14385786467673645,-1.6228753609837387,-1.1496156064973493,-1.3292753261708565,0.23981077374025023,-1.7024336523873431,-0.9053476396545631
7612,0.5460626448301762,0.10683851788516498,0.37774294053033575,0.720508503867407,0.6993204184724873,0.16310014123336894,0.44097981214183873,0.9645313673956765
7623,-1.1066886940973766,0.1015792023323079,-1.27934591454605,-0.941460886225968,-0.5632013459139209,0.1495902160362288,-0.7948229629610066,-0.30987620375439806
7624,0.8598076309432775,0.1153369811559402,0.6677815851040971,1.0471676336397466,0.11683670326362351,0.1647575804691719,-0.16043260438535764,0.39458864948213906
7629,-1.1482840666362102,0.10650000328764142,-1.3213785009320684,-0.9654034360256256,-1.0214426461355999,0.1470952851697757,-1.2648765712053205,-0.792858808219049
7693,-0.7209721952992664,0.10252063221417769,-0.8900520451485188,-0.5572346125620584,-0.4852709543737275,0.16361411567037418,-0.7460670008317225,-0.21778080704847536
7818,0.6438998971029707,0.11556863764784808,0.45636351992649166,0.8297582730931706,-0.6542598656720788,0.17146627020097369,-0.9232994112683075,-0.37880337181853846
7857,1.304853382580248,0.12685557742334908,1.093260308665097,1.5140473184095724,-0.578442247886308,0.19555161573849433,-0.9024382543565924,-0.2643506551704777
7860,1.3956425545117537,0.11661076565832759,1.2046450576011836,1.5853651933907518,-0.35529795983734613,0.1873501385833541,-0.6644003397854252,-0.046940852942222264
7864,0.4997159967307439,0.09972503276917542,0.33394724453155133,0.664091880221808,-0.11058506860012214,0.14767290822767953,-0.374578420271878,0.12120551113278198
7899,0.7203075644876024,0.11848209146236616,0.5313065585950275,0.9235559647811066,0.5380404621988566,0.171560254151402,0.2580618054981868,0.8172762162026815
7908,-1.437995310988877,0.1116066931203083,-1.618519225802767,-1.2494318329383165,-1.3440720340898407,0.1778115229782917,-1.6335214352471374,-1.0650590806870563
7926,-1.452328982712393,0.1647740689392241,-1.7241354534958249,-1.1777424460008261,1.0178564288485392,0.23283718572817683,0.6435690560859904,1.384172943709161
7941,-1.7430105313210742,0.12627652246682033,-1.955316865689487,-1.5340934530697987,-0.5129368582871842,0.2139387102192467,-0.8627508908721918,-0.15481637363996367
7972,-1.8274122956833738,0.09838722279700539,-1.9924640607800255,-1.67208109062904,0.5049636190079704,0.16640975695361898,0.22732038251980924,0.7841091047529265
8032,1.3823420223672842,0.1178013418898178,1.1864785656985635,1.5732608606365386,1.1726148218837338,0.1784003674029791,0.8972778126938805,1.473381507350236
8200,1.0162082716788,0.11880770732964026,0.8178934363507204,1.214424837809175,0.8351839295034027,0.1787714855798753,0.5364351172447847,1.125334258912788
8213,-0.2524160355934679,0.10855087250523528,-0.4307722617802869,-0.07493750579872423,1.3584882496239226,0.14968586746443463,1.1150223527529455,1.6016193461920814
8278,-1.3356046952359784,0.1120315994495845,-1.5092298155320423,-1.1518247299410205,1.161382456557564,0.16015099439030583,0.8890858702070531,1.4221352814981936
8287,0.1565538467845673,0.10972715094926778,-0.018902154529326892,0.3367711132399595,2.80776450030014,0.14286236115924653,2.5736295987629885,3.0473757064409566
8297,-1.6288025028405413,0.14857280603504366,-1.8742661394146076,-1.3887447899590328,-0.12765165084246008,0.24284017842191324,-0.5064167117931792,0.27342856038630475
8309,0.9422509825725734,0.11876802361358388,0.7482998636566973,1.1371029716070673,0.10966573919641476,0.17814800783886037,-0.1935599558099037,0.40481618112313844
8311,1.4428459397863784,0.0956313773467387,1.287980170451022,1.595357230685593,-0.5221143207079622,0.15516268360768187,-0.7830078303572252,-0.2837249360938205
8317,-0.5275691408049348,0.11984681869077837,-0.7219141952669655,-0.3259343495201208,2.0327892097686964,0.16946045946304167,1.751002565230604,2.3069865755048804
8320,-0.5176632689769114,0.1552214670730901,-0.7831519151482197,-0.2725498688136486,2.5556026558530474,0.23072044878011017,2.1652059788627303,2.92627120883682
8323,-0.5841147132159454,0.10379347178283471,-0.7530196240294665,-0.41718083871621037,1.5524014837152924,0.1404566803038113,1.307774466337913,1.7886244915966116
8609,1.4309642230756376,0.15387330948615072,1.1781257311980062,1.6822005119532277,-0.9555745162236504,0.23020015160214663,-1.3530059599341362,-0.5939913290807834
8945,0.6022388126918239,0.11700115612522409,0.40558456985901653,0.798073737397996,1.6432209896745729,0.1771639870555808,1.3525724026970254,1.9354843703753426
11063,-0.968140014377913,0.11304432023107851,-1.1521995441350439,-0.7740725361256772,2.1092391644937845,0.165258107991022,1.8418830788209335,2.3746678527841025
14687,1.1169921122550008,0.15213580966288628,0.8728822079405097,1.370912368599376,-1.005008486812944,0.23871143101980224,-1.3984495896837468,-0.6335334332650537
14723,0.5066917080108764,0.11955624640184269,0.3080587067792659,0.6965442322363249,3.078712647759059,0.15379633043109206,2.8252180243810754,3.318703656585041
14724,0.9503010283022953,0.11840821422574035,0.7577894587987808,1.145703920947277,0.663638778756462,0.17680513807516857,0.37252983290833924,0.957560805430033
14740,0.5001214467490844,0.12427268636235389,0.28922330988845035,0.703346023257802,0.7083643123739435,0.19085029666970185,0.3922225208728051,1.0183533573409915
14748,1.249956414686849,0.11176958940647952,1.0669337327241264,1.4238977576873684,0.2461217633445428,0.16923103111037494,-0.03694486544702561,0.5094554204336219
14757,0.6760628672812294,0.15654340186048488,0.43087957260608895,0.9283571274834496,1.3655787058049045,0.22584180161772296,0.988814452377444,1.728996097174588
14763,-1.204030093408459,0.1619053935600145,-1.4620966758448313,-0.9291391889690593,-2.4481527279057653,0.23301229328997533,-2.8293325460578878,-2.075779402393906
14808,-0.35085621835954517,0.15692084519363486,-0.605917393700717,-0.09127598706231996,2.146356772260132,0.23415045375951354,1.7649830853204396,2.5277271533222203
14817,-1.6171505881841282,0.11282235724575025,-1.8022319859316642,-1.4304602161159763,-0.8457941724770699,0.1738703016607996,-1.1287292440594996,-0.5690609703425578
14836,-1.061784893270096,0.10318799904170149,-1.2204233413558137,-0.8901157042174646,-0.007038244808338164,0.16653729724973715,-0.2832608852096363,0.2681747413193668
14852,0.5823379901804547,0.09484294220593743,0.4286778541292771,0.7406670122711612,0.7486899680228156,0.14579399151183534,0.5184586912229344,0.994529765871565
14866,-0.5460587502968334,0.13112880872073518,-0.7594244027550432,-0.32876006810964126,0.7461247016505348,0.1946374775503176,0.42268581611412165,1.0566682805924619
14893,1.397823782278801,0.15133139009357288,1.157446674038802,1.653090745965274,-1.2827116966111851,0.23782177419068024,-1.6870718278091756,-0.89277584549550415
14922,0.7000504256479381,0.12361073021374477,0.4955524807400718,0.9068918990623098,0.2527705232478815,0.18899861402255883,-0.04845833202978142,0.5634413682509984
14943,-1.3369622825121317,0.15175124647694943,-1.5837927333191977,-1.0775049559069994,-0.6913883202102629,0.2365363297999804,-1.0863874799705586,-0.30679550866750405
15101,-0.4856096177157652,0.15498283511726604,-0.7554725119648451,-0.23732337043847507,0.5487121476575187,0.22707358616034828,0.18265245267373204,0.9314343332442592
15111,-1.3571881327794157,0.15384979143109934,-1.6110964769347094,-1.1154673016583794,-0.9247187804736321,0.233435930330013,-1.3113518678221492,-0.5501514559405888
15190,-0.7765892237157618,0.14867582803325624,-1.0236658037862565,-0.5515901203291004,0.29443404473979473,0.23481750373199609,-0.09838236061514802,0.675239223030111
15214,0.7245552884533426,0.11630011051342083,0.5312910168289683,0.9158735569044281,-0.3511724470796688,0.17657547271687804,-0.6396168193197365,-0.06719634664797956
15455,1.362379779721733,0.152039518129591,1.109983342321543,1.602285706551929,0.05443463811687097,0.2448156939206146,-0.34472400662569136,0.46845651736943283
15817,-0.8186952280288803,0.14821082768518887,-1.0710804734804158,-0.5781067418914979,-1.013148668173623,0.22782260761790393,-1.3904920988892204,-0.6420682313117678
20393,1.52977811235743,0.12032743033760673,1.3374662636482157,1.7312330173341635,-0.47174554229325055,0.18552200925522358,-0.7790226967279072,-0.17134062988719911
20401,0.9493901995475463,0.1559011348540451,0.6813720697960356,1.186221771008313,1.310219534025286,0.24058363798834262,0.9109042205092652,1.7122808024457958
20402,-1.0207584478549896,0.1516051555813512,-1.2686492589008982,-0.7752902800888226,0.0873178260138518,0.23260433733507568,-0.29524567332261287,0.48386527330912343
20406,0.5466664214692237,0.1301712846328929,0.3317535844751618,0.7583964490651608,-1.4269231163631513,0.1872050271909603,-1.7468154237587874,-1.1243295980920658
20423,-1.6653054927216164,0.15829269465001863,-1.9178999035889246,-1.4101329174913806,-0.37975042807816795,0.23996013856607795,-0.778692721343907,0.0049894607389701735
20433,1.4840368963895618,0.12622896788133378,1.2691210143295053,1.6929180252325917,-0.9311746473285913,0.20759597803156846,-1.283424485644109,-0.600928829473918
20436,0.7651959505557543,0.10985970522610515,0.5900294256171696,0.9530904620268942,1.6303283553825347,0.15638013722081537,1.3801714896909367,1.8878638750725873
20441,-1.141434982319178,0.11494374568101633,-1.3297165486692861,-0.956401668622789,0.6122881565040038,0.1816838971701435,0.3299671577934971,0.9244813159858241
20443,0.7143204985863548,0.16690022485486075,0.43814065394116675,0.9833945045778772,2.4999055469239706,0.23613408478675707,2.1162937773939094,2.8740213221677706
20450,-0.8418351823851821,0.15807505282242146,-1.1114818510894942,-0.5884361620008338,-0.42430379338878205,0.23312101268801796,-0.7910518712128232,-0.048617064279463815
20460,1.2299837277493237,0.1453139778711211,0.9923773063484523,1.4758039749071596,0.20083886265666973,0.23192857595101962,-0.17910779273721403,0.5817677851718626
20475,0.07166277967547663,0.13002397091023682,-0.1382389296734194,0.2820167470975169,1.405111225192443,0.19632438356514473,1.0826205325567388,1.7301876672355148
20536,-1.3130703002551933,0.15769441889924277,-1.5694493800264377,-1.0675324572031952,-2.0743826356078334,0.237383799828063,-2.4550008363502696,-1.6832404874345337
20547,1.2990668825425307,0.1473974506287817,1.0696683189610008,1.5491180885355245,-0.0939821512228409,0.2461471169453773,-0.5099361845435713,0.28417909104261707
20612,1.5317309614934334,0.11231509927719079,1.348117217697047,1.7103916691929486,-0.5986753916105546,0.18456062547995755,-0.8958983889940724,-0.2966322454586827
20618,0.18979045496440775,0.15339412860706914,-0.06163204546488081,0.4492569624369163,-0.37833312611409126,0.23024443447262194,-0.7452336722575166,0.0022453422283580486
20623,-0.6083645318304667,0.1325837470609074,-0.8271730006533505,-0.387355497625063,0.46238226517652503,0.19196846213284,0.1439074228659201,0.7724479111085769
20636,1.0186041341072958,0.1504100327172961,0.7705858417325621,1.2559159770458532,-1.5287780992743645,0.2365115553043053,-1.9229057685491129,-1.1415929758485972
20643,1.2286682860838019,0.15044796986724635,0.9803829200039952,1.492178583733665,0.21843815892973195,0.23825181142940652,-0.17489523406653656,0.6020510160130094
20672,1.5064155806613349,0.1348328847617104,1.275318447757759,1.7298824694474964,-0.7626870552582831,0.20777110155179448,-1.1108727213120033,-0.42212792932577026
20685,0.8752502562520809,0.11887190488769507,0.6705329544309786,1.0572522317579138,-0.8745358959874461,0.17580055279668402,-1.1710380835227963,-0.5793422686741296
20722,1.1721145235245365,0.15526159957300525,0.9231952917881858,1.4271396461465227,0.42560789376504327,0.23349157186513017,0.04681548626848986,0.8258720851195629
20728,-1.5265495928022663,0.12858014666408576,-1.7341588914459105,-1.3147232999082563,-1.2770782047589753,0.19884383918453455,-1.599732763122694,-0.9463708695617791
20733,-1.452321488605085,0.16029935997819775,-1.7285399936129249,-1.1952505338745585,-2.106449083099168,0.23430090725383448,-2.4925096231484685,-1.6983957970971433
20764,-1.614117461110641,0.14730174666384244,-1.8639054407042666,-1.374392533919362,-0.39621384751022487,0.23956392564471973,-0.7828948568268094,0.0059086823089775035
20766,-1.0861588231872974,0.15591384016506504,-1.3544833621329952,-0.8340547233434071,-1.1037106412610704,0.23221938877327833,-1.4892382730211835,-0.7153869852708594
20803,0.45657980421832156,0.1572650310526492,0.18531819411822698,0.7205191730257665,0.7656984256585878,0.22726562959807803,0.384413403447141,1.135569704094103
20808,1.1733653622617,0.15090966874102374,0.9172078756500271,1.4201749018150418,-1.535267005482988,0.23532135942173565,-1.8908220073366329,-1.154495367630027
20823,-0.5632239847230418,0.11079205975151997,-0.7459023030564604,-0.3798877408249967,1.0072648748412387,0.16549618989950987,0.7318532438138272,1.2777635475510523
20884,-0.9362653730069882,0.16115973198876224,-1.194689100579672,-0.6909362218838024,-1.8076851506752254,0.24297473924521387,-2.211018924435382,-1.4023007789185413
20932,1.2167245406735268,0.11731699234317167,1.015087043032794,1.4101999100945686,-0.9102606886694596,0.1896171639347435,-1.2127013524073025,-0.5905205745868968
20936,0.4628976378339686,0.15170293210302135,0.20479796858829813,0.7092283819792783,-0.23626008813775948,0.22510157178719264,-0.5935747058535704,0.13256488542342132
20948,-1.6100473860454234,0.15666804985772484,-1.8631848182766733,-1.342138852548201,0.3870346914762986,0.2433658972423745,-0.023602241138019026,0.775952611645079
21077,-0.5788329843960132,0.12370073829680028,-0.782698739093945,-0.37585481780022684,1.3561081857009871,0.1750787991004561,1.0881626512014693,1.6476567460510634
21174,-1.0768512440161382,0.15279197165657563,-1.331179820161826,-0.8283464403189207,-1.4269861784789202,0.23217816222032933,-1.7826827957142055,-1.0268345796548972
21550,0.7464521632631245,0.15012436222110734,0.5021645326452165,0.9839218356633,-0.6300587770852372,0.22509251026027466,-1.0058186542021996,-0.2641668992702736
21793,0.3707611440656763,0.11401726236848289,0.18796849482192274,0.5583834486356419,0.2960436470997401,0.17703088660890554,0.015265898935712459,0.5911119880666041
21842,0.7865393999434213,0.14620614701648385,0.5538976397531684,1.0351709997256127,-0.26958492092223657,0.2275287570178355,-0.6407573709163261,0.11305068125033929
21894,-0.8927697317966132,0.11265176965294693,-1.069652661540468,-0.7073638386080873,0.6657949111186625,0.1627934859760426,0.40156347351894744,0.9289484651532705
22202,-1.4615084985836893,0.13798628853818987,-1.688672611029149,-1.2285735139084106,-1.7271879016329603,0.20126489684444848,-2.042474195012361,-1.3897155398789667
22386,-1.341585671107184,0.1574131694509178,-1.6023954557464646,-1.076881619651233,-1.9680223426196366,0.23233530864727217,-2.3434893075535594,-1.5915365829397219
22566,0.7095527008075291,0.15006872190538187,0.4745224570713841,0.9582487336355487,0.8552028357328514,0.23632965905406048,0.4635883593022177,1.2453338176070918
22578,-1.4576702638424028,0.13255472531109128,-1.6789170436668726,-1.248534716577053,-0.20675044400516773,0.19925663694970636,-0.5278115788096182,0.1293260934103264
25391,1.2947261791370424,0.12971344579361235,1.0799472341760454,1.4977113077489583,-0.4556121283612367,0.19002626131270903,-0.7797369780825485,-0.13468749345396935
25392,1.354825718457269,0.14636822709563183,1.111063160367195,1.5831922920799812,-0.9145966038789054,0.2305655024380716,-1.2997980949663066,-0.5289513459536943
25397,1.7637538917561515,0.11272062108663056,1.5820359292689985,1.9545072715334564,0.5973201419647185,0.1698347627791966,0.32921676484832096,0.8761721163401666
25405,0.7543373985960499,0.1058310812269395,0.581458570663642,0.9267522705902053,-0.19963638670062325,0.16667628452970737,-0.4668890106588989,0.07887469987670159
25407,-0.04585595931057113,0.14930097694872035,-0.293576267792604,0.21057558363705936,0.654183415436318,0.22775917925116648,0.2850492728693587,1.034355598058468
25440,-0.770883494996872,0.15695918356713923,-1.0203986627240564,-0.5112800520186479,1.7604639328185012,0.22817639538983842,1.383808701623325,2.142965568436687
25441,0.3096649951332871,0.15837738802888268,0.048314372811410225,0.5762034788828689,-0.05939908277674232,0.23153872422881255,-0.43601363198640425,0.3163961148745571
25445,-1.6766116817939543,0.10440451373237596,-1.8565146474056133,-1.5113766881528234,-0.6038516458578806,0.1636467640417835,-0.8738174921081232,-0.33233602844823895
25452,0.5061624762784844,0.15074248401753684,0.2665451862290589,0.7601227903064979,-0.10055681084048221,0.22798514003836703,-0.48086670569741463,0.27739463763726985
25461,-0.79681680431276,0.13040226344745384,-1.015940552931611,-0.5830982457520258,1.774133139331803,0.19369728945550727,1.4579802740028938,2.085229213186019
25470,1.277362308519657,0.15410599769604483,1.0256839087405456,1.5297139868085339,0.33635472663532784,0.23527764881462063,-0.050191246674869225,0.7316215995636237
25472,-1.2595469909767654,0.11961533240621751,-1.4626869876339428,-1.0588168665135886,-1.338106300479808,0.17252779929741613,-1.6241218923992673,-1.0375063077728794
25477,-0.9817654234383262,0.14586434765620096,-1.2177682035984843,-0.739936689375766,-0.32699165231383037,0.2275579899724763,-0.693696978273333,0.039946050498164014
25537,1.2213754317288628,0.12638240687011856,1.016398931786275,1.4174897471425039,-0.22966220440257465,0.1925954907354308,-0.552406694039318,0.07321365540197931
25553,1.0451582134335744,0.1214424445987195,0.8494690013437609,1.248776119517081,0.6314582518090708,0.17583138907136378,0.3441633282227298,0.9203700622901069
25568,0.7872426984784815,0.15453666561325313,0.5309146535629488,1.0437642707111074,-0.7852911955287152,0.24107137458514605,-1.1733776478728546,-0.3988097275940567
25577,-1.27681152332136,0.1538557520764181,-1.5388568641225246,-1.036350406680984,-0.7736284177469013,0.23912510917812607,-1.1754935452536568,-0.38965968497852455
25586,0.2390271629161685,0.12747269001167333,0.027855517427915588,0.45482609233318627,1.0585023321480358,0.18655765261003787,0.7455817625691302,1.3578932902058547
25590,0.2347744133485544,0.12685363890389056,0.02668161188755485,0.442911893682385,0.45680216121428113,0.18388112476872134,0.15624091888347877,0.7418015247180179
25623,0.7153220069181642,0.10616562073437337,0.5283426457778292,0.8903897334867128,0.3098879612840868,0.1537972864583176,0.06359156300962955,0.5528131165873849
25638,0.3507070864254102,0.09422005645152146,0.1986936629043698,0.505669128691881,-0.20522466395374866,0.14008435143941983,-0.4315731585084618,0.024711927109396674
25701,0.773691403566729,0.1330210541507792,0.5449653099384201,0.9903595540803585,1.336959717179323,0.1959764339224356,1.0216228137051244,1.667332038574839
25707,-1.548623824329981,0.12447178467033315,-1.758982686677278,-1.3575793268090508,1.814909356321836,0.19124738042708062,1.493135514736108,2.1450515116321665
25784,1.3463230043840289,0.12784211253235334,1.1419791686975045,1.5591700101952441,-1.192705792106412,0.19629558219985424,-1.521370659759502,-0.892438798041302
25785,0.6777665263074273,0.15582771340689447,0.42518876852641474,0.9255993632411927,0.6589794393289107,0.22300933519448107,0.2993019999448346,1.0379114608466917
25795,-1.7406696702432167,0.11582480251024484,-1.935483393856456,-1.5386199805244203,-0.20211677328212607,0.19072989839876714,-0.5217317027670951,0.12187207467279279
25798,0.4643717750529899,0.11118199006841184,0.2851554339948784,0.6492590034035499,0.37976116022076833,0.16323646045957504,0.10966133967318184,0.6504872742631865
25809,-1.1324101516148566,0.15099416853372538,-1.3742252769918042,-0.879324244884319,-1.6482728825628785,0.23631352612504763,-2.020604456596936,-1.253286529626921
25831,1.2283245063573753,0.12990635506334874,1.013514066470484,1.435510611832375,-0.7125878605962762,0.18913431950285894,-1.0109484680453347,-0.4065424732031014
25867,-1.7305468939026387,0.156444099818815,-2.000514047903782,-1.471566617759609,-1.1329568728370991,0.2429296632340826,-1.5311534414827515,-0.7396288355560974
25888,-0.1997553541743555,0.11083389152821325,-0.38572185746655163,-0.023937567640586556,1.0718203496649,0.15847839505045694,0.8058368855625214,1.3299092170984768
25942,-0.4136703463344169,0.15238015027146823,-0.660239531988826,-0.16818753882667314,0.37656212335480105,0.23702122577748166,-0.013238061529097046,0.7642228489617104
26032,-0.0375012011491619,0.15230261746529009,-0.2835337988159557,0.20902593154640284,-1.314753632426134,0.22386981096684416,-1.6821768207304963,-0.9370493670853591
26038,-1.0447857996834415,0.15148942280948252,-1.289546844079629,-0.7927574005014136,1.1788346147855058,0.23008499435118396,0.8124178114055378,1.5750922770407527
26065,-0.005668630573883078,0.14969530342994125,-0.2549212626039996,0.23343817707805084,-0.010689505608867072,0.22527786117650114,-0.3755731749768182,0.37773894073740055
26084,0.8100523720507201,0.15174133094475864,0.5614041465167108,1.065136717789087,0.7224194327197518,0.22736194271466023,0.3558545030355524,1.0920394133441076
26167,-1.1934443709033695,0.1200570112798959,-1.3989976463354201,-0.9981344459964518,-1.5310838475946478,0.17924625421233675,-1.8193213467150258,-1.2457605519834012
26195,1.2827803247594511,0.1555107891333177,1.0340040701398938,1.5347776424815298,-1.0018286512818912,0.24031863659227926,-1.4056541716041844,-0.6271422911009152
26307,1.4328076883293572,0.10049513588884844,1.266598515750595,1.5965040572982245,0.11847081351097292,0.15886717340503875,-0.141619538162803,0.37512460039992906
26332,1.328850687821726,0.15148752092978013,1.0905861589755461,1.5887647679101067,-1.2480042280813899,0.23618267954139252,-1.6265145601938538,-0.8437385239332813
26384,-0.8896141046238202,0.11748830725718984,-1.0845527497330698,-0.6989787217976278,0.5117305104890089,0.18012904341612437,0.22145284302737278,0.8168792893993903
26515,-0.26910771119281707,0.15141451431831926,-0.5289891513926374,-0.03164410174644506,1.145991486362173,0.22590922350035345,0.775704925661979,1.503044248209729
26518,1.0444393922019117,0.15034114317129765,0.7972175207540332,1.293577456322865,-0.3974603753628231,0.2400352033939625,-0.7708170130493485,-0.009507571484739602
26638,-1.879094357937527,0.13050680501636616,-2.0819023913009795,-1.670603765051043,-0.7147497772763658,0.21660462624475568,-1.0673697610289525,-0.35724995717781755
26652,0.11864145340364704,0.09955752736384381,-0.04591388900291121,0.27677963124059446,0.8793209140340803,0.14848484262728873,0.6482245887016421,1.122291760535555
26792,0.433982996794625,0.12632240564510866,0.2232902326132007,0.6357818998865482,0.5272410906369049,0.19581102231426845,0.20865420597675777,0.8553257916447945
28115,-1.283667630168751,0.11540152356632628,-1.4703857427942466,-1.0875459536528207,1.4168442190372326,0.1644585371386549,1.1429323062269117,1.6721567105098585
28232,0.3705586915937325,0.128111705972681,0.16776067112021048,0.5831747682280888,-0.9378503973450967,0.1916147323505327,-1.2459897073143773,-0.6307450333319338
28292,0.6212656079088503,0.14576555726116183,0.369157376317782,0.8617259506347996,-0.13756370211036878,0.23764875091800436,-0.516592982985031,0.24897558863107935
28529,0.5838511444979316,0.11718105612422125,0.39718045314258804,0.7765788197009637,0.3644526730655591,0.16312478753771245,0.09960804564686135,0.6253098308324209
28922,-0.5181087701545666,0.10789290640482993,-0.7007931046816842,-0.3376344782941246,1.2606998850943,0.15897107155335227,1.00553135573229,1.5238805631843653
29642,1.0576355225057108,0.1567073816247918,0.7914246594945732,1.3117998355166616,0.20780040254975793,0.23218943326834932,-0.17978095327266658,0.5967093997775864
32577,1.3204042780849847,0.10477006459197988,1.1510906823838016,1.4922919002066228,-0.3694677635820082,0.15638308072557341,-0.6271714450356833,-0.10542270407367094
32601,-1.2857105293952316,0.1062878576580509,-1.4693760726328295,-1.1150765667335696,0.6560041161319878,0.16786928394046252,0.3893617334786486,0.9441067811975504
32652,-0.5922956268959355,0.13165148039919417,-0.8141851609532357,-0.3806746662724362,1.8490023283309012,0.19551325937932576,1.5351267235379258,2.175013758745136
32793,0.5439563042827349,0.14961739865134668,0.28006286570803374,0.7895586483538082,-0.7434229721279864,0.23258329995711524,-1.1115204598568666,-0.35182248092959484
32968,-1.7742085754563637,0.11915968320467624,-1.97015920915645,-1.5842186789745685,0.3971431011825595,0.18767961720156764,0.09206615277736176,0.7000303989506222
32978,0.9625637625504937,0.10931726650303482,0.7882687014159228,1.143027564863801,-0.22267722073552262,0.16911061722394385,-0.4964591981799819,0.05567805525270991
33219,0.1348326793685752,0.15454229638670872,-0.11708080238838706,0.38824809239318936,1.4604744131414482,0.23650301433855667,1.0781538375566997,1.855958275161415
37762,0.714951779591625,0.1030296331789153,0.5437554673375438,0.8899324533983687,1.3345430604372857,0.14948707433632608,1.0847209610879875,1.588956472421291
37814,0.950362060671464,0.15537177334299612,0.6876493085929536,1.212427129324418,-0.7198046241306675,0.23097498128211696,-1.103842031354941,-0.3580527642311966
37831,-1.6133081079518967,0.10561743283738376,-1.7891375578859043,-1.4370132045497785,-0.9315153586564086,0.16098217277835122,-1.2040308334203822,-0.6689002243047696
37836,-0.7659343954594777,0.14608469295655854,-1.0026195857561047,-0.5339554463497864,0.09046597940392134,0.23049930694761672,-0.27146118513124523,0.4710721427065298
38093,-1.5366132976176863,0.15072007566661672,-1.7883622428259325,-1.2869798042559817,-0.7708499843026558,0.2348972498686028,-1.1636490090745186,-0.39876461768700355
38094,-1.1551040017641534,0.15466042712957753,-1.4107827350289623,-0.9028179106886415,-0.6188389022227252,0.2299461201903515,-0.985183780785169,-0.22846157304668757
38436,-0.717340037437628,0.1320658236110639,-0.9253449175838264,-0.49349519254713403,-2.0506944893854575,0.18924546146936705,-2.352620822835214,-1.739999243856278
40542,1.3883604057048262,0.11599697686787311,1.1913525977650798,1.5811503995235392,-0.8216672561824204,0.1844159077178365,-1.14468733898104,-0.5276150021335335
40550,-0.313762059527137,0.15222004189847588,-0.5694199254536931,-0.06483211663354907,0.6586139553669318,0.2258977834392034,0.28490677378750684,1.0270872146267904
40574,0.9902163217546534,0.16191419910924254,0.7317114717130458,1.2580105926855396,-1.6552394349922377,0.22466837325154393,-2.0378641493006886,-1.2948089299302632
40614,0.8325442366743908,0.12157760268380968,0.6339415635657264,1.0351996051903696,0.22935999257177633,0.19516150086117595,-0.07937356446000171,0.5578768293123589
40756,1.0374893416269997,0.10231637438015456,0.8677631862677263,1.2000030919807303,0.6536902759369273,0.15324662698667324,0.3981192629140878,0.9072628300702316
40770,-1.2078696553689,0.0966743769145848,-1.3651470778611405,-1.0491821049690193,-0.5881659165973955,0.14913388113791773,-0.8214770594913222,-0.3435665067258129
40800,-0.18045650468066163,0.1539168056668215,-0.43349250292004227,0.07700539911235328,1.3920506125086687,0.23843228811368308,0.9971436430361164,1.7701153903986786
40810,-2.0732042548077194,0.1419560580140501,-2.3088461855404288,-1.8394046780537971,3.167538413196246,0.19576120400673913,2.8554636041006156,3.48163949198896
41029,0.08613307264873293,0.15576188974313693,-0.17522488876480805,0.3421665110449214,0.9428632506576546,0.22700541463517473,0.5576793977522985,1.3130308937601207
41124,1.331843733521754,0.11302835374094573,1.1551157222044868,1.5211980457985257,-1.0007598847807628,0.17735457381124148,-1.2953684398455696,-0.71842344128005
41339,0.3902503830867732,0.14965837520449315,0.13973213417964073,0.6333944788477754,0.2646166948919571,0.22672232399642375,-0.11210072604068912,0.630120560448273
41363,1.4470501317006177,0.10422188759159884,1.2808516968022021,1.6207602653321571,-0.6296912251736049,0.1625786494554046,-0.9172608915985866,-0.37075073251109236
42183,0.5476399333407551,0.12692220953299657,0.3448327135402167,0.757401028464898,0.26285791615317206,0.19456915597781993,-0.05985631496962188,0.5682095125259767
43051,-0.24785610601160069,0.1258731691521335,-0.45942412496938023,-0.05009933224527591,0.25247386704134644,0.18874768396417022,-0.059750582561350886,0.5569663820271993
48354,-1.1711004338895754,0.15432729155859423,-1.4156262429595075,-0.9215186980525328,-1.1105765622273858,0.23087598446337484,-1.4927423194457148,-0.7361431447015516
50102,1.1815396610078008,0.14559977032872942,0.9396753688274658,1.4149074718964127,-0.5499117068507372,0.23456102998342662,-0.9368732258091724,-0.16966342622651304
50213,0.2245978720766878,0.15998870865323156,-0.03269287960229726,0.48900137556974255,1.057177347576853,0.2282245933818776,0.6780540814016203,1.4341039084756775
51004,0.5395670187397928,0.11028754330144734,0.36080344493296307,0.7165931826257874,0.27132589146610225,0.16137503451316537,-0.007296132017951981,0.5335677265633834
51217,0.5751457060460613,0.15230310086614357,0.3237377098176245,0.8324983242231607,0.36538923926341743,0.2314111934511612,-0.027129159410308794,0.7399046604259883
55224,-1.6545993084320885,0.11359366541005658,-1.8467878617538513,-1.4717758757006478,-1.372077937407754,0.17219871717948285,-1.6600660364609947,-1.1091332736561936
55968,-1.491145511640336,0.11542136902360049,-1.682579217657704,-1.3107196058190729,-1.2106438693908297,0.1731855357723434,-1.491989405886186,-0.9385977166717518
55990,0.6110315210778994,0.15274984600361846,0.35902321481889404,0.8541979556083406,-0.10329214487343383,0.2304721238310754,-0.48625845606135415,0.29113274482255613
56009,-0.17952768991398277,0.1318987893163186,-0.4004272218974239,0.027677568357957625,0.40065134141998526,0.19044464283700469,0.08618355931089071,0.6949366800326076
56025,-0.10819867931383546,0.12214165767888996,-0.30594475979572444,0.0936795509614449,1.7654670212404446,0.1768507118929035,1.477768287260793,2.0339238817718672
56408,0.2939184463686116,0.12520290598340453,0.09007841845305282,0.49356007506084654,-1.2863591129139524,0.1943554005551052,-1.5944837908087877,-0.9760055706905456
57347,1.327875232462997,0.15343005220469785,1.0802889795214248,1.578266683724105,-1.3666295789758476,0.23976817942953044,-1.7573706311169364,-0.9641472850910815
69403,-0.7727815548165942,0.1484829662526251,-1.0176154919219689,-0.5321769834779747,1.7085327620280741,0.2330962954527725,1.328079925580348,2.0746031126784517
69404,0.21017440575549381,0.12269320692486145,0.01626388794805189,0.41246140441152257,1.851873747557421,0.17600490267706764,1.5626245797253182,2.1453943407771234
69409,0.5954398296155432,0.1066107096566418,0.42217550030037815,0.7693116446804452,0.003414174157349562,0.1604125399452071,-0.2638509919781975,0.2882406984458124
69513,-1.2403062414805277,0.10903002481458164,-1.410712660212228,-1.055787341672188,-2.0569581301732542,0.15969446860219244,-2.3030764616246993,-1.7938868342910783
69610,-1.2076028657801778,0.12251131121449203,-1.4037463192263813,-1.000978330661456,-0.6802432533614209,0.1856312828285197,-0.9905082045561743,-0.37758793034151455
70083,0.6449085282555237,0.13102467054038236,0.43188684293322754,0.8548552032496132,1.0982318939985767,0.19016152712147302,0.7754447265823449,1.4118466260238574
70085,1.271342648046855,0.13371123744616886,1.0500401980944014,1.490826587758446,-1.1407916674442886,0.1996598205540584,-1.4627919068862545,-0.8137876719364563
70086,1.6216551337808658,0.15685348967131912,1.365722186541025,1.8813753651870417,-0.5249937089444342,0.23395521130166122,-0.8990658429263465,-0.13724811278152615
70094,0.83166131194681,0.10713609763545026,0.6592550691740334,1.013048380394839,-0.009467905139797063,0.16015865540801344,-0.27684195953532065,0.25413084545342635
70096,-0.8924953949728514,0.13959192327157638,-1.1206440660658583,-0.6631088685673295,3.4066661125785664,0.18910880984202713,3.0986784206694624,3.7163407970937823
70112,1.5653336476271411,0.11032477515185897,1.3808460898442991,1.7426102390736606,-0.3883934179603833,0.17614897734953877,-0.6644288681550905,-0.10851250573090879
70120,1.3097762935645076,0.1296669660144916,1.086182034908536,1.5262072075856294,0.14558784750375378,0.197128029930975,-0.1686066051670118,0.4634991870024918
70121,-0.7430650831523975,0.15886686330637215,-1.0136349384960566,-0.47435604494466294,1.964958444148466,0.22572963038580826,1.5856232564231987,2.334096453167569
70123,1.060132889981088,0.10846788127964388,0.8775072657292714,1.2353238697127662,-0.29222393832768123,0.16996508839518323,-0.5612739768822299,-0.012885032656338792
70125,-1.0214100169181741,0.11110586273082251,-1.1970994402705504,-0.8440385274961608,1.5375262797882951,0.16200376135743377,1.2684359392122504,1.8025196059229065
70129,-1.434615632800547,0.10499020565949735,-1.6059786219022647,-1.2591182960081493,0.3636796550373477,0.17180514425345128,0.08769683365413372,0.6507099033159397
70136,0.41047430737985163,0.11056788382366742,0.23212633366451546,0.5982708978032345,0.5046030380091507,0.1717943708063482,0.2346237292144274,0.8098003394523365
70139,0.4706378348266864,0.15233725075501087,0.21675445086315684,0.7170398971860495,0.4137200709795222,0.22586809825404616,0.0414236409909944,0.7821143086395352
70140,1.364777790577869,0.10306467844017875,1.1991818301565638,1.5299363148545817,-0.5420718744680775,0.16302360006311592,-0.8148299967714564,-0.2826732726392599
70159,-1.1034434571067362,0.14931559586578094,-1.3495564635344235,-0.8700396769290984,-1.408069826598505,0.23501155868139778,-1.7951962719971406,-1.0330079054359387
70164,0.7984681043519875,0.15034167857304087,0.5370768295441393,1.0398160004228036,0.0014691174470945329,0.2286903616058035,-0.3963156365846763,0.38250990795936374
70235,-0.6695210768146529,0.15012649355891208,-0.9144374225069691,-0.43087767648765535,-0.6354326795626247,0.22368537980674486,-1.0127463595548543,-0.26746140597041695
70315,0.10399141574776205,0.1565049164816575,-0.14786803462125106,0.36130496973949305,0.5907882773503155,0.23142496831713322,0.20761075042915997,0.9824319842210213
70327,-1.351914494715462,0.12854676565289716,-1.5650600803490957,-1.1177903582562387,-0.8633770079061182,0.1948926883561624,-1.172435581242875,-0.5344393199061005
70391,1.6612615242323796,0.12807468781730913,1.462425501550169,1.8814556374162463,-0.5613013101144706,0.20520869321850485,-0.9048673394750039,-0.23690827123879776
70451,0.5788085880787176,0.10266221737400655,0.41238678890293456,0.7380593531150378,0.13835456844605087,0.1557730907393879,-0.12093266925432533,0.38510702250948964
70507,1.5247280558310756,0.10976142765056861,1.3503520315876525,1.7109244405026256,-0.6489755730319583,0.1775766045368382,-0.9420004018081751,-0.3637873212758212
70767,1.4009922804127373,0.1321982258720272,1.1884664693537603,1.6135953766758797,-1.3489226453202243,0.1906588486109563,-1.6618268797386588,-1.033214907148866
70956,1.1037550469242823,0.15350595552532048,0.8625881907562117,1.3675554809276294,-1.3688603358576987,0.23899462462170246,-1.7659576162760495,-0.9848477925409853
70975,-1.5578503436067845,0.15342328932899232,-1.820845345204771,-1.3125948728668815,1.440923696348228,0.25102031601533265,1.0246095904551866,1.8672433285332142
71004,-0.6791612729309552,0.15464847978762253,-0.9290440758074395,-0.42241002521858767,-0.30979709947758344,0.23186248926021819,-0.6980160038264255,0.07812632393631326
71057,-1.3192390646239656,0.15266182440500653,-1.5669479917628528,-1.0730500866228216,-0.259474186039438,0.2288094874251545,-0.6368975650006257,0.11710115602572603
71911,-1.62970110125114,0.15382622999783774,-1.8880931725320522,-1.3880406143816795,0.3471568245719942,0.24057511963489878,-0.046215710474102195,0.7565968350742281
71997,0.5060605565790104,0.14782898899288402,0.26470815529849384,0.7587717481705306,0.368450194590478,0.23088014878113394,-0.033800394393406465,0.7455378981462355
85113,1.0604991856517334,0.14814409956472885,0.8182604256091379,1.2992315728149955,-0.8107169224012946,0.2352685068327484,-1.1959600838012745,-0.43265983969069777
86183,1.2775297412853572,0.10990918765533492,1.0909386842769344,1.4560715786690865,-0.21083848324807444,0.16776076333285742,-0.5081778043397698,0.05620433564164373
86198,0.5614535709071583,0.14876913573879152,0.2991227048124185,0.7933188270057886,-0.24805945613307498,0.23729412008555503,-0.6353183387670847,0.14722494418454268
86200,-1.3073787833464814,0.1310593999248179,-1.5179037408169935,-1.0889743197012154,-0.5099981402501165,0.2001735601573173,-0.8406842173631411,-0.1731435061614226
86220,1.1235512924501458,0.1184482907962213,0.9377675736733753,1.3179381841087519,-0.40858785290315375,0.17877541061604743,-0.7062845788271012,-0.11961130169547365
86234,0.6764800616778476,0.11477710223465168,0.48440364394975566,0.8627932454310472,0.3236876412069131,0.16482590423344853,0.04925684599597313,0.5964248831763758
86239,-0.9604858359401102,0.11393495210969104,-1.1456120453523286,-0.7750854774791308,-1.795195091068982,0.1680369042271298,-2.08627705466632,-1.5275028912129123
86298,0.8991767617414447,0.1588921874390416,0.6402920766184119,1.1675203726781547,-1.5281062007801567,0.24805051964532782,-1.9431120079525759,-1.0957963300046618
86307,-1.5117544108849328,0.11172210001074297,-1.695753502968485,-1.3309650007888738,0.3676316916902537,0.17898578745091,0.08621952498361896,0.6531598144980701
86325,1.5060108311331017,0.1184850552470885,1.3149769962988023,1.6951668874264716,-0.24377755622611919,0.18540232514139668,-0.5533728112163363,0.05576719674542583
86328,1.3280023934555047,0.11204058357680273,1.139076316231046,1.5119730527468427,-0.8180999108186441,0.1711370054964777,-1.0936915426379064,-0.5267907587792341
86338,-0.9085269968190499,0.11039808393270174,-1.082744412829504,-0.7259412558193734,0.27272388076923826,0.15386507698208285,0.026900342419946686,0.5265236326838278
86507,1.0268221600040517,0.12388240869191028,0.8302134050612924,1.2300873414418958,-0.8689606439579902,0.19203888225078425,-1.1713038552221855,-0.5432643140350012
86517,0.11005257885850891,0.1303152287400514,-0.10328470733867667,0.3192544680489755,1.3333391965464534,0.18734895888780062,1.0201704609792908,1.6280144733431365
86548,1.1797124865252715,0.15959036403121657,0.9134885221459941,1.4456184146156386,-1.02621890206307,0.22397609802778373,-1.392958007284959,-0.6528558992789051
86623,1.0884775750404885,0.12646313589678743,0.879877826857164,1.2946870882224646,0.8810169924847264,0.19752987814342668,0.5471770255475947,1.1969844740131375
86716,1.2309498737624855,0.11612330498088709,1.047369048800102,1.4181571696224462,-1.3449312215616307,0.16780518222028898,-1.6163871909964205,-1.0712816017775988
86737,-1.0839283101599988,0.15301154752003468,-1.3386116329102957,-0.8327902341362756,-1.6050804888263552,0.24218245548630768,-1.985984852605559,-1.2068144659437343
86796,1.0609927793462228,0.12131407367564799,0.8693020389839052,1.2635746189891628,-0.1261606114328825,0.19178674349575592,-0.4297737439874141,0.18536521076918466
86800,-1.5499678755176594,0.15165668364708965,-1.7996231782565573,-1.3056664345461022,-0.9501242190042076,0.2363546238898451,-1.3418130867985976,-0.572231241188233
86828,1.0106138799507314,0.14884407234580202,0.765149725620184,1.2642084699123213,0.5847998486968699,0.2264025926247984,0.19010219396821104,0.9484761071554204
86882,1.0319604935181483,0.12456379088629789,0.8268600333511394,1.2353192254536076,-0.995829218545217,0.19773087265111922,-1.327698911306466,-0.667545384608084
88642,-1.153820895690847,0.10222222355473075,-1.3233452899531675,-0.9816589403674616,0.008710684085994755,0.1620217185560077,-0.25857563420385404,0.2824625318143651
88969,1.0515645015369428,0.15605947527666383,0.7942007894773474,1.310228954148996,-0.569306444258372,0.23178238847215482,-0.9726381364204025,-0.18682739562603656
89073,0.2915199348909641,0.12554658670834415,0.08562521989307917,0.4912013650387662,2.0425476748248483,0.16578450143661558,1.7631631261798546,2.317179968557146
89133,0.7041382200280807,0.1175535610811212,0.5097522443683553,0.9028323199436437,-1.0892060046034597,0.17622099714258693,-1.3786207293785713,-0.8120296538737892
89550,0.9449733091505577,0.1291531134015036,0.7368538390797634,1.1696347948261352,1.3025941855392107,0.19670458515488193,0.9788718893897078,1.6287566414135624
89700,1.2874881029117298,0.11303584778465535,1.104729143824434,1.4729364608654931,-0.9812595723278431,0.16521756171508856,-1.2605435345545684,-0.7249320949994034
89712,0.3956439325422016,0.14647852409938686,0.16125159142284382,0.630771308293589,0.2634468796311176,0.24126520714715852,-0.12014151772581216,0.6819867167643007
90774,0.6889551627362146,0.11459355265420484,0.49540124525555135,0.8689842883884014,-0.4577805851956371,0.17955220262760163,-0.7649805103262968,-0.15078136637459225
91064,0.9108481827482675,0.12920073577854158,0.6973727302968998,1.1249720734329476,-0.1888894687852717,0.19319783218326178,-0.5110254163954804,0.13733440270628716
91268,-0.9588717404504966,0.14865754060751787,-1.2058365483122588,-0.7161511378735747,-0.8084484436618822,0.22925775723098182,-1.2004628228569227,-0.430039663538159
91282,-1.4543307509109533,0.14818738319797492,-1.6993538848404617,-1.2091354196691781,-0.05929581605741993,0.22935510024569777,-0.44563829369683494,0.30309022582401124
91519,-1.6201168442522556,0.15543895600499533,-1.881046616096803,-1.355044032287249,-1.6834145969915015,0.2425287654309915,-2.0726701498615374,-1.282635155081986
91702,0.31939004012401695,0.1019433959038799,0.1520255638569595,0.4932781471750974,1.1441978964277946,0.15453898107103348,0.8972789071435886,1.3990915847801466
92874,1.2253746092647908,0.15059957820091396,0.9812162775250318,1.4719826048291815,-0.7147326397129152,0.23493272441244017,-1.0921535484287213,-0.3284406214648395
92886,1.042524658420745,0.13094962188122636,0.8326758507319549,1.257037040475105,-0.9105494658460268,0.19973101185906958,-1.2356357024693532,-0.5996737972546916
92893,-0.9698463616395513,0.16381107649508805,-1.23357764949852,-0.6973672225883861,-2.530152724314201,0.2464682016427239,-2.93717292914339,-2.122577993647455
92910,0.7271915032441907,0.14943271148678697,0.4673205617603428,0.9664198949771546,-0.7843466577756335,0.22182924723000266,-1.145867108378186,-0.40695118269040187
93000,0.4876973687315506,0.1273098076690224,0.28192463886042557,0.7001658165641578,0.45046949974182776,0.19108086447174977,0.12958496469845274,0.7656637424049751
93003,1.2329911812551229,0.1060954090196785,1.0594214429049642,1.4064962940298689,-0.6028524929595507,0.16890699985730076,-0.8713898672709491,-0.3152043027055946
93033,0.6895142686109867,0.15140265726185748,0.4417257288280457,0.93901924408671,0.8351341235096995,0.2391285316433229,0.45464145309972853,1.2362655657558104
94764,-1.4213279350382853,0.15287693453893197,-1.6736441480768263,-1.1625379662025763,-1.2659289130018863,0.23041116451187307,-1.6401135603204975,-0.8709104593602119
94828,-0.3295655892500992,0.15331916238717233,-0.5782316969835822,-0.07764833154308198,-0.40275899982928615,0.22303593889309914,-0.7655056629395847,-0.041403041438597236
98072,-1.053627228596766,0.1497000313126867,-1.2853633141949654,-0.7991044808692137,-1.3021375396246275,0.2344242445657164,-1.6851534753795667,-0.9344832417458733
101605,-1.651942082129844,0.16417874116520287,-1.9239597193615443,-1.3807281865443943,-2.2269989466857734,0.24388107567850112,-2.6313128898911784,-1.83057628305791
101635,-1.186436819951458,0.12251909328589193,-1.3883174870748718,-0.9888438619442161,-1.5802901953496096,0.1836187207726702,-1.8625832950514318,-1.2743188779361287
101649,1.3616770071561466,0.128062889632301,1.1366040067769592,1.5701680851129858,-0.19404894771819645,0.1936469962318082,-0.5076250672824658,0.12320497159355714
101707,-1.4063509328153596,0.1557589733936432,-1.6737352151772065,-1.150302043432044,-1.089275571322481,0.23673105469240838,-1.47339308150173,-0.6944442276589851
101795,-1.4022852662879701,0.15673276251050586,-1.64380424594301,-1.1317474658640745,-1.6599550103374037,0.23561525148601856,-2.0376537876291914,-1.273198082386363
101847,-1.249872286967438,0.15581227000883013,-1.5137476569315882,-0.9834755050952334,0.025084006629189796,0.23140795634788963,-0.33390794255125156,0.41401602978181384
101948,1.264808331100842,0.149482527062454,1.0212355572124714,1.5172244128518704,-1.203702306880011,0.22976409492923108,-1.588414779845411,-0.8206095920786718
105330,0.9786841947250312,0.15448496208149554,0.7291514568474319,1.2280508123752627,1.4787770905241058,0.23152933257304414,1.0888485402883554,1.8644432370663189
105376,-1.4914164799355263,0.157889529530542,-1.7480244600744541,-1.2337871362866084,-2.2591113366684734,0.23748696879683168,-2.6428517297488594,-1.882357551412417
105378,-1.5238605654529689,0.15260608462782782,-1.775460849598088,-1.2734111635750545,1.2213642638171427,0.23694268004991065,0.8318263664318795,1.601276663690658
105541,-1.5547820884020513,0.10428168660334093,-1.7353674310765324,-1.3945771776134197,0.5645324827132124,0.16373133752809432,0.2921096105960944,0.8406821202610739
105616,-1.0832393180199993,0.15580607119294948,-1.3445885606909813,-0.8286603926578203,-1.9893660566476423,0.24113791382352137,-2.4017631527818084,-1.60426313947862
105618,-1.3415849951556187,0.16201259463202108,-1.6122905969540202,-1.0717853250759173,-1.3128963043393898,0.24607608559909838,-1.7266254893399768,-0.9030710376320868
109110,1.0448268733277184,0.15113170995255926,0.8021644975186072,1.292550387667482,-1.6177008050902415,0.2435535455328722,-2.039600179196912,-1.2233378076598005
112366,0.03976433186948592,0.1256565463469831,-0.16233074503205613,0.24617820333334514,0.687152376448487,0.18594082731739198,0.3824105710840959,0.9978724876130302
112370,1.437010743521501,0.1309106523907879,1.2255819807869595,1.6568961029405154,-0.7696511564819881,0.20488758815238683,-1.1129161701369192,-0.41552721150142663
112459,0.8810464155907852,0.12224940213007168,0.6846793699826518,1.0942335052147407,1.6021126798852239,0.16987120079581403,1.3192499874151549,1.871279822227106
112522,-0.9545639519341272,0.15489780591528676,-1.2142969219505524,-0.7015695766236801,1.2708800364009436,0.22741945256222187,0.9197291170379724,1.6453587327802845
112545,1.4180014930534828,0.11101074539363598,1.2387446007095722,1.5964191256948412,-0.31235493481641713,0.16892467413330506,-0.5847882631235509,-0.047517935644256645
112556,-0.6729989213910975,0.14954691515145543,-0.9249485167716259,-0.4227746817282037,0.6929657939640198,0.23238742615915342,0.3129004314672304,1.0764883781987054
112596,-1.4869634199313184,0.15580548323008311,-1.7439300863402973,-1.2340514413419954,-0.733743702236076,0.2373138466145133,-1.1164822530021845,-0.3382905047505892
114055,-0.7531703939298243,0.15005014195807306,-0.9971179940614484,-0.506984733328863,1.72817328401487,0.2282296622028016,1.3522795152332647,2.1109649306456646
114709,0.07928151874967038,0.14957013234860003,-0.17011577240752013,0.3241274098344998,0.15974915396861888,0.2215902526082145,-0.2087018047532563,0.5143424056438348
116161,0.8881940266438387,0.15475097045570632,0.6327040507696446,1.14369443703987,-0.35690437288780064,0.22763962323968817,-0.7259617605827801,0.021133511774275665
116170,0.36761638315544226,0.11413711067778257,0.17942748980596981,0.5559133810228859,-0.28953742161207224,0.1699262079369967,-0.5608633076370797,-0.014640386535504245
116259,1.42030441780283,0.12743298561813546,1.2141325591522452,1.626064969072272,-0.34723246135246655,0.20179248369674016,-0.6818192439177367,0.0032986917562846992
116283,-0.7838482733437623,0.12365576218095693,-0.9985782746501568,-0.5839260334584615,-0.40800157520122327,0.1872016050834061,-0.7117262813653792,-0.10291865387069314
116299,0.5607216802969786,0.10858206846714026,0.3831478014337709,0.7378152870407029,0.7352323530321104,0.16278532382401148,0.462263290406333,0.9978059999558252
116319,-1.7621519961068137,0.1301832020972493,-1.9703029300761217,-1.5478661343384963,-1.116309739227175,0.2068813424322948,-1.4552293468288144,-0.7846696441700542
116405,1.3652425767506708,0.11896451431122682,1.1737457760369412,1.5629222938873504,-0.8007235978704346,0.18520062235485715,-1.1132171068322751,-0.5038890229105817
116898,-1.1502321769650077,0.10398615038238873,-1.3221693128351983,-0.9770007821259359,0.28098643708930376,0.1577771027637266,0.023316562582183665,0.5291116308034025
122859,-1.318467584283574,0.13332036976168185,-1.5332275098500425,-1.1035823896757164,-1.241630884301892,0.2009448022226465,-1.5722022815406476,-0.9051392440528333
125250,1.4208131595784077,0.10225225377758464,1.2496894974072983,1.5857038843339561,-0.7731117849264358,0.16071318862011744,-1.0254804869239504,-0.4989406312670173
127591,1.255363764336848,0.13686913806484444,1.0267276825872758,1.481506524105894,-1.4708354565542923,0.19604577637283255,-1.7955334866199535,-1.1617040810965558
127598,0.3364072326254304,0.1470343105868384,0.08657355549582403,0.5761062097033143,-0.4541766432916273,0.23441959912076948,-0.8317536442188356,-0.07784379677025136
127609,-0.9844269488673084,0.15214506924467175,-1.2260842877678033,-0.7377516269723873,-0.9426913492032309,0.24093439092299063,-1.3366370462139106,-0.5504632151498096
127719,-1.0139078514893816,0.1492369763565198,-1.2557182923075967,-0.7695140988097268,0.2884211125915002,0.22465854247630443,-0.06772788914060159,0.6595828524067333
127928,-0.17346888620199227,0.09718738438918023,-0.3324056072986184,-0.01361691262197853,-0.539610085550426,0.14491885463477025,-0.7934478804964421,-0.3085829524593115
128171,0.8596431478335789,0.1202105446414868,0.6611556500261767,1.0572208743603801,-1.4090533140621728,0.17629486129217473,-1.6888332338731544,-1.1177308479178447
128230,0.9445169176276551,0.1587397738623227,0.6738748033822648,1.2160907963312337,-1.7499312144537893,0.24433440025769335,-2.1587352472373493,-1.3467479798770285
128742,0.63075134965998,0.11842897931518286,0.44011427431772343,0.8220287524441764,-0.7758135318088064,0.17104544884574532,-1.062259947173991,-0.49822585829910165
130196,-1.3118621652877684,0.15124164781407984,-1.5635878937063223,-1.062679870303862,-0.6225182544583939,0.23018115758800098,-0.9883419218029955,-0.23958371195812814
134163,0.9431862961884081,0.13101974512617812,0.7250996765156635,1.1470767110208184,-1.449540217083572,0.19742202673985443,-1.7803363625915904,-1.1077626860625414
134170,0.040896746559966224,0.12666370181103304,-0.17676644323815696,0.2414213124635168,0.7050859138244963,0.19035144764371967,0.40410631379494766,1.02276791595445
134174,-0.8417346179136128,0.10781879717331554,-1.0241014933390622,-0.670558523021952,0.75211024652732406,0.1612136987166965,0.4844040849271126,1.0231937437604512
134175,-1.2924957462013595,0.11136881210591419,-1.4830939259108133,-1.1149170615014437,-1.245745583830615,0.1683291567726858,-1.5193692604984983,-0.9688864565469142
134177,-0.8153242644037805,0.14942694290403322,-1.0484376350506122,-0.5631304405965176,1.2014410848802226,0.23715425320425737,0.8114854794659295,1.599789787166323
134249,-0.8609390265720129,0.09850832323208049,-1.0235511401006152,-0.6989246396112716,-0.8565323839294151,0.14749884823744033,-1.1017281458721304,-0.608245485718382
134476,0.9008300988863864,0.14534185308162004,0.6466922707420867,1.1337156120555094,-0.1479237390370239,0.23126738895035023,-0.5112892732625749,0.21441717097931437
134502,1.5649090519554416,0.1110537785088729,1.3902289619753232,1.7595608874273705,0.0578261822801793,0.16802667762171836,-0.21776485433854176,0.33812924501886504
134503,1.751662860982388,0.10226713480600097,1.5837587505788369,1.9161000343984085,0.6070108349077378,0.17354718154904392,0.3155698088528943,0.9048242339096467
134513,-1.3215287999151053,0.1586608113608268,-1.5798371468065688,-1.0607916688476884,-0.2969716554145505,0.24064684629609565,-0.6914454501173829,0.11143474613287875
134702,0.2795595853943439,0.16048209136399752,0.010886160388921198,0.5344656401275086,-0.5589388893640742,0.22851015588285056,-0.9453091886083516,-0.19025226266150838
134769,-1.3188242973814008,0.10566249833591738,-1.4808397749042654,-1.1379764590278647,1.097294550486857,0.16714341894092666,0.8336480874277721,1.390944619275173
135103,1.2741615908507828,0.11871276727765359,1.0770543413763976,1.4719738010110253,0.46381277827389567,0.19091649471182068,0.1470722835208714,0.7687271086160208
135561,0.15361936330619524,0.14954289892532244,-0.08722509069560871,0.3990501039404749,0.7393815576736381,0.22223156219358695,0.37723108144714773,1.1031216219152846
135807,0.1173545086649201,0.14445166728749803,-0.12611645912315317,0.3470528873639079,-0.3631118783927069,0.2277367826949359,-0.723593641268252,0.018784018682946078
135848,-1.392867187624798,0.15367136260379174,-1.6492510973749526,-1.1380600706419652,-0.6325814279877193,0.2324585431986767,-1.0159952955824545,-0.24448724161667598
135903,0.19133066501887627,0.1116814972205861,0.009386892066861321,0.36000675357996836,1.2815201037510042,0.1637671612902089,1.0163057323991245,1.5461486924606365
135909,0.423895172433837,0.1259642875784418,0.22813258624346042,0.6432957613198055,0.7482457012146907,0.1984351562916491,0.4234896351276453,1.0769591736334294
135919,-0.9400059893507843,0.1431248778576602,-1.1680932673337567,-0.70465117520836,-0.0638494263141205,0.23203124322032698,-0.4483046764459409,0.30866730962001837
135923,-1.5416562427057126,0.15463785698971358,-1.787621556058012,-1.2788324514802998,-0.9569455649751859,0.23776949719461496,-1.358679806052586,-0.5528031539886932
135927,-1.3808835595524906,0.12121635476238635,-1.5794172187796451,-1.1796522365078184,-0.993220704409091,0.18352250614901608,-1.2927057369242065,-0.6795600343870485
135938,-1.268963690944941,0.1550906464735851,-1.523316814704629,-0.9955036117489848,0.4957729171230796,0.23446344489149554,0.13569879098799909,0.8852241123572542
136164,1.3144649947157423,0.15647305310941892,1.0433047928061108,1.5703474751955475,-1.4202728985125466,0.23010002481355307,-1.7792965292495106,-1.0170350183174275
137298,0.15221187100314776,0.12744175075216183,-0.05609883193885298,0.3533275564960218,0.585607892169137,0.18941300459440963,0.2819094872042922,0.8939867980719209
139075,1.0229245011925931,0.1050854705002245,0.8580541876397941,1.1927289688431122,-0.06892842977832403,0.16125149967905042,-0.3430295848960722,0.19813567926846212
140125,0.6453973279387559,0.10385099737635266,0.47230312182172496,0.8228659230578018,-0.17763345342830536,0.14353046412114082,-0.41570357115412476,0.060718763831081816
141176,0.9020494283347813,0.14988528904369225,0.6512506078178429,1.1453409397468854,0.4642754402504163,0.23992743927594615,0.0695448026792686,0.8590261496136327
142755,-1.0193001431073518,0.14432200369860856,-1.2611988572899806,-0.7788324646330601,0.48672884369034886,0.23719224286783278,0.10058715569528423,0.8826219792439917
144628,-1.1749379593726255,0.12152099986664514,-1.3730147671557358,-0.9775982136726016,-1.3077280862420952,0.18650051845821713,-1.6097075328969292,-0.9953876642840069
146302,-1.0189058477654447,0.1491069437339392,-1.264482183368381,-0.7831765613464191,-0.8341943467664469,0.23179293176190738,-1.2080777143966572,-0.45296315414583893
149389,0.2883465641848879,0.15662814244422918,0.024525522523600834,0.5359189402824088,0.050490157210290765,0.21900720605287557,-0.3110079279145219,0.3929024321346516
167118,0.7759828711696973,0.15212688254994652,0.5270730515926155,1.0346703599106846,0.5092321523312224,0.23072154798833935,0.14785465940031592,0.8907101864695828
167119,-1.063890521786691,0.12632019632141986,-1.2685348273096089,-0.8642598008176036,-1.1108264862586623,0.19335100258494664,-1.424344763157758,-0.7768575760834812
167120,0.7717746926548253,0.15558371052227468,0.5127425561622924,1.0306938703043373,0.13469693643300448,0.22448257783736233,-0.24923627198924317,0.49775514975613927
167131,0.8194178766692781,0.1579545250204326,0.554589716119401,1.0716780414591152,-1.6262324419092058,0.23617813115937872,-2.0235635161559253,-1.2426969430539643
167145,0.3389254631970616,0.11150467126287815,0.15726738153841882,0.5358194001027998,0.8300431939458444,0.1666848269906698,0.548453710403963,1.097407780152829
167149,1.1692277281816337,0.10992188873615782,0.9889095415612933,1.346597300117393,-0.9332646596787468,0.16402379166655778,-1.1962349855239685,-0.6595705882328722
167641,0.5584045315837347,0.11595342254910262,0.36954341139897956,0.748483629237108,0.6199418960876175,0.17162122385414788,0.34165877138599343,0.9038058086355166
169000,-0.5263291151312263,0.14299462430124174,-0.7513883964726166,-0.28412604319221413,-1.2097381809975,0.22527894868878318,-1.5761426411119879,-0.8479644393585078
169002,0.7337357240384395,0.10133128755103996,0.5592953120822327,0.8967415360871206,0.6856211709092994,0.1517809162378421,0.41739001330249903,0.9248985463480606
170595,0.6757098565092227,0.15118791739289758,0.43831635711850425,0.9300034224025233,-0.48023927232660385,0.23053146257912463,-0.8554275474826726,-0.09260833848947839
171643,-1.21713910174438,0.15420932373292728,-1.4640632694552338,-0.9563562582787457,-1.7583361902356915,0.23665743268370704,-2.160868874647731,-1.3714371862171453
189976,1.248984539011441,0.12990029937710618,1.0354718271792303,1.4647248093631375,-1.3166434183394107,0.19266076707424967,-1.6453959756898053,-1.0099733594955864
190172,0.7417923574255121,0.1035951130425659,0.5766480281730599,0.9088476593895304,-0.29169784832677853,0.14940785704216922,-0.5434661214154435,-0.055416964842145866
193984,1.2274657467361898,0.12087569560091131,1.035616489353489,1.4237081651095946,-1.1013067359669255,0.1831576550128387,-1.385883129251133,-0.7844336348600394
207001,-1.058474572774751,0.12894359848125406,-1.2603357367039476,-0.8439011178675336,0.3880643833403577,0.19810673093533054,0.0721689519821999,0.7303079744427486
208694,1.2848079820605391,0.10456280872791977,1.1129870108971334,1.4530486535137115,-1.1486614274878835,0.16729543274750572,-1.4236603341977976,-0.8757929480620109
208942,-0.15995796626541603,0.10973343059117059,-0.3416262507953134,0.018378794643406294,1.7115133419677653,0.15503315814465046,1.4524976111313206,1.9515418822817256
208945,0.6933261264403469,0.1464745728331984,0.45365566613453195,0.9461344687940921,-0.6637366759025383,0.2285118076827354,-1.033233669435187,-0.29086299415200384
208972,-1.6073237885292666,0.12927399839494627,-1.8198874497352597,-1.385914811823373,-1.2401693677559695,0.2058438231987173,-1.574607504891902,-0.8969673904229869
209012,0.2502972892259707,0.10583543059568767,0.07271224096422708,0.4150809282983797,0.38569102585435383,0.1503016587469898,0.1387577739106537,0.6343109058196684
211853,1.3979471251624167,0.10273350498426212,1.2303071630789781,1.556391915540259,-0.40969910176503,0.15894488934022794,-0.6610636173912827,-0.140770612945058
211885,-0.09845568193817515,0.10857265198105479,-0.2756033370296859,0.07693601605121266,0.8956207439506603,0.1582838039797136,0.6405166110093304,1.1490345010984413
212074,0.6355116238464775,0.14768494492646156,0.3960754463397019,0.8785498131954318,-0.933014321283667,0.23240007993362974,-1.3039103046847385,-0.5647891202856791
212621,0.934142472456557,0.1552152001057787,0.6877780280982598,1.1934474630115584,-0.18177820933959074,0.2289071044527248,-0.5834664457523524,0.17609765681816003
212625,-0.3966382146899328,0.12475830913337754,-0.5982351808234532,-0.18230071658877728,1.0580762331953897,0.19300158467238668,0.7506449003917767,1.3755065522375973
212644,0.37453076137424707,0.09523958494027608,0.21658587745347885,0.529826629175071,-0.28389668285553543,0.14577424883339166,-0.5097325749820383,-0.04270622216086158
212651,-1.156864028017689,0.15120843227031755,-1.4030245799697436,-0.916364235392534,0.4558722207040985,0.23410510269188328,0.08197237058494151,0.8389901865282032
213124,1.1359726644870498,0.11817689638565554,0.9328171909333308,1.32603010881611,-1.3011990745024882,0.18543746065006828,-1.6108838073781522,-0.9950276624357739
213131,0.03980244968426549,0.10433622055133068,-0.12443630468295548,0.21383859601976773,0.8412880039434949,0.1547455146461962,0.6006133260688351,1.1007997374367062
213308,1.03164579872123,0.15072921259046831,0.7822219834860343,1.2811315250950273,0.514728541495306,0.22404718453937805,0.15612152308464528,0.8967863208394925
213365,-1.2995000986618466,0.15357123285794663,-1.5495559127607588,-1.048545789316264,-1.6990628418542284,0.23815774424512476,-2.0964506462325,-1.3119327977061093
213714,1.4462907256259432,0.13215603645725887,1.231775804487053,1.661041567947029,-0.7941293600471677,0.20109554794905782,-1.1148903051009798,-0.4560644592129842
213948,-0.33113548525786096,0.11652158530701814,-0.5184830274702804,-0.14132962560591006,2.321182722084463,0.14844793452872437,2.085665275265438,2.573363315254434
214062,0.31146746387412455,0.1360732758553871,0.08086825701406303,0.5209829638906455,1.7224696444990482,0.18993464307536032,1.390488301683554,2.021538041541915
215983,-1.4399278615208606,0.15618754617627592,-1.6954751453489523,-1.1887580510132763,1.3375285842661604,0.2427442306935138,0.9453284797861043,1.734414561362532
217031,0.5171548868886072,0.09842781749914849,0.35684251640353704,0.6788722437635055,0.6263375354532501,0.15603905811981947,0.36708619760401506,0.8794327080590204
218549,-1.1892024571756876,0.1484722789990527,-1.4390417918361094,-0.959776009457682,-0.24816511186921789,0.22607182727935946,-0.634825769833005,0.11927444968268171
220656,-0.8645913824004593,0.1481841761162657,-1.1007548826226077,-0.6096176869940477,0.1137400701409085,0.22386841068404298,-0.2663375548951624,0.472968008887163
222439,-0.90323813701032,0.1527707961566179,-1.1594419589908656,-0.6505606842390618,-0.12336176540653128,0.23033232686365163,-0.5097653714379264,0.24766755737243326
222464,0.8094111626928965,0.15983595493521102,0.5438120005949125,1.0838310252468857,-1.8936272860292533,0.2391649037849425,-2.295290503990896,-1.5127992334380478
222770,0.48166513049848936,0.11384416477192758,0.29886630583945273,0.6657862338972302,0.9419732662516636,0.18873403768195812,0.6280202331430678,1.2589757970608948
223681,1.2087411267753154,0.11185927642657759,1.0314280742517816,1.3855724217322907,-0.7972493517132492,0.16046115458584412,-1.0658226322067779,-0.5384173957105691
224080,1.209912570663996,0.13028934676065848,1.0044464645399098,1.4213749118989192,-1.5114616866502004,0.19633763054452186,-1.8426030607837836,-1.197030908175237
225022,0.7755089245524672,0.10126202055096066,0.6131861421532117,0.9438150091946936,0.012497147942072536,0.14890875420212868,-0.2362237157098004,0.2595374606884412
225084,-0.7461066115414886,0.09822596037557718,-0.9100335373027272,-0.588024625138689,0.8664792446660754,0.1479098435850537,0.6284840820729882,1.122378546701072
225085,0.9865079069792644,0.10946352792080387,0.8090757074325227,1.1702135364374397,-0.8390657274712641,0.16438283020961522,-1.11991397279004,-0.5837316396871465
225089,-1.2873395424655163,0.09880042009078482,-1.4547838174534176,-1.1229312587663611,0.1940998629281181,0.14914289368738992,-0.06052085616844483,0.4369373538475653
225939,0.6238488858077856,0.12332137066805479,0.41744576315129867,0.8312581216228032,0.5503100863841731,0.18462058824532013,0.2588969556577646,0.8677545955378508
225946,-1.1367092585073584,0.11349182825805769,-1.3160556997021882,-0.9471134014850932,-1.914714904480523,0.16918885760096772,-2.1841446302414678,-1.6357737412230426
225948,0.06208537676843856,0.10045875941324593,-0.10612624215730294,0.2320551145623455,0.6925379368857261,0.14623259302701247,0.4573622168941275,0.9431072448824862
225996,1.3766925557033243,0.10162368392057597,1.214636659837512,1.548255413359043,-0.14560144183074517,0.16587325831581384,-0.416507021037631,0.12463289630551647
226005,-1.0381016774547263,0.11329769996351316,-1.229677262896776,-0.8566303826439818,0.6726993175725301,0.16646505168945405,0.39855603579709575,0.9468523991298868
227756,-1.3957576396045717,0.15203262842113724,-1.6467633942694408,-1.1446027879619727,-0.14398077365900785,0.2358562388452963,-0.5391470971162713,0.23099341462242917
227894,1.3371802650535483,0.09306899220286871,1.1873974902540847,1.4960359500701117,-0.6156988453231024,0.14862723226426078,-0.8548505852733534,-0.36704813530304115
228902,-1.2948335763942844,0.11575877988680842,-1.4858420674047301,-1.0930821289303585,-1.337075338654961,0.1767105597859455,-1.62361383169911,-1.0366678510527787
228963,0.700508880510669,0.13200125032086396,0.4855207519676245,0.9143301536404482,0.4995644219791182,0.19274411093363583,0.1752724624460264,0.8118583677831658
230626,1.2504595646264978,0.15033164306778965,0.999718906729057,1.496921025594372,-0.10963239378151533,0.23644097739337638,-0.4960673238036572,0.2882619116524844
230857,1.5798890324748815,0.09863989749021086,1.4178872938947442,1.7477928483882406,0.08083507908692401,0.15975521432614223,-0.180591723453054,0.3440324105597681
230862,0.35778836973324923,0.09669156520442093,0.20333215890129214,0.5186102296510973,0.5644236339794592,0.1442279596489253,0.34131585567632927,0.816078570168124
230863,0.12234827581025433,0.10177825035981693,-0.04933631291980128,0.28926106766649146,1.1317870300670188,0.14494676275463858,0.9041737826843029,1.3831028066537918
230883,-1.3246535286984904,0.12363579730417795,-1.5179008577963773,-1.1237940624018066,-0.09748319545983278,0.1847047219116868,-0.3890318994214152,0.20464921954167775
230895,-0.08012544450765516,0.10775099094481759,-0.25296951864822526,0.10426934718261052,-0.51442835196827,0.15131813083002119,-0.7560055127867794,-0.25965594259299013
230897,-0.8558810167815329,0.11744042989333166,-1.0533233321303546,-0.6565778613285308,1.0439753478303166,0.18098578855137684,0.7440850824666826,1.3473175643318074
230934,-0.7457478006040476,0.1552569608090556,-0.997676475515292,-0.4919768733671642,0.07337942135142238,0.22959750208769863,-0.3053477089827563,0.4457168276148563
230955,-0.9414692464434227,0.15284921571033544,-1.1925318510097844,-0.6873695947500843,0.3314090554505729,0.2277211587239178,-0.025551539596606467,0.6769346752733324
230970,0.8200182145157214,0.14883579825032786,0.571120127534106,1.068274342237392,0.06183316648314718,0.2185054862258702,-0.28348321343538047,0.4089719877329364
231713,0.8905322417990914,0.14961737266639222,0.640895168059157,1.1298506474325156,0.39331674651067355,0.2203975268629222,0.05352015924069728,0.7755832229704408
234527,-1.0133987586553825,0.12068325524888468,-1.2151844291174543,-0.820653627117177,0.8616156875160939,0.1841031432336023,0.5580453041976365,1.172348542087614
237018,-0.8023325422144748,0.11406529369785874,-0.9928392879790864,-0.6211900310554962,-0.9338899915274274,0.18514156008042493,-1.2302114995928093,-0.6279434526470844
237034,-1.1860590428780131,0.10241841649350446,-1.358872465633989,-1.0206021618265047,0.9415896066260079,0.15380071453114072,0.6861245766141156,1.197575859980438
237262,1.1485766122004464,0.14977227007423646,0.8968854546595357,1.3885649737288672,-0.8137572918118561,0.23203403906410922,-1.1839783871080058,-0.4299537599263971
237269,0.020569627383357887,0.15551806061744675,-0.23228065956847174,0.2595103233622199,-0.3303590777344958,0.22862034183025673,-0.6986607551756914,0.06271777229311233
238564,-1.4839109074949757,0.13542951831771374,-1.706328652903817,-1.269405641303273,-2.3320537782683206,0.2072647940928121,-2.65766083378274,-1.9788402081188892
239843,-1.418275261898817,0.12391521677649775,-1.6151582483023212,-1.208997521236237,0.5045416801947811,0.1976143641407607,0.1709172845578767,0.8274760058358276
240445,-0.7648472910736639,0.1290813490287863,-0.9735443647770228,-0.543883219208828,0.8422291875977711,0.1904195333834688,0.5336785852970974,1.1485423055568162
240567,-1.2982866169816956,0.15870037991393568,-1.5602107240839194,-1.0386926253974758,1.211864505229012,0.23922015348156317,0.8205008757956883,1.6055569268125995
240609,0.6395536563009624,0.15349496240436236,0.3855635146691133,0.9035892840880961,-0.39606750537788254,0.22644219725394038,-0.7751264303232078,-0.02449442306627018
240680,-0.2489706890924624,0.12536775998634267,-0.46895163161958187,-0.04866027858721612,0.7986647290913433,0.18883056599177528,0.49255965740126484,1.1104240682774742
241945,-1.034670487872948,0.11392185643583992,-1.2281518740984543,-0.8407703290613829,0.7014199174299113,0.17023080365959647,0.4221729997191882,0.9892738347747615
242697,0.9050875212834746,0.10458267792637219,0.7388328493143013,1.076107791020661,0.09269764545217925,0.15623119920931341,-0.15918132823326614,0.3574392273127766
247141,-1.4797007797628827,0.09692429663512307,-1.6396786239018943,-1.3233989711276717,-0.11541319409047728,0.14868296646267992,-0.35759979554974136,0.13050596244345963
247169,1.140815563460878,0.11168351921136434,0.9590758297820646,1.322767086194834,-1.0679098219314558,0.1799750475193211,-1.3617280980469324,-0.7746392529356834
247207,0.3247165681461463,0.09819377231928755,0.15354492607875692,0.4820055735879209,1.0684652896502478,0.14063461226307677,0.8317466863280382,1.2996688292148422
247212,-0.0172642548378692,0.14496332136489187,-0.2514831209781882,0.21874519943664744,0.2173371271142816,0.2292780895929724,-0.15930991495335187,0.5830875924648128
247219,-0.11772128226706892,0.1038572446825954,-0.2919533533045497,0.05319453714665156,0.11402449653504754,0.1513431962985971,-0.1427581254822355,0.35928834571098583
247220,-0.863936107972368,0.10515583454631648,-1.0414257092483699,-0.6928575979542166,0.34365911951843786,0.16325068244198743,0.08113437186649965,0.6073924074611811
247222,0.2200071484109887,0.11218955807710053,0.03387601806209243,0.3982205387393314,0.5495134193826027,0.16018272374113376,0.2956846732377831,0.8086469327952165
247671,-1.6388255886232497,0.1317941346102213,-1.8614586740068793,-1.4187274068799687,1.2640698011252998,0.19444402859866614,0.9506626282096472,1.5878686455541742
248846,1.120441375156162,0.15228658467366257,0.8672527156777725,1.3729119314726606,-1.0340038130973026,0.23582718192860663,-1.4122866216135601,-0.6519531702626632
249917,0.6946082307678442,0.12629000203561835,0.4893570438725639,0.901718770412203,0.4735163542553285,0.18579093822614087,0.16886056692158607,0.7700419945608775
250805,0.989691642001008,0.09855352867465271,0.823285909250329,1.148573515977767,-0.8058154250532088,0.15458962957395467,-1.0624425747204627,-0.5448534322348964
250885,-1.1424977242034944,0.10168623576358791,-1.306507633130623,-0.9803396198057164,-0.7751652973192218,0.1545550892026164,-1.0298304604841284,-0.5295163176059385
250899,0.31034139060175386,0.10452664997322195,0.14440442380321364,0.4862681740839764,-0.7524194868214417,0.15747387057064438,-1.0153388453824224,-0.48556680431863636
251447,-1.0546748866645732,0.11483753329019922,-1.2483347682197796,-0.8755104655300421,-1.467293563755141,0.16357806038237505,-1.7466078853071831,-1.195088057695854
251565,-0.9901075842421571,0.1025068230898126,-1.1585877202592794,-0.8205653199517032,0.4278987959433039,0.15927116947672199,0.16794126736469034,0.6880576510440043
251570,-1.229021702724157,0.14036250935784086,-1.4718488720001952,-0.9988380109132883,-1.8825344550087226,0.1934138617304078,-2.194333488664129,-1.5676918926445416
252924,0.6132886329910303,0.15345543709598522,0.35452495617556967,0.8754982080840878,-0.9637658723707195,0.23562001236642546,-1.3482744964508098,-0.5972851208366619
254188,-0.6232468284871681,0.14837086058144147,-0.8700767196041752,-0.3833648999396186,0.5710555106671377,0.2391735108509205,0.18620030206416566,0.9713933430138808
254189,-0.7996436430883784,0.15142194332169207,-1.0662735194106998,-0.5693056582543476,0.6633514970365693,0.2420928009577699,0.25542958154437334,1.0634598762752872
254408,-1.374679481921711,0.0975419474131325,-1.5318889580775974,-1.221809067041375,0.7379481063960198,0.15006900575561316,0.49645441110593247,0.995051911842339
254649,-1.1877589288467356,0.150700407779257,-1.4422494812385844,-0.9455186736847658,-0.9418036167529739,0.23301140507376084,-1.343321559480674,-0.5561163436517311
254898,-1.019296280173289,0.12763686181075876,-1.2368582824437415,-0.8090702179545067,0.0727317872746037,0.19117347078527047,-0.23751060908251526,0.3952460699386401
255254,0.11211232680207993,0.15211146448610663,-0.12464786016766681,0.3638578824460836,-0.4204567802044269,0.22929002662827344,-0.7848888946596102,-0.04063293193354493
255256,0.29927367287229706,0.13016260272068625,0.08754618890392626,0.5246575217761994,1.7474835178604353,0.17503972911681442,1.4761330679229672,2.0476611474975615
255433,-0.677807380291869,0.12640087690055946,-0.891212998617996,-0.47158415374374224,0.11689872040284999,0.1907880805648111,-0.20297351752210466,0.42488361751833004
255738,0.4974893564407206,0.12988450663084755,0.2817445362209765,0.7114142278659428,0.11125344300187844,0.19018221631152088,-0.20677976905166992,0.4320160128539496
256854,-0.7475681988460757,0.15113592044484284,-0.9909588991218792,-0.49373351706396446,-0.617317399222997,0.22646047950940984,-0.987316314633764,-0.24575800973118306
256998,1.3337488090032164,0.1141788748630037,1.1431491068462072,1.5204172777153435,-0.9610842243189167,0.17533991123375114,-1.250743196269774,-0.6754281724525303
257752,-1.6423867885832162,0.15089068619157273,-1.8853872940179852,-1.3845707083620613,0.06409918457421435,0.24864913598786417,-0.3575669479015242,0.4661064360039023
258022,-1.1620905454189698,0.11417395531262707,-1.3521209747956622,-0.9810308782224949,0.9316778980539568,0.16749412029640565,0.6427899567089062,1.2070778220738259
258264,-1.3166192540082131,0.15461114584849509,-1.5579534150734853,-1.0609155984729635,-1.014848914451529,0.2282844740961831,-1.4002074501928103,-0.6373048956273333
258591,1.388782446374002,0.11146583815140801,1.2121330199906317,1.5706264485709054,-0.1941049074466781,0.1694521098970224,-0.4731978743072103,0.08293430643118695
258625,1.2570418520094733,0.14894174267980975,1.0169681305874212,1.5066831653735697,-1.3213047929744475,0.2345791680771243,-1.702645459356562,-0.9206726767818426
258907,-1.5956097435396868,0.1480437231139446,-1.834975595586156,-1.3562364392675073,-0.1582816476243611,0.24080292917773283,-0.5442001770562872,0.23625374585306147
259946,-1.375480192283576,0.12529280102476406,-1.5719002836651732,-1.1638991017645262,-0.7816127208892412,0.2036139169240965,-1.107870329350153,-0.44675325117786713
261127,-1.5273304410422246,0.11292911228971907,-1.7161223892916184,-1.3443857424099304,1.796194915115344,0.1694821855345282,1.5169246389628335,2.068614262940263
262121,1.1058388683717413,0.1489784894596056,0.8639968303270088,1.3475409583026445,0.046298297912451325,0.22987719119633085,-0.35638843731709235,0.40271982598199885
263091,0.17479130798915424,0.09980391518054005,0.0011632526358076785,0.33356704178328994,0.2032496788489715,0.14550046942610176,-0.028041497275075225,0.4357763629088068
263105,0.17314031554899703,0.10249561454686527,-0.004336909074448502,0.330783651493996,0.21825211694183638,0.14805046078164466,-0.02600469484632156,0.461383600663157
263147,1.3532833505113508,0.1570541540084675,1.098329899075467,1.608356183280696,-1.5547616344227233,0.24046473291898146,-1.9680517154448012,-1.1668206045995335
265369,0.5617296569984627,0.14532681375884282,0.32532473908861004,0.8085003713202823,0.5860622844094132,0.23085295857691596,0.19487936823627341,0.9582700533729078
265376,-0.7288438056062628,0.14371432656509214,-0.9704398028726446,-0.4953656857983969,0.12840419405864453,0.226412547156682,-0.24426205355220246,0.49818884494666127
265807,-0.5799514682340972,0.15582646508918968,-0.8317588715725407,-0.32504302843530736,-1.3032543465536477,0.22784732396538218,-1.692018163210088,-0.9406145398840974
265833,1.3016605589072625,0.15662935471479225,1.0290746979458507,1.5622882092828214,-1.157719559687804,0.23392543504920196,-1.5356177584190134,-0.76827337327361
265864,0.042636522848842194,0.10585326681328437,-0.12192744205753107,0.21331348220031776,-1.230890512604344,0.14650839359298265,-1.4762234107285808,-0.9941168361647963
266885,-1.3214445458115385,0.1545675433608287,-1.5854612135780635,-1.073035355513313,-1.5300348067059046,0.2341187458095219,-1.9217351352830463,-1.1546671024152497
268776,1.551770807849879,0.15487667871079736,1.2979664299486295,1.8121707145886263,-0.026422775777061598,0.2486820259711561,-0.42974178077509156,0.38580666744762854
269060,0.5276357305124798,0.11374331707021078,0.34555176325981585,0.7153940921184959,0.6762160672605282,0.15722077375542634,0.4064593980343001,0.9295032897335991
269137,-1.0572400868636969,0.1153433116717478,-1.2417934314840704,-0.8641957251399182,-0.3613208142319674,0.17449864648392402,-0.6442270059865738,-0.08169399017064814
270037,1.162460874561521,0.10342451551692505,0.9840854554084901,1.33221179025367,-0.6356540372207685,0.15246003910233347,-0.8857735118585355,-0.38428776458188085
270866,1.5042906082857732,0.11172735506909699,1.3162220220382146,1.684016453815566,0.014499010561970848,0.18920692167313746,-0.30780434344091956,0.3235481338563854
274344,0.530199929012738,0.14463125409193914,0.28968978622389707,0.7614448964526399,0.4226478565387506,0.22333063948215134,0.07286165228845459,0.7845710728931934
274435,-1.2681399811526994,0.10408239965782796,-1.4354190710430064,-1.0960105313114221,-1.2607888943985894,0.16645270054008535,-1.5227771713910885,-0.9806120780370418
275293,-0.5472779823590785,0.12044051454502307,-0.7422419093916287,-0.3425501203472213,0.7373933132501652,0.17733542637525102,0.45248065020261163,1.0266511694695597
275296,1.3424272896773985,0.13428130970376642,1.1125808963899289,1.5612501171626292,-0.5835413590432937,0.19787851969304196,-0.9081890330835499,-0.2597566117756651
275298,-1.1392889161976427,0.09909817606007265,-1.2979399947512682,-0.9760680364777119,0.44023059396312975,0.15199851398435132,0.19287098420730067,0.6944114485024737
275338,-1.5471689712129721,0.10260738268068587,-1.719781835176108,-1.3800516060759582,-1.0249618509425849,0.16171357759088797,-1.289153877031891,-0.7641223230092379
275384,1.2233891524905023,0.11187771333150265,1.031643163570229,1.402082766871992,-1.1399592263653995,0.17156727692124144,-1.4224305622794347,-0.8531926121772448
275417,-0.07577507547043745,0.10301094106753755,-0.251083761426391,0.09258707319338928,0.1777098703063381,0.14677552214442566,-0.06715739529401131,0.4217293055905284
275419,-0.9670355806348417,0.10326004645731525,-1.1273766755975718,-0.7908820410907116,0.2943324680195904,0.1591551188437786,0.03145374358703931,0.5470676303266927
275485,-0.4858877611924054,0.11548843258393553,-0.6776583924623816,-0.2930106297228729,0.6159789964927337,0.17591810357862614,0.330924229225495,0.8984066890537984
276944,-1.0256331256706865,0.12360142260853747,-1.2279401465772026,-0.8219300941687184,0.9417336868008498,0.19035135093752692,0.6285030902072917,1.254927091254128
276979,0.3645428537606871,0.10262097547592398,0.1983706185357988,0.5281388630927706,0.7764897110872526,0.15061475939335972,0.5311617306026314,1.0258218344913603
278007,0.8631252144642614,0.11331886629391666,0.6657948761821724,1.0413591496594323,0.03460775821347457,0.16785584589485164,-0.24098380345032083,0.30922504737960055
278015,-1.5075145773947762,0.15210544874988632,-1.7541592195956957,-1.2571530592276419,-1.8186916499957144,0.2455603828331129,-2.2063694333143813,-1.4190589243110112
278049,1.3487040591956914,0.11139204879458495,1.165266410582365,1.5270310979846407,-0.8344109391632618,0.17662933564153316,-1.126321971949488,-0.560830554120755
278278,-1.0728741807733866,0.09200536014557374,-1.217823942112985,-0.9176669041218655,-0.20538222447905974,0.14599533928158187,-0.4418366286600852,0.03162236971336733
278288,1.215263365913294,0.09483331576509192,1.0534260646475222,1.3630876520822015,-0.011386658286233985,0.14753273343307305,-0.25367944464802017,0.22608929131112038
278289,-0.4192892636309375,0.11126323240105492,-0.6023563214601758,-0.24247431744302986,0.8261313945207008,0.16147411762137528,0.5642184852650691,1.088901647768672
278324,-1.1907257129276476,0.11290040834363833,-1.3800320707288365,-1.0029694387722574,-1.0366134255226755,0.17369276411546222,-1.324795393469906,-0.7521976666902173
278348,-1.1005061369341966,0.11803428586528278,-1.2895562163037,-0.9065555745183459,-1.2537492303942173,0.18055521192917215,-1.543759039476537,-0.9738017772052265
278383,-1.2104027924233944,0.14366209893491969,-1.4405278832051338,-0.9707723498485552,0.2463449427788176,0.23266534338754957,-0.1379790394806002,0.6053964370338242
278867,0.3413775025733078,0.1484696089408228,0.09484450603068141,0.5828276147140652,-0.07482028406983049,0.22695548345020453,-0.42515839459411914,0.28679139037957774
279526,-0.04929129986344648,0.15227833519732473,-0.2938233511158191,0.20140487542640975,-0.08241699940634063,0.22192652044277075,-0.4530503407637863,0.27181996703314004
279533,1.451069338090777,0.10474811041362865,1.2747035611232023,1.6267155360595178,0.4053539769559707,0.15171595192020118,0.16326276505152984,0.6654787664893453
279538,-0.012331568474100657,0.09358322236627761,-0.1633744455968907,0.1450851383198743,0.7260755196438725,0.13572097673347455,0.4923559723141786,0.9389254085628229
279539,-0.08648080325074747,0.12732285837774854,-0.29742106194158596,0.11996359700970442,0.3828767094597224,0.18524760773856846,0.09820682719236226,0.6983126445043326
279545,1.0868499030714638,0.1122570338059727,0.8984103298987429,1.2750331715802343,-0.6983307712373187,0.16800627931513282,-0.9621312590880368,-0.427921462235604
279555,-1.08404171957045,0.1077886949671937,-1.261567226595414,-0.9130015482416536,0.20553293595869915,0.16576835329634104,-0.06792005573759433,0.4871202458722209
279560,0.4027599175037615,0.10114782441000332,0.2269043147635032,0.5735927073641115,0.5339151573635263,0.1442482101351775,0.30061925400190426,0.7821505024609244
279566,-0.36715691326989613,0.11786247667366548,-0.5666636122893853,-0.16584220770574265,-0.26395895845505823,0.17104230720530686,-0.5557624944234874,0.01589232539203737
279567,-1.099027131831907,0.15086271398603535,-1.3339338965132983,-0.8442280296520217,0.8067980472717994,0.2269100846864771,0.43105278024541516,1.1810724713975447
279569,-0.46181524135647456,0.1534335085361898,-0.7274845466371513,-0.21935826664871488,0.42938826906721833,0.23131671231967,0.019075056869525427,0.7973362909720922
279571,-1.2465276650902959,0.15439629383878264,-1.5131045354577872,-1.0078545265959116,-2.245268179513811,0.2383711106617799,-2.633007137663275,-1.854927632618513
280383,-0.45806807246916215,0.10593144750901393,-0.6296404827205649,-0.2843581090762458,0.7397658728886635,0.15211349797208282,0.48237132604085714,0.9843287922232078
281069,1.260941318102882,0.10508118487330935,1.0956881063654813,1.4379126798579636,-0.1806469302101256,0.15524389108128048,-0.44513292787776076,0.06642604379443368
281255,-1.5108128513764914,0.12473868164481539,-1.713874354565403,-1.3052794314155558,0.2976812430903661,0.20122379481404773,-0.03142178500515345,0.6145235598631654
282438,0.388371309774703,0.11399844218561944,0.19734082662256125,0.5720776210811025,0.09180425333346663,0.16962609655101837,-0.1849963916164208,0.37377872258480804
282439,1.2893712400095443,0.1587258894202941,1.0311974431202937,1.5492525325832054,-0.7714178221413455,0.23847611690656656,-1.171638177989648,-0.40403893067875474
282441,1.2230865288636619,0.11172242853744951,1.0426760593248559,1.3961651140252531,-0.7586160119517537,0.1814362439943915,-1.053366110532285,-0.4447066390466145
282442,-0.4253111826524405,0.09826343157623489,-0.5873947489064784,-0.27134252533810843,0.5000490969458525,0.1397956011132203,0.27006303723674885,0.734301784211534
282444,-0.6296109401005288,0.13003526855763906,-0.8458150219993886,-0.40714178249552785,0.4283449578116901,0.1797875495863591,0.12334911846464333,0.7074098092721471
282448,0.21307532605583643,0.11273627754794903,0.021064551990882613,0.39233199298422156,1.4615520471207393,0.15689005781737006,1.208425833716536,1.7122019182134665
282449,-1.516700789273225,0.11711445341608508,-1.7082791201953151,-1.3180373249683104,-1.6574143473958032,0.1757928184485719,-1.95416907781572,-1.3777987890704844
282790,-0.037630212968816946,0.1153392333568332,-0.21881221058028041,0.15800068061077086,-0.12239474281223126,0.1725967874088699,-0.39032533906050004,0.16033126842179218
284322,-1.1478015901791905,0.11979732160378329,-1.3444084706178678,-0.954074157723147,-1.7288387215018894,0.1838977918787336,-2.0259337840996157,-1.4245033875982172
285109,-0.2714957068054446,0.15716702568132693,-0.5251570005791171,-0.009679806510302416,-0.17304610519465224,0.22897462254249148,-0.5423690018521568,0.20933685419777998
285509,-1.6429737134339117,0.12962504191930846,-1.8516468646925242,-1.431704221382986,0.4951011685867614,0.21081882539815872,0.15375262524320632,0.8622571649780626
285590,0.7563970079036092,0.1522540725870381,0.5029339753789076,1.0039095625959373,1.2161843503784395,0.2323159392796989,0.8398452509148836,1.5726160003265899
285727,-1.3308523871301792,0.156214753895756,-1.5844106576663521,-1.0731802801048138,-1.861640115327563,0.23710664416458674,-2.2716718121518635,-1.48120901936816
285743,-0.7230825332280824,0.14889445294752016,-0.9697187705491483,-0.4833433328992039,-0.4020530930039075,0.22767331327275603,-0.7744416142364743,-0.019069769856414506
286030,0.7265566901107017,0.1250637685682575,0.5127020307157584,0.9300004734633871,0.34327669460483595,0.18803533390734858,0.045496521526678074,0.6501432898725671
286248,0.11510559176773805,0.1466439735064618,-0.1328746533726411,0.3514932982711297,0.5082707866381594,0.22774964758254473,0.13637007022944705,0.882118220989638
286390,-1.8947416879094876,0.12675069482556403,-2.101174853656048,-1.6835414194145288,2.8369679191865753,0.18046916718290443,2.5338231110868863,3.1206448271001253
286448,-0.017311966885166438,0.09830775890528967,-0.1729512770896006,0.14235787488403295,-0.5824148411343627,0.14951074907291825,-0.8225335599300512,-0.3375360281220249
286830,-1.3160627768156987,0.1507855080590954,-1.5681877867319582,-1.0741140875922737,0.46987494236262456,0.23164385156048822,0.08826064452822582,0.8475459132929051
286963,0.5917640053331245,0.09706464079130021,0.43008664054885937,0.7461342972760956,0.12684815605867816,0.14205823834064682,-0.10751225855001259,0.3533883121017182
286994,0.61491025610333,0.11508166130665604,0.4235437338636426,0.7992329855583563,-0.24839460425411386,0.17394971984901295,-0.5255316484974132,0.032296968080057616
287003,-0.5183541653274633,0.12672616238687331,-0.7337589556246126,-0.321792673634664,0.5720619715154344,0.200342527523693,0.24013975004503557,0.9118367397383489
287219,-1.179885482284744,0.1319511801555434,-1.4073603823263454,-0.9622488090049213,-1.3666832830362137,0.20738095910635318,-1.6961582407954077,-1.02124885882598
288081,1.2879043953309584,0.14940684063595722,1.0355310063824843,1.5330298584610933,-0.5526964389913308,0.24574549777252314,-0.95804367066766,-0.1622575027386659
288091,-1.1705194636187797,0.11062452514322789,-1.3504824591253661,-0.9911564858536255,1.7602098563978283,0.15945911379855518,1.5011252868649583,2.025442574269498
288108,0.9733570560071159,0.1485008410171905,0.7307103731068499,1.2219933248957815,-0.10917012071296313,0.226765344352126,-0.4841884310232085,0.28462397245736526
288112,1.25985271252434,0.11979220194226589,1.0650727301155003,1.462484473611464,-0.8703838311346742,0.18875071277837413,-1.1901025048785383,-0.5633014851185956
288865,-1.2807547738156653,0.1588307634439211,-1.5518194974705202,-1.0269766316986817,-1.499917417976294,0.23021981141090525,-1.8711090422334788,-1.1322096459402897
290215,-1.2117614947898792,0.14993629117848065,-1.4543917847807923,-0.9750169816476059,-0.6187690946443096,0.23151912898380228,-0.9930773553907176,-0.23634118942607937
290954,1.1662057790147575,0.1458166817514702,0.9280064622199411,1.4112787834264666,0.932787243187153,0.24078856742425467,0.5490339125274669,1.3412572388399047
291231,-1.143207798428045,0.13679317121266327,-1.3683332875441694,-0.9087115878016301,-2.0790139713667783,0.19115405387423834,-2.4008723626622364,-1.7788224083796276
291528,-1.6049825305176475,0.12241346508708692,-1.798969131330422,-1.402071949245137,0.21500619229327278,0.1903081595985595,-0.10610607070115755,0.5297696714035234
292654,1.2377544633649058,0.10317222491491253,1.07041319977127,1.4090626880619126,-0.7359627763446994,0.15695658202429158,-0.9945117029605086,-0.4829938097327147
292991,1.4811415896915479,0.11824021760949413,1.2789968124157072,1.669452119099309,-0.3032155231716615,0.1860742345612542,-0.6186548348911496,-0.010526818041346569
293333,0.2591275157311307,0.1277861091325567,0.051894319255863415,0.4715107634003113,0.646320729730357,0.18851038601294942,0.34148810887502135,0.9512824708491849
293862,-0.6588095375772923,0.15414185237391473,-0.9063368006953522,-0.4059211708907799,0.2229755958246432,0.23970441790558747,-0.18751953136274227,0.598073642419402
294415,1.0326638922244256,0.1100059961457269,0.8548080872338305,1.2057740152715064,-0.00741755843037243,0.1698375907082362,-0.2854221972909882,0.2752823005452661
295225,0.5958621516751681,0.11287587207033808,0.40535066886029925,0.7801175808076836,-0.7531714367982685,0.16016626055844518,-1.0044107222651872,-0.4909694809214157
295234,1.3379872471752579,0.15369829303073926,1.080020282309502,1.5947237546338318,-0.3649781636937733,0.24292292385630718,-0.767574237095766,0.017162343002343112
297043,-0.24652834027545661,0.11570421686021372,-0.4423827934926317,-0.057520452976509304,0.4890209446153986,0.1653609961613603,0.2231709731624978,0.7716227955871056
297921,0.6041761595360943,0.11102173450730948,0.42700113491747066,0.7922337971125585,0.5225659445686395,0.15785535585315297,0.2668509808173333,0.7813366483579935
298353,1.1970936344125485,0.15072465223897294,0.9478972280065134,1.4433761559898501,-0.7616688037723081,0.23010470123731788,-1.1585414316532836,-0.3849383374698531
299246,1.163169577261628,0.1279421119325259,0.953507291567973,1.3864885637729145,-0.438284890512234,0.19616428661585344,-0.7596156551962023,-0.11440533077575787
300485,-1.3398746142218536,0.15511446496322304,-1.5992332303111156,-1.0871521541971163,0.8115883664485667,0.2375527252973507,0.4373132919474235,1.218312595846868
301016,0.1748816403996689,0.15626472762193844,-0.08226143949102976,0.434054044455936,0.49637876330287,0.2304483697241964,0.12149641439247984,0.894581344836263
302292,-0.8371478928903263,0.16669659687596655,-1.1209451831345718,-0.573088221081117,2.20379677893701,0.2372238773620222,1.8190648119867958,2.59326143204253
302540,1.4792331062396422,0.15177539140974894,1.2298018808544369,1.7439755903140435,-0.23256811010649298,0.2452893388034391,-0.6371850418775002,0.17734241059578962
302542,0.6194040917116156,0.10035411903246734,0.4541580376558865,0.7755965398074143,-0.29942385651456566,0.1454407291736128,-0.548351928015482,-0.06035816485019604
302550,-0.450377248681254,0.0993330794146662,-0.6119192909528115,-0.2861727188160732,0.900470631161601,0.1403415906581589,0.6679248028149147,1.1273061538047422
303078,0.3370025324896789,0.15491707173906913,0.08023677864059021,0.598331768018033,0.9202961764546169,0.21716621393265656,0.5369901941612203,1.2799179342624443
326523,0.38266489819707195,0.11015909106620513,0.20377392595710075,0.5668287359907537,2.101679566287994,0.1585107499229879,1.8429055013459534,2.361579412662927
326525,0.3679851114068431,0.14388502102148112,0.13419702220574314,0.5986896362480596,0.300881270433071,0.22755662803359478,-0.07289430461144131,0.6813233730848621
326535,0.4344531650292593,0.09795653669319761,0.2788588982689443,0.602752679480631,0.2899951726165586,0.14041075214659282,0.05896515392341997,0.5209051499017442
326547,0.06360381410283401,0.1481442853617321,-0.18237336049834268,0.30648690999469363,0.4440257060441488,0.22517588504989627,0.07241082684642015,0.8226726755775131
329064,-1.5268537788639187,0.12244455275845362,-1.7377547424670807,-1.328889702751401,-1.8348221788096815,0.18908902348309353,-2.1347555245600867,-1.5246823912352538
330728,1.1112768980768666,0.10338544938260119,0.9428840307052976,1.2797301726005468,-0.869619466184807,0.151477626849682,-1.1166032983538448,-0.6170109225457161
331385,-0.8818049865643025,0.14897701037330593,-1.1178346666157721,-0.6338068015299982,0.2774767585623577,0.22884624950775315,-0.0839154765928918,0.6341198186023946
331583,1.1099504593373464,0.1282510453694037,0.900761701324208,1.3240164333249302,-1.0786141849305781,0.19450972839883335,-1.40138843572669,-0.7674290369107942
333565,1.1072559466501086,0.15428002710657465,0.865087934992178,1.378023115598506,-1.599495423556116,0.2353606727565225,-1.9833153620464996,-1.233718809042852
333571,0.88684771609778,0.15130452527114543,0.6378176310801619,1.1389563159629275,0.13614451602505176,0.22832156108307886,-0.2432258250546424,0.5197705831107711
334154,-0.006440209482674633,0.1277314159704405,-0.20920828239165795,0.20713010162059572,-1.192016410544825,0.19313993464698093,-1.511288562794048,-0.8518280967781358
334175,0.8068009314632576,0.10590877157043267,0.6382257266448073,0.9765769983304651,-0.17035404240964908,0.16231484417107386,-0.43746435424747154,0.09606736957388251
334817,-1.200889944543279,0.10890695450424126,-1.3909421734716514,-1.0215247618756573,-1.0617452467052764,0.1629457758036541,-1.3284342538080685,-0.7853309927345563
336371,0.05205519210117802,0.15099311950298136,-0.18701698370700642,0.29696631450742583,-0.566381202162623,0.22929332330184393,-0.939540594090317,-0.19252198315355568
336517,-1.8750901633731958,0.16104747528261498,-2.126942915932572,-1.6118459158651974,-1.7853051598944942,0.2320411850647254,-2.1699030125278447,-1.3977852702493294
337068,-0.9690628475667497,0.154072506281848,-1.2297688763821204,-0.7175769186818449,0.4905907809177028,0.23622222358696204,0.12322446724123877,0.8767146108754773
337070,-0.8919222242658037,0.11368989503664839,-1.0743820259223547,-0.7058958835233015,0.85111541626896825,0.16806530299219422,0.5701092063256135,1.1230126259673903
338201,-1.3115919836554975,0.13629824721790998,-1.5295070438434766,-1.0855290945578286,-2.2916228823624083,0.2051280592205254,-2.6259349822468088,-1.9590562762830586
338429,1.1637240129274298,0.15371765529096235,0.9043318095602042,1.4154298096069844,-1.6790774452484618,0.23877238659419783,-2.0773833714272856,-1.2936005724336164
339690,0.5218959081909214,0.1280971668305276,0.3130905002831891,0.7335326224542298,0.21395732854128052,0.1977669469008871,-0.1188749504199344,0.5445354305969897
339789,0.37153819436338414,0.10492357423191481,0.20179145424949965,0.5458076923492634,1.0225329511673076,0.14828748335589303,0.7828731853960212,1.2721220898283483
339790,-1.0810289921692804,0.11477719452134648,-1.265156322252555,-0.8937643584583901,0.6574031676011282,0.18112516479936963,0.3708013534469198,0.9561380424844632
339791,-1.1285271922976963,0.10177277462954613,-1.3018539349140323,-0.9668149992211157,0.6210461883331482,0.16118651924160812,0.3631452738632617,0.8948410808591131
339794,0.19672362324986944,0.1188709374635787,0.005445235391074983,0.38843451990115707,-0.3182405997732052,0.1653890625213997,-0.6019497825407887,-0.04807282847308491
339799,1.54718921988298,0.15103027890123658,1.2991301326980904,1.7905527906652925,-0.47446830352546926,0.2413777885749554,-0.8698942551024721,-0.060456877890286656
339801,0.41860047656341626,0.14605489726208495,0.17261251852227433,0.6481366313358212,-0.11513003651194488,0.22749360008467256,-0.4881349853123616,0.2535959077769168
339812,-0.04096567739218778,0.1269503988931529,-0.24485342949460767,0.16757957309312377,0.030993764122166506,0.19089807191158212,-0.29175902968017564,0.3462099275406687
339857,-1.3204905543640708,0.13390667413113266,-1.5349234233616809,-1.1013351790241448,-0.43636165315080844,0.1944790143337203,-0.746664574147769,-0.11054404330224495
339885,0.2476894640823863,0.13244607831369345,0.032639649825778355,0.46554938573989557,0.7266074936873177,0.18946381506204,0.4195811555296428,1.043639110728183
340706,0.9631384325215373,0.10721020352144861,0.7888119427115933,1.13667274526725,0.03456665388228891,0.15359198058462195,-0.23014034688978455,0.28445938457674663
341751,0.2453796218679853,0.1260781201197292,0.044810046053430655,0.4560107339131524,0.04383696081369016,0.184798488361959,-0.2532754571288641,0.36007139041469877
341752,0.6630247106803738,0.10113839004001225,0.49731678140838387,0.8361916397709068,0.7246239192533537,0.153960322179378,0.4801089589456194,0.9805444245803644
342785,-0.2311303961242685,0.14778273271433967,-0.46984801584462366,0.016352894801643324,-0.2358199360173287,0.2291918727374878,-0.6255677308618091,0.13636773889723006
343925,-1.2394360790081498,0.1457433823391448,-1.4818096840784447,-1.006256968020914,0.8149127473383554,0.22280235058568126,0.441858712312785,1.1776024551731432
344014,0.3921576118827644,0.15160631172513125,0.14867716296223477,0.6418355286968925,0.58225366333284,0.2246927263115218,0.22550346642925284,0.961698294664954
344039,1.0740922039328906,0.1278061145560061,0.8571075069041856,1.2906230454504124,-0.6300235704065842,0.18725400702472209,-0.9350810799725742,-0.3220559497098439
344040,-0.4133959313138673,0.11895981259692189,-0.615112819250694,-0.2289126995003403,0.40240452960524836,0.17761300070474476,0.10204672409614647,0.7023704049102986
344049,0.589449341089412,0.14834336244783933,0.3377029884951366,0.8233463567442946,-0.41666689783742383,0.23089675862888448,-0.8033359627700559,-0.04936899252616538
344051,-0.8408011097952174,0.1578095525937099,-1.093916093895513,-0.5772646064405316,-1.1884447856403995,0.2262642849440135,-1.5762060193747078,-0.8267728327773988
344053,-1.0935643513840805,0.11518238896173319,-1.2735163455972482,-0.9088046319806204,0.3491722781086189,0.17329159038336045,0.07065077629416855,0.6252570583506445
344068,1.434309643795189,0.09722450464737512,1.2764296954187322,1.6031345844252718,-0.45649349331703803,0.1536480287436802,-0.7136348200059044,-0.21488688355743418
344075,-0.7913195544332886,0.11529150271712776,-0.9762205292015388,-0.6006660513722725,0.34276659500058065,0.17736780348182754,0.04906873646388729,0.6375950045987934
344086,-1.0985226012213951,0.11139345680163619,-1.2739868693244747,-0.9139191577719015,-1.167022724422822,0.17948628416719467,-1.4740786108765236,-0.8697910981161171
344100,0.3595832158756208,0.1334668892369483,0.14548641803791285,0.5858007300375004,1.658130532894235,0.1984275388948447,1.3351748631924971,1.979225607624776
344102,1.1377844994058464,0.11391557838773199,0.9448630279108275,1.3279335625895,-0.7382532415643221,0.1745232885067447,-1.031184211052122,-0.4603335695222088
344104,0.06070989130360143,0.12347020116392596,-0.13496465659501197,0.27235033246735035,0.8200948811036043,0.19737763082577703,0.47871806353638663,1.145051194431405
344118,0.05507766694483015,0.14558818654490585,-0.17700082684963647,0.2869696738329241,-0.014039480434550429,0.22508271314537295,-0.3799922045213816,0.3479647355569194
344120,-1.224574468834867,0.11071465037307641,-1.3996421347317243,-1.0425553554922167,-1.0521372569532528,0.1560613514053819,-1.3031812077036922,-0.8038830658003413
344132,0.10852126899247247,0.11734246494662832,-0.07008611539177073,0.30873477145801265,0.5838200346792821,0.1731891233724998,0.2987631321202992,0.8706429759000707
344140,-0.9690171226915979,0.10676799437229631,-1.1370854351605177,-0.7981573757925473,-0.7505703683706172,0.15737376406614348,-1.0136564737853986,-0.5085619943090978
344153,-0.6457997288004818,0.11460304192373554,-0.8357530981987662,-0.46112429543652084,-0.03370730417555221,0.1757228953589099,-0.327457370199624,0.24381391432133495
344198,1.1843837131661186,0.12903824597196512,0.9802993840052273,1.399056640581307,-0.3968261052677854,0.19109712142230953,-0.7135933170402652,-0.06809131726000706
344444,0.898639837368744,0.16031058920557206,0.6390401591467896,1.1617256946267653,-1.6194453848158192,0.23689710830766095,-2.018708347454063,-1.2249755639800604
344936,-0.9712750862968862,0.14484910209515248,-1.206285236844876,-0.734218073540182,-0.3994467575037907,0.2281236400587781,-0.7723308512405104,-0.04987826413293859
346071,-1.063301648998853,0.15588666416161068,-1.3197856245395179,-0.8060469931142529,-1.1252030942203899,0.23224937241803953,-1.5181460280994938,-0.7431760341469651
346119,-0.20342813155764897,0.15306279431723696,-0.45923576068587596,0.04202676917414144,1.3473913218194185,0.22423062444535197,0.9594873165717811,1.7121875410722804
346195,0.16005722629350064,0.12262947435279757,-0.04094013536772343,0.36208666507953674,0.9375156372620967,0.19347584896284123,0.6193402928936246,1.256376057329353
346551,-1.13462209755529,0.15407391023519615,-1.37719691449574,-0.8822824992194372,0.529923461105719,0.23761451424247895,0.14337649257818486,0.935848188594185
347333,-0.04450602753419579,0.15137076909349206,-0.2966670409761647,0.1990088051949347,-0.735871679558558,0.23849220477660346,-1.1496524309003826,-0.36407230454607714
350992,-1.6233871508556785,0.13843843512443482,-1.8533052430613115,-1.4078845798127226,-1.4900235892484301,0.19788132105766398,-1.8243168514684058,-1.1684623185489016
352747,-0.20900771231838547,0.1468265879775441,-0.44678756220620847,0.03064755812055558,-0.5907290674807439,0.23086018667283165,-0.9477782957891714,-0.1809272772079905
352761,0.4457022130587082,0.11335605750678183,0.26374528699681277,0.6269934936855678,0.0577078478884318,0.17394929836676498,-0.22163772033407136,0.34864746925465784
352787,0.750376413106042,0.10932364218140077,0.5675842466879008,0.9230692925283365,0.9949620989536279,0.16512577891861926,0.7358363079190029,1.2620916370849848
352788,0.4077475961661777,0.10214829663929811,0.24290006367532627,0.5763044661717552,0.32408227766254105,0.1508192705976187,0.0693720166442077,0.5689584450969177
352789,-0.5606717620141992,0.0991669496609508,-0.7192163741700769,-0.3971273114854877,0.901909058392331,0.14745629445386385,0.6506840425926012,1.1405583022876695
353331,-0.8514463188716551,0.1526781566336587,-1.1042104301035904,-0.5998878303364195,-0.08361492431524796,0.2347836093167254,-0.4512602662851841,0.29947711969328156
353833,-2.212716071989853,0.13473681213594965,-2.4305537738416128,-1.9998780141123118,1.2313182597330743,0.21998658214539704,0.8588278043414173,1.575310892545926
354123,0.15303184782732915,0.14694375535202767,-0.08448076000661145,0.40531958535027895,0.40448453713502613,0.2301131302020355,0.04158788361776315,0.791030457280274
354547,-0.11798717083254653,0.15025179489935656,-0.3602986306850339,0.13018997808534719,0.16547873673100874,0.2350472832861522,-0.21510235003140876,0.5388284209809958
355597,0.14454298225920972,0.15240143672279532,-0.10549397219385459,0.3989507692241075,0.8807632133201948,0.22589060884754691,0.5095395325406922,1.25325003403743
355599,-1.2982117788582996,0.09339770768860108,-1.4598293114654968,-1.1482765750969923,0.09488272067671671,0.14398849914607734,-0.14335088465663104,0.32302528863530644
356237,-0.6915379654585705,0.11580044155012441,-0.8722643405298834,-0.49569994961997305,2.05903698785467,0.16191708222699164,1.7941410666893416,2.325375557395698
357806,0.5844277599701165,0.15195213445769012,0.3367164467583114,0.8240267755666265,0.596639211848153,0.2276947202813849,0.2238010300779861,0.972864760705892
357946,-0.6363157166074848,0.10703683089229826,-0.8223235993409496,-0.4627373518828109,0.5609215066696471,0.1618655994912278,0.30071435104380695,0.8379950153352809
357981,0.30457193485819534,0.12239914099974075,0.08665751118878208,0.4927629506726129,0.31909961206389603,0.1896086739736238,0.010622978231810994,0.6295647915809994
357991,1.1431896662420933,0.11187927826172712,0.9570763432497962,1.3241481206925754,-0.5752392579125533,0.17107825777093322,-0.8794332965583966,-0.30254693228670004
357992,-0.27111611220458204,0.10322899423136184,-0.43683288092331063,-0.0985223116748116,0.5291939183961945,0.151281581520241,0.279495050226035,0.7609716842207195
358801,0.1569467888073969,0.11960833476755892,-0.031300659427365346,0.35927257265671764,1.0466366763913895,0.17619945862972303,0.7574762321923932,1.3350634956718914
359847,-0.4073661356104778,0.09847235038625263,-0.5697326157598613,-0.24041765635306386,0.8801125522098657,0.14108824370311254,0.6555238140589081,1.1201185074222286
360981,-1.0628609151181316,0.13415217494037412,-1.2852465945954965,-0.8457507776375024,1.7298340404775114,0.1892719447464502,1.4148463421404223,2.0260823918044295
363717,0.211065639325122,0.10088190206339963,0.040852222595013934,0.37626557516621123,0.026460648980684336,0.14622164012807987,-0.21837171811249154,0.2807662212497828
364003,1.3134899700741811,0.1505449581337014,1.0758414121458169,1.5654564590640339,0.06295471762867058,0.24559456132040772,-0.3499776781309333,0.4491251056470544
364005,0.150400199304037,0.10182398978441418,-0.009673441805021775,0.31520115344531646,1.13263679041765,0.1390879001330085,0.905507073490154,1.3662477820197003
364086,-0.51418819713136,0.14845309458315695,-0.7716809187765917,-0.27916817079966344,-0.3022156634424548,0.22797984800650542,-0.6803147743991357,0.06857262542089942
364772,1.1015173043344462,0.14796289667940685,0.8548796119670121,1.3385387130030473,-0.8370549778985298,0.2336401081182351,-1.2173912705261434,-0.4733410778257924
364817,1.2190196435360663,0.1564229939628204,0.9644258464774207,1.4876608223446235,-0.7194953431139761,0.2278733855475479,-1.0844899609168297,-0.33408923758180137
364820,-1.3492146327162007,0.10836853898271155,-1.52744572100115,-1.1725531423214954,-1.537564174331598,0.1699290608132783,-1.8197391809466168,-1.265681596606812
364845,-1.2396380257328183,0.11213635593525954,-1.4243024533451465,-1.0663305452530867,-1.6905836439693558,0.15952592037152266,-1.9660139844007896,-1.4331473539794135
364846,0.1973317450905474,0.1360679834513194,-0.02362959348451161,0.42260483043576047,-1.289924360100853,0.18796789225621474,-1.5903139800208017,-0.9770359318476904
364850,0.15279096570884734,0.11543000648545872,-0.035716790076326145,0.33523364715399356,0.7964180569998873,0.16711903516212376,0.5235796582817616,1.059686814582892
364860,1.101936910904137,0.11719965794900397,0.9132456188621335,1.2934592457829188,0.4473578024998419,0.18560836076041104,0.1459041262568893,0.7499013011280237
364864,-0.610367480931367,0.12227897458285292,-0.8089873700357164,-0.41037518803772166,0.4503386089856954,0.18523324129926277,0.14870214463214185,0.7598099230115858
364870,1.0171558504183955,0.12748090009316665,0.8034644690603526,1.2259321917678645,-1.3360872024490362,0.19756892764317707,-1.6753070989715293,-1.0077771720924322
366401,0.31605546972876564,0.15453705536658582,0.0616458210374256,0.5715636712788311,0.4711611430186962,0.2256727729705508,0.103175949583202,0.8261360116369973
366581,1.1969216239168725,0.15031160871877072,0.9490324868225047,1.4514082198702043,-0.21811540170908625,0.23487595030522013,-0.6128307243707651,0.16510555679496317
366584,0.7119045247132872,0.15005112432012577,0.4517404506104806,0.9620818769721348,-0.16934225618966142,0.226703730874714,-0.5438012736085448,0.1919655833128768
367391,0.06128009713143813,0.1546393143517695,-0.1914971616955049,0.30215990674436033,0.21326105256810557,0.22863822536563808,-0.16293146704355324,0.5955334131483274
367503,0.7660005804098545,0.14973865482960735,0.5165052255570122,1.007494865531604,0.3959959446598508,0.23443177364882992,0.009949039619658264,0.7725859387436511
368110,1.2322870148724863,0.12271226753264569,1.0343280399075099,1.4455463415797725,0.6077898656509517,0.198693212897984,0.28088014147616913,0.9359686026956535
372752,-0.3699974176423334,0.09917380753650608,-0.5328090028806881,-0.20743739954699758,0.7624749504570536,0.14777919063939632,0.5225681014280327,1.0026414284614336
372753,0.013737779324106284,0.1196322561048881,-0.17791153711366786,0.2073159151263779,0.509240615396967,0.18267969502710438,0.2134785976441096,0.823041472392899
373016,-1.2077401757803694,0.10506863651793623,-1.3898329265881557,-1.0429993266742166,-0.3114764983634137,0.16587460388001904,-0.5857049641406357,-0.04407048754309594
373410,0.41650541301003036,0.10670956526456614,0.24250631330653064,0.5928444424883417,2.1625121057261265,0.1564708699021823,1.903932270432841,2.4177647934085926
373541,0.3649548706938801,0.15511747060584333,0.09975134925768125,0.6092734327987313,0.2952792927145618,0.225117787129788,-0.09586791961245482,0.6641927267564649
373713,0.47693909222577524,0.12204632953985767,0.27805766930657777,0.6791717911165577,-0.4515885326067898,0.1939615813626642,-0.7675964655418827,-0.11610193470313013
374800,-1.2853470347797722,0.15414010103698758,-1.5402603429366066,-1.0458495546488977,1.224965188048225,0.2368982142394158,0.8331045416168017,1.6096803187209707
375011,1.5659359352525526,0.15231731938047005,1.3271710285013376,1.815796520624815,0.6629982534405024,0.24220867537703636,0.2471013737637215,1.0614734885267887
375335,1.2504789247070087,0.10186227662742849,1.0935574160676065,1.4203900703749035,-0.32761201404236706,0.1637685845254106,-0.6096433889861579,-0.07131674866112456
375350,0.544256099072075,0.1527834418989979,0.28446088048499407,0.7798854443633548,-0.9130870661310212,0.2416199269448847,-1.3027332139054923,-0.5209294078829578
375771,0.3062466436646622,0.11064206793319963,0.12260264421261771,0.49717402402043076,-0.11521589600210846,0.15784170885931104,-0.355182912303599,0.1410410016080529
376362,1.445272114565487,0.15270006760496066,1.1906175862880957,1.6902511904701356,-0.6565348799979702,0.23641285863181782,-1.032176720881068,-0.2577387308385389
377083,0.00872090900279578,0.12270911072887766,-0.1909200873838877,0.20646276089460586,0.0575329031491355,0.2010233251779893,-0.28532242206405617,0.3764417184342242
380709,0.2095489006428326,0.12293776339386532,0.012786712202183264,0.4138939579806582,-0.36309232225100607,0.18218126044272848,-0.6522894847675841,-0.06389918608030183
381233,0.23187147699101676,0.15352606333562313,-0.023404653427171226,0.48500124708802606,-0.3915291085369006,0.23372522546361618,-0.756355418128627,-0.002074737219596791
382622,-0.6669943002700106,0.1268549508444061,-0.8752426885622024,-0.46471727479194297,-0.29289044761154365,0.18636486259668894,-0.5975384345280323,0.010876515769435702
384066,1.317310880704444,0.1236515064018214,1.1094986703732097,1.5179029319201705,-0.46890814960379346,0.20030238836233438,-0.8056838536004096,-0.14531896392900406
385273,-1.1562130888803348,0.10621063146043087,-1.330016802432032,-0.9804134527938685,-1.3854354291999598,0.15452196125867165,-1.6474411309563028,-1.1337581538825692
386686,0.7697890260147904,0.14961804878480953,0.5407056517747594,1.0152268918209117,-0.8035772661707339,0.22664538153374664,-1.179636927671678,-0.41863931555730804
387785,1.3115811230610734,0.15545221729593267,1.0437460977153696,1.5583998046062386,-1.0758287558880486,0.23909399183796526,-1.4627047778858455,-0.6852659015655274
387799,1.3029430607866108,0.15760118494631187,1.0436783230294129,1.5550135734606618,-0.7387096568726471,0.22218232491477047,-1.1080308268128731,-0.4014041755394949
387803,-1.2394618807210114,0.15973783642223643,-1.5079606600425757,-0.9813071346955505,-1.6440715622396056,0.2379287618978462,-2.037017528991846,-1.258630743911339
387840,0.35593105251711865,0.10168165379743586,0.18781255003021166,0.525898664076656,0.5659134238446979,0.1503350411229009,0.3247336642433295,0.8144463301676242
388976,-1.096471883816337,0.1575482513807754,-1.3597189491620034,-0.8432803018617927,-1.1925727221643898,0.24277739390064187,-1.5874125856315906,-0.785202428025654
393214,0.5606651540909129,0.12698330678631037,0.35025024149479833,0.7669019607681932,0.05088004155800119,0.19744653625514583,-0.2917136897871426,0.36319071688471255
393881,-1.211853229038467,0.14394423824403707,-1.446476977917615,-0.9640468995989376,0.024660825912964826,0.224399929231958,-0.3270118972670709,0.4157799281844732
395114,1.169120183623525,0.09755926088268224,1.0131587953359802,1.3292763600493376,-0.016159784077518585,0.15567063848132529,-0.2740747460775303,0.23671463976218088
395134,0.36605277253043617,0.10250790013330771,0.19474938081437704,0.5243216678041571,-0.07130251314267885,0.1576970606468077,-0.3286592987052939,0.18804570578909027
395636,-1.2511644570361757,0.10833511369974225,-1.4233978678250798,-1.073353007270358,-1.5467197551872889,0.1620809071980451,-1.8223408999110313,-1.2792028543139649
396475,0.21084128472770355,0.14981708278436293,-0.032625522231321105,0.45477637356823175,0.8822202090083048,0.228445270506225,0.5146529232246253,1.266145292575295
396513,0.4525867785441516,0.1134170445743744,0.2723438973121401,0.6408862478812639,0.7068727974939895,0.16619683254964177,0.43748284711745083,0.9813562958429565
397033,0.5922684440309198,0.15210867163214775,0.3348061252233636,0.8472127336213997,-0.05559235150252487,0.23452368328075462,-0.4556292682327775,0.3220248482773819
397060,-1.6531975137071142,0.11266407440926575,-1.834363158460773,-1.4683941744197044,-0.34758424173712166,0.17596053814905369,-0.6341188733318112,-0.05380251007155227
397109,-0.8454148094020645,0.14889204968853895,-1.089270256059948,-0.5975626189278083,-0.3402178044823089,0.23536127914320398,-0.7150915423929288,0.03891654677755581
397178,-1.6451424869287468,0.16123829338069498,-1.896438741784559,-1.3716977798816015,1.3035027897600815,0.23799286077616388,0.9259759972049465,1.6868798347372045
397303,-1.4053362194951788,0.10013467041647144,-1.5704943150628592,-1.235712938400227,0.3968297055775243,0.15990021233253893,0.12442550314442695,0.6510627807394129
399599,-1.7862751454713066,0.11922118667502364,-1.9819096282703608,-1.5877272835704854,-0.8296115354390554,0.19081371550772608,-1.1304187183630023,-0.5074150491507727
399652,0.5120457204781612,0.14845706741777204,0.2638811611335357,0.7566987005785216,-0.38989690324167864,0.23090073752248422,-0.7634861112453107,-0.0068537637933374015
399676,-0.15562985229590925,0.10291119575163374,-0.3255671829507243,0.007660452509816107,1.389575984108624,0.14677579163361135,1.143215529491014,1.6308225679045634
400544,0.23951763038362306,0.15124704550934134,2.0243803024347232e-4,0.49214855726378653,-0.20977193082634954,0.23215977157304232,-0.5999465188423592,0.16646221574487008
400549,1.5588213834855826,0.10683454216866037,1.3865869178616057,1.7320452262514883,0.6903986613492918,0.17609535833854648,0.40570258681666316,0.97923953206677
400691,0.25820872463008704,0.143957563265305,0.026977940737184618,0.4923706773522635,-0.3908415414066,0.21066638777257596,-0.7327426939981713,-0.05272282857550519
401158,-1.3798450695187288,0.11333963671068475,-1.5613963591253988,-1.1844072098902727,-0.8659882628239247,0.18008776434301071,-1.158718021855757,-0.5705573367298294
401550,0.3999714834179235,0.15153175502701768,0.13989871141920682,0.6480253881560072,0.43533210071812606,0.22689769196189288,0.08297984049224624,0.8072314677862246
402004,0.3194924144475041,0.15474637229041552,0.06394848109819196,0.5821955647809697,0.6486882248206851,0.23127746502675697,0.25384655414031715,1.0276213994745511
402854,0.30177404506863703,0.12832660718225425,0.08633062071339455,0.5125984609358794,0.8925488577362027,0.1932985688056234,0.579370537095347,1.2109366362763594
403246,-0.40877102924568337,0.12619447395818192,-0.6187934698996878,-0.19631491618289876,0.07469049620627818,0.18891361853818678,-0.23093963780599044,0.3840182748586087
403260,-1.5472705914225255,0.11074021309474051,-1.720606768563907,-1.3632411218001597,1.0238421802399833,0.1795682376031496,0.7239852738908322,1.3099976031633522
403448,1.3115504442094976,0.1001846980161676,1.140722616291915,1.4725134763913479,0.020127772062162638,0.15441429855850772,-0.2400046296685787,0.28036079809507314
403706,-0.9904015869993924,0.14789225994293978,-1.2308780480661974,-0.7471938198480129,-0.39902086481293947,0.2331940880501109,-0.7749597655281786,-0.013031724432557762
404328,-0.08930101260519566,0.1295387289313244,-0.31111456994747555,0.1262118458899407,-0.6410020242479095,0.18429887767860448,-0.9374072624449342,-0.33406593369737236
404397,-1.394593069829215,0.13295669473596047,-1.6121467187569152,-1.1792099256760171,1.3998403354569329,0.20062387073358023,1.0861326330091308,1.73008644263366
404693,1.193712041379006,0.16003709994674642,0.9404090283561575,1.4603678543154746,-0.6367265412776976,0.22961436384833722,-1.0174265194691487,-0.2648085449886343
404757,-1.4690062873252672,0.1536278444719847,-1.7206767030100272,-1.2218715170141001,-0.054916690242584415,0.2413518176496956,-0.46407375358872244,0.32128933710934376
405603,1.5645008349798093,0.15199104188210916,1.326505446752704,1.8030728893407129,-0.5116411330878455,0.24194569288369075,-0.9198634632543766,-0.11198232014915298
405976,0.32501333859699905,0.12371853118899545,0.11918146888460136,0.5317631354743061,0.12495447322549139,0.18990641817158962,-0.18171748018191658,0.4389468306754995
405977,-0.998315862886714,0.14655919954829494,-1.2342998902366342,-0.751278150450606,-1.5010842988581066,0.2332372481767766,-1.8722245832633098,-1.1329151599271703
405979,-1.3949208565265836,0.15384035689852635,-1.6409756692943394,-1.1394963022054436,-1.3384314735197191,0.23700092660199254,-1.7452401671960809,-0.9490862790267585
406454,-0.7707199158493269,0.12954772903059555,-0.9745798158555119,-0.5501159857616569,0.3949659567292731,0.19799308940321272,0.07261491721877755,0.7252706891074714
408293,-1.0234258727154681,0.12193416288738351,-1.2205715214049198,-0.818540550477759,1.4222517062171949,0.17793207285777526,1.1313992982555008,1.7152831869369454
408307,-1.576430122972969,0.12284782611883485,-1.7738726380200476,-1.3739816968004681,2.0351356656975512,0.1828019955154503,1.7473396647916173,2.3298742745328647
410026,-0.8165802005267493,0.13077262339117715,-1.0363575119862443,-0.6017729935430519,0.70417404877684,0.20513317070552747,0.37809991608879223,1.0344349657971232
410055,1.3005089766728735,0.10485442926720182,1.1259906982621404,1.475285430039217,-0.5794485447264238,0.17655593883536785,-0.85506158938257,-0.28927036827101404
410062,1.1398173258540414,0.10811619935516326,0.9632853416151991,1.3167920323532696,1.1477120531912874,0.15112833396947953,0.9117520619197259,1.3928511052153854
410872,0.04709786400508931,0.10625876164029323,-0.13487171621190067,0.22188757192785954,0.9086660421408477,0.15292641135603544,0.6632726623740275,1.1628571310000078
411422,-1.18091925175834,0.1574798694611076,-1.4354572794531566,-0.9191762796482245,0.5413885593307534,0.2411456026364361,0.14620741354491554,0.9426535340866152
412897,-1.1003443201682315,0.12946845883198493,-1.3016215003501106,-0.880224700737708,0.9731588722777843,0.19857765853944456,0.6313730790329264,1.281007994463606
413041,1.5784513014828163,0.13113694333903478,1.3600330606371416,1.7937692586513547,-0.6267095697862214,0.2010539142299202,-0.9602903866861089,-0.3096113867063914
413597,0.7715844161676894,0.1479401110669293,0.5320344883369397,1.0198397332051745,-0.05801263916570758,0.22817644321534453,-0.4246888669093555,0.31892543647711663
413891,-1.21213442935937,0.11960143730768445,-1.408900322344851,-1.0180828510046938,-0.6028308491891554,0.17838954257742642,-0.8988287199305833,-0.30090060631036664
414193,0.3450240252912185,0.1116760914924312,0.17143847846676144,0.5330856931291644,1.229467280191024,0.15748848317534866,0.9648437965130191,1.473865673627682
419225,-1.7125561030413334,0.1259029106911823,-1.9157295160285823,-1.508930165613876,-1.3813206725260276,0.18959154260116512,-1.6854103610758677,-1.079286566283191
420532,0.1100516705994431,0.1449836139602905,-0.11734701051176269,0.35071220803908876,-0.06675536286265228,0.22899772670510676,-0.45418702652421084,0.3226648158559635
422517,0.3173785467634335,0.10598839741273658,0.14836302588137126,0.501767895633247,0.8414455196676388,0.1629807207129654,0.5651442157304346,1.1072771759334337
422519,0.47954755009903416,0.10134348102817349,0.314010558729462,0.6400584157548792,0.1313699840623017,0.14632888967865737,-0.11002493470304314,0.37149405974112976
422520,-0.24618896603437596,0.10915443221185453,-0.4268220245056675,-0.06824093608591156,0.5037025419927558,0.16243374329544477,0.24970715368690746,0.7848562638159585
423157,0.5797137887890719,0.10123949681498003,0.4097483298368364,0.7455691432269056,0.5232009929189555,0.15142397520173367,0.2698984873247178,0.7733145047571106
424624,0.16119902259534338,0.124004024427748,-0.037238454425942306,0.3752587508168555,0.30889557253014155,0.1856676115419467,-0.00405369598387288,0.6187553784252117
425893,-0.16059663136341654,0.16112718573683985,-0.4327298906700459,0.09501309782310877,-1.3988621027619264,0.22825093643473707,-1.7813882385100737,-1.0370352277021733
427886,0.6666984955802148,0.1252486236823506,0.46748108448854087,0.8663962897276011,-0.1817070411232771,0.18786225753524963,-0.48370786539559196,0.13248269394214365
428131,0.8816566171717336,0.12385103382745549,0.6745911555820924,1.078264712636533,-0.3796086199623219,0.19776923880445452,-0.7138209130258781,-0.04442445440961485
431540,-1.085631918986057,0.1537943885553023,-1.3392984427102719,-0.8340499845380035,0.5247283502974199,0.23480965667448958,0.13754117307602828,0.8975918264426929
434145,-0.9208479049759416,0.12967063609787757,-1.1298194800884875,-0.7166056928182027,-0.1512838331491754,0.19262737592970933,-0.47057712360005105,0.16389635496298344
435472,0.6219387578668832,0.12927998381729797,0.41072498094940024,0.8459071636042345,-0.4930271820625314,0.18876351101581149,-0.7748792263527526,-0.17577784346604644
435759,-0.057677541915482994,0.09669764506026489,-0.21986437174068385,0.09892312227685553,0.40205672778659,0.14568995001959628,0.15759677372590083,0.6368083705569767
436688,0.28964314526282664,0.14409947820514105,0.05530259580042564,0.5227824726318457,-0.0741450999080987,0.22374667482293084,-0.45676851689506787,0.27925049829381476
436785,0.395075758778742,0.15102956147777202,0.14594718434020884,0.6395795335060385,0.07196033037135582,0.23332133943662878,-0.3195998047267261,0.4629960594847119
439778,0.6545416839431942,0.15401350480763729,0.39725191001303817,0.9014219863610445,-0.5386986951405419,0.22793305204283468,-0.9252864137312897,-0.18272629685100128
441230,0.43405699090571376,0.14718741046220474,0.2063281234476161,0.6730897683296457,-0.5121992631862399,0.2243132569708672,-0.8804525266095787,-0.14535285637348833
443324,0.6835313945045425,0.14475255117429858,0.44561162251487096,0.9125549573891857,0.2858709513572681,0.23574882296092242,-0.09693485358451401,0.6916502232473808
444669,-0.5304797967689627,0.1515503080350412,-0.768055652881362,-0.2668279671119278,-0.2048550205690796,0.23657251281111122,-0.6008950877761124,0.17432146423517117
445504,0.5104078099377248,0.11081651238572998,0.3385959681607529,0.7025790706451351,-0.4761672272550762,0.1692219207578419,-0.7564058382733219,-0.19965207121483897
446062,0.9282247583401103,0.15015829793923044,0.6859604966352505,1.1665039894600149,-0.00892672713905667,0.22010872577372337,-0.37148260515086534,0.3556873925214989
446483,-0.45499350053562593,0.11440885933763047,-0.6416349961857664,-0.2659948338752836,1.0151705436455205,0.16203235506742802,0.7513104072344297,1.2957655589135553
446859,1.4816123374567982,0.14957018121251228,1.2391997569385444,1.7426724278959438,-0.3252796389908912,0.23843793755871906,-0.7251247525441383,0.06947892967843118
447358,-0.02367437284194663,0.12520445587657625,-0.23087544915937713,0.17933255134988374,0.11448943971589251,0.19555928748483403,-0.2072189825890751,0.4303504714114508
447821,-1.318221220627184,0.11327681152602659,-1.505727716823157,-1.1350819934563015,-2.071850367835753,0.15846097295052042,-2.3296723846979757,-1.8132109559463363
449817,1.2711647279050347,0.11985718220174138,1.0800059613438255,1.4644886674549629,-0.6635549103524453,0.18394887249404218,-0.9511284735929975,-0.34332519780124643
449920,0.17930414829601332,0.13384470374943405,-0.03125862828085094,0.39896211474561166,0.9149344243585886,0.18852713617568498,0.61298760066998,1.2265214773703028
450650,0.8885249962852068,0.1572763307461039,0.6297839050809759,1.14467627414943,-1.2177506629927015,0.2243733833352772,-1.5771566623872544,-0.8547545412308097
450769,1.4062345055971113,0.10828460507355499,1.2237799073013649,1.5817120300821481,-0.3861024656281434,0.15946492219693484,-0.6604239509394854,-0.12979220192763094
450776,-1.243510283791157,0.10543941309869494,-1.4155370926508006,-1.0709644348277103,-0.026623712653732996,0.16528541714927647,-0.29816349421842153,0.2413099165920026
450784,-0.6109768049615448,0.10415310764557464,-0.7792274137204946,-0.4391719669605885,0.34809755580188984,0.16155222890290055,0.08098972872328244,0.5984645113151223
450785,-1.1583688512490316,0.10809239711767248,-1.331719880435604,-0.9738339713725311,-0.5153203309236918,0.16993560771455765,-0.7889790814393105,-0.22439513865105348
451235,0.19937137108050518,0.1174740272070928,0.018154312659039752,0.3832396544843523,0.8883535381213993,0.19124410025396396,0.566833995825818,1.216896072219664
452264,-1.6023248494922178,0.11634038864984704,-1.7987996193393896,-1.4196126327368175,-0.595590653752211,0.1894981182841554,-0.8820731202495306,-0.26859518795757875
452269,0.5841164584590292,0.15240634544258455,0.33392604807889176,0.8274668214698061,0.25045152662388653,0.22452286232591442,-0.11579358642477405,0.6117742489819261
452293,0.29899421009835603,0.15068824714924364,0.050962305004832766,0.5383480222075002,0.38283054653788046,0.2215870416822931,0.02778037454948187,0.7473756304536996
453251,1.3212333308596322,0.10078231181048251,1.16418334183556,1.4905586242660291,-0.2321584390692462,0.15916504663814204,-0.5018549098904383,0.022697592738312913
453270,0.9416727291293278,0.11346873067256584,0.7567512320522058,1.1235453899597199,-0.20821811420436728,0.17780733553700376,-0.5011637073521187,0.08609270019466544
456053,1.1040399142432362,0.10309743307340827,0.9341890827313019,1.2725100951004478,0.24352626725315576,0.15741872909743546,-0.014443190550010428,0.4907001920369141
460552,0.37606021062067435,0.11662901203553619,0.17082786796890712,0.5667350813613629,0.6234721194328801,0.1720141133449454,0.3445318634017722,0.9111567048401005
470747,1.1913623321642526,0.10694305523834907,1.0195502069876028,1.3613968698052392,0.4546486689567348,0.16081901584895333,0.16898850415178698,0.709371827084146
470934,0.5610513608455934,0.11588157400890793,0.3644490429752116,0.7365716569471039,0.43284143912510153,0.17382459984151555,0.13652271505765384,0.7169360679689956
471583,0.6301310999845253,0.10625923390641852,0.45741385080154673,0.8027111695639233,-0.5727518059574006,0.16458273951047409,-0.8309383168727918,-0.288288430902875
471753,-1.294581225614574,0.10728208666434154,-1.4877740187383235,-1.1258913085425166,0.8191315666633812,0.1643701086439833,0.5571110195140883,1.0863737732299574
471761,0.5774954102556231,0.10656654223274235,0.4072662651967056,0.7459227302188618,1.6272923476849852,0.15159555835102906,1.3729211487058153,1.8670095821376156
471764,0.2899563023163959,0.1310398764868836,0.08686387337246239,0.5128514339751821,0.11178176851532472,0.18257283839499308,-0.1812660980226159,0.4093609973850438
471991,-1.230639014519303,0.11441365824548055,-1.4103955029960482,-1.0385766785235508,1.2431335132688655,0.17741237205936156,0.9502886170596265,1.5393574146230824
471999,0.9879242209178489,0.14397490845353114,0.7584923077720651,1.2208040763832815,-1.2649133791395066,0.2267961077309252,-1.6490919315985726,-0.8873270908195372
472191,-0.06280090128866789,0.11910558890488754,-0.2633389878743669,0.13067801382027608,0.6039650526318936,0.1713162151242085,0.31458245517157696,0.8837971877189004
472519,0.14581559625174914,0.12593135849707585,-0.059931143991862806,0.3611521150793127,0.0310730553488782,0.19588068918156892,-0.29734595211313053,0.3474147470188371
472696,-0.1693627947102907,0.12369370383785791,-0.36980310739083017,0.03049411262391952,1.2253611244742997,0.16712664003228875,0.9495156016096429,1.5045809395426377
473327,0.6101287026790533,0.11059870001421901,0.43166042504412944,0.7933256779590911,0.780744227347929,0.1690394099143656,0.5090703803964383,1.0716743207553274
473364,1.0570188487401362,0.10616482891860532,0.8800311172717462,1.2296436155234263,0.027713781463348304,0.15976229616269003,-0.23500953350051718,0.3028268303787536
473366,1.2792282599817526,0.11053910090404093,1.0993959922131957,1.4602126841312566,-0.2954102510659145,0.16638618532787908,-0.5644715766075827,-0.025166874222124293
473367,1.379999321550788,0.11281308410542382,1.1941980802694054,1.5695121568526909,1.206006071949156,0.16855077354275583,0.928124388121138,1.4807669064065914
473371,0.7058442543558108,0.11761993392144655,0.514757213093482,0.8984236764250537,0.3469543403998173,0.1810350071005552,0.042477210354685734,0.6458790571376183
474104,-1.5010269639681166,0.13659584719256437,-1.7310817649769539,-1.2736685606729137,-1.4143870474327451,0.1939256434204548,-1.7427763072214137,-1.0988968001082502
475041,0.41561792322811136,0.1504571443101461,0.16902706780212312,0.6702630844210083,0.6789863420277628,0.22603175530768788,0.3191259667046493,1.0637653115003436
477082,0.1845235275706664,0.12358820552527756,-0.01962569800701603,0.3919345687458845,0.7307428526349689,0.1889252700316378,0.4231364607752926,1.0520489734242746
477106,0.8132155601830153,0.1510387551261965,0.5674907839086338,1.0481611946519498,-0.004754451862714736,0.21903789451422404,-0.36382077815434083,0.3681465155507641
477211,1.3795288379448538,0.1552327125545167,1.1242345088240602,1.6291029930232632,0.9628951170071097,0.2343300696244001,0.573352651384746,1.3367829766710304
477352,0.8940070488455035,0.10373358882889067,0.7270556989845051,1.0685000897889187,0.5434581260010376,0.15834898677777826,0.27736852146073226,0.8012269357077313
478999,-0.17789482211653826,0.10247865395294761,-0.34767901896987574,-0.012330434104864094,0.45637502378072914,0.15676732379370373,0.19884333239773747,0.7123634671049986
480138,0.25458384429798,0.14815097990866466,0.014792352614317196,0.49604527190805986,-0.40618559484643363,0.2259288824443381,-0.7879441099731124,-0.039855227893338625
480145,0.9695566616443269,0.11423712334999987,0.7856297846005043,1.1583660987589837,0.8148809613412122,0.16817809967952665,0.5279771273227892,1.088448296164179
481322,0.5360660893844233,0.15200478138144666,0.2856887686857171,0.7713366515467769,0.24955000185195908,0.23079643902754785,-0.12928577102307956,0.6404149377343111
481618,0.7824451481261713,0.10979807253082327,0.6081228013140983,0.9587278494296495,-0.3841485425886136,0.16902836625871367,-0.6611876562258929,-0.11403400650581046
482369,-0.4972293176955753,0.12602152209926848,-0.705941346828344,-0.2918935369927682,0.3536292669146843,0.19393762653268504,0.027280147227501106,0.6535537915782154
483256,-1.9669757411380782,0.15784370391534092,-2.2235490801658,-1.7091572997947186,0.37500949478424467,0.24632147010155125,-0.025529392476263735,0.7886830784394276
485083,1.5294728317100457,0.1525538945888018,1.287200132420658,1.7805505550485963,-4.031054490569526e-5,0.23595104259950644,-0.40116223774621906,0.37327662921400234
485271,0.051723878593674284,0.11835112743450675,-0.14421742872245916,0.24116584642641575,0.02597694661859586,0.1870646041471632,-0.26608018175666115,0.3441242459851085
485383,-0.709761909870178,0.14776417551843746,-0.9486243702224358,-0.4629931010841087,-0.07051081230724292,0.21417636114739094,-0.4144209173093609,0.28927545711805724
486425,-1.2181127144643673,0.13408496837684664,-1.4360180659064596,-1.0013685005813777,-1.817615118191259,0.1963992251064577,-2.138118462490217,-1.493768625013736
487598,-1.4290847091264969,0.13220080414423105,-1.6533173086416841,-1.2117298082718355,-1.7415295622607465,0.20152571966458654,-2.077093330402327,-1.4136409121649198
487752,0.553126675776314,0.1491832380995127,0.30811738308177977,0.8070710525492726,-0.9748101227793219,0.23495398816133212,-1.385463024461009,-0.572036941531442
487756,-1.276557915874469,0.11685783561603147,-1.4637491588053706,-1.0908500430760326,-1.6939749596181781,0.16164718063186836,-1.9532601131766496,-1.4271647084955685
488961,0.723452439832259,0.10758942567354197,0.552137386811154,0.9065095964287053,0.029767050130930624,0.1634162973961287,-0.24178709192590625,0.2960226824937941
489417,-1.066045674121998,0.15793930681621954,-1.3301487208266822,-0.8195014540564286,-1.5345314896055449,0.23382316761678837,-1.9134667412733535,-1.1586611759992222
489488,0.6320446188072302,0.10501409586540068,0.46291164051955624,0.8066839217570356,-0.015466567336715838,0.15691241956052757,-0.28554638148123673,0.23794243412553562
489695,-0.20816430854227588,0.13022561442529426,-0.42493313024685253,0.001964931801015478,-0.04822195887721416,0.19159503015668125,-0.37419162920597027,0.271671918413187
490458,-1.3282931054343243,0.15297685111703205,-1.5875532752671664,-1.0855635536804311,-1.4686065679145264,0.25036125376696844,-1.8740567849361327,-1.038951694174586
490863,-1.2949782471845441,0.15371934844306342,-1.5432985067106495,-1.039924398182866,-1.4531572663315577,0.23691499108199568,-1.8320371204455599,-1.0590974709869154
492443,-1.4450759950371117,0.15892066761209364,-1.7139200987678862,-1.1867147654378307,-1.7497089938231227,0.24228317444746253,-2.14259312922277,-1.3488115832567178
493295,-1.982451104208138,0.10717236308331216,-2.1527521741639952,-1.807170070265767,1.454273728270169,0.17623359891828325,1.180447756925542,1.7508538646013745
493898,1.0792065096638166,0.15282289063779786,0.8223779751269915,1.3312186378705375,-0.09564753878460151,0.24234389623402366,-0.47623479008389163,0.31234911969932866
494315,-1.2506406572385358,0.16083872926383044,-1.5195017657994792,-0.9818622001447934,-2.3308736388513487,0.24930557429353267,-2.7166921447347634,-1.9281108047609572
494337,0.8100134871767856,0.15972294208861998,0.5529518348677757,1.070298119485269,-1.9830955857289883,0.23684764953701168,-2.3478760068929367,-1.5793570333676081
495404,-1.0409617341345447,0.15183031783320153,-1.2842869757639104,-0.7883002218512701,0.7622058219694319,0.2279117941773964,0.3871760851006274,1.1501789308252102
495674,-0.8189888526154001,0.11438577475076418,-1.0050716104756148,-0.6293421063846203,0.9717100337345419,0.17852498088241256,0.6952674401019671,1.2859086707141671
496400,-1.3794710297202082,0.13548010027171567,-1.613209352351384,-1.1537043556167772,1.0787766598458732,0.19621856298909343,0.7502016235952684,1.3909783933667512
496493,0.15512437499453355,0.1492854898318577,-0.08198515592987174,0.399719384687797,0.48822887961503214,0.21649974753381288,0.13428883932646815,0.8459320703155996
498350,1.2553637490436889,0.16323395548363762,0.9890406101255236,1.5264295609983722,-1.3672294782072374,0.2382830002131738,-1.759863970553041,-0.9802351972239015
498373,1.005762842724923,0.14908745651047797,0.7393207781970195,1.2504240458417437,-0.1911698641913422,0.22870509229966843,-0.5698380500570018,0.17783029632089553
499596,-0.2951928637937111,0.13131385495602996,-0.509338879446535,-0.08072807902349274,1.1431063101253336,0.18726165466163183,0.8453620069313798,1.450186224965898
499843,-0.27929884867420857,0.1038080148271661,-0.45019491640019327,-0.11023445980274864,1.166066764975483,0.15498207220817295,0.9186404185738262,1.4110660208832149
500200,1.232544850396779,0.1558850679817984,0.9662594355384144,1.483973353901199,-0.9832047072162357,0.24111502792026346,-1.3870913284614925,-0.5983673312365219
501165,0.24012307295267535,0.15545228129224647,-0.0185574101195068,0.48854062162081996,0.449377699721396,0.22655432406517184,0.07716952282870322,0.807100453988463
501471,-0.8239542768590817,0.14918324964062235,-1.0688904464692806,-0.5803534505430513,-0.48485000027459463,0.2323558830183952,-0.8543851523567252,-0.09024111238845134
503338,0.8144699049061871,0.10391949560912976,0.6449515572694519,0.9841708382604274,0.46340648323561057,0.15161578642016624,0.21048928548412116,0.7173614047273467
504301,-1.3263191966516676,0.10121595401193828,-1.4949847843511925,-1.152024919426798,0.8291403808447144,0.14999247317294043,0.5791810326292272,1.0753190353964706
504303,-0.12828073150164074,0.1182794370340873,-0.32773473805655623,0.07546522760327735,0.764050036057741,0.16936102809567882,0.48959478492519465,1.0386602979546018
504689,0.9030857759298211,0.13328638937915263,0.6864800708663207,1.115740403796035,-1.2975340244474949,0.19887604322537186,-1.6201222646946551,-0.9744068466250854
507495,-1.0164382124355043,0.1528325434823698,-1.26327690726832,-0.7643737165822687,-0.46972202699853594,0.23201823864026383,-0.8331504324707112,-0.08806670472179635
507738,0.599227748630506,0.1539432511842675,0.35059133342894916,0.8490187675492318,-0.8502472443265249,0.22877413194011859,-1.2033395082381422,-0.4704612150198665
508021,1.4668573187104537,0.11756303845735101,1.264773177875404,1.6546761852535286,-0.2783149388924839,0.1901264180186852,-0.5981236286720164,0.03051649763864939
508440,1.1276502296001492,0.1525567613300873,0.881365034004095,1.3798634546345112,-0.4221018316520145,0.2441339680943877,-0.7972579385739891,0.014955278705512515
511155,-1.1497683190414056,0.1263697375443719,-1.3536043271367366,-0.9389629485412273,0.5588496840280036,0.19294859691934058,0.2323832749677537,0.8761508278083477
512982,-1.5855025324050203,0.15145269331988126,-1.831901458336292,-1.3491995502299108,-0.7719282748724137,0.24446558754456524,-1.1583439448143928,-0.3737566826374547
514494,-0.8950433360587564,0.15803708521998255,-1.1588187010450157,-0.6410333521780146,-1.4418906684174324,0.23303928149037106,-1.823886745664845,-1.0529004928128143
515713,-1.7701017428779386,0.15299159212020924,-2.028941484866878,-1.5141831980171938,-1.0256887298985524,0.2526989561798581,-1.4438740249016702,-0.6149765438473206
517437,0.019562743698987972,0.11802549175889163,-0.17601442169251627,0.20574448016557323,0.4629376001019556,0.1714014286281549,0.19519891666365521,0.7516948357025707
518092,0.9504665091692331,0.1034201530629716,0.7857562246541987,1.1163247731726271,0.02513529523485199,0.16089244931812452,-0.23669189619944656,0.28243288121326776
518746,-1.0394800096468149,0.11058384602630522,-1.2190143223662744,-0.8568176957473517,0.7173857155762182,0.16794447733523318,0.44880785788012406,0.9980066963786542
518905,1.2737610300372624,0.10659553771761464,1.1009787485018763,1.450694006033704,-0.38758616743062635,0.17401399414829988,-0.6739827495713201,-0.09851181326589475
519494,1.079174768846965,0.12671375127339632,0.8730044266274705,1.2870015456853559,-0.19587913704987797,0.19019156004518262,-0.5077895646278516,0.1127551753969841
523326,-0.33634819123218956,0.15329899433271932,-0.574066271383497,-0.0786732650421922,1.4577119973394748,0.22820099521664025,1.0914468482716575,1.8203354288292388
524274,-1.4676728856681516,0.1388652826762854,-1.6884896564941716,-1.237678565481783,-1.996696843496078,0.20721324125371082,-2.341818427772139,-1.6649200614058999
525104,1.4508061916238906,0.10510139145213136,1.2772208399005798,1.6308114253410166,0.11288646723022573,0.166991542040718,-0.16772940209643883,0.38327335461903395
525126,1.0164600233469376,0.15117536330741668,0.762883776490423,1.2519528844129322,-0.037034470438078664,0.23382689961994604,-0.42544655560626116,0.35128471753370766
525130,0.5512757865243076,0.12421988596533434,0.34284697378098017,0.7603302811759663,0.4649481954434078,0.19260728572533944,0.14858346013565513,0.7958723752228674
527100,-1.4483276523935888,0.15797685374432358,-1.7130857528117973,-1.2058307724839743,0.7930426017728438,0.23626573913792184,0.3979766458007352,1.1762430185527077
527102,-1.3106682327765198,0.12831077899506568,-1.5283361369697743,-1.0982421898229704,-0.01129997227807683,0.19401633796789486,-0.3203928497780939,0.3168242819916097
528925,-0.5589022195759203,0.15053363198024686,-0.7996235028040684,-0.3215877868421123,0.9790101949659235,0.2263490181102138,0.6270087347868241,1.346470353633745
529349,-1.0692374269119305,0.1297337614128211,-1.2820734877036513,-0.8479213011299447,1.6298240238021624,0.19656983529822217,1.2980546817339205,1.9536188101402248
530689,0.4388684234412784,0.14443062772253507,0.19410022880866296,0.6692074187046778,0.3010833431453,0.23132913460834123,-0.07046350557053914,0.6911320466478046
531592,0.6126882638785156,0.10010605485752641,0.4440552868884879,0.7691296707666029,0.3217625500383621,0.1488831442791503,0.07704751107433867,0.5521502749965401
532467,-0.48304815647413035,0.13185383469488138,-0.6926879569100699,-0.26569570023650374,1.9445974649630502,0.18961716070478096,1.6395429615951465,2.2577180121791693
532627,-0.6656456605095811,0.15180292307215393,-0.9135599176599909,-0.4210304896767466,-0.08224554758069436,0.2276640000021529,-0.4548001556943118,0.30649307084469163
532815,-0.7653201354519291,0.15104243296530037,-1.0094877711078956,-0.5193139266929401,-0.1835466815215685,0.22851237767868116,-0.5616096409118281,0.180788074634274
532831,-1.2644357163250324,0.10460162311683287,-1.4331574002829255,-1.0948901955727932,0.6860391084953349,0.1596791524995683,0.4246022224422027,0.9637184128866568
534083,-1.2431377124399845,0.13917049108894045,-1.46561364541042,-1.0122456486181497,-2.4625413645988594,0.20009467834257952,-2.7830939662563985,-2.124908041392399
535789,1.4053972900153486,0.15406805947996208,1.1591556705136856,1.6507862184915922,0.5348063581350208,0.23134699757565375,0.1497729275274375,0.8998479235220898
535845,1.1008012285527502,0.12813097222751116,0.892838176446185,1.309772728925705,-0.25348276895295047,0.1953034080280255,-0.5613050646665084,0.07009628022821363
536058,-1.4797997333343684,0.15071388534152197,-1.7231475760673731,-1.21847340044876,-1.1368425004669316,0.2416843813348265,-1.5527512075948011,-0.7411945816590069
536142,-0.21976846925938318,0.1197398142421902,-0.4185624536108339,-0.018687286946186286,1.0983823499159275,0.1759848878829439,0.7989479540629149,1.393791107377989
536150,-1.0272331507129011,0.15200753970148484,-1.273043973597734,-0.7835880223793906,0.2795912680806888,0.2296601756096136,-0.08353771985804978,0.6490792082517244
536152,-0.19267682545641354,0.14760099620040482,-0.4449411504322717,0.04465445901331791,0.21199331346090403,0.22214208839131763,-0.1422147314561263,0.5688627408053866
536640,-1.3698018431514736,0.11936662265766881,-1.5610545349257432,-1.1678370270117504,-0.8766743346642842,0.17509848365718758,-1.1618202065009444,-0.5906113890117826
537185,0.7136565982276586,0.15011246809049805,0.4739704236813678,0.9679563704596157,0.27409376713509725,0.226334023158174,-0.09314508074918579,0.653299060616819
537561,-1.0477338420334976,0.11498878189572513,-1.2426964885315304,-0.8597022527765797,0.3275872880367761,0.17578823736488983,0.051027671421775854,0.6269116934577784
542101,0.1130471361348468,0.14630758042927672,-0.12596407414571698,0.35557805952387206,-0.020408676303645828,0.22532298289695432,-0.3954922025480422,0.32643541100910833
542945,0.12829603577723395,0.1279150323683552,-0.08654886232665959,0.3396690092861227,-0.48042204678691824,0.18945604372349437,-0.7942293015368562,-0.17440984118140518
544210,0.13567343184207598,0.127823879994261,-0.06270505108284789,0.3507695512290368,0.7995827387501445,0.1919475991633253,0.4786556444093067,1.100453274296211
544844,1.2087649377374599,0.14574333046662577,0.9692193471600989,1.4404697113439533,-0.07862592299645638,0.23776660604790104,-0.4587340693795109,0.29991672672851155
544859,-1.0005334797572496,0.11576357241902627,-1.1903958757325133,-0.8052277208156833,1.858112414110632,0.16668873706713855,1.5870185926498943,2.150021889243863
544862,-0.7153525952148889,0.15171972840395231,-0.9635680672984632,-0.45738776668468534,0.9373868211850739,0.23903974325375807,0.5395275661930387,1.3392285477461892
545296,-0.6023421591720934,0.1181787507632603,-0.7939999631244223,-0.40375592349959466,-0.4947687941395555,0.17436439668609496,-0.7792330347742021,-0.21503232032800257
545569,1.280855376431994,0.1475920550037465,1.026921669837886,1.5274122339418077,-0.30596957911436823,0.2292639743984555,-0.701773349284326,0.06469752322980966
545811,-1.194788830679585,0.11162002491522266,-1.3646984355837162,-1.0128497143339878,-2.02900437502612,0.15472154975602548,-2.281160409436089,-1.772456184982908
545942,-1.1155471067124636,0.1011313308434646,-1.2959802417281734,-0.9476224958541574,0.21785422052740808,0.15788933798903132,-0.02409829363267675,0.4812202122289491
545943,0.7129889283978375,0.12013117171486477,0.5167454651224573,0.9041257595708897,0.6868000407464,0.17431735754189626,0.4003646634818833,0.9834137927946628
545944,-0.04143336243670858,0.12289632711546784,-0.24188008893003968,0.1623211651820867,0.20229313990607384,0.1749567131156676,-0.07294667197686566,0.4937411378686821
546242,-0.8262173354699099,0.14771981157853706,-1.0714447577475663,-0.5881644132205082,-0.8486389000619746,0.23801795993718716,-1.2381850305675763,-0.43980160987204925
546482,0.7804336782968515,0.12968813868460258,0.5616838332407588,0.9939311187458161,-1.2286749039476674,0.1962309061950108,-1.549208754352065,-0.9160291631460384
546863,-1.5529290508709659,0.16089635149211817,-1.8166292423542294,-1.2875467541056753,-1.390257285333607,0.23470576678708926,-1.766652106203784,-1.0092839591267078
547260,-1.4153357179596227,0.1051840127431415,-1.590457194999888,-1.2455824266880093,1.0348108909177736,0.15513203029753803,0.7842259733279036,1.2991236723798836
547492,-0.8017750716327158,0.14438510716569367,-1.031163466138826,-0.5557606111882555,-0.16723011188437303,0.23782198989509118,-0.556159591669376,0.21960376660622977
547496,-0.5465216300544514,0.12814638740358472,-0.7585114601058641,-0.3389715437124377,1.3156286282447005,0.1900773518516987,1.0098755336825458,1.6452454686241744
549129,1.2774557877816586,0.1071657561194759,1.0972774388283484,1.457183279710034,-0.21269912768086408,0.17702209098808602,-0.5101766813046261,0.07293015727975163
550229,0.37093405265027296,0.09482122308330014,0.2175696472679945,0.5191691584336342,0.4539449509482984,0.14429660024648625,0.2150108828887498,0.6807980394836186
550459,-1.4932661005573014,0.12992111514870555,-1.7107182115716468,-1.2890908444197096,0.6973218062452107,0.19825294195965742,0.3592120599036918,1.0262534698823256
550927,0.3728520639440558,0.11854228000476401,0.180918922793196,0.560538190961165,0.8318501129241155,0.17549941393722182,0.5349973373731157,1.1076441474425434
551304,0.6437945405573332,0.15075711667515185,0.38729638697223784,0.8890175930357882,0.5172106406910785,0.2284518695318635,0.1457127415632716,0.896981501279216
551419,-0.49466525769231745,0.15218156397982494,-0.7381317025830487,-0.23831702667365948,-0.7527562502219595,0.2220889185749617,-1.1218772951101128,-0.39045636691170915
551442,0.2732424744619607,0.12511528858011606,0.06048893509623554,0.4696017790200973,0.7562695444443668,0.18517358753782995,0.4518508078868629,1.0679095120997497
551596,-1.343907443853954,0.15500950122692614,-1.5975373517578761,-1.0825275985981722,-0.14299693659186813,0.23767846212708685,-0.540594685336003,0.2578976712557061
552232,0.0718798414135081,0.12688823312400418,-0.14305253453290745,0.27154619982099726,0.3897541430571998,0.18522031615438964,0.08729984250731651,0.69842625441393
552234,-0.4527590311422741,0.12462082214045424,-0.661810406107739,-0.24693807837438791,0.3661769418870496,0.18999212001050703,0.04815615836880978,0.6733526240068803
552240,0.42377439390859317,0.1545787092193717,0.1680323472869413,0.66328158874544,0.8641276630807493,0.23979553950923357,0.4888874417317891,1.2578360174762884
552245,0.8098061135265328,0.14820035289042707,0.5666741550880904,1.0484481925685465,0.38683004095231355,0.22879008934387363,0.003424360657567817,0.7614111235501544
553292,0.8302007702567336,0.12702263318019266,0.6363947137009727,1.0439207779686392,-0.052829914189910836,0.1911491193500964,-0.36152547152166836,0.26388884312717337
553381,0.6756457270112076,0.12194273096727433,0.47314601708531123,0.8749101886637645,-0.9369020414039262,0.19651856869412596,-1.2702978348823757,-0.6278444959932908
554406,-1.0011234786023708,0.10832834842376225,-1.1704992128237395,-0.8186865481771316,-1.129977783405447,0.16942273104920746,-1.4039072598659428,-0.8404647701160405
556923,1.0032560129048458,0.11577513775613209,0.8195530032239577,1.190268983497649,-0.7746093742596561,0.18265117760026822,-1.0813251874404486,-0.4809130778513471
557066,1.1418233522529895,0.1498762904600894,0.8949390152778377,1.3886408418258842,-0.7634272668634072,0.2385593290913418,-1.1609824472230952,-0.37402274298134836
557401,0.5632611590337651,0.14892442409353499,0.3232433352221338,0.8172467043111795,0.02808361577438385,0.22899031640429213,-0.3166301522826084,0.4034861152120218
557942,1.4287190030935752,0.14803109759468183,1.1769126689648848,1.6663880010950742,-0.8964124034813449,0.2423131483989057,-1.2876418929264453,-0.4929599345812138
558581,-1.0844323876092086,0.1489619309140729,-1.326084965718484,-0.8385148101469895,1.0463122651914696,0.23151395659493737,0.6728476786929651,1.4375962941523188
558739,1.145078648375906,0.12472864090095581,0.9388738063440591,1.3497348356954684,-0.6357851451527842,0.19903607359187425,-0.9604696683404695,-0.29928657346684145
558754,0.065700681864405,0.1463559976733359,-0.17496826730541729,0.2957135417603644,-0.23717287039819482,0.2282138559320435,-0.6260699733573271,0.11378199398206018
558779,-1.4204771294753944,0.12660712249289371,-1.6312417179936531,-1.2054666080504395,-1.907098934779993,0.18685420457152438,-2.2243201831799646,-1.6066229682430784
559043,-0.625928135392113,0.11250022300795517,-0.8048734428984726,-0.4391523061005701,-0.3382728479052136,0.16557833972911437,-0.6025930585147317,-0.05049919246130534
559200,0.1497875082834316,0.15259075724525167,-0.10160897335948765,0.40394433724450196,0.1257577230363216,0.22940270375890784,-0.23559137135054564,0.50173247278796
559368,-1.4059236010307208,0.16224203409625237,-1.6758659105727847,-1.136646094349779,-2.0328921047857267,0.23602958141715702,-2.428713358589184,-1.6573860192003003
559647,0.5363996480149358,0.1403586846735372,0.31520976748912566,0.7782522980791037,1.6098393927331403,0.18670418606268427,1.3040607923352234,1.894733302535145
559718,-1.1969813680766788,0.1568944995130865,-1.4638960877411311,-0.9381482296599196,0.3156179943648243,0.2407226435458539,-0.0716150316861064,0.7206166753811656
560353,-0.2405078206109998,0.1284303971200142,-0.456891994764292,-0.023722769586422925,0.2821879325046498,0.19623877331479278,-0.052092765729332524,0.583790258740613
560889,-0.9337969810254927,0.12280652350580629,-1.1336626512994288,-0.7210455169238338,0.2330766270946596,0.191933570317978,-0.06798909968959062,0.5508168910328363
561186,-1.1243202869180655,0.10973843783351132,-1.30655762988747,-0.9334283400590808,0.3318098791138154,0.16841968532104273,0.051927932442654604,0.6116537865045689
561189,-1.0108045798389795,0.12019488366122702,-1.2003397467387684,-0.8136964902445514,0.6262781551913796,0.16929670273707778,0.3407490366960045,0.9100229178289141
561190,0.2611888551014372,0.1166331325254055,0.0720435649407806,0.452390724626808,0.10711001050823889,0.17358921270536248,-0.1851193160309226,0.38815383427844774
563391,-1.9724730052021542,0.15601516791851056,-2.2264895429627516,-1.7197920779822795,-0.9194002998790151,0.2531550074654321,-1.3220164571227746,-0.4922018137500667
563961,1.0327092229232546,0.15344623352064993,0.7841398216828791,1.2871629163833715,-0.18799316785805018,0.2369357535256106,-0.5945622145748386,0.1907807979097025
563968,-0.7762290111128036,0.1508841668283448,-1.014358130381762,-0.5258674248727939,0.21058329444367438,0.23668558661098293,-0.17671614270151798,0.5959530440688895
565630,-1.189507340695284,0.15090761239424724,-1.4325563249316087,-0.9486554809632998,-1.3028266340216952,0.2286391405740128,-1.717372670196042,-0.9354865577164657
566942,0.1503932610529996,0.12856126054862516,-0.0593009948246462,0.35658460795754976,0.774181997190171,0.1920073171725487,0.4449342320764659,1.0935179120031147
567016,1.3829560291465488,0.10669720274148378,1.2071010167085165,1.5595668497928603,-0.04684836157363837,0.1751651733801489,-0.33868736723379694,0.22838521110010096
567461,1.1299946823310434,0.12321944331882764,0.9309095005061563,1.3363831603703809,-0.662787891995175,0.17880211863108408,-0.9676401998503353,-0.37552565572057645
568583,-0.7883927698547555,0.15103965004870634,-1.0511865152708408,-0.5510142936246895,0.3141245853267674,0.22966975433702727,-0.08165616719036899,0.6728985587876027
569212,-1.4850149865533049,0.15134788253990863,-1.732557703757363,-1.2380896629251912,-0.6922917421542238,0.22967913795260805,-1.0674592899741362,-0.32942995207368553
574784,0.04334329091915726,0.10761886267361237,-0.1326932667593576,0.21623315420947917,-0.28909193596721644,0.1573669283950595,-0.5448612735568322,-0.03389069171273529
574907,-1.3557362658722654,0.15509744602159456,-1.6200802371257812,-1.1014931134463841,-1.6891280381639375,0.2266244194832049,-2.0565762284148574,-1.3205004115153542
578270,-0.4332626575483931,0.14453342138512243,-0.6669472198883734,-0.1950866879641473,0.8248496031390187,0.23571018625844767,0.45715345625870935,1.2273049329596502
579987,-0.9652326327981174,0.15334483945756786,-1.216428592880983,-0.7086314114700091,0.8645245532835453,0.2354871936529925,0.4595250459349183,1.2520958243835614
580127,0.15926383202372335,0.11575117146636266,-0.02902927560728982,0.3503498502284988,1.1383551037161004,0.16557371967495513,0.8730776367486078,1.4109134463256265
582098,0.43464390629561717,0.14981822613517234,0.18096628971599762,0.6724144291402337,-0.1151739815024603,0.2328243608919876,-0.5057447794813945,0.2676018524738339
582472,-0.46180629329191614,0.1530168625122665,-0.7071567307367745,-0.20661780500536925,0.6963157550303982,0.23402132085367328,0.30427973460582286,1.0683373744545908
583159,1.4552328440819597,0.11705346041992779,1.2543606658979354,1.6398007579336618,-0.17670221071411601,0.18079571074105338,-0.48288488964045917,0.11496332288857038
583880,-0.7872091001328771,0.1588691862764639,-1.0531196686457012,-0.5275527612370888,1.617617656126988,0.23275022449292673,1.239358207710149,1.9960842094721334
584520,0.0770172042735529,0.12789945406707545,-0.13323875579278885,0.28737077198306177,0.7222984960027362,0.17915578243727467,0.42591944488732214,1.0149092621929918
584522,-1.7653673222169415,0.11907607689819147,-1.9635779737667425,-1.570789589750596,1.037267610475241,0.1959656956286562,0.7341751147704989,1.3583913600253112
584914,0.09688129682004147,0.10819533059607148,-0.07533006166557124,0.2686120219756154,-0.597884131613446,0.16108276438510388,-0.8685092313866464,-0.3331282540180814
584938,-1.1802093909030678,0.11629014315635174,-1.3677440198256152,-0.9840493389563624,0.10091407703308482,0.17956211705166827,-0.18140052709831045,0.3922757444684464
585048,-1.1108977776731617,0.15183984408466492,-1.3547399588459637,-0.8607645550688363,-0.9727362503099214,0.22763182609613164,-1.3387224365564687,-0.596810526545662
585538,0.39479844028312877,0.14383898077247725,0.1644627081659376,0.6403861372566279,-4.306145297921221e-4,0.234274396675813,-0.39027292817856113,0.38320117719409935
585816,0.14244272495186686,0.10385938044418971,-0.025757412962204122,0.318321574911113,0.4260325977472671,0.15217901935044842,0.17441366843561956,0.6668975408230631
589805,0.4152719811608608,0.1155579931080514,0.23642729444987426,0.6105186544815331,0.5367523004175988,0.17131902694350465,0.24263903324410513,0.8212718210216763
589806,-1.4135882425196398,0.1547523932678154,-1.6749690584009738,-1.156125720397877,0.8772269947467012,0.23588777368143038,0.4691446252427702,1.2430217707708575
590503,-0.19880761583632695,0.10363286348445198,-0.3671864855333307,-0.03668453897193067,0.29230377212301584,0.14627797434366963,0.05615696138296913,0.5345221664073275
590721,0.5914130901075628,0.15239421007649276,0.3577691420910599,0.8586710061750471,0.5422337296239921,0.22048764395548692,0.17286605130763785,0.9049996425315849
591410,-0.6957866025652547,0.15297310445732853,-0.9458557199711259,-0.4463860021083004,1.2409017302748002,0.2340324369547027,0.8766370553320075,1.6345156555008775
592582,-1.2844332328478723,0.14889451604287735,-1.5299286050161804,-1.0400527796279564,-1.709185292387085,0.23863374835249157,-2.0891543668633554,-1.318739291643879
593103,-1.381724887453338,0.15340452860159054,-1.644842569318602,-1.1311579185870873,-0.8567479952781166,0.23829606565750658,-1.2624514287491115,-0.4847530785628651
593173,0.9641333784630494,0.15519687802225515,0.7134646426059776,1.2122548092375507,-0.560721956508925,0.22876211767989396,-0.9249617449930311,-0.1885474619581457
593442,0.528519416627517,0.12603648519045427,0.33424690814676267,0.7439866171819484,0.1410421801442087,0.19064969820157687,-0.15826973038691886,0.4567114804814701
593803,0.03578382512467091,0.1252102718923543,-0.1647482425111992,0.2510900657023724,0.07619678417556372,0.18395447129585563,-0.22447825715543085,0.3637403898698525
595008,-1.3789652281630964,0.14874808538613712,-1.6264531020089912,-1.1458984174553704,-0.877069335154004,0.23924033429889277,-1.2551986915777111,-0.48316027521902816
595598,-0.9599921398136966,0.12605656866477563,-1.163943468117528,-0.7520083358755318,-0.18728933724845775,0.19644133096571018,-0.5083634594473939,0.14251918149362774
596052,-1.0183698502551104,0.10220019740353867,-1.1826299698382678,-0.8554480001441435,0.6800070817827152,0.15397256805862847,0.42512103411563223,0.9236929940559738
596691,1.1412142251625983,0.12642933340197018,0.9405750456542583,1.357092155614006,-0.425374581257942,0.19747513822667187,-0.7378749851493618,-0.0818524224386717
596822,-1.3631241269465888,0.13016616079354965,-1.5872384911042519,-1.1396089106199194,0.43481735483907963,0.2013281502113723,0.10327292365757872,0.7599700305392679
598620,0.5862775490815598,0.1323772548887009,0.3699551590411745,0.795818694924481,-0.2064033239037362,0.19595097215922944,-0.5271382212923418,0.11351777542622046
599551,0.4868101085737904,0.10602032174114392,0.31192539066818364,0.6652375179812469,1.1631419300663022,0.15668099501755214,0.8919579123204896,1.4371780882830714
599560,0.35477730998306717,0.1493505809101248,0.1132336795161377,0.6063077148933549,0.3437787794349189,0.23588153257214645,-0.04734682540081806,0.7294078021374928
601166,-1.064269070628923,0.15026514978975378,-1.314671207613858,-0.8266671543133551,-0.2554536119098598,0.23310777191167245,-0.6276561190089701,0.13266594154575018
601275,1.2395216866445042,0.1303882213708844,1.0280221927696083,1.4628557109008167,-0.4791512460615153,0.1983196818703142,-0.8131479921155969,-0.15414581805452
601297,-0.9131654049398218,0.13010168493858004,-1.146404702377653,-0.704870326963656,-0.9418841549689551,0.2006313489103641,-1.2662469032873311,-0.6178222334480004
601883,-1.0210441071659808,0.11762887384854752,-1.2206240015874363,-0.8311266831048894,-0.8932734601124003,0.17466613000447428,-1.205440704386307,-0.6143423600526973
602620,-1.1103558981293233,0.15121651643415246,-1.347515789115795,-0.8689512774152739,0.31170431475315824,0.22895617452664813,-0.056193459513078435,0.6838006426882969
603778,0.25580929807621827,0.127692511770691,0.04494710702535247,0.4583845563592234,-0.06990983586727498,0.19450290247807145,-0.39328385075036126,0.26240361403214774
603901,-0.038724712649312744,0.15192433021053164,-0.2815303313645582,0.2205813264235437,-0.46364953849207713,0.22797082180262193,-0.8552088567723102,-0.10325247599308274
604055,1.3734741961378,0.13044788879681987,1.1591536693432933,1.5850542253852251,0.719535136197705,0.1997057236729286,0.3857985879061241,1.0492241822784236
604122,0.897094475954052,0.11588393564872798,0.6958328110562968,1.085446956392532,0.1081155602666432,0.17850628729689805,-0.17333661992729552,0.4013892459715292
605383,-0.0034770711902015355,0.12242024316916651,-0.20867284232846123,0.1951710917909203,-0.2613410844093839,0.19173327348326358,-0.5612751429042419,0.061437929375079636
605385,-1.3774482146266356,0.15396057445221967,-1.63975830205763,-1.133202064539075,0.8425263220826454,0.2298783955351716,0.47348087228863334,1.2281236605975634
606670,0.6218908758806108,0.13055272230065834,0.3933679016300221,0.8310406978583073,-0.3441367431555199,0.18977641993803948,-0.6501090109777033,-0.01706248778879758
607496,-1.251679605338336,0.16167897875026357,-1.5092562494021609,-0.9962635508781725,-1.8441686927460712,0.24185725356318047,-2.255861623735369,-1.460262504957592
609127,-0.7524786615064227,0.14676678293362203,-0.9919349165830197,-0.5003238677461714,-0.2935906118231586,0.22776828887450135,-0.6664357243937595,0.08879437946500912
611298,-1.2342357696788357,0.12609090434703277,-1.4414461563135719,-1.0296261208857105,-1.6764680118575999,0.17925318301270943,-1.9706479541215363,-1.3810786085540088
611437,0.6420702696035604,0.15837673893911866,0.378966120507373,0.9145517967754507,-0.4587987492276845,0.22520166607624545,-0.821558268170565,-0.08647252103288204
611463,-0.7522277063446561,0.1142437674989876,-0.9428677844247425,-0.5719205628754789,0.7354170155872739,0.16587596128194715,0.46694260533593623,1.0088901489723994
612174,0.49379950574875936,0.1509397330790956,0.24521500784359548,0.7386728507824349,-0.4499663071932112,0.223634225082545,-0.8136815428119729,-0.08194969096698336
617894,-0.6371156684069934,0.11736906540685914,-0.8266740685647589,-0.447771503267353,1.5877439223405103,0.1795384570653928,1.2865897193205367,1.8701616970731414
618294,-0.15139739987337514,0.11737999525689341,-0.3468032550961153,0.042597635709027276,2.516487238807594,0.1528575180189012,2.255386285319742,2.7672455708429906
618690,0.43137085499603317,0.10664229869143792,0.24863327579367178,0.6086454358783727,-0.0024016336872754265,0.15781714484991405,-0.2802138711592258,0.2596779603532213
618697,-1.5183099680870311,0.1501904366691523,-1.7721598107527736,-1.2665407581942365,-0.979284214724892,0.23482771436020686,-1.351675932781169,-0.5879337565867995
619855,-1.148576896196595,0.12855448056562283,-1.3511071051579064,-0.940708273202051,-0.9231733968795501,0.19401923233408636,-1.2523042262272626,-0.6031506458694449
620193,1.250031066631448,0.15440061759739201,1.0132498898120192,1.4978624752916647,-0.3107714675116671,0.23874877606112516,-0.695648875969711,0.07855697692961558
621020,1.2179768163987743,0.1315982885906132,1.0108252820486905,1.4271910378582044,-0.5470666885956819,0.19529845020721925,-0.8898354952335755,-0.23822159806165188
621046,0.15367277379838054,0.13237164804128315,-0.07028449200487537,0.36854809458594684,-0.969723772327711,0.1876167931079202,-1.2749162948961545,-0.6598538345941085
621207,0.009716937020286896,0.14952473283818185,-0.23652502714218532,0.2528195056360614,0.6592069642014764,0.2179993823117871,0.2982227018165812,1.0064837716841222
622288,1.2363463606693745,0.13227535280142302,1.023244175121853,1.455977189873428,-1.023289041713841,0.19611960712453094,-1.3390158527637182,-0.7042560405230632
622390,1.410363796034202,0.11454764580635897,1.222386685040783,1.6005923973742584,-0.32941841971119823,0.17894734801244622,-0.6339402179369947,-0.04590163172521324
622787,-1.7656921700516133,0.15556592783168913,-2.0295852991983274,-1.5103634706539804,0.5637434729475566,0.25069603624161546,0.16177020965421757,0.9691773640261738
624498,-0.4665671490392063,0.14882107422696808,-0.706806318126332,-0.22365590826221654,0.8557989660479794,0.22881317042068708,0.47752997547531595,1.2449962152472378
624613,-0.049977078339688216,0.11615280269196172,-0.24508441969748535,0.14000379562142395,0.288873575966103,0.1739984952777596,0.009619571467889946,0.5620605875417007
624615,-0.8512153126649228,0.15172264201635488,-1.110445180658143,-0.6111022721329973,0.9971137653156928,0.2312403253932078,0.6103221013752008,1.3808384823258215
624774,-0.6927755173982347,0.14885660516140226,-0.930428800649685,-0.44316458056032404,0.34130967093277514,0.2284331461817697,-0.040475087123733065,0.7017074917413639
624854,1.397250865452942,0.15119091471833815,1.1429863294655425,1.6426953733431322,0.5506811463992932,0.24887583831669488,0.1358161799657226,0.941028328109758
626123,-1.2743839990528454,0.13378254303623727,-1.496361176470453,-1.0492715696947834,0.653834521027885,0.1940026108735905,0.3213291705164447,0.9611975612622079
626229,-0.1128796959501438,0.12550996869241773,-0.31651900845208125,0.08872453626005902,-0.725960054322795,0.19175590198961817,-1.0250259901510654,-0.41142873305448746
631404,-0.32116614451809167,0.1126891638632039,-0.49826915875497707,-0.1378412938137001,0.9581358644218485,0.15808864885357596,0.7039511098689816,1.224609492316199
631908,0.6652248965443587,0.13491887440697753,0.44014391746171816,0.8815998086024089,1.433632929389595,0.19487845102318138,1.1302142600097187,1.7749274960227035
633438,-1.1687086100929964,0.15608044801087886,-1.4165359088697236,-0.9230358362739906,-2.3912924064366967,0.24090684175392177,-2.7898421500848833,-1.987697318639086
634204,0.8237431403379883,0.15091269277942645,0.575055596476973,1.0849815120917936,0.5647753930669436,0.23837840819045436,0.1752566296421176,0.9515771859035642
634666,-1.209667201634462,0.11431834100912976,-1.3985397234004546,-1.0246720080122431,0.2928073543595283,0.17443772765570886,0.005180111194081228,0.5899320683536524
636122,1.0558792027545825,0.15424859517021242,0.8000914484669293,1.312708978166622,0.8037996741834507,0.2301138083333785,0.40010590488712866,1.1692855853282174
639038,-0.8653264153023029,0.1564891847186195,-1.117511343812666,-0.6081314783391627,0.7222139997511288,0.23560444416351356,0.3323736099251227,1.1107421738217182
642237,0.8631468914169296,0.12250901667189185,0.6670009332736513,1.0680925067224236,1.119749082314461,0.19511968185645825,0.8124734960125336,1.4498060756148932
643199,-1.392248731344272,0.10594952175462549,-1.5566048281412526,-1.2251177339052868,0.39789237553632245,0.17186461717548113,0.11259989049044224,0.6775789855543874
643875,0.22435545382609887,0.125472457313634,0.025153372634399658,0.43221740844868645,-0.08531019196393569,0.1894367222213429,-0.3901547838451758,0.22046965198550755
644114,-0.664768702671981,0.15163670450503197,-0.9050226966830444,-0.419921175910222,-0.8614876432349707,0.23594625324994112,-1.259655997887236,-0.4802367756402075
645035,0.7161689292385179,0.15650743619530647,0.46660280100788587,0.9717187283985288,-0.03576829439444374,0.23371128633715954,-0.4165996934690157,0.34292190325345845
645789,0.49633433141019073,0.13115327739478463,0.2754092133772352,0.7173302288439751,0.1363496002050144,0.18638452076351741,-0.17195123947097216,0.44502691071340905
645877,1.0315085361791934,0.14870480339879913,0.7787507956193417,1.2719081132618526,-0.22339627494580303,0.22174638972358965,-0.5872348975540806,0.13153525887372108
647161,-0.28223372498767596,0.10815149073034595,-0.46177811873993585,-0.10224814173518154,0.9403551627163066,0.16383434719928652,0.679629362760664,1.2065480987162605
648423,-1.1443600525828799,0.1171242307576291,-1.3423138943293214,-0.9580020012620656,0.4737649711529672,0.18375806655169216,0.16789708004555104,0.7724896378587326
652014,1.343722915719422,0.12456926495020748,1.1314782053239323,1.5449495420260078,-0.4091018789095097,0.19988823428283606,-0.7442034095198753,-0.09991395890415011
652912,-1.261997068984551,0.12764906992871203,-1.467856017708705,-1.0444753119682835,-0.6164473820560051,0.1966763723619639,-0.9335493344565966,-0.3025605377464643
653322,0.6879792609210065,0.15356153913647472,0.45181525458946487,0.9300399210498929,-0.3146770601911263,0.22851585564220442,-0.6844737948208672,0.06164354413257899
654823,-1.707482388417797,0.10916539071248328,-1.8857051639931897,-1.5365197337800784,0.8860635731773401,0.1673646371719117,0.6223846884090523,1.1733231637499593
655335,0.19292910880118647,0.1530221988095783,-0.06502097945612544,0.4374056735067309,0.24092204426092295,0.2326732154813816,-0.1502220637621789,0.6509051116680504
655656,-1.596419321638835,0.1232926801603813,-1.7990559397218784,-1.3977620921452119,-0.8587597605234599,0.19322866241289544,-1.169451774834497,-0.5331469968170572
657882,-0.15184431551306268,0.1521138550494889,-0.40935862818757707,0.09139185853967162,0.06095551859523022,0.23188509374088725,-0.29945354572597443,0.4630164494406616
659244,-0.1939370812870413,0.1174380250573665,-0.38969917569485757,-0.009560595825621507,0.3739542505909501,0.17288601930634967,0.09685234279760394,0.6629806426897158
661732,-1.5446060740405614,0.1526736048366588,-1.7925282491184025,-1.2897818011533486,1.0371156568381765,0.2367749880103813,0.6531110404890961,1.4046389080610198
663974,0.3987432196027777,0.14881192148556266,0.16557254229794408,0.6407517609593206,-0.11936486935538754,0.21996778068679224,-0.4851666515084976,0.22689915685014223
669602,-1.7716425835407994,0.15455676939056487,-2.023468197696338,-1.525187929401994,-0.6776596204197961,0.2453824942360836,-1.0558432882744726,-0.24123439552580722
670456,-1.3772529235570312,0.15574941988595772,-1.6201803572595543,-1.1119820859620586,-1.5710752813230706,0.24464612593425716,-1.973959931020504,-1.1945458287786679
678620,0.6785453680810624,0.1105984266074436,0.49428277958863526,0.8567830850963137,0.6117354886725117,0.16604148602180366,0.33457289405178015,0.8910525805115538
682943,-1.298133447031059,0.1574354766124831,-1.5550962520385878,-1.0419517749089136,0.5991134860904515,0.23722702563474962,0.2089965707352684,1.0053384884187557
683194,-1.6327053049404845,0.1521299745011037,-1.87891673626458,-1.3819527778576175,-1.736327503954204,0.24005156652943496,-2.1429177422222034,-1.3466795359241959
683848,0.3510035534486513,0.1296363593134353,0.13238133027063284,0.5647129611927217,-0.7972538126779404,0.19829073838863115,-1.1181392469927216,-0.451450468459194
688446,1.241804316636413,0.15099635344627618,1.0134679787073155,1.503293626214328,-0.876240852469996,0.23297430644558326,-1.261485774660479,-0.5084367200686842
689107,1.3606138237390486,0.1542612756622718,1.1033302389200652,1.6146683743893793,0.031033956843638338,0.23401535493677128,-0.33345775147740336,0.42151320491696986
691939,0.2826208320922677,0.15041530928532992,0.04839557602658134,0.5329959391449255,-1.2829367588028135,0.23712899973742935,-1.6662064907396534,-0.9075893112444583
693939,-0.6306824336598165,0.13476290153949144,-0.8443707687877712,-0.40405876269365115,1.3776754270474822,0.19598832094778423,1.0636897892536885,1.706254598401161
693943,-1.1652505929458215,0.12819741241599011,-1.379222289142131,-0.9506033340077139,0.11011951845786164,0.19582677695922684,-0.20189445927592392,0.4233705807748037
694062,-0.028289252689754255,0.11244477752772203,-0.21100877444776386,0.15719373550173882,-0.21068041956302497,0.15883402493101056,-0.47223505659560017,0.04666730714210661
694195,-0.6994178771604342,0.11042352600904064,-0.8845168284075872,-0.5172167552163589,1.1461633509172338,0.1686327831516601,0.8736465992359546,1.4136315762337266
694310,1.5223861005400856,0.1284467170415387,1.3121031079414243,1.7287953998342431,-0.2835741721229154,0.19299380349475168,-0.6029787661730311,0.047712995190330794
694506,-1.6629082020479575,0.12290570918422208,-1.8551932654879375,-1.4680770296046823,0.9390309145903568,0.18968156847965326,0.6293591662151539,1.2425078020107503
696440,0.5475841767238302,0.1525336678584635,0.28823270972733656,0.7975435200897172,1.3769350325645389,0.24037803956977175,0.9645642334670654,1.7575401977877956
696658,0.8113865394009936,0.12426063424152266,0.6083757509826605,1.0153148551301898,0.19502106862757013,0.186621699227892,-0.10528595076369891,0.5068483123910489
697957,1.0747814877574489,0.1595847635168443,0.8115438123747395,1.3356783788535043,-0.7024866953789897,0.23221621558620328,-1.0831013651205712,-0.3279234400139584
700268,-0.25869236151481256,0.15441132796837226,-0.5110655721906446,0.004285831229322336,1.1672780151365882,0.233449505307738,0.7716661263792758,1.5271810027358204
703740,-0.7794036520025731,0.13372276532060373,-0.9998474675844712,-0.5582404088890599,2.338063525843495,0.19720614364927233,2.0124516067615588,2.6623895922172545
706732,0.42414847591675414,0.10946592740509277,0.241478771072079,0.5960847101734577,0.3518650199951456,0.17331008121168842,0.06601986172850469,0.6410807451430499
708179,-0.997168810965863,0.12282739265583956,-1.203887834020438,-0.7913506125309612,0.5605175999990751,0.19345163204374413,0.24591704980045134,0.8671499530667811
711011,0.06830339282651443,0.125066520644867,-0.13711708244771253,0.26859293855787775,0.18366182571798464,0.19495322576000815,-0.1365489435456506,0.5144269139940639
712305,0.9740742602992359,0.1534787181454091,0.7335736140679141,1.2162804145915056,-1.2389020499980807,0.23312841513803845,-1.6309246541102866,-0.8475472203234887
712692,-1.9133730420802664,0.15643834178157937,-2.172075626277886,-1.6647465336807539,-0.7622983819296815,0.24241697893870545,-1.1718419047573796,-0.37435273756010473
712871,0.8151668783090723,0.15208069787396267,0.5566287873486575,1.0550912121907943,0.26793265866473237,0.2365675661763797,-0.14595220799856579,0.6324670575354742
713064,-0.3943008666007801,0.1266300595287005,-0.6037914173611038,-0.19182062598924704,-0.5101499345582603,0.18997426700960696,-0.8141455950055778,-0.18952706214138232
713622,0.9268949263348574,0.1554550910903899,0.6701211986049884,1.1767474633721664,-1.3577920098537453,0.2334281757034858,-1.748754540305275,-0.9547260216397708
713837,-1.336950666273326,0.15817277095905988,-1.5935877595022747,-1.084842426069277,-2.2727554460048154,0.23854171045119937,-2.651998110989136,-1.8758254626163777
713838,-1.0100061697417244,0.15307789904055763,-1.2663882509206152,-0.7583859849471687,-0.28636345598275775,0.2319187923871097,-0.6678193490670844,0.09962324742701333
720559,1.5918360339628614,0.12032565026669617,1.389101156997575,1.7809931135426913,0.28065454181753646,0.18402917383658518,-0.027779710848930526,0.5812083215078404
722550,-0.9134856288859861,0.15342022901350305,-1.165236652444209,-0.654718657256345,-0.5754901677035513,0.23396448397478425,-0.953226187061771,-0.19719445700637003
722567,-1.0920334577591144,0.11460273104768351,-1.2774700748001466,-0.9153768324895738,0.5965909947312911,0.16854374428355443,0.3216968296155718,0.8676539712262209
724440,1.097855395687039,0.1552219975755373,0.8423140589722998,1.3441486141010623,-0.35262037428114806,0.2274998381457449,-0.735719135209316,0.02374715598256104
740187,0.6860538583998165,0.14348147460164723,0.453124790795925,0.9156713067405,0.19078066349101436,0.22639035267363192,-0.1818957365488363,0.5527899985220726
743429,0.23137204911569798,0.12852698135207677,0.021166414163250987,0.4366585175733786,0.9396146040984513,0.18560249102972431,0.6376609767553916,1.2411843501698654
743536,-0.9874355044437302,0.1635353108746795,-1.2719772588038984,-0.7156879127883315,-2.800082367988322,0.2371189346021619,-3.203203479133647,-2.4198266300999935
744761,-1.2086527687267592,0.15537666948169118,-1.4675217432466758,-0.9636345515727318,-1.42474760887332,0.2224814875061816,-1.7996954504924079,-1.060517782742864
744811,-1.453691283514372,0.13947744253158542,-1.6854032243862564,-1.2372162258269215,-1.9186718996403898,0.20177412442975445,-2.257318384316911,-1.5928118333339871
744854,0.09810840836543462,0.15017973961273712,-0.13949045981102165,0.3409505705790629,-0.2412886970852676,0.23093898466354207,-0.6002060590230571,0.11667202579568414
746346,0.345540820562894,0.11591847758715043,0.1599386653167386,0.537683167669352,1.5693296936253884,0.17733911922454637,1.2779457788094666,1.8676638556563756
747916,-0.12280790351020536,0.10834827784768136,-0.3097090368568407,0.05603586083814375,0.5495375857771089,0.15744525421468192,0.2816413230593662,0.8024579140543262
764899,-1.8129994501049551,0.1586797542276552,-2.0799291398784407,-1.5468574547017229,-1.2438902742419264,0.23958644844648538,-1.6281941090484202,-0.8375437313872012
767660,-1.110187471980982,0.1545336240845649,-1.3502704930202176,-0.8526441733905504,-2.167420605996804,0.23583262480912925,-2.5538560514942246,-1.7749586430987168
769463,1.2510599951113273,0.12533296629280813,1.0545667746470935,1.4600084553029309,-0.7243477367768802,0.20311361106091608,-1.0691725931268796,-0.40156526666449177
769471,-1.357336096886945,0.1570282110775739,-1.6196339274468243,-1.0957523954027968,-0.2970201452610579,0.24084539141079922,-0.6880422808800934,0.09453974071121911
769742,-0.44580029355867085,0.14884854079159623,-0.6872832612337276,-0.20960843882815028,0.6036984034374357,0.2279143431097214,0.23608889038789088,0.9675043570225296
770387,0.36528725690056124,0.147186699970745,0.11527854965445382,0.6142579557568052,0.9337378371162481,0.22395371215442808,0.5621935472601178,1.3037044483251297
770391,0.35191057500512163,0.14845363932226377,0.10928757941338951,0.6088943834153293,-0.27685865405060267,0.2283994722622529,-0.6718872065708295,0.09046796480697328
770398,-1.7841391316294803,0.13215416048933737,-2.0079727111934864,-1.5642334949002445,2.4474707444340553,0.1992159834809338,2.1319408743170163,2.7889194822011447
771062,-1.1826175346923573,0.1551079071951781,-1.444654145886064,-0.945992605691804,-0.7049077777010442,0.2344813954712307,-1.0775044318321698,-0.32740544427301577
773942,1.6537907358016755,0.12414964475279054,1.4482625620736982,1.8551915643937806,1.0413962907938012,0.18445151308829325,0.7450752885604777,1.3514413021535037
776387,-1.0767336080542604,0.1199224384964288,-1.2684183045176494,-0.8820748744228593,1.094537091177891,0.17536485899960597,0.8131253830733246,1.3870943910921625
776656,0.3845855031639419,0.11098914470199213,0.20685975502423545,0.5759875674302806,0.8320215489456567,0.15505821646508144,0.5892347959210784,1.0975662732753912
777938,1.3865620053337027,0.1507593197445972,1.1407040760591953,1.6255884619907819,1.1879466036675248,0.23778360502276416,0.8130947129022595,1.5907660092390417
778343,-1.0639273116886245,0.12572807988886922,-1.2767719778038884,-0.8664091403548011,-0.8341849834084665,0.19261921185357156,-1.1655544391527994,-0.5216795492665927
778363,0.12481130130090094,0.1532448520228402,-0.12986538086094682,0.3814652016666156,-0.292802792815424,0.23500989606973743,-0.6597805434255901,0.11248631846347022
780739,-1.5506693631339326,0.15307350657449195,-1.7860784422856686,-1.296570680415604,-0.49952048644715913,0.2506586389673125,-0.9173910685020311,-0.088079652593972
784394,-1.6667524751462408,0.14932070371010692,-1.9095168297208667,-1.415994384754979,-1.3075380414797702,0.2338324577511271,-1.698331617951676,-0.9202995310659834
786686,0.3984627175140697,0.1506159376104485,0.15416896841143807,0.6597564551721382,0.4052164118031371,0.21811808804946609,0.05766539014363708,0.7705109526499762
787348,0.9201950642658072,0.12596947679020717,0.706566866238617,1.1287099079749163,-0.24000285919765074,0.19875691694556546,-0.5551316431507635,0.08728510861141613
788748,-1.3614809544601787,0.1297294001268028,-1.5786348082232016,-1.1505666865644315,-1.409369357994975,0.19558091955935505,-1.7402537507903013,-1.1013260650214702
788852,-0.5019639806229834,0.12764166548619452,-0.7031205078743864,-0.2997190593905746,1.2995800923105059,0.18627350455320996,0.9880542009109624,1.5947998112167177
805039,1.0597012278934235,0.15183953564673683,0.821347139320723,1.319967166674503,-0.8883904482854951,0.23190578676140872,-1.2663703309221468,-0.5082501688258201
808262,0.877114278183163,0.14860172844264755,0.6507374091118153,1.1328126267779728,1.087339113822746,0.22275098752648087,0.7377573721147825,1.442650816454582
808345,1.0563065995965601,0.12545395977557,0.8565512803739253,1.268435688873292,-0.25535828536955707,0.19527464032513842,-0.5873308243008544,0.05655606981088871
809746,1.3904238337745167,0.15630955868496646,1.1259238054074299,1.6475513541257718,0.28341825748507204,0.2308791112617412,-0.11008018368675017,0.6435395273271861
812973,0.91217511525067,0.1541511096931092,0.6589368404176106,1.1659274938296953,0.03691872361568815,0.2378306906667513,-0.3416740996170633,0.42860830247160403
814546,1.4661284917788018,0.11445320627610378,1.2831770210838396,1.6496124875666622,0.08128316385958986,0.17906586487845502,-0.22016236980687384,0.3690427530659839
814737,-1.5586280054301382,0.16569292317171477,-1.8306617525902324,-1.2958481624414957,-1.9061750221782656,0.24209634095736046,-2.307646527660678,-1.5072640694823647
818689,-1.156068901920424,0.15543470190859213,-1.4119731316967479,-0.8944485951209663,-0.8461417667476898,0.22611318668117267,-1.1996762912190657,-0.4627614133849487
826049,-1.1954466389658338,0.15458684153587846,-1.4573975251703895,-0.9394065716051364,-1.4424705191358465,0.23084600201072544,-1.814255398794534,-1.0652755852547469
831472,1.3694539540340365,0.12786801018579538,1.1619297008566356,1.577226208125432,-0.589087356562919,0.2034816604805147,-0.9244900845618763,-0.24140448134061904
838872,-1.145290428311691,0.1507617277209131,-1.3912201909938189,-0.8964006067037824,0.47839850090192415,0.23374512625909247,0.09631469367148082,0.8612826436739522
843681,1.2898914013204936,0.14966876666667234,1.0426972965668484,1.5431799432742284,0.024798026743628614,0.24125445320980005,-0.3531807285344563,0.41032496800470303
844244,1.3479447228997652,0.15517053282019186,1.1016614608467536,1.5935578749536383,-0.4401039885440265,0.23271275336385505,-0.8241656775381677,-0.048864866977872214
855222,-0.9290787231220148,0.12939002754281373,-1.131316278419295,-0.7142050206082197,-0.951286364503038,0.19878958172787808,-1.2677231173924604,-0.6376941970572653
856312,1.4122649526975697,0.15302926258770205,1.160025680015737,1.6691860643202736,0.2708939977535318,0.2306307728899946,-0.10465391557261156,0.6564057158331201
860728,-1.2023605314748291,0.15204655417474625,-1.4450551128499465,-0.9564660528959833,0.9816639536649975,0.22751447534618213,0.6020969283780196,1.369844342924802
879047,-1.1630731438955706,0.15139298610346177,-1.4072270372946865,-0.9209061474508111,0.6324817553937514,0.2328487512830189,0.25897545471354855,1.0037003687226311
879052,0.9951858492318101,0.12663230438574252,0.8000584563777405,1.221507237425596,0.5807602078456079,0.19724935917448405,0.254828779124096,0.9140191422074184
911027,1.4357082679056394,0.1494050015541045,1.1821032556091509,1.6785624939229702,-0.6549426063983482,0.24415932571075674,-1.0389631213866584,-0.2735387848718824
916711,1.3530830275891337,0.1581344804277314,1.0918327884666839,1.6123138565901185,-0.8488986910592932,0.22927694367025644,-1.2449985268674126,-0.4609126889712317
935301,0.8780731063288019,0.15084382402546997,0.626559015781678,1.1302614327798264,-0.5748709807384228,0.23207478694363173,-0.9597345147576141,-0.20638544138945503
938660,0.2522816408568097,0.13349402466391497,0.03699108736118114,0.4711306228915441,0.617690793020593,0.19364274098393633,0.29265831190757996,0.9375058552354123
947211,-1.3113580370339184,0.15122810349884364,-1.567044264727509,-1.0608088052227422,-0.7841639152955208,0.2422474088548632,-1.1892875064454387,-0.3937682740423297
947678,0.9956503109131782,0.15477507918897793,0.7359285341083293,1.249377677944884,-1.172789879387571,0.24695711302587978,-1.5820630075670294,-0.78127381200848
1016232,-1.1936802242908053,0.14810053130248366,-1.4427476993714032,-0.9476911275478166,0.010477627957583776,0.23355013329006336,-0.3724159081906214,0.383620394287297
1075948,0.48282613813990183,0.15577900887528337,0.22698613161189224,0.7348426802049797,-0.02997394052546539,0.2259082820201298,-0.39720721315062785,0.3294253350789103
1127679,-1.6779317317518125,0.1598496501559047,-1.932194177575572,-1.41436052071524,0.6403540692466062,0.24811907439068573,0.24905355512783756,1.0711014964073093
1182657,-1.6783172510958166,0.14978655041597846,-1.9262930580001205,-1.4381175917856257,0.8019859096633909,0.24055830815671023,0.41232054124318707,1.193545594188028
