variable,mean,median,sd,mad,q5,q95,rhat,ess_bulk,ess_tail
lp__,-63267.46539775,-63268.1755,319.600170726281,315.04805220000446,-63799.543399999995,-62734.775200000004,1.0047178980989129,666.0653325973545,1298.8037885540562
nu,4.8823410154,4.88200595,0.06557084694910045,0.06443513033999987,4.77481858,4.990130465,0.9995604127253653,3093.122004811407,3530.5207888889277
lambda_a_diag[1],0.602569467175,0.602426895,0.01814874164521381,0.017966131974000033,0.5730925235,0.6331064660000001,1.003123351371063,872.2838366312575,1602.7681308657457
lambda_a_diag[2],0.436349149565,0.436057515,0.01590482828176113,0.016184076425999963,0.4109057505,0.462749858,1.0019939606741064,474.2087414006353,1232.971471012344
lambda_a_free[1],0.3175350184525,0.31722204499999995,0.02013780629355978,0.020224205903999946,0.284093998,0.3506002305,1.0074378008820708,213.58404450266474,424.55855241387115
lambda_a_free[2],0.729302470855,0.7290194400000001,0.018417359328982204,0.018233630078999925,0.6990274745,0.7598717645,1.0021982380575198,687.3399353899058,1591.545682818947
lambda_a_free[3],0.433570718275,0.43404336,0.025377144751336664,0.025156897646999982,0.39052029250000003,0.47419253899999997,1.011168274734916,171.2988079273058,242.55712894594686
lambda_a_free[4],0.76224947453,0.7621886449999999,0.019416433373033403,0.01935764103000008,0.730510766,0.794239465,1.00471076849966,485.65676605481764,1233.8248468992724
lambda_a_free[5],0.326039973605,0.325843475,0.027014969159293422,0.026695102559999972,0.28271036450000003,0.3708773799999999,1.0052427274883704,250.86639595403784,581.263996293173
lambda_a_free[6],-0.5729607068325,-0.5723989949999999,0.02637621640421931,0.026115317003999935,-0.6176409460000001,-0.5304085814999999,1.0099878212438627,165.18583534713682,272.3632795212073
lambda_a_free[7],-0.6934188136775,-0.6930869150000001,0.02507259663711803,0.024588542937000017,-0.735988649,-0.6525286685,1.0095328739988194,164.95571836510862,306.2823831623912
lambda_a_free[8],-0.8884657479875,-0.8879618300000001,0.019554756550321777,0.019452015932999993,-0.921858377,-0.85609638,1.0046926814034116,217.89298445902378,478.52433755233375
lambda_a_free[9],0.263145550025,0.264168505,0.028855692089749783,0.028184248239000006,0.21481919900000002,0.30954633499999995,1.009863175389828,181.36983520662224,251.03206322116182
lambda_a_free[10],-0.720921734865,-0.72072723,0.021916749031277365,0.021709163237999984,-0.7568881265,-0.685373298,1.0044206606097088,236.57118164030564,586.2734680967169
lambda_a_free[11],-0.8280129162925,-0.82752968,0.01914028929575901,0.019323430035000023,-0.8606216125,-0.7971080465,1.0022211036665318,375.833288370665,949.7148137546716
lambda_a_free[12],0.29195577498,0.29239380000000004,0.02146362304127857,0.021475950258000066,0.2564849625,0.32710145949999997,1.0084616205294057,184.7282021220677,267.40631610864125
lambda_a_free[13],-0.795655440455,-0.79503604,0.02204512226181332,0.020553217082999932,-0.833311559,-0.7596979804999999,1.0080389545713644,175.3985752293471,327.3713335589887
lambda_a_free[14],-0.62775365917,-0.627460165,0.02193797225814996,0.021723989237999997,-0.6644365475,-0.5920079725,1.0052962379299515,219.67297009192407,589.2225093517117
lambda_a_free[15],0.4522837513225,0.452737995,0.025884907359904112,0.02552639863199997,0.4090012245,0.494312517,1.0093310121119303,180.77690193337128,243.39953273875713
lambda_a_free[16],0.04224171510531425,0.042828431,0.024958107872218686,0.024707052344100002,7.594766445000031e-4,0.08335523494999994,1.006901859544036,204.29792726146047,387.8493021269471
lambda_a_free[17],0.3404261163825,0.341823185,0.02828386993455053,0.028115433359999994,0.292781819,0.386189054,1.0066995102641711,247.14038898658518,497.6575394278392
lambda_a_free[18],0.4719664276625,0.47241106499999996,0.027985086102193125,0.027593150445000058,0.424355987,0.5165886304999999,1.0115418299169292,160.9070867402025,216.66096018287735
lambda_a_free[19],-0.5365524563825,-0.536358035,0.022127316579611388,0.02181199637400001,-0.5731458555000001,-0.5014489465,1.001377422732482,723.4721576257032,1517.4789104626188
lambda_a_free[20],-0.0636198927258565,-0.063185349,0.02342413210179845,0.023466034601100003,-0.103113488,-0.025682054150000008,1.0077033673848401,214.27622093434542,379.0917786652035
lambda_a_free[21],0.632764070255,0.6332804249999999,0.02520051554506845,0.02538822031200003,0.591426233,0.673055072,1.0099906673610088,216.5077988892156,417.594534876185
lambda_a_free[22],0.3266888784075,0.32685541,0.024728464052063043,0.024288738978000008,0.285721665,0.366788168,1.0082851355835583,227.46036799322272,393.0869507203876
lambda_a_free[23],0.3386999878475,0.33916230999999997,0.022768459167472176,0.02273211275999996,0.3012559665,0.37597257599999995,1.0054191887688981,279.4611367576072,485.3108326359616
lambda_a_free[24],-0.3101574171975,-0.310302725,0.01801060898285873,0.018000113166000007,-0.339172486,-0.2804437765,1.0012494317330847,1672.564832479703,2743.246772183542
lambda_a_free[25],0.7797016165225,0.779612285,0.018485742720148978,0.018686623683,0.7496341065,0.81006956,1.0053442832017616,491.98425567453154,1436.4324600981977
lambda_a_free[26],0.4974251930925,0.4974633,0.021403080639399278,0.021362724095999996,0.4624423355,0.5318627069999999,1.0009878651149369,815.4137003526286,1752.342188184111
lambda_a_free[27],-0.50998712414,-0.50990072,0.01998539101131549,0.019859916258000015,-0.542964768,-0.4774172810000001,1.0016796869321012,1026.7789109485207,2414.6733487164565
lambda_a_free[28],-0.5252712553325,-0.525541745,0.017317853776354912,0.017507660163000087,-0.55315372,-0.4965900885,1.0051482025455882,523.6842812781201,1475.724884772797
lambda_a_free[29],-0.89214293114,-0.89175179,0.017473610614095268,0.018160930787999963,-0.9205192525,-0.8640271055,1.0064140098311238,445.9178521856768,1327.8340009614183
lambda_a_free[30],-0.1781577522905,-0.17800605,0.02523189328419241,0.025909020627000005,-0.2196966135,-0.13724703500000002,1.0028817899841045,307.53426326076686,925.9842925825307
lambda_a_free[31],0.175188423411,0.17605967,0.022101118508572062,0.02208113275199999,0.13902652399999998,0.210781966,1.0049425426460683,302.8156615804135,617.6694580846176
lambda_a_free[32],-0.7923171874725,-0.79267702,0.018039753289266432,0.01782584094900001,-0.8215274029999999,-0.7622527925,1.0040404877795046,598.7873309878368,1567.4904239648642
lambda_a_free[33],-0.7137708633075,-0.714150775,0.022421583451196266,0.02310305928000001,-0.749035315,-0.676102806,1.0070085022293322,271.7790002998744,577.125337711905
lambda_a_free[34],-0.6502976539750001,-0.650168685,0.021251638299593853,0.021319009634999962,-0.6850471705000001,-0.6155098115000001,1.0056222392396803,323.9841784097392,779.1982400284371
lambda_a_free[35],-0.41021619331,-0.41010721,0.02289775057589263,0.023134245771000015,-0.448497563,-0.3726885445,1.0047676413792617,549.8320767701059,1352.643310078974
lambda_a_free[36],0.7381657050125,0.7388097,0.02216364919617246,0.02237084020499996,0.702056573,0.7739904255000001,1.0065706617189327,287.7575258439954,545.0047272961456
lambda_a_free[37],0.1746829627545,0.17466812999999998,0.026926950867761538,0.025890977384999955,0.1311587365,0.22014923849999996,1.0045398844556346,220.37269422732518,389.25357019839345
lambda_a_free[38],0.51057586642,0.5105195250000001,0.015059191989354773,0.01503752995499982,0.485019961,0.5354798799999999,1.0007330810092196,1006.2221554635404,2291.5025186597395
lambda_a_free[39],0.4403635867625,0.44025257500000003,0.02135602083107831,0.02112154955399999,0.405814998,0.47541285,1.0034059211326554,510.9514387458708,1516.407649271403
lambda_a_free[40],-0.25972687024,-0.25939996499999995,0.01947060023379395,0.020128422531000036,-0.292078256,-0.228425959,1.0014489106536413,1413.465456775616,2445.948108655059
lambda_a_free[41],-0.489787933755,-0.48977689,0.02205158162411664,0.021641816133000043,-0.525723456,-0.453108698,1.0044583556058766,499.4537824922935,968.6296902270016
lambda_a_free[42],-0.4897467055,-0.48951399500000004,0.01695670109305406,0.01659638007299997,-0.5180942664999999,-0.46153053650000003,1.0021368684001477,986.6552952625424,2191.256586202202
lambda_a_free[43],-0.4320561551775,-0.43173943000000004,0.019865843470826934,0.01976402169000004,-0.4654110535,-0.3998333675000001,1.0028585842742628,453.2456027630844,1337.7442627351065
lambda_a_free[44],-0.5899477811725,-0.58986932,0.021775475101600852,0.021732736578000084,-0.6258393675,-0.5544069105000001,1.0043768594075504,425.3556490351396,1198.5107616765963
lambda_a_free[45],0.16911868142825,0.16924869,0.023866753311857704,0.02456682284700001,0.129762476,0.208362783,1.0023607727176453,1228.44461102005,1807.4116860794743
lambda_a_free[46],0.481586776185,0.48133418,0.02372284708209996,0.02388145393199999,0.44362342450000003,0.5212961939999999,1.0032054125967296,492.8780143896455,971.9588714917439
lambda_a_free[47],-0.17066495368,-0.170164875,0.020142687587295545,0.020135716923000004,-0.2038275185,-0.137937437,1.0009856986000718,2199.757843182462,3527.1095098102305
lambda_a_free[48],-0.039285878924127,-0.0398250495,0.023071655588462574,0.0223442156742,-0.07668270989999999,-0.0011567261350000177,1.0071127424976367,220.78295517234932,363.31985329096244
lambda_a_free[49],0.613846546725,0.61369816,0.018251087336828318,0.018111545381999952,0.5850441515,0.6442447545,1.002588745432497,307.91815749097765,634.2220205424986
lambda_a_free[50],0.203811764415,0.20354672000000001,0.02341423910648923,0.02261609931000002,0.165867531,0.24274991549999994,1.010084924736611,208.64650385725616,298.7701793867299
lambda_a_free[51],-0.466711859935,-0.46679723500000003,0.0231297610216556,0.02314174031400002,-0.5046168175,-0.4284205615,1.0031806786820858,656.3647308256885,1068.3956589288482
lambda_a_free[52],0.572868399775,0.573054,0.022554922569214608,0.021829809812999975,0.535709703,0.6103880529999999,1.0126218297910972,227.3868137898696,470.4328438563236
lambda_a_free[53],0.5256771368975,0.5254094899999999,0.023204831412170883,0.02204666230200011,0.48712403899999995,0.5644874795,1.0220967832033843,190.52556967281896,337.4068842559461
lambda_a_free[54],0.268373149675,0.268776185,0.02445717454647847,0.023668307943000007,0.226764375,0.30878037799999997,1.0213094123977156,150.82706152529093,184.60649924078146
lambda_a_free[55],0.66740063723,0.66688602,0.021092477147145575,0.020933659655999963,0.633300454,0.7027358905000001,1.002825237052186,733.236433318971,1677.756619792173
lambda_a_free[56],0.335245645695,0.335393175,0.024031768413752725,0.02327922181200004,0.295325371,0.373594033,1.0116165489404465,200.88033640292363,244.0226692406406
lambda_a_free[57],0.124798805704,0.12522338,0.024722623152370924,0.024550128771,0.08443015935,0.16531685550000003,1.012285396423647,185.75978249241845,269.73813810487763
lambda_a_free[58],0.4939643669075,0.493728195,0.01563672549633413,0.015522651501000018,0.468655683,0.5198536054999999,1.0016009810920856,408.05979098612204,1020.0438735120131
lambda_a_free[59],0.39451430452249997,0.394782485,0.02332505014356388,0.022387423086,0.35553105150000003,0.433698878,1.020034389142215,170.71528936501707,252.75878336195404
lambda_a_free[60],0.3804512052325,0.380293,0.022331877935147782,0.021963955461000023,0.3428076325,0.41657569749999995,1.0120489470613632,228.07874896232357,378.62952533020155
lambda_a_free[61],0.612143336825,0.6118553950000001,0.019474999032343447,0.019344638628000094,0.5807678785,0.644668121,1.0032864664194332,302.11580018956784,1003.2967525362396
lambda_a_free[62],0.5473801426925,0.54766496,0.018358702020419743,0.01835531447400003,0.5171690575000001,0.576897863,1.0009576791551644,1325.8990681859145,2112.8459054164077
lambda_a_free[63],0.5619633688875,0.5621193200000001,0.023892184025328556,0.023837109365999958,0.5228355200000001,0.6013932974999999,1.0030030096692482,474.2734895848158,1540.3102535065482
lambda_a_free[64],0.703467059355,0.70290633,0.01970110716358661,0.019695777611999952,0.671416297,0.735986076,1.0021495686171842,283.598532767259,847.219812134494
lambda_a_free[65],0.079331419441125,0.0791126405,0.024711833861312024,0.02426883655559999,0.03938234870000001,0.12014286199999998,1.007235019866415,248.0697051293572,711.1699530656806
lambda_a_free[66],0.4714626517075,0.47158050500000004,0.01720132213069017,0.017370297273000004,0.44315330900000005,0.4996867115,1.000537961277241,1435.1621314119725,2474.0618426258848
lambda_a_free[67],0.52549237702,0.52509239,0.023254197504745677,0.022953635439000104,0.48884331999999997,0.5646130104999999,1.0070557063246048,253.02989773855774,555.2034213346516
lambda_a_free[68],0.517344359135,0.517144265,0.020257793281788474,0.020036293767000012,0.4851993235,0.5516970615,1.0009292655916429,578.9309822838193,1514.9389353056142
lambda_a_free[69],0.427970346505,0.42783738000000004,0.01959062404574158,0.019775519253000036,0.395720209,0.46028446549999996,1.000631012086983,547.0572852893173,1595.5246964624148
lambda_a_free[70],0.031692077755304325,0.0320439845,0.018980176770119445,0.0189101263743,-2.7299448749999977e-4,0.06251666665,1.0021851591056123,775.4579253724322,1969.0185311664643
lambda_a_free[71],0.1215068164485,0.12147163999999999,0.023389393433684652,0.023218383321000007,0.08349953195,0.160679241,1.0119210791946744,195.54803351972728,382.4485445154972
lambda_a_free[72],0.20937614702000001,0.20949597,0.023410217589001515,0.02352178999799999,0.17110510500000004,0.24740012249999999,1.0039305226514326,357.741500843446,592.398197792327
lambda_a_free[73],-0.12464813677825,-0.124562145,0.021950898163567392,0.022506001434,-0.16066821950000001,-0.089300441,1.0026379983003009,392.46075071662483,1726.0632158610922
lambda_a_free[74],-0.205295654885,-0.20529764,0.01898719295643072,0.01924465208399999,-0.2371612435,-0.17447405900000001,1.0047350718702015,257.4530929553717,677.4367062869491
lambda_a_free[75],-0.09128544685545,-0.091263397,0.02432332651025512,0.0240230022018,-0.1321232655,-0.051143704250000005,1.0140750031475934,160.25458237987434,213.69914970122713
lambda_a_free[76],0.37647219388750003,0.376138125,0.02303475897642527,0.022830572225999986,0.338263386,0.41498724249999996,1.0008775716327154,1137.0846783338918,1912.7672778675137
lambda_a_free[77],0.3907211381975,0.391048925,0.018735604055022042,0.01876575745799999,0.36057192250000003,0.42134824099999996,1.000572585963011,1456.3997187041596,2465.9737445053715
lambda_a_free[78],-0.149786576904,-0.149484195,0.023412032019395054,0.02239240462199997,-0.1894249555,-0.1115930025,1.0085604797037933,188.96465498522687,252.9102687306493
lambda_a_free[79],-0.411252209145,-0.41104616,0.02304732407310655,0.02270604123900002,-0.4490890955,-0.3735818175,1.0068792160066669,222.22511679635193,402.6480547759993
lambda_a_free[80],-0.3468408954625,-0.34666952,0.022194101002028087,0.02222325478799995,-0.383636297,-0.310253801,1.004630181049287,229.2358001257422,525.7646195044933
lambda_a_free[81],0.15042755431625,0.15027089,0.023841837330290334,0.023530730075999998,0.110808908,0.18898463999999998,1.0042152507410882,516.6481754769326,868.1130114753786
lambda_a_free[82],0.3901253646325,0.39033545999999997,0.023787792650003903,0.023525919038999935,0.35060464150000004,0.42903142850000003,1.005557057079887,207.40362444423573,449.738080789417
lambda_a_free[83],-0.5433406887825,-0.54268284,0.02083714947614425,0.021011118093000054,-0.5779801835,-0.5100637659999999,1.0007122863147597,755.7748457952133,1449.695616927138
lambda_a_free[84],0.02339957264725775,0.0234040135,0.018036494717361226,0.0179419166682,-0.00620267528,0.052580962449999984,1.006634849220452,240.19938013354155,428.3388189156505
lambda_a_free[85],-0.2051702728375,-0.20509549500000002,0.02203322836623755,0.02219382517800001,-0.2415757535,-0.16989179850000002,1.0038336559825862,416.2570335740302,604.4714460465631
lambda_a_free[86],-0.0200866038995005,-0.020021961499999998,0.02024903242807926,0.020077284543540002,-0.054047057950000005,0.012944748699999984,1.0019472100449627,1007.9396235139238,1970.8608725402607
lambda_a_free[87],0.1812780485125,0.18145733,0.02315120213016954,0.022339105152,0.14281505699999997,0.21889940349999998,1.0039716680555415,445.3684783237945,531.3567858533347
lambda_a_free[88],-0.10353586394925,-0.10337904,0.019204185746434083,0.019286009210999988,-0.135478469,-0.0728086218,1.0039997293925815,318.87255559631427,777.117699337174
lambda_a_free[89],0.2102868716475,0.21016333999999998,0.020340022140116466,0.02037550523400004,0.1772628775,0.24357615749999997,1.0040770715817864,437.82379943360905,947.0082359562446
lambda_a_free[90],-0.3128480444575,-0.312680165,0.02273774426564547,0.022603074669000023,-0.35064773749999995,-0.27649260600000003,1.0025093623163435,278.38884343495977,767.514172050668
lambda_a_free[91],-0.1456281965535,-0.145525735,0.02346435685498081,0.023555808255000005,-0.1842356375,-0.108247537,1.0012067999289493,1249.3402879427695,2049.5191829555474
lambda_a_free[92],0.2940910472375,0.29411213999999997,0.023477305864943978,0.023732119046999997,0.25503607749999996,0.332983892,1.0013864124403693,477.7366495230203,1764.6406526398314
lambda_a_free[93],-0.12136787335,-0.121359615,0.02048659605165284,0.020878677435000007,-0.15497000400000002,-0.0880182014,1.0009459683890507,2381.1614096992284,2761.168698521793
"Lambda_a[1,1]",0.602569467175,0.602426895,0.01814874164521381,0.017966131974000033,0.5730925235,0.6331064660000001,1.003123351371063,872.2838366312575,1602.7681308657457
"Lambda_a[2,1]",0.3175350184525,0.31722204499999995,0.02013780629355978,0.020224205903999946,0.284093998,0.3506002305,1.0074378008820708,213.58404450266474,424.55855241387115
"Lambda_a[3,1]",0.729302470855,0.7290194400000001,0.018417359328982204,0.018233630078999925,0.6990274745,0.7598717645,1.0021982380575198,687.3399353899058,1591.545682818947
"Lambda_a[4,1]",0.433570718275,0.43404336,0.025377144751336664,0.025156897646999982,0.39052029250000003,0.47419253899999997,1.011168274734916,171.2988079273058,242.55712894594686
"Lambda_a[5,1]",0.76224947453,0.7621886449999999,0.019416433373033403,0.01935764103000008,0.730510766,0.794239465,1.00471076849966,485.65676605481764,1233.8248468992724
"Lambda_a[6,1]",0.326039973605,0.325843475,0.027014969159293422,0.026695102559999972,0.28271036450000003,0.3708773799999999,1.0052427274883704,250.86639595403784,581.263996293173
"Lambda_a[7,1]",-0.5729607068325,-0.5723989949999999,0.02637621640421931,0.026115317003999935,-0.6176409460000001,-0.5304085814999999,1.0099878212438627,165.18583534713682,272.3632795212073
"Lambda_a[8,1]",-0.6934188136775,-0.6930869150000001,0.02507259663711803,0.024588542937000017,-0.735988649,-0.6525286685,1.0095328739988194,164.95571836510862,306.2823831623912
"Lambda_a[9,1]",-0.8884657479875,-0.8879618300000001,0.019554756550321777,0.019452015932999993,-0.921858377,-0.85609638,1.0046926814034116,217.89298445902378,478.52433755233375
"Lambda_a[10,1]",0.263145550025,0.264168505,0.028855692089749783,0.028184248239000006,0.21481919900000002,0.30954633499999995,1.009863175389828,181.36983520662224,251.03206322116182
"Lambda_a[11,1]",-0.720921734865,-0.72072723,0.021916749031277365,0.021709163237999984,-0.7568881265,-0.685373298,1.0044206606097088,236.57118164030564,586.2734680967169
"Lambda_a[12,1]",-0.8280129162925,-0.82752968,0.01914028929575901,0.019323430035000023,-0.8606216125,-0.7971080465,1.0022211036665318,375.833288370665,949.7148137546716
"Lambda_a[13,1]",0.29195577498,0.29239380000000004,0.02146362304127857,0.021475950258000066,0.2564849625,0.32710145949999997,1.0084616205294057,184.7282021220677,267.40631610864125
"Lambda_a[14,1]",-0.795655440455,-0.79503604,0.02204512226181332,0.020553217082999932,-0.833311559,-0.7596979804999999,1.0080389545713644,175.3985752293471,327.3713335589887
"Lambda_a[15,1]",-0.62775365917,-0.627460165,0.02193797225814996,0.021723989237999997,-0.6644365475,-0.5920079725,1.0052962379299515,219.67297009192407,589.2225093517117
"Lambda_a[16,1]",0.4522837513225,0.452737995,0.025884907359904112,0.02552639863199997,0.4090012245,0.494312517,1.0093310121119303,180.77690193337128,243.39953273875713
"Lambda_a[17,1]",0.04224171510531425,0.042828431,0.024958107872218686,0.024707052344100002,7.594766445000031e-4,0.08335523494999994,1.006901859544036,204.29792726146047,387.8493021269471
"Lambda_a[18,1]",0.3404261163825,0.341823185,0.02828386993455053,0.028115433359999994,0.292781819,0.386189054,1.0066995102641711,247.14038898658518,497.6575394278392
"Lambda_a[19,1]",0.4719664276625,0.47241106499999996,0.027985086102193125,0.027593150445000058,0.424355987,0.5165886304999999,1.0115418299169292,160.9070867402025,216.66096018287735
"Lambda_a[20,1]",-0.5365524563825,-0.536358035,0.022127316579611388,0.02181199637400001,-0.5731458555000001,-0.5014489465,1.001377422732482,723.4721576257032,1517.4789104626188
"Lambda_a[21,1]",-0.0636198927258565,-0.063185349,0.02342413210179845,0.023466034601100003,-0.103113488,-0.025682054150000008,1.0077033673848401,214.27622093434542,379.0917786652035
"Lambda_a[22,1]",0.632764070255,0.6332804249999999,0.02520051554506845,0.02538822031200003,0.591426233,0.673055072,1.0099906673610088,216.5077988892156,417.594534876185
"Lambda_a[23,1]",0.3266888784075,0.32685541,0.024728464052063043,0.024288738978000008,0.285721665,0.366788168,1.0082851355835583,227.46036799322272,393.0869507203876
"Lambda_a[24,1]",0.3386999878475,0.33916230999999997,0.022768459167472176,0.02273211275999996,0.3012559665,0.37597257599999995,1.0054191887688981,279.4611367576072,485.3108326359616
"Lambda_a[25,1]",-0.3101574171975,-0.310302725,0.01801060898285873,0.018000113166000007,-0.339172486,-0.2804437765,1.0012494317330847,1672.564832479703,2743.246772183542
"Lambda_a[26,1]",0.7797016165225,0.779612285,0.018485742720148978,0.018686623683,0.7496341065,0.81006956,1.0053442832017616,491.98425567453154,1436.4324600981977
"Lambda_a[27,1]",0.4974251930925,0.4974633,0.021403080639399278,0.021362724095999996,0.4624423355,0.5318627069999999,1.0009878651149369,815.4137003526286,1752.342188184111
"Lambda_a[28,1]",-0.50998712414,-0.50990072,0.01998539101131549,0.019859916258000015,-0.542964768,-0.4774172810000001,1.0016796869321012,1026.7789109485207,2414.6733487164565
"Lambda_a[29,1]",-0.5252712553325,-0.525541745,0.017317853776354912,0.017507660163000087,-0.55315372,-0.4965900885,1.0051482025455882,523.6842812781201,1475.724884772797
"Lambda_a[30,1]",-0.89214293114,-0.89175179,0.017473610614095268,0.018160930787999963,-0.9205192525,-0.8640271055,1.0064140098311238,445.9178521856768,1327.8340009614183
"Lambda_a[31,1]",-0.1781577522905,-0.17800605,0.02523189328419241,0.025909020627000005,-0.2196966135,-0.13724703500000002,1.0028817899841045,307.53426326076686,925.9842925825307
"Lambda_a[32,1]",0.175188423411,0.17605967,0.022101118508572062,0.02208113275199999,0.13902652399999998,0.210781966,1.0049425426460683,302.8156615804135,617.6694580846176
"Lambda_a[33,1]",-0.7923171874725,-0.79267702,0.018039753289266432,0.01782584094900001,-0.8215274029999999,-0.7622527925,1.0040404877795046,598.7873309878368,1567.4904239648642
"Lambda_a[34,1]",-0.7137708633075,-0.714150775,0.022421583451196266,0.02310305928000001,-0.749035315,-0.676102806,1.0070085022293322,271.7790002998744,577.125337711905
"Lambda_a[35,1]",-0.6502976539750001,-0.650168685,0.021251638299593853,0.021319009634999962,-0.6850471705000001,-0.6155098115000001,1.0056222392396803,323.9841784097392,779.1982400284371
"Lambda_a[36,1]",-0.41021619331,-0.41010721,0.02289775057589263,0.023134245771000015,-0.448497563,-0.3726885445,1.0047676413792617,549.8320767701059,1352.643310078974
"Lambda_a[37,1]",0.7381657050125,0.7388097,0.02216364919617246,0.02237084020499996,0.702056573,0.7739904255000001,1.0065706617189327,287.7575258439954,545.0047272961456
"Lambda_a[38,1]",0.1746829627545,0.17466812999999998,0.026926950867761538,0.025890977384999955,0.1311587365,0.22014923849999996,1.0045398844556346,220.37269422732518,389.25357019839345
"Lambda_a[39,1]",0.51057586642,0.5105195250000001,0.015059191989354773,0.01503752995499982,0.485019961,0.5354798799999999,1.0007330810092196,1006.2221554635404,2291.5025186597395
"Lambda_a[40,1]",0.4403635867625,0.44025257500000003,0.02135602083107831,0.02112154955399999,0.405814998,0.47541285,1.0034059211326554,510.9514387458708,1516.407649271403
"Lambda_a[41,1]",-0.25972687024,-0.25939996499999995,0.01947060023379395,0.020128422531000036,-0.292078256,-0.228425959,1.0014489106536413,1413.465456775616,2445.948108655059
"Lambda_a[42,1]",-0.489787933755,-0.48977689,0.02205158162411664,0.021641816133000043,-0.525723456,-0.453108698,1.0044583556058766,499.4537824922935,968.6296902270016
"Lambda_a[43,1]",-0.4897467055,-0.48951399500000004,0.01695670109305406,0.01659638007299997,-0.5180942664999999,-0.46153053650000003,1.0021368684001477,986.6552952625424,2191.256586202202
"Lambda_a[44,1]",-0.4320561551775,-0.43173943000000004,0.019865843470826934,0.01976402169000004,-0.4654110535,-0.3998333675000001,1.0028585842742628,453.2456027630844,1337.7442627351065
"Lambda_a[45,1]",-0.5899477811725,-0.58986932,0.021775475101600852,0.021732736578000084,-0.6258393675,-0.5544069105000001,1.0043768594075504,425.3556490351396,1198.5107616765963
"Lambda_a[46,1]",0.16911868142825,0.16924869,0.023866753311857704,0.02456682284700001,0.129762476,0.208362783,1.0023607727176453,1228.44461102005,1807.4116860794743
"Lambda_a[47,1]",0.481586776185,0.48133418,0.02372284708209996,0.02388145393199999,0.44362342450000003,0.5212961939999999,1.0032054125967296,492.8780143896455,971.9588714917439
"Lambda_a[48,1]",-0.17066495368,-0.170164875,0.020142687587295545,0.020135716923000004,-0.2038275185,-0.137937437,1.0009856986000718,2199.757843182462,3527.1095098102305
"Lambda_a[1,2]",0,0,0,0,0,0,NA,NA,NA
"Lambda_a[2,2]",0.436349149565,0.436057515,0.01590482828176113,0.016184076425999963,0.4109057505,0.462749858,1.0019939606741064,474.2087414006353,1232.971471012344
"Lambda_a[3,2]",-0.039285878924127,-0.0398250495,0.023071655588462574,0.0223442156742,-0.07668270989999999,-0.0011567261350000177,1.0071127424976367,220.78295517234932,363.31985329096244
"Lambda_a[4,2]",0.613846546725,0.61369816,0.018251087336828318,0.018111545381999952,0.5850441515,0.6442447545,1.002588745432497,307.91815749097765,634.2220205424986
"Lambda_a[5,2]",0.203811764415,0.20354672000000001,0.02341423910648923,0.02261609931000002,0.165867531,0.24274991549999994,1.010084924736611,208.64650385725616,298.7701793867299
"Lambda_a[6,2]",-0.466711859935,-0.46679723500000003,0.0231297610216556,0.02314174031400002,-0.5046168175,-0.4284205615,1.0031806786820858,656.3647308256885,1068.3956589288482
"Lambda_a[7,2]",0.572868399775,0.573054,0.022554922569214608,0.021829809812999975,0.535709703,0.6103880529999999,1.0126218297910972,227.3868137898696,470.4328438563236
"Lambda_a[8,2]",0.5256771368975,0.5254094899999999,0.023204831412170883,0.02204666230200011,0.48712403899999995,0.5644874795,1.0220967832033843,190.52556967281896,337.4068842559461
"Lambda_a[9,2]",0.268373149675,0.268776185,0.02445717454647847,0.023668307943000007,0.226764375,0.30878037799999997,1.0213094123977156,150.82706152529093,184.60649924078146
"Lambda_a[10,2]",0.66740063723,0.66688602,0.021092477147145575,0.020933659655999963,0.633300454,0.7027358905000001,1.002825237052186,733.236433318971,1677.756619792173
"Lambda_a[11,2]",0.335245645695,0.335393175,0.024031768413752725,0.02327922181200004,0.295325371,0.373594033,1.0116165489404465,200.88033640292363,244.0226692406406
"Lambda_a[12,2]",0.124798805704,0.12522338,0.024722623152370924,0.024550128771,0.08443015935,0.16531685550000003,1.012285396423647,185.75978249241845,269.73813810487763
"Lambda_a[13,2]",0.4939643669075,0.493728195,0.01563672549633413,0.015522651501000018,0.468655683,0.5198536054999999,1.0016009810920856,408.05979098612204,1020.0438735120131
"Lambda_a[14,2]",0.39451430452249997,0.394782485,0.02332505014356388,0.022387423086,0.35553105150000003,0.433698878,1.020034389142215,170.71528936501707,252.75878336195404
"Lambda_a[15,2]",0.3804512052325,0.380293,0.022331877935147782,0.021963955461000023,0.3428076325,0.41657569749999995,1.0120489470613632,228.07874896232357,378.62952533020155
"Lambda_a[16,2]",0.612143336825,0.6118553950000001,0.019474999032343447,0.019344638628000094,0.5807678785,0.644668121,1.0032864664194332,302.11580018956784,1003.2967525362396
"Lambda_a[17,2]",0.5473801426925,0.54766496,0.018358702020419743,0.01835531447400003,0.5171690575000001,0.576897863,1.0009576791551644,1325.8990681859145,2112.8459054164077
"Lambda_a[18,2]",0.5619633688875,0.5621193200000001,0.023892184025328556,0.023837109365999958,0.5228355200000001,0.6013932974999999,1.0030030096692482,474.2734895848158,1540.3102535065482
"Lambda_a[19,2]",0.703467059355,0.70290633,0.01970110716358661,0.019695777611999952,0.671416297,0.735986076,1.0021495686171842,283.598532767259,847.219812134494
"Lambda_a[20,2]",0.079331419441125,0.0791126405,0.024711833861312024,0.02426883655559999,0.03938234870000001,0.12014286199999998,1.007235019866415,248.0697051293572,711.1699530656806
"Lambda_a[21,2]",0.4714626517075,0.47158050500000004,0.01720132213069017,0.017370297273000004,0.44315330900000005,0.4996867115,1.000537961277241,1435.1621314119725,2474.0618426258848
"Lambda_a[22,2]",0.52549237702,0.52509239,0.023254197504745677,0.022953635439000104,0.48884331999999997,0.5646130104999999,1.0070557063246048,253.02989773855774,555.2034213346516
"Lambda_a[23,2]",0.517344359135,0.517144265,0.020257793281788474,0.020036293767000012,0.4851993235,0.5516970615,1.0009292655916429,578.9309822838193,1514.9389353056142
"Lambda_a[24,2]",0.427970346505,0.42783738000000004,0.01959062404574158,0.019775519253000036,0.395720209,0.46028446549999996,1.000631012086983,547.0572852893173,1595.5246964624148
"Lambda_a[25,2]",0.031692077755304325,0.0320439845,0.018980176770119445,0.0189101263743,-2.7299448749999977e-4,0.06251666665,1.0021851591056123,775.4579253724322,1969.0185311664643
"Lambda_a[26,2]",0.1215068164485,0.12147163999999999,0.023389393433684652,0.023218383321000007,0.08349953195,0.160679241,1.0119210791946744,195.54803351972728,382.4485445154972
"Lambda_a[27,2]",0.20937614702000001,0.20949597,0.023410217589001515,0.02352178999799999,0.17110510500000004,0.24740012249999999,1.0039305226514326,357.741500843446,592.398197792327
"Lambda_a[28,2]",-0.12464813677825,-0.124562145,0.021950898163567392,0.022506001434,-0.16066821950000001,-0.089300441,1.0026379983003009,392.46075071662483,1726.0632158610922
"Lambda_a[29,2]",-0.205295654885,-0.20529764,0.01898719295643072,0.01924465208399999,-0.2371612435,-0.17447405900000001,1.0047350718702015,257.4530929553717,677.4367062869491
"Lambda_a[30,2]",-0.09128544685545,-0.091263397,0.02432332651025512,0.0240230022018,-0.1321232655,-0.051143704250000005,1.0140750031475934,160.25458237987434,213.69914970122713
"Lambda_a[31,2]",0.37647219388750003,0.376138125,0.02303475897642527,0.022830572225999986,0.338263386,0.41498724249999996,1.0008775716327154,1137.0846783338918,1912.7672778675137
"Lambda_a[32,2]",0.3907211381975,0.391048925,0.018735604055022042,0.01876575745799999,0.36057192250000003,0.42134824099999996,1.000572585963011,1456.3997187041596,2465.9737445053715
"Lambda_a[33,2]",-0.149786576904,-0.149484195,0.023412032019395054,0.02239240462199997,-0.1894249555,-0.1115930025,1.0085604797037933,188.96465498522687,252.9102687306493
"Lambda_a[34,2]",-0.411252209145,-0.41104616,0.02304732407310655,0.02270604123900002,-0.4490890955,-0.3735818175,1.0068792160066669,222.22511679635193,402.6480547759993
"Lambda_a[35,2]",-0.3468408954625,-0.34666952,0.022194101002028087,0.02222325478799995,-0.383636297,-0.310253801,1.004630181049287,229.2358001257422,525.7646195044933
"Lambda_a[36,2]",0.15042755431625,0.15027089,0.023841837330290334,0.023530730075999998,0.110808908,0.18898463999999998,1.0042152507410882,516.6481754769326,868.1130114753786
"Lambda_a[37,2]",0.3901253646325,0.39033545999999997,0.023787792650003903,0.023525919038999935,0.35060464150000004,0.42903142850000003,1.005557057079887,207.40362444423573,449.738080789417
"Lambda_a[38,2]",-0.5433406887825,-0.54268284,0.02083714947614425,0.021011118093000054,-0.5779801835,-0.5100637659999999,1.0007122863147597,755.7748457952133,1449.695616927138
"Lambda_a[39,2]",0.02339957264725775,0.0234040135,0.018036494717361226,0.0179419166682,-0.00620267528,0.052580962449999984,1.006634849220452,240.19938013354155,428.3388189156505
"Lambda_a[40,2]",-0.2051702728375,-0.20509549500000002,0.02203322836623755,0.02219382517800001,-0.2415757535,-0.16989179850000002,1.0038336559825862,416.2570335740302,604.4714460465631
"Lambda_a[41,2]",-0.0200866038995005,-0.020021961499999998,0.02024903242807926,0.020077284543540002,-0.054047057950000005,0.012944748699999984,1.0019472100449627,1007.9396235139238,1970.8608725402607
"Lambda_a[42,2]",0.1812780485125,0.18145733,0.02315120213016954,0.022339105152,0.14281505699999997,0.21889940349999998,1.0039716680555415,445.3684783237945,531.3567858533347
"Lambda_a[43,2]",-0.10353586394925,-0.10337904,0.019204185746434083,0.019286009210999988,-0.135478469,-0.0728086218,1.0039997293925815,318.87255559631427,777.117699337174
"Lambda_a[44,2]",0.2102868716475,0.21016333999999998,0.020340022140116466,0.02037550523400004,0.1772628775,0.24357615749999997,1.0040770715817864,437.82379943360905,947.0082359562446
"Lambda_a[45,2]",-0.3128480444575,-0.312680165,0.02273774426564547,0.022603074669000023,-0.35064773749999995,-0.27649260600000003,1.0025093623163435,278.38884343495977,767.514172050668
"Lambda_a[46,2]",-0.1456281965535,-0.145525735,0.02346435685498081,0.023555808255000005,-0.1842356375,-0.108247537,1.0012067999289493,1249.3402879427695,2049.5191829555474
"Lambda_a[47,2]",0.2940910472375,0.29411213999999997,0.023477305864943978,0.023732119046999997,0.25503607749999996,0.332983892,1.0013864124403693,477.7366495230203,1764.6406526398314
"Lambda_a[48,2]",-0.12136787335,-0.121359615,0.02048659605165284,0.020878677435000007,-0.15497000400000002,-0.0880182014,1.0009459683890507,2381.1614096992284,2761.168698521793
psi_a[1],0.468297727395,0.46839473,0.015493269166702094,0.015501391016999974,0.44297776699999997,0.49374352899999996,1.0061444941130597,1143.3976271301492,1780.3552334093763
psi_a[2],0.13169356764013,0.1357773,0.0338380278577774,0.029869215725999987,0.06987310799999999,0.17857110549999997,1.0054968621699296,473.0111427119827,444.4239927210145
psi_a[3],0.4680295985125,0.46784147,0.012367961257494946,0.012154465994999999,0.447712917,0.48856376049999994,1.0023242658004414,1117.6078621245056,2118.432253483209
psi_a[4],0.17656041124,0.176859765,0.01668433093083943,0.016393286112000003,0.1479797615,0.203411743,1.0033097731616585,550.2013573963605,1632.1658840524935
psi_a[5],0.4360701804225,0.436075755,0.011399205434347588,0.011452410416999998,0.4174955715,0.454896324,1.00342830527972,1354.2084023477908,2230.8193342737745
psi_a[6],0.6570279191825,0.6572360150000001,0.016469958163106105,0.01653290255399997,0.6298375785,0.684000767,1.003434428543461,1334.4096880678192,2449.1491350549754
psi_a[7],0.346716586025,0.34654165000000003,0.012294804412315914,0.012156460092000018,0.32670358,0.36699897699999995,1.0034814375900258,835.5758570627795,1545.5521123890621
psi_a[8],0.270912753705,0.27071762,0.011874668614527444,0.011862593946000012,0.25154571249999996,0.291007953,1.0078407158063334,459.78873530753765,1398.9864097154846
psi_a[9],0.1155847972795,0.11605787000000001,0.010658815466303569,0.010702237055999998,0.09753067815,0.1323983695,1.0071343572771787,737.4199179493455,1278.764058063571
psi_a[10],0.5074210441125,0.5077668550000001,0.013579620939639443,0.013603707495000028,0.4848712975,0.529234561,1.0006161378978622,1354.6957805248137,2113.840771725763
psi_a[11],0.4121213764025,0.41194392,0.011852160273805094,0.01207864583099999,0.39290455999999996,0.4313650055,1.0011056996862067,1017.7468424975558,1941.7111914065783
psi_a[12],0.3940245598175,0.393795935,0.010729222515704897,0.010764825014999995,0.3767942495,0.41218144,1.0008437628489395,1471.2837755551104,2398.3137377950166
psi_a[13],0.3019663649925,0.30186806499999996,0.010906821696446271,0.01110588973199993,0.2843484215,0.31974258999999994,1.0016883860366503,1322.182516023831,2171.174447533791
psi_a[14],0.1827753530575,0.182704755,0.010265318889313757,0.010351253744999995,0.16626713299999998,0.19951176499999998,1.0018009728175696,831.9214893728848,2008.3917833187936
psi_a[15],0.4099601647425,0.409996735,0.011572201107711589,0.011482544262000021,0.391045302,0.428674724,1.0041753203584636,1424.8538322554143,2297.475466251543
psi_a[16],0.2392181368775,0.239435515,0.01410226606814433,0.014022838515000002,0.216028956,0.2619909155,1.0005063274896866,1092.378575331882,2062.689813816218
psi_a[17],0.45070311842,0.45061173499999996,0.014824095069825089,0.014547389808000041,0.426395699,0.4755590509999999,1.0029273138141732,1136.3271373189632,2431.517001456261
psi_a[18],0.6743078488925,0.67407986,0.014514979250786576,0.014878758321000019,0.6505268375,0.6976722765,1.0014891966055801,1348.131256635231,2128.8549346137297
psi_a[19],0.1839904624675,0.184511555,0.014493899572796884,0.014165331200999998,0.1598082425,0.207832615,1.002800426157442,545.0281537978575,1379.2629500732537
psi_a[20],0.681386045485,0.68092094,0.015765988004631526,0.015489989823000008,0.655757151,0.707332783,1.0003465303412655,1235.2789339912258,2086.8446930779146
psi_a[21],0.37934844965,0.379648155,0.01649948590523946,0.016552109637000025,0.35263504300000004,0.406976804,1.002511330286969,1174.4125386497217,1840.1297974575693
psi_a[22],0.466996104355,0.466925075,0.011707041521367348,0.012094902539999994,0.44777793800000004,0.48636254100000004,1.0028521127553673,1312.7425670773107,2408.942595526431
psi_a[23],0.53747035986,0.536933625,0.013975256913046755,0.013780729934999974,0.515031911,0.5609991425,1.002503300231144,1175.3229861687234,2307.6071660292873
psi_a[24],0.5118059412525,0.511423765,0.014131656991562994,0.014159823341999974,0.488831459,0.5356086800000001,1.0013105324322047,1234.9326098413858,2342.7426047113295
psi_a[25],0.430986169285,0.43119843,0.018880878026338244,0.01868153836500004,0.3998961215,0.462124429,1.001133109501308,1087.7518468344979,2340.8871517697694
psi_a[26],0.41396391918,0.413968355,0.01059891154483162,0.010604689388999966,0.396577885,0.43126684,1.0043979604232685,1388.8964306505811,2329.6376412470163
psi_a[27],0.62210099162,0.62199447,0.015463168896431656,0.01574673166500001,0.5969324030000001,0.6474434425,1.0011080045842395,1403.7474538173215,1802.9432998404684
psi_a[28],0.4969724310925,0.49710319000000003,0.01651681986537883,0.016169710032000035,0.46961781049999995,0.523792883,1.0017855961773225,1330.8570600844803,2268.223814446221
psi_a[29],0.26884202414,0.26897508000000003,0.018637535004371188,0.018491565414,0.2382301895,0.2987531855,1.001483555380904,928.1509726268143,1978.1658556519428
psi_a[30],0.2668079777075,0.266704745,0.008781170317118829,0.008807051714999951,0.2523518835,0.2811408745,1.0031571426145465,1134.5304745138487,1598.7491533383995
psi_a[31],0.728252679635,0.728370895,0.017054416722723748,0.01695646654799998,0.69987746,0.756376452,1.001431531092704,1342.262523325953,2231.1989827179705
psi_a[32],0.4239108951275,0.423642635,0.018670036818242742,0.01846793276999997,0.3940199495,0.45515834499999996,1.0022948934225167,1357.4388296577577,2540.0299547942805
psi_a[33],0.372693318925,0.37247666,0.010685022339048608,0.010738649711999988,0.35543600950000004,0.3906881185,1.0008083765575804,1189.981755979184,2258.506355312628
psi_a[34],0.39791331682,0.397863985,0.011190225605887566,0.011138010260999937,0.379989792,0.4162957545,1.0012375267658562,1374.5848583561867,2372.585483468337
psi_a[35],0.3171455418175,0.31693483499999997,0.016230096276040575,0.016249355304000047,0.29049066050000005,0.34391760250000003,1.0039118114795138,938.3880229769943,2153.9655002764234
psi_a[36],0.7390255685475,0.738551245,0.016640816011534675,0.01628730245099999,0.712134282,0.767177704,1.0054854248847123,1114.3541687819763,2030.9495510241416
psi_a[37],0.4413282551125,0.441035525,0.010896885875836832,0.010845018849000005,0.4237312355,0.45957989149999995,1.0013551934072409,1407.2786861644086,2312.921477422896
psi_a[38],0.6163541897975,0.6159653549999999,0.014866975720265982,0.014933458847999992,0.5928050575,0.6412184679999999,1.0037090165448623,1095.5862949146128,1536.667421368776
psi_a[39],0.3632361648025,0.36301105499999997,0.011512980491363511,0.011362120076999995,0.344849407,0.38244883849999994,1.005396631605758,1113.7956990049026,2214.990838422481
psi_a[40],0.6103460664025,0.610146015,0.015115902588473765,0.014444675279999993,0.5859730529999999,0.6358743765,1.0007967546501917,1160.2007787762932,2106.3850899278486
psi_a[41],0.6612211103925,0.660966355,0.01647958199587355,0.016432122819000056,0.6344930585,0.6882966979999999,1.0027045118160913,1129.1297068760332,2289.191566728864
psi_a[42],0.6334827893225,0.6332042250000001,0.014699633599126323,0.014561274356999894,0.609669991,0.658484188,1.0029507820852681,1300.478249038581,2103.134939943461
psi_a[43],0.3675198532175,0.367566505,0.016679490141788936,0.01699068495599999,0.340638637,0.394818611,1.0023120938555725,1204.2964355150707,1991.2820419178918
psi_a[44],0.4639123705125,0.463989085,0.017000171594110897,0.01728260889599999,0.436033338,0.49197080149999994,1.0007406655859274,1197.4371456149722,2404.18570481139
psi_a[45],0.488112078175,0.487994735,0.015051582487167786,0.014933258696999973,0.4637092755,0.5127406624999999,1.0024471479068306,1183.5888967998253,2288.3215591606954
psi_a[46],0.77292311998,0.77234722,0.018546567283952292,0.01846676151599997,0.7433977395,0.8041372505,1.0011506819816185,1285.5423990817903,2017.1752224275256
psi_a[47],0.6837422009925,0.68390427,0.015962743307954583,0.0157778143739999,0.657987099,0.710672399,1.0041889678441474,1183.2313485215764,1927.7659442703464
psi_a[48],0.57720916217,0.57734993,0.01923426506672379,0.01978199821500004,0.546093799,0.608857577,1.006319433588243,1171.9835498456796,2390.7965521562082
sigma_b[1],0.05189763321495,0.049641605500000005,0.019102353680413745,0.016715879856900002,0.02564232495,0.08599973450000001,1.0020707907560757,1525.831489041193,1947.7114987475616
sigma_b[2],0.0947714419195,0.0901395455,0.02820745719208628,0.024418555433999997,0.0595130199,0.14735241749999997,1.0017779116059393,1816.8516682119002,2623.7253433398373
sigma_b[3],0.0209204477474695,0.0202078235,0.010708962282210802,0.0101196301122,0.00441173691,0.0396586139,1.00275582660013,1195.0761899179124,1678.5673058193677
sigma_b[4],0.07351948831999999,0.070091325,0.021157763803246923,0.019095033281099995,0.04519036725,0.112909945,1.0008266722260717,1594.0962365207986,2694.1823382996768
sigma_b[5],0.09259178622825,0.0883164265,0.02512301403545352,0.021813380381099992,0.060330438650000005,0.138526383,1.0003672940143675,1728.1631885786492,2465.253622739518
sigma_b[6],0.0308573400173999,0.029272851500000002,0.01819484442512328,0.018055886354099996,0.004384059555,0.06309686699999999,1.001650301582282,1256.3807934057984,1436.946949752018
sigma_b[7],0.1812374879105,0.173653185,0.04645587337254395,0.04118012679899996,0.1219932845,0.26745640299999995,1.0007671820918032,1894.29902579297,2566.166090832608
sigma_b[8],0.08439326756275,0.08057001250000001,0.02268182412115265,0.020461073492999988,0.05490082535,0.1256354545,1.0048780939345232,1922.7459691799127,2742.7002480698934
sigma_b[9],0.054329305381,0.0521874995,0.015091627425918798,0.013585768035000001,0.034525552550000005,0.08207451654999998,1.0025602686447699,2018.2536845914922,2767.734717361097
sigma_b[10],0.10529820764475,0.10081340999999999,0.027753134254950563,0.024613192644599994,0.06914927844999999,0.1575267575,1.0007820136196803,2300.603996238013,3097.1571712725395
sigma_b[11],0.093666032692,0.089949625,0.024855934755438333,0.022352385541500007,0.0608976168,0.13985895499999998,0.9996484253966271,2069.613584512977,2965.124479293293
sigma_b[12],0.0594573622275,0.056756268,0.017601148560590793,0.015921628797899993,0.0362972836,0.09063728239999998,1.0012317367052956,2318.518452910016,3130.8090882098822
sigma_b[13],0.69342056049,0.67378798,0.141326004895613,0.13269530196299995,0.49815408899999997,0.9493011079999997,1.0014730225272288,1640.6786376290686,2134.694717911955
sigma_b[14],0.19153959773025,0.1839267,0.04747109059703391,0.041879795391,0.12900143849999998,0.28149092350000005,1.0005183861601998,1729.1664614302917,2374.073874727361
sigma_b[15],0.1361915081225,0.13065495500000002,0.03471248838914697,0.030610493486999978,0.09065610435,0.20257772499999996,1.000065864337214,1717.9998392329485,2657.727280347179
sigma_b[16],0.05563726249475,0.053066919000000004,0.018135360165551485,0.016145785315800007,0.031910292,0.08850533484999998,1.0027084363320085,1949.0095221815927,2480.336615987371
sigma_b[17],0.39712931871,0.38383956,0.09184436651984335,0.083925664221,0.2770069345,0.5671385339999999,1.0018226536645911,1748.1644376025533,2136.9369767472467
sigma_b[18],0.08440168558625,0.080193105,0.02452530170665883,0.021140520162300006,0.05306842605,0.12901021,1.0013411037241893,1570.9412868464942,2580.884094121064
sigma_b[19],0.10435040658925,0.0995178025,0.029449109226873906,0.024716017626299994,0.06795381415,0.1570311875,1.0024238037176743,1709.3990419026397,2755.2664642611808
sigma_b[20],0.1476886168515,0.14141402,0.03750794405950595,0.033418997493,0.0987111616,0.21965861049999996,1.0025561505804346,1640.990014806155,2786.723195411568
sigma_b[21],0.3076542424425,0.295059415,0.07450688236329296,0.06540269733899999,0.210995551,0.44117397049999996,1.0013884517357274,1788.9677986190175,2670.6642172468314
sigma_b[22],0.3633320807675,0.349006395,0.0871703759557225,0.07684255754700005,0.25282035599999997,0.5224090344999996,1.0001038609351287,1576.7444223635437,2661.1669240626243
sigma_b[23],0.2032843867525,0.19348074999999998,0.0517721765046272,0.045638542214999994,0.1373587745,0.298677789,1.0003345384674807,1762.4568920093307,2415.307217452504
sigma_b[24],0.3783544598075,0.364244415,0.08787516865962501,0.07649580705899997,0.264676794,0.537429754,1.0019454343436678,1642.8761567405402,2205.5102038850996
sigma_b[25],0.120684838958,0.11510022,0.033448196968165506,0.0287544480447,0.07606807155,0.180512434,1.0005854764619997,1859.334914882934,3002.8276806311524
sigma_b[26],0.030741797615675,0.0291882465,0.010337822095047161,0.009129252570900002,0.016814425249999997,0.04904812829999998,1.0008119485646503,2090.641357867568,2779.475198495308
sigma_b[27],0.31149373806,0.29835413499999996,0.07542292470170152,0.066968463786,0.2145027635,0.4536377414999998,1.0002212057744062,1829.818896550001,2567.6958045356673
sigma_b[28],0.1539393518835,0.1473394,0.040948834754085714,0.036669538688999984,0.10032492250000001,0.22949629000000002,1.000709821044688,1748.7337646374688,2624.2695986141357
sigma_b[29],0.1181705324305,0.11264493,0.03302222742809941,0.028060506736500006,0.07526112709999999,0.180949173,1.0003711438750986,1733.8321652239963,2237.7285583875696
sigma_b[30],0.084094229588,0.0803769755,0.022242904240326995,0.019024522307699996,0.0553947075,0.12494941149999993,0.9999202281444751,2152.3229106816307,2792.6308789174695
sigma_b[31],0.07480375260225,0.07095122400000001,0.02229993761889876,0.019543686573599995,0.04588296025,0.11528835099999998,0.9997406737763641,2000.4102685012447,2632.6265516449066
sigma_b[32],0.0824902635505,0.0781294785,0.025440008763313596,0.0214502204763,0.0498000135,0.129335117,1.0000251389261112,1687.1471460466223,2422.1573959666916
sigma_b[33],0.2430275298475,0.233894675,0.058730203854715,0.051582167006999996,0.1662803535,0.3511112349999998,1.0006273749011376,1617.6628267337146,2249.1289128318354
sigma_b[34],0.1268716843585,0.120980375,0.03389561667096986,0.02823669521399999,0.08443791175,0.19204956449999996,1.002951398740755,2195.441177926118,2638.359994727764
sigma_b[35],0.11379473152975,0.108176375,0.03226848454025807,0.02842640203830001,0.0731010592,0.174831829,1.0000840171087875,1922.291358408653,2909.6479308839653
sigma_b[36],0.3385716366625,0.32491398,0.08023654174195631,0.070839917862,0.23366462899999998,0.4856860949999999,0.9999692631384465,1514.1483320422105,2288.820828870478
sigma_b[37],0.21898661881,0.208945685,0.05474695777282534,0.04834913531699998,0.148856152,0.32160909349999994,1.0019522606569382,1761.0007878527972,2477.6213262221113
sigma_b[38],0.243831823835,0.23409568,0.060771129159658904,0.05346641817299999,0.1660282095,0.35636824899999997,1.0015199823000125,1842.2263137579648,2529.1568433436287
sigma_b[39],0.53752068212,0.519475675,0.11439124950699027,0.10625844608399995,0.3821441565,0.7451588149999998,1.0008844168893782,1479.5771191754536,2375.6630157196314
sigma_b[40],0.404120249405,0.391271425,0.09083649810340418,0.08247312393600002,0.2827242985,0.5702114719999999,1.004765589200741,1766.074429162423,2415.780519088762
sigma_b[41],0.326055272845,0.31407363,0.07584585872637083,0.06876664260900002,0.22782076349999997,0.4652658675,1.0024795949723342,1714.918032110287,2804.620025565936
sigma_b[42],0.3917043685525,0.37829795499999996,0.0902029190241113,0.08288579823299995,0.275066649,0.5542314004999999,1.0016894586126506,1613.2100431823528,2132.7467145307946
sigma_b[43],0.4713061211525,0.453976705,0.10590445692085397,0.094214834091,0.3324023265,0.6665827085,1.0004068381246687,1671.481939619094,2675.8833938077637
sigma_b[44],0.13209970517625,0.12583315,0.03610932588611898,0.030971751216000005,0.08567118004999999,0.1995490015,1.0033867440342683,1982.8252893950541,2797.7196493629854
sigma_b[45],0.0749860367395,0.07121951,0.02239500966120746,0.019916633121,0.04674448495,0.11683320599999997,1.000215407919546,2046.9295284735144,2448.146143137353
sigma_b[46],0.1818198363725,0.17391866,0.047575719644406794,0.04249619375400001,0.1209274565,0.2704029335,1.0013808538959295,1999.3055077016356,2406.180039561572
sigma_b[47],0.15648433541375,0.149719,0.03993002335708855,0.035632645314000004,0.1047604055,0.23148648049999995,1.0007631188773076,1651.0611663152108,2971.712514665557
sigma_b[48],0.1410034106675,0.134097625,0.03877176236572356,0.034084959174,0.08941926765000001,0.212417237,1.0001194401331321,1974.2396235472106,2723.6496427737884
sigma_e[1],0.4370783349375,0.43695012,0.007090693767056879,0.0071574961289999715,0.4255958045,0.44896838000000006,1.0012979941191629,2487.037638959815,3112.503236419176
sigma_e[2],0.6078968562675,0.608023415,0.00953360054321748,0.009823403667000066,0.5920091465,0.623434917,1.0004647311972108,1629.9769207654845,2699.287027326137
sigma_e[3],0.300752539725,0.300622395,0.005116531324627058,0.005151553155000015,0.29253081299999995,0.3093088805,1.0009180021085093,2973.3617020324277,2943.027636149714
sigma_e[4],0.447181997125,0.44719754,0.007316434698107078,0.007457618847000018,0.4351338665,0.45928522650000003,1.0018760614873288,3423.891661894402,3073.265236450961
sigma_e[5],0.3118949883275,0.31177234,0.005015641100423956,0.00488965927799997,0.30371973750000003,0.3203270205,1.0010142850574322,3927.2141172903403,2995.198478704458
sigma_e[6],0.4578392848975,0.45771492999999996,0.007337104506546786,0.007326067748999963,0.445819287,0.47035245800000003,1.0004743754770449,3451.7961213814,3579.8686151949746
sigma_e[7],0.34838826894,0.34839688,0.005334408407930632,0.005311570172999983,0.33971887850000004,0.3569985075,1.000395787876365,4510.814002139428,3289.068189465134
sigma_e[8],0.3202440711675,0.320122995,0.004949705805684292,0.00515787644400002,0.31226279100000004,0.32858565749999996,1.0016976362134815,4271.881847883891,3271.7511581886683
sigma_e[9],0.2767211441325,0.27674249500000003,0.004147191881635954,0.004158848673000044,0.2698592065,0.2835127195,1.000869691643152,5428.903518051018,3374.681356617687
sigma_e[10],0.3646444416425,0.36459952500000004,0.0058011412537700546,0.0058758847979999765,0.3553893805,0.3742809545,1.0003619275447668,3425.033104920845,3328.838798966731
sigma_e[11],0.3269486481175,0.3269901,0.005067763917563158,0.005149017908999991,0.318669017,0.335413539,1.0000556499057465,3878.7646804813653,3415.8578768281404
sigma_e[12],0.31256514885,0.31254610000000005,0.004882767741618826,0.004900519322999932,0.3045774505,0.3207230625,1.0005444334528162,3756.1943105879623,3282.769634344312
sigma_e[13],0.3220102775725,0.321784935,0.005179831640215552,0.005243555897999982,0.3136461,0.330846672,1.0000698534506285,2864.469107132233,2992.7488609460506
sigma_e[14],0.3053990053175,0.30539626,0.004559698095629848,0.004588009482000027,0.2979201305,0.31302917499999994,0.9995311868033018,4398.953031842405,3137.6082654750458
sigma_e[15],0.3529465468275,0.352866725,0.005524395766682585,0.005687394447000017,0.343925871,0.36211033849999996,1.0000978686262176,3878.6503740456383,3341.772438896975
sigma_e[16],0.4638967003075,0.46371806000000004,0.007049692526153471,0.007101157328999998,0.4524390165,0.47583456350000003,1.0005807327802874,4013.4226351644825,3135.6740899962697
sigma_e[17],0.4666346737075,0.46663468500000005,0.00711768760902835,0.007198252802999999,0.45467438050000003,0.47824308050000003,1.0010432849464577,3835.380199607233,3550.571917831023
sigma_e[18],0.288233462755,0.28821671000000004,0.004562134056851854,0.004470150195000008,0.280680251,0.295826636,1.0003431133550726,3765.394034162639,3195.3679489916635
sigma_e[19],0.3805819144025,0.38047479,0.005854546247627247,0.005906811833999993,0.3710718305,0.390297169,0.9999660944610524,3459.8844092490867,3376.7083136682995
sigma_e[20],0.34991164717,0.349902075,0.005669982773859524,0.005668231842000021,0.340613734,0.35932276999999996,1.0000535050378825,3791.6820746964677,2933.720689709618
sigma_e[21],0.532396944605,0.5325852600000001,0.008407593067823061,0.008570406516000072,0.5188121880000001,0.546284597,1.000730308119901,3243.4671158338892,3202.9138215496955
sigma_e[22],0.257350378545,0.257278705,0.0040126711268828295,0.004053013271999992,0.250821894,0.2640675945,1.0000430224135135,3652.755612748229,3257.3950674995117
sigma_e[23],0.3561830339075,0.35608284,0.005736624303483088,0.00561923191199997,0.3470203805,0.3659276205,1.0027151964628258,2626.296072453874,3153.5144003709565
sigma_e[24],0.3821909759475,0.382245755,0.006497636934714196,0.006510815661000042,0.371513876,0.392820479,1.0010106699739079,3116.400110649382,3220.791723162491
sigma_e[25],0.6233451751275,0.6232696799999999,0.010132768389145974,0.01005930015300001,0.6064082395,0.6403349475,1.000677308943191,2415.171888074634,2673.8981487653537
sigma_e[26],0.2603269985425,0.26027957,0.004304611556101171,0.004379259402000033,0.253436417,0.267511463,1.001595014798633,2730.565976831715,3149.079147360988
sigma_e[27],0.4026693872175,0.40251808,0.006506875967348136,0.006544196400000001,0.39200725200000003,0.41350252099999996,1.0007105209105238,2748.6270799719564,3356.173834554674
sigma_e[28],0.550665005535,0.5505092,0.008483003416197137,0.008388995580000006,0.5368204545,0.5648505875,1.0001613395436688,3500.878911633073,3362.5592153355683
sigma_e[29],0.59556256345,0.5954446950000001,0.009180445334425328,0.009143120070000005,0.5807591515,0.6107059005,1.0002781029985621,2593.1163317106966,2835.068901739601
sigma_e[30],0.2481601960025,0.24816611,0.003962798082365059,0.004025481389999999,0.2416171505,0.254724334,1.000877309557234,3877.4110551315875,3254.1237832236843
sigma_e[31],0.429672019615,0.429681145,0.006923600114129936,0.006809166671999951,0.4183306785,0.440922827,0.9999049893097419,3430.6314792355934,3026.3216335972756
sigma_e[32],0.6300891088175,0.630130115,0.009889977420753692,0.00984348548399999,0.613746158,0.646477813,1.0001513427339932,3502.768217732345,3044.0180105107665
sigma_e[33],0.322380143015,0.322324575,0.004952016108547894,0.004933477520999991,0.314383979,0.3307045295,1.000319264634312,3447.7586200610076,3449.951952373635
sigma_e[34],0.3006338445025,0.300680105,0.004739404731649381,0.004821022311000008,0.2928470145,0.30836900649999993,0.9999239876623106,3736.1760680867637,3427.3303311520126
sigma_e[35],0.50946282538,0.5094509300000001,0.007997712721929605,0.007974416142000043,0.4964624655,0.5227924509999999,1.0004575335310177,2466.728378938574,3225.6049617481503
sigma_e[36],0.3826195246875,0.38250512000000003,0.00613303648261791,0.006056139305999991,0.37269884649999996,0.39307736849999997,1.001705406037066,3079.277337079806,3647.7627787850265
sigma_e[37],0.2244377181,0.224422655,0.003695457570911986,0.0037089462900000117,0.21838146199999997,0.23058312649999999,0.9999838595841027,2667.323925575649,3380.4675226002278
sigma_e[38],0.27475965936,0.27473597,0.004748905746221698,0.004766899998000019,0.26703353,0.28263737099999997,1.0014684437411328,3014.0973538730864,3270.6492208953605
sigma_e[39],0.3645507668275,0.36448474,0.005838819880020256,0.005846818425000008,0.3552567035,0.374211223,1.0005116857535565,3404.403467999177,2812.5781268426363
sigma_e[40],0.3855119212875,0.38550557500000004,0.006227067550098695,0.006341132091000059,0.3754423185,0.395734788,1.0006947855332466,2776.528338181435,3065.3493637650213
sigma_e[41],0.411117775195,0.41100386499999997,0.006742475994167365,0.006755140728000035,0.4002216905,0.422564589,1.0006298049942104,3247.775016119918,2780.6274886835054
sigma_e[42],0.3691474174925,0.36908194,0.005810612295545616,0.005919347216999979,0.35962391,0.3789712475,0.9999444220425392,2645.902680915283,3179.224961864237
sigma_e[43],0.532426893125,0.53241238,0.008442807480952287,0.008453748135000038,0.518283095,0.5462397729999999,1.0012056871355621,3504.8315415009047,3159.824610660532
sigma_e[44],0.5296060865475,0.5296636100000001,0.008739456104203503,0.008792855820000016,0.515492774,0.5439615369999999,0.9996632971229481,3073.654310659692,3336.1062794344775
sigma_e[45],0.4506433793975,0.45056469,0.007211465160116376,0.007329766835999991,0.43887743300000004,0.46263692850000004,1.0017305988619516,2745.0890183556253,3005.159416500905
sigma_e[46],0.46514195485,0.465153155,0.007496455437388719,0.007495039670999991,0.452930874,0.4777494925,1.000407247119121,2963.066130404406,3093.261759804706
sigma_e[47],0.397515418025,0.39743921,0.006391610075681155,0.00657817017900002,0.387258375,0.408071564,0.9998998750104451,3467.553461328808,3136.1200259113584
sigma_e[48],0.6124876186925,0.61255662,0.00973211454369763,0.009685722017999988,0.596910377,0.6284858825,1.001259670869183,3204.3240515404345,2919.802960198188
Sigma_a_diag[1],0.5829620002125,0.582478015,0.02608261461468655,0.025867952607000057,0.5412087430000001,0.6260003345,1.0026916027191675,1018.1730678508549,1940.5333791701203
Sigma_a_diag[2],0.310375320175,0.30945338499999997,0.017929277588967753,0.017819554724999985,0.28192614699999996,0.3412508815,1.0017744174585932,879.1392835825419,1717.1916676764986
Sigma_a_diag[3],0.75350139014,0.75242867,0.029226793659774156,0.029202193986,0.7076219670000001,0.8019522259999999,1.0009173807785667,795.2319865131495,1844.09823539267
Sigma_a_diag[4],0.59721988443,0.59662578,0.024694280862605108,0.024943885091999927,0.5578706225000001,0.6385075964999999,1.0026586582980046,735.5898858793082,1216.9617051090513
Sigma_a_diag[5],0.8137756016325,0.814219135,0.03099767559090334,0.031207714419000016,0.7637795185,0.865022603,1.0032289377136359,713.7613416104194,1942.9947407966247
Sigma_a_diag[6],0.757343381025,0.75686089,0.0327681918383892,0.03294056988600002,0.7040808075,0.812627976,1.001120387591556,1489.9886359181785,2282.143033833655
Sigma_a_diag[7],0.7780298186225,0.7774775300000001,0.0302582490748972,0.029751052505999902,0.7301514935,0.8293929125,1.000891138062822,664.3855791292764,1871.062270404277
Sigma_a_diag[8],0.83186760357,0.83109641,0.0314374126859003,0.030833587721999955,0.7810799680000001,0.886051411,1.00091098945229,428.0835542352029,1575.362466255596
Sigma_a_diag[9],0.87584925706,0.874374785,0.0318512261586452,0.032103968357999974,0.825987161,0.9307583915000001,1.0019754997399102,385.41738681026345,795.5545708276312
Sigma_a_diag[10],0.77360689134,0.7718090049999999,0.032137643882571856,0.032386433309999935,0.723501598,0.8292189185000001,1.001393905860998,1082.671352499818,1998.882990931256
Sigma_a_diag[11],0.80315986344,0.8019664900000001,0.03116596273487605,0.03136820586899998,0.7536966925,0.8554637354999999,1.0011717327004543,533.1336362558094,967.0335358963488
Sigma_a_diag[12],0.8575278869325,0.856776245,0.03216712101059031,0.03281333315399999,0.8066245729999999,0.9124347855,1.0021348621756068,495.27147949380276,1292.2303457934431
Sigma_a_diag[13],0.4212466029175,0.42058276,0.0178808167584938,0.017164979412000014,0.39235190000000003,0.4515338815,1.0008998484173912,959.2016922981558,1910.7150007020555
Sigma_a_diag[14],0.8232510844375,0.82120104,0.030912568731366632,0.031042411931999993,0.7755378,0.878257045,1.0022251940347104,397.7115811945897,1088.5184824101727
Sigma_a_diag[15],0.70799873779,0.707166835,0.027467986917738604,0.027954289566,0.6641627915,0.7544373889999999,1.0018151379359903,697.6845180536021,1903.332912890729
Sigma_a_diag[16],0.6377532394875,0.6366823699999999,0.02650053376149652,0.02532580285199996,0.5953125785000001,0.684092972,1.0040525992977338,820.4553124324088,1523.7336569725132
Sigma_a_diag[17],0.50572209202,0.5051004,0.023715877852485846,0.02365792233,0.467412929,0.5453754435,1.0003078090866815,1331.2617114620784,2473.369242998602
Sigma_a_diag[18],0.88796494684,0.8873619500000001,0.03342893049984826,0.032873660148000014,0.8343147740000001,0.944236706,1.0011751414214174,1171.2435579444314,1961.2760214264915
Sigma_a_diag[19],0.7528517291325,0.7519906199999999,0.029183184451883306,0.028092675449999997,0.7052182315,0.8022294815,1.0026492305575518,748.5949222452408,1380.7820160506976
Sigma_a_diag[20],0.75981747757,0.7590661700000001,0.03149211216022496,0.032044293707999945,0.7090416825,0.8117220885,1.00134745662772,1012.2676250542227,1680.2897037845419
Sigma_a_diag[21],0.37134629805,0.37057443,0.020097212946668802,0.019762368591000005,0.33884578699999995,0.4062599905,1.0017563526076998,1616.092230955452,2610.65804089854
Sigma_a_diag[22],0.8959305186825,0.89554548,0.032654864264323256,0.03207573965400002,0.8428691075,0.9506614210000001,1.0060098196668075,665.3547863831843,1459.5460129129117
Sigma_a_diag[23],0.66446207563,0.6640256849999999,0.028219620513674357,0.028786843596000117,0.6186688795,0.710201611,1.0003560544197017,1181.4217798709954,2109.5255863307307
Sigma_a_diag[24],0.560923244285,0.56027919,0.024494759434639357,0.024290510685000023,0.5215621705,0.601956524,1.000212068785624,1260.3165392294968,2539.619563993926
Sigma_a_diag[25],0.2839919457825,0.28352378,0.02000074202570258,0.01960193644500001,0.25136598450000003,0.31759727599999993,1.0014476564376769,1282.3710844517254,2502.2445256075066
Sigma_a_diag[26],0.7950655165525,0.794411945,0.029933347864485323,0.029943330900000006,0.747218971,0.8448652215,1.0033938450092896,530.3226627401499,1496.7364337232236
Sigma_a_diag[27],0.6795247659925,0.678564545,0.02887864936937348,0.028433080409999992,0.6330900044999999,0.7264966675,1.0008127102067197,1315.3313539897679,2072.3416710201286
Sigma_a_diag[28],0.5237593966625,0.52299055,0.02580113048741254,0.02555536863600003,0.482992243,0.567595503,1.0005175612588935,1494.4916728774538,2459.569764442003
Sigma_a_diag[29],0.3913397589675,0.39072642,0.021047495408957215,0.02105332030200002,0.3579516645,0.426431648,1.002238112363764,1009.0195110731214,2019.810876505105
Sigma_a_diag[30],0.87641235609,0.874935585,0.03120649840016504,0.032175303657,0.827306496,0.9287202689999999,1.0059176239849763,425.6308430805191,1297.8290102615422
Sigma_a_diag[31],0.705281200095,0.70426481,0.03050222827942989,0.03072385308300006,0.656891295,0.757905561,1.0004644725005285,1494.6202343637858,2141.9507139112375
Sigma_a_diag[32],0.364242194235,0.36379596999999997,0.021465329455419634,0.02174315925599999,0.3301883725,0.400664031,1.0005942629499278,1856.9872536821604,3219.1649714591813
Sigma_a_diag[33],0.7900903329125,0.7901081050000001,0.028924200547955456,0.029050390571999908,0.7429661065,0.8367362115000001,1.0028569402507614,657.484033735072,1708.3631014104446
Sigma_a_diag[34],0.838091070365,0.837499115,0.030895545325873908,0.0317412057899999,0.7886603735,0.889004963,1.0025175061281137,792.6445140388636,1305.4028018250795
Sigma_a_diag[35],0.6449742647125,0.64431425,0.02871293198150667,0.02831419812900006,0.5984253595,0.6927993455000001,1.0021932113685879,808.9015525965333,1797.4322654764633
Sigma_a_diag[36],0.738433879905,0.73752502,0.030623521093986545,0.03010125003900005,0.6901446705,0.7906129445,1.0036622337990757,1054.6589733268015,1816.8459668002831
Sigma_a_diag[37],0.8930325714375,0.8920436,0.03205346124195718,0.03180331931700008,0.842196483,0.9465432025,1.002607208545597,765.3171955488035,1571.1230770926736
Sigma_a_diag[38],0.7070056582025,0.7062481949999999,0.030030358362408426,0.029689354106999993,0.6586243315,0.7577649204999999,1.0003175268399018,1172.0311701435749,1864.3310767407033
Sigma_a_diag[39],0.3938602388375,0.39382918499999997,0.017791736710647273,0.017923069856999985,0.3649958035,0.42385167949999997,0.99988760039758,956.6751348853011,1845.8997858211258
Sigma_a_diag[40],0.6097069909075,0.60902151,0.026161488521508874,0.02581687703700003,0.567791451,0.654549658,1.0016201550999828,1523.628319362973,2357.246142017876
Sigma_a_diag[41],0.506135314585,0.50571772,0.024189266104336835,0.02458101874200007,0.4675810925,0.5469423419999999,1.002657069250305,1157.8621872913272,2202.5770832501125
Sigma_a_diag[42],0.6752924154125,0.67475657,0.028510898295472323,0.02821682096099996,0.6295236030000001,0.7231174059999999,1.0012427492807772,1226.8026003051586,1831.4342104774075
Sigma_a_diag[43],0.38657665536,0.38609199,0.020409713652022314,0.020464742928,0.35334244099999995,0.42105942249999995,1.0017572490516478,1160.2388428183433,2576.1855785470516
Sigma_a_diag[44],0.44720487673,0.44646589,0.023196819431689983,0.022977905601000003,0.4099047545,0.4870015725,1.000550760317109,1301.181926308495,2673.9003248235535
Sigma_a_diag[45],0.6853831064475,0.68473517,0.029878742929965556,0.029774618433000048,0.636930817,0.7353055795,1.0036052719436712,974.327403806157,1872.4160920334432
Sigma_a_diag[46],0.6486826565975,0.647484095,0.030919151608116844,0.031071174371999997,0.5998597619999999,0.701481255,1.001535310975429,1328.5547103082838,2271.984685392751
Sigma_a_diag[47],0.787287188745,0.7862688200000001,0.03306383534607026,0.033195792062999954,0.7347085835,0.8422843415,1.0011173458389564,1082.394786387182,2153.3776140202785
Sigma_a_diag[48],0.3782221904475,0.378281175,0.023508279381012152,0.023602799262000002,0.34049815999999994,0.4180271695,1.00585431891982,1288.7553747397674,2602.6653965729324
var_b[1],0.003058173024452075,0.002464289,0.0025482286418228063,0.0015898884231300002,6.57528842e-4,0.007395954319999999,1.0020707907560757,1525.831489041193,1947.7114987475616
var_b[2],0.0097770879318125,0.0081251377,0.006623197712693801,0.00427486493994,0.0035417995149999997,0.021712735899999995,1.0017779116059393,1816.8516682119002,2623.7253433398373
var_b[3],5.523183363773097e-4,4.08356165e-4,5.595618689836547e-4,3.8411801253000007e-4,1.9463450050000003e-5,0.0015728056549999998,1.00275582660013,1195.0761899179124,1678.5673058193677
var_b[4],0.0058526542204925,0.0049127939,0.003638930785688482,0.0026064941962499998,0.00204216971,0.012748655799999998,1.0008266722260717,1594.0962365207986,2694.1823382996768
var_b[5],0.009204246910775,0.007799791150000001,0.0055925787790459605,0.003735838133580001,0.0036397619700000005,0.0191895589,1.0005267503932482,1728.1631885786492,2465.253622739518
var_b[6],0.0012831450336502285,8.56900045e-4,0.0014508576229063984,9.61706496177e-4,1.92199778e-5,0.003981214654999999,1.001650301582282,1256.3807934057984,1436.946949752018
var_b[7],0.03500463565315,0.030155431,0.020000391617389198,0.013895157003,0.0148823614,0.07153293049999997,1.0005219510238503,1894.29902579297,2566.166090832608
var_b[8],0.00763656014265,0.00649152695,0.0044926688779181575,0.0031894401365400006,0.0030141008,0.0157842675,1.0048780939345232,1922.7459691799127,2742.7002480698934
var_b[9],0.0031793737004975,0.0027235351,0.0019215515797118422,0.00138929390334,0.00119201381,0.006736226929999995,1.0025602686447699,2018.2536845914922,2767.734717361097
var_b[10],0.0118577564351,0.010163344000000001,0.006876822756878005,0.00481562364549,0.00478162274,0.024814679149999994,1.0007820136196803,2300.603996238013,3097.1571712725395
var_b[11],0.00939098871865,0.0080909351,0.005478101534573713,0.00391493762205,0.00370851976,0.019560528099999995,0.9996484264142427,2069.6122635779807,2965.124479293293
var_b[12],0.0038449009033025,0.00322127395,0.0025614190558358855,0.0017524496568599999,0.001317492825,0.008215117199999997,1.0012317367052956,2318.518452910016,3130.8090882098822
var_b[13],0.5008001201575,0.45399024,0.21622646229230166,0.17662940273999997,0.2481574925,0.9011726379999996,1.0014730225272288,1640.6786376290686,2134.694717911955
var_b[14],0.038940358558325,0.033829030999999996,0.02116024531622178,0.014990524121999992,0.01664137145,0.07923713795,1.0005184045009905,1729.1685839318488,2374.073874727361
var_b[15],0.019752782476625,0.0170707165,0.011045773304723925,0.007794179425199999,0.00821852929,0.041037734149999984,1.0000658607422235,1718.0012789834902,2657.727280347179
var_b[16],0.0034243140424325,0.0028160979,0.002492904840967534,0.00165433882425,0.00101826676,0.007833194384999997,1.0027084363320085,1949.0095221815927,2480.336615987371
var_b[17],0.16614497451025,0.14733280999999998,0.08360661702999499,0.06319063589999997,0.07673284435,0.321646118,1.0018226536645911,1748.1644376025533,2136.9369767472467
var_b[18],0.007724984575675,0.0064309341499999995,0.005020434645555668,0.0032997827898,0.002816258085,0.016643633449999997,1.0013410969821477,1570.9397827298426,2580.884094121064
var_b[19],0.0117560405676,0.0099037935,0.008186806693885836,0.0047094223388100005,0.004617721025,0.02465879275,1.002423813726192,1709.3999291030807,2755.2664642611808
var_b[20],0.023218421714825,0.019997926,0.01275608342083844,0.009275847611099999,0.0097438939,0.04824990704999998,1.002665340211657,1640.990014806155,2786.723195411568
var_b[21],0.10020102056075,0.087060063,0.05446996957021742,0.03753291819689998,0.04451912079999999,0.19463447249999996,1.0013884517357274,1788.9677986190175,2670.6642172468314
var_b[22],0.13960697561225,0.12180546,0.07415340551036259,0.0530769250683,0.06391813105,0.2729112529999997,1.0001038609351287,1576.7444223635437,2661.1669240626243
var_b[23],0.04400423008,0.0374348015,0.02498383273716582,0.0171477642021,0.01886743225,0.0892084225,1.0003345384674807,1762.4568920093307,2415.307217452504
var_b[24],0.15087221198575,0.132673995,0.07782877156998665,0.054577003439699984,0.07005380750000001,0.2888307435,1.0019454343436678,1642.8761567405402,2205.5102038850996
var_b[25],0.015683332522075,0.0132480605,0.009633571172421296,0.006527108916089998,0.005786351770000001,0.03258473695,1.0005854779581898,1859.3363971200522,3002.8276806311524
var_b[26],0.00105190196806875,8.5195375e-4,7.837284458078508e-4,5.12126860371e-4,2.82724882e-4,0.002405719069999998,1.000811956186293,2090.6403377606007,2779.475198495308
var_b[27],0.102715544278,0.0890151985,0.05426894558523868,0.0388420621512,0.04601143485,0.20578722149999984,1.0002212057744062,1829.818896550001,2567.6958045356673
var_b[28],0.025373711926400002,0.021708898999999997,0.014674566739548062,0.010490971003799995,0.0100650909,0.05266854909999999,1.0007098089585402,1748.7349297353019,2624.2695986141357
var_b[29],0.01505446961235,0.01268888,0.009345199322986244,0.00620822411748,0.00566423729,0.03274260205,1.000371144954902,1733.8313663703157,2237.7285583875696
var_b[30],0.00756646255125,0.00646045825,0.004560194268045926,0.0029785778704500003,0.00306857369,0.015612358249999984,0.9999857301059664,2152.3229106816307,2792.6308789174695
var_b[31],0.00609276429912,0.00503407625,0.004051051096444488,0.00269735318748,0.0021052460150000002,0.013291403949999994,0.9997406737763641,2000.4102685012447,2632.6265516449066
var_b[32],0.007451675825265,0.0061042154500000004,0.005087291794002494,0.0032736725729399993,0.002480041385,0.016727573500000002,0.9999196746184991,1687.1471460466223,2422.1573959666916
var_b[33],0.06251075481175,0.054706719,0.03468999295064383,0.023498000939699996,0.0276491556,0.12327913049999985,1.00058939078317,1617.6628267337146,2249.1289128318354
var_b[34],0.017245049882525,0.014636252,0.010342057958074951,0.006604936298099998,0.0071297610150000005,0.036883036749999994,1.002951398740755,2195.441177926118,2638.359994727764
var_b[35],0.01399023571585,0.0117021285,0.00879341511546458,0.0059678037741,0.005343764835,0.030566169299999998,1.0000840171087875,1922.291358408653,2909.6479308839653
var_b[36],0.121067046349,0.1055691,0.06267934682946645,0.045283779756599994,0.05459916175,0.23589099599999988,0.9999181155071943,1514.1483320422105,2288.820828870478
var_b[37],0.050951619333,0.0436582995,0.027845628790955743,0.0198301360131,0.022158155650000004,0.10343241349999997,1.0019522606569382,1761.0007878527972,2477.6213262221113
var_b[38],0.06314616515125,0.054800787000000004,0.03534191442996312,0.024368929105500006,0.02756536655,0.12699832649999998,1.0015199823000125,1842.2263137579648,2529.1568433436287
var_b[39],0.30201057035575,0.26985498,0.1367217005164704,0.10749327397200002,0.146034153,0.5552616759999998,1.0009677695292558,1479.5771191754536,2375.6630157196314
var_b[40],0.171562382605,0.15309333,0.08352006860439659,0.063023161404,0.07993302904999999,0.3251411229999999,1.0047655922788177,1766.0789759346314,2415.780519088762
var_b[41],0.11206319709425,0.0986422475,0.0576960470079953,0.0421424965437,0.051902302100000006,0.21647232999999996,1.0024795949723342,1714.918032110287,2804.620025565936
var_b[42],0.16156684474175,0.143109345,0.08131657994839939,0.061444214643000004,0.0756616702,0.3071724459999999,1.0016894610317564,1613.2091411021963,2132.7467145307946
var_b[43],0.233342409821,0.206094845,0.11456200609253378,0.08406310865399999,0.1104913075,0.444332508,1.000581180013755,1671.481939619094,2675.8833938077637
var_b[44],0.018753889545975,0.015833982,0.011393457166472611,0.0076137722094,0.007339551175,0.03981980505,1.0031623740895632,1982.8240698875063,2797.7196493629854
var_b[45],0.006124316778325,0.00507221865,0.004081471734198022,0.0027290204115299993,0.0021850469249999997,0.013649997499999993,1.0001947820989443,2046.9295284735144,2448.146143137353
var_b[46],0.0353213361583,0.0302477015,0.02043132906925289,0.014394077107200002,0.01462344885,0.07311774655,1.0013808538959295,1999.3055077016356,2406.180039561572
var_b[47],0.026081355368775,0.022415779,0.014528995750361364,0.0104512462194,0.01097474375,0.05358599484999998,1.0007631188773076,1651.0611663152108,2971.712514665557
var_b[48],0.0213848355541,0.017982171999999998,0.012838283254489628,0.0089540715201,0.00799580544,0.04512108264999999,1.0001266303704408,1974.2396235472106,2723.6496427737884
var_e[1],0.3237323123975,0.323417375,0.010441935634818163,0.010636935938999989,0.306791156,0.3410526835,1.0012817228707382,2438.382570840068,3156.7210852709263
var_e[2],0.6262049128325,0.6260541550000001,0.019358307167767437,0.019928790440999974,0.5950648305,0.6588681635,1.0015060553963329,1693.101988752391,2368.1805011937477
var_e[3],0.15327970207,0.15316354,0.005052733976985754,0.00502999478100003,0.145088367,0.161706791,1.0005700557893007,3137.9475326637603,3118.70305840167
var_e[4],0.3388714739675,0.338718715,0.010953752835001388,0.01112041921200002,0.321361989,0.35705213449999995,1.0024231555881422,3499.3375358400995,3027.7800726911373
var_e[5],0.1648469259675,0.164717985,0.00525563071160144,0.005051055113999973,0.156405046,0.174012526,1.0004855531288757,4026.8795577078276,2949.314096736019
var_e[6],0.35521107804,0.355029075,0.01120893819828207,0.010905686841000005,0.33676835399999994,0.3743176595,1.0000955109114418,3569.6514745697355,3407.487334493746
var_e[7],0.20567408146,0.205679675,0.006217432886340043,0.006253228736999992,0.1954115705,0.216042407,1.000119570339425,4768.693809257347,3472.6098749349935
var_e[8],0.17378743906,0.17359256,0.005329855397301116,0.005503418612999985,0.1653219675,0.182815187,1.0018517166166032,4622.5699900623285,2888.587460724599
var_e[9],0.1297592505575,0.12981915,0.0038909427029036724,0.003998112594000002,0.12335676649999999,0.1362595685,1.000331465073999,5681.935967460962,2383.663839612705
var_e[10],0.225322815625,0.2252711,0.00717205832410083,0.007288624686000001,0.213980922,0.23727953149999997,1.0007297475383008,3457.7803492282,3375.1153377502173
var_e[11],0.181139839895,0.18097058500000002,0.005546697545161388,0.005495145704999958,0.17240294750000001,0.19047016749999998,1.0007549294915732,4423.421251367036,3776.8316712260016
var_e[12],0.1655547381325,0.165473675,0.0051546099317934585,0.0051186394350000155,0.15730970300000002,0.17406467299999998,1.000667515348193,3749.71935692047,2892.638664362903
var_e[13],0.1757128350825,0.17557943,0.005600088234969434,0.005655385112999994,0.1667109115,0.1851339045,1.00033877059932,3055.3684248075647,3053.8555418990645
var_e[14],0.1580477802925,0.15791631,0.0047273283672004986,0.0047271218399999905,0.15028926450000002,0.166035977,0.9996790571556385,4661.685407562383,3093.5013656019955
var_e[15],0.2110945262075,0.21090911,0.006561517047759801,0.006590497998000012,0.200487041,0.22192429799999996,1.0002061859608993,4008.1827421618473,3132.1834774064246
var_e[16],0.3646660919925,0.36432945,0.010991808092261742,0.010984516682999991,0.34706962199999997,0.3830856525,0.9996983183735924,3831.3604639738255,2890.8208608129094
var_e[17],0.3689899013375,0.3689968,0.01135576399915522,0.011670797396999982,0.350552007,0.38756962899999997,1.0009617756961502,3676.370232486776,3436.581973292859
var_e[18],0.1407832344825,0.14067057,0.004431212268169928,0.004358495588999995,0.133614874,0.1482696805,1.0003250750592905,3928.0049355720444,3191.6386443174815
var_e[19],0.24544311439,0.24527262500000002,0.0074773869304342044,0.007376023955999984,0.2335164835,0.257955514,0.999940390392757,3618.6772168774337,3170.7083094609047
var_e[20],0.2074825481475,0.207345855,0.006650392641180918,0.006631958906999999,0.196739147,0.2187208275,1.0000889669785964,3834.906392807282,3164.6125191157284
var_e[21],0.4803217623975,0.48023879,0.015060066430838799,0.015384762287999966,0.45588015649999997,0.5050097159999999,0.9998166004536506,2973.2333462201846,3163.5288877407224
var_e[22],0.11222955270225,0.112188305,0.003468890827199915,0.003486430269,0.1066864095,0.1180595485,1.0010686637023114,3771.2211639264438,3396.4547064049852
var_e[23],0.2149857524375,0.21478126,0.00684582632292812,0.006749002763999994,0.20413526650000002,0.226707325,1.0023031502069741,2619.461435458598,2877.30876033661
var_e[24],0.2475337243825,0.24760377,0.008282371976772665,0.008397750333000008,0.23387555899999998,0.2610654565,1.001005961067054,3155.4737287659946,3351.7666474251296
var_e[25],0.6584501290725,0.658053905,0.02116760239860796,0.020639356143000023,0.6238354165000001,0.6934211155,1.0007551626078615,2704.755351005094,3018.535058302771
var_e[26],0.1148432929325,0.114693465,0.003739648074567958,0.003805782308999996,0.10892727800000002,0.1210539635,1.0018671045938883,2803.9701736436655,2802.0174149324002
var_e[27],0.274767286905,0.27465412,0.008853430029902706,0.008745338490000008,0.26038102399999996,0.289716718,1.0009038078786832,2976.9190335975904,3191.8941120916975
var_e[28],0.51384976266,0.513702125,0.015923212410259752,0.016094238279000053,0.4883586125,0.5401455129999999,1.0004395324042,3562.4264054533996,3285.047624360708
var_e[29],0.60105309469,0.60069879,0.018483898850245706,0.018200760836999945,0.5710845525,0.631280175,1.0000968942382962,2722.6259309992024,2544.636445567419
var_e[30],0.1043588059935,0.10429926,0.003320023715699015,0.0034004839469999933,0.09897378985,0.109981681,1.0017324458596668,3978.694509705495,3153.707385687708
var_e[31],0.3128530318375,0.312655165,0.010031228349693952,0.010102377096000011,0.296606092,0.32946038499999997,0.9999278619737183,3523.6026511071927,3357.79223755245
var_e[32],0.67277013963,0.672360045,0.021114143400824233,0.021285651134999906,0.6378147875,0.708670952,1.0005448363759333,3449.0242281128208,2846.7725593584632
var_e[33],0.17611417862,0.17603909499999998,0.005402702709854155,0.005420637642000021,0.167170674,0.185199315,1.0009041236754281,3558.3673937473013,3316.3648344410517
var_e[34],0.1531578160625,0.153161875,0.004824073595961336,0.004886301188999988,0.1452404995,0.161177078,1.00033910505975,3819.1441615055523,3287.2255478654006
var_e[35],0.4398293480975,0.439618065,0.013693107472442503,0.013673871539999967,0.41791497150000007,0.4627928175,1.0001705827372598,2740.606603743082,2998.5152817839767
var_e[36],0.248086281365,0.24770608,0.007974744962154638,0.007838839784999989,0.23540082750000002,0.2615506735,1.0010801803892002,3213.000335093522,3226.4170536222987
var_e[37],0.08536107721075,0.08530380500000001,0.0027782204754856848,0.0027816615330000082,0.08088273815,0.0900323472,0.999660839022725,2618.543276257889,3158.6004613832515
var_e[38],0.127933323095,0.12788160999999998,0.0043569604548507656,0.004415108669999969,0.1209976555,0.135089241,1.0018146901879041,3294.200208718816,3682.445211441586
var_e[39],0.2252049919625,0.225106205,0.007129553092661848,0.007169794295999979,0.213721773,0.2373700405,1.0012009609099697,3506.4342698072965,2858.149468843566
var_e[40],0.251846332275,0.25180819499999996,0.007970416126093111,0.008100792965999921,0.2387713175,0.265245932,1.0006541383217389,2789.163308342674,3216.56109121279
var_e[41],0.28641768214,0.28630332000000003,0.00928683597344794,0.009245908727999973,0.27154227849999996,0.3020840125,1.000993702705859,3334.7608909678424,3149.306997878107
var_e[42],0.23092133447,0.23082544500000002,0.0072856615742360265,0.007427996499000034,0.2190739415,0.24322491200000002,0.9998078248508506,2871.5431495851262,3326.4289023678416
var_e[43],0.48037816907500003,0.480100845,0.015167860115350207,0.014625937956000012,0.455534645,0.5059129745,1.001062467932776,3591.6871192458216,3135.7386083765086
var_e[44],0.4753093404075,0.47493994500000003,0.015567905081998323,0.015567952343999998,0.45056880400000004,0.5009897594999999,0.999684178377467,3007.507640322866,3475.208413834432
var_e[45],0.3441363019425,0.343976475,0.01094752752059059,0.010913989400999996,0.3263359365,0.3621603255,1.002046811626426,2514.1722131750826,3218.593409643325
var_e[46],0.3666394616925,0.36665097,0.01180890614333418,0.01163402150400004,0.34750398099999996,0.38703782400000003,1.0002748953005707,2996.6737206883513,2963.270478345586
var_e[47],0.2677802404675,0.267767145,0.008657642186412032,0.008822922947999991,0.253876371,0.28208456249999997,1.0000306203779632,3622.7447205673016,3445.833054590414
var_e[48],0.635701991365,0.63564319,0.019892940580181224,0.019806090465000033,0.6037320245,0.6692029565000001,1.001564455118979,3263.0845885969543,3059.543348438105
prop_a[1],0.64057499449,0.6407903500000001,0.013510225668577692,0.013826534861999938,0.6180724149999999,0.6620028835,1.0007673412017826,1129.1164350085623,2134.483934821959
prop_a[2],0.3279125494425,0.3274133,0.015884164665830335,0.016261557102,0.30267549250000003,0.3545426055,1.000541886419233,871.9238963018802,2140.858364769592
prop_a[3],0.830298154475,0.8304242399999999,0.007443056462108126,0.007359633813000073,0.817457382,0.842307139,1.001194505240305,1057.3029433531774,2234.1698899528783
prop_a[4],0.6338674724875,0.6340763,0.012889820551389158,0.012740500709999998,0.612080388,0.6544797364999999,1.0015579969115174,994.6792411563813,2568.8130832959564
prop_a[5],0.8236774585825,0.824287855,0.00839057892790898,0.007950442499999988,0.8093092485,0.836661736,1.0013030102443183,1178.303306756434,2625.5068770440766
prop_a[6],0.679721635605,0.680057355,0.012309041956288326,0.012388931772000037,0.658485835,0.699470137,1.0002495175623394,1697.2140626590908,2746.23250089622
prop_a[7],0.7638430188925,0.766227475,0.016691176525209416,0.013793050340999992,0.7345114515000001,0.785646545,1.0003227201513942,1583.2790167029045,2570.243130526483
prop_a[8],0.820821784215,0.821179965,0.007996479570379264,0.00783445870199997,0.8071605335,0.833542541,1.0000725444787155,818.8510980021331,1919.0706733451414
prop_a[9],0.8681025064625,0.868245355,0.005678528600853329,0.005660144258999998,0.858638994,0.877342151,1.001046521328625,621.3373597683726,1420.723069869268
prop_a[10],0.76517865868,0.7655734249999999,0.010802424899190333,0.010766967372000062,0.7472663429999999,0.782153819,1.0004546538711034,1672.3898734520126,2796.0566499712854
prop_a[11],0.808118547805,0.8084211,0.0088209342019342,0.00857941331099998,0.793172672,0.8219454825,1.0003363405235464,1129.821599317208,1954.837692609031
prop_a[12],0.8349014353275,0.834995205,0.007136268408147505,0.007046315954999976,0.8231249715000001,0.8464361204999999,1.0034583756045123,757.7302025974175,1640.7457402531888
prop_a[13],0.3961318815525,0.3998066,0.06722870803220385,0.06938529452399997,0.2800980025,0.4991096934999999,1.0013210376780022,1613.4636981251847,2125.273849255013
prop_a[14],0.807090953265,0.81018815,0.017322330321375496,0.01414665785399999,0.774104649,0.828738558,1.0013719361778093,1407.912516013632,2527.35836588645
prop_a[15],0.754037509705,0.75491553,0.012627904171943033,0.011868894996000029,0.7317817445,0.7724461965,1.0011243426691805,1053.185816449086,2301.120597868891
prop_a[16],0.6338682538225,0.633810635,0.012354088676784046,0.01239582586200003,0.6140328785,0.6547225485,1.0022213795973345,1139.122140958421,2549.2559740973093
prop_a[17],0.4884257981925,0.49401592000000005,0.037426339384708115,0.03331625331299992,0.41979601699999997,0.539048676,1.0013465435943705,1568.6164690091923,2149.1824046309616
prop_a[18],0.8566003738425,0.8570040400000001,0.007254866492871174,0.00688551315900001,0.8441576995,0.8677393485,1.0004108233321323,1473.46999015388,2472.1389121712955
prop_a[19],0.745233307565,0.7460466,0.011255502659046446,0.010533665435999985,0.726664922,0.7620632759999999,1.0025061988044222,1056.5482261010873,2553.5357227112954
prop_a[20],0.767003234485,0.768398625,0.013414310758763353,0.012387071108999987,0.7429577505,0.7864242969999999,1.0019252167515509,1211.2375317761719,2292.680016183282
prop_a[21],0.39110154442,0.39272070000000003,0.02505558399940821,0.02289312311999998,0.348149994,0.42820852950000005,1.0006409656690718,1685.2130300451365,2685.8880090279877
prop_a[22],0.783298952635,0.792571835,0.045468300891503013,0.03783705653699993,0.6985707805,0.8374439655,1.000279475351059,1542.521835842866,2539.349733863173
prop_a[23],0.7197980069025,0.72267602,0.021504979451205747,0.018026392251000042,0.681850004,0.7484299115,1.0012252468272416,1596.4247177728867,2053.9672393510227
prop_a[24],0.5877832976875,0.5953174800000001,0.042942255008337975,0.0368944342829999,0.5067320365,0.642099648,1.0030188474102386,1701.83129653259,2454.4868950958094
prop_a[25],0.296318151915,0.29651061,0.017825777111028517,0.017886205008000006,0.26777544200000003,0.32538645749999995,1.001703445744417,1266.9143947557397,2369.79413313467
prop_a[26],0.8726497219625,0.87281309,0.005718865859029236,0.005749841559000026,0.8630043925,0.8817918195,1.001773225863054,739.6062295309405,1855.1430796606758
prop_a[27],0.64419107208,0.64983354,0.03259057198790436,0.028028182349999955,0.5824267165,0.6857592994999999,1.0003308383536527,1758.0894419915699,2612.514802045314
prop_a[28],0.4926249127725,0.49269846500000003,0.016549718984677355,0.01604586845400008,0.46512701450000005,0.519257679,1.000139457392108,1740.9363175316216,2581.714495391256
prop_a[29],0.388359927625,0.38844539,0.016179400385003536,0.016440521747999995,0.36238675600000003,0.41470155099999995,1.000521833643271,1105.9032748446027,1930.5704740229764
prop_a[30],0.886666135735,0.88713257,0.006148677828878017,0.005612085779999987,0.876279073,0.895700923,1.0036284860196831,891.2861811318609,1938.155395462051
prop_a[31],0.68838972042,0.6883400900000001,0.012239861771015147,0.012541558028999903,0.6675650275,0.708010393,0.9999398356334587,1522.3138341603096,2198.545485298466
prop_a[32],0.3486426782125,0.348462905,0.016603373787916327,0.016486334087999998,0.321197991,0.3755328275,1.0010001061974323,1799.7307834398166,3072.593636429176
prop_a[33],0.7686589555325,0.77303496,0.024483552440691565,0.019648141673999926,0.7250732369999999,0.7981956950000001,1.0006012203315262,1513.4141554981254,2245.6163701369505
prop_a[34],0.8309726940025,0.832360075,0.010719081649351897,0.009259585712999976,0.812416709,0.8454293585,1.0025023533883652,1534.5118444394482,2259.689510792706
prop_a[35],0.586827264025,0.58688756,0.014716743221991877,0.01422571749899998,0.5618776514999999,0.6104041405,1.0011115882605723,1047.8176770716807,2107.8611386687385
prop_a[36],0.6684080538625,0.675017215,0.03560351117671076,0.029850201380999933,0.6021963955,0.7132820035,1.0000285655350563,1373.8228675143998,1892.7360769129396
prop_a[37],0.86805859521,0.8732576700000001,0.022681962109942517,0.017762311538999955,0.8240491919999999,0.8939088924999999,1.0025896478588174,1738.8532256765182,2183.726947089077
prop_a[38],0.7881191791925,0.793773815,0.029315413558515694,0.023357977523999984,0.734669762,0.822842752,1.0003468101577204,1777.803666360697,2720.384846655363
prop_a[39],0.435465698345,0.441203205,0.05688232333036102,0.05790876961799998,0.332838752,0.5173285479999999,1.0009558952331212,1421.1305989469001,2279.7928549136313
prop_a[40],0.593337002655,0.6005056950000001,0.0440913329461812,0.038693643513000156,0.5111026200000001,0.6503082725,1.0031474162273757,1919.7924141193812,2650.7065724412573
prop_a[41],0.5612522544,0.5667378599999999,0.03486320282325135,0.030505421624999977,0.49624198550000004,0.6067677485,1.0014889645380434,1735.0070683511149,2725.6882862717034
prop_a[42],0.635418017625,0.642974465,0.043855321802830784,0.03897112692900002,0.5556262475,0.6909037994999999,1.001339208927114,1640.873418716048,2283.3008434069247
prop_a[43],0.35441374176,0.358276745,0.03440080474701149,0.032269167062999975,0.2922486035,0.4030441745,1.0011289768204774,1562.6338662260612,2652.0108368131387
prop_a[44],0.4749908045825,0.475252515,0.01720746805576559,0.017297701763999987,0.446795046,0.5029233679999999,1.0004399195034723,1463.587546862417,2857.517611563433
prop_a[45],0.661584016395,0.661756455,0.012957399270722193,0.013153575308999972,0.6402430655000001,0.6825109895,1.0042779533809356,989.2868871289801,2153.7214182854145
prop_a[46],0.61737305627,0.6185914050000001,0.018117964809873793,0.016535193170999957,0.5854808615,0.644909972,1.0015319351668481,1627.6291008574105,2928.1813100693066
prop_a[47],0.72810821962,0.729346125,0.014058050254081118,0.01276723198799992,0.7042589845,0.7489015354999999,1.002224311855621,1209.8286620524811,2209.242305811169
prop_a[48],0.3652096302725,0.365148225,0.017966506725195605,0.018472061810999977,0.3353485175,0.39425089099999994,1.0051335262378163,1373.268686094909,2339.763823846942
prop_b[1],0.00335702105256785,0.0027218647,0.002761466137824316,0.00175447511085,7.317667650000001e-4,0.008094801989999997,1.0020327333140528,1519.8216238037094,1998.744739036211
prop_b[2],0.0102880764379,0.008588269249999999,0.006777640657786503,0.0044941234663499995,0.003782401395,0.02254816,1.0017204321291937,1814.186303933018,2625.5538836383566
prop_b[3],6.088518313940014e-4,4.5121099e-4,6.165488123781848e-4,4.25888421693e-4,2.103775515e-5,0.0017465219599999994,1.002741718266472,1180.3070118208923,1678.8072605595598
prop_b[4],0.0062025330310075,0.0052205475000000005,0.0038107686496320443,0.00276025768158,0.002180992465,0.013365404749999987,1.0008710599007502,1597.901324695212,2738.146702251018
prop_b[5],0.009289976006975,0.0079116483,0.0055123189073362335,0.003753561208110001,0.0036983315049999997,0.01904654569999999,1.0009394744156075,1753.6827597794156,2574.4364969154167
prop_b[6],0.0011522798471417532,7.710448949999999e-4,0.0013014143245664853,8.661459283049998e-4,1.7440469100000004e-5,0.0036009924849999997,1.0016257755892803,1257.4389131243527,1443.2322023662534
prop_b[7],0.0340364261939,0.0297408085,0.018149149255534548,0.0134219614914,0.0149156088,0.0677101431,1.0006609627304115,1892.010436540449,2474.3170886503613
prop_b[8],0.007519329342425,0.00642168085,0.004346040733045636,0.0031350189313799994,0.0029819369050000004,0.015436064049999986,1.0046053040710505,1934.6380695366108,2768.1528950219335
prop_b[9],0.003152124291485,0.0026984511,0.001895583300836831,0.0013740415075799998,0.00118340158,0.006666647844999998,1.0025017252746804,2018.7274114539944,2634.9896290620522
prop_b[10],0.011697605784125,0.0100424485,0.006633138731433172,0.00475204871967,0.0047999171099999995,0.024172236549999997,1.0008322389924271,2287.493254825207,3048.9389422377585
prop_b[11],0.009427714458025,0.00816272625,0.005395444971522127,0.00391650413721,0.00371026451,0.019396158399999995,0.9996193869141594,2071.038567919601,2871.1488095666423
prop_b[12],0.0037433893308475,0.0031345465,0.0024730619513524707,0.0017168821569899999,0.001289071045,0.008059823745,1.0012668801891953,2298.942836158317,3105.590891184494
prop_b[13],0.4385514824275,0.43223787,0.09433584190942743,0.09741989653200003,0.2945733935,0.6039271614999999,1.001320444019034,1626.8545240844703,2235.963064636789
prop_b[14],0.037799145856975,0.0332018695,0.01912546618387895,0.014324310398999996,0.016679970199999998,0.0751968050999999,1.0006274337062346,1753.6053689025932,2277.493176294137
prop_b[15],0.020929613734274998,0.01825786,0.011256120731993557,0.008149984151400001,0.00886300979,0.04269827934999998,1.0001118308389165,1679.8820421867415,2612.580330138099
prop_b[16],0.0034022491567200002,0.0028203715999999997,0.002463204996313909,0.00164562580644,0.001010447185,0.007760244784999999,1.002636797029463,1938.5480026733333,2495.9047006403453
prop_b[17],0.15496207392125,0.143966765,0.0601097782909856,0.053345816075999995,0.08023587815000001,0.26836139,1.0020045762984349,1730.0387085750615,2054.4366605631553
prop_b[18],0.0074401694787,0.0061996182,0.004766184674333628,0.0031633693568399995,0.002710803465,0.01622515079999999,1.001407494265088,1544.0364640168523,2539.809695799044
prop_b[19],0.011586518113025,0.0098489598,0.00767796410805519,0.0046307131804499985,0.00461148409,0.023866537199999992,1.002539242275425,1697.4716610918572,2718.576920123638
prop_b[20],0.023309292323875,0.020255551,0.01229417904734341,0.0092585656842,0.009875991375,0.0476386412,1.002510892645966,1610.045448779549,2916.0643292033383
prop_b[21],0.1027274070625,0.0925169495,0.04543197193015303,0.03636708161729999,0.0493967027,0.18719937599999997,1.0013784300179762,1789.8887324359914,2698.4874895975468
prop_b[22],0.1184852306805,0.107746285,0.05072307526749841,0.0421860545904,0.059588675900000006,0.2134107374999999,1.0000983828375607,1557.6544791554406,2573.2640352293015
prop_b[23],0.047061109615,0.040950315,0.024348084430531054,0.018122054050799998,0.020745809049999998,0.09262688934999999,1.0004306579586828,1744.0958718498412,2497.645643252831
prop_b[24],0.1525923570945,0.141335265,0.0595913388073089,0.05021446109400001,0.0796060652,0.2655326084999999,1.0020563591838618,1662.5682474137516,2155.7056113287276
prop_b[25],0.016281230672525,0.0138716095,0.00964652862983807,0.006751148901629998,0.00608328328,0.0333307219,1.0006357267312802,1864.5336810696256,2700.1866427610616
prop_b[26],0.00115513452589075,9.42940655e-4,8.598747857848949e-4,5.639303424929999e-4,3.0737165049999997e-4,0.0026151180600000002,1.000763100271581,2070.757368181628,2726.8798090348687
prop_b[27],0.0950972145725,0.08513515499999999,0.04262054764847534,0.03427716269669998,0.045669683749999995,0.17768844749999999,1.0002238650529975,1831.087951655381,2532.8207892879705
prop_b[28],0.023714734114025,0.020461488,0.013154143186872375,0.0096703815558,0.009547641915,0.04851925284999999,1.000649766924317,1765.3726981245738,2673.025491488332
prop_b[29],0.01487864030675,0.012613936499999999,0.008984451388675202,0.006042678558209999,0.005670523320000001,0.032286472,1.0004144139828786,1728.4170199956768,2280.3748999594854
prop_b[30],0.00764207703635,0.006490692,0.004513382937214796,0.0029867569298699993,0.0030993905049999998,0.015660440449999993,1.0001457085322847,2130.9467838547152,2807.2522396944987
prop_b[31],0.0059397109860675,0.0049116458,0.003908979434974544,0.0026028240199500005,0.002059291735,0.01284848215,0.999740303033901,2031.590346381463,2618.7856543138346
prop_b[32],0.00711127704068,0.00586366725,0.004775090649172319,0.003111498371940001,0.00238759488,0.015870200499999987,0.9999141692729994,1693.39083645836,2452.941642140905
prop_b[33],0.05984627158075,0.053460560500000004,0.028650527394060644,0.021648820676700004,0.027886183600000003,0.1126686875,1.0005357167701574,1638.5085562681222,2158.213775174416
prop_b[34],0.017018019843325,0.014515859999999998,0.00986908524411587,0.006497266179599998,0.007122373665,0.03571434104999996,1.0029550043186024,2154.420352682618,2585.0041018082634
prop_b[35],0.012670794471525,0.010684629000000001,0.007741855012678026,0.005393722595729999,0.0049102945200000005,0.02749806824999996,1.0000017216364023,1928.5626544679271,2910.450837508443
prop_b[36],0.10678957230925,0.097053099,0.04590474487382363,0.037457374537799994,0.05269234105,0.1938619824999999,1.000319471898466,1505.8740782120672,2274.8248623774043
prop_b[37],0.04887566138375,0.0428047855,0.02444210736010309,0.018689621500199996,0.0220403339,0.09602707455000001,1.002121874796118,1761.2429382149685,2603.8185434779093
prop_b[38],0.0690735027965,0.061687749,0.033484297350796506,0.0260799896112,0.03169026565,0.13235351699999995,1.0013522096943768,1844.0422954291475,2653.7906874662885
prop_b[39],0.315384340795,0.30400901,0.0875597392341396,0.08718302537700003,0.19088638,0.4732073495,1.000674245827188,1458.20729158206,2430.492381355308
prop_b[40],0.16134954906025,0.15067121,0.06029993777687527,0.05366218809,0.08505243944999999,0.27409891,1.0043546348430485,1809.7242466187488,2399.5339758079335
prop_b[41],0.12084417547525,0.10999972,0.049994680365219354,0.041971271811,0.061593204900000004,0.21513547399999994,1.0024375983309188,1737.4021209766636,2879.078646894791
prop_b[42],0.14707070901875,0.13624268,0.05740389270286167,0.050906093994,0.0760041994,0.25140897999999995,1.0015817422588378,1626.7697560680244,2214.159427110091
prop_b[43],0.20490431808375,0.1919964,0.07116517517280474,0.064678165545,0.1132506015,0.339928541,1.0003694582842901,1680.9556317700014,2894.6671198076633
prop_b[44],0.019791737089675,0.016891819500000002,0.011507039901338145,0.008006003676300003,0.007843795265,0.041447196049999996,1.00329489909544,1990.2642640173995,2882.307341891796
prop_b[45],0.0059044291953375,0.0048946070000000005,0.003890781475112739,0.0026081118611100008,0.00210762821,0.013143707549999996,1.0000443200979867,2026.9633728445801,2525.881713580513
prop_b[46],0.033300534263725,0.028935278000000002,0.01804741811293033,0.013389548148900003,0.0142001021,0.06760869904999998,1.001427411127053,2000.6573656523117,2490.5904151212076
prop_b[47],0.023963796165825,0.020735491000000002,0.012765757904973758,0.0094173061836,0.01030960225,0.04780707664999996,1.0008708822283152,1632.3595876303289,2807.0219718365415
prop_b[48],0.020530579924175,0.0174254615,0.01185737963247271,0.008527964867099998,0.007843272969999999,0.043277195049999995,1.0002117793416814,1963.8315386990394,2685.0784699371056
prop_e[1],0.35606798441,0.35582726,0.013381898590224529,0.013490333072999993,0.33485173549999997,0.37833819799999996,1.000693028782249,1131.6597104710286,2038.0995284041874
prop_e[2],0.6617993741025,0.66248461,0.016352036488402995,0.016498988079000004,0.6340914215,0.6876405655,1.0015268089975597,911.0922934055205,2359.16037163235
prop_e[3],0.169092993585,0.16898346,0.007418333278922351,0.0072889730969999825,0.1570139145,0.1819003165,1.0011024783102995,1064.3498974173558,2297.046161869632
prop_e[4],0.359929994465,0.359935075,0.012554300940214327,0.012637348814999975,0.3397469275,0.381073287,1.001191796918971,957.8695980328282,2382.8598870839073
prop_e[5],0.16703256539,0.166799305,0.00713516288248214,0.007162240449000005,0.155807537,0.17884136399999997,1.0022960391269917,1078.756985948907,2459.9246737773433
prop_e[6],0.3191260845325,0.31877612,0.012223780145038703,0.012343823666999995,0.299537178,0.34007780499999996,1.0004012917081873,1675.3517671601537,2641.522227369219
prop_e[7],0.2021205550925,0.20228158,0.008649946368188863,0.008393139447000028,0.18757091250000002,0.21606532,1.002260250708978,1169.473055647015,2226.206014636085
prop_e[8],0.1716588864825,0.171540515,0.007070015510316471,0.007124708430000008,0.16043691000000002,0.183702606,1.000620186505438,643.9800519075222,2195.7948403935975
prop_e[9],0.1287453691725,0.128653495,0.005316888166695488,0.00524225121000001,0.11999306700000001,0.13763211,1.0008993838256695,573.6126544239489,1312.4134914535487
prop_e[10],0.2231237356675,0.22315194500000002,0.009425502070239232,0.009652593320999998,0.2077810445,0.23852385449999997,1.0006165407434977,1437.3181235759864,2677.8507028916983
prop_e[11],0.1824537376675,0.18241659,0.007513784718523236,0.007544269403999983,0.17023231499999997,0.19481539650000002,1.0003818578554269,909.1967790555871,1509.225452099254
prop_e[12],0.161355175385,0.16135436,0.0067123888615901114,0.00670092945899999,0.15024773600000002,0.1725660965,1.00337635061026,685.5389813541506,1456.7614960899289
prop_e[13],0.1653166358335,0.167261905,0.0281788071045115,0.028272522243,0.1165895595,0.20983650749999996,1.0011782788021208,1668.981580078964,2128.998442603896
prop_e[14],0.155109900795,0.15507944499999998,0.0070535351536485155,0.006901955193000038,0.1434584605,0.166528887,1.0008656585405171,831.3047999699995,2039.5585998031986
prop_e[15],0.2250328765275,0.22495087,0.009066591631620873,0.009176708373000001,0.2102555835,0.2402351465,1.0016736918758107,1304.2436278793966,2620.3646059654075
prop_e[16],0.36272949704,0.362857915,0.012218501651310776,0.012394180176000032,0.3423485475,0.382296682,1.002292912027243,1173.5579745776238,2218.296554700725
prop_e[17],0.356612127825,0.35984839999999996,0.02764035056003513,0.02543828771399997,0.306163837,0.39508901350000003,1.0013760816546688,1784.180799025801,2719.0705985085197
prop_e[18],0.135959456735,0.135802125,0.00583247764389801,0.005913780054000009,0.126646524,0.145655125,1.000224912953448,1511.7389143580842,2303.7733080168864
prop_e[19],0.2431801743175,0.24304245000000002,0.009334249458421272,0.00935797104900004,0.227951072,0.2588791165,1.0008565876049458,1096.8791331727462,2279.314676979547
prop_e[20],0.2096874732375,0.209580825,0.009220847770909247,0.009178554210000016,0.194797646,0.2252793465,1.0013843196649905,1289.5484034996127,1984.1761794055244
prop_e[21],0.506171048655,0.5097911500000001,0.02922228804983927,0.025680878138999972,0.4565403645,0.546650984,1.0003509345797998,1846.798881991216,2717.243720982229
prop_e[22],0.09821581673125,0.0987721415,0.006922118898023076,0.006363402225599983,0.0864053308,0.10834555199999998,1.0012340269220752,1337.764379707545,2015.9850955289771
prop_e[23],0.233140883445,0.233171825,0.011105932093956928,0.010813995443999998,0.21516458500000002,0.251079583,1.0005084518168663,1302.7330946552268,2655.4570908340593
prop_e[24],0.25962434514,0.26168583,0.0207824987583194,0.018946204704000005,0.223707456,0.2893621805,1.0001501110735873,1574.45156793758,2741.5339033795462
prop_e[25],0.68740061743,0.6877742499999999,0.019164850898733456,0.01876351131900002,0.654835281,0.7179758970000001,1.0008701604126797,1173.7680644912534,2120.860899203609
prop_e[26],0.1261951435925,0.12610196499999998,0.005628028938221852,0.005606637225000005,0.117145625,0.1358199045,1.0021230471007085,738.1728361522041,1716.6408762811423
prop_e[27],0.2607117132475,0.26189943,0.01560078449223414,0.01417615418100002,0.23306211949999997,0.284118709,1.000611818529028,1641.2725679020066,2306.809656569166
prop_e[28],0.4836603532125,0.48413392,0.016328523936352243,0.015907215701999978,0.456019594,0.509871961,1.0021655535229208,1661.409234869947,2765.7051895882596
prop_e[29],0.5967614320575,0.596893355,0.016325959209426415,0.01635826709999996,0.5698729475,0.6229086265,1.0008981380652995,1265.317998971718,2460.372454205356
prop_e[30],0.1056917872635,0.10562619000000001,0.004624332876320627,0.00459382868700002,0.09819164605,0.11322030749999999,1.002726429669432,660.1583917460802,1701.731078314225
prop_e[31],0.305670568495,0.30577816,0.011870691588541744,0.012106036866000017,0.28696487,0.3258231025,1.0000856157347497,1475.1572273114798,2225.9134984216785
prop_e[32],0.64424604472,0.6442005399999999,0.016820512210497258,0.016665965904000133,0.6162266425,0.6717967979999999,1.000714499619996,1755.8212552483853,2680.0056874882152
prop_e[33],0.1714947728775,0.17187136,0.008506932297811368,0.007984653495000004,0.15745919699999997,0.184720044,1.0005379090020907,1075.0950835721944,1876.5548473588146
prop_e[34],0.1520092860325,0.151846875,0.006460665930416673,0.006604760609999994,0.14156305449999998,0.162868729,1.0014043472320233,1156.6220010662569,2331.594620135349
prop_e[35],0.400501941445,0.40042011,0.014114725297627003,0.013866535409999993,0.37741084199999997,0.424107095,1.002023260181855,1169.3843304329864,2712.2709280936238
prop_e[36],0.224802373775,0.22605273999999997,0.014782138712666084,0.013770351735000026,0.1983712645,0.24657430100000002,1.0019059639256638,1422.1126989022662,2261.9283363377167
prop_e[37],0.08306574344375,0.08304853949999999,0.004295055249677516,0.004194695717099992,0.07606396859999999,0.09003663954999999,1.0023724794425901,1243.2837900603724,2218.540576704382
prop_e[38],0.14280731799125,0.142953675,0.00845096114474647,0.008196146384999997,0.1287650295,0.15592698400000002,1.0025613689171538,1406.535356058173,2227.2385481328747
prop_e[39],0.249149960895,0.2524965,0.03280791815214982,0.032133753791999974,0.1910545825,0.297879877,1.0017464447288538,1524.5684684635244,2421.7258732774635
prop_e[40],0.24531344828499999,0.24755042500000002,0.01987089227185845,0.018078616836,0.21031224599999998,0.27420588299999993,1.0054507382668936,1577.2805922160808,2172.8312212719234
prop_e[41],0.31790357014,0.319328155,0.021466873045451022,0.019578644799000004,0.280578386,0.3495413255,1.0030009852836015,1393.624655687335,2416.4722346303456
prop_e[42],0.2175112734475,0.21901273,0.016958967927947564,0.015500701607999986,0.18820497299999997,0.24223885099999998,1.0011201657726179,1349.9522709788334,2433.7034290685774
prop_e[43],0.440681940145,0.446501295,0.04145377284322861,0.03819531941399999,0.3652116185,0.4970713775,1.0006109140283646,1769.308911129438,2666.825343435609
prop_e[44],0.5052174583575,0.50547634,0.017394338782556393,0.017048439639,0.476443632,0.534131447,0.999964488285856,1393.3615780329749,2738.3462077060753
prop_e[45],0.3325115544125,0.332280445,0.012680648198639498,0.012777424863000028,0.311891181,0.353562303,1.004061852111945,1036.968705946196,2175.3373859452627
prop_e[46],0.349326409505,0.34975776999999997,0.01492644982333883,0.014790187797000056,0.3244322235,0.3729141975,1.0005898321655546,1284.7928900464792,2423.0647814155714
prop_e[47],0.247927984245,0.24816436,0.010765933709278233,0.010374663998999977,0.23009480300000001,0.265648258,1.0005067824847644,1361.2035665782928,2261.961861916199
prop_e[48],0.614259789815,0.61467767,0.018810445191877696,0.01886012494800007,0.5831909045,0.6447274070000001,1.0066725402032046,1218.410442202126,2504.995873195428
