feature_k,feature_l,obs_corr,pred_corr,pred_lo,pred_hi
per90_assists,per90_goals,0.32352563867571316,0.21932701783642763,0.1964273648241072,0.24250558488079935
per90_xg_shot,per90_goals,0.8546115997964437,0.45899303071443626,0.43841858818234075,0.4795905872320157
per90_xg_assist,per90_goals,0.3558633866983873,0.28794878396947293,0.2606615858944437,0.3140620670172831
per90_shots,per90_goals,0.714150454306538,0.47491476293770324,0.4530677553546616,0.49530580157145565
per90_head_shots,per90_goals,0.44088244142093863,0.17297588751214696,0.1477550251025046,0.19905572467852353
per90_received_pass,per90_goals,-0.2527491240803669,-0.3370397995212684,-0.36529396571654976,-0.310797184367639
per90_passes,per90_goals,-0.36468500121610514,-0.41349806552916013,-0.44141807662424687,-0.38848682210131547
per90_forward_passes,per90_goals,-0.5244175864800309,-0.5394640813224071,-0.5634506793769793,-0.5169991210660553
per90_back_passes,per90_goals,0.17910686113534743,0.180638401882967,0.151551112224147,0.20824697434346334
per90_lateral_passes,per90_goals,-0.3750599637170201,-0.4366631475840056,-0.4597458153608837,-0.4123510801840198
per90_long_passes,per90_goals,-0.5078678835845979,-0.501181852439272,-0.5229467789356255,-0.48010925140387994
per90_smart_passes,per90_goals,0.2815712819925753,0.18142319311288396,0.1420656110855868,0.21530459431794602
per90_progressive_passes,per90_goals,-0.5008290052165746,-0.4751554780749495,-0.5022318422341747,-0.4503430549352582
per90_passes_to_final_third,per90_goals,-0.33971680995427617,-0.38962343413388556,-0.4170584463175764,-0.36731282265415144
per90_key_passes,per90_goals,0.3543161476758794,0.2908932120553607,0.2640209661380512,0.317080209528205
per90_through_passes,per90_goals,0.16825476540581658,0.034727899313835235,0.0083833337834017755,0.060125474922957105
per90_crosses,per90_goals,0.07417722800856849,0.224572086194383,0.19774596340212972,0.2530067992088736
per90_shot_assists,per90_goals,0.32528476767000125,0.30405069508939747,0.27365581492620983,0.33233787439490814
rate_successful_passes,per90_goals,-0.2377490356706188,-0.32913318357821897,-0.3523068052904843,-0.3081639287762091
rate_successful_progressive_passes,per90_goals,0.040533940854598764,-0.04205250394008252,-0.06600335280263953,-0.018118048100869765
per90_dribbles,per90_goals,0.33492881500217203,0.38032913500383997,0.3472851697479156,0.40878389738809984
per90_progressive_run,per90_goals,0.16209300486177622,0.22400280983357634,0.19760717597662775,0.24911390513665188
per90_accelerations,per90_goals,0.14529438754917443,0.22060216774391458,0.19301586669365003,0.2458601696714855
rate_successful_dribbles,per90_goals,-0.13097007810704175,-0.17232411893611127,-0.19145198739523017,-0.15419502655964445
per90_touch_in_box,per90_goals,0.7267931759827072,0.49683945806910496,0.47601425514381507,0.5183303970165879
per90_losses,per90_goals,0.3020708045652086,0.3037480584943268,0.27856968641173147,0.3258203522551353
per90_own_half_losses,per90_goals,-0.4019342696968152,-0.31285451964839683,-0.3332941745025597,-0.292454525101118
per90_dangerous_own_half_losses,per90_goals,-0.3575165748912446,-0.3344279289993122,-0.3530353292060225,-0.314250874645684
per90_recoveries,per90_goals,-0.6267308423395316,-0.5553236749509886,-0.5764211561299099,-0.5334666815375652
per90_opponent_half_recoveries,per90_goals,-0.18562601568925133,-0.09842286458018497,-0.1247061090711451,-0.07215740181483975
per90_dangerous_opponent_half_recoveries,per90_goals,0.12379714128230168,0.10990278286453889,0.08838539710443495,0.13192890753754838
per90_interceptions,per90_goals,-0.5859948466314362,-0.48805800337101585,-0.5109296838993304,-0.46206324088845396
per90_clearances,per90_goals,-0.47603454594868105,-0.4525419114143159,-0.47572886275510895,-0.42825580165291627
per90_shots_blocked,per90_goals,-0.3640418864628023,-0.39726441474606383,-0.419046168145867,-0.37402984933792843
per90_defensive_duels,per90_goals,-0.4615360231599163,-0.23387341432314512,-0.25779012577582344,-0.20812549030220742
per90_offensive_duels,per90_goals,0.4408955885490607,0.45226711404403813,0.4249720479019599,0.4746672754770736
per90_aerial_duels,per90_goals,0.18262362330067816,0.10767850099976653,0.08085510463460639,0.13631557649934367
per90_pressing_duels,per90_goals,0.3482353980281345,0.32775528199574117,0.28351669513849376,0.36476566895654383
per90_loose_ball_duels,per90_goals,0.2917140092827062,0.2628133566310227,0.2335524544360574,0.2901734021753131
per90_sliding_tackles,per90_goals,-0.17825238167418334,-0.16140977212800514,-0.18368391550027494,-0.13929617311281417
per90_dribbles_against,per90_goals,-0.4942353646849458,-0.28128304661029274,-0.30819887123285006,-0.25453350737643177
rate_defensive_duels_won,per90_goals,-0.2679668130965949,-0.29560770350347737,-0.32289615367235147,-0.2640986327337426
rate_offensive_duels_won,per90_goals,-0.28526198058279006,-0.25154037494650816,-0.27452859900281973,-0.23124424443770003
rate_aerial_duels_won,per90_goals,-0.3137158376268313,-0.36831534355944584,-0.3903992331166399,-0.345546034418588
per90_fouls,per90_goals,0.03106344185653728,0.10067571505006866,0.07680396088676529,0.12384376849710498
per90_fouls_suffered,per90_goals,0.28088707228691595,0.2930544267463235,0.26971047092407463,0.31764826820063746
per90_yellow_cards,per90_goals,-0.1353864765131484,-0.09703382620515032,-0.12056047088935898,-0.07643590444706475
per90_xg_shot,per90_assists,0.3200361799589781,0.24450666705270224,0.21982445024191002,0.267772673404633
per90_xg_assist,per90_assists,0.7067283250352986,0.4546889605213432,0.4352861598509253,0.47270584309023694
per90_shots,per90_assists,0.40345726049575503,0.3615387151032073,0.33919629394127804,0.38147651045611747
per90_head_shots,per90_assists,-0.03978687702796513,-0.09816365159384417,-0.1227273380871099,-0.07324763018924481
per90_received_pass,per90_assists,0.09509289022908254,0.0833892984039225,0.056563425677439015,0.1099537816372816
per90_passes,per90_assists,0.023962909969469284,0.019252839000037443,-0.009045198173445,0.04901209058045471
per90_forward_passes,per90_assists,-0.16933220681864844,-0.16960330369166607,-0.19507439785365588,-0.14121907908138315
per90_back_passes,per90_assists,0.4048448544789831,0.40815897781754734,0.3881334119307981,0.4279237335354428
per90_lateral_passes,per90_assists,-0.07190171733088303,-0.07706905557451517,-0.10332013053566987,-0.051911562505096036
per90_long_passes,per90_assists,-0.19354429678227836,-0.21479925899747143,-0.24159842837916748,-0.19057401567345655
per90_smart_passes,per90_assists,0.40892246918576325,0.3247212829045852,0.2709182134193573,0.3694111394241762
per90_progressive_passes,per90_assists,-0.04651613806842036,-0.08040788756023476,-0.10799023578385694,-0.052948590180204376
per90_passes_to_final_third,per90_assists,-0.03106142206229219,-0.02190708751484443,-0.05075321908331278,0.006168707757028466
per90_key_passes,per90_assists,0.6721933137242692,0.44381181174509676,0.4238633595941812,0.4619714870425545
per90_through_passes,per90_assists,0.36775298126165074,0.27797698676365,0.252768417881052,0.30225907605066776
per90_crosses,per90_assists,0.3983022768351837,0.37358325192094793,0.3539541825705494,0.394627244324974
per90_shot_assists,per90_assists,0.6240095190868529,0.49375355847078956,0.47477776392591126,0.5123254251765692
rate_successful_passes,per90_assists,-0.15644487599751702,-0.1391103658114449,-0.16572811985389055,-0.1148179774626623
rate_successful_progressive_passes,per90_assists,0.24751150415130588,0.20763486484850185,0.18489414242327407,0.2296044665735595
per90_dribbles,per90_assists,0.45098113247493327,0.4302771773797425,0.39831378475977613,0.45629676380996076
per90_progressive_run,per90_assists,0.3475405420454561,0.3626920225920259,0.3419352028875928,0.38457973068375845
per90_accelerations,per90_assists,0.3180895301709714,0.31325613593391605,0.2841408293315364,0.33701775945046264
rate_successful_dribbles,per90_assists,-0.07746108296586819,-0.0825311252199208,-0.10007224408266323,-0.06524863276574427
per90_touch_in_box,per90_assists,0.4302691196868433,0.3395391079566446,0.3155352716223028,0.36178612565091034
per90_losses,per90_assists,0.2963341714858613,0.25902715838885054,0.2342509712621562,0.2821481450648431
per90_own_half_losses,per90_assists,-0.2501220892515455,-0.23146988241985722,-0.25243823424464074,-0.2123528734338786
per90_dangerous_own_half_losses,per90_assists,-0.28192102620137705,-0.2825076485708303,-0.3017794679751758,-0.26322318193225736
per90_recoveries,per90_assists,-0.3687015490292304,-0.3465545854595237,-0.3695309655818144,-0.32182181363191986
per90_opponent_half_recoveries,per90_assists,0.04756650479973999,0.12196122875507441,0.09725540740671344,0.1486089473534584
per90_dangerous_opponent_half_recoveries,per90_assists,0.2452784143028019,0.23968259893278188,0.22135936116489793,0.25950280188435837
per90_interceptions,per90_assists,-0.33986848060384917,-0.3379661464860801,-0.3614032703666965,-0.31519814590589973
per90_clearances,per90_assists,-0.39421144880175263,-0.4356891926908212,-0.4556911015658123,-0.4155545993017233
per90_shots_blocked,per90_assists,-0.3495459824583255,-0.37024964044890424,-0.3901179580121923,-0.3507860106893845
per90_defensive_duels,per90_assists,-0.14519062899870258,-0.06608852037755215,-0.08858140700349175,-0.04156928044029867
per90_offensive_duels,per90_assists,0.42934437964641614,0.4209332858188085,0.397627261120977,0.44249543155822935
per90_aerial_duels,per90_assists,-0.1824069831781663,-0.1871008210203124,-0.2113095511262692,-0.16289405184778996
per90_pressing_duels,per90_assists,0.17416847212532507,0.19554585287037626,0.16609368265891886,0.224588322569789
per90_loose_ball_duels,per90_assists,0.024976261397601646,0.05700793710465911,0.03406832697668525,0.07983678967288636
per90_sliding_tackles,per90_assists,-0.10174353387615181,-0.09973223697577675,-0.12227224198985268,-0.07889582613938392
per90_dribbles_against,per90_assists,-0.13195237873937163,-0.08046813707831257,-0.10361095188257742,-0.05797372097543591
rate_defensive_duels_won,per90_assists,-0.2013320026082639,-0.20614684171420783,-0.2281678847503844,-0.1811894820068497
rate_offensive_duels_won,per90_assists,-0.039982224519601435,-0.04407290415079818,-0.06697828369205881,-0.021814159805969825
rate_aerial_duels_won,per90_assists,-0.2999913841854758,-0.33851031847432905,-0.3572468296577032,-0.3164808881334323
per90_fouls,per90_assists,-0.07635960272577645,-0.008282832130621176,-0.03062197883977721,0.01631086553155517
per90_fouls_suffered,per90_assists,0.26474017774467995,0.2983626805773028,0.27589813790740997,0.3209853750852822
per90_yellow_cards,per90_assists,-0.1304454272102218,-0.1089374050445287,-0.12720509358289217,-0.08768333302656893
per90_xg_assist,per90_xg_shot,0.36767968947284174,0.3195994732197084,0.29249950210599446,0.34598644519595856
per90_shots,per90_xg_shot,0.8359842731559047,0.5728085208811754,0.5532992203256136,0.5929269343840468
per90_head_shots,per90_xg_shot,0.5430339835343442,0.23564506468414298,0.20773137346202736,0.2672799630924186
per90_received_pass,per90_xg_shot,-0.35764914463395747,-0.44646179464688895,-0.4721812662832281,-0.4186844584887854
per90_passes,per90_xg_shot,-0.483587136240193,-0.5379837123860385,-0.562081120949534,-0.5139178949811932
per90_forward_passes,per90_xg_shot,-0.6592222029280721,-0.6789904131935083,-0.6964707793171468,-0.6615475915571493
per90_back_passes,per90_xg_shot,0.17351918927569018,0.18605115764752506,0.15472499051864433,0.21833425788014643
per90_lateral_passes,per90_xg_shot,-0.4838507443052056,-0.556663013327637,-0.5771355018441444,-0.5333283173130914
per90_long_passes,per90_xg_shot,-0.6285943725117781,-0.6241050614019399,-0.6425064402092119,-0.6079649275135521
per90_smart_passes,per90_xg_shot,0.2780810730331351,0.19679091740735477,0.15697987679929343,0.23214466055791425
per90_progressive_passes,per90_xg_shot,-0.6363589908838657,-0.6061807674955525,-0.6295764520541723,-0.5816555716675939
per90_passes_to_final_third,per90_xg_shot,-0.44292436543724767,-0.5022095722241231,-0.5246540796779782,-0.47919324663258234
per90_key_passes,per90_xg_shot,0.3527924211854281,0.3247011288675583,0.2951232860093596,0.3517908683761592
per90_through_passes,per90_xg_shot,0.13688042038051274,0.012314959754334377,-0.016229196299920555,0.03988570154220453
per90_crosses,per90_xg_shot,0.0811037932721754,0.24698545835215863,0.2161425193412827,0.2778703111183301
per90_shot_assists,per90_xg_shot,0.339883533783617,0.3358986507435156,0.3015655264825651,0.36438337964159184
rate_successful_passes,per90_xg_shot,-0.3221432781780391,-0.41004655097592024,-0.4331854463404228,-0.38518463669273906
rate_successful_progressive_passes,per90_xg_shot,-0.011624004023885123,-0.07890321054029578,-0.10591365531443868,-0.05270913778094901
per90_dribbles,per90_xg_shot,0.3896772306067936,0.44213655499470017,0.40905104684375737,0.4721984660735266
per90_progressive_run,per90_xg_shot,0.19213496280255954,0.2475336074193929,0.21949427293953538,0.27435562142858194
per90_accelerations,per90_xg_shot,0.16108719212634992,0.24891074055943382,0.2170580578470123,0.27787827302116785
rate_successful_dribbles,per90_xg_shot,-0.17478294853853563,-0.21356679036038717,-0.23682114409901356,-0.19085189867822897
per90_touch_in_box,per90_xg_shot,0.8494414419585781,0.6037563533935901,0.5860051113462116,0.6225453309431797
per90_losses,per90_xg_shot,0.37562304758096987,0.36305438790384315,0.33427334239164014,0.38954689399932685
per90_own_half_losses,per90_xg_shot,-0.453472771019337,-0.37809418244667453,-0.4002231228918244,-0.3569213128872247
per90_dangerous_own_half_losses,per90_xg_shot,-0.40782650943793475,-0.40007042560883327,-0.4187913615326727,-0.37981387605987343
per90_recoveries,per90_xg_shot,-0.7415951550876542,-0.6787315082769624,-0.6944255216194148,-0.6617396977211734
per90_opponent_half_recoveries,per90_xg_shot,-0.22288881796908916,-0.14181934947721936,-0.17085604565823614,-0.11214498176131413
per90_dangerous_opponent_half_recoveries,per90_xg_shot,0.1381781225604788,0.11422119597019352,0.09041186366879218,0.1383237861027994
per90_interceptions,per90_xg_shot,-0.6853439954899764,-0.5926023738593655,-0.6137442118275573,-0.5681946272615102
per90_clearances,per90_xg_shot,-0.5465539511474538,-0.53508439643266,-0.5562351825261573,-0.513651492858659
per90_shots_blocked,per90_xg_shot,-0.42519881430322365,-0.4711611689524703,-0.4929512641610709,-0.45080882751234735
per90_defensive_duels,per90_xg_shot,-0.5279348453283456,-0.29524978766575005,-0.3222818972318091,-0.2651362065447174
per90_offensive_duels,per90_xg_shot,0.528552474576157,0.536457012945522,0.5114038533145584,0.5594089260372752
per90_aerial_duels,per90_xg_shot,0.26681709934982556,0.16152916199046172,0.13095002374223286,0.1926557527159382
per90_pressing_duels,per90_xg_shot,0.44257001300028487,0.4016161179344505,0.3463469556489322,0.44325036087671643
per90_loose_ball_duels,per90_xg_shot,0.3906279199482363,0.33382755995524105,0.29930006243662916,0.3624982873098904
per90_sliding_tackles,per90_xg_shot,-0.22050278001228435,-0.1974111485559042,-0.2246963576207855,-0.16928863327430596
per90_dribbles_against,per90_xg_shot,-0.5863477189996692,-0.35489821171550323,-0.3827084757001674,-0.3233072122420409
rate_defensive_duels_won,per90_xg_shot,-0.32371104363051867,-0.35874099574054197,-0.38917040152971827,-0.3223502617580233
rate_offensive_duels_won,per90_xg_shot,-0.3624937228895013,-0.32068806348857337,-0.34597835679916433,-0.2974704386418074
rate_aerial_duels_won,per90_xg_shot,-0.3782991876575375,-0.4373882730554543,-0.459852863642501,-0.4149428003955591
per90_fouls,per90_xg_shot,0.08595402663759465,0.13147325253125236,0.10380455884274822,0.1588472582309084
per90_fouls_suffered,per90_xg_shot,0.33164110259120616,0.344620265435932,0.3189285101181874,0.3737287698660512
per90_yellow_cards,per90_xg_shot,-0.15617835689641052,-0.11293531787891099,-0.14047663554230316,-0.08816208193670207
per90_shots,per90_xg_assist,0.5087484109198934,0.4793520853348311,0.4567131899644612,0.5014060813653175
per90_head_shots,per90_xg_assist,-0.1379884068137971,-0.14013869716673702,-0.17269656452893442,-0.10717975400923248
per90_received_pass,per90_xg_assist,0.099286519087077793,0.12538409299748318,0.09364415953281488,0.1576327624525161
per90_passes,per90_xg_assist,0.012418028650859846,0.04009787993045684,0.003919276656127741,0.0740555129337011
per90_forward_passes,per90_xg_assist,-0.2281605196668047,-0.21433698288562097,-0.24494171237664225,-0.18445364324117824
per90_back_passes,per90_xg_assist,0.5365833341881299,0.552961651413804,0.533339116431479,0.5742257495249217
per90_lateral_passes,per90_xg_assist,-0.12126057622291005,-0.09103347333360506,-0.12098657159286846,-0.060032707082101865
per90_long_passes,per90_xg_assist,-0.2435854871798338,-0.2775164538791167,-0.30712228362022703,-0.24859754778362905
per90_smart_passes,per90_xg_assist,0.5070059810117381,0.43865611314867664,0.36809575030247416,0.5002712113710374
per90_progressive_passes,per90_xg_assist,-0.053366610723337676,-0.09431584585956383,-0.1287783412804617,-0.06024610876120328
per90_passes_to_final_third,per90_xg_assist,-0.0532505163576619,-0.017064948856413686,-0.05168412888955696,0.01632395231526114
per90_key_passes,per90_xg_assist,0.8387425841884651,0.5981251989718074,0.5794033771018589,0.6154210325503574
per90_through_passes,per90_xg_assist,0.4577037491991794,0.3795247417547202,0.34450795685843316,0.4082504945230962
per90_crosses,per90_xg_assist,0.609229060602598,0.5041926401498052,0.48122972896836647,0.5274344387242881
per90_shot_assists,per90_xg_assist,0.8950210053459812,0.6661012534561201,0.6467099701125303,0.683649805451241
rate_successful_passes,per90_xg_assist,-0.2564183239978026,-0.1795819942131688,-0.21139900793689387,-0.14845807786254103
rate_successful_progressive_passes,per90_xg_assist,0.32069917946747917,0.28576125030563593,0.2567883252212863,0.3142175545858351
per90_dribbles,per90_xg_assist,0.6216670200948292,0.5766173980809562,0.5379370466037285,0.6045993047784438
per90_progressive_run,per90_xg_assist,0.4968087971021902,0.4892694881295625,0.46507260014251284,0.5124124946910755
per90_accelerations,per90_xg_assist,0.4629005587674965,0.42165701431403463,0.3850234661384273,0.4501251386426796
rate_successful_dribbles,per90_xg_assist,-0.10870766623592593,-0.1072703754185659,-0.13017957248616246,-0.08345970256853062
per90_touch_in_box,per90_xg_assist,0.523470555006195,0.4484919137506417,0.4223945561953504,0.47103258125569647
per90_losses,per90_xg_assist,0.4003004555236909,0.34466393585929533,0.31416159400466803,0.3741088776080051
per90_own_half_losses,per90_xg_assist,-0.3386200576612598,-0.30664343909955905,-0.3295796744167565,-0.281887935417083
per90_dangerous_own_half_losses,per90_xg_assist,-0.38918601964385363,-0.3757599569654067,-0.395312818646109,-0.3553561453669216
per90_recoveries,per90_xg_assist,-0.48014731436448393,-0.4561503093473162,-0.4780063975568965,-0.43222528175314884
per90_opponent_half_recoveries,per90_xg_assist,0.10565771078056317,0.1702867550145937,0.13825084135252372,0.20443664464581374
per90_dangerous_opponent_half_recoveries,per90_xg_assist,0.3471655170474918,0.32459775041671973,0.3000998835080867,0.3472424766886319
per90_interceptions,per90_xg_assist,-0.4383813094238655,-0.4466179075806158,-0.4728231579579727,-0.4183057178518101
per90_clearances,per90_xg_assist,-0.5488036377942068,-0.5816522985894366,-0.6003099619989832,-0.5610202268928781
per90_shots_blocked,per90_xg_assist,-0.48873498964863804,-0.493859961243245,-0.51394489836043,-0.47495076460190067
per90_defensive_duels,per90_xg_assist,-0.126261446317954,-0.08273093653029683,-0.11423065696344054,-0.05254150921538801
per90_offensive_duels,per90_xg_assist,0.574640534019249,0.5614594802703264,0.5379583159244553,0.5834861174359407
per90_aerial_duels,per90_xg_assist,-0.3027572500282076,-0.2598166603103453,-0.28854213618239277,-0.22996439998179913
per90_pressing_duels,per90_xg_assist,0.257572274476399,0.25687094653143056,0.22082238315018815,0.28939607651129873
per90_loose_ball_duels,per90_xg_assist,0.023050189386408317,0.06936363201444616,0.04219652875502466,0.10013133785153178
per90_sliding_tackles,per90_xg_assist,-0.14424453653702546,-0.13122061044981997,-0.16149312684296563,-0.10256381595867603
per90_dribbles_against,per90_xg_assist,-0.11347250337405748,-0.10082566489489006,-0.13086116432781145,-0.07016488689264669
rate_defensive_duels_won,per90_xg_assist,-0.28636830567273686,-0.2725062830976514,-0.30158096461453915,-0.23914957933583098
rate_offensive_duels_won,per90_xg_assist,-0.04725380073013834,-0.05200396313368529,-0.08067752867198653,-0.02388823728395522
rate_aerial_duels_won,per90_xg_assist,-0.44993603461854415,-0.451351366528241,-0.47328415138661706,-0.4272704350169334
per90_fouls,per90_xg_assist,-0.07659125727581384,-0.014682016050486095,-0.04572188709524147,0.017277667173238562
per90_fouls_suffered,per90_xg_assist,0.35962953712144746,0.39882698119723364,0.37143194916681327,0.4235459664611513
per90_yellow_cards,per90_xg_assist,-0.1673274355240917,-0.14591437233550106,-0.16981769222650986,-0.11829720976706583
per90_head_shots,per90_shots,0.40125020307436443,0.1400651486765995,0.11053002971864129,0.1730820050030302
per90_received_pass,per90_shots,-0.2696378100713531,-0.3158754099896698,-0.34595815799666246,-0.28467773017090897
per90_passes,per90_shots,-0.38606141487155754,-0.420602115290691,-0.4459620890384153,-0.3912858240374234
per90_forward_passes,per90_shots,-0.6228838931477415,-0.6263005405485679,-0.645609597931697,-0.6053015208239372
per90_back_passes,per90_shots,0.337645285942751,0.3496577557065887,0.3211273998601172,0.3750005858872186
per90_lateral_passes,per90_shots,-0.41774561085924317,-0.48295605304971617,-0.5075560270727252,-0.4582341697123961
per90_long_passes,per90_shots,-0.5669351053317198,-0.6046690247755775,-0.623467170014675,-0.5851038904848623
per90_smart_passes,per90_shots,0.41609838487391054,0.31715060059592737,0.25886909284935355,0.36286901866407767
per90_progressive_passes,per90_shots,-0.5385928246946952,-0.5241770853425536,-0.5492256251557229,-0.49772631252545124
per90_passes_to_final_third,per90_shots,-0.32553365201997475,-0.4122603425761932,-0.43866101063803825,-0.38539925419571724
per90_key_passes,per90_shots,0.47192917075132673,0.47807402158154194,0.4540162217784838,0.5012203943877391
per90_through_passes,per90_shots,0.28942413744191153,0.14671149290200164,0.11884445450285679,0.17602135391139997
per90_crosses,per90_shots,0.27821755015215965,0.38137173545667735,0.35518835914799235,0.4079372012381531
per90_shot_assists,per90_shots,0.5321445670956532,0.5116121923186525,0.488341917696795,0.5366337858350267
rate_successful_passes,per90_shots,-0.36802632966425286,-0.39627095990388495,-0.4233022871216865,-0.3700488001007674
rate_successful_progressive_passes,per90_shots,0.10129294650395895,0.03914954063305376,0.011399467030476656,0.06680017303415722
per90_dribbles,per90_shots,0.5944263468758701,0.5652982696265388,0.5262396783586398,0.5941361277332486
per90_progressive_run,per90_shots,0.34595791628818434,0.3764393000729409,0.35083876655649016,0.40340194716109906
per90_accelerations,per90_shots,0.3226486339857966,0.35321507857464524,0.3181643801306318,0.38345895027550836
rate_successful_dribbles,per90_shots,-0.1595094023387558,-0.21135325969703128,-0.23453268543989744,-0.1882554643170298
per90_touch_in_box,per90_shots,0.8014047570185888,0.6498235307002003,0.6330679550885834,0.6663030962413758
per90_losses,per90_shots,0.4875921571345194,0.41775876867458417,0.38738124017202547,0.4432541678031249
per90_own_half_losses,per90_shots,-0.45591880953718666,-0.41623901108261213,-0.4370004100811487,-0.39393618745730724
per90_dangerous_own_half_losses,per90_shots,-0.46328975109053466,-0.4589159705244022,-0.47677778901907164,-0.44007633361396414
per90_recoveries,per90_shots,-0.7352302055015574,-0.7132213529183602,-0.7281311480572039,-0.6971761601132854
per90_opponent_half_recoveries,per90_shots,-0.02667846297834768,-0.05334940515249796,-0.08495964282817112,-0.0242990275701779
per90_dangerous_opponent_half_recoveries,per90_shots,0.2985403283626186,0.2093244717049568,0.18684016559449004,0.23382477718311262
per90_interceptions,per90_shots,-0.6792311030212428,-0.6401093829082548,-0.6617947128869778,-0.6185516043755335
per90_clearances,per90_shots,-0.6645946172945261,-0.6422874876728081,-0.6602686025926432,-0.6243293283058532
per90_shots_blocked,per90_shots,-0.5391614232088059,-0.5589583299504947,-0.578722320501668,-0.5408477880300232
per90_defensive_duels,per90_shots,-0.3966255133558001,-0.26853169678777145,-0.2978891416142562,-0.23955033743560464
per90_offensive_duels,per90_shots,0.6891763820006302,0.6361048872399859,0.611893304461728,0.6578176195340545
per90_aerial_duels,per90_shots,0.13388262536024428,0.03699857543534859,0.007084547207122969,0.06855856234736686
per90_pressing_duels,per90_shots,0.4642822773762711,0.41731234158059316,0.3644692989565834,0.46165440835842736
per90_loose_ball_duels,per90_shots,0.36972907824847456,0.29493287133045865,0.25986116579042606,0.32719186163597036
per90_sliding_tackles,per90_shots,-0.17475027078824695,-0.20693018165354937,-0.23466693004799505,-0.1790304143598767
per90_dribbles_against,per90_shots,-0.47239554580887455,-0.32334478522049087,-0.35481331873546357,-0.2928053033914433
rate_defensive_duels_won,per90_shots,-0.36078205020854764,-0.38828839994016834,-0.41887730333269846,-0.3493411338866117
rate_offensive_duels_won,per90_shots,-0.2747262619011896,-0.2780474969010265,-0.3045076400341288,-0.2521953126268312
rate_aerial_duels_won,per90_shots,-0.4725399964583292,-0.5163273200380744,-0.5367750753859635,-0.49657992025884246
per90_fouls,per90_shots,0.12748370515783783,0.1009937243279872,0.06806500157946747,0.13115887980413657
per90_fouls_suffered,per90_shots,0.4695334057242939,0.4223473994142778,0.3986106478750668,0.4468104482566432
per90_yellow_cards,per90_shots,-0.13499029015474084,-0.14389541542879117,-0.17112399263404915,-0.1177674006404844
per90_received_pass,per90_head_shots,-0.3425202974898109,-0.4243898986960015,-0.4517446890267345,-0.3999661394016839
per90_passes,per90_head_shots,-0.368174867114027,-0.44124992015055853,-0.46865364002779064,-0.4157062405013178
per90_forward_passes,per90_head_shots,-0.34530296855747505,-0.3895339811328951,-0.42081331172545033,-0.36053769733615365
per90_back_passes,per90_head_shots,-0.2686956625665323,-0.20540279203979003,-0.2363730390711546,-0.17582132125965758
per90_lateral_passes,per90_head_shots,-0.25358500696854464,-0.37284780870795314,-0.40116041014787374,-0.3483311924967087
per90_long_passes,per90_head_shots,-0.2927685581973195,-0.3071846728897287,-0.33871486604223644,-0.279276460187048
per90_smart_passes,per90_head_shots,-0.05978484294654486,-0.12499706539269552,-0.15300630944301435,-0.09640418504303894
per90_progressive_passes,per90_head_shots,-0.4302753932145219,-0.40904811598918606,-0.43877043719631337,-0.38175846747844727
per90_passes_to_final_third,per90_head_shots,-0.30443019416837774,-0.3774711107617601,-0.4033878877264267,-0.35267016987454214
per90_key_passes,per90_head_shots,-0.12766068336727207,-0.1267349756336113,-0.15728676086512275,-0.09537746259043914
per90_through_passes,per90_head_shots,-0.10383790631925231,-0.2301892894542563,-0.25520553376142036,-0.20399545010422626
per90_crosses,per90_head_shots,-0.3300562948912626,-0.12745235615641107,-0.1572154981853222,-0.09797538405659048
per90_shot_assists,per90_head_shots,-0.19812514724221275,-0.16099149268027443,-0.1939323435071956,-0.12897349013558576
rate_successful_passes,per90_head_shots,-0.11046911315294942,-0.20360071017532802,-0.22738142445381723,-0.18201181620476742
rate_successful_progressive_passes,per90_head_shots,-0.17861833552419412,-0.24148341923192462,-0.2645327122558084,-0.2172341382298764
per90_dribbles,per90_head_shots,-0.12139716982224594,-0.022323716576950734,-0.05376486177133419,0.008575331227795684
per90_progressive_run,per90_head_shots,-0.21089652446684998,-0.11765113582542638,-0.14631003418580094,-0.08668045401475688
per90_accelerations,per90_head_shots,-0.20110287782389846,-0.07387500375259602,-0.0991468436929204,-0.04779139529125849
rate_successful_dribbles,per90_head_shots,-0.07218151709211167,-0.09734070459514184,-0.11444671053705506,-0.07861767656194875
per90_touch_in_box,per90_head_shots,0.40227866609112684,0.18346599820132586,0.15104373673604451,0.21862131720435354
per90_losses,per90_head_shots,0.14076388959685796,0.06299745188712944,0.037005590923118725,0.08953708757822745
per90_own_half_losses,per90_head_shots,-0.11225306018044488,-0.09864082823626284,-0.12416662407838717,-0.0748119105832792
per90_dangerous_own_half_losses,per90_head_shots,-0.05242246783306516,-0.07192376218153285,-0.09852004842342432,-0.04880798960385042
per90_recoveries,per90_head_shots,-0.24230477897818342,-0.23658717415974106,-0.2713269807040056,-0.2063352835722366
per90_opponent_half_recoveries,per90_head_shots,-0.28296206461273743,-0.2172211306010888,-0.23827425260034002,-0.19469210821849092
per90_dangerous_opponent_half_recoveries,per90_head_shots,-0.11439584366974652,-0.11669546364150112,-0.13925030373386163,-0.09178610174552965
per90_interceptions,per90_head_shots,-0.20973515018815753,-0.17602983132414918,-0.20659940284934122,-0.1454830902071663
per90_clearances,per90_head_shots,0.0014165289923031867,-0.046301784484778175,-0.0811072116103336,-0.014705847510164799
per90_shots_blocked,per90_head_shots,0.04586906990630965,-0.05234408366694939,-0.08070080039034608,-0.02342924282863476
per90_defensive_duels,per90_head_shots,-0.3934042733778857,-0.1760327084031253,-0.19916921966134282,-0.15045578827055675
per90_offensive_duels,per90_head_shots,0.04288967805741266,0.06010171202862852,0.028671884256131076,0.09210686855673644
per90_aerial_duels,per90_head_shots,0.6078657233337201,0.28902718511335346,0.26590264311799405,0.3150566206271194
per90_pressing_duels,per90_head_shots,0.17858646953576687,0.14822608731894654,0.11974801676239005,0.17573079795621493
per90_loose_ball_duels,per90_head_shots,0.3854250315062038,0.21427578876707648,0.19061142959667896,0.23879509476655095
per90_sliding_tackles,per90_head_shots,-0.07699682319917299,-0.06973928630881056,-0.09031778998453187,-0.04843646557368449
per90_dribbles_against,per90_head_shots,-0.45010402259560095,-0.21066978385334392,-0.23672824236358087,-0.18648377265913563
rate_defensive_duels_won,per90_head_shots,-0.024288235870919758,-0.10521644565947236,-0.12966000946928916,-0.0824385049994528
rate_offensive_duels_won,per90_head_shots,-0.2652761424535356,-0.21509124030321983,-0.23789376905166756,-0.19368582361883968
rate_aerial_duels_won,per90_head_shots,0.0972527696919948,-0.053038122446384305,-0.0812601132041447,-0.02534122179782608
per90_fouls,per90_head_shots,0.132391288129022,0.11090076125851563,0.09223977154647735,0.13160021934183969
per90_fouls_suffered,per90_head_shots,0.043135722306434116,0.014524904097389256,-0.01200575428324869,0.041455572166125144
per90_yellow_cards,per90_head_shots,-0.017551134585792303,0.004865917050870324,-0.01541047770797846,0.02417864971706371
per90_passes,per90_received_pass,0.967251427445424,0.7246919240441114,0.7038529978769679,0.7435087914030545
per90_forward_passes,per90_received_pass,0.7536794028496613,0.683306205575631,0.6611614214712622,0.7034783886409487
per90_back_passes,per90_received_pass,0.42773061753509645,0.2441004845316265,0.21063612019379635,0.27721996163628315
per90_lateral_passes,per90_received_pass,0.879966454291433,0.6341776366170415,0.6111879997293113,0.6542010290138869
per90_long_passes,per90_received_pass,0.4753449034156244,0.5577561227634923,0.5334654492179901,0.5835318180968032
per90_smart_passes,per90_received_pass,0.08742867094847101,0.1307268849307463,0.10334354700558976,0.16363684884154836
per90_progressive_passes,per90_received_pass,0.6785397888647834,0.6947315813061695,0.6703360022826155,0.7146677522902796
per90_passes_to_final_third,per90_received_pass,0.6925970697707953,0.6289331302616845,0.6060770238661927,0.6519525544699107
per90_key_passes,per90_received_pass,0.08475161697952309,0.10574037934109483,0.07428239454944634,0.14123676596653148
per90_through_passes,per90_received_pass,0.29728844708640606,0.3154444135806434,0.2807700045967369,0.34651722328576406
per90_crosses,per90_received_pass,-0.012255793049575603,0.12336610578862496,0.08633304589179329,0.1574099265932639
per90_shot_assists,per90_received_pass,0.11932932137418001,0.1506814262831344,0.11680506567688763,0.18730911738248318
rate_successful_passes,per90_received_pass,0.6844747726663664,0.36892953651010296,0.34148342788890984,0.39793302686985693
rate_successful_progressive_passes,per90_received_pass,0.41271640819781924,0.3505428990583693,0.3212694736929676,0.3769162159170741
per90_dribbles,per90_received_pass,-0.13407706581338874,-0.06362843677778769,-0.09532471036797613,-0.029211059572965492
per90_progressive_run,per90_received_pass,0.17885191723372018,0.10967708367227276,0.07644248936015675,0.14279856279810904
per90_accelerations,per90_received_pass,0.00863947483897502,0.04891398781300474,0.01700863545711308,0.0793173321408912
rate_successful_dribbles,per90_received_pass,0.19138607340400715,0.1801446266032683,0.15484992750972573,0.20254063388579568
per90_touch_in_box,per90_received_pass,-0.2929259864969304,-0.38245813928732963,-0.4138798199227677,-0.35276803429276943
per90_losses,per90_received_pass,-0.2933154399621988,-0.16460918023037796,-0.19591839745174913,-0.1339421522096127
per90_own_half_losses,per90_received_pass,0.13561252786994346,0.21701343454732888,0.18756215994307404,0.246263260475604
per90_dangerous_own_half_losses,per90_received_pass,0.18325971731219848,0.1848627370443626,0.1580343938492384,0.2137164604693305
per90_recoveries,per90_received_pass,0.41049162098088265,0.4718799290065818,0.4419664214119544,0.49890424509770886
per90_opponent_half_recoveries,per90_received_pass,0.31005915148113306,0.3304547179298475,0.29850925281899054,0.36200789513183196
per90_dangerous_opponent_half_recoveries,per90_received_pass,0.14398037565239408,0.1368519046452056,0.1060647431435488,0.16628192484363513
per90_interceptions,per90_received_pass,0.2629361894327756,0.36980504314205614,0.3386552823087912,0.40207973962796245
per90_clearances,per90_received_pass,0.08858266436954648,0.178269385488888,0.1450759524056629,0.21649161876613907
per90_shots_blocked,per90_received_pass,0.18937856506797923,0.172950936993675,0.14039498938052272,0.20497931469289793
per90_defensive_duels,per90_received_pass,0.1941741409125885,0.3062168421188343,0.2715038266144477,0.3337641997111627
per90_offensive_duels,per90_received_pass,-0.22601166224229935,-0.19763446990268654,-0.23353946546075516,-0.16288924314503314
per90_aerial_duels,per90_received_pass,-0.43326561483626674,-0.433828529075055,-0.46174498574269585,-0.405168036147183
per90_pressing_duels,per90_received_pass,-0.3025881858282282,-0.2905666925781841,-0.3262458037323132,-0.24759971585254878
per90_loose_ball_duels,per90_received_pass,-0.4453194265810555,-0.3673689520293899,-0.39702808588024197,-0.33303478662783503
per90_sliding_tackles,per90_received_pass,0.10617830400353727,0.138557508673813,0.10695364075482318,0.16873537827176613
per90_dribbles_against,per90_received_pass,0.24106261231326384,0.36690787221460003,0.33315611510789556,0.4004373762702434
rate_defensive_duels_won,per90_received_pass,0.25421893095332715,0.22203324848754247,0.1919775416745464,0.25371813984323194
rate_offensive_duels_won,per90_received_pass,0.3326407438700822,0.36569084221044895,0.3405925415007207,0.39256979976472545
rate_aerial_duels_won,per90_received_pass,0.18880969315731655,0.16673600131263058,0.13484993390892935,0.20136789645739672
per90_fouls,per90_received_pass,-0.2363503022561711,-0.1813062837917242,-0.2137264268619813,-0.15312364248901178
per90_fouls_suffered,per90_received_pass,-0.1012240200307202,-0.09366621864473615,-0.12687020047826794,-0.06148872361719769
per90_yellow_cards,per90_received_pass,-0.03755243372779533,0.01738365444459256,-0.011036926372512208,0.04596679522549442
per90_forward_passes,per90_passes,0.8537392297368928,0.779985436034964,0.7669061401595718,0.7947294502313649
per90_back_passes,per90_passes,0.32571589164669945,0.17920307754786144,0.1438643477141166,0.21552744082040626
per90_lateral_passes,per90_passes,0.9279513402066861,0.7068436020808436,0.6882786651311694,0.724570354015372
per90_long_passes,per90_passes,0.6059319888584578,0.6528530476867166,0.6348545950013176,0.6726331902638049
per90_smart_passes,per90_passes,0.08381700585795798,0.07339485263649267,0.047144411870504506,0.10414691355589467
per90_progressive_passes,per90_passes,0.7802946330545403,0.7734974454823882,0.7534361645235492,0.7894144062355011
per90_passes_to_final_third,per90_passes,0.774618174619593,0.6894440470759545,0.6728293607892266,0.7078312537753009
per90_key_passes,per90_passes,-0.011140797809184772,0.02101053794006952,-0.013497705532096876,0.057228252663293046
per90_through_passes,per90_passes,0.29816449797918426,0.2845088520665505,0.25262867821538904,0.3161775202788064
per90_crosses,per90_passes,-0.07580425157827303,0.05506505130501508,0.01449617713026421,0.09194995417479607
per90_shot_assists,per90_passes,0.034223656676699715,0.05935100957445059,0.02189836686682444,0.09614799745914063
rate_successful_passes,per90_passes,0.6932027513132482,0.4312123566797794,0.40517702644400855,0.4602380925164877
rate_successful_progressive_passes,per90_passes,0.41042822956540004,0.3376315630281426,0.306814056994362,0.36474710747898703
per90_dribbles,per90_passes,-0.20352778035212438,-0.16046937065276007,-0.19390459942955288,-0.12371019107376449
per90_progressive_run,per90_passes,0.08117197612791743,0.04250525270455397,0.006921460712208805,0.07550999302014548
per90_accelerations,per90_passes,-0.038491131063213,-0.013176191794108373,-0.0438189259138243,0.0170703331378375
rate_successful_dribbles,per90_passes,0.24220776681371844,0.21362978199984153,0.18725774525677022,0.23852317288336744
per90_touch_in_box,per90_passes,-0.4371526332646928,-0.48843001804476194,-0.5149236620018753,-0.46009123748417263
per90_losses,per90_passes,-0.31328257869592047,-0.23414449118813158,-0.2670475054940869,-0.20290331352864027
per90_own_half_losses,per90_passes,0.2358027557698141,0.28539013142281533,0.2547811010249636,0.31628887274553596
per90_dangerous_own_half_losses,per90_passes,0.26077310639120466,0.26119978119351667,0.23456331828591814,0.2883664522164373
per90_recoveries,per90_passes,0.5742157535140675,0.587290792061428,0.563085850958321,0.6114733026543143
per90_opponent_half_recoveries,per90_passes,0.3796903481524651,0.33393981410255635,0.3041780749108992,0.3658738172843688
per90_dangerous_opponent_half_recoveries,per90_passes,0.13255516143075208,0.09818999898579937,0.06677772101952459,0.1301190402108876
per90_interceptions,per90_passes,0.4188126993590977,0.47432439354764167,0.4460051846286518,0.5055683979446037
per90_clearances,per90_passes,0.2132909809114235,0.2864833120743826,0.2539589580154608,0.32023322749552385
per90_shots_blocked,per90_passes,0.2777934165966599,0.2668406138616934,0.23644984116628714,0.2975146967101896
per90_defensive_duels,per90_passes,0.287594452488715,0.3474530366788746,0.31182330973083006,0.37763337910740025
per90_offensive_duels,per90_passes,-0.30094532104908195,-0.30445595665708447,-0.3367805408869532,-0.27115195861224206
per90_aerial_duels,per90_passes,-0.38415651628938996,-0.43266438289411185,-0.4607292459420566,-0.4012527891169168
per90_pressing_duels,per90_passes,-0.39829809218076995,-0.3578619918325214,-0.4004633941965443,-0.3051937086751889
per90_loose_ball_duels,per90_passes,-0.4231193258900598,-0.4121223507553632,-0.44336362752826014,-0.3737626264135194
per90_sliding_tackles,per90_passes,0.17999015317550815,0.17202804004813374,0.13873257872888772,0.20385012801624058
per90_dribbles_against,per90_passes,0.3413345958751057,0.4165773571058381,0.37941571939036567,0.44950507117466143
rate_defensive_duels_won,per90_passes,0.3226515221968467,0.28548565125245645,0.25006700722588365,0.32106035225904217
rate_offensive_duels_won,per90_passes,0.3940285987529937,0.4075278027228879,0.3816561791897586,0.43200243999559795
rate_aerial_duels_won,per90_passes,0.27509386509317035,0.25332522603041463,0.22268610667320352,0.2862702437499654
per90_fouls,per90_passes,-0.20804700199204662,-0.1956290420932593,-0.22787432658451665,-0.16468952169070322
per90_fouls_suffered,per90_passes,-0.15390537144639369,-0.16524437814269832,-0.19838426938446402,-0.1311375241846573
per90_yellow_cards,per90_passes,0.021686903039595525,0.042042888651480335,0.011696468655684954,0.07290697475739992
per90_back_passes,per90_forward_passes,-0.08753402314210487,-0.04814918573403611,-0.08416494583303726,-0.010092542719644814
per90_lateral_passes,per90_forward_passes,0.7955178713440524,0.7552540554840791,0.7407603804016347,0.7692199264897254
per90_long_passes,per90_forward_passes,0.8263912966003223,0.7781026979396171,0.7653443554688649,0.792674636877535
per90_smart_passes,per90_forward_passes,-0.05322579097144449,-0.10798172224349985,-0.13770188615898754,-0.07652540247755622
per90_progressive_passes,per90_forward_passes,0.9134603809544937,0.8243055990864353,0.8044996873772721,0.8394738648670449
per90_passes_to_final_third,per90_forward_passes,0.8031685355587478,0.7068166472581219,0.6895707405297037,0.7258312176344106
per90_key_passes,per90_forward_passes,-0.2386599364456781,-0.22746650933965556,-0.2602541857774485,-0.19177812271349476
per90_through_passes,per90_forward_passes,0.1864292215458642,0.1308816936565685,0.09857882844901114,0.1628005687699989
per90_crosses,per90_forward_passes,-0.19031300380668148,-0.15380761362569317,-0.19015154115867552,-0.11770047227554624
per90_shot_assists,per90_forward_passes,-0.22865457742474632,-0.2168150592650699,-0.24961558208859544,-0.18349152237195876
rate_successful_passes,per90_forward_passes,0.5521287241070238,0.5123272104050546,0.48518745424065063,0.5388337292169554
rate_successful_progressive_passes,per90_forward_passes,0.301698785424644,0.22377273068877915,0.19325330302205718,0.2536214356117635
per90_dribbles,per90_forward_passes,-0.42358464951818525,-0.4027164773486299,-0.4356123067521641,-0.36539711396437785
per90_progressive_run,per90_forward_passes,-0.14796851574053127,-0.16038640145005442,-0.194933636913119,-0.1294811916458678
per90_accelerations,per90_forward_passes,-0.2044720302013326,-0.18879921261692797,-0.21961691750376372,-0.15528587528852686
rate_successful_dribbles,per90_forward_passes,0.2645505154226876,0.2614593463042736,0.2341747650521999,0.2888394131048241
per90_touch_in_box,per90_forward_passes,-0.6771468131785782,-0.6823375174173163,-0.7004316855302063,-0.6639740861300223
per90_losses,per90_forward_passes,-0.34567524960218476,-0.3810053565599704,-0.41431968550938697,-0.3485780986264985
per90_own_half_losses,per90_forward_passes,0.44577845708428615,0.41722405564550386,0.3890455292776274,0.44579785566752655
per90_dangerous_own_half_losses,per90_forward_passes,0.4273193702083676,0.4214286952740166,0.39719902787515327,0.4443663916694288
per90_recoveries,per90_forward_passes,0.7984950300376601,0.785875307936283,0.7727351766992848,0.799853239299516
per90_opponent_half_recoveries,per90_forward_passes,0.25567510471231847,0.2680545254143578,0.23372115001244922,0.30054316108751405
per90_dangerous_opponent_half_recoveries,per90_forward_passes,-0.048954260403592166,-0.03538344105741084,-0.0655595453632756,-0.004995790942038158
per90_interceptions,per90_forward_passes,0.6801324601878272,0.6672281128742812,0.6420046911953611,0.6902912446387862
per90_clearances,per90_forward_passes,0.5471952999067654,0.5327353937557243,0.5067936831459103,0.5603223040581775
per90_shots_blocked,per90_forward_passes,0.4864495443860717,0.4762638344019005,0.45071758032192366,0.49984720536099503
per90_defensive_duels,per90_forward_passes,0.3886684940751294,0.38706136126662405,0.3485672974222703,0.4186255345276911
per90_offensive_duels,per90_forward_passes,-0.5505543964280254,-0.54257943713843,-0.5700899066325327,-0.5140264998147265
per90_aerial_duels,per90_forward_passes,-0.2627114350522955,-0.33101753419783236,-0.36329076088010737,-0.29716642886097117
per90_pressing_duels,per90_forward_passes,-0.5492077717222608,-0.47009292183005513,-0.5204063738809475,-0.4087605476850342
per90_loose_ball_duels,per90_forward_passes,-0.44401233218946495,-0.4471189476401108,-0.4799370164552358,-0.4066829775658987
per90_sliding_tackles,per90_forward_passes,0.24815732465615326,0.22916729610447006,0.19449162633010197,0.2603150365153521
per90_dribbles_against,per90_forward_passes,0.48876562379976946,0.4647441776578442,0.4243109269256645,0.4986353603078674
rate_defensive_duels_won,per90_forward_passes,0.42923515764714487,0.40310916970810534,0.36359461254813735,0.4393510790003677
rate_offensive_duels_won,per90_forward_passes,0.45852405653077427,0.43524786216648526,0.40865574977039804,0.4617686107973684
rate_aerial_duels_won,per90_forward_passes,0.4762523978739741,0.4448878100800186,0.41727462274320704,0.47232748336893216
per90_fouls,per90_forward_passes,-0.20652984865499346,-0.19244200733505426,-0.22655541992302713,-0.15893634766125395
per90_fouls_suffered,per90_forward_passes,-0.3379718975110474,-0.33363409708315583,-0.36374962078964074,-0.29910858303772075
per90_yellow_cards,per90_forward_passes,0.10969699881481021,0.10337040181488155,0.07176557877215818,0.1379996407542669
per90_lateral_passes,per90_back_passes,0.09297532073587016,0.048233231623265316,0.01008249952256379,0.08337307756103933
per90_long_passes,per90_back_passes,-0.26210739306637737,-0.12761799792055858,-0.1642949784598417,-0.09395517668646056
per90_smart_passes,per90_back_passes,0.4027500767988607,0.4038105302442892,0.33757864695729867,0.45983112066606435
per90_progressive_passes,per90_back_passes,-1.5123858321732498e-4,0.05746484920912692,0.021107725196283917,0.09229337693643633
per90_passes_to_final_third,per90_back_passes,0.10770933813226444,0.11089147026957778,0.07547474505174072,0.14622183522069815
per90_key_passes,per90_back_passes,0.5512428435206973,0.5361330031529087,0.5147418004631147,0.5567858147835627
per90_through_passes,per90_back_passes,0.33251795265813877,0.38974736443714003,0.3586809353503355,0.41871218328942333
per90_crosses,per90_back_passes,0.5001508558202469,0.4587353746424969,0.435142039641482,0.4816898933378115
per90_shot_assists,per90_back_passes,0.6297020300067223,0.6036253304731457,0.5830718571832212,0.6235096991126468
rate_successful_passes,per90_back_passes,0.10600280966363493,-0.08095253263727871,-0.11225308617013466,-0.04655070539539157
rate_successful_progressive_passes,per90_back_passes,0.27587751309895525,0.31603334329797383,0.2886070711192386,0.3422418132960246
per90_dribbles,per90_back_passes,0.5092556729712767,0.48378023277430987,0.4493118847335729,0.5121155202829446
per90_progressive_run,per90_back_passes,0.4604924134763391,0.4432037432601876,0.41703392592335714,0.4675598268085377
per90_accelerations,per90_back_passes,0.3972420872983557,0.3728683540396727,0.33975569873034217,0.40182104109385464
rate_successful_dribbles,per90_back_passes,-0.0949260627797151,-0.05641577586842782,-0.07943778948634422,-0.032540618886017295
per90_touch_in_box,per90_back_passes,0.3401510165463853,0.30979218680278015,0.2796621148274087,0.33915637693035605
per90_losses,per90_back_passes,0.2561313382593661,0.26386116575822366,0.23373540065113757,0.2919223425908309
per90_own_half_losses,per90_back_passes,-0.2187898532959533,-0.220690872240249,-0.24667236385359056,-0.19627303188384604
per90_dangerous_own_half_losses,per90_back_passes,-0.3160121323743786,-0.28663991267837874,-0.30952996267279326,-0.26395402722825656
per90_recoveries,per90_back_passes,-0.32998049192421075,-0.2985399345553444,-0.32975168541173594,-0.26456483049092483
per90_opponent_half_recoveries,per90_back_passes,0.36410063214385635,0.2126273267934045,0.18297723497282828,0.24424512452874517
per90_dangerous_opponent_half_recoveries,per90_back_passes,0.38787873809309403,0.3068386874147364,0.2849172290316264,0.32999876396116556
per90_interceptions,per90_back_passes,-0.340659755031695,-0.3107040631289789,-0.3370403901857504,-0.28157761727594177
per90_clearances,per90_back_passes,-0.5693160743926208,-0.46524858690708587,-0.4888074036160552,-0.44187723460570627
per90_shots_blocked,per90_back_passes,-0.4530832169009405,-0.3906738840427219,-0.413248327046725,-0.36661102428203496
per90_defensive_duels,per90_back_passes,0.07287552553564777,-0.010105474617885503,-0.038047673141785525,0.018372973765652383
per90_offensive_duels,per90_back_passes,0.47366014214043617,0.44396417455889503,0.4157183198947152,0.4720493827959134
per90_aerial_duels,per90_back_passes,-0.35155898983893785,-0.31035025283225603,-0.3370725923864436,-0.2819248660249555
per90_pressing_duels,per90_back_passes,0.19484619810645482,0.1631829108889,0.13108044969920635,0.1948466057516277
per90_loose_ball_duels,per90_back_passes,-0.016683288588856548,-0.013627160602040679,-0.043101250601288735,0.013672060551459019
per90_sliding_tackles,per90_back_passes,-0.021813048458788634,-0.08532056396330122,-0.11418559611029055,-0.05922465257694879
per90_dribbles_against,per90_back_passes,0.0315303263480071,-0.01357577868715186,-0.04209970253605988,0.013766633084293805
rate_defensive_duels_won,per90_back_passes,-0.2538594868105693,-0.19031451218024065,-0.21808380924948512,-0.16254860286240705
rate_offensive_duels_won,per90_back_passes,-0.06212513919213311,0.028243211176379564,-2.2029051508061682e-4,0.059395421749007866
rate_aerial_duels_won,per90_back_passes,-0.3886555606634959,-0.35535461674230234,-0.3801179284563097,-0.3276447490686847
per90_fouls,per90_back_passes,0.008301307982906951,-0.04885720698858336,-0.0782118408037636,-0.01757483295516797
per90_fouls_suffered,per90_back_passes,0.3882039019544199,0.3247424214771217,0.2959305163960699,0.3509452466524431
per90_yellow_cards,per90_back_passes,-0.13687142699882188,-0.12217489970379145,-0.14583915514018528,-0.09579284543500015
per90_long_passes,per90_lateral_passes,0.6276308229140349,0.6525888628881665,0.6342622337903527,0.6699464681108322
per90_smart_passes,per90_lateral_passes,-0.04957773379148958,-0.024341662887120637,-0.049632398188462816,0.0010658722957175184
per90_progressive_passes,per90_lateral_passes,0.7003743768857501,0.7243620784725331,0.704056012657385,0.741503363711506
per90_passes_to_final_third,per90_lateral_passes,0.7068885080783639,0.6316878145273407,0.6133590222864644,0.6508505245594338
per90_key_passes,per90_lateral_passes,-0.16752626856622022,-0.1052976984904076,-0.13937158790924117,-0.07218739156087273
per90_through_passes,per90_lateral_passes,0.19571639285802336,0.18025650864911602,0.14929918390230582,0.2089744109924848
per90_crosses,per90_lateral_passes,-0.27110679213923355,-0.05472458033866487,-0.09046390900325564,-0.02112609708537421
per90_shot_assists,per90_lateral_passes,-0.13234624611998558,-0.0844996268368918,-0.11819423446788295,-0.05172610953788666
rate_successful_passes,per90_lateral_passes,0.7394620614151717,0.43024386303108625,0.40461002725433437,0.4554538509289139
rate_successful_progressive_passes,per90_lateral_passes,0.33774837025354254,0.24818636223481627,0.22096564830327253,0.27364423001972094
per90_dribbles,per90_lateral_passes,-0.33978902341974837,-0.26615139903630863,-0.299381243555816,-0.2330985695356041
per90_progressive_run,per90_lateral_passes,-0.03403175702476924,-0.06307851654587159,-0.09938142267390346,-0.03015434205817126
per90_accelerations,per90_lateral_passes,-0.14747310914004044,-0.09974423632683672,-0.1306837575073869,-0.07047298029906578
rate_successful_dribbles,per90_lateral_passes,0.29161814835596267,0.21697045735102571,0.1927173476074241,0.24168262718614364
per90_touch_in_box,per90_lateral_passes,-0.49531513181895065,-0.5383487815569555,-0.5623370987252073,-0.5149157817827579
per90_losses,per90_lateral_passes,-0.45197919226084504,-0.28506406778551063,-0.3142223579713363,-0.2577651938914195
per90_own_half_losses,per90_lateral_passes,0.20923236639895706,0.323835871952129,0.2969322898562986,0.3503700151280042
per90_dangerous_own_half_losses,per90_lateral_passes,0.32643321442478174,0.31617572818626183,0.2916621872059431,0.3396941038746173
per90_recoveries,per90_lateral_passes,0.6176938060327117,0.6300192124184414,0.6093460328797718,0.652162223670788
per90_opponent_half_recoveries,per90_lateral_passes,0.2907869286665575,0.2688057779080256,0.2395335970638884,0.2969624119713941
per90_dangerous_opponent_half_recoveries,per90_lateral_passes,0.048342527445453067,0.021917953220533633,-0.006454893667956013,0.052029335322334426
per90_interceptions,per90_lateral_passes,0.4390209617844883,0.5251004275465477,0.49953984095445586,0.5508407147827501
per90_clearances,per90_lateral_passes,0.3005486365179946,0.3820318163028543,0.3522233376161086,0.41429558137932104
per90_shots_blocked,per90_lateral_passes,0.3877734905976884,0.3458743969111563,0.3203309815955045,0.37254756705352526
per90_defensive_duels,per90_lateral_passes,0.19567715870669072,0.3338046928161415,0.30201708855747483,0.36206080534222523
per90_offensive_duels,per90_lateral_passes,-0.40112211445880963,-0.3942318907433554,-0.42488033620335375,-0.36528813833960627
per90_aerial_duels,per90_lateral_passes,-0.28644500692478153,-0.3401193833375638,-0.3685991353560933,-0.3109520784849128
per90_pressing_duels,per90_lateral_passes,-0.4157945170283168,-0.37953457371883415,-0.4222447034531962,-0.32929759537862197
per90_loose_ball_duels,per90_lateral_passes,-0.41296379159855595,-0.3899238894566191,-0.419300724172568,-0.3523515723077633
per90_sliding_tackles,per90_lateral_passes,0.15516414458458921,0.18404698370374742,0.1528495173797783,0.2132383161229712
per90_dribbles_against,per90_lateral_passes,0.2396195578215924,0.40053009445643206,0.3638987915142613,0.4324177538039624
rate_defensive_duels_won,per90_lateral_passes,0.3846068413584147,0.316823933694176,0.28086308978664615,0.34890997074203356
rate_offensive_duels_won,per90_lateral_passes,0.3928146058925202,0.38211966485025145,0.35795890222330556,0.40630128907769525
rate_aerial_duels_won,per90_lateral_passes,0.3567769628461425,0.3247245118552658,0.29692147575672334,0.35406437013453784
per90_fouls,per90_lateral_passes,-0.20469717702157428,-0.1751858270845586,-0.20384402988060496,-0.14667802107141892
per90_fouls_suffered,per90_lateral_passes,-0.243715141125627,-0.23353183471403943,-0.2631558283836037,-0.20168118222162956
per90_yellow_cards,per90_lateral_passes,0.04816169293015647,0.06866533624161926,0.041122512999163086,0.09912056488669432
per90_smart_passes,per90_long_passes,-0.11194835985866958,-0.16025927095925668,-0.19235668115228546,-0.12310762017035001
per90_progressive_passes,per90_long_passes,0.8432365534464443,0.7114666328070164,0.688335370632441,0.7321933723399654
per90_passes_to_final_third,per90_long_passes,0.7135452570768274,0.6000327977767816,0.5798968927444619,0.6230156997342201
per90_key_passes,per90_long_passes,-0.27641415011923137,-0.28625359815638796,-0.3151683374658956,-0.2537386872672428
per90_through_passes,per90_long_passes,0.1925115282576661,0.05095778634106021,0.021330435843052598,0.08133854496988675
per90_crosses,per90_long_passes,-0.16527432273291048,-0.20920682017818884,-0.24355719894242164,-0.17421825829969856
per90_shot_assists,per90_long_passes,-0.2633863325173253,-0.2879234277084085,-0.31995436819267986,-0.2547024321260775
rate_successful_passes,per90_long_passes,0.29353095958033715,0.4611864297802018,0.4369247937615364,0.4870491209535296
rate_successful_progressive_passes,per90_long_passes,0.18323431172915655,0.1442118251780198,0.11331842893194274,0.17397532830755438
per90_dribbles,per90_long_passes,-0.44550241701319526,-0.43096496390489486,-0.4640363262572517,-0.39605019116485496
per90_progressive_run,per90_long_passes,-0.25699868796642056,-0.2124412534009658,-0.24380263248990913,-0.1818704875932926
per90_accelerations,per90_long_passes,-0.2603119994583354,-0.22585037454710696,-0.256724972060965,-0.19374918777381225
rate_successful_dribbles,per90_long_passes,0.27268558635267,0.23784327128177626,0.2114577306989698,0.263149688850071
per90_touch_in_box,per90_long_passes,-0.6881349794540811,-0.6471801440363513,-0.6648505190765507,-0.6294781288025745
per90_losses,per90_long_passes,-0.26481307398003756,-0.3762050127928918,-0.40432336184728596,-0.3476109593190166
per90_own_half_losses,per90_long_passes,0.4567095045838285,0.4008187953531702,0.3760550483400132,0.42539050263578815
per90_dangerous_own_half_losses,per90_long_passes,0.4215879212126439,0.41524695220372027,0.3929623005017803,0.43543631067109445
per90_recoveries,per90_long_passes,0.7638872080097319,0.7358891486927466,0.7217205251879285,0.7511647243223538
per90_opponent_half_recoveries,per90_long_passes,0.16660762663676237,0.1997557737500023,0.1661064608667985,0.23126206843097422
per90_dangerous_opponent_half_recoveries,per90_long_passes,-0.11308620507681919,-0.08093377384258232,-0.10806465853542303,-0.05398402665674829
per90_interceptions,per90_long_passes,0.6921353558439098,0.6341180726933738,0.6095596345516674,0.6559891068677891
per90_clearances,per90_long_passes,0.6168376834056539,0.5416838807858328,0.51847245009869,0.566958725647215
per90_shots_blocked,per90_long_passes,0.48928728239654806,0.48014315399277574,0.4559438070948387,0.5028636328785274
per90_defensive_duels,per90_long_passes,0.3507420075609752,0.34011600480887894,0.3049092253318225,0.3694955043968224
per90_offensive_duels,per90_long_passes,-0.5683857338660355,-0.54680757754674425,-0.5717542611446903,-0.5203034253914193
per90_aerial_duels,per90_long_passes,-0.2073834009861194,-0.23891288158285964,-0.2717718381211951,-0.20592807105448038
per90_pressing_duels,per90_long_passes,-0.513540216011718,-0.43770397699699715,-0.48450704330575783,-0.379915316624811
per90_loose_ball_duels,per90_long_passes,-0.39650640152152067,-0.38876917325567373,-0.4197858943369746,-0.3521254246509584
per90_sliding_tackles,per90_long_passes,0.2526926959878545,0.21429326100855003,0.18423656348527678,0.24353022963530938
per90_dribbles_against,per90_long_passes,0.4696001462583324,0.40861798372054287,0.3726891316171635,0.4388637129928735
rate_defensive_duels_won,per90_long_passes,0.3780286132089914,0.3835212925807193,0.3468916581877029,0.41612671801255285
rate_offensive_duels_won,per90_long_passes,0.4362297871381731,0.37601495125045514,0.3512517795700778,0.4014401044589515
rate_aerial_duels_won,per90_long_passes,0.4643608496731096,0.4469663541045258,0.4246848024148524,0.47088085867584295
per90_fouls,per90_long_passes,-0.17375326002228741,-0.1603190708354799,-0.19004252038830127,-0.1300092293527334
per90_fouls_suffered,per90_long_passes,-0.3758755811890504,-0.3446508331988326,-0.37282816147296194,-0.3163747541463711
per90_yellow_cards,per90_long_passes,0.15326791307044152,0.11031074514536023,0.08171154863035393,0.14211255405514606
per90_progressive_passes,per90_smart_passes,0.08711108414572352,-0.022939350779106513,-0.049525620065655196,0.0057199086893573855
per90_passes_to_final_third,per90_smart_passes,0.2034677530686337,0.027263453363524367,0.0032428693242175038,0.05170167939772233
per90_key_passes,per90_smart_passes,0.4811729119183879,0.42690481781781653,0.35539633955058353,0.48614408714709434
per90_through_passes,per90_smart_passes,0.7647302418484331,0.2864154613830097,0.23757023277562928,0.3289769081420815
per90_crosses,per90_smart_passes,0.35201555299498727,0.36199149035293443,0.3035865694983116,0.4133311262375078
per90_shot_assists,per90_smart_passes,0.5622174462134597,0.477421905730762,0.4002051600395978,0.5418639416669455
rate_successful_passes,per90_smart_passes,-0.18906365432609545,-0.10317051507428288,-0.13245799073539732,-0.07489850762138425
rate_successful_progressive_passes,per90_smart_passes,0.4333241039141676,0.22265032059759474,0.1840619646110826,0.2584255963669151
per90_dribbles,per90_smart_passes,0.5667631890357554,0.4011977493761755,0.3324722553798157,0.4578635840459127
per90_progressive_run,per90_smart_passes,0.1966947404902632,0.35067581296734485,0.2893211861713762,0.40015887242535647
per90_accelerations,per90_smart_passes,0.40670854199855944,0.2994139878122188,0.24401612089611144,0.34729463175579584
rate_successful_dribbles,per90_smart_passes,-0.07395941296449363,-0.06413911396373469,-0.08286977261311726,-0.045727810014371005
per90_touch_in_box,per90_smart_passes,0.30547732537583333,0.2912983952524014,0.2417986619979064,0.334880764738164
per90_losses,per90_smart_passes,0.45931584201919134,0.23193819288987977,0.18852545010659677,0.2702424392301325
per90_own_half_losses,per90_smart_passes,-0.154955232617643,-0.20188349736441338,-0.23515336090884498,-0.16510936888552527
per90_dangerous_own_half_losses,per90_smart_passes,-0.2684054560625683,-0.25251071401483516,-0.29093866348785735,-0.20796698468316113
per90_recoveries,per90_smart_passes,-0.3075448200979644,-0.2910784676639323,-0.33403116361398943,-0.2391584569437947
per90_opponent_half_recoveries,per90_smart_passes,0.2217573177041391,0.1403056504919508,0.10987220006854606,0.17248160602743298
per90_dangerous_opponent_half_recoveries,per90_smart_passes,0.30746613272798917,0.23663000973913187,0.19557363922211782,0.2731637518351766
per90_interceptions,per90_smart_passes,-0.21255683140799378,-0.29075928361369324,-0.33294945093473344,-0.23864224038562334
per90_clearances,per90_smart_passes,-0.4023256009488357,-0.39760571929845623,-0.45027541614875405,-0.3304179585645475
per90_shots_blocked,per90_smart_passes,-0.38861961008072715,-0.3362530792740655,-0.38368287064338674,-0.2774809265985924
per90_defensive_duels,per90_smart_passes,0.04489212437621107,-0.03899834175733924,-0.06206300656968722,-0.015374158320486947
per90_offensive_duels,per90_smart_passes,0.5201328510173328,0.38216798709137134,0.3163004395436064,0.43437788576456693
per90_aerial_duels,per90_smart_passes,-0.051139843843792276,-0.20966870544268865,-0.24469791700706753,-0.17423904883707625
per90_pressing_duels,per90_smart_passes,0.11733135490145409,0.16246831422845592,0.12345373444300797,0.19645360506283455
per90_loose_ball_duels,per90_smart_passes,0.26364251759178686,0.02579151763809506,0.00434427810387977,0.04785024751097992
per90_sliding_tackles,per90_smart_passes,0.14178407499538495,-0.08353024562789933,-0.10684611392737593,-0.060835218386457404
per90_dribbles_against,per90_smart_passes,0.09163502982375554,-0.04800822961014824,-0.07257311240613257,-0.026663320470401108
rate_defensive_duels_won,per90_smart_passes,-0.29292826840346625,-0.17764405958800783,-0.20821514074623507,-0.1422357442985702
rate_offensive_duels_won,per90_smart_passes,0.0014404904230540725,-0.013775932416446977,-0.03568408251476726,0.005698694455363428
rate_aerial_duels_won,per90_smart_passes,-0.34228638509385817,-0.30678020460574706,-0.3519011782537982,-0.2536634325608372
per90_fouls,per90_smart_passes,0.08380591196771318,-0.021580001898295585,-0.04208247797700915,3.2439857041908186e-4
per90_fouls_suffered,per90_smart_passes,0.4002958625862137,0.2744236898959197,0.22662711814151887,0.31375020598499465
per90_yellow_cards,per90_smart_passes,-0.006353249024693175,-0.1014858585687184,-0.12511425424181802,-0.07771359297252974
per90_passes_to_final_third,per90_progressive_passes,0.7877234786745647,0.6908338964797467,0.668239583031433,0.7110996672760467
per90_key_passes,per90_progressive_passes,-0.05835120832903097,-0.1100437801560595,-0.1443479355097384,-0.07576441632544097
per90_through_passes,per90_progressive_passes,0.27464067113730534,0.20039588518390117,0.16928333834341136,0.23297910240622177
per90_crosses,per90_progressive_passes,0.05650008630834295,-0.055507314387042844,-0.09353128527497066,-0.021750625559160807
per90_shot_assists,per90_progressive_passes,-0.045472268296672586,-0.08673070087564544,-0.12219046275235927,-0.051161568621942065
rate_successful_passes,per90_progressive_passes,0.3543845494299399,0.4690513271738639,0.4429135228185866,0.49726470054776406
rate_successful_progressive_passes,per90_progressive_passes,0.3580803899362273,0.27387734885493353,0.24444366156955089,0.3007969708446115
per90_dribbles,per90_progressive_passes,-0.23641320395650314,-0.28620615326228716,-0.31968962719881566,-0.2508255818263338
per90_progressive_run,per90_progressive_passes,-0.060478591117484916,-0.0648058215576151,-0.10130320134365484,-0.03272361363032239
per90_accelerations,per90_progressive_passes,-0.07256411333727178,-0.10549441178792006,-0.13619848450357114,-0.07510149959039014
rate_successful_dribbles,per90_progressive_passes,0.23616656742997283,0.2364146349613754,0.2083719176387016,0.26333088916551917
per90_touch_in_box,per90_progressive_passes,-0.6122989631453853,-0.5850288940887098,-0.6084800043157776,-0.5583209429592356
per90_losses,per90_progressive_passes,-0.18303049925246256,-0.3088470307062242,-0.34371031655937956,-0.27614993911277796
per90_own_half_losses,per90_progressive_passes,0.46218209646536795,0.3516037892394367,0.3212923863347883,0.38159820861439214
per90_dangerous_own_half_losses,per90_progressive_passes,0.35957637777240165,0.3426327972263878,0.31711308802142174,0.3668849973315656
per90_recoveries,per90_progressive_passes,0.7238442130170105,0.6852349463789996,0.6622115889079631,0.7062156938106294
per90_opponent_half_recoveries,per90_progressive_passes,0.27663641635487846,0.2954679854370868,0.26438365869099156,0.32834112137572496
per90_dangerous_opponent_half_recoveries,per90_progressive_passes,0.01051172526447378,0.026755133299551804,-0.0031385406821014764,0.056897738519773214
per90_interceptions,per90_progressive_passes,0.6583234439794796,0.5705599911370762,0.5402021914186688,0.5967032568299846
per90_clearances,per90_progressive_passes,0.48085373265454917,0.4129238723168644,0.381203036110839,0.44483394665407644
per90_shots_blocked,per90_progressive_passes,0.35657372981331514,0.3741049913229416,0.34513082958870495,0.40087994954321254
per90_defensive_duels,per90_progressive_passes,0.44814903359303854,0.36440687547169487,0.3277276684626741,0.39429497368707717
per90_offensive_duels,per90_progressive_passes,-0.4230642909636904,-0.42642106066871754,-0.45864135564582503,-0.3943942294786279
per90_aerial_duels,per90_progressive_passes,-0.33908519387811037,-0.37428109757365796,-0.40487872914404605,-0.34209827506126744
per90_pressing_duels,per90_progressive_passes,-0.5298842891982436,-0.4129492218042069,-0.4588694641011773,-0.3578020101255916
per90_loose_ball_duels,per90_progressive_passes,-0.43478672275664,-0.4258852451986135,-0.45679391519217993,-0.3870784534659809
per90_sliding_tackles,per90_progressive_passes,0.26408779816848177,0.20017471145468083,0.1660625295425633,0.2312716912933453
per90_dribbles_against,per90_progressive_passes,0.5816581090539056,0.43724143519054615,0.3981248972892463,0.4702971075843342
rate_defensive_duels_won,per90_progressive_passes,0.3328996763908472,0.344183972712226,0.30808576612629185,0.37896395797117116
rate_offensive_duels_won,per90_progressive_passes,0.4835458830814009,0.41754894837480355,0.39130291199765865,0.44290484288402565
rate_aerial_duels_won,per90_progressive_passes,0.38018250445953305,0.35134299247775624,0.32268025120067767,0.38103381344622617
per90_fouls,per90_progressive_passes,-0.21061794861852123,-0.19178111359976321,-0.22402072161960657,-0.16031368534909735
per90_fouls_suffered,per90_progressive_passes,-0.2658131729098278,-0.2520352594259606,-0.2827050180264562,-0.21905530664743456
per90_yellow_cards,per90_progressive_passes,0.10454368833906658,0.07385886696080438,0.04370828331382135,0.10782465427567427
per90_key_passes,per90_passes_to_final_third,-0.1008396666682631,-0.032616041933034426,-0.06646769506875831,0.001152652254354941
per90_through_passes,per90_passes_to_final_third,0.41976938165621824,0.21866909340227667,0.18569939344244435,0.2498869139406015
per90_crosses,per90_passes_to_final_third,-0.12746125144035816,0.005493077812858294,-0.031718952625577244,0.04379095504941768
per90_shot_assists,per90_passes_to_final_third,0.015285322841230983,-0.004587920709234656,-0.040344117360558006,0.030917205939899453
rate_successful_passes,per90_passes_to_final_third,0.4327833248239498,0.39597706763316765,0.3709754515066804,0.4214670305677619
rate_successful_progressive_passes,per90_passes_to_final_third,0.44357989093063654,0.27358866978245616,0.24489712748679224,0.30060187881675754
per90_dribbles,per90_passes_to_final_third,-0.24350885766280952,-0.19097174615191156,-0.22594536059121367,-0.15645226217995997
per90_progressive_run,per90_passes_to_final_third,-0.12559887275925885,-0.00435329700538153,-0.03661306780475494,0.027028427215727163
per90_accelerations,per90_passes_to_final_third,-0.1557108346210455,-0.04771769366681416,-0.07797963586213354,-0.0187514007894
rate_successful_dribbles,per90_passes_to_final_third,0.2220206837045867,0.19777558326650205,0.17201972296055143,0.21979477768427155
per90_touch_in_box,per90_passes_to_final_third,-0.5200757675863248,-0.46950939666773583,-0.4981063328923916,-0.44431818689208646
per90_losses,per90_passes_to_final_third,-0.1491603601173851,-0.23616918681895666,-0.2664266582438156,-0.20775777882512508
per90_own_half_losses,per90_passes_to_final_third,0.2467881470834537,0.27814582837014545,0.2518648902469319,0.30415233190297447
per90_dangerous_own_half_losses,per90_passes_to_final_third,0.21041679497675636,0.262728451040139,0.23573502564732696,0.28889067286145353
per90_recoveries,per90_passes_to_final_third,0.5574565467001406,0.5574422083793178,0.5344495501726655,0.5818967021208054
per90_opponent_half_recoveries,per90_passes_to_final_third,0.5027393269262179,0.2801838026133005,0.2514723419283013,0.3083280031930539
per90_dangerous_opponent_half_recoveries,per90_passes_to_final_third,0.18407177355196855,0.058912447164819096,0.028228915481923623,0.08801312817493527
per90_interceptions,per90_passes_to_final_third,0.43647135068357024,0.4568816354482428,0.42708999452740454,0.4864806090240824
per90_clearances,per90_passes_to_final_third,0.21387562061560694,0.3026476996469091,0.26996000078216725,0.3332286401290208
per90_shots_blocked,per90_passes_to_final_third,0.23585880082746377,0.2777829472596139,0.24815063282466332,0.30815475098132494
per90_defensive_duels,per90_passes_to_final_third,0.3372042327063186,0.3137651133852731,0.2806751391422139,0.3396701781923591
per90_offensive_duels,per90_passes_to_final_third,-0.32294442915439764,-0.31679432291935433,-0.35014755423847593,-0.282440190815086
per90_aerial_duels,per90_passes_to_final_third,-0.21413457808071532,-0.35970239719951247,-0.3889038666802134,-0.3303063649253404
per90_pressing_duels,per90_passes_to_final_third,-0.34311654642847583,-0.3379170993345705,-0.37636266441027155,-0.29039599445975883
per90_loose_ball_duels,per90_passes_to_final_third,-0.2266660416352898,-0.3696805614192509,-0.39790832685905864,-0.33316710025263335
per90_sliding_tackles,per90_passes_to_final_third,0.3002229718581261,0.16306246562552015,0.1337475836701123,0.19115646597182803
per90_dribbles_against,per90_passes_to_final_third,0.39495518882057845,0.37633871460891305,0.34352986989329437,0.4069628619276491
rate_defensive_duels_won,per90_passes_to_final_third,0.25122009363419723,0.27530192959807365,0.2432484769429543,0.3084983887787485
rate_offensive_duels_won,per90_passes_to_final_third,0.3602055816473041,0.36418972607767547,0.33995329049465745,0.387838380846106
rate_aerial_duels_won,per90_passes_to_final_third,0.28329805739372416,0.2622053186763317,0.23303889022493793,0.2942599028939162
per90_fouls,per90_passes_to_final_third,-0.05179943695593958,-0.17143149413449507,-0.1992860253937361,-0.1444845550927886
per90_fouls_suffered,per90_passes_to_final_third,-0.08909162992730774,-0.17998442651235153,-0.2101129196642078,-0.1473263090844006
per90_yellow_cards,per90_passes_to_final_third,0.14391520742662584,0.04959058076925667,0.02296450209942212,0.07864605282242201
per90_through_passes,per90_key_passes,0.43041364144087685,0.36424941222562796,0.3293554386007308,0.39231177106942616
per90_crosses,per90_key_passes,0.6699685006419498,0.49132889408270086,0.46898604003660127,0.512877494936033
per90_shot_assists,per90_key_passes,0.8190979662987745,0.6494349821393196,0.6319562708600606,0.6655640716216854
rate_successful_passes,per90_key_passes,-0.30135987633120537,-0.1854090315593487,-0.2182218152769921,-0.15564790953297566
rate_successful_progressive_passes,per90_key_passes,0.2869984832355439,0.2713876545827538,0.24203619248671707,0.29886491083748473
per90_dribbles,per90_key_passes,0.6398170543496668,0.5670714387343905,0.529797564988101,0.594494776039812
per90_progressive_run,per90_key_passes,0.524090547542616,0.47705639617515133,0.4516460960634575,0.5011505037495688
per90_accelerations,per90_key_passes,0.4871223655611812,0.4123005607222496,0.3761447401159734,0.44081938074732024
rate_successful_dribbles,per90_key_passes,-0.13306516689515163,-0.1097488929684453,-0.13203807270684267,-0.08577678952827208
per90_touch_in_box,per90_key_passes,0.5453544426813033,0.4494863548563005,0.4253433213343264,0.4726816770965812
per90_losses,per90_key_passes,0.4356279965195573,0.3421279650597046,0.31007429124968205,0.37065271943963174
per90_own_half_losses,per90_key_passes,-0.30169006009641397,-0.3061564814189737,-0.3301162555427875,-0.28190750666722164
per90_dangerous_own_half_losses,per90_key_passes,-0.38944143339928317,-0.3731812772723975,-0.3936839126366069,-0.3531572452957878
per90_recoveries,per90_key_passes,-0.4775610782959147,-0.4592496332743051,-0.4868279840642021,-0.43292389305790335
per90_opponent_half_recoveries,per90_key_passes,0.08357922237531944,0.15863169757193404,0.12758119976369736,0.19074561962283607
per90_dangerous_opponent_half_recoveries,per90_key_passes,0.3290673197752802,0.31489069126068,0.2909649054006795,0.3383039020769554
per90_interceptions,per90_key_passes,-0.4230144138275173,-0.4473164870677859,-0.47373556457963045,-0.4215824186496695
per90_clearances,per90_key_passes,-0.5198427307969452,-0.5749183802106735,-0.594312056435359,-0.5565828819848748
per90_shots_blocked,per90_key_passes,-0.48708461168088935,-0.48869066349812684,-0.5083518470541638,-0.4684321337399575
per90_defensive_duels,per90_key_passes,-0.09670601547129022,-0.08884511095584889,-0.11642639985087715,-0.05923261161156672
per90_offensive_duels,per90_key_passes,0.5787336385871976,0.5556074224258208,0.5308223826540307,0.5768469049377115
per90_aerial_duels,per90_key_passes,-0.2835962284125462,-0.24385327541312896,-0.27306407356865464,-0.21436497020220005
per90_pressing_duels,per90_key_passes,0.2631674639013861,0.25926256230597067,0.21963425643954232,0.29397728770309034
per90_loose_ball_duels,per90_key_passes,0.03490294196169457,0.07731175787521938,0.04780555564083127,0.10799732658398821
per90_sliding_tackles,per90_key_passes,-0.14599781690490876,-0.13217484865430768,-0.1600637143527012,-0.1056323453888152
per90_dribbles_against,per90_key_passes,-0.08486715941312883,-0.10815458013633103,-0.13756333842703025,-0.07904457049902179
rate_defensive_duels_won,per90_key_passes,-0.28948695086397647,-0.2728573327985148,-0.3008486408820014,-0.2402149698631023
rate_offensive_duels_won,per90_key_passes,-0.058877822942781446,-0.06023227618139397,-0.0866387247235017,-0.03268462590001313
rate_aerial_duels_won,per90_key_passes,-0.4283609360876469,-0.44685631021347566,-0.4682864233661286,-0.42374736773273325
per90_fouls,per90_key_passes,-0.05670322597470536,-0.009857432667001054,-0.04036609538564966,0.021998460055557705
per90_fouls_suffered,per90_key_passes,0.3608402639815625,0.3935142383354729,0.36687454325519997,0.41813666397600147
per90_yellow_cards,per90_key_passes,-0.17508309374194952,-0.14353835578783208,-0.1669579575929603,-0.11649975381574801
per90_crosses,per90_through_passes,0.2268065898157828,0.31940688373149406,0.28952837186041097,0.34667017629441427
per90_shot_assists,per90_through_passes,0.485097735721649,0.4175622759426605,0.3808544458087301,0.44870452558060603
rate_successful_passes,per90_through_passes,-0.05103867656225906,0.03585817525970627,0.010687800954574807,0.06250398656537016
rate_successful_progressive_passes,per90_through_passes,0.4284068469600731,0.2827641530392382,0.2527916447583723,0.30842874552609023
per90_dribbles,per90_through_passes,0.3563955362274097,0.2911127603827806,0.25977229682483743,0.3216033276837431
per90_progressive_run,per90_through_passes,0.18640000579678612,0.30636213388613076,0.27534621784569874,0.33566309799741845
per90_accelerations,per90_through_passes,0.2766799129122267,0.24746297413492177,0.2159463294643464,0.2756571628412444
rate_successful_dribbles,per90_through_passes,0.015395858969944253,0.006841844879412991,-0.011711296169522722,0.025965695165141685
per90_touch_in_box,per90_through_passes,0.13915746647205465,0.10572728433022029,0.07638014760497905,0.13510057267103778
per90_losses,per90_through_passes,0.30508210107910516,0.128131571435847,0.10317788446111285,0.15514400031811434
per90_own_half_losses,per90_through_passes,-0.1063550752382276,-0.08839066506608927,-0.11113691792178404,-0.06658729045627294
per90_dangerous_own_half_losses,per90_through_passes,-0.16321148447390968,-0.13772160916507878,-0.1604279351073732,-0.11531091436927235
per90_recoveries,per90_through_passes,-0.1258099001605363,-0.07749230623372955,-0.10821466562836918,-0.048094990897949594
per90_opponent_half_recoveries,per90_through_passes,0.24781255340294628,0.2125398548533006,0.18581806418045235,0.23759864732650052
per90_dangerous_opponent_half_recoveries,per90_through_passes,0.2761241205271411,0.22647493463035284,0.20326002011974104,0.2502353501251743
per90_interceptions,per90_through_passes,-0.11879694856427327,-0.1093122256256086,-0.13626833588223713,-0.08177026566367143
per90_clearances,per90_through_passes,-0.2851791358139272,-0.252292410392571,-0.2818089702260098,-0.22049684479624215
per90_shots_blocked,per90_through_passes,-0.21972816536565765,-0.2063978749260589,-0.2327686641917487,-0.17855005634329457
per90_defensive_duels,per90_through_passes,0.023233271340436595,0.06595390907431942,0.040993801099263955,0.09007478151355326
per90_offensive_duels,per90_through_passes,0.32431008489062024,0.23428465145904367,0.2050863121850301,0.26673328033613264
per90_aerial_duels,per90_through_passes,-0.16297071204572142,-0.298808982631564,-0.32558867172756645,-0.2686043782727452
per90_pressing_duels,per90_through_passes,0.07290711013592095,0.03459025992962738,0.013005175907486252,0.05736921861118282
per90_loose_ball_duels,per90_through_passes,0.07415587076182212,-0.09537202539958314,-0.11875812458049861,-0.07210875830709411
per90_sliding_tackles,per90_through_passes,0.08777661226989893,-0.021251499419447605,-0.04474911604326342,6.385820645172873e-4
per90_dribbles_against,per90_through_passes,0.0721051392657055,0.07808530623504469,0.055267439926064615,0.10257097815714386
rate_defensive_duels_won,per90_through_passes,-0.13679846779945914,-0.06799213019019673,-0.08986808664491963,-0.04645477150083105
rate_offensive_duels_won,per90_through_passes,0.09460509553398085,0.10419085060800772,0.08213550559594139,0.12706446717827619
rate_aerial_duels_won,per90_through_passes,-0.2149628317376202,-0.18552458885809583,-0.21354276471152056,-0.15834676965770614
per90_fouls,per90_through_passes,-0.0062938909988258995,-0.07368380294346745,-0.09643995167177627,-0.05067387119825514
per90_fouls_suffered,per90_through_passes,0.29176593555464847,0.18339109304054638,0.1567765634557518,0.20885544372424641
per90_yellow_cards,per90_through_passes,-0.009606527942662726,-0.07319239195977266,-0.09423960721513693,-0.05295917545449782
per90_shot_assists,per90_crosses,0.6572225019817758,0.548166079259051,0.5254001443699156,0.5708333736250113
rate_successful_passes,per90_crosses,-0.5385562883455517,-0.13516343192702246,-0.16632781836984611,-0.10724813024805936
rate_successful_progressive_passes,per90_crosses,0.17167122137787597,0.24396192569336694,0.21834875687585753,0.2673143847273885
per90_dribbles,per90_crosses,0.6668118298447012,0.4685235004635963,0.43496826115285914,0.49733455575118607
per90_progressive_run,per90_crosses,0.49889923567090516,0.402631561220969,0.3760687817469006,0.4267981101481676
per90_accelerations,per90_crosses,0.5508451478811001,0.3455936835639675,0.3126185134095086,0.37212996892978667
rate_successful_dribbles,per90_crosses,-0.16769596130218142,-0.08197558368019273,-0.10321728774245907,-0.060721127483284634
per90_touch_in_box,per90_crosses,0.31486884889016953,0.35412750507412327,0.3243835793246763,0.3815954434395786
per90_losses,per90_crosses,0.5272284811892942,0.2761261147360889,0.2492629183009276,0.3015653746770005
per90_own_half_losses,per90_crosses,-0.12591539582694491,-0.24349719214695634,-0.26732316592393557,-0.21973102375580217
per90_dangerous_own_half_losses,per90_crosses,-0.3392642417713258,-0.3009096468505415,-0.322472589589652,-0.28104158748229885
per90_recoveries,per90_crosses,-0.3467441814013726,-0.3576471163590242,-0.3885703489827426,-0.32724001250238516
per90_opponent_half_recoveries,per90_crosses,0.11684707911166778,0.14913873005063358,0.1218536323003544,0.17738193943947797
per90_dangerous_opponent_half_recoveries,per90_crosses,0.2247207891993099,0.2691217823150868,0.24762039980046863,0.2899587422561154
per90_interceptions,per90_crosses,-0.22647549030389275,-0.3529884557641086,-0.382467454666492,-0.3235900318698592
per90_clearances,per90_crosses,-0.35899780251819263,-0.46909145693871823,-0.49391576843073637,-0.4444600031162946
per90_shots_blocked,per90_crosses,-0.472336026502786,-0.39764179217100515,-0.42238724347702256,-0.3738054702811537
per90_defensive_duels,per90_crosses,0.15202080198673573,-0.05805329462542078,-0.0855155015627685,-0.031879494071835116
per90_offensive_duels,per90_crosses,0.4915532483815761,0.4520359522293522,0.42184594499459827,0.4774209434637225
per90_aerial_duels,per90_crosses,-0.33362209656148106,-0.2253997141578639,-0.2532548062823345,-0.19650821317689632
per90_pressing_duels,per90_crosses,0.1596735747820372,0.20061622352540567,0.16624577241331934,0.23188612230289155
per90_loose_ball_duels,per90_crosses,-0.00963916666017164,0.045254934651275905,0.01870521298307018,0.072794241004695
per90_sliding_tackles,per90_crosses,-0.07832837616988937,-0.10278766309055541,-0.12864912257866598,-0.07930728280011516
per90_dribbles_against,per90_crosses,0.20794417887645303,-0.07096797170126745,-0.09824249137933383,-0.042590137603439854
rate_defensive_duels_won,per90_crosses,-0.3252656960871008,-0.21554067800843132,-0.24317582690595224,-0.18774327943612543
rate_offensive_duels_won,per90_crosses,0.016007406862401055,-0.031151074581082346,-0.05747059617418318,-0.004067262526244939
rate_aerial_duels_won,per90_crosses,-0.3777269525574315,-0.36313774599506343,-0.3869402137971206,-0.33755520422077656
per90_fouls,per90_crosses,-0.022744351083732517,-0.01756138157086949,-0.044937981978495765,0.011216286842977622
per90_fouls_suffered,per90_crosses,0.28847715335360014,0.32255693008169367,0.2951331251675402,0.34670829861876196
per90_yellow_cards,per90_crosses,-0.11960023108622526,-0.11854581139353722,-0.13914343472349933,-0.09508170466414684
rate_successful_passes,per90_shot_assists,-0.255574207156449,-0.1861195417813341,-0.2211398365558091,-0.15301729175922812
rate_successful_progressive_passes,per90_shot_assists,0.3661184086826936,0.31686287199277474,0.28608388703560184,0.3440857564592137
per90_dribbles,per90_shot_assists,0.6679697704807722,0.6224095443023844,0.5829575967643985,0.6505222734687586
per90_progressive_run,per90_shot_assists,0.4958949614376351,0.5317367573790994,0.5049425997315362,0.5554086752129954
per90_accelerations,per90_shot_assists,0.4774790982773814,0.4572689250266375,0.4196866915405587,0.48766339481328264
rate_successful_dribbles,per90_shot_assists,-0.12166614297673206,-0.11208996243799499,-0.13648000969436305,-0.08677104561869788
per90_touch_in_box,per90_shot_assists,0.48364712481403194,0.4767376524463912,0.4491258761822111,0.5028530212031895
per90_losses,per90_shot_assists,0.4519529889265931,0.3692079538192457,0.33563755470707735,0.3994690742286394
per90_own_half_losses,per90_shot_assists,-0.34599181041636234,-0.3269461729704717,-0.3523031883807532,-0.30019858400507304
per90_dangerous_own_half_losses,per90_shot_assists,-0.43235446842962394,-0.4024336135246312,-0.4237018168982399,-0.37988019670561146
per90_recoveries,per90_shot_assists,-0.5079726227403255,-0.48306196981524213,-0.5104165723177877,-0.4562575942595582
per90_opponent_half_recoveries,per90_shot_assists,0.21254953861215656,0.1914949899052322,0.15979280449151814,0.22782643390113066
per90_dangerous_opponent_half_recoveries,per90_shot_assists,0.43106464841722986,0.3541791627413402,0.3292968986788806,0.37925454118069657
per90_interceptions,per90_shot_assists,-0.4644894613215471,-0.47499974241518717,-0.5017804523498572,-0.445781792072796
per90_clearances,per90_shot_assists,-0.6304838004635562,-0.6253223770305366,-0.6438129565687196,-0.6054751943054866
per90_shots_blocked,per90_shot_assists,-0.5586943257792669,-0.5304609232333645,-0.5508232960317301,-0.5117891614807406
per90_defensive_duels,per90_shot_assists,-0.07677842703772236,-0.08273439612903143,-0.1150801540199034,-0.047633376398693764
per90_offensive_duels,per90_shot_assists,0.6236701602152288,0.6030580166969958,0.5795320307607483,0.6254800297171911
per90_aerial_duels,per90_shot_assists,-0.32423993424080133,-0.29065529604324697,-0.32146542669909933,-0.2594138434999247
per90_pressing_duels,per90_shot_assists,0.28242721452676317,0.271470787197123,0.23380584830621914,0.3084672503493599
per90_loose_ball_duels,per90_shot_assists,0.05638781691304481,0.0669316429176711,0.03800610638826887,0.09934579163931946
per90_sliding_tackles,per90_shot_assists,-0.11616554337557217,-0.13887209105123888,-0.17010239329488447,-0.10863565820052554
per90_dribbles_against,per90_shot_assists,-0.0747615485867185,-0.10098033674208069,-0.13242351383500206,-0.06891566439064072
rate_defensive_duels_won,per90_shot_assists,-0.32356880079762124,-0.28989865741542625,-0.3200991013367563,-0.25643288689589205
rate_offensive_duels_won,per90_shot_assists,-0.06470476195943102,-0.04817779556989562,-0.07883701476634708,-0.018424065615427348
rate_aerial_duels_won,per90_shot_assists,-0.5109711590470427,-0.48462752527305664,-0.5075426432757426,-0.4593589036618173
per90_fouls,per90_shot_assists,-0.03533982418949159,-0.0198888259285657,-0.05396316736165027,0.01600544371647047
per90_fouls_suffered,per90_shot_assists,0.42420722029787916,0.4294215933251132,0.4008980193720838,0.45609022619180606
per90_yellow_cards,per90_shot_assists,-0.15417716340346496,-0.15747694355332156,-0.18453694562323208,-0.12779744326727918
rate_successful_progressive_passes,rate_successful_passes,0.26209918633279594,0.09688945475278643,0.07325214941359957,0.1219473534847656
per90_dribbles,rate_successful_passes,-0.42110710394656636,-0.281082447964575,-0.3126186065366553,-0.24951733493758535
per90_progressive_run,rate_successful_passes,-0.10607846143382756,-0.1373427033486945,-0.1662210261742373,-0.110238172544312
per90_accelerations,rate_successful_passes,-0.2441799017965304,-0.14654000516779922,-0.17388266856623144,-0.12155859375185554
rate_successful_dribbles,rate_successful_passes,0.23300976672991613,0.15638319467047562,0.13855067705140173,0.17511328406826607
per90_touch_in_box,rate_successful_passes,-0.37705862905989423,-0.42450930882947424,-0.45108764000011625,-0.3977123469019286
per90_losses,rate_successful_passes,-0.6848490500381947,-0.2462870531375571,-0.273005937066235,-0.22129481955728653
per90_own_half_losses,rate_successful_passes,0.05765750878276241,0.26278649242581326,0.2404596229350341,0.2849880976902438
per90_dangerous_own_half_losses,rate_successful_passes,0.29580513455671414,0.2718627306355364,0.2500007940505662,0.29414970873100776
per90_recoveries,rate_successful_passes,0.46469614288182276,0.4830228877171566,0.4554814631911991,0.5101045264789231
per90_opponent_half_recoveries,rate_successful_passes,0.15391226886752185,0.132880387635966,0.10786094103390881,0.15581630079321349
per90_dangerous_opponent_half_recoveries,rate_successful_passes,-0.013156244498175661,-0.05147341339200266,-0.07462718179822649,-0.029318243962327732
per90_interceptions,rate_successful_passes,0.2762083888128479,0.415914909124717,0.38948728870708127,0.4449835733343699
per90_clearances,rate_successful_passes,0.21506312791063548,0.35406761228457445,0.32349604874598925,0.38441744697397284
per90_shots_blocked,rate_successful_passes,0.3739812009854666,0.31402318968131004,0.28758687020785595,0.3399856664852448
per90_defensive_duels,rate_successful_passes,0.05239617811893293,0.2240197034193378,0.19970412182859107,0.24818190605970325
per90_offensive_duels,rate_successful_passes,-0.38806714350447297,-0.35762712477189657,-0.3885228882113573,-0.32777955874273057
per90_aerial_duels,rate_successful_passes,-0.2074362705481344,-0.15923131421634426,-0.18541609454059926,-0.13438759649565254
per90_pressing_duels,rate_successful_passes,-0.31254912686673453,-0.2873538301330717,-0.320316562893665,-0.24946909569626138
per90_loose_ball_duels,rate_successful_passes,-0.36928044665778464,-0.25620505108054636,-0.2809542195403502,-0.23008626680727803
per90_sliding_tackles,rate_successful_passes,0.10811586240635765,0.14071468025051662,0.11981604399607662,0.16092727262900075
per90_dribbles_against,rate_successful_passes,0.044026465099629424,0.2691222295194827,0.24151011091206998,0.29495956504199583
rate_defensive_duels_won,rate_successful_passes,0.35262570043531677,0.25155653690812285,0.22348366505565742,0.2783804029507958
rate_offensive_duels_won,rate_successful_passes,0.21917811363603393,0.24791181524816147,0.22715585814873437,0.2690677927766151
rate_aerial_duels_won,rate_successful_passes,0.29254963991173344,0.2923421267291049,0.269246069658247,0.31667525850313416
per90_fouls,rate_successful_passes,-0.1789676386303208,-0.10592754601328781,-0.12721693772284157,-0.08596150719236814
per90_fouls_suffered,rate_successful_passes,-0.21605861967187373,-0.22509865739895746,-0.2509947147172462,-0.20040969826429061
per90_yellow_cards,rate_successful_passes,0.0029773605648741666,0.0719512679429057,0.0526180464090191,0.0933601630331174
per90_dribbles,rate_successful_progressive_passes,0.23502481606369513,0.18792553116240157,0.16050230188895978,0.21437189540675566
per90_progressive_run,rate_successful_progressive_passes,0.2014358722733514,0.23228419235834677,0.20572579536600696,0.2567881366904621
per90_accelerations,rate_successful_progressive_passes,0.17947627071865907,0.1798979421084424,0.15381974435781,0.20309105117353277
rate_successful_dribbles,rate_successful_progressive_passes,0.0944820277270535,0.03998313052439911,0.022583337004190497,0.056773184492808354
per90_touch_in_box,rate_successful_progressive_passes,0.027302711162297256,-0.002076125987852015,-0.03194797682678947,0.027163046824994125
per90_losses,rate_successful_progressive_passes,0.013299746141263563,0.05597907889971233,0.030778846182063176,0.0788724040846872
per90_own_half_losses,rate_successful_progressive_passes,-0.2782230209283498,-0.018382149894420233,-0.04081687017219106,0.0045091258035902405
per90_dangerous_own_half_losses,rate_successful_progressive_passes,-0.14571016314093513,-0.058627201399393876,-0.07932256798152436,-0.035817906390823884
per90_recoveries,rate_successful_progressive_passes,0.038131608715924845,0.038989610311738754,0.008672721858211233,0.0699042115982467
per90_opponent_half_recoveries,rate_successful_progressive_passes,0.25994687973320574,0.21099413718189175,0.18725863489912348,0.2333388579938021
per90_dangerous_opponent_half_recoveries,rate_successful_progressive_passes,0.2279812577768,0.1826600376627941,0.1609629063338397,0.20269916137948826
per90_interceptions,rate_successful_progressive_passes,-0.03345202357543064,-0.0028168731210390027,-0.032092382236007556,0.02731302101956909
per90_clearances,rate_successful_progressive_passes,-0.1770720407251552,-0.13876753701514424,-0.16616816713509885,-0.10922795484359507
per90_shots_blocked,rate_successful_progressive_passes,-0.1248231436906199,-0.10818477710270429,-0.13312492552481775,-0.08342280698685518
per90_defensive_duels,rate_successful_progressive_passes,0.039699652693331394,0.10531339462536769,0.08326703098670743,0.12726000545167288
per90_offensive_duels,rate_successful_progressive_passes,0.18116680147216568,0.12255544901831172,0.09358834206790645,0.14978830997464307
per90_aerial_duels,rate_successful_progressive_passes,-0.2153453809981101,-0.290586641499148,-0.3142872989056628,-0.26589134236151873
per90_pressing_duels,rate_successful_progressive_passes,-0.10731903877463951,-0.0330895411559003,-0.05496098908002472,-0.010298631077363889
per90_loose_ball_duels,rate_successful_progressive_passes,-0.08876707591960487,-0.13752517861574637,-0.16044113372018823,-0.11582592404916825
per90_sliding_tackles,rate_successful_progressive_passes,0.09582237892009818,0.012478573080795535,-0.009100213631702518,0.03351031798284193
per90_dribbles_against,rate_successful_progressive_passes,0.08102273333577126,0.1255537064144007,0.10333348712517305,0.1507648509361517
rate_defensive_duels_won,rate_successful_progressive_passes,-0.004555861229547777,-0.0033314549737895765,-0.025814037816266514,0.017729077437536257
rate_offensive_duels_won,rate_successful_progressive_passes,0.2022445677382203,0.14331735100903256,0.12136581987048448,0.16585761905885404
rate_aerial_duels_won,rate_successful_progressive_passes,-0.08894697797597874,-0.09505387209568504,-0.12025654350070417,-0.06888114604913817
per90_fouls,rate_successful_progressive_passes,-0.052693969424365925,-0.08622502756659223,-0.10513072018187024,-0.0659974511674673
per90_fouls_suffered,rate_successful_progressive_passes,0.16272601484869972,0.10786874690898768,0.08414105671740807,0.13142938772049817
per90_yellow_cards,rate_successful_progressive_passes,-0.005613038662677641,-0.04703973184414131,-0.06589755583519036,-0.026553107403316793
per90_progressive_run,per90_dribbles,0.6580017000401169,0.45746448866036427,0.4239787531987873,0.4895166295458449
per90_accelerations,per90_dribbles,0.6934399267368775,0.40690266305883516,0.3613201836263267,0.4417806442220238
rate_successful_dribbles,per90_dribbles,-0.17189706743680214,-0.15679728943753174,-0.18023910164355292,-0.13162151817589174
per90_touch_in_box,per90_dribbles,0.5653797276330516,0.5529565350312233,0.5141500505804841,0.5838190986882297
per90_losses,per90_dribbles,0.5605858329512154,0.3891580782245699,0.35010950422391374,0.420347236745984
per90_own_half_losses,per90_dribbles,-0.2857306582829638,-0.3657648407108749,-0.3929777243071537,-0.3347233923095853
per90_dangerous_own_half_losses,per90_dribbles,-0.42432878569326316,-0.4257852142404388,-0.45003857166369093,-0.39475710744074305
per90_recoveries,per90_dribbles,-0.5711790076369996,-0.585348910202274,-0.6151947311321149,-0.5425373683274496
per90_opponent_half_recoveries,per90_dribbles,0.07805865335286655,0.07836174287230063,0.04731014541474989,0.11053537756610417
per90_dangerous_opponent_half_recoveries,per90_dribbles,0.30546104910092464,0.28576591177171534,0.25906977217577093,0.31014139102126237
per90_interceptions,per90_dribbles,-0.47835623617830003,-0.5476096594102375,-0.5801526474324664,-0.5052290575284665
per90_clearances,per90_dribbles,-0.6228587287125176,-0.6292509938903008,-0.6584172525020138,-0.5867956187029202
per90_shots_blocked,per90_dribbles,-0.6120730648372584,-0.5402362116663,-0.5676858683791846,-0.5028480505936259
per90_defensive_duels,per90_dribbles,-0.004994662191164136,-0.16722554069516668,-0.1975061499010905,-0.13446016885874393
per90_offensive_duels,per90_dribbles,0.9057684437168899,0.6144651376154011,0.5723433456499554,0.6443948954536606
per90_aerial_duels,per90_dribbles,-0.215266052433335,-0.1390353931384067,-0.1670844483221338,-0.10700576384579355
per90_pressing_duels,per90_dribbles,0.31672050339445534,0.33645155998541937,0.2866876223082108,0.37803431427547923
per90_loose_ball_duels,per90_dribbles,0.20848525082895322,0.1708087925420007,0.13685489745596088,0.2040590918483213
per90_sliding_tackles,per90_dribbles,-0.10776271791735474,-0.16912353136654026,-0.19642449412032736,-0.14120775419152348
per90_dribbles_against,per90_dribbles,-0.037301891592724366,-0.20203996343116584,-0.23473716831750518,-0.1700299421997762
rate_defensive_duels_won,per90_dribbles,-0.3693859699102941,-0.3331230725667924,-0.3666690884791227,-0.292898717886145
rate_offensive_duels_won,per90_dribbles,2.8907117179629384e-4,-0.15300479902764286,-0.18214978591567343,-0.12581396381359036
rate_aerial_duels_won,per90_dribbles,-0.5426173895353229,-0.49614104913545287,-0.5250214810807754,-0.4599022782399582
per90_fouls,per90_dribbles,0.09331497701245817,0.03553638452963943,0.004070718518274342,0.06625660997145912
per90_fouls_suffered,per90_dribbles,0.5788876878176259,0.42356388099971404,0.3866583442969013,0.4543204496314862
per90_yellow_cards,per90_dribbles,-0.11187730619746275,-0.1502780998672357,-0.17516357662366966,-0.12342223273117098
per90_accelerations,per90_progressive_run,0.6965208700572862,0.33595335896065537,0.3029658566098986,0.36297895772397537
rate_successful_dribbles,per90_progressive_run,-0.05426599004918146,-0.08263110172644622,-0.1017819548355226,-0.06219855407477919
per90_touch_in_box,per90_progressive_run,0.4358292050950558,0.3509583386907986,0.32487766542664803,0.37962389164384347
per90_losses,per90_progressive_run,0.21256535546069844,0.2716133230161087,0.2432226098796464,0.29615991980454487
per90_own_half_losses,per90_progressive_run,-0.2513866302810138,-0.24058200287257633,-0.2657348485412292,-0.21846688135992115
per90_dangerous_own_half_losses,per90_progressive_run,-0.2717168204993243,-0.29602082100342564,-0.3165183146109146,-0.2743456144738457
per90_recoveries,per90_progressive_run,-0.34135101992235717,-0.3557111023758703,-0.38381419815474216,-0.3278909714508322
per90_opponent_half_recoveries,per90_progressive_run,-0.004384333200958037,0.1402742193594265,0.11372566963036634,0.16784298659976557
per90_dangerous_opponent_half_recoveries,per90_progressive_run,0.19851416805983713,0.26008115516917163,0.23766941445142176,0.28152894603407186
per90_interceptions,per90_progressive_run,-0.35919259295626793,-0.3496390113240027,-0.3794112606208743,-0.3210619322652764
per90_clearances,per90_progressive_run,-0.42986763886973345,-0.45979192435906446,-0.4846772996210168,-0.4338077896348927
per90_shots_blocked,per90_progressive_run,-0.3864884196246355,-0.39007596137241146,-0.41294131586134925,-0.36576179673476183
per90_defensive_duels,per90_progressive_run,-0.08714780182929392,-0.06126683611678047,-0.08813067474660619,-0.03472702580401828
per90_offensive_duels,per90_progressive_run,0.5751558179090187,0.443477440403616,0.41494845276078457,0.4690560852181914
per90_aerial_duels,per90_progressive_run,-0.39176216762430055,-0.21290173158677894,-0.2385510821452617,-0.18535084351668268
per90_pressing_duels,per90_progressive_run,0.21609366462559468,0.1999991811109225,0.165949243213172,0.23292122792783032
per90_loose_ball_duels,per90_progressive_run,-0.14261285107430738,0.049752345804181974,0.024718925500878536,0.07550832991093959
per90_sliding_tackles,per90_progressive_run,-0.22355950395233223,-0.10227024482119869,-0.12651024743878442,-0.08027183372861234
per90_dribbles_against,per90_progressive_run,-0.10860066385490348,-0.07475588017896964,-0.10246073063908145,-0.04891111937298453
rate_defensive_duels_won,per90_progressive_run,-0.14327523123603392,-0.21337482078256637,-0.24042854793421922,-0.1850120128916544
rate_offensive_duels_won,per90_progressive_run,0.10502416981886306,-0.035963616872109284,-0.061894594479012285,-0.012190660386894496
rate_aerial_duels_won,per90_progressive_run,-0.36042877092102704,-0.35638634845022027,-0.380304314131808,-0.3320468437884347
per90_fouls,per90_progressive_run,-0.13136930876196373,-0.014342770529861087,-0.039551206234219635,0.011847252234182523
per90_fouls_suffered,per90_progressive_run,0.3141325223721998,0.3157178098569229,0.2902079292002152,0.3403551963774425
per90_yellow_cards,per90_progressive_run,-0.18742315619478803,-0.11576682168871939,-0.13615093148102497,-0.09282955367527088
rate_successful_dribbles,per90_accelerations,-0.12359761788557758,-0.08527298884141583,-0.103544419394049,-0.06641281220048194
per90_touch_in_box,per90_accelerations,0.3483844170113905,0.3354263792126398,0.30053601792145823,0.36597418596894665
per90_losses,per90_accelerations,0.2836976346016044,0.25043433203338206,0.21778378147702848,0.2766818469747341
per90_own_half_losses,per90_accelerations,-0.20008338413306265,-0.2268155684994726,-0.24977271439108176,-0.20115551370385568
per90_dangerous_own_half_losses,per90_accelerations,-0.2876825322176287,-0.2733407665639737,-0.29462741845298795,-0.24487101006463216
per90_recoveries,per90_accelerations,-0.3451212290353849,-0.3458854683970443,-0.37790658047341374,-0.3101929356723337
per90_opponent_half_recoveries,per90_accelerations,0.018414436286594598,0.10028259919179096,0.07536098065091663,0.12516145897623782
per90_dangerous_opponent_half_recoveries,per90_accelerations,0.18964540998007476,0.21923917101346915,0.1956911628794135,0.241968654553068
per90_interceptions,per90_accelerations,-0.2750550501454155,-0.3334257441825981,-0.36372001651786395,-0.29903139735956097
per90_clearances,per90_accelerations,-0.39060563836650247,-0.416955213807096,-0.4456349909385535,-0.37708969642627416
per90_shots_blocked,per90_accelerations,-0.4029335206938227,-0.35523488195957714,-0.3808019021398072,-0.32239591201814893
per90_defensive_duels,per90_accelerations,0.023343395610478306,-0.07530264049429647,-0.09688141173434964,-0.05227993550235742
per90_offensive_duels,per90_accelerations,0.571688571192536,0.4039429234325986,0.36234962853188496,0.434874915433833
per90_aerial_duels,per90_accelerations,-0.28944478357105585,-0.15706553034211657,-0.18493653983689248,-0.12800812454331545
per90_pressing_duels,per90_accelerations,0.2815226417583523,0.1961903756539824,0.1630496481401632,0.22727483914105895
per90_loose_ball_duels,per90_accelerations,0.0400333054352208,0.06940340382643868,0.04527751695741398,0.09045523140775961
per90_sliding_tackles,per90_accelerations,-0.11692108963312016,-0.09964219946141234,-0.12086221237631468,-0.07896362820521782
per90_dribbles_against,per90_accelerations,0.05449546474305289,-0.09139631562254312,-0.11685230166328407,-0.06779292351546307
rate_defensive_duels_won,per90_accelerations,-0.27114955717490163,-0.20323049129947718,-0.22984680577981825,-0.17495050445049884
rate_offensive_duels_won,per90_accelerations,0.07162895182265921,-0.05719614226641799,-0.07958401450979401,-0.0343315295399147
rate_aerial_duels_won,per90_accelerations,-0.357134434349876,-0.32517997593901,-0.3509399691672703,-0.2950793650029168
per90_fouls,per90_accelerations,-0.03804385568845872,5.297973725633162e-5,-0.021193398565249207,0.023256897166943985
per90_fouls_suffered,per90_accelerations,0.3404516952604016,0.2842595993950007,0.25481901083314634,0.3105643835263052
per90_yellow_cards,per90_accelerations,-0.1345451526680853,-0.10303911184595772,-0.12164981319532774,-0.08225945752235915
per90_touch_in_box,rate_successful_dribbles,-0.2056369700317646,-0.22451808850786992,-0.24781125969273504,-0.20054418645578695
per90_losses,rate_successful_dribbles,-0.23516451416736875,-0.1327263902537766,-0.15146622608053142,-0.1146137174962652
per90_own_half_losses,rate_successful_dribbles,0.05917712943728074,0.13980430281391973,0.1240153742099183,0.15632295890170206
per90_dangerous_own_half_losses,rate_successful_dribbles,0.14806644725712353,0.14638111432309217,0.12879829035277646,0.1642965350886668
per90_recoveries,rate_successful_dribbles,0.2654307739265948,0.25391464994901375,0.22719413678956343,0.2800830117587321
per90_opponent_half_recoveries,rate_successful_dribbles,0.0474190837452524,0.06125044914145807,0.044696770836700456,0.0763618086146619
per90_dangerous_opponent_half_recoveries,rate_successful_dribbles,-0.005913938278069692,-0.03509774074067296,-0.0499377573637934,-0.019160305423698638
per90_interceptions,rate_successful_dribbles,0.1968824713882512,0.22016288692200373,0.1964179326811205,0.2438360497343722
per90_clearances,rate_successful_dribbles,0.19060987455198455,0.19332239446516655,0.16882482359287054,0.21731624803981167
per90_shots_blocked,rate_successful_dribbles,0.18745920191382306,0.17079957979064264,0.14946178218330236,0.19185143858432455
per90_defensive_duels,rate_successful_dribbles,0.01965353669946239,0.11399999904363643,0.09861308067158528,0.129486060682037
per90_offensive_duels,rate_successful_dribbles,-0.17675036870545796,-0.19449103056992073,-0.21865891899353934,-0.1697738816105237
per90_aerial_duels,rate_successful_dribbles,-0.06164234567110198,-0.07181382591838456,-0.09123948280610346,-0.05108655559198854
per90_pressing_duels,rate_successful_dribbles,-0.19547468392600598,-0.15063254369661816,-0.17403082790523636,-0.1268877356928133
per90_loose_ball_duels,rate_successful_dribbles,-0.17306624433715265,-0.12965026895733794,-0.14654785631968187,-0.1109309743282011
per90_sliding_tackles,rate_successful_dribbles,0.06211321667295027,0.07391061975081722,0.06258891005717487,0.08693559327483538
per90_dribbles_against,rate_successful_dribbles,0.028416253643926064,0.13705336510286964,0.11688014134894756,0.15546261296599345
rate_defensive_duels_won,rate_successful_dribbles,0.15552307099026505,0.1332408516514656,0.11468838668585071,0.15100721488519597
rate_offensive_duels_won,rate_successful_dribbles,0.4514262201865052,0.12505941926051886,0.1077804072749612,0.14092086770276657
rate_aerial_duels_won,rate_successful_dribbles,0.15335553479327255,0.15877540085918088,0.13875504556260165,0.1779145743018125
per90_fouls,rate_successful_dribbles,-0.09108863107420015,-0.05234887076573039,-0.06449531223692953,-0.04096678777945034
per90_fouls_suffered,rate_successful_dribbles,-0.0938594241603801,-0.12375419530883652,-0.14169598761243601,-0.10570705201593045
per90_yellow_cards,rate_successful_dribbles,0.040974053136962695,0.04008618634446386,0.029259625734074833,0.05183243244225836
per90_losses,per90_touch_in_box,0.4503949914807419,0.4220278334463579,0.3908827142870797,0.44748257181426027
per90_own_half_losses,per90_touch_in_box,-0.481540204523418,-0.42647859215991346,-0.44812628168764335,-0.40244131106848297
per90_dangerous_own_half_losses,per90_touch_in_box,-0.4708379584924271,-0.4640376491158957,-0.4823113309451493,-0.4445899522754819
per90_recoveries,per90_touch_in_box,-0.7742489163254483,-0.7422060011051026,-0.7550616870294882,-0.7278560749004268
per90_opponent_half_recoveries,per90_touch_in_box,-0.20656151457662925,-0.08906863064047041,-0.12056225498715792,-0.057366295008852604
per90_dangerous_opponent_half_recoveries,per90_touch_in_box,0.18233969817943405,0.18650540960394937,0.16135919163646892,0.21361044412960173
per90_interceptions,per90_touch_in_box,-0.7004906780333501,-0.6600152761687679,-0.6795063188134918,-0.638039770815823
per90_clearances,per90_touch_in_box,-0.6100079463171904,-0.6403094730418541,-0.6579737266426067,-0.6203157421642772
per90_shots_blocked,per90_touch_in_box,-0.510074478744229,-0.5592784338966398,-0.5777072686294572,-0.5410356811837282
per90_defensive_duels,per90_touch_in_box,-0.46494866058743717,-0.2940697309642199,-0.323749415379089,-0.2637351899061244
per90_offensive_duels,per90_touch_in_box,0.6536876810435549,0.6365938220737146,0.611835449758839,0.6588899958035026
per90_aerial_duels,per90_touch_in_box,0.12507026889863843,0.08506690290534256,0.052632265221579995,0.11947447545220294
per90_pressing_duels,per90_touch_in_box,0.48073848952730514,0.435949039364941,0.37827140176963636,0.48108162064618265
per90_loose_ball_duels,per90_touch_in_box,0.333201605226711,0.32648470458444356,0.28964009757040265,0.3566499497326389
per90_sliding_tackles,per90_touch_in_box,-0.26532745118338796,-0.21550929470672467,-0.24323363767094333,-0.18653949642189677
per90_dribbles_against,per90_touch_in_box,-0.5235419452734772,-0.3538897205240635,-0.3852344756731286,-0.32055456040508234
rate_defensive_duels_won,per90_touch_in_box,-0.3586323103031747,-0.40008728266660687,-0.43313678026537017,-0.36072102161657205
rate_offensive_duels_won,per90_touch_in_box,-0.32199139985753816,-0.31003805606083434,-0.33775307767879337,-0.28419721580358087
rate_aerial_duels_won,per90_touch_in_box,-0.46796354730906253,-0.5174038490877803,-0.5382039546236772,-0.49818521947651434
per90_fouls,per90_touch_in_box,0.05260361530298595,0.11810157534379569,0.08686137893120663,0.14861937868988379
per90_fouls_suffered,per90_touch_in_box,0.37589563912008656,0.4183876113307717,0.39399262303841825,0.44432455013001154
per90_yellow_cards,per90_touch_in_box,-0.19768050478365182,-0.14089572385579163,-0.1713421370836083,-0.11321911415185214
per90_own_half_losses,per90_losses,0.12638062046539175,-0.27259434666748183,-0.2953350909410745,-0.25004896044283764
per90_dangerous_own_half_losses,per90_losses,-0.24964252702844947,-0.3050042074457496,-0.3270767420680371,-0.2812565107671714
per90_recoveries,per90_losses,-0.4263139905435784,-0.4589375072068729,-0.4876699430966752,-0.4267654668274466
per90_opponent_half_recoveries,per90_losses,0.08337959075117789,-0.010192510704090206,-0.03291471393218418,0.014130744905653886
per90_dangerous_opponent_half_recoveries,per90_losses,0.20463594044833672,0.15719862710813517,0.13775438330453021,0.17721839490191582
per90_interceptions,per90_losses,-0.2637343240841959,-0.4162834849913341,-0.4445392916434545,-0.3847436984501412
per90_clearances,per90_losses,-0.315978681309261,-0.43342279406328393,-0.4603533243650714,-0.40244134902114187
per90_shots_blocked,per90_losses,-0.41577956288968854,-0.37578457973895163,-0.4018735026625291,-0.34674247683905524
per90_defensive_duels,per90_losses,0.0385348617956251,-0.16229914375355373,-0.18630177306950296,-0.13811698474807302
per90_offensive_duels,per90_losses,0.5942492591711812,0.42757407386369317,0.39485710247789474,0.4555049112704178
per90_aerial_duels,per90_losses,0.34846935637754356,-0.009628702772105735,-0.0365486924396824,0.01767295308542435
per90_pressing_duels,per90_losses,0.2765986553928239,0.2672780864252173,0.23057785161107885,0.2993351882872386
per90_loose_ball_duels,per90_losses,0.5024247423527476,0.17574777023030433,0.14962372836102786,0.20247683689814544
per90_sliding_tackles,per90_losses,0.01705765146369648,-0.13303031048640165,-0.15350380038659567,-0.1121901507851692
per90_dribbles_against,per90_losses,-0.008985651285932884,-0.19553470470842732,-0.220545852379798,-0.16900364822528152
rate_defensive_duels_won,per90_losses,-0.3288771098046696,-0.25272689052243397,-0.2789532672088972,-0.22408031452601454
rate_offensive_duels_won,per90_losses,-0.2326088416385264,-0.1641047570016013,-0.18668198551243037,-0.14218966243507117
rate_aerial_duels_won,per90_losses,-0.3017959216963127,-0.34653725476576824,-0.36953123755507805,-0.319996893757738
per90_fouls,per90_losses,0.288185560718099,0.05562262573914313,0.03249714071818633,0.07678652204208164
per90_fouls_suffered,per90_losses,0.43336925628602724,0.2869926531856447,0.2621946551482067,0.3115528374487844
per90_yellow_cards,per90_losses,0.012237310006005357,-0.09896263578436029,-0.11816450492928511,-0.0802303444088962
per90_dangerous_own_half_losses,per90_own_half_losses,0.5882782975480749,0.2995435623819458,0.2801303276230594,0.317833921649978
per90_recoveries,per90_own_half_losses,0.5604554870342392,0.46912702315963445,0.44420809508930553,0.49239653911005093
per90_opponent_half_recoveries,per90_own_half_losses,0.04734740118225595,0.04086568391032343,0.018144804536226446,0.06397041065237256
per90_dangerous_opponent_half_recoveries,per90_own_half_losses,-0.16483198479833713,-0.13226943108093128,-0.15229448591317085,-0.11291869998101375
per90_interceptions,per90_own_half_losses,0.6400911552326616,0.41999361935482443,0.39400440909975637,0.4427679460354944
per90_clearances,per90_own_half_losses,0.590248902167223,0.41763308661244913,0.39539898526182266,0.4394044439818246
per90_shots_blocked,per90_own_half_losses,0.4118611670828414,0.36381200043522866,0.342349713844686,0.38437412387754344
per90_defensive_duels,per90_own_half_losses,0.45856898853806727,0.17916748430214932,0.15579259782971838,0.2039554922679166
per90_offensive_duels,per90_own_half_losses,-0.34709449983574553,-0.41401550049352587,-0.43629634413178175,-0.39033965559325495
per90_aerial_duels,per90_own_half_losses,0.12767932774213933,-0.032362969883029974,-0.058474530826803844,-0.0072047937003658245
per90_pressing_duels,per90_own_half_losses,-0.3248471957020693,-0.2747955711129449,-0.30586269640440844,-0.2371223944276031
per90_loose_ball_duels,per90_own_half_losses,-0.07422186224156108,-0.197363739376933,-0.22030419079892466,-0.1719909844922049
per90_sliding_tackles,per90_own_half_losses,0.25928389535892493,0.13613917610662873,0.11742571594280915,0.15533512365179677
per90_dribbles_against,per90_own_half_losses,0.4839697455447613,0.21568707063002843,0.1910004907855074,0.24090604182131006
rate_defensive_duels_won,per90_own_half_losses,0.2371022150490757,0.2547086203103621,0.22745009899823182,0.27921593780467224
rate_offensive_duels_won,per90_own_half_losses,0.17291030615031097,0.1864296839047552,0.16576251855419413,0.20732076074795427
rate_aerial_duels_won,per90_own_half_losses,0.3797689200719877,0.33618188707661134,0.317003155385081,0.35688443303773204
per90_fouls,per90_own_half_losses,0.05655091768777282,-0.06867917380734403,-0.08989323068654738,-0.04654717432698731
per90_fouls_suffered,per90_own_half_losses,-0.17081204853120083,-0.27418990499590395,-0.2948173705256311,-0.253031884623773
per90_yellow_cards,per90_own_half_losses,0.16500592972013908,0.09311862767584135,0.07464178601923602,0.11189727078417143
per90_recoveries,per90_dangerous_own_half_losses,0.5392565016240692,0.5050514628663787,0.4846134364754038,0.5240838957918366
per90_opponent_half_recoveries,per90_dangerous_own_half_losses,-0.05069471758551423,0.013555079262825427,-0.010058767747985886,0.037455099115519905
per90_dangerous_opponent_half_recoveries,per90_dangerous_own_half_losses,-0.22262451723321316,-0.1708294463409716,-0.1905032682393699,-0.15322749442258018
per90_interceptions,per90_dangerous_own_half_losses,0.5612006650108293,0.4577053603024498,0.434401442941902,0.47838986581935067
per90_clearances,per90_dangerous_own_half_losses,0.5779751024620884,0.475053952017333,0.45551022774341116,0.4924963583872629
per90_shots_blocked,per90_dangerous_own_half_losses,0.5343099642816845,0.41198233966819325,0.3935154835697549,0.43007653235649534
per90_defensive_duels,per90_dangerous_own_half_losses,0.23209424485124297,0.17964006278202638,0.15730079577592065,0.20288803000215272
per90_offensive_duels,per90_dangerous_own_half_losses,-0.45344104683822184,-0.46878335787275144,-0.4883466774290049,-0.44672864418375186
per90_aerial_duels,per90_dangerous_own_half_losses,0.03996778801871775,0.0073843778017485045,-0.01927472684887881,0.03364271448137309
per90_pressing_duels,per90_dangerous_own_half_losses,-0.3668155646464435,-0.29436035892139395,-0.32836415092428023,-0.25270998011127743
per90_loose_ball_duels,per90_dangerous_own_half_losses,-0.2126261698517968,-0.1947083308308973,-0.21814828187147184,-0.16855383284241504
per90_sliding_tackles,per90_dangerous_own_half_losses,0.16356641796765406,0.14641974187268444,0.12591337166154196,0.16670434940638448
per90_dribbles_against,per90_dangerous_own_half_losses,0.26530648909221,0.21642423407343395,0.1908714041483516,0.24086250219442298
rate_defensive_duels_won,per90_dangerous_own_half_losses,0.33046631373871527,0.27784573214908087,0.24805174281036063,0.30370161267837636
rate_offensive_duels_won,per90_dangerous_own_half_losses,0.1988649522047735,0.1819974438581595,0.16171325155873625,0.20376309869018014
rate_aerial_duels_won,per90_dangerous_own_half_losses,0.4064233120470392,0.3799775418312721,0.36161522704556076,0.39831793324408354
per90_fouls,per90_dangerous_own_half_losses,-0.06619476822020831,-0.06212776122734232,-0.0853086340268578,-0.03915125810682655
per90_fouls_suffered,per90_dangerous_own_half_losses,-0.307184775297673,-0.31433963121013814,-0.33381231878041606,-0.2934894678864837
per90_yellow_cards,per90_dangerous_own_half_losses,0.11371399601099953,0.10830132213740026,0.08860342693023,0.12753618889815607
per90_opponent_half_recoveries,per90_recoveries,0.31700046872518284,0.12791672669603948,0.09216622587393923,0.16149461750374247
per90_dangerous_opponent_half_recoveries,per90_recoveries,-0.09005976954916967,-0.18078504784138716,-0.20853902271769878,-0.15516342535939195
per90_interceptions,per90_recoveries,0.8755110471953876,0.7295636243522089,0.7081744890664579,0.7486073901281396
per90_clearances,per90_recoveries,0.7453105193774235,0.6888038102714169,0.6698306544082814,0.7053802586043342
per90_shots_blocked,per90_recoveries,0.6203969521945494,0.6034441411218145,0.5855596506466035,0.6227797531808102
per90_defensive_duels,per90_recoveries,0.5268433777150068,0.3399253648221458,0.3051162570971343,0.3715784138344616
per90_offensive_duels,per90_recoveries,-0.6798362842916353,-0.6869273350186326,-0.7079931518600319,-0.6601298085188375
per90_aerial_duels,per90_recoveries,-0.06277741537410089,-0.13459762039488976,-0.17131023437241855,-0.09940062732831682
per90_pressing_duels,per90_recoveries,-0.5667097387958383,-0.48672634870121745,-0.5376885083402377,-0.4230924586730064
per90_loose_ball_duels,per90_recoveries,-0.3192235145799228,-0.38028264287558344,-0.41536740004483413,-0.3397884208505707
per90_sliding_tackles,per90_recoveries,0.32550776062829645,0.24009845978172648,0.20776875261453062,0.27195111592759563
per90_dribbles_against,per90_recoveries,0.5639635048058375,0.4088870080205718,0.3699940218689037,0.442477263417084
rate_defensive_duels_won,per90_recoveries,0.5462037305361557,0.44202069826585844,0.39872111802746957,0.4781679337417027
rate_offensive_duels_won,per90_recoveries,0.4210086648563565,0.3628685820309983,0.33584428129587296,0.39217580176887834
rate_aerial_duels_won,per90_recoveries,0.6241250209315826,0.5589755958259688,0.5376709885412709,0.5811038159268975
per90_fouls,per90_recoveries,-0.046121719673096015,-0.14264832237104888,-0.17530895901715413,-0.10736307764135329
per90_fouls_suffered,per90_recoveries,-0.4049913010827768,-0.4476788537892813,-0.4760766015967487,-0.4212498279997313
per90_yellow_cards,per90_recoveries,0.22575500481955638,0.1492760834589856,0.11929355655409643,0.18178646119434186
per90_dangerous_opponent_half_recoveries,per90_opponent_half_recoveries,0.5722085339143623,0.12194309541526055,0.10041827025365786,0.14544226777391506
per90_interceptions,per90_opponent_half_recoveries,0.19400228991778215,0.08369748691866935,0.05374837658617391,0.11562311185002118
per90_clearances,per90_opponent_half_recoveries,-0.1898557443147867,-0.02765179082364786,-0.06255117671135389,0.00754991656237318
per90_shots_blocked,per90_opponent_half_recoveries,-0.08955608329068579,-0.013708214356272093,-0.043714223190372735,0.014684170141504862
per90_defensive_duels,per90_opponent_half_recoveries,0.455307473053482,0.12261401800603954,0.10149955795299595,0.14332707989759666
per90_offensive_duels,per90_opponent_half_recoveries,0.03602779166172271,0.015187618278797756,-0.01770032655026475,0.04803350447140541
per90_aerial_duels,per90_opponent_half_recoveries,-0.1257482534564552,-0.243693516433386,-0.2679747145121376,-0.2194750064922597
per90_pressing_duels,per90_opponent_half_recoveries,-0.013440773161803147,-0.08326691648687269,-0.10739578166636349,-0.05895202690798101
per90_loose_ball_duels,per90_opponent_half_recoveries,0.08545077491113622,-0.15264614246623864,-0.172566750293569,-0.13001074781369398
per90_sliding_tackles,per90_opponent_half_recoveries,0.2595298646652444,0.03813641745262276,0.01966136950615171,0.057123754936220184
per90_dribbles_against,per90_opponent_half_recoveries,0.3589851810045095,0.14660513315225437,0.12359313167131539,0.1692056982295353
rate_defensive_duels_won,per90_opponent_half_recoveries,0.061787114629205345,0.0494752503985204,0.027083535385970667,0.0706688206421244
rate_offensive_duels_won,per90_opponent_half_recoveries,0.12672249178578981,0.15510682446386503,0.13521140278721644,0.17580300092592324
rate_aerial_duels_won,per90_opponent_half_recoveries,0.019274434644849812,-0.00868332154699497,-0.03685471691294249,0.01717820688444401
per90_fouls,per90_opponent_half_recoveries,0.2496025668710128,-0.08439347337342505,-0.10145990837759439,-0.06831594105535335
per90_fouls_suffered,per90_opponent_half_recoveries,0.20432339059013566,0.03184749499928155,0.004906048527117536,0.05792044835612073
per90_yellow_cards,per90_opponent_half_recoveries,0.15080364819415004,-0.019239584679144352,-0.035991682419686324,-0.002718980328891691
per90_interceptions,per90_dangerous_opponent_half_recoveries,-0.14919554781181557,-0.18693513745000298,-0.21234986940291728,-0.1625630434717492
per90_clearances,per90_dangerous_opponent_half_recoveries,-0.38722919929369565,-0.27602936183791904,-0.29992960013577524,-0.25183822368016656
per90_shots_blocked,per90_dangerous_opponent_half_recoveries,-0.27212543916485255,-0.2320330970466778,-0.2530580423878812,-0.21011192388859282
per90_defensive_duels,per90_dangerous_opponent_half_recoveries,0.12292460936218405,-0.009094051448710597,-0.029280188602698813,0.01047278744017634
per90_offensive_duels,per90_dangerous_opponent_half_recoveries,0.29864271250330365,0.26371254184349946,0.2384366837005127,0.28718307674044435
per90_aerial_duels,per90_dangerous_opponent_half_recoveries,-0.11638860983717322,-0.17847342709233743,-0.20178817731567167,-0.15484575590296693
per90_pressing_duels,per90_dangerous_opponent_half_recoveries,0.17840082354307382,0.09913429622228516,0.07652820049019156,0.12030390521061653
per90_loose_ball_duels,per90_dangerous_opponent_half_recoveries,0.12280138212352032,-0.00420957118185867,-0.02290271048876666,0.016370280489678358
per90_sliding_tackles,per90_dangerous_opponent_half_recoveries,0.062175525893188525,-0.05168933418076473,-0.06900526033522464,-0.03482722238588358
per90_dribbles_against,per90_dangerous_opponent_half_recoveries,0.049969000411379735,-0.011752610246621125,-0.0327779003134795,0.00868439641569806
rate_defensive_duels_won,per90_dangerous_opponent_half_recoveries,-0.08784935555178328,-0.11447180239389099,-0.13404981090312268,-0.09446853478562442
rate_offensive_duels_won,per90_dangerous_opponent_half_recoveries,-0.011987045892593166,0.01288676286878171,-0.006195128245957956,0.03331599429340728
rate_aerial_duels_won,per90_dangerous_opponent_half_recoveries,-0.21720149952960535,-0.21113039614144127,-0.2314834139075267,-0.18856665142879964
per90_fouls,per90_dangerous_opponent_half_recoveries,0.12708077887905492,-0.026913801492503005,-0.04533915355805136,-0.008612096384367333
per90_fouls_suffered,per90_dangerous_opponent_half_recoveries,0.2715894623582255,0.19233386302271102,0.17168536073001345,0.21122530897784017
per90_yellow_cards,per90_dangerous_opponent_half_recoveries,-0.016278267712699742,-0.0721776340278484,-0.08628212136582289,-0.05668153440184176
per90_clearances,per90_interceptions,0.7939373761170815,0.6326367708021196,0.608761692767277,0.6536965617376236
per90_shots_blocked,per90_interceptions,0.6183419997840409,0.5523266895035734,0.5264229013840384,0.5741805692137611
per90_defensive_duels,per90_interceptions,0.5397892443426374,0.2874339413892548,0.2542586453955541,0.31848230058127724
per90_offensive_duels,per90_interceptions,-0.6167711793535643,-0.6286515691250931,-0.653649666454526,-0.599040774593898
per90_aerial_duels,per90_interceptions,-0.010622335632529768,-0.07828081279451352,-0.10880552946918072,-0.0457216685158874
per90_pressing_duels,per90_interceptions,-0.5071293312028203,-0.428357566317835,-0.4760827926631622,-0.37111210166290537
per90_loose_ball_duels,per90_interceptions,-0.25353717764193784,-0.3187071305235231,-0.3494773121879975,-0.282949252640811
per90_sliding_tackles,per90_interceptions,0.3551823318678402,0.21179945973941147,0.18288277821085935,0.24007216241864549
per90_dribbles_against,per90_interceptions,0.6242316639511241,0.3458442043312574,0.3127812591214087,0.3768773474991818
rate_defensive_duels_won,per90_interceptions,0.37436221299421407,0.39376652699676423,0.3534789086347906,0.42837720847190536
rate_offensive_duels_won,per90_interceptions,0.3729748664565253,0.3023903350454955,0.2766923989797457,0.33188218379475615
rate_aerial_duels_won,per90_interceptions,0.5668059306789879,0.5108964198128725,0.4878492689876418,0.5330750690997609
per90_fouls,per90_interceptions,-0.032806191205679874,-0.11459665810294858,-0.14418947879517616,-0.08305148780149627
per90_fouls_suffered,per90_interceptions,-0.3855376174078083,-0.41369174768549144,-0.4414521303015957,-0.38551769479182657
per90_yellow_cards,per90_interceptions,0.22007892216408462,0.13950437465054238,0.11267875225456421,0.16873604140064302
per90_shots_blocked,per90_clearances,0.6560309852164579,0.5926230413405639,0.5755310878946928,0.6096118232102901
per90_defensive_duels,per90_clearances,0.2665533476780607,0.224872635717184,0.19293931101702236,0.25578085096697156
per90_offensive_duels,per90_clearances,-0.7002228985060553,-0.6742340836707922,-0.6941417344641752,-0.6496898507789265
per90_aerial_duels,per90_clearances,0.15942126620514688,0.07403005921050412,0.039305791738885404,0.10602417947413573
per90_pressing_duels,per90_clearances,-0.5062428964126034,-0.39916786250994724,-0.44400121993238734,-0.3454477558826978
per90_loose_ball_duels,per90_clearances,-0.24164087076649043,-0.23863878451683732,-0.2716689819970755,-0.20446653496133274
per90_sliding_tackles,per90_clearances,0.22807605982656254,0.19937170600512416,0.17104792160585794,0.22933095807064321
per90_dribbles_against,per90_clearances,0.37080156333978714,0.27125741135659565,0.2379233614769521,0.3031283161063475
rate_defensive_duels_won,per90_clearances,0.41025608207286907,0.38436387147399653,0.3427081925316966,0.4161294474443517
rate_offensive_duels_won,per90_clearances,0.2662446363048926,0.2198165453956506,0.1921573754599961,0.2494970964860707
rate_aerial_duels_won,per90_clearances,0.635432758066349,0.5455604690735498,0.5260499734634891,0.564510327921483
per90_fouls,per90_clearances,-0.10734555284811866,-0.06683266454289798,-0.09954380465505137,-0.03381409414101297
per90_fouls_suffered,per90_clearances,-0.5235428610958051,-0.4577628754224624,-0.4827423398482445,-0.43269560617937286
per90_yellow_cards,per90_clearances,0.16787386422405606,0.1598425096628461,0.1319316856243799,0.1851096645291339
per90_defensive_duels,per90_shots_blocked,0.14654039911908145,0.2015617960618875,0.17372480050561792,0.2287141748673539
per90_offensive_duels,per90_shots_blocked,-0.6217050284788285,-0.5827451225874152,-0.6035068355404386,-0.560721524412257
per90_aerial_duels,per90_shots_blocked,0.10420533337780741,0.050328276199394284,0.018584669274554533,0.08168869357209507
per90_pressing_duels,per90_shots_blocked,-0.39704494852102756,-0.35017370669527476,-0.38776683133321116,-0.3044623118735882
per90_loose_ball_duels,per90_shots_blocked,-0.23211273843878438,-0.2151974215066161,-0.24370280076651799,-0.18649874018291393
per90_sliding_tackles,per90_shots_blocked,0.16070069713455926,0.17473483374584767,0.15077506299373689,0.19987712223032175
per90_dribbles_against,per90_shots_blocked,0.1962568215706021,0.2430317447180969,0.2158201580264578,0.2707117261649846
rate_defensive_duels_won,per90_shots_blocked,0.40787787598948544,0.3354725826839607,0.3014712289791688,0.36437297979192773
rate_offensive_duels_won,per90_shots_blocked,0.20093123216149245,0.19902517276547682,0.17623971182702858,0.22343606280803588
rate_aerial_duels_won,per90_shots_blocked,0.5277204019197657,0.4717662243972842,0.4533903025734471,0.4910475368999452
per90_fouls,per90_shots_blocked,-0.09793870663363659,-0.0626496284593263,-0.09147230104189684,-0.033523443324423766
per90_fouls_suffered,per90_shots_blocked,-0.42555917497717916,-0.3944170952449634,-0.4182893409996056,-0.372317905004804
per90_yellow_cards,per90_shots_blocked,0.12486792753071924,0.13725707210241425,0.11349938698063157,0.16042315031553694
per90_offensive_duels,per90_defensive_duels,-0.1441556704560477,-0.22967915912202766,-0.25996900554033653,-0.19708269331340708
per90_aerial_duels,per90_defensive_duels,-0.16869200637515294,-0.1524544731147126,-0.17658427703998936,-0.12631746571355182
per90_pressing_duels,per90_defensive_duels,-0.19919496981216397,-0.2037414677885897,-0.23235429082367184,-0.17004656228374868
per90_loose_ball_duels,per90_defensive_duels,-0.0201080945632016,-0.19732833202270258,-0.21994315624138205,-0.17175188952896564
per90_sliding_tackles,per90_defensive_duels,0.4286904853003492,0.09916357010812644,0.08187698414808683,0.1162434688046947
per90_dribbles_against,per90_defensive_duels,0.870957093843714,0.20451491739827243,0.17940718441280948,0.227690047874901
rate_defensive_duels_won,per90_defensive_duels,0.10730734310349858,0.1736385700017603,0.1457322714012488,0.1980459719485799
rate_offensive_duels_won,per90_defensive_duels,0.21864475609905026,0.19241651366837498,0.16997099235200222,0.21291369118383316
rate_aerial_duels_won,per90_defensive_duels,0.1564536575349235,0.18847795404156148,0.16183261066293447,0.21391485791599826
per90_fouls,per90_defensive_duels,0.38949636975450685,-0.08579856090496024,-0.10273551445289371,-0.07082621885835477
per90_fouls_suffered,per90_defensive_duels,0.01578268898580591,-0.1401385391677136,-0.1622156147558895,-0.11347689315383537
per90_yellow_cards,per90_defensive_duels,0.2959474719471619,0.04293817831971198,0.027198288051639898,0.05861001170710598
per90_aerial_duels,per90_offensive_duels,-0.057968429770867566,-0.056617046045846026,-0.08720312103255033,-0.023579264685539513
per90_pressing_duels,per90_offensive_duels,0.3900970977310391,0.39871675280794294,0.3419662463568138,0.44408234229405014
per90_loose_ball_duels,per90_offensive_duels,0.3660038132750377,0.2452182386391646,0.21264693785571082,0.27863749046374736
per90_sliding_tackles,per90_offensive_duels,-0.1617760899034079,-0.19891550636262048,-0.22769528903082456,-0.17216643863064146
per90_dribbles_against,per90_offensive_duels,-0.2440005755425642,-0.2769097489026471,-0.3076668589745843,-0.24430075797002207
rate_defensive_duels_won,per90_offensive_duels,-0.36922751148303756,-0.38184087625828445,-0.41550866078750076,-0.34081753514439034
rate_offensive_duels_won,per90_offensive_duels,-0.18066704166038483,-0.22685738760998242,-0.25643822697794333,-0.20071515160401787
rate_aerial_duels_won,per90_offensive_duels,-0.5818317636508342,-0.5367323390561269,-0.5591498928155892,-0.5139341981047139
per90_fouls,per90_offensive_duels,0.1813138408546924,0.07149193909402665,0.03961582080178252,0.10289246028068726
per90_fouls_suffered,per90_offensive_duels,0.6728266061342651,0.44869897938746156,0.4209916314234884,0.475714367677077
per90_yellow_cards,per90_offensive_duels,-0.10141610445528727,-0.15612143066930662,-0.18213155503287623,-0.12880047487424442
per90_pressing_duels,per90_aerial_duels,0.08359582007846328,0.09017488137530662,0.06555802968357348,0.11519649748557943
per90_loose_ball_duels,per90_aerial_duels,0.5826635377271528,0.1920197914198027,0.16485549068212843,0.21488287941789022
per90_sliding_tackles,per90_aerial_duels,0.08555398234169363,-0.0403753563307461,-0.06317459729154457,-0.016063235942067617
per90_dribbles_against,per90_aerial_duels,-0.2278333152530472,-0.1821533450118467,-0.20897976429772,-0.15506887544714829
rate_defensive_duels_won,per90_aerial_duels,-0.04529376749514668,-0.04568568384883958,-0.06925404125546973,-0.02136771105801666
rate_offensive_duels_won,per90_aerial_duels,-0.2675979818003513,-0.19634447817530115,-0.21879470964099026,-0.17622348049868364
rate_aerial_duels_won,per90_aerial_duels,0.19912386204512803,0.04100475165377781,0.011624127888242469,0.06870932838410304
per90_fouls,per90_aerial_duels,0.3372932062154545,0.1096403719875131,0.08823822300769339,0.1307175079627396
per90_fouls_suffered,per90_aerial_duels,0.024419561569159073,-0.06728700969798157,-0.09236055873558129,-0.04054362786677006
per90_yellow_cards,per90_aerial_duels,0.1273946906528596,0.03445849197633191,0.013363249062622694,0.05539288728002938
per90_loose_ball_duels,per90_pressing_duels,0.3538658350536672,0.2285935220384243,0.19232235994425292,0.26225348990972713
per90_sliding_tackles,per90_pressing_duels,-0.1824941907943096,-0.14140362293327075,-0.16682162316027205,-0.11708141232783642
per90_dribbles_against,per90_pressing_duels,-0.30602180397293355,-0.24495706970882938,-0.28081437042867996,-0.20714441469661748
rate_defensive_duels_won,per90_pressing_duels,-0.39291171806248454,-0.25952720037986804,-0.2972507252442519,-0.2189505605240018
rate_offensive_duels_won,per90_pressing_duels,-0.3021473493546473,-0.218616674107007,-0.24805669747984394,-0.18589277392010878
rate_aerial_duels_won,per90_pressing_duels,-0.380443787422342,-0.32459058912779415,-0.3610174051109599,-0.2810010378118212
per90_fouls,per90_pressing_duels,0.17487489261749084,0.08711739069652903,0.06462063645282311,0.11039553327604792
per90_fouls_suffered,per90_pressing_duels,0.3209582804071506,0.2587284055151902,0.22081826891248946,0.290882338716759
per90_yellow_cards,per90_pressing_duels,-0.09416534363805232,-0.08587159194608329,-0.10920383161553233,-0.06571587895871214
per90_sliding_tackles,per90_loose_ball_duels,0.11001459449810708,-0.11100826005830973,-0.130509968044529,-0.09149199733175985
per90_dribbles_against,per90_loose_ball_duels,-0.14888401888260713,-0.2368288601198216,-0.26345574180096704,-0.2064295021451746
rate_defensive_duels_won,per90_loose_ball_duels,-0.26202675048010077,-0.19242604631310536,-0.2181445836386837,-0.16186134417971687
rate_offensive_duels_won,per90_loose_ball_duels,-0.3209951636161302,-0.22475524548250822,-0.24817482860478238,-0.19967473920278453
rate_aerial_duels_won,per90_loose_ball_duels,-0.17791233892814798,-0.20170576457238742,-0.2290590175548098,-0.17190629868897603
per90_fouls,per90_loose_ball_duels,0.5017452210144816,0.10203302162056582,0.08398259001947211,0.12156368698478921
per90_fouls_suffered,per90_loose_ball_duels,0.3794741573491853,0.1470195045209914,0.12191047973623863,0.17215952456031294
per90_yellow_cards,per90_loose_ball_duels,0.14216139583314333,-0.043989722056445205,-0.06375877061492713,-0.02668378319942106
per90_dribbles_against,per90_sliding_tackles,0.4185893442245605,0.11923412604828891,0.0989843353642419,0.13979175742972264
rate_defensive_duels_won,per90_sliding_tackles,0.07617354183534408,0.12830746433612555,0.11038293316178859,0.14843479387275957
rate_offensive_duels_won,per90_sliding_tackles,0.1460992491787101,0.10599581874651964,0.08604985899415893,0.12374090784329096
rate_aerial_duels_won,per90_sliding_tackles,0.1785335221992138,0.16189851014039258,0.13926971095081625,0.18669904411556631
per90_fouls,per90_sliding_tackles,0.25284560517809157,-0.04174439050757048,-0.05356739362900259,-0.029446795690966737
per90_fouls_suffered,per90_sliding_tackles,0.026635796965302598,-0.12956392678018555,-0.15199603478804427,-0.1094859060888289
per90_yellow_cards,per90_sliding_tackles,0.313915057565539,0.04317280280602956,0.03225703320397401,0.055567108745071134
rate_defensive_duels_won,per90_dribbles_against,0.09267515121594641,0.20891678060424682,0.17892965911369468,0.2353638050070758
rate_offensive_duels_won,per90_dribbles_against,0.29365242766976457,0.23087755542384208,0.2065911609371615,0.2552153177381605
rate_aerial_duels_won,per90_dribbles_against,0.22107784948653122,0.22725533180261576,0.2006917834002831,0.2552982280541054
per90_fouls,per90_dribbles_against,0.13859218150406988,-0.1028981116145745,-0.12371150954900761,-0.08319314709408666
per90_fouls_suffered,per90_dribbles_against,-0.09774459888013359,-0.16911656138196937,-0.195503051135031,-0.14286292575919432
per90_yellow_cards,per90_dribbles_against,0.22729370576061933,0.05192065173486568,0.034439125643697964,0.07094252734464561
rate_offensive_duels_won,rate_defensive_duels_won,0.19801111864626073,0.18243493883838144,0.15972397619778284,0.20670772543762678
rate_aerial_duels_won,rate_defensive_duels_won,0.355693662269076,0.3102635226529114,0.2772909051678402,0.33897844230249724
per90_fouls,rate_defensive_duels_won,-0.15756882076999026,-0.0689697190532921,-0.08909351676555652,-0.04892695431114726
per90_fouls_suffered,rate_defensive_duels_won,-0.25615575255236744,-0.25144225023358313,-0.27602022961753186,-0.222770476584836
per90_yellow_cards,rate_defensive_duels_won,0.06607574562459036,0.08487280942118763,0.06636243844134049,0.10427658568402548
rate_aerial_duels_won,rate_offensive_duels_won,0.20405684584353143,0.1868618866331803,0.1652826698395874,0.21214527117980755
per90_fouls,rate_offensive_duels_won,-0.14045712463082166,-0.10103597132376597,-0.11992932460121788,-0.08419863407323773
per90_fouls_suffered,rate_offensive_duels_won,0.059900099895576396,-0.13437863481774565,-0.15696170263658177,-0.11072954186809725
per90_yellow_cards,rate_offensive_duels_won,0.07907168920106855,0.03944165998275827,0.022833752797681087,0.05827573856279056
per90_fouls,rate_aerial_duels_won,-0.040877459342615614,-0.05956477600380846,-0.08518955719860213,-0.03296110723634262
per90_fouls_suffered,rate_aerial_duels_won,-0.36044442030699647,-0.36282431273543714,-0.3860105967409488,-0.3391026225711068
per90_yellow_cards,rate_aerial_duels_won,0.14861380101422492,0.12608697965377155,0.10375769365274426,0.148295058006746
per90_fouls_suffered,per90_fouls,0.2779322376609242,0.03805277558653095,0.015863362920235487,0.060391429144538225
per90_yellow_cards,per90_fouls,0.46753726892273445,-0.009312825235152526,-0.020291683787755456,0.002047697863494524
per90_yellow_cards,per90_fouls_suffered,0.068810246116393,-0.10756009641853351,-0.12610471188586955,-0.0880362208535455
