variable,mean,median,sd,mad,q5,q95,rhat,ess_bulk,ess_tail
lp__,-63570.15374425,-63566.0065,306.2199210466924,314.8286273999975,-64059.144049999995,-63064.705799999996,1.0036276775884745,701.4479865476576,1454.6627876791408
nu,4.902319264125,4.90231835,0.06569889555118692,0.06609519756000028,4.792683235,5.01071933,1.000676863601858,2767.1837103610055,3003.4853410940987
lambda_a_diag[1],0.6973235775325,0.697249835,0.01775238734042083,0.017793245988000007,0.6685301634999999,0.726271436,1.0037729649680405,655.0562814457847,1688.0842948617862
lambda_a_diag[2],0.44515244109,0.44476037,0.014824479903504707,0.01456494379200002,0.4208018155,0.470069138,1.0047726370492354,796.6174178126805,1513.6064679431643
lambda_a_diag[3],0.14075129524024999,0.14059436,0.012984222587316479,0.012988991883000001,0.11917428349999999,0.16238462449999996,1.016687731030238,422.0948034117718,1347.4293128041381
lambda_a_free[1],0.29646363681,0.296619935,0.018056642596007613,0.01817245058999999,0.266824942,0.326055529,1.0170461648994533,298.6308271898949,1206.3044081827036
lambda_a_free[2],0.8110112518625,0.81068126,0.018096965607189458,0.01807935813599994,0.782081754,0.841699218,1.007481443216184,426.47757723323593,1217.8550905597988
lambda_a_free[3],0.350731286725,0.350903735,0.022584060346364752,0.022266331730999993,0.312816967,0.38789577049999996,1.0216165750953814,210.96991016002656,650.4776630079808
lambda_a_free[4],0.7742582953925,0.774096015,0.01956026663217384,0.020043484377000015,0.74185768,0.8063906215000001,1.0002752765586975,420.31527493021025,1229.8973612011084
lambda_a_free[5],0.4875404541225,0.48763747999999996,0.024003433434648978,0.023964850181999963,0.4482450935,0.5273621470000001,1.0236956959951549,279.062066746337,699.0501963110358
lambda_a_free[6],-0.3429649292025,-0.34290327,0.02558774587317938,0.025107712391999985,-0.383717355,-0.301065825,1.0365829276939682,194.75331422186235,418.45297903315026
lambda_a_free[7],-0.47005428353,-0.46992438000000003,0.025256001515138998,0.02451961686299996,-0.510521475,-0.4283700755,1.0342355984965923,201.96957300013347,389.75247704766133
lambda_a_free[8],-0.73188638613,-0.732172545,0.021567351156833756,0.021197517978000086,-0.7668313535,-0.6952154795000001,1.020929316113079,258.76434005295494,539.3593193427254
lambda_a_free[9],0.2527407193675,0.253025455,0.025586391326751307,0.026702589690000004,0.21159248100000003,0.29447333200000003,1.0265249168459458,206.42315647486524,660.440487139665
lambda_a_free[10],-0.449509969025,-0.44964281,0.024664901185449367,0.024208856489999958,-0.48928708049999997,-0.408874754,1.0254180498789305,251.31464347467835,502.72149633780197
lambda_a_free[11],-0.7483970205925,-0.74823239,0.020574562649293325,0.02052105207600003,-0.7831268349999999,-0.7154259525000001,1.0086201106722839,420.8523440187937,828.5599239911452
lambda_a_free[12],0.2921062823025,0.29252336,0.01849965672725681,0.018631344942000003,0.261999995,0.32256096799999995,1.0193171825614789,225.3230685729768,939.4081350842756
lambda_a_free[13],-0.7359871910775,-0.7360840900000001,0.02058432322863045,0.020099244962999963,-0.7690669520000001,-0.7024209985000001,1.0263564500124849,276.5570038986378,512.580143208146
lambda_a_free[14],-0.4596991565725,-0.459422285,0.02258390489660114,0.022494088742999983,-0.4969318145,-0.42364261350000004,1.0259760533830773,283.55409934630484,600.5988180832742
lambda_a_free[15],0.3318188678925,0.33165514,0.023495661634617172,0.023754254264999993,0.2933772505000001,0.3703853455,1.0214831201764023,212.1674380555773,656.1605837274341
lambda_a_free[16],0.11514749358675,0.115139395,0.02236956991434294,0.022857837239999974,0.07845025135,0.15138551600000003,1.0250522290756128,280.1046338559774,913.5001372178253
lambda_a_free[17],0.037634855977765946,0.037998326,0.02777504574361582,0.027771006106199998,-0.007932187834999998,0.08355429454999998,1.0257177983791326,201.51351611632145,643.1805465001619
lambda_a_free[18],0.37039616334,0.370382995,0.024697320251934416,0.02463190157399999,0.33021276549999995,0.41093736849999996,1.0269838169217602,189.98072867072074,562.629392214512
lambda_a_free[19],-0.2152565522825,-0.215931135,0.025172382069699118,0.024932454245999998,-0.2561339285,-0.172466522,1.0156669710128146,313.45080075631756,730.2439162423038
lambda_a_free[20],0.05932055755615,0.0595865695,0.02044733221755286,0.0202923736281,0.0247814441,0.09194887719999999,1.0251065485058173,291.29252547527335,876.4706883354024
lambda_a_free[21],0.4265498656225,0.426546325,0.026223075123864622,0.026289566982000023,0.3833529095,0.47132318549999996,1.019432506109891,206.08109573695634,565.6147135335154
lambda_a_free[22],0.21338230708,0.21295688000000002,0.02389878847521854,0.024241525581000026,0.17512695150000002,0.2530821485,1.0179353237262205,242.99728564960756,709.2281375031635
lambda_a_free[23],0.1838592349825,0.184226375,0.022155520715983913,0.022375540046999997,0.148179925,0.22019221449999998,1.0160634182947124,287.07435141319934,819.2550700770113
lambda_a_free[24],-0.20047495646,-0.200235125,0.018065547014174618,0.018310028457,-0.22977606099999998,-0.171316134,1.0053876046158594,883.3728030067604,2159.01352444666
lambda_a_free[25],0.7735140832425,0.77334713,0.018607878142592075,0.018447361695000015,0.7428928260000001,0.8048783255,1.0003781018088924,418.7220173244999,1009.7944648684893
lambda_a_free[26],0.30488193634,0.30463501,0.02318953529247082,0.023074941770999995,0.26615743550000004,0.34319833749999995,1.0087828099748877,405.76698551830515,955.2460120542172
lambda_a_free[27],-0.576853880775,-0.5766892299999999,0.019202032747786913,0.019173628130999945,-0.6086707874999999,-0.545952627,1.000673707888665,746.5579297738226,1595.6996082824749
lambda_a_free[28],-0.46820257068,-0.46790596500000003,0.01790769331175534,0.017953663308000054,-0.497381039,-0.437942975,1.0031409665718825,445.7526284438819,1224.1191646649452
lambda_a_free[29],-0.8329849079,-0.83273934,0.019527632008285212,0.01952260993199991,-0.8659375565,-0.8015544895,1.0046886249745763,322.82477010445115,722.8271483775385
lambda_a_free[30],-0.19301230197,-0.192280695,0.02423064720020074,0.023709553875000004,-0.232989119,-0.1527328835,1.0116253501546106,503.45269001356667,1122.2790245757799
lambda_a_free[31],0.154440915756,0.154488835,0.020960686716942855,0.021335755601999993,0.12013605399999999,0.188461286,1.0074523200173897,450.5173878466917,1485.421848261964
lambda_a_free[32],-0.814836626775,-0.814838105,0.01829485707574662,0.01799642890500001,-0.8458198775000001,-0.784754593,1.0020931970923908,386.58191132135727,700.127188130027
lambda_a_free[33],-0.69239058773,-0.6918163150000001,0.021642998476870696,0.021290336150999994,-0.7280817399999999,-0.6577618085,1.006712627252737,249.72333081590702,680.3498802250425
lambda_a_free[34],-0.524623972445,-0.52475859,0.02207392439886089,0.021524831580000056,-0.560557972,-0.48896186700000005,1.0102341416744802,281.57759319483995,791.6257942854263
lambda_a_free[35],-0.6045975541875,-0.60489317,0.021226859346304475,0.021312330522000062,-0.639771413,-0.5700214255,1.0140445156924989,472.25038392797785,1316.1298559402492
lambda_a_free[36],0.603771219255,0.604232855,0.02341558460436155,0.023358800367000002,0.56534823,0.6429345864999999,1.007854878344901,280.9901693583728,783.2236333737856
lambda_a_free[37],0.2468254379475,0.24661199,0.023877057474229565,0.02368896056100002,0.2088699,0.2872958755,1.019400989248694,293.74605841523726,875.3416191826283
lambda_a_free[38],0.4505437278175,0.450491555,0.0164192238470906,0.016636632663000018,0.42315876799999996,0.477062902,1.0048621513009213,527.7096670252906,1247.2286448782902
lambda_a_free[39],0.401372819265,0.40086072500000003,0.021046124752903773,0.021706509383999942,0.36789687099999996,0.436456227,1.0084295924527331,769.7191928185078,1767.1493439173582
lambda_a_free[40],-0.2635241193475,-0.26360715999999995,0.020718880079844584,0.021314109641999927,-0.297077601,-0.23032505649999999,1.0024953651896171,1090.641166453753,2006.717323765555
lambda_a_free[41],-0.6800040502275,-0.67990894,0.018899989111094893,0.018817833782999987,-0.7104528805,-0.6492331855,1.0219912044938981,352.83767782304363,1151.4054546550203
lambda_a_free[42],-0.3751011485875,-0.37509400000000004,0.0186602972370892,0.01871877386399995,-0.4055020225,-0.3440207635,1.0041907288854028,531.9380576925516,1248.0416418342872
lambda_a_free[43],-0.4184900903625,-0.41858175,0.01874589993920042,0.01852836354599993,-0.4499082135,-0.38779595750000007,1.0066156246662001,669.317715049839,1079.062145399484
lambda_a_free[44],-0.48392382275,-0.483657565,0.022698761785370468,0.022906118109000013,-0.5213357765000001,-0.44780554,1.0061837555279602,375.6035612411278,809.2594865445908
lambda_a_free[45],0.092918012724375,0.09253579549999999,0.02415033964608138,0.0234905968353,0.0534386562,0.13510331,1.0045827635083477,958.2981633046813,1564.76620143781
lambda_a_free[46],0.4038598086625,0.40403024,0.02406501996489221,0.02445461226599998,0.36414197200000004,0.443038208,1.0029563236039496,488.1731024787665,1286.762178388736
lambda_a_free[47],-0.190520066255,-0.19057496499999999,0.019956993893214522,0.020073254984999962,-0.223037172,-0.15747980600000003,1.0022927026054465,1926.3333038866913,2348.3983046983303
lambda_a_free[48],-0.025914361277490198,-0.026273839,0.01839096316022807,0.019030832253299997,-0.0553152165,0.003820940999999952,1.0057605430917673,302.93765589541425,891.9573759997878
lambda_a_free[49],0.6557656526125,0.65549219,0.016446430937906042,0.016330927955999948,0.6296076445,0.683286125,1.0062739234255302,494.39848129367135,1214.3449578284324
lambda_a_free[50],0.24625899793,0.24568930500000002,0.018908788875395342,0.019039319397000005,0.21607739199999998,0.278073907,1.0047909878273122,386.57324416676136,982.3247025873806
lambda_a_free[51],-0.5195546374775,-0.51918116,0.020774144456768208,0.020927677365000025,-0.554858048,-0.4859378485,1.0021487301286762,598.782313451187,1654.410897298249
lambda_a_free[52],0.3658158551425,0.36612989500000004,0.029736036549371056,0.029682044888999972,0.3145107625,0.413808462,1.0358947107523413,128.37830362190542,312.43887748314944
lambda_a_free[53],0.3079931780375,0.309095905,0.02959424081540307,0.029324345399999986,0.256523522,0.35538227199999994,1.0315995396423658,131.06412865647735,306.3861191585387
lambda_a_free[54],0.08128306936232,0.08184238099999999,0.025263472336482216,0.025018144078200005,0.03845267205,0.1214413385,1.0239016559036123,151.0747710878451,362.723184150925
lambda_a_free[55],0.679367232775,0.67891393,0.02091994930301113,0.020950865229000002,0.6457423699999999,0.7140047070000001,1.0133900731985872,361.5998439720089,1418.4520054985771
lambda_a_free[56],0.094945323884675,0.095843969,0.03068509830206037,0.0304652001696,0.0423516211,0.14402886449999996,1.0344910954794735,127.01163376486697,264.16300936058917
lambda_a_free[57],-0.0106473110838229,-0.010482680500000001,0.022285609453901532,0.02215906747425,-0.04779340955,0.026028489949999994,1.0094757548347852,228.18678715501704,800.0393183024196
lambda_a_free[58],0.4812709170125,0.48079579,0.01522507388255638,0.015445326497999979,0.45664665050000003,0.5066096435,1.0095302670627173,553.8064143068351,1468.227149575645
lambda_a_free[59],0.2699771872975,0.27032628000000003,0.021888673961555073,0.02136836538899995,0.232918017,0.3064054255,1.016545509767534,186.08928941725085,500.0146517032312
lambda_a_free[60],0.19039994898,0.19050213,0.025723772622378863,0.025468903403999987,0.147249224,0.2318792005,1.0200314737471812,180.78389974850325,491.35239241675316
lambda_a_free[61],0.68653654397,0.686259695,0.017231615266052474,0.016797902477999904,0.657792172,0.715179429,1.0069709842413939,446.6334388705705,1135.9909856658567
lambda_a_free[62],0.45804096693,0.45818558,0.02086048647614336,0.020856223458000023,0.42301934350000003,0.49201211500000003,1.0122874973040685,411.84308854945164,1511.2217460128459
lambda_a_free[63],0.7616298597,0.76159329,0.023589751325073897,0.023133348797999952,0.722931585,0.8010249469999999,1.023172519778136,194.25752255920008,570.0987115285516
lambda_a_free[64],0.7577848957875,0.75745693,0.01715570598817619,0.017518431251999974,0.7303746215,0.7867457884999999,1.008791912998007,434.05898649314685,995.5655547189725
lambda_a_free[65],-0.16238482509899999,-0.161809445,0.030863146460132173,0.030925894398000007,-0.214920839,-0.11176836450000001,1.0376084200637339,133.01811345914763,328.7571055275722
lambda_a_free[66],0.352889415665,0.35345977500000003,0.020125324688914405,0.020386654386000035,0.3194711595,0.384617305,1.0162225659415252,264.18832309191254,887.2938291784052
lambda_a_free[67],0.68142927043,0.681671065,0.02152497842006658,0.021400797264000078,0.6464294905,0.717795503,1.0121168813489771,257.3548899047347,632.0838501523177
lambda_a_free[68],0.594901104925,0.594566205,0.019520300276280822,0.02004011146200002,0.5633054145,0.6271464945,1.0033822506333403,590.7892810274085,1669.7023333230045
lambda_a_free[69],0.5337587054575,0.533700525,0.018709196501809727,0.018813319265999936,0.5035252295,0.564469574,1.0033656508801614,532.6067940989543,1128.9843041191007
lambda_a_free[70],-0.0722305514069,-0.072298478,0.019377416985849966,0.019677732887399997,-0.10394611100000001,-0.0403202447,1.0085312442667256,426.5910352491519,1865.4856644170306
lambda_a_free[71],0.18933908313,0.189153515,0.019055696260166212,0.01946984419799999,0.15794201400000002,0.22068229150000002,1.007120989619106,283.5226210065751,766.8987786285769
lambda_a_free[72],0.358388527725,0.35790729,0.024069754936152935,0.02470726954499999,0.32090033300000004,0.3985266324999999,1.019441785674077,232.65476192548428,728.4833660216607
lambda_a_free[73],-0.11398383400325,-0.11398895,0.01906241874452401,0.01916566656900001,-0.1457180005,-0.08256161365,1.0054570260508606,570.5234263391042,1576.450448664055
lambda_a_free[74],-0.2712523564425,-0.270922235,0.01726231575674967,0.01725013254300005,-0.3002833265,-0.24348261750000003,1.0058809666009076,449.6702638367297,1379.4828277727972
lambda_a_free[75],-0.201261097085,-0.20090217,0.02025000185263093,0.020028006033000013,-0.235311238,-0.168654735,1.0124759277368431,205.19422298987953,517.9175834467359
lambda_a_free[76],0.3433504759825,0.342779645,0.02370104540318605,0.02410254665699995,0.30478303650000005,0.3827503975,1.000974260436649,517.923929660947,1522.8111327628892
lambda_a_free[77],0.388399839365,0.388281255,0.018483365430560894,0.018532885475999978,0.358232041,0.41889668049999995,1.003243242896198,1383.626718262265,2642.8344744816154
lambda_a_free[78],-0.1941689898675,-0.19394367,0.018310049384875963,0.01853287806299998,-0.2244482635,-0.16385312300000002,1.0076690389733662,272.4664520983566,819.0261173947027
lambda_a_free[79],-0.461150044375,-0.46129871,0.018580436516983316,0.018629906820000017,-0.49137771350000004,-0.431101917,1.008766871247685,375.2045937291872,1206.356699952669
lambda_a_free[80],-0.460153491245,-0.45965763000000004,0.02011354377609026,0.020376854399999967,-0.49373720149999994,-0.42772758749999995,1.0104083643306452,289.84933730413593,727.5443821887898
lambda_a_free[81],0.231050456415,0.23102834,0.021276613668318543,0.021445957260000013,0.196714833,0.2662772614999999,1.010326923585158,476.4024800133196,1666.8106338465827
lambda_a_free[82],0.515679620945,0.5153622499999999,0.021294413712664523,0.020717793095999845,0.481126219,0.5507479265,1.0115003142262107,248.6518370006107,510.50122481361217
lambda_a_free[83],-0.5435216827125,-0.54336664,0.02035854638514039,0.020265666813000016,-0.5770364915,-0.5097818215,1.00233785409032,575.5655542264153,1388.6467491483816
lambda_a_free[84],0.09672360520625,0.09654734649999999,0.016659204517452023,0.01589750244810001,0.0687516505,0.12360596049999999,1.012519774874417,325.54435816835814,1019.3709350792825
lambda_a_free[85],-0.1360953038345,-0.1368735,0.022187355948625923,0.022289134119000006,-0.171649632,-0.09894154360000003,1.007709830286267,389.44629555151676,1170.063171879257
lambda_a_free[86],-0.0405332045852999,-0.040509724,0.020509783511865186,0.0208500106227,-0.07325921205,-0.006723362425000015,1.0044339363269947,848.894208286799,1657.45913898333
lambda_a_free[87],0.2526375254,0.25277906,0.019434635820048864,0.019678282932000028,0.220350924,0.28486296,1.0111730178183347,373.64911318110273,1124.5666487397932
lambda_a_free[88],-0.21323097028,-0.213216675,0.019149516315984435,0.019036947236999998,-0.2441679355,-0.181905752,1.0111268850950472,330.95976313119803,995.1492339266202
lambda_a_free[89],0.15723276522725,0.15732523,0.019488072324545424,0.019173857934000012,0.1254158135,0.18947386749999998,1.004907813695703,576.2826703834018,1369.3398089735024
lambda_a_free[90],-0.4077998470475,-0.40712004999999996,0.02125146973609038,0.02120883762899993,-0.442658961,-0.3737238145,1.0089338484425028,368.9624833292279,1205.0265205550108
lambda_a_free[91],-0.07919544110702,-0.07882520900000001,0.024430233738197835,0.02344015137030001,-0.120543869,-0.03995584120000003,1.0109955306556055,743.7118005416061,1519.0974242273855
lambda_a_free[92],0.364381028245,0.36451899,0.02253000363135769,0.02248465199399997,0.32766166399999996,0.402018644,1.0049701166172598,699.90219255299,1530.0077459050003
lambda_a_free[93],-0.12025830852525,-0.120335895,0.020284824252515835,0.019838870751000003,-0.15421478300000002,-0.0869135826,1.0006575927115977,2418.0503183616684,3089.6914566323426
lambda_a_free[94],0.0633676178002975,0.06422443750000001,0.019595274196927418,0.01963726902690001,0.030454200749999997,0.09507668644999999,1.0349583653012089,156.84099358803564,578.6791269199135
lambda_a_free[95],0.12746150922,0.12722362,0.016701332247998597,0.01636587283799999,0.0999998138,0.15514475799999997,1.002779354212993,666.0842197356468,1346.338098746411
lambda_a_free[96],-0.007144639591335003,-0.0079742702,0.02491953711716477,0.025254155910479997,-0.047587112749999994,0.033595619399999985,1.036000535293716,188.37650484890898,687.0535145747525
lambda_a_free[97],-0.7479237966075,-0.747904095,0.01984337121492379,0.01976434786199999,-0.7803525969999999,-0.7151415865,1.0487013802938108,165.67945825398908,367.518711127889
lambda_a_free[98],-0.740875353315,-0.740848575,0.019393137113251236,0.01974097467299999,-0.772704868,-0.7091509695,1.049086685016455,181.15280633139517,430.6233188456713
lambda_a_free[99],-0.5614484267425,-0.5610153250000001,0.017045799158796674,0.01699347965699996,-0.5899080409999999,-0.5342027495,1.0376000989375946,250.08179794619127,512.0719166675705
lambda_a_free[100],-0.1802643981,-0.17970322,0.024225242539706055,0.024956687342999998,-0.220490935,-0.14146737250000002,1.030390481616359,179.73008545840668,902.9324143594212
lambda_a_free[101],-0.7716453368,-0.771301115,0.01765679834020297,0.017606319779999966,-0.801281909,-0.7432098575,1.0281297854707965,279.348088067638,617.4571260872191
lambda_a_free[102],-0.3438489156525,-0.34359366999999996,0.018844056580368817,0.018827500335,-0.37520277,-0.31334147,1.0153237917280626,473.78279609589646,1284.2929884059085
lambda_a_free[103],-0.072444463103,-0.0721701255,0.016752306973735486,0.016962291683400004,-0.1002410765,-0.044958489850000005,1.0251650373639594,216.94967816340133,968.670173479002
lambda_a_free[104],-0.4054660440125,-0.4051309,0.019341716060994274,0.01925494874099998,-0.43729647599999993,-0.37370975200000006,1.0542627466264327,154.4765213188506,307.43064930776677
lambda_a_free[105],-0.553575643015,-0.553007765,0.019828694731502235,0.01958989031999997,-0.5867423165,-0.5214018575,1.0302441800224846,307.41879814808146,931.1787903861411
lambda_a_free[106],0.1255163595125,0.12589603,0.020832956755920444,0.021403080468000008,0.090498738,0.1587887925,1.0347932293135638,158.08580250312878,596.4148610490806
lambda_a_free[107],-0.2535363209875,-0.25306377,0.020792849951317426,0.020787875598000032,-0.28792107149999996,-0.21923823900000003,1.0226688558327628,324.70510443786713,1331.1509873915372
lambda_a_free[108],0.4114133145525,0.411925635,0.025245871034915972,0.024738196581000006,0.36806289150000004,0.451490525,1.042830154826988,148.5360555112157,578.4619986969598
lambda_a_free[109],0.07291268835374999,0.07362207200000001,0.021558527409045083,0.021821455362,0.03568377115,0.107160085,1.037460219296741,142.61431995795644,608.472415406426
lambda_a_free[110],-0.7352342074175,-0.73519303,0.019040475485862456,0.019229981756999994,-0.7670647070000001,-0.7041193935000001,1.0078710684533585,868.8085902013222,1960.3532481654029
lambda_a_free[111],-0.342313890525,-0.34202128,0.017792329060043806,0.01740601310700001,-0.3724893905,-0.3137312785,1.0217645949104361,331.5548236839057,1157.8846946156589
lambda_a_free[112],0.319437325915,0.31987408,0.02263420474316138,0.022411974941999997,0.28117731849999994,0.356232233,1.0223263391002715,198.18241129635035,764.4923069824297
lambda_a_free[113],0.09139517924475,0.09202122800000001,0.02229900170789406,0.022404252819899998,0.0539828539,0.12713043649999997,1.0266225049271214,252.55136857807122,943.2255815349563
lambda_a_free[114],0.187299114365,0.187771115,0.02104163866201903,0.020673722811,0.15261826050000002,0.221645176,1.0249982452393278,231.4080800477846,1162.1901136886327
lambda_a_free[115],-0.2674407101525,-0.26707703,0.018202348453832614,0.018023078640000016,-0.298080319,-0.23839918750000003,1.0005465164939975,2388.9822189694164,2965.743892666805
lambda_a_free[116],0.1877743639175,0.18801221499999998,0.01574614469385194,0.015850965858,0.161576536,0.2136797465,1.0101520407608786,665.979394179513,1403.7667461409226
lambda_a_free[117],0.391663742085,0.39156746,0.021548755665760786,0.021331218845999953,0.3562556875,0.42804243299999994,1.0115843509331164,483.32607536411336,1620.2391586973392
lambda_a_free[118],0.022177102226708576,0.022041048,0.018533073855507443,0.018782822925299994,-0.007666508764999999,0.05342789609999999,1.002442238597183,1106.2882637470004,2360.883810128475
lambda_a_free[119],-0.1631914420075,-0.16299198,0.016073328502974764,0.015963302460000023,-0.190098208,-0.13711957700000002,1.0024117148345844,760.1929198587435,2087.0362189695616
lambda_a_free[120],-0.30739657585,-0.30678145,0.015462615729554978,0.015298415664000026,-0.3331307225,-0.2822249,1.01328490787072,437.66323558781136,1114.278884470387
lambda_a_free[121],-0.1747007829595,-0.17475563500000002,0.02567066538140237,0.025421741897999957,-0.217020309,-0.1314503135,1.015217653435696,375.83599862417,1270.4961618011673
lambda_a_free[122],-0.0610856942596325,-0.060490676,0.020484547394314993,0.021085180634699992,-0.09539874324999999,-0.027809781750000012,1.0083539899704441,454.07184022341926,1989.942789679876
lambda_a_free[123],-0.12009826411675,-0.12000782,0.01565032087512543,0.015507566045999994,-0.1467394385,-0.09499341525000002,1.0096290403840058,520.6128814109314,1530.5562225342971
lambda_a_free[124],-0.067950883459925,-0.0675160525,0.01882776714427712,0.018931917629099997,-0.09828636645,-0.037177990750000015,1.0065726579559982,363.2016380952141,1187.2020591379628
lambda_a_free[125],-0.2535376884075,-0.253513375,0.018881143916499497,0.01866705336299997,-0.28488425999999994,-0.22231292649999998,1.0107260603897228,324.7678652890717,1480.6010270598722
lambda_a_free[126],0.12690423769925,0.127349145,0.022244465147502734,0.021362998376999995,0.0900628205,0.16411775499999998,1.0155816695774624,358.82260237660057,1002.3677507271487
lambda_a_free[127],0.2735963021975,0.27382088,0.0198002589635147,0.020391020643,0.24051270800000002,0.30554498049999995,1.0140090160258213,269.1375476416375,955.5095002026414
lambda_a_free[128],0.116585425336,0.11710501000000001,0.024233894675663812,0.025286936492999998,0.07631676215,0.15576744999999997,1.037688610876921,183.79013969682777,666.7362419859336
lambda_a_free[129],0.2201049796775,0.219868945,0.014495122306671522,0.014983170426000017,0.19662333299999998,0.244147972,1.0023640032361623,1072.6367413621251,2167.249119731111
lambda_a_free[130],0.2389156467825,0.23888733,0.02159844775588937,0.021383591691,0.203394909,0.274726417,1.0073902342351986,638.6051746877728,1356.181697206873
lambda_a_free[131],-0.06489963225482,-0.0652955315,0.020336850994306835,0.020075073393899995,-0.09815242679999998,-0.031222951250000002,1.0038002579924585,893.1734624431284,1955.2562664720156
lambda_a_free[132],0.106296406425,0.106654205,0.01974727447157569,0.019203549222899997,0.07402088424999999,0.13849576649999998,1.0263342767668884,266.162349218443,901.259218364969
lambda_a_free[133],-0.273249469145,-0.273063475,0.016332827230546392,0.016489736654999976,-0.30012900299999995,-0.24642725350000003,1.0038591756359019,909.329262527381,2508.4184957758957
lambda_a_free[134],-0.18932994806,-0.188899435,0.01955103017518191,0.019459970081999983,-0.22202111,-0.156843514,1.0155086183830047,615.5088378071653,2096.3923693852134
lambda_a_free[135],-0.2190977240175,-0.219259465,0.020756424462644394,0.020993601173999996,-0.25265492300000003,-0.18487641700000002,1.0050292672238665,591.5031938023665,1834.8137443923529
lambda_a_free[136],0.1918820936025,0.19210472,0.023678316777973125,0.024020603354999996,0.1525278485,0.22978448499999996,1.0073141184374712,778.5657270132244,1541.5151397168588
lambda_a_free[137],0.13940718560675,0.13923023499999998,0.02359618210761606,0.023508053708999967,0.10055054199999999,0.1773428385,1.0010669913550603,603.7733017736297,1289.4945091670863
lambda_a_free[138],0.0240816538682125,0.023800043,0.020613195443370785,0.020603550908219997,-0.009946723055,0.05794980414999998,1.000867595927167,2401.415444084905,2298.3592943870494
"Lambda_a[1,1]",0.6973235775325,0.697249835,0.01775238734042083,0.017793245988000007,0.6685301634999999,0.726271436,1.0037729649680405,655.0562814457847,1688.0842948617862
"Lambda_a[2,1]",0.29646363681,0.296619935,0.018056642596007613,0.01817245058999999,0.266824942,0.326055529,1.0170461648994533,298.6308271898949,1206.3044081827036
"Lambda_a[3,1]",0.8110112518625,0.81068126,0.018096965607189458,0.01807935813599994,0.782081754,0.841699218,1.007481443216184,426.47757723323593,1217.8550905597988
"Lambda_a[4,1]",0.350731286725,0.350903735,0.022584060346364752,0.022266331730999993,0.312816967,0.38789577049999996,1.0216165750953814,210.96991016002656,650.4776630079808
"Lambda_a[5,1]",0.7742582953925,0.774096015,0.01956026663217384,0.020043484377000015,0.74185768,0.8063906215000001,1.0002752765586975,420.31527493021025,1229.8973612011084
"Lambda_a[6,1]",0.4875404541225,0.48763747999999996,0.024003433434648978,0.023964850181999963,0.4482450935,0.5273621470000001,1.0236956959951549,279.062066746337,699.0501963110358
"Lambda_a[7,1]",-0.3429649292025,-0.34290327,0.02558774587317938,0.025107712391999985,-0.383717355,-0.301065825,1.0365829276939682,194.75331422186235,418.45297903315026
"Lambda_a[8,1]",-0.47005428353,-0.46992438000000003,0.025256001515138998,0.02451961686299996,-0.510521475,-0.4283700755,1.0342355984965923,201.96957300013347,389.75247704766133
"Lambda_a[9,1]",-0.73188638613,-0.732172545,0.021567351156833756,0.021197517978000086,-0.7668313535,-0.6952154795000001,1.020929316113079,258.76434005295494,539.3593193427254
"Lambda_a[10,1]",0.2527407193675,0.253025455,0.025586391326751307,0.026702589690000004,0.21159248100000003,0.29447333200000003,1.0265249168459458,206.42315647486524,660.440487139665
"Lambda_a[11,1]",-0.449509969025,-0.44964281,0.024664901185449367,0.024208856489999958,-0.48928708049999997,-0.408874754,1.0254180498789305,251.31464347467835,502.72149633780197
"Lambda_a[12,1]",-0.7483970205925,-0.74823239,0.020574562649293325,0.02052105207600003,-0.7831268349999999,-0.7154259525000001,1.0086201106722839,420.8523440187937,828.5599239911452
"Lambda_a[13,1]",0.2921062823025,0.29252336,0.01849965672725681,0.018631344942000003,0.261999995,0.32256096799999995,1.0193171825614789,225.3230685729768,939.4081350842756
"Lambda_a[14,1]",-0.7359871910775,-0.7360840900000001,0.02058432322863045,0.020099244962999963,-0.7690669520000001,-0.7024209985000001,1.0263564500124849,276.5570038986378,512.580143208146
"Lambda_a[15,1]",-0.4596991565725,-0.459422285,0.02258390489660114,0.022494088742999983,-0.4969318145,-0.42364261350000004,1.0259760533830773,283.55409934630484,600.5988180832742
"Lambda_a[16,1]",0.3318188678925,0.33165514,0.023495661634617172,0.023754254264999993,0.2933772505000001,0.3703853455,1.0214831201764023,212.1674380555773,656.1605837274341
"Lambda_a[17,1]",0.11514749358675,0.115139395,0.02236956991434294,0.022857837239999974,0.07845025135,0.15138551600000003,1.0250522290756128,280.1046338559774,913.5001372178253
"Lambda_a[18,1]",0.037634855977765946,0.037998326,0.02777504574361582,0.027771006106199998,-0.007932187834999998,0.08355429454999998,1.0257177983791326,201.51351611632145,643.1805465001619
"Lambda_a[19,1]",0.37039616334,0.370382995,0.024697320251934416,0.02463190157399999,0.33021276549999995,0.41093736849999996,1.0269838169217602,189.98072867072074,562.629392214512
"Lambda_a[20,1]",-0.2152565522825,-0.215931135,0.025172382069699118,0.024932454245999998,-0.2561339285,-0.172466522,1.0156669710128146,313.45080075631756,730.2439162423038
"Lambda_a[21,1]",0.05932055755615,0.0595865695,0.02044733221755286,0.0202923736281,0.0247814441,0.09194887719999999,1.0251065485058173,291.29252547527335,876.4706883354024
"Lambda_a[22,1]",0.4265498656225,0.426546325,0.026223075123864622,0.026289566982000023,0.3833529095,0.47132318549999996,1.019432506109891,206.08109573695634,565.6147135335154
"Lambda_a[23,1]",0.21338230708,0.21295688000000002,0.02389878847521854,0.024241525581000026,0.17512695150000002,0.2530821485,1.0179353237262205,242.99728564960756,709.2281375031635
"Lambda_a[24,1]",0.1838592349825,0.184226375,0.022155520715983913,0.022375540046999997,0.148179925,0.22019221449999998,1.0160634182947124,287.07435141319934,819.2550700770113
"Lambda_a[25,1]",-0.20047495646,-0.200235125,0.018065547014174618,0.018310028457,-0.22977606099999998,-0.171316134,1.0053876046158594,883.3728030067604,2159.01352444666
"Lambda_a[26,1]",0.7735140832425,0.77334713,0.018607878142592075,0.018447361695000015,0.7428928260000001,0.8048783255,1.0003781018088924,418.7220173244999,1009.7944648684893
"Lambda_a[27,1]",0.30488193634,0.30463501,0.02318953529247082,0.023074941770999995,0.26615743550000004,0.34319833749999995,1.0087828099748877,405.76698551830515,955.2460120542172
"Lambda_a[28,1]",-0.576853880775,-0.5766892299999999,0.019202032747786913,0.019173628130999945,-0.6086707874999999,-0.545952627,1.000673707888665,746.5579297738226,1595.6996082824749
"Lambda_a[29,1]",-0.46820257068,-0.46790596500000003,0.01790769331175534,0.017953663308000054,-0.497381039,-0.437942975,1.0031409665718825,445.7526284438819,1224.1191646649452
"Lambda_a[30,1]",-0.8329849079,-0.83273934,0.019527632008285212,0.01952260993199991,-0.8659375565,-0.8015544895,1.0046886249745763,322.82477010445115,722.8271483775385
"Lambda_a[31,1]",-0.19301230197,-0.192280695,0.02423064720020074,0.023709553875000004,-0.232989119,-0.1527328835,1.0116253501546106,503.45269001356667,1122.2790245757799
"Lambda_a[32,1]",0.154440915756,0.154488835,0.020960686716942855,0.021335755601999993,0.12013605399999999,0.188461286,1.0074523200173897,450.5173878466917,1485.421848261964
"Lambda_a[33,1]",-0.814836626775,-0.814838105,0.01829485707574662,0.01799642890500001,-0.8458198775000001,-0.784754593,1.0020931970923908,386.58191132135727,700.127188130027
"Lambda_a[34,1]",-0.69239058773,-0.6918163150000001,0.021642998476870696,0.021290336150999994,-0.7280817399999999,-0.6577618085,1.006712627252737,249.72333081590702,680.3498802250425
"Lambda_a[35,1]",-0.524623972445,-0.52475859,0.02207392439886089,0.021524831580000056,-0.560557972,-0.48896186700000005,1.0102341416744802,281.57759319483995,791.6257942854263
"Lambda_a[36,1]",-0.6045975541875,-0.60489317,0.021226859346304475,0.021312330522000062,-0.639771413,-0.5700214255,1.0140445156924989,472.25038392797785,1316.1298559402492
"Lambda_a[37,1]",0.603771219255,0.604232855,0.02341558460436155,0.023358800367000002,0.56534823,0.6429345864999999,1.007854878344901,280.9901693583728,783.2236333737856
"Lambda_a[38,1]",0.2468254379475,0.24661199,0.023877057474229565,0.02368896056100002,0.2088699,0.2872958755,1.019400989248694,293.74605841523726,875.3416191826283
"Lambda_a[39,1]",0.4505437278175,0.450491555,0.0164192238470906,0.016636632663000018,0.42315876799999996,0.477062902,1.0048621513009213,527.7096670252906,1247.2286448782902
"Lambda_a[40,1]",0.401372819265,0.40086072500000003,0.021046124752903773,0.021706509383999942,0.36789687099999996,0.436456227,1.0084295924527331,769.7191928185078,1767.1493439173582
"Lambda_a[41,1]",-0.2635241193475,-0.26360715999999995,0.020718880079844584,0.021314109641999927,-0.297077601,-0.23032505649999999,1.0024953651896171,1090.641166453753,2006.717323765555
"Lambda_a[42,1]",-0.6800040502275,-0.67990894,0.018899989111094893,0.018817833782999987,-0.7104528805,-0.6492331855,1.0219912044938981,352.83767782304363,1151.4054546550203
"Lambda_a[43,1]",-0.3751011485875,-0.37509400000000004,0.0186602972370892,0.01871877386399995,-0.4055020225,-0.3440207635,1.0041907288854028,531.9380576925516,1248.0416418342872
"Lambda_a[44,1]",-0.4184900903625,-0.41858175,0.01874589993920042,0.01852836354599993,-0.4499082135,-0.38779595750000007,1.0066156246662001,669.317715049839,1079.062145399484
"Lambda_a[45,1]",-0.48392382275,-0.483657565,0.022698761785370468,0.022906118109000013,-0.5213357765000001,-0.44780554,1.0061837555279602,375.6035612411278,809.2594865445908
"Lambda_a[46,1]",0.092918012724375,0.09253579549999999,0.02415033964608138,0.0234905968353,0.0534386562,0.13510331,1.0045827635083477,958.2981633046813,1564.76620143781
"Lambda_a[47,1]",0.4038598086625,0.40403024,0.02406501996489221,0.02445461226599998,0.36414197200000004,0.443038208,1.0029563236039496,488.1731024787665,1286.762178388736
"Lambda_a[48,1]",-0.190520066255,-0.19057496499999999,0.019956993893214522,0.020073254984999962,-0.223037172,-0.15747980600000003,1.0022927026054465,1926.3333038866913,2348.3983046983303
"Lambda_a[1,2]",0,0,0,0,0,0,NA,NA,NA
"Lambda_a[2,2]",0.44515244109,0.44476037,0.014824479903504707,0.01456494379200002,0.4208018155,0.470069138,1.0047726370492354,796.6174178126805,1513.6064679431643
"Lambda_a[3,2]",-0.025914361277490198,-0.026273839,0.01839096316022807,0.019030832253299997,-0.0553152165,0.003820940999999952,1.0057605430917673,302.93765589541425,891.9573759997878
"Lambda_a[4,2]",0.6557656526125,0.65549219,0.016446430937906042,0.016330927955999948,0.6296076445,0.683286125,1.0062739234255302,494.39848129367135,1214.3449578284324
"Lambda_a[5,2]",0.24625899793,0.24568930500000002,0.018908788875395342,0.019039319397000005,0.21607739199999998,0.278073907,1.0047909878273122,386.57324416676136,982.3247025873806
"Lambda_a[6,2]",-0.5195546374775,-0.51918116,0.020774144456768208,0.020927677365000025,-0.554858048,-0.4859378485,1.0021487301286762,598.782313451187,1654.410897298249
"Lambda_a[7,2]",0.3658158551425,0.36612989500000004,0.029736036549371056,0.029682044888999972,0.3145107625,0.413808462,1.0358947107523413,128.37830362190542,312.43887748314944
"Lambda_a[8,2]",0.3079931780375,0.309095905,0.02959424081540307,0.029324345399999986,0.256523522,0.35538227199999994,1.0315995396423658,131.06412865647735,306.3861191585387
"Lambda_a[9,2]",0.08128306936232,0.08184238099999999,0.025263472336482216,0.025018144078200005,0.03845267205,0.1214413385,1.0239016559036123,151.0747710878451,362.723184150925
"Lambda_a[10,2]",0.679367232775,0.67891393,0.02091994930301113,0.020950865229000002,0.6457423699999999,0.7140047070000001,1.0133900731985872,361.5998439720089,1418.4520054985771
"Lambda_a[11,2]",0.094945323884675,0.095843969,0.03068509830206037,0.0304652001696,0.0423516211,0.14402886449999996,1.0344910954794735,127.01163376486697,264.16300936058917
"Lambda_a[12,2]",-0.0106473110838229,-0.010482680500000001,0.022285609453901532,0.02215906747425,-0.04779340955,0.026028489949999994,1.0094757548347852,228.18678715501704,800.0393183024196
"Lambda_a[13,2]",0.4812709170125,0.48079579,0.01522507388255638,0.015445326497999979,0.45664665050000003,0.5066096435,1.0095302670627173,553.8064143068351,1468.227149575645
"Lambda_a[14,2]",0.2699771872975,0.27032628000000003,0.021888673961555073,0.02136836538899995,0.232918017,0.3064054255,1.016545509767534,186.08928941725085,500.0146517032312
"Lambda_a[15,2]",0.19039994898,0.19050213,0.025723772622378863,0.025468903403999987,0.147249224,0.2318792005,1.0200314737471812,180.78389974850325,491.35239241675316
"Lambda_a[16,2]",0.68653654397,0.686259695,0.017231615266052474,0.016797902477999904,0.657792172,0.715179429,1.0069709842413939,446.6334388705705,1135.9909856658567
"Lambda_a[17,2]",0.45804096693,0.45818558,0.02086048647614336,0.020856223458000023,0.42301934350000003,0.49201211500000003,1.0122874973040685,411.84308854945164,1511.2217460128459
"Lambda_a[18,2]",0.7616298597,0.76159329,0.023589751325073897,0.023133348797999952,0.722931585,0.8010249469999999,1.023172519778136,194.25752255920008,570.0987115285516
"Lambda_a[19,2]",0.7577848957875,0.75745693,0.01715570598817619,0.017518431251999974,0.7303746215,0.7867457884999999,1.008791912998007,434.05898649314685,995.5655547189725
"Lambda_a[20,2]",-0.16238482509899999,-0.161809445,0.030863146460132173,0.030925894398000007,-0.214920839,-0.11176836450000001,1.0376084200637339,133.01811345914763,328.7571055275722
"Lambda_a[21,2]",0.352889415665,0.35345977500000003,0.020125324688914405,0.020386654386000035,0.3194711595,0.384617305,1.0162225659415252,264.18832309191254,887.2938291784052
"Lambda_a[22,2]",0.68142927043,0.681671065,0.02152497842006658,0.021400797264000078,0.6464294905,0.717795503,1.0121168813489771,257.3548899047347,632.0838501523177
"Lambda_a[23,2]",0.594901104925,0.594566205,0.019520300276280822,0.02004011146200002,0.5633054145,0.6271464945,1.0033822506333403,590.7892810274085,1669.7023333230045
"Lambda_a[24,2]",0.5337587054575,0.533700525,0.018709196501809727,0.018813319265999936,0.5035252295,0.564469574,1.0033656508801614,532.6067940989543,1128.9843041191007
"Lambda_a[25,2]",-0.0722305514069,-0.072298478,0.019377416985849966,0.019677732887399997,-0.10394611100000001,-0.0403202447,1.0085312442667256,426.5910352491519,1865.4856644170306
"Lambda_a[26,2]",0.18933908313,0.189153515,0.019055696260166212,0.01946984419799999,0.15794201400000002,0.22068229150000002,1.007120989619106,283.5226210065751,766.8987786285769
"Lambda_a[27,2]",0.358388527725,0.35790729,0.024069754936152935,0.02470726954499999,0.32090033300000004,0.3985266324999999,1.019441785674077,232.65476192548428,728.4833660216607
"Lambda_a[28,2]",-0.11398383400325,-0.11398895,0.01906241874452401,0.01916566656900001,-0.1457180005,-0.08256161365,1.0054570260508606,570.5234263391042,1576.450448664055
"Lambda_a[29,2]",-0.2712523564425,-0.270922235,0.01726231575674967,0.01725013254300005,-0.3002833265,-0.24348261750000003,1.0058809666009076,449.6702638367297,1379.4828277727972
"Lambda_a[30,2]",-0.201261097085,-0.20090217,0.02025000185263093,0.020028006033000013,-0.235311238,-0.168654735,1.0124759277368431,205.19422298987953,517.9175834467359
"Lambda_a[31,2]",0.3433504759825,0.342779645,0.02370104540318605,0.02410254665699995,0.30478303650000005,0.3827503975,1.000974260436649,517.923929660947,1522.8111327628892
"Lambda_a[32,2]",0.388399839365,0.388281255,0.018483365430560894,0.018532885475999978,0.358232041,0.41889668049999995,1.003243242896198,1383.626718262265,2642.8344744816154
"Lambda_a[33,2]",-0.1941689898675,-0.19394367,0.018310049384875963,0.01853287806299998,-0.2244482635,-0.16385312300000002,1.0076690389733662,272.4664520983566,819.0261173947027
"Lambda_a[34,2]",-0.461150044375,-0.46129871,0.018580436516983316,0.018629906820000017,-0.49137771350000004,-0.431101917,1.008766871247685,375.2045937291872,1206.356699952669
"Lambda_a[35,2]",-0.460153491245,-0.45965763000000004,0.02011354377609026,0.020376854399999967,-0.49373720149999994,-0.42772758749999995,1.0104083643306452,289.84933730413593,727.5443821887898
"Lambda_a[36,2]",0.231050456415,0.23102834,0.021276613668318543,0.021445957260000013,0.196714833,0.2662772614999999,1.010326923585158,476.4024800133196,1666.8106338465827
"Lambda_a[37,2]",0.515679620945,0.5153622499999999,0.021294413712664523,0.020717793095999845,0.481126219,0.5507479265,1.0115003142262107,248.6518370006107,510.50122481361217
"Lambda_a[38,2]",-0.5435216827125,-0.54336664,0.02035854638514039,0.020265666813000016,-0.5770364915,-0.5097818215,1.00233785409032,575.5655542264153,1388.6467491483816
"Lambda_a[39,2]",0.09672360520625,0.09654734649999999,0.016659204517452023,0.01589750244810001,0.0687516505,0.12360596049999999,1.012519774874417,325.54435816835814,1019.3709350792825
"Lambda_a[40,2]",-0.1360953038345,-0.1368735,0.022187355948625923,0.022289134119000006,-0.171649632,-0.09894154360000003,1.007709830286267,389.44629555151676,1170.063171879257
"Lambda_a[41,2]",-0.0405332045852999,-0.040509724,0.020509783511865186,0.0208500106227,-0.07325921205,-0.006723362425000015,1.0044339363269947,848.894208286799,1657.45913898333
"Lambda_a[42,2]",0.2526375254,0.25277906,0.019434635820048864,0.019678282932000028,0.220350924,0.28486296,1.0111730178183347,373.64911318110273,1124.5666487397932
"Lambda_a[43,2]",-0.21323097028,-0.213216675,0.019149516315984435,0.019036947236999998,-0.2441679355,-0.181905752,1.0111268850950472,330.95976313119803,995.1492339266202
"Lambda_a[44,2]",0.15723276522725,0.15732523,0.019488072324545424,0.019173857934000012,0.1254158135,0.18947386749999998,1.004907813695703,576.2826703834018,1369.3398089735024
"Lambda_a[45,2]",-0.4077998470475,-0.40712004999999996,0.02125146973609038,0.02120883762899993,-0.442658961,-0.3737238145,1.0089338484425028,368.9624833292279,1205.0265205550108
"Lambda_a[46,2]",-0.07919544110702,-0.07882520900000001,0.024430233738197835,0.02344015137030001,-0.120543869,-0.03995584120000003,1.0109955306556055,743.7118005416061,1519.0974242273855
"Lambda_a[47,2]",0.364381028245,0.36451899,0.02253000363135769,0.02248465199399997,0.32766166399999996,0.402018644,1.0049701166172598,699.90219255299,1530.0077459050003
"Lambda_a[48,2]",-0.12025830852525,-0.120335895,0.020284824252515835,0.019838870751000003,-0.15421478300000002,-0.0869135826,1.0006575927115977,2418.0503183616684,3089.6914566323426
"Lambda_a[1,3]",0,0,0,0,0,0,NA,NA,NA
"Lambda_a[2,3]",0,0,0,0,0,0,NA,NA,NA
"Lambda_a[3,3]",0.14075129524024999,0.14059436,0.012984222587316479,0.012988991883000001,0.11917428349999999,0.16238462449999996,1.016687731030238,422.0948034117718,1347.4293128041381
"Lambda_a[4,3]",0.0633676178002975,0.06422443750000001,0.019595274196927418,0.01963726902690001,0.030454200749999997,0.09507668644999999,1.0349583653012089,156.84099358803564,578.6791269199135
"Lambda_a[5,3]",0.12746150922,0.12722362,0.016701332247998597,0.01636587283799999,0.0999998138,0.15514475799999997,1.002779354212993,666.0842197356468,1346.338098746411
"Lambda_a[6,3]",-0.007144639591335003,-0.0079742702,0.02491953711716477,0.025254155910479997,-0.047587112749999994,0.033595619399999985,1.036000535293716,188.37650484890898,687.0535145747525
"Lambda_a[7,3]",-0.7479237966075,-0.747904095,0.01984337121492379,0.01976434786199999,-0.7803525969999999,-0.7151415865,1.0487013802938108,165.67945825398908,367.518711127889
"Lambda_a[8,3]",-0.740875353315,-0.740848575,0.019393137113251236,0.01974097467299999,-0.772704868,-0.7091509695,1.049086685016455,181.15280633139517,430.6233188456713
"Lambda_a[9,3]",-0.5614484267425,-0.5610153250000001,0.017045799158796674,0.01699347965699996,-0.5899080409999999,-0.5342027495,1.0376000989375946,250.08179794619127,512.0719166675705
"Lambda_a[10,3]",-0.1802643981,-0.17970322,0.024225242539706055,0.024956687342999998,-0.220490935,-0.14146737250000002,1.030390481616359,179.73008545840668,902.9324143594212
"Lambda_a[11,3]",-0.7716453368,-0.771301115,0.01765679834020297,0.017606319779999966,-0.801281909,-0.7432098575,1.0281297854707965,279.348088067638,617.4571260872191
"Lambda_a[12,3]",-0.3438489156525,-0.34359366999999996,0.018844056580368817,0.018827500335,-0.37520277,-0.31334147,1.0153237917280626,473.78279609589646,1284.2929884059085
"Lambda_a[13,3]",-0.072444463103,-0.0721701255,0.016752306973735486,0.016962291683400004,-0.1002410765,-0.044958489850000005,1.0251650373639594,216.94967816340133,968.670173479002
"Lambda_a[14,3]",-0.4054660440125,-0.4051309,0.019341716060994274,0.01925494874099998,-0.43729647599999993,-0.37370975200000006,1.0542627466264327,154.4765213188506,307.43064930776677
"Lambda_a[15,3]",-0.553575643015,-0.553007765,0.019828694731502235,0.01958989031999997,-0.5867423165,-0.5214018575,1.0302441800224846,307.41879814808146,931.1787903861411
"Lambda_a[16,3]",0.1255163595125,0.12589603,0.020832956755920444,0.021403080468000008,0.090498738,0.1587887925,1.0347932293135638,158.08580250312878,596.4148610490806
"Lambda_a[17,3]",-0.2535363209875,-0.25306377,0.020792849951317426,0.020787875598000032,-0.28792107149999996,-0.21923823900000003,1.0226688558327628,324.70510443786713,1331.1509873915372
"Lambda_a[18,3]",0.4114133145525,0.411925635,0.025245871034915972,0.024738196581000006,0.36806289150000004,0.451490525,1.042830154826988,148.5360555112157,578.4619986969598
"Lambda_a[19,3]",0.07291268835374999,0.07362207200000001,0.021558527409045083,0.021821455362,0.03568377115,0.107160085,1.037460219296741,142.61431995795644,608.472415406426
"Lambda_a[20,3]",-0.7352342074175,-0.73519303,0.019040475485862456,0.019229981756999994,-0.7670647070000001,-0.7041193935000001,1.0078710684533585,868.8085902013222,1960.3532481654029
"Lambda_a[21,3]",-0.342313890525,-0.34202128,0.017792329060043806,0.01740601310700001,-0.3724893905,-0.3137312785,1.0217645949104361,331.5548236839057,1157.8846946156589
"Lambda_a[22,3]",0.319437325915,0.31987408,0.02263420474316138,0.022411974941999997,0.28117731849999994,0.356232233,1.0223263391002715,198.18241129635035,764.4923069824297
"Lambda_a[23,3]",0.09139517924475,0.09202122800000001,0.02229900170789406,0.022404252819899998,0.0539828539,0.12713043649999997,1.0266225049271214,252.55136857807122,943.2255815349563
"Lambda_a[24,3]",0.187299114365,0.187771115,0.02104163866201903,0.020673722811,0.15261826050000002,0.221645176,1.0249982452393278,231.4080800477846,1162.1901136886327
"Lambda_a[25,3]",-0.2674407101525,-0.26707703,0.018202348453832614,0.018023078640000016,-0.298080319,-0.23839918750000003,1.0005465164939975,2388.9822189694164,2965.743892666805
"Lambda_a[26,3]",0.1877743639175,0.18801221499999998,0.01574614469385194,0.015850965858,0.161576536,0.2136797465,1.0101520407608786,665.979394179513,1403.7667461409226
"Lambda_a[27,3]",0.391663742085,0.39156746,0.021548755665760786,0.021331218845999953,0.3562556875,0.42804243299999994,1.0115843509331164,483.32607536411336,1620.2391586973392
"Lambda_a[28,3]",0.022177102226708576,0.022041048,0.018533073855507443,0.018782822925299994,-0.007666508764999999,0.05342789609999999,1.002442238597183,1106.2882637470004,2360.883810128475
"Lambda_a[29,3]",-0.1631914420075,-0.16299198,0.016073328502974764,0.015963302460000023,-0.190098208,-0.13711957700000002,1.0024117148345844,760.1929198587435,2087.0362189695616
"Lambda_a[30,3]",-0.30739657585,-0.30678145,0.015462615729554978,0.015298415664000026,-0.3331307225,-0.2822249,1.01328490787072,437.66323558781136,1114.278884470387
"Lambda_a[31,3]",-0.1747007829595,-0.17475563500000002,0.02567066538140237,0.025421741897999957,-0.217020309,-0.1314503135,1.015217653435696,375.83599862417,1270.4961618011673
"Lambda_a[32,3]",-0.0610856942596325,-0.060490676,0.020484547394314993,0.021085180634699992,-0.09539874324999999,-0.027809781750000012,1.0083539899704441,454.07184022341926,1989.942789679876
"Lambda_a[33,3]",-0.12009826411675,-0.12000782,0.01565032087512543,0.015507566045999994,-0.1467394385,-0.09499341525000002,1.0096290403840058,520.6128814109314,1530.5562225342971
"Lambda_a[34,3]",-0.067950883459925,-0.0675160525,0.01882776714427712,0.018931917629099997,-0.09828636645,-0.037177990750000015,1.0065726579559982,363.2016380952141,1187.2020591379628
"Lambda_a[35,3]",-0.2535376884075,-0.253513375,0.018881143916499497,0.01866705336299997,-0.28488425999999994,-0.22231292649999998,1.0107260603897228,324.7678652890717,1480.6010270598722
"Lambda_a[36,3]",0.12690423769925,0.127349145,0.022244465147502734,0.021362998376999995,0.0900628205,0.16411775499999998,1.0155816695774624,358.82260237660057,1002.3677507271487
"Lambda_a[37,3]",0.2735963021975,0.27382088,0.0198002589635147,0.020391020643,0.24051270800000002,0.30554498049999995,1.0140090160258213,269.1375476416375,955.5095002026414
"Lambda_a[38,3]",0.116585425336,0.11710501000000001,0.024233894675663812,0.025286936492999998,0.07631676215,0.15576744999999997,1.037688610876921,183.79013969682777,666.7362419859336
"Lambda_a[39,3]",0.2201049796775,0.219868945,0.014495122306671522,0.014983170426000017,0.19662333299999998,0.244147972,1.0023640032361623,1072.6367413621251,2167.249119731111
"Lambda_a[40,3]",0.2389156467825,0.23888733,0.02159844775588937,0.021383591691,0.203394909,0.274726417,1.0073902342351986,638.6051746877728,1356.181697206873
"Lambda_a[41,3]",-0.06489963225482,-0.0652955315,0.020336850994306835,0.020075073393899995,-0.09815242679999998,-0.031222951250000002,1.0038002579924585,893.1734624431284,1955.2562664720156
"Lambda_a[42,3]",0.106296406425,0.106654205,0.01974727447157569,0.019203549222899997,0.07402088424999999,0.13849576649999998,1.0263342767668884,266.162349218443,901.259218364969
"Lambda_a[43,3]",-0.273249469145,-0.273063475,0.016332827230546392,0.016489736654999976,-0.30012900299999995,-0.24642725350000003,1.0038591756359019,909.329262527381,2508.4184957758957
"Lambda_a[44,3]",-0.18932994806,-0.188899435,0.01955103017518191,0.019459970081999983,-0.22202111,-0.156843514,1.0155086183830047,615.5088378071653,2096.3923693852134
"Lambda_a[45,3]",-0.2190977240175,-0.219259465,0.020756424462644394,0.020993601173999996,-0.25265492300000003,-0.18487641700000002,1.0050292672238665,591.5031938023665,1834.8137443923529
"Lambda_a[46,3]",0.1918820936025,0.19210472,0.023678316777973125,0.024020603354999996,0.1525278485,0.22978448499999996,1.0073141184374712,778.5657270132244,1541.5151397168588
"Lambda_a[47,3]",0.13940718560675,0.13923023499999998,0.02359618210761606,0.023508053708999967,0.10055054199999999,0.1773428385,1.0010669913550603,603.7733017736297,1289.4945091670863
"Lambda_a[48,3]",0.0240816538682125,0.023800043,0.020613195443370785,0.020603550908219997,-0.009946723055,0.05794980414999998,1.000867595927167,2401.415444084905,2298.3592943870494
psi_a[1],0.3212865693325,0.32111285,0.015848932310082716,0.015957357234000002,0.2956563365,0.34729034400000003,1.0024179406931266,575.4631942183944,1418.6730535532317
psi_a[2],0.15285751821125,0.154650025,0.026585451431572052,0.025805705646000005,0.106336877,0.1937236965,1.0064160313591537,682.9070780173347,1097.1406961356477
psi_a[3],0.302241328955,0.302381465,0.012425173233052825,0.012293986068000015,0.2818640005,0.322738344,1.0032538505020363,542.2265834180777,1504.5356557659945
psi_a[4],0.187876305205,0.187999965,0.01545032533722968,0.015277110702000005,0.1616000535,0.21253641899999998,1.0023735614099623,857.2878725844921,1760.7254117549846
psi_a[5],0.3708320990375,0.37068071,0.011053667250592487,0.010999668855,0.352494263,0.389139904,1.0100109744669168,926.797133755111,1746.6433401868292
psi_a[6],0.4982753663125,0.498182175,0.01615706136588638,0.016035512493000018,0.47190144800000006,0.525346849,1.0028521568832482,966.1823960533656,2181.906527213196
psi_a[7],0.020367792569035776,0.018298121,0.0141458672660628,0.015328255212899997,0.0018350267100000002,0.046426148599999995,1.002259015098424,1090.7829813470926,1664.1464191280877
psi_a[8],0.00649262778691657,0.0054239003,0.004885028172034959,0.004621541075549999,5.644367280000002e-4,0.0160770136,1.0005789668845788,3142.6730670954394,2682.31094971911
psi_a[9],0.1627353855725,0.162672545,0.008300012190406669,0.008238407897999993,0.149337568,0.17638411599999998,1.0026121828599739,1416.883956325389,2520.5743956743722
psi_a[10],0.4657869329925,0.46555529500000004,0.013178497311899745,0.01272843975900001,0.44431363999999995,0.48768374849999996,1.000151585649003,1308.3964681230864,2249.808557115175
psi_a[11],0.16288917149,0.162941275,0.009724397639459299,0.00972914737199999,0.146742923,0.17886553900000002,1.0005362751880713,1395.0175744305998,2599.551179434865
psi_a[12],0.4244945961325,0.42426248,0.011657918368392776,0.011438674127999987,0.405861115,0.443876006,1.0054950239117644,1085.0133307960034,2167.149071724054
psi_a[13],0.3105087209475,0.310326355,0.011102270298000863,0.010971795975000021,0.2926374625,0.32920623099999996,1.0014205391988413,1256.1613527485133,2244.1577919727033
psi_a[14],0.2086333139075,0.20865684,0.009876151164479225,0.009596469498000014,0.1925461945,0.22506663249999997,1.0004947729464273,763.3650851315828,1598.7242671975566
psi_a[15],0.4097620161525,0.40951446,0.0110539913528574,0.010925427659999983,0.39188821349999997,0.4277894355,1.0013364658401624,1295.9841276015793,2361.796686672006
psi_a[16],0.1955917668125,0.19555524000000002,0.015293544008084909,0.014630541429000037,0.17020339399999998,0.2208910985,1.001715907174334,818.1178713736723,1671.3006571575834
psi_a[17],0.465523413685,0.4655298,0.014693731182126996,0.014280180809999996,0.4416690815,0.4894594625,1.0003196277153965,1322.770969089181,2239.906579004983
psi_a[18],0.384074505985,0.383876025,0.013271518152333224,0.013612840310999994,0.36262004100000006,0.40620525199999996,1.0059036417785152,863.6725355267259,1827.4105285543665
psi_a[19],0.18128970251,0.181346435,0.014319100124086184,0.014312553380999992,0.15743341800000002,0.20438744949999998,1.0036432728053355,605.6001564762921,1568.7812127771442
psi_a[20],0.3934393406025,0.3933162,0.01329704570359219,0.013204954812000005,0.371515641,0.41566600899999995,1.0034619397530338,899.0285847823629,2013.5438005758222
psi_a[21],0.3308094910225,0.33071297499999996,0.016810883725908388,0.01681462620600003,0.3033882405,0.3585949665,1.0009367737422297,1234.348321646059,2075.577688883991
psi_a[22],0.39128437722,0.39114973,0.01077109644986592,0.010731073626000065,0.37358151050000005,0.409534913,1.0005059219385712,1139.2859306727287,2385.6214623132314
psi_a[23],0.5054434459875,0.505084155,0.013945788073405675,0.013917069830999978,0.4830189245,0.5286390525,1.003167500983476,1210.3421631014207,2123.782481175787
psi_a[24],0.4560659117,0.45564825,0.013647284060646855,0.013615560882000003,0.4340416425,0.47899302599999993,1.0014615109886,953.1167997782383,1975.2611723829536
psi_a[25],0.4085146899625,0.40836972000000005,0.019089582443977144,0.018815076146999957,0.37754944500000004,0.44029560149999986,1.0051573972836825,1145.2207508670306,1884.011934004606
psi_a[26],0.3561810733275,0.356027845,0.010385836421182692,0.010385961410999997,0.33938071750000004,0.3736986685,1.0001456594834244,1279.3822360800848,2191.8387634319324
psi_a[27],0.5488997068925,0.548708415,0.015295678190954662,0.015288600852000048,0.5242327945,0.5746904250000001,1.0077840103138227,932.397037714877,1641.0837179529722
psi_a[28],0.4108277402225,0.410138625,0.016965674902325423,0.01719553579799998,0.38354984200000003,0.4396111425,1.0030485238508924,1198.3100626075852,2489.7167344790105
psi_a[29],0.2666890112775,0.26647090500000004,0.0188211792104762,0.01852838578499996,0.23561699700000002,0.2979329395,1.0046972587657075,1103.3574282301417,2259.3789011975464
psi_a[30],0.224801244275,0.224588925,0.008610586976259244,0.008656493684999983,0.2111984795,0.239273295,1.0045853039547383,1064.7503736852882,2402.241819635237
psi_a[31],0.719325053765,0.7189785449999999,0.017398637359921074,0.01732167540599984,0.6915635254999999,0.748261334,1.001177792449701,1245.9847188616498,2241.9999469212976
psi_a[32],0.42888013567,0.42841246,0.018798183453277537,0.01855811191499999,0.397793362,0.4597810195,1.0024683660091123,1367.5620390281103,2254.1245947189554
psi_a[33],0.2613987645525,0.26122289,0.010830658090113127,0.010729427939999986,0.24380578449999998,0.2793729825,1.0090222391656725,833.4432158993309,2152.713026506667
psi_a[34],0.3763868025025,0.37630253999999996,0.011130155736636687,0.011369273622000057,0.358427965,0.394652172,1.003125677597324,1161.6967164497403,2193.9923910538555
psi_a[35],0.30715527573,0.30727101,0.01570577054212519,0.01561546226099997,0.281577437,0.332737419,1.0021213606751238,1113.7307251290774,2198.93422839835
psi_a[36],0.54895242456,0.548855725,0.015548031358976566,0.015452895170999945,0.5231633545,0.5741639315,1.003686441559525,848.5849671253663,1991.2767466132793
psi_a[37],0.439288105375,0.439079095,0.010939199145527254,0.01083492234300001,0.421946632,0.45734547449999996,1.0042278034194982,1012.2830387702949,1388.2176008774186
psi_a[38],0.5833653841650001,0.58326569,0.014586222905081554,0.01475184776099999,0.5603038189999999,0.6075933285,1.0009624145273792,1113.516675440932,1747.1206554424446
psi_a[39],0.368342825205,0.36821701,0.011609210122601374,0.011402869338000027,0.34942029,0.38776987649999994,1.0012177929287038,1120.790885471276,2300.675840098097
psi_a[40],0.61312081356,0.6130694649999999,0.015218243459929979,0.015232336182000117,0.5888764584999999,0.638902301,1.0022793125714888,1302.33422486865,1990.0277691492386
psi_a[41],0.65714435754,0.6571233599999999,0.01677182733840104,0.016943249169000144,0.6289634344999999,0.6841565439999999,1.0017193767228143,1089.998346959693,2176.054533186309
psi_a[42],0.36991691726,0.369880965,0.013835286824141117,0.01401051069600001,0.34740158849999997,0.39246303549999995,1.003684968198231,839.6623588011736,1542.5126767388147
psi_a[43],0.3550070771875,0.354737935,0.017013105473745148,0.017276189237999996,0.3277875085,0.3834542635,1.0042507602377637,1074.4038358367684,1559.5341806992437
psi_a[44],0.456989273705,0.45685816,0.01672712520496099,0.016936266122999994,0.430403074,0.4845384015,1.0023573830889265,1275.9782909876608,1945.3238489656605
psi_a[45],0.491963269305,0.491993865,0.015458254518225282,0.015546647381999979,0.4664693155,0.5173722555,1.0033740198388357,1063.14515371294,2292.235455742661
psi_a[46],0.7733271129975,0.772995525,0.018039133996283024,0.018223718897999917,0.7441270985,0.803226305,1.0062382874612412,842.0060669433637,1921.4171416350316
psi_a[47],0.68721104166,0.68693903,0.016401232897061864,0.016267791435000054,0.660889488,0.714827596,1.0026131025068925,1006.3269302042414,2128.0816044316293
psi_a[48],0.5686231868875,0.568664805,0.019252388530580165,0.0197194843859999,0.537368795,0.59955144949999994,1.0044399517917633,1235.5921574295808,2300.6986857629913
sigma_b[1],0.0349734776538075,0.033941917,0.015845402518704463,0.014586525258899996,0.01140006015,0.06255540239999999,1.0046447470277802,1029.001121337113,1096.8801731213778
sigma_b[2],0.09370489719775,0.08904658600000001,0.02737657496198877,0.023599779205799996,0.05878387655,0.143787757,1.0009341628316606,1650.6311551002423,2427.215142774262
sigma_b[3],0.020491735764755582,0.019508581,0.010435958763958902,0.009751235888099999,0.005036515199999999,0.038729708749999994,0.9999990231454003,1292.9061303237613,1962.8110596465372
sigma_b[4],0.07773149639975,0.07420918,0.021593521102457974,0.0194027091048,0.049757549750000005,0.11753075499999997,1.0030345842535513,1528.1620880123787,2576.0104122470325
sigma_b[5],0.0806949350475,0.07675978450000001,0.02281822502160538,0.01891584624510002,0.0518801947,0.123546869,1.0014698376671385,1626.7836501896752,2576.8339493699505
sigma_b[6],0.023502197638238225,0.021375317999999997,0.015144195584876357,0.014568301139699999,0.00275679151,0.051444601899999984,1.0047297969861932,1191.1513914431473,2243.4444686657694
sigma_b[7],0.19582694886475,0.185998835,0.04948256127815654,0.041432865620999994,0.1345871145,0.286680398,1.0007468064107998,1684.0061435187843,2677.890811318293
sigma_b[8],0.094583966193,0.089966134,0.024805095463767596,0.021807920706599995,0.0627181719,0.14278634499999998,1.000409932421988,1860.675472868073,2692.7522691468544
sigma_b[9],0.054271910425,0.051484027,0.015686956919106317,0.012929989592100004,0.0343559544,0.083577891,1.0005512703209263,1850.9410185376357,2520.449093923748
sigma_b[10],0.10487683536225,0.10057254,0.026967467194597472,0.023635898306999997,0.06984495119999999,0.155582807,1.0004362805094145,1824.835726855446,2678.3579099627837
sigma_b[11],0.11645561749875,0.11120622499999999,0.030681175133353826,0.02673507938639999,0.07751704350000001,0.1732558295,1.0018394729550837,1873.3988470762893,2592.9498306904334
sigma_b[12],0.06474165748475,0.061317294999999994,0.019774166899984503,0.016919769974100003,0.039493258350000005,0.10150133149999999,1.0005510399252353,1622.9671051067678,2362.485980873733
sigma_b[13],0.6987081891675,0.6794106,0.14252642609562774,0.13431183263399993,0.5060893575000001,0.9540581959999999,1.0008999241351815,1987.0142981617184,2689.301207442134
sigma_b[14],0.2064923453625,0.198420135,0.05060974919635194,0.04516270174500001,0.1408600485,0.2996962549999999,1.0009168668356925,1527.6634971513397,2460.185185710414
sigma_b[15],0.13101827690425,0.12605345499999998,0.0333724653574211,0.029254648374000006,0.0875110886,0.1948426055,1.0006890568764233,1790.1748946955277,2333.6115351820326
sigma_b[16],0.061465192815,0.0581181805,0.019580688054928855,0.016667661257099998,0.03578545545,0.09842700624999995,1.0029392073073622,1590.7077151461533,2575.0649877115766
sigma_b[17],0.3929217408075,0.378812185,0.09206769077183455,0.08014421137800003,0.270393556,0.5642317474999999,1.0015907226070164,1817.618777190461,2502.058659576407
sigma_b[18],0.11536923292925,0.110085665,0.030597542392319314,0.0263473527996,0.07630450865,0.172417359,1.0005775371625159,1690.719214706158,2513.5817749299813
sigma_b[19],0.11270479183325,0.10725141,0.03029492826716959,0.026541825441600008,0.0749635348,0.16995343099999993,1.0033440513935092,1568.1959925484803,2578.8474355377884
sigma_b[20],0.17540868505025,0.16807956,0.04365911859701068,0.03823758833999998,0.1201682645,0.25760334249999994,1.002296795483133,1494.2104300046979,2269.4460796980466
sigma_b[21],0.3006308146875,0.287583075,0.07187174922864484,0.06096985677300003,0.208962179,0.43640588199999997,1.0029844340027751,1423.4504985525423,2307.64799596557
sigma_b[22],0.3598528560375,0.34539390000000003,0.08482127303877467,0.07379571076499998,0.25131877550000004,0.5147516179999998,1.0016917195842279,1329.824445443704,2301.0740737503256
sigma_b[23],0.20187062168325,0.193363785,0.05130477881513722,0.043542153228000015,0.137490932,0.2944766259999999,1.0020345766752463,1744.5832922572147,2729.8291800681627
sigma_b[24],0.37496600742,0.36009308,0.08714876368952398,0.074405926686,0.261913654,0.5307420634999999,1.0003286847529775,1542.7246580747064,2554.677659460863
sigma_b[25],0.1218558558325,0.1163943,0.03512591307837186,0.03115177221449999,0.07597068,0.187535715,1.0015470691400483,1362.860218307378,2362.1317932638062
sigma_b[26],0.035175646140025,0.033469534999999995,0.01143624387590095,0.010079031335100005,0.0199391339,0.05612212819999998,1.0025395451575252,1602.6660168228761,2294.9482115666738
sigma_b[27],0.3226917089475,0.309457475,0.07777893817166194,0.06799983447600003,0.223604452,0.4660835314999999,1.000707312579273,1645.92989658179,2355.794538081288
sigma_b[28],0.16662101738750001,0.15907018499999998,0.043067046745775994,0.03851226964199997,0.1112845705,0.24729436249999998,1.0014691832088347,1630.853099899627,2150.6577625025266
sigma_b[29],0.118403230076,0.112481285,0.03415379421260197,0.028471757737499995,0.07475305905,0.18102420949999998,0.9997965027609981,1684.013950191303,2765.25587523492
sigma_b[30],0.08819999698525,0.08471127549999999,0.022285328934096647,0.019672123470299997,0.0592092489,0.13030881349999998,1.00139112251034,1802.968080171843,2616.630439477429
sigma_b[31],0.07593526607625,0.07235762300000001,0.0219752661395572,0.0192450397839,0.046872854750000005,0.116924822,1.0006528669644619,1882.5698126213633,2641.758060206574
sigma_b[32],0.08270396144425,0.0785913435,0.026118727894154953,0.022787598323699993,0.04923321704999999,0.13093668599999997,1.0025967176969945,1612.91844585444,2773.5426012316016
sigma_b[33],0.2512676673,0.240132855,0.06254098255460884,0.05353951035300002,0.17178596599999998,0.3648542569999999,1.001448599085856,1616.5950405509004,2412.412184235044
sigma_b[34],0.136028078302,0.12941922500000003,0.03480564596322625,0.029818851804000037,0.09166100599999999,0.20179665499999994,1.0014658597753345,2037.6427403890166,2890.9747352241416
sigma_b[35],0.114892453071,0.110014045,0.03076230268791137,0.026926661699699997,0.07517334500000002,0.1708041104999999,1.0010193965748744,1737.9329602449477,2694.9073222021975
sigma_b[36],0.3336998756775,0.32266747,0.07618475475367921,0.07015963426500002,0.2315307885,0.47864466449999993,1.0012719292695704,1441.505008348051,2519.301975245384
sigma_b[37],0.2181073482125,0.20826810499999998,0.054856178046526,0.047710616562,0.14738654250000002,0.3183259329999999,1.002758720414572,1371.51676997931,2588.523246603196
sigma_b[38],0.2387526670875,0.22902023999999999,0.05795332504763425,0.050750250494999975,0.163618645,0.34516153,1.0010055822147328,1371.550910472401,2565.6773731736007
sigma_b[39],0.54065033049,0.5232823799999999,0.11462353346159519,0.10520488828499987,0.387751948,0.7515480914999999,1.0028132731025388,1401.9252161879504,1984.7996984215208
sigma_b[40],0.405030195755,0.38951565499999996,0.09422329693931393,0.08441225354099992,0.28245526,0.5769272759999999,1.0053213694528227,1622.4561254934658,2457.590218950363
sigma_b[41],0.335058954775,0.32233101,0.08132887120495132,0.07183151780700006,0.228819295,0.48477259699999975,1.0008807424146813,1376.0075001168243,2159.6849952600933
sigma_b[42],0.3910283057425,0.376086695,0.08609359014356675,0.07553093839199997,0.278208555,0.547730555,1.0010741544082047,1541.491352887712,2314.4546702174575
sigma_b[43],0.4757255976125,0.46200184,0.10324546382724233,0.09722282192699995,0.336187861,0.6643927805000001,1.0013664084641882,1843.0399461912618,2585.528625625238
sigma_b[44],0.140543043598,0.134226685,0.03691657374172437,0.03366706612500001,0.0926287291,0.208036334,1.000493297532604,1777.703809733925,2508.608190202587
sigma_b[45],0.076443022537,0.07250898650000001,0.022802165717681074,0.01912828132739999,0.04712937185,0.11908741499999999,1.000242430184792,1771.3624810973686,2611.4045719212754
sigma_b[46],0.18233013075575,0.17502404500000002,0.046478675871467985,0.041926979135999985,0.1231716835,0.26587272549999996,1.0014724028863036,1594.6299514674736,2437.8150739286116
sigma_b[47],0.15373984911875,0.147424055,0.03939336224382832,0.034003779410999996,0.1025550075,0.22862277149999996,1.0053506476689982,1526.1825069865688,2151.790423912833
sigma_b[48],0.14507229320425,0.138637685,0.04075800331136408,0.034680186008999976,0.0925952904,0.2203892605,1.003730923356,1613.1773048122952,2260.080974287485
sigma_e[1],0.4400572072125,0.44004543500000004,0.00721343002035378,0.007197808022999946,0.428255706,0.4520988505,1.0003096879052211,3190.0244655760876,2794.7371192860455
sigma_e[2],0.60817204174,0.60791109,0.00933120470077866,0.009097003797000042,0.593216293,0.6235114669999999,1.0010380180044827,2276.6295026722782,2329.8738069192927
sigma_e[3],0.30269137915,0.30271039,0.005176343949737199,0.005165000336999974,0.2941714355,0.311117191,1.000710201481571,3028.187980890528,2896.105719630206
sigma_e[4],0.448339242,0.448508855,0.006855066830865592,0.006761508495000016,0.43690771750000007,0.459494756,1.0006879186503193,3443.1546904059583,3261.280332825615
sigma_e[5],0.312070505035,0.31203728,0.004848215373879112,0.004925856956999969,0.3040030385,0.31990416749999995,1.000738721895761,3561.981582468854,2979.237532431732
sigma_e[6],0.459333501495,0.459335095,0.007238261051357177,0.007517471408999953,0.4474307345,0.471103048,1.0013449004095234,3405.0018842791965,2639.0085425048005
sigma_e[7],0.3359868772925,0.33595973,0.004822042918456377,0.004858487612999999,0.3282958185,0.343893375,1.0004051644731138,7952.838491529437,3043.384402204591
sigma_e[8],0.2941808596475,0.29420276,0.004131559081561573,0.004187114442000021,0.287462318,0.30104515,1.0014326312126725,7746.835067958379,3217.0564100813613
sigma_e[9],0.2771345658725,0.27713549000000004,0.004278228975473072,0.004358087874000024,0.27028797000000004,0.28425898,1.0008424614670022,5692.992297511954,3188.5239279375846
sigma_e[10],0.364763333495,0.364617275,0.005705728616112367,0.005682998537999985,0.3555619565,0.3743200185,1.0010333637794335,3581.784954194377,3290.5290922309478
sigma_e[11],0.3223845533525,0.32236822499999995,0.0048365229551923464,0.0047346460350000015,0.31451362450000003,0.3302066315,1.0005461232899069,4890.973944967887,3722.197028171205
sigma_e[12],0.3128723566625,0.3127816,0.004880635465020486,0.004833854214000003,0.30499141249999995,0.3208958695,1.0016426565745955,3628.305391046967,3025.750155061006
sigma_e[13],0.32249104767,0.32240574,0.005106912994209794,0.005011232477999968,0.314284022,0.3312159765,1.0008194326494269,3820.920515460324,3215.2685088509124
sigma_e[14],0.306315392245,0.306252985,0.004723520225813058,0.004771029039000028,0.2987606095,0.31417284149999997,0.999431109496605,4432.28689527498,3148.5314286719936
sigma_e[15],0.3522448769525,0.35211078500000004,0.005622246576987598,0.005787358751999908,0.3429642515,0.361551803,1.0006728938561071,3257.7741533626613,3216.943550071859
sigma_e[16],0.4647774298725,0.46455705999999997,0.007076421392881218,0.00713906741099996,0.45309437150000004,0.476653076,1.000806731119172,3221.642464145247,2910.285126770865
sigma_e[17],0.4671725266775,0.46708781499999996,0.007160911218388188,0.00737491941900001,0.45551107299999993,0.4788911229999999,0.9998609524706508,3558.025182919242,3279.848227511164
sigma_e[18],0.2895026302075,0.28950285,0.004673213026213144,0.004693022040000019,0.2818822025,0.297355324,1.0007241237050066,4258.35309789232,3255.2218878623275
sigma_e[19],0.38270272518,0.38263893000000004,0.006072468410839858,0.006131596232999943,0.3727511385,0.3926020605,1.0012081021537955,3302.0993660582176,2849.996391360626
sigma_e[20],0.351901663405,0.35185993000000004,0.005679936124598753,0.005675844993000005,0.34256851549999995,0.361425746,1.0001977485369913,3949.218982806796,3252.4724142387145
sigma_e[21],0.532661918925,0.532643145,0.0084511755756359,0.00835984766399996,0.5186101375000001,0.5463546375,1.0005215870394717,3635.1998446898315,3197.7536528274995
sigma_e[22],0.25686183986,0.25687198499999997,0.004090293417035709,0.004107988080000067,0.250209726,0.2635127375,1.0009412156494755,4114.832502520955,2656.384766660989
sigma_e[23],0.3559800072475,0.35589549499999995,0.005896777967829872,0.006052025090999935,0.34641878049999997,0.36580746550000004,1.0008223004450096,3558.5184180255706,2896.2662337124793
sigma_e[24],0.382216602465,0.38214576499999997,0.00626221471165645,0.006287417492999939,0.3722123535,0.3926048415,1.0000610918421833,3502.241201605816,3256.519340617902
sigma_e[25],0.62487424438,0.62494166,0.010057470750529027,0.009907081610999971,0.6084392465,0.6413809665000001,1.0003252001134564,3258.822453190278,3105.946876743567
sigma_e[26],0.2609124739675,0.26089494,0.004389825082413747,0.0043448260170000095,0.253795218,0.268088317,1.0001496198649171,4251.149183059723,3154.412986828756
sigma_e[27],0.404117051635,0.404074485,0.006449575007210774,0.00639945016200002,0.3935121175,0.41448011549999997,1.002969997497413,3112.8059002277346,3266.644763122819
sigma_e[28],0.5530482852625,0.553003535,0.008299679614265039,0.008378617379999955,0.53945449,0.5666921185,1.0001121701470606,3491.744680333767,3328.698397933154
sigma_e[29],0.5959851931175,0.59605103,0.009310147837394665,0.009336035982000106,0.580995254,0.6111639915,0.9999710871813117,3153.075351313679,2914.0880639502348
sigma_e[30],0.24861093705,0.248614435,0.003838888009626555,0.003911321189999988,0.242367063,0.25493886050000003,1.0000160029965486,4146.796354170307,3227.0272649928547
sigma_e[31],0.43010129744,0.42992761,0.006799413071541723,0.006847558598999989,0.419014301,0.44127145599999995,1.0001873938491306,4043.6407548018665,3565.2393372872016
sigma_e[32],0.6310904622975,0.63099008,0.009845692800278184,0.00993226357200009,0.6149997045,0.6474473654999999,1.000029410666728,3600.439082669627,3250.5360305402783
sigma_e[33],0.3224314165425,0.322386375,0.005113536363174342,0.0051290028089999926,0.3143148435,0.3309357605,1.0005788864507554,3866.4560695943874,2914.3225750258907
sigma_e[34],0.3007211530925,0.30072321,0.004838308181643606,0.004776425703000026,0.292772571,0.308750657,1.0020559124263488,2951.618942075652,3044.042386668864
sigma_e[35],0.5112922683175,0.5113228350000001,0.008018351622554662,0.008229579015000094,0.4982848855,0.5245644195,1.0001632168762529,3330.0230479378724,3357.6533235040074
sigma_e[36],0.3831385281075,0.38311302,0.00620380032067772,0.00625770618899994,0.3731186055,0.3930458105,0.999902350193927,3722.051187196272,2832.7391565296007
sigma_e[37],0.2244490958975,0.22445701,0.0037989159404621382,0.003775085075999992,0.2181271135,0.2307908935,1.0013372476546376,2919.428671652773,2974.4343420933196
sigma_e[38],0.275040234125,0.274970485,0.004619849999437877,0.004560877901999988,0.267666244,0.2827236195,1.0002155715454129,2900.09119337111,3102.262983949099
sigma_e[39],0.36475021559,0.36460313,0.005859340947212929,0.005838041432999978,0.355051027,0.3743867265,1.0005177375367862,3213.4997716429284,3158.7336446087543
sigma_e[40],0.3857088181225,0.385738385,0.006205365354049902,0.006107377962000016,0.37559538950000004,0.39597474199999994,1.000418128446997,3028.3405781108713,3324.110784560031
sigma_e[41],0.4113278345275,0.41144067,0.006729616991054794,0.006738076002000005,0.40043405600000004,0.4223359705,1.0009653836638142,2863.4832439018573,3036.5902865725066
sigma_e[42],0.37011672725,0.36999252,0.005868101772989988,0.005969711139000012,0.3606265765,0.379883225,1.0020277836218132,2712.6935706170934,2480.2190709217207
sigma_e[43],0.533151813245,0.53303738,0.008378368023383131,0.008495260934999997,0.5194657265,0.5468135644999998,1.001890315066219,2596.3610702455876,3015.144097212844
sigma_e[44],0.529798199025,0.52978714,0.008358091874766991,0.00826308577500007,0.5159528265,0.5436127355,1.0000236508011002,2933.51749842987,2863.0563932680884
sigma_e[45],0.4509251929925,0.450895945,0.00739399537967,0.007474097945999986,0.438898629,0.4632227335,1.0003706537858785,2745.1006093120714,3133.2119319379635
sigma_e[46],0.4654409885775,0.46532888,0.007487618955840258,0.007479101721000026,0.453331577,0.4780797115,1.0001250969422617,3636.819470065396,2830.2920376445127
sigma_e[47],0.397933543985,0.39776054,0.006238661599758014,0.0064060847969999845,0.38808579649999997,0.408082981,1.0003971376049727,3751.275138616142,3335.01017143289
sigma_e[48],0.6135012043325,0.61334086,0.009593439225820111,0.009506253288000054,0.5978638815,0.6294955565,1.0000688888953047,3077.8133746526337,3198.2872236145695
Sigma_a_diag[1],0.5900514258,0.58959684,0.02598418465938297,0.026202412340999973,0.5489409875,0.632901616,1.003740693800209,750.5319066033036,1550.4514465503303
Sigma_a_diag[2],0.3106690852775,0.31039683500000004,0.017532100926734788,0.01739635396799995,0.2830500015,0.3404616765,1.0022678283840265,717.5685532139587,1554.0568160276362
Sigma_a_diag[3],0.7705600082325,0.76906204,0.03007969817294266,0.02953446688500004,0.7227635505,0.8222430759999999,1.0065683233724319,446.9278309845101,1267.2271955697515
Sigma_a_diag[4],0.593756849045,0.5927262449999999,0.024992706452055903,0.024501973923000152,0.5539155785000001,0.636289606,1.0089487091209173,361.53358386167815,973.9714332273036
Sigma_a_diag[5],0.8150232633875,0.8142685000000001,0.030708440874229897,0.03168253930800008,0.766170253,0.8662145934999999,1.000891792167531,489.6709024660185,1397.9059908353386
Sigma_a_diag[6],0.757851393755,0.757310275,0.032233009888211206,0.031244979570000032,0.7072280525,0.813122542,1.006956625667214,893.8267697711235,1983.0227300055021
Sigma_a_diag[7],0.81338333139,0.812255905,0.030864447816888456,0.03040696957199999,0.7654695625,0.8660991869999999,1.0074187176092537,492.84054445678356,989.1854693190845
Sigma_a_diag[8],0.866662433925,0.8660915250000001,0.032190280760487223,0.031295617772999836,0.8164443080000001,0.9207913685,1.0087347053684836,439.8613192601538,709.5046735447178
Sigma_a_diag[9],0.885434238545,0.88470509,0.03187554082846199,0.03132195616200001,0.8360555665,0.939064851,1.0064669881366548,417.68255036302077,823.6196312352458
Sigma_a_diag[10],0.77672280806,0.776144365,0.031770503454120726,0.030714275487000082,0.726083412,0.8298162965,1.0047939244369168,617.7455356632461,990.0072423186019
Sigma_a_diag[11],0.83499900484,0.8341877,0.03096822075573995,0.030755269376999985,0.7854844135,0.8869925589999998,1.0077849860487005,548.8652988581118,864.7940907171412
Sigma_a_diag[12],0.8600498184575,0.85802734,0.031989387651799275,0.031349962476,0.8099625065,0.914976698,1.0031761587648584,648.649879805107,1153.475404707713
Sigma_a_diag[13],0.419589337545,0.419283435,0.017751168871108346,0.017791511345999975,0.3915984975,0.44902691949999995,1.0063334678564175,512.9756984877577,1009.707827271706
Sigma_a_diag[14],0.8238695248125,0.8229770350000001,0.031155474920464336,0.030904411523999958,0.7757662645000001,0.8770854685,1.01002097350626,440.97996006037545,794.7264679030669
Sigma_a_diag[15],0.7236130488025,0.723186155,0.02852943668863912,0.028454985824999945,0.6776519445,0.772237056,1.0051550120491024,660.2344107753337,1033.1128524236012
Sigma_a_diag[16],0.636963182975,0.63628391,0.026597071127188076,0.026237549961000077,0.594337693,0.681653807,1.007657015818037,337.7418998025332,932.4085218906264
Sigma_a_diag[17],0.50563659737,0.50449568,0.02382197210530197,0.023199116933999984,0.4677805435,0.545861175,1.001434839421023,865.0480502000745,2232.418087744814
Sigma_a_diag[18],0.9004114486175,0.90024617,0.033673172802306285,0.03323356871100007,0.8462308175,0.956118583,1.0074144160106056,512.5213026789062,1505.3493271088196
Sigma_a_diag[19],0.75118717166,0.750268565,0.02943561621904096,0.028976290224000067,0.7046371400000001,0.8002664595,1.0123284013423308,313.9060957018184,786.6966130286431
Sigma_a_diag[20],0.77019307161,0.768830745,0.03041945854269745,0.030019499475000037,0.722025498,0.822529784,1.0090077442700098,923.4482844754101,2023.2460462846834
Sigma_a_diag[21],0.3560855265525,0.35536908,0.02005192926613235,0.019901147363999998,0.32331368250000003,0.3895970515,1.0013019875101494,1230.6550248664682,2404.974767041756
Sigma_a_diag[22],0.903213160895,0.902433065,0.034418659153587855,0.03432039605399996,0.846791198,0.9621277989999999,1.01066960566276,333.93761528037766,875.8350684649218
Sigma_a_diag[23],0.6649090032775,0.66371506,0.029542200335160952,0.02984001591900003,0.6188186124999999,0.7152544449999999,1.0052863909562157,545.6142150819135,1567.4071234396179
Sigma_a_diag[24],0.5632491805275,0.562453385,0.024754122584565722,0.02516752788899994,0.524094223,0.6051530329999999,1.0044635757445814,803.4503904187944,1653.0838682786489
Sigma_a_diag[25],0.285213482745,0.28445441000000005,0.02011120648803303,0.019985714868000052,0.2533310625,0.31853992699999994,1.0034884895906162,1405.7736765260609,2485.1215747924434
Sigma_a_diag[26],0.797362407155,0.796820615,0.02913416416546546,0.028086715398000006,0.7501732320000001,0.847238708,1.001196768488282,513.7941908295139,1157.6934271424016
Sigma_a_diag[27],0.6779016675075,0.67707183,0.028388774391048532,0.02820553837499997,0.631836924,0.7245990635,1.0056839227642353,977.5930307074566,2142.9012955718736
Sigma_a_diag[28],0.5163870321825,0.5155620599999999,0.02608787361444686,0.025612737842999996,0.475295867,0.5604167170000001,1.0012692677107142,926.6403703574698,1859.3002050543316
Sigma_a_diag[29],0.3917769172575,0.391385395,0.020956937724814214,0.02085341393099998,0.35707059700000005,0.42740141049999997,1.0025206884881774,1021.4742977766826,2229.4536704382963
Sigma_a_diag[30],0.8805024897475,0.8799120549999999,0.031637948315396,0.03234181446299984,0.829716852,0.9333970035,1.0016384852194464,398.98718917617094,1079.0087524758699
Sigma_a_diag[31],0.7052022264225,0.704041665,0.03129254965332467,0.03155559909599998,0.6552881605,0.7591620265,1.0025460256390735,1286.4571001485515,1819.3218511746861
Sigma_a_diag[32],0.363929649495,0.36339956,0.02170825214071296,0.021898157673000008,0.32951311099999997,0.40067627349999996,1.0025518919630976,1298.9572804099296,1733.721773744495
Sigma_a_diag[33],0.7854451695025,0.784815495,0.029430770722219803,0.029380506287999972,0.736874919,0.834560391,1.0006276910780754,445.0126167122919,899.5414253487776
Sigma_a_diag[34],0.8396401312225,0.8387100350000001,0.031157617100031277,0.03170411855100004,0.791393082,0.8917735599999999,1.003164055049535,369.66728328065597,1171.1821918616092
Sigma_a_diag[35],0.6470918786525,0.646016115,0.02854800587921919,0.02858870151900001,0.6013449625,0.695214345,1.0049016159575455,431.9039702890922,1439.1018114264602
Sigma_a_diag[36],0.738015387405,0.737730425,0.03074042427071195,0.031377657443999986,0.688022427,0.7886869965,1.0096601394043612,940.700528587852,1990.4114594072323
Sigma_a_diag[37],0.89980721249,0.899691225,0.03270270488374436,0.031747981272000035,0.8469504495,0.9549992174999999,1.002884968913595,426.4193817648545,936.2619786785335
Sigma_a_diag[38],0.7120301268725,0.711436195,0.029952894984642823,0.030174253262999978,0.6638504205000001,0.7621711335,1.005355566314365,1019.0884044961357,1988.3771985075873
Sigma_a_diag[39],0.3973595248,0.396984695,0.01783407742460811,0.017517675126000002,0.36888342399999996,0.42704292549999995,1.0016006821950203,839.5235345262234,1933.562535365272
Sigma_a_diag[40],0.6142527877325,0.6133826499999999,0.02756698136477272,0.027336905274000126,0.569224944,0.660622171,1.003149348503424,1219.5182825741572,2091.3018070776925
Sigma_a_diag[41],0.508682989835,0.50871542,0.02521913451874466,0.025543433706000016,0.46684194900000003,0.5495623805,1.0006572322059977,1084.0602247148092,1804.4118964305574
Sigma_a_diag[42],0.675684634835,0.675449,0.02742914812355781,0.027510688233000048,0.6314920965,0.721149311,1.0145072906214625,570.1934473288961,1974.655736758166
Sigma_a_diag[43],0.3881344154,0.38749426,0.020811577869625453,0.020558954744999997,0.3541269275,0.4233068225,1.0006900553808789,904.2611871496346,2393.6959413653285
Sigma_a_diag[44],0.44593400855,0.44533272,0.023398400359365135,0.02346813470399998,0.4079458975,0.48476817299999997,1.0030744512201923,1217.4018755990696,2397.2582998488356
Sigma_a_diag[45],0.69215088884,0.6909037,0.029872038540031707,0.02946445851300002,0.6441166005,0.742881653,1.0046401800057305,711.9083685974567,2044.1004939217205
Sigma_a_diag[46],0.6518248683175,0.651018505,0.029670971625843975,0.02918709370500001,0.6036452935,0.7003642409999999,1.003286528985961,949.2300213847932,1886.1421375622401
Sigma_a_diag[47],0.7894816864575,0.7891946400000001,0.03268375237267252,0.03251154992399992,0.7357990309999999,0.843945767,1.0024953331593751,807.3797416665616,1896.880829779435
Sigma_a_diag[48],0.3762771239275,0.37619128,0.023375946962648306,0.023669590391999947,0.337941322,0.414280143,1.004518763704921,1292.5541760733452,2216.796294449601
var_b[1],0.0014741581510826045,0.0011520545,0.0013589930291292261,9.364449269699998e-4,1.2996138250000001e-4,0.003913178349999998,1.0046447470277802,1029.001121337113,1096.8801731213778
var_b[2],0.009529897240725,0.0079292945,0.006241436393870056,0.004094064983399999,0.0034555441650000003,0.020674918149999996,1.0009067055882874,1650.6309878513453,2427.215142774262
var_b[3],5.287932431586018e-4,3.80584735e-4,5.63261208454018e-4,3.59280214881e-4,2.536649215e-5,0.0014999903499999996,0.9998030978274202,1292.9061303237613,1962.8110596465372
var_b[4],0.006508349114525,0.0055070025,0.003993873072497304,0.00280936354335,0.0024758137650000003,0.013813478149999994,1.0030345842535513,1528.1620880123787,2576.0104122470325
var_b[5],0.0070322137675,0.00589206455,0.004548899536383487,0.0028136428458599995,0.00269155457,0.015263828299999999,1.0014698376671385,1626.7836501896752,2576.8339493699505
var_b[6],7.81642617198021e-4,4.56904225e-4,0.0010044666790325427,5.487895709456999e-4,7.5999167450000025e-6,0.0026465472499999985,1.0047297969861932,1191.1513914431473,2243.4444686657694
var_b[7],0.0407961056469,0.034595566,0.023576702973431837,0.015177073749600001,0.018113690050000002,0.08218564865,1.0007468064107998,1684.0061435187843,2677.890811318293
var_b[8],0.009561265594275,0.00809390525,0.005451350121011876,0.0038207547157500005,0.0039335690950000005,0.020387940499999993,1.0004022190690627,1860.675472868073,2692.7522691468544
var_b[9],0.00319145935606,0.0026506051,0.0021434093688476024,0.00129478022898,0.0011803316100000001,0.006985263879999999,1.0005512703209263,1850.9410185376357,2520.449093923748
var_b[10],0.0117262130691,0.0101148355,0.006636438803603387,0.004646559802290001,0.00487831723,0.0242060104,1.0004362805094145,1824.835726855446,2678.3579099627837
var_b[11],0.01450301000975,0.012366825,0.008647141129899864,0.005745175075500001,0.006008892275,0.030017581649999996,1.0018394729550837,1873.3988470762893,2592.9498306904334
var_b[12],0.0045824021330225,0.0037598107,0.0032034761974394942,0.0020135423368199995,0.0015597175050000001,0.010302519599999999,1.0005465551250432,1622.9671051067678,2362.485980873733
var_b[13],0.508501837385,0.46159877000000005,0.2208604637641259,0.17992170136499996,0.2561264415,0.9102270484999997,1.000856834816929,1987.0142981617184,2689.301207442134
var_b[14],0.0451997950965,0.03937055,0.024089382533310586,0.017686833114300003,0.0198415543,0.08981784974999994,1.000916852163298,1527.6622551556482,2460.185185710414
var_b[15],0.018279231917225,0.015889473,0.010307935160906298,0.0073048776885000005,0.007658190610000001,0.03796364315,1.0006890568764233,1790.1748946955277,2333.6115351820326
var_b[16],0.00416127741901,0.00337772295,0.002954399680078193,0.0018494403851699996,0.001280598885,0.00968787674499999,1.0029392073073622,1590.7077151461533,2575.0649877115766
var_b[17],0.1628618349625,0.143498675,0.08426472860941575,0.05996635154999999,0.073112677,0.31835746749999994,1.0015907226070164,1817.618777190461,2502.058659576407
var_b[18],0.014246035445875,0.012118853499999999,0.008346794950569836,0.0056510799391199995,0.0058223780950000005,0.029727745450000002,1.0005775331561948,1690.7169239953068,2513.5817749299813
var_b[19],0.013619923339075,0.0115028645,0.008137345213569845,0.005434330120169998,0.005619531854999999,0.02888417094999998,1.0033440513935092,1568.1959925484803,2578.8474355377884
var_b[20],0.0326738489226,0.028250738499999997,0.017933380358947978,0.012592950134100002,0.014440412900000001,0.06635948154999999,1.002296795483133,1494.2104300046979,2269.4460796980466
var_b[21],0.09554314362425,0.0827040275,0.050664334794897244,0.0339300326631,0.043665192150000004,0.19045009499999999,1.0030212155596414,1423.451665496022,2307.64799596557
var_b[22],0.13668692772225,0.11929695000000001,0.07129446939428802,0.05011006455630001,0.06316112815,0.2649692389999999,1.0016917195842279,1329.824445443704,2301.0740737503256
var_b[23],0.043383270176525,0.037389553500000006,0.025243309969394178,0.016490218499999997,0.01890375575,0.08671648509999998,1.0020345766752463,1744.5832922572147,2729.8291800681627
var_b[24],0.148192515056,0.129667025,0.07894866635271537,0.052826238906000016,0.0685987603,0.2816871419999999,1.000232961305128,1542.7246580747064,2554.677659460863
var_b[25],0.016082370911575,0.013547636,0.010210861044240736,0.007105343524230001,0.00577154476,0.03516964584999999,1.0015470769945032,1362.8587378806362,2362.1317932638062
var_b[26],0.00136808105833575,0.00112020975,0.0010004329283702618,6.487219488960001e-4,3.9756912550000006e-4,0.003149693364999999,1.0025395451575252,1602.6660168228761,2294.9482115666738
var_b[27],0.1101779897875,0.095763929,0.05864484713195697,0.0408808032024,0.0499989509,0.217233861,1.0005523285617022,1645.92989658179,2355.794538081288
var_b[28],0.029616870258725,0.025303324000000002,0.01674191036353427,0.011801681324999999,0.01238425605,0.061154501849999994,1.001667383244832,1630.852189320909,2150.6577625025266
var_b[29],0.015185514951975001,0.0126520405,0.010112373599892036,0.006218032924949999,0.005588019865,0.03276976564999999,0.9997965027609981,1684.013950191303,2765.25587523492
var_b[30],0.008275751184675,0.007176000599999999,0.004582074294056852,0.0032523809543399994,0.0035057355900000005,0.016980386449999996,1.0011749971602228,1802.968080171843,2616.630439477429
var_b[31],0.0062489562261325,0.005235625650000001,0.003996864222616605,0.002701679636670001,0.00219706455,0.013671414449999999,1.0006454699329819,1882.5698126213633,2641.758060206574
var_b[32],0.0075219626382325,0.00617659935,0.005312033282869409,0.00347318286735,0.0024239096349999998,0.017144415049999993,1.0025967176969945,1612.91844585444,2773.5426012316016
var_b[33],0.06704583725475,0.057663786,0.03709546664121131,0.0252336333165,0.0295104188,0.13311863949999994,1.001448599085856,1616.5950405509004,2412.412184235044
var_b[34],0.019714768240075,0.0167493365,0.010956610591161407,0.0075628219191,0.008401739985000002,0.04072189224999997,1.0015615444889274,2037.6427403890166,2890.9747352241416
var_b[35],0.0141463584637,0.01210309,0.008548062493253118,0.005806316535809999,0.005651032200000001,0.029174046549999975,1.0011029566346765,1737.933598191932,2694.9073222021975
var_b[36],0.11715827282775,0.104114295,0.056840161466625676,0.04427924783309999,0.05360650475,0.2291007184999999,1.0012624392719782,1441.505008348051,2519.301975245384
var_b[37],0.05057926331475,0.043375607,0.02836047982948589,0.019216379643299995,0.0217227929,0.10133139649999996,1.002758720414572,1371.51676997931,2588.523246603196
var_b[38],0.060360584273,0.0524502705,0.03246643576875158,0.022907721540899997,0.0267710615,0.1191364805,1.0010216711604951,1371.550910472401,2565.6773731736007
var_b[39],0.30543804957075,0.273824455,0.13869898412307788,0.10814388333000001,0.150351585,0.564824531,1.0028132592275578,1401.9254119349587,1984.7996984215208
var_b[40],0.17292526971925,0.15172245,0.08805292180719806,0.06373599548400001,0.0797809738,0.332845084,1.0053213694528227,1622.4561254934658,2457.590218950363
var_b[41],0.118877234883,0.10389728000000001,0.06344481277771674,0.0457189421304,0.052358271,0.23500450849999976,1.0008807491188052,1376.0080743863775,2159.6849952600933
var_b[42],0.16031338908425,0.14144120500000001,0.07691790362766215,0.055828933860000006,0.0773999977,0.30000876349999994,1.0010741544082047,1541.491352887712,2314.4546702174575
var_b[43],0.2369718051315,0.21344570000000002,0.10962655795984266,0.08689084198199996,0.1130222805,0.44141776,1.0013664084641882,1843.0399461912618,2585.528625625238
var_b[44],0.0211148398205,0.018016803499999998,0.012186829507327511,0.0087507017955,0.008580081625,0.04327911824999999,1.0005790085328865,1777.703809733925,2508.608190202587
var_b[45],0.0063633444748475,0.0052575536,0.0043131382386163205,0.0026922743187899997,0.00222117774,0.014181812199999998,1.0001845772684632,1771.3624810973686,2611.4045719212754
var_b[46],0.03540400383335,0.030633415499999997,0.01983836243794077,0.014420859534899999,0.0151712658,0.07068830659999999,1.0013505258844433,1594.6299514674736,2437.8150739286116
var_b[47],0.025187390227325,0.021733852499999998,0.014506271887967277,0.0099152529609,0.0105175288,0.05226837139999998,1.0053506476689982,1526.1825069865688,2151.790423912833
var_b[48],0.022706769768025,0.019220407000000002,0.014371262274423183,0.009323612535300002,0.00857388825,0.04857142519999998,1.003303523688635,1613.1798109814256,2260.080974287485
var_e[1],0.32723562187,0.327148885,0.010662784189187943,0.010593784865999985,0.30999139499999995,0.34521361450000004,1.0007752189081092,3285.8849718298234,2760.629556642102
var_e[2],0.6250037921225,0.62456785,0.019139137767514552,0.01881051715199993,0.5947227005,0.657036119,1.0013296618084415,2279.9155985173766,2511.717056627628
var_e[3],0.1548256367175,0.15476425,0.005157590267638451,0.005060047082999993,0.1465147345,0.163238507,1.000114388224394,3109.784162085897,3001.7553547596085
var_e[4],0.33965625287,0.339902005,0.010279167454270004,0.010323388278000013,0.32288130249999997,0.356494062,1.0022773330471355,3740.99291044074,3309.8276225827735
var_e[5],0.16456388487,0.16446778,0.0050575769286522404,0.005177150244000019,0.15637049900000002,0.172899527,1.0009468622879631,3533.031425680787,3273.669119333643
var_e[6],0.356524360655,0.35642356,0.011148200409457805,0.011556259133999984,0.33869027399999996,0.3750618875,1.0027101124652549,3551.03626397224,3062.494726061998
var_e[7],0.1907493743575,0.19055728,0.005484883940137117,0.005444270285999989,0.1820607625,0.19991213749999998,1.0008356578976039,8176.431170978704,3308.573135710353
var_e[8],0.1462310983325,0.146154045,0.004068563945029818,0.004036119044999996,0.13968527349999998,0.153116383,1.0012776325405468,7696.440834461084,3371.1552701484193
var_e[9],0.12978053836,0.129635255,0.00396848361608165,0.004066178759999996,0.12349600250000001,0.1363273245,1.0004756296364352,6015.351350600913,3116.5663540672995
var_e[10],0.2248305615175,0.22455381,0.007007557285759326,0.00682543079399999,0.21372118950000002,0.2369225235,1.0011568785941778,3473.5579602570183,3093.6819808578975
var_e[11],0.1756182176325,0.17553527000000002,0.00519714053428569,0.005142694619999987,0.167278188,0.184138197,0.9998661774203434,5149.067076031436,3618.476558625221
var_e[12],0.165411354315,0.16528580999999998,0.005121568951003865,0.00514892153999998,0.1572434895,0.17375392350000002,1.000965329434289,4149.844984964526,3107.7110067028343
var_e[13],0.1757401525275,0.175523025,0.005545071329999731,0.005430741560999991,0.1669406885,0.18527337349999998,1.001344832863983,3899.6046557475165,3150.375760782266
var_e[14],0.1585512369125,0.15844491,0.004890211730923499,0.004943255268000009,0.15057356800000002,0.16683865850000001,0.9995418744247377,4477.960781496495,3169.916703437381
var_e[15],0.20966450745,0.20947469000000002,0.00663627984375492,0.006739610493000041,0.19872468299999999,0.2207707735,1.000269533056936,3557.0305800846404,3149.556250657547
var_e[16],0.3650188011925,0.3647214,0.01100669099534387,0.01129872410100003,0.347316705,0.38366398649999994,1.0015718232734385,3550.77390589208,3192.4102823638163
var_e[17],0.368794242685,0.368874775,0.011272044028164068,0.011440920266999997,0.3504788265,0.38772626099999996,1.000174457940379,3487.598691051273,2958.406781676283
var_e[18],0.1416265345175,0.1415423,0.004550056071504721,0.004594058490000012,0.134298919,0.14940956999999996,1.000808360580264,4354.610923713923,3449.644357686163
var_e[19],0.2474905693325,0.247449065,0.007810302949185828,0.007964749589999988,0.2348658,0.2601756235,1.0023365342881254,3416.8027252891375,2646.578346091303
var_e[20],0.2092555160175,0.209108275,0.006640718775892888,0.00653401835100003,0.1982967785,0.22037868249999998,1.001319316473008,4255.195468729677,3077.9222306915426
var_e[21],0.4794448633075,0.47915631000000003,0.015120313617096537,0.014856949275000059,0.45454507499999997,0.5048095215,1.0004113496036,3694.83200890518,2886.105175620962
var_e[22],0.111490164096,0.111435165,0.0035383670746485336,0.0035871062219999996,0.105650178,0.1173894765,1.0013144106196934,4157.213479263962,2606.0578389750976
var_e[23],0.21413743311,0.214074225,0.00700047767736312,0.007184323775999986,0.20296965749999998,0.225810483,1.0008114162822597,3556.362088177691,3033.8585853552772
var_e[24],0.2468651717925,0.246669305,0.008014213807240059,0.008056418748000007,0.23394381,0.2602208515,1.0011134706188058,3701.7550620068487,2954.551803365761
var_e[25],0.6598109432575,0.6598001149999999,0.020909294417658132,0.02051951017200002,0.625952449,0.694592662,1.000442489798685,3326.900627347896,3102.2945663680557
var_e[26],0.1150367080775,0.11502799,0.003832690429446107,0.003740421887999997,0.1089226155,0.121495066,1.0000388007706826,4528.229930156613,3443.603621733211
var_e[27],0.27596304546,0.275944025,0.008749885616739716,0.008819342469000024,0.2617389695,0.2905664165,1.0023026497671026,3105.2571129794565,3362.374139617755
var_e[28],0.51683949857,0.516795195,0.015640019098358663,0.015586210562999976,0.491230606,0.542892093,1.0000893633831227,3567.724929377324,3382.7711820458103
var_e[29],0.6002058735925,0.5999318849999999,0.018518532525100346,0.01857093640500007,0.5697975325,0.630685217,1.00003625000656,3375.594437483507,3277.0198325277033
var_e[30],0.1044414788385,0.104404125,0.003229357008973951,0.0032487620760000007,0.09935080040000001,0.10980867,1.0003737252651157,4202.388502113487,3083.817955819011
var_e[31],0.312592738955,0.312374765,0.00988568269663817,0.009940062047999977,0.296481358,0.3289285415,1.0005774427190093,4184.718059302733,3506.1886662754405
var_e[32],0.6729987718825,0.67279539,0.020833297465536325,0.02078694155999999,0.6389748734999999,0.7073870904999999,1.0005210480863926,3748.557988618836,3590.204784478386
var_e[33],0.1756750623425,0.17564648,0.0055405625791111225,0.005448569826000009,0.1667962865,0.184934077,1.0007738688112626,3893.117284988989,2891.121343869389
var_e[34],0.15281644690250001,0.1527483,0.004930026390837715,0.004994049144,0.1448525795,0.161037027,1.0014935807000735,3180.1950649520004,2865.7034060368605
var_e[35],0.4417460193875,0.44126217999999995,0.013814119089010708,0.014026767404999972,0.4194494585,0.46510299000000005,1.0003924026157427,3428.029276751648,3322.108406016515
var_e[36],0.2480584706925,0.247896915,0.00803106475245714,0.00816500437199999,0.23528114549999998,0.261259896,1.0003637204310682,3696.750188748448,2507.0224302052275
var_e[37],0.08512960046275,0.0850574645,0.002833712717251921,0.002845841804400001,0.08055076,0.08986891344999999,1.0011074232017052,2923.6056327275674,3016.205703498852
var_e[38],0.1278305358325,0.127726365,0.004215749372892325,0.004039351113000003,0.12118328749999999,0.1349836995,1.0002401690189868,3083.014588234503,3016.959882261106
var_e[39],0.2248157533275,0.22464678999999999,0.007140763868074519,0.007185583986000001,0.21312705650000002,0.236786622,1.0000326404882869,3684.336776310327,3179.596214783361
var_e[40],0.25139606834,0.25128682,0.008062716751706875,0.007935660978000011,0.238343332,0.2649635785,1.000092124236296,3572.6450812861876,2942.2487640900904
var_e[41],0.2859010102875,0.28591597999999996,0.009241023400770888,0.009294159944999967,0.27079408899999996,0.30116530649999995,1.0006972269923038,3028.0105724925916,2911.9363461776375
var_e[42],0.231478629495,0.23127733,0.007271024843586405,0.007289314095000009,0.219770414,0.243511537,1.000959201725406,3131.1483879792086,3069.366233456478
var_e[43],0.4803250734225,0.47999395,0.015009805441848661,0.015407394176999987,0.4561290355,0.5048074695,1.001585867602596,2656.754479660526,3065.414520834444
var_e[44],0.4742985319725,0.474114835,0.014758142345949571,0.014533223565000008,0.45018628099999997,0.498951064,1.000213981332704,3067.969837034946,3222.892159578499
var_e[45],0.343597003565,0.343487155,0.0111442052356018,0.011295833030999989,0.3254550825,0.36221811849999996,1.0014609979142646,3004.178508341759,2990.7727500680376
var_e[46],0.3660731744675,0.365845605,0.011718018606641576,0.011554776533999984,0.34717691949999996,0.386092762,1.0003341362524683,3437.7676627376545,3188.16716564958
var_e[47],0.2675804388675,0.267384805,0.008349982141454515,0.008474067168000001,0.25408208200000004,0.28147242499999997,1.0013969353074175,3690.756554282484,3113.0251212851267
var_e[48],0.636009646145,0.6358078899999999,0.019799332081409795,0.019770537717000065,0.6043060955,0.6694350084999999,1.0000724451237175,3200.669286848556,3226.5343389400286
prop_a[1],0.6420191096375,0.641772585,0.013061344535401784,0.01305198014399991,0.6202773755,0.663240627,1.0027043819333576,1017.9832733188878,2290.020587524609
prop_a[2],0.328622311095,0.32851884,0.015291972353378184,0.015159807389999983,0.30344204500000005,0.3540151705,1.0007414315523488,919.3330586344803,1859.3089353298808
prop_a[3],0.83205462,0.83213873,0.007471585958184643,0.00753704172899994,0.8194904064999999,0.844124287,1.0045945453728753,691.2816527182092,1832.1751063106803
prop_a[4],0.6315320060525,0.631666925,0.012684021911745058,0.012658409148,0.6107032935,0.652453129,1.0034948221615687,723.2785943745255,1731.2845079043093
prop_a[5],0.8259420721025,0.8261767600000001,0.008024829251643016,0.007820514848999944,0.812932779,0.838759369,1.0023900905065914,797.2308807151937,1935.2168036336882
prop_a[6],0.679381683475,0.679273545,0.012061276863654847,0.012543418692000034,0.6597472635,0.698682688,1.0039285414414303,1195.3357761191924,2141.8993545751537
prop_a[7],0.77860711256,0.78160555,0.018075724707816702,0.014225057741999957,0.7460649205000001,0.8009099869999999,1.0007153770647386,1244.528101040096,2150.498490879226
prop_a[8],0.84751618609,0.84780793,0.007353536404963377,0.0069585386219999665,0.8349255195,0.8586574195,1.0042675496780533,895.9710933722234,1743.753354994929
prop_a[9],0.869316583235,0.86954606,0.005738510430290956,0.005553834426000032,0.8596340025,0.878758861,1.0036024237611063,797.2719591664879,1335.5021503411513
prop_a[10],0.7663777514625,0.766887645,0.010482811766790442,0.010099196918999997,0.748440321,0.7823468335,1.0020681129774485,1114.1877775104995,1912.6778969627733
prop_a[11],0.814451363255,0.81528616,0.009642593845325374,0.008538449073000063,0.7983496050000001,0.828568252,1.0026641045565263,1120.25958634521,1945.8197985012434
prop_a[12],0.83482949177,0.8350886,0.007255482940361682,0.007072313345999995,0.8226804525,0.8462193205,1.000602901680843,1174.6230572402749,2090.9662032093784
prop_a[13],0.3926545880675,0.39623957,0.06666515403904139,0.06876206878800004,0.27900554349999995,0.49401847599999993,1.0005036791917559,1821.3890461064132,2592.979741694912
prop_a[14],0.8019757109875,0.805293085,0.019362057024950866,0.015904339457999968,0.766493082,0.8260162025,1.0028805833506744,1115.5595682661126,1565.9838417195592
prop_a[15],0.7603539046125,0.761389365,0.012351244129333016,0.01106469569100001,0.7399661575,0.7783260630000001,1.002816147889474,1105.2940135737567,1952.6255826776162
prop_a[16],0.632893253295,0.633063685,0.012596606601112217,0.012563863745999973,0.6116232845,0.6530411580000001,1.0031357347210965,524.2920171972911,1256.6249297941445
prop_a[17],0.490002322845,0.495162875,0.03711957309085799,0.033073974234,0.422474764,0.5401825769999999,1.0022043433389143,1558.2507505219903,2737.9868394516507
prop_a[18],0.8523509228325,0.853412245,0.008980276850107256,0.008198607501000018,0.836507423,0.8649619135,1.00246523708164,1242.1405383978404,2686.8292044710524
prop_a[19],0.74193119636,0.742435315,0.011360219803501598,0.011193637412999956,0.7226145075,0.7594878534999999,1.00478261368131,668.1414605274372,1518.3801283943587
prop_a[20],0.761015126415,0.7630515,0.015948987172661567,0.014099763215999985,0.7326584785,0.7825289609999999,1.0028908115610413,1493.4133576106058,2563.772998680099
prop_a[21],0.3832825973575,0.38569713,0.0241187529305668,0.022688850491999975,0.341042429,0.417917646,1.0060020641552088,1492.1960244633374,2401.1917231325688
prop_a[22],0.7869114174,0.795879805,0.04424854550487168,0.036527720585999963,0.704075418,0.839807876,1.0017618261901458,1284.2866998644947,2389.811662297364
prop_a[23],0.7210741987775,0.72359687,0.021218489983805114,0.017900467619999947,0.6840825259999999,0.74868944,1.0014220513486396,1519.3653537499117,2668.4869016633834
prop_a[24],0.5907697124925,0.5976293500000001,0.042604769099316354,0.037724727348,0.514880553,0.6457115595,1.000385155906473,1538.5666304319368,2485.203558761258
prop_a[25],0.296652892845,0.296365535,0.01743026200283378,0.017526548487000023,0.2685017055,0.3250882565,1.003245768837246,1372.1249881486585,2498.9384573415873
prop_a[26],0.872490661805,0.872579505,0.005714278544550066,0.005661033819000024,0.862694724,0.8817310815,1.001512481011388,880.4830278252816,2096.636001276749
prop_a[27],0.6386088865825,0.644370375,0.033798080458787745,0.02840276865299994,0.5748083150000001,0.6805560724999999,1.0008628268393414,1690.0770528550709,2462.1619281419225
prop_a[28],0.4857706493825,0.486201285,0.017181375827867287,0.017382143247000024,0.45777239899999994,0.5139025524999999,1.0013683735061332,1021.8732965989768,2251.2004657867215
prop_a[29],0.38890897356,0.389092785,0.016121560729009683,0.01640473178399999,0.36283218,0.41537281899999995,1.0022044935892584,1229.6219753966957,2351.393625837514
prop_a[30],0.88642437413,0.886793995,0.006139781506537804,0.005859353808000036,0.876224014,0.895693583,1.0015185267643867,840.3272899914815,1907.5109016521515
prop_a[31],0.688414570485,0.6885185199999999,0.012717454040488397,0.012785786727000153,0.6674375459999999,0.708809379,1.0021066354014054,1470.999085335839,2202.947091327657
prop_a[32],0.348333615155,0.34808169,0.0165362767717162,0.016743550361999995,0.3212636955,0.37540955099999995,1.0021926276542643,1392.2596974576354,2434.152690370601
prop_a[33],0.764678042,0.769959685,0.026767170166411697,0.021155545571999956,0.7147442755,0.7968802535,1.0015451658016654,1365.6940509906456,1858.4198639259325
prop_a[34],0.8294911494,0.8308717999999999,0.011114072254912757,0.00974888077799991,0.80940764,0.845176275,1.002281327490584,1049.123040859511,2503.7165430154555
prop_a[35],0.5865167022225,0.586675905,0.014433429515281024,0.014228734589999997,0.5625334895,0.610189286,1.003201653614802,693.0192189810336,1996.3957205469505
prop_a[36],0.6703739906725,0.676425815,0.03347624076831027,0.02874785862900002,0.6062859875,0.7138816695,1.0016690337371215,1399.0070430704704,2357.848279806143
prop_a[37],0.8694082692125,0.87465126,0.023087981638761086,0.017385115859999942,0.826556653,0.8952467460000001,1.0022306406708479,1269.6474535149598,2515.912664151058
prop_a[38],0.79168003394,0.7970289500000001,0.027695193678268254,0.022595513408999887,0.7417496285,0.825067201,1.000095257282565,1409.7450297473265,2527.1451110274584
prop_a[39],0.4362611363625,0.44293197500000003,0.05633321989730577,0.055196249135999936,0.3348596445,0.5174865504999999,1.00271151763026,1439.0131510660613,1957.8074664314026
prop_a[40],0.594865692685,0.601900215,0.0457013313310724,0.04148468249099998,0.511966198,0.6543428179999999,1.0060271659512854,1616.9555058368508,2420.0073078543323
prop_a[41],0.558955681055,0.5645604099999999,0.03753090264065676,0.03334262135399999,0.48839285200000004,0.6081350495,1.001512696382905,1357.218251148761,2098.251434417659
prop_a[42],0.63567073515999994,0.6432182399999999,0.04222863858381958,0.036917303388,0.55739148,0.689640798,1.0019643689745068,1529.8519856018788,2403.166852157422
prop_a[43],0.35399503629,0.3576005,0.0339471721903006,0.032633604968999995,0.29227006999999994,0.403013491,1.0022365949587786,1714.2056047880922,2549.024445126809
prop_a[44],0.4735846244375,0.47367905499999996,0.017059044175038243,0.016900965416999973,0.445077476,0.500637347,1.0013046175090448,1246.5247375208573,2430.0560912411493
prop_a[45],0.663978638215,0.6640324049999999,0.013037616750520963,0.01317582172199999,0.6430094479999999,0.6849045655,1.0038955933165281,983.8858034770263,2452.8734902011765
prop_a[46],0.618813309185,0.6201230950000001,0.01755506846643744,0.016429061249999898,0.5889062285000001,0.6447419339999999,1.00268632977576,1155.2008328179,1810.7281725451655
prop_a[47],0.7293958506075,0.73053419,0.013796584779252299,0.012627244895999944,0.7052937005,0.7497568414999999,1.004103533147962,1328.9516553736455,2352.6541172995753
prop_a[48],0.363457407595,0.363937725,0.01792977105186374,0.018361029897000027,0.333294154,0.39238843749999996,1.003709904506947,1163.487735354109,2202.491856791285
prop_b[1],0.0016047181889838145,0.0012502471,0.001477629301794729,0.0010108205048339999,1.3967313600000001e-4,0.0042388781349999875,1.0045967538473577,1024.1520672166564,1096.1978034604247
prop_b[2],0.010046856117275,0.00841028575,0.006439376199202101,0.004288718650859999,0.00371031328,0.02148226984999999,1.000744747969999,1651.3457760041892,2457.9480651191548
prop_b[3],5.712986471151336e-4,4.1211791499999996e-4,6.066844943608489e-4,3.8797470732299994e-4,2.7502429400000002e-5,0.0016455642949999999,0.9998183049658056,1295.3023013692327,1943.2295532307169
prop_b[4],0.006906953930075,0.00584889405,0.004166077552264913,0.00298545246426,0.0026509472250000003,0.014550293699999998,1.0028075849582336,1526.5572101583323,2590.010689017734
prop_b[5],0.007110775587425,0.0059813628,0.004517428156518637,0.0028995644084399996,0.002734573325,0.0154284063,1.0014293185656442,1619.9577350941513,2620.1013143921073
prop_b[6],7.008942799038413e-4,4.0945078e-4,8.982852358298181e-4,4.936214044775999e-4,6.754394505e-6,0.0023647484799999997,1.0047645005035948,1189.8416869485468,2227.070917927158
prop_b[7],0.03861518537795,0.033393267000000004,0.02033983435964068,0.014151012250200004,0.017706942550000004,0.0768417635,1.0005519969720849,1678.6315558238346,2589.094067050051
prop_b[8],0.009331877007,0.00794621005,0.005231934940504418,0.0037583296944899984,0.0038639493100000003,0.01982446365,1.0004709014408095,1836.6996647101334,2637.3117182355977
prop_b[9],0.0031331835431575,0.00259210155,0.0020945670671931654,0.0012737641515899998,0.00116675728,0.006913225229999995,1.0007134122562087,1843.5544889558773,2591.728170966309
prop_b[10],0.0115384144906,0.00998262335,0.0063725298405720035,0.00454147830339,0.004818445195000001,0.02369416215,1.0004773866235501,1821.2006452227315,2768.687957757771
prop_b[11],0.0140817575994,0.0121188925,0.008086117005830012,0.0055799038713599996,0.005866998665,0.028751299649999992,1.0019520027003008,1876.2991912290345,2345.33405248144
prop_b[12],0.004446505642215,0.0036595484,0.003084875434272243,0.0019582650784200004,0.0015202904300000001,0.009960984499999999,1.000398203619782,1611.948184826799,2319.365279744646
prop_b[13],0.442772208385,0.43598707999999997,0.09397610490850317,0.09661107892799994,0.30044275200000004,0.6049459154999999,1.0008467529578429,1916.6822613342417,2660.3069442505107
prop_b[14],0.04352952291875,0.0386167535,0.021552587490835235,0.0168679345716,0.019720137250000002,0.0837313965,1.0010936729995759,1464.721838315392,2248.507964310152
prop_b[15],0.019116368706525,0.016768298,0.010391580023456137,0.007518101513999996,0.00814605037,0.038855586749999935,1.0006188988464686,1799.347301554767,2265.2682139100543
prop_b[16],0.004130790973525,0.00337450745,0.0029039474230258076,0.00185289276753,0.001270854525,0.009599065139999996,1.002751390181837,1597.5716981073106,2447.9792809748415
prop_b[17],0.152325560386,0.14122420000000002,0.060053357660114624,0.051195260298,0.07677392375,0.267107224,1.0017748827209014,1808.0085228608903,2481.9595850163105
prop_b[18],0.013441716468675001,0.0115135155,0.007672514943110303,0.005322228880919999,0.005549777195,0.027507172849999997,1.0005822042389054,1682.6422575458773,2452.3301061743514
prop_b[19],0.01341046983975,0.011412055,0.007828993184587121,0.005384176430850001,0.00552806978,0.028204075399999966,1.0030570711919207,1562.1912872723838,2579.7190307978262
prop_b[20],0.032019026653825,0.028107256,0.01652104400286044,0.0122285670843,0.0144005508,0.06378578095,1.0021910098229472,1503.4667985209874,2177.4449846221178
prop_b[21],0.10025468799075,0.09002475600000001,0.044083011527490785,0.0342794992743,0.04991039615,0.18560158349999997,1.003229525626628,1427.2527761419,2397.1597696520853
prop_b[22],0.115857541328,0.10550349,0.0490737354949747,0.040264072737,0.058530538849999994,0.2085188655,1.0015972854125235,1310.6073381524384,2389.5395705877763
prop_b[23],0.04640247775075,0.040972892999999996,0.02419439592353709,0.0172936868832,0.020866391100000003,0.09051452534999992,1.0017647648257844,1765.7498101231442,2730.4235941351244
prop_b[24],0.1500667629165,0.138168605,0.05876920591911082,0.04950425862899999,0.07862349889999999,0.258378842,1.000248686761702,1561.1754940387023,2632.8624790554854
prop_b[25],0.016637849422825,0.014150669500000001,0.010220428066620895,0.007320442023299997,0.00603797137,0.03621750524999997,1.0016140554593753,1363.612019160802,2332.3868760645782
prop_b[26],0.0014978371771025,0.00122848315,0.0010838450713138634,7.083481623540002e-4,4.32353988e-4,0.0034739402499999994,1.0025812897630928,1570.7651478384144,2193.6139697652143
prop_b[27],0.101183059888,0.0913466435,0.04489314332396257,0.036225042606899995,0.049400580050000004,0.18516928399999982,1.0005684718380539,1659.1047794335498,2386.421777522204
prop_b[28],0.02764547703335,0.023986959500000002,0.014839106677633511,0.011016151660500002,0.0119091939,0.05593951464999999,1.0018110692496733,1626.3664108036107,2242.788118690078
prop_b[29],0.014989722817825,0.012607061499999999,0.00958609037539591,0.006146250251400002,0.005643493485,0.03217756734999998,0.9997801758822535,1699.0730514217978,2655.252386906434
prop_b[30],0.008319028327,0.007208089,0.0045362290709162895,0.00328647356373,0.0035246669499999998,0.016877411249999984,1.001606461370639,1727.267830997807,2545.3559822618026
prop_b[31],0.0060953029833025,0.0051278170500000005,0.003855155373912486,0.0026613303070199996,0.0021394576850000003,0.013266153999999999,1.0005618263471259,1857.8098449566737,2535.4860081879065
prop_b[32],0.0071801400886324996,0.0059384605,0.004974017320634751,0.003317496894599999,0.002335702995,0.0161790325,1.0025567314387223,1613.8702749036354,2714.463443961654
prop_b[33],0.06412759639325,0.0566697885,0.03136811710511246,0.023608834185299996,0.029622535850000003,0.12230017399999998,1.0014844078970024,1602.7636250735043,2377.9099762896967
prop_b[34],0.01938275028975,0.016658872499999998,0.010423400092933249,0.007403438712599996,0.008433546185,0.03966429295,1.0016826034146575,2041.1330065708287,2828.6886577191767
prop_b[35],0.0127731437861,0.0110294505,0.007464172284407454,0.005197602192089998,0.005155448480000001,0.0259539312,1.0011237304329712,1709.5899682401416,2468.112784470295
prop_b[36],0.10405879035925,0.095643404,0.04300543868889191,0.037090204941300005,0.051574176299999996,0.19020293399999985,1.0011553276935083,1438.7562179047854,2635.3642498050385
prop_b[37],0.0482506686905,0.042227486499999994,0.024666654815076045,0.018117865705799992,0.021539819449999997,0.09438038559999999,1.0026946347833336,1360.2162294738994,2439.8823795255585
prop_b[38],0.06599982909425,0.058883020999999994,0.03127595165439668,0.02461230086069999,0.03079785095,0.1235048005,1.0013045592701855,1389.6283625427925,2518.802309143126
prop_b[39],0.316697656495,0.306435625,0.08676095224539304,0.085063404048,0.195067558,0.47515230099999994,1.0029214279930627,1418.4018523910509,1988.280594292676
prop_b[40],0.1614252367955,0.14970698,0.062237339708665636,0.05515272741299999,0.08468122365,0.27879447099999993,1.005544908692949,1629.1106412618406,2395.8136203784115
prop_b[41],0.126562076001,0.115660135,0.05399813074186727,0.045756844799399995,0.061309434249999996,0.22739225700000001,1.0009647491974927,1373.5287161903732,2319.4503874222028
prop_b[42],0.1463773729425,0.13533425,0.05491915262124946,0.047768400897000005,0.07901723424999998,0.24816412299999996,1.001206760202105,1556.8800901776178,2489.251099503507
prop_b[43],0.2076520926945,0.196878635,0.06960704233430794,0.064851970743,0.114944573,0.33808818199999985,1.0013765646802413,1858.3531985783636,2498.521920157799
prop_b[44],0.022293277109475,0.019221093,0.012306331197416203,0.009238775198100001,0.009148902950000001,0.045022519450000006,1.000423314471841,1777.0689467616232,2328.5739386730606
prop_b[45],0.006093905133985,0.0050644633000000005,0.004076690449588538,0.0025815326237400003,0.002135310435,0.013475727799999985,1.0003931081456048,1792.558495775468,2508.770362016264
prop_b[46],0.033314531096575,0.029209911499999998,0.01752064459694068,0.013341898126199996,0.0145442807,0.06536352879999996,1.0016517381601944,1593.744271747487,2258.992863063038
prop_b[47],0.0231183705389,0.020231736,0.012582237499867688,0.0090246884994,0.009757512605000001,0.04674788614999998,1.0056882718607292,1517.2091782964785,2277.8991983356777
prop_b[48],0.0217776305018,0.018647296,0.013142490540799178,0.008985905165999999,0.008439704100000002,0.04550474545,1.0032788329242681,1608.6709836369776,2146.570021421857
prop_e[1],0.356376172045,0.356436615,0.013003719032688764,0.012995092781999978,0.3350205045,0.37812596049999997,1.002873068768787,1024.8206802446541,2203.792541841828
prop_e[2],0.6613308328125,0.661468195,0.015594030031291655,0.015545409411000055,0.636108253,0.6864053305,1.0009765261597343,903.5065807299085,1813.294363816743
prop_e[3],0.1673740813475,0.16730252499999998,0.007433612491348807,0.0074311470240000016,0.15524111149999997,0.17984454100000002,1.0046963956393566,697.2904475952911,1777.3180886174644
prop_e[4],0.36156104004,0.36174381,0.01245547468932127,0.012332385408000007,0.3406539885,0.381662916,1.0048679411419743,642.0302232397372,2005.4002736154919
prop_e[5],0.1669471523075,0.166769915,0.007000523282408233,0.007007078945999992,0.15567958449999997,0.17880825449999999,1.0032827562490403,719.3340697251858,1597.0813085596906
prop_e[6],0.3199174222125,0.32002798499999996,0.012041255523080495,0.012497346896999965,0.3003414045,0.3393213205,1.0037986582531055,1214.5926105845263,2158.100456170431
prop_e[7],0.18277770202,0.18285801499999998,0.008059070991528191,0.007715680203000023,0.1695907935,0.195558789,1.0039912486051714,846.0839722279503,1997.5090694427904
prop_e[8],0.14315193687,0.143094635,0.005707091065692098,0.005651048508000012,0.1339896415,0.1525938945,1.0042271012265334,693.4643893506005,1443.7391221826358
prop_e[9],0.127550233275,0.12749239,0.005351844072346407,0.005306870330999988,0.1188042155,0.136447353,1.0027457399473205,759.5920950311935,1280.7368863213717
prop_e[10],0.22208383398,0.22176657,0.009213904881768306,0.009266294478000005,0.2073201865,0.23766873849999998,1.0031018558186442,996.4203794518954,1897.622300929818
prop_e[11],0.171466879115,0.17148358000000002,0.006923840598470446,0.006702263799000008,0.159858904,0.182778362,1.0044011452114987,809.9377073108135,1665.6021017754179
prop_e[12],0.1607240025375,0.160570585,0.006602995299142759,0.0067226273099999885,0.15015392949999998,0.1718050045,1.0012531914362892,1178.7496586349278,1990.4549778632697
prop_e[13],0.164573203355,0.16594649,0.028323236211100253,0.029619064040999996,0.1160929265,0.208227207,1.0006378405647738,2035.3214956509032,2940.1143936496596
prop_e[14],0.1544947661275,0.154450225,0.007150813493266036,0.006941666633999999,0.14262103850000002,0.1663906665,1.0042085794084916,959.6339719038739,1796.6988194050984
prop_e[15],0.22052972661,0.22044318000000002,0.009113314216649685,0.00925451522099999,0.20595664649999998,0.2358589425,1.0033660202027692,920.6532860870277,1977.5455555250312
prop_e[16],0.362975955665,0.362954705,0.012365949116629228,0.012480111672000025,0.3429809055,0.3834969545,1.003732350146066,529.7113132790699,1255.9879824542268
prop_e[17],0.3576721166425,0.36150675,0.027804653905562034,0.025111196501999965,0.306292131,0.39621178500000004,1.0003622908467933,1868.434437716388,2759.2587963681176
prop_e[18],0.1342073607325,0.13405985,0.005756627961948065,0.005826180633000008,0.12488924300000001,0.144119236,1.0049569268790213,888.7251414631273,2401.834551070779
prop_e[19],0.2446583337925,0.244661235,0.00940221272516448,0.009349668488999987,0.2296793305,0.2601986725,1.0094055408804472,530.8853656437966,1143.605851605652
prop_e[20],0.2069658468125,0.20709052,0.008930934496287289,0.00889954371600001,0.1921411855,0.22151289799999999,1.0046650313792789,1531.1126093966782,2285.8025306450754
prop_e[21],0.516462714675,0.52014656,0.02974884689801364,0.02573981148900002,0.46194314750000004,0.55791792,1.0026541676535508,1307.5368976734278,2273.580244668787
prop_e[22],0.0972310411385,0.097546622,0.00669803485403007,0.006087184949999997,0.08582545080000001,0.10728055949999998,1.00398107971886,1011.344945304763,1609.4907169122114
prop_e[23],0.232523323475,0.23259409,0.011695404109719131,0.011112680039999998,0.2125863705,0.2512380425,1.0034526741129106,914.0803344185364,2170.233322451423
prop_e[24],0.25916352447,0.26145242,0.020326886035994363,0.018250791174000008,0.2242733005,0.28747504199999996,1.0007807463446672,1308.333139793158,2716.1546123985663
prop_e[25],0.6867092577225,0.687011555,0.018940734240582995,0.018021833256000014,0.6552906319999999,0.7169026645000001,1.0035946863942506,1252.9812763826646,1974.1708872613092
prop_e[26],0.12601150093,0.125859845,0.005604026011494559,0.005507251134000005,0.116784434,0.135576647,1.0019468378463836,878.5943252239964,2146.019242941382
prop_e[27],0.2602080534575,0.26151702499999996,0.016291280443094316,0.015028004249999937,0.231516576,0.28372107199999996,1.002806389151349,1442.6736116227119,2382.780922219658
prop_e[28],0.4865838737475,0.48698468500000003,0.016954839205957174,0.016750533408000024,0.45787898349999995,0.5142061375,1.0021628526006519,1427.284769670353,2338.125011958356
prop_e[29],0.5961013035625,0.5962160599999999,0.016670771799696595,0.016725773987999928,0.5686181585000001,0.6236517595,1.0020261474412562,1249.0848360518912,2510.3480068115305
prop_e[30],0.1052565975515,0.10520035999999999,0.0045351822058043055,0.004489401755999998,0.0977344406,0.11264569649999999,1.0020011386694647,648.2168477154906,1738.9310436877688
prop_e[31],0.3054901264525,0.30540736,0.01220093488932385,0.01225017523800003,0.285609135,0.32575662299999997,1.002617785370806,1454.544142338187,2065.7083778552424
prop_e[32],0.644486244735,0.64473282,0.016809274519858197,0.016568759234999984,0.6166650475,0.672230378,1.0026284004521495,1361.8750509216623,2111.5528038600796
prop_e[33],0.171194361665,0.17142053,0.008962157718592446,0.008463740858999983,0.156429504,0.1852533865,1.0012719632084288,971.7388637636918,1657.6793209492791
prop_e[34],0.1511261002575,0.15113844999999998,0.006633912907005389,0.006593529915,0.1404529145,0.1621747005,1.0024518821205735,705.147822859564,1952.048420447233
prop_e[35],0.4007101540225,0.40049526,0.014007298009279157,0.014050466766000008,0.377530665,0.42390212,1.002147134126675,839.2383792326771,2035.4298634062814
prop_e[36],0.2255672190025,0.22633808,0.0142387288620881,0.013775199837000004,0.200881123,0.2473269255,1.0047367845883866,1321.1237670545934,2330.4064343308964
prop_e[37],0.08234106217,0.08241388599999999,0.004215381835468825,0.004215799045500005,0.0754036545,0.0892162311,1.0024575161024891,760.492196103656,1512.7909870226251
prop_e[38],0.142320136885,0.1425023,0.008077364025043634,0.00781858746900001,0.12919480249999998,0.1553429455,1.0043803304994994,1187.5245326650122,2279.73702371584
prop_e[39],0.2470412072025,0.250197595,0.032555513688342086,0.031086793563000006,0.1882292925,0.29485594149999994,1.0024433305199878,1385.2615563027528,2372.812715718374
prop_e[40],0.243709070555,0.246310235,0.020326124434977163,0.018507577494000005,0.2083241905,0.272088718,1.0032322786054355,1503.3188942442766,2190.2596343928
prop_e[41],0.3144822428775,0.316351005,0.022726608994019782,0.020890931123999985,0.27542188349999996,0.347070416,1.0007952214431648,1246.2034780040462,1870.7343106866272
prop_e[42],0.2179518920075,0.219533325,0.016074573854476863,0.014949863816999998,0.18941987500000002,0.24103819449999997,1.0022463471149798,1459.3381252435745,2331.1677806074385
prop_e[43],0.438352871025,0.44313923,0.04061610765414496,0.03893099294699999,0.3641729315,0.49559709949999997,1.0007959092295764,1688.0500080526817,2677.3681763494433
prop_e[44],0.504122098445,0.50394492,0.017152778812878765,0.016720659018000027,0.47590897550000005,0.5318640275000001,1.0020650437326586,1370.8284367052265,2266.2095959842068
prop_e[45],0.329927456595,0.330003045,0.012737623319204349,0.01295508482100001,0.30899109150000004,0.3504324905,1.0044693065355472,865.7827340551105,2404.492599196375
prop_e[46],0.347872159725,0.34795826,0.014376706987580548,0.013668682440000024,0.324284923,0.37126558449999997,1.0028349903174107,1094.7193698389904,2131.194032510588
prop_e[47],0.2474857788225,0.247446095,0.010501902782036264,0.010375486842000016,0.2297792025,0.264848853,1.0003992515166704,968.8533983038897,2048.5684735670357
prop_e[48],0.6147649618475,0.6148274899999999,0.018756700395300224,0.01878505349700012,0.5840067624999999,0.6454043395,1.00398240074499,1395.6911812681176,2545.1201543756424
