"player_index","player_id","player_name","archetype","cluster","pc1_score","pc2_score","pc3_score","n_seasons"
1,12,"K. Omeruo","Centre backs",1,5.35660902211849,-2.92623741488839,-0.0893987492542723,2
2,38,"D. Blind","Defensive midfielders",3,5.11892873399131,2.64320861624839,2.31792631009749,3
3,118,"M. Depay","Attacking midfielders",2,-7.34596463326738,0.833197267662236,2.16130522771562,2
4,145,"T. Vilhena","Midfielders",5,-1.26057835004768,0.251473916745352,-1.25814448771379,1
5,151,"J. Guidetti","Forwards",4,-5.32305343210432,-2.82479054593496,1.51722837134409,4
6,253,"Q. Promes","Midfielders",5,-2.49044366726152,3.45177611999968,0.173464352741509,1
7,254,"R. Rosales","Defensive midfielders",3,2.32420726908277,2.0240352074126,-1.90965465471803,6
8,267,"L. de Jong","Forwards",4,-4.8429990328802,-5.40517018470415,1.73999921994417,3
9,312,"N. Gudelj","Centre backs",1,3.82790992979542,-1.01984868550634,1.47129676083257,7
10,1720,"S. Becker","Attacking midfielders",2,-5.6546584849179,-0.0531600367952339,-0.157270821434143,2
11,1751,"O. Tannane","Attacking midfielders",2,-4.26392424757715,2.71729339994024,0.206473984260301,1
12,3269,"Jordi Alba","Midfielders",5,2.08552919996271,5.10074774936009,1.67844699236315,9
13,3270,"Barragán","Defensive midfielders",3,2.61578442795407,0.994499510858967,-0.554345077591385,7
14,3274,"J. Mathieu","Centre backs",1,5.03982251048832,0.270284198932315,2.64827852908823,3
15,3275,"Ricardo Costa","Centre backs",1,4.54495382729665,-3.7473135911911,1.70812507560453,1
16,3276,"A. Rami","Centre backs",1,4.92342134723122,-2.50838911085568,1.16030357530843,2
17,3277,"Víctor Ruíz","Centre backs",1,6.00046766749929,-1.63286730151853,1.40200174740449,8
18,3280,"É. Banega","Midfielders",5,0.560484710899297,6.46486515542622,2.26586782665866,5
19,3281,"Juan Bernat","Midfielders",5,-1.4497887138609,0.052284131783813,-2.17652888008688,1
20,3282,"Sergio Canales","Attacking midfielders",2,-3.04378193176928,4.37938335511502,2.25216654476212,9
21,3284,"S. Feghouli","Attacking midfielders",2,-3.89004423594406,2.02806146686103,0.994605546893552,2
22,3285,"Pablo Hernández","Midfielders",5,-1.27807743391506,4.0682123732551,0.934801092849872,1
23,3286,"Dani Parejo","Midfielders",5,1.95968474325727,3.76234595512624,2.42258998192724,11
24,3287,"Portu","Attacking midfielders",2,-5.22649932872066,-0.854731852218647,-0.38753545896974,9
25,3290,"Aritz Aduriz","Forwards",4,-6.36187481360972,-4.9719221926134,2.47642688760123,5
26,3291,"Paco Alcácer","Forwards",4,-5.33738084219398,-3.40776533203653,2.1810032067184,7
27,3293,"P. Piatti","Attacking midfielders",2,-3.75890061396951,1.18510652446208,-1.5693646290303,5
28,3294,"Roberto Soldado","Forwards",4,-5.06039965110142,-2.55684176111956,0.840000656651563,5
29,3300,"Raúl Albiol","Centre backs",1,5.74174418972887,-0.904521476386714,1.67235498847311,6
30,3301,"Arbeloa","Defensive midfielders",3,2.62595851513428,2.83250300482424,1.09676604570849,1
31,3304,"Nacho Fernández","Centre backs",1,3.56565798747735,-0.586393418251732,1.35462252104383,10
32,3305,"Pepe","Centre backs",1,4.8443382689673,-0.493881566057023,2.20750841929586,3
33,3306,"Sergio Ramos","Centre backs",1,5.56830665802563,-0.228703716780083,3.41996513516123,8
34,3309,"R. Varane","Centre backs",1,5.09787386237799,-1.89924084016354,2.50230757012918,7
35,3310,"Marcelo","Midfielders",5,0.665518263257169,6.17948000599913,1.14645670804871,8
36,3313,"José Callejón","Midfielders",5,-1.03981033143937,1.66633626745575,-0.00278745272911873,1
37,3317,"Esteban Granero","Defensive midfielders",3,1.0373861336392,1.59439177518892,0.344716635995205,6
38,3321,"K. Benzema","Attacking midfielders",2,-6.13664385957639,0.194458251938906,4.55923584128151,9
39,3322,"Cristiano Ronaldo","Forwards",4,-7.50822951549069,-0.914054952550514,5.04817749146808,4
40,3324,"Álvaro Morata","Forwards",4,-6.29460039377375,-4.00045500435405,0.870427205591976,5
41,3325,"Juanfran","Midfielders",5,1.09406682422182,2.51750294246157,-2.06010155863367,5
42,3326,"Jesé Rodríguez","Attacking midfielders",2,-6.09191319608654,2.02594466087914,1.14388760942496,4
43,3327,"Joselu","Forwards",4,-4.86638723638494,-4.62270961648685,0.943338107240925,6
44,3334,"Dani Alves","Midfielders",5,2.45628240873989,6.14522459849911,0.792940901989067,3
45,3335,"Marc Bartra","Centre backs",1,5.11558585590233,-0.664386327695235,1.20394581643364,9
46,3336,"Adriano","Midfielders",5,2.97852702027539,4.72745007913097,1.53356318939298,2
47,3337,"Andreu Fontàs","Centre backs",1,6.89230405609427,0.912566297794919,1.70660324517406,4
48,3338,"Sergi Gómez","Centre backs",1,5.50679868468609,-2.04574917114628,1.39014500759173,10
49,3339,"Martín Montoya","Defensive midfielders",3,3.01536681171686,1.15271064397679,-2.16704094044729,5
50,3340,"Muniesa","Defensive midfielders",3,4.71044909310721,0.744847080004457,-0.181894160149931,2
51,3341,"Gerard Piqué","Centre backs",1,6.16755184631085,-0.174121361992539,3.39770641036504,8
52,3344,"Rafinha","Midfielders",5,-1.22796038007136,3.56733247606495,1.75117984019704,4
53,3346,"Sergio Busquets","Defensive midfielders",3,4.58401657079145,3.9110431309714,2.90374874193615,9
54,3347,"Sergi Roberto","Midfielders",5,0.852494214869744,3.79513484459392,2.23833739708882,8
55,3348,"Gerard Deulofeu","Attacking midfielders",2,-5.05895891228971,3.85796761841561,1.90195595537539,1
56,3349,"J. dos Santos","Midfielders",5,0.168190565129202,2.68752384652676,0.573822552343913,3
57,3351,"Kiko Femenía","Defensive midfielders",3,2.42104032612448,1.80698830444448,-0.74828577652249,5
58,3352,"Xavi","Midfielders",5,2.01810728582115,7.32245642887275,5.70686374689072,1
59,3353,"Andrés Iniesta","Midfielders",5,0.682075914139822,6.79052403010028,3.93999576866313,4
60,3355,"J. Mascherano","Defensive midfielders",3,6.5267191083432,2.48397556558849,3.28208355914736,4
61,3357,"Isaac Cuenca","Attacking midfielders",2,-2.24936710198814,1.15917374741768,-0.454993340779788,3
62,3358,"Cristian Tello","Attacking midfielders",2,-3.19759964841628,2.20538106740159,0.644684791797971,5
63,3359,"L. Messi","Attacking midfielders",2,-7.94558740738955,7.19361820318495,6.18647083535313,7
64,3360,"Pedro","Attacking midfielders",2,-5.26642962977845,4.10949553514716,3.73125355422264,1
65,3361,"A. Sánchez","Attacking midfielders",2,-2.79186315394942,0.255774748881698,0.195894894648971,1
66,3368,NA,"Centre backs",1,5.93370715065657,-1.49550589974051,-0.389822385429883,1
67,3372,"Aythami Artiles","Centre backs",1,6.366964231658,-1.52168123261684,2.01173696082016,2
68,3374,"Zé Castro","Centre backs",1,6.2936507669505,0.13250343091528,1.67566408379891,2
69,3375,"Laure","Defensive midfielders",3,3.02252189995673,-0.123927373957738,-2.28932781164149,3
70,3378,"Álex Bergantiños","Defensive midfielders",3,3.50441775508608,1.0540931182192,0.743581779267617,3
71,3380,"Juan Domínguez","Defensive midfielders",3,-0.145211235803796,-0.0686738002104847,-0.475437047700212,1
72,3381,"Borja Fernández","Centre backs",1,4.24397853780556,-1.88701074893046,-0.377778317397678,2
73,3384,"A. Guardado","Defensive midfielders",3,1.85409796118527,2.48110008386521,1.0912272927948,7
74,3394,"Bruno Gama","Attacking midfielders",2,-3.51203096469435,1.73560673474795,-1.33547071636751,1
75,3400,"F. Amorebieta","Centre backs",1,5.28326706430757,-2.11219020464091,-0.991814707832042,1
76,3403,"Borja Ekiza","Centre backs",1,5.40335601007204,-2.35180474454349,-0.965712393542487,1
77,3404,"Andoni Iraola","Midfielders",5,0.416152804401952,2.85232172553648,0.42309974949487,1
78,3407,"Jonás Ramalho","Centre backs",1,4.05579572519107,-1.83247177691795,-0.0934602430526563,2
79,3408,"Enric Saborit","Defensive midfielders",3,2.90751968244295,-0.477223356125887,-1.92425343378428,2
80,3409,"Mikel San José","Defensive midfielders",3,2.67494604162202,-0.0424359533596508,0.479020865534606,5
81,3412,"Gurpegi","Centre backs",1,5.56437668913892,-2.87131007206035,0.627200959700579,2
82,3413,"Ander Herrera","Defensive midfielders",3,2.35458952424143,3.18424310093967,0.745718625635601,2
83,3414,"Ander Iturraspe","Defensive midfielders",3,3.98463355452256,1.17726099494041,0.217921054855222,4
84,3418,"Iñigo Ruiz de Galarreta","Defensive midfielders",3,1.79980568554198,2.14863811358695,0.0930816022230787,5
85,3419,"Iñigo Pérez","Defensive midfielders",3,0.633991077451526,0.790795686834312,0.50082250916534,2
86,3420,"Markel Susaeta","Attacking midfielders",2,-3.41180899794974,2.44091151993742,-0.743353204250339,5
87,3421,"Óscar De Marcos","Defensive midfielders",3,1.51155842551503,2.3164727749898,-1.59679797985208,11
88,3423,"Ibai Gómez","Attacking midfielders",2,-3.24295046663789,1.17813390412832,0.290916146002028,6
89,3424,"Fernando Llorente","Forwards",4,-5.25337980107331,-4.5319586126724,1.84968199040029,1
90,3425,"Iker Muniain","Attacking midfielders",2,-3.57086917255444,3.01935704549984,2.15882509894947,10
91,3426,"Gaizka Toquero","Attacking midfielders",2,-1.85521585946843,0.397634520581804,-1.47945488893359,1
92,3431,"Miranda","Centre backs",1,5.25040424917177,-3.61300941309253,-0.320229043602826,1
93,3433,"D. Godín","Centre backs",1,4.68669920260477,-3.37487719061134,0.863210264527626,5
94,3434,"Filipe Luís","Midfielders",5,2.35203855623046,3.61017809188095,-0.296254678182726,4
95,3436,"Javi Manquillo","Defensive midfielders",3,3.86063514300477,0.53813914802334,0.344801168254511,2
96,3440,NA,"Defensive midfielders",3,4.26695883724078,1.62870703426753,2.39308628500755,3
97,3441,"Gabi","Defensive midfielders",3,4.30371495050604,3.31857769552627,0.491111814418934,4
98,3442,"Fran Mérida","Defensive midfielders",3,2.23658732031572,2.97713223718323,0.366790342356254,2
99,3443,"Koke","Midfielders",5,1.85724515055043,3.99977233802509,2.10324201797609,12
100,3446,"Mario Suárez","Defensive midfielders",3,3.35326565953785,-0.586101169600863,1.1300129702669,4
101,3447,"Juanfran","Defensive midfielders",3,1.56446605431019,1.31462373529379,-1.4232374455707,5
102,3448,"A. Turan","Midfielders",5,-2.34975406582278,3.98168766868032,2.05468464293772,3
103,3450,"R. Falcao","Forwards",4,-5.35108819934587,-5.2849667138376,1.41772606265782,3
104,3451,"Adrián López","Attacking midfielders",2,-4.37775279907209,-0.0331429725951458,0.930579790120946,5
105,3460,"Coke","Defensive midfielders",3,1.5832353768346,0.219353600211919,-1.30902739500891,6
106,3464,"Antonio Luna","Defensive midfielders",3,2.48078414299305,1.43617239084281,-2.11889701664205,4
107,3465,"Fernando Navarro","Defensive midfielders",3,3.72703682366901,-0.124259909013876,-1.5140849699499,4
108,3466,"Alexis","Centre backs",1,4.13083313457538,-3.22728873656526,-0.102491988518428,4
109,3468,"J. Cala","Centre backs",1,4.39324735262462,-3.51394936303663,-0.461956357808518,5
110,3470,"José Campaña","Midfielders",5,1.06556041533958,3.12238517623827,0.577618074882645,6
111,3474,"Jesús Navas","Midfielders",5,0.250035529210895,4.84270506439168,-0.771581371164404,8
112,3476,"I. Rakitić","Midfielders",5,1.13753700369467,3.50454405229675,3.09485744830963,10
113,3477,"José Antonio Reyes","Attacking midfielders",2,-3.60349458099198,4.63596705336048,-0.518737940270998,3
114,3479,"Manu del Moral","Attacking midfielders",2,-3.90154240607951,-0.20012511657386,0.593702833996735,1
115,3483,"Álvaro Negredo","Forwards",4,-5.29135109179266,-4.29302611920775,1.50898682523111,5
116,3484,"Luis Alberto","Attacking midfielders",2,-4.92338254179877,1.5677747108836,1.11228675782536,1
117,3493,"Miguel Flaño","Centre backs",1,3.49151108993274,-3.9524633039506,-0.327136677728127,1
118,3496,"Sergio Postigo","Centre backs",1,4.88835437333841,-1.84840633267813,0.243809800162825,5
119,3501,"Álvaro Cejudo","Midfielders",5,-0.944993390139895,2.225109660443,-2.05279546856679,2
120,3503,"R.García Escudero","Forwards",4,-3.3105632018576,-1.98215873829862,0.0424140176844471,10
121,3505,"R. Loé","Defensive midfielders",3,3.07738916630707,-0.6164116622133,-0.321067680366774,1
122,3510,"David Timor","Defensive midfielders",3,3.21052558717819,-0.350307927132329,0.443455220062128,4
123,3511,"Roberto Torres","Attacking midfielders",2,-2.65799499963481,1.71603907988135,0.0906951717309862,4
124,3523,"F. Lejeune","Centre backs",1,4.81721309864062,-1.6570462243347,1.3308594887001,7
125,3526,"M. Musacchio","Centre backs",1,4.99538769816157,-2.88479549368521,0.767338800657132,3
126,3527,"Kiko Olivas","Centre backs",1,4.31609753411452,-2.25085045720826,1.07666898192617,2
127,3529,"Mario Gaspar","Defensive midfielders",3,2.63665554122066,0.464050231624332,-1.18011191029477,8
128,3534,"Jaume Costa","Defensive midfielders",3,2.11236615156542,1.37720860022609,-1.30329260589641,9
129,3536,"Moi Gómez","Midfielders",5,-0.818398816233706,2.35874006180107,0.914102081589067,11
130,3537,"Cani","Midfielders",5,-0.481343342134628,2.2988603339298,0.442616334603897,1
131,3538,"M. Wakaso","Defensive midfielders",3,0.945957122913014,0.97814174232146,-1.2316682849567,5
132,3539,"H. Pérez","Attacking midfielders",2,-3.09361248007743,0.552812391543186,-1.93658633218968,4
133,3541,"Bruno Soriano","Defensive midfielders",3,3.90048063595636,1.23595299218251,3.34902912188062,3
134,3542,"Manu Trigueros","Midfielders",5,1.28905333687311,2.75269793749605,1.88875325647162,9
135,3548,"G. Rossi","Forwards",4,-5.09456820383259,-1.31429977582856,2.32167548013275,2
136,3556,"M. Demichelis","Centre backs",1,5.21228562037363,-2.65015840762656,0.44765225362423,1
137,3557,"Jesús Gámez","Defensive midfielders",3,2.8872158572587,1.12843588386274,-2.32464690769097,2
138,3560,"Nacho Monreal","Defensive midfielders",3,1.58631945430298,0.105674418234609,0.0469184495885871,2
139,3561,"Weligton","Centre backs",1,5.80211179554056,-2.28165479296207,-0.242757901834775,2
140,3562,"Sergio Sánchez","Centre backs",1,5.57404489041608,-1.725623802145,0.843573402302776,1
141,3563,"Isco","Attacking midfielders",2,-3.50656426349591,5.95117875521728,2.86901781891494,10
142,3565,NA,"Midfielders",5,-2.51787847867672,5.8966008955537,1.12757632941649,2
143,3566,"Ignacio Camacho","Defensive midfielders",3,3.92026953482582,0.277970779084791,0.199276888154093,3
144,3567,"Santi Cazorla","Midfielders",5,-0.517570489886336,4.49549671451124,1.98208544469751,3
145,3568,"Recio","Defensive midfielders",3,1.20524143185561,1.3728509144706,0.651133154094355,7
146,3571,"Joaquín","Attacking midfielders",2,-3.17791783431909,2.94359675744229,1.69246846854562,8
147,3572,"Portillo","Midfielders",5,-1.5516063752008,2.48453796094789,0.386415259190343,5
148,3576,"Juanmi","Forwards",4,-4.44644111902742,-3.40745854722308,0.885149999738254,9
149,3577,"S. Rondón","Forwards",4,-4.03192209585831,-4.44946953850802,0.375001194916184,1
150,3585,"Antonio Amaya","Centre backs",1,6.23630350180818,-3.11312076151196,-0.0819676049947953,2
151,3588,"Chechu Dorado","Centre backs",1,5.40992485754806,-1.15423979860809,1.01005122215157,2
152,3594,"José Alberto Cañas","Centre backs",1,4.8612671110359,-0.162631704023548,0.562782082750553,2
153,3595,"Beñat Etxebarria","Midfielders",5,1.70356852055502,4.41782644563447,1.3497063830097,5
154,3598,"Álex Martínez","Defensive midfielders",3,1.19764842251401,1.32802519829787,-1.6722771626658,1
155,3602,"Salva Sevilla","Midfielders",5,0.709262263952372,2.47992430269886,2.59385484977985,4
156,3603,"Álvaro Vadillo","Attacking midfielders",2,-4.10610664595697,1.32524953874529,-0.673030720617513,1
157,3604,"Rubén Castro","Forwards",4,-5.3832245197235,-2.07318028739078,3.35163073356501,2
158,3605,"Jorge Molina","Forwards",4,-5.73943190255014,-2.9165148622906,1.05665522382822,6
159,3608,"R. Santa Cruz","Forwards",4,-3.3754117234413,-1.89614175115105,2.47203285629575,1
160,3629,"Viguera","Attacking midfielders",2,-3.95216049129672,-0.675170397518175,-0.299060604580901,2
161,3642,"Iván Ramis","Centre backs",1,5.23829350885435,-2.6981114086677,1.34948049848048,6
162,3644,"Pedro Bigas","Centre backs",1,4.8544577633191,-1.01222303426416,1.14651926209657,9
163,3645,"Chory Castro","Attacking midfielders",2,-3.03536160951098,2.84063778439889,-0.588810359588103,4
164,3650,"Tomás Pina","Defensive midfielders",3,2.56858887635694,-0.97779469050279,-0.178800481009243,7
165,3651,"Abdón Prats","Forwards",4,-4.86052158639023,-5.4755666815184,0.314919114325713,4
166,3653,"F. Tissone","Defensive midfielders",3,3.88103019869111,2.11289910365822,0.644663943784778,1
167,3655,"Víctor Casadesús","Forwards",4,-3.35634045724803,-1.33909410505952,1.8453061387569,2
168,3656,"Álvaro Giménez","Forwards",4,-3.09654908829904,-4.80058942071423,0.581978544469082,1
169,3657,"T. Hemed","Forwards",4,-4.42656132643312,-4.93437315608151,1.90420616293411,1
170,3665,"Ansotegi","Centre backs",1,4.84939839548341,-4.13787395145945,0.699171064787245,2
171,3667,"Alberto De La Bella","Defensive midfielders",3,2.68806309016579,1.60173142491052,-1.28003027966514,3
172,3670,"Mikel González","Centre backs",1,4.84019233949218,-2.61362211604095,-0.252601883011577,3
173,3671,"Íñigo Martínez","Centre backs",1,4.68111150817576,-0.842439365439068,1.25375747261737,11
174,3672,"Carlos Martínez","Defensive midfielders",3,3.33962755237984,1.72347852176347,-2.02420163475972,3
175,3674,"Markel Bergara","Centre backs",1,2.22174826070334,-2.35369008674261,0.26463884801319,3
176,3675,"Gorka Elustondo","Centre backs",1,4.51590631727147,-0.487905742833356,0.0215017390211203,2
177,3676,"Asier Illarramendi","Defensive midfielders",3,3.83338337500637,3.20933664570348,1.01829478006597,6
178,3677,"Rubén Pardo","Defensive midfielders",3,2.06350482909698,2.55879622571054,1.82308671373505,4
179,3678,"Xabi Prieto","Midfielders",5,-1.47543413373157,1.36165824827453,2.43896817123706,4
180,3680,"David Zurutuza","Defensive midfielders",3,1.27302237900497,1.1167815905961,0.770121274666963,4
181,3681,"Imanol Agirretxe","Forwards",4,-5.38944543663382,-4.1661847730473,2.78900035268127,2
182,3682,"A. Griezmann","Attacking midfielders",2,-3.63412312364339,1.06919065455406,2.80545816138906,12
183,3685,"C. Vela","Attacking midfielders",2,-5.31631058877794,2.20185966698855,1.87460942895905,3
184,3691,"Domingo Cisma","Defensive midfielders",3,4.77570573308792,3.54897903200429,0.0197860945132875,1
185,3692,"B. Espinosa","Centre backs",1,5.20177137932449,-3.41294027674974,1.08079604837264,5
186,3695,"Álvaro Soberón","Centre backs",1,5.45489526436795,-2.02042478411014,0.894777071756926,5
187,3704,"Pape Diop","Defensive midfielders",3,2.41630399547179,-1.00474131565514,0.136028188898209,6
188,3705,"Adrián González","Defensive midfielders",3,0.704412649958946,-1.35251608691176,1.40404197389623,4
189,3708,"J. Samperio","Attacking midfielders",2,-2.73208896409322,-0.374726173326973,-1.3651418226722,1
190,3714,"C. Stuani","Forwards",4,-5.60041394665303,-7.21465929706488,1.24478184129365,6
191,3735,"Juankar","Defensive midfielders",3,0.954741678629587,0.940941343306698,-1.98267557060617,4
192,3738,"Lafita","Forwards",4,-4.32286974559337,-1.28618624554553,-0.790686496258381,1
193,3750,"Mikel Balenziaga","Defensive midfielders",3,2.02384571587827,0.574911572262666,-2.4017044567412,8
194,3779,"Alberto Bueno","Attacking midfielders",2,-3.34160967438154,-0.24118197539733,2.69730007391915,2
195,3780,"Manucho Gonçalves","Forwards",4,-3.99885054871593,-6.36240198517992,1.49222931970337,2
196,3781,"Javi Guerra","Forwards",4,-5.9045427796377,-3.60875315065023,2.6343387954272,2
197,3787,"Víctor Álvarez","Defensive midfielders",3,-0.17317548239654,-0.32669678276482,-2.02846392924667,2
198,3788,"J. Amat","Centre backs",1,4.8032132586767,-1.30229917199473,0.426071164296192,2
199,3790,"Carlos Clerc","Defensive midfielders",3,1.50391973721873,1.81080533181133,-2.33365550316022,5
200,3791,"Z. Feddal","Centre backs",1,5.95089016677443,-1.17483031199788,1.54460802853202,5
201,3795,"H. Moreno","Centre backs",1,5.05925492952748,-0.883396495205355,2.11326467291026,3
202,3797,"Víctor Sánchez","Defensive midfielders",3,2.70803541508392,1.27121732617238,-1.71299975558396,6
203,3798,"Dídac Vilá","Defensive midfielders",3,2.12443157217337,0.931757404481441,-2.44723864024969,4
204,3801,"Raúl Baena","Defensive midfielders",3,2.2800449069439,-1.37376404839472,0.594394163746396,2
205,3802,"Philippe Coutinho","Attacking midfielders",2,-4.37630230780148,4.58071840697421,3.64717290634277,4
206,3803,"Sergi Darder","Midfielders",5,-0.526901253285944,2.21426483441323,0.685658989683798,9
207,3804,"Álvaro Vázquez","Forwards",4,-5.43679420760305,-3.80830929011618,1.04375482540501,2
208,3806,"Javi López","Defensive midfielders",3,3.06009666225664,0.767257176909709,-2.76758684176006,6
209,3808,"Javi Márquez","Defensive midfielders",3,0.758073715237838,1.10426053080891,0.594166834556232,2
210,3812,"Joan Verdú","Midfielders",5,-0.468620116511455,3.09616618993134,2.27404929374451,1
211,3814,"T. Bifouma","Attacking midfielders",2,-6.40141479578345,0.257356462917531,-0.044006897153615,1
212,3816,"Sergio García","Attacking midfielders",2,-5.54365642161709,0.833850961072449,0.861458629369548,3
213,3819,"K. Uche","Forwards",4,-4.36610810312135,-4.32462537502107,3.02581763535433,1
214,3826,"Roberto Lago","Defensive midfielders",3,3.03115598222407,0.2693869334996,-1.09402417910269,2
215,3827,"Hugo Mallo","Defensive midfielders",3,2.81636985287666,1.55909236099838,-1.39441658567135,9
216,3828,"Raúl Navas","Centre backs",1,5.29370820197158,-0.864639782845954,1.50379587274873,5
217,3829,"Oier Sanjurjo","Defensive midfielders",3,2.52037740379833,-0.678456388088784,-1.29421093618944,4
218,3835,"Álex López","Midfielders",5,0.524657442975453,4.53234284534647,2.16206465279994,1
219,3837,"Jota","Attacking midfielders",2,-2.30718079299954,1.17371984508276,-0.932369771156976,2
220,3840,"Iago Aspas","Attacking midfielders",2,-5.57784421334223,1.44303567154939,2.49769217883577,11
221,3843,"F. Orellana","Attacking midfielders",2,-5.15840176466497,2.68808487892098,0.620483908701755,7
222,3856,"Molinero","Defensive midfielders",3,2.87428624621559,-0.434963816917215,-2.60878629239749,2
223,3866,"M. Iturra","Defensive midfielders",3,2.53250549991144,-0.264874593980966,-0.585628117086252,2
224,3874,"Kike García","Forwards",4,-6.01802797109894,-4.70734681220065,0.723520099549544,10
225,3875,"Borja Bastón","Forwards",4,-4.97785657707756,-4.99364341231143,1.5610385540214,3
226,3885,"L. Cabrera","Centre backs",1,4.60349502178081,-1.95860001953866,-0.463231550955522,7
227,3908,"Lago Júnior","Attacking midfielders",2,-4.16237892409458,0.0299388337201292,-0.652895989952224,1
228,3916,"G. Cabral","Centre backs",1,5.93417152668085,-1.54187069884518,1.66087555941584,5
229,3918,"Juanfran","Centre backs",1,5.06291560103847,-0.199713941428358,-0.876450534194924,2
230,3919,"Iván López","Defensive midfielders",3,2.07398717373325,2.10064315733354,-2.4057854535326,2
231,3920,"Pedro López","Defensive midfielders",3,2.69047137306708,0.662443621035231,-2.0117649092928,4
232,3922,"David Navarro","Centre backs",1,5.00667485604908,-3.66354383885202,0.866308730251408,2
233,3928,"Iborra","Centre backs",1,2.40287631813944,-1.40033337891908,1.54990541759224,7
234,3933,"Xavi Torres","Centre backs",1,2.91679556906313,-1.95020948194083,0.287742193356694,2
235,3934,"N. El Zhar","Attacking midfielders",2,-4.12032162069724,-0.372677405914332,0.293528870144663,5
236,3937,"Roger Martí","Forwards",4,-5.50307206421598,-3.48435084015242,0.41294735506227,8
237,3943,"Aridane Hernández","Centre backs",1,4.86903126693987,-2.97306030469309,0.544539847676461,6
238,3969,"Roberto Canella","Defensive midfielders",3,2.28192151631195,-0.370168764267896,-2.19202113369686,2
239,3970,"Alejandro Gálvez","Centre backs",1,5.3203578510937,-1.26440157884526,0.252200489345206,3
240,3972,"Álex Menéndez","Midfielders",5,-0.778849894952252,0.788154384880081,-1.96972850545432,1
241,3974,"D. Suárez","Defensive midfielders",3,1.62804243750394,1.64974554817256,-2.59874631459696,9
242,3975,"Sergio Álvarez","Defensive midfielders",3,3.32454990774701,-0.465958718964427,-0.889235300606983,5
243,3977,"Nacho Cases","Defensive midfielders",3,1.87064502203283,0.870581404248903,0.674302384104168,2
244,3979,"De las Cuevas","Midfielders",5,-1.38311575676434,1.85201902342267,-0.363121077791264,1
245,3984,"Alberto Lora","Defensive midfielders",3,3.89465438129259,1.06193115724067,-1.49658836850671,1
246,3987,"Ó. Trejo","Attacking midfielders",2,-2.80990458981319,2.92318266467724,-0.345589693200401,5
247,3988,"David Barral","Forwards",4,-4.6690117961525,-3.18110308986755,1.49187709124833,1
248,4000,NA,"Centre backs",1,5.26704354222311,-3.41780997177337,0.543736768837353,2
249,4003,"Miguel Torres","Centre backs",1,4.2436139100819,-1.8952201684012,-1.72805836681106,4
250,4007,"Diego Castro","Midfielders",5,-1.08539665118154,1.75127952499379,0.630749739041015,1
251,4009,"M. Lacen","Defensive midfielders",3,3.4006358846625,0.790423118446082,0.507003408674113,3
252,4012,"Juan Rodríguez","Centre backs",1,3.91315840943646,-1.4910830086833,0.486432554460446,2
253,4013,"Rubén Pérez","Defensive midfielders",3,4.42491268898077,1.71303726941872,-0.576555269644267,6
254,4014,"Pedro León","Attacking midfielders",2,-4.07198604829962,1.3209912866468,-1.12836274754651,7
255,4015,"Pablo Sarabia","Attacking midfielders",2,-3.77469629252955,3.07877994028057,0.160297281967146,5
256,4017,"Miku","Forwards",4,-5.30048241233293,-2.86601399044796,1.94883645840708,1
257,4034,"Fidel","Midfielders",5,-2.14160789527968,2.89831342872288,-0.645585984638177,4
258,4048,"Sergi Enrich","Forwards",4,-4.9986801050765,-4.22772690485126,1.27043567423911,6
259,4065,"J. Murillo","Centre backs",1,5.25950997844318,-2.11814625191378,1.42374200068742,4
260,4078,"D. Ferreiro","Attacking midfielders",2,-3.48944070000432,2.96843075519721,-1.83271763396783,2
261,4086,"Eneko Bóveda","Defensive midfielders",3,3.37473228615396,-0.36613878068704,-1.5433199435354,4
262,4093,"Añibarro","Centre backs",1,5.58260648606545,-3.76216855004893,-0.247366296864285,1
263,4094,"Ander Capa","Midfielders",5,1.00344652562976,1.86800130483296,-2.64123001488166,7
264,4102,"Mikel Arruabarrena","Forwards",4,-3.08399730304501,-2.62168808683157,2.14512310726104,1
265,4110,NA,"Defensive midfielders",3,4.08192394895381,1.30028796068012,-1.72828821597348,1
266,4113,"Xabier Etxeita","Centre backs",1,4.83891134698948,-2.9382009313137,0.25289504197252,6
267,4116,NA,"Centre backs",1,5.25131582966469,-1.93225052090259,1.15642430993439,1
268,4127,"J. Feliu","Attacking midfielders",2,-3.282495758208,-0.25997160322046,-1.19657850189818,2
269,4131,"Ángel Rodríguez","Forwards",4,-5.91902471585281,-3.52946577423516,0.358885478953448,6
270,4180,"David Lombán","Centre backs",1,5.26390522720153,-3.75827890383461,0.755799787729086,4
271,4232,"Alcalá","Centre backs",1,4.92132950195107,-3.01363439819829,0.300118400173837,3
272,4234,"Lillo Castellano","Centre backs",1,3.69970447091309,-0.746842994714373,-1.40964427377783,3
273,4238,"Michel Macedo","Defensive midfielders",3,1.39766802758553,0.90112038058632,-0.190027458031977,3
274,4239,"Ángel Trujillo","Centre backs",1,3.73428156747887,-4.90983462609487,-0.676233243504451,2
275,4242,"Corona","Defensive midfielders",3,1.88097757342304,1.61415438079222,0.959087759296603,1
276,4243,"Verza","Defensive midfielders",3,2.63572914017024,1.96193438467554,1.0320591729188,2
277,4248,"Alberto Martín","Centre backs",1,3.49673746804797,-0.987372691976749,-0.0725999152348898,1
278,4249,"Soriano","Forwards",4,-1.20992774232054,-2.70957927061621,1.4427357214195,1
279,4252,"Aaron Níguez","Attacking midfielders",2,-1.92136932453535,1.27178603046969,-0.00965677669657032,1
280,4256,"Aleix Vidal","Midfielders",5,-0.555516531309104,2.76166466440666,-0.919534705533492,9
281,4257,"J. Zongo","Attacking midfielders",2,-3.73520926999839,0.702590197088006,0.493129819590881,1
282,4268,"Juan Rafael Fuentes","Centre backs",1,2.70349728007391,-2.31911684391563,-1.22245425335058,3
283,4272,"Ximo Navarro","Centre backs",1,2.87646966218213,-1.18400893499834,-2.18444343937838,6
284,4278,"Borja García","Midfielders",5,-2.00907212729844,2.61364463762966,1.47741094662528,5
285,4285,"Fede Vico","Attacking midfielders",2,-2.09418881798618,1.69804212122748,-0.643627970699081,3
286,4288,"S. Dubarbier","Defensive midfielders",3,2.53222058187233,0.506769454819841,-3.60399867115888,1
287,4303,"David López","Centre backs",1,4.74601521495019,-0.685205366009588,1.59269980136153,8
288,4325,"Jorge Pulido","Centre backs",1,4.03747798560473,-1.12249531389661,0.306918414949171,2
289,4326,"Tito","Defensive midfielders",3,2.97509047398704,-0.320165161555842,-1.89129474556028,5
290,4329,"Alejandro Arribas","Centre backs",1,4.78350607525574,-3.18181653517886,-0.0786455672021658,3
291,4332,"Javi Fuego","Centre backs",1,4.37292277115386,-0.292995056910883,0.0201435549719513,4
292,4336,"T. Gayoso Roberto","Midfielders",5,2.26790248868408,5.79234957318267,3.39146556576377,2
293,4337,"Lass Bangoura","Attacking midfielders",2,-5.41711024211765,2.58049319222231,-0.927425930228652,2
294,4338,"Diego Costa","Forwards",4,-5.65896310455119,-3.0562404975436,1.08224419833604,3
295,4342,"Piti","Attacking midfielders",2,-2.9222389912996,1.8984707199202,-0.278752295602223,2
296,4344,"Alberto Perea","Attacking midfielders",2,-3.26772776826982,2.65233428364156,-1.25473426201249,2
297,4355,"David García","Centre backs",1,5.09751836305162,-0.442526151930227,1.71342255475453,3
298,4358,"Víctor Laguardia","Centre backs",1,4.95149140224851,-2.71516411182668,0.340314710583692,6
299,4360,"Juanpe","Centre backs",1,5.29189992346358,-1.61334572971639,1.20744806581198,5
300,4361,"Javi Castellano","Defensive midfielders",3,4.15065312466987,0.67445716270717,1.61829866847305,1
301,4362,"Momo","Midfielders",5,-1.30049867654079,3.77034427487274,1.69566572820938,3
302,4363,"Vicente Gómez","Defensive midfielders",3,1.2899486718068,0.175035690656611,2.20817239286615,3
303,4365,"Roque Mesa","Midfielders",5,0.708446432246671,2.81201093487024,0.627982510285374,6
304,4366,"Hernán Santana","Defensive midfielders",3,3.00920976367245,0.473315695885967,1.52626428942915,1
305,4371,"Dani Castellano","Defensive midfielders",3,2.32177653132693,0.842208217748592,-1.28892966147885,3
306,4375,"Vitolo","Attacking midfielders",2,-3.86117275676136,2.61448512431909,0.00394279103468035,6
307,4379,"Jonathan Viera","Attacking midfielders",2,-3.96702856621666,5.88973682138416,3.2557229218451,4
308,4424,"Jonny Otto","Defensive midfielders",3,2.74286736845129,1.68453039743512,-0.582534895053464,5
309,4425,"Víctor Díaz","Defensive midfielders",3,3.25465234528074,-0.00122303513260151,-1.84774511547975,4
310,4440,"Borja Valle","Forwards",4,-5.37733297198448,-0.994143060974419,1.59876014079089,1
311,4452,"Yuri Berchiche","Defensive midfielders",3,2.14220092597898,2.04393836486282,-1.07750310572877,11
312,4487,"Sergio Marcos","Defensive midfielders",3,4.16780981163855,3.81299906039523,2.08450603293999,1
313,4488,"Saúl Ñíguez","Defensive midfielders",3,1.03276359744158,0.0458565771367475,0.0394007806621399,10
314,4492,"Iván Sánchez","Attacking midfielders",2,-2.95800897837722,3.39728823525149,-1.23419960888525,2
315,4498,"Lucas Vázquez","Midfielders",5,-1.91105850904793,4.25958749862742,0.170414280769066,11
316,4501,"Dani Carvajal","Midfielders",5,1.56016761830689,3.90543592673254,0.21199380420695,11
317,4507,"Álex Fernández","Defensive midfielders",3,0.577849366676122,0.326769287590044,0.317157532391101,4
318,4509,"Omar Mascarell","Centre backs",1,3.71309491546561,-0.443766501974353,-0.0358440895186438,6
319,4511,"Pedro Mosquera","Defensive midfielders",3,3.99364404297278,1.22363958110361,0.312732368547235,5
320,4513,"D. Cheryshev","Attacking midfielders",2,-3.38516713300874,1.20867544193224,-1.63703423369717,7
321,4515,"Óscar Plano","Attacking midfielders",2,-1.50770423111219,-0.937575609044638,-0.914654365380768,4
322,4580,"J. Babin","Centre backs",1,4.91287599366923,-3.52647299980893,1.39817522878834,3
323,4590,"A. González Casanova","Defensive midfielders",3,1.61370012332325,0.946166123534372,1.67955101698733,2
324,4592,"Paco Montañés","Attacking midfielders",2,-3.01395636002563,0.135145674297679,-0.95440066830174,1
325,4593,NA,"Defensive midfielders",3,3.78212209350952,-0.125893034858442,0.0686449566849415,1
326,4597,"Saúl Berjón","Attacking midfielders",2,-4.90447505682206,2.65844047097817,-0.56863855720713,2
327,4602,"Oriol Riera","Forwards",4,-3.93736864222433,-4.26704589309134,1.37513124114003,3
328,4683,"A. Szymanowski","Attacking midfielders",2,-4.32987723044174,-0.290885216167842,0.0855629527650355,2
329,4720,"Xisco Campos","Centre backs",1,4.80329235698335,-1.35144287823421,-0.140183310910986,1
330,4757,"Luso","Defensive midfielders",3,3.7067146745959,0.771560761505296,1.11406652039442,1
331,4778,"Coro","Attacking midfielders",2,-2.90452062023824,-0.588512407867892,0.80431294153909,1
332,4780,"David Juncà","Defensive midfielders",3,2.44670778515597,2.4921575834045,-1.6188064919049,4
333,4786,"I. Balliu","Defensive midfielders",3,0.976345869903534,0.790106667383176,-1.45087566074022,4
334,4789,"Carles Planas","Defensive midfielders",3,4.41922794615912,2.45780628090967,-1.25876541255662,2
335,4790,"Carlos Carmona","Midfielders",5,-1.72783753278304,1.37238015578235,-0.962621492667328,2
336,4791,"J. González","Midfielders",5,-1.80280026401966,3.12023047945842,1.12768293229291,1
337,4805,"Anaitz Arbilla","Defensive midfielders",3,4.76603016707042,0.955607201378761,-0.168551071425523,7
338,4821,"Michel Herrero","Defensive midfielders",3,2.56553006009066,2.64131663677118,0.209619611817581,3
339,4879,"Carles Gil","Attacking midfielders",2,-2.87786153542195,2.98437790809385,0.269933315281681,2
340,4880,"Rober Ibáñez","Attacking midfielders",2,-4.51880077665267,-0.477918620977746,-0.110238626501905,3
341,4889,"Tano Bonnín","Centre backs",1,4.48280809346331,-1.13496763417458,-2.49691622420125,1
342,4892,"José Gayá","Midfielders",5,0.980333705547544,1.88921316646489,-1.39530782219184,12
343,4902,"Ángel Montoro","Defensive midfielders",3,1.76441628475178,1.50726978686471,0.915444523588495,5
344,4908,"Alberto Moreno","Midfielders",5,0.417168743101745,1.90806982824673,-0.757128675720748,4
345,4911,"Jozabed","Midfielders",5,0.529054760589542,1.72300510159653,2.64452171465166,5
346,4918,"Deivid","Centre backs",1,5.15882271111518,-2.20593738383082,0.928310306603383,1
347,4923,"Salvi Sánchez","Attacking midfielders",2,-2.92052607345018,-0.407956514456104,-2.50401978494655,3
348,4936,"David Simón","Defensive midfielders",3,1.80963527507737,1.15668516541775,-1.05380317986181,3
349,4969,"Tana","Midfielders",5,-2.26919185732266,3.05033834955936,1.6750126472353,3
350,4997,"Antoñito","Midfielders",5,0.42701524267056,1.4226600546482,-1.86706170419308,2
351,5055,"José Mari","Defensive midfielders",3,2.64408925385461,-0.635204608401724,-0.612121442913558,4
352,5112,"Lucas Torró","Centre backs",1,2.4620732306074,-2.17950156646532,-0.278003874338757,6
353,5121,"Jorge Morcillo","Centre backs",1,5.62203127803218,-0.85975407566264,0.285358310768697,1
354,5138,"Wellington Silva","Attacking midfielders",2,-3.719976650012,2.58368010068149,-2.01838319829676,1
355,5147,"A. Lozano","Forwards",4,-5.78582075708041,-4.27468740781283,-0.933883216841879,6
356,5167,"M. Díaz","Forwards",4,-6.41757512301116,-4.08733398508775,2.21923462105146,2
357,5171,"Víctor Rodríguez","Attacking midfielders",2,-2.48372647965847,1.68212728228127,0.815251864664285,4
358,5195,"Omar Ramos","Attacking midfielders",2,-2.81229564964701,1.5389637598491,-1.46676940936638,2
359,5268,"Sergio León","Forwards",4,-5.88860260330087,-4.71093240896316,0.322025428136712,6
360,5280,"Mainz","Centre backs",1,4.53549415594642,-4.40481111377021,1.20829980143103,1
361,5281,"A. Nyom","Defensive midfielders",3,0.492486603815884,-0.372593901970141,-2.40898587485249,5
362,5284,"Siqueira","Defensive midfielders",3,1.49729425252874,0.491860634633348,-1.9372431403659,3
363,5286,"A. Moreno","Defensive midfielders",3,2.34473494814044,2.33353798124015,2.59570765803235,1
364,5289,"Fran Rico","Defensive midfielders",3,2.50493693578648,1.43552301957467,1.11985563348009,3
365,5290,"Mikel Rico","Defensive midfielders",3,0.504378168878868,0.765179280036164,0.449364634540516,5
366,5291,"Jaime Romero","Attacking midfielders",2,-4.87246746364025,1.48396193311643,-1.14426405840865,1
367,5297,"I. Uche","Forwards",4,-4.43665329720457,-1.28069310257848,2.5996818973609,1
368,5318,"Isma López","Defensive midfielders",3,1.49415679321495,0.805814134930574,-2.23427951624074,2
369,5327,"Miguel Cifuentes","Defensive midfielders",3,1.80601954004379,0.287296180256334,-2.43028650700407,1
370,5383,"Toño García","Midfielders",5,0.853099605648302,2.02419218478594,-2.0800125557996,6
371,5400,"Gerard Moreno","Attacking midfielders",2,-4.78494619912178,-0.578220752473365,1.82623204111041,11
372,5472,"Luis Hernández","Centre backs",1,4.91907261373344,-1.66978572309766,0.47568438529699,6
373,5481,"Miguel Guerrero","Forwards",4,-4.8810816228243,-3.90718497337936,1.13536013860029,4
374,5538,"Nacho Martínez","Defensive midfielders",3,2.4615425315772,2.59117230314557,-2.35881458225101,5
375,5542,"Dani García","Defensive midfielders",3,4.01081487376884,0.46624028589715,0.537536523219516,10
376,5653,"M. Mantovani","Centre backs",1,4.07570646664818,-4.65254185507347,-0.063427697583527,3
377,5677,"Bruno González","Centre backs",1,4.5011730792475,-4.00507968130142,-0.936831020857749,6
378,5725,"R. Azeez","Defensive midfielders",3,-0.511600986093583,-2.19031914049967,0.00623846213779599,1
379,5791,"J. Añor","Attacking midfielders",2,-3.23025301744126,1.80995176995399,0.41207065865258,4
380,5875,"Álex Gallar","Attacking midfielders",2,-3.88404472593224,2.04241673266843,0.797861641972225,1
381,5901,"Edu Campabadal","Defensive midfielders",3,3.37329361693394,0.81705842201234,-1.91639486028967,1
382,5902,"Brian Oliván","Defensive midfielders",3,1.10446502407612,0.52401101876797,-2.4717172081362,3
383,5907,"Sergi Samper","Defensive midfielders",3,2.85681799941517,1.87977956116247,0.992354872474337,1
384,5910,"Álex Moreno","Midfielders",5,0.0934891390638876,1.92027364644209,-2.3420948218684,6
385,5911,"Sandro Ramírez","Attacking midfielders",2,-5.11826536357912,-0.620627289352788,0.333679482395213,8
386,6035,"Rubén Alcaraz","Defensive midfielders",3,2.32192964828504,1.16534701154704,-0.0573453039358926,6
387,6106,"Antonio Puertas","Forwards",4,-3.64138482559784,-1.57612552057974,-1.22807946854416,4
388,6165,"F. Andone","Forwards",4,-6.65819261100223,-5.64361548328089,-0.213276349558725,3
389,6210,"Aday","Midfielders",5,-1.52669301770173,2.51342797600103,-1.66390294131728,2
390,6281,"Joseba Zaldúa","Defensive midfielders",3,1.78588685101029,0.870446390258401,-2.59608872720901,10
391,6286,"Jon Errasti","Centre backs",1,3.58843415783819,-1.3042287690285,-0.509765205406001,1
392,6287,"Pablo Hervías","Midfielders",5,-2.63599939268998,3.84021439246589,-1.61967316287029,2
393,6292,"K. Kodro","Forwards",4,-4.09436855867219,-4.29089534061964,1.37463081435137,2
394,6317,"Unai García","Centre backs",1,4.25967171665378,-2.53729976422844,-0.928234145004019,6
395,6325,"Gonzalo Verdú","Centre backs",1,5.005379249397,-2.00708793717811,1.23401676612039,3
396,6338,"David García","Centre backs",1,5.31082060765581,-2.51496579379768,0.417023385500762,6
397,6365,"Unai Bustinza","Centre backs",1,3.93719172404085,-0.905129557373284,-1.82091052704634,4
398,6369,"Iñigo Eguaras","Defensive midfielders",3,2.73288406591435,0.987482252725192,1.76502934741777,1
399,6370,"Eraso","Attacking midfielders",2,-2.40262628399509,-1.21044713676861,0.250816510362248,4
400,6386,"Jon Ander Garrido","Centre backs",1,2.29725793925358,-3.16287072050338,-1.43005192067785,1
401,6456,"Dani Rodríguez","Attacking midfielders",2,-2.51075855439865,0.37921868303313,-1.21879118916755,5
402,6513,"Raúl Carnero","Defensive midfielders",3,2.42238453490812,0.450103398067136,-3.35603561337942,5
403,6525,"Edgar Méndez","Forwards",4,-3.3961797631114,-1.719954691161,-2.81841346124299,6
404,6528,"Javi Moyano","Defensive midfielders",3,2.91395638120633,-0.750983113452473,-1.46228591125004,2
405,6531,"Fausto Tienza","Defensive midfielders",3,2.77163322384227,-0.890426691970524,-1.87957375010061,1
406,6572,"Iza Carcelén","Defensive midfielders",3,2.00419939795159,0.0439783401922763,-2.68881101209922,4
407,6579,"Antonio Raíllo","Centre backs",1,4.06173385095863,-3.03495957984638,0.877638104873423,6
408,6684,"Jony","Attacking midfielders",2,-5.03124387590222,3.07482725685998,-1.76619432221172,4
409,6914,"Álex Alegría","Forwards",4,-5.21203964447261,-5.06985795550593,0.725688538977136,2
410,6925,"H. Hernández","Midfielders",5,-0.11179319203324,2.46701474260019,-1.68907408189595,1
411,6950,"Pablo Ínsua","Centre backs",1,4.41820302145986,-3.51394834142483,-0.422238602379572,4
412,7069,"Javi Lara","Midfielders",5,0.841642310102467,4.46756485749344,0.531714960049575,1
413,7072,"Quini","Defensive midfielders",3,2.3382426012841,-0.331397793908252,-3.94451516734396,5
414,7302,"Raúl Albentosa","Centre backs",1,5.24100903198441,-2.93006216294969,0.592107379528554,3
415,7458,"Sergi Guardiola","Forwards",4,-5.35959812989677,-2.78008322558483,-0.263627229987285,7
416,7585,"Manu García","Centre backs",1,1.86847915585094,-1.98295784209978,-1.2577333043572,5
417,7593,"Quique González","Forwards",4,-4.97200505193976,-2.98221082534566,0.547687560821636,1
418,7612,"Jorge Miramón","Defensive midfielders",3,1.97947230501797,1.64992997789019,-2.05176706662834,4
419,7623,"Léo Baptistão","Forwards",4,-4.59923296421715,-1.70604770186848,-0.365145823436564,7
420,7624,"Rober Correa","Defensive midfielders",3,2.64267566919152,1.0582231673593,-2.0842033242397,3
421,7629,"Jaime Mata","Forwards",4,-5.21889709492869,-3.56882698674262,-0.303136774192714,7
422,7693,"Pere Milla","Forwards",4,-2.99717236141251,-1.84720528970064,-0.345254156186739,5
423,7818,"Carlos Akapo","Defensive midfielders",3,2.45053182034298,-0.79505738850925,-2.75988462197453,3
424,7857,"Ignasi Miquel","Centre backs",1,4.504606771746,-2.07241840225989,0.0225634584904377,2
425,7860,"T. Vermaelen","Centre backs",1,5.18601745144456,-1.22085073382214,2.91491446345065,3
426,7864,"F. Coquelin","Defensive midfielders",3,2.53296987120861,0.32560887678535,0.878153039516449,7
427,7899,"Oriol Romeu","Defensive midfielders",3,2.80203515245783,0.836337755607395,1.21842466242256,3
428,7908,"Fernando Torres","Forwards",4,-6.04318987223119,-4.24474013829757,0.621797323819588,4
429,7926,"Nani","Attacking midfielders",2,-5.23839089660826,1.79134317857463,0.886108828800358,1
430,7941,"Chicharito","Forwards",4,-5.84099451905604,-2.00369750970016,2.44393682265522,2
431,7972,"L. Suárez","Forwards",4,-6.80484103659045,-0.614088423129147,3.42489654109816,8
432,8032,"Marcos Alonso","Defensive midfielders",3,4.28988509902083,2.15093990908252,2.15622204150097,3
433,8200,"S. Nzonzi","Defensive midfielders",3,3.44559719725788,1.70190265995315,3.52290581026332,3
434,8213,"Rubén Rochina","Midfielders",5,-1.15442012396923,3.22548805371963,-0.207454933041471,6
435,8278,"G. Bale","Attacking midfielders",2,-5.18677302692483,1.23449227849994,2.38174349357728,6
436,8287,"L. Modrić","Midfielders",5,0.268673155551471,5.75732457572677,3.2371270521252,11
437,8297,"G. dos Santos","Attacking midfielders",2,-5.90983723672243,-0.0276500852640645,0.851420439427851,1
438,8309,"K. Rekik","Defensive midfielders",3,3.49315321777093,-0.428421840904727,1.87860276751311,3
439,8311,"S. Savić","Centre backs",1,5.45548770617716,-1.98629548534089,0.986797533625168,9
440,8317,"David Silva","Midfielders",5,-1.85049343054861,3.76041407561896,2.42274181906157,3
441,8320,"S. Nasri","Midfielders",5,-1.98224844739225,5.64502103855725,3.6693658844488,1
442,8323,"Denis Suárez","Midfielders",5,-1.81165665065514,3.73554296067478,0.504220147116769,10
443,8609,"A. Alcáraz","Centre backs",1,5.31068509094134,-1.9556001432776,0.173911565597132,1
444,8945,"K. Trippier","Defensive midfielders",3,2.47143029799124,3.59759643177438,-0.373512647876062,3
445,11063,"Suso","Attacking midfielders",2,-3.508864934097,4.73963124675266,0.985746098839645,5
446,14687,"S. Papastathopoulos","Centre backs",1,4.76402422715995,-2.61267544244973,1.00271629318186,1
447,14723,"T. Kroos","Midfielders",5,2.37097154760074,6.22095891498773,4.14868344119956,10
448,14724,"D. Alaba","Defensive midfielders",3,3.25440478588478,0.968299628451953,3.00131537705866,3
449,14740,"A. Boka","Defensive midfielders",3,1.45298971391138,2.17083807982379,-0.855857091986211,2
450,14748,"A. Rüdiger","Centre backs",1,4.42227732441308,-0.569144672962317,2.88730098160619,4
451,14757,"Z. Kuzmanović","Defensive midfielders",3,3.33351369397915,3.28431974664692,2.79263185202564,1
452,14763,"S. Okazaki","Forwards",4,-4.25071362787175,-6.13489976490748,0.181991384919038,1
453,14808,"İ. Gündoğan","Midfielders",5,-1.02448454063933,4.23444845417945,3.89514651326061,1
454,14817,"R. Lewandowski","Forwards",4,-6.38554733326368,-3.33516872188425,2.55909889245007,4
455,14836,"T. Inui","Attacking midfielders",2,-3.95205700383247,0.432542244432343,-0.147771431157301,6
456,14852,"Sergio Escudero","Defensive midfielders",3,1.76846875254105,1.77192207156159,-1.39514313019589,9
457,14866,"José Manuel Jurado","Midfielders",5,-1.74421019563745,2.28148785560077,1.23542931441983,2
458,14893,"H. Westermann","Centre backs",1,4.90639533258956,-3.34506792044318,-0.337992873020177,1
459,14922,"R. Rodríguez","Defensive midfielders",3,2.74400125314211,0.649014008702428,-0.414079681249061,2
460,14943,"M. Mandžukić","Forwards",4,-5.24035876351939,-2.79217631925201,2.37347085056803,1
461,15101,"P. Ebert","Midfielders",5,-1.47289796491949,1.69247914793218,1.22901862678468,1
462,15111,"A. Ramos","Forwards",4,-4.8378030771634,-2.80124036953313,1.37105348420002,1
463,15190,NA,"Attacking midfielders",2,-2.22435549423772,1.14759391595197,0.464318318234031,1
464,15214,"A. Rukavina","Defensive midfielders",3,3.05617260832849,-0.576193805943658,-1.26178120471032,3
465,15455,"J. Geis","Centre backs",1,5.47948308887831,0.589271172668402,0.370851941757642,1
466,15817,"R. Babel","Forwards",4,-3.06440702748264,-1.7847468352066,0.605902528674735,1
467,20393,"D. Bonera","Centre backs",1,5.84024076039352,-1.75544588485634,1.3960846745633,3
468,20401,NA,"Defensive midfielders",3,3.59854081031409,2.95362093246088,2.66865540568383,1
469,20402,"K. Boateng","Attacking midfielders",2,-4.50595785584812,-0.82760843589199,2.37473475864157,1
470,20406,"M. Flamini","Centre backs",1,2.52744782448625,-2.8847501645379,-1.10440853572325,2
471,20423,"Alexandre Pato","Forwards",4,-6.66100344804228,-0.793194554153994,1.09911105308642,1
472,20433,"S. Kjær","Centre backs",1,5.42469998731237,-3.12375365825391,1.37509669953715,2
473,20436,"Cote","Defensive midfielders",3,2.63280919413659,3.74245914660108,-1.61267426563701,6
474,20441,"E. Lamela","Attacking midfielders",2,-4.24526192371001,1.10895610048139,0.0933689625028319,3
475,20443,"M. Pjanić","Midfielders",5,2.57771284567224,5.92248265845897,5.25227262998416,1
476,20450,"Bojan Krkić","Attacking midfielders",2,-3.21596347659235,0.387942408074739,1.00915112200979,1
477,20460,"M. Cáceres","Defensive midfielders",3,4.64248545859155,0.933162752375724,0.408531369505212,1
478,20475,"A. Vidal","Midfielders",5,0.863831487001095,2.61741456393813,2.83694038354747,2
479,20536,"G. Pazzini","Forwards",4,-4.69549189714288,-4.08576002859799,0.636607963099371,1
480,20547,"Javier Garrido","Centre backs",1,5.03570171101985,-0.0767788051134277,0.605078461258239,1
481,20612,"S. Mustafi","Centre backs",1,5.71729747065708,-2.40766059827235,0.795036176624312,3
482,20618,"N. Krstičić","Defensive midfielders",3,1.25862385517895,-0.2885736474845,-0.76399664939409,1
483,20623,"R. Soriano","Attacking midfielders",2,-2.59270527534664,0.833283625287985,0.608072583770356,2
484,20636,"M. Andreolli","Centre backs",1,4.09475407961284,-3.16677565286251,1.45666991798276,1
485,20643,"B. Jokić","Defensive midfielders",3,4.92619820427078,1.30860307052882,-1.62987786192981,1
486,20672,"J.Crespo Rincón","Centre backs",1,5.35801139557568,-2.35589224281786,-0.292384423308291,2
487,20685,"R. Krhin","Centre backs",1,3.38814241715701,-2.0590810461329,0.129833792926303,3
488,20722,"F. Rossi","Defensive midfielders",3,4.34686157933468,1.4917986675983,0.465363265591855,1
489,20728,"Jonathas","Forwards",4,-6.0588720327653,-4.23128254934448,0.93293846638278,2
490,20733,"F. Piovaccari","Forwards",4,-5.62746732926361,-5.09538688727736,0.0854433754586273,1
491,20764,"L. Muriel","Forwards",4,-6.35263772272873,-1.33888116975262,1.67873013792764,1
492,20766,"H. Seferović","Forwards",4,-3.94438662020137,-2.76514886618737,0.0767009426895487,1
493,20803,"M. Aguirregaray","Midfielders",5,1.56495866894843,2.6732689782066,-0.96572909267878,1
494,20808,"E. Muñoz","Centre backs",1,4.53969079677923,-3.81305881349076,-0.642445937745867,1
495,20823,"F. Vázquez","Attacking midfielders",2,-2.7445845022372,1.85412433228519,0.838527725991489,4
496,20884,"J. Larrivey","Forwards",4,-3.68167864078675,-4.83696866237901,2.85579089796791,1
497,20932,"M. Nastasić","Centre backs",1,4.64957545685283,-2.76180278314131,0.255307446653586,3
498,20936,"J. Vargas","Defensive midfielders",3,1.80630073036523,-0.314165905640185,-1.54223650882175,1
499,20948,"S. Jovetić","Attacking midfielders",2,-6.28356265413557,-0.170003829517775,3.23857235074923,1
500,21077,"A. Gómez","Midfielders",5,-2.46711716881087,3.45580541046206,1.65730620000747,3
501,21174,"E. Cavani","Forwards",4,-3.89691322828984,-4.27012996952742,1.6060762867721,1
502,21550,"Gabriel Silva","Defensive midfielders",3,2.82811195264357,-0.437056178047291,-2.39352796973353,1
503,21793,"C. Piccini","Defensive midfielders",3,1.04760247833767,1.39519561623847,-1.69478344355222,3
504,21842,"C. Biraghi","Defensive midfielders",3,2.9025730254231,-0.230510378026993,-2.4417985232675,1
505,21894,"Keko Gontán","Attacking midfielders",2,-3.54870203068854,2.49825981261462,-2.68912208882504,4
506,22202,"S. Zaza","Forwards",4,-5.55595694029268,-4.91147926999,1.18205832059176,2
507,22386,"S. Longo","Forwards",4,-4.8507789190435,-4.79571719414954,-0.707977998612125,1
508,22566,"A. Florenzi","Defensive midfielders",3,2.40265750021799,2.76141382914355,-0.515990075896094,1
509,22578,"N. Sansone","Forwards",4,-5.55031908345129,-1.36025060229986,1.3949346348633,2
510,25391,"T. Kolodziejczak","Centre backs",1,4.76706533830579,-1.5926673897113,1.39101473048467,2
511,25392,"Bakary Koné","Centre backs",1,5.18448267799837,-1.97527519275448,1.05584962604305,1
512,25397,"S. Umtiti","Centre backs",1,5.90799307732657,0.278803682688117,3.09511585011087,5
513,25405,"M. Gonalons","Defensive midfielders",3,2.93728610210916,-0.360712669183388,-0.365643286834702,4
514,25407,"C. Grenier","Midfielders",5,0.390598454724984,1.99388264396369,-0.708156762036055,1
515,25440,"J. Pastore","Midfielders",5,-2.38268817443387,4.16717930105651,1.40425074968935,1
516,25441,"M. Sissoko","Defensive midfielders",3,1.53606484636278,0.922351597221887,-0.395612886431456,1
517,25445,"K. Gameiro","Forwards",4,-6.2138296423147,-2.31120714550313,1.25192976807791,7
518,25452,"S. Corchia","Defensive midfielders",3,1.89219147311824,0.910660941699099,-2.10729972180854,1
519,25461,"R. Boudebouz","Attacking midfielders",2,-2.92234905260424,4.22121225735947,0.944585804551003,2
520,25470,"S. Prcić","Defensive midfielders",3,4.88417146488868,1.6748888391709,-0.0277539673637936,1
521,25472,"C. Bakambu","Forwards",4,-5.43068059535219,-3.76314441490692,0.915903303874103,4
522,25477,"S. Gürler","Attacking midfielders",2,-3.84561000446634,0.873809222429851,-1.38262379073561,1
523,25537,"G. Krychowiak","Centre backs",1,4.50219878737995,-0.75102045914727,0.888238612479692,2
524,25553,"César Azpilicueta","Defensive midfielders",3,3.48586260584677,1.35880480849494,0.497095444917294,3
525,25568,"S. M'Bia","Centre backs",1,2.95361731984736,-1.60171680648173,0.46588249092155,1
526,25577,"L. Rémy","Forwards",4,-5.21941889089695,-1.84554284648838,2.28074366014726,1
527,25586,"Mariano","Midfielders",5,1.32606283127714,3.39260324994458,-1.51320546767981,2
528,25590,NA,"Defensive midfielders",3,1.00812570139037,1.12379803413042,-0.539407572518899,2
529,25623,"G. Kondogbia","Defensive midfielders",3,2.95794101957655,1.12224029069625,0.784526748294792,6
530,25638,"D. Foulquier","Defensive midfielders",3,0.936148283301717,-0.0947002557780384,-2.44190134741194,11
531,25701,"L. Digne","Defensive midfielders",3,3.11878227979135,3.6139330570983,0.316157090129907,2
532,25707,"E. Hazard","Attacking midfielders",2,-6.04253125532288,4.50061103708461,2.32169398750333,3
533,25784,"A. Abdennour","Centre backs",1,5.39852336669684,-2.94358986632423,0.334980011424634,2
534,25785,"S. Aurier","Defensive midfielders",3,2.37723835811667,1.59390583803634,0.610138371112847,1
535,25795,"W. Ben Yedder","Forwards",4,-6.74289952027855,-1.92211184098162,2.45305548049951,3
536,25798,"E. Capoue","Defensive midfielders",3,1.59278423229809,1.02532455870469,1.71483931752299,4
537,25809,"E. Rivière","Forwards",4,-4.13951906248799,-3.80255913428524,0.0861981743150332,1
538,25831,"C. Medjani","Centre backs",1,4.52523231427388,-2.4093057484239,1.43308824332396,2
539,25867,"P. Aubameyang","Forwards",4,-6.24557140358895,-3.24794861334254,2.79413121577581,1
540,25888,"F. Fajr","Midfielders",5,-0.147547190708883,2.79501528069527,0.688675971073935,4
541,25942,"G. Imbula","Midfielders",5,-1.49540656386037,1.21425511189526,1.30356715733596,1
542,26032,"C. Doukouré","Defensive midfielders",3,0.469088449549039,-2.85733544538931,0.502277260725605,1
543,26038,"J. Campbell","Attacking midfielders",2,-4.43322136661111,3.50281126998419,-0.830329148441301,1
544,26065,"J. Martin","Defensive midfielders",3,-0.151153618632612,0.0131941483029861,1.45484090689616,1
545,26084,"L. Carole","Defensive midfielders",3,2.7800991308286,2.49452971929646,0.177404554235716,1
546,26167,"C. Beauvue","Forwards",4,-4.6543363248223,-5.10783058437512,0.508220244427581,3
547,26195,"M. Saunier","Centre backs",1,5.18123884275187,-2.40483317573657,-0.126695896231813,1
548,26307,"A. Mandi","Centre backs",1,5.0737391843064,-0.84193092808142,2.63920251605243,8
549,26332,"P. Baysse","Centre backs",1,4.98494776880194,-3.37060134548336,0.336929719751218,1
550,26384,"G. Kakuta","Attacking midfielders",2,-4.21304589834105,1.9005132620942,-0.355995373809184,3
551,26515,"F. Kadir","Midfielders",5,-1.39996002325275,4.03683957152028,0.111219033153182,1
552,26518,"C. Sánchez","Centre backs",1,4.42844838036329,-0.292516400338204,0.281764723110565,1
553,26638,"K. Toko-Ekambi","Forwards",4,-7.01434323884767,-2.06977523209599,1.18450450827478,2
554,26652,"D. Wass","Midfielders",5,0.519793016687967,1.67082219271955,0.639291902792834,7
555,26792,"R. Aït-Atmane","Defensive midfielders",3,1.66022352058581,1.81812082577644,-0.124237977371309,2
556,28115,"N. Fekir","Attacking midfielders",2,-5.58880910474458,2.92416741248574,1.20298847995749,5
557,28232,"I. Amadou","Centre backs",1,2.19541304178519,-1.7663716573769,0.281170276707943,2
558,28292,"A. Doucouré","Defensive midfielders",3,2.775599048072,0.244509308803935,0.598441494918997,1
559,28529,"Y. Sabaly","Defensive midfielders",3,1.68913424091085,1.207328781248,-1.09499019920537,4
560,28922,"T. Lemar","Midfielders",5,-1.97425200494478,3.22813361965316,0.954122034117375,5
561,29642,"G. Peñalba","Defensive midfielders",3,4.47571980721951,1.41786706548966,1.24038576715645,1
562,32577,"Sidnei","Centre backs",1,4.6287862097272,-1.7844483037134,1.03962421163516,7
563,32601,"Bebé","Attacking midfielders",2,-4.73776054924293,1.85809362164603,-2.04594647078825,5
564,32652,"E. Çolak","Midfielders",5,-2.24460572269236,3.49061786431921,1.77951726455114,2
565,32793,"A. N'Diaye","Centre backs",1,1.88172295629392,-1.96388146684012,0.403223869444076,1
566,32968,"N. Amrabat","Attacking midfielders",2,-7.42975330851655,1.16275825819549,-0.916092225275034,3
567,32978,"O. Yokuşlu","Defensive midfielders",3,3.42500268826911,-0.287986831386605,0.806735988690254,4
568,33219,"E. Culio","Midfielders",5,0.627520073467703,4.06188964465672,0.695651220556275,1
569,37762,"William Carvalho","Defensive midfielders",3,2.21026642780714,2.61097569489713,3.07891596847743,7
570,37814,"R. Donk","Centre backs",1,3.74225460147793,-1.49327336529869,-0.327661954838036,1
571,37831,"C. Bacca","Forwards",4,-5.93269005600995,-3.30285382369481,1.78830378732516,6
572,37836,"M. Lestienne","Attacking midfielders",2,-2.64596758474465,1.27147644725276,-0.382387711980182,1
573,38093,"M. Batshuayi","Forwards",4,-5.42505496038642,-1.7662676889888,1.58597833512148,1
574,38094,"I. Ezekiel","Attacking midfielders",2,-4.69449286478743,-0.0664250370855834,0.572102802406317,1
575,38436,"C. Santos","Forwards",4,-2.76135129161029,-5.17639586329594,1.09288957430691,2
576,40542,"Felipe","Centre backs",1,5.0404342207658,-3.25564017843782,0.859737856108057,3
577,40550,"Paulinho","Midfielders",5,-1.46070122369834,1.01581611702221,3.89681403790687,1
578,40574,"Dória","Centre backs",1,4.25123704800847,-3.67781909054599,-0.656890779851467,1
579,40614,"Guilherme","Defensive midfielders",3,3.11061370178668,0.469535421484733,0.980347468239389,2
580,40756,"Casemiro","Defensive midfielders",3,3.92467137347274,1.7814675400647,1.12710775093142,7
581,40770,"Willian José","Forwards",4,-4.82832436592082,-2.70557715030213,2.66554046563841,9
582,40800,"Ganso","Midfielders",5,-0.512533167247226,3.38233279645417,2.68157044020489,1
583,40810,"Neymar","Attacking midfielders",2,-8.50907860270361,6.56679433743742,3.45203677061348,3
584,41029,"Douglas","Midfielders",5,0.244046349012928,3.1821876249317,-2.54370071946253,1
585,41124,"Naldo","Centre backs",1,5.17211808057034,-3.18826739191766,0.214721734398927,4
586,41339,"Alex Telles","Defensive midfielders",3,1.54854058472353,1.02725244138976,-1.91787512893324,1
587,41363,"Gabriel Paulista","Centre backs",1,5.58609280974889,-2.46667734804708,1.44267395757843,7
588,42183,"Petros","Defensive midfielders",3,2.32245025224019,1.07218532660576,-0.497655313036222,2
589,43051,"Gabriel Pires","Attacking midfielders",2,-1.6919232878528,-0.141892584883482,-0.154989013649384,2
590,48354,"Thiago Galhardo","Forwards",4,-4.58295512065096,-3.55048734978978,-0.139990092324715,1
591,50102,"F. Schär","Centre backs",1,4.40314783343708,-1.66827580583993,-0.312056867950428,1
592,50213,"K. Yoda","Midfielders",5,0.525608460605805,3.7365957349374,-1.43355248568196,1
593,51004,"C. Borges","Defensive midfielders",3,1.9642457888848,-0.41871423043896,1.95446222287528,4
594,51217,"L. Augustinsson","Defensive midfielders",3,2.37405175532002,1.66004268790699,-0.529719413696978,1
595,55224,"A. Sørloth","Forwards",4,-6.32593061201959,-4.43100083802716,0.703637530915596,5
596,55968,"M. Braithwaite","Forwards",4,-5.46084506959753,-3.82644390731272,0.722136186348742,4
597,55990,"T. Delaney","Defensive midfielders",3,2.15802514770152,-0.465068065031666,0.42411103213511,1
598,56009,"R. Durmisi","Midfielders",5,-0.489398524418965,1.30272539372424,-1.04162529324965,2
599,56025,"M. Krohn-Dehli","Midfielders",5,-0.537826188494303,3.95689354909853,1.78128403487685,3
600,56408,"J. Jønsson","Centre backs",1,1.74922367497202,-2.84518526347131,-1.54175115323275,2
601,57347,"S. Ingason","Centre backs",1,5.0670799852881,-3.47769982629009,0.00480539061163119,1
602,69403,"Sammir","Midfielders",5,-2.66677944232643,4.91181464800683,1.85519231673653,1
603,69404,"M. Kovačić","Midfielders",5,0.75086889269145,4.55719403205365,2.63010149376254,3
604,69409,"Š. Vrsaljko","Defensive midfielders",3,2.06106537540689,0.375609414170586,-2.77725445625434,4
605,69513,"A. Budimir","Forwards",4,-5.61247122041617,-6.56539188439866,0.148895758192072,7
606,69610,"D. Čop","Forwards",4,-4.94017685637829,-2.7945427928449,1.09958902405281,3
607,70083,"Danilo","Defensive midfielders",3,2.53884273582296,2.63162519952551,0.570197412844603,2
608,70085,"E. Mangala","Centre backs",1,5.02872525955909,-3.25551335323305,0.47785627337056,2
609,70086,"N. Otamendi","Centre backs",1,5.66009153046041,-1.83225028768968,0.391863283944642,1
610,70094,"Fernando","Centre backs",1,3.91650830120784,-0.237657084100664,1.27132357627897,5
611,70096,"J. Rodríguez","Midfielders",5,-2.73500114393851,6.7406563662683,3.45956388844361,3
612,70112,"E. Garay","Centre backs",1,5.73391196809414,-1.9216425393682,1.56943448902239,4
613,70120,"Javi García","Centre backs",1,4.53487921740606,-0.349304212091811,3.20232386861757,2
614,70121,"N. Gaitán","Midfielders",5,-2.78532168727603,5.04895651547061,0.583321999164218,1
615,70123,"A. Witsel","Centre backs",1,4.2450296774115,-1.42899285186366,1.46557503916125,4
616,70125,"Nolito","Attacking midfielders",2,-3.81465258478744,2.32759913305477,1.32848232038399,6
617,70129,"Rodrigo","Attacking midfielders",2,-5.59946343249818,-0.116045280855017,1.85925776526505,6
618,70136,"S. Arias","Defensive midfielders",3,1.73361151605243,1.50173481748177,-0.831932525686522,3
619,70139,"E. Insúa","Defensive midfielders",3,1.90308105287587,1.72732718874078,-0.574582075810937,1
620,70140,"Daniel Carriço","Centre backs",1,4.8280496369546,-2.12744096355986,1.05198567365069,6
621,70159,"R. van Wolfswinkel","Forwards",4,-3.72442818852648,-3.83173943891834,0.478957838944411,1
622,70164,"Miguel Lopes","Defensive midfielders",3,3.02027493680304,0.747133045555195,-2.7258562140883,1
623,70235,"Héldon","Attacking midfielders",2,-2.67228636085115,-0.445435464211528,-1.03109099315244,1
624,70315,"Diogo Figueiras","Midfielders",5,0.292474613603199,1.79193166144738,-1.41087915534949,1
625,70327,"N. Ghilas","Forwards",4,-5.41441455533378,-2.4816568019178,-0.0285326047292046,2
626,70391,"A. Ba","Centre backs",1,5.9528644812027,-2.3052751184734,0.308389457880512,2
627,70451,"Luisinho","Defensive midfielders",3,1.96289566326808,1.46184452214299,-2.69294185117822,5
628,70507,"Paulo Oliveira","Centre backs",1,5.61607951173804,-2.41687114975232,-0.10233908846003,4
629,70767,"A. Santos","Centre backs",1,5.43453199406643,-3.57334830069928,0.583597595422859,2
630,70956,"Rúben Semedo","Centre backs",1,4.39461474521848,-3.34533957304582,0.87551427260815,1
631,70975,"Bruma","Attacking midfielders",2,-6.23843235736619,4.00499276233171,1.2388852776905,1
632,71004,"Candeias","Attacking midfielders",2,-2.11014121329259,0.84907651710615,-1.68322229776107,1
633,71057,"Licá","Attacking midfielders",2,-4.65342317290212,-0.51242428986165,0.870893983608519,1
634,71911,"Hernâni","Attacking midfielders",2,-6.21523858097453,1.9134990300429,-1.58685679651691,1
635,71997,"Hélder Lopes","Defensive midfielders",3,1.62032226479809,1.90930489809504,-1.30725331837452,1
636,85113,"A. Toșca","Centre backs",1,4.12736529369857,-1.60311470560986,-1.27060762200111,1
637,86183,"F. Roncaglia","Centre backs",1,4.52703556828216,-0.603843397876454,-0.415191136013673,5
638,86198,"J. Sánchez Miño","Defensive midfielders",3,2.76581269940181,0.936088642710534,-0.571933643267993,1
639,86200,"S. Araújo","Forwards",4,-5.08397072763916,-2.49531419399189,1.43114669776481,2
640,86220,"Gabriel Mercado","Centre backs",1,4.07079472778994,-1.42430279216117,-0.244300862786946,3
641,86234,"E. Pérez","Defensive midfielders",3,3.03589182477291,1.48666494887899,0.170166648195522,3
642,86239,"G. Carrillo","Forwards",4,-4.10746483287128,-5.83022140620026,1.0254520078443,4
643,86298,"E. Saveljich","Centre backs",1,3.60959120594425,-4.25115740952027,0.728692615955698,1
644,86307,"L. Vietto","Attacking midfielders",2,-5.93642689968943,0.0370553039840101,2.33770882555426,4
645,86325,"R. Funes Mori","Centre backs",1,5.31912230761767,-1.50181256347963,0.692333185353419,3
646,86328,"G. Pezzella","Centre backs",1,4.85335135688627,-2.98520061841057,0.697515221376889,5
647,86338,"L. Ocampos","Attacking midfielders",2,-4.17738746095265,0.693465759482451,-0.391343802334726,5
648,86507,"L. Magallán","Centre backs",1,3.98950412896366,-3.0174098563436,0.411225279155275,2
649,86517,"P. De Blasis","Midfielders",5,0.221764130961555,2.92901938471875,-0.799953675058834,2
650,86548,"S. Vergini","Centre backs",1,4.87999633107274,-2.37712295530769,0.103308565292462,1
651,86623,"A. Fernández","Defensive midfielders",3,4.33423680171319,2.58768257431287,0.81185849887258,2
652,86716,"M. Dos Santos","Centre backs",1,4.67799278128785,-3.68222132426657,-0.872949234589954,4
653,86737,"F. Ferreyra","Forwards",4,-3.85952118807633,-3.87716334320098,-0.700004116807704,1
654,86796,"I. Marcone","Centre backs",1,4.31950947731346,0.152970231513285,0.446548346134506,2
655,86800,"D. Benedetto","Forwards",4,-5.23231369449949,-2.38605257909848,1.27093644282721,1
656,86828,"G. Pizarro","Defensive midfielders",3,3.81032879658603,1.2466176640055,0.944033569164248,1
657,86882,"L. Orbán","Centre backs",1,4.44126730416347,-1.39385797436198,-2.6412925016224,2
658,88642,"E. Ávila","Forwards",4,-4.61725628365737,-1.13128831341756,-0.290246445574263,6
659,88969,"D. Musto","Centre backs",1,4.06574806676319,-1.56090465965374,-0.149667742845121,1
660,89073,"M. Acuña","Midfielders",5,0.845202029528349,4.39685769948839,-0.43663961872013,4
661,89133,"Rodrigo Battaglia","Centre backs",1,2.83114286460346,-2.09680040318014,-0.89858307841222,3
662,89550,"M. Díaz","Defensive midfielders",3,3.72359418984949,3.05029082140702,2.2232338651736,2
663,89700,"E. Roco","Centre backs",1,4.84077757141826,-3.20459227031844,0.285424706491018,4
664,89712,"F. Gutiérrez","Defensive midfielders",3,1.50689399852651,1.62335354850647,-1.42906093671441,1
665,90774,"H. Palacios","Defensive midfielders",3,2.68975275312516,-0.806288003586946,-2.39622845095001,3
666,91064,"D. Torres","Defensive midfielders",3,3.55707208930059,-0.308563169566242,-0.253206047229364,2
667,91268,"F. Hinestroza","Forwards",4,-3.96431113175039,-1.11826872840481,-0.382787974788023,1
668,91282,"M. Cuero","Attacking midfielders",2,-5.46284997256108,1.7511455465979,-1.38142182876891,1
669,91519,"J. Córdoba","Forwards",4,-6.31302856064227,-3.89520263916681,1.02372605222925,1
670,91702,"J. Mojica","Midfielders",5,0.644762294738967,2.9188375247086,-2.44312537850226,7
671,92874,"L. Vyntra","Centre backs",1,4.72764881812884,-1.80820063466181,0.715880465266447,1
672,92886,"Simão Mate","Centre backs",1,4.05586703166891,-2.3811226541839,0.533270685856608,2
673,92893,"Toché","Forwards",4,-3.64188295275704,-5.32100236065411,1.75975363021379,1
674,92910,"L. Fejsa","Centre backs",1,3.68044291234462,-0.812616707822383,-0.99480811976229,1
675,93000,"Antunes","Defensive midfielders",3,1.48316587838902,0.972867894375892,-3.42998556846071,2
676,93003,"D. Siovas","Centre backs",1,4.36876789140171,-2.19943109103055,-0.217071703469951,5
677,93033,"Edimar","Defensive midfielders",3,2.4015181240413,2.40306978833351,-0.557106562431435,1
678,94764,"Y. Muto","Forwards",4,-5.43326226852208,-3.55308849956407,-0.240561472139445,1
679,94828,"G. Shibasaki","Midfielders",5,-0.947388117083836,-0.579438566725494,-0.39962440593019,1
680,98072,"S. Šćepović","Forwards",4,-3.97084044628634,-3.87954246630394,1.78656694478324,1
681,101605,"S. Doumbia","Forwards",4,-6.25364626860754,-5.10249808490818,1.28627516751846,1
682,101635,"F. Caicedo","Forwards",4,-4.55558726530458,-4.61321877110299,1.17255588157465,3
683,101649,"N. Pareja","Centre backs",1,5.4594189415869,-0.938736143283983,0.923866933898035,2
684,101707,"F. Smolov","Forwards",4,-5.21699241129972,-2.00750779872117,0.071182641231947,1
685,101795,"L. Traoré","Forwards",4,-5.33881107344279,-3.91177498570551,1.35391240779391,1
686,101847,"M. Carcela-González","Attacking midfielders",2,-4.73110180406582,0.557044276736154,-0.651299647696609,1
687,101948,"O. Vranješ","Centre backs",1,4.67419989312673,-1.81935622360629,-4.27069917165929,1
688,105330,NA,"Defensive midfielders",3,3.92279364911446,3.61731791958798,-0.0819700180298027,1
689,105376,"N. Kalinić","Forwards",4,-5.31822830784237,-5.08392048036572,0.41920263202488,1
690,105378,"Y. Konoplyanka","Attacking midfielders",2,-6.11288496938182,3.70115768758073,-0.304014886595646,1
691,105541,"Lucas Pérez","Attacking midfielders",2,-5.92248834392718,0.242504115247594,1.60080761681568,7
692,105616,"B. Ideye","Forwards",4,-3.97067758201772,-4.94895754024779,0.89703637233136,1
693,105618,"A. Kravets","Forwards",4,-5.08141758688542,-3.84919756134033,1.45528221995774,1
694,109110,"V. Haroyan","Centre backs",1,4.28540528809535,-3.84320694431072,-1.61544199768926,1
695,112366,"M. Layún","Midfielders",5,0.77507671856711,1.82303717627233,-1.30460152140972,2
696,112370,"D. Reyes","Centre backs",1,5.2332142515666,-2.45103475339906,0.650870618346798,2
697,112459,"H. Herrera","Defensive midfielders",3,3.31439106957303,3.5477545315731,1.6426680628738,3
698,112522,"J. Corona","Attacking midfielders",2,-3.93232560004757,3.24114216516454,0.63046090401406,1
699,112545,"N. Araújo","Centre backs",1,5.17431807917025,-1.68821075365343,1.5638192182891,4
700,112556,"J. Aquino","Attacking midfielders",2,-2.67218710057826,3.20915260162764,-0.359240262310521,1
701,112596,"J. Martínez","Forwards",4,-5.61360530542568,-2.32473164366881,2.30802124133999,1
702,114055,"Ó. Romero","Midfielders",5,-2.73344699130921,4.89557745431435,0.557688972001007,1
703,114709,"L. Advíncula","Defensive midfielders",3,0.201569446812964,0.645251341245697,-0.640564255053089,1
704,116161,NA,"Defensive midfielders",3,3.57615411823553,0.210761362227948,-2.59452376089036,1
705,116170,"S. Cristóforo","Defensive midfielders",3,2.29129821591114,0.178937746632161,-1.45556242140462,3
706,116259,"G. Silva","Centre backs",1,5.04616882119383,-0.977159309528798,-0.901602735187097,2
707,116283,"D. Rolán","Attacking midfielders",2,-4.21661787303219,-0.525645118223508,-0.0395169401822158,2
708,116299,"L. Olaza","Defensive midfielders",3,2.01087751055738,1.72762732194242,-1.05358756721154,4
709,116319,"M. Santos","Forwards",4,-6.34402111078893,-3.49397741671859,-0.747578759527776,2
710,116405,"E. Velázquez","Centre backs",1,5.20103447419798,-2.54364083926608,-1.70126102402903,3
711,116898,"D. Machís","Attacking midfielders",2,-4.71179565049695,0.918674710220884,-1.85791946285247,7
712,122859,"Y. El-Arabi","Forwards",4,-5.32862231063843,-3.96810052292647,1.56218579086797,2
713,125250,"Ó. Duarte","Centre backs",1,5.15160923888588,-2.84891516390656,1.00770240407306,7
714,127591,"A. Pantić","Centre backs",1,4.66790944656444,-4.19401208077251,-0.584189579606811,2
715,127598,"G. Čaušić","Defensive midfielders",3,1.6611363558265,-0.92517512900996,-0.0512397008639515,1
716,127609,"F. Malbašić","Forwards",4,-3.73368258754138,-1.69088303204182,-2.26299700191603,1
717,127719,"A. Katai","Attacking midfielders",2,-3.70723564290491,1.1811452492401,-0.845857867099828,1
718,127928,"D. Brašanac","Defensive midfielders",3,-0.520050093610546,-1.32449254898499,-0.689801665490581,8
719,128171,"S. Mitrović","Centre backs",1,3.84405384505413,-4.40938767505808,0.0419121764745907,3
720,128230,"N. Vujadinović","Centre backs",1,3.84606608302808,-4.05039795424782,-0.363591618635948,1
721,128742,"N. Vukčević","Centre backs",1,3.07063821081837,-1.49154393769745,0.0403137744600264,3
722,130196,"Dyego Sousa","Forwards",4,-5.25883153738074,-1.73417082146757,0.346496863071156,1
723,134163,"Rodri Tarín","Centre backs",1,3.80585036730142,-3.54671698239269,-0.845880796368758,2
724,134170,"José Rodríguez","Midfielders",5,0.0211211077009386,1.77551954447797,0.388403243885593,2
725,134174,"Samu Castillejo","Attacking midfielders",2,-3.4052031192199,2.21144333726106,-1.46395797333787,5
726,134175,"Raúl de Tomás","Forwards",4,-5.03789216972617,-3.63035875501247,1.53299384778559,5
727,134177,"José Pozo","Attacking midfielders",2,-3.15807048830493,3.17754915520698,0.962742814769931,1
728,134249,"Rubén Sobrino","Forwards",4,-3.24398981254293,-2.3484348461404,-1.60445066987229,7
729,134476,"F. Barba","Defensive midfielders",3,3.48665207754592,0.430059306401218,-0.400121378834161,1
730,134502,"Aymeric Laporte","Centre backs",1,5.22511994469004,-0.868229354179435,1.27522710252388,5
731,134503,"C. Lenglet","Centre backs",1,5.68350759748553,-0.194433080667277,1.85501211157885,8
732,134513,"A. Martial","Attacking midfielders",2,-4.59505190137683,0.553962811727132,0.974577935422938,1
733,134702,"L. Dendoncker","Defensive midfielders",3,1.55941493566027,-1.25000884882448,0.303901466118734,1
734,134769,"Y. Carrasco","Attacking midfielders",2,-5.26382429932266,2.92944233499083,0.152113534699285,7
735,135103,"A. Christensen","Defensive midfielders",3,4.52635596071853,0.365227617096328,3.91013630183206,3
736,135561,"F. Grillitsch","Midfielders",5,1.23986738222147,2.5360085215109,0.91893885846575,1
737,135807,"M. Pašalić","Defensive midfielders",3,0.550977273254864,-0.98367557068282,1.4306981501888,1
738,135848,"M. Livaja","Forwards",4,-5.26876738491576,-1.93912224158022,0.00962485652986905,1
739,135903,"João Cancelo","Midfielders",5,0.248718910319601,3.19355858917611,-1.39533881481371,4
740,135909,"Rafa Soares","Defensive midfielders",3,2.16693634873832,2.2075048529867,-2.22899344788641,2
741,135919,"Hélder Costa","Attacking midfielders",2,-3.35427813597491,0.902111943588298,-3.37494850807877,1
742,135923,"Gonçalo Paciência","Forwards",4,-6.19900397172811,-2.61521352592994,0.482682620350193,1
743,135927,"André Silva","Forwards",4,-5.54150097348525,-3.18118151679159,1.07316134753672,3
744,135938,"I. Cavaleiro","Attacking midfielders",2,-4.86008674431595,1.48387383194316,-0.271979405595735,1
745,136164,"E. Filipenko","Centre backs",1,4.95686173822951,-2.92209175618258,0.518003929694639,1
746,137298,"Jonathan Silva","Defensive midfielders",3,0.696284634656414,1.11533350482541,-2.10600078476898,2
747,139075,"R. Tapia","Defensive midfielders",3,3.79787504558333,-0.0415503081783061,-0.47906501132651,5
748,140125,"N. Radoja","Defensive midfielders",3,2.71795236230395,-0.0730743142522403,0.819496797000243,7
749,141176,"V. Angban","Defensive midfielders",3,3.9273421536267,1.623145377658,1.63063210434333,1
750,142755,"B. Traoré","Attacking midfielders",2,-4.33419306006399,2.1849115898121,0.795048170510433,1
751,144628,"Wu Lei","Forwards",4,-4.33856535742591,-3.49826667232867,-0.428563265739346,3
752,146302,"Luciano","Forwards",4,-3.76024126876436,-2.43212923429829,1.49532831947382,1
753,149389,"J. Toljan","Defensive midfielders",3,1.3024115282721,0.632207900984843,-3.03964067248383,1
754,167118,"Erik Morán","Defensive midfielders",3,3.49279518349312,1.51988392155163,0.332313526010613,1
755,167119,"Sabin Merino","Forwards",4,-4.16597638619861,-2.50484466243389,0.181956004179886,2
756,167120,"Fran Varela","Defensive midfielders",3,3.15366457483232,0.798823937713175,-0.708526126481144,1
757,167131,"Fran Vélez","Centre backs",1,3.19384853648027,-3.60440046275466,-1.55571816318342,1
758,167145,"Héctor Bellerín","Defensive midfielders",3,1.41635288625835,1.36461693565378,-1.59741785930286,4
759,167149,"Joaquín Fernández","Centre backs",1,4.67057114806644,-2.94628602189766,0.480605279076947,4
760,167641,"S. Lobotka","Defensive midfielders",3,2.16156800008442,2.03503870710551,1.55405281806508,3
761,169000,"Pablo Pérez","Forwards",4,-2.33639165049568,-2.36019482753496,-0.619867891587402,1
762,169002,"Diego Rico","Defensive midfielders",3,2.3067324201689,1.67080667118761,-2.89288785008089,7
763,170595,"E. Insúa","Defensive midfielders",3,2.48080170790008,-0.206887192159812,-2.96288721132271,1
764,171643,"R. Yaremchuk","Forwards",4,-4.7081132962975,-4.48812851785816,0.51627737580553,1
765,189976,"M. Angeleri","Centre backs",1,4.97433928257601,-3.43353285649383,-0.122402409860652,2
766,190172,"Juan Cruz","Defensive midfielders",3,2.80643021361895,-0.878648269752764,-1.10867501856697,6
767,193984,"Germán Sánchez","Centre backs",1,4.36336723547737,-3.58626596991757,0.684829651576,3
768,207001,"J. Correa","Attacking midfielders",2,-4.53778592912391,1.08236257385576,0.932826430027972,2
769,208694,"Rodrigo Ely","Centre backs",1,5.16493556843716,-3.55375931026196,0.397869358291879,6
770,208942,"Óliver Torres","Midfielders",5,-0.797122046089596,4.08649544253205,0.558362462603949,6
771,208945,"César de la Hoz","Centre backs",1,2.92992294150209,-1.69963812936687,-0.169429691694903,1
772,208972,"Carlos Castro","Forwards",4,-5.93313705309581,-3.74965160046313,2.31325259442875,2
773,209012,"Kévin Rodrigues","Midfielders",5,0.172817351925202,1.27829931896177,-2.07244979294539,5
774,211853,"Rúben Vezo","Centre backs",1,4.98288479063704,-1.79565509201143,-0.191458440649921,7
775,211885,"André Gomes","Midfielders",5,-1.16263718251359,2.5302597722589,1.25039546117877,4
776,212074,"O. Mfulu","Centre backs",1,3.15791282705152,-1.43212484628713,0.622880990704545,1
777,212621,"M. Kranevitter","Centre backs",1,4.12824664238024,-0.0694070827528152,1.26486676595934,1
778,212625,"A. Solari","Midfielders",5,-0.79069043011614,3.02655406765354,-2.58953223256806,2
779,212644,"G. Escalante","Defensive midfielders",3,1.4537092576958,-0.706342101649471,-0.22560417630902,8
780,212651,"C. Musonda","Attacking midfielders",2,-4.4368782480192,2.10334367489026,-0.967221856529467,1
781,213124,"Chema Rodríguez","Centre backs",1,4.56931091697137,-3.71173700336927,-0.661995016552163,3
782,213131,"Luis Milla","Midfielders",5,0.905798829241249,2.08811662526032,-0.205385156672801,6
783,213308,"Júnior Alonso","Defensive midfielders",3,3.89515338884499,1.65502676238258,-0.492660761157351,1
784,213365,"G. Fernández","Forwards",4,-4.78684256189773,-4.02285762846192,0.46717428700587,1
785,213714,"E. Burgos","Centre backs",1,5.41203947919705,-2.386398300777,0.438715393288598,2
786,213948,"R. De Paul","Midfielders",5,-0.52805482032225,5.73750982710881,1.31977715502788,6
787,214062,"Álex Granell","Midfielders",5,1.46961058520219,3.82636218437244,-0.469673719345215,2
788,215983,"S. Boufal","Attacking midfielders",2,-4.77680143179771,3.19776434864023,-0.446770005260164,1
789,217031,"T. Partey","Defensive midfielders",3,2.6228395844439,1.81011423557583,1.14300972199532,7
790,218549,"Garry Rodrigues","Attacking midfielders",2,-4.14937921981604,1.22395507777012,-1.37385963253772,1
791,220656,"Wanderson","Attacking midfielders",2,-2.9891361469207,2.09895090824556,-1.64650436235708,1
792,222439,"E. Rigoni","Attacking midfielders",2,-3.11093338575517,0.353858870844131,-0.84504999705016,1
793,222464,"M. Mauro","Centre backs",1,3.55694052665637,-4.72724771832188,0.119460864668266,1
794,222770,"Nélson Semedo","Midfielders",5,1.53685006692259,3.20554257563626,0.721505675528472,3
795,223681,"A. Sedlar","Centre backs",1,4.45122981362619,-2.52836116934306,0.0552118848230581,4
796,224080,"G. Maripán","Centre backs",1,4.75389433007405,-4.22015438821252,-0.72559446275028,2
797,225022,"Rubén Duarte","Defensive midfielders",3,2.87234060748838,0.0770360911315229,-2.61006169268487,8
798,225084,"Rubén García","Attacking midfielders",2,-2.26164447887998,1.64916303352971,-0.655114078047241,9
799,225085,"Fali","Centre backs",1,3.9157099270899,-2.3709632659659,-0.359233977190006,4
800,225089,"José Luis Morales","Attacking midfielders",2,-5.49401649130915,0.672659017389455,-0.560451545451283,9
801,225939,"Xavi Quintillà","Defensive midfielders",3,2.52239709699684,1.67041100268852,-0.745495679649062,2
802,225946,"A. Sanabria","Forwards",4,-4.89299555476783,-5.00062477206474,1.31302672330986,5
803,225948,"Rubén Peña","Midfielders",5,-0.136566508825617,2.25524829800205,-2.55306965373893,8
804,225996,"Diego Llorente","Centre backs",1,4.86820499779493,-0.985099349951287,1.63708217769056,6
805,226005,"Burgui","Attacking midfielders",2,-4.47531209506261,1.97080669473956,0.175997247451318,4
806,227756,"J. Boga","Attacking midfielders",2,-5.37675700499398,0.0140552683325799,1.46187891713361,1
807,227894,"J. Giménez","Centre backs",1,5.04986836198948,-2.54196287160245,1.05929003031986,12
808,228902,"J. Calleri","Forwards",4,-5.66128464629537,-4.65365509909645,-0.244041706120223,4
809,228963,"H. Traoré","Defensive midfielders",3,2.5345796715564,1.7856335459427,-0.155156102396761,2
810,230626,"D. Ćaleta-Car","Centre backs",1,4.64996147892985,-0.913652988799626,2.27835655619691,1
811,230857,"Yeray Álvarez","Centre backs",1,5.23788638705008,-0.794343621779357,0.539577212292989,9
812,230862,"Íñigo Lekue","Defensive midfielders",3,1.26117423342238,2.10884377130358,-2.13747848609221,9
813,230863,"Unai López","Midfielders",5,0.795330772783066,3.06705982742893,1.19123281392891,9
814,230883,"Ayoze Pérez","Attacking midfielders",2,-5.25825238270716,-0.232908153051323,0.322505682318362,3
815,230895,"Pere Pons","Defensive midfielders",3,0.130445748361309,-0.545267237280127,-1.00029525489727,5
816,230897,"F. Cartabia","Attacking midfielders",2,-3.62953127288511,3.26544443540194,-0.857153042797917,3
817,230934,"Josep Señé","Attacking midfielders",2,-2.95064510990631,0.187169491947694,1.01784479126814,1
818,230955,"Stoichkov","Attacking midfielders",2,-3.38112115433899,1.24660453943682,-0.51251332952992,1
819,230970,"M. Fatau","Defensive midfielders",3,3.75882026385218,0.953410832270014,1.9415488117337,1
820,231713,"F. Bradarić","Defensive midfielders",3,3.37878516591587,1.04195755206542,0.77062411693763,1
821,234527,"A. Halilović","Attacking midfielders",2,-4.33216540112934,2.40815447123029,0.949133168599143,3
822,237018,"Deyverson","Forwards",4,-3.60388041293678,-4.20561561146066,0.162480966221523,3
823,237034,"Gonçalo Guedes","Attacking midfielders",2,-5.07077731538235,2.76547453213408,-0.347051460308673,7
824,237262,"S. Babić","Centre backs",1,4.36897716131909,-2.76113672795346,1.15211163349266,1
825,237269,"S. Lukić","Defensive midfielders",3,0.658174026975017,0.0173448679494291,-0.839339769691525,1
826,238564,"S. Weissman","Forwards",4,-4.98165938684344,-5.62036493762949,0.0456438466780363,2
827,239843,"Zakaria Bakkali","Attacking midfielders",2,-5.13688038870483,1.7523220617468,-0.870380427060773,2
828,240445,"Andreas Pereira","Attacking midfielders",2,-2.99560432819225,2.14702206923508,-0.697390480915071,2
829,240567,"O. Idrissi","Attacking midfielders",2,-4.68604523217084,3.64143847515744,0.301838377404533,1
830,240609,"Á. Muñoz","Defensive midfielders",3,2.42701567734172,-0.773324251691054,-0.913241379736723,1
831,240680,"Aleix Febas","Midfielders",5,-0.995248311789928,2.16958938440644,0.718809918960181,2
832,241945,"P. Sisto","Attacking midfielders",2,-4.31810331508574,2.66158278558013,0.74649998156938,4
833,242697,"Kevin Vázquez","Defensive midfielders",3,3.01558444550447,0.691798445266322,-2.70014535256557,5
834,247141,"Iñaki Williams","Forwards",4,-5.93905283019906,-0.853517691762534,0.0394564318295952,12
835,247169,"Diego González","Centre backs",1,4.37286137222215,-3.42088062050527,0.0353431615556183,4
836,247207,"Joan Jordán","Midfielders",5,1.52628795513551,2.7078154641014,1.42003624562094,8
837,247212,"Rafa Navarro","Midfielders",5,0.167177227343625,1.18465020095367,-0.615514049073355,1
838,247219,"Víctor Camarasa","Midfielders",5,-0.442499609321664,0.40586906512026,1.29641922447033,5
839,247220,"Jason","Attacking midfielders",2,-3.06922016655075,0.813643087558343,-2.33798491997566,5
840,247222,"Álvaro Medrán","Defensive midfielders",3,0.698573174399453,0.95377003212641,1.7051596172537,4
841,247671,"N. Pépé","Attacking midfielders",2,-6.01973487447037,2.35280961623619,0.816080803765786,2
842,248846,"M. Villanueva","Centre backs",1,4.38982591826817,-2.80355160535286,0.20716401594308,1
843,249917,"M. Malsa","Defensive midfielders",3,2.81341012043827,1.06986275910885,1.34715577145569,2
844,250805,"Djené","Centre backs",1,3.5999012982716,-2.17619591429666,-1.24186805099038,9
845,250885,"Santi Mina","Forwards",4,-4.4903899074303,-2.76424796360134,0.76498303415156,8
846,250899,"Carlos Vigaray","Defensive midfielders",3,1.93324213117067,-1.41689171291635,-2.6982905383814,5
847,251447,"V. Muriqi","Forwards",4,-4.73066630723795,-5.4653555079411,0.663389075415419,5
848,251565,"Álvaro García","Attacking midfielders",2,-3.67065574798871,0.990783376395615,-1.27343805298119,6
849,251570,"M. Sylla","Forwards",4,-4.62956809945962,-4.98071663719811,-1.19098759816925,2
850,252924,"F. Angileri","Defensive midfielders",3,2.42628013031211,-0.995904947732748,-2.9219577973059,1
851,254188,"N. Leiva","Attacking midfielders",2,-2.317699965776,1.84314505982065,-1.00309912152605,1
852,254189,"Ivi López","Attacking midfielders",2,-3.07494112127518,2.30712097724699,-2.15843456065198,1
853,254408,"Á. Correa","Attacking midfielders",2,-5.41263394762736,1.01565492641085,0.049255285511756,10
854,254649,"T. Asano","Forwards",4,-4.477979795111,-1.84796455495372,-1.17881826508567,1
855,254898,"Kenedy","Attacking midfielders",2,-3.87547130896399,0.0411223631786792,-2.01083425130525,2
856,255254,"Danilo Barbosa","Defensive midfielders",3,0.644851153220996,-0.439560919898233,-0.432577698243429,1
857,255256,"Arthur","Midfielders",5,1.08369361633964,4.69066019195295,4.08860317013746,3
858,255433,"Ricardo Horta","Attacking midfielders",2,-2.58413316025164,0.736756684539188,-0.285950753582056,2
859,255738,"J. Lerma","Defensive midfielders",3,1.7375036036809,0.0472040243386077,0.166981429336428,2
860,256854,"L. Suárez","Attacking midfielders",2,-2.3120339652809,-0.333215476634566,0.400140184358426,1
861,256998,"E. Bailly","Centre backs",1,4.97317549678539,-3.02503510535395,0.0622798905790085,4
862,257752,"M. Moreno","Attacking midfielders",2,-5.86519563257124,1.18825839799177,-1.03359754230031,1
863,258022,"V. Tsygankov","Attacking midfielders",2,-4.08221016501638,1.97033230271451,0.237254817846232,4
864,258264,"L. Jović","Forwards",4,-4.55818651759663,-2.64492758931379,3.04170307926335,1
865,258591,"O. Alderete","Centre backs",1,4.46659849377131,-1.51279998102009,-0.912363217607952,4
866,258625,"L. Abram","Centre backs",1,4.84150222430373,-3.00518336876217,0.778970229630248,1
867,258907,"R. Assalé","Attacking midfielders",2,-5.69044475145078,0.209764379491971,1.51938485065993,1
868,259946,"A. Peñaranda","Forwards",4,-5.70761105760748,-1.65688164416979,-0.0988934956691312,2
869,261127,"A. Januzaj","Attacking midfielders",2,-6.2765056587407,3.80906670208085,0.0289134879636392,6
870,262121,"D. Vavro","Defensive midfielders",3,4.20414760124719,0.41850131600517,0.658018052572438,1
871,263091,"Gerard Gumbau","Defensive midfielders",3,1.28919078566991,0.345926302041759,-0.148973084448497,6
872,263105,"Pablo Maffeo","Defensive midfielders",3,0.454241871937426,1.05854829808763,-2.99711639063236,7
873,263147,"M. Miazga","Centre backs",1,5.21308775547173,-3.97497902729786,-0.0536165856541897,1
874,265369,"U. Agbo","Defensive midfielders",3,2.48962510900621,1.77833414596826,0.366497357781515,1
875,265376,"M. Simon","Attacking midfielders",2,-2.9855121049862,1.57173886333027,-1.56209994312032,1
876,265807,"José Naranjo","Forwards",4,-1.66950864234705,-2.17515075862544,-0.694049776315562,1
877,265833,"N. Maraš","Centre backs",1,5.06939680609928,-3.19699661125845,0.571260821563551,1
878,265864,"N. Maksimović","Centre backs",1,0.579230242898434,-3.26387613727837,-0.565192029874166,7
879,266885,"M. Olunga","Forwards",4,-4.95882759701844,-3.86909993642369,1.72477266358973,1
880,268776,"W. Hoedt","Centre backs",1,5.91875787599617,-0.230158956947384,0.946263413562068,1
881,269060,"P. Hernández","Defensive midfielders",3,1.82543371944379,1.19648449175116,1.02638555587197,4
882,269137,"T. Bongonda","Attacking midfielders",2,-4.31270510194867,-0.0943846604808016,-0.874212276213024,3
883,270037,"M. Valjent","Centre backs",1,4.38093911969667,-2.22036850288906,0.0391712402053968,6
884,270866,"Diego Carlos","Centre backs",1,5.39047355927442,-1.33796001991205,2.84131975292119,3
885,274344,"B. Santamaria","Defensive midfielders",3,1.8754813143155,1.01065887701251,0.956149683590354,1
886,274435,"E. Ünal","Forwards",4,-5.67247358688831,-4.80775704877093,0.405627289151411,6
887,275293,"Samu García","Attacking midfielders",2,-2.15119143496778,1.24076715474856,-0.401989872228527,3
888,275296,"David Costas","Centre backs",1,5.28361657286922,-1.53023096495586,0.838023993034065,2
889,275298,"Adri Embarba","Attacking midfielders",2,-4.29031564148554,1.16598045795187,-2.39311565942966,8
890,275338,"Borja Iglesias","Forwards",4,-6.05937714733414,-3.90489204122574,1.1335126456649,8
891,275384,"Jorge Meré","Centre backs",1,4.9077869074055,-2.99427889191256,0.0334006120586288,4
892,275417,"Gonzalo Melero","Defensive midfielders",3,-0.40998789219901,-0.389170481256443,1.62775743519463,6
893,275419,"Luis Rioja","Attacking midfielders",2,-3.55886198224009,0.924766510405742,-1.87776894777796,6
894,275485,"Josan","Midfielders",5,-1.61230037454198,1.8505670705115,-2.12821097261458,3
895,276944,"J. Bamba","Attacking midfielders",2,-4.34415205202209,2.60458824619134,-0.744342269208675,2
896,276979,"F. Mendy","Midfielders",5,1.08267692899106,2.22643869768738,1.4322020668677,6
897,278007,"F. Ricca","Defensive midfielders",3,3.21801492935406,-0.322173529096948,-2.22806574337745,3
898,278015,"J. Rodríguez","Forwards",4,-5.91328982763607,-3.65548737444794,-0.243270786175169,1
899,278049,"E. Cabaco","Centre backs",1,4.88552053056099,-2.4134790911144,-0.8246099414206,4
900,278278,"Munir El Haddadi","Attacking midfielders",2,-4.35016542394518,-0.857081357831689,0.573931958954784,10
901,278288,"Aritz Elustondo","Centre backs",1,4.03691760790362,-0.721791550580321,0.394834972612346,10
902,278289,"Álvaro Odriozola","Midfielders",5,-1.44430940030602,3.03847251667968,-1.10720951100783,4
903,278324,"Carlos Fernández","Forwards",4,-4.60994580731239,-3.385790557481,-0.65320984731498,4
904,278348,"Enric Gallego","Forwards",4,-4.88155578385399,-4.73486828861736,-0.441094668020298,3
905,278383,"Álvaro Jiménez","Attacking midfielders",2,-4.42904260121415,2.27155354182994,-2.88472921197389,1
906,278867,"S. Janko","Defensive midfielders",3,1.25462052394283,0.535680082973335,-2.62953311508389,1
907,279526,"W. Kaptoum","Midfielders",5,0.246283686033958,1.10723976844065,0.656887154631249,1
908,279533,"Mario Hermoso","Centre backs",1,4.65742239769128,0.0339014247404164,1.29443703974417,7
909,279538,"Marcos Llorente","Midfielders",5,-0.301641667357301,1.36232685874968,-0.200265618247201,10
910,279539,"Javi Muñoz","Midfielders",5,-0.115167187538075,0.930565584932161,-0.00651957429721561,2
911,279545,"L. Hernández","Centre backs",1,3.78346634466429,-1.48815318352992,-0.91843681359353,4
912,279555,"Iván Alejo","Attacking midfielders",2,-3.76488372478163,1.25712352229053,-5.0279512546003,5
913,279560,"Andoni Gorosabel","Defensive midfielders",3,1.40265951672669,1.68764046709647,-1.57142980802809,7
914,279566,"Jon Guridi","Attacking midfielders",2,-1.48686305832689,-1.33228371123971,0.383542005923998,3
915,279567,"Martín Merquelanz","Attacking midfielders",2,-3.75014683440834,2.42209253919367,-0.10757677661303,1
916,279569,"Sangalli","Midfielders",5,-1.69813097161314,1.54645960767895,-0.249535176683373,1
917,279571,"Jon Bautista","Forwards",4,-4.81486356812612,-5.38578292930251,0.513019447938668,1
918,280383,"E. Bardhi","Attacking midfielders",2,-2.081734705764,1.64394611300122,-0.391363645165508,5
919,281069,"Robin Le Normand","Centre backs",1,4.51682508247198,-1.57538198677206,2.06129244614373,7
920,281255,"E. Mor","Attacking midfielders",2,-5.41656944148621,2.80936565183884,-1.5323964566575,2
921,282438,"Aarón Martín","Defensive midfielders",3,1.68241958712474,0.792735948246063,-2.36806450088598,3
922,282439,"Lluis López","Centre backs",1,4.90279139243166,-1.70913121706078,1.26813511889474,1
923,282441,"Jesús Vallejo","Centre backs",1,4.65569444385567,-2.08833463909515,-0.637703463791884,3
924,282442,"Carles Aleñà","Attacking midfielders",2,-1.93790808333829,0.454671101384133,0.0677176555853332,8
925,282444,"Sergi Canós","Attacking midfielders",2,-2.73169251696448,1.32101191983893,-1.44334351341689,2
926,282448,"Aleix García","Midfielders",5,1.78746030002301,3.17899800246639,1.90382000264497,5
927,282449,"Asier Villalibre","Forwards",4,-6.34553321648733,-4.77633314624095,0.316664408609564,4
928,282790,"D. Sow","Defensive midfielders",3,0.369147173911139,-0.101474644184092,0.972814367551758,3
929,284322,"E. Ponce","Forwards",4,-4.4574033151618,-4.82821547292998,0.805597760244318,3
930,285109,"F. Kessié","Midfielders",5,-0.721571983642035,-0.0904377432465551,1.47401600000161,1
931,285509,"I. Success","Attacking midfielders",2,-6.74909087418602,1.0134408019785,-0.845142461930745,2
932,285590,"S. Amrabat","Defensive midfielders",3,3.26784341313126,3.58049040289984,1.78216430107063,1
933,285727,"L. Dimata","Forwards",4,-4.90810811653622,-3.99143695216836,-0.00835222856897117,1
934,285743,"D. van de Beek","Attacking midfielders",2,-2.06451309741725,-0.726852660615792,0.130022984887306,1
935,286030,"K. Bare","Defensive midfielders",3,2.76596966231726,1.37394354947283,0.282771440336482,2
936,286248,"V. Kravets","Midfielders",5,0.77306636703405,2.43574431138396,-2.04926659273641,1
937,286390,"O. Dembélé","Attacking midfielders",2,-6.92316235506164,5.99552709594229,1.48104127620558,5
938,286448,"M. Arambarri","Defensive midfielders",3,0.511150259950515,-1.02871385556502,-1.42796102894847,8
939,286830,"P. Roberts","Attacking midfielders",2,-4.5994210557754,2.56954674930341,-0.840122570483455,1
940,286963,"Mikel Vesga","Defensive midfielders",3,2.36305272225141,0.345213561744141,0.0264250841340374,9
941,286994,"Adrián Marín","Defensive midfielders",3,2.36882501957621,-0.214455461008281,-2.67436112803182,3
942,287003,"Benito Ramírez","Midfielders",5,-1.62063371399237,2.57925062976906,-1.94583811060642,2
943,287219,"M. Uzuni","Forwards",4,-4.84553852858875,-4.0291648169465,-0.417415237240161,2
944,288081,"S. McKenna","Centre backs",1,4.8098826943522,-1.98883141003377,1.40074881645963,1
945,288091,"Marco Asensio","Attacking midfielders",2,-4.43432727342305,3.82931595141166,2.07831428347597,7
946,288108,"Josema","Defensive midfielders",3,3.57992332607282,-0.221768633486,-0.7512674378529,1
947,288112,"C. Starfelt","Centre backs",1,4.64615547863945,-2.97823103153015,1.37553744432292,3
948,288865,"O. McBurnie","Forwards",4,-4.663755577274,-4.71112245880739,0.325859777690867,1
949,290215,"Dani Ndi","Forwards",4,-4.94833054369003,-1.00447873662767,0.728699028994106,1
950,290954,"K. Tierney","Defensive midfielders",3,4.05486018364643,2.69301343482329,-0.666620504189723,1
951,291231,"Toni Martínez","Forwards",4,-4.51374897759377,-5.47778253585484,-0.549680340477458,2
952,291528,"D. Lukébakio","Attacking midfielders",2,-6.23657032425741,0.734696350728789,0.358972380942493,2
953,292654,"M. Diakhaby","Centre backs",1,4.51811546673481,-2.66624151011111,0.816620658014765,8
954,292991,"M. Lemos","Centre backs",1,5.41545895357468,-1.25110162168506,2.06896065383602,3
955,293333,"M. Ristić","Midfielders",5,0.974729231841327,2.35518220627427,-2.17124127943712,2
956,293862,"Nacho Gil","Attacking midfielders",2,-2.31663043019089,1.24966192105103,-0.741185906432155,1
957,294415,"Reinildo","Defensive midfielders",3,3.39324212037908,-0.176469339654092,-1.03634036699433,4
958,295225,"Fede San Emeterio","Centre backs",1,2.95392106079156,-1.70073443786672,-0.868859693661832,4
959,295234,"Sergio González","Centre backs",1,4.92054383956533,-1.74124112945525,0.988873985670943,1
960,297043,"F. Cervi","Midfielders",5,-0.984638058063846,1.39629329143806,-1.80114423518957,3
961,297921,"Pacha","Defensive midfielders",3,1.79657886442582,1.45635122059833,-3.93845643748929,5
962,298353,"José Martínez","Centre backs",1,4.67879926169685,-1.92664267918348,0.106840446566996,1
963,299246,"Marcão","Centre backs",1,3.86634480398963,-1.4693640524688,0.753288719673349,2
964,300485,"Malcom","Attacking midfielders",2,-4.64317372335869,2.47437241200433,2.6135643675144,1
965,301016,"R. Perraud","Midfielders",5,0.478861989868754,1.90791600083851,-1.95027417713021,1
966,302292,"M. Ødegaard","Midfielders",5,-3.03355078633365,4.92211922056698,2.26142912453554,1
967,302540,"José Carlos","Centre backs",1,5.43706867678786,0.0343000938257356,-0.708377397438071,1
968,302542,"Nacho Vidal","Defensive midfielders",3,2.13280450312152,0.0843684563799581,-2.86924129129175,7
969,302550,"Brais Méndez","Midfielders",5,-1.94478458031993,1.4556821480348,0.407167296906894,9
970,303078,"G. Suazo","Midfielders",5,1.63587232834488,2.72304861150357,-1.7846072896225,1
971,326523,"Dani Ceballos","Midfielders",5,0.875116624744729,5.49831919018853,1.67242428333787,6
972,326525,"Lucas Ahijado","Defensive midfielders",3,1.77327418936076,1.79992844746826,-1.67576238564139,1
973,326535,"Toni Lato","Defensive midfielders",3,1.59418377179223,0.88364041295223,-2.37558429360281,8
974,326547,"E. Buendía","Midfielders",5,0.132986438376454,2.34760539395436,-0.734855168939897,1
975,329064,"C. Larin","Forwards",4,-6.07894109332555,-5.66545495055511,-0.10029568312997,3
976,330728,"Domingos Duarte","Centre backs",1,4.23952520473661,-2.88308155725346,0.183501350256786,7
977,331385,"M. García","Attacking midfielders",2,-3.06705876854034,1.93799810634962,-0.567583588343946,1
978,331583,"Dani Calvo","Centre backs",1,4.37612589753235,-2.88733106435324,0.262537533929585,2
979,333565,"S. Chakla","Centre backs",1,4.19596703171448,-3.37156617259411,-1.39510472446488,1
980,333571,"L. Torreira","Defensive midfielders",3,3.58320243535495,0.786307499626235,1.64788160322437,1
981,334154,"A. Tuhami","Defensive midfielders",3,-0.120179527978296,-2.28357487592124,-1.32093710853931,2
982,334175,"Óscar Valentín","Defensive midfielders",3,3.26195177774403,0.291023389531139,-1.4033550263426,5
983,334817,"L. Boyé","Forwards",4,-5.36080296089635,-3.20402647435683,-0.7730147177922,5
984,336371,"Guilherme Arana","Defensive midfielders",3,0.679137551845959,0.214357928654473,-0.574719489613011,1
985,336517,"A. Dovbyk","Forwards",4,-6.89086445937023,-5.68728918673751,2.04760353379193,1
986,337068,"J. Pombo","Attacking midfielders",2,-3.6498954141058,2.41995467962496,0.111020291241897,1
987,337070,"Toni Villa","Attacking midfielders",2,-3.77871298330086,2.63440710184173,-1.65070669358695,4
988,338201,"E. Boateng","Forwards",4,-5.2642786664686,-6.09261225596624,0.712070985639361,2
989,338429,"A. Radovanović","Centre backs",1,5.2458414742765,-3.08147646451394,-0.111791687811109,1
990,339690,"G. González","Defensive midfielders",3,2.22844537571368,0.528769768582746,-1.99616044078276,2
991,339789,"Mikel Merino","Defensive midfielders",3,0.710297051973296,1.32429820359873,0.646958215283689,6
992,339790,"Kike Barja","Attacking midfielders",2,-4.53536013826829,1.89585380101118,-1.54159183229411,3
993,339791,"Álex Berenguer","Attacking midfielders",2,-4.39112499707671,1.29959657050327,-1.68713901238955,7
994,339794,"Raúl Guti","Defensive midfielders",3,0.773686239526191,-0.307173833641515,0.646083692907148,3
995,339799,"Jorge Sáenz","Centre backs",1,5.6868852632065,-1.73911039689398,0.391060477602273,1
996,339801,"Álvaro Lemos","Defensive midfielders",3,1.66219538646396,1.51572226185975,-1.16893045466222,1
997,339812,"Pape Cheickh","Defensive midfielders",3,0.332569509197587,0.768485064352636,0.422411816677513,2
998,339857,"José Arnáiz","Attacking midfielders",2,-4.80209018686408,-0.711181955845338,-0.574480254356124,2
999,339885,"Son","Midfielders",5,0.710502919630026,1.44526545383777,-1.02471729751825,2
1000,340706,"G. Rodríguez","Defensive midfielders",3,3.78529551078606,0.313262316369415,0.103614608218527,5
1001,341751,"Marc Navarro","Defensive midfielders",3,0.488391270847256,0.414657807585846,-1.06776577042318,2
1002,341752,"Marc Roca","Defensive midfielders",3,2.91188151930066,1.80942319291697,0.855517227003754,6
1003,342785,"Jairo Izquierdo","Midfielders",5,-0.767338464658948,0.358404646453686,-2.49964181699862,1
1004,343925,"D. Verde","Attacking midfielders",2,-4.61612632296851,2.6420361601627,0.266011602416888,1
1005,344014,"L. Agbenyenu","Defensive midfielders",3,1.29090390449192,1.93904606708806,-2.39180590568042,1
1006,344039,"Chumi","Centre backs",1,4.10981827788114,-2.1061903164629,0.0162106489272562,2
1007,344040,"Marc Cucurella","Midfielders",5,-1.65931019951555,0.983538367118655,-1.8446494866899,3
1008,344049,"Oriol Rey","Defensive midfielders",3,2.59803896670356,-0.379666593014256,-0.37507764235166,1
1009,344051,"Álex Blanco","Forwards",4,-3.0435338519365,-1.27497393964571,-1.86332181856662,1
1010,344053,"Carles Pérez","Attacking midfielders",2,-3.96717832053002,1.15430959990455,-1.21974882849171,4
1011,344068,"Unai Núñez","Centre backs",1,5.29094856241755,-1.91411819762875,0.88281607481664,8
1012,344075,"Iñigo Córdoba","Attacking midfielders",2,-2.96909357187877,1.34373834116354,-2.31427291942845,3
1013,344086,"Gorka Guruzeta","Forwards",4,-4.44530573393736,-3.7514763395032,0.462849412866933,4
1014,344100,"Sergio Reguilón","Midfielders",5,0.863386578444546,4.20817372728459,-1.06729194476886,2
1015,344102,"Javi Sánchez","Centre backs",1,4.7725304160754,-1.93322530538736,0.423482987056984,4
1016,344104,"Álvaro Tejero","Midfielders",5,0.758524057145176,1.81684909113386,-2.24807112889739,2
1017,344118,"Jaime Seoane","Defensive midfielders",3,0.398057870197091,0.489211149733386,-0.822728383176609,1
1018,344120,"Borja Mayoral","Forwards",4,-4.72158962692599,-2.86834911671262,1.09714337160739,7
1019,344132,"T. Hernández","Midfielders",5,0.165634982822491,1.9904824845409,-1.77419403478191,3
1020,344140,"A. Ndiaye","Forwards",4,-3.68464969712453,-1.40936973776124,-2.28922371975245,5
1021,344153,"Tete Morente","Attacking midfielders",2,-2.50393510908322,0.0796671485886283,-1.44752420744634,3
1022,344198,"E. Cömert","Centre backs",1,4.59179973901734,-1.30972396109511,0.930774820539765,2
1023,344444,"D. Hadžikadunić","Centre backs",1,3.59666806355651,-4.04171348991402,0.667929782016598,1
1024,344936,"I. Cardona","Attacking midfielders",2,-3.30531231033767,-0.250162831593696,-1.4039902182264,1
1025,346071,"O. Burke","Forwards",4,-3.89667182821375,-2.35904967322903,-1.5571650031956,1
1026,346119,"Manu García","Midfielders",5,-0.601721460904733,3.71609633432412,-0.0312390215325569,1
1027,346195,"Fabián Ruiz","Midfielders",5,1.28162143609072,3.66005720754152,1.9690037068827,2
1028,346551,"I. Hagi","Attacking midfielders",2,-3.76662547408288,1.32920243891072,-1.0215898215131,1
1029,347333,"A. Král","Defensive midfielders",3,-0.056697038922915,-1.42543008722763,-1.74986992901733,1
1030,350992,"U. Sadiq","Forwards",4,-6.34659977793656,-4.24937528209911,-0.389834343874623,2
1031,352747,"Miguel Olavide","Defensive midfielders",3,0.0636498663938279,-0.049954300174851,-1.30699140417116,1
1032,352761,"Luis Pérez","Defensive midfielders",3,1.73545655673753,0.534951786884914,-2.563001131173,3
1033,352787,"Pepelu","Defensive midfielders",3,3.0242038008919,2.03694546103475,0.458037084643787,4
1034,352788,"Manu Morlanes","Defensive midfielders",3,1.93427094803951,1.14855112696079,0.228337983993206,6
1035,352789,"Óscar Rodríguez","Attacking midfielders",2,-2.25121895467488,1.82073602357491,-0.115117992218255,7
1036,353331,"K. Jóźwiak","Attacking midfielders",2,-2.89510633242679,0.608634098094848,-1.08535796105374,1
1037,353833,"K. Mbappé","Attacking midfielders",2,-8.24047654664694,2.0262858206746,3.40348812995379,2
1038,354123,"Pol Lirola","Midfielders",5,0.569515403220159,1.98060189299333,-1.8372521475046,1
1039,354547,"J. Jankto","Midfielders",5,-0.220799225452193,1.18926947451967,-1.29208278916065,1
1040,355597,"Joan Sastre","Midfielders",5,0.468788917572854,2.84752802687787,-2.81498378708827,1
1041,355599,"Mikel Oyarzabal","Attacking midfielders",2,-4.85603109947743,-0.38894235056787,0.576747823646751,11
1042,356237,"G. Lo Celso","Attacking midfielders",2,-3.0212597622999,4.34542376371212,2.05698417575117,5
1043,357806,"D. Hancko","Defensive midfielders",3,1.90898755353646,1.02182337966745,0.963943470438674,1
1044,357946,"Isi Palazón","Attacking midfielders",2,-2.94136140853617,0.994988703383487,0.159621416445869,5
1045,357981,"Gonzalo Villar","Midfielders",5,0.497717055387592,1.28732038516382,-0.185350768494919,2
1046,357991,"Édgar González","Centre backs",1,4.68368203303659,-2.16895406824466,1.08488119113421,4
1047,357992,"Aitor Ruibal","Midfielders",5,-1.1048517189765,1.30429902820808,-1.81430198067192,7
1048,358801,"P. Estupiñán","Midfielders",5,0.327244678928635,3.02203011346795,-2.03157413802245,3
1049,359847,"Alfonso Pedraza","Midfielders",5,-1.04938032714119,2.13341286216572,-2.3766656921305,9
1050,360981,"Dani Olmo","Attacking midfielders",2,-4.3291539356438,3.17442137974872,2.59269546171643,2
1051,363717,"Y. Herrera","Defensive midfielders",3,0.570289199847584,-0.258167000383931,-0.510891099764578,7
1052,364003,"S. Bueno","Centre backs",1,4.84048465158756,-0.558001095739804,1.71706300255358,1
1053,364005,"F. Valverde","Midfielders",5,0.548338453857062,2.9357360575305,2.36022010335513,9
1054,364086,"T. Conechny","Attacking midfielders",2,-2.14660378014484,-0.377095534683632,-0.98208305532969,1
1055,364772,"C. Awaziem","Centre backs",1,3.97994268658029,-2.59371940972934,-0.348720630613738,1
1056,364817,"Tachi","Centre backs",1,4.49872779265121,-1.80266679258359,-0.147797838755176,1
1057,364820,"Loren Morón","Forwards",4,-5.42840697706158,-4.1128568491963,-0.136503217304096,5
1058,364845,"Rafa Mir","Forwards",4,-5.37449482542491,-5.55526096102082,0.448031228355848,6
1059,364846,"Y. Eteki","Centre backs",1,1.14838192958163,-2.74129038215156,-1.26732821955056,2
1060,364850,"Junior Firpo","Midfielders",5,0.341085255206319,1.48032773036285,0.276139729071758,3
1061,364860,"Rodri","Defensive midfielders",3,4.32599171421819,1.09916457861719,1.85444034604881,3
1062,364864,"Pedro Díaz","Midfielders",5,-1.64379450781842,1.46531077310432,0.426057227654461,2
1063,364870,"Adrián Diéguez","Centre backs",1,4.1815056498745,-2.75243672586838,-2.23128551408623,2
1064,366401,"F. Anguissa","Defensive midfielders",3,0.988571374961936,1.39167969987388,1.06966256334763,1
1065,366581,"J. Gnagnon","Centre backs",1,4.46807724068241,0.191242884970219,1.59513635745996,1
1066,366584,"L. Pétrot","Defensive midfielders",3,2.99745896581201,0.639500599067818,-0.0454162922910028,1
1067,367391,"Toni Moya","Defensive midfielders",3,0.780754679220233,1.08687174175013,-1.72284930153011,1
1068,367503,"M. Wöber","Defensive midfielders",3,3.13832139125359,1.43689394259524,-0.352000584183124,1
1069,368110,"Jailson","Defensive midfielders",3,3.98157644830947,0.969274972039966,0.811817188175097,2
1070,372752,"Carlos Soler","Midfielders",5,-1.29188270441097,1.37557814611755,0.660049017869885,7
1071,372753,"Francis Guerrero","Midfielders",5,-0.0696805501804553,2.14615598170882,-1.4728395104236,2
1072,373016,"C. Hernández","Forwards",4,-5.35958640296251,-1.46644157168685,0.210042495721389,5
1073,373410,"F. de Jong","Midfielders",5,1.22988845524662,5.02130793011483,3.62838544163393,7
1074,373541,"Aitor Buñuel","Defensive midfielders",3,1.58786802118476,1.65994192307685,-3.42378922889211,1
1075,373713,"Christian Rivera","Defensive midfielders",3,1.93785695893395,-0.64022686055495,-0.295309570069495,2
1076,374800,"M. Vargas","Attacking midfielders",2,-4.87982894519107,3.24161493224497,-0.379279160660823,1
1077,375011,"N. Aguerd","Centre backs",1,5.36285922051324,0.906158046656541,2.29920067896859,1
1078,375335,"J. Aidoo","Centre backs",1,4.74522143163565,-1.46800465477114,1.00709271788956,6
1079,375350,"M. Loum","Centre backs",1,2.07716123420785,-2.32666108232636,-0.765421717602626,1
1080,375771,"M. Olivera","Defensive midfielders",3,0.567053043333465,-0.34258060276921,-3.43011776474186,4
1081,376362,"Luiz Felipe","Centre backs",1,5.42524789947641,-2.00981434962137,0.0477778638905141,1
1082,377083,"Sergio Akieme","Defensive midfielders",3,0.0429885217774087,0.372405864181607,-1.12292785818801,2
1083,380709,"S. Arzamendia","Defensive midfielders",3,0.686952007308871,-0.0568793874615821,-2.86356108993881,2
1084,381233,"Houboulang Mendes","Defensive midfielders",3,1.09259152313846,0.528379118781616,-4.03071262240197,1
1085,382622,"S. Amallah","Attacking midfielders",2,-2.5020095640548,0.0369677619443484,-0.916330129289594,2
1086,384066,"C. Montes","Centre backs",1,4.59693928640364,-2.27248795758921,0.901366255467388,2
1087,385273,"Charles","Forwards",4,-4.79811511658295,-4.9922042615226,1.93572059506625,6
1088,386686,"S. Jurić","Centre backs",1,3.36147570413205,-1.90448982817423,-0.557995178470577,1
1089,387785,"Unai Elgezabal","Centre backs",1,5.05978661322916,-2.68194198379951,0.129904988410633,1
1090,387799,"F. Russo","Centre backs",1,4.61953172382477,-2.12960995565375,-0.755352101761154,1
1091,387803,"Víctor Campuzano","Forwards",4,-4.83414706353102,-3.2605471140191,-1.86916053852293,1
1092,387840,"Santi Comesaña","Defensive midfielders",3,1.29507769253025,1.01176035584784,0.322912124611856,6
1093,388976,"T. Kadewere","Forwards",4,-4.17559396698623,-2.66820658696046,0.934883393207487,1
1094,393214,"V. Rosier","Defensive midfielders",3,2.3290574588064,0.0735093770986421,-2.65477615268248,2
1095,393881,"H. Toledo","Attacking midfielders",2,-4.81005968249304,1.43494099399054,-1.76083019929003,1
1096,395114,"Igor Zubeldía","Centre backs",1,4.52060380238754,-0.434504568159889,1.1938056446665,9
1097,395134,"Juan Iglesias","Defensive midfielders",3,1.24659764116086,0.232412051257599,-4.42507422031211,6
1098,395636,"M. Gómez","Forwards",4,-4.98212351546933,-4.90063282443992,0.951418152860273,6
1099,396475,"A. Hakimi","Midfielders",5,0.662897330799283,3.69967503374414,-0.937146942291719,1
1100,396513,"Alex Pozo","Defensive midfielders",3,1.53572688004683,2.07725771016466,-2.29932485967337,4
1101,397033,"B. Soumaré","Defensive midfielders",3,2.66848637164128,0.130671067916265,1.34566680117967,1
1102,397060,"A. Danjuma","Attacking midfielders",2,-6.25374028706315,-0.0859491637556107,0.59664545414402,4
1103,397109,"Jota","Attacking midfielders",2,-3.35535802281807,0.639845598924233,-1.05278174982133,1
1104,397178,"M. Rashford","Attacking midfielders",2,-6.03508272873581,3.25624649173047,1.04817154327056,1
1105,397303,"Ferrán Torres","Attacking midfielders",2,-5.14633396482026,0.233085957132357,1.43051164018286,7
1106,399599,"A. Isak","Forwards",4,-7.19005939718925,-2.70013871709015,1.13239931412344,3
1107,399652,"Florentino","Defensive midfielders",3,2.74119587318245,-0.372185983502174,-1.39459992899739,1
1108,399676,"Pablo Fornals","Midfielders",5,-0.907761307137845,2.59933076589515,1.2941275443173,7
1109,400544,"Miguel Llambrich","Defensive midfielders",3,1.08364525504668,1.42655178335959,-3.50447602526972,1
1110,400549,"Pau Torres","Centre backs",1,5.20344917810905,0.594877350097141,2.2021421871942,4
1111,400691,"N. Petrović","Defensive midfielders",3,1.13989223025858,-0.346214812548508,-0.249255303252473,1
1112,401158,"L. Suárez","Forwards",4,-5.62700165318067,-2.53356091002573,-0.33411669993402,4
1113,401550,"Miguel Crespo","Defensive midfielders",3,1.5279523576288,2.11418300335476,-1.09149305851464,1
1114,402004,"S. Colombatto","Defensive midfielders",3,1.62010469443506,2.06603636080764,0.580396166076082,1
1115,402854,"G. Montiel","Defensive midfielders",3,1.17664413259896,1.79262952109446,-1.08073138724107,2
1116,403246,"L. de la Torre","Midfielders",5,-1.56404245022166,0.728893285323205,-0.801046603179749,2
1117,403260,"S. Chukwueze","Attacking midfielders",2,-6.08924255967843,2.72409886305774,0.137907307184827,5
1118,403448,"Éder Militão","Centre backs",1,4.50174946397791,-0.737701547299866,2.10664482582575,7
1119,403706,"A. Mallé","Attacking midfielders",2,-3.81772428294218,1.29632664162375,-2.15652240718303,1
1120,404328,"Enric Franquesa","Defensive midfielders",3,-0.335707578230819,-0.550942990321255,-2.60731485917841,2
1121,404397,"Brahim Diaz","Attacking midfielders",2,-5.4347976442285,3.18706661482027,1.81282495210802,2
1122,404693,"M. Kumbulla","Centre backs",1,4.45243691436118,-1.97018700130148,0.120518425847055,1
1123,404757,"J. Kluivert","Attacking midfielders",2,-5.79747636107177,0.0818001720741029,-0.175828836226124,1
1124,405603,"M. Gabbia","Centre backs",1,6.37636545744268,-0.6176286361797,1.18877795198819,1
1125,405976,"Pol Lozano","Defensive midfielders",3,1.90226656526361,0.418885778802873,-1.07064676302974,2
1126,405977,"Jordi Mboula","Forwards",4,-3.30399253672952,-1.79215663936236,-2.04226770335206,1
1127,405979,"Abel Ruiz","Forwards",4,-4.89692720210649,-3.31391008339492,1.29261920747389,1
1128,406454,"Waldo Rubio","Attacking midfielders",2,-2.70642941580986,1.91830330269352,-2.40887352867653,2
1129,408293,"Javi Ontiveros","Attacking midfielders",2,-4.32665123200238,3.97595366926087,-0.793434768977532,3
1130,408307,"Raphinha","Attacking midfielders",2,-5.42087576354997,3.71083784990726,1.76722442207566,4
1131,410026,"Álex Collado","Attacking midfielders",2,-2.90688228965726,1.97149061178298,-0.693377574368765,2
1132,410055,"Róber Pier","Centre backs",1,4.72283631018073,-2.08252386281692,-0.0831368331160964,4
1133,410062,"J. Koundé","Defensive midfielders",3,3.74646546032779,1.54440206738282,2.08542692739171,7
1134,410872,"Javi Galán","Midfielders",5,0.272904215271018,3.26564243084009,-2.77342307907445,6
1135,411422,"B. Ocampo","Attacking midfielders",2,-4.2369203367142,2.01756815436775,-1.65551273279222,1
1136,412897,"Dani Raba","Attacking midfielders",2,-4.17335463895922,2.01761509206568,-0.796109164811638,2
1137,413041,"J. El Yamiq","Centre backs",1,5.3691611893414,-2.1426660439205,0.219236346797342,2
1138,413597,"R. Kouamé","Defensive midfielders",3,3.28354501278765,0.643908640640638,0.882010026509151,1
1139,413891,"Manu Vallejo","Forwards",4,-4.53343941070266,-1.60472678228275,-0.865817082858798,3
1140,414193,"N. Molina","Midfielders",5,1.03842878702168,2.79994607843206,-1.4740935218947,4
1141,419225,"Dani Gómez","Forwards",4,-6.72862172660364,-3.10600213764615,0.155218363801041,3
1142,420532,"Pipa","Midfielders",5,0.518009097419649,1.42311627719937,-2.52297027940876,1
1143,422517,"Fran García","Midfielders",5,1.00526791082703,2.48071925081821,-1.76605032399138,4
1144,422519,"Fran Beltrán","Defensive midfielders",3,2.2743930716006,0.82196394453825,1.02036564006978,7
1145,422520,"Iván Martín","Midfielders",5,-0.614096751043988,1.4703773600274,1.3649336072118,4
1146,423157,"Thierry Correia","Defensive midfielders",3,1.90518563227039,1.76042362090896,-2.50269906189558,6
1147,424624,"P. Etebo","Midfielders",5,0.598935515860198,1.79269488027174,0.347554716633095,2
1148,425893,"L. Ilić","Defensive midfielders",3,-0.220210283699239,-2.39370005975677,-1.13328569349891,1
1149,427886,"C. Protesoni","Defensive midfielders",3,2.64618930818547,-1.0880171200045,-1.32072537098926,2
1150,428131,"P. Akouokou","Centre backs",1,4.08700930732283,-0.405256657088536,0.74574763825365,2
1151,431540,"Francisco Trincão","Attacking midfielders",2,-4.76906345609278,2.67805589259347,1.78910772491589,1
1152,434145,"Álex Sola","Attacking midfielders",2,-3.63836586380796,0.245288968549765,-2.83566173112337,2
1153,435472,"U. Račić","Defensive midfielders",3,2.52659307740071,-1.04768377531276,-0.473067868557423,2
1154,435759,"Adrià Pedrosa","Midfielders",5,-0.0523406748815116,1.35329896817676,-2.72628715971393,6
1155,436688,"Viti Rozada","Defensive midfielders",3,1.35638164291269,0.625249916686395,-2.65943604381913,1
1156,436785,"Y. Neyou","Defensive midfielders",3,1.94702932183787,0.741303448282088,-0.0441452898152435,1
1157,439778,"I. Doumbia","Defensive midfielders",3,3.21336413824819,-0.426632095807647,1.60885736744298,1
1158,441230,"T. Alarcón","Defensive midfielders",3,1.92624490291877,-1.01798333495866,-1.26388175580055,1
1159,443324,"Douglas Luiz","Defensive midfielders",3,2.74369751764985,1.30839385718786,-0.39451001709424,1
1160,444669,"N. González","Attacking midfielders",2,-2.34208300362967,0.0893837683887203,-1.16442829506867,1
1161,445504,"Carlos Neva","Defensive midfielders",3,1.79099448227534,-0.597643118856728,-2.80543258408037,4
1162,446062,"K. Arriaga","Defensive midfielders",3,3.30782043730497,0.681396066008194,-0.656707095225384,1
1163,446483,"André Almeida","Midfielders",5,-1.64107190678522,2.83029190406063,0.192676382736438,4
1164,446859,"Peru Nolaskoain","Centre backs",1,5.49103025540317,-0.352841006416933,1.57967028367848,1
1165,447358,"C. Gallagher","Midfielders",5,-0.267100237136501,1.15308761825084,0.254837216896452,2
1166,447821,"Y. En-Nesyri","Forwards",4,-5.41065448075164,-6.15327536272344,0.194887772573916,7
1167,449817,"A. Mumin","Centre backs",1,4.37649715546662,-2.11352320448142,0.218689150720825,3
1168,449920,"L. Robertone","Midfielders",5,0.831251801059025,2.19517747174513,0.0620351851708122,2
1169,450650,"Imanol García","Centre backs",1,3.46268418044594,-1.89326651188881,-1.13433656691926,1
1170,450769,"Fernando Calero","Centre backs",1,5.01522240880927,-1.76840340552861,0.541374208235494,6
1171,450776,"Jorge de Frutos","Attacking midfielders",2,-4.59818562934646,0.0184847394800256,-1.9525158453649,5
1172,450784,"Óscar Melendo","Midfielders",5,-1.80670506433883,1.38364047517011,0.985630174753852,5
1173,450785,"Javi Puado","Forwards",4,-4.32310921260814,-1.67650735002703,0.126678070402703,4
1174,451235,"Álvaro Aguado","Midfielders",5,0.998260845853036,2.37911478398227,0.918053905266059,2
1175,452264,"Marc Cardona","Forwards",4,-6.18798834502008,-1.88498039033073,0.359795852684836,3
1176,452269,"Fran Gámez","Defensive midfielders",3,2.2167723092564,1.40766579066709,-3.06333335816436,1
1177,452293,"Sergio Ruiz","Defensive midfielders",3,1.2263506196215,1.06406848132574,-0.375319763230202,1
1178,453251,"Alejandro Catena","Centre backs",1,4.81754656866365,-1.9907897847118,1.27516139643112,5
1179,453270,"M. Hongla","Centre backs",1,3.8261973264847,-0.454196079980351,0.191517315816157,3
1180,456053,"J. Foyth","Defensive midfielders",3,3.55720086809313,0.381017051535677,-0.120799414012611,6
1181,460552,"P. Gueye","Defensive midfielders",3,0.936393930324452,1.19549147564943,0.77790858220617,3
1182,470747,"R. Araújo","Centre backs",1,4.29541859151041,0.131608313245254,3.09454103090163,6
1183,470934,"Javi Hernández","Defensive midfielders",3,1.46293276211541,0.307296868232667,-1.96325903223961,3
1184,471583,"I. Baba","Defensive midfielders",3,2.57025559558686,-0.986458218652912,-0.509445082296733,4
1185,471753,"João Félix","Attacking midfielders",2,-5.59418266080028,1.02362659587004,2.08726921972129,5
1186,471761,"Óscar Mingueza","Midfielders",5,1.45994060683089,3.85270329994538,0.0168925866029172,6
1187,471764,"Monchu","Defensive midfielders",3,0.998031774085534,0.276776888455026,0.47181182179476,2
1188,471991,"Rodrigo Riquelme","Attacking midfielders",2,-4.88991930585687,2.93586367200833,-1.01223195565303,4
1189,471999,"Juan Berrocal","Centre backs",1,4.09925250364287,-2.98067228232106,-0.195008731999256,1
1190,472191,"Renan Lodi","Midfielders",5,0.016955838073515,2.00747724637761,-2.18423690814379,3
1191,472519,"Mateu Morey","Defensive midfielders",3,1.0046904528835,0.951260927742989,-2.69314031701501,2
1192,472696,"Sergio Gómez","Midfielders",5,-0.538425195982861,2.4918957662484,-0.982525719946326,3
1193,473327,"Juan Miranda","Defensive midfielders",3,1.99257892241895,1.37381230128591,-1.64654458480646,4
1194,473364,"Hugo Guillamón","Defensive midfielders",3,3.80447946357284,-0.145807576846017,0.659268290586236,5
1195,473366,"Víctor Chust","Centre backs",1,4.77526191470972,-1.51147291798681,0.298190166406997,4
1196,473367,"Eric García","Defensive midfielders",3,4.70276935332964,1.66505721627674,2.86604669005042,5
1197,473371,"Antonio Blanco","Defensive midfielders",3,2.46963374175993,0.955067134620294,-1.27952704248917,3
1198,474104,"J. Strand Larsen","Forwards",4,-5.98086691122431,-4.40565599666607,0.0803338894653613,2
1199,475041,"A. Sambi Lokonga","Defensive midfielders",3,1.72694839199503,1.51716082897709,2.08042385426924,1
1200,477082,"Emerson Royal","Midfielders",5,0.515886528966902,1.96859775765366,-1.57278923411615,2
1201,477106,"S. Cáseres","Defensive midfielders",3,3.99525807272856,0.336004296947751,0.934754789649183,1
1202,477211,"L. Krejčí","Defensive midfielders",3,4.77886513680499,1.53016753438702,3.29699988322247,1
1203,477352,"Ander Guevara","Defensive midfielders",3,3.09151679018147,1.49973640852877,0.170702415677898,5
1204,478999,"Kike Pérez","Midfielders",5,-0.769423572596955,1.32640146248432,-0.662607936344483,5
1205,480138,"B. Mendy","Defensive midfielders",3,1.34003057006534,-0.155738194834116,-0.456461808574389,1
1206,480145,"A. Tchouaméni","Defensive midfielders",3,3.59697358825542,1.14276681997477,2.8979790840141,4
1207,481322,"A. Candela","Defensive midfielders",3,1.95552815862319,1.29391179881707,-1.43073907416867,1
1208,481618,"N. Tenaglia","Defensive midfielders",3,2.24981814949163,-0.77119513523435,-2.55931611367407,4
1209,482369,"Javi Martínez","Midfielders",5,-1.58633532477239,1.28044232107285,-1.15571774579821,2
1210,483256,"Alfon González","Attacking midfielders",2,-7.40686697503625,1.29505706191818,-0.0879521206607757,1
1211,485083,"David Carmo","Centre backs",1,5.42229304012256,-0.640503962523954,1.48836819999121,1
1212,485271,"Lucas Rosa","Defensive midfielders",3,0.752825981585211,0.516776307417992,-2.89052462122865,2
1213,485383,"Álex Mula","Attacking midfielders",2,-2.89114043521697,1.23438148738219,0.0402795930666226,1
1214,486425,"Fer Niño","Forwards",4,-4.75202633545819,-4.60897062896677,0.409295253916408,2
1215,487598,"Miguel de la Fuente","Forwards",4,-5.60249819103694,-4.72285878736311,-1.6615344068748,2
1216,487752,"Miguel Atienza","Centre backs",1,2.79254606676001,-1.81721198109158,0.455265052239291,1
1217,487756,"Marcos André","Forwards",4,-4.99492251476064,-4.67588595626836,-0.862348694432634,4
1218,488961,"Samú Costa","Defensive midfielders",3,2.46969731194438,0.143683060463636,-0.931900975092526,4
1219,489417,"Erik Expósito","Forwards",4,-3.86276264350707,-3.46117632989925,0.73573673535105,1
1220,489488,"Martín Aguirregabiria","Defensive midfielders",3,2.36491048618388,-0.0673751797591762,-2.99355931837011,5
1221,489695,"Marvin Park","Midfielders",5,-1.06728952942208,0.768084208266592,-2.49949612679665,2
1222,490458,"S. Kaba","Forwards",4,-4.82778818154034,-3.77241233852091,0.333741219461336,1
1223,490863,"Alemão","Forwards",4,-4.58192458242849,-3.3064555546296,-0.24241538183909,1
1224,492443,"V. Castellanos","Forwards",4,-5.65776931903141,-5.10133754144006,-0.0890322732981643,1
1225,493295,"Vinícius Júnior","Attacking midfielders",2,-8.4054350513371,4.18495304031589,0.740807868866674,8
1226,493898,"Adrián de la Fuente","Centre backs",1,4.01773079561767,-0.318957364639549,-0.431021085134707,1
1227,494315,"B. Miovski","Forwards",4,-3.80093964564949,-5.12626610463995,-0.0528576394697187,1
1228,494337,"N. Pérez","Centre backs",1,3.47476381527218,-4.8002851550778,-0.313867463319162,1
1229,495404,"D. Lainez","Attacking midfielders",2,-4.04683562763985,3.05723552989387,-1.46150485420443,1
1230,495674,"Samuel Lino","Attacking midfielders",2,-3.71067180788165,2.85402757387346,-0.677783459653937,3
1231,496400,"C. Ejuke","Attacking midfielders",2,-4.97104089009709,3.20702020699919,0.0690553461657405,2
1232,496493,"Víctor Gómez","Midfielders",5,0.466648466135319,1.89646152064757,-2.06684870375299,1
1233,498350,"M. Mbaye","Centre backs",1,4.82976113728135,-3.40150287907763,-0.378301973239566,1
1234,498373,"M. Sagnan","Centre backs",1,3.92485304054683,-0.291647601369701,2.00584246563998,1
1235,499596,"S. Dest","Midfielders",5,-1.03528185094528,2.95679391844915,0.715813775725543,2
1236,499843,"Edu Expósito","Midfielders",5,-0.448450882052352,1.88467925116534,-0.50357073932707,5
1237,500200,"Miguel Rubio","Centre backs",1,4.53184907558435,-2.95717972774387,0.580748810225696,1
1238,501165,"Lucas Pires","Defensive midfielders",3,1.04086390733264,1.46056800895789,-1.94816798010777,1
1239,501471,"I. Chaira","Attacking midfielders",2,-3.3138728193558,0.338626631355035,-1.01706597246024,1
1240,503338,"Martín Zubimendi","Defensive midfielders",3,2.98447743498246,0.727636381615407,1.52321672026039,6
1241,504301,"T. Kubo","Attacking midfielders",2,-5.44197582827887,2.45444959430563,-0.835416047703451,7
1242,504303,"A. Rațiu","Midfielders",5,-0.796679586253239,2.58178221091174,-1.40559254533128,3
1243,504689,"F. Garcés","Centre backs",1,3.65708773619922,-3.58001110843836,0.112544659484196,2
1244,507495,"Dani Escriche","Attacking midfielders",2,-3.91212556296128,-0.838576352917162,-0.721705522043892,1
1245,507738,"Vini Souza","Centre backs",1,2.52294629767985,-1.89817910437581,-1.05464805855633,1
1246,508021,"Jorge Cuenca","Centre backs",1,4.79761040740027,-1.93661764574381,0.0213786871486154,3
1247,508440,"B. Méndez","Centre backs",1,4.16971903435271,-1.07701774409087,-1.14699237102315,1
1248,511155,"R. Vargas","Attacking midfielders",2,-4.71409253596198,1.33936876918846,-0.356189897716152,2
1249,512982,"Matheus Cunha","Forwards",4,-6.0410991197965,-2.50223135050973,0.102031252826171,1
1250,514494,"Matías Arezo","Forwards",4,-2.67545209913433,-3.20775025418933,0.634852222833701,1
1251,515713,"B. Dia","Forwards",4,-6.32398339938083,-3.27904834227667,1.16424315761054,1
1252,517437,"Jesús Areso","Midfielders",5,0.261368736614595,1.6592795493129,-2.47260216214767,3
1253,518092,"P. Ciss","Defensive midfielders",3,3.2810498426188,-0.245383307715671,0.822822479708751,5
1254,518746,"Lee Kang-In","Attacking midfielders",2,-3.92195523098277,1.47926760470493,-0.297575478109993,4
1255,518905,"José Copete","Centre backs",1,4.51377801993407,-1.35080400441725,-0.900387585778061,4
1256,519494,"Álex Suárez","Centre backs",1,3.92903099684522,-1.17149327570372,1.002867966703,2
1257,523326,"Manu Fuster","Midfielders",5,-1.19306632988388,3.86219390652784,0.0848185276891051,1
1258,524274,"A. Douvikas","Forwards",4,-5.43285528686125,-4.95349282480393,-0.434100073538976,2
1259,525104,"Dani Vivian","Centre backs",1,4.78503455912532,-0.422277902580971,0.730084368039778,5
1260,525126,"Marc Aguado","Defensive midfielders",3,4.06105675795207,0.477183564994458,1.27687870948961,1
1261,525130,"Álex Centelles","Defensive midfielders",3,1.99943167798459,1.08726191920439,-2.07423646134067,2
1262,527100,"M. Greenwood","Attacking midfielders",2,-5.89679405444632,2.25325724479678,1.11375562591541,1
1263,527102,"L. Ramazani","Attacking midfielders",2,-5.23040656790358,0.0838369642415514,-2.18280038174525,2
1264,528925,"Calebe","Midfielders",5,-1.74728273864372,3.89137646682804,-0.546369362041708,1
1265,529349,"Antony","Attacking midfielders",2,-4.46905584313625,4.3977362248374,0.686940850533205,2
1266,530689,"Mario Hernández","Defensive midfielders",3,1.6965073162615,2.01304647556734,-1.78421683808995,1
1267,531592,"Aihen Muñoz","Defensive midfielders",3,1.91368502162508,1.31611136363639,-2.5044513232803,8
1268,532467,"Riqui Puig","Midfielders",5,-1.35806731336068,5.26454328618478,3.40867194077494,2
1269,532627,"Arnau Puigmal","Attacking midfielders",2,-2.42785737665548,0.636837221687469,-1.79317968197052,1
1270,532815,"Miguel Baeza","Attacking midfielders",2,-2.36290204252961,0.26616110557501,0.586511087869593,1
1271,532831,"Bryan Gil","Attacking midfielders",2,-4.97883922317696,2.42851911164677,-1.14882507381159,6
1272,534083,"Chris Ramos","Forwards",4,-5.43896254912154,-7.04657899719602,-1.09013890411592,2
1273,535789,"D. Affengruber","Defensive midfielders",3,5.02555768956029,1.26054990406629,0.908323421376292,1
1274,535845,"E. Boyomo","Centre backs",1,3.93126893848225,-1.2634342665781,0.237031653627105,2
1275,536058,"Fábio Silva","Forwards",4,-5.91371690609781,-3.17315339444676,-0.228788653374135,1
1276,536142,"Miguel Gutiérrez","Midfielders",5,-0.658515825716073,2.52167379132979,-0.24858138213873,3
1277,536150,"Sergio Arribas","Attacking midfielders",2,-3.95690270712658,0.487392207915288,1.19203920716094,1
1278,536152,"Jordi Martín","Midfielders",5,-0.928352684911352,1.3941155676147,-1.42092076276344,1
1279,536640,"Sergio Camello","Forwards",4,-5.05649594808586,-2.85700861669428,0.666846703280266,3
1280,537185,"J. Araujo","Defensive midfielders",3,2.74275311103359,0.72329643361222,-0.465830714338856,1
1281,537561,"Carlos Vicente","Attacking midfielders",2,-3.93525256949829,0.817713429946508,-2.75054976545412,3
1282,542101,"S. Cissé","Defensive midfielders",3,0.663472478595022,0.249030322612933,0.620665293728731,1
1283,542945,"Óscar Gil","Defensive midfielders",3,0.91678279197672,-0.308913366846171,-3.54460542957893,2
1284,544210,"Sergio Carreira","Midfielders",5,0.0648641489117567,2.34518694940994,-1.36208855851397,2
1285,544844,"Logan Costa","Centre backs",1,4.57268084978586,-1.05954610128207,1.88323718673564,1
1286,544859,"Álex Baena","Attacking midfielders",2,-3.56893700925089,3.27033707421604,-0.0916842424101761,4
1287,544862,"Germán Valera","Attacking midfielders",2,-2.76458566435056,2.97461575842478,-0.251226451838731,1
1288,545296,"Y. Musah","Attacking midfielders",2,-2.39896140301112,-0.248309301257404,-1.76554745159151,3
1289,545569,"Saúl Coco","Centre backs",1,4.70208403163787,-1.35972957014917,1.66456854694169,1
1290,545811,"Hugo Duro","Forwards",4,-4.89919186438548,-5.47248693001279,0.0270275672126239,6
1291,545942,"Oihan Sancet","Attacking midfielders",2,-4.68239562438352,0.186921377543342,1.16955704088003,7
1292,545943,"Unai Vencedor","Defensive midfielders",3,2.57048547434336,1.61709513077247,0.302011704798314,3
1293,545944,"Oier Zarraga","Midfielders",5,0.14023544117286,0.748726084656837,-0.423285739642369,2
1294,546242,"Roger Brugué","Forwards",4,-3.05199285897657,-1.95221046569052,-0.389965309776898,1
1295,546482,"José Gragera","Centre backs",1,3.44089442891876,-2.32382029517074,-0.369611846188467,2
1296,546863,"W. Cheddira","Forwards",4,-5.42863182456027,-3.20091148147061,-0.846123414001766,1
1297,547260,"Rodrygo","Attacking midfielders",2,-5.89963738455881,2.51736455035809,1.80586030901899,7
1298,547492,"Reinier","Attacking midfielders",2,-2.91838639690661,-0.463929633875582,1.39561927178093,1
1299,547496,"Yan Couto","Midfielders",5,-2.34379543581403,4.15601543738913,-2.05500671805834,2
1300,549129,"Aitor Paredes","Centre backs",1,4.7034440445487,-1.67936623254642,1.82623712186371,4
1301,550229,"Jon Moncayola","Defensive midfielders",3,1.82190545491362,1.17479767532238,-0.328650304153306,7
1302,550459,"J. Álvarez","Attacking midfielders",2,-5.29388657374552,0.843876278692087,1.23601953919357,2
1303,550927,"Sergi Cardona","Defensive midfielders",3,1.4868304116849,1.81799523888326,-2.06159912226827,3
1304,551304,"Álex Petxa","Defensive midfielders",3,2.28082575366994,2.28580709046812,-1.35606438448351,1
1305,551419,"Alberto Soro","Attacking midfielders",2,-1.85862006071193,-1.35333977836994,-1.06771153402261,1
1306,551442,"Pedro Porro","Midfielders",5,0.388272939473057,3.27933704708929,-3.52111309632928,2
1307,551596,"Lázaro","Attacking midfielders",2,-5.2621451098695,-0.309017427162746,1.27102603580255,1
1308,552232,"Jon Ander Olasagasti","Midfielders",5,0.147161625531915,1.3476554800113,-0.702517838369594,2
1309,552234,"Roberto López","Midfielders",5,-1.16758941435968,0.987886294234323,0.561618185132499,2
1310,552240,"Álvaro Núñez","Defensive midfielders",3,1.69367078574865,2.52620847038482,0.513291193269817,1
1311,552245,"Imanol García de Albéniz","Defensive midfielders",3,3.33831103475395,2.23891323912897,-1.56689604090507,1
1312,553292,"Abner","Defensive midfielders",3,2.94891350407932,0.220126754751195,-2.02515859771839,2
1313,553381,"G. Álvarez","Centre backs",1,2.52155428701414,-2.43725691140955,-1.67786595683118,2
1314,554406,"R. Nteka","Forwards",4,-4.29806315896491,-3.47470494406959,-0.532252374751459,4
1315,556923,"A. Abqar","Centre backs",1,3.7381068935805,-2.20218728723657,-0.627118575875031,3
1316,557066,"K. Piątkowski","Centre backs",1,4.43008256614075,-1.32502579466881,0.398116310925574,1
1317,557401,"Bruno Langa","Defensive midfielders",3,1.97104771571535,0.911674001776569,-2.25045170309026,1
1318,557942,"M. Salisu","Centre backs",1,5.37243262909457,-2.87159092004449,0.416967639292207,1
1319,558581,"Pejiño","Attacking midfielders",2,-3.95826951348987,3.49394664135875,-0.00843868911558193,1
1320,558739,"T. Nianzou","Centre backs",1,4.29507350383362,-1.44819259022781,1.55609178698666,2
1321,558754,"Carlos Dotor","Defensive midfielders",3,0.89618933591539,0.222552851644025,0.140632191402168,1
1322,558779,"Juanmi Latasa","Forwards",4,-5.42485286267087,-6.27838995188745,-0.670884972564994,3
1323,559043,"Valery Fernández","Attacking midfielders",2,-1.70107297775546,0.444437616839387,-0.821159653425258,3
1324,559200,"Ricard Sánchez","Defensive midfielders",3,0.307785982005502,0.618589029866049,-1.88886469863173,1
1325,559368,"A. Adams","Forwards",4,-5.26761793322363,-5.02857801458635,-0.548135604466025,1
1326,559647,"Kirian Rodríguez","Midfielders",5,1.74784457529843,3.51592902492035,2.91962622833848,2
1327,559718,"Gonzalo Plata","Attacking midfielders",2,-4.65426938271071,1.46366376957456,-1.69702127519844,1
1328,560353,"Pablo Martínez","Midfielders",5,-0.600150262363135,0.816672756558422,-1.07810926081385,2
1329,560889,"Nico Melamed","Attacking midfielders",2,-3.64999342124603,0.749742900614805,-0.367518467190276,2
1330,561186,"Yéremy Pino","Attacking midfielders",2,-4.34477329917359,0.611604102863082,-0.632959098994701,5
1331,561189,"Robert Navarro","Attacking midfielders",2,-3.67419795123396,2.26945710293456,-1.33380496588581,3
1332,561190,"Javi López","Defensive midfielders",3,0.843440918928979,0.762410623169928,-2.43925415803529,3
1333,563391,"G. Mikautadze","Forwards",4,-7.28372613600343,-2.22693774899999,1.21014783906691,1
1334,563961,"José Fontán","Defensive midfielders",3,3.68238184006042,0.015665186422977,-0.0134136402378101,1
1335,563968,"Iker Losada","Attacking midfielders",2,-2.56725488496622,0.98459215014835,0.167707930154637,1
1336,565630,"F. Viñas","Forwards",4,-4.37359431445914,-2.80806653113425,-0.148283349157649,1
1337,566942,"E. Loiodice","Midfielders",5,0.499137100860105,2.40299753230124,0.436298499702129,2
1338,567016,"Jon Pacheco","Centre backs",1,5.29602843440436,-0.80368400389351,1.65521954938423,4
1339,567461,"Jorge Herrando","Centre backs",1,4.34626781637853,-1.88511644928384,0.192871754918991,3
1340,568583,"Juan Cruz","Attacking midfielders",2,-2.89991748965805,1.18811629409407,-1.68596787072144,1
1341,569212,"Ferrán Jutglà","Forwards",4,-5.47203960855511,-0.977373598326637,0.243896546151344,1
1342,574784,"Antonio Sánchez","Defensive midfielders",3,0.0959999698538687,0.241287245799932,-2.31644941867363,5
1343,574907,"E. Touré","Forwards",4,-5.0668013445406,-4.74101348270156,0.704618235971647,1
1344,578270,"T. Almada","Midfielders",5,-1.77581419173694,2.93222364129263,1.75751201584113,1
1345,579987,"Jon Morcillo","Attacking midfielders",2,-3.67529139937038,2.80978428441899,-2.16528230760721,1
1346,580127,"Pep Chavarría","Midfielders",5,0.990501717713835,2.7179163307632,-1.56531691962485,4
1347,582098,"D. Lopy","Defensive midfielders",3,1.99350960597478,0.27148835627558,-0.0922861384194952,1
1348,582472,"L. Sučić","Midfielders",5,-1.43355018077994,2.16191212599289,0.921817179939649,1
1349,583159,"L. Badé","Centre backs",1,5.25403295449347,-1.06922558488065,0.914429052270276,3
1350,583880,"A. Ounahi","Attacking midfielders",2,-3.17935773987642,4.5400634916895,0.32353144369681,1
1351,584520,"Nico González","Midfielders",5,0.767922710552868,1.67287311664654,1.02367634810117,2
1352,584522,"Ansu Fati","Attacking midfielders",2,-6.40765975420569,1.59974138633686,2.3029841712534,3
1353,584914,"Jesús Vázquez","Defensive midfielders",3,0.150468018078769,-0.371157250948688,-3.62538088899027,4
1354,584938,"Fran Pérez","Attacking midfielders",2,-3.83904795681821,0.698441736866189,-2.09169722232328,3
1355,585048,"L. Beltrán","Forwards",4,-4.23814685546421,-1.74517871134029,0.183826727656691,1
1356,585538,"R. Alhassane","Defensive midfielders",3,1.4306969222568,0.998468168637358,-2.69977793720642,1
1357,585816,"Manu Sánchez","Defensive midfielders",3,0.744600681392651,1.19421367461921,-2.86549193354119,6
1358,589805,"L. Agoumé","Defensive midfielders",3,1.92987799144198,1.15189008301371,0.383557612747885,3
1359,589806,"H. Hassan","Attacking midfielders",2,-4.68523388689864,2.91830851211355,-1.19990254403646,1
1360,590503,"Ilaix Moriba","Midfielders",5,-0.478141756044746,0.846380204641413,0.00455366184278098,6
1361,590721,"M. Ruggeri","Defensive midfielders",3,2.42912774901789,2.19584918816798,-1.29689540410549,1
1362,591410,"N. Fernández Mercau","Midfielders",5,-2.10683101214066,3.8128659785711,-1.87553606845865,1
1363,592582,"V. Vanat","Forwards",4,-4.42458063120444,-4.36381090142626,-0.502297525576097,1
1364,593103,"Álvaro Djaló","Forwards",4,-5.22410594151157,-1.15806610158213,-1.54463093715895,1
1365,593173,"Aiham Ousou","Centre backs",1,3.76268367457173,-0.400878611225141,0.167575982984058,1
1366,593442,"Beñat Prados","Defensive midfielders",3,2.2049545917839,0.887712749903707,-0.828196724306435,2
1367,593803,"Carlos Romero","Defensive midfielders",3,0.380242070986001,0.823343921812223,-3.55259098992709,2
1368,595008,"Alejandro Cantero","Forwards",4,-5.11601870007453,-1.61881976687373,-0.299924069794355,1
1369,595598,"Peque Fernández","Attacking midfielders",2,-3.85699076474225,-0.463727021969438,-0.0577386843437277,2
1370,596052,"Ander Barrenetxea","Attacking midfielders",2,-4.25989346652462,1.7368105998607,-1.42615233674571,7
1371,596691,"Natan","Centre backs",1,4.25957288049335,-1.75900202221509,1.18946068210093,2
1372,596822,"Luiz Henrique","Attacking midfielders",2,-4.52261415633398,0.939202767530837,-1.89155654150489,2
1373,598620,"Johnny Cardoso","Defensive midfielders",3,2.35247419720028,-0.277518928134531,-0.0823364679345374,2
1374,599551,"E. Camavinga","Midfielders",5,1.83160818787919,3.59889487792664,1.01856274229901,5
1375,599560,"Alberto Reina","Defensive midfielders",3,1.17033648096859,1.63767626085137,0.475102804127509,1
1376,601166,"Jofre Carreras","Attacking midfielders",2,-4.19644814738717,0.0184759555282311,-2.23885869176083,1
1377,601275,"Rafa Marín","Centre backs",1,4.49091020465578,-2.13755533993356,0.817824374273066,2
1378,601297,"Peter González","Forwards",4,-3.5412500804329,-1.23799060954627,-2.47356002919202,2
1379,601883,"F. Pellistri","Attacking midfielders",2,-3.94392399813007,-0.58657390571411,-2.71154040618809,3
1380,602620,"T. Buchanan","Attacking midfielders",2,-4.07954955026953,1.86337453426877,-0.766864606660425,1
1381,603778,"Abel Bretones","Defensive midfielders",3,1.06408701815422,0.877303219520738,-3.05245321884307,2
1382,603901,"Víctor Meseguer","Defensive midfielders",3,0.587577988825143,-0.246360941240956,0.371754947766929,1
1383,604055,"Mika Mármol","Defensive midfielders",3,4.73741467655932,1.21927806170217,0.304236656853037,2
1384,604122,"Jon Aramburu","Defensive midfielders",3,3.02909446755769,1.01289711581213,-2.16002274257481,3
1385,605383,"Beñat Turrientes","Defensive midfielders",3,0.269066927915597,0.213695760623201,0.453621334569504,2
1386,605385,"Raúl Moro","Attacking midfielders",2,-5.23761375185777,2.61533006236553,-1.33271168891624,1
1387,606670,"Adrià Altimira","Defensive midfielders",3,2.01234827394146,0.0620794676704059,-2.77345971247117,2
1388,607496,"O. Óskarsson","Forwards",4,-4.74252577839488,-4.60985960433874,-0.546961481421301,1
1389,609127,"Carlos Martín","Attacking midfielders",2,-2.75945204587828,-0.127959803141929,-2.36023293212598,1
1390,611298,"Raul García","Forwards",4,-4.86221044531577,-4.77731754033712,0.293077105375406,3
1391,611437,"M. Diarra","Defensive midfielders",3,2.52538860570517,-1.0287219631108,-0.80442600504438,1
1392,611463,"Aimar Oroz","Attacking midfielders",2,-3.0071286953217,1.2550140495448,-0.0415364070121404,4
1393,612174,"Víctor Parada","Defensive midfielders",3,2.02965196121579,-0.562503514721231,-1.63443125292684,1
1394,617894,"J. Bellingham","Attacking midfielders",2,-2.84238469302281,3.21872848567199,3.0501694467719,3
1395,618294,"Pedri","Midfielders",5,-0.484211108636536,5.94556354513193,2.98942083443671,6
1396,618690,"José Ángel Carmona","Defensive midfielders",3,1.59632519494655,0.635254092878995,-2.26243607451919,4
1397,618697,"Iván Romero","Forwards",4,-6.17956095575442,-2.41840486832829,-0.308340675926007,1
1398,619855,"Borja Sainz","Attacking midfielders",2,-4.55654997099907,-0.79637439789991,-2.83917969489752,2
1399,620193,"C. Riedel","Centre backs",1,4.90861331893663,-0.315944523773011,1.12089359145383,1
1400,621020,"Cristhian Mosquera","Centre backs",1,4.57116347434848,-1.82178167440099,1.11322585558267,2
1401,621046,"Yellu Santiago","Defensive midfielders",3,0.802341704345297,-1.35005108382104,-1.99647479513334,2
1402,621207,"Javi Rueda","Midfielders",5,0.580159783459525,2.6758290998577,-2.3051905589333,1
1403,622288,"Kaiky","Centre backs",1,4.57065111295073,-2.33199939677933,-0.628679974316431,2
1404,622390,"C. Özkacar","Centre backs",1,4.81045157556298,-1.56177186240622,0.276614303387427,3
1405,622787,"M. Cho","Attacking midfielders",2,-6.74097583175115,2.21044145946887,-1.8288582379513,1
1406,624498,"Martim Neto","Midfielders",5,-1.2009749375172,2.61893487106801,0.861150272239133,1
1407,624613,"Juanlu Sánchez","Midfielders",5,-0.166329668037518,1.06469875656972,-1.85379297129891,3
1408,624615,"Carlos Álvarez","Attacking midfielders",2,-2.9474590929939,2.70416282109879,-0.700310874473579,1
1409,624774,"Gabri Veiga","Attacking midfielders",2,-2.89768108703362,0.802612433821144,-0.151832236126666,1
1410,624854,"Manu Fernández","Defensive midfielders",3,5.23259020431419,1.65316526020374,1.56621898483707,1
1411,626123,"Ilias Akhomach","Attacking midfielders",2,-5.09108600927613,2.59038764642852,-2.07064173622925,2
1412,626229,"Mario Martín","Defensive midfielders",3,-0.101451467260263,-1.28983647251354,-0.893763196468131,2
1413,631404,"Alejandro Balde","Midfielders",5,-1.00845307202598,3.13288401346476,0.179513332509759,4
1414,631908,"Marc Casadó","Defensive midfielders",3,2.92856488138491,4.09926332317202,2.50342009194281,2
1415,633438,"B. Yıldırım","Forwards",4,-4.49943096522466,-6.08367689177637,-1.75165964889765,1
1416,634204,"E. Barrenechea","Defensive midfielders",3,3.28159792974658,1.31152394542405,1.17863046069925,1
1417,634666,"Diego López","Attacking midfielders",2,-4.21663336424672,0.358515355509477,-1.34049797503247,4
1418,636122,"Alejandro Francés","Defensive midfielders",3,4.03970373876809,2.62288338653617,-0.761437021595576,1
1419,639038,"A. Zakharyan","Attacking midfielders",2,-3.0647168478492,1.6970350225094,0.262778648160543,1
1420,642237,"Gerard Martín","Defensive midfielders",3,3.11986192145955,2.68444625941171,0.701176343827416,2
1421,643199,"A. Ezzalzouli","Attacking midfielders",2,-6.0852051399783,1.9431270000796,-1.11100485886488,5
1422,643875,"J. Solís","Defensive midfielders",3,0.83576168477097,0.599497112552643,0.77917108530026,2
1423,644114,"L. Romero","Attacking midfielders",2,-2.09886579929567,-0.646693893394568,0.802457884686084,1
1424,645035,"Dário Essugo","Defensive midfielders",3,2.91422512343589,0.152124425518992,-0.134727135136428,1
1425,645789,"Iker Muñoz","Defensive midfielders",3,2.0477634118801,0.394214990597616,0.213808500677736,2
1426,645877,"Y. Mosquera","Centre backs",1,3.57000536057755,-0.715241746435145,0.510621507857286,1
1427,647161,"Gavi","Midfielders",5,-1.56095506251154,2.15368763483707,0.497978375708205,4
1428,648423,"Alberto Moleiro","Attacking midfielders",2,-4.51727036508044,1.47262719311793,0.254465802554914,3
1429,652014,"César Tárrega","Centre backs",1,4.82023839114516,-1.65501566582252,0.137189756053262,2
1430,652912,"W. Swedberg","Attacking midfielders",2,-5.07059851530997,-0.64187603153562,-0.335617379085217,2
1431,653322,"Diego Moreno","Defensive midfielders",3,2.52115147390507,0.39143579330734,-2.71360244264813,1
1432,654823,"Nico Williams","Attacking midfielders",2,-6.67936753682045,2.66035044859427,-1.26975695442437,5
1433,655335,"Yusi","Midfielders",5,0.728515675621833,1.50408961420695,-1.78573272046326,1
1434,655656,"Isaac Romero","Forwards",4,-5.72557419703082,-2.63047447282106,-0.885416339506026,3
1435,657882,"Rubén Sánchez","Midfielders",5,-0.18914458256873,1.67884630841071,-3.86570899914765,1
1436,659244,"Ramón Terrats","Midfielders",5,-0.648133157328796,1.4383626479281,-0.263380405962428,3
1437,661732,"Savinho","Attacking midfielders",2,-5.95941842015667,3.11196873464003,-0.527147427084678,1
1438,663974,"Á. Algobia","Defensive midfielders",3,2.09771539699275,0.472107401578533,-0.88116409066194,1
1439,669602,"N. Jackson","Forwards",4,-6.79354006441055,-2.1015933184768,0.845702091400932,1
1440,670456,"E. Eyong","Forwards",4,-5.29430116712079,-4.12487189317885,-0.430240514954979,1
1441,678620,"Arnau Martínez","Defensive midfielders",3,1.82865226868567,1.37179596689517,-0.311666395967774,4
1442,682943,"T. Dolan","Attacking midfielders",2,-4.71620023731726,2.31301254632673,-2.04694760832189,1
1443,683194,"T. Barry","Forwards",4,-6.29065213571437,-5.15968265357134,0.311387703889823,1
1444,683848,"Urko González","Defensive midfielders",3,1.80478292631824,-1.39662024346818,-1.77924102466972,2
1445,688446,"Chadi Riad","Centre backs",1,5.03175525380337,-2.3303632553599,1.54092514296128,1
1446,689107,"Renato Veiga","Centre backs",1,4.99882952174514,-0.160139510894868,1.5988666638274,1
1447,691939,"T. Nikitscher","Centre backs",1,2.03516059610538,-1.87952336938931,-0.0570219493176322,1
1448,693939,"Pablo Torre","Midfielders",5,-2.32754483498943,3.35061876206939,0.780463193650675,2
1449,693943,"A. Rebbach","Attacking midfielders",2,-4.55538911711757,0.919378585585797,-2.38450565816672,2
1450,694062,"Pablo Ibáñez","Defensive midfielders",3,-0.592581599769893,-0.421503812056488,-0.81360945282466,4
1451,694195,"Rodri Sánchez","Attacking midfielders",2,-3.02248054303872,3.24454160232346,1.0793838011708,4
1452,694310,"Raúl Torrente","Centre backs",1,5.51197402929297,-1.28225114398687,-0.178230592657599,2
1453,694506,"Bryan Zaragoza","Attacking midfielders",2,-6.51131275627488,2.81644095048226,-1.82010420102139,3
1454,696440,"Damián Rodríguez","Defensive midfielders",3,3.08552270786833,3.2554496905328,2.97499748621479,1
1455,696658,"O. El Hilali","Defensive midfielders",3,3.51354772135241,0.184068064596153,-2.69941890976286,2
1456,697957,"W. Kambwala","Centre backs",1,4.3624703785195,-1.89576336798966,1.39798585911364,1
1457,700268,"L. Blanco","Midfielders",5,-0.763931459503714,3.87853165707863,-3.68357798367394,1
1458,703740,"A. Güler","Midfielders",5,-2.62280756446958,4.99365821633581,2.31748058525506,2
1459,706732,"Sergi Altimira","Defensive midfielders",3,2.08213861300496,1.61071402003907,1.01770559258526,3
1460,708179,"Y. Asprilla","Attacking midfielders",2,-3.93381964493721,3.13045456176682,-0.282531291243922,2
1461,711011,"Marc Pubill","Defensive midfielders",3,0.737691968334637,0.991656602144586,-2.7333006226581,2
1462,712305,"Adrián Pica","Centre backs",1,3.87647109398685,-2.53876281821483,-0.0968559682504935,1
1463,712692,"Maroan Sannadi","Forwards",4,-7.26392288210322,-1.61255044921364,0.0932903618585672,1
1464,712871,"Jon Gorrotxategi","Defensive midfielders",3,3.68548557043299,1.38043931402412,0.59829297181769,1
1465,713064,"Pablo Marín","Midfielders",5,-1.22737614374714,-0.643163166994256,-0.461445107174435,2
1466,713622,"John Donald","Centre backs",1,3.71108510165506,-3.09184130423802,-0.107493879188204,1
1467,713837,"Diego García","Forwards",4,-5.22512201472212,-5.80769289771665,-0.368357154938181,1
1468,713838,"Álex Sancris","Attacking midfielders",2,-3.56065069054295,0.647797059545723,-2.58419787340579,1
1469,720559,"Kike Salas","Centre backs",1,4.54805747587933,-0.884438553345408,0.31137025003904,3
1470,722550,"Antoniu Roca","Attacking midfielders",2,-3.36777916228749,-0.463140454745759,-2.63907077253168,1
1471,722567,"G. Simeone","Attacking midfielders",2,-3.81958620452616,1.54682648893991,-1.13075937393584,3
1472,724440,"David Torres","Centre backs",1,4.3705291824642,-0.87059494972509,-0.475187233518564,1
1473,740187,"S. Bajčetić","Defensive midfielders",3,2.77271868350611,1.40515216247676,-2.11237986594378,1
1474,743429,"Álvaro Carreras","Midfielders",5,1.5457088676516,3.42230387457427,0.0233250028737944,2
1475,743536,"A. Véliz","Forwards",4,-3.55612481056014,-7.18739471000148,-0.517081763482848,1
1476,744761,"Mateo Joseph","Forwards",4,-4.47440961322125,-2.89870116972435,-1.18073644464004,1
1477,744811,"Roberto Fernández","Forwards",4,-5.53068709956215,-5.38631494659387,-0.422475483766829,2
1478,744854,"Hugo Rincón","Defensive midfielders",3,0.477612062990971,0.678669075989129,-1.76044225847813,1
1479,746346,"Hugo Sotelo","Midfielders",5,1.85622466962254,3.47104766931647,1.80987905576809,3
1480,747916,"Javi Guerra","Midfielders",5,-0.668763384844369,1.24305378265207,-0.522401645350337,4
1481,764899,"Endrick","Forwards",4,-6.49085954369327,-2.33927594110405,1.25753297881753,1
1482,767660,"García Pascual","Forwards",4,-4.01956007895981,-4.44851516406018,-0.476950237284756,1
1483,769463,"Yarek Gasiorowski","Centre backs",1,4.94086245800661,-1.53269969081904,-1.2054516442743,2
1484,769471,"Joel Roca","Attacking midfielders",2,-5.24859556854693,0.206874639849614,-0.937970447039028,1
1485,769742,"Rodrigo Mendoza","Midfielders",5,-1.62074732706709,2.35158459717261,0.120889866845332,1
1486,770387,"Héctor Fort","Midfielders",5,1.93817019758267,3.53792149406097,0.176344207947607,1
1487,770391,"A. Aznou","Defensive midfielders",3,1.30512527894149,0.641504720348118,-3.88771856537857,1
1488,770398,"Lamine Yamal","Attacking midfielders",2,-7.21959130745499,5.71518501334194,1.30391562474293,3
1489,771062,"Chuki","Forwards",4,-4.0184773287644,-1.18401188426512,0.269933138864387,1
1490,773942,"Pau Cubarsí","Centre backs",1,5.86412865595691,1.32362630336441,3.7610751519183,3
1491,776387,"Fermín López","Attacking midfielders",2,-4.19400751292303,2.10385044495167,1.61742874953972,3
1492,776656,"Pablo Barrios","Midfielders",5,1.25521452246533,2.33846093967033,0.589767531934758,4
1493,777938,"Dean Huijsen","Defensive midfielders",3,4.85400943693554,2.30437576966203,2.73415616734965,1
1494,778343,"Pablo Durán","Forwards",4,-4.04281824254423,-1.75249547163262,-0.852139259764568,2
1495,778363,"Adama Boiro","Defensive midfielders",3,0.547529597332824,0.237099227570684,-1.7941445041936,1
1496,780739,"Victor Muñoz","Attacking midfielders",2,-5.91189146347791,0.331624440080595,-1.90411144249947,1
1497,784394,"Vitor Roque","Forwards",4,-6.44464884982704,-3.22054911708511,0.00140589478061556,1
1498,786686,"Iván Fresneda","Defensive midfielders",3,1.59536883426679,1.85113045812865,-2.82398891246717,1
1499,787348,"Raúl Asencio","Centre backs",1,3.71734081714185,-1.09654796546537,2.02909975248773,2
1500,788748,"Álvaro Rodríguez","Forwards",4,-5.24555259582703,-3.97034932267777,-0.591781551316075,2
1501,788852,"Hugo Álvarez","Midfielders",5,-1.77772624713255,3.41452275915836,-0.193144525854346,2
1502,805039,"M. Moreno","Centre backs",1,3.99923965009703,-2.07874456121199,-0.237203597959438,1
1503,808262,"M. Perrone","Defensive midfielders",3,3.50471367497353,2.59884515366787,2.07454049547476,1
1504,808345,"S. Mouriño","Centre backs",1,3.44459973304269,-1.144104233322,-1.29637633959021,2
1505,809746,"Andrés Castrín","Centre backs",1,5.36746210535933,0.6564354060207,1.41297421555665,1
1506,812973,"V. Gómez","Defensive midfielders",3,3.33886664685487,0.202265323448607,-0.16478098041261,1
1507,814546,"Carlos Domínguez","Centre backs",1,5.37741382432889,-0.595503776477661,1.29961144267358,3
1508,814737,"Samu Omorodion","Forwards",4,-6.24660114101215,-5.52560669250521,0.753522124222,1
1509,818689,"Assane Diao","Forwards",4,-4.5512118809547,-1.04621004014128,-1.6709137137265,1
1510,826049,"Adrián Liso","Forwards",4,-4.46902514314184,-2.86717263245146,-2.23008345831615,1
1511,831472,"Jon Martín","Centre backs",1,4.87385150977741,-2.3960365072543,1.45823389492844,2
1512,838872,"Coba da Costa","Attacking midfielders",2,-4.27442690878784,1.88698041035312,-2.4243229059596,1
1513,843681,"Pau Navarro","Centre backs",1,5.03398366191868,0.740139054180666,-0.299283174411926,1
1514,844244,"N. Mendy","Centre backs",1,4.66864050977954,-1.05997726639245,0.918742945201331,1
1515,855222,"Unai Gómez","Forwards",4,-3.37747093999035,-2.35834223850301,-0.323833019333325,2
1516,856312,"Yoel Lago","Centre backs",1,5.49613536186464,0.968868673217422,1.70059326388518,1
1517,860728,"F. Mastantuono","Attacking midfielders",2,-4.41912679833188,3.60025443781052,1.54195641531944,1
1518,879047,"Fer López","Attacking midfielders",2,-4.30128298980246,1.89980728649606,0.886645687454229,1
1519,879052,"Javi Rodríguez","Defensive midfielders",3,3.63445667217973,0.967269181759456,1.33831872342118,2
1520,911027,"Vitor Reis","Centre backs",1,5.38029226477653,-1.84817159148562,0.639484651889215,1
1521,916711,"Juma Bah","Centre backs",1,4.87854403002661,-2.01351699460532,0.0745768055620876,1
1522,935301,"Marcos Peña","Centre backs",1,3.86316826983155,-0.468194655862087,0.350720351583729,1
1523,938660,"Mikel Jauregizar","Defensive midfielders",3,1.30635887872689,1.55525851583949,-0.24063690061223,2
1524,947211,"C. Uche","Forwards",4,-5.25981402350872,-2.45352844333538,-0.927797825046231,1
1525,947678,"Juanma Herzog","Centre backs",1,3.86147252009469,-3.39620404247965,1.25526854150491,1
1526,1016232,"Jesús Rodríguez","Attacking midfielders",2,-4.80370515573352,1.02388904255695,-1.02650216640099,1
1527,1075948,"Davinchi","Defensive midfielders",3,1.80307939554584,1.27970244607873,-3.14197709038997,1
1528,1127679,"Jan Virgili","Attacking midfielders",2,-5.69516424234708,2.28032728642169,-0.916046327882635,1
1529,1182657,"Y. Diomande","Attacking midfielders",2,-5.87387916484568,2.56970749615339,-0.0901871578186474,1
