variable,mean,median,sd,mad,q5,q95,rhat,ess_bulk,ess_tail
lp__,-61568.98100725,-61567.008499999996,291.40871142605494,289.7022639000053,-62052.1866,-61101.6619,1.003317931591145,765.8666093232157,1447.6143729783994
nu,5.66719353505,5.6663041,0.0806476127619823,0.08067686508000084,5.535828455,5.80281208,1.0000737415968683,2949.231519053629,3307.7372678296
lambda_a_diag[1],0.719151854945,0.718643295,0.017406550903323593,0.017458704711000014,0.6907265125000001,0.7482330505,1.0114713342833117,503.8461432672073,1682.9331431057346
lambda_a_diag[2],0.442285261205,0.442335335,0.014618363500771269,0.01459183815600002,0.4186092945,0.4666362615,1.0120022959123331,823.4725371187893,1569.9285941375051
lambda_a_diag[3],0.13529953421175,0.13534834,0.012353388395599714,0.012414580751999972,0.1154020845,0.15604395549999997,1.012789588210395,527.1698706719467,1414.0640420520529
lambda_a_free[1],0.3040178610825,0.30473858499999995,0.018351717131409196,0.017840970881999946,0.273068528,0.3343750255,1.024060487065422,218.84844446045068,569.4861123967731
lambda_a_free[2],0.821208044285,0.82036706,0.017977685377031413,0.017786173986000027,0.7929487734999999,0.8514444419999999,1.016126130560908,326.2218677532531,983.9664328502943
lambda_a_free[3],0.353611246275,0.354398785,0.023238111984804695,0.022949484158999986,0.3142765615,0.39121377199999996,1.0301539562598852,165.48731530697995,508.5725227764392
lambda_a_free[4],0.77494083434,0.77495419,0.019654472937473945,0.019052351450999996,0.7425546274999999,0.807818339,1.029186751128918,201.40790533189582,778.9209495003158
lambda_a_free[5],0.48236859596,0.48232561,0.023979942070814952,0.023940075935999956,0.4437953625,0.522275514,1.0074542908566753,297.55972346496475,846.426693852946
lambda_a_free[6],-0.3428179797925,-0.34261810000000004,0.027434692396367075,0.026988019842000065,-0.387475176,-0.297617624,1.0271051576196628,160.79440301586382,350.2135842598328
lambda_a_free[7],-0.47144680459,-0.471531665,0.0266828771293137,0.026287002084000016,-0.5151661710000001,-0.42681035550000007,1.0256072364987843,161.19530193657604,295.06759404073904
lambda_a_free[8],-0.7276505675,-0.72786414,0.022846680565588227,0.02283419718300001,-0.7648759265,-0.6890724490000001,1.0246345994585497,165.6584647766457,479.1477645672623
lambda_a_free[9],0.246931215345,0.24728919,0.02714758589142893,0.02752848684600002,0.201679943,0.291313138,1.0261761762617558,157.22133063798108,492.1277537731306
lambda_a_free[10],-0.4505813054825,-0.45074794,0.026405910161381527,0.026896291379999996,-0.4936778075,-0.406379727,1.0250833745710994,169.46633794651117,423.89117803470043
lambda_a_free[11],-0.7424206136475,-0.7421163850000001,0.021357701005831998,0.02135620806900005,-0.777372231,-0.7076746595000001,1.0161189045952346,244.89411602144312,807.4017451110092
lambda_a_free[12],0.290305587215,0.29073505,0.01876366373129018,0.01854869740500001,0.25838924150000003,0.3200646145,1.0275275950452478,174.03448776562897,592.1705273566614
lambda_a_free[13],-0.7322519721725,-0.7320749,0.021642457242510994,0.02174100948600001,-0.767011069,-0.6971980375000001,1.015554078172658,199.4235209782479,567.806961529349
lambda_a_free[14],-0.46145989923,-0.46093180499999997,0.02388080322780931,0.023730703164000003,-0.50190125,-0.42260723,1.0210445059484943,185.72113206970133,558.8060047356556
lambda_a_free[15],0.3332670083875,0.33371108,0.023810080284229092,0.023387896391999997,0.29374264250000004,0.3721483345,1.0300456147666928,162.03417157356017,570.6511960587901
lambda_a_free[16],0.115385558949,0.11559841,0.022263859963367553,0.021790506087000006,0.0774510399,0.1508584425,1.0148311323847563,311.0236124390858,768.2513758350684
lambda_a_free[17],0.0342414954392445,0.034135556,0.028437655473084817,0.028198708778099997,-0.011951118649999998,0.08207608974999998,1.021376258778166,215.31958432244286,581.015941810477
lambda_a_free[18],0.3617781752975,0.36243488,0.025568789654996257,0.02566694911200002,0.319702306,0.4032713525,1.0322950692014272,149.08697857158248,382.3533129250516
lambda_a_free[19],-0.2264816201425,-0.227070905,0.02626163784417149,0.027366194036999997,-0.26983297900000003,-0.1829389145,1.0237597184760479,187.42437245437256,1009.0705242003231
lambda_a_free[20],0.048375820271645005,0.0490124255,0.020929069521139248,0.0202269027534,0.012837741350000006,0.08280041749999999,1.016367070830593,269.7552993155564,852.0339639264786
lambda_a_free[21],0.4209353523575,0.421035885,0.02640524207828709,0.027448819335000024,0.377433209,0.4636039165,1.0282994355723247,179.14063830251817,441.6661128742242
lambda_a_free[22],0.21016516806,0.210620215,0.024320538211168342,0.024216351033000006,0.1697257905,0.24907159799999998,1.0185327981737078,259.14354146614585,696.1685307855041
lambda_a_free[23],0.1849337464325,0.18532100499999998,0.02298006077279058,0.023460351054000024,0.147699046,0.22280333949999998,1.0160178413620888,259.72430260011987,642.2529624136912
lambda_a_free[24],-0.2003469138125,-0.20026570500000002,0.01798402441184162,0.017986095182999998,-0.229723025,-0.1710721885,1.0056635983396784,749.5774698416097,1609.9218165422135
lambda_a_free[25],0.776310747475,0.775816625,0.019253691367477954,0.01959626550000007,0.745851084,0.8085543145,1.0258667510600075,214.42213112357854,914.0962948488085
lambda_a_free[26],0.3093369748025,0.30980003,0.0242272268502911,0.024103510347000017,0.269082415,0.34862439850000004,1.02423845775231,266.11336881073015,858.4514820104965
lambda_a_free[27],-0.5694643796225,-0.5692571799999999,0.019143612221857228,0.018851726018999922,-0.6011668635,-0.5387387779999999,1.0103739971796803,607.9559022421641,1195.0508997227423
lambda_a_free[28],-0.4568073632775,-0.456683995,0.01809772242898804,0.017936783907000008,-0.48622076999999997,-0.427440559,1.0192328119930225,300.750796515453,786.7209948945699
lambda_a_free[29],-0.832514137265,-0.83204742,0.02026124876493555,0.020131691663999963,-0.8662950385,-0.799942903,1.0293267675777067,170.92987836980936,639.1623761032344
lambda_a_free[30],-0.19708087838675,-0.19666749,0.023613326799124933,0.023288273084999988,-0.23659242800000002,-0.1597932605,1.007107713582732,494.6282036395053,1155.598058726
lambda_a_free[31],0.15242824364025,0.152139585,0.02021345139779838,0.019875765251999983,0.1198779465,0.18559444749999998,1.012739439614453,410.5411459490538,1360.290468839265
lambda_a_free[32],-0.8141384172025,-0.813753835,0.018731578017381765,0.019204740491999987,-0.845050972,-0.7834104295,1.0300191238138536,200.74970586017702,695.5919153971473
lambda_a_free[33],-0.6817269594875,-0.6813311550000001,0.022687165850247378,0.023217367740000088,-0.7193459139999999,-0.6446829035,1.0307285222260845,145.6681857307811,523.6610789621119
lambda_a_free[34],-0.500732693975,-0.500775465,0.022256071449467257,0.022272380738999977,-0.537942673,-0.46444594050000004,1.0251435182324367,210.84950916693182,664.6096913159672
lambda_a_free[35],-0.6085652201175,-0.608697035,0.021254291479323482,0.021103291335000014,-0.6426537889999999,-0.5734928575,1.0030384314457637,864.0706072424554,1801.3051653487746
lambda_a_free[36],0.6008128950225,0.6013969,0.024287062108832518,0.024028149789000017,0.5603331065,0.6410876705,1.0299242873952805,176.0375436159181,404.97819143499765
lambda_a_free[37],0.25555239235,0.255540475,0.024329755303338068,0.024957080232,0.21553119199999998,0.29640398349999997,1.011364053029518,311.2117043434803,814.7262683267176
lambda_a_free[38],0.4575303971725,0.4574162,0.016900882118568713,0.016988935488000005,0.429986356,0.48574253399999995,1.016671575002552,309.1959109702927,960.7528506408024
lambda_a_free[39],0.39747318061,0.397792125,0.021538586534717605,0.021633409790999984,0.3613345885,0.43261489750000004,1.0075312894385868,384.6401664976214,1304.1415691093418
lambda_a_free[40],-0.2612130211325,-0.26127943,0.020129258623992428,0.02005179434999998,-0.29418975849999995,-0.228803066,1.0037774295943158,1089.656008693916,1623.09770076154
lambda_a_free[41],-0.6801641426975,-0.67989294,0.01885389113253143,0.019027236206999965,-0.7115915885,-0.649744077,1.007567009667463,578.3394646742847,1301.5701461015824
lambda_a_free[42],-0.380100307365,-0.38015545,0.018642896307651004,0.018938628618000025,-0.4104030735,-0.34919136,1.0154348216842504,339.1541150442607,1008.2680560338669
lambda_a_free[43],-0.4180147676775,-0.417896335,0.018961076511461943,0.01896472979100003,-0.449778478,-0.38720716850000003,1.0070316467844436,539.3403823742567,1486.3472661061649
lambda_a_free[44],-0.46931205679,-0.469275075,0.022813172199565416,0.023316827960999997,-0.507169803,-0.432314465,1.0207132432155663,259.43293003917586,807.0318240421373
lambda_a_free[45],0.091972698070875,0.09177123449999999,0.02357881707608327,0.02326846703159999,0.05344555545,0.13052224549999997,1.0042596975547358,829.1568531013777,1325.1386564284205
lambda_a_free[46],0.3927678561325,0.39303139,0.023815223277418113,0.022762053867000004,0.35293475,0.4317673035,1.008774946343388,438.15793388783834,1006.5919390784684
lambda_a_free[47],-0.1829959871875,-0.182826605,0.019871093380788917,0.020011875344999985,-0.2158657915,-0.1506053405,1.0097121786059298,1384.8027016926644,2838.6465192710225
lambda_a_free[48],-0.020966349057938576,-0.0207731655,0.016811772325548646,0.01706830225359,-0.04861051165,0.006152501704999983,1.0294849837995392,238.81915353977854,972.1230788280883
lambda_a_free[49],0.65113190881,0.651012375,0.016511764832007402,0.016383760406999997,0.6239058545,0.6784502615,1.0181669893279797,580.786095937934,1518.0864590644278
lambda_a_free[50],0.248643206255,0.24842354,0.018229247419946863,0.01833589982699998,0.21812192300000002,0.27835139799999997,1.0232211334970014,330.1562779424833,920.3594574576987
lambda_a_free[51],-0.5137181716775,-0.513596575,0.01943100442565712,0.019094561073,-0.545411262,-0.4819033085,1.007192908922728,1112.8462834195238,2152.3547861627067
lambda_a_free[52],0.36320324939000004,0.362896685,0.028780954463858508,0.029525274765000022,0.3170502205,0.40937838,1.0518915346739242,63.335696122533804,434.71466827565916
lambda_a_free[53],0.301790589095,0.301014805,0.02836028537722935,0.02915363142300001,0.25577879400000003,0.34737930399999994,1.056214433801435,58.87244980947917,391.0351078954119
lambda_a_free[54],0.073780298625725,0.0730847305,0.02422125990501059,0.024243742068,0.03461389150000001,0.11390148449999998,1.0551998912788505,58.30981257540764,413.0263720602614
lambda_a_free[55],0.6840373052425,0.68418307,0.020846017581923015,0.020800366502999962,0.6493814625000001,0.718511833,1.0157064315738262,601.3265413944927,1296.640397982462
lambda_a_free[56],0.087191395180575,0.08648753249999999,0.029455230291626434,0.030364018649999994,0.0388733772,0.1348434455,1.0532818729424833,57.463443780183255,425.561173628976
lambda_a_free[57],-0.020063664676645002,-0.020803232999999997,0.022137876557061655,0.022611496059389998,-0.055905382149999995,0.01735047224999999,1.0397914393076435,115.87294334802458,692.0601090649678
lambda_a_free[58],0.4813843455225,0.481516665,0.01505406830680204,0.01520820686700002,0.456777057,0.5060867090000001,1.015803849723263,694.3308803051845,1096.397117717749
lambda_a_free[59],0.2605112468375,0.25978339500000003,0.02075253629783775,0.02023907638199998,0.22663053600000002,0.29576746249999997,1.0431328818381045,97.63012568483563,445.3109151633555
lambda_a_free[60],0.1941237536725,0.19332797000000002,0.024876794476423558,0.024432640134,0.15306071799999998,0.23490277149999997,1.0339367566633908,119.90895137985898,506.59742627124314
lambda_a_free[61],0.6792369695475,0.679143665,0.01760740229841865,0.017542004591999994,0.6506088190000001,0.7091125600000001,1.0221404037274389,462.118757477147,1223.8556406346545
lambda_a_free[62],0.4570720899425,0.457125245,0.020344808580019608,0.01963625863500005,0.4230017625,0.49103939399999996,1.014801012385242,481.5332846879745,1462.7978808517917
lambda_a_free[63],0.75517615449,0.7552079549999999,0.02325837908395086,0.023450832761999996,0.7179246785,0.7944409205,1.0326881005326385,116.5675393724147,742.7419452014758
lambda_a_free[64],0.75661113899,0.756303305,0.017628281640703455,0.017568913781999984,0.7280105035,0.7856234310000001,1.0225918980838686,468.3956639940418,1114.0467904708207
lambda_a_free[65],-0.16148770935675,-0.16153936,0.02986329475610238,0.030555029420999996,-0.2105185255,-0.11287405300000003,1.0468260976340924,59.44040580262332,536.09458171472
lambda_a_free[66],0.3579756193525,0.35828698999999997,0.01940634417180932,0.019673887022999995,0.3259287065,0.38916058699999995,1.0224421667196224,224.30871836535198,854.1489083835721
lambda_a_free[67],0.68051028335,0.680562105,0.021366321301015654,0.021665819427000042,0.645572971,0.7161629485,1.030507653173961,270.5526229544855,875.2274185776051
lambda_a_free[68],0.5921553231475,0.592116155,0.019542269676701866,0.01980078275700003,0.56065909,0.624866265,1.0156585501619195,653.8254348330495,1340.5085785965412
lambda_a_free[69],0.535600760655,0.53572182,0.019294943433887126,0.019147890194999996,0.503743191,0.5675839054999999,1.016142274134903,491.0143730885456,1454.370104493238
lambda_a_free[70],-0.0751446822144,-0.0752618305,0.01914242409937615,0.018594438580199994,-0.10654405599999998,-0.04280484695,1.0139408587707825,429.5344399118699,1147.442190772647
lambda_a_free[71],0.1916073264875,0.19139509500000002,0.01848063649319403,0.019124383572000005,0.1612734695,0.22205920299999998,1.0339416951998641,169.15944450034232,1092.6468224132866
lambda_a_free[72],0.36034442674,0.360316775,0.02302651014478254,0.023474710034999978,0.323089497,0.39814918699999996,1.0254982000635247,208.09887195706543,896.9895668870182
lambda_a_free[73],-0.1272089101245,-0.12740257,0.018639417446877263,0.018629039499,-0.157913189,-0.09604079890000002,1.0081187217093008,705.7492680355193,1490.7595528816553
lambda_a_free[74],-0.28028749746,-0.28026397999999997,0.016463295605237335,0.016476808383000034,-0.30751574000000004,-0.2534888805,1.019588985473355,446.5431114980883,1595.3194977833164
lambda_a_free[75],-0.2129003916375,-0.213181545,0.019525441115518988,0.020228927985000013,-0.24391952149999999,-0.18039149200000001,1.0443658297513485,90.94620087842921,625.6923953578588
lambda_a_free[76],0.3532759636625,0.352778095,0.023557028079194294,0.023146825631999976,0.315145989,0.393521461,1.009028123972107,732.3183922105053,1377.2817987598376
lambda_a_free[77],0.3867922972875,0.38644835,0.018155486210332642,0.018027178028999998,0.356840843,0.417058025,1.0029045871902107,1501.2582390188968,2561.475766035676
lambda_a_free[78],-0.2055443725625,-0.20561707499999998,0.017651232298577457,0.017709412371,-0.2346252355,-0.17603433850000003,1.0297883017105602,254.74145322437874,1025.3753595253904
lambda_a_free[79],-0.4750862589075,-0.47544281,0.019210520255446513,0.01899461159399998,-0.5069450139999999,-0.4431266305,1.0234079484904839,392.1662286811795,1048.250647568358
lambda_a_free[80],-0.4660497930725,-0.465800885,0.018897119752862315,0.01879155469800003,-0.497107974,-0.434896814,1.0270928336485181,278.6359770217303,969.7234054593108
lambda_a_free[81],0.2336022087675,0.233393725,0.020653429220639986,0.020266630503000004,0.19944966349999999,0.267280737,1.004281493179091,763.9160292020529,1898.3644425911018
lambda_a_free[82],0.5210431882425,0.52168355,0.021395471046333672,0.02098589165400004,0.4841409765,0.5551610035,1.0314894115880833,310.03900813671515,953.5254892154854
lambda_a_free[83],-0.5419420117175,-0.54150676,0.02061887711648256,0.020659245221999963,-0.576170691,-0.5075202075,1.0167697706548227,567.29599679042,1324.9732517932723
lambda_a_free[84],0.1104470208145,0.11058765500000001,0.017257783213141826,0.01700309431799999,0.08148827865,0.13838099199999998,1.0229955041076817,202.94963216044061,925.65510538595845
lambda_a_free[85],-0.130624712149,-0.13035064,0.021424421431378328,0.021653269217999992,-0.166572081,-0.09579933025000001,1.0146741830096517,427.2531893251234,1419.3152206429447
lambda_a_free[86],-0.03634633439948275,-0.03677341,0.02002485508859078,0.019715528809199998,-0.0697511886,-0.002923486930000002,1.005260686618932,819.7750999426374,1593.7737808643249
lambda_a_free[87],0.2536437180575,0.25346367000000003,0.01803174706208317,0.017726847746999938,0.2236001595,0.2831718155,1.0060324878486102,532.4338894153303,1207.0473830996432
lambda_a_free[88],-0.225869753575,-0.225625885,0.018047472612612213,0.018180538172999992,-0.255370591,-0.19585452750000001,1.019207452225158,281.72719710640763,947.6187238993717
lambda_a_free[89],0.15098781311625,0.15080802,0.01875735645411218,0.018817203678000008,0.119792644,0.181664049,1.0148437650746334,330.97645802433976,1627.2498708889343
lambda_a_free[90],-0.4130192984875,-0.41298307,0.020105338207824855,0.020517857072999985,-0.445300652,-0.3798513995,1.0138282976672364,461.69657784929046,1022.8463137644038
lambda_a_free[91],-0.068094586651485,-0.06794963849999999,0.024048454895364925,0.02408731516589999,-0.10862744399999999,-0.028104852700000023,1.0096908963160902,726.3171590437087,1842.6813136456485
lambda_a_free[92],0.370057089575,0.369852165,0.022784996424994264,0.02184537711299997,0.3327478815,0.407869065,1.0087399395824872,719.3434971071243,1151.1861308704197
lambda_a_free[93],-0.1150970855625,-0.114788265,0.01907465176125785,0.018987087399,-0.1465339315,-0.08354253649999999,1.0019529337078061,2232.3248214624427,2934.2752404876405
lambda_a_free[94],0.0659441012263375,0.066315289,0.018857429534624028,0.0187773988332,0.033956461800000004,0.0965300829,1.0285210515188588,226.72016718734383,548.7401823488676
lambda_a_free[95],0.12051766924375,0.120672945,0.01635453139272949,0.016443953967000012,0.093673911,0.146798269,1.0025399302934028,898.6776248478203,1848.536135178342
lambda_a_free[96],-0.014771285804392248,-0.014981159,0.022551204604855737,0.022322649033299998,-0.05124477205,0.023311811699999976,1.030632539099158,234.6171539427841,728.556817887406
lambda_a_free[97],-0.7413909201625,-0.74123158,0.018931971239346694,0.018944707277999993,-0.7727004855,-0.7105165935,1.0146848819460976,316.48737667397694,945.5498141512434
lambda_a_free[98],-0.7296523950275,-0.7296855600000001,0.018323898140349543,0.018140537625000123,-0.7600640095,-0.6995380615000001,1.0143018795892669,308.08309444979915,977.5186283966626
lambda_a_free[99],-0.552667300955,-0.552587015,0.017045849973200692,0.01678251309000002,-0.581053271,-0.5246440385000001,1.0081008608600373,385.81195564982664,827.4640766840328
lambda_a_free[100],-0.1814965903055,-0.18105482,0.023297688337124468,0.022618367687999998,-0.2202678185,-0.143652998,1.0266092575947414,252.8085399603851,737.2505740787631
lambda_a_free[101],-0.7629809029175,-0.76278966,0.017305990857243346,0.017284276820999978,-0.7914972084999999,-0.734699842,1.00295362688024,617.8973975027602,1346.8235290959665
lambda_a_free[102],-0.33495704142,-0.33462881499999997,0.01890902199254183,0.018892630953000037,-0.366885964,-0.30455884400000005,1.0041880298320047,500.5968326261128,852.0502530954029
lambda_a_free[103],-0.07482294397349999,-0.07464323349999999,0.015992521227176152,0.01598210775839999,-0.1013989735,-0.04868447420000003,1.0193747818795655,303.48628258605214,651.9950497191581
lambda_a_free[104],-0.3940975985975,-0.39384806,0.018314534013745606,0.01864969952999997,-0.42471005500000003,-0.36470796550000006,1.020846388847344,257.56352519320507,656.744127943459
lambda_a_free[105],-0.542345657335,-0.542143045,0.019858053068242777,0.019440718521000013,-0.5751207709999999,-0.5095398895000001,1.0074537179799203,465.75725806056016,1265.2364951760449
lambda_a_free[106],0.1230146845095,0.123368265,0.019768878246336857,0.019835371815000002,0.0897465963,0.15463259799999998,1.0270088283213488,218.6213763511868,542.5571458219506
lambda_a_free[107],-0.252991044145,-0.25279878499999997,0.020524592245524755,0.020692084812000005,-0.2869532205,-0.2195700395,1.0147496326459815,398.03889156545017,1084.419026655166
lambda_a_free[108],0.40505706255,0.405596905,0.02429365991254149,0.02425666292700002,0.364735514,0.443947414,1.0395890672569337,117.09032310559252,521.4685120029403
lambda_a_free[109],0.0736235221534,0.0743536845,0.020850024089590104,0.020837594588999996,0.03803604315,0.10863704349999999,1.0324067984923033,197.0127802104651,484.2945854523716
lambda_a_free[110],-0.7269604574225,-0.72689676,0.019140103862673806,0.019053804399000056,-0.7585142355,-0.6952073304999999,1.0035115669266126,796.8725881896078,1819.9565799884444
lambda_a_free[111],-0.340232639175,-0.34024624000000003,0.017534318298169642,0.017280170018999955,-0.3692786885,-0.311011244,1.0091276055701093,520.3382854780106,1488.4179442413465
lambda_a_free[112],0.3091894587775,0.310039465,0.022124871750139538,0.022850765237999972,0.2713107475,0.34471075949999996,1.0293680975103008,225.2263849258522,895.3712269184019
lambda_a_free[113],0.0858622631967,0.08584212050000001,0.021659737696105092,0.021143161414200005,0.04992081365,0.12114650649999999,1.0222626028920314,262.6674491124174,1228.2090086158817
lambda_a_free[114],0.18407503957500002,0.18397258,0.02055606392360941,0.020849981711999997,0.1504794345,0.218107904,1.0255475076447327,277.48203497648046,1116.1528532044786
lambda_a_free[115],-0.255878423565,-0.256286995,0.017180437601764326,0.017387888321999986,-0.2837129995,-0.22714819300000008,1.000015387564972,2266.8002379474487,2825.2911893145715
lambda_a_free[116],0.1796116661675,0.17963381,0.015717836570643833,0.015580250511000007,0.15370284799999998,0.20572710699999996,1.0037820815296306,712.6330270253366,1453.7331086630363
lambda_a_free[117],0.38363917684,0.38359912,0.02097404357598706,0.020834896257000014,0.34916828699999997,0.418681607,1.0037118163250376,808.1969177428338,1670.3545378404797
lambda_a_free[118],0.023403500698032126,0.023288708499999998,0.017982031218730616,0.018190969746600002,-0.00542367706,0.052633578150000006,1.001048380160546,1134.946313626414,2464.653275545915
lambda_a_free[119],-0.15876630623,-0.15863947,0.015521542154303122,0.015263500433999988,-0.1846861885,-0.1335611515,1.0066608700972275,920.4281720932357,1678.1121730323032
lambda_a_free[120],-0.2960116049075,-0.295819065,0.015356807290259367,0.01511331305400001,-0.321299421,-0.2710532775,1.0039075300392475,534.6821498965186,1133.5963780052527
lambda_a_free[121],-0.170404949581,-0.17019115499999998,0.024202570907463195,0.024601419318000008,-0.20947734050000003,-0.13093941200000003,1.0085319229173995,646.3930707110089,1090.407695038383
lambda_a_free[122],-0.055630191923865,-0.0554003545,0.0194531089571382,0.019415075471400003,-0.08863880934999999,-0.024573049800000007,1.0112528862591852,597.6308962561744,1981.8825458226834
lambda_a_free[123],-0.1132599146345,-0.11323673000000001,0.0158940232428575,0.01563853151700002,-0.1390978555,-0.08771885265000001,1.0058956380025375,634.4322147438697,1126.2750320540613
lambda_a_free[124],-0.060466928985615,-0.0604551535,0.018734003080777297,0.018211806948299995,-0.0910802209,-0.029378909449999997,1.0128875932801276,492.31595184218423,1156.144752383562
lambda_a_free[125],-0.239856228125,-0.239975545,0.018331472791857335,0.018952698491999983,-0.26916632649999994,-0.209772038,1.0151484738725183,406.1643405414159,1023.1280802550922
lambda_a_free[126],0.13193134053025,0.131773825,0.021814200190240576,0.02090297724899998,0.09545651885,0.1683291455,1.0162934207061702,413.17369054561834,1347.7975855060208
lambda_a_free[127],0.2640316824825,0.2638818,0.020096962594393617,0.019822428716999994,0.23127100650000001,0.29739948499999996,1.01720289314245,328.8841666014955,1052.4912380986932
lambda_a_free[128],0.11500617513424999,0.11407574000000001,0.02322329439128417,0.0224883555288,0.07791979665,0.15426718199999995,1.0215449373891825,259.69226280029164,769.7881644880484
lambda_a_free[129],0.2240234732925,0.2241448,0.015290343744719456,0.015213862985999985,0.199229022,0.24910886849999997,1.0011034554816438,975.7969637981556,1892.6340428734857
lambda_a_free[130],0.2430260538125,0.24304483999999998,0.020209782400445894,0.020105560838999992,0.2089565405,0.276199626,1.0135515741432108,694.3583193471485,1397.2309178016571
lambda_a_free[131],-0.06338980223665175,-0.0632349665,0.021510191423925303,0.021913448468100005,-0.09959501625,-0.02894404915000002,1.0009604718545027,1006.4525588694227,1466.8919272303453
lambda_a_free[132],0.11148107563975,0.11169061999999999,0.01891154782356019,0.019269344787000004,0.0802054392,0.1426665835,1.0260054636244853,245.87629967539831,1028.414467009809
lambda_a_free[133],-0.2732521564275,-0.27355448,0.016546317260628114,0.016482494154,-0.3005577735,-0.24563087300000003,1.0053633217106428,981.3622427587941,1803.4894235733514
lambda_a_free[134],-0.1863796100225,-0.186137505,0.018730885791558675,0.018588319889999996,-0.217191985,-0.155619558,1.0120750432011325,715.7402644030232,1961.211122444564
lambda_a_free[135],-0.220808792945,-0.221062845,0.02074566269428603,0.020608140000000014,-0.2539275655,-0.18729048850000002,1.005436038577955,698.2190826423465,1404.1551041704038
lambda_a_free[136],0.19029076532,0.19039124,0.023240447212501313,0.024009076139999995,0.15214701699999997,0.228377425,1.0033608438396187,909.6091577217563,1742.5622616345097
lambda_a_free[137],0.13418971349525,0.13429617,0.022655485973455465,0.022646737239000004,0.09779214759999999,0.1713374405,1.0070047779295812,781.2667317977329,1647.2008669957634
lambda_a_free[138],0.03117094669725825,0.031074522,0.019448616761604063,0.0189815491467,-0.0012148110199999998,0.06349052169999998,1.0002323752512063,1795.4950229233557,2510.2575839903166
"Lambda_a[1,1]",0.719151854945,0.718643295,0.017406550903323593,0.017458704711000014,0.6907265125000001,0.7482330505,1.0114713342833117,503.8461432672073,1682.9331431057346
"Lambda_a[2,1]",0.3040178610825,0.30473858499999995,0.018351717131409196,0.017840970881999946,0.273068528,0.3343750255,1.024060487065422,218.84844446045068,569.4861123967731
"Lambda_a[3,1]",0.821208044285,0.82036706,0.017977685377031413,0.017786173986000027,0.7929487734999999,0.8514444419999999,1.016126130560908,326.2218677532531,983.9664328502943
"Lambda_a[4,1]",0.353611246275,0.354398785,0.023238111984804695,0.022949484158999986,0.3142765615,0.39121377199999996,1.0301539562598852,165.48731530697995,508.5725227764392
"Lambda_a[5,1]",0.77494083434,0.77495419,0.019654472937473945,0.019052351450999996,0.7425546274999999,0.807818339,1.029186751128918,201.40790533189582,778.9209495003158
"Lambda_a[6,1]",0.48236859596,0.48232561,0.023979942070814952,0.023940075935999956,0.4437953625,0.522275514,1.0074542908566753,297.55972346496475,846.426693852946
"Lambda_a[7,1]",-0.3428179797925,-0.34261810000000004,0.027434692396367075,0.026988019842000065,-0.387475176,-0.297617624,1.0271051576196628,160.79440301586382,350.2135842598328
"Lambda_a[8,1]",-0.47144680459,-0.471531665,0.0266828771293137,0.026287002084000016,-0.5151661710000001,-0.42681035550000007,1.0256072364987843,161.19530193657604,295.06759404073904
"Lambda_a[9,1]",-0.7276505675,-0.72786414,0.022846680565588227,0.02283419718300001,-0.7648759265,-0.6890724490000001,1.0246345994585497,165.6584647766457,479.1477645672623
"Lambda_a[10,1]",0.246931215345,0.24728919,0.02714758589142893,0.02752848684600002,0.201679943,0.291313138,1.0261761762617558,157.22133063798108,492.1277537731306
"Lambda_a[11,1]",-0.4505813054825,-0.45074794,0.026405910161381527,0.026896291379999996,-0.4936778075,-0.406379727,1.0250833745710994,169.46633794651117,423.89117803470043
"Lambda_a[12,1]",-0.7424206136475,-0.7421163850000001,0.021357701005831998,0.02135620806900005,-0.777372231,-0.7076746595000001,1.0161189045952346,244.89411602144312,807.4017451110092
"Lambda_a[13,1]",0.290305587215,0.29073505,0.01876366373129018,0.01854869740500001,0.25838924150000003,0.3200646145,1.0275275950452478,174.03448776562897,592.1705273566614
"Lambda_a[14,1]",-0.7322519721725,-0.7320749,0.021642457242510994,0.02174100948600001,-0.767011069,-0.6971980375000001,1.015554078172658,199.4235209782479,567.806961529349
"Lambda_a[15,1]",-0.46145989923,-0.46093180499999997,0.02388080322780931,0.023730703164000003,-0.50190125,-0.42260723,1.0210445059484943,185.72113206970133,558.8060047356556
"Lambda_a[16,1]",0.3332670083875,0.33371108,0.023810080284229092,0.023387896391999997,0.29374264250000004,0.3721483345,1.0300456147666928,162.03417157356017,570.6511960587901
"Lambda_a[17,1]",0.115385558949,0.11559841,0.022263859963367553,0.021790506087000006,0.0774510399,0.1508584425,1.0148311323847563,311.0236124390858,768.2513758350684
"Lambda_a[18,1]",0.0342414954392445,0.034135556,0.028437655473084817,0.028198708778099997,-0.011951118649999998,0.08207608974999998,1.021376258778166,215.31958432244286,581.015941810477
"Lambda_a[19,1]",0.3617781752975,0.36243488,0.025568789654996257,0.02566694911200002,0.319702306,0.4032713525,1.0322950692014272,149.08697857158248,382.3533129250516
"Lambda_a[20,1]",-0.2264816201425,-0.227070905,0.02626163784417149,0.027366194036999997,-0.26983297900000003,-0.1829389145,1.0237597184760479,187.42437245437256,1009.0705242003231
"Lambda_a[21,1]",0.048375820271645005,0.0490124255,0.020929069521139248,0.0202269027534,0.012837741350000006,0.08280041749999999,1.016367070830593,269.7552993155564,852.0339639264786
"Lambda_a[22,1]",0.4209353523575,0.421035885,0.02640524207828709,0.027448819335000024,0.377433209,0.4636039165,1.0282994355723247,179.14063830251817,441.6661128742242
"Lambda_a[23,1]",0.21016516806,0.210620215,0.024320538211168342,0.024216351033000006,0.1697257905,0.24907159799999998,1.0185327981737078,259.14354146614585,696.1685307855041
"Lambda_a[24,1]",0.1849337464325,0.18532100499999998,0.02298006077279058,0.023460351054000024,0.147699046,0.22280333949999998,1.0160178413620888,259.72430260011987,642.2529624136912
"Lambda_a[25,1]",-0.2003469138125,-0.20026570500000002,0.01798402441184162,0.017986095182999998,-0.229723025,-0.1710721885,1.0056635983396784,749.5774698416097,1609.9218165422135
"Lambda_a[26,1]",0.776310747475,0.775816625,0.019253691367477954,0.01959626550000007,0.745851084,0.8085543145,1.0258667510600075,214.42213112357854,914.0962948488085
"Lambda_a[27,1]",0.3093369748025,0.30980003,0.0242272268502911,0.024103510347000017,0.269082415,0.34862439850000004,1.02423845775231,266.11336881073015,858.4514820104965
"Lambda_a[28,1]",-0.5694643796225,-0.5692571799999999,0.019143612221857228,0.018851726018999922,-0.6011668635,-0.5387387779999999,1.0103739971796803,607.9559022421641,1195.0508997227423
"Lambda_a[29,1]",-0.4568073632775,-0.456683995,0.01809772242898804,0.017936783907000008,-0.48622076999999997,-0.427440559,1.0192328119930225,300.750796515453,786.7209948945699
"Lambda_a[30,1]",-0.832514137265,-0.83204742,0.02026124876493555,0.020131691663999963,-0.8662950385,-0.799942903,1.0293267675777067,170.92987836980936,639.1623761032344
"Lambda_a[31,1]",-0.19708087838675,-0.19666749,0.023613326799124933,0.023288273084999988,-0.23659242800000002,-0.1597932605,1.007107713582732,494.6282036395053,1155.598058726
"Lambda_a[32,1]",0.15242824364025,0.152139585,0.02021345139779838,0.019875765251999983,0.1198779465,0.18559444749999998,1.012739439614453,410.5411459490538,1360.290468839265
"Lambda_a[33,1]",-0.8141384172025,-0.813753835,0.018731578017381765,0.019204740491999987,-0.845050972,-0.7834104295,1.0300191238138536,200.74970586017702,695.5919153971473
"Lambda_a[34,1]",-0.6817269594875,-0.6813311550000001,0.022687165850247378,0.023217367740000088,-0.7193459139999999,-0.6446829035,1.0307285222260845,145.6681857307811,523.6610789621119
"Lambda_a[35,1]",-0.500732693975,-0.500775465,0.022256071449467257,0.022272380738999977,-0.537942673,-0.46444594050000004,1.0251435182324367,210.84950916693182,664.6096913159672
"Lambda_a[36,1]",-0.6085652201175,-0.608697035,0.021254291479323482,0.021103291335000014,-0.6426537889999999,-0.5734928575,1.0030384314457637,864.0706072424554,1801.3051653487746
"Lambda_a[37,1]",0.6008128950225,0.6013969,0.024287062108832518,0.024028149789000017,0.5603331065,0.6410876705,1.0299242873952805,176.0375436159181,404.97819143499765
"Lambda_a[38,1]",0.25555239235,0.255540475,0.024329755303338068,0.024957080232,0.21553119199999998,0.29640398349999997,1.011364053029518,311.2117043434803,814.7262683267176
"Lambda_a[39,1]",0.4575303971725,0.4574162,0.016900882118568713,0.016988935488000005,0.429986356,0.48574253399999995,1.016671575002552,309.1959109702927,960.7528506408024
"Lambda_a[40,1]",0.39747318061,0.397792125,0.021538586534717605,0.021633409790999984,0.3613345885,0.43261489750000004,1.0075312894385868,384.6401664976214,1304.1415691093418
"Lambda_a[41,1]",-0.2612130211325,-0.26127943,0.020129258623992428,0.02005179434999998,-0.29418975849999995,-0.228803066,1.0037774295943158,1089.656008693916,1623.09770076154
"Lambda_a[42,1]",-0.6801641426975,-0.67989294,0.01885389113253143,0.019027236206999965,-0.7115915885,-0.649744077,1.007567009667463,578.3394646742847,1301.5701461015824
"Lambda_a[43,1]",-0.380100307365,-0.38015545,0.018642896307651004,0.018938628618000025,-0.4104030735,-0.34919136,1.0154348216842504,339.1541150442607,1008.2680560338669
"Lambda_a[44,1]",-0.4180147676775,-0.417896335,0.018961076511461943,0.01896472979100003,-0.449778478,-0.38720716850000003,1.0070316467844436,539.3403823742567,1486.3472661061649
"Lambda_a[45,1]",-0.46931205679,-0.469275075,0.022813172199565416,0.023316827960999997,-0.507169803,-0.432314465,1.0207132432155663,259.43293003917586,807.0318240421373
"Lambda_a[46,1]",0.091972698070875,0.09177123449999999,0.02357881707608327,0.02326846703159999,0.05344555545,0.13052224549999997,1.0042596975547358,829.1568531013777,1325.1386564284205
"Lambda_a[47,1]",0.3927678561325,0.39303139,0.023815223277418113,0.022762053867000004,0.35293475,0.4317673035,1.008774946343388,438.15793388783834,1006.5919390784684
"Lambda_a[48,1]",-0.1829959871875,-0.182826605,0.019871093380788917,0.020011875344999985,-0.2158657915,-0.1506053405,1.0097121786059298,1384.8027016926644,2838.6465192710225
"Lambda_a[1,2]",0,0,0,0,0,0,NA,NA,NA
"Lambda_a[2,2]",0.442285261205,0.442335335,0.014618363500771269,0.01459183815600002,0.4186092945,0.4666362615,1.0120022959123331,823.4725371187893,1569.9285941375051
"Lambda_a[3,2]",-0.020966349057938576,-0.0207731655,0.016811772325548646,0.01706830225359,-0.04861051165,0.006152501704999983,1.0294849837995392,238.81915353977854,972.1230788280883
"Lambda_a[4,2]",0.65113190881,0.651012375,0.016511764832007402,0.016383760406999997,0.6239058545,0.6784502615,1.0181669893279797,580.786095937934,1518.0864590644278
"Lambda_a[5,2]",0.248643206255,0.24842354,0.018229247419946863,0.01833589982699998,0.21812192300000002,0.27835139799999997,1.0232211334970014,330.1562779424833,920.3594574576987
"Lambda_a[6,2]",-0.5137181716775,-0.513596575,0.01943100442565712,0.019094561073,-0.545411262,-0.4819033085,1.007192908922728,1112.8462834195238,2152.3547861627067
"Lambda_a[7,2]",0.36320324939000004,0.362896685,0.028780954463858508,0.029525274765000022,0.3170502205,0.40937838,1.0518915346739242,63.335696122533804,434.71466827565916
"Lambda_a[8,2]",0.301790589095,0.301014805,0.02836028537722935,0.02915363142300001,0.25577879400000003,0.34737930399999994,1.056214433801435,58.87244980947917,391.0351078954119
"Lambda_a[9,2]",0.073780298625725,0.0730847305,0.02422125990501059,0.024243742068,0.03461389150000001,0.11390148449999998,1.0551998912788505,58.30981257540764,413.0263720602614
"Lambda_a[10,2]",0.6840373052425,0.68418307,0.020846017581923015,0.020800366502999962,0.6493814625000001,0.718511833,1.0157064315738262,601.3265413944927,1296.640397982462
"Lambda_a[11,2]",0.087191395180575,0.08648753249999999,0.029455230291626434,0.030364018649999994,0.0388733772,0.1348434455,1.0532818729424833,57.463443780183255,425.561173628976
"Lambda_a[12,2]",-0.020063664676645002,-0.020803232999999997,0.022137876557061655,0.022611496059389998,-0.055905382149999995,0.01735047224999999,1.0397914393076435,115.87294334802458,692.0601090649678
"Lambda_a[13,2]",0.4813843455225,0.481516665,0.01505406830680204,0.01520820686700002,0.456777057,0.5060867090000001,1.015803849723263,694.3308803051845,1096.397117717749
"Lambda_a[14,2]",0.2605112468375,0.25978339500000003,0.02075253629783775,0.02023907638199998,0.22663053600000002,0.29576746249999997,1.0431328818381045,97.63012568483563,445.3109151633555
"Lambda_a[15,2]",0.1941237536725,0.19332797000000002,0.024876794476423558,0.024432640134,0.15306071799999998,0.23490277149999997,1.0339367566633908,119.90895137985898,506.59742627124314
"Lambda_a[16,2]",0.6792369695475,0.679143665,0.01760740229841865,0.017542004591999994,0.6506088190000001,0.7091125600000001,1.0221404037274389,462.118757477147,1223.8556406346545
"Lambda_a[17,2]",0.4570720899425,0.457125245,0.020344808580019608,0.01963625863500005,0.4230017625,0.49103939399999996,1.014801012385242,481.5332846879745,1462.7978808517917
"Lambda_a[18,2]",0.75517615449,0.7552079549999999,0.02325837908395086,0.023450832761999996,0.7179246785,0.7944409205,1.0326881005326385,116.5675393724147,742.7419452014758
"Lambda_a[19,2]",0.75661113899,0.756303305,0.017628281640703455,0.017568913781999984,0.7280105035,0.7856234310000001,1.0225918980838686,468.3956639940418,1114.0467904708207
"Lambda_a[20,2]",-0.16148770935675,-0.16153936,0.02986329475610238,0.030555029420999996,-0.2105185255,-0.11287405300000003,1.0468260976340924,59.44040580262332,536.09458171472
"Lambda_a[21,2]",0.3579756193525,0.35828698999999997,0.01940634417180932,0.019673887022999995,0.3259287065,0.38916058699999995,1.0224421667196224,224.30871836535198,854.1489083835721
"Lambda_a[22,2]",0.68051028335,0.680562105,0.021366321301015654,0.021665819427000042,0.645572971,0.7161629485,1.030507653173961,270.5526229544855,875.2274185776051
"Lambda_a[23,2]",0.5921553231475,0.592116155,0.019542269676701866,0.01980078275700003,0.56065909,0.624866265,1.0156585501619195,653.8254348330495,1340.5085785965412
"Lambda_a[24,2]",0.535600760655,0.53572182,0.019294943433887126,0.019147890194999996,0.503743191,0.5675839054999999,1.016142274134903,491.0143730885456,1454.370104493238
"Lambda_a[25,2]",-0.0751446822144,-0.0752618305,0.01914242409937615,0.018594438580199994,-0.10654405599999998,-0.04280484695,1.0139408587707825,429.5344399118699,1147.442190772647
"Lambda_a[26,2]",0.1916073264875,0.19139509500000002,0.01848063649319403,0.019124383572000005,0.1612734695,0.22205920299999998,1.0339416951998641,169.15944450034232,1092.6468224132866
"Lambda_a[27,2]",0.36034442674,0.360316775,0.02302651014478254,0.023474710034999978,0.323089497,0.39814918699999996,1.0254982000635247,208.09887195706543,896.9895668870182
"Lambda_a[28,2]",-0.1272089101245,-0.12740257,0.018639417446877263,0.018629039499,-0.157913189,-0.09604079890000002,1.0081187217093008,705.7492680355193,1490.7595528816553
"Lambda_a[29,2]",-0.28028749746,-0.28026397999999997,0.016463295605237335,0.016476808383000034,-0.30751574000000004,-0.2534888805,1.019588985473355,446.5431114980883,1595.3194977833164
"Lambda_a[30,2]",-0.2129003916375,-0.213181545,0.019525441115518988,0.020228927985000013,-0.24391952149999999,-0.18039149200000001,1.0443658297513485,90.94620087842921,625.6923953578588
"Lambda_a[31,2]",0.3532759636625,0.352778095,0.023557028079194294,0.023146825631999976,0.315145989,0.393521461,1.009028123972107,732.3183922105053,1377.2817987598376
"Lambda_a[32,2]",0.3867922972875,0.38644835,0.018155486210332642,0.018027178028999998,0.356840843,0.417058025,1.0029045871902107,1501.2582390188968,2561.475766035676
"Lambda_a[33,2]",-0.2055443725625,-0.20561707499999998,0.017651232298577457,0.017709412371,-0.2346252355,-0.17603433850000003,1.0297883017105602,254.74145322437874,1025.3753595253904
"Lambda_a[34,2]",-0.4750862589075,-0.47544281,0.019210520255446513,0.01899461159399998,-0.5069450139999999,-0.4431266305,1.0234079484904839,392.1662286811795,1048.250647568358
"Lambda_a[35,2]",-0.4660497930725,-0.465800885,0.018897119752862315,0.01879155469800003,-0.497107974,-0.434896814,1.0270928336485181,278.6359770217303,969.7234054593108
"Lambda_a[36,2]",0.2336022087675,0.233393725,0.020653429220639986,0.020266630503000004,0.19944966349999999,0.267280737,1.004281493179091,763.9160292020529,1898.3644425911018
"Lambda_a[37,2]",0.5210431882425,0.52168355,0.021395471046333672,0.02098589165400004,0.4841409765,0.5551610035,1.0314894115880833,310.03900813671515,953.5254892154854
"Lambda_a[38,2]",-0.5419420117175,-0.54150676,0.02061887711648256,0.020659245221999963,-0.576170691,-0.5075202075,1.0167697706548227,567.29599679042,1324.9732517932723
"Lambda_a[39,2]",0.1104470208145,0.11058765500000001,0.017257783213141826,0.01700309431799999,0.08148827865,0.13838099199999998,1.0229955041076817,202.94963216044061,925.65510538595845
"Lambda_a[40,2]",-0.130624712149,-0.13035064,0.021424421431378328,0.021653269217999992,-0.166572081,-0.09579933025000001,1.0146741830096517,427.2531893251234,1419.3152206429447
"Lambda_a[41,2]",-0.03634633439948275,-0.03677341,0.02002485508859078,0.019715528809199998,-0.0697511886,-0.002923486930000002,1.005260686618932,819.7750999426374,1593.7737808643249
"Lambda_a[42,2]",0.2536437180575,0.25346367000000003,0.01803174706208317,0.017726847746999938,0.2236001595,0.2831718155,1.0060324878486102,532.4338894153303,1207.0473830996432
"Lambda_a[43,2]",-0.225869753575,-0.225625885,0.018047472612612213,0.018180538172999992,-0.255370591,-0.19585452750000001,1.019207452225158,281.72719710640763,947.6187238993717
"Lambda_a[44,2]",0.15098781311625,0.15080802,0.01875735645411218,0.018817203678000008,0.119792644,0.181664049,1.0148437650746334,330.97645802433976,1627.2498708889343
"Lambda_a[45,2]",-0.4130192984875,-0.41298307,0.020105338207824855,0.020517857072999985,-0.445300652,-0.3798513995,1.0138282976672364,461.69657784929046,1022.8463137644038
"Lambda_a[46,2]",-0.068094586651485,-0.06794963849999999,0.024048454895364925,0.02408731516589999,-0.10862744399999999,-0.028104852700000023,1.0096908963160902,726.3171590437087,1842.6813136456485
"Lambda_a[47,2]",0.370057089575,0.369852165,0.022784996424994264,0.02184537711299997,0.3327478815,0.407869065,1.0087399395824872,719.3434971071243,1151.1861308704197
"Lambda_a[48,2]",-0.1150970855625,-0.114788265,0.01907465176125785,0.018987087399,-0.1465339315,-0.08354253649999999,1.0019529337078061,2232.3248214624427,2934.2752404876405
"Lambda_a[1,3]",0,0,0,0,0,0,NA,NA,NA
"Lambda_a[2,3]",0,0,0,0,0,0,NA,NA,NA
"Lambda_a[3,3]",0.13529953421175,0.13534834,0.012353388395599714,0.012414580751999972,0.1154020845,0.15604395549999997,1.012789588210395,527.1698706719467,1414.0640420520529
"Lambda_a[4,3]",0.0659441012263375,0.066315289,0.018857429534624028,0.0187773988332,0.033956461800000004,0.0965300829,1.0285210515188588,226.72016718734383,548.7401823488676
"Lambda_a[5,3]",0.12051766924375,0.120672945,0.01635453139272949,0.016443953967000012,0.093673911,0.146798269,1.0025399302934028,898.6776248478203,1848.536135178342
"Lambda_a[6,3]",-0.014771285804392248,-0.014981159,0.022551204604855737,0.022322649033299998,-0.05124477205,0.023311811699999976,1.030632539099158,234.6171539427841,728.556817887406
"Lambda_a[7,3]",-0.7413909201625,-0.74123158,0.018931971239346694,0.018944707277999993,-0.7727004855,-0.7105165935,1.0146848819460976,316.48737667397694,945.5498141512434
"Lambda_a[8,3]",-0.7296523950275,-0.7296855600000001,0.018323898140349543,0.018140537625000123,-0.7600640095,-0.6995380615000001,1.0143018795892669,308.08309444979915,977.5186283966626
"Lambda_a[9,3]",-0.552667300955,-0.552587015,0.017045849973200692,0.01678251309000002,-0.581053271,-0.5246440385000001,1.0081008608600373,385.81195564982664,827.4640766840328
"Lambda_a[10,3]",-0.1814965903055,-0.18105482,0.023297688337124468,0.022618367687999998,-0.2202678185,-0.143652998,1.0266092575947414,252.8085399603851,737.2505740787631
"Lambda_a[11,3]",-0.7629809029175,-0.76278966,0.017305990857243346,0.017284276820999978,-0.7914972084999999,-0.734699842,1.00295362688024,617.8973975027602,1346.8235290959665
"Lambda_a[12,3]",-0.33495704142,-0.33462881499999997,0.01890902199254183,0.018892630953000037,-0.366885964,-0.30455884400000005,1.0041880298320047,500.5968326261128,852.0502530954029
"Lambda_a[13,3]",-0.07482294397349999,-0.07464323349999999,0.015992521227176152,0.01598210775839999,-0.1013989735,-0.04868447420000003,1.0193747818795655,303.48628258605214,651.9950497191581
"Lambda_a[14,3]",-0.3940975985975,-0.39384806,0.018314534013745606,0.01864969952999997,-0.42471005500000003,-0.36470796550000006,1.020846388847344,257.56352519320507,656.744127943459
"Lambda_a[15,3]",-0.542345657335,-0.542143045,0.019858053068242777,0.019440718521000013,-0.5751207709999999,-0.5095398895000001,1.0074537179799203,465.75725806056016,1265.2364951760449
"Lambda_a[16,3]",0.1230146845095,0.123368265,0.019768878246336857,0.019835371815000002,0.0897465963,0.15463259799999998,1.0270088283213488,218.6213763511868,542.5571458219506
"Lambda_a[17,3]",-0.252991044145,-0.25279878499999997,0.020524592245524755,0.020692084812000005,-0.2869532205,-0.2195700395,1.0147496326459815,398.03889156545017,1084.419026655166
"Lambda_a[18,3]",0.40505706255,0.405596905,0.02429365991254149,0.02425666292700002,0.364735514,0.443947414,1.0395890672569337,117.09032310559252,521.4685120029403
"Lambda_a[19,3]",0.0736235221534,0.0743536845,0.020850024089590104,0.020837594588999996,0.03803604315,0.10863704349999999,1.0324067984923033,197.0127802104651,484.2945854523716
"Lambda_a[20,3]",-0.7269604574225,-0.72689676,0.019140103862673806,0.019053804399000056,-0.7585142355,-0.6952073304999999,1.0035115669266126,796.8725881896078,1819.9565799884444
"Lambda_a[21,3]",-0.340232639175,-0.34024624000000003,0.017534318298169642,0.017280170018999955,-0.3692786885,-0.311011244,1.0091276055701093,520.3382854780106,1488.4179442413465
"Lambda_a[22,3]",0.3091894587775,0.310039465,0.022124871750139538,0.022850765237999972,0.2713107475,0.34471075949999996,1.0293680975103008,225.2263849258522,895.3712269184019
"Lambda_a[23,3]",0.0858622631967,0.08584212050000001,0.021659737696105092,0.021143161414200005,0.04992081365,0.12114650649999999,1.0222626028920314,262.6674491124174,1228.2090086158817
"Lambda_a[24,3]",0.18407503957500002,0.18397258,0.02055606392360941,0.020849981711999997,0.1504794345,0.218107904,1.0255475076447327,277.48203497648046,1116.1528532044786
"Lambda_a[25,3]",-0.255878423565,-0.256286995,0.017180437601764326,0.017387888321999986,-0.2837129995,-0.22714819300000008,1.000015387564972,2266.8002379474487,2825.2911893145715
"Lambda_a[26,3]",0.1796116661675,0.17963381,0.015717836570643833,0.015580250511000007,0.15370284799999998,0.20572710699999996,1.0037820815296306,712.6330270253366,1453.7331086630363
"Lambda_a[27,3]",0.38363917684,0.38359912,0.02097404357598706,0.020834896257000014,0.34916828699999997,0.418681607,1.0037118163250376,808.1969177428338,1670.3545378404797
"Lambda_a[28,3]",0.023403500698032126,0.023288708499999998,0.017982031218730616,0.018190969746600002,-0.00542367706,0.052633578150000006,1.001048380160546,1134.946313626414,2464.653275545915
"Lambda_a[29,3]",-0.15876630623,-0.15863947,0.015521542154303122,0.015263500433999988,-0.1846861885,-0.1335611515,1.0066608700972275,920.4281720932357,1678.1121730323032
"Lambda_a[30,3]",-0.2960116049075,-0.295819065,0.015356807290259367,0.01511331305400001,-0.321299421,-0.2710532775,1.0039075300392475,534.6821498965186,1133.5963780052527
"Lambda_a[31,3]",-0.170404949581,-0.17019115499999998,0.024202570907463195,0.024601419318000008,-0.20947734050000003,-0.13093941200000003,1.0085319229173995,646.3930707110089,1090.407695038383
"Lambda_a[32,3]",-0.055630191923865,-0.0554003545,0.0194531089571382,0.019415075471400003,-0.08863880934999999,-0.024573049800000007,1.0112528862591852,597.6308962561744,1981.8825458226834
"Lambda_a[33,3]",-0.1132599146345,-0.11323673000000001,0.0158940232428575,0.01563853151700002,-0.1390978555,-0.08771885265000001,1.0058956380025375,634.4322147438697,1126.2750320540613
"Lambda_a[34,3]",-0.060466928985615,-0.0604551535,0.018734003080777297,0.018211806948299995,-0.0910802209,-0.029378909449999997,1.0128875932801276,492.31595184218423,1156.144752383562
"Lambda_a[35,3]",-0.239856228125,-0.239975545,0.018331472791857335,0.018952698491999983,-0.26916632649999994,-0.209772038,1.0151484738725183,406.1643405414159,1023.1280802550922
"Lambda_a[36,3]",0.13193134053025,0.131773825,0.021814200190240576,0.02090297724899998,0.09545651885,0.1683291455,1.0162934207061702,413.17369054561834,1347.7975855060208
"Lambda_a[37,3]",0.2640316824825,0.2638818,0.020096962594393617,0.019822428716999994,0.23127100650000001,0.29739948499999996,1.01720289314245,328.8841666014955,1052.4912380986932
"Lambda_a[38,3]",0.11500617513424999,0.11407574000000001,0.02322329439128417,0.0224883555288,0.07791979665,0.15426718199999995,1.0215449373891825,259.69226280029164,769.7881644880484
"Lambda_a[39,3]",0.2240234732925,0.2241448,0.015290343744719456,0.015213862985999985,0.199229022,0.24910886849999997,1.0011034554816438,975.7969637981556,1892.6340428734857
"Lambda_a[40,3]",0.2430260538125,0.24304483999999998,0.020209782400445894,0.020105560838999992,0.2089565405,0.276199626,1.0135515741432108,694.3583193471485,1397.2309178016571
"Lambda_a[41,3]",-0.06338980223665175,-0.0632349665,0.021510191423925303,0.021913448468100005,-0.09959501625,-0.02894404915000002,1.0009604718545027,1006.4525588694227,1466.8919272303453
"Lambda_a[42,3]",0.11148107563975,0.11169061999999999,0.01891154782356019,0.019269344787000004,0.0802054392,0.1426665835,1.0260054636244853,245.87629967539831,1028.414467009809
"Lambda_a[43,3]",-0.2732521564275,-0.27355448,0.016546317260628114,0.016482494154,-0.3005577735,-0.24563087300000003,1.0053633217106428,981.3622427587941,1803.4894235733514
"Lambda_a[44,3]",-0.1863796100225,-0.186137505,0.018730885791558675,0.018588319889999996,-0.217191985,-0.155619558,1.0120750432011325,715.7402644030232,1961.211122444564
"Lambda_a[45,3]",-0.220808792945,-0.221062845,0.02074566269428603,0.020608140000000014,-0.2539275655,-0.18729048850000002,1.005436038577955,698.2190826423465,1404.1551041704038
"Lambda_a[46,3]",0.19029076532,0.19039124,0.023240447212501313,0.024009076139999995,0.15214701699999997,0.228377425,1.0033608438396187,909.6091577217563,1742.5622616345097
"Lambda_a[47,3]",0.13418971349525,0.13429617,0.022655485973455465,0.022646737239000004,0.09779214759999999,0.1713374405,1.0070047779295812,781.2667317977329,1647.2008669957634
"Lambda_a[48,3]",0.03117094669725825,0.031074522,0.019448616761604063,0.0189815491467,-0.0012148110199999998,0.06349052169999998,1.0002323752512063,1795.4950229233557,2510.2575839903166
psi_a[1],0.301774025655,0.30156265,0.014435510234747874,0.014291885937000006,0.278350263,0.32594766199999997,1.0028698839132408,813.3989677771602,1746.2702462923396
psi_a[2],0.14739087182475,0.147978255,0.02211549500795866,0.021672780234,0.11029522400000001,0.182743075,1.0007251174642253,846.2236095049775,1344.1992823674673
psi_a[3],0.288783062965,0.288374905,0.011856346013812353,0.011619173264999996,0.2695489165,0.30865980649999997,1.0098877871281557,613.2612196920943,1459.0529934582255
psi_a[4],0.18941952213,0.18925521,0.014153538525171006,0.014354288570999999,0.166732639,0.21300132449999998,1.0015033774411344,929.0549214447648,1862.8978067640362
psi_a[5],0.3566418343325,0.35669801,0.01054298956581169,0.01070744839499999,0.3395956445,0.3740825415,1.0046281175640517,1273.592193784421,2318.4979852842303
psi_a[6],0.4604145693375,0.46012545000000005,0.015590735219238927,0.015491524314000023,0.435944719,0.4868532355,1.0031186201859807,749.9683407092571,2035.7625588308708
psi_a[7],0.03598050113261175,0.0364407805,0.01818011857228781,0.020463676197300003,0.0059015960600000035,0.06538146825,1.0038837127128701,578.3832900858205,1061.4599585665553
psi_a[8],0.006592114903539888,0.0055815884,0.004928076926919578,0.0048254389764,5.538224555000001e-4,0.01592093454999999,1.000245662595069,2910.7567461241692,2618.3745573542697
psi_a[9],0.18058869291,0.18043312,0.007497318724014356,0.007568435783999999,0.16830411350000002,0.19307974449999998,1.0017700990883185,1565.9696573376746,2776.768015504446
psi_a[10],0.4498084242825,0.449472905,0.012724136475753859,0.012934684245000048,0.4293067975,0.47115360300000003,1.0028076522019667,1469.8997392148983,2883.7210734578744
psi_a[11],0.1665087819875,0.166457845,0.008957498731020983,0.00871456712700001,0.1515297205,0.1812200255,1.001838849097474,1380.7279348671746,2272.0467579261567
psi_a[12],0.42453698988,0.424306255,0.011041770871381607,0.010888785201000013,0.40658478150000005,0.44286291,1.0004804828941931,1431.9607119458713,2162.525345358192
psi_a[13],0.2947148540375,0.29474737500000003,0.010023995567495914,0.010111035480000021,0.27843198750000003,0.311216192,1.002552422474456,1326.930335014499,2472.2228007813724
psi_a[14],0.22189138644,0.221616735,0.009342043943113693,0.009265753329000002,0.2069604525,0.23773871449999998,1.0009027635481247,889.8784420332235,1675.8063328654448
psi_a[15],0.4113393198175,0.41106518000000003,0.010962212361593721,0.010954805379000034,0.39313102699999997,0.429704036,1.0010318551991244,1386.3492063280714,2428.071459351097
psi_a[16],0.2021226535625,0.20238915,0.013044189914295352,0.01304272130699999,0.1801643375,0.2231703575,1.0036027548926185,868.8580316568248,1680.3789054483896
psi_a[17],0.45452433823,0.45444167,0.014105900004420406,0.013879871397000011,0.43168029849999995,0.4784344635,1.000326609628321,1483.223100928828,2479.1872470809762
psi_a[18],0.373006751635,0.37283408,0.012537820251869208,0.012490334198999994,0.35250514800000005,0.3939735905,1.004256039034221,856.3750752823538,1745.017902248029
psi_a[19],0.1842400433325,0.18422970500000002,0.012086712069019519,0.012000609180000038,0.1646287865,0.2044115735,1.0028847094198896,878.0601982039769,1649.7908233582527
psi_a[20],0.383044909505,0.382861315,0.012609816959848759,0.01237231182600006,0.3623627575,0.4046027665,0.999872911739763,1164.012681093194,2708.683567515984
psi_a[21],0.32213377202,0.32191991,0.014701008516559196,0.014828683506,0.298471651,0.34673546450000003,1.0012767794639361,1525.0837950545385,2402.00037835456
psi_a[22],0.3827880327375,0.38255557500000004,0.010718499469533179,0.01055627508600006,0.3654520435,0.40084424499999993,1.0015680882242204,1332.9208775303753,2397.9989931829496
psi_a[23],0.50031035887,0.500249115,0.013549555628364223,0.013322858577000041,0.47856118550000004,0.5227443595000001,1.0020941861127022,1154.5437112801478,2431.8228515206224
psi_a[24],0.4493602774075,0.449474255,0.013265362076503527,0.013505611266000018,0.42774415050000003,0.471099521,1.004528405701713,1200.639976921407,1885.7894279603606
psi_a[25],0.3838005053975,0.383914505,0.016934665975224115,0.016922181423,0.355901272,0.411938654,1.0027791788635396,1158.7475154779029,2352.929065606201
psi_a[26],0.3433147414825,0.34317557,0.010037561634163097,0.009699436068000012,0.3267431185,0.359877514,1.0091393147515955,814.4458158876735,1764.9496414655187
psi_a[27],0.5315820294475,0.531336595,0.01477126284569509,0.014835458987999971,0.507644073,0.5556895605,1.0004803561267612,1188.2433558940552,2123.9975213838843
psi_a[28],0.4015230485375,0.40146642,0.015078234722398954,0.014972036100000015,0.377214515,0.426768396,1.0045315973611,1431.6109863762442,2281.371284676562
psi_a[29],0.2536059309725,0.253755055,0.015355736161626462,0.015015135281999981,0.2279283185,0.2788266115,1.0038454885186772,1320.0713130802592,1783.9788124854595
psi_a[30],0.2216970444275,0.221589795,0.008288588637945377,0.008435645588999998,0.20830105200000001,0.23562719899999998,1.0026795177454317,1037.1107802671445,1774.3897407037555
psi_a[31],0.701989141505,0.7017565649999999,0.01695697211596582,0.017317590842999973,0.674462985,0.730241553,1.0004169610228313,1015.4632145586987,2245.3191762962388
psi_a[32],0.407496164365,0.406832395,0.016798988563365546,0.017032205169000027,0.3805941335,0.4355415625,0.9999888147978475,1493.0751219708516,2558.5997459919395
psi_a[33],0.255514798335,0.25523249,0.010095798319476858,0.010158011660999965,0.2390674055,0.2722667165,1.0083200040397209,830.7410353342854,1944.4071020705342
psi_a[34],0.3635236329625,0.36343935,0.010651933528557115,0.01095748888500002,0.346204839,0.38101058099999996,1.002069661394843,1462.7878492638324,2755.7197409339833
psi_a[35],0.270358736555,0.270163165,0.013785740532240975,0.013981614821999952,0.248155378,0.29317269999999995,1.0041053071497783,1090.4485146852292,2177.795811651134
psi_a[36],0.5368283549175,0.53667299,0.014957039647701318,0.015020005623000073,0.511993461,0.5616723265,1.0012719126157976,936.9524630314968,1776.7223929748352
psi_a[37],0.4293090140525,0.42925616499999997,0.010909417327455964,0.010813365339000042,0.41189679749999997,0.44768959199999997,1.0048233969967866,1112.249141617412,2162.9802628162975
psi_a[38],0.570861814025,0.570503545,0.014441202120756188,0.014518397564999994,0.5480574165,0.5951108525000001,1.00463566693355,989.0693496976254,1991.6583699938813
psi_a[39],0.37355320481,0.37334628000000003,0.011199321977631559,0.011643428601000027,0.35546416200000003,0.39243370850000003,1.0007592535371523,1298.1575057621226,2447.569911113894
psi_a[40],0.59734647917249994,0.5970655250000001,0.015045957278705781,0.015037804236000128,0.572713138,0.622360421,1.0001379726119475,1346.2382093794722,2367.026217290419
psi_a[41],0.64248152854,0.64250571,0.01614225616412632,0.016301602128000074,0.6154408115,0.6688656635,1.0047819937282831,1036.3575618578873,1800.0954473044187
psi_a[42],0.3596340138825,0.359625735,0.013233022977736195,0.013048058667,0.337706375,0.3811141985,1.0031467548339237,908.0127617228343,1568.8107982599508
psi_a[43],0.32453045243,0.3246002,0.015082273591313604,0.015343205009999989,0.300275148,0.34903155399999997,1.0036173434240436,1301.1130647229688,2397.929775169788
psi_a[44],0.436580849955,0.43627031,0.015512038026930122,0.015369728723999977,0.4115043565,0.462653059,1.0045036883627794,1223.620952578976,1889.20405177925
psi_a[45],0.463160640785,0.46306287,0.014459075624474809,0.014444482542000012,0.4397873165,0.48742254599999996,1.001297941966281,1224.6267845380205,2457.1413606338533
psi_a[46],0.7418518305425,0.7419133499999999,0.018271919826501882,0.018289509272999896,0.7123441540000001,0.771951925,1.0012254439274662,1122.9250289722095,2182.37464122939
psi_a[47],0.6618298064275,0.661799555,0.016564213564014593,0.01628388505800002,0.6348719045,0.6896691349999999,1.0024038094521022,1139.2482159212727,1938.5486151912671
psi_a[48],0.526437175825,0.52629804,0.0176518577833493,0.01774820460000001,0.497453986,0.5557006755,1.0021416111730672,1436.9354112805777,2461.8561277652166
sigma_b[1],0.0323390380828325,0.030979435,0.015034744064567658,0.013850203088399998,0.01037277895,0.058157302149999986,1.00070783798958,1317.6713601565204,1440.8548454319434
sigma_b[2],0.08214704912575,0.07892249300000001,0.024648739551464332,0.021307162919700005,0.04944068355,0.12630161749999996,1.0033151802328166,1780.704452280348,2685.189131614928
sigma_b[3],0.0162379249518973,0.0152097925,0.009664257056079885,0.00912870764127,0.0021325898,0.03386030964999999,1.0001702357014797,1252.862781854934,2103.6890719576872
sigma_b[4],0.06591814877425,0.0629788905,0.019756487277695686,0.0174583199763,0.04002952665,0.10344284749999996,1.0020517390748787,1537.3191912040277,2518.548965178779
sigma_b[5],0.074979214290249993,0.071020321,0.021071450829485718,0.018114466104,0.04870693285,0.1139376495,0.9999576975574818,1971.7323180944993,2635.901923020162
sigma_b[6],0.018770153738272,0.016225997,0.014175569580811382,0.01355094316947,0.0014666222550000002,0.04577645119999999,1.0050788215599986,1149.764032970327,2313.864532996696
sigma_b[7],0.2097497714775,0.20166754,0.05015918747930335,0.04420926392399999,0.1450968605,0.302064821,1.0005078191817849,1721.5514933803486,2662.198046138696
sigma_b[8],0.10189597856225,0.09712493999999999,0.026026568502003238,0.02215063555739999,0.0678427006,0.1498534865,1.0004508385261766,1802.5236440771564,2526.2510695782066
sigma_b[9],0.048339444962,0.0459781435,0.01440033406263734,0.012852545981100002,0.029776551550000002,0.07414620475,1.001597296188332,1868.3266324351662,2500.00655783925
sigma_b[10],0.10669849185725,0.10128835,0.029321544669698642,0.0251525855049,0.07006746795,0.16153729999999994,1.0014326683872028,1720.0421965814169,2455.8082834868233
sigma_b[11],0.12253215123125,0.11670689000000001,0.03192034242841251,0.027277986749999986,0.0818075796,0.1828805705,1.0008523090238497,1946.406624500908,2747.008591301836
sigma_b[12],0.05996213226775,0.0572054875,0.017388590957097414,0.0155197418985,0.037289876449999995,0.09107570799999999,1.0029791505999908,1787.0272293595253,2911.7983735370676
sigma_b[13],0.68699358255,0.6721302849999999,0.1332808015854438,0.12598853847300004,0.505746387,0.9302670284999999,1.0014663259803018,2014.4419284948842,2642.5458673632543
sigma_b[14],0.204668461823,0.19630347999999997,0.05103506400253656,0.043586460728999965,0.1395783125,0.29842673899999994,1.001254845074322,1530.270211926544,2300.328857446516
sigma_b[15],0.128362872065,0.12274,0.03301808060430253,0.029174536083000004,0.08486487625,0.18831026199999998,1.0014059258493009,1483.2675506524583,2390.674039233637
sigma_b[16],0.0550681467215,0.052435219500000005,0.017579053356626694,0.015681144406200002,0.032469148399999995,0.0865071263,1.0006671661242406,1602.4702561503038,2217.6191529167295
sigma_b[17],0.3821889327175,0.36550018,0.09244829665359963,0.08257729882499999,0.267202597,0.5562565594999999,1.0013831155841832,1482.7099067459058,2554.6332050765677
sigma_b[18],0.1068671984305,0.101776565,0.029835216437172532,0.024940524037799998,0.068638161,0.16350175649999998,1.0026232575814145,1894.2452812431525,2434.1526075361526
sigma_b[19],0.102623290855,0.09815799650000001,0.02714065529731439,0.0246567062133,0.06692985430000001,0.15222941799999998,1.001486218348035,1613.403654312483,2499.2287360527293
sigma_b[20],0.1828521619335,0.174888685,0.04608405245657854,0.03997303835699998,0.12484074850000001,0.2675904889999998,1.0007283094326773,1548.2334092352717,2804.8148891293717
sigma_b[21],0.29482522812,0.28267228499999997,0.07221501930830129,0.06211464636300001,0.20142917300000002,0.43371645549999993,1.0001267886435934,1596.3924179269688,2482.4632042020203
sigma_b[22],0.360551895905,0.34639269500000003,0.08545099084476816,0.07570444707000003,0.2494998575,0.5182967665,1.0024206053325977,1603.5393164590423,2365.530323629224
sigma_b[23],0.20392621108,0.195354475,0.04996959469973739,0.042158872602,0.14003299300000002,0.2957405819999999,1.001412168944062,1906.5995432904483,2653.5253224199405
sigma_b[24],0.368459105305,0.35401910000000003,0.08836172342400114,0.08038445929499999,0.255939017,0.5297278314999999,1.004229604849846,1769.1364987461104,2527.0437344623892
sigma_b[25],0.1059920636225,0.101378245,0.03054717919624001,0.026781112633799998,0.0659799195,0.16340309449999998,1.0030294935543107,1840.826173795156,2813.853258686739
sigma_b[26],0.036330774347,0.0345287935,0.011590974914282607,0.009970109160900001,0.020898429500000003,0.05721469009999999,1.0008412272340783,1831.5221185917824,2625.2541454380744
sigma_b[27],0.32218429588499997,0.31065913,0.07606259082607153,0.06900171625200002,0.221790255,0.46144728549999997,1.0013143420803028,1637.5548190786315,2238.3438179811856
sigma_b[28],0.17610612337675,0.16784854999999999,0.04791893394850442,0.040971198807,0.1161647045,0.2608964715,1.0008082399090927,1579.397231725264,2279.558481856249
sigma_b[29],0.11994442234675,0.114391695,0.033298477211298444,0.0284458092723,0.0771942578,0.1810669744999999,1.000716385194336,1530.4228330683457,2279.7722978308707
sigma_b[30],0.0898902051465,0.0855318585,0.02362055472290724,0.020568793278599992,0.0598117757,0.13579171949999996,1.0001561937972494,2046.97485884805,2604.901389292336
sigma_b[31],0.0771388879915,0.0733423555,0.02235164914008871,0.019565697253199992,0.048251737950000005,0.11805110349999998,1.0018205063608314,1573.616004754971,2620.868261989085
sigma_b[32],0.08542574772275,0.0813770795,0.02622926338457274,0.02248098626550001,0.05123733925,0.13292986899999995,1.0020497340192431,1665.9921678496119,2527.1516923641934
sigma_b[33],0.26094173255,0.248430265,0.06518212429734022,0.05482960215600002,0.178484764,0.38457929199999985,1.0012488953038567,1643.7327923759233,2217.7790684251922
sigma_b[34],0.14003811335575,0.13364182,0.03669740199611621,0.031339161734999996,0.0931049023,0.20803262349999993,1.0016177205084038,1696.1103728446883,2547.899682043658
sigma_b[35],0.10161294685775,0.096264569,0.029986075149164407,0.02470148666369999,0.0642249989,0.1565952675,1.0031500788712477,1485.3713130281137,2261.470913204345
sigma_b[36],0.33751753622999997,0.32453034000000003,0.08043738908009646,0.06917100693300005,0.23246945500000002,0.4879573379999999,1.0017082740488814,1716.6351596209845,2401.3418925815376
sigma_b[37],0.217213900105,0.208307935,0.05301849809962719,0.04696440174299999,0.147353186,0.3180684189999999,1.0018812898221903,1638.8401337168116,2142.671460672488
sigma_b[38],0.2456506864425,0.23728482,0.0589576725164021,0.051751057386000006,0.1675128225,0.353838643,1.0006780143160954,1711.1336316233128,2760.9378010170244
sigma_b[39],0.5302474822625,0.51033605,0.11626595528175865,0.10444487045999998,0.37729176,0.7508235744999999,0.9996075284384544,1597.5245857891512,2582.4680025612306
sigma_b[40],0.4113256323025,0.396205025,0.09441730887959418,0.08829166917899997,0.2858528425,0.5857458594999998,1.001791877968234,1528.5532095713272,2495.6195047483984
sigma_b[41],0.3336721531875,0.32031698,0.07730441548169442,0.06968757442499998,0.231893308,0.47281449899999994,1.0021409447792649,1465.541941032298,2386.5816816367796
sigma_b[42],0.3940492070875,0.378914545,0.09064489030592485,0.078574175043,0.27661103649999996,0.5630713015,1.0030347150270262,1797.5259696025278,2382.139045261869
sigma_b[43],0.4738015779325,0.456711345,0.10614932882229203,0.09589573184100002,0.3347976455,0.6698915034999999,1.000796710128856,1763.1395621613024,2589.564974032521
sigma_b[44],0.13459498566125,0.12890975500000001,0.03583125690180434,0.03215862440699997,0.08858312165,0.20028235199999994,1.0006333184934961,1601.852591132339,2357.2792319681967
sigma_b[45],0.07840573896825,0.07433899299999999,0.022959634890389352,0.019496497639500003,0.04931362040000001,0.12160166299999985,1.0017854909967734,2108.545060934712,2583.365677457549
sigma_b[46],0.18503700237125,0.17720601,0.04765832328897065,0.043301223315000005,0.1228640195,0.272242983,1.001858835280615,1497.4718980149373,2661.918164156041
sigma_b[47],0.1530463408495,0.146798695,0.03862101430924334,0.034269402027000004,0.102974094,0.225931082,1.0004615989650796,1521.1572057270962,2654.1824051635226
sigma_b[48],0.13802343185975,0.131703375,0.038421732304950725,0.033653885811000005,0.08803455680000001,0.21140970899999997,1.001726595133705,1321.0170126722314,2650.38339339102
sigma_e[1],0.427879586615,0.427925475,0.006694228612265105,0.006664642823999975,0.417009609,0.439281124,1.0003409294771597,4394.311826199221,3310.207639822118
sigma_e[2],0.5892254339775,0.58926261,0.008681848017391984,0.008845332447000006,0.5748342485,0.6033987829999999,1.0003878165540532,3201.683034406026,2550.5576955030433
sigma_e[3],0.2995482895475,0.29953418499999995,0.004836176487525955,0.00468099815400001,0.29175878199999994,0.30766820349999996,1.0012193602311754,3884.117846630086,3187.000423402925
sigma_e[4],0.4397417685575,0.43974903,0.006613935549033975,0.006643552839000007,0.428760313,0.45065837750000004,1.0003142780585799,3259.6472069663196,2822.2457046585146
sigma_e[5],0.30975106862,0.30974885,0.004646486595205311,0.004614058763999979,0.302028158,0.3175786355,1.000893631671528,4965.812245821676,3353.170290244349
sigma_e[6],0.4561233786825,0.456168075,0.006702878846657854,0.006711352136999998,0.445067445,0.4672030485,1.000758402252772,4724.663774941896,3235.299875196935
sigma_e[7],0.3320288105525,0.332072645,0.004849518703529343,0.004964723316000005,0.324141946,0.34012258,1.0000719535967613,5849.039269957157,2981.807168710945
sigma_e[8],0.2913263853975,0.291318455,0.004024263182303442,0.00398134438799994,0.284680422,0.2980199365,1.0019567316249005,8346.920275599536,2898.8805978460255
sigma_e[9],0.2725132785525,0.27247462,0.003974874708234639,0.0039275853120000065,0.2660419595,0.279040721,1.000201002938093,5390.941238466439,3242.069612040967
sigma_e[10],0.3669394766175,0.36688734,0.0054902242534827245,0.005646230057999957,0.358047103,0.37590168150000003,1.0002698674350639,3897.8572387890054,3345.674038084526
sigma_e[11],0.3163296283275,0.31630743,0.004620277862683061,0.004550299551000001,0.30869285500000004,0.32406976649999997,1.00147762012901,5252.045427342656,3066.6040735643783
sigma_e[12],0.3087306846425,0.30870871,0.004641772999396563,0.0047306504280000055,0.3009863325,0.316479491,1.0002333022863628,4321.826118500653,3280.702548531782
sigma_e[13],0.3158295510275,0.31576907,0.004697253632162221,0.004722911255999964,0.3080745075,0.32360981,1.0019996106317934,4632.755168935881,3310.6998175496437
sigma_e[14],0.29985875782,0.2997693,0.004311395760958024,0.004293031386000031,0.29284543050000006,0.3070553465,1.0008499528636106,5237.754147752113,3028.502591801801
sigma_e[15],0.349789652465,0.34974003,0.005228509250408952,0.0052930006080000045,0.34132491550000005,0.358595039,1.0003519979110072,4996.290889627922,2814.148462142157
sigma_e[16],0.4519728802775,0.451905935,0.006519913559478652,0.006492846548999994,0.441116593,0.46277938100000005,1.000348706171279,5153.292138674521,3231.465602537466
sigma_e[17],0.4557520771125,0.45567807,0.006673281377484356,0.006634553457000011,0.44476860250000005,0.4669881595,0.9995764935404201,4046.621794662963,3295.0248169645115
sigma_e[18],0.28986815674,0.289765205,0.004524886793690088,0.004563146279999987,0.2824455415,0.29752642799999995,1.0011391542052381,4520.529694217258,3210.308919729013
sigma_e[19],0.374470574575,0.37436919,0.005549325316518829,0.0055664291129999864,0.36522786549999997,0.38370942799999996,1.0011704308803622,5306.863116603666,3359.7492526875735
sigma_e[20],0.3524529262075,0.35243659,0.005386373433638453,0.005309264730000003,0.343586364,0.361175843,1.00136449723678,3998.0978690194647,3094.8715911450226
sigma_e[21],0.51444838571,0.51449134,0.007658972174111056,0.0076549010159999995,0.5017039755,0.526944273,1.0017566852135418,4433.866620971887,3023.152587260653
sigma_e[22],0.256192683485,0.25610454,0.003935986717090371,0.003896984448000024,0.24988540650000002,0.262662869,1.0003193245384145,4002.698669159501,2629.4258298535055
sigma_e[23],0.356882462555,0.3569148,0.005487066280495245,0.005562707787000011,0.348066257,0.365888296,0.9999648653681358,4088.1926601275386,3145.6784823531225
sigma_e[24],0.3806034461525,0.38058880500000003,0.006115667807764466,0.006046376385000068,0.3707213005,0.39064895749999995,1.0003465323040208,3720.3820424105656,3126.0256085860838
sigma_e[25],0.61341428739,0.613376455,0.009406856728848624,0.009639494550000042,0.5979636885,0.629180165,1.0012392495366034,3492.2638140206973,2926.0850808193977
sigma_e[26],0.2600458868175,0.25987698000000004,0.004149783270266404,0.00413088683700003,0.253217445,0.2670424125,1.0012558601769672,3759.4256962660897,3026.3209885110946
sigma_e[27],0.4036647138925,0.40368265999999997,0.00625332207500276,0.006180484967999929,0.39339383549999996,0.41395575,0.9995436965008277,3406.071451649854,3192.883869224313
sigma_e[28],0.539616220085,0.53958584,0.0077707499958348455,0.00778135938300006,0.526887178,0.552548611,1.0003450171861317,4205.0844375847055,2988.9869038580446
sigma_e[29],0.5782693294025,0.57832167,0.008288720165256579,0.008150526783000059,0.564492582,0.591725399,1.0001424814242739,4469.269937726305,3002.0501044557623
sigma_e[30],0.2445428204725,0.24453893999999998,0.003630241454037686,0.003660709898999991,0.23858937049999998,0.250659513,1.001533202960243,4537.145273797781,2914.693018050877
sigma_e[31],0.426125753075,0.42608590999999996,0.006466644136017092,0.00655426325399997,0.41587999550000004,0.436727056,1.00062133270022,3443.6305087064784,3366.8216345321293
sigma_e[32],0.6122960882925,0.612421095,0.00895307778835772,0.00885216723300003,0.5977519165,0.627219132,1.0004780106203466,4408.676011127638,3463.4901228830995
sigma_e[33],0.3159239123375,0.31590368999999996,0.00457691409013943,0.004576482266999922,0.3086353135,0.3237565115,1.0008029718267843,4847.758255580519,3237.0964277548323
sigma_e[34],0.2976226456825,0.29768397999999996,0.004497406884193349,0.00460936633500002,0.29025969349999997,0.305043549,1.0003500493748774,3956.4367532739725,3364.9723290863344
sigma_e[35],0.4946436313825,0.494681525,0.007197267554470266,0.007313250672000002,0.4827231885,0.5066387394999999,1.0016230444867722,4655.15572675671,3035.077739191649
sigma_e[36],0.38226748428,0.382264905,0.00573640213278868,0.005707891392000009,0.372884676,0.391719222,1.0005901456814181,3794.979298776922,3288.1370072539694
sigma_e[37],0.226992075415,0.22695009,0.0036686394439587487,0.0037178715419999846,0.2211090065,0.233122875,1.000576356700459,3911.677326091916,2875.0805554367203
sigma_e[38],0.2776925209825,0.27765005,0.004597626922390365,0.004633503063000031,0.27017990049999996,0.2853140795,1.0005810386030805,3457.6879782635638,3431.4996177109197
sigma_e[39],0.368235992935,0.36826452,0.005741980873796511,0.005780746356000014,0.358721444,0.37758616999999994,1.0006186861908726,3982.1440361349314,2430.633161220255
sigma_e[40],0.3840524239375,0.38407092,0.006075290126142955,0.006044463830999964,0.3741902625,0.39400420550000004,1.0012486082937562,3656.8017691919886,3426.759295306272
sigma_e[41],0.41019011152,0.41016555499999996,0.00656265381809258,0.006573084861000021,0.3994206595,0.42075562899999996,1.0004738304316705,3346.3684450730557,2813.9396439608877
sigma_e[42],0.3675448496525,0.36750086,0.0055340606184666324,0.0055870965570000135,0.35870253950000003,0.376887539,1.0004377566546354,4203.076442416038,3362.019379607838
sigma_e[43],0.5193344595975,0.519136775,0.007685224992708997,0.00756274259999995,0.507079186,0.532121334,1.000213158310511,3328.010629472191,2972.612281793097
sigma_e[44],0.5242503111725,0.52407268,0.007995162591900523,0.00812337296399999,0.511204363,0.5374884645,1.0004632541947485,3569.159296504887,3049.039083707909
sigma_e[45],0.443376247235,0.443410645,0.006656871358450521,0.0067218711840000165,0.43251393950000006,0.45453787999999995,1.0000362056111614,4108.484756363194,3389.485730922626
sigma_e[46],0.461921822775,0.461865835,0.00704852491427624,0.0068609983679999926,0.450421796,0.4736446275,1.0015544649372663,2718.176382004026,2874.584621312587
sigma_e[47],0.3979896947,0.39789319,0.00610020674644706,0.00612251530799999,0.38814944649999994,0.40799827050000004,1.0016428245450915,3783.7746453141913,3332.569980508361
sigma_e[48],0.5948210196875,0.59489212,0.008857848721088414,0.008941115819999916,0.5803324005,0.609414542,1.0003331311612782,3724.369365816995,3079.5979660157045
Sigma_a_diag[1],0.6087581971025,0.6080338700000001,0.025892614534666306,0.026238424694999866,0.5675815005,0.6525385265,1.01091180787466,589.1246600619974,1649.7906547149921
Sigma_a_diag[2],0.3108064985375,0.31037173,0.016768614606555828,0.01670466176399997,0.2845456015,0.33943034600000005,1.002821863015872,920.2491097124338,1914.0705555243258
Sigma_a_diag[3],0.77742264851,0.7761340400000001,0.029996454961735124,0.02931178036499989,0.7306374425,0.8293108355,1.0153315878361588,370.9783277667144,1049.9795062554158
Sigma_a_diag[4],0.59061028753,0.58942826,0.024799244383298863,0.024426946949999934,0.5516226880000001,0.6336765839999999,1.0032036515958078,687.6632405887384,1438.1443265079433
Sigma_a_diag[5],0.805171601965,0.8042839100000001,0.03061050202400437,0.030273609702000145,0.7556841365,0.8569661639999999,1.0153229416127265,354.6764744029272,1138.6001027474078
Sigma_a_diag[6],0.71048939226,0.70858026,0.031166926745658612,0.03033865877700002,0.6621818325000001,0.7629643549999999,1.0037639758835086,794.7897343653158,1599.1484832509898
Sigma_a_diag[7],0.802665234895,0.80221666,0.030727298965822228,0.03121569821999997,0.7531239765,0.853085199,1.0145460657078862,467.7708333897167,1201.6989387150097
Sigma_a_diag[8],0.8476515868425,0.84764721,0.03199076703312031,0.032179818173999966,0.7955263929999999,0.8994521699999999,1.0157089602938958,360.3544911936188,969.8473585376279
Sigma_a_diag[9],0.8744273495375,0.8736899300000001,0.0328164963793759,0.0328124361810001,0.821544914,0.9292306005,1.018409454899753,254.8549470500191,705.8006393781379
Sigma_a_diag[10],0.7660264557525,0.765003645,0.03134043015996446,0.031561692581999985,0.716129889,0.8199230024999999,1.0054239456981033,849.6186367692756,1667.7822767017178
Sigma_a_diag[11],0.82243501551,0.822311985,0.03205335087467502,0.03186361665899995,0.769740618,0.875531979,1.0110781733966718,428.66715939617455,908.7790803845721
Sigma_a_diag[12],0.845444145865,0.84474012,0.03227056939502341,0.03234227406900001,0.7934041860000001,0.900955968,1.0118659854580747,373.426564771544,1081.9314152870627
Sigma_a_diag[13],0.40939824767,0.40876992,0.017490007789257578,0.01779102950099998,0.3816144145,0.439434468,1.004085830468181,782.4823450521491,1691.7193415051033
Sigma_a_diag[14],0.8099291945075,0.809798335,0.030868398140385004,0.030728664119999957,0.760125668,0.8614421669999999,1.0146539456924455,295.2083744163075,839.9936140817432
Sigma_a_diag[15],0.7156713526275,0.71507505,0.029279928610248935,0.029381885106000066,0.668376145,0.764266471,1.007085096124823,591.066798920213,1577.0782081822779
Sigma_a_diag[16],0.62985347986,0.628938315,0.026132095252910093,0.02563221920700003,0.5888325474999999,0.674613797,1.0039644383869555,730.8423544708611,1386.1715836220963
Sigma_a_diag[17],0.4943550085725,0.49342945000000005,0.023129657504165114,0.022047744600000075,0.4572963885,0.5353840655,1.00253013716373,1190.4625787639138,2425.7507595944053
Sigma_a_diag[18],0.87676527198,0.875792185,0.03413209453479594,0.033795748391999995,0.8226099665,0.933756318,1.013786856171524,732.5984144992613,1739.8079148903778
Sigma_a_diag[19],0.744253625555,0.7429583550000001,0.029076606367874895,0.02911863465000012,0.6999962535,0.7950098885000001,1.0065032314785018,617.6672442555135,1120.8979511786465
Sigma_a_diag[20],0.754673428335,0.7539285950000001,0.03094199959873863,0.029655150525000135,0.704452081,0.806701476,1.0028556292219115,930.386014248668,1784.5688064375522
Sigma_a_diag[21],0.3513530494875,0.350993035,0.018633539471243424,0.018434692877999977,0.3211179855,0.38252898199999996,1.0051940358684184,1261.0365332343792,2678.3637075184292
Sigma_a_diag[22],0.88416332914,0.88290939,0.03315658268190408,0.03314203298700002,0.831533654,0.9396452005,1.0034113507289675,650.2090070134226,1401.757618165576
Sigma_a_diag[23],0.6541258250075,0.6533374750000001,0.028653490640181994,0.028699881693000008,0.608956466,0.7032125414999999,1.0032933284213776,1036.9538733237807,1903.036333332668
Sigma_a_diag[24],0.55837546936,0.5579147950000001,0.024224891663190556,0.02400199672500012,0.5196074795,0.599892838,1.001465543139863,1399.7063984791644,2243.7499278915457
Sigma_a_diag[25],0.259833694695,0.25934412500000004,0.01742022901533467,0.01742051293499995,0.232179865,0.2891793425,1.0030541241825706,1280.7030245188398,2525.9970437889792
Sigma_a_diag[26],0.7905568830325,0.78970916,0.02971358838760941,0.02993786751899996,0.7435109115,0.8416051784999999,1.0142797653964066,332.8382922085012,1067.503750739756
Sigma_a_diag[27],0.657070777445,0.65651528,0.028397037957088547,0.028469270675999955,0.6120854904999999,0.7062472360000001,1.001772788241261,1081.9375100096431,2011.7349806346595
Sigma_a_diag[28],0.5035045652025,0.502552375,0.02449278540191279,0.024778908777000057,0.4655485,0.545869287,1.0045144933250616,1130.0816366071263,1742.299853754262
Sigma_a_diag[29],0.377831772355,0.37710639,0.01948619528463003,0.019851724892999963,0.3466029485,0.4115867765,1.006444912878485,724.0023195914564,1778.5667814473456
Sigma_a_diag[30],0.87627483435,0.8758397499999999,0.0319133526364353,0.03200596849800004,0.825472981,0.9307588245,1.0194880077383262,235.62441594431837,799.475100710802
Sigma_a_diag[31],0.68745671038,0.6863036899999999,0.030929089291899803,0.030384004098000062,0.63704803,0.7404793105,1.002817725445843,929.7819776232762,2121.3701686254403
Sigma_a_diag[32],0.34338897815,0.34288576000000004,0.020225610378038314,0.020164798121999984,0.3112366935,0.3783299465,1.0001608547546612,1743.015553720478,2944.2509440868375
Sigma_a_diag[33],0.78420220081,0.78327221,0.0297681234301257,0.03022228950300004,0.736967817,0.8338242779999999,1.0197284853754678,317.23767917386715,1076.349921173596
Sigma_a_diag[34],0.82761212307,0.8263921999999999,0.031478501357751924,0.032453424590999855,0.7789342444999999,0.8817662765,1.0100018087727418,566.7998341686767,1517.1987244064505
Sigma_a_diag[35],0.5999386759375,0.59892265,0.02667523303409301,0.026686362633000046,0.5571831214999999,0.6456842765,1.002901201993,675.1550932807311,1788.1060980274835
Sigma_a_diag[36],0.73208966725,0.731142645,0.030722960124469817,0.030385375502999957,0.683076684,0.783246554,1.004678717857479,1147.7184402353969,2250.1317326101425
Sigma_a_diag[37],0.8880512360025,0.8869878849999999,0.03342496782413279,0.03372707436000001,0.835348781,0.945377648,1.0022408096183373,641.739021121661,1279.8051632360978
Sigma_a_diag[38],0.699882304,0.69800878,0.03109107929064321,0.03159687468000007,0.651831281,0.7530836705,1.007268065176642,775.79172858694,1636.6562618183573
Sigma_a_diag[39],0.41220357668,0.41147511000000003,0.01845746767851926,0.018818382344999985,0.3825566535,0.4433076705,1.0048984522519655,621.7847091198078,1878.3039994540568
Sigma_a_diag[40],0.5924895670475,0.591955915,0.02678465895023918,0.026392585443000036,0.5496783289999999,0.637398908,1.0023202730794523,1049.1224694536224,2156.693876046162
Sigma_a_diag[41],0.487883140325,0.48758856,0.023552708869766733,0.023892914429999967,0.45057576450000003,0.5268738875,1.0045930665286744,1129.4713920289944,2342.040298751982
Sigma_a_diag[42],0.6699361202525,0.6694110449999999,0.027782944932677935,0.027921494454000145,0.62628421,0.717120783,1.0118357449963005,692.416397956629,1354.7704545446754
Sigma_a_diag[43],0.376654375725,0.376361385,0.019732174358538652,0.019638260145000024,0.345173687,0.41018087349999993,1.0066777336325077,1023.2965918417389,2278.9370515992887
Sigma_a_diag[44],0.42417636774,0.42377712,0.02197243531693978,0.022077915509999994,0.38914684250000003,0.46184102600000004,1.0059930758020688,1002.8226008833083,2310.3922623748126
Sigma_a_diag[45],0.655676771525,0.6547310150000001,0.027867749197931765,0.027682729137000105,0.6118423359999999,0.703051514,1.0024365894182095,846.493855691642,1990.9052891359645
Sigma_a_diag[46],0.6016583319725,0.601497925,0.02911331836786752,0.028972435464000038,0.5548999535,0.6509344794999999,1.000969143800125,1096.0800035886568,1963.4377213992034
Sigma_a_diag[47],0.7491079069675,0.747908615,0.032500139597161734,0.031739626820999865,0.6965790985,0.8048292884999999,1.0034862039498003,934.7649898721648,1827.054032222868
Sigma_a_diag[48],0.326290775845,0.32613346499999996,0.020530214035392656,0.020409241797000037,0.2934284185,0.36099849999999994,1.0010994483092184,1563.888068898737,2526.5045816231955
var_b[1],0.0012718004027828605,9.597254e-4,0.0012282865485739294,8.215650655169999e-4,1.0759456000000001e-4,0.003382272019999998,1.0004746136999911,1317.6713601565204,1440.8548454319434
var_b[2],0.0073555461538925,0.00622876,0.004989300025253976,0.0032732242346999994,0.002444381275,0.015952099099999992,1.0033151802328166,1780.704452280348,2685.189131614928
var_b[3],3.5704472181502696e-4,2.3133787000000002e-4,4.237994048202235e-4,2.515362621597e-4,4.547940995000001e-6,0.0011465206849999993,1.0001702454656844,1252.8637046628069,2103.6890719576872
var_b[4],0.004735423542205,0.0039663407,0.0031092248882144844,0.0021288138196500004,0.001602363025,0.010700423149999994,1.0020517390748787,1537.3191912040277,2518.548965178779
var_b[5],0.006065777612025,0.0050438865499999996,0.003832031252920405,0.002526303846359999,0.002372365265,0.012981787449999999,0.9999576975574818,1971.7323180944993,2635.901923020162
var_b[6],5.532152073236406e-4,2.6328298e-4,8.322506653282046e-4,3.5064735532259995e-4,2.150989200000001e-6,0.0020954834899999998,1.0050788215599986,1149.764032970327,2313.864532996696
var_b[7],0.04651028173125,0.040669798,0.024563924495249512,0.017514064995000002,0.02105309875,0.09124315875000001,1.0005908900169254,1721.5466686685513,2662.198046138696
var_b[8],0.0110600033675,0.0094332546,0.006219585599188504,0.00418522753698,0.004602632035,0.022456069099999997,1.0004179618704403,1802.5236440771564,2526.2510695782066
var_b[9],0.0025440197188675,0.00211398965,0.0017129472727524756,0.00114193395414,8.86642998e-4,0.005497659655,1.001597296188332,1868.3266324351662,2500.00655783925
var_b[10],0.012244106219725,0.01025933,0.007591612508418466,0.0049948630914,0.004909450375,0.026094303999999978,1.0014326683880606,1720.0422156636516,2455.8082834868233
var_b[11],0.0160327816013,0.013620498,0.009205243242281272,0.006179987481569998,0.006692480245,0.033445304050000006,1.0008523033053285,1946.4054712077325,2747.008591301836
var_b[12],0.0038977448090175,0.0032724679,0.0025173267487333902,0.0017310308311800002,0.001390534865,0.008294784585,1.0029791505999908,1787.0272293595253,2911.7983735370676
var_b[13],0.4897195133725,0.45175912500000004,0.20056762611287868,0.167352062892,0.2557794075,0.8653967504999998,1.0014663259803018,2014.4419284948842,2642.5458673632543
var_b[14],0.044493105884675005,0.0385350585,0.024823310793134667,0.016938216483299996,0.0194821055,0.08905851925,1.0013159656968973,1530.2691474664512,2300.328857446516
var_b[15],0.0175669480353,0.015065108,0.009825241937911526,0.007059408054300001,0.007202047665,0.03546075454999999,1.0014059258493009,1483.2675506524583,2390.674039233637
var_b[16],0.0033414466430825,0.0027494522,0.002497448827817645,0.0015750558255599996,0.0010542456049999998,0.0074834829199999986,1.0005485979100375,1602.4702561503038,2217.6191529167295
var_b[17],0.154612931226,0.13359038499999998,0.08374094344037987,0.059212949827499965,0.0713972298,0.30942137,1.0013831155841832,1482.7099067459058,2554.6332050765677
var_b[18],0.012310515705075,0.010358469,0.007714950424363348,0.00492291436665,0.00471119716,0.026732825449999994,1.0026232575814145,1894.2452812431525,2434.1526075361526
var_b[19],0.011267970853325,0.009634992299999999,0.006620259067249906,0.004671559181099998,0.004479605335,0.02317379695,1.001486218348035,1613.403654312483,2499.2287360527293
var_b[20],0.03555812207765,0.0305860515,0.020015567402290255,0.013632236425499997,0.015585211849999999,0.0716046951499999,1.0007283094326773,1548.2334092352717,2804.8148891293717
var_b[21],0.0921356203955,0.07990362,0.04968138673623426,0.03442089112979999,0.040573713,0.18810996349999998,1.0001267886435934,1596.3924179269688,2482.4632042020203
var_b[22],0.13729771608425,0.119987905,0.07248984992133022,0.0509571599271,0.0622501776,0.26863154149999996,1.0024206352865077,1603.540192923656,2365.530323629224
var_b[23],0.04408223572625,0.0381633725,0.023906967484608084,0.0162722763,0.019609240299999997,0.08746249249999996,1.001412168944062,1906.5995432904483,2653.5253224199405
var_b[24],0.143567954467,0.12532952,0.07649286428463697,0.0557410660884,0.06550478225,0.28061157950000004,1.0041886876170005,1769.1364987461104,2527.0437344623892
var_b[25],0.012167214444,0.0102775495,0.008119637168848927,0.00529801883835,0.004353350050000001,0.026700572549999992,1.0030294935543107,1840.826173795156,2813.853258686739
var_b[26],0.0014542422763825,0.00119223755,0.0010237662888646778,6.6988560429e-4,4.3674434e-4,0.0032735208049999988,1.0008412272340783,1831.5221185917824,2625.2541454380744
var_b[27],0.10958679188225,0.096509095,0.05642822974426286,0.041396519682,0.04919091849999999,0.2129335995,1.0013143420803028,1637.5548190786315,2238.3438179811856
var_b[28],0.0333090168779,0.0281731355,0.021238738512866086,0.0133858149621,0.01349423845,0.06806697089999998,1.0008082399089984,1579.397685170644,2279.558481856249
var_b[29],0.0154951758583,0.0130854605,0.009761195402185053,0.006305835981060001,0.005958953405,0.032785256099999965,1.000716385194336,1530.4228330683457,2279.7722978308707
var_b[30],0.0086380401008,0.00731569885,0.004963785226249954,0.00339068359035,0.0035774485449999996,0.01843939164999999,0.9999389238870329,2046.97485884805,2604.901389292336
var_b[31],0.0064498793631175,0.005379101149999999,0.004206875413920504,0.0027691411242599996,0.002328230285,0.013936063049999992,1.0021284633592284,1573.616004754971,2620.868261989085
var_b[32],0.0079853606429575,0.006622229150000001,0.005649653533765409,0.0034977699351000004,0.00262526501,0.017670353549999983,1.0020497340192431,1665.9921678496119,2527.1516923641934
var_b[33],0.07233823496875,0.0617176,0.040478998765725756,0.026663389004699993,0.0318568123,0.1479012444999999,1.0012488953038567,1643.7327923759233,2217.7790684251922
var_b[34],0.020957035819675,0.017860136,0.012291454858819221,0.008216186689200001,0.00866852283,0.04327757804999997,1.0016177205084038,1696.1103728446883,2547.899682043658
var_b[35],0.0112241308869,0.0092668672,0.007773486245867245,0.0046076717973300005,0.004124850479999999,0.024522078049999996,1.0030471998499513,1485.3713130281137,2261.470913204345
var_b[36],0.12038664329899999,0.10531994,0.06339889830876633,0.04430354987099999,0.0540420486,0.2381023729999999,1.0015009047900827,1716.6351596209845,2401.3418925815376
var_b[37],0.049992136783,0.043392194999999995,0.026408017714262464,0.01925870046029999,0.02171296245,0.10116752849999994,1.0018812898221903,1638.8401337168116,2142.671460672488
var_b[38],0.06381939792725,0.0563040875,0.0336013401041815,0.024385902651599994,0.0280605452,0.12520178899999998,1.0006126468093133,1711.134398264556,2760.9378010170244
var_b[39],0.29467678524675,0.260442885,0.14000550064360845,0.10401196608600002,0.14234907100000002,0.563736043,0.9996083760537134,1597.5241255414285,2582.4680025612306
var_b[40],0.17810117539075,0.15697841499999998,0.08802043688862704,0.06856620250199996,0.0817118475,0.3430982204999999,1.001791877968234,1528.5532095713272,2495.6195047483984
var_b[41],0.11731158447925,0.10260297,0.058936037214877016,0.043703279972099995,0.05377450825,0.22355354949999998,1.0021409447792649,1465.541941032298,2386.5816816367796
var_b[42],0.16348921955275,0.14357623,0.08242643969040866,0.05876474131500001,0.0765136682,0.31704930599999975,1.0030347150270262,1797.5259696025278,2382.139045261869
var_b[43],0.2357527982395,0.20858525,0.1140334368058463,0.08543999927400002,0.1120894585,0.44875463149999983,1.000796710128856,1763.1395621613024,2589.564974032521
var_b[44],0.019399368130625,0.016617725,0.011458987741476934,0.008028483598799999,0.00784696952,0.04011302269999997,1.0006333184934961,1601.852591132339,2357.2792319681967
var_b[45],0.0066744729586175,0.0055262863,0.004374599457714284,0.0028125472785899995,0.002431833255,0.014786977249999965,1.0017854909967734,2108.545060934712,2583.365677457549
var_b[46],0.036509440191775,0.031401969,0.020534537987661035,0.015054567994200003,0.01509556855,0.07411624274999999,1.0015092081134687,1497.4718980149373,2661.918164156041
var_b[47],0.024914392292725,0.0215498565,0.013581917584677583,0.009815682286199999,0.0106036634,0.05104485354999999,1.0004615989650796,1521.1572057270962,2654.1824051635226
var_b[48],0.0205263282046,0.0173457795,0.012566447360769171,0.008592890144999997,0.007750083164999999,0.04469406579999999,1.0017265966638753,1321.0176269295735,2650.38339339102
var_e[1],0.2830347278725,0.28309382,0.008752442795284062,0.008737784642999992,0.268875374,0.297768888,1.0008726866745097,4522.1839662506745,3165.841931753299
var_e[2],0.536722024045,0.536635215,0.01568549426624266,0.015825213095999973,0.5112273374999999,0.5631922935000001,1.0000539879072263,3386.418819002238,2615.013434889909
var_e[3],0.1387177213875,0.138611735,0.004378205999172513,0.004214698214999988,0.1315832355,0.14607101549999998,1.0013291973759573,3878.8792292706626,3194.6346020503415
var_e[4],0.29893975572,0.298772975,0.008869612442419381,0.00893015199300001,0.28423196199999995,0.3137114105,1.000549382223276,3447.0824379209025,2860.207975409357
var_e[5],0.1483249452325,0.14825408,0.0044012290823969725,0.004337605755000024,0.1411543075,0.1557596655,1.0015498358900623,5075.822696422986,3177.3069472579623
var_e[6],0.321626555115,0.321475055,0.00941164148528341,0.009400165845000011,0.30631217299999997,0.3369616255,1.0003864972917498,4991.436862517255,3567.311213053059
var_e[7],0.1704256245475,0.17047804,0.004917425308864,0.004864988813999992,0.1623891165,0.178612534,1.0006837121163714,6135.059275968992,2948.4528695814274
var_e[8],0.131200277915,0.131204295,0.00359143233550122,0.003450343785000003,0.1253826225,0.137178112,1.001849692211896,8688.12020283131,2909.558555184858
var_e[9],0.1148049532475,0.11479914999999999,0.003326322850472203,0.0032793036359999835,0.10942650649999999,0.1202509935,1.0002692457412041,5886.3544980849865,3369.771353005841
var_e[10],0.20815244646,0.20815801,0.006232969585599935,0.006286023848999993,0.1981133125,0.218641569,1.0003472957511552,3923.22039408213,3326.604833887858
var_e[11],0.15469053797000001,0.15463826,0.004472045914354543,0.004374722645999992,0.1473653715,0.1622251955,1.000593351643361,6119.589912515299,3383.9795396867844
var_e[12],0.1473500806825,0.1473177,0.004401385591526189,0.00444286294200001,0.140172803,0.1548098245,1.0002406483359787,4499.797206981613,3459.8822885548934
var_e[13],0.15420434795,0.154106715,0.004585404677482486,0.004605696899999997,0.14684615399999998,0.16189929050000001,1.0017764328390855,4500.084892801926,3153.587279110997
var_e[14],0.13900046376,0.138964415,0.003971663430576363,0.003898563417000016,0.13260457949999999,0.145672093,1.0018309489994315,5752.121322416224,2929.4690037756086
var_e[15],0.1891487572125,0.18910812500000002,0.0056173397740844665,0.005663532000000006,0.1801663375,0.19876097050000002,0.9998635570838751,5043.647865493375,3328.298494404469
var_e[16],0.31579790466,0.31570963500000004,0.00908655698747682,0.009094490790000007,0.3014094545,0.331103896,1.0008001339074033,5651.528025359123,3225.1938258637183
var_e[17],0.3211044178875,0.321057375,0.009421311263636784,0.009371677686000028,0.305954402,0.33704270350000004,0.9993924756847976,3971.209211193486,3241.402745261554
var_e[18],0.12989679754,0.129828035,0.004020226897477184,0.004074281169000012,0.1234916115,0.136642007,1.000224865526066,4655.097941887821,3435.6137826551026
var_e[19],0.2167850689775,0.21652732,0.006482297294590473,0.006423490521,0.2060871045,0.2276175885,1.0006564151747175,5226.943831559244,3332.35242926169
var_e[20],0.192041219145,0.192032225,0.005802636657824915,0.005764482233999995,0.18253364100000002,0.201736924,1.0015279915518622,4401.487212225226,3292.2064363660065
var_e[21],0.4091414281875,0.40917478500000004,0.012130146775061253,0.012093998153999934,0.389172705,0.428863145,1.0008982805826325,4350.576630920382,2827.435926676267
var_e[22],0.1014676692615,0.10138685,0.0030944585532718134,0.0030581782938000008,0.09638082049999999,0.10668733799999999,1.0009947945978015,4328.901718386613,3002.2214576303736
var_e[23],0.196899463335,0.19673829999999998,0.005999660145788213,0.006123011978999997,0.187227777,0.2067764515,1.000029526072751,4315.739620523032,3528.9751808439873
var_e[24],0.223946271705,0.223872615,0.007055544387165813,0.006977953268999994,0.212630234,0.235911113,1.0004456264622366,3660.946075413667,3375.338319733446
var_e[25],0.5816981481525,0.58125621,0.017520859351317173,0.017790673677000005,0.5526225225,0.611097157,1.0031137267022718,3496.641971901423,2875.871772547239
var_e[26],0.1045431511955,0.10441148,0.003260113109443396,0.003263165535000001,0.09923997304999999,0.11009212349999999,1.0011215527612507,3949.264588361301,2957.9144125712196
var_e[27],0.2519046595175,0.25195161499999996,0.007710252406691423,0.007629452186999938,0.239215815,0.2649249175,0.9999331224865361,3461.324424873701,3149.3280080785717
var_e[28],0.4501499129425,0.450054995,0.013032335232654894,0.013157007527999975,0.42917679799999997,0.47191461549999997,1.0004226294169987,4233.31669832541,3413.670660890875
var_e[29],0.51694434196,0.516808575,0.014776865299279202,0.014527500728999975,0.49261536749999996,0.541110858,1.0004885771247114,4683.380937531262,3037.6979918760912
var_e[30],0.0924485720875,0.09240761,0.0027411815807631573,0.002713586471399998,0.08800044805,0.0970944716,1.0011645361137858,4634.844660339763,3095.8078482320093
var_e[31],0.2807167468575,0.28054909,0.008471236775467489,0.008771810313000023,0.26732903999999996,0.29458408950000003,1.0019087060482945,3176.2717075906785,3362.613888460474
var_e[32],0.5795756347875,0.579473605,0.016901235279873025,0.017062072146000026,0.5520914215,0.607758788,0.999867093514656,4372.3730349575535,3530.971090224706
var_e[33],0.1542950663075,0.15416768,0.0044813850753673825,0.0044229961020000146,0.147154939,0.161945743,1.0006292745921936,4999.361261504303,3150.9329287830506
var_e[34],0.1369384469525,0.136889815,0.00412882696825276,0.004188367239,0.1303178845,0.14381628899999999,1.0006107102893107,4301.341129343918,3221.6263198659854
var_e[35],0.3782430557425,0.378155005,0.010976835413331618,0.011206662054000014,0.360406537,0.39710490800000003,1.0007842159193119,4835.687907044013,3335.4717217299103
var_e[36],0.2259059624775,0.22575268,0.0067825201244871005,0.006860538762000028,0.2149267055,0.2371525605,1.0007194640978185,3827.764686594041,2924.707896851236
var_e[37],0.07965688734025,0.07962081700000001,0.0025366237787278366,0.0025842674277000034,0.0755379455,0.08392287139999999,1.001450864046215,4075.4291251941054,3277.473730408517
var_e[38],0.119215734315,0.119173005,0.003871608090888549,0.003921944019000003,0.1130181755,0.12567746300000002,1.000425074923625,3416.8170148114323,3319.5859485286155
var_e[39],0.2096264585275,0.209611675,0.006425148282515196,0.006359634939000011,0.199109579,0.22009390999999998,1.0000803742705857,3962.3268205681425,2648.3124916415923
var_e[40],0.228024097475,0.22798290999999998,0.007146735458376438,0.007235918255999967,0.2167266485,0.2397776825,1.001067070510529,3755.8192549577166,2932.5253505813193
var_e[41],0.260119179285,0.259849505,0.008244559501789806,0.00831975815999999,0.246769663,0.27387533849999995,1.000640841209604,3400.9705613261735,3102.8894345647163
var_e[42],0.2088395772425,0.20869116,0.0062682329003601,0.006377396487000003,0.199080243,0.21945604349999998,0.9998190081358677,4125.043953777988,3096.6150307520147
var_e[43],0.4169478844875,0.416614555,0.012253960134279283,0.011881348835999976,0.3971916635,0.4378801685,1.00018436468057,3322.012551820064,3038.889789285635
var_e[44],0.424884168695,0.424625435,0.01286874421281323,0.013038977742000005,0.4040605315,0.446153705,1.000521796393621,3732.131046106968,3269.3853808687063
var_e[45],0.3039028797375,0.30383757499999997,0.009053641428086866,0.009365072703000006,0.289282818,0.31907157699999994,0.9999232465424732,4160.394213822273,3164.5565006695333
var_e[46],0.3298628363575,0.32958869,0.010077499158643942,0.00974928108000003,0.31326488249999995,0.346793072,1.0014374830090838,2918.2123925676315,2774.1507883033682
var_e[47],0.2448713448725,0.24473730999999999,0.0074551227678419044,0.007497700937999989,0.23291169750000001,0.2572415525,1.000875690528443,3843.276233107533,3386.8461141305615
var_e[48],0.546970286245,0.546831335,0.016274466135178776,0.016094075192999973,0.520638329,0.5740656415000001,1.0001975294017447,3674.469655563207,2853.2922674004394
prop_a[1],0.68144443202,0.681365105,0.011679062525404493,0.011472499647000083,0.662545055,0.7008873389999999,1.008139554539248,744.0718262775579,2129.6410229807957
prop_a[2],0.363469064395,0.36315313000000005,0.01499717157897644,0.015051992717999984,0.33905264549999997,0.38789894950000003,1.0024843831504355,1087.152064963267,2167.368398446524
prop_a[3],0.8481105149825,0.848137645,0.006453367146349401,0.006360220566000011,0.8372221230000001,0.8588256655000001,1.0087237149990445,618.3219032959214,1464.403070880996
prop_a[4],0.66023520503,0.6601557499999999,0.011918745820029901,0.012064242372000083,0.640415828,0.679834533,1.0013484820400267,822.5999733781616,1565.795990113894
prop_a[5],0.838967091565,0.83933083,0.007224137143565963,0.006963601701000058,0.8266265585000001,0.8504647630000001,1.007515900560727,825.5626887824171,1871.4359909766663
prop_a[6],0.6877757152375,0.68764292,0.011879675239747688,0.011910704315999915,0.6683116315000001,0.7072673399999999,1.0034687907882067,1115.446426063616,2154.543513959822
prop_a[7],0.7874922071575,0.790702515,0.019717222538038016,0.01562083668599998,0.7525319845,0.812255944,1.0028671740351172,1443.1782551893352,1808.568829404534
prop_a[8],0.856185504675,0.8568059699999999,0.007657055692854582,0.0071848130340001195,0.842940789,0.8672196635,1.00628841728396,843.0114016190984,1718.6348310129515
prop_a[9],0.8815594072225,0.881643615,0.0051606594451604326,0.0049872143579999355,0.8727418725,0.8898813655000001,1.0127123209420255,435.85223821825963,1364.0498003950033
prop_a[10],0.7764173761225,0.77697685,0.010619808501132404,0.010095861069000026,0.758815182,0.793068736,1.0023181297815347,1407.5473820287789,2101.4589290188537
prop_a[11],0.82800689604,0.8292337000000001,0.010130782759035525,0.00890425838400006,0.810248618,0.8419898215000001,1.004324292718181,802.1098848539998,1878.0524003723274
prop_a[12],0.8481086782825,0.84824404,0.006660051023358774,0.006449421195000013,0.8371593655,0.8589606375000001,1.0075175896644004,597.1826255204363,1586.2021126117504
prop_a[13],0.4005329470425,0.403624035,0.06618102081376522,0.06841428789300001,0.284521385,0.5033686999999999,1.0006172281785035,1931.328899634887,2403.3044991461006
prop_a[14],0.8156096512825,0.8194609399999999,0.02031910266383965,0.015663498501000198,0.7777776685000001,0.839445435,1.0014436679497811,1286.9312982813844,2010.8800953422262
prop_a[15],0.7757842753275,0.7766265299999999,0.011707721584389697,0.011038283172000127,0.7553694434999999,0.793280838,1.0026987374122915,1343.797575581341,2070.6909307865744
prop_a[16],0.663517985755,0.6635913449999999,0.01135613246937834,0.011340051575999965,0.644702624,0.68208804,1.0024338302374667,980.5647481934716,1863.060246111929
prop_a[17],0.512586174055,0.519435465,0.04020549177212785,0.03553740309000001,0.435917674,0.563831387,1.0010565830779194,1421.5105571560268,2402.285998925474
prop_a[18],0.860341907195,0.861228545,0.00878517893870016,0.0075635432040000224,0.8453391875,0.8727162350000001,1.0048947463781572,1394.7823271417224,2600.0658712008376
prop_a[19],0.7653077367075,0.76551846,0.01009035648652397,0.009627426186000057,0.7483818975000001,0.7813812215,1.0035811396909218,886.9035613777744,1367.3809341201677
prop_a[20],0.7683745754,0.771115735,0.01748873410899804,0.014447981477999982,0.7378134105,0.7907949325000001,0.9997882546853188,1389.7511700668824,2522.8234611411544
prop_a[21],0.4131403070925,0.416539355,0.026375282008517867,0.023468342267999997,0.36533738849999997,0.45000986449999997,1.0002106846656778,1626.951179428431,2360.165539214046
prop_a[22],0.790044691265,0.798831195,0.04517737042916639,0.03869714244900004,0.7047894535,0.8452597235,1.003127620693245,1550.3042540508814,2385.7328961526964
prop_a[23],0.7310203026175,0.7344454499999999,0.02120471083109723,0.017481870336000124,0.6936919015,0.7578611435,1.001674873542024,1612.8723071116394,2775.390953055288
prop_a[24],0.6063616456025,0.61404638,0.045036697973566124,0.039897047694,0.522763121,0.6625327074999999,1.0017408736676088,1734.1783560536073,2653.3841889594205
prop_a[25],0.304257223515,0.30434001499999996,0.01676250608600544,0.01704746853600006,0.2767850175,0.3316225085,1.002061972392797,1249.27405245109,2469.952892667923
prop_a[26],0.8816518753475,0.88184264,0.005262162639069928,0.005269657070999946,0.8726077825,0.8899722274999999,1.006438973557515,604.7018747016784,1784.7157447861498
prop_a[27],0.6466566808725001,0.65262632,0.03483161719372105,0.030516229778999968,0.582414117,0.6916243710000001,1.000917838812054,1618.9510094515656,2299.532251737133
prop_a[28],0.5101557775725,0.510733475,0.017669470084965017,0.016616817713999997,0.48188901349999996,0.5374949755,1.0024563928602321,1430.5087749237343,2352.1594734118225
prop_a[29],0.4149735757475,0.415213795,0.015583697404786006,0.015716679363000023,0.38905385400000003,0.44084066899999996,1.0053103406777177,965.6642208967244,2134.699252438325
prop_a[30],0.896486600025,0.89707518,0.006258053993237161,0.005664236234999984,0.8853182534999999,0.905363312,1.008808142672377,581.7673801440591,1847.9696716546862
prop_a[31],0.7051097911375,0.70529772,0.012207559447744666,0.012151122732000029,0.6851282925000001,0.7248805389999999,1.002377510172979,1042.3126285434853,2451.8841465112337
prop_a[32],0.36871040108,0.36840125,0.01629796564630426,0.015955748613000028,0.342214159,0.395512429,1.0003706384629252,1745.2487848560218,3264.8217019816298
prop_a[33],0.7767381778225,0.78314468,0.029697059365418964,0.022911855770999957,0.7199433565000001,0.811109547,1.0018128023081765,1310.6105775010742,2187.8871764662294
prop_a[34],0.8397638760125,0.8414590449999999,0.011934446373587922,0.009727694424000035,0.8194553420000001,0.8548162260000001,1.0065822727187632,1403.9808996755482,2583.3842969661146
prop_a[35],0.6061804802875,0.60625177,0.013875061870669076,0.013999539456000064,0.5831732139999999,0.628424537,1.002190829678952,846.5675909361789,1794.0660934446114
prop_a[36],0.6807431504375,0.687412445,0.03720965166657679,0.03085374366899992,0.6101528570000001,0.7257916959999999,1.0010871356611082,1679.284330856911,2633.532833893851
prop_a[37],0.873003458035,0.87798704,0.02240389301744044,0.017377102406999922,0.8293080644999999,0.8989095095,1.0011833695788384,1273.4264317391617,2293.10492450901
prop_a[38],0.7935163191275,0.7990769200000001,0.029431886952599972,0.023595200937000092,0.7395773800000001,0.8290613925,1.0003697490685368,1667.6007797672382,2327.369199242183
prop_a[39],0.4582631485225,0.46648694,0.06002175286639319,0.057549572702999964,0.3476015055,0.541976495,1.0007499904784807,1566.8479289431632,2552.172290308236
prop_a[40],0.597089496445,0.606550565,0.04816553295059324,0.044157595313999966,0.5061782524999999,0.6603158305000001,1.0014486506099765,1536.473012456104,2747.52135570358
prop_a[41],0.5658890399075,0.572004575,0.03739407021987806,0.033043113915000075,0.49963851249999996,0.6156249755,1.001472568348772,1427.1380938169511,2498.5592451549683
prop_a[42],0.64604054953,0.65456776,0.046056779677861974,0.03959793314399992,0.5599268295,0.703413021,1.0032580995079958,1860.1430422910717,2788.4644943811054
prop_a[43],0.36961996229,0.37487793,0.03801993469416279,0.03580539786600002,0.300604608,0.423319913,1.001419470533198,1666.0756853086575,3021.6648475362917
prop_a[44],0.48828469557,0.488520775,0.01686153555240282,0.016421677901999998,0.4603976005,0.515304848,1.0048058659681016,1185.401948850704,2280.592610219449
prop_a[45],0.6783720260325,0.67838503000000006,0.012136408537999563,0.012116237153999957,0.658202938,0.6980090875,1.0012832717872266,1139.184367308441,2546.475773156037
prop_a[46],0.6215206222425,0.6228603,0.018165739452875803,0.017334826067999992,0.5898565050000001,0.648338068,1.0007225912919233,1370.276846761956,2069.599241383776
prop_a[47],0.7351027975275,0.73617723,0.014095414135983914,0.013207267668000063,0.7101251905,0.755659503,1.002458643603406,1216.495554608034,2551.8402577613156
prop_a[48],0.3649458433475,0.365066235,0.018017846305919356,0.01789003011600001,0.33515910499999996,0.39410807600000003,1.0019148864992449,1404.5542681850336,2293.5099674153475
prop_b[1],0.0014239176612717496,0.001073566,0.0013702067801208485,9.155063228429999e-4,1.192659555e-4,0.003796790429999998,1.000487864514449,1306.1986181949583,1446.6142445118112
prop_b[2],0.00857304958832,0.0073217440500000005,0.005678764249625209,0.0038308435863599996,0.00289380219,0.018483795099999995,1.0034297844181927,1779.8464174396504,2745.438890479804
prop_b[3],3.9009109202171204e-4,2.5350659500000003e-4,4.639629904913739e-4,2.7690900338640003e-4,4.915904230000002e-6,0.0012494098149999995,1.0002212722793038,1248.272601911397,2103.8778566607402
prop_b[4],0.0052868724049225,0.00443323945,0.003439537506730005,0.0023694357225,0.0017912393,0.011893040599999991,1.0021781008065864,1502.0325070111166,2421.2205865166534
prop_b[5],0.00631251134075,0.00529394855,0.0039455281332994845,0.00263941355013,0.0024821338750000005,0.013469666649999998,0.9998877057092045,1945.0536410498541,2424.6437404657104
prop_b[6],5.356805528937055e-4,2.5581276e-4,8.047598196336037e-4,3.4074870896429996e-4,2.059514755e-6,0.00200831514,1.0050366638405173,1147.6223502537841,2313.686872606471
prop_b[7],0.04513461860775,0.04034501,0.021913044018438448,0.0166151727693,0.02116783445,0.08564752824999997,1.0004918900461903,1716.2557735877272,2618.045293675847
prop_b[8],0.011143918543075,0.0095303934,0.006128563177056175,0.00423434763171,0.00466921462,0.022578670699999998,1.0003764472664518,1766.5962413620118,2494.368856648165
prop_b[9],0.0025653944065625,0.0021320364500000003,0.0017170639027237035,0.00114513755622,8.947629469999999e-4,0.005578525195,1.0017522297980235,1821.7524097692196,2555.618987190389
prop_b[10],0.0123660297062,0.0104516865,0.007456433174092064,0.0050050033340999995,0.004972292755000001,0.02623123715,1.0012202876430154,1739.9999505264946,2472.012319611977
prop_b[11],0.016076503169675,0.013703926,0.00897206739158666,0.006117539257619998,0.00677390687,0.033264418199999965,1.0009822581224268,1917.5626312550796,2540.2668065466387
prop_b[12],0.0039093401513175,0.0032883671499999998,0.0025082948168812435,0.0017410172541300001,0.001412116455,0.008426246284999996,1.0028782326811263,1780.9843258121132,2900.115261686267
prop_b[13],0.4485064210675,0.44460862,0.09036928947891454,0.09333669011099997,0.3104995155,0.6067638870000001,1.0010599148354187,1973.060941989177,2144.0179714893547
prop_b[14],0.0442636709035,0.039172407,0.022534963640810753,0.016522902417000003,0.0200490075,0.08641305249999999,1.00118058457577,1507.609347859575,2286.8689130792586
prop_b[15],0.01894142353555,0.0164212965,0.010184261364559823,0.007534373049000001,0.00789640052,0.037858109849999995,1.001303320696293,1495.8097976972708,2107.4921467035792
prop_b[16],0.0035187905311425,0.00290016145,0.0026038490646286376,0.0016657639622399997,0.0011103549799999998,0.00787843054499999,1.0007759306285489,1588.1726678224866,2129.6400736467667
prop_b[17],0.15421844018425,0.1409279,0.06245334676042348,0.05439553394099999,0.08018632260000001,0.27512134549999995,1.0014099539176227,1482.0619149103632,2330.7383386469446
prop_b[18],0.01204145799545,0.010184082,0.0073737510426884366,0.004835156010929999,0.0046590033699999995,0.025798507949999973,1.0024971227386685,1882.323559642403,2418.0161130926126
prop_b[19],0.011554789360675,0.00997267495,0.006646459863267895,0.00476452672605,0.004643666055,0.023640234049999986,1.001419051307547,1567.284411611975,2484.047606210626
prop_b[20],0.03587239627505,0.031328211,0.018863791398047277,0.013719762457799996,0.01617039935,0.07012212664999996,1.0005367430927339,1555.3217948783397,2818.5313536199988
prop_b[21],0.10543525321825,0.0952747345,0.04711022572288352,0.03724854291479999,0.0508760497,0.19728764,1.0000104400803969,1609.6344989125973,2531.606178354444
prop_b[22],0.1191857449385,0.10883332,0.05004843484761829,0.04203269667029999,0.05923665295,0.21372665949999997,1.0028061209904686,1582.8816790435235,2379.61440258907
prop_b[23],0.0486551834085,0.042999129,0.024122743885862975,0.017551266394199995,0.022428619,0.09323133194999998,1.0013771504024924,1923.6944136236161,2614.6399352156836
prop_b[24],0.15023784765225,0.13856039,0.06083277315656903,0.053134982943,0.07690957475,0.26524526849999996,1.0038938276906275,1773.0332785154167,2562.565632133177
prop_b[25],0.01417374957635,0.012078578999999999,0.00893456286315154,0.006128157564689999,0.00519010962,0.030790718799999988,1.0029697670700668,1843.7877721256189,2645.8049188859454
prop_b[26],0.0016228468379425,0.00133114115,0.001142824474714802,7.475979810179999e-4,4.938120785e-4,0.003647940884999999,1.0005374622280927,1843.3189233063297,2562.992687742967
prop_b[27],0.10520396821025,0.09631755,0.045241185482806784,0.0384727227696,0.05161385385,0.18981624199999994,1.0013223692155833,1630.800195851654,2224.8525570549577
prop_b[28],0.0333720555008,0.028805863,0.019405343604152105,0.0133943339817,0.0139468907,0.06720553984999997,1.0007258221128967,1575.5340777312617,2281.025813320551
prop_b[29],0.016927587405075,0.0143887905,0.01023307668786818,0.006904307263770001,0.006632646025,0.035383314250000006,1.0007258198223985,1516.5007927472886,2207.8365586813516
prop_b[30],0.0088274518491,0.0074660053,0.005009805925062386,0.00345987327063,0.00366056839,0.018679829349999996,0.9998253750716724,1975.692713556582,2646.3975585388594
prop_b[31],0.006609314547785,0.0055402010500000005,0.004253614516099367,0.0028410758384400004,0.0024122614950000004,0.014372981449999999,1.0022114292292856,1588.457518356455,2636.777414462903
prop_b[32],0.0085499027301575,0.0071219436,0.005903692109908342,0.0037593700349099987,0.00281801924,0.018846494999999994,1.0020301600144912,1663.8922206932787,2481.574485966534
prop_b[33],0.07028513255375,0.061977064,0.03425558994412267,0.025251161354999992,0.032907986,0.13734169599999996,1.0010622467374217,1613.766852668352,2325.330592925997
prop_b[34],0.021134115973225,0.0181801375,0.011886876595455665,0.0082580575371,0.008866754449999998,0.04291841599999998,1.0021295030569373,1719.2344515763782,2677.3726963399467
prop_b[35],0.01129461540555,0.00941434795,0.007565618534423771,0.00465721020765,0.0041958030399999995,0.024421121499999997,1.0031040029687737,1438.790570897088,2191.4499257184634
prop_b[36],0.108965014705,0.0992073985,0.04710713686786691,0.03803216373180001,0.0536680997,0.19909306249999997,1.001428627038017,1709.0406739854245,2546.8472442912957
prop_b[37],0.04859653837475,0.0429954945,0.023773335347731187,0.0182489423718,0.021804562799999996,0.09507231359999997,1.0016613188399461,1606.9684208840383,2094.0683828080023
prop_b[38],0.07112211218625,0.0644113835,0.03298552195459287,0.025846702501200004,0.03323884875,0.13290703849999996,1.0007183639874744,1750.0248647646947,2665.3298969926677
prop_b[39],0.30857209524,0.29472623,0.0886748941718357,0.08515977304800001,0.186306606,0.47610167299999995,0.9999581076455708,1580.41956215336,2670.804617917953
prop_b[40],0.17288716883225,0.160395285,0.0646698124174337,0.059905320320999995,0.0904408874,0.29491128749999995,1.001655043786448,1546.0226433950363,2545.7895112569113
prop_b[41],0.13209014731375,0.120591925,0.05333333929104926,0.04562384149469999,0.06693814440000001,0.23144328049999993,1.0019495140702965,1469.7718899319325,2425.8899280695323
prop_b[42],0.15235978762375,0.140408385,0.05918734185717987,0.05010039726299999,0.0802514317,0.2656811784999999,1.0030353290383738,1830.6410364427359,2426.107746103591
prop_b[43],0.2209842624175,0.20842903,0.07469236453897624,0.068177739063,0.1233387885,0.3606473194999999,1.0007877298276733,1753.1101136595585,2633.923573567332
prop_b[44],0.022202009367575,0.019207876999999998,0.012568602173972515,0.009112771247999998,0.009170942785,0.04554413314999998,1.0007683598261994,1601.3107003882958,2291.9076540007404
prop_b[45],0.0068928159470925,0.00575035585,0.004447184114663533,0.00290177526156,0.002517960535,0.015137352599999989,1.001625704095092,2088.812211308492,2584.192052066193
prop_b[46],0.037295793493825,0.03254106,0.019438160149908616,0.015076680973199998,0.0159806948,0.07350271034999997,1.0015752735910184,1509.8411303940181,2608.9864469446147
prop_b[47],0.024308371605975,0.021315967499999998,0.012733751418618084,0.009549832832399996,0.0105331436,0.04878639189999995,1.0004175534415924,1524.0286562262866,2660.658065750068
prop_b[48],0.022803822040525,0.019437882,0.013368500274375082,0.0094513555752,0.0087430116,0.048744809699999996,1.001739122178043,1316.7390990814968,2548.9620421694035
prop_e[1],0.3171316502275,0.317172405,0.011656206498924727,0.011499438489000018,0.29753119699999997,0.336192936,1.008240333322295,814.2623089382915,2084.910387693481
prop_e[2],0.6279578860325,0.628293465,0.015251983618989015,0.015195286008000032,0.602763057,0.6524344974999999,1.0020924118581647,1097.492392412969,2029.3034645742791
prop_e[3],0.1514993939275,0.151468375,0.006422766687769428,0.006328403969999989,0.14084343949999997,0.1623482465,1.00883618822642,630.2670881266037,1457.0859583725576
prop_e[4],0.334477922605,0.334642285,0.011712488686858412,0.011669433405,0.31499051999999994,0.35320072649999995,1.0009860943715796,881.9512814620142,1620.0125417053112
prop_e[5],0.1547203970875,0.15453166499999998,0.006396999965178425,0.00623085630300004,0.1443952725,0.16546841700000003,1.0088323889570627,687.929352330386,2202.5549002396137
prop_e[6],0.31168860418,0.31176795,0.011847100275527645,0.011853950388000035,0.2923262245,0.33112521899999997,1.0035061436678299,1085.9411121526239,2270.6002632759273
prop_e[7],0.167373174175,0.16744408500000002,0.007529300451487417,0.007345563939000009,0.15483437849999998,0.17960781550000002,1.0041887786378125,960.8754946881393,2047.7721449616233
prop_e[8],0.1326705768275,0.13253949999999998,0.005401731678275015,0.005350614443999986,0.124031857,0.141581552,1.0134507506189852,542.2371167022787,1574.2135946578096
prop_e[9],0.11587519838975,0.11589495999999999,0.004880861914933781,0.004767552342000005,0.107884314,0.12412011249999998,1.0127465839517393,442.61436067202345,1031.5332219148804
prop_e[10],0.21121659418,0.211020145,0.008697590936845091,0.008843597805000014,0.197055255,0.225950304,1.0044212544734967,1146.8560326233674,2289.1277527871116
prop_e[11],0.1559166008175,0.15581556000000002,0.00652947783922598,0.006639334842000046,0.1453336425,0.1667650775,1.0067054636416761,700.6567411299382,1571.7101189597006
prop_e[12],0.14798198157,0.14791799,0.006212281095878216,0.006088348790999992,0.13766335200000002,0.158210085,1.0085698286676128,578.7231452759648,1710.308857083967
prop_e[13],0.15096063175925,0.15219766,0.025167606554878114,0.02575417788300001,0.1073145695,0.1895478065,1.002203549491802,1979.6403344514113,3121.312176125428
prop_e[14],0.14012667779,0.140194995,0.006492211914578305,0.006244607418000004,0.12961109499999998,0.15070319850000002,1.0112897187033092,552.7726363479676,1954.0059761095804
prop_e[15],0.2052743010075,0.20506754500000002,0.008607904167825694,0.008666063867999988,0.19141916050000002,0.219549271,1.0046860135286426,977.7131354617637,2191.312223392968
prop_e[16],0.332963223745,0.33291883,0.011174088433600926,0.011179419279000033,0.3147918905,0.3513484235,1.0026137761526868,987.2733447016817,1834.729507911917
prop_e[17],0.3331953857625,0.336471325,0.0265831276738349,0.023208205272000012,0.2846288125,0.36992254049999995,1.0014615544451988,1562.170478868394,2630.7439739588544
prop_e[18],0.1276166348025,0.12755176000000001,0.00563447503954948,0.005663339261999994,0.118338788,0.13683724,1.0088945549178154,1171.606622477435,2554.3459715332515
prop_e[19],0.223137473915,0.223234345,0.008685787682418743,0.008771350706999997,0.208662072,0.237069692,1.0052851981360098,931.6596635809492,2073.5401788095483
prop_e[20],0.195753028325,0.195796375,0.008884702189016415,0.008891300460000006,0.1813098355,0.21011407499999998,1.0019536057158906,1326.7431964333496,1874.0021172010831
prop_e[21],0.4814244397975,0.48542644999999995,0.028648132772320874,0.02479526185499997,0.428197931,0.520138515,1.0023955945644307,1548.786607579307,2679.172892534224
prop_e[22],0.09076956375225,0.091318504,0.006455831372006226,0.005926861033800006,0.07983470670000001,0.100421438,1.0005125625440676,1223.6029735262446,2273.4525843283254
prop_e[23],0.220324514035,0.22041302499999998,0.010786302190704474,0.010599144464999984,0.202556348,0.23784045,1.0029802097685454,1341.1812583877534,2682.1137623607065
prop_e[24],0.2434005067425,0.245466135,0.019410183813658652,0.017234224245000006,0.209092546,0.2709140705,1.0016068881086568,1828.8067365347747,2595.845921621641
prop_e[25],0.6815690269375,0.681876595,0.0178156801426494,0.017919170618999936,0.652565572,0.7105650295,1.0030032180264752,1266.7260716256199,1938.7214953809587
prop_e[26],0.11672527768125,0.116558875,0.005122140839745078,0.005049883860000003,0.10841398999999999,0.12541631799999997,1.0075452170674257,565.3720229892306,1687.4752793060416
prop_e[27],0.248139350905,0.24937233,0.015357769896694809,0.014450902200000008,0.220950675,0.270251918,1.0008841081243347,1471.2905986099306,2736.0592483508076
prop_e[28],0.4564721669825,0.457405905,0.016674561397591336,0.016409327844000038,0.4282640925,0.4819523675,1.0016254978819803,1491.3181850035805,2789.6155708961974
prop_e[29],0.56809883701,0.5685686999999999,0.015684783046852092,0.016187612426999953,0.5423750155,0.5934184170000001,1.0046253781606371,1036.5684887683938,2322.3349796185557
prop_e[30],0.094685948013,0.094648188,0.0040403107955308565,0.004027141902,0.0881471867,0.101440623,1.014248903092315,379.59242775740074,1333.8657791907629
prop_e[31],0.2882808942475,0.28819939,0.011728339457915595,0.011618446791000008,0.269157058,0.307876245,1.0025419838218446,939.9229268592395,2479.087560772104
prop_e[32],0.6227396960725,0.62323008,0.016575254765787327,0.016366451051999933,0.5949255085,0.6498951865,1.0004239508077968,1805.015886617782,3182.3440778522163
prop_e[33],0.1529766896175,0.15326269,0.0081564893849601465,0.007468286154,0.13927700549999997,0.165642554,1.006957875058685,1230.2066116007852,2483.6394815573785
prop_e[34],0.13910200805,0.138988265,0.006016776324680323,0.006109446188999997,0.129472295,0.14907401699999998,1.0059072716182849,958.0762949747077,2000.5481167044386
prop_e[35],0.3825249044075,0.382409675,0.013285782800292995,0.013428212132999977,0.3608309485,0.40413087150000004,1.0023150936215863,944.4617500091781,2259.2359228099995
prop_e[36],0.2102918347975,0.2112262,0.013852978185875173,0.012539741843999995,0.18521632,0.23096491649999998,1.002108960237925,1595.0347038757238,2419.596915482565
prop_e[37],0.07840000362875,0.07828987849999999,0.004028807103442648,0.003973239755100019,0.071838071,0.08510982865,1.0018985309456692,1142.616042174492,2347.3578969299288
prop_e[38],0.1353615686035,0.13549393,0.007886067651366707,0.007745450811000011,0.12237313550000001,0.147915462,1.0033636101829029,1126.3092632680077,2495.3250722869993
prop_e[39],0.2331647561725,0.236898975,0.030612000421964984,0.029335057185000027,0.17650103350000002,0.2766663655,0.9994573966295581,1560.427186081344,2675.5519397637436
prop_e[40],0.2300233347,0.23227588,0.019878444858169034,0.018681790407000014,0.194427452,0.2589829125,1.002420863011009,1475.5913337371157,2494.3345645365707
prop_e[41],0.3020208127475,0.303936235,0.02166002247828648,0.019984091421,0.26389326599999996,0.33408862549999996,1.0042006338608493,1408.7754567432958,2498.763146979853
prop_e[42],0.2015996628675,0.20309397499999998,0.01608957006286217,0.014343413700000003,0.172067973,0.224840633,1.0052044436231606,1420.662022564695,2431.9156010969637
prop_e[43],0.4093957750725,0.41490921999999997,0.040683149543228596,0.037978036971000044,0.3338718375,0.465577062,1.0010959349385493,1696.699932762959,2519.84980351158
prop_e[44],0.489513295095,0.489641645,0.01641902870861404,0.016776226866000037,0.46273947,0.5158702155,1.0045219994190437,1186.3676908284144,2192.8191430438196
prop_e[45],0.3147351579775,0.31482933999999996,0.011762747588069092,0.01180783411500003,0.29567588799999994,0.333922006,1.0018948013932298,1207.552509149026,2272.574770070243
prop_e[46],0.3411835842475,0.34118826,0.01516667429736904,0.01496234730899997,0.31667440049999995,0.36570505299999995,1.0016223770139605,1064.3393250905474,2049.2461203669554
prop_e[47],0.2405888308025,0.24056650499999999,0.010421712593543882,0.01054124152200003,0.2238763095,0.2580123145,1.0035559250212802,1126.3137513332342,1849.0050762005521
prop_e[48],0.612250334625,0.61226128,0.018765063841006888,0.0186782173409999,0.5817491604999999,0.6424564615,1.001039072056738,1548.645446300767,2394.9853381452795
