variable,mean,median,sd,mad,q5,q95,rhat,ess_bulk,ess_tail
lp__,-61611.82385675,-61618.522,291.72956888931697,289.92465389999666,-62082.47439999999,-61131.16945,1.0018318894606462,847.5776807880867,1599.813514921296
nu,5.693187205625,5.69392925,0.0831728246921948,0.08302989953999962,5.556858405000001,5.83051981,1.0010581333616437,2165.6883520227957,2951.26724754968
lambda_a_diag[1],0.62226134258,0.622009755,0.01829157985006714,0.018384254826000025,0.5928856339999999,0.653247811,1.0168681014211933,358.87661555562755,1007.5095410833806
lambda_a_diag[2],0.43353630595,0.43305474,0.016451531658464157,0.016749206480999982,0.4068365065,0.4611130925,1.0339926080106607,101.42671592993725,451.03097423579834
lambda_a_free[1],0.32430011401250003,0.32439737,0.02088048593006558,0.02071613258399998,0.289829594,0.358541974,1.0727816301845712,40.045400404071394,55.90843321292718
lambda_a_free[2],0.73885350444,0.738869655,0.018954861717574364,0.018630722250000002,0.707306741,0.7695212275,1.014582253371078,307.7471477100782,882.6536926355827
lambda_a_free[3],0.435295166205,0.435430785,0.026663145394329475,0.025921392923999996,0.389895485,0.47910114649999996,1.087822341049806,35.680175315019795,38.50715872322822
lambda_a_free[4],0.761316597665,0.7610697049999999,0.020168319489037165,0.020332658094000103,0.7278600035,0.7940575424999999,1.038585956966548,189.4776102060378,661.4185291443206
lambda_a_free[5],0.3239363178,0.323045445,0.02723194829975074,0.027456699354000032,0.2804039715,0.36875553149999996,1.0406022186966928,78.9512960246824,182.95544684291636
lambda_a_free[6],-0.569002156585,-0.56819551,0.026876491827893843,0.026879137697999933,-0.6153427964999999,-0.526298385,1.0557780519538464,58.4377734461916,167.62591769019312
lambda_a_free[7],-0.68943492852,-0.68938353,0.025607019978222904,0.025298589729000006,-0.731445759,-0.6470461949999999,1.0544225876487898,56.430605549131506,106.10371626350607
lambda_a_free[8],-0.8847642908775,-0.88488839,0.019748323313912606,0.019755341067,-0.91646554,-0.8522027655000001,1.0358698837008182,102.60398265457567,219.6508314611967
lambda_a_free[9],0.2617502939225,0.26215115499999997,0.03033535655185059,0.030054110772000008,0.210317785,0.31081086500000005,1.0755090891754662,41.52077560027817,51.9163103808953
lambda_a_free[10],-0.713904973265,-0.7137656800000001,0.021875188254390915,0.021288290162999917,-0.749757082,-0.6779076805,1.0337389646084687,107.50256243040262,319.26577000442165
lambda_a_free[11],-0.8242311074274999,-0.82440497,0.019456802694945246,0.019236764652000006,-0.855877426,-0.792472561,1.0212660725940519,187.3559654619077,511.32695918382876
lambda_a_free[12],0.2899410629825,0.2904761,0.02228397062571092,0.021760624283999976,0.251891821,0.326217825,1.0768324784468084,41.58916815317332,47.52477495755636
lambda_a_free[13],-0.79313048755,-0.793361805,0.022075813232756116,0.022542829218000007,-0.828768309,-0.757093322,1.0474309726647488,72.94986954807668,178.2630381092766
lambda_a_free[14],-0.626872311955,-0.62627553,0.023024328387010812,0.022795167737999937,-0.665869751,-0.5890668124999999,1.0428121451417574,77.58952244598092,373.2399629071199
lambda_a_free[15],0.4497923445025,0.45010519000000004,0.027233028155681113,0.026612877564000045,0.402946259,0.494976499,1.0807396223908972,35.56162300002331,51.6054958950881
lambda_a_free[16],0.04024824849630701,0.040484652499999996,0.026002963510442637,0.0259569352938,-0.004027514594999998,0.08139801134999997,1.057993425021555,66.40722940537175,67.69505535691866
lambda_a_free[17],0.3305047585275,0.331243265,0.02920922198488838,0.029486430644999975,0.281246715,0.37774821599999997,1.063371458013439,67.07268237457528,75.08520552792325
lambda_a_free[18],0.46441275191500003,0.464699845,0.03000250427259117,0.02933905279199998,0.4117008505,0.5134501275,1.0887572666943595,33.77794517842529,39.45499330950875
lambda_a_free[19],-0.536717097215,-0.5372488099999999,0.021164246474125122,0.021743989511999923,-0.570686565,-0.5017637665,1.0161121497627479,417.8314577271538,1335.6947463779338
lambda_a_free[20],-0.07193630206601574,-0.0719987735,0.023999643760951293,0.023989648149599994,-0.1120437235,-0.032790651200000014,1.0536640017999963,61.93405844523765,89.59906220519262
lambda_a_free[21],0.623362873395,0.6229065300000001,0.026487505625890213,0.02674415438100016,0.580099223,0.6675553934999999,1.0722130863147181,52.439933101133036,59.071819000468906
lambda_a_free[22],0.3198815713375,0.320123685,0.026187628042389773,0.025757765774999993,0.275481182,0.3624549655,1.069659046202384,39.49203853224153,131.4455455839037
lambda_a_free[23],0.33826309207,0.33776084,0.023387018942577588,0.022964940264,0.30052591100000003,0.37697966199999994,1.0577018687667568,52.14200196838094,86.65360244922701
lambda_a_free[24],-0.306600941375,-0.30633259,0.017642117176618323,0.017870244818999972,-0.3354082265,-0.27771688050000004,1.0042071017991874,1163.0863624778294,2314.7140819238284
lambda_a_free[25],0.7811663136575,0.78147203,0.01864445665841978,0.019115487971999974,0.7501590945,0.8124540969999999,1.0287043630241723,214.4583671259593,535.1199749635429
lambda_a_free[26],0.4963582673625,0.49661354999999996,0.021664896439151628,0.021885651941999963,0.46159089,0.5319968509999999,1.0210594727117854,335.64056962862213,1008.7500717595515
lambda_a_free[27],-0.5049081292100001,-0.5049609399999999,0.019331939717305797,0.019464921966000154,-0.537294493,-0.47354929300000004,1.0148704006251859,458.63457054269435,1168.8572313588743
lambda_a_free[28],-0.5161723783475,-0.51603523,0.017220236694850875,0.017557905476999893,-0.544873778,-0.488375623,1.0394900036684283,120.9740707623277,320.88107381277877
lambda_a_free[29],-0.891526731675,-0.891460755,0.01807286853257853,0.017680894560000052,-0.920926858,-0.8617005925,1.0395179096942007,175.2239632676054,450.1552594241694
lambda_a_free[30],-0.17768465258725,-0.177568565,0.026396165633692306,0.026452623329999977,-0.2215023875,-0.13494164150000001,1.022555894875916,160.6976405736566,355.6982795652871
lambda_a_free[31],0.176821174349,0.176956375,0.02244016552607051,0.022287347586,0.13952133849999998,0.213721027,1.0357435327881792,99.31875058211519,152.50661245546846
lambda_a_free[32],-0.7937476806225,-0.793873065,0.018781583001167324,0.018603056933999995,-0.8251630974999999,-0.7628259544999999,1.0260663975221465,237.86715742628897,719.8408959291847
lambda_a_free[33],-0.706538324645,-0.70679521,0.023294586995780135,0.02286694040400002,-0.7445500805,-0.6672097265,1.0671418099838357,58.9328386066308,75.14118342569596
lambda_a_free[34],-0.6260028890175,-0.6261974,0.021244405189330382,0.02076645944100003,-0.6609430300000001,-0.5905676409999999,1.0627981153541446,61.68219297352043,89.25303610633021
lambda_a_free[35],-0.4142783781875,-0.413807495,0.022857050663397157,0.022868652807000022,-0.45220876449999997,-0.37727947850000004,1.013727980031241,430.8961127090939,1196.579964212245
lambda_a_free[36],0.73388580129,0.73425593,0.023368849029744378,0.022968869154000027,0.6949783329999999,0.7719286734999999,1.0645451827117307,102.0070644635525,97.80648877061601
lambda_a_free[37],0.186525340613,0.18623011,0.028125544709305676,0.028215219753,0.14123213199999998,0.23341880549999997,1.0683666734335688,44.0915949459554,85.46263941260456
lambda_a_free[38],0.5239919561525,0.52394584,0.015547346975480752,0.015939017471999987,0.4983630905,0.5496109579999999,1.0165140594312152,417.45094093877697,1494.1061053341052
lambda_a_free[39],0.443725702665,0.44267836,0.02111020117862385,0.021040139988000004,0.40983251249999997,0.4787532875,1.0113270998861275,324.10166877015934,1031.1255747198534
lambda_a_free[40],-0.2549660777775,-0.25502162500000003,0.02002574689276285,0.02004595290600001,-0.28749675,-0.222519947,1.0038443817292702,670.5083105195421,1592.531540351358
lambda_a_free[41],-0.492961278335,-0.492482025,0.021610572340907658,0.021912998499000056,-0.5293232194999999,-0.45824707400000003,1.0260395299210534,200.42868619035164,1009.9946015574025
lambda_a_free[42],-0.49713791339,-0.49736984500000003,0.016823101461470383,0.01714199911199993,-0.524380078,-0.469889486,1.0188438005650293,376.54301799569066,1380.909887124387
lambda_a_free[43],-0.4338528877925,-0.433989825,0.019763741568512926,0.01925617929900003,-0.4663651715,-0.40115181750000006,1.0179015251709551,198.84940309665532,491.550718756139
lambda_a_free[44],-0.5809122253475,-0.58104061,0.022219501739949948,0.022202639235000023,-0.6172846395,-0.5447467915,1.046709701941809,106.1623187659206,146.06504754998022
lambda_a_free[45],0.1714712625775,0.171684585,0.02247114395013519,0.022657137678,0.135031076,0.2087605445,1.0066921438972083,703.202402690828,1764.8324649060962
lambda_a_free[46],0.4727329877525,0.47264180499999997,0.023557066643412547,0.023774981012999945,0.43421560750000004,0.511177432,1.0274781096842072,218.80361562586012,402.4035778065278
lambda_a_free[47],-0.1607809813935,-0.16068763,0.019559946931806637,0.019645576776,-0.192438551,-0.1282368865,1.0084486173824896,1201.4827606898468,2651.5932263160435
lambda_a_free[48],-0.03716339142571925,-0.037627376000000004,0.02425944997716773,0.024160500749699998,-0.0762303966,0.0037221439149999953,1.0599249975409346,50.56192255776786,66.78558226295728
lambda_a_free[49],0.6126869802125,0.61226549,0.019289047419307682,0.019998257664000076,0.582018104,0.6451265764999999,1.0515308845675526,62.28430222818902,187.33087921129146
lambda_a_free[50],0.2088519810775,0.208479325,0.02498538897969672,0.02450130675300001,0.1689961905,0.2525468855,1.0646824527217502,50.5113029418295,46.158154551683666
lambda_a_free[51],-0.466474953415,-0.46645375,0.023173625633000836,0.023061961607999996,-0.5045781,-0.42729621650000005,1.0208140585702048,251.76316505866677,364.6406768234508
lambda_a_free[52],0.559522936455,0.55987375,0.023002391238486606,0.02293001762100011,0.521419526,0.596378746,1.057745910433435,48.02535431789417,70.62826137937391
lambda_a_free[53],0.5107497880575,0.51188553,0.023649997891793072,0.023919171276000014,0.47007850450000005,0.5479675405000001,1.0692444903925067,39.700887574821145,49.86168417390943
lambda_a_free[54],0.2568438186675,0.258558665,0.025655307047541098,0.025052418825,0.2129134475,0.296637147,1.0891549134558802,32.32790177896456,28.638790005025363
lambda_a_free[55],0.6715029489625,0.67168748,0.02094288257936228,0.021094744146000027,0.6371998105,0.706326236,1.0155995989395503,308.4171075541795,1039.0165441400711
lambda_a_free[56],0.3191771322,0.31956223,0.025080866132188722,0.025557377559,0.27758676600000004,0.359176605,1.0656828214522496,42.65707504483756,98.09452413645096
lambda_a_free[57],0.114794625562,0.115761215,0.025878968390289643,0.026046109236000006,0.07128205474999999,0.1563281715,1.0688532758285905,42.29118263951569,46.30759227349879
lambda_a_free[58],0.4949447053575,0.49459142,0.015839802749586577,0.016307791982999986,0.469493208,0.5213136415,1.0283261109695667,194.0822258237013,511.634815606194
lambda_a_free[59],0.3839479773225,0.385090445,0.023954643207542977,0.024270139761000006,0.34303286450000003,0.4221551425,1.071153540096892,41.19887092688294,33.713667641244484
lambda_a_free[60],0.37632617378,0.37675962,0.02280444873441339,0.02292265651199999,0.33858107750000005,0.41272972950000003,1.0590043968141514,49.653079941285505,71.6454654438609
lambda_a_free[61],0.6090676300275,0.60881561,0.020161196044336138,0.02023586655299998,0.576675654,0.642599601,1.0493294283986532,63.13391815675344,287.13864719734147
lambda_a_free[62],0.54669517353,0.546453555,0.017820536197730944,0.017960965112999997,0.517893584,0.5759502655,1.0032709446756045,1078.60388631364,2162.545537448703
lambda_a_free[63],0.5721773637875,0.571848415,0.023536785777056764,0.02284236630899999,0.533542142,0.6126133145,1.0172625332009981,364.38195867819445,929.3907299623344
lambda_a_free[64],0.7050168827875,0.704964635,0.020476141187822244,0.020648726174999944,0.672024309,0.7398122494999999,1.051329547107105,60.199033096925035,253.18656565697341
lambda_a_free[65],0.0645602245853175,0.06455137,0.025281099691182984,0.0242945826459,0.02288638375,0.10633058449999999,1.0416515960601491,98.38249772211597,176.09133082065497
lambda_a_free[66],0.47277288077,0.472265265,0.017147405435178523,0.016958838708000006,0.44497360150000004,0.5014001084999999,1.004997306181913,1064.454400608951,2145.838276939251
lambda_a_free[67],0.53530564967,0.53477606,0.02383892688193652,0.023994376160999933,0.4968188435,0.57538751,1.0553693179507793,66.28881227783036,230.57324958144287
lambda_a_free[68],0.5221433079125,0.52166086,0.02122597250540733,0.021040881288000066,0.48835774800000004,0.557155777,1.0139458290421905,313.16800437726437,1177.8562233883072
lambda_a_free[69],0.4351742174725,0.43449569499999996,0.02043086362318889,0.020701343648999986,0.40216373149999995,0.46936657550000005,1.0296657076636302,178.5331756861824,768.5142522637553
lambda_a_free[70],0.024447511666385376,0.024684846,0.018266311424108395,0.018510682799699998,-0.006251040409999998,0.05445519555,1.0224406663338574,185.11652820347962,486.4523290548991
lambda_a_free[71],0.12510904579625,0.12433282500000001,0.02440000147002979,0.02438810283000002,0.08596045445,0.1667798005,1.0800823760038019,33.46271055271903,38.982784848838996
lambda_a_free[72],0.2206007374425,0.21975350999999999,0.02348278216468073,0.023817116504999968,0.183242766,0.2608261345,1.0349290469104742,108.43563088265856,560.5151750533905
lambda_a_free[73],-0.1353687700595,-0.13554163000000002,0.022295918542114223,0.022404888114000033,-0.172209031,-0.09871907850000002,1.024959594007156,138.9441618192136,369.3725948185593
lambda_a_free[74],-0.21526779083,-0.215233645,0.019317947903338524,0.01914465812699999,-0.248026363,-0.18403518,1.05414204799534,55.84477677054896,105.61158133975617
lambda_a_free[75],-0.10590238110175,-0.10500557499999999,0.026042379228277283,0.025941508840800005,-0.150408884,-0.06424685985,1.081218587803564,36.844143589607356,34.279741426207224
lambda_a_free[76],0.3812259452125,0.38137291500000003,0.022920022650581944,0.02229803713199993,0.343230692,0.418585663,1.0075193451942706,979.079346900514,1603.2423188012272
lambda_a_free[77],0.3841488381475,0.38433624,0.018028150294960785,0.017904055511999993,0.35440958300000003,0.41394605999999995,1.00505332921489,712.6702494658628,2180.052734122629
lambda_a_free[78],-0.160873381396,-0.160437735,0.02441568638399657,0.024693384995999993,-0.202172926,-0.12142582600000001,1.0671881020765963,44.67236966545007,59.329638293100125
lambda_a_free[79],-0.4258866531975,-0.42567794999999997,0.024150186675562513,0.024994182296999994,-0.46602893199999995,-0.38725630699999997,1.0486029319743784,71.07672732967184,101.16148029608144
lambda_a_free[80],-0.3578316348225,-0.35728883,0.022353453314170758,0.022588374689999982,-0.396374027,-0.32273640750000004,1.0629368937653911,50.22805943114632,103.94195732937376
lambda_a_free[81],0.1555909295775,0.155709705,0.025001544431487492,0.024961016535,0.113970976,0.195972638,1.023092106939865,282.78696270655774,755.5562640640889
lambda_a_free[82],0.40225282236,0.40138295,0.02560423086699633,0.025383438926999995,0.36105431849999997,0.446458423,1.0663569517484728,50.304487761641184,58.08161502434106
lambda_a_free[83],-0.5470611452325,-0.5469305,0.021063359139930855,0.020106539355000074,-0.582175467,-0.5116636050000001,1.0070562996224075,478.6979042313304,1037.5095237613523
lambda_a_free[84],0.03281334884251445,0.0323719825,0.019230705881448915,0.0191055656715,0.0025767878600000006,0.06577711714999998,1.0446889577086216,72.85961198661563,72.27752500668805
lambda_a_free[85],-0.203201229595,-0.203272445,0.02240781434720708,0.022553882001000013,-0.240766694,-0.16641152450000002,1.0358688886556637,121.07331959912416,551.2154721797895
lambda_a_free[86],-0.018770918348181377,-0.018728837499999998,0.021262645415357752,0.021731231590739995,-0.0537836169,0.016104454099999974,1.0112813775630725,399.8828264577283,844.4421673792737
lambda_a_free[87],0.184380970155,0.184865245,0.023108536551950005,0.023467941966,0.14467452449999998,0.22132663600000002,1.0244635221585459,168.6978158897193,193.6556723266297
lambda_a_free[88],-0.11689884042274999,-0.11649079500000001,0.02023564133740298,0.020124426923999978,-0.149872063,-0.08380639255000001,1.0508289546549532,55.47894445010666,128.7585656311077
lambda_a_free[89],0.20572677059,0.20548387499999998,0.02043628979004096,0.020682084675,0.172225034,0.2398325015,1.0380876170108304,80.89781011230681,189.73955308385135
lambda_a_free[90],-0.320353309435,-0.31999124,0.02377569479744198,0.024187128986999994,-0.36074151499999996,-0.2817709765,1.0442477055665569,81.42416618573176,128.09719214578882
lambda_a_free[91],-0.1360430218195,-0.135754015,0.02379147653527554,0.024272067140999998,-0.17499809049999998,-0.0966099993,1.0019518219864132,728.3225028293363,1487.985059349089
lambda_a_free[92],0.3002034645325,0.29980747500000005,0.0247474310493377,0.02453355330299999,0.25897697049999996,0.34071601700000004,1.0385958228251324,106.31028022987715,200.4072461050414
lambda_a_free[93],-0.1170215644505,-0.11686759999999999,0.019147485991127974,0.019546894919999988,-0.148444904,-0.08602330740000001,1.0039074720540409,1028.5640281786978,2687.90264145678
"Lambda_a[1,1]",0.62226134258,0.622009755,0.01829157985006714,0.018384254826000025,0.5928856339999999,0.653247811,1.0168681014211933,358.87661555562755,1007.5095410833806
"Lambda_a[2,1]",0.32430011401250003,0.32439737,0.02088048593006558,0.02071613258399998,0.289829594,0.358541974,1.0727816301845712,40.045400404071394,55.90843321292718
"Lambda_a[3,1]",0.73885350444,0.738869655,0.018954861717574364,0.018630722250000002,0.707306741,0.7695212275,1.014582253371078,307.7471477100782,882.6536926355827
"Lambda_a[4,1]",0.435295166205,0.435430785,0.026663145394329475,0.025921392923999996,0.389895485,0.47910114649999996,1.087822341049806,35.680175315019795,38.50715872322822
"Lambda_a[5,1]",0.761316597665,0.7610697049999999,0.020168319489037165,0.020332658094000103,0.7278600035,0.7940575424999999,1.038585956966548,189.4776102060378,661.4185291443206
"Lambda_a[6,1]",0.3239363178,0.323045445,0.02723194829975074,0.027456699354000032,0.2804039715,0.36875553149999996,1.0406022186966928,78.9512960246824,182.95544684291636
"Lambda_a[7,1]",-0.569002156585,-0.56819551,0.026876491827893843,0.026879137697999933,-0.6153427964999999,-0.526298385,1.0557780519538464,58.4377734461916,167.62591769019312
"Lambda_a[8,1]",-0.68943492852,-0.68938353,0.025607019978222904,0.025298589729000006,-0.731445759,-0.6470461949999999,1.0544225876487898,56.430605549131506,106.10371626350607
"Lambda_a[9,1]",-0.8847642908775,-0.88488839,0.019748323313912606,0.019755341067,-0.91646554,-0.8522027655000001,1.0358698837008182,102.60398265457567,219.6508314611967
"Lambda_a[10,1]",0.2617502939225,0.26215115499999997,0.03033535655185059,0.030054110772000008,0.210317785,0.31081086500000005,1.0755090891754662,41.52077560027817,51.9163103808953
"Lambda_a[11,1]",-0.713904973265,-0.7137656800000001,0.021875188254390915,0.021288290162999917,-0.749757082,-0.6779076805,1.0337389646084687,107.50256243040262,319.26577000442165
"Lambda_a[12,1]",-0.8242311074274999,-0.82440497,0.019456802694945246,0.019236764652000006,-0.855877426,-0.792472561,1.0212660725940519,187.3559654619077,511.32695918382876
"Lambda_a[13,1]",0.2899410629825,0.2904761,0.02228397062571092,0.021760624283999976,0.251891821,0.326217825,1.0768324784468084,41.58916815317332,47.52477495755636
"Lambda_a[14,1]",-0.79313048755,-0.793361805,0.022075813232756116,0.022542829218000007,-0.828768309,-0.757093322,1.0474309726647488,72.94986954807668,178.2630381092766
"Lambda_a[15,1]",-0.626872311955,-0.62627553,0.023024328387010812,0.022795167737999937,-0.665869751,-0.5890668124999999,1.0428121451417574,77.58952244598092,373.2399629071199
"Lambda_a[16,1]",0.4497923445025,0.45010519000000004,0.027233028155681113,0.026612877564000045,0.402946259,0.494976499,1.0807396223908972,35.56162300002331,51.6054958950881
"Lambda_a[17,1]",0.04024824849630701,0.040484652499999996,0.026002963510442637,0.0259569352938,-0.004027514594999998,0.08139801134999997,1.057993425021555,66.40722940537175,67.69505535691866
"Lambda_a[18,1]",0.3305047585275,0.331243265,0.02920922198488838,0.029486430644999975,0.281246715,0.37774821599999997,1.063371458013439,67.07268237457528,75.08520552792325
"Lambda_a[19,1]",0.46441275191500003,0.464699845,0.03000250427259117,0.02933905279199998,0.4117008505,0.5134501275,1.0887572666943595,33.77794517842529,39.45499330950875
"Lambda_a[20,1]",-0.536717097215,-0.5372488099999999,0.021164246474125122,0.021743989511999923,-0.570686565,-0.5017637665,1.0161121497627479,417.8314577271538,1335.6947463779338
"Lambda_a[21,1]",-0.07193630206601574,-0.0719987735,0.023999643760951293,0.023989648149599994,-0.1120437235,-0.032790651200000014,1.0536640017999963,61.93405844523765,89.59906220519262
"Lambda_a[22,1]",0.623362873395,0.6229065300000001,0.026487505625890213,0.02674415438100016,0.580099223,0.6675553934999999,1.0722130863147181,52.439933101133036,59.071819000468906
"Lambda_a[23,1]",0.3198815713375,0.320123685,0.026187628042389773,0.025757765774999993,0.275481182,0.3624549655,1.069659046202384,39.49203853224153,131.4455455839037
"Lambda_a[24,1]",0.33826309207,0.33776084,0.023387018942577588,0.022964940264,0.30052591100000003,0.37697966199999994,1.0577018687667568,52.14200196838094,86.65360244922701
"Lambda_a[25,1]",-0.306600941375,-0.30633259,0.017642117176618323,0.017870244818999972,-0.3354082265,-0.27771688050000004,1.0042071017991874,1163.0863624778294,2314.7140819238284
"Lambda_a[26,1]",0.7811663136575,0.78147203,0.01864445665841978,0.019115487971999974,0.7501590945,0.8124540969999999,1.0287043630241723,214.4583671259593,535.1199749635429
"Lambda_a[27,1]",0.4963582673625,0.49661354999999996,0.021664896439151628,0.021885651941999963,0.46159089,0.5319968509999999,1.0210594727117854,335.64056962862213,1008.7500717595515
"Lambda_a[28,1]",-0.5049081292100001,-0.5049609399999999,0.019331939717305797,0.019464921966000154,-0.537294493,-0.47354929300000004,1.0148704006251859,458.63457054269435,1168.8572313588743
"Lambda_a[29,1]",-0.5161723783475,-0.51603523,0.017220236694850875,0.017557905476999893,-0.544873778,-0.488375623,1.0394900036684283,120.9740707623277,320.88107381277877
"Lambda_a[30,1]",-0.891526731675,-0.891460755,0.01807286853257853,0.017680894560000052,-0.920926858,-0.8617005925,1.0395179096942007,175.2239632676054,450.1552594241694
"Lambda_a[31,1]",-0.17768465258725,-0.177568565,0.026396165633692306,0.026452623329999977,-0.2215023875,-0.13494164150000001,1.022555894875916,160.6976405736566,355.6982795652871
"Lambda_a[32,1]",0.176821174349,0.176956375,0.02244016552607051,0.022287347586,0.13952133849999998,0.213721027,1.0357435327881792,99.31875058211519,152.50661245546846
"Lambda_a[33,1]",-0.7937476806225,-0.793873065,0.018781583001167324,0.018603056933999995,-0.8251630974999999,-0.7628259544999999,1.0260663975221465,237.86715742628897,719.8408959291847
"Lambda_a[34,1]",-0.706538324645,-0.70679521,0.023294586995780135,0.02286694040400002,-0.7445500805,-0.6672097265,1.0671418099838357,58.9328386066308,75.14118342569596
"Lambda_a[35,1]",-0.6260028890175,-0.6261974,0.021244405189330382,0.02076645944100003,-0.6609430300000001,-0.5905676409999999,1.0627981153541446,61.68219297352043,89.25303610633021
"Lambda_a[36,1]",-0.4142783781875,-0.413807495,0.022857050663397157,0.022868652807000022,-0.45220876449999997,-0.37727947850000004,1.013727980031241,430.8961127090939,1196.579964212245
"Lambda_a[37,1]",0.73388580129,0.73425593,0.023368849029744378,0.022968869154000027,0.6949783329999999,0.7719286734999999,1.0645451827117307,102.0070644635525,97.80648877061601
"Lambda_a[38,1]",0.186525340613,0.18623011,0.028125544709305676,0.028215219753,0.14123213199999998,0.23341880549999997,1.0683666734335688,44.0915949459554,85.46263941260456
"Lambda_a[39,1]",0.5239919561525,0.52394584,0.015547346975480752,0.015939017471999987,0.4983630905,0.5496109579999999,1.0165140594312152,417.45094093877697,1494.1061053341052
"Lambda_a[40,1]",0.443725702665,0.44267836,0.02111020117862385,0.021040139988000004,0.40983251249999997,0.4787532875,1.0113270998861275,324.10166877015934,1031.1255747198534
"Lambda_a[41,1]",-0.2549660777775,-0.25502162500000003,0.02002574689276285,0.02004595290600001,-0.28749675,-0.222519947,1.0038443817292702,670.5083105195421,1592.531540351358
"Lambda_a[42,1]",-0.492961278335,-0.492482025,0.021610572340907658,0.021912998499000056,-0.5293232194999999,-0.45824707400000003,1.0260395299210534,200.42868619035164,1009.9946015574025
"Lambda_a[43,1]",-0.49713791339,-0.49736984500000003,0.016823101461470383,0.01714199911199993,-0.524380078,-0.469889486,1.0188438005650293,376.54301799569066,1380.909887124387
"Lambda_a[44,1]",-0.4338528877925,-0.433989825,0.019763741568512926,0.01925617929900003,-0.4663651715,-0.40115181750000006,1.0179015251709551,198.84940309665532,491.550718756139
"Lambda_a[45,1]",-0.5809122253475,-0.58104061,0.022219501739949948,0.022202639235000023,-0.6172846395,-0.5447467915,1.046709701941809,106.1623187659206,146.06504754998022
"Lambda_a[46,1]",0.1714712625775,0.171684585,0.02247114395013519,0.022657137678,0.135031076,0.2087605445,1.0066921438972083,703.202402690828,1764.8324649060962
"Lambda_a[47,1]",0.4727329877525,0.47264180499999997,0.023557066643412547,0.023774981012999945,0.43421560750000004,0.511177432,1.0274781096842072,218.80361562586012,402.4035778065278
"Lambda_a[48,1]",-0.1607809813935,-0.16068763,0.019559946931806637,0.019645576776,-0.192438551,-0.1282368865,1.0084486173824896,1201.4827606898468,2651.5932263160435
"Lambda_a[1,2]",0,0,0,0,0,0,NA,NA,NA
"Lambda_a[2,2]",0.43353630595,0.43305474,0.016451531658464157,0.016749206480999982,0.4068365065,0.4611130925,1.0339926080106607,101.42671592993725,451.03097423579834
"Lambda_a[3,2]",-0.03716339142571925,-0.037627376000000004,0.02425944997716773,0.024160500749699998,-0.0762303966,0.0037221439149999953,1.0599249975409346,50.56192255776786,66.78558226295728
"Lambda_a[4,2]",0.6126869802125,0.61226549,0.019289047419307682,0.019998257664000076,0.582018104,0.6451265764999999,1.0515308845675526,62.28430222818902,187.33087921129146
"Lambda_a[5,2]",0.2088519810775,0.208479325,0.02498538897969672,0.02450130675300001,0.1689961905,0.2525468855,1.0646824527217502,50.5113029418295,46.158154551683666
"Lambda_a[6,2]",-0.466474953415,-0.46645375,0.023173625633000836,0.023061961607999996,-0.5045781,-0.42729621650000005,1.0208140585702048,251.76316505866677,364.6406768234508
"Lambda_a[7,2]",0.559522936455,0.55987375,0.023002391238486606,0.02293001762100011,0.521419526,0.596378746,1.057745910433435,48.02535431789417,70.62826137937391
"Lambda_a[8,2]",0.5107497880575,0.51188553,0.023649997891793072,0.023919171276000014,0.47007850450000005,0.5479675405000001,1.0692444903925067,39.700887574821145,49.86168417390943
"Lambda_a[9,2]",0.2568438186675,0.258558665,0.025655307047541098,0.025052418825,0.2129134475,0.296637147,1.0891549134558802,32.32790177896456,28.638790005025363
"Lambda_a[10,2]",0.6715029489625,0.67168748,0.02094288257936228,0.021094744146000027,0.6371998105,0.706326236,1.0155995989395503,308.4171075541795,1039.0165441400711
"Lambda_a[11,2]",0.3191771322,0.31956223,0.025080866132188722,0.025557377559,0.27758676600000004,0.359176605,1.0656828214522496,42.65707504483756,98.09452413645096
"Lambda_a[12,2]",0.114794625562,0.115761215,0.025878968390289643,0.026046109236000006,0.07128205474999999,0.1563281715,1.0688532758285905,42.29118263951569,46.30759227349879
"Lambda_a[13,2]",0.4949447053575,0.49459142,0.015839802749586577,0.016307791982999986,0.469493208,0.5213136415,1.0283261109695667,194.0822258237013,511.634815606194
"Lambda_a[14,2]",0.3839479773225,0.385090445,0.023954643207542977,0.024270139761000006,0.34303286450000003,0.4221551425,1.071153540096892,41.19887092688294,33.713667641244484
"Lambda_a[15,2]",0.37632617378,0.37675962,0.02280444873441339,0.02292265651199999,0.33858107750000005,0.41272972950000003,1.0590043968141514,49.653079941285505,71.6454654438609
"Lambda_a[16,2]",0.6090676300275,0.60881561,0.020161196044336138,0.02023586655299998,0.576675654,0.642599601,1.0493294283986532,63.13391815675344,287.13864719734147
"Lambda_a[17,2]",0.54669517353,0.546453555,0.017820536197730944,0.017960965112999997,0.517893584,0.5759502655,1.0032709446756045,1078.60388631364,2162.545537448703
"Lambda_a[18,2]",0.5721773637875,0.571848415,0.023536785777056764,0.02284236630899999,0.533542142,0.6126133145,1.0172625332009981,364.38195867819445,929.3907299623344
"Lambda_a[19,2]",0.7050168827875,0.704964635,0.020476141187822244,0.020648726174999944,0.672024309,0.7398122494999999,1.051329547107105,60.199033096925035,253.18656565697341
"Lambda_a[20,2]",0.0645602245853175,0.06455137,0.025281099691182984,0.0242945826459,0.02288638375,0.10633058449999999,1.0416515960601491,98.38249772211597,176.09133082065497
"Lambda_a[21,2]",0.47277288077,0.472265265,0.017147405435178523,0.016958838708000006,0.44497360150000004,0.5014001084999999,1.004997306181913,1064.454400608951,2145.838276939251
"Lambda_a[22,2]",0.53530564967,0.53477606,0.02383892688193652,0.023994376160999933,0.4968188435,0.57538751,1.0553693179507793,66.28881227783036,230.57324958144287
"Lambda_a[23,2]",0.5221433079125,0.52166086,0.02122597250540733,0.021040881288000066,0.48835774800000004,0.557155777,1.0139458290421905,313.16800437726437,1177.8562233883072
"Lambda_a[24,2]",0.4351742174725,0.43449569499999996,0.02043086362318889,0.020701343648999986,0.40216373149999995,0.46936657550000005,1.0296657076636302,178.5331756861824,768.5142522637553
"Lambda_a[25,2]",0.024447511666385376,0.024684846,0.018266311424108395,0.018510682799699998,-0.006251040409999998,0.05445519555,1.0224406663338574,185.11652820347962,486.4523290548991
"Lambda_a[26,2]",0.12510904579625,0.12433282500000001,0.02440000147002979,0.02438810283000002,0.08596045445,0.1667798005,1.0800823760038019,33.46271055271903,38.982784848838996
"Lambda_a[27,2]",0.2206007374425,0.21975350999999999,0.02348278216468073,0.023817116504999968,0.183242766,0.2608261345,1.0349290469104742,108.43563088265856,560.5151750533905
"Lambda_a[28,2]",-0.1353687700595,-0.13554163000000002,0.022295918542114223,0.022404888114000033,-0.172209031,-0.09871907850000002,1.024959594007156,138.9441618192136,369.3725948185593
"Lambda_a[29,2]",-0.21526779083,-0.215233645,0.019317947903338524,0.01914465812699999,-0.248026363,-0.18403518,1.05414204799534,55.84477677054896,105.61158133975617
"Lambda_a[30,2]",-0.10590238110175,-0.10500557499999999,0.026042379228277283,0.025941508840800005,-0.150408884,-0.06424685985,1.081218587803564,36.844143589607356,34.279741426207224
"Lambda_a[31,2]",0.3812259452125,0.38137291500000003,0.022920022650581944,0.02229803713199993,0.343230692,0.418585663,1.0075193451942706,979.079346900514,1603.2423188012272
"Lambda_a[32,2]",0.3841488381475,0.38433624,0.018028150294960785,0.017904055511999993,0.35440958300000003,0.41394605999999995,1.00505332921489,712.6702494658628,2180.052734122629
"Lambda_a[33,2]",-0.160873381396,-0.160437735,0.02441568638399657,0.024693384995999993,-0.202172926,-0.12142582600000001,1.0671881020765963,44.67236966545007,59.329638293100125
"Lambda_a[34,2]",-0.4258866531975,-0.42567794999999997,0.024150186675562513,0.024994182296999994,-0.46602893199999995,-0.38725630699999997,1.0486029319743784,71.07672732967184,101.16148029608144
"Lambda_a[35,2]",-0.3578316348225,-0.35728883,0.022353453314170758,0.022588374689999982,-0.396374027,-0.32273640750000004,1.0629368937653911,50.22805943114632,103.94195732937376
"Lambda_a[36,2]",0.1555909295775,0.155709705,0.025001544431487492,0.024961016535,0.113970976,0.195972638,1.023092106939865,282.78696270655774,755.5562640640889
"Lambda_a[37,2]",0.40225282236,0.40138295,0.02560423086699633,0.025383438926999995,0.36105431849999997,0.446458423,1.0663569517484728,50.304487761641184,58.08161502434106
"Lambda_a[38,2]",-0.5470611452325,-0.5469305,0.021063359139930855,0.020106539355000074,-0.582175467,-0.5116636050000001,1.0070562996224075,478.6979042313304,1037.5095237613523
"Lambda_a[39,2]",0.03281334884251445,0.0323719825,0.019230705881448915,0.0191055656715,0.0025767878600000006,0.06577711714999998,1.0446889577086216,72.85961198661563,72.27752500668805
"Lambda_a[40,2]",-0.203201229595,-0.203272445,0.02240781434720708,0.022553882001000013,-0.240766694,-0.16641152450000002,1.0358688886556637,121.07331959912416,551.2154721797895
"Lambda_a[41,2]",-0.018770918348181377,-0.018728837499999998,0.021262645415357752,0.021731231590739995,-0.0537836169,0.016104454099999974,1.0112813775630725,399.8828264577283,844.4421673792737
"Lambda_a[42,2]",0.184380970155,0.184865245,0.023108536551950005,0.023467941966,0.14467452449999998,0.22132663600000002,1.0244635221585459,168.6978158897193,193.6556723266297
"Lambda_a[43,2]",-0.11689884042274999,-0.11649079500000001,0.02023564133740298,0.020124426923999978,-0.149872063,-0.08380639255000001,1.0508289546549532,55.47894445010666,128.7585656311077
"Lambda_a[44,2]",0.20572677059,0.20548387499999998,0.02043628979004096,0.020682084675,0.172225034,0.2398325015,1.0380876170108304,80.89781011230681,189.73955308385135
"Lambda_a[45,2]",-0.320353309435,-0.31999124,0.02377569479744198,0.024187128986999994,-0.36074151499999996,-0.2817709765,1.0442477055665569,81.42416618573176,128.09719214578882
"Lambda_a[46,2]",-0.1360430218195,-0.135754015,0.02379147653527554,0.024272067140999998,-0.17499809049999998,-0.0966099993,1.0019518219864132,728.3225028293363,1487.985059349089
"Lambda_a[47,2]",0.3002034645325,0.29980747500000005,0.0247474310493377,0.02453355330299999,0.25897697049999996,0.34071601700000004,1.0385958228251324,106.31028022987715,200.4072461050414
"Lambda_a[48,2]",-0.1170215644505,-0.11686759999999999,0.019147485991127974,0.019546894919999988,-0.148444904,-0.08602330740000001,1.0039074720540409,1028.5640281786978,2687.90264145678
psi_a[1],0.455143554895,0.455198275,0.013825495595189152,0.014324547615000016,0.433025309,0.478100112,1.0040080452183775,1223.4534027038646,2327.052862420883
psi_a[2],0.13298174324025,0.13439874000000002,0.02452032808138266,0.024462581241000002,0.09109709415,0.17067146049999998,1.0028631314724425,667.2682369307806,1231.5208254796405
psi_a[3],0.4554356995125,0.45517762500000003,0.011966128609313797,0.01218944794200002,0.436006562,0.475520132,1.0033267953585954,1143.5627419454454,2071.2479741085854
psi_a[4],0.17637285808,0.17637657499999998,0.015251618194281457,0.015066188612999982,0.15155419550000002,0.201589569,1.0065302086380363,578.1880552735491,1216.1158448313363
psi_a[5],0.4242097389475,0.42430661000000003,0.01093624674852363,0.01089451545,0.40609738100000004,0.44262762250000004,1.0015748697417912,1443.0640970515954,2476.534976675969
psi_a[6],0.6164730521975,0.6158445100000001,0.01584451600670863,0.01590738620099997,0.5908029890000001,0.6434593144999999,1.003494319440413,1226.2120651044165,2269.70822784798
psi_a[7],0.3615737882025,0.361396555,0.012153730494732505,0.01207407200999997,0.34198776099999995,0.38158768049999997,1.0082715606192019,627.559382706141,1556.2507238638366
psi_a[8],0.287753481665,0.287592405,0.011499217824030294,0.011585940785999999,0.26876939650000004,0.30691106149999997,1.0136440160306925,516.0611807763162,1576.5616130128228
psi_a[9],0.135596248091,0.13551807500000002,0.009188629373276755,0.009314352956999996,0.1203968215,0.1506857595,1.0118135056020625,658.9880686453745,1422.10266429703
psi_a[10],0.4941402483025,0.493947625,0.013450293273429432,0.013864459769999974,0.472713831,0.5162279155,1.0021001911758602,1141.1895991409453,2191.5477943968335
psi_a[11],0.418696479305,0.41883617,0.011582124760189603,0.011722799591999976,0.399694716,0.438000032,1.0043097439277096,1028.5082406952208,2199.937088838863
psi_a[12],0.387699218505,0.387650235,0.010601518009091749,0.01073446136699997,0.370637401,0.4050982405,1.0019212838450664,1510.0424178389208,2344.0090887468605
psi_a[13],0.287199402975,0.287131025,0.010485235778182393,0.010553821382999993,0.269993251,0.30459836349999997,1.0009695347415908,1090.62504335749,1916.3054579907862
psi_a[14],0.1809727272575,0.18082503,0.009672033297057505,0.009547936587000006,0.1653107325,0.197580962,1.007145840539854,715.0464545705054,1615.162908531112
psi_a[15],0.410728908265,0.41052128499999996,0.01134138319156576,0.011260902975000063,0.392631603,0.4297895425,1.0048214595096607,1419.6430807377578,2309.2034747689927
psi_a[16],0.238036319325,0.238112645,0.013048872064540945,0.013046583480000014,0.21667500599999998,0.259281479,1.0032800986500254,920.8485623914993,1424.7741567543737
psi_a[17],0.44093929602,0.440731105,0.013751134493238839,0.013630965096000001,0.4187613175,0.46432367700000005,1.0068549012241916,1093.3069817305015,2779.822044663467
psi_a[18],0.6559645939525,0.6560111850000001,0.014495107968917436,0.01481355357300002,0.632032872,0.6797705025,1.0021090521424816,981.2735129921575,1750.4230709819396
psi_a[19],0.1886622033175,0.18887769,0.012854474948711097,0.012761012481000004,0.166832088,0.20888718199999998,1.0063778099514482,492.0228021375754,1436.343586834902
psi_a[20],0.6668809106125,0.6667923250000001,0.015566204105557577,0.015491101773,0.6412117785,0.6924902235,1.0038873525167449,904.065387721709,2197.298828799499
psi_a[21],0.3657584726875,0.36578011,0.014973896653367898,0.015064631882999998,0.341077191,0.390405778,1.0024343505161162,1214.0379372469274,2638.147638719224
psi_a[22],0.4523001876175,0.452047475,0.011553043610767658,0.011370392985000043,0.43352230100000005,0.47156110749999997,1.0003726949216374,1038.3392010358618,2348.7624718955235
psi_a[23],0.5277998495675,0.5275934600000001,0.014353207025061217,0.014504839188000012,0.5045375470000001,0.5518214419999999,1.0045340295663556,1202.104659027489,2392.119795589217
psi_a[24],0.5009532020225,0.50086144,0.014088574986782391,0.01381597874999998,0.477943724,0.5246855075,1.0031562021066998,1364.3499005899575,2198.3442571269575
psi_a[25],0.403210603735,0.403022565,0.017167192126793147,0.017206091909999978,0.37508721850000004,0.43209616800000006,1.0003838292349954,1307.8859135601913,2152.8780068978126
psi_a[26],0.402175406095,0.402093715,0.01028016416231245,0.010496815413000042,0.385805204,0.4187343205,1.0009867222078848,1173.6432463383555,2277.8540746515014
psi_a[27],0.603364885835,0.6032861949999999,0.015055649294727245,0.015023430428999998,0.57916408,0.6288852435,1.0013546491505239,1142.3603210230071,1650.545686310872
psi_a[28],0.4768321024675,0.47675181499999997,0.014997337239312172,0.014385682626000058,0.451962204,0.501854562,1.000368693992362,1505.3817537521818,2316.0629977261856
psi_a[29],0.2534693387475,0.252927645,0.015570452330819905,0.015778051590000005,0.228364271,0.279702817,1.0007290818236578,1332.5294883576767,2368.30332081751
psi_a[30],0.25941660558,0.25936161,0.008139334016827817,0.008080859409000022,0.246227633,0.2730113075,1.0031282061613833,1159.7599490658972,1908.840621107137
psi_a[31],0.7139251254675,0.7136570499999999,0.01690095796076597,0.016777205381999935,0.686418441,0.7423853475,1.008877728887288,1101.896384538879,2021.9922823488926
psi_a[32],0.40386787977,0.403914635,0.016588996313011334,0.016226938391999995,0.37710645600000003,0.43158719649999994,1.0026700624069078,1351.5296792473373,2454.965232372368
psi_a[33],0.35946654053,0.35942157500000005,0.010549733092588599,0.010637847738000002,0.34264667299999996,0.3770796865,1.0025055325606236,1370.3394818320396,2173.187150228528
psi_a[34],0.38178440503,0.38179975,0.010930139735329584,0.010681918023000014,0.36391276499999997,0.3999851955,1.0006777473164346,1433.1937056903253,2449.3898716227163
psi_a[35],0.2820994058375,0.282111655,0.0136526012853999,0.013492008411000017,0.2594913095,0.3043804795,1.001064051189611,1478.6802854164139,2520.3417614579225
psi_a[36],0.72640053965,0.72642746,0.016866055346885775,0.017074370313000013,0.6983449660000001,0.754432441,1.0063659183471694,857.6446726691332,1619.475214767024
psi_a[37],0.4295399653875,0.42948828,0.010891661708184508,0.010869904289999992,0.411714903,0.4473464055,1.0022323249191194,1070.355247935797,1930.8233730685993
psi_a[38],0.6017679341575,0.6014310199999999,0.014860695415994928,0.014757985725000053,0.578383156,0.626468345,1.0020454041459392,972.9110678127125,1763.4465046608564
psi_a[39],0.3663028604625,0.36609448499999997,0.011401683710265363,0.01135503324900002,0.348226027,0.38583527799999995,1.0015877145213898,1450.0692323356218,2150.6856140810114
psi_a[40],0.5919014623425,0.5918455199999999,0.01475342436346205,0.014517708155999986,0.567653935,0.6162388639999999,1.0017591535172492,1288.430753000748,1945.8015428001243
psi_a[41],0.6471579061175,0.647270585,0.016144086327432857,0.016693312461000018,0.62114013,0.6734525174999999,1.0017712145048545,1177.121080145305,2053.8806225324515
psi_a[42],0.6181888152375,0.6183458049999999,0.014715684397970212,0.014757155468999913,0.5945010369999999,0.6425328445,1.0000207957805725,1251.2891081384334,2179.1167331200604
psi_a[43],0.33853451651,0.338262705,0.014896293151487014,0.015047878502999969,0.31445913600000003,0.3630410775,1.007400921041485,1175.1419755692325,2412.852598680559
psi_a[44],0.43759797047,0.437245865,0.015591123435009053,0.01559738195399998,0.4122672905,0.46351209600000004,1.0008748506763712,1415.248678627311,2692.1553471536854
psi_a[45],0.4627859393675,0.462613495,0.014001035238962786,0.013749083837999965,0.44002637,0.485785048,1.0017486713910408,1303.9316523596467,2489.06764039128
psi_a[46],0.74180727189,0.7415495000000001,0.01830366607229811,0.018546525395999876,0.7112694475000001,0.7715215080000001,1.0013642003454268,1112.1262280327962,1784.9038635951256
psi_a[47],0.658666484695,0.6585353,0.01612736268307706,0.016215010874999936,0.6320876015,0.685329386,1.00200479544549,1054.8239438323787,2178.6954102956593
psi_a[48],0.5329364031725,0.5328545499999999,0.017656182605035528,0.01747265597699991,0.503884873,0.5622793915,1.0008620631940806,1224.8533248489323,2014.4538750100096
sigma_b[1],0.051043078223675,0.048413126,0.01768247573386686,0.0156633116934,0.02718828995,0.08391110974999999,1.0021025333788898,1516.7930207173147,2234.5072793750637
sigma_b[2],0.08199648401125,0.078112291,0.024686737438054003,0.021116253706800002,0.050275156700000004,0.12668456749999993,1.0006341164699788,1375.6468011639295,2083.295267905036
sigma_b[3],0.018425393588005323,0.017562625499999998,0.01021313886148646,0.009794233512000003,0.0029413234850000007,0.036499625499999994,1.000504957615993,927.3879514567851,1449.6816038722652
sigma_b[4],0.060174958621,0.057236033000000006,0.01837164380503042,0.015932917314299997,0.03616719495,0.09517796109999997,0.9997947843765926,1712.6453143284932,2249.420194688906
sigma_b[5],0.08634634721225,0.082649588,0.02276189995175835,0.019843852286999992,0.056713663,0.12719616099999997,1.0006113230486902,1840.0318431471699,2818.3930043334453
sigma_b[6],0.025741659436840075,0.0231955925,0.01798893164928625,0.0181404078975,0.002269636685,0.05920994399999998,1.0020516374029957,913.5084599696036,2089.929332694601
sigma_b[7],0.19458775309175,0.18703345500000002,0.048133277237668005,0.04319214843299997,0.1326009795,0.28433023050000006,1.0006375174833773,1275.288177162169,1871.760407754649
sigma_b[8],0.0883856938215,0.0844708575,0.024011066558780433,0.0208879748196,0.057565799400000006,0.13294901350000002,1.0014606871925869,1873.4100508926779,2270.639589094701
sigma_b[9],0.05106859675575,0.048403903,0.014395431457573318,0.0124176141516,0.03259939775,0.07721098979999996,1.00098084030954,1887.2764957790357,2686.5584628856373
sigma_b[10],0.10480458926275,0.10007433,0.029017110655831267,0.024640359807000006,0.06763508975,0.159465247,1.001750795927871,1936.7824567501689,2676.1400061724166
sigma_b[11],0.09580880307625,0.0915511195,0.0258550433883511,0.023406068620199998,0.0620031801,0.14397126499999996,1.0008104361578336,1599.7181188661782,2767.201643838307
sigma_b[12],0.05565942933675,0.052735593,0.0173823164062487,0.0143638839582,0.03387637535,0.08840092985,1.0010042574832791,1632.4283085633283,2353.7515503082495
sigma_b[13],0.694849726135,0.6749498899999999,0.142750862252984,0.13251731583300005,0.49679049550000004,0.9617495564999999,1.00027422203949,1554.7177419358914,2332.6972329478626
sigma_b[14],0.19100714037225,0.183051595,0.04705464306814377,0.03949272043500001,0.131638067,0.27943094299999993,1.0050406175316344,1296.5010106301957,1960.8809500205075
sigma_b[15],0.133463448506,0.127792755,0.034807860253315066,0.031266721899000004,0.0886644245,0.19947061999999993,1.0025001005209968,1753.709168576632,2559.821482984786
sigma_b[16],0.0497703393045,0.0474730985,0.01681090649697121,0.014845685221499995,0.0272268332,0.08035452434999998,1.0008677394163952,1761.739601481911,2616.293603707258
sigma_b[17],0.380189115365,0.36508926500000005,0.08688267478091548,0.07909868927099992,0.2647752795,0.5394768525,1.002237392705134,1422.158907836417,2186.20600659962
sigma_b[18],0.07303039769575,0.07040932999999999,0.0210839898188156,0.019810528628100014,0.044520088549999996,0.11069500849999997,1.0007207640476325,1730.3074923590166,2622.215709942428
sigma_b[19],0.09308556065475,0.08885325,0.02563356581958007,0.022568359590000003,0.060374551400000004,0.14054756949999997,1.004016522039353,1692.2100158968892,2647.985910282943
sigma_b[20],0.15212515125,0.145487805,0.03823762795057997,0.03354521123099999,0.10269996349999999,0.2239109749999999,1.0052518320755817,1704.744962255623,2275.771610708687
sigma_b[21],0.3069864061375,0.29444732,0.07578565955743997,0.06713116430999999,0.20983181,0.4495063934999997,1.0016645643808781,1371.6577187497712,2557.4432415589195
sigma_b[22],0.35757671769,0.343260125,0.08465738296579005,0.075358578729,0.246975346,0.5156671119999996,1.003137334985296,1481.458252120082,2095.6740896278184
sigma_b[23],0.206113404465,0.19721685,0.052997525380628324,0.045739032843,0.1395950015,0.3018250275,1.0021024958926537,1217.5494108168512,2598.071800692363
sigma_b[24],0.37043326255,0.352555385,0.08933528375370162,0.07432217461199997,0.2583478965,0.5417036345,1.0024232920794067,1441.9270103097099,2066.528720128873
sigma_b[25],0.1052201703025,0.100292145,0.03113562772541666,0.026866861770000004,0.0654876123,0.16183645649999998,1.0001401364724052,1631.420002033902,2392.5665259471066
sigma_b[26],0.0313405970817,0.0298267755,0.010601455883896048,0.009174689813099999,0.017327066449999998,0.05096481889999999,1.0014443949609777,1793.1557676864613,2538.5951593743403
sigma_b[27],0.3104328300125,0.298873845,0.07487819548472126,0.06576075265200003,0.2121696645,0.4498829605,1.0037174805117257,1443.5575909783067,1936.9902487006204
sigma_b[28],0.1581702255025,0.151104985,0.04205301989746691,0.03558313388699999,0.10515527649999999,0.23301950599999996,1.001484608918209,1532.8792611477309,2403.4797737090635
sigma_b[29],0.12222028943725,0.11692326,0.03380517521828529,0.030201968246099997,0.0783947367,0.18344926149999996,1.0018043645683823,1520.8374198687088,2140.9115778150976
sigma_b[30],0.08416904881325,0.0807037015,0.021871305006794704,0.019159928906999996,0.0566431672,0.12428472199999997,1.0024232435437364,1706.8954673787566,2126.207308013895
sigma_b[31],0.075599865491,0.07232123600000001,0.02172943668023251,0.0195677521368,0.04720014505,0.11501536299999998,1.0004445134682882,1811.5103813156036,2830.209160788599
sigma_b[32],0.084970899216,0.0809919265,0.024944214605317414,0.022336008000599993,0.05268881525,0.13137045449999996,1.000493450065783,1926.4519352102507,2717.13514198907
sigma_b[33],0.25116962198,0.24051432499999997,0.06355456279565047,0.05546250927000003,0.169713136,0.37077167099999986,1.0028648379819933,1402.2507364171415,2517.3712939501943
sigma_b[34],0.13302069610675,0.12673119500000002,0.03489961808329824,0.030418948980000034,0.08792936185,0.198678766,1.0007928452711012,1414.5023293582353,2147.7169426053274
sigma_b[35],0.0980403611455,0.0937588435,0.026984717518707693,0.0239956415601,0.06287943515000001,0.14979051899999998,1.0003631170939853,1659.4411475207646,2669.1251232906206
sigma_b[36],0.3407695670925,0.328522475,0.08029971381230215,0.07232820363300001,0.23619893349999999,0.49004982599999986,1.0020402175662855,1396.8919035339543,2032.603924341094
sigma_b[37],0.213901859935,0.20528975,0.05242922094622071,0.045946033454999986,0.1458482865,0.31182612899999995,1.0004360468284061,1292.7413297227638,2248.7767682367557
sigma_b[38],0.2519061936975,0.23973222500000002,0.06336250253764106,0.05531029072799999,0.1711940325,0.37099679399999996,1.0029980854113416,1503.6893311059353,2190.5735919597555
sigma_b[39],0.5326676269375,0.5129763949999999,0.11362858395561472,0.10252158243600008,0.38062229750000004,0.7437619624999999,1.0023287921720747,1501.3856825849873,2407.352308465809
sigma_b[40],0.4135945078375,0.39871609,0.09656080080947405,0.08687768390699999,0.286608321,0.5938293339999997,1.003429926568416,1328.4213595782826,1989.7687305681727
sigma_b[41],0.33181336728,0.319260135,0.07822925082559672,0.06986272137600001,0.22808964199999998,0.4725850039999996,1.002082145104311,1384.6269149877805,2192.0403520550253
sigma_b[42],0.3921948922225,0.378209665,0.09104148581695495,0.08215530638700003,0.273801789,0.5642283665,1.0021179945146719,1447.8701331199943,2374.739216132687
sigma_b[43],0.472373072475,0.45741151,0.10283541334468704,0.09262714740300004,0.3322495065,0.664227036,1.0031239302710804,1844.742039083353,2712.3604623338933
sigma_b[44],0.128888516112,0.122466085,0.035426324058151486,0.030758360597999995,0.08373287565000001,0.19373099449999992,1.0012919640597393,1527.47967961688,2149.375376810487
sigma_b[45],0.0764249818415,0.0729562,0.022091016438237958,0.019971534540299995,0.047417340599999996,0.11686076599999999,1.000108654408852,1880.9416758585048,2597.7245860799235
sigma_b[46],0.183743126074,0.17647286499999998,0.047212528889962836,0.04100833052400002,0.1223049475,0.27524125849999986,1.0024620205749517,1344.6158940722491,2460.732085665686
sigma_b[47],0.1535021955875,0.147629035,0.03906095013801542,0.03510125182199998,0.1019376095,0.2256290295,1.0020985667266122,1653.2116941614406,2359.619634143164
sigma_b[48],0.13337817635,0.127613405,0.03603450133266171,0.031982521178999995,0.08611975,0.19868522999999996,1.0018590199270028,1874.5186986355018,2663.3160032227765
sigma_e[1],0.4276119893775,0.427486155,0.006771502819150185,0.006620698560000021,0.41651778300000003,0.4389547485,1.000898985644247,3660.4228271160428,2862.442615077139
sigma_e[2],0.5896285280675,0.58959172,0.008653475999849392,0.008876000027999953,0.575532461,0.6042215895,1.001373326307842,2927.586302877273,2466.535962608403
sigma_e[3],0.300448383765,0.300394395,0.004781055963936818,0.004873862174999972,0.2927429115,0.308227701,1.0004557266715488,3033.303274272735,2986.1214772002777
sigma_e[4],0.4399380643175,0.43987893499999997,0.006592191013021021,0.006557673233999944,0.4293638515,0.45073276,0.9995739304434932,3656.0168232004175,3336.264238456797
sigma_e[5],0.310332902495,0.31029137,0.004656675603855082,0.004715216561999982,0.3026984705,0.3181732065,1.0007184204571034,4330.312435286617,3388.873725354926
sigma_e[6],0.45715412415,0.45699281999999997,0.00720073837196079,0.007305882150000054,0.445347235,0.469088534,1.0008230505785454,3312.0458135661165,3208.8588036679835
sigma_e[7],0.3451645312325,0.34513024999999997,0.005213064284310938,0.005267018042999978,0.3367618195,0.35374844,1.0001459686182568,4597.456091641269,3173.6547230712736
sigma_e[8],0.317009938935,0.317002185,0.0046813574035776085,0.004636705479000033,0.3094770855,0.3247417505,1.0004335828169901,4863.693354909068,2966.4809656858606
sigma_e[9],0.272806201265,0.27273456500000004,0.003958475495384771,0.003966555452999947,0.266401922,0.27943812949999997,1.0009016194343798,4814.878266900984,3015.4062909333234
sigma_e[10],0.3679607637775,0.36803105,0.005583559672327092,0.005529023115000047,0.35886217600000003,0.37699400250000004,1.0013638593398744,3853.5514809044944,3447.833353648769
sigma_e[11],0.323713219805,0.32370632499999996,0.004963910303693087,0.0049484517809999275,0.315765896,0.33181230799999994,1.0003306938756498,3820.6023666751353,3178.399303652986
sigma_e[12],0.30880326154,0.30877107000000004,0.004542210326286777,0.004552189866000035,0.30135584849999997,0.31623471499999994,0.9995787118296221,3961.235495654656,2996.5620753510816
sigma_e[13],0.3158863874575,0.31590193,0.0046086669828328325,0.004695194049000028,0.30829039350000004,0.3233392595,1.0005551033141673,4102.698829741734,3347.605374796064
sigma_e[14],0.2995588772125,0.299511485,0.004364907211374581,0.004379452139999972,0.2923542365,0.30686594500000003,0.9997377823887453,5182.816767789883,3258.7467086961483
sigma_e[15],0.3515488930525,0.351490835,0.0053840816099903635,0.005301955511999982,0.3428551035,0.36082860099999997,0.9998652709653928,4492.055499287337,3332.799167166463
sigma_e[16],0.4524471174,0.45240534,0.006600770315395315,0.006501126869999998,0.44134246050000003,0.4631208575,1.001077995325229,4478.582570588994,2691.4587726281657
sigma_e[17],0.4557120869175,0.45574798,0.006609115144572151,0.006454973532000012,0.44457728449999995,0.4666817845,1.0022611401759494,4131.512290930845,3005.554727790079
sigma_e[18],0.2903857896625,0.290346165,0.004474154977988365,0.004392298869000001,0.28304130150000006,0.29779110249999996,1.0004333631564741,3888.049217808582,3328.9310612408726
sigma_e[19],0.37300719371,0.37291647,0.005387185663563988,0.0055400833109999865,0.3643138385,0.38190059200000004,1.0001464780634521,4500.973554909969,3129.57714243047
sigma_e[20],0.353686975845,0.35360243999999996,0.005600117484337013,0.0055523444129999934,0.3444362995,0.36295015599999997,1.0005488849739193,3544.8545014126084,3259.346994890082
sigma_e[21],0.516097657345,0.516107305,0.007986326342988556,0.00775045458599999,0.5027512915,0.5293858425000001,1.0000925152034899,3598.71045415109,3177.7965455194203
sigma_e[22],0.257842838685,0.25782379499999997,0.003993271615061577,0.004019017253999986,0.2515080805,0.264615301,1.000209311794166,3577.529115223241,3053.9755165610627
sigma_e[23],0.3583106963275,0.35835302,0.0057739307776395795,0.005873987069999987,0.348807696,0.36770610800000003,1.0021114763827836,3446.157314577384,3262.3032689986144
sigma_e[24],0.38247179857,0.382432275,0.0060443790281487835,0.005919324977999991,0.3725022255,0.3925539475,1.0006109443521674,3607.2263542476076,2893.887604876548
sigma_e[25],0.613754304995,0.6137378950000001,0.009453997065761117,0.009678776037000146,0.5985585169999998,0.629556257,0.999721006086111,4322.0824862403715,2694.260520402347
sigma_e[26],0.2602961008875,0.26028473,0.004252460028072946,0.0041773292819999456,0.2534404435,0.26736770200000004,0.9998858545277548,4117.408359651176,3245.1154430002907
sigma_e[27],0.40321393217,0.40305902,0.0062944631035685835,0.006308944845000006,0.392936012,0.41363601450000004,1.0008698868585144,3113.205921027262,2927.9666631754612
sigma_e[28],0.540249115355,0.540227595,0.007840816082522316,0.007819751309999975,0.5271486675,0.553319037,1.0008258531028356,4212.16150495519,3014.8078486853333
sigma_e[29],0.5789922090775,0.5788648649999999,0.008539139710496298,0.008576292437999936,0.5652258465,0.5934051534999999,1.0003428449769671,3935.75849397831,3012.4823217033413
sigma_e[30],0.244856304875,0.24477288,0.0037008341533836244,0.0036891165150000176,0.238884084,0.250998199,1.0002208013391571,4741.085312655665,3107.6504088929632
sigma_e[31],0.426226271295,0.42618776,0.0064935141469811795,0.006547680509999978,0.415703716,0.43701915399999997,1.0026983312069084,3647.3711433120507,3058.0232936893754
sigma_e[32],0.612387886735,0.61239322,0.00895758821723054,0.008927320226999977,0.5975578675,0.6270105405,1.0015293380693708,4499.179607713908,3153.9413527017173
sigma_e[33],0.3176776923775,0.31766445499999996,0.004713170787130299,0.00484834662900007,0.3098440465,0.325285194,1.0031245371901785,3917.641358296213,3602.2530553123906
sigma_e[34],0.2985162786225,0.298416525,0.004456481308783314,0.004424419398000006,0.29136052149999997,0.3060066105,1.0014889082800051,4536.474160852595,3196.6194191892855
sigma_e[35],0.4942049905025,0.49405313,0.007085707487205897,0.007046501280000002,0.48264781500000004,0.5060538135,1.0012816166465521,4183.004557302534,2977.2476640493664
sigma_e[36],0.3839305877925,0.38383681999999997,0.00587966971480341,0.005932423748999969,0.3745606125,0.3937905165,1.0009819186514333,3515.780640799794,3246.9177273058644
sigma_e[37],0.2276698261975,0.227664435,0.0037747747938626404,0.0037976947260000044,0.2215875795,0.23377432550000002,1.00048112055445,3113.757714810923,3354.218772669587
sigma_e[38],0.2779619620125,0.27786134,0.004579078741075971,0.004571886206999996,0.270431301,0.2855512775,1.0017818843072068,3247.81653237962,3377.967035008845
sigma_e[39],0.3686917537975,0.36858414,0.00565265249836755,0.005491290944999991,0.35958625349999995,0.37798539000000003,0.9998333409140909,3393.2055882990576,3048.411736500887
sigma_e[40],0.3843209132475,0.384378615,0.00582379978185698,0.00589300141500002,0.3747225775,0.39392885600000005,0.9996951142106955,3756.848922019708,3050.053441857745
sigma_e[41],0.410754439465,0.41068043,0.006742682216300819,0.006623493260999989,0.3996847305,0.421948692,0.9998904632007369,3471.5919376090847,2884.5683465464717
sigma_e[42],0.370130595875,0.37013123,0.005730775035636302,0.005762547440999964,0.36092573549999996,0.37978108850000003,1.0007464899432417,3775.88990287089,3009.3212778283105
sigma_e[43],0.51910518183,0.518997385,0.007625585572947306,0.0077190679440000505,0.5069864735,0.531932978,1.0001187294879488,3749.0537336255734,2861.296964270829
sigma_e[44],0.5252885166875,0.5252993850000001,0.008195939505911102,0.008268563982000026,0.5120132025,0.5391286550000001,1.001132092325149,3487.625086066706,3394.9714970191553
sigma_e[45],0.44316863766,0.44307678500000003,0.006850756965257482,0.006708305393999996,0.432013539,0.454662548,1.0002254263270778,3754.476776025593,2819.5795340002737
sigma_e[46],0.46239525447,0.46234736,0.007126231500504846,0.006998583647999998,0.45072578750000003,0.47400496200000003,1.0011626260062485,3205.212248594329,2791.7749263194646
sigma_e[47],0.3981023036725,0.39799416499999996,0.005926524294590016,0.0061004319810000094,0.3885756585,0.40808677099999996,1.0013295458925795,3182.7425315063883,3271.2027703154677
sigma_e[48],0.5954466236475,0.5954455249999999,0.008776862681391183,0.00879585067199992,0.581245048,0.6100334525,1.00051581818787,3600.4134013925327,3230.1659088481565
Sigma_a_diag[1],0.5948904288525,0.5943811750000001,0.02600370359674513,0.026574248420999886,0.552209522,0.6389651525000001,1.0117723797337204,496.4566868509062,1272.762849829643
Sigma_a_diag[2],0.3121160036425,0.31153606,0.01727608727435496,0.016904360570999998,0.28510312,0.34151823249999996,1.007256334641972,621.3621698504238,1382.6426382756129
Sigma_a_diag[3],0.75579801822,0.755295535,0.030011587995379608,0.030836812377000027,0.706839907,0.805060564,1.0091652959425965,412.73162167649747,1012.6071653222657
Sigma_a_diag[4],0.5972898760675,0.596921085,0.02488696843105379,0.025495278857999973,0.556939822,0.6392053034999999,1.0133892079711728,431.7946558602556,1218.3217125859196
Sigma_a_diag[5],0.8043263590999999,0.803646095,0.03134375604960904,0.03136097078099992,0.7537312245000001,0.8567145525000001,1.0244660856647847,265.1126675802629,781.9700874009525
Sigma_a_diag[6],0.70410190647,0.70312365,0.031580951507582486,0.031494656823000004,0.653122261,0.7566333945000001,1.007269509464478,852.4917664469505,2061.305321334301
Sigma_a_diag[7],0.76896379413,0.768216215,0.031216953490608438,0.031229486400000037,0.7189632985000001,0.8209616350000001,1.0150763117428574,411.138894081876,1069.835738997481
Sigma_a_diag[8],0.82033486986,0.8198043349999999,0.031885525485827994,0.031811132619000086,0.7698792090000001,0.8741273089999999,1.015709041023572,275.69816819483754,707.0641774348417
Sigma_a_diag[9],0.86829527893,0.867936255,0.03250490223704839,0.03248104542900005,0.815642274,0.9214528965,1.0247787438499478,191.76145891340337,441.5473716030284
Sigma_a_diag[10],0.7651433755875,0.764785095,0.03112195737552878,0.031081063313999974,0.713826761,0.8177670859999999,1.0041327541167924,779.1391302521579,1806.589637146474
Sigma_a_diag[11],0.7880825030775,0.78735526,0.03063587647853777,0.029967875342999967,0.7395141274999999,0.8388542139999999,1.0166127750712248,351.43471806713313,802.2132459702536
Sigma_a_diag[12],0.84400579896,0.8439168699999999,0.032608251447573074,0.03250314358199998,0.790664352,0.896495889,1.0178392391388316,279.0261852295001,800.6091774989502
Sigma_a_diag[13],0.412376778995,0.41190596,0.017403143343114755,0.017470461729000037,0.384345139,0.442247096,1.0127556627757504,540.9631156197355,1509.3304444348473
Sigma_a_diag[14],0.81037757364,0.81059252,0.03095716601763993,0.030886123652999996,0.7597042494999999,0.8600797439999999,1.0214353016998903,221.5973630558501,483.1034554765535
Sigma_a_diag[15],0.70446701535,0.70346698,0.02859666661154253,0.02846909276400005,0.658243918,0.754049402,1.0143587751679568,326.4167777957977,769.8594782348292
Sigma_a_diag[16],0.6312558755225,0.6305029449999999,0.02629380634490265,0.026261434646999853,0.588440195,0.6758776739999999,1.008992059502003,455.4540216331683,1306.635070540969
Sigma_a_diag[17],0.49610552061,0.49582415999999996,0.022463769624135852,0.02293852774499999,0.460738689,0.533813244,1.0047856006248654,1043.988843753885,1953.386192508362
Sigma_a_diag[18],0.86852674247,0.866607445,0.03462703017784141,0.03499766997299996,0.8134952314999999,0.927776783,1.0102623422749741,641.1542085095256,1392.1230874605371
Sigma_a_diag[19],0.7498057250175,0.74892948,0.029321110166711857,0.029008203188999934,0.7015278,0.801030372,1.0123965724564565,373.7243519554302,1026.4716927181473
Sigma_a_diag[20],0.73829244768,0.737712785,0.031001258905407815,0.03154404222899994,0.6882908865,0.7898888944999999,1.0139360638407573,658.1012007141721,1393.7635789207316
Sigma_a_diag[21],0.363562248975,0.36277446,0.01935523531127707,0.019398909201000004,0.33294166850000007,0.3962348925,1.0016563466469206,1324.4601051221357,2210.525872507096
Sigma_a_diag[22],0.881111874545,0.8796749150000001,0.033771760868939904,0.034603750565999944,0.8285537854999999,0.939047062,1.0130646272655643,411.4276876984327,1358.1290196210123
Sigma_a_diag[23],0.65487254754,0.65334496,0.029184161984469936,0.029551294394999907,0.608348222,0.7034427755,1.0049350486344977,790.5574079281431,1979.9165456489004
Sigma_a_diag[24],0.5559151996125,0.55541295,0.024922445729355702,0.024463537518000015,0.5156696380000001,0.597853228,1.0060136617466193,949.6175530138097,1815.928082014944
Sigma_a_diag[25],0.2581199891,0.25756341,0.01778483885191319,0.018244119474000002,0.2292792085,0.28828949049999997,1.003154860169574,1304.1255597361223,2141.3537144633865
Sigma_a_diag[26],0.78866653572,0.78820737,0.029652507827650842,0.029683831421999977,0.7417784905,0.837844174,1.0185259460691205,267.00367136490786,532.6963722027001
Sigma_a_diag[27],0.6603325699725,0.660109305,0.028182145219203064,0.02838749046000004,0.6148608055,0.7075292465,1.0042432048194294,977.2208938686356,2119.052853052777
Sigma_a_diag[28],0.50172125483,0.5011639999999999,0.024095672357504767,0.024008957531999955,0.46402301599999995,0.54265789,1.0042570342437454,754.965808717927,1952.6199663007833
Sigma_a_diag[29],0.37793278214,0.37695128499999997,0.01943621012581502,0.019077726150000016,0.3468510675,0.41077412649999995,1.0151039682341243,532.5211759301931,1229.5481841150413
Sigma_a_diag[30],0.87440301772,0.873832035,0.03187146535208022,0.03127824911400005,0.822984867,0.9276752184999999,1.030476175622649,186.98932050667244,453.1699192258846
Sigma_a_diag[31],0.6881014922425,0.68739444,0.030213750971174395,0.030123985710000058,0.639559759,0.7389368359999999,1.006852972068,1099.2512892296168,1963.4664331198499
Sigma_a_diag[32],0.343048815825,0.34239158999999997,0.019624772572783084,0.019252591406999985,0.311591551,0.376102677,1.0012902833085622,1579.769095330994,2855.6210073225034
Sigma_a_diag[33],0.786191724745,0.7849743499999999,0.030133468977496757,0.03043132869000001,0.738478272,0.837245986,1.0176134427044825,279.2853889937856,665.7617804723507
Sigma_a_diag[34],0.8275802034525,0.82593682,0.03168606437916058,0.03128635893599998,0.77792519,0.8818595539999999,1.0249994059568706,250.93045756915248,690.5091654981698
Sigma_a_diag[35],0.6006402814525,0.59974341,0.026724569663759103,0.027418240709999944,0.5582224410000001,0.6459836769999999,1.0169321002183798,323.2963510841719,896.1228667754283
Sigma_a_diag[36],0.7249244838175,0.723574605,0.03159358318127094,0.03052299784800007,0.6745318465,0.779604851,1.0095587943656676,791.251389733799,1656.4440824179546
Sigma_a_diag[37],0.8862202622550001,0.885599105,0.03396362068678495,0.034044298868999984,0.831913085,0.9441971295,1.0288976471776232,274.87388787397816,822.5556417562525
Sigma_a_diag[38],0.6976474337425,0.6968652150000001,0.03053518177498129,0.030028002185999964,0.6483570645,0.7489860209999999,1.005801448724317,686.9557586790144,1891.7024918390712
Sigma_a_diag[39],0.4105634246975,0.41016304000000003,0.018502946534694854,0.018604109579999934,0.38104519449999996,0.44180024900000003,1.010948973062303,502.08692036634915,1655.9053644488183
Sigma_a_diag[40],0.589695703,0.5887441499999999,0.026400879266729314,0.026028911075999982,0.5467242585000001,0.6337532124999999,1.004145462520741,1056.0611204801967,1850.0053482447927
Sigma_a_diag[41],0.48528688746,0.48460358000000003,0.023618591565269617,0.024046074423000004,0.4473501585,0.5248549284999998,1.0028764872979996,1125.787710377082,2040.197855736615
Sigma_a_diag[42],0.66038184387,0.659743695,0.02861513399925462,0.029122133586000007,0.6136873005000001,0.707675606,1.0060939619850098,751.8462206518202,1743.7095799471026
Sigma_a_diag[43],0.3763312314625,0.37589908,0.019450958783001838,0.01954189114500001,0.34532013549999996,0.40901106049999997,1.0119807952330127,685.7850541123025,1307.461039016964
Sigma_a_diag[44],0.423094883975,0.422323265,0.022158809560469138,0.022894635372000007,0.38830096300000005,0.4597414415,1.0043451303988478,1083.828147852006,2191.0578316557544
Sigma_a_diag[45],0.6555107871575,0.6545772350000001,0.028581885769380224,0.02843316195299999,0.6103206280000001,0.7024467765,1.0116375664374164,463.904180121747,1493.5343556873484
Sigma_a_diag[46],0.5995937855575,0.59942949,0.02893129796550064,0.03003640111500003,0.552816207,0.6479251730000001,1.0028530428214615,1076.401464813601,2126.7823427182343
Sigma_a_diag[47],0.748867241555,0.74810741,0.03194033359051034,0.031961712888000045,0.697639342,0.801619844,1.0039727903374158,704.0947132911346,1723.158259568544
Sigma_a_diag[48],0.3246264737625,0.32415218,0.02039383429245695,0.020123025867000037,0.2915079755,0.35908927549999997,1.0009838571231031,1293.7465323714493,2142.526624012408
var_b[1],0.0029179876151845,0.00234383075,0.0021640579142431955,0.001468048281,7.39203135e-4,0.0070410743849999985,1.0021025333788898,1516.7930207173147,2234.5072793750637
var_b[2],0.00733270603885,0.00610153,0.0049919227789797516,0.00320943774186,0.0025275914750000003,0.016048981949999982,1.0006430336828318,1375.6468011639295,2083.295267905036
var_b[3],4.4377725758753736e-4,3.0844581e-4,4.7651344079618473e-4,3.207467670393e-4,8.651429975000002e-6,0.0013322226799999995,1.0005049567400757,927.3877203232186,1449.6816038722652
var_b[4],0.00395845856154,0.00327596345,0.002662343009896973,0.00178061779665,0.00130806609,0.009058844604999996,0.9997841493012737,1712.6453143284932,2249.420194688906
var_b[5],0.0079736662316,0.0068309549,0.0046877704634640275,0.00318545513013,0.0032164396300000003,0.016178864449999993,1.0005347480789861,1840.0318431471699,2818.3930043334453
var_b[6],9.86153791621488e-4,5.3803577e-4,0.0013381006267752806,7.062699248388e-4,5.151291290000002e-6,0.0035058176249999984,1.0021028218317811,913.5084599696036,2089.929332694601
var_b[7],0.040180626831825,0.034981516000000004,0.021743838757313363,0.0158525485335,0.017583021350000002,0.08084367984999999,1.0006375174875555,1275.2866134888588,1871.760407754649
var_b[8],0.00838841805445,0.007135325749999999,0.005131478680131421,0.0034266461289899994,0.00331382138,0.0176754405,1.0014606871925869,1873.4100508926779,2270.639589094701
var_b[9],0.00281517821329,0.00234293785,0.0017856718405350402,0.0011738741989799997,0.00106272075,0.005961537479999996,1.00098084030954,1887.2764957790357,2686.5584628856373
var_b[10],0.011825784130175,0.0100148705,0.007424069137821608,0.004810777174349999,0.00457450534,0.0254291661,1.0016729782169775,1936.7824567501689,2676.1400061724166
var_b[11],0.009847642885825,0.00838160745,0.005784157217104504,0.00418935806058,0.003844394325,0.020727725299999996,1.0008104361578336,1599.7181188661782,2767.201643838307
var_b[12],0.00340004145968,0.0027810427499999997,0.0024872445484260567,0.0014740250863799994,0.00114760884,0.007814724424999999,1.000890369807787,1632.4283085633283,2353.7515503082495
var_b[13],0.5031888564075,0.455557355,0.21782145329167715,0.17532856949999998,0.246800801,0.9249622114999998,1.0002089194772905,1554.7177419358914,2332.6972329478626
var_b[14],0.0386973135751,0.033507886,0.021144460610304356,0.0142887895269,0.017328580250000003,0.07808165454999998,1.0050406175316344,1296.5010106301957,1960.8809500205075
var_b[15],0.0190237763286,0.016330987999999998,0.010866084943056083,0.007769455587599999,0.007861380890000002,0.03978853254999997,1.0027090646701238,1753.709168576632,2559.821482984786
var_b[16],0.002759622601115,0.0022536951,0.0020794482896868832,0.00134569612296,7.413004550000001e-4,0.006456849649999997,1.0010651057973134,1761.739601481911,2616.293603707258
var_b[17],0.15209047544225,0.13329016999999999,0.07555383094533395,0.05642842835909999,0.07010594760000001,0.29103527149999997,1.002237392705134,1422.158907836417,2186.20600659962
var_b[18],0.0057778624801025,0.00495747385,0.003698671480825954,0.002677701620999999,0.001982038435,0.012253386349999992,1.0007207640476325,1730.3074923590166,2622.215709942428
var_b[19],0.009321837023925,0.0078949,0.0057821942159799146,0.0038358616684499992,0.00364508647,0.01975361934999999,1.004016522039353,1692.2100158968892,2647.985910282943
var_b[20],0.024603812309625,0.0211667005,0.013544439263374654,0.0095353055763,0.010547283150000001,0.050136128799999964,1.0052518320755817,1704.744962255623,2275.771610708687
var_b[21],0.0999826838755,0.086699227,0.05404309668775627,0.03862375893810001,0.0440293884,0.20205605449999972,1.0015030972491945,1371.6577187497712,2557.4432415589195
var_b[22],0.13502618976575,0.117827515,0.07017375765886631,0.050370245289000005,0.0609968228,0.26591271249999954,1.003137334985296,1481.458252120082,2095.6740896278184
var_b[23],0.04529077101375,0.0388944845,0.026340477275989448,0.0175265025264,0.0194867652,0.09109834629999998,1.0021024984632423,1217.5484543859236,2598.071800692363
var_b[24],0.145199599649,0.1242953,0.07764237729277663,0.051550327430699996,0.06674363700000001,0.29344283149999995,1.0024232920794067,1441.9270103097099,2066.528720128873
var_b[25],0.012040469185025,0.010058514000000001,0.008072841031319606,0.005240839181760001,0.004288627484999999,0.02619103919999999,1.000140135958567,1631.4215872991942,2392.5665259471066
var_b[26],0.001094595795555,8.896365450000001e-4,8.405693488120245e-4,5.25946738359e-4,3.0022726400000005e-4,0.0025974128049999993,1.0014443949609777,1793.1557676864613,2538.5951593743403
var_b[27],0.10197388448475,0.0893255765,0.053934216148182015,0.0384961730538,0.04501596615,0.2023946765,1.0037174805117257,1443.5575909783067,1936.9902487006204
var_b[28],0.02678583461085,0.022832718,0.016308174946143908,0.010545044391,0.0110576324,0.054298090999999986,1.0015862384990304,1532.8792611477309,2403.4797737090635
var_b[29],0.01608030332275,0.0136710495,0.009835449749171318,0.006847731618420001,0.006145734785,0.03365363164999998,1.0018043645683823,1520.8374198687088,2140.9115778150976
var_b[30],0.0075626631703749995,0.006513087549999999,0.004419624776422644,0.003038809755659999,0.0032084484,0.015446693249999996,1.0024232435437364,1706.8954673787566,2126.207308013895
var_b[31],0.00618739003927,0.0052303612,0.0039713243942784806,0.0027355941858,0.002227853725,0.013228533649999995,1.0004445134682882,1811.5103813156036,2830.209160788599
var_b[32],0.0078421120063475,0.0065596921,0.005096165667984882,0.00354194503992,0.00277611119,0.017258195649999992,1.000493450065783,1926.4519352102507,2717.13514198907
var_b[33],0.06712435164475,0.0578471395,0.03783567566328939,0.026092955689499996,0.028802550500000003,0.13747164849999988,1.0028648379819933,1402.2507364171415,2517.3712939501943
var_b[34],0.018912184432875002,0.0160607955,0.010899391650632148,0.007459675213199999,0.0077315732750000005,0.0394732527,1.0007928452711012,1414.5023293582353,2147.7169426053274
var_b[35],0.010339905352675,0.008790721250000001,0.0062184788952725405,0.004385091579750001,0.003953823445,0.02243719889999999,1.0003165209187335,1659.4411475207646,2669.1251232906206
var_b[36],0.122570329851,0.10792702,0.06298565365014691,0.046314206771700006,0.05578993870000001,0.24014884349999988,1.0017380689256834,1396.8919035339543,2032.603924341094
var_b[37],0.048502141649,0.0421438805,0.026364497155831713,0.018496538795700002,0.021271723250000003,0.09723553659999996,1.0004360468284061,1292.7413297227638,2248.7767682367557
var_b[38],0.06747053343325,0.057471541,0.03743510436610239,0.025844675787,0.02930739655,0.13763862149999997,1.0029980854113416,1503.6893311059353,2190.5735919597555
var_b[39],0.29664302792575,0.26314477999999997,0.1350518978919626,0.10256509674599998,0.1448733395,0.5531818629999998,1.0023287921720747,1501.3856825849873,2407.352308465809
var_b[40],0.18038207422325,0.158974515,0.09170723435346709,0.06727833459900001,0.0821443318,0.3526333239999997,1.003429926568416,1328.4213595782826,1989.7687305681727
var_b[41],0.11621839642025,0.101927035,0.060277282662775204,0.04396064969519999,0.05202488424999999,0.22333667499999965,1.002082145104311,1384.6269149877805,2192.0403520550253
var_b[42],0.16210331345825,0.14304255,0.08225046155727382,0.060093440021999976,0.07496742715000002,0.31835365699999996,1.0021179945146719,1447.8701331199943,2374.739216132687
var_b[43],0.233708798039,0.20922529499999998,0.10900421542574316,0.08254225016099996,0.1103897295,0.44119755949999995,1.0031239302710804,1844.742039083353,2712.3604623338933
var_b[44],0.017866960255475,0.0149979425,0.011160973891271466,0.007306859183400001,0.0070111944749999995,0.037531699249999974,1.0014005185608787,1527.4814897674562,2149.375376810487
var_b[45],0.0063286688538925,0.0053226074,0.004083543868022591,0.0028288626985500005,0.00224840424,0.013656438499999998,1.000108654408852,1880.9416758585048,2597.7245860799235
var_b[46],0.0359900020211,0.031142670999999997,0.02023580480904433,0.014156004164399999,0.01495849885,0.07575776519999991,1.0024620317508788,1344.6154101637812,2460.732085665686
var_b[47],0.025088300423575,0.021794332,0.014037761105326122,0.0101377534146,0.010391275749999998,0.050908457849999984,1.0021689989851772,1653.2116941614406,2359.619634143164
var_b[48],0.019087898573,0.016285181500000002,0.01124990688629354,0.008028205611300004,0.00741661135,0.03947581924999999,1.0018590199270028,1874.5186986355018,2663.3160032227765
var_e[1],0.2819800992125,0.28165109,0.008766539596238947,0.008729793429,0.26775879,0.296792246,0.999739192254681,3530.7899967468197,3141.2224066746335
var_e[2],0.5361207700325,0.53568938,0.015497568948527982,0.015623979798000055,0.5118243295,0.5625477995,1.0027977281643874,2988.5939290496517,2780.2430895046564
var_e[3],0.13920561162,0.13917393,0.004319640482762214,0.004269487697999995,0.132143031,0.14641043799999998,1.0000568095731825,3334.953855354271,2708.4918198122537
var_e[4],0.29846437208,0.2983851,0.00880401509815704,0.008760253445999976,0.28432795699999996,0.313301583,0.9995616768713467,3817.6268949797504,3489.7641686378893
var_e[5],0.1485141796575,0.14841503,0.004419565079994484,0.004394026098000017,0.14133705100000002,0.1558846045,1.0002812868143791,4546.57523543791,3415.866416504994
var_e[6],0.3222912650325,0.322186545,0.010098573594902974,0.010031330904000001,0.30599994150000004,0.339093321,1.0012001928320517,3686.4401388614797,3018.674067611576
var_e[7],0.183723108565,0.18368906,0.005474853654748025,0.005430281955000006,0.17486377100000003,0.192778128,1.0002901540028373,4954.834112332109,3156.5646101736725
var_e[8],0.1549728432625,0.15484292500000002,0.004544873110962191,0.004434160080000023,0.1476720875,0.16253372149999998,1.0001721967278168,4854.979067219817,2820.9039753981438
var_e[9],0.1147666611225,0.11470795,0.003313676459503445,0.0032838255660000005,0.10949986300000002,0.120339027,1.0011478476166502,4813.459002647843,2712.2209271017573
var_e[10],0.20879607225,0.208774975,0.006358761769715722,0.006265193318999991,0.19836772149999998,0.219259413,1.0006343356757053,4022.8900786305067,3501.9323170673624
var_e[11],0.161597441555,0.16156090499999998,0.004879540144121448,0.004874366258999974,0.153730333,0.1695054525,1.0001396274273848,4337.758212614127,3274.0196702214976
var_e[12],0.1470531441175,0.1470074,0.004312554719338125,0.004369229612999983,0.140099189,0.15420663399999998,0.999873866220639,4338.709272028544,3202.3737458064784
var_e[13],0.1538766870575,0.15386663,0.0044972551626163496,0.004507170716999987,0.146571656,0.161314617,1.0001630216506063,4348.336566619232,3175.229620811796
var_e[14],0.13837965541,0.138306765,0.0040091996424349834,0.004029210128999991,0.131902882,0.1450527295,1.0002003559599775,5334.6024576760365,3157.439885690586
var_e[15],0.19058403609,0.19042124500000002,0.005769972810006176,0.005659929281999989,0.1812547295,0.2005340225,1.0003839684752416,4470.07881214641,2944.0430660796546
var_e[16],0.3156765966,0.315412715,0.009120416314069965,0.009010078958999995,0.3010191625,0.3306518945,1.0008809956309592,4847.107855926907,3420.998943940757
var_e[17],0.3202497840225,0.320201705,0.009247991862466885,0.00912595156199999,0.30487537749999993,0.33569489899999994,1.0022336368072533,4144.849610286301,2799.6046886178865
var_e[18],0.1300377112425,0.13000607,0.003985183459288379,0.003900564926999991,0.123600062,0.13676245399999998,1.0018879619232002,3949.9761025388834,3139.855217404884
var_e[19],0.2145569758525,0.214385135,0.006194764767907233,0.006251427377999994,0.20474836500000002,0.22492396,0.9995087341602802,4742.389833199079,3191.0646983468346
var_e[20],0.1929133306475,0.19274500500000002,0.006073004834536298,0.0061135900560000175,0.1829049345,0.20317389399999997,1.0005987734415844,3495.607694544798,3148.7661918591007
var_e[21],0.4107522031625,0.41045584,0.012533397456546464,0.012460548765000034,0.3900140055,0.43195083549999996,0.99989070268443625,3835.603210012226,3095.6247861551233
var_e[22],0.10252546696375,0.10244757,0.0031744355308407587,0.00311894562,0.09747794515,0.1080266085,1.0001185313978118,3703.010236196438,3162.380441158613
var_e[23],0.19798901053,0.19789756,0.006250673035083629,0.006261812991,0.187855194,0.2084625155,1.0018836845355523,3720.629626914196,3193.6659919443628
var_e[24],0.2255869702375,0.22545928999999998,0.006943233873208645,0.006917678165999952,0.214417589,0.2370797495,1.0012567143818163,3605.3546059958676,2868.346037643477
var_e[25],0.5809031207525,0.5806784700000001,0.017624941135938606,0.018033508730999917,0.552424422,0.6108713299999999,1.000028054869775,4451.572295877617,3062.11399990094
var_e[26],0.104486491362,0.104459955,0.0033463802657560846,0.0032944113300000044,0.09902457105,0.11016536949999998,0.999626748678987,4337.524052278564,3287.605424900732
var_e[27],0.250720299925,0.25041658,0.0077356354772383186,0.007646420543999999,0.23834402700000001,0.2638424195,1.001084248171193,3377.922392375861,3115.086549551269
var_e[28],0.4500879535525,0.45016235000000004,0.013054223799325587,0.012990155724000066,0.4283332985,0.471957352,1.0016232065443726,4726.832742354224,2857.4916587710227
var_e[29],0.5169619337025,0.51657042,0.015286394435206636,0.01520664272399998,0.4922945395,0.542408103,1.0007055260342141,4278.412112084135,2824.906781840813
var_e[30],0.092457142635,0.092415199,0.0028007851099911846,0.002771349308699994,0.0879907667,0.09710852884999999,0.9999605041603549,4610.4725412547405,3078.6874773296854
var_e[31],0.280152827375,0.27997519000000004,0.008453090825519724,0.008602052612999999,0.266472029,0.2943950375,1.0035215148479275,3809.937279573189,3066.2881819059003
var_e[32],0.57831120548,0.57822689,0.01679720770909647,0.017040922857000006,0.550709674,0.605412106,1.0021214699445824,4673.3978210836185,3184.9479346009152
var_e[33],0.155627347755,0.15554958000000002,0.004604772638293736,0.004718708084999975,0.14802302450000002,0.163254473,1.0023298546616743,3700.4432259409564,3392.303511451504
var_e[34],0.1374202972125,0.137323025,0.004107284303976936,0.004132198937999977,0.13083711250000002,0.144380832,1.001943018788888,4531.143921662343,3472.2445373430614
var_e[35],0.3766347261,0.37629089,0.010768905294828717,0.01087808082900001,0.3592469015,0.39457992750000004,1.0020505374845472,4118.8826677867355,3121.6442652805486
var_e[36],0.2273119135775,0.22715047,0.00691614358444402,0.006859330443000006,0.21616876,0.2388025475,1.0007771517653299,3538.109589468196,3280.8013776991143
var_e[37],0.079934917055,0.079905841,0.002585251264663106,0.0026070379397999926,0.075773503,0.08417827034999999,0.9999488847323503,3495.954864182987,3570.5500650216363
var_e[38],0.119151582855,0.119077685,0.0038704039563116368,0.0038426100929999933,0.112867945,0.125659048,1.0020389325320131,3143.445809426179,3430.023637574542
var_e[39],0.209624127115,0.20938191499999997,0.006341614995513603,0.006291346383000031,0.1994453845,0.22012171999999997,0.9995424799560015,3448.3489537506375,3108.356250380919
var_e[40],0.22777270556,0.227775085,0.0068333707626337115,0.006845697936000001,0.21662577,0.23905056149999998,0.9999212732002788,3781.3220511805953,3139.2851725003925
var_e[41],0.2601908356375,0.26010311,0.008406031156627095,0.008272567002000016,0.24641283349999998,0.27412572949999997,0.9996931703361185,3603.126165201151,2964.8384544614923
var_e[42],0.2112655889775,0.21125234999999998,0.006492745701949324,0.006577095293999989,0.200897205,0.22226802750000002,1.0000947249432566,3994.305712023143,3023.42765489844
var_e[43],0.415547773995,0.41530205,0.012167662937669441,0.012158328168000023,0.395959411,0.43619836700000003,0.9998445400729492,3872.0197997993346,2823.0512229530327
var_e[44],0.425512057585,0.42540244000000005,0.01303770034833498,0.013214725145999966,0.40435694049999993,0.44721353649999995,1.000646112646126,3731.339881248911,3440.9322069915293
var_e[45],0.3028698345175,0.30259240499999995,0.00928064250479681,0.009031939896000051,0.287544183,0.31837551199999997,1.0006895800840834,3850.426000855268,2997.693154883854
var_e[46],0.3297211613275,0.329529835,0.01014107631268284,0.010093726124999956,0.3132404025,0.34623072,1.000698318772086,3488.299800260267,2869.339598703832
var_e[47],0.244402777075,0.244177375,0.007328842434044269,0.0074561362469999955,0.23270854750000003,0.2567020325,1.0016457678178445,2938.1669119710077,3093.7702270742475
var_e[48],0.546760190665,0.54645279,0.0160684349336587,0.016068826515000013,0.5205821515,0.57358229,1.0002832577672218,3690.6847206803654,2965.6589347646222
prop_a[1],0.6759550404475,0.676199895,0.012265421761577956,0.012202924776000004,0.65586391,0.6961661865,1.0085047587302496,839.4403758632145,2094.1634970618466
prop_a[2],0.364692624435,0.36445486000000005,0.01529999430865465,0.015304857560999927,0.3399114715,0.39008093150000006,1.0047482395922194,749.5785242187962,1880.7203395686004
prop_a[3],0.843881761115,0.8442457050000001,0.006888554978025517,0.0069473079270000754,0.8323966245000001,0.854864881,1.0055309559790793,703.3747369865578,1159.799036473392
prop_a[4],0.663675247795,0.66383245,0.011784590897135792,0.011643057950999933,0.6440608765,0.6828219345,1.007529677543499,617.2252500503154,1535.9816057522075
prop_a[5],0.83699375073,0.837234885,0.0076992282204696024,0.007501370372999951,0.8243295454999999,0.8491285365,1.0129928893414986,608.1638808894769,1647.8969944092996
prop_a[6],0.6850952623025,0.685167675,0.012443987704524892,0.012449377373999907,0.664494132,0.705686454,1.005055828840649,1039.5841041170925,2166.6690455872367
prop_a[7],0.774657456645,0.7773217800000001,0.018149522324781113,0.014982013998000112,0.7416746925,0.7975802365000001,1.0011586102856747,1286.0589787729502,1950.6646279920146
prop_a[8],0.83379567351,0.834072115,0.007881042992150387,0.007456395702000044,0.8207286229999999,0.846071936,1.0100045645971678,474.21357950425056,1324.5682262715345
prop_a[9],0.880615082585,0.880747685,0.005236558797507947,0.005068490489999951,0.8718459235000001,0.888975984,1.0151290728591569,315.48352713726734,665.9162971356868
prop_a[10],0.7760355979825,0.77646173,0.010602230564719527,0.010154134662000092,0.758079961,0.7924835510000001,1.0022150930738856,1398.3548543063694,2750.3632131841186
prop_a[11],0.8211897994375,0.821679365,0.008662477543772855,0.008174248383,0.8065419035000001,0.8347092625000001,1.0087754232264214,722.8535783839031,1308.2252533055837
prop_a[12],0.848563787975,0.84892864,0.00664062241059776,0.006589104353999943,0.8370954130000001,0.858824095,1.0076018376133238,546.6544912153892,1333.298611815717
prop_a[13],0.39904040135,0.404581325,0.06999747265257217,0.07117127154899999,0.2781818675,0.50854274,1.0004633542933727,1511.1789973712594,2385.788421002553
prop_a[14],0.8208656165425,0.82458506,0.018157819910371773,0.013841472057000018,0.787735009,0.8428180125,1.0097207125383798,840.3268262200129,1685.7611814380825
prop_a[15],0.770601772985,0.771446725,0.012613629760392193,0.011574524766,0.7485670815000001,0.788955451,1.00383585946851,884.4687303094336,2054.1250809920066
prop_a[16],0.6644977436725,0.66434716,0.011601782669693665,0.011722466007000028,0.6446424109999999,0.6832765695,1.0045645982696843,696.8422072370455,2016.5356782076753
prop_a[17],0.51480153785,0.520779865,0.037735067891643506,0.03367853403599996,0.44539679000000004,0.5647193675,1.001468008626474,1474.759399511416,2081.26156484996
prop_a[18],0.8646297504275,0.8649679699999999,0.006764380197603373,0.006518280552000104,0.8534473105,0.8751566645,1.0068535894366408,973.4835128138672,1860.3097672700908
prop_a[19],0.769918948405,0.770165545,0.009655702293183325,0.009316710290999949,0.7538504885,0.7851986375,1.0038714752995634,739.1180006030113,1916.8829065187201
prop_a[20],0.7723709260125,0.773833785,0.013618616336870438,0.012302473952999991,0.748582515,0.791798914,1.0071147932445859,1169.7095882346784,2181.0968363307275
prop_a[21],0.41708728918,0.41985754500000005,0.0279859549711611,0.02557662911999999,0.3666626085,0.457193237,1.0000076476676532,1533.8856791500698,2304.3680981789526
prop_a[22],0.7902234992475,0.7996383499999999,0.04477692451847156,0.037610485605000014,0.7024135260000001,0.8439566035,1.0047099724598905,1338.5239447152123,1664.0273434366943
prop_a[23],0.7294669668125,0.7326902799999999,0.022421122932671733,0.018567911901000017,0.6883269015,0.7586684975,1.0029272232480213,1185.8829573139233,1890.5411150924992
prop_a[24],0.6032573414975,0.611687725,0.04489656167347648,0.03695120303700006,0.516113011,0.6592199729999999,1.002600585384553,1458.40540875232,2477.8884697863114
prop_a[25],0.30317625613,0.30347663,0.017186010801313607,0.017972292177,0.275498212,0.331337422,1.0027685383193028,1380.670127137047,2524.23087720505
prop_a[26],0.881814118385,0.881848835,0.005244604708292158,0.005150426379000073,0.8730330000000001,0.890296258,1.0111873757847776,495.6351483182111,998.9617233636556
prop_a[27],0.65328601502,0.6588809,0.03349759034652809,0.028392857472000013,0.590955227,0.6962454115,1.003080840224606,1414.537516746527,2350.9802780076893
prop_a[28],0.512626534335,0.51291715,0.01614970092859474,0.01596228687899996,0.4860131315,0.537895829,1.0020804445286497,1254.5643784556567,2476.947530452967
prop_a[29],0.4147750576875,0.414773975,0.015638835787085244,0.01527704398500004,0.38872389849999994,0.44097123749999995,1.0086357453794619,784.7726005075435,2262.702950994573
prop_a[30],0.8972743518125,0.89779058,0.005788182888247071,0.005249523363000009,0.8873885460000001,0.905511136,1.0075991413070688,650.973874543539,1261.2012422087637
prop_a[31],0.70592243078,0.70585456,0.011720813296139209,0.011578327635000014,0.686919219,0.7251185645,1.0047210604464643,1247.1781541041566,2395.743861250881
prop_a[32],0.3690546155575,0.36885055499999997,0.015932851043073737,0.01565813148900002,0.343160795,0.395790272,1.001034280163581,1652.269085519138,2788.818138823959
prop_a[33],0.780034384105,0.7860039000000001,0.028106068330696808,0.021701772477000048,0.7276779720000001,0.812570016,1.001639721499099,1211.951918867222,1761.6650521761399
prop_a[34],0.84105578458,0.8426611049999999,0.01114415370022067,0.00956277000000018,0.8209361125,0.8560304874999999,1.0083468116561425,747.7186040541274,1503.7344264932742
prop_a[35],0.607974168765,0.60787672,0.013482899267111343,0.01383962621999996,0.5854462069999999,0.629944372,1.0074197440011228,551.2793072632766,1245.3152033744127
prop_a[36],0.6763139661725,0.682979875,0.03700442201086088,0.031166883614999946,0.6070312025000001,0.723353489,1.0023862103979255,1372.1884127576677,2173.377795873757
prop_a[37],0.87383476694,0.8783035349999999,0.022074330779180217,0.016929105165000017,0.8322112215,0.8992875275,1.0029860971746603,1126.5540328884938,1786.6926348580623
prop_a[38],0.78999061512,0.7970756800000001,0.03209459705272269,0.02525979008700002,0.7281608775,0.8283246365,1.0035131217514148,1373.2130918445205,2083.7599593451946
prop_a[39],0.45588247535,0.464387795,0.0588102274892369,0.057734949593999996,0.34858556199999996,0.5390047049999999,1.0010700640244508,1443.345648154525,2287.78270535562
prop_a[40],0.5950466883675,0.60376416,0.04890325045275573,0.04259693642399998,0.5029277990000001,0.6586384135000001,1.0027732003907355,1222.0466546161988,2009.1469260489591
prop_a[41],0.565305914245,0.571073725,0.037288632182425216,0.03314648819999994,0.4964828885,0.6144218899999999,1.0021737538581186,1403.6796979451588,2554.821429314996
prop_a[42],0.642113663195,0.650162405,0.04560615760999731,0.04014209923500002,0.554291979,0.70060006,1.0021254075845363,1468.5425805089537,2476.286042432887
prop_a[43],0.3703700444875,0.37478416000000003,0.03663471812286066,0.03381288724799994,0.3038433735,0.4228894695,1.0023923251794504,1818.0019866274497,2785.61312427838
prop_a[44],0.4881505237,0.48824611500000004,0.016909923783406628,0.016796790528000035,0.4607317315,0.5156483475,1.002026023080376,1355.9002358471446,2264.158066538691
prop_a[45],0.6792734731225,0.6792351400000001,0.012394903975283334,0.012025924574999881,0.658820897,0.6997816829999999,1.0080862115515348,764.9426544441696,2023.0751712495462
prop_a[46],0.6211314405125,0.622369045,0.018434338270094885,0.017604155184000034,0.5888447495000001,0.6489417715,1.0027583145607966,1210.3207370864018,2386.073489554275
prop_a[47],0.7352633122175,0.736258375,0.014156435390533004,0.01329033774600004,0.711133369,0.756474022,1.0036635591091307,1120.520967035466,2421.1353421775366
prop_a[48],0.3644287377825,0.36429350000000005,0.018103018250035754,0.018054005675999994,0.33489470000000005,0.3942958445,1.0014920424136722,1302.8533918866724,2250.2744176834417
prop_b[1],0.0033122050132535,0.0026576603,0.002438819861691787,0.00167041769538,8.524592695e-4,0.007940820389999999,1.0019835378981699,1515.4608629409336,2235.023312600196
prop_b[2],0.0085391149064475,0.00713942315,0.00568542652718012,0.0037237181751000005,0.002955076965,0.01837807979999999,1.0007780147776582,1388.0059539880444,2093.9927122181425
prop_b[3],4.957956741104087e-4,3.4614753e-4,5.323896266034105e-4,3.5943840088799994e-4,9.813110110000001e-6,0.0014946429699999985,1.0005822049136959,925.8073447605494,1455.6524633081783
prop_b[4],0.00439618532046,0.0036385474,0.0029424925135377667,0.0019898805597299996,0.00145013721,0.010031765449999999,0.9998492180298456,1695.626369680593,2489.12273470297
prop_b[5],0.00827891125785,0.00710785095,0.004751984609755946,0.0033112005889200003,0.003363997655,0.016781934799999988,1.0008282226112013,1789.2467922387432,2893.976147638254
prop_b[6],9.606683305351452e-4,5.21937355e-4,0.0013040508077888865,6.844587223970999e-4,5.166041950000001e-6,0.00340376707,1.0021233723555305,912.4275947883999,2055.8532030617143
prop_b[7],0.04004590756375,0.035291011,0.020132342702391334,0.015367535958599993,0.01809608085,0.07780660865,1.0002674430820475,1313.7761070488057,1836.840367768867
prop_b[8],0.008512184213225,0.00728925235,0.005119849519833714,0.0034838077719899995,0.0034043516800000002,0.017944526649999997,1.001671127932786,1846.2569583148768,2217.933450729062
prop_b[9],0.0028570294143824997,0.0023848136500000004,0.0018074013506095851,0.0011979896516699994,0.00107708526,0.006045809729999993,1.0015329543953932,1862.7159365832583,2630.5710788015836
prop_b[10],0.011951474313975,0.0101576265,0.0072657128522408574,0.0048419772311399985,0.004650684145,0.025370446999999994,1.001719376593814,1934.6891249515331,2664.965263806062
prop_b[11],0.010237185363225,0.00877745225,0.0058957255392137085,0.00440931874635,0.003999683249999999,0.021458688349999994,1.000764660502872,1584.3180604810357,2653.168780469771
prop_b[12],0.0034179224137825,0.00280318975,0.0024776370987502796,0.0014777227649099998,0.00115870027,0.0078088011649999995,1.0004369389932875,1593.1477575463002,2461.775965965189
prop_b[13],0.45194633835,0.445341985,0.09554779082141299,0.09661866242699998,0.3023857135,0.6190248389999997,1.0003276934138303,1554.5782127070654,2255.5629718403834
prop_b[14],0.0388106017803,0.0340643385,0.01974857575989868,0.013894132526399998,0.01787506905,0.07589060934999997,1.0056328167496253,1275.4015769049508,2018.9130532412737
prop_b[15],0.020695309958524997,0.017849193,0.011365580633290311,0.008332988882399998,0.00864443598,0.04224327004999999,1.0026862276380801,1752.5100786020143,2596.6683355557952
prop_b[16],0.0029028949123375,0.0023703281,0.0021666888683619717,0.00143252807607,7.810911825000001e-4,0.006799429929999995,1.0007483718611108,1755.8491478286753,2563.197601319709
prop_b[17],0.15261125435775,0.14060857,0.05862201415661765,0.051677260971,0.0786649653,0.26471522000000003,1.0018763580324315,1457.794025013149,2174.742289885256
prop_b[18],0.00574817075951,0.004927167200000001,0.0036297204777058635,0.002664039462,0.001973385255,0.012249906349999999,1.000992495495969,1687.8189687378926,2799.4540471165274
prop_b[19],0.009546661409925,0.00812328545,0.005779664770451729,0.0039532533434099995,0.0037702649050000005,0.020203790149999963,1.0033850047221793,1691.435814269288,2618.8091084375787
prop_b[20],0.025559811160575003,0.0222156445,0.013397201738962035,0.009712256110200001,0.011242342950000001,0.051125731199999976,1.0054208195890209,1704.0478252788375,2146.925480657906
prop_b[21],0.11140285640775,0.100376225,0.04950333594669473,0.04068374490599999,0.05342198409999999,0.20905132799999998,1.001803715800606,1382.2586832135125,2462.3683971958735
prop_b[22],0.117721741052,0.107070975,0.049617405399514224,0.0415509969651,0.0582267667,0.2139280294999999,1.0038388516403114,1413.667291889106,1945.7272609194722
prop_b[23],0.04970585506525,0.0435471895,0.025921266709494937,0.018821075487899998,0.022406038800000003,0.09706370629999998,1.0022508960659102,1217.8380194489716,2378.9590929293254
prop_b[24],0.15164251042275,0.137240895,0.06161053673856296,0.04959200631,0.07863026725,0.272006987,1.0024565462652215,1448.6419113295754,2025.295383636152
prop_b[25],0.014075265414625,0.011806174499999999,0.009124740410457013,0.00615296665179,0.005104724505,0.030201509799999984,1.0001010644732862,1631.192882881542,2458.8648907333304
prop_b[26],0.0012245393968605,9.90429105e-4,9.399075992881352e-4,5.914258859669999e-4,3.396513925e-4,0.002916417914999998,1.0016623164448464,1781.6780325968355,2636.3294577189954
prop_b[27],0.09841919650275001,0.0892296025,0.0436913981013419,0.0352323514683,0.047367255899999995,0.18107740849999998,1.0036551311039748,1442.865026234724,2007.4889356262
prop_b[28],0.027114270502625,0.023475491,0.015367962819114105,0.010650054725099998,0.0114276435,0.05421399679999998,1.001627474447021,1545.2780484827933,2466.133845212531
prop_b[29],0.0175445287894,0.0149757885,0.010319471932519579,0.0073598591682,0.0068114359150000005,0.036228129749999984,1.0015971921404414,1535.9609747834866,2373.250729095206
prop_b[30],0.007743937686325,0.0066791798,0.004437355722331734,0.0030700231558499994,0.0032952082849999997,0.015822502349999996,1.0017330086187901,1714.6088492812323,2113.0102935835466
prop_b[31],0.00633794296713,0.005385850100000001,0.004014371942869146,0.002824081461810001,0.0023154212249999998,0.013363642199999992,1.0003665102068204,1823.0570913363895,2900.2137707116444
prop_b[32],0.0084148696323575,0.00710863235,0.005369301808816174,0.003835633348049999,0.0029951756700000005,0.018399199949999993,1.0004760402480415,1930.7077597053521,2736.139254155557
prop_b[33],0.0654002008425,0.05785187,0.032460075936340455,0.024639200413799998,0.0295325198,0.12742710349999994,1.0025295981129974,1383.837146518056,2347.311119550347
prop_b[34],0.019131642980175,0.01640424,0.01065054888816848,0.007540491739200001,0.0079283747,0.03940419709999998,1.001025661631021,1393.6442108640636,2077.3307084603457
prop_b[35],0.010435726193025,0.0089088745,0.006137212794538065,0.0044406027183,0.004015882605,0.02238296695,1.0004377934801514,1623.9268456024336,2634.13225824594
prop_b[36],0.11134260676425,0.101606085,0.04712045255470504,0.0395240766837,0.05510389665,0.2021592195,1.0020275801057592,1403.798690603145,2136.2801253303332
prop_b[37],0.0472528620245,0.042107096999999996,0.0234238552114635,0.017926393104899994,0.02131513325,0.09119614584999997,1.0006811039101307,1273.8939349696893,2318.5342003241044
prop_b[38],0.074896689477,0.065935649,0.03633616656184517,0.027629162799,0.03468779460000001,0.14553831049999996,1.0032178078032792,1485.9535156117909,2158.137775728745
prop_b[39],0.31119495013,0.29707801,0.08716872556108832,0.08353783829999999,0.189685279,0.4714121475,1.0017777368509142,1491.1050030783197,2372.915028605038
prop_b[40],0.1748659925375,0.16296117,0.0661589626698789,0.058038022686,0.09151537625,0.30121266199999996,1.0031380931196276,1319.5526000154616,2027.7121782010765
prop_b[41],0.13124428994875,0.12020607,0.05380773861136816,0.046010312319299994,0.0653992799,0.23296672299999988,1.0021368852716241,1389.2006581646303,2129.119494741444
prop_b[42],0.1521960367045,0.14083902999999998,0.05921440466191708,0.052256594334,0.07907651545,0.2667617244999999,1.0020843831596171,1463.2914585956883,2371.136628100639
prop_b[43],0.22034673920175,0.209112975,0.07250597770867055,0.06692186566799997,0.12284517900000001,0.35778931199999986,1.0029694978938406,1846.7468191520863,2783.120569851326
prop_b[44],0.020477713988225,0.017410801,0.012162470516257086,0.0083722548021,0.00814636308,0.04216954494999998,1.0015638431318445,1529.5608431886271,2131.588588742553
prop_b[45],0.006544238820895,0.005487391350000001,0.004150793178284335,0.0028665239261399995,0.002360597675,0.014011379,1.0000700687606994,1897.7197621967175,2670.776794505773
prop_b[46],0.036890609889825,0.0324706045,0.019313923810600844,0.014195677057799998,0.0158366234,0.07548573014999993,1.002606811596898,1334.40829565097,2415.168242761253
prop_b[47],0.024485060173875,0.021496698,0.013078836721924739,0.009807213675000002,0.0103544631,0.0487972999,1.0030261838983698,1642.6232429939687,2316.6599754628046
prop_b[48],0.021307500747075,0.018381314,0.012095105186023929,0.008944467237300002,0.008421351329999998,0.043373610549999976,1.0018967750847327,1863.06221926948,2559.9342386491944
prop_e[1],0.3207327546,0.32057154499999996,0.012130758130614566,0.01218020393099999,0.30132808349999995,0.3409051065,1.0086753612665507,820.75147266421,1904.4434715360185
prop_e[2],0.62676826074,0.627128735,0.015607948614874608,0.015699221747999956,0.601274361,0.6517023690000001,1.004639225220481,721.6637931822928,1890.5280995167952
prop_e[3],0.15562244313,0.15528323,0.00685717396335606,0.006889160355000004,0.144648241,0.16717530649999998,1.0053967096279157,710.8796716281619,1202.326330336466
prop_e[4],0.33192856707,0.33173555,0.011540569898349298,0.011590447890000013,0.3135236635,0.35097752549999994,1.0071434737680212,637.8182209035359,1552.7447748559844
prop_e[5],0.1547273379875,0.154622395,0.006564668106724281,0.006729313835999988,0.14430129349999998,0.1654331725,1.014965492463005,476.93192040601775,1584.8044947260737
prop_e[6],0.313944069495,0.31385224,0.012361643645663395,0.012371681721000023,0.29360096799999996,0.334462214,1.005038045161473,1013.1786301990825,2076.7806900366472
prop_e[7],0.1852966358,0.18518521500000001,0.008491301279704917,0.008270498775000015,0.171401778,0.1991786675,1.0059772569397372,738.048195201671,1983.71142608034
prop_e[8],0.15769214234,0.157728635,0.006464104454457009,0.006454432383000009,0.14719857299999997,0.16835806399999997,1.0110093585850635,443.76191379803953,1076.1921899485358
prop_e[9],0.116527888065,0.11652115,0.0048737506635868075,0.004774676235000001,0.10855584049999999,0.12476747,1.0139832063502008,313.3783754179069,580.7392944700008
prop_e[10],0.2120129277625,0.21197433999999998,0.00891566981311489,0.008928795414000002,0.197545931,0.226835252,1.0016176036257292,1080.0316277006184,2216.056318668341
prop_e[11],0.1685730152525,0.16838527,0.007018385765641224,0.007015129463999992,0.157702625,0.1803607385,1.0110176940366415,584.5070286678282,1096.556774564127
prop_e[12],0.148018289495,0.147803625,0.006181139126222014,0.006226082331000002,0.138349463,0.158371252,1.0095916677186552,516.4474876849212,1147.7403910361543
prop_e[13],0.14901326024425,0.150260985,0.026455048076281597,0.026981800334999986,0.10290321849999999,0.19066921199999995,1.0009338489747355,1579.3095204677397,2107.8694061400183
prop_e[14],0.14032378179,0.1402724,0.006371982258048822,0.006281650179000011,0.12992965099999998,0.15082969499999999,1.0078730887114393,495.222879839669,1286.7671252478717
prop_e[15],0.20870291694,0.20862919,0.00864281797449711,0.008607842165999996,0.1941936065,0.22298154999999997,1.0107453815965248,575.0290604978346,1547.7530101530099
prop_e[16],0.332599361325,0.332749855,0.0115551299652348,0.011721487491000007,0.31401677250000004,0.35210100099999997,1.0046916098478962,706.1527615985904,2035.4846078200799
prop_e[17],0.332587207785,0.33542870999999996,0.02532551283297948,0.023183356895999964,0.2855108625,0.3682033465,1.0052897463018464,1267.018957157154,2307.421264742699
prop_e[18],0.1296220787925,0.12947554,0.00580327399124936,0.005778922758000007,0.1202305105,0.1392033035,1.0063532464417628,901.2452533797233,1731.5971965264955
prop_e[19],0.2205343901175,0.220485875,0.008474775318650858,0.008538767831999998,0.206893465,0.2345649805,1.0085737740000846,593.1940335220439,1391.0255423383096
prop_e[20],0.2020692628975,0.20191169,0.009102579389644594,0.009079575833999997,0.1875555335,0.217454409,1.010479005803105,881.2173114745452,1998.5591671413358
prop_e[21],0.4715098544225,0.47518563,0.0292174507467702,0.02495222471699994,0.4178489285,0.511384792,1.0019123711684865,1218.6958503974997,2671.06467888285
prop_e[22],0.09205475968775,0.09250887099999999,0.00650716177333625,0.006090993008099999,0.08081417955,0.10156764099999999,1.0017643707999366,1128.803584515072,2227.3322657575873
prop_e[23],0.2208271781025,0.22088006,0.011146984436942703,0.010824440360999972,0.202804784,0.238651025,1.0016845882983327,992.9505490797976,2284.754871104582
prop_e[24],0.2451001481,0.24734278999999998,0.020404619298349826,0.01816592714999997,0.20763153399999998,0.2732767215,1.0027943582351138,1336.1291826136746,2322.5767349158186
prop_e[25],0.6827484784575,0.68282156,0.018092091915529695,0.018494545439999992,0.6531785445,0.7112451774999999,1.0019431280922877,1364.832212566182,2767.9524357949895
prop_e[26],0.11696134224975,0.11695541000000001,0.005151219219376021,0.00503976511500001,0.1085441155,0.12564104299999998,1.0107060007763766,492.6647317134291,1036.089437275245
prop_e[27],0.248294788545,0.2494729,0.015282054025206592,0.014082987596999988,0.221745347,0.271031027,1.003689808907707,1358.4880846624928,2314.302942359784
prop_e[28],0.4602591950725,0.46058881500000004,0.016079643403672465,0.016157011562999972,0.43430363499999997,0.48557362499999995,1.002628158653004,1029.28322405654,2109.944896036635
prop_e[29],0.5676804135225,0.568288235,0.016005174198835976,0.015442309407000003,0.5404742185,0.593502379,1.012518389930469,759.9733170970719,2138.9317454626603
prop_e[30],0.094981710468,0.0949578895,0.004105475401698582,0.004112990372400006,0.08824901845,0.10179007999999999,1.017827381544294,313.5394738707097,1051.4461150583907
prop_e[31],0.2877396263375,0.28776057499999996,0.011375212772064842,0.011463107376000006,0.2689565475,0.3064762755,1.0049954464381048,1201.2776112544072,2292.294722604708
prop_e[32],0.6225305147,0.622428125,0.01602500361509158,0.015555038897999965,0.5960497535,0.6492494775,1.0011379187005593,1624.3436455425078,2396.810168978007
prop_e[33],0.154565415075,0.15484012,0.008099429243824247,0.007599474014999998,0.141133978,0.16700849549999996,1.0087529611153672,797.4054300543053,1909.3070630395875
prop_e[34],0.139812572375,0.13985755500000002,0.005967641488370742,0.006127711820999992,0.130127512,0.14944100200000002,1.016228372600285,420.0914490320292,1192.840394375735
prop_e[35],0.3815901050725,0.38176905,0.013237305211856057,0.013519043621999984,0.359824951,0.40368586,1.0089256437623757,585.9244385767726,1363.3024088543002
prop_e[36],0.2123434270275,0.213588805,0.014400732040353977,0.013412548464000012,0.186911898,0.2336427485,1.0034203015343706,1125.5348697687537,2039.431539571782
prop_e[37],0.0789123710225,0.07893434199999999,0.004044248938409679,0.003976514818499992,0.0722659377,0.08555089955,1.0152157384910159,657.5810904509278,1854.0822855805457
prop_e[38],0.13511269541425,0.13538329,0.008134262299270346,0.007813769018999975,0.1217308515,0.1477680845,1.003523623932015,1109.5533142533545,2038.8673496980878
prop_e[39],0.2329225746225,0.236218215,0.030305271709387016,0.029123564294999994,0.177927365,0.2765451485,1.0040924941299185,1509.2117611162332,2187.63689015421
prop_e[40],0.2300873190825,0.23261248499999998,0.020385602415474414,0.018791665893000017,0.193811764,0.2586930855,1.0033292562655707,1560.5623793407608,2459.785924742825
prop_e[41],0.3034497957775,0.30567288,0.02219727252593824,0.019738469078999992,0.2647542425,0.335318632,1.0017392390027446,1282.0119816346435,2233.904200366739
prop_e[42],0.2056903002175,0.20740541,0.01685973899682843,0.015336525897000006,0.17522226900000001,0.229981625,1.0018901448807565,1233.915525707661,2024.6977767299845
prop_e[43],0.4092832164575,0.413958135,0.039864587706039345,0.036846939192,0.3350759715,0.4655580185,1.0049299057980434,1665.9834043229366,2365.2766545930144
prop_e[44],0.4913717623175,0.49152129,0.016780212385854795,0.016788695531999975,0.464147754,0.5186523125,1.00396467688998,1141.900235734865,2646.4681624288096
prop_e[45],0.314182288195,0.314128845,0.012151261280912415,0.012003389055000016,0.2945005025,0.33471860999999997,1.0092273732222292,624.076839338803,1759.4807948980003
prop_e[46],0.3419779496475,0.34191308,0.014978373281089459,0.015053660642999971,0.317912688,0.36606674650000004,1.0031249395519577,1132.4748333276532,2181.5769974657665
prop_e[47],0.240251627755,0.240106425,0.010354308289945187,0.01037350757099999,0.22349263400000002,0.257544835,1.0023879498066806,1122.2726226149846,2221.4513402975085
prop_e[48],0.614263761525,0.6147454,0.018507152434640083,0.01895504841300002,0.583744508,0.6443165660000001,1.000602320459471,1343.7510915567948,2226.474555399331
