param,mean,sd,q05,q50,q95,ess_bulk,rhat
nu,5.66719353505,0.0806476127619823,5.535828455,5.6663041,5.80281208,2895.2216466339037,0.999898557616552
Lambda_a.1.1,0.719151854945,0.017406550903323593,0.6907265125000001,0.718643295,0.7482330505,516.866084969276,0.9999149520702478
Lambda_a.2.1,0.3040178610825,0.018351717131409196,0.273068528,0.30473858499999995,0.3343750255,239.51945596759714,1.0007968257267552
Lambda_a.3.1,0.821208044285,0.017977685377031413,0.7929487734999999,0.82036706,0.8514444419999999,338.46314174983837,1.0011341448635684
Lambda_a.4.1,0.353611246275,0.023238111984804695,0.3142765615,0.354398785,0.39121377199999996,183.64301202726813,1.0017608811497403
Lambda_a.5.1,0.77494083434,0.019654472937473945,0.7425546274999999,0.77495419,0.807818339,204.06544465908127,1.0006104480088345
Lambda_a.6.1,0.48236859596,0.023979942070814952,0.4437953625,0.48232561,0.522275514,326.94202364473585,1.000389026853208
Lambda_a.7.1,-0.3428179797925,0.027434692396367075,-0.387475176,-0.34261810000000004,-0.297617624,150.74985128880562,1.0283846706067974
Lambda_a.8.1,-0.47144680459,0.0266828771293137,-0.5151661710000001,-0.471531665,-0.42681035550000007,149.84604127197548,1.0265097279774942
Lambda_a.9.1,-0.7276505675,0.022846680565588227,-0.7648759265,-0.72786414,-0.6890724490000001,164.97218705965807,1.0206743650918122
Lambda_a.10.1,0.246931215345,0.02714758589142893,0.201679943,0.24728919,0.291313138,174.71024998459575,1.0058139206241166
Lambda_a.11.1,-0.4505813054825,0.026405910161381527,-0.4936778075,-0.45074794,-0.406379727,163.8493433010801,1.025651583743321
Lambda_a.12.1,-0.7424206136475,0.021357701005831998,-0.777372231,-0.7421163850000001,-0.7076746595000001,251.91280573353964,1.0039633937252361
Lambda_a.13.1,0.290305587215,0.01876366373129018,0.25838924150000003,0.29073505,0.3200646145,179.85043257990742,1.0018331990932374
Lambda_a.14.1,-0.7322519721725,0.021642457242510994,-0.767011069,-0.7320749,-0.6971980375000001,194.8296918945226,1.0132616943296073
Lambda_a.15.1,-0.46145989923,0.02388080322780931,-0.50190125,-0.46093180499999997,-0.42260723,177.59894824818448,1.0237418284823339
Lambda_a.16.1,0.3332670083875,0.023810080284229092,0.29374264250000004,0.33371108,0.3721483345,175.5717503494228,1.003561168382981
Lambda_a.17.1,0.115385558949,0.022263859963367553,0.0774510399,0.11559841,0.1508584425,316.63802541479674,1.0079705517540718
Lambda_a.18.1,0.0342414954392445,0.028437655473084817,-0.011951118649999998,0.034135556,0.08207608974999998,222.15433271917064,1.0024909285929495
Lambda_a.19.1,0.3617781752975,0.025568789654996257,0.319702306,0.36243488,0.4032713525,157.32862848117696,1.0017641360184864
Lambda_a.20.1,-0.2264816201425,0.02626163784417149,-0.26983297900000003,-0.227070905,-0.1829389145,171.14802777422338,1.024336028528165
Lambda_a.21.1,0.048375820271645005,0.020929069521139248,0.012837741350000006,0.0490124255,0.08280041749999999,253.29132858246058,1.0133866702033374
Lambda_a.22.1,0.4209353523575,0.02640524207828709,0.377433209,0.421035885,0.4636039165,186.47764386204128,1.0027684736008398
Lambda_a.23.1,0.21016516806,0.024320538211168342,0.1697257905,0.210620215,0.24907159799999998,268.8644152767054,0.9998437583326313
Lambda_a.24.1,0.1849337464325,0.02298006077279058,0.147699046,0.18532100499999998,0.22280333949999998,280.1188761328448,1.0007610070916075
Lambda_a.25.1,-0.2003469138125,0.01798402441184162,-0.229723025,-0.20026570500000002,-0.1710721885,729.1667488608869,1.0027243582729934
Lambda_a.26.1,0.776310747475,0.019253691367477954,0.745851084,0.775816625,0.8085543145,215.599679742428,1.0010840894549888
Lambda_a.27.1,0.3093369748025,0.0242272268502911,0.269082415,0.30980003,0.34862439850000004,265.1362234454264,1.0053955988222778
Lambda_a.28.1,-0.5694643796225,0.019143612221857228,-0.6011668635,-0.5692571799999999,-0.5387387779999999,635.837505139177,1.0000413963099035
Lambda_a.29.1,-0.4568073632775,0.01809772242898804,-0.48622076999999997,-0.456683995,-0.427440559,305.5995629660729,1.0010626840053747
Lambda_a.30.1,-0.832514137265,0.02026124876493555,-0.8662950385,-0.83204742,-0.799942903,172.43632610179066,1.0035727825678493
Lambda_a.31.1,-0.19708087838675,0.023613326799124933,-0.23659242800000002,-0.19666749,-0.1597932605,454.1099991540866,1.0071000082833819
Lambda_a.32.1,0.15242824364025,0.02021345139779838,0.1198779465,0.152139585,0.18559444749999998,404.8598641567171,1.0023774313091212
Lambda_a.33.1,-0.8141384172025,0.018731578017381765,-0.845050972,-0.813753835,-0.7834104295,221.01163950081894,1.0003046843293122
Lambda_a.34.1,-0.6817269594875,0.022687165850247378,-0.7193459139999999,-0.6813311550000001,-0.6446829035,187.14412485856238,1.0003542097780496
Lambda_a.35.1,-0.500732693975,0.022256071449467257,-0.537942673,-0.500775465,-0.46444594050000004,205.39391057791968,1.0011526726895037
Lambda_a.36.1,-0.6085652201175,0.021254291479323482,-0.6426537889999999,-0.608697035,-0.5734928575,834.1392300969112,0.9997824509880314
Lambda_a.37.1,0.6008128950225,0.024287062108832518,0.5603331065,0.6013969,0.6410876705,179.75126115712442,1.0032954298450052
Lambda_a.38.1,0.25555239235,0.024329755303338068,0.21553119199999998,0.255540475,0.29640398349999997,329.9870049412372,1.0002242850093712
Lambda_a.39.1,0.4575303971725,0.016900882118568713,0.429986356,0.4574162,0.48574253399999995,300.7140670011489,1.0055444531062088
Lambda_a.40.1,0.39747318061,0.021538586534717605,0.3613345885,0.397792125,0.43261489750000004,416.3149220170432,1.002038842136823
Lambda_a.41.1,-0.2612130211325,0.020129258623992428,-0.29418975849999995,-0.26127943,-0.228803066,1093.9496924254177,0.9998763234041167
Lambda_a.42.1,-0.6801641426975,0.01885389113253143,-0.7115915885,-0.67989294,-0.649744077,605.2369661423319,0.9997624553640917
Lambda_a.43.1,-0.380100307365,0.018642896307651004,-0.4104030735,-0.38015545,-0.34919136,350.7451910357602,1.002458947485444
Lambda_a.44.1,-0.4180147676775,0.018961076511461943,-0.449778478,-0.417896335,-0.38720716850000003,504.36457270966054,1.0061346036417502
Lambda_a.45.1,-0.46931205679,0.022813172199565416,-0.507169803,-0.469275075,-0.432314465,282.4644665048177,1.0039125680328436
Lambda_a.46.1,0.091972698070875,0.02357881707608327,0.05344555545,0.09177123449999999,0.13052224549999997,809.0494605999814,1.0022979164916173
Lambda_a.47.1,0.3927678561325,0.023815223277418113,0.35293475,0.39303139,0.4317673035,434.0142543429093,0.9998520239492996
Lambda_a.48.1,-0.1829959871875,0.019871093380788917,-0.2158657915,-0.182826605,-0.1506053405,1487.9207967080783,1.001005434025379
Lambda_a.1.2,0,0,0,0,0,NA,NA
Lambda_a.2.2,0.442285261205,0.014618363500771269,0.4186092945,0.442335335,0.4666362615,838.0461060971917,1.0006455111456025
Lambda_a.3.2,-0.020966349057938576,0.016811772325548646,-0.04861051165,-0.0207731655,0.006152501704999983,342.8278553308694,1.00116799493816
Lambda_a.4.2,0.65113190881,0.016511764832007402,0.6239058545,0.651012375,0.6784502615,592.2484566286986,0.9997544897639832
Lambda_a.5.2,0.248643206255,0.018229247419946863,0.21812192300000002,0.24842354,0.27835139799999997,366.2350972029865,0.9999271413832619
Lambda_a.6.2,-0.5137181716775,0.01943100442565712,-0.545411262,-0.513596575,-0.4819033085,1094.7564035121418,1.0002985509479532
Lambda_a.7.2,0.36320324939000004,0.028780954463858508,0.3170502205,0.362896685,0.40937838,81.3295849110335,1.0226157265792557
Lambda_a.8.2,0.301790589095,0.02836028537722935,0.25577879400000003,0.301014805,0.34737930399999994,74.72889155353532,1.0232734860802346
Lambda_a.9.2,0.073780298625725,0.02422125990501059,0.03461389150000001,0.0730847305,0.11390148449999998,91.58319483772614,1.0114089548819887
Lambda_a.10.2,0.6840373052425,0.020846017581923015,0.6493814625000001,0.68418307,0.718511833,587.717768429349,1.006468995641145
Lambda_a.11.2,0.087191395180575,0.029455230291626434,0.0388733772,0.08648753249999999,0.1348434455,81.47538474899147,1.0217208372684878
Lambda_a.12.2,-0.020063664676645002,0.022137876557061655,-0.055905382149999995,-0.020803232999999997,0.01735047224999999,205.42678694902966,1.0022389102120888
Lambda_a.13.2,0.4813843455225,0.01505406830680204,0.456777057,0.481516665,0.5060867090000001,684.5556512271944,1.0046970247433904
Lambda_a.14.2,0.2605112468375,0.02075253629783775,0.22663053600000002,0.25978339500000003,0.29576746249999997,158.13684620493962,1.004903103997044
Lambda_a.15.2,0.1941237536725,0.024876794476423558,0.15306071799999998,0.19332797000000002,0.23490277149999997,138.8740273188637,1.011240434591572
Lambda_a.16.2,0.6792369695475,0.01760740229841865,0.6506088190000001,0.679143665,0.7091125600000001,466.04687410309884,1.0008200139268242
Lambda_a.17.2,0.4570720899425,0.020344808580019608,0.4230017625,0.457125245,0.49103939399999996,488.98856415733417,1.0055165042593206
Lambda_a.18.2,0.75517615449,0.02325837908395086,0.7179246785,0.7552079549999999,0.7944409205,181.79340602500648,1.0121227846402296
Lambda_a.19.2,0.75661113899,0.017628281640703455,0.7280105035,0.756303305,0.7856234310000001,471.6185856490436,0.9999069421905565
Lambda_a.20.2,-0.16148770935675,0.02986329475610238,-0.2105185255,-0.16153936,-0.11287405300000003,90.02791177603177,1.022822683467239
Lambda_a.21.2,0.3579756193525,0.01940634417180932,0.3259287065,0.35828698999999997,0.38916058699999995,188.92783868939057,1.0141744315630494
Lambda_a.22.2,0.68051028335,0.021366321301015654,0.645572971,0.680562105,0.7161629485,265.91564170512856,1.0027072724616322
Lambda_a.23.2,0.5921553231475,0.019542269676701866,0.56065909,0.592116155,0.624866265,661.5001239921758,1.000837034497263
Lambda_a.24.2,0.535600760655,0.019294943433887126,0.503743191,0.53572182,0.5675839054999999,500.02731847316005,1.000638661303144
Lambda_a.25.2,-0.0751446822144,0.01914242409937615,-0.10654405599999998,-0.0752618305,-0.04280484695,408.78259350831905,1.0053685352520993
Lambda_a.26.2,0.1916073264875,0.01848063649319403,0.1612734695,0.19139509500000002,0.22205920299999998,280.77609630132014,1.0007527706448578
Lambda_a.27.2,0.36034442674,0.02302651014478254,0.323089497,0.360316775,0.39814918699999996,251.2340138258804,1.0079190135973521
Lambda_a.28.2,-0.1272089101245,0.018639417446877263,-0.157913189,-0.12740257,-0.09604079890000002,751.8462218356328,1.000162403459447
Lambda_a.29.2,-0.28028749746,0.016463295605237335,-0.30751574000000004,-0.28026397999999997,-0.2534888805,449.48096967612025,1.0010999339813045
Lambda_a.30.2,-0.2129003916375,0.019525441115518988,-0.24391952149999999,-0.213181545,-0.18039149200000001,176.80646337151074,1.0020707207241493
Lambda_a.31.2,0.3532759636625,0.023557028079194294,0.315145989,0.352778095,0.393521461,769.380195110214,1.0011060283638231
Lambda_a.32.2,0.3867922972875,0.018155486210332642,0.356840843,0.38644835,0.417058025,1489.5768551558438,0.9999743799059279
Lambda_a.33.2,-0.2055443725625,0.017651232298577457,-0.2346252355,-0.20561707499999998,-0.17603433850000003,337.43685477596586,1.0008520259782085
Lambda_a.34.2,-0.4750862589075,0.019210520255446513,-0.5069450139999999,-0.47544281,-0.4431266305,427.6219915611018,1.0008127456856175
Lambda_a.35.2,-0.4660497930725,0.018897119752862315,-0.497107974,-0.465800885,-0.434896814,295.7163643626967,1.0010466389795991
Lambda_a.36.2,0.2336022087675,0.020653429220639986,0.19944966349999999,0.233393725,0.267280737,710.0822434783477,1.0054397187360067
Lambda_a.37.2,0.5210431882425,0.021395471046333672,0.4841409765,0.52168355,0.5551610035,312.3359554613289,1.0020262584716237
Lambda_a.38.2,-0.5419420117175,0.02061887711648256,-0.576170691,-0.54150676,-0.5075202075,575.226023552434,1.00121723358202
Lambda_a.39.2,0.1104470208145,0.017257783213141826,0.08148827865,0.11058765500000001,0.13838099199999998,294.00855395259464,1.0029876659794421
Lambda_a.40.2,-0.130624712149,0.021424421431378328,-0.166572081,-0.13035064,-0.09579933025000001,421.07926820215476,1.0029849657130514
Lambda_a.41.2,-0.03634633439948275,0.02002485508859078,-0.0697511886,-0.03677341,-0.002923486930000002,832.532047622925,1.0001308807551446
Lambda_a.42.2,0.2536437180575,0.01803174706208317,0.2236001595,0.25346367000000003,0.2831718155,538.4553249156597,1.0038815898151088
Lambda_a.43.2,-0.225869753575,0.018047472612612213,-0.255370591,-0.225625885,-0.19585452750000001,302.65324712792255,1.002383737307695
Lambda_a.44.2,0.15098781311625,0.01875735645411218,0.119792644,0.15080802,0.181664049,346.02330763498003,1.0018690796462288
Lambda_a.45.2,-0.4130192984875,0.020105338207824855,-0.445300652,-0.41298307,-0.3798513995,470.2286038685142,0.9998548593405061
Lambda_a.46.2,-0.068094586651485,0.024048454895364925,-0.10862744399999999,-0.06794963849999999,-0.028104852700000023,718.2399325352484,1.0013932362393165
Lambda_a.47.2,0.370057089575,0.022784996424994264,0.3327478815,0.369852165,0.407869065,720.3006329879437,1.0010185039257598
Lambda_a.48.2,-0.1150970855625,0.01907465176125785,-0.1465339315,-0.114788265,-0.08354253649999999,2104.700890187623,1.0008655601476073
Lambda_a.1.3,0,0,0,0,0,NA,NA
Lambda_a.2.3,0,0,0,0,0,NA,NA
Lambda_a.3.3,0.13529953421175,0.012353388395599714,0.1154020845,0.13534834,0.15604395549999997,429.4631255383612,1.0177098721410036
Lambda_a.4.3,0.0659441012263375,0.018857429534624028,0.033956461800000004,0.066315289,0.0965300829,208.50244938874786,1.0172000265345722
Lambda_a.5.3,0.12051766924375,0.01635453139272949,0.093673911,0.120672945,0.146798269,872.1833665519171,1.0012716162019304
Lambda_a.6.3,-0.014771285804392248,0.022551204604855737,-0.05124477205,-0.014981159,0.023311811699999976,186.49372056138859,1.0244158264211602
Lambda_a.7.3,-0.7413909201625,0.018931971239346694,-0.7727004855,-0.74123158,-0.7105165935,294.82193244487223,1.016635715340588
Lambda_a.8.3,-0.7296523950275,0.018323898140349543,-0.7600640095,-0.7296855600000001,-0.6995380615000001,282.95226512475386,1.0174253967164324
Lambda_a.9.3,-0.552667300955,0.017045849973200692,-0.581053271,-0.552587015,-0.5246440385000001,359.22030537024034,1.0137354055235968
Lambda_a.10.3,-0.1814965903055,0.023297688337124468,-0.2202678185,-0.18105482,-0.143652998,240.4712439657572,1.011438115152129
Lambda_a.11.3,-0.7629809029175,0.017305990857243346,-0.7914972084999999,-0.76278966,-0.734699842,573.9325845389395,1.0050236944318895
Lambda_a.12.3,-0.33495704142,0.01890902199254183,-0.366885964,-0.33462881499999997,-0.30455884400000005,481.41092244396623,1.0053977603720399
Lambda_a.13.3,-0.07482294397349999,0.015992521227176152,-0.1013989735,-0.07464323349999999,-0.04868447420000003,287.2589142738239,1.0112069351315873
Lambda_a.14.3,-0.3940975985975,0.018314534013745606,-0.42471005500000003,-0.39384806,-0.36470796550000006,224.61214789485098,1.0285892538067702
Lambda_a.15.3,-0.542345657335,0.019858053068242777,-0.5751207709999999,-0.542143045,-0.5095398895000001,440.165800429485,1.0122848818037413
Lambda_a.16.3,0.1230146845095,0.019768878246336857,0.0897465963,0.123368265,0.15463259799999998,183.26551213381038,1.0169697898288927
Lambda_a.17.3,-0.252991044145,0.020524592245524755,-0.2869532205,-0.25279878499999997,-0.2195700395,384.30240063684107,1.0069954984724978
Lambda_a.18.3,0.40505706255,0.02429365991254149,0.364735514,0.405596905,0.443947414,107.54250726880572,1.026777587197799
Lambda_a.19.3,0.0736235221534,0.020850024089590104,0.03803604315,0.0743536845,0.10863704349999999,156.48420267830966,1.0207047311483741
Lambda_a.20.3,-0.7269604574225,0.019140103862673806,-0.7585142355,-0.72689676,-0.6952073304999999,776.6313650718605,1.0009836610818679
Lambda_a.21.3,-0.340232639175,0.017534318298169642,-0.3692786885,-0.34024624000000003,-0.311011244,482.67290378940436,1.0073138516818534
Lambda_a.22.3,0.3091894587775,0.022124871750139538,0.2713107475,0.310039465,0.34471075949999996,178.45896016451573,1.017352944088738
Lambda_a.23.3,0.0858622631967,0.021659737696105092,0.04992081365,0.08584212050000001,0.12114650649999999,205.09165684778546,1.014087880731722
Lambda_a.24.3,0.18407503957500002,0.02055606392360941,0.1504794345,0.18397258,0.218107904,235.59527408623114,1.0166612120223844
Lambda_a.25.3,-0.255878423565,0.017180437601764326,-0.2837129995,-0.256286995,-0.22714819300000008,2249.71258111259,0.9999316404754531
Lambda_a.26.3,0.1796116661675,0.015717836570643833,0.15370284799999998,0.17963381,0.20572710699999996,679.8045988556129,1.0034467914365675
Lambda_a.27.3,0.38363917684,0.02097404357598706,0.34916828699999997,0.38359912,0.418681607,755.7394446146092,1.0032950879437021
Lambda_a.28.3,0.023403500698032126,0.017982031218730616,-0.00542367706,0.023288708499999998,0.052633578150000006,1082.107153975195,1.00138038086505
Lambda_a.29.3,-0.15876630623,0.015521542154303122,-0.1846861885,-0.15863947,-0.1335611515,897.433528695466,1.0016902397956153
Lambda_a.30.3,-0.2960116049075,0.015356807290259367,-0.321299421,-0.295819065,-0.2710532775,518.1713608928335,1.0022155617959667
Lambda_a.31.3,-0.170404949581,0.024202570907463195,-0.20947734050000003,-0.17019115499999998,-0.13093941200000003,601.9872310975023,1.0026257056153614
Lambda_a.32.3,-0.055630191923865,0.0194531089571382,-0.08863880934999999,-0.0554003545,-0.024573049800000007,556.3853572210218,1.0062592407834057
Lambda_a.33.3,-0.1132599146345,0.0158940232428575,-0.1390978555,-0.11323673000000001,-0.08771885265000001,599.888159979075,1.0057900561696027
Lambda_a.34.3,-0.060466928985615,0.018734003080777297,-0.0910802209,-0.0604551535,-0.029378909449999997,516.5838368572855,1.0022503935293587
Lambda_a.35.3,-0.239856228125,0.018331472791857335,-0.26916632649999994,-0.239975545,-0.209772038,381.46964846419303,1.0061402443915402
Lambda_a.36.3,0.13193134053025,0.021814200190240576,0.09545651885,0.131773825,0.1683291455,336.28680951380704,1.01883493377925
Lambda_a.37.3,0.2640316824825,0.020096962594393617,0.23127100650000001,0.2638818,0.29739948499999996,339.78682763220246,1.0040174705150238
Lambda_a.38.3,0.11500617513424999,0.02322329439128417,0.07791979665,0.11407574000000001,0.15426718199999995,258.98355786261976,1.007019271167604
Lambda_a.39.3,0.2240234732925,0.015290343744719456,0.199229022,0.2241448,0.24910886849999997,941.8571098812196,0.9999493725991987
Lambda_a.40.3,0.2430260538125,0.020209782400445894,0.2089565405,0.24304483999999998,0.276199626,574.5187833294942,1.0117345292115565
Lambda_a.41.3,-0.06338980223665175,0.021510191423925303,-0.09959501625,-0.0632349665,-0.02894404915000002,991.6708735973194,1.0001010950584206
Lambda_a.42.3,0.11148107563975,0.01891154782356019,0.0802054392,0.11169061999999999,0.1426665835,106.96052969742966,1.031647545761228
Lambda_a.43.3,-0.2732521564275,0.016546317260628114,-0.3005577735,-0.27355448,-0.24563087300000003,903.2750503073681,1.0002730492009164
Lambda_a.44.3,-0.1863796100225,0.018730885791558675,-0.217191985,-0.186137505,-0.155619558,617.9485171470767,1.0128627465757987
Lambda_a.45.3,-0.220808792945,0.02074566269428603,-0.2539275655,-0.221062845,-0.18729048850000002,687.057511789721,1.0005401011218253
Lambda_a.46.3,0.19029076532,0.023240447212501313,0.15214701699999997,0.19039124,0.228377425,899.5928717490283,1.0005706976784918
Lambda_a.47.3,0.13418971349525,0.022655485973455465,0.09779214759999999,0.13429617,0.1713374405,766.7127962961318,1.0021464325250868
Lambda_a.48.3,0.03117094669725825,0.019448616761604063,-0.0012148110199999998,0.031074522,0.06349052169999998,1791.2991040926727,0.9998433876004124
psi_a.1,0.301774025655,0.014435510234747874,0.278350263,0.30156265,0.32594766199999997,798.4710420903596,1.0048839393860662
psi_a.2,0.14739087182475,0.02211549500795866,0.11029522400000001,0.147978255,0.182743075,837.2787181686301,1.0000232667393723
psi_a.3,0.288783062965,0.011856346013812353,0.2695489165,0.288374905,0.30865980649999997,640.5415125665928,0.9997760249563731
psi_a.4,0.18941952213,0.014153538525171006,0.166732639,0.18925521,0.21300132449999998,923.0064049735291,1.0001988564298658
psi_a.5,0.3566418343325,0.01054298956581169,0.3395956445,0.35669801,0.3740825415,1284.6507656285683,0.9997570518956946
psi_a.6,0.4604145693375,0.015590735219238927,0.435944719,0.46012545000000005,0.4868532355,743.2260815798044,1.0004273586068761
psi_a.7,0.03598050113261175,0.01818011857228781,0.0059015960600000035,0.0364407805,0.06538146825,545.7549646808931,1.003481987484252
psi_a.8,0.006592114903539888,0.004928076926919578,5.538224555000001e-4,0.0055815884,0.01592093454999999,2878.248121147072,1.000250687351094
psi_a.9,0.18058869291,0.007497318724014356,0.16830411350000002,0.18043312,0.19307974449999998,1523.6208303149701,0.9997959898189103
psi_a.10,0.4498084242825,0.012724136475753859,0.4293067975,0.449472905,0.47115360300000003,1453.7918462004814,1.0010751967373712
psi_a.11,0.1665087819875,0.008957498731020983,0.1515297205,0.166457845,0.1812200255,1369.00185991499,1.000664091910319
psi_a.12,0.42453698988,0.011041770871381607,0.40658478150000005,0.424306255,0.44286291,1414.06897455552,1.000900869510652
psi_a.13,0.2947148540375,0.010023995567495914,0.27843198750000003,0.29474737500000003,0.311216192,1317.0105591087474,0.9998294356616836
psi_a.14,0.22189138644,0.009342043943113693,0.2069604525,0.221616735,0.23773871449999998,879.3215594945913,1.000028325553282
psi_a.15,0.4113393198175,0.010962212361593721,0.39313102699999997,0.41106518000000003,0.429704036,1372.8514963334742,1.0001523299960766
psi_a.16,0.2021226535625,0.013044189914295352,0.1801643375,0.20238915,0.2231703575,852.4855555238661,1.0011736289562865
psi_a.17,0.45452433823,0.014105900004420406,0.43168029849999995,0.45444167,0.4784344635,1465.967386842153,1.0001745112444924
psi_a.18,0.373006751635,0.012537820251869208,0.35250514800000005,0.37283408,0.3939735905,847.6287541815581,1.0006144181793888
psi_a.19,0.1842400433325,0.012086712069019519,0.1646287865,0.18422970500000002,0.2044115735,875.1284879215054,1.000113512390858
psi_a.20,0.383044909505,0.012609816959848759,0.3623627575,0.382861315,0.4046027665,1109.120453585411,0.9999228403112825
psi_a.21,0.32213377202,0.014701008516559196,0.298471651,0.32191991,0.34673546450000003,1512.0858554336717,1.0001670124936515
psi_a.22,0.3827880327375,0.010718499469533179,0.3654520435,0.38255557500000004,0.40084424499999993,1309.0947663398836,1.0005405234262428
psi_a.23,0.50031035887,0.013549555628364223,0.47856118550000004,0.500249115,0.5227443595000001,1165.52070005477,0.9999091719768131
psi_a.24,0.4493602774075,0.013265362076503527,0.42774415050000003,0.449474255,0.471099521,1194.8526232391919,0.9999540016978086
psi_a.25,0.3838005053975,0.016934665975224115,0.355901272,0.383914505,0.411938654,1103.9946930879187,1.002614930544542
psi_a.26,0.3433147414825,0.010037561634163097,0.3267431185,0.34317557,0.359877514,832.9131215093881,1.0001479196687142
psi_a.27,0.5315820294475,0.01477126284569509,0.507644073,0.531336595,0.5556895605,1171.0820371373686,0.9999247868432761
psi_a.28,0.4015230485375,0.015078234722398954,0.377214515,0.40146642,0.426768396,1415.872648563097,1.0009593119328497
psi_a.29,0.2536059309725,0.015355736161626462,0.2279283185,0.253755055,0.2788266115,1281.666912416048,1.00147064225311
psi_a.30,0.2216970444275,0.008288588637945377,0.20830105200000001,0.221589795,0.23562719899999998,1011.812040952915,1.0002800580945648
psi_a.31,0.701989141505,0.01695697211596582,0.674462985,0.7017565649999999,0.730241553,1013.4660689748674,1.0004354886124498
psi_a.32,0.407496164365,0.016798988563365546,0.3805941335,0.406832395,0.4355415625,1482.205873108507,1.0007864639251833
psi_a.33,0.255514798335,0.010095798319476858,0.2390674055,0.25523249,0.2722667165,872.0639142155449,1.0001344767047207
psi_a.34,0.3635236329625,0.010651933528557115,0.346204839,0.36343935,0.38101058099999996,1447.9018817324295,1.000537601748017
psi_a.35,0.270358736555,0.013785740532240975,0.248155378,0.270163165,0.29317269999999995,1101.2275865936074,1.0001758464697108
psi_a.36,0.5368283549175,0.014957039647701318,0.511993461,0.53667299,0.5616723265,932.7777906711772,1.0018091035581989
psi_a.37,0.4293090140525,0.010909417327455964,0.41189679749999997,0.42925616499999997,0.44768959199999997,1094.1615774826894,1.0010472569479913
psi_a.38,0.570861814025,0.014441202120756188,0.5480574165,0.570503545,0.5951108525000001,967.8935496638529,1.0025032190126781
psi_a.39,0.37355320481,0.011199321977631559,0.35546416200000003,0.37334628000000003,0.39243370850000003,1284.0573263317217,1.0002644051293332
psi_a.40,0.59734647917249994,0.015045957278705781,0.572713138,0.5970655250000001,0.622360421,1301.5115331681702,1.0002950477915367
psi_a.41,0.64248152854,0.01614225616412632,0.6154408115,0.64250571,0.6688656635,1020.0730411460577,1.0008507846979853
psi_a.42,0.3596340138825,0.013233022977736195,0.337706375,0.359625735,0.3811141985,914.4536928415379,1.0010808303044476
psi_a.43,0.32453045243,0.015082273591313604,0.300275148,0.3246002,0.34903155399999997,1303.1297724496599,0.9997806307684953
psi_a.44,0.436580849955,0.015512038026930122,0.4115043565,0.43627031,0.462653059,1211.016163008791,1.001383290144752
psi_a.45,0.463160640785,0.014459075624474809,0.4397873165,0.46306287,0.48742254599999996,1122.5442323311122,1.0013475856099618
psi_a.46,0.7418518305425,0.018271919826501882,0.7123441540000001,0.7419133499999999,0.771951925,1108.7952513392693,0.9998403476842265
psi_a.47,0.6618298064275,0.016564213564014593,0.6348719045,0.661799555,0.6896691349999999,1131.4269642722672,1.0005506079467648
psi_a.48,0.526437175825,0.0176518577833493,0.497453986,0.52629804,0.5557006755,1430.1641823627601,1.0005995296185313
sigma_b.1,0.0323390380828325,0.015034744064567658,0.01037277895,0.030979435,0.058157302149999986,1291.7977318482172,1.0005049504401136
sigma_b.2,0.08214704912575,0.024648739551464332,0.04944068355,0.07892249300000001,0.12630161749999996,1765.6070091881256,1.0000724029768604
sigma_b.3,0.0162379249518973,0.009664257056079885,0.0021325898,0.0152097925,0.03386030964999999,1242.9542721717469,0.9999184537326926
sigma_b.4,0.06591814877425,0.019756487277695686,0.04002952665,0.0629788905,0.10344284749999996,1516.9400590725502,1.0010898196939755
sigma_b.5,0.074979214290249993,0.021071450829485718,0.04870693285,0.071020321,0.1139376495,1947.6131071112995,0.9999308532674684
sigma_b.6,0.018770153738272,0.014175569580811382,0.0014666222550000002,0.016225997,0.04577645119999999,1127.8960876980411,1.0008541518060188
sigma_b.7,0.2097497714775,0.05015918747930335,0.1450968605,0.20166754,0.302064821,1726.3595706733533,1.0004983979496096
sigma_b.8,0.10189597856225,0.026026568502003238,0.0678427006,0.09712493999999999,0.1498534865,1783.5403219314321,1.000556669110374
sigma_b.9,0.048339444962,0.01440033406263734,0.029776551550000002,0.0459781435,0.07414620475,1867.4341403333153,0.99976432023927575
sigma_b.10,0.10669849185725,0.029321544669698642,0.07006746795,0.10128835,0.16153729999999994,1707.4580803355336,0.9999431804287701
sigma_b.11,0.12253215123125,0.03192034242841251,0.0818075796,0.11670689000000001,0.1828805705,1920.8919245978475,1.0001248345831684
sigma_b.12,0.05996213226775,0.017388590957097414,0.037289876449999995,0.0572054875,0.09107570799999999,1796.0710642555057,0.9998544532627709
sigma_b.13,0.68699358255,0.1332808015854438,0.505746387,0.6721302849999999,0.9302670284999999,1990.8895384823422,0.9999743661999148
sigma_b.14,0.204668461823,0.05103506400253656,0.1395783125,0.19630347999999997,0.29842673899999994,1503.0081022284874,1.0002485183166934
sigma_b.15,0.128362872065,0.03301808060430253,0.08486487625,0.12274,0.18831026199999998,1466.4176893587535,1.000368686521031
sigma_b.16,0.0550681467215,0.017579053356626694,0.032469148399999995,0.052435219500000005,0.0865071263,1587.5721465934776,0.9999551785988982
sigma_b.17,0.3821889327175,0.09244829665359963,0.267202597,0.36550018,0.5562565594999999,1456.553756600249,1.0009851259150522
sigma_b.18,0.1068671984305,0.029835216437172532,0.068638161,0.101776565,0.16350175649999998,1874.3504890755357,0.9997958252141431
sigma_b.19,0.102623290855,0.02714065529731439,0.06692985430000001,0.09815799650000001,0.15222941799999998,1589.250635231535,1.0013188183977644
sigma_b.20,0.1828521619335,0.04608405245657854,0.12484074850000001,0.174888685,0.2675904889999998,1527.8543862241638,1.0001309522044746
sigma_b.21,0.29482522812,0.07221501930830129,0.20142917300000002,0.28267228499999997,0.43371645549999993,1583.7047473657935,1.0003969416129401
sigma_b.22,0.360551895905,0.08545099084476816,0.2494998575,0.34639269500000003,0.5182967665,1600.7518392288896,0.9998437722970408
sigma_b.23,0.20392621108,0.04996959469973739,0.14003299300000002,0.195354475,0.2957405819999999,1892.4466957965783,1.000176335693671
sigma_b.24,0.368459105305,0.08836172342400114,0.255939017,0.35401910000000003,0.5297278314999999,1769.4757948548236,0.999819252500775
sigma_b.25,0.1059920636225,0.03054717919624001,0.0659799195,0.101378245,0.16340309449999998,1820.164565376668,1.0011746344338086
sigma_b.26,0.036330774347,0.011590974914282607,0.020898429500000003,0.0345287935,0.05721469009999999,1792.722920635113,1.000975015000435
sigma_b.27,0.32218429588499997,0.07606259082607153,0.221790255,0.31065913,0.46144728549999997,1614.432442825198,0.9998408576042687
sigma_b.28,0.17610612337675,0.04791893394850442,0.1161647045,0.16784854999999999,0.2608964715,1561.7781894538275,0.9998578660052143
sigma_b.29,0.11994442234675,0.033298477211298444,0.0771942578,0.114391695,0.1810669744999999,1531.634284195545,1.0002916216102162
sigma_b.30,0.0898902051465,0.02362055472290724,0.0598117757,0.0855318585,0.13579171949999996,2007.9526980635173,0.9999286117476099
sigma_b.31,0.0771388879915,0.02235164914008871,0.048251737950000005,0.0733423555,0.11805110349999998,1538.1224600941575,1.0001562778779145
sigma_b.32,0.08542574772275,0.02622926338457274,0.05123733925,0.0813770795,0.13292986899999995,1654.2124124146585,0.9999133734353197
sigma_b.33,0.26094173255,0.06518212429734022,0.178484764,0.248430265,0.38457929199999985,1636.7904293027377,0.9998624678808345
sigma_b.34,0.14003811335575,0.03669740199611621,0.0931049023,0.13364182,0.20803262349999993,1633.3424119299702,1.000970137952437
sigma_b.35,0.10161294685775,0.029986075149164407,0.0642249989,0.096264569,0.1565952675,1470.6012213300912,1.000662410993465
sigma_b.36,0.33751753622999997,0.08043738908009646,0.23246945500000002,0.32453034000000003,0.4879573379999999,1713.0824208542351,0.9998177964139437
sigma_b.37,0.217213900105,0.05301849809962719,0.147353186,0.208307935,0.3180684189999999,1608.0364348968333,1.0002668836957682
sigma_b.38,0.2456506864425,0.0589576725164021,0.1675128225,0.23728482,0.353838643,1644.5948419630145,1.0001440620810926
sigma_b.39,0.5302474822625,0.11626595528175865,0.37729176,0.51033605,0.7508235744999999,1566.6819259710385,0.999895939212399
sigma_b.40,0.4113256323025,0.09441730887959418,0.2858528425,0.396205025,0.5857458594999998,1504.3035011307263,0.9999515150892606
sigma_b.41,0.3336721531875,0.07730441548169442,0.231893308,0.32031698,0.47281449899999994,1474.1078635353344,0.9998474428644344
sigma_b.42,0.3940492070875,0.09064489030592485,0.27661103649999996,0.378914545,0.5630713015,1771.2695246615021,1.0004954676849853
sigma_b.43,0.4738015779325,0.10614932882229203,0.3347976455,0.456711345,0.6698915034999999,1742.024942032921,1.0006908141190367
sigma_b.44,0.13459498566125,0.03583125690180434,0.08858312165,0.12890975500000001,0.20028235199999994,1616.1773684087264,0.9998496308310366
sigma_b.45,0.07840573896825,0.022959634890389352,0.04931362040000001,0.07433899299999999,0.12160166299999985,2092.9154218386157,1.0005764413328615
sigma_b.46,0.18503700237125,0.04765832328897065,0.1228640195,0.17720601,0.272242983,1503.690998743583,1.000062981654035
sigma_b.47,0.1530463408495,0.03862101430924334,0.102974094,0.146798695,0.225931082,1481.6924139095727,1.000322998281409
sigma_b.48,0.13802343185975,0.038421732304950725,0.08803455680000001,0.131703375,0.21140970899999997,1307.8157763149525,0.9999047737565845
sigma_e.1,0.427879586615,0.006694228612265105,0.417009609,0.427925475,0.439281124,4312.118266067178,0.9999836778238017
sigma_e.2,0.5892254339775,0.008681848017391984,0.5748342485,0.58926261,0.6033987829999999,3136.126059905583,0.9998022869611528
sigma_e.3,0.2995482895475,0.004836176487525955,0.29175878199999994,0.29953418499999995,0.30766820349999996,3793.170570192724,0.999869180399269
sigma_e.4,0.4397417685575,0.006613935549033975,0.428760313,0.43974903,0.45065837750000004,3172.3693592584327,1.0002303394240575
sigma_e.5,0.30975106862,0.004646486595205311,0.302028158,0.30974885,0.3175786355,4939.705717229341,1.0004943443921388
sigma_e.6,0.4561233786825,0.006702878846657854,0.445067445,0.456168075,0.4672030485,4596.189635386408,1.0000576092255453
sigma_e.7,0.3320288105525,0.004849518703529343,0.324141946,0.332072645,0.34012258,5592.213929557687,0.9997857597652521
sigma_e.8,0.2913263853975,0.004024263182303442,0.284680422,0.291318455,0.2980199365,7988.118040459462,1.0000962072633073
sigma_e.9,0.2725132785525,0.003974874708234639,0.2660419595,0.27247462,0.279040721,5296.64846889775,1.0004253534446637
sigma_e.10,0.3669394766175,0.0054902242534827245,0.358047103,0.36688734,0.37590168150000003,3843.268283331223,1.0009349083944985
sigma_e.11,0.3163296283275,0.004620277862683061,0.30869285500000004,0.31630743,0.32406976649999997,5031.839574994831,1.0001164644992908
sigma_e.12,0.3087306846425,0.004641772999396563,0.3009863325,0.30870871,0.316479491,4246.2867471088275,0.9998687189508997
sigma_e.13,0.3158295510275,0.004697253632162221,0.3080745075,0.31576907,0.32360981,4542.636312358397,1.0001137110885605
sigma_e.14,0.29985875782,0.004311395760958024,0.29284543050000006,0.2997693,0.3070553465,5067.753706131306,1.0001167927088574
sigma_e.15,0.349789652465,0.005228509250408952,0.34132491550000005,0.34974003,0.358595039,4974.395305840585,0.9998259543283706
sigma_e.16,0.4519728802775,0.006519913559478652,0.441116593,0.451905935,0.46277938100000005,5025.351837285879,1.0001541101232327
sigma_e.17,0.4557520771125,0.006673281377484356,0.44476860250000005,0.45567807,0.4669881595,3945.911739263172,0.9998706996339654
sigma_e.18,0.28986815674,0.004524886793690088,0.2824455415,0.289765205,0.29752642799999995,4419.82752110225,1.000325679580124
sigma_e.19,0.374470574575,0.005549325316518829,0.36522786549999997,0.37436919,0.38370942799999996,5139.195836066012,0.999862780267425
sigma_e.20,0.3524529262075,0.005386373433638453,0.343586364,0.35243659,0.361175843,3918.9496990645102,1.0001197757210862
sigma_e.21,0.51444838571,0.007658972174111056,0.5017039755,0.51449134,0.526944273,4333.659415894867,1.000472590275304
sigma_e.22,0.256192683485,0.003935986717090371,0.24988540650000002,0.25610454,0.262662869,3883.9822346489304,1.0015477029512379
sigma_e.23,0.356882462555,0.005487066280495245,0.348066257,0.3569148,0.365888296,4052.7799262176004,0.9997665207902647
sigma_e.24,0.3806034461525,0.006115667807764466,0.3707213005,0.38058880500000003,0.39064895749999995,3663.9464327176556,0.9997814483778071
sigma_e.25,0.61341428739,0.009406856728848624,0.5979636885,0.613376455,0.629180165,3399.4377844359465,1.0002050582410837
sigma_e.26,0.2600458868175,0.004149783270266404,0.253217445,0.25987698000000004,0.2670424125,3677.824023432216,1.0022270370368718
sigma_e.27,0.4036647138925,0.00625332207500276,0.39339383549999996,0.40368265999999997,0.41395575,3267.3766859120974,0.9998498981573974
sigma_e.28,0.539616220085,0.0077707499958348455,0.526887178,0.53958584,0.552548611,4019.3130424428896,1.0001531904671117
sigma_e.29,0.5782693294025,0.008288720165256579,0.564492582,0.57832167,0.591725399,4262.1367394124,0.9999367429332757
sigma_e.30,0.2445428204725,0.003630241454037686,0.23858937049999998,0.24453893999999998,0.250659513,4465.6175694908525,1.0019053306222139
sigma_e.31,0.426125753075,0.006466644136017092,0.41587999550000004,0.42608590999999996,0.436727056,3053.6581377168836,1.0007609322394595
sigma_e.32,0.6122960882925,0.00895307778835772,0.5977519165,0.612421095,0.627219132,4272.335492576686,0.9997624478544916
sigma_e.33,0.3159239123375,0.00457691409013943,0.3086353135,0.31590368999999996,0.3237565115,4812.211286351186,0.9999682168991562
sigma_e.34,0.2976226456825,0.004497406884193349,0.29025969349999997,0.29768397999999996,0.305043549,3849.547928804352,1.001062389486044
sigma_e.35,0.4946436313825,0.007197267554470266,0.4827231885,0.494681525,0.5066387394999999,4524.520254564645,1.0005639203547316
sigma_e.36,0.38226748428,0.00573640213278868,0.372884676,0.382264905,0.391719222,3632.281443976739,1.0017207429841346
sigma_e.37,0.226992075415,0.0036686394439587487,0.2211090065,0.22695009,0.233122875,3807.35414856481,0.9999357533399351
sigma_e.38,0.2776925209825,0.004597626922390365,0.27017990049999996,0.27765005,0.2853140795,3378.6987872430464,1.0000178953660814
sigma_e.39,0.368235992935,0.005741980873796511,0.358721444,0.36826452,0.37758616999999994,3867.0495879280165,0.999999912512624
sigma_e.40,0.3840524239375,0.006075290126142955,0.3741902625,0.38407092,0.39400420550000004,3548.5629010708453,1.000981785247519
sigma_e.41,0.41019011152,0.00656265381809258,0.3994206595,0.41016555499999996,0.42075562899999996,3294.8262613750135,1.0001769579534607
sigma_e.42,0.3675448496525,0.0055340606184666324,0.35870253950000003,0.36750086,0.376887539,4144.91285568222,0.9998425213377483
sigma_e.43,0.5193344595975,0.007685224992708997,0.507079186,0.519136775,0.532121334,3257.3311265566035,1.0012982755499906
sigma_e.44,0.5242503111725,0.007995162591900523,0.511204363,0.52407268,0.5374884645,3426.6195809128026,1.0002481744112623
sigma_e.45,0.443376247235,0.006656871358450521,0.43251393950000006,0.443410645,0.45453787999999995,4043.6426779096814,0.9997874412105201
sigma_e.46,0.461921822775,0.00704852491427624,0.450421796,0.461865835,0.4736446275,2547.5986130028105,1.0004172053992093
sigma_e.47,0.3979896947,0.00610020674644706,0.38814944649999994,0.39789319,0.40799827050000004,3701.9797701832113,1.0002975331871675
sigma_e.48,0.5948210196875,0.008857848721088414,0.5803324005,0.59489212,0.609414542,3674.8415342996987,0.9998945244262025
LLt.1.1,0.5174823027381807,0.025071631366222532,0.4771031154702707,0.5164481854860953,0.5598526979870562,516.866084969276,0.9999149520702478
LLt.1.2,0.21868582059976416,0.014989202845092092,0.19404548706325808,0.2186379284475085,0.24343167671233162,187.22327892143934,1.0007496639229712
LLt.2.2,0.28859345658894764,0.015596037637328473,0.26396722527033434,0.288001165650134,0.3153396136119127,844.061564846602,0.9999284214971053
LLt.1.3,0.5907478568448717,0.02407091572105549,0.553043690411668,0.5895110992185193,0.632364864233899,316.33111848901603,1.0005274726649582
LLt.2.3,0.24050859422003784,0.016144324257081764,0.2144720068600321,0.24020980207432613,0.2677112260791968,434.6569965354581,1.0000415655797037
LLt.3.3,0.6938864532044576,0.029492704751989576,0.6478534531135439,0.6926050772507149,0.7437199853077494,376.79192658259444,1.0002498817356227
LLt.1.4,0.25435895971535627,0.018633095434712962,0.22288159647871855,0.2545388181352384,0.28473148261087255,171.24997681031567,1.0018842199154436
LLt.2.4,0.3959195260927691,0.017019455551137985,0.36964287306314125,0.395079529507297,0.42458534670481407,602.1711171868534,1.0022071627948745
LLt.3.4,0.2858020686748663,0.019850612845346942,0.25468692015665767,0.2852514622881343,0.3190143727679275,286.286619790651,1.0002608153916384
LLt.4.4,0.5545302594616826,0.02428229183511213,0.5166765036563055,0.5536235148544484,0.5952682007251192,659.42001343341,1.0008017631684984
LLt.1.5,0.5574586702418952,0.023667524705759127,0.5201872807315433,0.5564716121076221,0.5975289647237225,246.27813397494006,1.0003461541432421
LLt.2.5,0.34583646456201944,0.017504622847977637,0.31818055187974065,0.3452778040410374,0.37539095614462675,517.3503463116826,1.0002138282668764
LLt.3.5,0.6479331476724468,0.025987629571733464,0.6071208153237483,0.6467782476086694,0.6928038202733109,272.3899314338997,1.0005649947571065
LLt.4.5,0.4443481643059766,0.022170517169619507,0.4088066948700856,0.4435939386818839,0.48189942125531277,389.6944340174403,1.0013470111280358
LLt.5.5,0.6778670772906967,0.029921474589450082,0.630611140904499,0.6766029759357548,0.728267199698402,328.13338783156854,1.0003543277093265
LLt.1.6,0.34699859459406995,0.020958513839555826,0.31383231116614896,0.3463596786303464,0.38218390068968777,338.62199172870066,1.0000943351999871
LLt.2.6,-0.08077320612702947,0.015021969181457309,-0.10607409461004688,-0.08076203776462096,-0.05643217206794475,770.2924528330624,1.0012644434766231
LLt.3.6,0.4052239274784668,0.023521086332597356,0.36741538493802456,0.4049599208819257,0.4443480759173031,455.1290474696486,0.9998087079472529
LLt.4.6,-0.16545013531341798,0.019297163221478036,-0.1970719245218143,-0.1653773105616864,-0.13379248261035767,636.9819337947439,1.0004020221779457
LLt.5.6,0.24433937597533176,0.021930948224848826,0.2091683506244329,0.24387091247240922,0.2802400808568655,512.365666014655,1.0000971558724283
LLt.6.6,0.4982648062586534,0.029227196210153166,0.4512414214083089,0.49797763376569326,0.547106580404654,610.2320111776708,0.9999222467679215
LLt.1.7,-0.2466290518742594,0.02166701791399898,-0.2820598248248869,-0.24637463528427844,-0.21115813549076118,154.61706864294246,1.0246763806183778
LLt.2.7,0.056592231024402466,0.01630802640781449,0.029854051886658604,0.0572534234919815,0.08350858523791363,238.90543798750417,1.0016043484863677
LLt.3.7,-0.3899009093010385,0.024096360626861615,-0.4300811692312498,-0.38921541131940046,-0.3508382953869197,234.3772241013015,1.0108416263837867
LLt.4.7,0.06667031966643497,0.020075844104582862,0.03362495160415123,0.06664146383271355,0.09979920387770709,508.78563124911915,1.0001570083308988
LLt.5.7,-0.26496939186312624,0.02358959805269632,-0.3030960963914675,-0.26485042391019215,-0.22632065577600688,283.2698004974577,1.006801642304591
LLt.6.7,-0.34148596231783324,0.02311159935021886,-0.3790680394177903,-0.3415971685483176,-0.30384798349997105,437.4370340093401,1.0061534699454555
LLt.7.7,0.8010402045013021,0.030735057712387857,0.7516281561002536,0.800629953221667,0.8513730812415815,448.4041406949081,1.0073980342859923
LLt.1.8,-0.3391576589704272,0.022673147682151572,-0.3758015723032625,-0.3387257741854077,-0.30188116362835177,160.52468475502724,1.0201485212335206
LLt.2.8,-0.009730619201450411,0.01620638073856692,-0.03655524086569864,-0.009124326211272002,0.01653900799001237,238.50229392020088,1.0022474933076637
LLt.3.8,-0.49271813370786527,0.025469998322690264,-0.5348199461009648,-0.49222342266589364,-0.4519280245939828,227.8882332918146,1.00883387719619
LLt.4.8,-0.018131118752593725,0.020094440526023653,-0.051171102557064495,-0.018130131219535855,0.014556698447529376,466.018542306493,0.9998920654640503
LLt.5.8,-0.3785939269914176,0.024613891182682094,-0.41786478983304076,-0.378653475729137,-0.33794975282039236,263.2148804486463,1.0053135831072035
LLt.6.8,-0.37214197949015604,0.02388089559828017,-0.4114170367324817,-0.3725988210259038,-0.3330547343362101,402.97545525076174,1.0057044878417074
LLt.7.8,0.8139919922458673,0.030464151426222986,0.7643508406270237,0.8140690828378778,0.8636354679741595,368.7363938600397,1.0093204853110995
LLt.8.8,0.8475838507436876,0.03199121803699068,0.7954832904399761,0.8476190063905649,0.8994418385162425,337.93205165580446,1.0097101378019981
LLt.1.9,-0.5234501217204516,0.02444159549890767,-0.5638567523857946,-0.5233378330586456,-0.48398840451891123,190.5881602029073,1.0103255690168214
LLt.2.9,-0.18864998797122753,0.016393075641736293,-0.2161576329248022,-0.1882708710082206,-0.16245298577074616,343.0812226342306,1.0004784243585996
LLt.3.9,-0.6744570532743533,0.027634685491449696,-0.720787581176766,-0.6737002359080326,-0.6302932607517275,220.09352924510603,1.005402624149631
LLt.4.9,-0.2458360251733308,0.02068633131624101,-0.2799814832809106,-0.2457252774849248,-0.21205904372627135,402.1733693490073,1.0001956403993615
LLt.5.9,-0.6126919811641974,0.02681213808988485,-0.6571534528253379,-0.6125149812757562,-0.5698402088050363,231.69513508506938,1.0039508421880385
LLt.6.9,-0.38106176615003184,0.024049124223567368,-0.4204833450841659,-0.38095753950579075,-0.3422099193941391,401.22764354121733,1.0026647942423625
LLt.7.9,0.6873398984584598,0.028869805155683763,0.6390671624136124,0.6875016155992144,0.7345386886296329,277.4765817069959,1.0101955249898498
LLt.8.9,0.7699604336721266,0.03042077341213808,0.7199401184288455,0.7700893713465894,0.820307439718137,260.70799898027036,1.0098064719597146
LLt.9.9,0.8417588778385066,0.032781310970157754,0.7888715848693586,0.8412403473643292,0.8962337864895099,247.61440409987915,1.0081233981555804
LLt.1.10,0.17760848790493558,0.0202176494850357,0.14421845104343103,0.17791261778944306,0.2099791032718059,164.61249678968218,1.0049548254890215
LLt.2.10,0.3780466250767935,0.018403845128868904,0.34839637181146804,0.37766969185554167,0.40918413658570735,610.3199988839823,1.001204406812063
LLt.3.10,0.16388720811863614,0.021505317290210265,0.12910381347043817,0.16357800059864985,0.19985435408237837,416.22734058568267,1.0012874133728957
LLt.4.10,0.5216222340471034,0.023497976160504128,0.48419764935621534,0.5203520720936592,0.5619717710827873,626.4650719894668,1.0020814311859656
LLt.5.10,0.33992994494165985,0.023345042475737536,0.30252326544302144,0.3387803597749649,0.3794434076375225,516.4743757286748,1.00062851349724
LLt.6.10,-0.23024363522199282,0.02142807595746443,-0.2653697629238127,-0.2297597053902129,-0.1956563442177021,672.8544784833869,1.0032548608401224
LLt.7.10,0.29919434438832815,0.02334997052547137,0.26247319538701314,0.2988107775017081,0.33857159032893913,595.5620750492815,1.000916300526761
LLt.8.10,0.22317951171453018,0.02299143817321735,0.18585529791479274,0.22268340063148925,0.26257844733377933,562.6756785056609,1.0020148813606895
LLt.9.10,-0.028636537318142332,0.022201529651070254,-0.06429995482033499,-0.029036623913852935,0.007612373669521421,532.0613015489474,1.0013203460588025
LLt.10.10,0.5635369739357767,0.029955885556556136,0.5159683948463507,0.5629555124053748,0.6154984578482302,799.4384353828024,1.000900678738613
LLt.1.11,-0.3241449234882357,0.022199282216005017,-0.3611120349810602,-0.32362165115354946,-0.2877155092603638,162.42095097035596,1.0197978977526958
LLt.2.11,-0.09841986653389177,0.01579040202944165,-0.12475003594738959,-0.0980710628971515,-0.0731895755782587,236.215144894754,1.0023414305605196
LLt.3.11,-0.47557571285979294,0.025008369579881798,-0.5172090212373178,-0.4751648088000052,-0.43564595617199264,222.63118568653059,1.0092875471461094
LLt.4.11,-0.15295153156519686,0.020126786908385878,-0.18606397250674148,-0.1530110885335821,-0.11933055149483296,509.185242017281,1.000079929272513
LLt.5.11,-0.41988641879706257,0.02464987022619712,-0.460009581605794,-0.4196007121924794,-0.3805446432188769,262.7486333778898,1.0053812720173418
LLt.6.11,-0.25111274178895526,0.022817243327791316,-0.28797026715495916,-0.251498866694251,-0.21301592760959717,381.7119855650705,1.0055743473283973
LLt.7.11,0.7534880923039003,0.029528789274553414,0.7056233253543372,0.7532802100019786,0.8021103427203776,405.6704975534029,1.0081915815421707
LLt.8.11,0.7971400612539696,0.030591520835452957,0.7471687383169235,0.7972887159841604,0.8473233633991639,347.7435532183023,1.0088090594625245
LLt.9.11,0.7573473601605593,0.03010730605327908,0.7079659284272599,0.7576494863926815,0.8078736780822647,268.15899757528723,1.009237211813232
LLt.10.11,0.0873134752759214,0.022090728495920472,0.0517234832680012,0.08682338402097159,0.12422792153453069,652.0163170914107,1.0011985467523805
LLt.11.11,0.7946296243681877,0.03189587057531518,0.7417959228297918,0.7944214735197046,0.8475143068432731,404.0757620821655,1.0069692655824585
LLt.1.12,-0.5340628362376072,0.023749773931442165,-0.5744111836327104,-0.532953909179573,-0.4970496062585896,249.8060214479579,1.0021733493723102
LLt.2.12,-0.23472115793732934,0.016178037762490736,-0.26198175893313747,-0.2342809244523621,-0.20869837179661793,500.85997124078256,1.0001739790835966
LLt.3.12,-0.6550948623397607,0.026700078457527997,-0.7012976674365063,-0.6540056372826054,-0.6134828375030074,266.92286816117235,1.0010115383496578
LLt.4.12,-0.2979052328960285,0.02052090278547765,-0.3325721669624028,-0.29739185594221973,-0.2655062955711647,412.5423578395055,1.0004289589734794
LLt.5.12,-0.6212123807353369,0.02615693976846287,-0.6659069644451443,-0.6202080283525286,-0.5797383884490598,261.7170429799825,1.0010002150741235
LLt.6.12,-0.3431034981110781,0.02302699910947897,-0.38058176933720417,-0.3431914966747237,-0.30561312999692103,482.90520111429646,1.0014238455684854
LLt.7.12,0.4964017921796009,0.025720524021802475,0.45336465522640795,0.49666471666742507,0.5383287385233007,325.6464540270075,1.0076552948654498
LLt.8.12,0.5892672188829228,0.02721113005109472,0.544526279058127,0.5895317718138019,0.6339045353752747,290.98663930660234,1.0063888639570566
LLt.9.12,0.7247821114650935,0.028939591886479772,0.6773473797635439,0.7239083222348968,0.7749921132583151,250.36723087907836,1.0047600642341434
LLt.10.12,-0.1362523916454757,0.02178619350422715,-0.1726839431464167,-0.13600817141273047,-0.10052594874587542,640.7892949911768,1.0007826597487144
LLt.11.12,0.5892513759183956,0.026910038436808968,0.544449010664526,0.5890587782785324,0.6344063724815531,296.735920235731,1.006885894606688
LLt.12.12,0.6650905999422302,0.03132687640259149,0.6145491195100656,0.6644853498994081,0.7197311772263945,357.45385063422367,1.0009844461654749
LLt.1.13,0.20881877971248028,0.01504981069780294,0.183786415504356,0.2088564656087819,0.23308003768261573,168.8556111292054,1.0011207421146804
LLt.2.13,0.30148666971182475,0.013707407861358437,0.2798002444614154,0.3008620436431627,0.32455230327811824,601.0141307074168,1.0011026917443184
LLt.3.13,0.21827903993962813,0.015922617374087098,0.19313492648764544,0.21796269476805258,0.24515364686184837,312.39033035864406,0.9998827797069124
LLt.4.13,0.4118083134749532,0.017656017211124066,0.38354124672716144,0.411006555312502,0.44259965289107994,586.4819843099668,1.0025441649218552
LLt.5.13,0.3359884355854118,0.017725176127922234,0.30797164320187315,0.33579755214749407,0.36601096795973476,410.5952104709744,0.9999693378006237
LLt.6.13,-0.10653716709809875,0.015653642885003042,-0.13196639697598633,-0.10668589025066978,-0.08078006970920054,775.5308288468207,1.0004091697454096
LLt.7.13,0.13122743152982144,0.017078492168412163,0.10381768100836122,0.13081362070665936,0.15944601614245446,599.2067823523356,1.0003801602669453
LLt.8.13,0.06335851008066555,0.016911571465975637,0.03637381668867384,0.06303629040561454,0.09239633695853865,558.5791836008784,0.9997858926510035
LLt.9.13,-0.1343157218712838,0.01663962114244689,-0.16140155246754886,-0.13409554370139332,-0.10673411693428624,480.89548438234016,0.9997671795922718
LLt.10.13,0.41526492892108113,0.019201560564453077,0.3847702069143832,0.4144225975645781,0.4482135909138844,645.2531632318182,1.002061716540108
LLt.11.13,-0.03158104273547763,0.016462848973415614,-0.058464567705239126,-0.031629715465609755,-0.0038823951680602865,602.7589008778522,0.999883948133751
LLt.12.13,-0.2002031850806217,0.016318878223641798,-0.22710150607785135,-0.20012273188972668,-0.17281816112392429,507.1164699467373,0.9997825377110641
LLt.13.13,0.32244094719644484,0.01656770246756897,0.2961408571261557,0.3221895860576489,0.3507243362760846,780.5279428273407,1.001111555199618
LLt.1.14,-0.5267613349583454,0.023987361595724472,-0.5665687253728392,-0.5260904229876202,-0.4890132201459414,224.97328155571998,1.0064823580241018
LLt.2.14,-0.10736465339835322,0.015637284182021004,-0.13309411396358,-0.1073750280337917,-0.08167468690562797,394.4700815405129,1.000327523898009
LLt.3.14,-0.6606675246788867,0.027047596004268388,-0.7067640833697542,-0.6597831389409243,-0.6178613398340874,255.54260832259718,1.0028472066220235
LLt.4.14,-0.11516953096711978,0.01939093266850582,-0.1473649160749431,-0.1152903384445885,-0.08357896065260959,342.83296255271824,1.000298746542341
LLt.5.14,-0.5505937929448976,0.025486515810829894,-0.5929992357292102,-0.550297396699687,-0.5090702581265596,246.41659517374458,1.002801704488612
LLt.6.14,-0.48174682489983855,0.02440994710303803,-0.5223552610187302,-0.48174355204428465,-0.4416620042673716,439.51543197769007,1.0009607196422046
LLt.7.14,0.6390161175986321,0.027245427027821827,0.5944356591183279,0.6393745709920338,0.6833512010322103,274.39574657360737,1.0095534085614843
LLt.8.14,0.7126056274861521,0.02866209815619054,0.6657509835195832,0.7129061343180614,0.7593543296647622,261.6315133440609,1.0091972665485132
LLt.9.14,0.7709220756929058,0.029810634438877805,0.7232104455356557,0.7707262168404777,0.819719289651946,236.0213253595855,1.0072917195831137
LLt.10.14,0.0693380611012348,0.021523540678266638,0.034446269368038615,0.069083597489033,0.10599561259680823,501.74961326834847,1.0012924024093688
LLt.11.14,0.6544543998309568,0.027808015074776416,0.6081522981144356,0.6545333401578317,0.7004133414124837,255.7010878282933,1.0091629891644989
LLt.12.14,0.6712257605237842,0.02784858340990903,0.6257649724113097,0.6707998142017068,0.7190596582282397,269.1034393942727,1.0027577633821096
LLt.13.14,-0.05749818510183517,0.01580583874028438,-0.08334566035214587,-0.05757990387934822,-0.03096059009196294,424.4744126338506,1.000071792082789
LLt.14.14,0.7606061549526191,0.030788676011494192,0.7102817012934461,0.7604063314951596,0.8115663452461037,294.43466569023155,1.0043272846076503
LLt.1.15,-0.3319699683057867,0.020798172534437838,-0.3666100784513677,-0.331795397783913,-0.2990097180773835,194.7534901290719,1.0173064746572702
LLt.2.15,-0.054387651339882874,0.014231250036140385,-0.07762366969850025,-0.05453493370675966,-0.03076145031501106,377.441857010803,1.0001171216148697
LLt.3.15,-0.45684280929177473,0.02360420583395246,-0.4961343204154706,-0.45621318959295665,-0.41933650206390977,262.3189656881407,1.0083618571285164
LLt.4.15,-0.07246680920247366,0.018322640721987582,-0.10202478796290106,-0.07253459852373198,-0.04277637374914868,608.0345958420198,1.0010034459254071
LLt.5.15,-0.37502773043695814,0.02261866923995415,-0.41166337479301746,-0.37449560266700943,-0.3385181905524811,296.5729403118412,1.0066282195336127
LLt.6.15,-0.3146611746659517,0.021467637932651017,-0.3493026388356311,-0.3146696066636814,-0.2786879806763195,473.81627656103154,1.0037780949217596
LLt.7.15,0.6321317884939898,0.02689398873768263,0.5881247283290475,0.6321522179529188,0.6760484192904551,421.8168851640436,1.0068163821521818
LLt.8.15,0.6732057761401855,0.027899878551463943,0.6280313183848776,0.6731668104583919,0.7187113564917118,360.72092015193925,1.007709253068257
LLt.9.15,0.6509410967373579,0.027584953702099436,0.6054921558042898,0.6512758543985995,0.6962571126817111,285.5272195141577,1.0088801257312923
LLt.10.15,0.11774058082289213,0.02008699274336562,0.08501455046620963,0.11699659185969684,0.15141885926546444,765.6246227372633,1.0002382091092221
LLt.11.15,0.6399314784471045,0.027276066909289624,0.5951829769093909,0.6394421214907021,0.6845413103641391,360.76697587357256,1.007347534106998
LLt.12.15,0.5211293349098822,0.02479833856395984,0.47968495155837015,0.5206796276827966,0.5621730627103783,316.27805870067004,1.0063259309861643
LLt.13.15,2.8087690160262876e-4,0.014952651570402447,-0.023913696309841026,1.5168443510325428e-4,0.02505618099082232,741.0506091506487,1.0001093439005508
LLt.14.15,0.6031751126555305,0.026119817584083663,0.5600785271872469,0.6028600053160724,0.6458528147835645,289.2241608247766,1.0078914407524937
LLt.15.15,0.546351176432801,0.028178405853442823,0.5012353707867521,0.545825228594687,0.5930877993170856,464.3349493280895,1.005324351145727
LLt.1.16,0.23972710465507965,0.018820754176721015,0.20832793544257655,0.2397565156301532,0.27072467526584415,163.82471915927943,1.0043867497223047
LLt.2.16,0.4021706689651904,0.017496574347052336,0.3746426185618805,0.4013655486699064,0.4320416093396024,633.5139989517486,1.0015668988726831
LLt.3.16,0.27624645842697554,0.02000557379731257,0.2444704097322871,0.275657402980586,0.3098491467249551,276.3921808679931,1.000279803021625
LLt.4.16,0.5691536401725569,0.022876855310949684,0.5332824119520025,0.5681422131997138,0.6083606893370352,586.5534355036372,1.0008849960708304
LLt.5.16,0.4424778534308281,0.022593841441946007,0.4061208043718979,0.44186133802709016,0.481243667370097,403.53708933731366,1.000640343753311
LLt.6.16,-0.19056599692157572,0.020026108160815716,-0.2229316260151223,-0.19063658022507468,-0.1572963846734995,618.8212471727044,1.000020452777348
LLt.7.16,0.041446599014005325,0.020521604082014765,0.007486376635201497,0.041040831669847136,0.07469127688015369,501.63290692202395,1.0001291063659221
LLt.8.16,-0.04179396233267109,0.020500283526418774,-0.076477127808501,-0.041863139147777534,-0.008370627142043794,451.55045094260834,0.9998668283982974
LLt.9.16,-0.2605816752641477,0.02109779512699574,-0.2961270623493059,-0.2601574646287095,-0.22666680737117603,377.6674248517107,1.0001584863208137
LLt.10.16,0.5254629511219993,0.02409983386322611,0.48777608339849343,0.5247797098908908,0.5667848478572671,643.5367409484395,1.000392590529352
LLt.11.16,-0.18498810365966237,0.020656492623325466,-0.21954629280188576,-0.185294238164956,-0.1508973064557582,488.2216365049593,1.0002903242690941
LLt.12.16,-0.30251730431200574,0.02090682082832297,-0.3393847282356311,-0.3016293346230814,-0.26899260035922756,393.3241060982736,1.000884646760173
LLt.13.16,0.4151717111262106,0.018244917921738477,0.3870287886964099,0.41439278909386223,0.4472207868998434,617.92933636492,1.0010859607591138
LLt.14.16,-0.11548708938529352,0.01974693947260641,-0.1480863278807901,-0.11535214669798255,-0.08305347938973733,321.1592980869931,1.0004405292814822
LLt.15.16,-0.08864361111189215,0.018716115338575097,-0.11945372232849649,-0.08843627160602113,-0.05759080214377592,604.44569122617,1.000892908571734
LLt.16.16,0.5888298044332847,0.025936052049284675,0.5486077774977711,0.5881526926164562,0.6328945295862037,702.3150510303586,1.000256051805203
LLt.1.17,0.08298304605375872,0.01615273967849072,0.055922258296867436,0.08317884113408905,0.1086581590240983,326.6882061268131,1.0076076323423775
LLt.2.17,0.23751322471897757,0.01420471214267855,0.21452547511008016,0.23749519791659413,0.2612456325050737,603.4494910203687,1.0000859496262866
LLt.3.17,0.05088428931564583,0.017545177288641668,0.02198033195395934,0.05116667709935031,0.07914357070858896,709.478539018081,1.002458880904536
LLt.4.17,0.32228516202928476,0.018473502571613492,0.2925924668171417,0.32195400377644656,0.35370115184062767,749.7421407979698,1.0012730835650128
LLt.5.17,0.17275506855236655,0.018501670743630808,0.14253622621588288,0.17232167078348892,0.20340892498267882,754.722237212411,1.0016303055347147
LLt.6.17,-0.17582516323834563,0.017249584244624718,-0.2042351308222118,-0.17552382407931455,-0.1473734597720203,827.4580761600641,1.0025531369373568
LLt.7.17,0.31484070623041926,0.02035475383182661,0.2818490693671149,0.3143772527101262,0.34979771878031174,758.6947032392015,1.001147570709655
LLt.8.17,0.2688902898570741,0.020218248855558344,0.23601572563967568,0.26847773813676534,0.30348607014776197,767.3006774795698,1.0021631692302124
LLt.9.17,0.09001010298085763,0.018981702375979296,0.05886501798208493,0.08968764847299004,0.12175261717417439,843.2073350774866,1.002274509427079
LLt.10.17,0.3878054594196553,0.02022118534181894,0.35536981008925583,0.38771731900932843,0.42287837894253383,729.1305854332954,1.0007490853006114
LLt.11.17,0.18147466700883727,0.019371036727872434,0.1501714238792215,0.18140488125522614,0.21316654158201984,891.1629063406593,1.001912227545185
LLt.12.17,-0.00990479174172717,0.017794265067725433,-0.03856184347399863,-0.010286565770232169,0.019673863687956192,918.5254160018229,1.0016976802860709
LLt.13.17,0.27295675542680004,0.01511803620387827,0.24863139362300568,0.27264320395483155,0.29917219206169976,748.2746449471234,1.0012922833795939
LLt.14.17,0.13477092212782485,0.018310758588039565,0.10571470192529017,0.13447766458346277,0.16530246530776885,749.7344343403063,1.0018322835883573
LLt.15.17,0.17322871041984314,0.017225351204225695,0.14530474751739458,0.1727970995272326,0.2022038556861408,1015.6602981663575,1.0007012692507238
LLt.16.17,0.31831807097799253,0.018953246865280344,0.28783732005372575,0.31807720350253105,0.3511416244789108,767.398440071038,1.0003249812238795
LLt.17.17,0.2875637079070304,0.019908660714055396,0.25593620271427125,0.28737476199307743,0.3216936936702183,1012.1741123035483,0.9997552659935375
LLt.1.18,0.024628658336563365,0.02045866664435637,-0.00867134124243924,0.024745233692840027,0.05860810976556573,214.47886350540435,1.0025722539583242
LLt.2.18,0.3448262911147302,0.018122100042560898,0.31609665430177153,0.34403229475569197,0.3758749830455937,610.4416025573655,1.0005033844549782
LLt.3.18,0.06715759371247987,0.022217247426376537,0.031257708489092546,0.06666804930784899,0.10448985207316883,413.10773871707266,1.003128515253819
LLt.4.18,0.5315200689957174,0.024495645682769067,0.49248005425083413,0.5306751924142379,0.5727803841415996,661.8277289923795,0.9999590236587529
LLt.5.18,0.2635634999604961,0.023861824480562552,0.22498118807941547,0.2626537400869944,0.30421659269743795,506.2677730783602,1.0008545411995762
LLt.6.18,-0.3781924513199605,0.02451569787080201,-0.4180916278740947,-0.3776890609539826,-0.3383311026238923,502.2915314145493,1.0010184085198026
LLt.7.18,-0.03794740402295509,0.023598974997112943,-0.0766043371364105,-0.03819724660108763,0.0010200610206285942,635.0028740860945,1.0006032378504206
LLt.8.18,-0.08405280224706262,0.023941603391008398,-0.12355623984243841,-0.08432937039229657,-0.04431810406861173,582.0070565487205,1.0000529344884206
LLt.9.18,-0.19347106938334047,0.024052441855499127,-0.23336441038844474,-0.19312676985873325,-0.15416350783229102,534.6545959905066,1.000892267928038
LLt.10.18,0.4523053358878864,0.025586039655635665,0.41140806290248916,0.4518322426682094,0.49490590678903834,738.4929710439574,1.0002713619515486
LLt.11.18,-0.25924760892328186,0.02445840427724638,-0.3004536709470779,-0.2594680791875856,-0.21880385654553192,628.0915689268239,0.9999386417872205
LLt.12.18,-0.17656929486918999,0.02333300498659306,-0.2167836984485336,-0.17596175625968985,-0.1387240806337441,589.0615731196777,1.0024386490820503
LLt.13.18,0.3437617175227056,0.01902269024455963,0.3130667366386911,0.3435136893220973,0.3755809879454063,717.4087930744671,1.00018430756812
LLt.14.18,0.01204647656281805,0.0229447055906868,-0.025263315519468976,0.0120693037377092,0.049333758701643776,495.15801532735725,1.001919145498553
LLt.15.18,-0.08912055560248852,0.021862797536086845,-0.12515415039802658,-0.08888460452184878,-0.053756422799540515,720.5174291286196,1.0005282778827385
LLt.16.18,0.5752703131021571,0.02563937608711459,0.5344351295052945,0.5745264173482656,0.619283153755413,660.4668356662553,0.999984339363884
LLt.17.18,0.24703068415803905,0.020516705321256937,0.21407987597151,0.24700992016176165,0.28187959837523846,898.3505696989149,1.000104678203237
LLt.18.18,0.737474077641628,0.03405310171296519,0.6825754787053523,0.7365657708219502,0.7946285753954573,706.0101771548183,0.9999555217000583
LLt.1.19,0.2602308030300275,0.02018616269340387,0.22749010141427145,0.2602127783268396,0.2923106045264212,153.87918617872455,1.0010739713102483
LLt.2.19,0.4451116166711479,0.01887545083532979,0.4154044892930985,0.4441880135357402,0.4764182936833592,599.2743859832741,1.0006446749345561
LLt.3.19,0.2913453637342929,0.021350737751046022,0.25696740807672,0.2911345167412149,0.3269730064769709,268.027611908578,0.9999620659852707
LLt.4.19,0.6264591864277523,0.024535414170776627,0.5882007535891409,0.6250622158214962,0.6687564004743267,551.0872634378971,1.001577244228716
LLt.5.19,0.477893877642564,0.024083292918866794,0.4398994606331505,0.4773856958390229,0.5185365206059843,387.3255263016946,1.0006384395359453
LLt.6.19,-0.21590604948715594,0.02152516064171523,-0.25217012179970905,-0.2158550141184453,-0.1808161915302361,574.3229400191935,1.0005692980314589
LLt.7.19,0.09654514471761799,0.02183612023835654,0.06168070357932299,0.09644917422347951,0.13284659877996705,470.7317447333305,1.0001278438683932
LLt.8.19,0.004292988615868756,0.021752778779844065,-0.03137810316290156,0.004174806837980765,0.040459743777735535,424.5693643497401,0.9998369704317268
LLt.9.19,-0.24825136296367475,0.022232034744154725,-0.28491933179620693,-0.24797887940708885,-0.21167281127586807,397.8127381118045,1.0001224050719137
LLt.10.19,0.5945421006836952,0.02624127601122299,0.5530824425448175,0.5935228807204409,0.6388742993414791,617.3217093005296,1.0002375978602709
LLt.11.19,-0.15329113021511553,0.021668279484607374,-0.18929034428674646,-0.15322741536186496,-0.11695604435943763,465.03245982929604,1.0000856639122875
LLt.12.19,-0.30867293295770937,0.022272143064957693,-0.3459275592930451,-0.30765215644815413,-0.27300740356794173,385.6611312669817,1.0018833422796585
LLt.13.19,0.46447822604258093,0.01962032554786612,0.4335917245145984,0.4638804115038744,0.4985648651050385,581.4360770725083,1.0021106314353612
LLt.14.19,-0.09667080422561755,0.02100889760130481,-0.13048567158934174,-0.09668969356666687,-0.062392595241373354,319.900519103551,1.0003044819821774
LLt.15.19,-0.059889562284606054,0.019920869172916026,-0.09248074536328885,-0.05988232318974114,-0.026244923581601614,586.5158006699828,1.000900490834493
LLt.16.19,0.6446071192320956,0.02535672650014991,0.6051765859723878,0.643435928483233,0.6886653174450955,568.125389393065,1.0008644253424481
LLt.17.19,0.3695850039008233,0.020679223193408498,0.33602391600090453,0.3692176684167616,0.4045505897295301,729.8155337448507,1.0016761265976664
LLt.18.19,0.6147236122752802,0.027044501786954455,0.5723155445121403,0.6141265286405705,0.6609242644626608,620.0499950661581,0.9999441712978511
LLt.19.19,0.710163179791465,0.028897289106209503,0.6654025570479176,0.709155905149111,0.7603410709604456,602.1426487094984,1.0008714123578775
LLt.1.20,-0.16292948364510226,0.019764022823577528,-0.19617145278385711,-0.16276180247528133,-0.13049238082863693,158.6007570328459,1.0229813818334865
LLt.2.20,-0.1403727755509101,0.015279006064695256,-0.1658467839934189,-0.13963331075014057,-0.11615481296300775,256.4604993195496,1.0023919028121713
LLt.3.20,-0.2812804159988736,0.0219900207948222,-0.3175494863370295,-0.2810903718600226,-0.2459839908495548,263.9953159722939,1.0132632592368216
LLt.4.20,-0.23349655340669725,0.020311870626452212,-0.2674376413875074,-0.2324643266560467,-0.20145138576725122,643.5251492430215,0.9999613225971246
LLt.5.20,-0.30367272751333313,0.022724886777801077,-0.3415501671434871,-0.30327459289081304,-0.2667342790563378,344.97306423672535,1.0063279882275435
LLt.6.20,-0.015459612250128997,0.02097822156938086,-0.04944234145901587,-0.015725361156254624,0.01907271335517344,371.9919279130723,1.0078748055611824
LLt.7.20,0.5592952634579268,0.026312648819533196,0.5165029929206766,0.5592060643883343,0.6028668949743806,496.6799653195914,1.0063418266122184
LLt.8.20,0.5898145632047905,0.02694590665215747,0.545859284120202,0.5901229439279934,0.6341626399449657,433.6177037494118,1.007328771739553
LLt.9.20,0.5557546775393196,0.026522305454610845,0.5126657611268336,0.5561447598470739,0.5987081040517568,340.478665653955,1.0092350758614426
LLt.10.20,-0.03428047034100517,0.021493476738361855,-0.07043054274227634,-0.03393841922002652,-1.8981911817291216e-4,813.370314659961,1.0003333386557993
LLt.11.20,0.6440905074341646,0.027563660446051276,0.5989440359711856,0.6436589628938303,0.6898569570441517,492.55728491719515,1.0059269293678563
LLt.12.20,0.41558488269450145,0.023947882945656633,0.3764458025084338,0.41580734752018467,0.4547720880844378,385.31095676619555,1.009137327500229
LLt.13.20,-0.08911860208826584,0.015826924054774615,-0.11553338200981961,-0.088963072251902,-0.06315668532747067,709.3737199812355,0.9998963537372034
LLt.14.20,0.41101950261603387,0.02421120228428664,0.3720172236217782,0.4113556834457819,0.450795864007648,312.20323766322633,1.0109032124722395
LLt.15.20,0.4684501322198512,0.023842490913970702,0.42999607330105577,0.4678784489750563,0.5075235214895419,436.7126619286028,1.0066387521604883
LLt.16.20,-0.27503420660208977,0.020983240917751226,-0.3105232041915331,-0.2743636142538826,-0.24126881925668092,617.5848481147901,0.9998214685472236
LLt.17.20,0.08431401653025648,0.01783147828874423,0.05556306957897724,0.08441251161036475,0.11375499432231856,960.1903244443785,1.0013081609603953
LLt.18.20,-0.42512401417246243,0.025740978713113354,-0.4687592327602377,-0.42446543382352103,-0.3841339534508076,699.5466454928609,0.9998828291659752
LLt.19.20,-0.2580045974331915,0.022042167802252856,-0.2952094178965323,-0.2575205161533044,-0.2220207902735222,611.7071500337469,0.9998205051558374
LLt.20.20,0.607791057805021,0.03004398208917377,0.5580710224241587,0.6072519208696041,0.6582505486572758,807.1822490437605,1.0020146459503834
LLt.1.21,0.03478433723907786,0.015062052604343687,0.008993583542377363,0.0351740756826817,0.05953349212083645,251.97086107520204,1.013180622697156
LLt.2.21,0.17325855776073198,0.012381820803583066,0.153169731500335,0.1730021756795955,0.19389313619704882,427.3508147318765,1.000462203514253
LLt.3.21,-0.013922470811025992,0.016511164871453175,-0.04130524334225279,-0.013496112319041045,0.013454234786283862,540.580596796058,1.0051434778564086
LLt.4.21,0.22817237316696032,0.01560037264533164,0.20336933257992193,0.22772666953587073,0.2540364215154869,767.0333670104776,1.0032576592042064
LLt.5.21,0.08556841315606675,0.016686672615154975,0.05817611933006799,0.08559801066897013,0.11391114983964441,666.4585589435773,1.002788873303427
LLt.6.21,-0.15588769196519422,0.015941527137465467,-0.1815581162903408,-0.15602712509292432,-0.1296089270626758,764.1703716298668,1.0037897430125708
LLt.7.21,0.3666036858908529,0.01901751962805266,0.33564017396978707,0.3664317703262133,0.3984047806728268,821.5293205737291,1.0027573855387246
LLt.8.21,0.33434577633419854,0.01901850802705616,0.3030676040911507,0.3341218656805709,0.36607338496510106,725.7282948914069,1.00419513338769
LLt.9.21,0.17979434129822555,0.01805132257146911,0.1496313266313563,0.17955632390948306,0.20916481125992464,768.0849864836134,1.004447645755619
LLt.10.21,0.3192108745096186,0.017421362047022236,0.29130402152483603,0.3188916022821225,0.3485423747555907,757.8906164050712,1.0019383493246536
LLt.11.21,0.2697480296287097,0.01815645216200953,0.23984266230513346,0.26980993993334346,0.30025366628925926,956.7150523212673,1.0032323734219974
LLt.12.21,0.07114126690822793,0.016701031268789163,0.0436769949571942,0.07135726292880756,0.09854507706732274,882.4019575578518,1.0034863762290815
LLt.13.21,0.2122342817262702,0.012957125053702619,0.19125121279280646,0.21214994344824037,0.23438566958024198,784.947753019443,1.0006878964770936
LLt.14.21,0.19245497068019224,0.017467289081929047,0.16427672684221567,0.19196735125536096,0.22142250837908148,637.6522710407895,1.0042675489379786
LLt.15.21,0.23232271055059847,0.01625883683887273,0.20590715904284174,0.23196911237731768,0.25930561297925664,1034.8093211699331,1.0020649118990708
LLt.16.21,0.21779222893556716,0.01607507320313176,0.19183305972583714,0.2174961409771064,0.24424280891722125,825.7380934199911,1.0000363177388567
LLt.17.21,0.2558314198511592,0.014068680771624943,0.233048851554489,0.2557437770242813,0.2788872795699717,787.0570355758235,1.0000060266567277
LLt.18.21,0.1343508599451166,0.017620589209695288,0.10562737395868191,0.13427063907859776,0.1640357563942105,1009.0122045668807,0.9997725987307569
LLt.19.21,0.26377442210111307,0.01742032092261475,0.23522655033970477,0.26356771346007657,0.2930083643356638,759.712325463399,1.0009567726420106
LLt.20.21,0.17910949138456428,0.016379215884081925,0.15204913722467311,0.17921914405391956,0.20592316081193218,1077.4305231484002,1.0017031384796597
LLt.21.21,0.24736681673994726,0.015768406096925557,0.22202286416203346,0.24704232373017918,0.2739103416781621,1262.9090599241122,1.000323531531705
LLt.1.22,0.30279070623109955,0.0214354354909348,0.2684063513931503,0.30257521522278574,0.3379058701941064,165.30593890325017,1.002534856727933
LLt.2.22,0.42938992242372426,0.01889382363667097,0.3997889589458506,0.42843434017821463,0.4613869565166459,582.2422720325269,1.0015406982441613
LLt.3.22,0.37349655819530564,0.023204364272366537,0.3365130696873484,0.37254633898408485,0.413107132171258,268.7274940685186,1.0032456032863546
LLt.4.22,0.6132981113216702,0.025015337629733177,0.5735899906628701,0.6122978006454912,0.6559641659950287,554.3395906773495,1.0009832977911397
LLt.5.22,0.533282140642266,0.025789315940698478,0.49201687411377393,0.5324103263519762,0.57747795674193525,369.0099369134684,1.0015699635994648
LLt.6.22,-0.15167644925890056,0.02218930882365219,-0.188728576174199,-0.15171996257018178,-0.11484236246449692,550.2386453098209,1.0004157591610965
LLt.7.22,-0.1265449100149709,0.023474150378305473,-0.16558418615389475,-0.12606782048988363,-0.08887284771856979,454.3725150146796,1.0029088990586572
LLt.8.22,-0.21895642432823242,0.023903000223887427,-0.25981034483607984,-0.21825557391545325,-0.180580328218405,403.4305326229642,1.0025446408789491
LLt.9.22,-0.42748808588642023,0.02499890196001332,-0.4694482246489545,-0.4269918075963851,-0.38738563593664044,344.22702155182844,1.0040974491332262
LLt.10.22,0.5141542598470987,0.025890932511068596,0.4723838781077134,0.5137796711387914,0.5588128947820729,648.2152793376079,1.000006983844783
LLt.11.22,-0.3668127226550725,0.024705586308853077,-0.40889211399206526,-0.36611676799365556,-0.32686167488717044,432.6682237652447,1.0028704276473128
LLt.12.22,-0.43022211365714386,0.024265340316314075,-0.4714978273736228,-0.4290065060863228,-0.39201118289845577,370.66029364076803,1.0033635601174016
LLt.13.22,0.4272751583720659,0.019395699984561084,0.39695492561411105,0.4265580037586355,0.46085585470785184,586.878943186874,1.0014330270637117
LLt.14.22,-0.2529739786090522,0.023001404153981466,-0.2915323989266807,-0.25283006916343653,-0.21522524815669186,293.1554408690271,1.0040560155530869
LLt.15.22,-0.23010777532281915,0.021854519632299618,-0.2665642821703105,-0.22996281372969718,-0.19493644798948162,521.0519204559052,1.0044935623953741
LLt.16.22,0.6415812419027461,0.02582940656298504,0.6011510598714823,0.6404682642909703,0.686436294706537,570.054469357877,1.0003902917343026
LLt.17.22,0.2818062008014166,0.0203078613532498,0.24899038267771686,0.2815611780945705,0.31540943576192754,824.1896557776217,1.0001372267187307
LLt.18.22,0.6548243917708183,0.02880799146436421,0.6096092084308402,0.6531128268783017,0.7043395952250384,605.5395957253306,1.00014478158613
LLt.19.22,0.6910365715565692,0.02749850867787054,0.6489298439858113,0.689819007953905,0.7388333198332039,537.489334430178,1.0001865050188326
LLt.20.22,-0.43079091483134896,0.024897109991379132,-0.47381306159145303,-0.4301857256743558,-0.39195981408888303,584.3795956333347,1.0018764020641142
LLt.21.22,0.15899110950257034,0.01745946068827575,0.130393841784196,0.15869486788555673,0.18814375243369258,867.489052996337,1.0005216593650166
LLt.22.22,0.737521793657056,0.03227447376074423,0.6861246188182516,0.7363551642039374,0.7919441061191467,601.714580451678,1.0015781606163858
LLt.1.23,0.15116899685889013,0.01811873084794784,0.1211639642262342,0.15137552920439007,0.1806465274815027,241.11624959284342,0.9998784726240675
LLt.2.23,0.3261674625628555,0.016127425874444015,0.30097722836032764,0.325880659304688,0.3530542632010399,729.4409240282696,1.0001749783241787
LLt.3.23,0.17187360169016866,0.019607949334269896,0.14111671447826515,0.17132690232971004,0.20454980011347648,462.85789146058363,0.9999033271219695
LLt.4.23,0.4663124793508297,0.02126623975508899,0.43254468415257796,0.4654941087281788,0.502225289804344,670.6009136677178,1.0010661892261905
LLt.5.23,0.32083205441472123,0.021089896925809967,0.28736844757747854,0.31967601717428473,0.35553691596159187,540.527798517162,0.9997851684560249
LLt.6.23,-0.20461574094670354,0.01932235293715856,-0.23643721624266728,-0.20478575866490575,-0.17341637795179704,616.1551466225476,1.002013866486016
LLt.7.23,0.07960367053535951,0.020854914279637298,0.04533141456072129,0.0799086390187651,0.11333796271161685,689.7011303886572,0.9998114920881768
LLt.8.23,0.01713199766416624,0.020891384355042543,-0.01728096656844536,0.017613092068775135,0.05078290946798249,638.1218543207543,0.9999874136917645
LLt.9.23,-0.15679431265526622,0.020814159388172878,-0.19214817198779197,-0.15639408719604528,-0.12344322015661895,585.7957868168367,0.9998542709702476
LLt.10.23,0.44213804219034725,0.022505832633894527,0.4062588401106662,0.44144839477734055,0.48012176377670684,727.3326790328229,1.000075510630119
LLt.11.23,-0.10866442771938124,0.02071073263859825,-0.14324176203935501,-0.10839317803041909,-0.07541674321111494,690.6663410390657,0.9998123362544576
LLt.12.23,-0.19684664899312931,0.020010201114819035,-0.2303592198722598,-0.19659851981952403,-0.1640707498431631,605.9315161925366,1.0000830873702706
LLt.13.23,0.3401877007708013,0.016809490104871722,0.31352631105407924,0.3399417399433262,0.36816569152158013,701.7029863733154,1.0003813374555572
LLt.14.23,-0.033349699824856784,0.019700569752569952,-0.06571368480052749,-0.032905987760220884,-9.003856384890504e-4,562.5651132963687,1.0000721569813078
LLt.15.23,-0.028542696437477696,0.01824700929941011,-0.05897680177848186,-0.028348834744735704,9.410492359656784e-4,751.691578028383,1.000165066388156
LLt.16.23,0.4836244171536988,0.021985136098068056,0.44854253747050554,0.48288475059304947,0.5209064516237183,667.4883128149221,1.0004182674218325
LLt.17.23,0.27364094421901786,0.017339932152062497,0.24553135483775765,0.27353977335709234,0.3017359734755816,840.1138407902325,0.9999258062737562
LLt.18.23,0.49005983603309755,0.024304846238694663,0.4514706849173892,0.4893289737545231,0.5313696014127176,669.3293070054328,0.9999374349459913
LLt.19.23,0.5312730805542807,0.023779726937906503,0.49274203197600547,0.5307675080586618,0.5715576252614,650.3933276247417,1.0000869173997573
LLt.20.23,-0.20596188346613284,0.020523807697308792,-0.23978007851222827,-0.20530741374342876,-0.17308172047409676,786.774907492504,0.9997533276063615
LLt.21.23,0.19327210669704328,0.015093669010644408,0.16878294886835954,0.19311854226066344,0.21836413175934882,902.8036200812351,1.0013033545850643
LLt.22.23,0.518859604711612,0.024228848969407284,0.48076060802828496,0.5186140769606171,0.5593973409241387,640.0376411062305,0.9999046488303133
LLt.23.23,0.4036318253256503,0.0244924441132274,0.36462059256607465,0.4030834000565461,0.445783136066955,908.1626319233067,0.9997592757735707
LLt.1.24,0.1330214401438902,0.017044535334634826,0.10548965682708313,0.13307170325675088,0.1610690947291202,245.71665191384525,1.002479244374416
LLt.2.24,0.2934421185183916,0.014509675999604184,0.26995415357732866,0.292645212705692,0.31780603218065073,732.8676774221498,1.0000210970469376
LLt.3.24,0.16564559175424143,0.018521997149780665,0.13569252750869776,0.16546323702338123,0.19688251263362483,438.0316941506212,1.000665408513677
LLt.4.24,0.42699898713988216,0.01948789167573934,0.3957327978849545,0.42654890338885854,0.46024288881014286,741.0199302569789,1.0017184046707275
LLt.5.24,0.2990494833111747,0.019752488540265765,0.2666789277334981,0.2983539153525028,0.3314953806542708,535.9598059997566,1.0003269511530333
LLt.6.24,-0.18915972210857002,0.01862027904107476,-0.21980275746502032,-0.1890317548606918,-0.15814853586995142,671.0436134093766,1.000055545334315
LLt.7.24,-0.0053268885503941306,0.01910480310072429,-0.03696734159552671,-0.005138422765462605,0.02555153933331622,815.6479976076611,1.000220469070167
LLt.8.24,-0.059920407684838674,0.01938820442001954,-0.091828348949705,-0.05962211840137141,-0.028259844180333393,737.1496301370961,1.000061396454366
LLt.9.24,-0.19703766213807816,0.019613122788418112,-0.23010233631116217,-0.196539563533154,-0.1656739682615032,624.9757166702997,1.000698722374542
LLt.10.24,0.3792953643501438,0.02042531232905829,0.3457549140589533,0.378901491547592,0.41395009565864743,826.2851318177795,0.9998531884155973
LLt.11.24,-0.1773626358494907,0.019378862680909204,-0.20957683540764704,-0.1768697828737027,-0.14623736010580213,766.3685693298895,1.0003734960005206
LLt.12.24,-0.20996448876577722,0.01879818776102219,-0.24114078691254973,-0.20964274983816011,-0.18010167883386588,639.1918034226169,1.00101960772893
LLt.13.24,0.2982181060076099,0.015146225079766632,0.27378306300433325,0.29789102000043566,0.3238651017615481,770.942743365008,1.000521891685135
LLt.14.24,-0.0684199427404762,0.018555463089504516,-0.09935040262956214,-0.06810121732925947,-0.03832558381471758,592.0664520874516,1.0006084828466375
LLt.15.24,-0.08130295789365807,0.016923979817816796,-0.1097543525027092,-0.08101805394880106,-0.05373389647799783,847.2295743683044,1.0009200004670533
LLt.16.24,0.4488481262837866,0.020257821255089892,0.4163302358133354,0.4484936518538073,0.48340953469096715,766.549754996706,1.0016654994264007
LLt.17.24,0.2199121165747957,0.015519710145989045,0.1946981480792837,0.22007925642771256,0.2458138404560019,954.5524160146693,0.9997970545433162
LLt.18.24,0.4863230492040566,0.023336826056406305,0.44918826820563623,0.48543659153058016,0.5257063841782671,777.776107606248,1.0000179826196365
LLt.19.24,0.4865467679838868,0.021809724521580892,0.4518068932191524,0.4861848775959868,0.5239329252414707,735.4943864207979,1.0003982233765525
LLt.20.24,-0.26268116794675805,0.01951617986773549,-0.29641242933790685,-0.26214041020350015,-0.23148599520240948,880.7058228387114,1.0002068088455032
LLt.21.24,0.1382649273869099,0.01366668692078912,0.11580851789008216,0.13809213830761513,0.1608933202057062,1112.5923707364427,1.0001046042531574
LLt.22.24,0.5001331351873806,0.02262457873165333,0.4639757052717048,0.4993801497001077,0.5380440329798633,693.1627678721935,1.0010076001162767
LLt.23.24,0.372506432811472,0.018613560115200788,0.3423947601065121,0.3722323748485506,0.40440711162950843,777.6729310052972,0.999903524869294
LLt.24.24,0.3562748846451341,0.021380468575177256,0.32188585032056055,0.3560916481560491,0.39170400007543305,1129.687937456204,1.000425634065483
LLt.1.25,-0.14411186443935317,0.013756206494942167,-0.1668414253450858,-0.14383329963290847,-0.12166541016638902,519.6772459167178,1.0027670955043364
LLt.2.25,-0.09420541269041527,0.010399352897488971,-0.11188996851917343,-0.09405206178761652,-0.07742404485426682,881.3488598669634,1.0010608388742388
LLt.3.25,-0.19775679424177497,0.015766794220270105,-0.22417898222724408,-0.19715197522414574,-0.1725355498982395,707.7716210780802,1.0009786264265785
LLt.4.25,-0.13680322521693225,0.014264787363327789,-0.16109867610055834,-0.13663896142317433,-0.1139462030098286,1363.3210256130278,0.9997708499608309
LLt.5.25,-0.2049835566832633,0.015847180394301427,-0.23166668468530607,-0.20452455618873444,-0.180064315516612,753.6800322031122,1.000297258597223
LLt.6.25,-0.054261569975281525,0.01382807767916863,-0.07721945580781607,-0.05441816458913394,-0.03193470042864234,1318.543798384293,1.0006542732192476
LLt.7.25,0.23159302143773974,0.017388546499383175,0.20316472365179547,0.23132812420141463,0.2605317399797804,1009.4803782875449,1.0012945770221409
LLt.8.25,0.2589911786053127,0.01790293720839853,0.23006230329387162,0.25853231302949764,0.28891232137852957,901.4529658444133,1.0012077576921212
LLt.9.25,0.2821098819946609,0.017878439965532997,0.2532444972709057,0.28148200026485354,0.31234007083357945,716.5294769416661,1.0011328321582926
LLt.10.25,-0.05443001610923859,0.01447051908315138,-0.07870663806999217,-0.0541894747320701,-0.030612230727286586,1511.8367292083565,1.0002798718522554
LLt.11.25,0.27950819137310967,0.017746936819452778,0.2501690317559282,0.27907195001047796,0.3087671617252911,934.0656590661875,1.0009282946528315
LLt.12.25,0.23628784114046775,0.01603554595527111,0.21067212525727322,0.2359170845896811,0.26343562561409767,749.8990787725972,1.000720416451417
LLt.13.25,-0.07523852637027736,0.011095105210829109,-0.09409720262224074,-0.07489953302359931,-0.056907458879909806,1435.0354457144972,0.9997644768501324
LLt.14.25,0.22830909432271734,0.01677940467157987,0.2013952303475868,0.22784982175839252,0.257034268074983,746.4663704224748,1.001193335367846
LLt.15.25,0.21703557881158653,0.014974811338597497,0.1932275523083635,0.21669820511423946,0.24245403844149985,856.7331584587987,1.0014155904465931
LLt.16.25,-0.14948458398904363,0.014779565591171882,-0.17435317951204138,-0.14915565983738074,-0.12550802177543058,1390.3396084971407,0.9997647284665829
LLt.17.25,0.007377958227999308,0.011024896821396114,-0.01048887466959569,0.007386297738216129,0.02548232314650053,1693.2652256764698,1.000627077581618
LLt.18.25,-0.16760917524812208,0.01705778528240841,-0.19564228159487607,-0.16759956446950708,-0.13979430100314216,1484.1086638289946,0.9997614622643907
LLt.19.25,-0.14835795110720335,0.016042697791030805,-0.1752460249482851,-0.14798280812281864,-0.12188204686829154,1398.7336524574062,0.9999390964881858
LLt.20.25,0.2440445229229376,0.01607560724422369,0.2177777009707507,0.24381861091663148,0.2703369431274374,1203.5445940464024,1.0006845553952695
LLt.21.25,0.05065131512265149,0.010275751999903908,0.03383597861149964,0.050576323544426434,0.06763522259398036,1787.2350826594154,1.0006609211818545
LLt.22.25,-0.21490313427037888,0.01691111389080739,-0.2430227037221235,-0.2145282849842401,-0.18741294725397395,1177.937579103919,1.000130360706418
LLt.23.25,-0.1087226112648971,0.01298100467891683,-0.13075230284733513,-0.10842292607884707,-0.08805657921911958,1411.8474570887097,0.9997710300055362
LLt.24.25,-0.12459038396332886,0.012282497433581898,-0.1453021754120578,-0.1243044555587539,-0.1046162564386407,1569.0919753215023,0.9998380589183028
LLt.25.25,0.11224415549979745,0.011464634527736117,0.09361049323421539,0.1118378101690053,0.13150985360646122,2027.0463730114602,0.9998682288243271
LLt.1.26,0.5584500219341983,0.023661020449534716,0.5220573053414889,0.5574027149116321,0.5986770358020979,254.4637437654451,1.0005921351510543
LLt.2.26,0.3209910651700219,0.016829151181516584,0.29398583453071164,0.32046668947318135,0.349722207755491,539.1808172268848,1.0008772285441552
LLt.3.26,0.6582850406215345,0.02609682539655812,0.6180842496464678,0.6570401307174047,0.7031096250785351,266.19880982622556,1.0005495916204994
LLt.4.26,0.41152889947007976,0.02098248168068341,0.3784167925717423,0.41056984460006624,0.44667278112456593,442.2217379773592,1.0016517028467513
LLt.5.26,0.6714581638431346,0.02647337199999093,0.6295970688682722,0.6701252648935594,0.7171919405463271,269.15551703615984,1.0004672220991873
LLt.6.26,0.2735078196263411,0.02167782148766533,0.23896512826616673,0.2732404267776514,0.309615731398374,480.3512797877208,0.9999045182889644
LLt.7.26,-0.3301279599411258,0.023531958364845965,-0.3690012646020808,-0.32976637012055865,-0.29152072973536125,283.6153242333,1.0069439010979524
LLt.8.26,-0.4397346682440451,0.024775279866687757,-0.4804827128450462,-0.439645734461347,-0.39945138798125757,266.0084726242373,1.0054502203270945
LLt.9.26,-0.6506682263114174,0.027099831754076986,-0.6949785459103909,-0.6499925907189683,-0.6075413556402389,238.83266011040814,1.0038206851343798
LLt.10.26,0.29041534605623553,0.022188629865655306,0.25484047967663487,0.28985564022008614,0.32759258572787237,574.3661969876479,1.0007632606112897
LLt.11.26,-0.4707045248360522,0.02473605410536803,-0.51155608268495,-0.470587029413047,-0.4305824342207818,273.808322887134,1.0055347045121488
LLt.12.26,-0.6409514630064891,0.02629388390968699,-0.6863932578070135,-0.6403270547246473,-0.5998481266473676,267.5665904188709,1.000876973529913
LLt.13.26,0.30443380545663146,0.01683716921472353,0.27742776280357223,0.30402388806096003,0.33293419274275826,510.26786050677737,1.000175809739644
LLt.14.26,-0.5898561176774479,0.025962388651766966,-0.6328423532500008,-0.5893406835492977,-0.5484621589296118,246.68834027052463,1.002509983069944
LLt.15.26,-0.41892153183091874,0.022998238288625027,-0.4564746994030054,-0.4180581565254945,-0.38185674337146047,308.0055903823124,1.0062227176117249
LLt.16.26,0.41140458282858305,0.021308252809227483,0.3778472964745132,0.41045688538474234,0.44747785463713136,458.055255501884,1.0027088773558634
LLt.17.26,0.13177992487822326,0.017749742418521407,0.10243739481010872,0.13193996573870997,0.16159072001428534,819.4679390813784,1.001651805407389
LLt.18.26,0.24444865212868935,0.022749590344502617,0.20853112987053196,0.24377819163696068,0.2828273778750598,586.8014205005132,1.0010110467984903
LLt.19.26,0.43950158265293154,0.02274090315228366,0.40413897119841435,0.4383827390640506,0.4781345322491756,433.0215371855361,1.0029890903223424
LLt.20.26,-0.3378255618395568,0.022341948312542912,-0.3754649259328603,-0.3374632953269338,-0.3012409131518997,378.75108854281524,1.007006264766087
LLt.21.26,0.04500694277291202,0.016259134096746015,0.018427841478204424,0.04529700134399711,0.07165913169501358,735.2833220136288,1.0030184103010233
LLt.22.26,0.5132704199491365,0.024632421929504034,0.47506290994062517,0.5123697350321608,0.5550672452587673,428.20126782791453,1.0020088730831487
LLt.23.26,0.2923728186850596,0.020258160714878848,0.2603774450594298,0.2918092653280733,0.3259649473814854,588.7371877496755,1.0011420463375866
LLt.24.26,0.27960769457002843,0.018900422258732834,0.2496427759023005,0.2789690860425452,0.3120221058875722,593.5066454401556,1.0030179323105726
LLt.25.26,-0.21613783432404468,0.01568488278448135,-0.24269677788116836,-0.21575284976790576,-0.19122300919965152,805.2077796053632,1.0003856283361634
LLt.26.26,0.6725911439530405,0.02900926743319224,0.6278674249857443,0.6715163010475265,0.721995528016912,334.6564202276276,1.0002697440064106
LLt.1.27,0.22252775014332854,0.019050739957673122,0.19122178590109137,0.22266637566743297,0.254404005085932,219.3967369413089,1.0049376394807603
LLt.2.27,0.25365713579466087,0.014464103566460655,0.23033814919774115,0.25323882617354754,0.2782059936768078,627.92320523758,1.0013527422524566
LLt.3.27,0.2986451218652293,0.02129060216563763,0.2642576026859372,0.2984884906236343,0.33264515102154973,327.9367834613969,1.0035528665834588
LLt.4.27,0.3698546731080622,0.019582357453200215,0.3379897039997311,0.36948802487284954,0.4034700942435488,739.8926793865309,1.0013838989748967
LLt.5.27,0.37597995028143183,0.02174634172799623,0.3403068271011301,0.37568072016973103,0.4120743694742145,461.93271706170964,1.0024710761607
LLt.6.27,-0.04178855431368232,0.01938295133046156,-0.07320188958347644,-0.0421496410102639,-0.009792379622867017,488.24805248715904,1.001493523038038
LLt.7.27,-0.26013644693048676,0.022506339611177636,-0.29812428962785215,-0.2595454137462241,-0.22382002583639257,535.3088643119537,1.0028357823826364
LLt.8.27,-0.3176014327668813,0.023436736619704794,-0.35688075282570286,-0.31697445403291236,-0.28045426216491515,497.6648719362055,1.0026317828214377
LLt.9.27,-0.4111434628219957,0.024044189113138704,-0.45132595595798286,-0.4104105715037705,-0.37281188310479296,412.77487665907813,1.0034599738603596
LLt.10.27,0.2535581056955232,0.019952415487366825,0.22106932648705557,0.25306909526633914,0.2869361748732659,882.0777434206308,0.9998619607851131
LLt.11.27,-0.4014365700353323,0.02367072506955888,-0.44068612773273513,-0.40109434759695284,-0.36308809824179983,538.5000204921773,1.0025135361453665
LLt.12.27,-0.3658478326673225,0.022205290493887645,-0.4029075911886631,-0.3650649271594254,-0.3308344491644353,434.9112666946026,1.0031567202021963
LLt.13.27,0.23485757599609228,0.014974374186173665,0.21054116432032352,0.23454608427947587,0.2599279817515984,789.0949107272446,1.0005942466271933
LLt.14.27,-0.2841778299413212,0.022379041100863726,-0.3220633750651227,-0.2838240080261369,-0.24881717049038876,362.11824025602914,1.0038321734139644
LLt.15.27,-0.28133263515846346,0.020514093490088103,-0.31640834837013265,-0.2805803563375658,-0.24834274389084782,522.1645459962434,1.0035359914021498
LLt.16.27,0.3956585578537228,0.020228327354040586,0.36289812171127134,0.39525142798580437,0.43005351373394907,751.3390536005419,1.0016914524362317
LLt.17.27,0.10339787157241638,0.01571257690073397,0.07841422829055493,0.10302133867205776,0.12955133957444817,1060.8024801469514,1.0005055769368725
LLt.18.27,0.4389855440175737,0.023781806976108343,0.401022677291647,0.43821327225243756,0.47979418133999274,748.2080931429053,0.99978479553424
LLt.19.27,0.41342021449912153,0.021742807966039276,0.37833657606564297,0.41307333429237453,0.4505319621138505,729.9872160486236,1.0009581556560023
LLt.20.27,-0.4080175294848138,0.022447137731284282,-0.44522197543219294,-0.406977224809606,-0.3720337090846821,633.286844873014,1.001447722968027
LLt.21.27,0.013340416772120582,0.014166257908417417,-0.010914107004248021,0.013632021404427916,0.03618597467236076,1139.0647557647753,1.000532224408048
LLt.22.27,0.49484648738511994,0.02352751062568395,0.45701300131251543,0.4942628993374887,0.5347679256482606,655.7733017402494,1.0012075794626587
LLt.23.27,0.31180235246671456,0.01858613305367476,0.2818390117735541,0.31136141595068123,0.34323522211390767,824.0898392042047,0.9997597601481805
LLt.24.27,0.321362676987974,0.017687247503307964,0.2929837339191862,0.32111873792399603,0.3512557703203204,888.6195417957879,1.000560281525973
LLt.25.27,-0.18756202115810672,0.013359083270072835,-0.21003240366939666,-0.18699536169203407,-0.16636901212379543,1114.2708969630196,1.0000909908482698
LLt.26.27,0.37855274770732983,0.021515055921871234,0.3440017526399617,0.37810703811419843,0.4145699624514936,510.22867732921026,1.0027314968764947
LLt.27.27,0.37427318779094687,0.024178355881116373,0.3346245045715117,0.3736018297213489,0.4144947550577987,969.3610925829961,1.001071527403078
LLt.1.28,-0.409637927782668,0.019396039181739613,-0.44215488418406546,-0.4089483611481864,-0.3789924354061676,432.0385836729127,0.9999490751773393
LLt.2.28,-0.22957897319987344,0.014182135924652594,-0.25327555952807906,-0.22943143254124154,-0.2072813472588388,610.7191672749677,0.9997539848648926
LLt.3.28,-0.4621232201142646,0.021586208467366662,-0.5001285424144185,-0.4609100501869686,-0.42925986122548254,430.93089696762246,0.9999977416929706
LLt.4.28,-0.28295028179470527,0.017923543576671717,-0.31352492636094687,-0.2823841980804579,-0.25459270314805527,530.0432194089553,1.0009095470339853
LLt.5.28,-0.4704873925841217,0.021762542049883267,-0.5074810993258293,-0.46973934602318335,-0.4367244501209644,373.3080547625598,1.0002873423219871
LLt.6.28,-0.20974699727848334,0.018317336813279596,-0.24073766928731236,-0.209196585004352,-0.17991405244408062,849.0537518082929,1.00054348123144
LLt.7.28,0.13171399005340367,0.020043767239183764,0.09980324587082587,0.13131766803105063,0.16597072862109932,455.4561207693603,1.0055467115987917
LLt.8.28,0.21312347458743566,0.020791172452126146,0.18079399204143717,0.21250212094361853,0.24953733475609927,427.6368926621409,1.0042182988750072
LLt.9.28,0.39235281314918213,0.022165386136498683,0.35769375347057186,0.3911996947762142,0.43010373458458473,364.36546320365477,1.0026097714853157
LLt.10.28,-0.2321569281969243,0.01913079430667032,-0.2641594816788944,-0.23141243340481127,-0.20215336075362025,679.9925808022049,1.0009739513998475
LLt.11.28,0.22779682715026825,0.020417909021624592,0.1950786286803495,0.22734137049768594,0.26294785832359746,421.64807760683823,1.0040351140247106
LLt.12.28,0.417831482604518,0.021362828186007855,0.38403286482115623,0.41692331835989194,0.45452990748545824,387.53406905053635,1.0002954847914998
LLt.13.28,-0.22853356040695755,0.014279769139223552,-0.25299271225306014,-0.22825026895608136,-0.20549590589671407,549.5633155413858,0.9999621328236292
LLt.14.28,0.3748969693024984,0.02141354229306342,0.34160491421659045,0.37384672321263157,0.4122999428773007,414.8764790361115,1.001756933038451
LLt.15.28,0.2255561229904219,0.0187018441584508,0.19610293495780637,0.22473769641371133,0.25719327669476977,463.403521603446,1.0052636819525234
LLt.16.28,-0.27360637398141296,0.018317494899765748,-0.30536566960225886,-0.2730463531921053,-0.2443217257384417,581.3844439164648,0.9998127266883411
LLt.17.28,-0.1299095186717971,0.01493838665841778,-0.15477701764462304,-0.1297462747591015,-0.10564547630290466,859.9708444037234,1.0017356151267547
LLt.18.28,-0.10624784427667178,0.01977026604305228,-0.13932515395133604,-0.10598707702785015,-0.07472980612759292,847.0625370418425,1.0002531229084801
LLt.19.28,-0.30087380532656444,0.019635166574008635,-0.33545897608900965,-0.3000475456749758,-0.2698530344997446,505.20835786181743,1.000448321085728
LLt.20.28,0.13259324001021108,0.018572796367816242,0.10259407854113486,0.13214546416992456,0.16452839580989012,587.6054419090843,1.0047400428820603
LLt.21.28,-0.08117580980559479,0.013704590956550453,-0.1032035897802847,-0.08121279520718087,-0.05888055174060782,816.0850881882194,1.0028310356968249
LLt.22.28,-0.31937595091606796,0.02060384932058606,-0.35439396605505596,-0.3186759142319174,-0.2866504278773762,557.6817139531761,1.0005158494054947
LLt.23.28,-0.19322824175896589,0.01695241114706602,-0.22237376860649863,-0.19279611028834215,-0.16598920257790103,758.3984301929827,0.9997687562107423
LLt.24.28,-0.16934773515674426,0.015507262018889863,-0.19496879376286277,-0.16905590570114531,-0.14441872932613764,737.0967729201368,1.0009167297502304
LLt.25.28,0.11775052767543588,0.011802894461432999,0.09864253429262441,0.11754892859001434,0.13770367748558257,1036.1936156722593,1.0002173822445564
LLt.26.28,-0.46263049964239145,0.02149284672987623,-0.4993604521448175,-0.4614798899048905,-0.42966106645189706,380.1154124815551,1.0000074451016225
LLt.27.28,-0.21318023318810825,0.017038603688532557,-0.24284654147869048,-0.21272758504476375,-0.1859644682782212,671.028803310028,1.0010211846939199
LLt.28.28,0.34205651022243033,0.021785583001335946,0.3081992069777614,0.3412760984370268,0.37927640479358027,781.2473072229126,1.0000707401022695
LLt.1.29,-0.3286034407697359,0.017110751537799708,-0.35791675244281684,-0.3278458433360195,-0.3018144255329213,234.25095667217022,1.000625719800153
LLt.2.29,-0.26307305736240044,0.013236362334786584,-0.28543354637160007,-0.26262769809675934,-0.2422410782402593,651.4082281061093,1.000074810847389
LLt.3.29,-0.39101019052611447,0.01886911443870293,-0.4236444690280995,-0.39047524733913186,-0.3613808451102154,320.21918512725665,1.0009064203623133
LLt.4.29,-0.3549619205465669,0.01723227489130309,-0.38408646036880506,-0.3542029818095656,-0.32833283906482674,588.3178644641274,1.0005445291348487
LLt.5.29,-0.44323321810595523,0.01959908045209059,-0.4766258605003384,-0.44244410144186763,-0.4124746384378136,343.3845138128204,1.0004961252460434
LLt.6.29,-0.07387669306465156,0.016057104011644747,-0.10067161517036764,-0.07359567739595439,-0.04743605750507592,696.5532014995631,1.0001538082230572
LLt.7.29,0.17272341138978387,0.018466767814099148,0.14326105911036988,0.1722803109332703,0.20321117813537692,387.54512227108034,1.005911903372616
LLt.8.29,0.24689963291125427,0.01913981794096281,0.21666570932751034,0.24631701830567787,0.27888016529595677,363.3306488998991,1.0047440921244373
LLt.9.29,0.3998875850593279,0.020323263822720025,0.367568680212287,0.39948910018335193,0.4344401157525521,324.01752978846116,1.0038144128709316
LLt.10.29,-0.27607129652357615,0.017841112813922803,-0.3062105945334132,-0.27563854565818957,-0.24787726635053708,732.1880017360753,1.0005023490917104
LLt.11.29,0.30292571127326995,0.019136429562650836,0.2718721101833337,0.30264995028731173,0.33474009050120024,378.4148844184748,1.0049438844807832
LLt.12.29,0.39834268766311276,0.019347637574333314,0.36780196734221815,0.397831698404383,0.4308782730756915,345.4369109559138,1.00148905909382
LLt.13.29,-0.2559629281089919,0.013467031408093954,-0.27885287823221916,-0.2554590922212657,-0.23484128522313377,649.58534470608,0.9998935554948268
LLt.14.29,0.32432669997923297,0.01908210249531916,0.2936666979823054,0.3239945294904647,0.35692644229493115,320.83862437427825,1.0030754595802185
LLt.15.29,0.24275509710066528,0.016967105449986957,0.21552367960287927,0.24219493017306756,0.27155966116898494,401.1095853355844,1.0061740584946106
LLt.16.29,-0.362643847846465,0.017502613798853865,-0.39234443982262046,-0.36216213538864606,-0.33517317297833793,630.761932951387,1.0001653812241575
LLt.17.29,-0.14081087074449616,0.01370998541478418,-0.16359882558621633,-0.1405991094507701,-0.11854616328021506,910.1009282883558,1.0018119237339207
LLt.18.29,-0.29216582379238526,0.018839396329848677,-0.3243789232604931,-0.29143292249952146,-0.2628469810771213,783.3162727711283,1.0003713247114476
LLt.19.29,-0.3895407638860743,0.018794987798265484,-0.421134517478969,-0.3891082786283073,-0.3606310497099367,586.8449025707712,1.0009737835812116
LLt.20.29,0.26455920431545005,0.017621458033725446,0.2360028143090298,0.26393269391572566,0.2937694184703434,519.3413575951025,1.0049458903439188
LLt.21.29,-0.06847889151958142,0.012371791225161324,-0.08885638797542861,-0.0687243893855354,-0.0482514527574837,929.2803840503288,1.0024132744345262
LLt.22.29,-0.4327094292942444,0.02002521893662506,-0.4672416529081427,-0.4320862862204028,-0.40151327748035953,546.8044562824198,1.0012669616175804
LLt.23.29,-0.276006235685156,0.01613385781037998,-0.3027301431114727,-0.275303313858825,-0.25044690202892156,740.425342343212,0.9997673826926692
LLt.24.29,-0.2642317123057411,0.014878339133708922,-0.2900329327153575,-0.2636909326746573,-0.24075376299499981,751.1641112645577,1.0009641141501848
LLt.25.29,0.15340916802888466,0.011475218829313573,0.13543417378767147,0.15314580654989834,0.17302551070504188,950.3042903318433,1.000310124295788
LLt.26.29,-0.43725127634013933,0.019279552813304495,-0.4701235358003164,-0.4366038029081346,-0.40684248488945163,358.633578668173,1.000512822021516
LLt.27.29,-0.30362466627714124,0.016312247456416153,-0.3307790119250186,-0.30350115147015866,-0.27756847032393633,678.1266949886643,1.0015453810627124
LLt.28.29,0.29234864711745784,0.01551106015187016,0.2679624606513178,0.29179550703806967,0.31869489662161943,468.3905782494196,1.000978870808556
LLt.29.29,0.3132800644295177,0.017653408729172412,0.28546568856946747,0.31279883320656743,0.34374520961727967,719.3863673806394,1.000261203837104
LLt.1.30,-0.5988713646525561,0.024986644576834978,-0.6413215846001293,-0.5977321365733458,-0.5601023874287008,219.8034854058165,1.0015800790006066
LLt.2.30,-0.347526145913981,0.017973770720183364,-0.37792111953845364,-0.34684448357425135,-0.3188100680781917,441.0997180129303,1.0011242851640199
LLt.3.30,-0.7197962159460434,0.027806959349644583,-0.7674064037591661,-0.7184854789654267,-0.6766536296012354,236.25015709010856,1.0012125537112433
LLt.4.30,-0.4530144997530388,0.022610431335336294,-0.4900696989462193,-0.45220176481926544,-0.41648674592262064,336.703496053561,1.001961946919141
LLt.5.30,-0.7344056671481479,0.02821403887894319,-0.7837098553863399,-0.7334143581962301,-0.6903701155841114,232.88839649971771,1.000905003874218
LLt.6.30,-0.2879125366013413,0.02295597529687905,-0.3259468047620195,-0.28755959685814825,-0.25088786277133496,483.4793565375202,1.000454065309946
LLt.7.30,0.42818026419133,0.025720162270044235,0.3867123739297135,0.42796868865584825,0.47048351321137716,261.87041341423105,1.00881014987722
LLt.8.30,0.5449633911005919,0.027167303283353088,0.5008573119842631,0.5445247780557109,0.5898543502204705,247.3956209038691,1.0071289489594677
LLt.9.30,0.7545274890773727,0.029594458405877412,0.7075354814623556,0.7539165749672454,0.8044828600062026,218.05890751761135,1.005107241208212
LLt.10.30,-0.297734833725802,0.02376487088315227,-0.3373173138037347,-0.29731623627397036,-0.25990954158156165,508.63601632872866,1.0009535286531217
LLt.11.30,0.5832286317042173,0.02725422846835337,0.5396513269471199,0.5831461901157468,0.6288495704301046,251.25832269587946,1.007063895940785
LLt.12.30,0.722237373605586,0.028599869949477844,0.6768638952533866,0.7209435557543039,0.7726138874402674,248.56951514213412,1.0016723817375273
LLt.13.30,-0.3223115336397666,0.018121952998334193,-0.35271115249926216,-0.32162281369360934,-0.29341497935841593,355.3714141472822,0.9999574049580987
LLt.14.30,0.6714889444343662,0.028089747803573782,0.6257158363510742,0.6707118981431834,0.719517674150138,234.23589518271598,1.003604108673357
LLt.15.30,0.5040201138576127,0.025231952651660602,0.4637541929825862,0.5032093824448178,0.5455846633205459,280.69963728273245,1.0075929603883123
LLt.16.30,-0.4590075968068344,0.022938060174491588,-0.49718976801766296,-0.45851200429503425,-0.42240519432769913,342.81549637473756,1.0004162276545263
LLt.17.30,-0.11850407026215165,0.019212504131734386,-0.14957979443352748,-0.11862118824387735,-0.08639486649987942,773.1871139039382,1.002118984806399
LLt.18.30,-0.30976543573397913,0.02416044085678819,-0.35082301965562346,-0.30917310776580575,-0.27164971016439393,521.71465456403,1.0012822205603849
LLt.19.30,-0.48460264970061284,0.024336712160006983,-0.5248762168320562,-0.4838463693853313,-0.4453105512316067,322.0570331202392,1.0018534829992056
LLt.20.30,0.43883700205630066,0.024543905061206857,0.39920795629522426,0.43881346991856496,0.4796253298073289,331.69321585795035,1.0084147955028109
LLt.21.30,-0.01567464419549526,0.01767299633995155,-0.04504939583222733,-0.015733964987246274,0.012940517962131916,686.2078455503165,1.0037791669053526
LLt.22.30,-0.5875688672253595,0.026453202957137135,-0.6326209357446652,-0.5869414250402926,-0.5456693805939593,307.02683533990654,1.0023070700891905
LLt.23.30,-0.3268480289918551,0.02190054517613473,-0.3633390383814394,-0.32644282624481064,-0.2919285825478289,503.6787646933795,0.9998630954658042
LLt.24.30,-0.32292486113305413,0.020375797311214406,-0.3570469364393337,-0.32258604005232405,-0.2902104659469835,532.1664897700205,1.003095526026329
LLt.25.30,0.25887268125884777,0.017361480141391862,0.2313599328590836,0.258459052913183,0.28839194570901205,739.6966915152732,1.0005035703317562
LLt.26.30,-0.7409341419926719,0.028154842511398867,-0.7891172451761734,-0.7397693597633108,-0.6970068732645275,243.04480306710207,1.0007922411250398
LLt.27.30,-0.44838773443631025,0.023598329909529515,-0.48741138350759156,-0.4480741552454213,-0.4102684715745374,432.86222193355877,1.00239659356829
LLt.28.30,0.49465409383031295,0.023091004378273317,0.4583886768231224,0.4938853392033492,0.5340095292110175,343.1806427516036,1.000422383915111
LLt.29.30,0.48747209938473623,0.021082779030537853,0.45395973966402553,0.4867773675524564,0.5235779471695028,317.13871998059085,1.0010115817592646
LLt.30.30,0.8270565714296775,0.03196746145240472,0.7764557350349016,0.8265026630904143,0.8817837341548082,243.18939028619488,1.001253078372365
LLt.1.31,-0.14177813517758628,0.017720799340481003,-0.17197921762296423,-0.14140390916587642,-0.11415106219739254,431.1296620572023,1.0068969474225091
LLt.2.31,0.09647878846053115,0.013962777784996609,0.07419642619667285,0.09602320867424274,0.11988897543527231,861.1387297386967,1.000120693286022
LLt.3.31,-0.1925090609193736,0.02011190721950696,-0.2263214408829631,-0.19212501137048987,-0.16042698798741256,661.3207731395391,1.004147224823699
LLt.4.31,0.14943872090303223,0.01886774388925456,0.11919672822702564,0.1492310740668346,0.18117365757066364,857.8046608809968,1.0009909079330412
LLt.5.31,-0.08542249396070004,0.019900153809242295,-0.1187056773702783,-0.08545447661888221,-0.05313098511866089,703.041848830166,1.00365686826819
LLt.6.31,-0.27444655744178614,0.019184143037753475,-0.3064566124698657,-0.2741416335234573,-0.2436396089249523,782.8118878249493,1.0014309625897626
LLt.7.31,0.3228276434802524,0.023350779844418575,0.2856952808901453,0.32222104754820835,0.36243347838984846,542.954998937766,1.0076175875044964
LLt.8.31,0.3244585216520792,0.023725882376170817,0.2864911934521972,0.32365319180926544,0.36530148129540135,526.5054778521552,1.008639165921432
LLt.9.31,0.2640534654154273,0.022720444960952706,0.2280713893348523,0.2633201874075653,0.3031910175483554,578.2188074076064,1.0082545554021778
LLt.10.31,0.22443386555919095,0.02012420562427139,0.19218680545752603,0.2240988675675915,0.2591324335407913,832.165254908834,1.0010666689357581
LLt.11.31,0.2500719650944974,0.022881541614631074,0.2133447849358116,0.24909974137023444,0.289514701476833,517.2131303844395,1.008697583398595
LLt.12.31,0.19653452789043943,0.020341178696079865,0.16358610068550375,0.19559572026827707,0.2308940528090124,667.6857902045916,1.0048107395470798
LLt.13.31,0.1259057285292976,0.01482139089098322,0.10236620768345243,0.1256574164008889,0.15056460777572647,867.9778115596554,1.0012874069851447
LLt.14.31,0.303959750903479,0.021861222336008967,0.2691593112789294,0.3034559846701842,0.3410615111629719,620.1788730658512,1.0059696397608684
LLt.15.31,0.2524092997382433,0.01963858270951291,0.22084416535823106,0.2522297849215429,0.28592090653998303,598.4131478835611,1.0072411854261205
LLt.16.31,0.1536317101108531,0.01958742413039795,0.12165853308231239,0.15337129782642145,0.18598729383147436,836.1065837236388,1.0005132190440607
LLt.17.31,0.1822438466255559,0.015500114663651855,0.1579382594179663,0.18164869650295834,0.2089841042686807,853.2135489307465,1.0007221156113346
LLt.18.31,0.19133070620582282,0.022400361968557703,0.155354488255002,0.19083284787836496,0.2292654220715281,837.1924995315536,1.0008714958209157
LLt.19.31,0.18385695884458067,0.02134537398312144,0.14886576851673747,0.18359814093214827,0.21932349178215027,841.7900982799763,1.0002786329265037
LLt.20.31,0.11172862622065642,0.02062071959713969,0.07760367849279805,0.1112241011534919,0.1461548601878749,556.3990350476205,1.008338158368969
LLt.21.31,0.1752797636100773,0.014275837480530539,0.15286731952925944,0.17482817067965684,0.1993765629534191,830.7280584975637,1.0027720351455374
LLt.22.31,0.10502267010212789,0.02159161546221301,0.06954503143957184,0.1048258920621947,0.13955864720117786,821.0766950638232,1.0019841268520513
LLt.23.31,0.15344731290223454,0.01737011453556817,0.1257952969333966,0.15292245836721124,0.18310204583313927,884.1611361956867,1.0001059875290446
LLt.24.31,0.12163624568554003,0.0162472553733814,0.09490309838438016,0.12161316425517818,0.14831150115123876,862.8206320697179,1.0002918933223308
LLt.25.31,0.05664543096568872,0.010946277136425054,0.03885722512817622,0.056358564839605746,0.07483646912574926,1147.569974024484,1.0036307237983861
LLt.26.31,-0.11599653918906447,0.01970721085081973,-0.14865458391161254,-0.1156977146648735,-0.08416862755387303,756.2930984754365,1.0039576550265161
LLt.27.31,0.0010145401479207457,0.01712527469044176,-0.027898930184436045,0.0013427758101923898,0.028360466973185106,837.5360580049114,1.0039107468858885
LLt.28.31,0.06331482447532637,0.015325766064395627,0.03844063157134163,0.0631165746725324,0.08902741415312618,814.4046491320888,1.0027573353579564
LLt.29.31,0.018024041458132533,0.014248187203692558,-0.0053371710781711275,0.017865349693720948,0.04173720156213116,807.4986075601671,1.0039219947353681
LLt.30.31,0.13943408475253904,0.021661983517125293,0.1044073657909097,0.1390081152848735,0.17582871080432666,701.2624582100872,1.0052803880312282
LLt.31.31,0.19438048861023777,0.01988481402265015,0.16348456891357482,0.19362456437265416,0.22765330291597807,1039.9425400656953,1.0021029922645905
LLt.1.32,0.10964551172994638,0.014981556028950285,0.08577199876462759,0.10938789998396078,0.13485706319213492,342.63046475655017,1.0019649476452128
LLt.2.32,0.2176621637791031,0.01263965567315156,0.19725415974751082,0.21754310768672175,0.23899551900510188,929.4129199713701,1.000615934354518
LLt.3.32,0.1095709449978657,0.016534982505836255,0.08314974493226514,0.10904626623442071,0.13726859870085714,875.2914983159015,1.0002991927536409
LLt.4.32,0.302572579979355,0.01671551994330756,0.2756241108666798,0.30200074788184234,0.3305631955072655,930.2212323670359,1.0001012348321734
LLt.5.32,0.2078163663256819,0.01709563037710796,0.1803940542928906,0.20735825575265682,0.23583515015823292,856.4684299223759,1.0004254570479085
LLt.6.32,-0.12466683784062976,0.015598220378753892,-0.15036505964474564,-0.12434736592182627,-0.09960787017616606,995.102840832231,1.0007364810391306
LLt.7.32,0.12984485087600428,0.01816134103779552,0.10011175090443178,0.12945705211174496,0.16007248266313065,1094.3601827058446,1.0001623076273896
LLt.8.32,0.08577187529031172,0.0182915197066573,0.05594006964698165,0.08543298607570063,0.1160533436551686,1062.6188852921096,1.000417632037285
LLt.9.32,-0.05154527789997634,0.01789396461973768,-0.08132956051975844,-0.05145037164690155,-0.022427018807964036,1047.412365243075,1.0000623549493852
LLt.10.32,0.3128918224994427,0.01787668664069093,0.2840748897039346,0.3118712198296352,0.3436597823477046,951.7483810404767,0.9999674575272873
LLt.11.32,0.007647922637402445,0.01776466755148483,-0.02128308929865234,0.00758802837176604,0.03743328801288405,1148.7325445988163,1.000400240203922
LLt.12.32,-0.10231062297730885,0.01653849225342807,-0.1304184640302401,-0.10173024996217397,-0.07585586343042139,1041.1282087587722,1.0004687731085316
LLt.13.32,0.2350057926553955,0.0133263415702175,0.2137946448305149,0.23464950660521589,0.25770219087790824,933.3749396367456,1.001299841400086
LLt.14.32,0.011268424206310546,0.017054540408773373,-0.017146910525632025,0.01094984771488291,0.038761716120213126,988.1846204273695,0.9999343467365364
LLt.15.32,0.035138765443731144,0.015336087084487209,0.010248544848819242,0.03509913393841731,0.06066175339649047,1333.0045483029473,0.9999357752036863
LLt.16.32,0.3071720575858818,0.017342252012058766,0.2795533675062354,0.30683986007395003,0.33668048906695003,968.3618001211676,1.0003136318337775
LLt.17.32,0.2088398137609511,0.01360330960929528,0.1869536889425841,0.2086954263305968,0.2314313298774397,1040.712914766865,1.0011627142049828
LLt.18.32,0.27525082997279093,0.019143697824357448,0.2437486030716969,0.275394238279697,0.3071840689779095,1053.9190285711566,0.9999220670398334
LLt.19.32,0.3442703415677332,0.018812210644211805,0.31328315017559094,0.3435726093352772,0.376019270982316,929.2222850521672,1.0001781962058989
LLt.20.32,-0.05653963660503676,0.01646922538869854,-0.08359792251868736,-0.0565751072458706,-0.02937754052403025,1190.986152433974,0.9999380290332164
LLt.21.32,0.165096479659334,0.012170611392832598,0.1454217461675628,0.16481003965768198,0.18512253086520913,1146.0481633467539,1.0003353693061754
LLt.22.32,0.3106570923305495,0.01887431879521104,0.280659979133038,0.31052138967976695,0.3424174350855385,954.2194221909649,0.9999147536471911
LLt.23.32,0.2567198946147972,0.015451573021639246,0.23178479806163088,0.2561935288290037,0.2829005561344203,991.7246216019429,1.000060205014238
LLt.24.32,0.22550339783092213,0.014382239243734798,0.20146531454155864,0.22537586834705509,0.24975143015897605,1132.2512782795418,0.9997911431785783
LLt.25.32,-0.0454088406770186,0.00959145734412886,-0.06151040047390966,-0.04553830814831544,-0.029402389192749623,1991.229655401766,1.0000854502194534
LLt.26.32,0.18260996989540407,0.016507547902039406,0.15641377302514964,0.18230266130395856,0.21003464546574754,914.1689602745173,1.0005134767467474
LLt.27.32,0.1654247185320308,0.014358038757371006,0.14217496891084733,0.16531897908551607,0.1897488623386621,1289.9948036900337,1.0000998060741133
LLt.28.32,-0.1374638436250286,0.013422347018601944,-0.1597906207890797,-0.13716743875349469,-0.11634493485069165,981.3541374246596,1.0005961785093227
LLt.29.32,-0.16944144018672244,0.01251636767491309,-0.19019061923084446,-0.1692031615193009,-0.150014900615162,1054.5456505798454,1.000450538724443
LLt.30.32,-0.19295119461961927,0.018196270661258687,-0.2236760711304454,-0.19230948882676296,-0.16411143837802622,887.8257677208752,1.0004483159224304
LLt.31.32,0.11638416844527927,0.012944133877478826,0.09543665484275927,0.11620570078050951,0.13818354828644283,1004.845427980034,1.0008213782485775
LLt.32.32,0.1770537185415356,0.015015593810940649,0.1531486150895429,0.1764002172182329,0.20276858222228855,1663.784716012533,1.0001290046954856
LLt.1.33,-0.5856488580951819,0.023888868382817983,-0.6259780321374301,-0.5847531305461068,-0.5476459926707677,272.4151671812893,1.0005792031103502
LLt.2.33,-0.33868035057237866,0.017382172628690115,-0.36865826442392957,-0.3380720847196198,-0.3110047495895687,422.2654770442335,1.0014796571742257
LLt.3.33,-0.6800696756792649,0.026220081318088343,-0.7250437531001546,-0.6787045195064738,-0.6392942122256343,271.4368861414246,0.9999639703355349
LLt.4.33,-0.4296433831181919,0.021601841462640152,-0.4665091639444024,-0.4289413100438048,-0.39605567186568946,341.1075765807641,1.0022310200087956
LLt.5.33,-0.6962504868586523,0.026894442391872934,-0.7417003955434989,-0.6948617580277866,-0.6538073161310727,258.7143536009079,1.0008357781302868
LLt.6.33,-0.2855310027735308,0.021794740210157756,-0.3222838649211075,-0.2854839349270448,-0.2506042156439418,525.9815692536769,0.9999093851105106
LLt.7.33,0.28872056767588783,0.0235100166435177,0.2505535900860229,0.28802803445104574,0.32716819175153,267.92608216821145,1.0052787271032697
LLt.8.33,0.404833878194553,0.02457916003368038,0.36493619453507997,0.4042275958007504,0.44506955062425996,254.17172274321322,1.0036722378496101
LLt.9.33,0.6404436466060547,0.027023576539452265,0.5973392060078709,0.6398619909310563,0.6863224330101089,234.5728714508087,1.0021434737499628
LLt.10.33,-0.3214223076933084,0.023077608092417976,-0.35989117935076054,-0.3203450686820726,-0.2846149440635034,455.9180566802984,1.0010076147357954
LLt.11.33,0.43579990013105235,0.024627018007380635,0.39554920098501817,0.4351937894415784,0.4757162736761049,261.76918422561573,1.0036939542265686
LLt.12.33,0.6470784932108259,0.026515501049343776,0.6049319491126117,0.6463902571064908,0.6916438704119595,264.8326166000046,1.0000829524044441
LLt.13.33,-0.3271381020321159,0.01745541666559786,-0.35646511062612696,-0.326714739157983,-0.29915056127542405,347.83999158730757,1.0000429826606818
LLt.14.33,0.5877456058965038,0.025913152434515405,0.5460452159395902,0.5877757236134304,0.6308524781634665,256.9738005520042,1.001283229288329
LLt.15.33,0.3976071429206576,0.023006365816479846,0.36070957309957463,0.39652530381181805,0.43614640028652285,306.39243227752326,1.0046288693872536
LLt.16.33,-0.4253383423179095,0.021902048122320182,-0.4625698566332287,-0.42478490663409674,-0.3900639060359516,376.08170920086457,1.0019871682463797
LLt.17.33,-0.15937246365904495,0.018571107196661874,-0.1902161143353588,-0.15938534141320632,-0.12918508894093908,717.2679907684519,1.0016564324190558
LLt.18.33,-0.22935879282004826,0.02291630271493773,-0.2686445037341898,-0.2285582131146611,-0.19269218780318598,557.6571995526723,1.0013049397960156
LLt.19.33,-0.4588893340906353,0.023415002321806315,-0.49981472975676583,-0.4582873244259691,-0.42218518749387135,334.71441781309136,1.001851532628479
LLt.20.33,0.3002828491094816,0.02243402883745068,0.26380803901095023,0.2999743474546413,0.3374732298864277,361.509770536998,1.0051569259496702
LLt.21.33,-0.07448270392364503,0.0169504725154263,-0.1033631751365077,-0.07465693416653069,-0.047473882229168034,596.4072568031435,1.0026661019695653
LLt.22.33,-0.5181749384586412,0.024871515068588305,-0.5596678727909727,-0.5176137745766372,-0.4789849217559997,343.1774059456172,1.0007899044464323
LLt.23.33,-0.3029040819035934,0.02091823349739873,-0.3377135481308122,-0.3019695640269465,-0.2698943740784346,532.5509340208114,1.000090772047265
LLt.24.33,-0.28185788385133675,0.019276799253844623,-0.3142265347967506,-0.2815812548478,-0.25123680312624486,544.0215561326108,1.0038070508186907
LLt.25.33,0.20775042276517564,0.016018303816907227,0.18237626625798506,0.2073971729328783,0.23433947714637507,815.671855351057,1.0000386942300419
LLt.26.33,-0.6923378845447735,0.026537843781360496,-0.7373105012265622,-0.6909198776343022,-0.6511469779479238,260.48851522212584,1.000787649797219
LLt.27.33,-0.36974750941811757,0.02178499847464001,-0.4055510591794019,-0.3695775979481968,-0.33395417319456866,453.98314926468083,1.002512561896621
LLt.28.33,0.4875451975092523,0.02219637667984423,0.45332815975682017,0.48647824932243944,0.5258999772062221,365.50123009276615,1.000032837573962
LLt.29.33,0.44793329717439156,0.019767806999444876,0.4167588487105032,0.4470223554680133,0.48213576985797,350.94176664007676,0.9999493090502773
LLt.30.33,0.7557644581482383,0.028487299604935498,0.7108222346367999,0.7547073300433718,0.803363459596879,236.85853606488732,1.0010170409191084
LLt.31.33,0.10718305234653461,0.020040790407819722,0.07450653526279105,0.10707521973553208,0.14066912949823718,706.7040815266246,1.0030872846661427
LLt.32.33,-0.19749985332216,0.01731625957227792,-0.22663110713675744,-0.19705523238499742,-0.170114295410432,813.9736516940403,1.0006687008972392
LLt.33.33,0.7188124889471434,0.02947450643208953,0.672638940910034,0.7175807521169126,0.7678441931577134,311.41736251739525,1.0007583617261213
LLt.1.34,-0.4903916615768825,0.023064582344530942,-0.5292422497439643,-0.48924716032096083,-0.4542916356973616,192.78034926874412,1.0002300552031627
LLt.2.34,-0.41776894018147176,0.018768535373441624,-0.4495749851259555,-0.41704626520380056,-0.38846746338528676,575.7245435206376,1.0014475436649843
LLt.3.34,-0.5584140194402984,0.024915362174458992,-0.6016302361103898,-0.5578585496256457,-0.5194880946292564,280.84484536920866,1.0004194682419028
LLt.4.34,-0.5551354695775764,0.023692987711448326,-0.5954971839344654,-0.5540478148458436,-0.5179331504324602,489.9527043797113,1.0019121428878204
LLt.5.34,-0.6543177650033164,0.026692808526541736,-0.7005702140216687,-0.6536588476522218,-0.6111033107965136,307.0350999294261,1.0001394766112863
LLt.6.34,-0.08364064151508072,0.02117981683793345,-0.11869981301207878,-0.08358581665758268,-0.049168470811551596,652.5245424111472,0.9999895529299542
LLt.7.34,0.10593972054167795,0.023234679236315885,0.06830432540567655,0.10573048103018325,0.14454864185638547,330.1454556582799,1.0029961515310835
LLt.8.34,0.22220857471821906,0.023742930603080255,0.18415637529463852,0.22158382009770733,0.2616797228362243,303.55108306301935,1.0017675225817333
LLt.9.34,0.49482371536724257,0.02565127762722366,0.4537531800358929,0.49434643519245897,0.5379794261384768,274.06004331402477,1.0010569740197994
LLt.10.34,-0.48306495212539863,0.025220143623471546,-0.5250452450793196,-0.4821254244746743,-0.44331919358197747,598.5526911873212,1.000967058744907
LLt.11.34,0.3121394782016224,0.023760012870274072,0.27386247515187256,0.31180336328215486,0.35182541236406056,315.5213578046708,1.0021612059684204
LLt.12.34,0.5363861792675875,0.025453082408692464,0.49557367821548615,0.5354656062829957,0.5794133749956462,314.9126385338912,1.0000646849371186
LLt.13.34,-0.422636888171329,0.01904589330483337,-0.4550507073941481,-0.42171376287596773,-0.39273652502333173,537.6578340091363,1.001082690510573
LLt.14.34,0.39948884236814164,0.02419782046171906,0.36028264013064154,0.399025625079852,0.44022563492725025,281.31699847434527,1.0005535709007516
LLt.15.34,0.2552961215049063,0.021884354759695007,0.22009532062389917,0.2551461593509127,0.2920142558250808,382.8111480942753,1.0032704325142094
LLt.16.34,-0.5580985431969332,0.024140166392322138,-0.5996282232005137,-0.5567894921460549,-0.5201212404550155,539.0563394748945,1.0013098548618027
LLt.17.34,-0.2809275952353171,0.01974956785567799,-0.31370858518441536,-0.280838716755505,-0.24826665777323864,747.7892085492407,1.0022203980758062
LLt.18.34,-0.40732908724646033,0.02503040001825815,-0.4508016126442815,-0.4062159794008418,-0.3676778055228007,665.0523716614431,1.0004896653903175
LLt.19.34,-0.6113904070310031,0.025937625042936736,-0.6560496685752583,-0.6101666558893111,-0.5712196862854476,499.54058775821335,1.001514005546732
LLt.20.34,0.27539212772537136,0.02255491771458387,0.23937205348752938,0.27492992053270593,0.3136286869672843,433.5182705415282,1.0032055976210281
LLt.21.34,-0.18276780674032994,0.017295118297914414,-0.21174427427679765,-0.1824663312394431,-0.1547239219891995,689.2726512791141,1.0014592828439193
LLt.22.34,-0.6298187068791544,0.026941086675498115,-0.6767758680446468,-0.6285632807660912,-0.5881111865351332,490.7737412878919,1.0014451282947945
LLt.23.34,-0.43042983721549716,0.022644079923480172,-0.46930630878661217,-0.4292599325880074,-0.3943294592949377,642.3496618733632,1.0003994820230722
LLt.24.34,-0.39226202264994575,0.020546267613117022,-0.4263393253254961,-0.39177347631744686,-0.3596214257737843,656.8029388566621,1.002139473368981
LLt.25.34,0.18794115289173782,0.015914384313951827,0.16247222341213383,0.1873909460445491,0.21544446449513524,977.5290171534758,1.0013664345811468
LLt.26.34,-0.6316893413470328,0.026052446819504454,-0.6768794322189031,-0.6305095825556247,-0.5910672268352537,329.8680178217848,1.0005631343978407
LLt.27.34,-0.40576697500245285,0.021737801938434376,-0.44237951171188633,-0.40543368843873995,-0.3703902790876496,640.9311106416352,1.0006723619950642
LLt.28.34,0.44766296857617477,0.021747806102204597,0.4128524714560204,0.4468559680502358,0.48533066881516096,399.86846446538897,0.9999065288825807
LLt.29.34,0.45468095283021065,0.019920202834987907,0.422990707123004,0.45399627281764643,0.48870371733934936,459.7231766843039,1.0000775895492728
LLt.30.34,0.6872500765090578,0.027821223093472985,0.6439873395404303,0.6861076469612366,0.7348191637776946,270.63843870195615,1.0004073738622388
LLt.31.34,-0.0233841828359408,0.020226369167731705,-0.05704939122361057,-0.023606285782737185,0.009863505953873966,809.0421385053608,1.0014794426388267
LLt.32.34,-0.2847249317668405,0.018218801238530077,-0.3154006441093082,-0.2839698234508051,-0.2563121325926841,916.0445749157961,1.0005550619713586
LLt.33.34,0.6601532152346616,0.026802694092098192,0.6178871455343329,0.6591701797978435,0.7066821607533935,279.81815893745403,1.0004977027999429
LLt.34.34,0.6953492559713639,0.03094335309070233,0.6467980903797061,0.6938561636276388,0.7484688240189292,501.7023265288287,1.0017244610158957
LLt.1.35,-0.36019191913759274,0.01993337898059672,-0.3933547331710961,-0.35965205477838713,-0.3282206396723906,172.78602850795642,1.00269822629198
LLt.2.35,-0.35869564623686917,0.01639582290648425,-0.38630802040388856,-0.3580966864617625,-0.33294855232920395,604.9071778748786,1.0006212031668928
LLt.3.35,-0.4341812598566032,0.021804402977646922,-0.4715824193741053,-0.4335415583225337,-0.399296136516885,285.22763918024134,1.0012119832935629
LLt.4.35,-0.4970549896261361,0.0214436163423141,-0.5331619497543499,-0.49649286119553865,-0.4637939346689213,570.5455367921589,1.0009715399540187
LLt.5.35,-0.533369181431617,0.02354596358158749,-0.5734687352641706,-0.5326337416342702,-0.4954370081609536,329.83909930535214,1.000688704333676
LLt.6.35,0.0017555106075008045,0.019114481432237936,-0.029973586388324723,0.0014676032518694724,0.03330267749698776,599.3255369014372,0.9999168519432519
LLt.7.35,0.18045677425455836,0.021275904306848614,0.1462383864132797,0.18031376574992167,0.21650605876700668,445.9980309684795,1.0036742201884477
LLt.8.35,0.2707612252390409,0.021873366872160897,0.2355392586164346,0.2705727669302127,0.30690893362163857,401.1184797879227,1.0028991834438312
LLt.9.35,0.46305847930678296,0.02335799816037584,0.42567672730522826,0.4624843796834537,0.5022830525664675,316.56771785330733,1.0030478073103422
LLt.10.35,-0.39950180045263506,0.022181146273577503,-0.43646932240199954,-0.39912633271485876,-0.36369317902050835,684.7599988817877,1.0000580462133422
LLt.11.35,0.3685252466214906,0.022406054099257083,0.33269441262905186,0.36802341840595093,0.4062240746167755,417.4302313913892,1.0032576350641713
LLt.12.35,0.46193776053430396,0.022441012949513655,0.4259552933595541,0.46081441208546514,0.4993132736975785,340.0595667196149,1.0016016868835869
LLt.13.35,-0.35223594340452,0.01679240443910363,-0.3810158058283769,-0.35138179473072506,-0.32619120864740286,616.4010895048393,1.0007955393805774
LLt.14.35,0.3400447094428349,0.021433597403197426,0.3044178530409672,0.3397044856718775,0.37604018649362914,301.4172822168615,1.0025731844774393
LLt.15.35,0.2709989033160103,0.019857843002952996,0.23831198559474714,0.2704609146753679,0.30373340189892867,437.06037514118145,1.0045244549370838
LLt.16.35,-0.5136972439333841,0.02195679358165274,-0.5516473770319307,-0.5129665813894492,-0.4788759289204567,595.299742490445,1.0000785427599537
LLt.17.35,-0.2104015819180149,0.017443004687088107,-0.2391693650584894,-0.21025230471274636,-0.18221580571665358,893.1111722876113,1.0009406818510076
LLt.18.35,-0.46715434158102265,0.023790622879057085,-0.5075747625619066,-0.46637937575625876,-0.4293191541510681,693.3729304821989,1.0005913769551078
LLt.19.35,-0.5522440574091556,0.023482796321354103,-0.5931139869310089,-0.5512452056961594,-0.515131609900052,559.0670848533457,1.0004116792068676
LLt.20.35,0.3636497858577087,0.021469030085751913,0.32928132604314286,0.36327055424490956,0.40002132827135023,561.6189603780231,1.0032584663609567
LLt.21.35,-0.10958269493962301,0.015125548901898123,-0.13432493647689045,-0.10953266878249726,-0.0857476325006888,924.18623496725,1.000893262000724
LLt.22.35,-0.6030085577782962,0.024929270873162657,-0.6450847370159153,-0.6021646620130128,-0.5634761747938098,543.6898543075802,1.0018771114692562
LLt.23.35,-0.4024489724995106,0.020543253661745475,-0.4372686702623995,-0.40177639761164535,-0.3699404107701822,691.4534218874383,0.9998817211777747
LLt.24.35,-0.3870216212133645,0.01895299616655691,-0.419387080934848,-0.386481387297143,-0.3567923851434333,730.3441624851108,1.0014710037799912
LLt.25.35,0.19700073853814315,0.014513259097338848,0.1739426023131397,0.1965840118330991,0.22160707649464975,1089.343052126198,1.0001101864563682
LLt.26.35,-0.5216268107207279,0.022839768129926042,-0.5606365974365667,-0.5205479049584183,-0.4859635941535106,348.62896888267204,1.0006759093022137
LLt.27.35,-0.4154662134378442,0.020220159420230262,-0.44947956516087917,-0.4149733460096103,-0.3829990904528928,690.9936537015252,1.0013962605236784
LLt.28.35,0.3391406528815096,0.018677402762933105,0.3097338351709449,0.33809701519394264,0.371749208286805,451.38488821745426,1.0006009008004249
LLt.29.35,0.3979567972063525,0.017975564913880856,0.36950825072318544,0.39768520147478653,0.4284000766619815,502.9033721906766,1.000932753944568
LLt.30.35,0.5877490602553835,0.02472202189497365,0.5488399979308041,0.5872530692271399,0.62992589639061225,298.03040342947537,1.0011422639063634
LLt.31.35,-0.02523542486539307,0.01833090538263933,-0.05491442965434179,-0.025456835842719704,0.005333038116820113,860.2424453017755,1.0023285969794757
LLt.32.35,-0.2436035162573659,0.016005140181811293,-0.2701162071864251,-0.2432958449854101,-0.2180423707435262,1007.1182359751886,1.0006396559111632
LLt.33.35,0.5311746171722664,0.023262604897006624,0.49413839455948594,0.5308103074224155,0.5708843110868058,322.4183856953285,1.0018411917826886
LLt.34.35,0.5779938639164216,0.024239125298826932,0.5392176494767904,0.5774382321435494,0.6191881726513818,431.81960689358027,0.9999661886239184
LLt.35.35,0.5266548302355849,0.025178465356481952,0.4860626575371342,0.5254912426732765,0.5693719335950509,668.5728265916413,1.0008219826996587
LLt.1.36,-0.4377831691825455,0.021516008729154,-0.47453629892137245,-0.43723201728420563,-0.403071214670902,673.4414317935691,1.0001937564282168
LLt.2.36,-0.08168124108582726,0.014848903244129307,-0.1061855168930049,-0.0817627205168382,-0.056747471798828185,599.7326582897298,1.0006433103722276
LLt.3.36,-0.4871334009934652,0.02386042756910548,-0.5271921999439347,-0.4864489406434514,-0.448249343652388,671.4822634861428,1.0000428433945192
LLt.4.36,-0.05420868617861061,0.01868645376964372,-0.08445345496715835,-0.05460909060035157,-0.0231422922785168,534.6915627440724,0.9999931172013066
LLt.5.36,-0.3978105943902061,0.02271974627550442,-0.4360353016311323,-0.3975438644397182,-0.3601798923909795,566.343016647812,1.000308695305452
LLt.6.36,-0.41598710583605963,0.022686040892336005,-0.45373859255007065,-0.41631444707972987,-0.37775574765027065,596.7642082551926,1.0009590239517412
LLt.7.36,0.19579116420719778,0.022789610847255427,0.15839338695783953,0.19584093895730742,0.23368738777887907,452.18522525014663,1.0034092811698614
LLt.8.36,0.26130957361395085,0.023679625806123643,0.2225247490416502,0.26114397205452844,0.3003281209620899,452.803440288426,1.0029421422502083
LLt.9.36,0.3873738170783004,0.024529687199804542,0.34714186127165386,0.3866864431009952,0.42946648248643743,478.8066469907012,1.0021020126698996
LLt.10.36,-0.014245250347543302,0.020753444815684693,-0.048379319750196464,-0.014475502165612823,0.01948024447130495,578.8093750546569,1.000485781505612
LLt.11.36,0.19394018793024595,0.022847571479509814,0.15637172569578092,0.19365384961375798,0.23141134851496617,438.72973627287456,1.0032641262695206
LLt.12.36,0.4031776930229217,0.02349089449362635,0.3645647101495249,0.4023522963858597,0.4431470132350284,555.0814451750059,1.0003395222528688
LLt.13.36,-0.07400159943225429,0.015046959366375562,-0.09933349049935136,-0.07399638423115117,-0.04943339855771798,641.6042877956825,0.999961073200107
LLt.14.36,0.4548482612996645,0.024391136215287296,0.4149764071329882,0.4545120492025467,0.4955947256777028,528.6556599125441,1.0007252595806595
LLt.15.36,0.25481630316967624,0.02128567947530756,0.22011015084902905,0.25429957719972,0.2897560646207083,522.7607339892043,1.0033408826726884
LLt.16.36,-0.02770656285874812,0.019180397541777333,-0.059100094785899754,-0.02795494506166449,0.0038130247753182813,527.7505722448527,1.0002222758453465
LLt.17.36,0.0032759170142770714,0.016599906644670828,-0.023522857470724093,0.003399967123824888,0.03065285533186998,738.1504798925012,1.000148373082746
LLt.18.36,0.20949465821009994,0.022853922061118564,0.17290576979630504,0.20910421348226899,0.24798517625524924,591.8773527089498,1.0015306206119992
LLt.19.36,-0.033472464663366376,0.020784173884147657,-0.06825634642303491,-0.03378444701397646,6.433092028995975e-4,510.13679501308854,1.0000333947252906
LLt.20.36,0.004009447038551425,0.021061534896780258,-0.030566497282186567,0.0036698264383203064,0.03920815498766197,480.9956655111267,1.0051709856167521
LLt.21.36,0.009349404985387205,0.01547982143779739,-0.016717996105102065,0.009509802103633587,0.03465005555805245,706.584900015711,1.0015420116698721
LLt.22.36,-0.05617071455814168,0.021740084290964207,-0.09117463487277991,-0.05620312822916093,-0.02037858095496221,526.5775792321992,1.001162974378252
LLt.23.36,0.021959823805811244,0.018452936838454975,-0.008209261457843653,0.021839224693886404,0.0527181631090549,607.4064943204165,1.001152413455955
LLt.24.36,0.037082032283913956,0.017474424890082062,0.008095112783177696,0.03725702153083485,0.06555522063150268,618.1572059217995,0.9999888092137597
LLt.25.36,0.07057538548028128,0.013267254985315495,0.04880283184662769,0.07030446629979151,0.09261265758859552,1112.7993218244756,1.0003646319322161
LLt.26.36,-0.4041994661175818,0.022653525348964944,-0.44246778245517726,-0.40346774835994015,-0.36735343388683855,516.2027914176439,1.0001363738452906
LLt.27.36,-0.05328701715889558,0.019148178561547533,-0.08526310636427904,-0.05320316081516698,-0.022279908205649217,480.2450795031046,1.001691814557799
LLt.28.36,0.3201472503353198,0.019041814918185358,0.28917334755186513,0.31977892936433294,0.35209569095317567,837.811648505262,1.0000578203751824
LLt.29.36,0.19160057270595504,0.016247490103368477,0.16555431164230539,0.1911323107677117,0.21877253554133397,675.8313118113895,1.0003227780664459
LLt.30.36,0.4180528495855136,0.024045160845139964,0.3796693312117115,0.41748938411365133,0.4598764921730539,477.4129118636717,1.0003974082216889
LLt.31.36,0.18023259809760003,0.017887666915896577,0.15154035375073038,0.17975664608428682,0.21057135957571632,783.6539766719467,1.0008020583757151
LLt.32.36,-0.009601387630024423,0.014943175560316714,-0.0341709259268487,-0.009521664427428106,0.014665459818407247,949.4377553463819,0.999819425100562
LLt.33.36,0.4327593174881978,0.023159347084699796,0.3952296979698324,0.43238729978639345,0.4723430399681616,559.7306207305829,0.9998965320368194
LLt.34.36,0.2959720871657082,0.022313056710563255,0.259505644399316,0.2957874846986561,0.3330734550244101,608.711070405289,1.00050903246851
LLt.35.36,0.16411906751968977,0.019379244790558157,0.13256870265329523,0.16390395666942986,0.19616671586177203,594.2068614654066,1.000274916753255
LLt.36.36,0.4436813275245317,0.02787152867210811,0.398645239759096,0.44328182997483107,0.489614976451653,927.1523533257821,1.0002191499315503
LLt.1.37,0.4321883645459539,0.02263965159105841,0.396525811447648,0.4319021476599152,0.470122729793069,160.22409253431678,1.0006186602028622
LLt.2.37,0.41349718046584233,0.018556819032174668,0.38431919507694523,0.41299299201692463,0.44500289274033245,592.8846025735082,1.0034145606389282
LLt.3.37,0.5185638445524839,0.024791892323135407,0.478905097439815,0.5177292855217197,0.5613350314783423,263.9224916662752,1.0005661929485545
LLt.4.37,0.5699434802612857,0.024210224455252193,0.5321282209691603,0.5687469666256679,0.6108120696562243,558.4281544434945,1.0031894487343573
LLt.5.37,0.6276067860741749,0.0265530103920423,0.5858633887297128,0.6265771220630787,0.6742196057090354,310.04398439805857,1.000872288933586
LLt.6.37,0.01791046663177714,0.021422295377991486,-0.017554919039630926,0.01822667487027532,0.05273853937720185,549.1162229669585,1.0006714239424497
LLt.7.37,-0.2127521984123524,0.02384433690674348,-0.2538140496574599,-0.21215891305572393,-0.17416343267224474,391.6717042271278,1.0034513991289071
LLt.8.37,-0.31903812402261617,0.024542927843932565,-0.36020083425591704,-0.31888153518494095,-0.28002766797319006,356.5558145928446,1.0024451032205324
LLt.9.37,-0.5452794771159307,0.026285405347780816,-0.5906224114975734,-0.5445099271458844,-0.503385492577347,292.2034835839091,1.0021648456793004
LLt.10.37,0.45751849642496895,0.025042323523177923,0.4177615253511914,0.45659332140427766,0.5000384526825764,670.419437290314,1.0005215204378497
LLt.11.37,-0.4273381643689439,0.02516476429755914,-0.47115725957678317,-0.4267640822248891,-0.38633547805999363,382.2891824824392,1.002564462822358
LLt.12.37,-0.5455383543662475,0.0255927555426278,-0.5896428091894599,-0.5446186238828389,-0.5049716806667442,333.6563780520695,1.0008403223122835
LLt.13.37,0.4060333970114498,0.019105132585136696,0.3760177947185208,0.4053457236161614,0.43863883715937607,602.8047857139832,1.000784897868714
LLt.14.37,-0.4085986178274822,0.024186894993146024,-0.44885520453381067,-0.40823194109218053,-0.3687833012746365,271.60121741773645,1.0019796359709892
LLt.15.37,-0.31967783563319546,0.02244946711014632,-0.3574819832464758,-0.31940090334140603,-0.28350364892089197,417.39595511760075,1.0039672270685056
LLt.16.37,0.5874892814949878,0.024898428322196634,0.5482702652985195,0.5870075151164565,0.6301202786697645,578.2303168595168,1.001804145842353
LLt.17.37,0.24099787016931637,0.01963342784341248,0.20860629842630432,0.24102172495883062,0.2734300759739252,833.805052752893,1.0008921647293094
LLt.18.37,0.521997641990046,0.026710021576580378,0.47921378331033604,0.5212083893777639,0.5666065438014128,649.6356500520723,1.0000079610371153
LLt.19.37,0.6319540620277322,0.026559068363680112,0.5906336153557732,0.6305313735352944,0.67843414390758106,547.2861917604371,1.002389959495161
LLt.20.37,-0.41284387982799897,0.024250854364695006,-0.45396243756715093,-0.41172811740867027,-0.37402045716777804,546.5202153722196,1.002503313833223
LLt.21.37,0.12589279146849822,0.01715509079363932,0.09793370522270942,0.12594864719935267,0.15384179821582444,841.9875645178836,1.0012527455116416
LLt.22.37,0.6901802279588368,0.028334336753162305,0.6454750636628247,0.6891475692162699,0.7388076014426423,527.4846426583266,1.0008398275997172
LLt.23.37,0.4582057396484003,0.023060928474353076,0.42169209839067767,0.4574429187287312,0.4971164783726512,675.3300081452367,1.0000105771210963
LLt.24.37,0.4395251551600128,0.02157152926657027,0.40506403843823835,0.4392630874975334,0.4756975806977108,749.3538645689315,1.0007807692772839
LLt.25.37,-0.22739478417556097,0.01645789162282784,-0.25501067005452177,-0.2270771689598719,-0.2006043648412673,1031.519393940374,0.9999075466274414
LLt.26.37,0.6143002783258407,0.025845687193516015,0.5742780681855653,0.6132042681954611,0.6581124154179945,365.88321291365116,1.002892253257953
LLt.27.37,0.4756191048517024,0.023130332515727697,0.43790796372390506,0.47499840579296326,0.5147935243946641,655.4071533300091,1.0031062453978474
LLt.28.37,-0.4026223060173098,0.021194158628161472,-0.4382773958763767,-0.40177814057290123,-0.3692386800703995,383.6141371371444,1.001260281960628
LLt.29.37,-0.4629753233962404,0.02021166449088628,-0.49758949757446114,-0.4622361713692855,-0.4314259846829746,486.2196363227562,1.0007120759036365
LLt.30.37,-0.6900402580111702,0.027872136972266915,-0.7374519884582976,-0.6891287845219394,-0.6455032695361821,279.63799292918344,1.0013182217109156
LLt.31.37,0.020822030756970738,0.02073457884811443,-0.014137549235101066,0.02124943807042435,0.05487608841113549,864.7617262815633,1.0027573784006039
LLt.32.37,0.27881377959139514,0.018283133690267784,0.2497731877630747,0.2783186977880431,0.30944951673441623,1019.0804386665147,1.0004023474075452
LLt.33.37,-0.6267842448208615,0.026310247306851844,-0.6716208078851298,-0.6257386287950734,-0.5853310514703027,290.7208560066224,1.0021529065115002
LLt.34.37,-0.6739201915198167,0.027404715384844656,-0.720854800939628,-0.6723880804238662,-0.6309940342724082,425.4011254135398,1.0024496186082679
LLt.35.37,-0.60784481926099,0.02488657831982766,-0.6511524867544769,-0.6069235114989616,-0.5685722268779894,538.884574888013,1.0009359830116125
LLt.36.37,-0.2090201523109971,0.021853083777847164,-0.2445681735009947,-0.20869943498905558,-0.17448326220132837,508.9258438112632,1.0002374773499576
LLt.37.37,0.7036260207875917,0.0318917174958963,0.65339680981004,0.7021976029940543,0.7590605441574643,606.034884997056,1.002278086021383
LLt.1.38,0.1838512295193307,0.018745191987448513,0.1533577195765433,0.18333417059071866,0.21478077421608366,330.4173937618584,1.0002686706823753
LLt.2.38,-0.16226569575781397,0.014693120936101159,-0.18684717038994525,-0.16208813309501025,-0.1384304272533431,653.4614495964477,1.000516017179252
LLt.3.38,0.23703129854153465,0.020990064196002592,0.2024151155550767,0.23678672345194574,0.27222287720189436,524.8205823622066,1.0008717159940113
LLt.4.38,-0.2555198590004717,0.019338740792652107,-0.28684315751470235,-0.2552481497154194,-0.22375429012716916,658.7260362298395,1.0006737577269311
LLt.5.38,0.07713142639229277,0.02020529482295259,0.04337944805628814,0.07686454339123822,0.11064963293290424,622.6292137959491,1.0001203199743465
LLt.6.38,0.40066270379266283,0.022260233320916308,0.3649481426544185,0.400257931039567,0.4380938565233285,496.8260019529654,1.003141906091715
LLt.7.38,-0.37041189909651834,0.02298713400104572,-0.4100853248758,-0.3697857088852746,-0.3340355740523823,575.7423079427134,1.0055199683559373
LLt.8.38,-0.3686151641415918,0.02337087713866571,-0.40807173768625465,-0.3679900547292132,-0.3307906978675026,568.6287145757381,1.0056528034047945
LLt.9.38,-0.2899258710899775,0.02238945142719321,-0.32749965639631323,-0.2897656559881072,-0.2530090958142626,568.1559188120879,1.0029830478213102
LLt.10.38,-0.3292026727174708,0.021339692415512868,-0.3651651536253018,-0.32863308631706384,-0.2944382547104953,659.609986470333,1.0005145905385262
LLt.11.38,-0.2505808483178703,0.021869825324896567,-0.28732768227722205,-0.25022599338622525,-0.21502965582020467,590.1522329498653,1.0077325334645708
LLt.12.38,-0.21765091288504956,0.020955567099010253,-0.25183156020586733,-0.21754937756580744,-0.1823960273829322,627.8550376392216,1.0019341732821052
LLt.13.38,-0.19575545772317926,0.015576820254473288,-0.22226639473740153,-0.19559987027281056,-0.17073088432623723,714.3653039019157,1.000670590175149
LLt.14.38,-0.3742124322132106,0.02260864637705972,-0.41216283762383027,-0.3736154908994098,-0.33802037681986097,536.2775826855082,1.0012345118881223
LLt.15.38,-0.2859906838984549,0.020268574082629803,-0.3195449655731943,-0.2856180930524857,-0.25340534028707423,676.5209491765759,1.0031935284528515
LLt.16.38,-0.2693887644853391,0.01978060770236556,-0.30159784294723224,-0.2690852315225577,-0.2370260816630598,621.9914395994155,1.0016694820531857
LLt.17.38,-0.24785185141837593,0.016980435261626087,-0.27686009652579674,-0.2475157321901133,-0.2208333713381043,724.0757235942322,1.0003042563713676
LLt.18.38,-0.3546135725701848,0.0233085839988426,-0.3934760712597407,-0.35471902231587205,-0.31639846034524893,522.2352518011908,1.0060082834064814
LLt.19.38,-0.30980913245523034,0.021665213351267823,-0.3468786488556505,-0.3099427740885013,-0.2744801609344233,601.8083864636338,1.0011323108143295
LLt.20.38,-0.05407566458804557,0.019909908279950157,-0.08631248811236802,-0.05379314628479595,-0.022296180867612703,548.3268420848449,1.0131533448734416
LLt.21.38,-0.22124423039970284,0.015228438140325717,-0.24671381061635134,-0.2208530835595564,-0.19726951105308696,745.8009942921591,1.0024165833665255
LLt.22.38,-0.2262078780522667,0.021576740708114106,-0.2619448388937541,-0.22581633323441877,-0.19068235761344615,593.2403283744277,1.0031382352122804
LLt.23.38,-0.2578894459193365,0.01881238480305325,-0.2893372994251342,-0.258008649011517,-0.2276423680403437,666.6915314778985,1.001044312995773
LLt.24.38,-0.22233082997482992,0.017436834081274947,-0.2503314616616293,-0.2222854221341955,-0.19386424775299588,752.8233790800751,1.001292715595668
LLt.25.38,-0.039956150397555505,0.012569327971862793,-0.060616866297168004,-0.03999067476466821,-0.019308988847506304,1370.953313095688,1.0023182861718318
LLt.26.38,0.11526068346636612,0.019923136752839188,0.08235728740195672,0.11484387424598529,0.14853056627931482,602.7275491675165,1.0002635429329292
LLt.27.38,-0.07225125896920441,0.017337076190671947,-0.10072706735233483,-0.07215270128745546,-0.04341310701314462,720.4506536320066,1.0055567023110765
LLt.28.38,-0.0738708930846235,0.016418044014717963,-0.1008683909328272,-0.07404343428683197,-0.04743744727632472,791.2985882295449,1.001136135380202
LLt.29.38,0.01704365548092932,0.014898746565157871,-0.006777460194136462,0.017024462717586748,0.041330067094220026,763.3230137731942,1.0015194597356867
LLt.30.38,-0.13147655651955079,0.021226947113508258,-0.16658346653258094,-0.13162044179850974,-0.09614685719655366,599.8616309996927,1.000824463037426
LLt.31.38,-0.26184824762785813,0.01773917440487741,-0.29138801327149216,-0.2613271854981106,-0.2334016521436005,752.1000668695173,1.0006527141658956
LLt.32.38,-0.17744492444065313,0.014723696963268614,-0.2027289827654122,-0.17697873753968793,-0.15406004076381294,934.2909822164617,0.9999007852783083
LLt.33.38,-0.1096974021359841,0.020134999612224924,-0.14338352265689852,-0.10956730514194993,-0.0757831031613936,612.8270825043346,0.9998383317938194
LLt.34.38,0.07662317717440392,0.020452876159124122,0.042898701863048457,0.07662863710045023,0.11032790036930745,679.6525244203629,0.9999124163441678
LLt.35.38,0.09733507077381562,0.018155615319106956,0.0680308160710199,0.09756753421388417,0.1269978612622937,744.2339172448885,1.0015016958750886
LLt.36.38,-0.2673141080400001,0.020248576899625503,-0.3000728197782169,-0.2676991468312534,-0.2335190600784044,562.0028828721038,1.0009534577884063
LLt.37.38,-0.09881510031696536,0.02048812017937164,-0.13239561903861952,-0.09864925179704363,-0.0667044195356354,659.9446268665997,1.0017232391122946
LLt.38.38,0.3737905970091572,0.02563172682702751,0.3336341846927404,0.3727618362086063,0.4184411237658383,657.0612309719897,1.0024515961645835
LLt.1.39,0.32911723179600166,0.01632530274066525,0.3032324358275572,0.3286069162148108,0.35648096915681937,234.3624433219024,1.003677236467241
LLt.2.39,0.18807467281101656,0.011946533522197069,0.1688700818012877,0.18791767891306504,0.2082304569115362,509.33852836003047,0.9999445350903452
LLt.3.39,0.4040408588989733,0.01853380245486142,0.3746876668743112,0.4033233629789753,0.43583101841328625,287.68095723121303,1.0026783773643424
LLt.4.39,0.24872408198506965,0.015645590155845532,0.22388007936320137,0.24834069871616038,0.2754408826792498,474.60649693116426,1.0001181539034418
LLt.5.39,0.4093955298208931,0.01867402080153291,0.38026338433583357,0.4084412579053543,0.4414520086547202,298.9854596156237,1.0019078024998491
LLt.6.39,0.160708163592892,0.015881281990563642,0.1345391764755523,0.1605099075140708,0.1866556668780333,501.1107873025668,1.0010770902147774
LLt.7.39,-0.2833167970144507,0.01880956780381484,-0.3143513629084336,-0.2830162335355782,-0.2518746163150252,389.8611545720616,1.0084589079561017
LLt.8.39,-0.346367099406439,0.01965240803818779,-0.3793426731083937,-0.3459842643952359,-0.31392312084203833,355.38812409664547,1.0076519973995155
LLt.9.39,-0.44915505933864824,0.020529973658195432,-0.48403584883309836,-0.44882347712113563,-0.41637521149308576,297.0829153091056,1.0064729574689966
LLt.10.39,0.14796209903034738,0.01626355284726584,0.1214190631671525,0.1478657598324532,0.17562622935259795,662.4315429526242,1.0007597858382682
LLt.11.39,-0.36802900828157026,0.019512737606131772,-0.40133601945175096,-0.3674453109546584,-0.3362175931495519,361.89888521084214,1.0075383060525787
LLt.12.39,-0.41739632063801563,0.01908232988699952,-0.45080174942377027,-0.41716724749938955,-0.38734322522127757,312.21603297361105,1.0031483596801634
LLt.13.39,0.16936386249146226,0.012111842334066416,0.14944817061042723,0.1693540700813942,0.18927731135880602,519.6718504417695,0.9998036482821582
LLt.14.39,-0.3949958724221262,0.01937235980995829,-0.42787621480780147,-0.3944382271687661,-0.3640350863449487,302.16366269304615,1.0052148054724623
LLt.15.39,-0.31162696641351734,0.017256244110540636,-0.3413437236069842,-0.31130633216658,-0.2841462963021002,361.1585746729673,1.0083792370651583
LLt.16.39,0.25533693090348325,0.015936048612246047,0.23014579201259278,0.25479416263940624,0.2825276667693785,452.77582074341166,0.9999068461559584
LLt.17.39,0.04656150887109176,0.01286057182985404,0.025276574161905634,0.04679080729604826,0.06762056943607014,946.720948624448,1.002047226424802
LLt.18.39,0.19016985126958094,0.017712671622248845,0.16171909808071502,0.1896182573312245,0.2202236840430839,631.6979065305391,1.0006422265272181
LLt.19.39,0.2658627515524588,0.017162257315292643,0.23809520903485318,0.2652885126493475,0.2954952307273675,446.70193113661935,0.9998654348127975
LLt.20.39,-0.28482188385050533,0.017427213774029848,-0.3133676318429416,-0.28485034793581404,-0.25610649284764586,448.25099892397293,1.0073444425467903
LLt.21.39,-0.014677550411903197,0.01178545876630312,-0.03407204817264339,-0.014616687078743468,0.005179919786614753,953.0018431312341,1.003584094202327
LLt.22.39,0.33744547587555795,0.018475167546502073,0.30748871079750745,0.33715083139323576,0.36877354925975336,408.4461158249648,1.0024723504057274
LLt.23.39,0.1809999251208842,0.014682982745588073,0.1575011118249977,0.18051308034648555,0.2057045448797792,624.3216817821085,0.9998135829740615
LLt.24.39,0.18523716042818175,0.013679919220505779,0.16410049059828252,0.18455658924928142,0.20878413538482682,642.2114930248063,1.0005074852305154
LLt.25.39,-0.15750737061146453,0.010932007810698792,-0.17600768115688348,-0.15717963881660257,-0.1397564807069865,847.2344970526858,1.0010473483060192
LLt.26.39,0.41698251781403867,0.018543409500526072,0.3874882593166296,0.41672564761718056,0.4490227903724476,310.9001910941083,1.001947092115961
LLt.27.39,0.267661636135546,0.015593310087905897,0.24310234492442245,0.26750103177326334,0.2941218726033915,521.7803288723309,1.002840394979154
LLt.28.39,-0.26956931462722195,0.014635507657907516,-0.29445019354426905,-0.26908410896752305,-0.24638414141044654,414.7053485189875,1.0009448391653386
LLt.29.39,-0.27581656933020815,0.013744783193210722,-0.2986121801660535,-0.2757365832257932,-0.25370546952505196,391.46359972494776,1.0019902841726722
LLt.30.39,-0.47122548125769936,0.020262495860667116,-0.5065713277222862,-0.47086399808622126,-0.43809573815896596,277.2466311963954,1.0028100645097577
LLt.31.39,-0.08940036638105127,0.01353439399160668,-0.1120381786718362,-0.08886185898489965,-0.0679131529532056,719.5098163916767,1.0068781179921638
LLt.32.39,0.10008253840269606,0.011535362492913898,0.08131251417031876,0.09998599361880675,0.11891653350771828,1004.7046113175747,1.0002887709020494
LLt.33.39,-0.4209528635194762,0.018845050350881905,-0.45312326045022294,-0.42018988185376616,-0.3908580214677582,301.2918418464709,1.0008936528896553
LLt.34.39,-0.3783078757969755,0.018582277038043063,-0.4095530228099418,-0.3777571882618602,-0.3493985598060582,363.66213818396585,1.0002418112763185
LLt.35.39,-0.3346980559897658,0.016630773307296183,-0.3631931191031627,-0.33427341595780036,-0.3077751430298,391.3813446438826,1.0018043217795298
LLt.36.39,-0.22314674753350996,0.015705700236106353,-0.24945010322885403,-0.22259795094978702,-0.1976371117845134,604.1714648708931,1.0011838987751864
LLt.37.39,0.39204111063560904,0.01871740939446972,0.3617502138580912,0.39173712889157497,0.4234075257510324,371.49656614486094,1.0010872412198228
LLt.38.39,0.08290834614253641,0.01453359891678264,0.058626941905120904,0.08278617069273375,0.10736092644063427,732.3465639179989,1.0020814944058558
LLt.39.39,0.2725361865229319,0.0162158162332887,0.24637229101435695,0.27225155045151084,0.29985436388716036,533.8779883501766,1.0026676520854048
LLt.1.40,0.2859311276680122,0.018386216128532355,0.2558537699978218,0.28581492538465125,0.31624272795945746,330.6809135699315,1.0018862646788438
LLt.2.40,0.0630592904459318,0.012811061870989805,0.042746013900972754,0.06287378920671814,0.08475737730801777,579.2644654036645,1.0006391044989593
LLt.3.40,0.36234016330301294,0.0210175631479003,0.32752472424367746,0.3621506658239669,0.39610031577124283,418.14285463993417,1.0001774567543251
LLt.4.40,0.07146466390605738,0.016859613558900532,0.04443879258898089,0.07104747331169442,0.09980719144714499,670.2311034077657,1.000295832158849
LLt.5.40,0.3050767619541395,0.020158265902422957,0.2712810473114653,0.3051036526523404,0.33793877317073023,433.6429182500884,1.0000335389456512
LLt.6.40,0.25553830788877285,0.01873192582160599,0.2246264057521036,0.2554457974277514,0.2861070079431689,631.8276147267052,1.0005860570686627
LLt.7.40,-0.36455247188341666,0.02213901382205447,-0.3999219596148992,-0.36517134492959413,-0.3275072983711089,521.7181145878444,1.001678739288975
LLt.8.40,-0.4048130974567163,0.02291274135683352,-0.44193873131154066,-0.4053628930984537,-0.3668097411757903,475.91200191443806,1.0015072322379002
LLt.9.40,-0.4337657926008424,0.02306277761337707,-0.47034095814208754,-0.43392511989326477,-0.3949345048279496,398.14163552312516,1.0009370698894595
LLt.10.40,-0.03554652688225547,0.01776161028574832,-0.06470417791288928,-0.03560703279566374,-0.006525736519493196,758.536121002031,1.0007842280428767
LLt.11.40,-0.37654611299985136,0.022201164497947037,-0.41226385256994147,-0.37717660746207493,-0.3392732068066578,462.37384641990093,1.0012009700821485
LLt.12.40,-0.3742995253872309,0.020902201641094784,-0.4090206329780369,-0.3743321776938777,-0.33891143645504146,423.1950516218252,1.0000015828179443
LLt.13.40,0.03423720428594324,0.013230102227573107,0.01263396340588629,0.03416856312254576,0.05555955305642341,732.5775623686981,0.9998817266504837
LLt.14.40,-0.42141458632892753,0.022248467681450654,-0.4577415432384542,-0.422146623147779,-0.38424415581854987,417.8548310598089,1.0006642247689788
LLt.15.40,-0.34109124808185154,0.019511497062380628,-0.3723545017052324,-0.3412907096664033,-0.3084524925908792,481.4752669766416,1.0015133501674358
LLt.16.40,0.07361308871542915,0.01734900757849875,0.04488024255572528,0.0732896333016691,0.10269357426523074,658.2641147621346,1.0016138232429364
LLt.17.40,-0.07555892932717727,0.013939525563706293,-0.09803034725789803,-0.07544094990185225,-0.052777113903219,948.9752472770637,1.0007678889859544
LLt.18.40,0.013434208696661069,0.019982716302364173,-0.01995018525685715,0.013583288148474301,0.04664503002294187,674.1524802729101,0.9998107846810086
LLt.19.40,0.06278769964210709,0.018706789303044938,0.03256657486831146,0.06245079256708883,0.09342396669024945,657.5042057048277,0.9997833838226636
LLt.20.40,-0.24605299587683505,0.019435351243088483,-0.2775477056284154,-0.24580865909928865,-0.21477203302827944,550.8218332150301,1.001633556853345
LLt.21.40,-0.1105189377706546,0.013272704732037283,-0.13204381589450676,-0.11059001472003924,-0.08912525452269351,907.9175453240298,1.0012754199106408
LLt.22.40,0.15368051112698228,0.019621974459788017,0.12186525253497148,0.15334372629196444,0.1860569410171156,624.2917744097306,1.0006447237595917
LLt.23.40,0.02699948500378712,0.015602139465047179,0.0019514255413157534,0.02682197478238115,0.053153916360767224,783.3204599589855,0.9997873723033185
LLt.24.40,0.048271093459527785,0.014662206150310842,0.024664182335834655,0.04796453497055435,0.07317304608215106,783.398934038107,0.9997774356366951
LLt.25.40,-0.13219767666741236,0.01096954533862698,-0.15087691554382848,-0.13182708048506606,-0.11473902871974297,930.4541414480481,1.0001854388433342
LLt.26.40,0.3274894869868124,0.020340389270549576,0.29398614009492396,0.32749868730102816,0.3609774249935671,423.3586648901632,0.9999587629563029
LLt.27.40,0.16936088609619626,0.016431849272393884,0.14303868984589105,0.16909820153785166,0.19644967701692279,686.7475852445597,1.0019704052322786
LLt.28.40,-0.20415957664605774,0.01581680663453109,-0.23094868337100594,-0.20385405146785718,-0.17862814988345563,604.7408643660295,1.000092001670171
LLt.29.40,-0.18368449482794313,0.014285565639808186,-0.20731443126999807,-0.1835524466545243,-0.16071396428613138,537.3167600319761,1.0009450486423646
LLt.30.40,-0.375398429901377,0.02210222360521182,-0.41151943431572036,-0.37513124248656515,-0.3389342194966678,407.50530921794507,1.0002876119471
LLt.31.40,-0.1660912996995701,0.014218362050090166,-0.1895353203932081,-0.16593102786980463,-0.14322618096192044,914.8207318376466,1.0035884731314535
LLt.32.40,-0.0035485972348492925,0.012071767277640573,-0.023521461470274535,-0.003327646750467308,0.016148563425519905,1100.4773188522279,1.0001425024470456
LLt.33.40,-0.32453738420221867,0.020607126937086433,-0.35854730760923637,-0.32428048313947133,-0.2899617522289445,426.5737171713029,0.9998915517742949
LLt.34.40,-0.2237337421608951,0.019754632683515513,-0.2571562854947945,-0.22345715094916518,-0.19130527510020162,526.4960461517743,0.9998320689033847
LLt.35.40,-0.19660456971520351,0.01742063507233978,-0.22565961796613995,-0.19643212684713757,-0.16829653210578585,598.0556422271744,1.0007613694158353
LLt.36.40,-0.24049194490578465,0.018032943274816946,-0.27090678501430643,-0.2402723560230789,-0.21176065035260333,652.5374893745435,1.000466981397768
LLt.37.40,0.23511533667812368,0.01975193697086919,0.20390013150614533,0.23475728645583274,0.26822681315080044,550.373546069713,1.0013375580571546
LLt.38.40,0.20066357474986168,0.016658941416897142,0.17391893261665917,0.2004572404800608,0.22838520899722092,702.4214863500596,1.0001790781111826
LLt.39.40,0.22213103986148647,0.014014140690510685,0.19946598326002313,0.2220447493132875,0.24606261253546077,482.65598549482013,1.0008196505874503
LLt.40.40,0.23544042657020922,0.019539778973530195,0.2031357760727014,0.23563760773833994,0.2671708655323424,716.3240879826573,0.9997585194806111
LLt.1.41,-0.18789873065332735,0.01576551223557858,-0.2140264877883264,-0.18757808608973314,-0.16298165425950473,783.7434816436156,0.9998284372930447
LLt.2.41,-0.09555562058438781,0.01125281632460021,-0.11446190337613177,-0.09544843359541264,-0.07707767803215891,1045.2109039286593,1.000142176505089
LLt.3.41,-0.2224890568321281,0.018019676732521625,-0.2523236969351674,-0.22223869726288453,-0.19398725740103173,835.0013517770019,0.9998585801658402
LLt.4.41,-0.12032371150068892,0.015205787130097983,-0.1455340303788232,-0.12018349543773052,-0.09535699727951444,1050.497271912192,0.9998706937279468
LLt.5.41,-0.21927730685976812,0.017388862397632647,-0.24824932727411825,-0.21898000325225447,-0.19119322977192874,876.8827445013534,0.9998543700011463
LLt.6.41,-0.10644712637611986,0.015912171463585208,-0.13299868224170727,-0.10626174467191689,-0.08121093289259496,976.0975121871503,1.000060388783121
LLt.7.41,0.12354394143812403,0.0196249016943636,0.0909789126876811,0.12336133220796866,0.15582886978043867,774.4256964948172,1.0039855903414405
LLt.8.41,0.1586574185301862,0.020116096556486884,0.12555947463503236,0.15865902445448274,0.19157581772173157,768.8706515570467,1.003345817887164
LLt.9.41,0.22267704726985352,0.019816978192061727,0.1904477777467806,0.22316002216751502,0.25561754809599696,756.8740740980837,1.0019071093292047
LLt.10.41,-0.07788550017625011,0.015725689317914477,-0.10380914455677763,-0.07767774895204446,-0.051532664623021765,937.8273942524088,1.0006634538631718
LLt.11.41,0.1631317653225037,0.01957541039474512,0.13028398854944878,0.16314058810847093,0.1950112648087398,792.1275648582181,1.0036649277725818
LLt.12.41,0.21611534565047055,0.017850350055061494,0.18748652874308158,0.21593798971298966,0.24573556455383436,874.8911729437342,1.0002858586687156
LLt.13.41,-0.08865316237264982,0.011763749021407954,-0.1082776955505405,-0.0885937977938507,-0.06882332198965056,1017.328252819161,0.9999598411822981
LLt.14.41,0.20700289081589007,0.01900770271522329,0.176067576931714,0.20675229015108576,0.23895556538869522,785.6621119571194,1.0009564399435356
LLt.15.41,0.14805906969584762,0.01644081694570729,0.12079359380228308,0.14799690110590602,0.1756057451552015,737.7757455765942,1.0035726689831492
LLt.16.41,-0.11965224618294218,0.015569802295771928,-0.14544902776699023,-0.11952024382822521,-0.0940877812733123,1048.571082588219,0.9997821943171114
LLt.17.41,-0.03070208507635312,0.011648809180887737,-0.04971850456321735,-0.03089592057315417,-0.011014005439630723,989.1390199139877,1.0018628269381729
LLt.18.41,-0.0621981527164737,0.01836982928234373,-0.09279324671102387,-0.06242305153515355,-0.03187490642733356,1052.5671144969665,1.0007661900893499
LLt.19.41,-0.12678325817193606,0.017086107641026832,-0.15510320843924777,-0.12657935769034354,-0.09834028161133189,1054.7557785171894,0.9997527145545261
LLt.20.41,0.1113126766527614,0.017516535984314414,0.08221948046102344,0.11132023805762112,0.13990990548224286,956.0955323188815,1.0047133542624764
LLt.21.41,-0.004031753396616631,0.011184351813978104,-0.02222973696394868,-0.004248044838431227,0.01444774413493576,858.7089776782881,1.003045625494654
LLt.22.41,-0.1544629734650155,0.017728026160322496,-0.18388492655998015,-0.15428712102637304,-0.1254380691075035,1062.7296494387203,1.000622794408539
LLt.23.41,-0.08196991275189246,0.013623836102928695,-0.10494647924472968,-0.08196402286466685,-0.059577936536633166,1078.7356122181789,0.9997982735711087
LLt.24.41,-0.07954949432510887,0.012822718937859598,-0.10072416541780391,-0.07971864160168751,-0.057876751167614586,1109.7082651787427,1.000069754354544
LLt.25.41,0.07137880515402148,0.00837568612845472,0.05780549376381885,0.07111830202776787,0.08525480498017077,1123.482481515765,1.0010386435559835
LLt.26.41,-0.22133411823229074,0.01742446022761443,-0.25079749732441214,-0.22101996467643392,-0.19349350157051853,933.4837892031713,0.9998876494883476
LLt.27.41,-0.118362566101759,0.013675166111897775,-0.1413476124703811,-0.11825288388748978,-0.09655863759557924,1088.1814011788485,1.0016749874995419
LLt.28.41,0.15201421019157135,0.013036665662517093,0.13114127897273065,0.1516473257272382,0.17397759443880695,991.7974302522166,0.9998066995465673
LLt.29.41,0.1397257797105741,0.012007445921922025,0.1202005558207554,0.13960064185974094,0.15957029844971968,1012.0113882207468,1.0000718127326917
LLt.30.41,0.24420573988505526,0.019255738242604476,0.21279700269707774,0.24419441384550142,0.27608749667872673,865.2687985868633,1.0001399864800322
LLt.31.41,0.04952334741885311,0.01090989005026156,0.03234102160806859,0.04922202734672283,0.06815102649781196,926.4890805461063,1.0024947571089404
LLt.32.41,-0.05035013350686275,0.00946606162827618,-0.06610529767461659,-0.05038547876263312,-0.03437436477361631,1162.9495705846275,1.0003444463573778
LLt.33.41,0.2275142601404674,0.01800571609755836,0.1985130946443169,0.22741637761103967,0.25703912591107025,853.0477973766501,0.9998938352044411
LLt.34.41,0.19933326632919462,0.01730771462069423,0.1715021499168132,0.19920303785698165,0.22838891254018792,992.5892627472255,0.9998262547002136
LLt.35.41,0.16311217218672827,0.015158591492520131,0.13847850018008642,0.1629386862559259,0.18786986447365175,1039.903100269046,1.0001817036497906
LLt.36.41,0.14221598928876758,0.015378991720971166,0.11761752859286631,0.14174809335393695,0.16766457784105013,998.6082254991835,0.9998527320924574
LLt.37.41,-0.19281420549680892,0.017496149420744227,-0.22177639089076942,-0.19234109950338088,-0.16482165228974477,1056.818792229907,0.9999551226510657
LLt.38.41,-0.054390822476462035,0.013669188625017084,-0.07764891136552789,-0.053904964306696765,-0.03261893791887214,921.610304389481,0.9999335506993319
LLt.39.41,-0.13786077685479484,0.011510317062515532,-0.15689216888888946,-0.1377529658978687,-0.11927393278533632,928.2552433062385,1.0009216363270295
LLt.40.41,-0.11458830906060473,0.011556676953224081,-0.13385519986775318,-0.11444916516032147,-0.09573159022522744,795.1016163463552,1.0001983486715793
LLt.41.41,0.07484011845266098,0.010643344186742485,0.05801025891345789,0.07465460889043388,0.09286014157786993,1279.1104183676598,0.9997788234863589
LLt.1.42,-0.4892797983336843,0.021468213065540954,-0.5262932568148275,-0.4885962661385418,-0.45604473975566995,475.3824182395396,0.9997799475053732
LLt.2.42,-0.09458833943843982,0.014768216210135502,-0.1190322214545151,-0.09439927398346717,-0.07043950362414207,420.61048129167693,1.000760005130045
LLt.3.42,-0.5491845181336719,0.02413037852983759,-0.5913364690028594,-0.5483485328112713,-0.5114149909967015,457.163853189287,1.000144813412533
LLt.4.42,-0.06783424621104443,0.01809796598299392,-0.09778884442292458,-0.06801214468346883,-0.03824791775337877,420.0393374686394,1.000052579254141
LLt.5.42,-0.4508398701432225,0.02267533185330796,-0.4892996464623015,-0.45019923019623875,-0.4148719361592462,359.90936594354463,0.999953669830013
LLt.6.42,-0.46056914111655606,0.022785524974594754,-0.4985496138068035,-0.4599534990960864,-0.42370259876224947,499.5191667809016,0.9997902107932248
LLt.7.42,0.2428376761953499,0.022043896745293654,0.20693258558874097,0.24245440919223898,0.2796591377201566,349.2023859853844,1.0051470068429709
LLt.8.42,0.31610036110021955,0.022949926125399922,0.27836308685197647,0.3154299562675521,0.3550784157214104,338.59655487951153,1.004224222394149
LLt.9.42,0.4523270057741983,0.02419759056294171,0.4132506635883232,0.45175208229875485,0.49325288995596733,337.719960071279,1.002148405434549
LLt.10.42,-0.014493028453066565,0.020508019962896005,-0.04764707023337401,-0.01470592437593845,0.019211504778716044,486.8894587870831,1.0011637778645317
LLt.11.42,0.24361226181079643,0.02199534479004636,0.20716406645450117,0.24314873242325374,0.2811981734650741,321.83998024900967,1.004111303121684
LLt.12.42,0.4628526863856311,0.023707879306997363,0.42502238615219623,0.4619434423542824,0.5032013489707021,382.77013976514115,1.0001703691458355
LLt.13.42,-0.08362285897611633,0.01485340597628679,-0.10801511315034039,-0.08345475675492599,-0.05934936513774482,374.107879923254,1.0001636605114594
LLt.14.42,0.5206365305657726,0.024559985801977383,0.481613404927284,0.5196724985915834,0.5614250987429706,393.0651132481185,1.0008519808267158
LLt.15.42,0.3028706353601218,0.02120072645345818,0.26793915788559963,0.3026950432867506,0.33828336006239734,398.4952765712926,1.0040135492432793
LLt.16.42,-0.04047669789703191,0.018546846056456043,-0.07099179990485646,-0.040372836905693446,-0.009897540878415214,389.88990361204725,0.9997903512344432
LLt.17.42,0.009361342913416545,0.01678798612813257,-0.018404386345366612,0.009548821024586904,0.03665654014481109,706.2131263239285,1.0011601573019584
LLt.18.42,0.21391641280030724,0.02186897641834892,0.17837289417352456,0.21358965894966359,0.2504233314073191,479.98449116839026,1.0009369806740653
LLt.19.42,-0.045737336104229094,0.019927758451843726,-0.0788954301728983,-0.04559757279111917,-0.012900397503305093,391.13086609265207,1.000115835456898
LLt.20.42,0.03188407972355238,0.020234080524853995,-0.0011823626641398626,0.031505084008421086,0.06595022169494083,362.8639490249311,1.006079858623428
LLt.21.42,0.020042493751452832,0.015584982538410227,-0.00570133270198442,0.020137381654607385,0.04615277456561581,675.5776693149685,1.0029129945380522
LLt.22.42,-0.07900981368751953,0.020926273926947268,-0.11415516922375367,-0.07896488782078248,-0.044498562246925895,352.64007352486414,1.0005408175822077
LLt.23.42,0.017038043734497816,0.018245477198043186,-0.012555890315064789,0.016746388173876935,0.04821725123198219,515.9595842470767,1.0001691348758055
LLt.24.42,0.03082896522778309,0.017541458498919252,0.0019930782018875376,0.03050972194332545,0.06006929567839196,538.5675309653625,1.0002550197723143
LLt.25.42,0.08867531143940534,0.01389300716866114,0.06599490826261988,0.0887042119780865,0.11172609290045504,1040.4351828021522,1.0001526210100813
LLt.26.42,-0.4596869547151555,0.022806246586569243,-0.49881663798771897,-0.45847994582566043,-0.42392458517022097,371.0370939739888,0.9998741302543588
LLt.27.42,-0.07610831453179889,0.019515171180111448,-0.10704581257840869,-0.07625033827704256,-0.043940518971228665,339.9889549193569,1.001135931555852
LLt.28.42,0.3579313510864026,0.019447917334517822,0.3274017229576656,0.3572831651260702,0.3911876362253726,644.5027373210227,0.9998567921495658
LLt.29.42,0.2219806419322943,0.01649734187463327,0.19598080003441434,0.2215921097565609,0.2502046648454797,400.859221563257,0.9999475921010621
LLt.30.42,0.47952543581183227,0.024138721227083586,0.44176159233979295,0.4788332589820442,0.5206968922994152,325.46775038761,1.000058994291218
LLt.31.42,0.20492853010255757,0.0187111661036422,0.1751594102832486,0.20438143820720364,0.2365148524412198,701.1987766011825,1.001474192889443
LLt.32.42,-0.011645967863870147,0.015305384842524148,-0.03651263518388659,-0.01148870445448813,0.013673999667334454,842.490629622437,1.0001575393022084
LLt.33.42,0.48932156441916247,0.023220715654806053,0.452694225223133,0.4882020906741141,0.528837925093961,361.9002789172838,0.9998043789159681
LLt.34.42,0.33655361885988305,0.022028212263811936,0.3017431681835776,0.33564048983723405,0.37465780651516584,327.4967100825848,0.9998779410422242
LLt.35.42,0.19558291435454464,0.019100089682030016,0.16498401334060714,0.1950907307954748,0.22846873703553258,303.2049840433375,1.0009899072154438
LLt.36.42,0.48841162581516145,0.02311310890909031,0.450643744397403,0.48811199659311116,0.5264763949656067,665.3104652069682,1.0001021909726586
LLt.37.42,-0.2470385004557286,0.021411951723450198,-0.2830121232685137,-0.24678892097402583,-0.21266204317114198,283.018282611845,0.9999304045745109
LLt.38.42,-0.2988622833363889,0.020587842739877262,-0.3334782752184334,-0.299249554001738,-0.265018704432908,502.18946572629375,1.000500646983069
LLt.39.42,-0.25833445509699327,0.01608868518315086,-0.2859527834825708,-0.25762151557746404,-0.2328222236413749,368.71779500743975,1.0007811789924606
LLt.40.42,-0.2765964181099408,0.0190163109335611,-0.3087943158356015,-0.27638591215523806,-0.2458310443397006,541.7638773713763,1.001170407834407
LLt.41.42,0.16150734242014153,0.016658043547865032,0.13508779140488592,0.16128618206572276,0.18971458092398227,902.1698911746081,0.9998124203955736
LLt.42.42,0.5404244271363445,0.02659659338975896,0.49815256237124605,0.5397218402461597,0.5855969267647941,721.9406121187908,0.9997728442512922
LLt.1.43,-0.2734202551253548,0.016210137819885718,-0.3011157698068613,-0.2731747906108276,-0.24752432002919503,255.08911799945494,1.0019964055918538
LLt.2.43,-0.21563595434019883,0.012255725969445182,-0.23675837545089065,-0.21531650057927826,-0.1958258163343932,613.5964886685484,1.0000735920510295
LLt.3.43,-0.34464387079031783,0.018475183877423963,-0.3752101636354929,-0.34418732798158147,-0.3145882268653693,383.92289658944196,1.0012418363167879
LLt.4.43,-0.29990373854402613,0.0164246307704431,-0.32800512733468057,-0.29939386490682374,-0.2738741706842628,683.1779428164939,1.0001244729368555
LLt.5.43,-0.38403615174074834,0.018953315902502824,-0.41600553847150246,-0.38355175409548414,-0.3536465966218716,382.109824185924,1.0008540194067028
LLt.6.43,-0.06315713397505637,0.015594182438138818,-0.08851757419152265,-0.06297699166342659,-0.0375434852564797,917.2656319653227,0.9999579748450378
LLt.7.43,0.2512956470926428,0.018441049373213555,0.2209730008389689,0.251152204681389,0.28187608569521116,558.4612098707267,1.0031281216698493
LLt.8.43,0.3109074863037567,0.01929389464710271,0.2795282493644507,0.310501745920484,0.3427145540198462,504.44611554926126,1.002697175764371
LLt.9.43,0.41149049711370356,0.020320443164401555,0.3787993853087688,0.4109560591085073,0.44456545307810985,396.1760242932709,1.0027396369524018
LLt.10.43,-0.19901592496750098,0.016733141058257187,-0.22756935470275588,-0.1985322168307286,-0.17208666244073967,841.0287027971588,1.0002447542742632
LLt.11.43,0.36066566166026837,0.019684052250643555,0.3285807005070274,0.3604338821689642,0.39374918686765803,519.0870259738883,1.0029476505137909
LLt.12.43,0.37870532011573826,0.01903605548321072,0.3476281473062389,0.3783102053752868,0.41061967017148304,456.84165402291575,1.0014976097727748
LLt.13.43,-0.19885297404740263,0.012718461244734521,-0.2206255508810548,-0.19851358331278168,-0.17856754629893318,729.3578618475565,0.9999556298289858
LLt.14.43,0.3275458023110774,0.018763355617469328,0.2973623186482208,0.3273490469124853,0.358493135482667,414.51397741407976,1.0020437176291017
LLt.15.43,0.28015884978399647,0.016967587921341766,0.2529827865407667,0.2795866908288863,0.3087708141730452,512.174421735621,1.0035407646333985
LLt.16.43,-0.3141559789800969,0.016806175159118444,-0.34326625063789934,-0.31340655749924773,-0.28755316876059445,705.6646393971616,1.0003602315348221
LLt.17.43,-0.0779901258939054,0.012903681818568687,-0.09929955161876837,-0.0774677234931865,-0.057271079934230876,1041.6065240683047,1.000538461536986
LLt.18.43,-0.29485962623543044,0.01901813856671819,-0.32690093167423806,-0.2940748274595424,-0.2649777223329526,896.2845514198667,1.0006956638534503
LLt.19.43,-0.3289826458068491,0.018075952674359783,-0.35923526925177474,-0.3286097188855587,-0.30002065691206437,679.2628905188183,1.0000599826987204
LLt.20.43,0.32180263323940894,0.0181375060706031,0.2926832541637687,0.3214334859739749,0.3522206824461763,652.8318295644156,1.0034139204440005
LLt.21.43,-0.006201851520287605,0.011603494252976706,-0.025319419244001124,-0.006171756636628618,0.01213479118792395,1133.3885930229515,1.0010362593045592
LLt.22.43,-0.3987924905116903,0.019639107297931193,-0.4326820567701229,-0.39811804565807885,-0.36718738799925793,629.9758780436886,1.0021433190541553
LLt.23.43,-0.23743790210418025,0.015329978672937332,-0.263437437545733,-0.23703520412586007,-0.21274666125236924,800.4465311008545,0.9999652173724851
LLt.24.43,-0.24195820730389278,0.014445950399448564,-0.266353270825018,-0.2415398152358924,-0.21872140471999368,881.973261891542,1.0010988941390602
LLt.25.43,0.16329466280588714,0.011128698961218196,0.1456043519719427,0.1629668131224723,0.18247770366648314,1073.9297340256358,1.0002330880406327
LLt.26.43,-0.38784588379175233,0.018739084731067893,-0.4197493378472051,-0.3874008180614329,-0.3579726576271933,432.55661517681654,1.0008138787816583
LLt.27.43,-0.3042759297075276,0.016200479326767544,-0.3311557178873607,-0.3038895585183081,-0.2783726065285722,747.6619693940572,1.0016193527785346
LLt.28.43,0.2390111728646067,0.014748195397432304,0.21533641652914443,0.23841224697846686,0.26356956386830654,613.2101093225649,1.000256959091703
LLt.29.43,0.2806726568903692,0.014033445345195834,0.2580323135457835,0.2803314494759084,0.30394169955077444,529.9739301328549,1.0011402099196756
LLt.30.43,0.4459457785231884,0.020486652113917796,0.41247377977239424,0.4455754333798739,0.4802915016378073,387.810104464138,1.0012572161595876
LLt.31.43,0.041707588024330576,0.013939076047365852,0.019308600632585212,0.0415110879518807,0.06521507100700168,1019.9418986386946,1.003046750922454
LLt.32.43,-0.13025339321241264,0.011803341265167841,-0.14955016226788825,-0.1300002323744082,-0.11162801416493497,1157.7761360476802,0.9998957068290604
LLt.33.43,0.387224970840604,0.01889054203939625,0.3573338627464438,0.3864950825602689,0.41867924478190693,396.6441735837048,1.0001362489743353
LLt.34.43,0.3833959595611947,0.018874515267471678,0.3532887004162943,0.38306835828115093,0.4149625806221742,496.2793546059266,1.0001215986269547
LLt.35.43,0.36164567665451963,0.01721415771524845,0.3339928633945085,0.3614456582828977,0.39044931802633537,556.0703108949895,1.0013873766930894
LLt.36.43,0.14248606298435715,0.015999066780143317,0.11686204515736733,0.14224376593251736,0.16896325636216009,788.8679824540242,1.0001110028819775
LLt.37.43,-0.4187737565261164,0.019503738056144648,-0.4506323590117887,-0.41840660818585407,-0.3869552247947156,592.0787655952465,1.0005782156375063
LLt.38.43,-0.006071791468168455,0.014209880957702866,-0.02903885497996031,-0.0059338552989891945,0.017202733843049146,983.9930448965171,1.001303450049564
LLt.39.43,-0.26040125583681056,0.013336042871209507,-0.28249240456638164,-0.26036213238341005,-0.23831476288857223,444.38018261471325,1.0021242998882989
LLt.40.43,-0.1881898981751161,0.013952600727908692,-0.2109051407930562,-0.18816338150070488,-0.16515159482650402,635.3500413895397,1.000295001035515
LLt.41.43,0.12494648185414403,0.011448563621783706,0.10613663434353252,0.12486281003825081,0.14389111489153766,1073.7726450370417,1.0006672414949325
LLt.42.43,0.17079451443461596,0.01610594305559079,0.14557174389583394,0.17013553445662144,0.19869744163951097,585.380947756954,0.999898908044254
LLt.43.43,0.271106942934242,0.016954638149590917,0.2437717484817154,0.2707794983346726,0.29945651324559747,933.186753924173,1.0007866262953313
LLt.1.44,-0.3006983051746728,0.01699583897315449,-0.32954907759872937,-0.30012973119977027,-0.2735301931210986,364.4238405134557,1.0045761814426026
LLt.2.44,-0.06028385709868295,0.011801744522036231,-0.07956976821707827,-0.0604242462313911,-0.040931169285593455,707.1452963551678,1.0000758836701105
LLt.3.44,-0.37196672565213207,0.01963905439389662,-0.4056288867776983,-0.37113952372851233,-0.3409878298803614,425.4731765816992,1.0020110924396697
LLt.4.44,-0.06171857367457327,0.015588156090415781,-0.08721662979479305,-0.06180661325007354,-0.03665916485070321,744.9210787048063,0.999853600851326
LLt.5.44,-0.30907546831967886,0.018798929840503686,-0.3400641510546695,-0.30882531421900905,-0.27867251001576676,407.4252239821962,1.001789589600677
LLt.6.44,-0.27674173083025216,0.017417968385785708,-0.3057068466589416,-0.2765857585085973,-0.24846230794712434,644.8909671666673,1.0012172132311226
LLt.7.44,0.33692061428609704,0.020296790202997014,0.30393561927958,0.3363939511923521,0.37110232113342023,489.70609775240445,1.004395099840301
LLt.8.44,0.3792477360699921,0.02121838380606528,0.34454659720859293,0.3786992921514277,0.4147891204332342,461.0142460494571,1.0043729918238733
LLt.9.44,0.4188602211634391,0.02161883495706799,0.3839143032025797,0.41829710621603466,0.45490526466818004,399.1013159812568,1.0039060526824248
LLt.10.44,0.034115520163556935,0.016614881904338814,0.007055977747666468,0.03419013959596461,0.06143389820973304,893.8318900005887,1.0005846297414818
LLt.11.44,0.3442754890377124,0.020710439201922882,0.31081263000137366,0.34412263435931356,0.37879784480647816,442.20283627277973,1.0038992876074273
LLt.12.44,0.37016189141938366,0.019751616153845346,0.33864993361463835,0.3699651657359098,0.4035360696331937,441.2768515184498,1.0016269113674352
LLt.13.44,-0.03463090789755731,0.012288543332278358,-0.05507884332271558,-0.03443724861229533,-0.014563266427373621,891.0086008477875,0.9999010040931439
LLt.14.44,0.41940710161281103,0.020794164340196382,0.38623342980853476,0.4187524057853239,0.4543190550447005,441.4126521304009,1.003101248534809
LLt.15.44,0.32376999473378665,0.018316173669173683,0.2947735896575274,0.32310886397860134,0.3543595216359392,462.7659574367471,1.0044450925538777
LLt.16.44,-0.0596255787372676,0.015966359648723706,-0.08543539587521665,-0.05952377175521703,-0.033366273815480116,729.2306248290286,0.9998608324252215
LLt.17.44,0.06817609877916486,0.012904261473914816,0.04710977149142525,0.06810102497027208,0.08968858086838843,1111.3294542659676,1.000910245484611
LLt.18.44,0.02423569702609758,0.018513290053422754,-0.006240156673012868,0.02404997229373211,0.05494639352485884,751.0644132058644,1.0003187823915376
LLt.19.44,-0.05062463486413271,0.017252332390819646,-0.07905293938377282,-0.05044594952197895,-0.022724771717909122,718.2170699750216,0.9998409225617506
LLt.20.44,0.2061582946162432,0.018266334700228457,0.17658018801163863,0.2062234775800316,0.2372054145672414,439.42085397914167,1.0040535012970306
LLt.21.44,0.09752579384449449,0.012168038554690326,0.07753504888657399,0.09748015779684088,0.11822778828965265,913.6039625597958,1.0021311262812196
LLt.22.44,-0.1308861456129285,0.018288655952012366,-0.161387190030182,-0.13080011149705661,-0.10090057945265211,601.600147256171,1.00108851745854
LLt.23.44,-0.014359856882653753,0.014462934029829955,-0.038159061902683776,-0.014400639731634819,0.009275544803849192,821.3290768661187,0.9998034364644134
LLt.24.44,-0.030714751078963938,0.014008346664376,-0.0539870819642336,-0.030819559486594955,-0.007791981288718482,897.2164615805568,0.9998690614529805
LLt.25.44,0.120266568168064,0.01068691086264995,0.10323168346307765,0.12020777078596803,0.1382712323440719,875.1290740240555,1.000454530139276
LLt.26.44,-0.3293459698133105,0.019088222107676397,-0.3619942620332133,-0.3286318257585865,-0.2985041492746413,411.0881599943891,1.0015128792628163
LLt.27.44,-0.14656702252118448,0.015411626984412716,-0.17275479198815388,-0.14639464294627413,-0.12149771208756421,526.2770147708529,1.001426756642693
LLt.28.44,0.21462282276311773,0.014992273703142824,0.1906173761847614,0.2140916515338606,0.23961634919579125,570.726994858181,1.0015120991057391
LLt.29.44,0.17835600700476759,0.013476734092041495,0.15669878638124557,0.17807056948082156,0.20134342484088805,536.5234202591442,1.0015745315297275
LLt.30.44,0.3713810748698607,0.020858204500231185,0.337960178138687,0.37081103725288744,0.40628705117450475,394.42327612794077,1.0019639273069176
LLt.31.44,0.1677102647020158,0.01367583285417509,0.14567336403805967,0.1674215081110019,0.19054859796835416,759.8792256926838,1.0047490660278424
LLt.32.44,0.005146297788467493,0.011214301942556237,-0.013370307529819572,0.004979542369659393,0.02350374183815575,1254.6297211001431,1.0005167207667758
LLt.33.44,0.3306588475963893,0.019134316107410478,0.3003997613596884,0.33028340117199634,0.36276169167268413,417.0553264571436,1.0008957052585286
LLt.34.44,0.22462137053978423,0.01827845592091192,0.19510130211323937,0.22445808345854024,0.2550475034457188,517.0072480710182,1.0001924009979632
LLt.35.44,0.18379299097748839,0.01640778145760798,0.15751288437654576,0.1832787652751116,0.21129214334576862,595.871547129648,1.000827752926996
LLt.36.44,0.2652905445014815,0.016933158368283137,0.23800458991657125,0.2652075569914607,0.2935565152910475,701.8934066735743,1.0011848701999153
LLt.37.44,-0.22184288965750784,0.018586111555458095,-0.25297312454358983,-0.22151744733700107,-0.19205137412086426,489.4336617437995,1.000628602071155
LLt.38.44,-0.21041593936247696,0.015583568637480269,-0.2364583941596666,-0.210180877296051,-0.18503135403543394,698.7185128432054,1.0003702621868866
LLt.39.44,-0.21657319757812846,0.013379490631291407,-0.2396526303470158,-0.21628558608918164,-0.19482840608222418,446.93625924997116,1.0030442402094737
LLt.40.44,-0.23147013629582042,0.014393819895903779,-0.255854766466822,-0.23108216360897257,-0.20762255657227166,549.3550826466103,1.0004520083248507
LLt.41.44,0.11563864856387551,0.011308113627364447,0.09745707991645527,0.11555334507920553,0.1343633901494644,859.4311724476706,1.000715060784058
LLt.42.44,0.30208872254633024,0.017629428012034685,0.2731019982307649,0.30153892312604474,0.33230820776164033,577.1004532094763,1.0012618527332984
LLt.43.44,0.1758888382119293,0.013082753585296734,0.15519410865317204,0.17535416322287598,0.19771048238137284,594.7524810656956,1.0007033779554628
LLt.44.44,0.23333296611266585,0.01744620761368774,0.20532082943779564,0.23285959532050288,0.2629026187205751,927.124998135279,1.0015976905511814
LLt.1.45,-0.33759062510395593,0.019827193321179784,-0.37120803671312824,-0.33683318393635076,-0.3061851389039924,219.7434807078665,1.0032060212267822
LLt.2.45,-0.32564782829450034,0.015646228279373488,-0.3517493432153068,-0.32508848984008376,-0.301293221376777,562.0311635350527,1.000957976712517
LLt.3.45,-0.4069126575647725,0.02207415696789867,-0.44418479687166523,-0.4066326346837504,-0.37128066359707435,347.87774674473826,1.0021434746010307
LLt.4.45,-0.45005980017046154,0.020598719772476362,-0.48629390735905387,-0.44932295580589976,-0.4182733360187087,546.9254788578714,1.0011464074140852
LLt.5.45,-0.4934966239957401,0.02314180280324317,-0.5329153754827659,-0.4928250622330184,-0.45631353722201645,340.8517174486951,1.001065411255597
LLt.6.45,-0.010674830455993484,0.01884764110897344,-0.04212680899325657,-0.010753673903364765,0.020290146261705555,771.6178990365124,1.0001066205457805
LLt.7.45,0.17482696471177714,0.022259640255796784,0.13844095886992652,0.1743325658529558,0.21161180925521594,524.905059374789,1.0003462595428798
LLt.8.45,0.2580537820990876,0.022745552062039605,0.2206589350635394,0.2576165454658003,0.29588424712323075,470.1458908934065,1.000177682769237
LLt.9.45,0.4335597351014615,0.02363278171535784,0.39517113078746996,0.43344966061530465,0.4733494003504092,371.86782652770734,1.0006668388238404
LLt.10.45,-0.3588506909718757,0.021391816742933438,-0.395496885100318,-0.35822395601523305,-0.3255104229412382,664.4394010008241,1.0004861511883854
LLt.11.45,0.34442023944014755,0.022990697110611382,0.30742053762815935,0.34422386289164536,0.38378846490985435,485.06110353223977,1.0004973484652389
LLt.12.45,0.4311557249660285,0.022630316962484277,0.39479940745946757,0.4308987699261857,0.46969629387186823,418.4648090136145,1.0003855827370014
LLt.13.45,-0.3189611081146336,0.016151137965501564,-0.3467522799154834,-0.3182332967809305,-0.29375122896808326,563.2558521460953,1.000387008756756
LLt.14.45,0.32337337521275267,0.022127961969874377,0.28732006349871975,0.3234823717198283,0.3594715398702677,399.82992832098836,1.000348128916404
LLt.15.45,0.2564664223416008,0.020222718177780267,0.22367839951445734,0.256066355105528,0.29093679490348756,561.3528791507543,1.0011284206522773
LLt.16.45,-0.46478223600098784,0.021201360400461024,-0.5005324645818038,-0.46413823268560267,-0.4313912438062765,597.7476933914855,1.000050789402625
LLt.17.45,-0.1872911117591029,0.016850602344999348,-0.21500780802596606,-0.1870298793080865,-0.15976127770445742,868.1768689714363,1.0005404378830087
LLt.18.45,-0.41818883785758076,0.02321214948079918,-0.4574393978696862,-0.4170452446728753,-0.38153245428564103,805.6534063943033,1.0006649884417496
LLt.19.45,-0.49924996378328784,0.022726242548094213,-0.5385917038812302,-0.49862411033815945,-0.46382465615064894,550.4358460829918,1.000538711440134
LLt.20.45,0.33406312430326834,0.021733699540095408,0.2999281612623669,0.3331954266033049,0.37045022110191017,657.2680730998738,1.0009405394603335
LLt.21.45,-0.09552766973963402,0.014940695081528026,-0.11982480120569187,-0.09556204512449804,-0.07116177970866368,834.4886764693817,1.0001612141180984
LLt.22.45,-0.5477137000338259,0.024183006792984994,-0.5888520203364191,-0.5465447759178259,-0.5095044469803803,571.4709432741274,1.0016309137766937
LLt.23.45,-0.3627025539380891,0.019418338554634495,-0.39586058959328196,-0.36205618576838594,-0.3316398481184036,684.2058366745412,1.0000752851887218
LLt.24.45,-0.3492116432380601,0.01814543263178262,-0.37949055013862604,-0.3486949054290466,-0.32063459624617663,748.9691991850543,1.0009657138268515
LLt.25.45,0.1818039587494813,0.013624020018046927,0.1599795906694648,0.1816397971516626,0.2048157325413279,1086.3128449846686,1.0002074342704461
LLt.26.45,-0.4836238971343323,0.022584953532709947,-0.5219150245227551,-0.4827819074279507,-0.4476165143129107,369.98960694663594,1.0016402573383447
LLt.27.45,-0.37923545769783334,0.019273254353358176,-0.41217834356699773,-0.37889240816161474,-0.3480354099144455,736.6457264941918,1.0013221222097224
LLt.28.45,0.31493931952922094,0.018178987014984774,0.28591461435881615,0.31430988857192754,0.3456273796485129,446.34185141111914,1.001315728536531
LLt.29.45,0.36565591490817356,0.017104791091654224,0.3389871188069853,0.3651541109011017,0.39599033562092445,445.87313018020404,1.0004291548716524
LLt.30.45,0.5446222860783512,0.02454674095445362,0.5054986927416654,0.5439934640350935,0.586218365222317,329.5329205981596,1.001526020595227
LLt.31.45,-0.015909127867759325,0.01743556426668985,-0.044131584656075765,-0.016073780115884347,0.01316278641506941,901.0309352865038,1.0008500724754963
LLt.32.45,-0.21929636062419883,0.015145727602150156,-0.24516960533795723,-0.21901498214224474,-0.194453487360069,946.8781446600419,0.9999898040325178
LLt.33.45,0.49250617401636904,0.022964759929404246,0.4560091092587964,0.4920507518695884,0.5309857126696025,335.2217531675692,1.0022476335261319
LLt.34.45,0.5301578622336702,0.02342246794425977,0.4935600690315798,0.5291271852742107,0.570176938337532,401.472557353729,1.0010129794444251
LLt.35.45,0.4811047622655289,0.021156154957760416,0.44779010563361543,0.4804370065193477,0.5175133059984852,460.7437917805351,1.0008658737948772
LLt.36.45,0.15994564686663704,0.019429076161673976,0.12787427406475332,0.16000646483667544,0.19207298280902557,701.003644227537,0.9999481331698555
LLt.37.45,-0.5562253451160287,0.023967085639368373,-0.5971644950203319,-0.5551956435793717,-0.5186377875220864,522.9269815034166,1.0003748724361639
LLt.38.45,0.07876539086240547,0.01774530914450889,0.050275032638055814,0.07867624582672389,0.1077336835930481,779.4394948914767,1.0008814150539762
LLt.39.45,-0.3101664839467997,0.016066465168097212,-0.33762756609251415,-0.3098117312586009,-0.2843269835220456,400.44192522071074,1.0007531919045423
LLt.40.45,-0.18642520869661658,0.016829586207415533,-0.21434013429200457,-0.18604909788402021,-0.15950312610850428,603.0504699313229,1.0016479896672077
LLt.41.45,0.15174584530480964,0.014089320363295193,0.12898319084119003,0.15141433272228766,0.17538210845299998,1062.84899136356,0.999998911818343
LLt.42.45,0.1898104599345205,0.019441988884863426,0.15811161666605922,0.18976641839987837,0.222215768103954,464.3494923017471,0.9997525855710182
LLt.43.45,0.3324630144239232,0.01652901454408226,0.3058188776810354,0.3326438457043806,0.3601173412447992,537.875297540387,1.0006201239468366
LLt.44.45,0.17509671928094567,0.016020291121217636,0.14914663323052396,0.174851999569103,0.2018444210327189,617.8075187175315,0.9999511284119299
LLt.45.45,0.4409499798222857,0.02461984072632939,0.40163676992591585,0.44050536055548883,0.4827672640850217,655.8308437926618,1.0003195627224986
LLt.1.46,0.06616321603353371,0.01712713653232373,0.038022556774820214,0.06584767813286656,0.09427126027202012,795.0463500321017,1.0023868799334386
LLt.2.46,-0.0022027520297733276,0.012453424234869684,-0.02297530677595956,-0.002115323984225294,0.018168014165485625,853.6659769233879,0.9999653487363453
LLt.3.46,0.10281152416822935,0.019641072420067962,0.07109170097331381,0.10250772163716208,0.1351684249837119,912.3932762870556,1.002435278538673
LLt.4.46,6.6291618340671e-4,0.017230335341297715,-0.02761686426368112,8.061153791428603e-4,0.028804028729505257,898.6307914183608,1.000861226722417
LLt.5.46,0.07735595240728017,0.019066487326590036,0.04599519716923819,0.07753562619781593,0.1092753094634778,938.2889713201445,1.0019775160519995
LLt.6.46,0.07665977725507445,0.017796831182055037,0.04818617453898346,0.07641192412048062,0.10603930424936506,847.476234880706,1.0014166181664403
LLt.7.46,-0.1977409773765386,0.021250317317904936,-0.23248888832084819,-0.19779215654901844,-0.16232047615356066,1020.6209961961542,1.0005079805384116
LLt.8.46,-0.2031477792526501,0.021762533695638707,-0.23866149506597933,-0.202805844909417,-0.16686050560037757,1018.2678034735012,1.0006735898811845
LLt.9.46,-0.1774213019739246,0.021444248700386012,-0.21280314852066437,-0.1773170346906209,-0.14299379427815198,977.3981021061344,1.003044519558255
LLt.10.46,-0.05856824608058216,0.017717812048188383,-0.0876276678710962,-0.058577660074181956,-0.028760433573688713,970.4865679471723,0.999975652564344
LLt.11.46,-0.1929556214627346,0.021052457396994066,-0.2272216283049244,-0.19282033634918452,-0.15830168999506022,993.5466781814454,1.0007387485332346
LLt.12.46,-0.13085297719638256,0.019061828843900456,-0.16210045993504935,-0.13046794096111153,-0.1000251102674899,976.6613217707447,1.0022655317528866
LLt.13.46,-0.020405386298005826,0.01325344753903475,-0.0427542491877681,-0.020344499891184902,0.0012721587400306425,959.4372973436227,1.0000331113450074
LLt.14.46,-0.16035618057470155,0.020675576061218098,-0.1939765250942459,-0.1599149541685534,-0.12736809975251068,958.2754458088004,1.003993717613655
LLt.15.46,-0.15914504723101996,0.017581149019267803,-0.18812630509058398,-0.1590821575886417,-0.13088353918894205,1040.389559258511,1.000614309704911
LLt.16.46,0.007753868382651339,0.017821389603756847,-0.021719866634967406,0.008057410638255078,0.036857327697022935,887.3413545013217,1.0002280917158373
LLt.17.46,-0.0688272809401559,0.012972066617102675,-0.09054580610444041,-0.06861299588814283,-0.04735637385631554,1057.3486835828803,0.9998576795210065
LLt.18.46,0.0288505870054135,0.020835599286125907,-0.005551477667666548,0.029241263628422484,0.06323693409751416,784.7376134923854,1.0001648971941108
LLt.19.46,-0.004312011073013027,0.019436223394169817,-0.03665251041709312,-0.004045004663379301,0.02665972483063741,888.7489066832502,1.0002836516085154
LLt.20.46,-0.14844710921960377,0.01870101882119474,-0.17938659717804797,-0.14824911212874095,-0.11856920999309818,914.2727835246474,1.000459428544179
LLt.21.46,-0.08487498050955221,0.012096662006627843,-0.10519306257370246,-0.08468490283481778,-0.0649977136947015,1115.5742914236673,0.9999936686849329
LLt.22.46,0.05127386101433978,0.020063068967574718,0.01811631504790294,0.051661665516002195,0.0844097269095943,873.8387485026714,1.0007247543278557
LLt.23.46,-0.004714218532576281,0.015091847522829393,-0.02936441524091623,-0.004839558392604693,0.019533046323741643,918.6315152400061,1.0002335302492642
LLt.24.46,0.015566823799830758,0.014241502632984645,-0.007999617785736518,0.01562709724690178,0.03910740768168738,888.1466426355586,1.0012055293962168
LLt.25.46,-0.06211568563565452,0.00855961902842167,-0.07640957445271995,-0.06194839322255013,-0.04835918645744873,1080.7773364447671,1.0006182940507342
LLt.26.46,0.09261909690462877,0.018932041710618155,0.06137184265551861,0.09255595112790632,0.12355405572479175,940.404196082483,1.0022197433884554
LLt.27.46,0.07706446379481974,0.014649619338955247,0.05285957289256015,0.07678576838892714,0.10225063525657,921.1077749883473,1.0003097145441708
LLt.28.46,-0.03926362672993789,0.014024076141678355,-0.06279124038342501,-0.0391443319268931,-0.016850246451302463,973.098922615759,1.0007084135009006
LLt.29.46,-0.05318535487442708,0.013014940929478374,-0.07447782042409466,-0.05323593010313848,-0.031618589831581854,950.1404371568184,1.0008865005512972
LLt.30.46,-0.11854109580930587,0.020903918213081935,-0.1527633792504065,-0.11862463326609268,-0.08441947642417288,950.7256031565026,1.003256279904062
LLt.31.46,-0.07467881434732061,0.01146323296556413,-0.09397316226248653,-0.07440522072586742,-0.056247685841338886,958.412915471318,1.0022749053736917
LLt.32.46,-0.022930424413393588,0.010369106027258896,-0.0400889820577875,-0.02297105504265686,-0.006185604151434134,1015.4708300332529,1.0006732032891354
LLt.33.46,-0.08251006223601164,0.019584109248206735,-0.11515035045560429,-0.08254630142897906,-0.05036672848141574,948.2259439987325,1.0017190326946095
LLt.34.46,-0.04186689965295782,0.019122281991800976,-0.07379417978589879,-0.04211885181004854,-0.010459536312457704,936.158013909108,1.0005658362894754
LLt.35.46,-0.060025004283262594,0.01672976285200448,-0.08791555325045237,-0.060169442918890016,-0.03246007160892189,930.2679853637107,1.0012202376122528
LLt.36.46,-0.04670769368664759,0.016857142496291336,-0.07437081668681797,-0.04675647363238589,-0.019052284173417,825.5385747927294,1.000379610201135
LLt.37.46,0.07010936349910862,0.01924204743077064,0.03865187357278659,0.07001792343258306,0.1016820000540885,915.9067923428936,1.0006250768946143
LLt.38.46,0.0824464707035739,0.01509090015836589,0.05783367031217143,0.0823122173856319,0.10711556151463184,899.299829567188,1.0014980862834613
LLt.39.46,0.0773083421017554,0.012299292729356735,0.056966550557519154,0.07731335641556543,0.0975513701461663,978.4378199497053,1.0025414365394303
LLt.40.46,0.09189899627712335,0.012186896961956814,0.0721299828963934,0.0915711723427709,0.1117262050649383,1009.2596347860991,1.002786702694141
LLt.41.46,-0.03364437611304661,0.007686206836593449,-0.046560211897770376,-0.03359274444662076,-0.021120298977622163,1058.3758884224976,1.0017545291144399
LLt.42.46,-0.05861992231142826,0.018138226709074227,-0.08857786181615991,-0.058628397436027,-0.028992622475562013,827.0288148354725,1.0004558553039564
LLt.43.46,-0.07168169777795791,0.012222572139531715,-0.09182382658069578,-0.0716669808485696,-0.05154515647432758,1018.1108563480689,1.0010339810705473
LLt.44.46,-0.08433046111419835,0.012024049650005036,-0.10455713331941249,-0.08421428806724213,-0.06500234324859155,1009.0803442778843,1.0030406551832982
LLt.45.46,-0.05712107902296106,0.015441149655247776,-0.08268455364407397,-0.057072868560813436,-0.03122697896341926,942.8206414867544,1.0002246236866803
LLt.46.46,0.0509804138701471,0.010116826338328274,0.03497152016310909,0.05048036844061519,0.06814600712834772,1129.339134994077,0.9999183595938884
LLt.1.47,0.2825237057370079,0.01939424429285005,0.2508291386737574,0.2825298669420867,0.3150524447878725,404.632176895684,0.999952549117973
LLt.2.47,0.28333982019888915,0.015632708352095487,0.25918263564232985,0.2825353817324335,0.31019919920303796,654.0681389234494,1.0006769262524093
LLt.3.47,0.33314805751953047,0.02163215744201146,0.2979049006884313,0.3331306261011196,0.3689039629496188,531.5696409673242,1.0002101049285443
LLt.4.47,0.3892197733178258,0.02092429481552181,0.356110241118317,0.3884518885230075,0.42506920658583164,620.2594641701185,1.0015395333256294
LLt.5.47,0.41295896444582963,0.022334592872601578,0.37673004863367576,0.41262240863406285,0.449683503904257,508.0109377333023,1.0007100925248322
LLt.6.47,-0.0028517041742670214,0.01943950203425529,-0.035036243541742035,-0.002825565414248349,0.029430192946441856,787.2836657029161,1.0003299853857348
LLt.7.47,-0.09979806610332158,0.02251079080751388,-0.13602573475521065,-0.09987816275223002,-0.06263865559787482,678.7070146313669,1.0002901805805458
LLt.8.47,-0.17154678221734515,0.023155788040654934,-0.20951448307346163,-0.1712678411187813,-0.1334746280544027,646.1267678359832,1.0001397470436892
LLt.9.47,-0.3329840765982702,0.02345402853530815,-0.37188979156053015,-0.33303390819310835,-0.2942783654624557,562.108044143572,1.0008377114493712
LLt.10.47,0.3262736052318603,0.021681257667293428,0.29242533701483586,0.3257741513032115,0.3638057862223554,773.7750535439974,1.0005805686815565
LLt.11.47,-0.24739591261153385,0.022963126926508634,-0.28535796285624476,-0.24731246808308632,-0.20953457301234915,625.1461076106211,1.0008444331401292
LLt.12.47,-0.3443211467114589,0.02206213108410267,-0.38065012894784,-0.344133052412003,-0.3083699576840815,596.1001318626398,1.0004786036149333
LLt.13.47,0.28251307361024364,0.016321394433838274,0.25661835642884206,0.28160313858732255,0.31088892796841655,699.7714046139299,1.0013200770435373
LLt.14.47,-0.244256179698234,0.022090041370632606,-0.2806713772197276,-0.2437715825027321,-0.20777138868027384,593.5256994396951,1.0001414428611384
LLt.15.47,-0.1823600918880924,0.019766270758947175,-0.21485137047964856,-0.18200482800814227,-0.15041914694994227,699.1534585766656,1.0011041816117954
LLt.16.47,0.3993092371263094,0.02149003745299356,0.3656845356381198,0.39863093911299396,0.4362789242834132,657.4508284978151,1.0012441920725719
LLt.17.47,0.18077098715474435,0.016365184211870328,0.1538285010561961,0.18067868433190998,0.20779675942702,964.0890269073726,1.000246690199131
LLt.18.47,0.34787874184905937,0.023872100567970716,0.30992929919888784,0.34747033285454254,0.3874854499591473,665.2170941852864,1.0025267273515697
LLt.19.47,0.43257656913148446,0.023215200147953394,0.396427967727985,0.4314661646756845,0.471741787424431,628.4876264749888,1.001369484592158
LLt.20.47,-0.24663216955504813,0.02141574398516102,-0.2825490314674248,-0.24632023400411068,-0.2113354161830652,681.1113601258255,1.002054820137541
LLt.21.47,0.1059539764728062,0.014694802537575139,0.08180131282545097,0.10586029779155906,0.13015273463363863,953.7874501477494,0.9999178480586381
LLt.22.47,0.4593291915510924,0.024202190699070564,0.42224332785059454,0.4579427467795202,0.500284895939751,580.1120604197514,1.0034547269524958
LLt.23.47,0.31367672128935237,0.01922026617473656,0.2835323999815322,0.31257317095329945,0.34701210778600106,745.8024813463816,1.001181536505511
LLt.24.47,0.2960074851752876,0.017926516149259348,0.2672693539773934,0.29579330947333166,0.32605658360287004,721.8771102602177,1.0026372987598842
LLt.25.47,-0.14101150585764785,0.01228475076227277,-0.1616061144256744,-0.14056102231123752,-0.12104752274924085,1118.4106872721059,1.0007222588870879
LLt.26.47,0.40029580834455136,0.021846932948014385,0.36424761922498977,0.3999340973149728,0.4369494713515992,533.2825636120713,1.0005630964829104
LLt.27.47,0.3067619962357314,0.018622265157080358,0.2766541399065055,0.3062438200463672,0.33811804250226457,730.9255977141747,1.0023551615520805
LLt.28.47,-0.2678318864379537,0.017118933511398,-0.2959717124692186,-0.2675153736648027,-0.24030463436624067,625.4526485240393,1.0000058053932583
LLt.29.47,-0.3048099884645914,0.016485356580554836,-0.3326692924426579,-0.3044067222329103,-0.27869155324414513,617.4515106642048,1.0010995144764439
LLt.30.47,-0.4459517521597555,0.02407686476517306,-0.4852054860328269,-0.4458928155415803,-0.40677727979133543,502.26997368605663,1.0007762039946717
LLt.31.47,0.03062600295293245,0.01603974327017649,0.004261025995176304,0.0308369474370569,0.056678841324481095,977.6450126524875,1.0001136050980004
LLt.32.47,0.19585640930017414,0.014558644320117022,0.17273160756297115,0.19559858755911935,0.21981313068171726,966.4607305276963,0.9999442083997457
LLt.33.47,-0.41142533694386246,0.022543160140800548,-0.4481028540187958,-0.4111882774212813,-0.37470108788844964,514.5909755872045,1.0010292410159738
LLt.34.47,-0.4522269945626007,0.02303351872916021,-0.4905212582471934,-0.4518319456204779,-0.41588129246891936,551.6900339506187,1.0005135285202076
LLt.35.47,-0.40184547374723617,0.020688428714728826,-0.4364636330039923,-0.400975964856374,-0.3689732576743024,585.3069759244459,1.0021320799266937
LLt.36.47,-0.1348062995169551,0.019053302970673487,-0.16606138926914693,-0.135001171104764,-0.10254868088017183,779.0297162027118,1.0008730545683542
LLt.37.47,0.4648479691472689,0.0235459377211336,0.42784306314632187,0.46385408468601586,0.5047083856105118,600.9461069858056,1.001173714470064
LLt.38.47,-0.08497023368616242,0.01787613358104201,-0.11416722060720366,-0.08489740255430825,-0.05509134152911948,811.1197243776973,0.9998106233834961
LLt.39.47,0.2509153987615427,0.015382478002152101,0.22595196286031452,0.25060447451295315,0.27633967336160936,594.6658468207086,1.0012308004892068
LLt.40.47,0.14052578204373584,0.01587476087792387,0.11429574008544334,0.1403154528919251,0.16677885129491224,770.5029465334408,0.999763661956049
LLt.41.47,-0.12466168313303554,0.012447393269302442,-0.1454783758602097,-0.12446533520629045,-0.1045687818044318,1039.6532434358119,0.9999443026520641
LLt.42.47,-0.1582809951936537,0.019404612043328214,-0.19044835970837173,-0.15821297367518755,-0.1262745098827118,641.6839688387423,0.9998450744900809
LLt.43.47,-0.2698772861566053,0.01585514658602993,-0.29681344284116085,-0.26943531468250004,-0.24426043161310493,685.7110692759347,1.0015454858609127
LLt.44.47,-0.13338014464259532,0.014716152033440255,-0.15791818196472113,-0.13318922537349903,-0.10991032709304904,768.1228501813863,0.9998888291771953
LLt.45.47,-0.3672896445529296,0.01975406526446448,-0.40051840162830393,-0.36655829488155345,-0.3355935023045392,580.052899400078,1.0017463750207833
LLt.46.47,0.03651446608938438,0.013512558354502848,0.01402264878418146,0.036710541429381044,0.05880492924297581,881.055104742575,1.0005321681996642
LLt.47.47,0.3108149096321189,0.02384580236323248,0.27324795336278557,0.3099275265872591,0.3509955038059579,853.6159491580704,1.0018316887326961
LLt.1.48,-0.13164371687135332,0.015014248595331738,-0.15675993416226744,-0.1314496733108948,-0.10749568742000645,958.9930314568554,1.0007383058779091
LLt.2.48,-0.10665032904406599,0.01106299287725172,-0.1251524248386105,-0.10657393618979125,-0.08872516724561637,1251.2412528768798,1.0003832886083845
LLt.3.48,-0.14373778586370758,0.01706568527300182,-0.17189241580262093,-0.14375866718097052,-0.11596268645828839,1187.8543619796847,1.0001853399541785
LLt.4.48,-0.13779002645913763,0.015034746871643462,-0.16211629955238904,-0.13780867878955927,-0.11356358447692919,1359.382129704431,1.0004223807648018
LLt.5.48,-0.16682959858513646,0.017024849615289217,-0.19459935218068222,-0.16680458088037253,-0.13964934673953588,1236.4555611296744,1.0003493797618435
LLt.6.48,-0.029560167729237766,0.014652450742424637,-0.05400339504763549,-0.029525917970779886,-0.00536180725416399,2053.295429146292,1.0006658082467355
LLt.7.48,-0.0022653440478948798,0.01760284349442012,-0.03128856211152567,-0.002635282715503399,0.027126588654531304,1585.07080195746,1.000103108404462
LLt.8.48,0.028746512223788958,0.01812939090955499,-6.534319943555625e-4,0.028213522432013437,0.05904907567634666,1646.288364533521,0.9999583889702597
LLt.9.48,0.1074929679813999,0.01835656565324686,0.07730339381335107,0.1074159059390497,0.13776961285218642,1571.4402166239818,0.9999618001269959
LLt.10.48,-0.1297776121119278,0.015324785409154931,-0.1551437301649238,-0.12972152461306014,-0.10533279439007369,1263.6264960759077,1.0009015723023453
LLt.11.48,0.04862779172015586,0.0176011371827141,0.020518187524201273,0.04832290842332357,0.07860565885039333,1804.1473651590998,0.9998019027166734
LLt.12.48,0.12782977677114996,0.01675972388637066,0.10051026071980487,0.1277908374636902,0.155453520079162,1407.2861688175774,1.0000247055840954
LLt.13.48,-0.11101955625933708,0.01157003025842182,-0.13041056453510452,-0.11113844110548637,-0.09204124685990543,1256.1048964913948,1.0006248542837795
LLt.14.48,0.0917629022272438,0.017557884075878792,0.0632546411083366,0.091613631594429007,0.12075044282464895,1566.2784418747865,1.000595449653802
LLt.15.48,0.045204970365952335,0.01480521993937229,0.021363459097048027,0.04479358371506369,0.0702673697932868,1560.9519138934443,1.0000287480373637
LLt.16.48,-0.1355109913078677,0.015408954217401651,-0.16042480746917415,-0.13558816517070188,-0.11092698654899967,1424.9713834657605,1.0005087797875185
LLt.17.48,-0.08174737452260376,0.011108983522109837,-0.10041097762298899,-0.08153867923041705,-0.06387202270007752,1350.619276870586,1.0010043075417276
LLt.18.48,-0.08071051568614798,0.017453531650008722,-0.10983794439744217,-0.08042829733504646,-0.05255398479372187,1963.2401907445794,0.9998025381058206
LLt.19.48,-0.15120619893652182,0.016879627573578155,-0.17846469959701314,-0.15113110472899566,-0.12407869412295341,1404.5628769207206,1.000530107835125
LLt.20.48,0.0373746315895831,0.01564966495691289,0.011601875018646018,0.03736036767264001,0.06363198811606534,1809.437042370618,0.9998835140058344
LLt.21.48,-0.06077593524471266,0.010248145967659345,-0.07776173179647275,-0.060631605117690376,-0.04400636180549551,1410.0836788398833,1.0007600140154693
LLt.22.48,-0.14590068659089053,0.017301137164985835,-0.1740302159804017,-0.14580006494031944,-0.11831896355131952,1596.6419555452524,0.9999618131494199
LLt.23.48,-0.10408689980137939,0.013019474858234638,-0.12524001019516418,-0.10405671212981625,-0.08315452764454019,1394.3899274432144,1.0003878549932494
LLt.24.48,-0.08989624887337366,0.01220903450942737,-0.11044059903632317,-0.08973143749556795,-0.07042406469228875,1679.1133238274924,1.0000066539076775
LLt.25.48,0.0373563086324845,0.007420007034976741,0.025240564167534067,0.03722776032182752,0.04992754819668294,2185.0365914299773,0.9999330754828984
LLt.26.48,-0.1586584792808362,0.0168524458794145,-0.18682638847438926,-0.15853822740290985,-0.13179498954190244,1255.015333622915,1.0002997905455935
LLt.27.48,-0.08619666314899585,0.012684892173262694,-0.10680741568176819,-0.08613801073038316,-0.0657520110045717,1849.105414305981,0.9998535612705881
LLt.28.48,0.11969726072306663,0.012390792968341445,0.09979911761920365,0.11966678537944418,0.14074085012264975,1159.277893590607,1.0006513272779571
LLt.29.48,0.1110173262936555,0.011612518057329891,0.09212937761104982,0.11096938834363479,0.13014961061313304,1397.5893136434695,1.0003667899800177
LLt.30.48,0.16778118342894927,0.018537549562684084,0.13785423271686953,0.1677415918864924,0.19830076148283038,1254.5884115273473,1.0001751413889892
LLt.31.48,-0.009927586509933263,0.00989514006228209,-0.026458398002077697,-0.009989011511186287,0.0059300685595003394,1340.7880221806527,1.0009526914268367
LLt.32.48,-0.07422494882743261,0.008962136683052641,-0.08947367029877797,-0.07396141566546818,-0.05981012292602603,1417.0634688578655,1.0013249672878162
LLt.33.48,0.16928814156938649,0.017456623622025443,0.14136234291313693,0.1691510362898973,0.19814687975805453,1126.2043358929225,1.0005100771888917
LLt.34.48,0.1777527038682734,0.017093745981683613,0.14975420737110917,0.17751988756647527,0.20570430437963447,1248.9314838886278,1.0008992424306091
LLt.35.48,0.13795132946488586,0.014817783413176062,0.11388636021205446,0.13775229089323537,0.16219958323857414,1429.9659228093874,1.0001736030409654
LLt.36.48,0.08866238735686292,0.014173140867914413,0.0656611169041014,0.08849237312103023,0.11262656957396053,1492.2155847144452,0.9999666742362795
LLt.37.48,-0.16186644414521406,0.017079145166310795,-0.19023066278625947,-0.16175275689523982,-0.1344717552546215,1442.5471705638986,1.0004382023419456
LLt.38.48,0.019292538506324237,0.01262702357913052,-0.0014393122415147558,0.019077758790095642,0.04067825061738169,1722.8211362119125,1.0003320579764685
LLt.39.48,-0.08950952411870543,0.01075026783127318,-0.1065666982196244,-0.08942271316321015,-0.07214246774919482,1381.0866889231613,0.9999549708001187
LLt.40.48,-0.05012628930532112,0.010314535283580659,-0.06719853441526508,-0.04997914918071508,-0.03340939186076453,1481.1672635950802,1.0006475991824748
LLt.41.48,0.050070954699809656,0.00704450212589623,0.03911589347128533,0.04975883427259619,0.06182982752156795,1378.0669782610826,1.0004994255219122
LLt.42.48,0.09882730592552916,0.015456343624074196,0.07381237325956048,0.09866769597789041,0.12435582474095656,1487.3259098916903,1.0000119278229074
LLt.43.48,0.08712229199633612,0.010836179835748156,0.0696053362605505,0.08706523798130614,0.10486689872771272,1594.6010405480536,1.000028204673857
LLt.44.48,0.0533113546401474,0.010278778109111491,0.03668480894696243,0.0531361072152382,0.07022374699125797,1466.5991227782722,1.0011457699228925
LLt.45.48,0.1266984211689962,0.013848948684307357,0.1042073615016337,0.12654464617500163,0.14921590146414893,1335.4089088249884,1.0000847171202407
LLt.46.48,-0.0030000581556932798,0.006650381908311138,-0.01391347336782741,-0.002909459654063153,0.00789130085081783,1160.8176592417822,0.9999836183638722
LLt.47.48,-0.11038183801757481,0.012030005520493891,-0.13019677649293515,-0.11017708662774678,-0.09084188903178342,1323.532029606523,1.0000165573985305
LLt.48.48,0.04884316549776691,0.008454971115719283,0.035566627907084224,0.04852991308272851,0.06338740042183855,1742.245299431227,1.000981537195704
LLtEig.1,14.228898666912837,0.49228751426721273,13.45073624620013,14.212691333551504,15.079525412833043,216.47109414795128,1.0024188656519581
LLtEig.2,6.369116124111719,0.23720770500131155,5.998278678307397,6.361215235727224,6.78479005159623,445.9458882314448,1.0018058554665503
LLtEig.3,2.406385019879775,0.09650345682512931,2.2532429260424056,2.401631452213487,2.569720180872308,551.4400870787686,1.0039717816348226
