player_id,player_name,Attacking output,Shooting rates,Passing volume,Passing quality,Progressive actions,Defending,Dueling,Discipline,pc1_score,pc2_score,pc3_score,n_seasons
12,K. Omeruo,0.6540222367560496,3.4663178548070634,27.33812949640288,61.54349247874428,5.101373446697187,99.80379332897319,10.79136690647482,75.93198168737737,5.356609022118493,2.9262374148883903,0.0893987492542723,2
38,D. Blind,26.095487246566385,13.66906474820144,98.16873773708306,94.702419882276,41.59581425768476,66.38325703073905,15.958142576847612,95.09483322432962,5.118928733991307,-2.643208616248394,-2.317926310097486,3
118,M. Depay,99.01896664486593,98.88816219751472,36.167429692609545,45.192936559843034,88.48920863309353,0.06540222367560497,84.82668410725964,77.04381948986266,-7.345964633267379,-0.8331972676622361,-2.1613052277156157,2
145,T. Vilhena,60.62786134728581,62.32831916285154,38.45650752125572,19.555264879005886,67.62589928057554,39.37213865271419,63.1785480706344,23.348593852190973,-1.2605783500476822,-0.25147391674535163,1.258144487713787,1
151,J. Guidetti,87.57357750163506,89.99345977763244,11.249182472204055,24.918247220405494,28.9077828646174,9.61412688031393,25.441465009810333,24.13342053629823,-5.323053432104323,2.8247905459349596,-1.5172283713440944,4
253,Q. Promes,90.32047089601046,68.60693263570961,88.03139306736429,43.95029431000654,92.67495094833225,35.97122302158273,64.55199476782211,79.72531066056246,-2.490443667261518,-3.4517761199996837,-0.17346435274150893,1
254,R. Rosales,42.44604316546763,14.715500327011119,86.7233485938522,30.150425114453896,34.72858077174624,69.45716154349248,41.79202092871158,74.62393721386528,2.324207269082772,-2.0240352074125982,1.9096546547180269,6
267,L. de Jong,81.29496402877699,95.48724656638325,4.185742315238718,38.78351863963375,17.331589274035316,5.493786788750818,69.98037933289731,79.59450621321125,-4.842999032880196,5.405170184704153,-1.7399992199441714,3
312,N. Gudelj,13.799869195552649,45.192936559843034,41.92282537606278,94.37540876389797,27.27272727272727,84.56507521255723,33.28973185088293,24.787442773054284,3.827909929795422,1.019848685506336,-1.471296760832569,7
1720,S. Becker,91.75931981687377,83.84565075212556,21.909744931327666,5.297580117724002,85.87311968606932,6.409417920209287,44.47351209941138,81.621975147155,-5.654658484917904,0.05316003679523388,0.15727082143414323,2
1751,O. Tannane,87.44277305428385,76.324395029431,63.30935251798561,42.1190320470896,92.08633093525181,24.002616088947022,71.41922825376062,38.84892086330935,-4.263924247577153,-2.717293399940244,-0.20647398426030064,1
3269,Jordi Alba,84.76128188358403,27.926749509483322,99.34597776324395,86.39633747547416,28.776978417266186,52.51798561151079,0.6540222367560496,74.49313276651407,2.0855291999627075,-5.1007477493600915,-1.6784469923631524,9
3270,Barragán,34.139960758665794,3.727926749509483,76.45519947678221,64.09417920209287,29.496402877697843,57.75016350555919,19.097449313276652,14.650098103335512,2.615784427954074,-0.9944995108589668,0.554345077591385,7
3274,J. Mathieu,25.768476128188354,35.25179856115108,85.93852190974494,98.88816219751472,22.694571615434924,82.34139960758667,13.1458469587966,91.49771092217135,5.039822510488318,-0.2702841989323155,-2.6482785290882283,3
3275,Ricardo Costa,7.390451275343361,49.247874427730544,20.14388489208633,89.86265533028123,0.6540222367560496,84.63047743623284,0.9156311314584695,30.739045127534336,4.544953827296648,3.747313591191104,-1.708125075604527,1
3276,A. Rami,6.147809025506867,26.357096141268805,40.941792020928716,81.88358404185743,4.251144538914323,78.61347285807717,6.147809025506867,62.00130804447351,4.92342134723122,2.508389110855682,-1.1603035753084252,2
3277,Víctor Ruíz,6.671026814911707,10.79136690647482,58.992805755395686,88.0967952910399,13.996075866579464,92.34793982995421,10.26814911706998,54.807063440156966,6.000467667499291,1.632867301518525,-1.4020017474044872,8
3280,É. Banega,68.27992151733159,61.15107913669065,99.73839110529758,81.6873773708306,79.33289731850883,38.52190974493133,73.6429038587312,14.126880313930673,0.5604847108992974,-6.464865155426219,-2.2658678266586554,5
3281,Juan Bernat,59.908436886854155,49.117069980379334,25.768476128188354,20.53629823413996,70.43819489862655,41.85742315238718,74.82014388489209,63.50555918901243,-1.4497887138608982,-0.05228413178381299,2.176528880086878,1
3282,Sergio Canales,86.8541530412034,72.2694571615435,94.76782210595161,78.02485284499673,91.43230869849575,24.918247220405494,6.932635709614127,92.93655984303466,-3.0437819317692822,-4.379383355115023,-2.252166544762123,9
3284,S. Feghouli,93.4597776324395,77.30542838456508,79.26749509483322,25.506867233485934,74.49313276651407,16.08894702419882,63.30935251798561,62.39372138652715,-3.8900442359440617,-2.02806146686103,-0.9946055468935524,2
3285,Pablo Hernández,78.9404839764552,64.29038587311967,93.32897318508829,52.97580117724002,76.2589928057554,38.1294964028777,21.0595160235448,95.74885546108568,-1.2780774339150551,-4.068212373255098,-0.9348010928498725,1
3286,Dani Parejo,54.34924787442773,61.67429692609549,96.86069326357097,93.13276651406149,36.8214519293656,55.134074558535,65.20601700457816,79.92151733158927,1.9596847432572744,-3.76234595512624,-2.422589981927242,11
3287,Portu,95.35644211903205,77.82864617396991,15.434924787442771,14.4538914323087,73.51209941137998,15.827338129496402,41.203400915631136,67.62589928057554,-5.226499328720663,0.8547318522186473,0.38753545896974034,9
3290,Aritz Aduriz,86.39633747547416,99.54218443427077,5.689993459777633,9.025506867233487,37.08306082406802,0.5886200130804448,43.884892086330936,14.32308698495749,-6.3618748136097185,4.971922192613404,-2.476426887601231,5
3291,Paco Alcácer,93.5251798561151,96.79529103989536,7.259646827992151,38.26030085022891,13.472858077174624,10.5297580117724,0.06540222367560497,99.86919555264879,-5.337380842193979,3.4077653320365293,-2.1810032067184033,7
3293,P. Piatti,82.79921517331589,69.65336821451929,37.21386527141923,18.312622629169393,73.11968606932636,24.46043165467626,77.6324395029431,53.62982341399608,-3.758900613969514,-1.1851065244620833,1.5693646290303005,5
3294,Roberto Soldado,88.2275997383911,86.13472858077175,13.865271419228254,12.164813603662525,20.79790712884238,7.325049051667756,28.64617396991498,2.746893394375409,-5.060399651101416,2.5568417611195584,-0.8400006566515632,5
3300,Raúl Albiol,7.913669064748201,7.1288423806409416,71.09221713538261,93.32897318508829,10.660562459123609,93.19816873773709,3.793328973185088,73.05428384565074,5.7417441897288715,0.9045214763867138,-1.6723549884731117,6
3301,Arbeloa,53.76062786134729,34.139960758665794,93.78678875081754,93.85219097449313,45.258338783518646,71.41922825376062,36.55984303466318,11.8378024852845,2.6259585151342826,-2.8325030048242397,-1.0967660457084882,1
3304,Nacho Fernández,26.357096141268805,34.72858077174624,53.172007848266844,97.90712884238064,24.9836494440811,82.40680183126227,17.1353826030085,28.776978417266186,3.5656579874773504,0.5863934182517319,-1.354622521043832,10
3305,Pepe,27.403531720078483,37.80248528449967,76.19359058207979,98.03793328973185,17.920209287115764,88.03139306736429,18.443427076520603,78.9404839764552,4.8443382689673005,0.49388156605702255,-2.2075084192958583,3
3306,Sergio Ramos,26.81491170699804,67.95291039895358,90.8436886854153,99.28057553956835,27.665140614780903,97.51471550032701,44.015696533682146,36.10202746893395,5.5683066580256275,0.2287037167800829,-3.419965135161229,8
3309,R. Varane,13.211249182472203,38.39110529758012,53.62982341399608,97.77632439502943,11.118378024852845,82.07979071288423,6.344015696533682,99.41137998691956,5.097873862377991,1.8992408401635448,-2.502307570129181,7
3310,Marcelo,79.59450621321125,49.83649444081099,99.60758665794637,62.13211249182472,78.22105951602354,46.76258992805755,11.18378024852845,95.9450621321125,0.6655182632571688,-6.179480005999134,-1.1464567080487051,8
3313,José Callejón,66.84107259646828,59.385219097449315,70.63440156965338,46.958796599084366,59.64682799215173,39.699149771092216,46.958796599084366,57.946370176586,-1.039810331439371,-1.6663362674557531,0.00278745272911872,1
3317,Esteban Granero,45.519947678221065,47.41661216481361,72.07325049051668,87.83518639633748,47.80902550686723,51.01373446697187,79.65990843688685,3.2047089601046435,1.0373861336392007,-1.5943917751889207,-0.3447166359952049,6
3321,K. Benzema,99.54218443427077,99.67298888162198,45.062132112491824,75.21255722694572,72.07325049051668,13.734466971877044,7.325049051667756,100,-6.136643859576393,-0.19445825193890648,-4.559235841281513,9
3322,Cristiano Ronaldo,99.73839110529758,100,25.179856115107913,62.00130804447351,86.20013080444735,3.2047089601046435,19.22825376062786,99.21517331589274,-7.508229515490691,0.9140549525505144,-5.048177491468085,4
3324,Álvaro Morata,93.13276651406149,99.41137998691956,6.736429038587312,11.379986919555266,67.88750817527796,5.5591890124264225,98.82275997383911,18.901242642249834,-6.294600393773746,4.000455004354052,-0.8704272055919756,5
3325,Juanfran,49.90189666448659,25.11445389143231,86.33093525179856,17.004578155657292,72.2040549378679,59.12361020274689,51.66775670372793,99.47678221059516,1.0940668242218183,-2.5175029424615674,2.0601015586336726,5
3326,Jesé Rodríguez,98.03793328973185,85.15369522563768,42.903858731196856,45.781556572923485,94.17920209287117,2.6160889470241986,37.80248528449967,71.55003270111185,-6.091913196086539,-2.0259446608791354,-1.1438876094249617,4
3327,Joselu,76.324395029431,97.51471550032701,10.5297580117724,2.158273381294964,16.677567037279267,8.306082406801831,99.73839110529758,91.82472204054937,-4.86638723638494,4.622709616486845,-0.9433381072409248,6
3334,Dani Alves,71.026814911707,22.563767168083714,99.54218443427077,91.43230869849575,66.64486592544147,65.20601700457816,49.57488554610857,28.05755395683453,2.456282408739886,-6.145224598499107,-0.7929409019890672,3
3335,Marc Bartra,19.686069326357096,45.12753433616743,79.0058862001308,87.37737083060824,18.051013734466974,91.17069980379333,31.720078482668413,83.64944408109875,5.115585855902329,0.6643863276952352,-1.2039458164336372,9
3336,Adriano,54.610856769130145,21.909744931327666,98.88816219751472,97.51471550032701,69.32635709614127,67.49509483322433,56.31131458469588,52.45258338783518,2.9785270202753855,-4.727450079130967,-1.5335631893929833,2
3337,Andreu Fontàs,9.417920209287116,6.474820143884892,94.11379986919556,97.05689993459778,14.846304774362329,95.68345323741008,7.259646827992151,84.95748855461086,6.892304056094269,-0.912566297794919,-1.706603245174062,4
3338,Sergi Gómez,10.5297580117724,6.278613472858077,46.56638325703074,94.17920209287117,2.746893394375409,88.48920863309353,0.3270111183780248,97.64551994767821,5.506798684686086,2.0457491711462774,-1.3901450075917312,10
3339,Martín Montoya,36.03662524525834,8.502289077828646,65.33682145192937,55.65729234793984,52.71419228253761,73.38129496402878,77.76324395029431,28.84238064094179,3.0153668117168624,-1.15271064397679,2.1670409404472903,5
3340,Muniesa,20.34009156311315,4.4473512099411385,84.63047743623284,71.15761935905822,27.403531720078483,94.44081098757357,39.699149771092216,48.6592544146501,4.710449093107213,-0.7448470800044569,0.1818941601499314,2
3341,Gerard Piqué,19.7514715500327,48.26684107259646,88.94702419882276,99.41137998691956,23.021582733812952,96.59908436886853,13.603662524525834,65.729234793983,6.1675518463108485,0.1741213619925388,-3.3977064103650374,8
3344,Rafinha,69.32635709614127,68.73773708306082,87.76978417266187,94.50621321124918,89.73185088293002,45.12753433616743,96.99149771092218,72.2694571615435,-1.2279603800713603,-3.5673324760649514,-1.7511798401970446,4
3346,Sergio Busquets,33.02812295618051,5.755395683453238,98.49574885546109,98.82275997383911,22.629169391759323,81.88358404185743,72.66187050359713,31.5892740353172,4.584016570791449,-3.9110431309714024,-2.903748741936151,9
3347,Sergi Roberto,70.24198822759973,40.745585349901894,95.16023544800524,97.12230215827337,72.00784826684107,54.87246566383257,30.215827338129497,94.24460431654677,0.8524942148697439,-3.795134844593919,-2.2383373970888205,8
3348,Gerard Deulofeu,98.29954218443427,82.79921517331589,88.75081752779595,63.440156965336826,92.34793982995421,11.18378024852845,52.84499672988881,64.87900588620013,-5.058958912289706,-3.85796761841561,-1.9019559553753904,1
3349,J. dos Santos,57.946370176586,56.50752125572269,89.27403531720078,72.72727272727273,56.44211903204709,46.63178548070634,50.62132112491825,76.19359058207979,0.16819056512920208,-2.687523846526757,-0.5738225523439133,3
3351,Kiko Femenía,35.05559189012427,1.2426422498364944,75.73577501635056,71.48463047743623,69.13015042511445,60.431654676258994,13.080444735120993,71.026814911707,2.4210403261244786,-1.8069883044444803,0.7482857765224903,5
3352,Xavi,76.84761281883584,61.08567691301504,100,100,63.963374754741665,49.90189666448659,16.546762589928058,99.28057553956835,2.0181072858211486,-7.322456428872753,-5.706863746890722,1
3353,Andrés Iniesta,70.69980379332897,50.098103335513414,99.67298888162198,97.58011772400262,85.93852190974494,41.988227599738394,51.798561151079134,98.75735775016351,0.6820759141398223,-6.790524030100277,-3.9399957686631266,4
3355,J. Mascherano,20.40549378678875,3.989535644211903,98.6265533028123,99.54218443427077,26.095487246566385,98.29954218443427,5.755395683453238,59.12361020274689,6.526719108343198,-2.4839755655884908,-3.2820835591473636,4
3357,Isaac Cuenca,60.5624591236102,59.58142576847612,36.55984303466318,45.32374100719424,76.97841726618705,37.34466971877044,35.38260300850229,93.72138652714193,-2.249367101988143,-1.1591737474176775,0.45499334077978826,3
3358,Cristian Tello,87.76978417266187,77.43623283191629,54.807063440156966,50.752125572269456,88.94702419882276,28.973185088293,15.631131458469588,96.40287769784173,-3.1975996484162783,-2.2053810674015937,-0.6446847917979712,5
3359,L. Messi,99.9345977763244,99.9345977763244,99.41137998691956,70.96141268803139,99.80379332897319,0.7848266841072596,95.55264879005885,99.14977109221714,-7.945587407389555,-7.193618203184952,-6.186470835353133,7
3360,Pedro,99.08436886854153,91.10529758011772,90.18966644865925,87.70438194898627,90.71288423806409,15.500327011118378,30.739045127534336,93.39437540876389,-5.266429629778451,-4.109495535147157,-3.7312535542226417,1
3361,A. Sánchez,77.24002616088947,74.75474166121649,38.91432308698496,29.627207325049053,65.00981033355134,27.665140614780903,62.98234139960759,80.31393067364291,-2.7918631539494174,-0.2557747488816984,-0.1958948946489706,1
3368,NA,1.4388489208633095,1.7658600392413342,54.87246566383257,68.08371484630477,8.436886854153041,98.49574885546109,18.770438194898624,64.94440810987574,5.933707150656568,1.4955058997405088,0.3898223854298834,1
3372,Aythami Artiles,8.436886854153041,13.080444735120993,75.67037279267495,94.83322432962721,2.943100065402224,91.30150425114454,2.419882275997384,31.720078482668413,6.366964231658005,1.5216812326168403,-2.011736960820164,2
3374,Zé Castro,13.53826030085023,16.873773708306082,93.19816873773709,79.07128842380641,13.342053629823415,93.32897318508829,7.652060170045781,69.7187704381949,6.293650766950497,-0.13250343091528036,-1.6756640837989083,2
3375,Laure,21.71353826030085,0.45781556572923476,49.57488554610857,30.673642903858735,40.745585349901894,67.23348593852191,21.321124918247218,38.78351863963375,3.0225218999567276,0.12392737395773797,2.2893278116414875,3
3378,Álex Bergantiños,32.831916285153696,41.203400915631136,83.32243296272073,70.04578155657293,13.080444735120993,75.93198168737737,28.84238064094179,70.96141268803139,3.5044177550860813,-1.054093118219198,-0.7435817792676166,3
3380,Juan Domínguez,50.752125572269456,53.564421190320466,33.68214519293656,49.44408109875736,53.62982341399608,45.58534990189666,75.73577501635056,35.905820797907126,-0.14521123580379633,0.06867380021048469,0.47543704770021233,1
3381,Borja Fernández,9.090909090909092,29.758011772400263,40.8109875735775,57.8809679529104,6.409417920209287,82.14519293655984,55.78809679529104,10.856769130150425,4.243978537805561,1.8870107489304584,0.37777831739767753,2
3384,A. Guardado,43.16546762589928,43.81948986265533,91.49771092217135,82.40680183126227,46.50098103335513,52.256376716808376,11.379986919555266,21.909744931327666,1.854097961185274,-2.4811000838652055,-1.0912272927947986,7
3394,Bruno Gama,76.78221059516024,65.20601700457816,41.26880313930673,28.05755395683453,81.81818181818183,34.40156965336821,94.31000654022237,51.929365598430344,-3.5120309646943517,-1.7356067347479485,1.3354707163675077,1
3400,F. Amorebieta,4.4473512099411385,4.054937867887508,42.053629823414,39.17593198168738,10.725964682799214,99.67298888162198,38.78351863963375,3.3355134074558537,5.283267064307574,2.1121902046409113,0.9918147078320416,1
3403,Borja Ekiza,0.1962066710268149,1.1772400261608895,32.24329627207325,49.83649444081099,5.755395683453238,92.93655984303466,11.249182472204055,12.426422498364945,5.403356010072041,2.3518047445434855,0.965712393542487,1
3404,Andoni Iraola,61.216481360366245,49.77109221713538,89.4702419882276,63.1785480706344,66.25245258338784,46.958796599084366,29.954218443427077,86.20013080444735,0.4161528044019522,-2.852321725536477,-0.4230997494948699,1
3407,Jonás Ramalho,12.426422498364945,23.54480052321779,34.85938521909745,67.42969260954872,23.348593852190973,77.37083060824068,5.624591236102027,82.34139960758667,4.055795725191071,1.832471776917948,0.09346024305265628,2
3408,Enric Saborit,24.72204054937868,15.696533682145192,41.59581425768476,35.77501635055592,30.739045127534336,77.17462393721387,52.256376716808376,41.137998691955524,2.90751968244295,0.4772233561258871,1.924253433784276,2
3409,Mikel San José,36.8214519293656,52.45258338783518,64.94440810987574,64.35578809679528,10.071942446043165,73.18508829300197,52.51798561151079,26.74950948332243,2.6749460416220163,0.04243595335965081,-0.479020865534606,5
3412,Gurpegi,2.6814911706998035,17.593198168737736,31.458469587965993,75.99738391105298,2.6814911706998035,99.47678221059516,10.856769130150425,30.869849574885542,5.564376689138919,2.8713100720603513,-0.6272009597005791,2
3413,Ander Herrera,53.62982341399608,43.3616742969261,95.22563767168084,80.90255068672334,43.49247874427731,75.73577501635056,60.75866579463701,9.287115761935906,2.354589524241429,-3.184243100939672,-0.7457186256356009,2
3414,Ander Iturraspe,24.656638325703074,9.679529103989536,83.58404185742316,81.09875735775016,20.34009156311315,81.75277959450621,58.20797907128843,28.9077828646174,3.98463355452256,-1.177260994940412,-0.2179210548552223,4
3418,Iñigo Ruiz de Galarreta,32.63570961412688,17.331589274035316,83.06082406801832,67.23348593852191,48.201438848920866,58.011772400261606,76.65140614780903,3.1393067364290386,1.7998056855419808,-2.148638113586947,-0.09308160222307874,5
3419,Iñigo Pérez,45.12753433616743,55.853499018966644,73.77370830608241,43.49247874427731,20.66710268149117,41.39960758665794,3.727926749509483,53.172007848266844,0.633991077451526,-0.7907956868343116,-0.5008225091653404,2
3420,Markel Susaeta,86.52714192282538,60.17004578155657,61.08567691301504,38.1294964028777,74.36232831916286,30.869849574885542,43.3616742969261,88.35840418574232,-3.4118089979497426,-2.4409115199374174,0.7433532042503389,5
3421,Óscar De Marcos,53.956834532374096,14.650098103335512,88.42380640941792,29.561805101373444,40.614780902550685,58.46958796599084,22.694571615434924,77.43623283191629,1.511558425515032,-2.3164727749898044,1.596797979852084,11
3423,Ibai Gómez,73.90451275343362,75.80117724002616,53.82603008502289,24.06801831262263,56.50752125572269,22.432962720732505,0.9810333551340745,99.80379332897319,-3.2429504666378866,-1.1781339041283243,-0.29091614600202825,6
3424,Fernando Llorente,90.45127534336167,95.68345323741008,7.455853499018966,32.17789404839764,32.63570961412688,2.027468933943754,69.26095487246566,11.379986919555266,-5.253379801073309,4.531958612672403,-1.8496819904002908,1
3425,Iker Muniain,73.96991497710921,74.10071942446042,77.24002616088947,77.5670372792675,86.59254414650098,23.217789404839763,61.93590582079791,94.57161543492478,-3.5708691725544366,-3.0193570454998353,-2.1588250989494706,10
3426,Gaizka Toquero,57.226945716154354,56.6383257030739,44.277305428384565,9.74493132766514,61.54349247874428,36.167429692609545,68.60693263570961,51.20994113799869,-1.8552158594684305,-0.3976345205818036,1.4794548889335857,1
3431,Miranda,0.5232177894048398,13.93067364290386,20.34009156311315,61.8051013734467,1.3080444735120993,96.40287769784173,12.753433616742967,32.962720732504906,5.250404249171767,3.61300941309253,0.3202290436028264,1
3433,D. Godín,13.865271419228254,52.125572269457166,25.310660562459127,81.16415958142576,12.818835840418574,87.37737083060824,21.255722694571617,55.52648790058862,4.686699202604767,3.374877190611338,-0.8632102645276264,5
3434,Filipe Luís,48.92086330935252,19.097449313276652,95.29103989535645,70.30739045127534,79.07128842380641,68.27992151733159,86.65794637017659,78.80967952910399,2.3520385562304575,-3.610178091880952,0.29625467818272644,4
3436,Javi Manquillo,27.53433616742969,5.362982341399607,75.0163505559189,84.63047743623284,29.888816219751472,69.58796599084368,23.54480052321779,26.94571615434925,3.860635143004767,-0.5381391480233405,-0.3448011682545114,2
3440,NA,37.60627861347286,49.64028776978417,93.59058207979072,93.65598430346633,12.557226945716154,91.62851536952257,46.043165467625904,35.12099411379987,4.266958837240778,-1.628707034267531,-2.3930862850075494,3
3441,Gabi,29.627207325049053,11.70699803793329,97.44931327665141,83.12622629169391,20.994113799869197,78.28646173969915,62.65533028122956,6.932635709614127,4.303714950506042,-3.3185776955262725,-0.49111181441893376,4
3442,Fran Mérida,43.754087638979726,44.800523217789404,96.01046435578809,57.16154349247874,50.62132112491825,49.31327665140615,84.95748855461086,8.109875735775017,2.236587320315719,-2.977132237183232,-0.3667903423562543,2
3443,Koke,54.087638979725305,43.03466317854807,98.29954218443427,87.90058862001308,21.648136036625246,56.180510137344676,33.42053629823414,82.47220405493788,1.8572451505504284,-3.999772338025092,-2.103242017976086,12
3446,Mario Suárez,25.637671680837148,53.49901896664486,60.5624591236102,74.62393721386528,25.310660562459127,66.84107259646828,48.855461085676914,24.85284499672989,3.3532656595378483,0.5861011696008633,-1.1300129702669004,4
3447,Juanfran,42.57684761281884,1.962066710268149,69.5225637671681,40.941792020928716,49.70568999345978,58.92740353172008,9.87573577501635,83.32243296272073,1.5644660543101914,-1.314623735293792,1.423237445570702,5
3448,A. Turan,90.12426422498365,70.96141268803139,92.74035317200784,86.06932635709614,81.29496402877699,40.15696533682146,91.56311314584697,44.931327665140614,-2.349754065822776,-3.981687668680323,-2.054684642937723,3
3450,R. Falcao,72.07325049051668,97.77632439502943,2.419882275997384,38.45650752125572,28.84238064094179,9.74493132766514,81.88358404185743,10.660562459123609,-5.351088199345873,5.2849667138376,-1.4177260626578156,3
3451,Adrián López,91.95552648790058,80.64094179202093,34.2053629823414,26.422498364944406,79.79071288423808,4.054937867887508,37.47547416612165,99.67298888162198,-4.377752799072086,0.033142972595145793,-0.930579790120946,5
3460,Coke,46.17396991497711,53.8914323086985,64.4865925441465,31.393067364290385,41.988227599738394,63.570961412688035,49.247874427730544,61.02027468933944,1.5832353768345968,-0.21935360021191863,1.3090273950089089,6
3464,Antonio Luna,40.6801831262263,2.2236756049705693,78.9404839764552,16.08894702419882,38.84892086330935,57.946370176586,28.973185088293,84.2380640941792,2.4807841429930515,-1.4361723908428068,2.118897016642045,4
3465,Fernando Navarro,19.48986265533028,0.7194244604316548,57.8809679529104,47.743623283191624,26.81491170699804,71.74623937213866,47.67822105951603,61.739699149771084,3.7270368236690103,0.12425990901387628,1.5140849699498964,4
3466,Alexis,9.679529103989536,27.07652060170046,19.22825376062786,60.95487246566383,6.801831262262917,81.29496402877699,1.7004578155657293,30.019620667102682,4.13083313457538,3.227288736565256,0.10249198851842796,4
3468,J. Cala,7.521255722694571,41.53041203400916,20.27468933943754,41.92282537606278,6.017004578155658,83.25703073904512,20.79790712884238,9.679529103989536,4.393247352624624,3.513949363036626,0.4619563578085178,5
3470,José Campaña,56.703727926749515,46.56638325703074,91.75931981687377,73.83911052975802,66.97187704381949,47.220405493786785,51.14453891432309,60.75866579463701,1.0655604153395812,-3.12238517623827,-0.5776180748826449,6
3474,Jesús Navas,69.8495748855461,17.004578155657292,98.23413996075867,31.458469587965993,89.27403531720078,42.053629823414,9.156311314584697,97.05689993459778,0.25003552921089545,-4.84270506439168,0.771581371164404,8
3476,I. Rakitić,60.30085022890779,65.92544146500981,97.3185088293002,94.11379986919556,40.02616088947024,52.32177894048397,32.831916285153696,79.20209287115762,1.1375370036946717,-3.50454405229675,-3.0948574483096323,10
3477,José Antonio Reyes,92.15173315892741,70.76520601700457,94.31000654022237,11.8378024852845,90.58207979071288,18.901242642249834,93.13276651406149,25.703073904512753,-3.6034945809919785,-4.635967053360484,0.5187379402709975,3
3479,Manu del Moral,73.7083060824068,81.6873773708306,26.618705035971225,27.27272727272727,79.59450621321125,20.601700457815568,52.06017004578156,89.07782864617397,-3.9015424060795088,0.2001251165738602,-0.5937028339967348,1
3483,Álvaro Negredo,87.18116415958143,95.22563767168084,10.660562459123609,3.4663178548070634,30.019620667102682,2.943100065402224,29.692609548724658,91.56311314584697,-5.291351091792657,4.293026119207748,-1.5089868252311067,5
3484,Luis Alberto,93.78678875081754,87.57357750163506,52.97580117724002,23.021582733812952,75.80117724002616,8.436886854153041,43.49247874427731,96.99149771092218,-4.923382541798774,-1.5677747108836024,-1.1122867578253628,1
3493,Miguel Flaño,10.856769130150425,36.429038587311965,12.949640287769784,47.54741661216481,7.652060170045781,76.324395029431,4.905166775670373,52.5833878351864,3.491511089932745,3.9524633039506,0.3271366777281273,1
3496,Sergio Postigo,12.49182472204055,9.221713538260301,41.07259646827992,70.24198822759973,7.979071288423806,95.9450621321125,0.7194244604316548,82.73381294964028,4.888354373338415,1.8484063326781257,-0.2438098001628254,5
3501,Álvaro Cejudo,56.376716808371484,56.44211903204709,69.06474820143885,19.48986265533028,83.19162851536952,45.97776324395029,95.29103989535645,2.8122956180510137,-0.9449933901398954,-2.225109660442997,2.052795468566787,2
3503,R.García Escudero,72.98888162197514,92.74035317200784,31.523871811641595,0.7848266841072596,28.515369522563766,32.30869849574886,99.21517331589274,0.7848266841072596,-3.310563201857596,1.9821587382986163,-0.04241401768444711,10
3505,R. Loé,24.85284499672989,32.962720732504906,50.62132112491825,55.39568345323741,25.637671680837148,67.82210595160235,39.5029431000654,23.610202746893393,3.077389166307065,0.6164116622132997,0.32106768036677374,1
3510,David Timor,22.629169391759323,47.743623283191624,63.83257030739045,46.82799215173316,12.688031393067364,77.43623283191629,32.962720732504906,21.778940483976456,3.2105255871781946,0.35030792713232883,-0.4434552200621283,4
3511,Roberto Torres,76.71680837148463,82.34139960758667,74.62393721386528,6.736429038587312,49.77109221713538,31.523871811641595,9.74493132766514,93.00196206671026,-2.6579949996348105,-1.716039079881353,-0.09069517173098618,4
3523,F. Lejeune,16.285153695225638,53.10660562459124,63.89797253106606,74.36232831916286,13.53826030085023,92.217135382603,17.200784826684107,75.27795945062132,4.817213098640623,1.6570462243346982,-1.3308594887001006,7
3526,M. Musacchio,6.736429038587312,26.55330281229562,28.776978417266186,85.08829300196207,6.344015696533682,92.02092871157619,7.1942446043165464,65.33682145192937,4.995387698161566,2.8847954936852123,-0.767338800657132,3
3527,Kiko Olivas,7.1942446043165464,26.22629169391759,24.13342053629823,92.02092871157619,24.32962720732505,92.41334205362982,6.017004578155658,97.12230215827337,4.316097534114516,2.250850457208259,-1.0766689819261714,2
3529,Mario Gaspar,44.99672988881622,39.960758665794636,72.5310660562459,50.62132112491825,32.570307390451276,66.51406147809026,18.508829300196204,77.76324395029431,2.6366555412206583,-0.4640502316243319,1.1801119102947677,8
3534,Jaume Costa,40.483976455199475,12.688031393067364,78.41726618705036,46.37017658600392,54.67625899280576,62.91693917593199,29.758011772400263,15.238718116415958,2.112366151565423,-1.3772086002260893,1.3032926058964114,9
3536,Moi Gómez,59.31981687377371,55.06867233485938,81.49117069980379,72.2694571615435,63.50555918901243,37.60627861347286,10.071942446043165,83.91105297580118,-0.8183988162337058,-2.3587400618010745,-0.914102081589067,11
3537,Cani,57.357750163505564,57.03073904512753,83.25703073904512,46.304774362328324,69.98037933289731,40.941792020928716,38.65271419228254,73.57750163505558,-0.4813433421346283,-2.2988603339298006,-0.44261633460389727,1
3538,M. Wakaso,32.8973185088293,51.66775670372793,58.40418574231524,43.03466317854807,58.07717462393721,53.564421190320466,81.81818181818183,0.06540222367560497,0.9459571229130138,-0.97814174232146,1.2316682849566989,5
3539,H. Pérez,68.86854153041203,66.64486592544147,33.28973185088293,13.342053629823415,88.68541530412034,28.776978417266186,96.59908436886853,0.9810333551340745,-3.093612480077431,-0.5528123915431863,1.9365863321896768,4
3541,Bruno Soriano,28.188358404185742,58.33878351863964,91.89012426422498,96.99149771092218,16.350555918901243,76.91301504251145,12.818835840418574,95.02943100065401,3.900480635956356,-1.235952992182514,-3.3490291218806205,3
3542,Manu Trigueros,50.62132112491825,58.92740353172008,93.98299542184434,88.62001308044474,37.21386527141923,47.743623283191624,40.745585349901894,50.098103335513414,1.289053336873106,-2.752697937496053,-1.8887532564716187,9
3548,G. Rossi,82.27599738391105,94.37540876389797,17.39699149771092,58.79659908436887,62.98234139960759,8.04447351209941,44.669718770438195,90.7782864617397,-5.094568203832594,1.3142997758285615,-2.321675480132745,2
3556,M. Demichelis,3.3355134074558537,18.770438194898624,32.701111837802486,77.95945062132112,8.894702419882277,98.23413996075867,14.780902550686722,50.94833224329627,5.212285620373626,2.650158407626556,-0.44765225362423,1
3557,Jesús Gámez,30.346631785480703,6.998037933289732,69.13015042511445,43.4270765206017,46.958796599084366,74.03531720078482,62.197514715500326,51.275343361674295,2.8872158572587043,-1.128435883862738,2.324646907690973,2
3560,Nacho Monreal,44.277305428384565,42.96926095487247,57.357750163505564,66.64486592544147,32.24329627207325,58.992805755395686,15.107913669064748,87.63897972531066,1.5863194543029848,-0.10567441823460884,-0.04691844958858707,2
3561,Weligton,0.9156311314584695,2.8122956180510137,38.52190974493133,75.27795945062132,4.4473512099411385,99.9345977763244,28.515369522563766,57.03073904512753,5.8021117955405614,2.281654792962066,0.2427579018347749,2
3562,Sergio Sánchez,8.633093525179856,11.18378024852845,57.09614126880314,84.95748855461086,2.289077828646174,95.16023544800524,7.455853499018966,17.004578155657292,5.5740448904160775,1.7256238021449977,-0.8435734023027762,1
3563,Isco,97.18770438194899,79.79071288423808,98.95356442119032,88.81621975147155,95.68345323741008,20.470896010464358,91.75931981687377,72.66187050359713,-3.506564263495913,-5.951178755217277,-2.869017818914943,10
3565,NA,91.36690647482014,68.34532374100719,99.08436886854153,44.277305428384565,81.88358404185743,32.76651406147809,67.95291039895358,48.26684107259646,-2.5178784786767223,-5.896600895553705,-1.1275763294164949,2
3566,Ignacio Camacho,30.869849574885542,50.94833224329627,82.66841072596468,67.0372792674951,15.958142576847612,95.81425768476129,85.34990189666448,1.962066710268149,3.920269534825817,-0.2779707790847912,-0.19927688815409292,3
3567,Santi Cazorla,75.60497056899933,66.31785480706344,97.3839110529758,86.52714192282538,68.01831262262917,37.01765860039241,35.57880967952911,96.72988881621976,-0.5175704898863359,-4.495496714511242,-1.9820854446975056,3
3568,Recio,42.053629823414,53.36821451929366,67.82210595160235,86.46173969914977,47.220405493786785,55.330281229561805,67.49509483322433,0.3270111183780248,1.2052414318556088,-1.3728509144706005,-0.6511331540943551,7
3571,Joaquín,89.86265533028123,70.63440156965338,81.81818181818183,72.33485938521909,91.69391759319817,25.768476128188354,30.80444735120994,96.27207325049052,-3.1779178343190866,-2.9435967574422928,-1.6924684685456186,8
3572,Portillo,59.254414650098106,43.68868541530412,80.11772400261609,41.53041203400916,56.76913015042512,32.04708960104644,6.671026814911707,78.41726618705036,-1.551606375200796,-2.4845379609478897,-0.38641525919034314,5
3576,Juanmi,70.63440156965338,92.217135382603,6.0824068018312625,51.47155003270111,36.886854153041206,23.610202746893393,38.39110529758012,29.103989535644214,-4.446441119027417,3.4074585472230847,-0.8851499997382545,9
3577,S. Rondón,60.431654676258994,87.44277305428385,5.166775670372792,19.62066710268149,38.71811641595814,18.051013734466974,82.66841072596468,51.60235448005233,-4.031922095858313,4.449469538508017,-0.3750011949161835,1
3585,Antonio Amaya,0.3924133420536298,13.01504251144539,30.739045127534336,76.65140614780903,2.5506867233485937,98.95356442119032,19.94767822105952,28.58077174623937,6.236303501808185,3.1131207615119605,0.08196760499479529,2
3588,Chechu Dorado,7.586657946370176,8.175277959450622,63.570961412688035,81.94898626553304,7.390451275343361,87.83518639633748,1.5042511445389144,70.04578155657293,5.409924857548063,1.1542397986080888,-1.01005122215157,2
3594,José Alberto Cañas,8.371484630477436,4.251144538914323,62.78613472858077,91.75931981687377,11.96860693263571,86.98495748855461,34.40156965336821,4.185742315238718,4.861267111035902,0.1626317040235481,-0.5627820827505527,2
3595,Beñat Etxebarria,53.302812295618054,41.85742315238718,97.2531066056246,81.22956180510137,40.54937867887508,57.68476128188358,39.24133420536298,49.64028776978417,1.7035685205550164,-4.417826445634467,-1.349706383009701,5
3598,Álex Martínez,50.882930019620666,30.150425114453896,74.49313276651407,28.71157619359058,52.19097449313277,49.50948332243296,17.26618705035971,73.25049051667757,1.1976484225140127,-1.328025198297869,1.6722771626657995,1
3602,Salva Sevilla,55.199476782210596,66.84107259646828,91.36690647482014,86.13472858077175,35.905820797907126,41.66121648136036,1.0464355788096795,68.73773708306082,0.7092622639523716,-2.479924302698857,-2.593854849779845,4
3603,Álvaro Vadillo,79.39829954218443,71.68083714846306,35.38260300850229,18.051013734466974,85.28449967298887,19.7514715500327,33.747547416612164,92.08633093525181,-4.106106645956974,-1.3252495387452936,0.6730307206175127,1
3604,Rubén Castro,84.0418574231524,99.01896664486593,14.388489208633093,46.043165467625904,44.7351209941138,5.689993459777633,0.13080444735120994,99.54218443427077,-5.3832245197234965,2.0731802873907785,-3.3516307335650084,2
3605,Jorge Molina,88.03139306736429,89.86265533028123,14.58469587965991,7.7174623937213855,35.5134074558535,0.7194244604316548,78.28646173969915,55.461085676913015,-5.7394319025501375,2.9165148622905965,-1.0566552238282152,6
3608,R. Santa Cruz,69.65336821451929,85.67691301504252,19.48986265533028,65.99084368868542,44.60431654676259,19.22825376062786,40.8109875735775,86.65794637017659,-3.3754117234413017,1.89614175115105,-2.472032856295754,1
3629,Viguera,72.2694571615435,73.38129496402878,23.871811641595812,14.257684761281883,68.08371484630477,14.911706998037932,86.8541530412034,78.35186396337475,-3.9521604912967168,0.6751703975181748,0.2990606045809009,2
3642,Iván Ramis,7.782864617396991,39.76455199476782,36.23283191628515,85.21909744931328,9.156311314584697,97.44931327665141,16.415958142576848,70.69980379332897,5.238293508854348,2.698111408667698,-1.3494804984804762,6
3644,Pedro Bigas,15.042511445389142,41.07259646827992,66.05624591236102,85.4807063440157,28.71157619359058,88.88162197514716,16.481360366252453,91.69391759319817,4.854457763319103,1.0122230342641607,-1.1465192620965683,9
3645,Chory Castro,81.5565729234794,64.22498364944408,80.96795291039895,16.481360366252453,87.90058862001308,30.54283845650752,80.90255068672334,85.93852190974494,-3.035361609510979,-2.840637784398887,0.5888103595881026,4
3650,Tomás Pina,21.0595160235448,25.310660562459127,30.346631785480703,71.87704381948986,17.1353826030085,69.8495748855461,51.86396337475474,3.662524525833878,2.568588876356936,0.9777946905027904,0.17880048100924284,7
3651,Abdón Prats,59.058207979071284,88.75081752779595,2.092871157619359,9.221713538260301,25.572269457161546,5.232177894048397,63.37475474166122,46.76258992805755,-4.860521586390227,5.475566681518404,-0.3149191143257133,4
3653,F. Tissone,30.673642903858735,18.574231523871813,93.65598430346633,74.23152387181165,32.8973185088293,77.6978417266187,39.11052975801177,10.987573577501635,3.8810301986911138,-2.1128991036582168,-0.6446639437847784,1
3655,Víctor Casadesús,68.21451929365598,80.51013734466972,29.365598430346633,45.84695879659908,37.54087638979725,8.763897972531067,28.05755395683453,23.217789404839763,-3.356340457248031,1.3390941050595249,-1.8453061387568952,2
3656,Álvaro Giménez,56.180510137344676,83.91105297580118,5.624591236102027,19.162851536952257,28.64617396991498,21.517331589274036,67.29888816219751,46.56638325703074,-3.0965490882990396,4.800589420714234,-0.5819785444690817,1
3657,T. Hemed,67.29888816219751,95.42184434270766,5.362982341399607,33.15892740353172,35.05559189012427,13.211249182472203,35.12099411379987,48.92086330935252,-4.426561326433124,4.93437315608151,-1.9042061629341065,1
3665,Ansotegi,2.158273381294964,40.222367560497055,18.116415958142575,69.13015042511445,0.06540222367560497,88.81621975147155,2.6160889470241986,66.57946370176586,4.849398395483415,4.1378739514594525,-0.6991710647872448,2
3667,Alberto De La Bella,39.24133420536298,9.810333551340745,86.39633747547416,48.6592544146501,42.83845650752126,66.12164813603663,38.32570307390451,37.34466971877044,2.68806309016579,-1.6017314249105246,1.2800302796651437,3
3670,Mikel González,1.831262262916939,10.071942446043165,25.049051667756707,74.55853499018966,8.633093525179856,93.59058207979072,3.4663178548070634,69.91497710922171,4.840192339492176,2.6136221160409527,0.2526018830115774,3
3671,Íñigo Martínez,19.162851536952257,42.57684761281884,75.93198168737737,75.73577501635056,23.675604970569,88.55461085676913,18.116415958142575,58.20797907128843,4.68111150817576,0.8424393654390675,-1.2537574726173748,11
3672,Carlos Martínez,34.99018966644866,3.008502289077829,86.20013080444735,35.12099411379987,43.884892086330936,84.2380640941792,67.69130150425114,75.99738391105298,3.339627552379837,-1.723478521763468,2.0242016347597183,3
3674,Markel Bergara,23.675604970569,59.777632439502945,17.658600392413344,65.14061478090255,10.856769130150425,74.36232831916286,55.39568345323741,3.4663178548070634,2.2217482607033396,2.353690086742614,-0.2646388480131905,3
3675,Gorka Elustondo,16.481360366252453,21.84434270765206,61.87050359712231,72.66187050359713,12.36102027468934,81.22956180510137,15.696533682145192,48.07063440156965,4.515906317271474,0.48790574283335614,-0.02150173902112032,2
3676,Asier Illarramendi,33.55134074558535,35.18639633747547,96.27207325049052,90.64748201438849,29.627207325049053,88.0967952910399,76.84761281883584,13.603662524525834,3.833383375006365,-3.209336645703479,-1.018294780065972,6
3677,Rubén Pardo,47.87442773054284,52.648790058862005,94.57161543492478,78.15565729234794,29.954218443427077,48.79005886200131,1.5696533682145193,73.38129496402878,2.0635048290969804,-2.5587962257105414,-1.8230867137350464,4
3678,Xabi Prieto,74.75474166121649,66.25245258338784,82.60300850228907,70.37279267495094,44.146500981033356,32.24329627207325,20.92871157619359,99.01896664486593,-1.4754341337315675,-1.361658248274533,-2.4389681712370583,4
3680,David Zurutuza,41.007194244604314,54.41465009810334,68.21451929365598,80.18312622629169,40.41857423152388,52.45258338783518,79.33289731850883,52.779594506213215,1.2730223790049655,-1.1167815905960994,-0.7701212746669635,4
3681,Imanol Agirretxe,82.73381294964028,98.49574885546109,9.679529103989536,20.92871157619359,31.458469587965993,1.6350555918901242,23.348593852190973,95.22563767168084,-5.389445436633824,4.166184773047302,-2.7890003526812652,2
3682,A. Griezmann,96.01046435578809,95.74885546108568,64.87900588620013,59.777632439502945,53.10660562459124,28.58077174623937,11.641595814257686,97.84172661870504,-3.6341231236433904,-1.069190654554062,-2.805458161389062,12
3685,C. Vela,91.56311314584697,86.52714192282538,68.34532374100719,52.648790058862005,86.52714192282538,3.2701111837802483,68.01831262262917,75.60497056899933,-5.31631058877794,-2.2018596669885455,-1.8746094289590496,3
3691,Domingo Cisma,32.04708960104644,0.3924133420536298,98.82275997383911,66.77567037279267,48.6592544146501,68.67233485938522,17.593198168737736,30.150425114453896,4.775705733087917,-3.548979032004286,-0.01978609451328747,1
3692,B. Espinosa,17.26618705035971,47.08960104643558,32.30869849574886,78.28646173969915,0.9156311314584695,96.92609548724657,7.979071288423806,59.64682799215173,5.201771379324487,3.4129402767497408,-1.0807960483726424,5
3695,Álvaro Soberón,15.107913669064748,23.871811641595812,56.376716808371484,73.90451275343362,3.662524525833878,88.1621975147155,3.3355134074558537,48.13603662524526,5.454895264367952,2.020424784110139,-0.8947770717569262,5
3704,Pape Diop,23.41399607586658,52.91039895356442,37.27926749509483,48.13603662524526,11.641595814257686,80.51013734466972,53.62982341399608,1.1118378024852846,2.416303995471792,1.004741315655141,-0.13602818889820886,6
3705,Adrián González,38.58731196860693,71.55003270111185,42.57684761281884,58.862001308044476,13.865271419228254,45.45454545454545,21.84434270765206,30.412034009156315,0.704412649958946,1.3525160869117565,-1.4040419738962264,4
3708,J. Samperio,68.4107259646828,67.1680837148463,22.49836494440811,10.595160235448004,65.92544146500981,34.53237410071942,65.53302812295618,39.63374754741661,-2.7320889640932173,0.374726173326973,1.365141822672204,1
3714,C. Stuani,62.066710268149116,99.60758665794637,0.13080444735120994,21.71353826030085,11.314584695879661,5.428384565075213,58.33878351863964,1.3080444735120993,-5.600413946653033,7.214659297064876,-1.2447818412936538,6
3735,Juankar,49.50948332243296,28.253760627861347,57.68476128188358,36.49444081098757,60.82406801831263,51.60235448005233,41.726618705035975,60.62786134728581,0.9547416786295868,-0.9409413433066984,1.9826755706061685,4
3738,Lafita,74.23152387181165,80.83714846304775,16.742969260954872,10.79136690647482,73.7083060824068,20.92871157619359,85.67691301504252,7.521255722694571,-4.322869745593369,1.2861862455455275,0.7906864962583809,1
3750,Mikel Balenziaga,28.12295618051014,3.3355134074558537,51.14453891432309,32.63570961412688,50.81752779594506,63.243950294310004,44.99672988881622,93.59058207979072,2.0238457158782706,-0.5749115722626661,2.401704456741197,8
3779,Alberto Bueno,76.45519947678221,89.73185088293002,43.754087638979726,49.64028776978417,43.23086984957489,18.247220405493785,4.970568999345978,98.03793328973185,-3.341609674381545,0.24118197539732952,-2.6973000739191537,2
3780,Manucho Gonçalves,66.31785480706344,95.16023544800524,1.5696533682145193,40.6801831262263,16.546762589928058,19.48986265533028,49.90189666448659,16.350555918901243,-3.9988505487159256,6.36240198517992,-1.492229319703367,2
3781,Javi Guerra,88.0967952910399,99.34597776324395,8.69849574885546,56.83453237410072,42.1190320470896,3.793328973185088,62.589928057553955,38.194898626553304,-5.904542779637705,3.608753150650233,-2.634338795427195,2
3787,Víctor Álvarez,49.05166775670373,46.23937213865271,37.54087638979725,5.755395683453238,46.1085676913015,40.54937867887508,60.431654676258994,40.8109875735775,-0.17317548239653952,0.32669678276481956,2.028463929246674,2
3788,J. Amat,8.04447351209941,7.913669064748201,48.79005886200131,86.59254414650098,20.14388489208633,71.15761935905822,10.92217135382603,21.84434270765206,4.803213258676697,1.3022991719947346,-0.42607116429619224,2
3790,Carlos Clerc,42.18443427076521,4.185742315238718,75.53956834532374,18.508829300196204,80.11772400261609,55.39568345323741,65.00981033355134,75.34336167429693,1.503919737218733,-1.810805331811329,2.3336555031602235,5
3791,Z. Feddal,16.808371484630477,35.905820797907126,80.31393067364291,81.3603662524526,15.369522563767168,97.12230215827337,11.314584695879661,18.181818181818183,5.950890166774429,1.1748303119978794,-1.5446080285320198,5
3795,H. Moreno,16.742969260954872,29.103989535644214,77.10922171353826,90.97449313276651,8.763897972531067,78.15565729234794,0.8502289077828646,88.2275997383911,5.0592549295274765,0.8833964952053551,-2.1132646729102627,3
3797,Víctor Sánchez,34.79398299542184,27.730542838456508,74.82014388489209,49.247874427730544,24.525833878351865,73.77370830608241,85.28449967298887,0.2616088947024199,2.708035415083919,-1.2712173261723771,1.7129997555839591,6
3798,Dídac Vilá,42.77305428384565,27.992151733158927,73.05428384565074,13.734466971877044,52.06017004578156,65.92544146500981,66.84107259646828,17.658600392413344,2.124431572173374,-0.9317574044814412,2.4472386402496853,4
3801,Raúl Baena,26.55330281229562,55.2648790058862,31.654676258992804,76.12818835840417,20.470896010464358,67.36429038587312,58.992805755395686,1.5042511445389144,2.2800449069439033,1.3737640483947242,-0.5943941637463962,2
3802,Philippe Coutinho,97.90712884238064,90.8436886854153,93.4597776324395,91.89012426422498,94.83322432962721,19.032047089601043,52.779594506213215,96.92609548724657,-4.376302307801478,-4.580718406974206,-3.647172906342769,4
3803,Sergi Darder,53.8914323086985,58.992805755395686,79.33289731850883,53.36821451929366,70.30739045127534,39.11052975801177,48.79005886200131,90.51667756703729,-0.526901253285944,-2.214264834413225,-0.6856589896837979,9
3804,Álvaro Vázquez,79.52910398953564,91.23610202746893,6.801831262262917,13.603662524525834,30.608240680183123,1.962066710268149,2.2236756049705693,83.78024852844996,-5.436794207603054,3.808309290116182,-1.043754825405006,2
3806,Javi López,25.376062786134728,2.158273381294964,64.68279921517332,29.103989535644214,42.51144538914323,73.96991497710921,65.07521255722695,20.20928711576194,3.0600966622566443,-0.7672571769097094,2.767586841760062,6
3808,Javi Márquez,44.47351209941138,59.97383911052976,73.18508829300197,51.60235448005233,39.37213865271419,48.005232177894044,32.76651406147809,20.27468933943754,0.7580737152378382,-1.1042605308089148,-0.594166834556232,2
3812,Joan Verdú,70.83060824068018,61.54349247874428,90.64748201438849,88.35840418574232,58.60039241334205,41.007194244604314,25.768476128188354,95.68345323741008,-0.4686201165114552,-3.096166189931338,-2.2740492937445116,1
3814,T. Bifouma,93.39437540876389,82.07979071288423,19.94767822105952,14.32308698495749,88.35840418574232,5.0359712230215825,91.95552648790058,22.759973839110533,-6.401414795783446,-0.2573564629175314,0.04400689715361502,1
3816,Sergio García,94.57161543492478,83.71484630477435,42.18443427076521,12.753433616742967,79.20209287115762,5.755395683453238,49.44408109875736,71.35382603008502,-5.543656421617089,-0.8338509610724486,-0.8614586293695476,3
3819,K. Uche,74.9509483322433,97.18770438194899,8.763897972531067,62.197514715500326,26.880313930673644,7.782864617396991,33.55134074558535,37.54087638979725,-4.366108103121349,4.324625375021066,-3.0258176353543313,1
3826,Roberto Lago,29.758011772400263,3.1393067364290386,58.73119686069327,53.62982341399608,36.69064748201439,71.55003270111185,31.981687377370832,31.32766514061478,3.031155982224068,-0.26938693349959986,1.094024179102691,2
3827,Hugo Mallo,44.34270765206017,31.393067364290385,89.404839764552,40.091563113145845,38.65271419228254,68.08371484630477,50.94833224329627,18.508829300196204,2.8163698528766568,-1.559092360998382,1.3944165856713502,9
3828,Raúl Navas,17.462393721386526,27.01111837802485,72.59646827992152,87.44277305428385,17.985611510791365,91.43230869849575,17.39699149771092,83.06082406801832,5.2937082019715795,0.8646397828459542,-1.5037958727487333,5
3829,Oier Sanjurjo,32.24329627207325,40.54937867887508,48.6592544146501,26.618705035971225,20.53629823413996,81.09875735775016,76.12818835840417,4.512753433616743,2.520377403798326,0.6784563880887844,1.294210936189438,4
3835,Álex López,69.06474820143885,59.189012426422494,97.84172661870504,94.24460431654677,73.6429038587312,44.931327665140614,55.72269457161544,24.918247220405494,0.5246574429754534,-4.532342845346472,-2.1620646527999403,1
3837,Jota,62.13211249182472,60.23544800523217,40.15696533682146,34.07455853499019,76.12818835840417,34.85938521909745,47.41661216481361,49.117069980379334,-2.3071807929995387,-1.1737198450827573,0.9323697711569756,2
3840,Iago Aspas,98.56115107913669,96.53368214519293,58.862001308044476,38.65271419228254,81.03335513407455,10.071942446043165,28.9077828646174,80.18312622629169,-5.577844213342232,-1.4430356715493862,-2.497692178835772,11
3843,F. Orellana,96.53368214519293,79.46370176586004,66.71026814911707,37.54087638979725,93.06736429038587,15.042511445389142,82.53760627861347,74.29692609548725,-5.158401764664971,-2.688084878920979,-0.6204839087017548,7
3856,Molinero,27.27272727272727,4.643557880967953,43.81948986265533,33.355134074558535,36.03662524525834,67.62589928057554,36.886854153041206,4.120340091563113,2.874286246215587,0.4349638169172155,2.608786292397493,2
3866,M. Iturra,24.46043165467626,14.58469587965991,41.66121648136036,66.44865925441465,23.152387181164162,63.1785480706344,58.27338129496403,29.365598430346633,2.532505499911437,0.2648745939809657,0.5856281170862517,2
3874,Kike García,84.69587965990843,94.76782210595161,7.063440156965337,10.202746893394375,32.962720732504906,8.829300196206672,99.08436886854153,49.83649444081099,-6.018027971098938,4.707346812200649,-0.7235200995495439,10
3875,Borja Bastón,70.37279267495094,96.27207325049052,3.727926749509483,28.12295618051014,15.827338129496402,5.886200130804448,23.871811641595812,64.15958142576848,-4.977856577077556,4.993643412311431,-1.561038554021398,3
3885,L. Cabrera,19.555264879005886,41.33420536298234,63.50555918901243,27.730542838456508,6.736429038587312,71.94244604316546,13.865271419228254,75.21255722694572,4.603495021780813,1.958600019538657,0.4632315509555219,7
3908,Lago Júnior,84.56507521255723,76.84761281883584,26.55330281229562,24.72204054937868,92.54414650098103,25.964682799215172,90.32047089601046,60.95487246566383,-4.1623789240945825,-0.02993883372012917,0.6528959899522235,1
3916,G. Cabral,11.18378024852845,28.44996729888816,63.243950294310004,97.18770438194899,5.689993459777633,97.77632439502943,20.27468933943754,69.19555264879006,5.934171526680846,1.5418706988451796,-1.660875559415843,5
3918,Juanfran,6.801831262262917,0.7848266841072596,74.23152387181165,43.29627207325049,18.378024852844995,92.67495094833225,2.5506867233485937,41.85742315238718,5.062915601038469,0.19971394142835783,0.8764505341949245,2
3919,Iván López,37.86788750817528,7.586657946370176,79.46370176586004,20.34009156311315,73.25049051667757,67.0372792674951,54.28384565075213,77.6978417266187,2.073987173733246,-2.10064315733354,2.4057854535326,2
3920,Pedro López,28.38456507521256,5.232177894048397,57.55395683453237,47.41661216481361,39.63374754741661,64.87900588620013,44.08109875735775,57.68476128188358,2.6904713730670826,-0.6624436210352314,2.011764909292799,4
3922,David Navarro,2.877697841726619,34.009156311314584,21.124918247220407,73.7083060824068,5.232177894048397,97.97253106605625,3.0739045127534337,81.09875735775016,5.0066748560490755,3.6635438388520223,-0.8663087302514082,2
3928,Iborra,37.21386527141923,61.47809025506867,47.80902550686723,82.60300850228907,10.595160235448004,67.69130150425114,39.76455199476782,6.278613472858077,2.402876318139437,1.40033337891908,-1.549905417592239,7
3933,Xavi Torres,21.84434270765206,51.01373446697187,30.412034009156315,58.40418574231524,7.1288423806409416,62.197514715500326,15.173315892740352,12.23021582733813,2.916795569063125,1.9502094819408269,-0.2877421933566945,2
3934,N. El Zhar,69.91497710922171,77.04381948986266,20.53629823413996,41.726618705035975,76.58600392413342,15.434924787442771,35.70961412688031,78.09025506867233,-4.120321620697243,0.37267740591433185,-0.29352887014466295,5
3937,Roger Martí,80.83714846304775,91.95552648790058,9.025506867233487,3.5971223021582732,25.506867233485934,3.5971223021582732,62.26291693917593,12.034009156311315,-5.503072064215979,3.4843508401524157,-0.4129473550622702,8
3943,Aridane Hernández,7.455853499018966,15.369522563767168,25.506867233485934,76.324395029431,6.605624591236102,98.75735775016351,3.662524525833878,93.85219097449313,4.8690312669398725,2.973060304693094,-0.5445398476764608,6
3969,Roberto Canella,35.38260300850229,15.892740353172009,43.03466317854807,20.27468933943754,31.000654022236755,63.70176586003924,17.069980379332897,58.142576847612816,2.281921516311947,0.37016876426789586,2.192021133696861,2
3970,Alejandro Gálvez,11.05297580117724,32.24329627207325,64.09417920209287,68.01831262262917,9.352517985611511,96.46827992151734,28.58077174623937,35.25179856115108,5.320357851093696,1.2644015788452636,-0.2522004893452063,3
3972,Álex Menéndez,57.75016350555919,57.48855461085677,48.13603662524526,13.66906474820144,68.67233485938522,45.71615434924787,40.15696533682146,76.78221059516024,-0.7788498949522523,-0.7881543848800813,1.9697285054543163,1
3974,D. Suárez,39.17593198168738,8.56769130150425,82.07979071288423,9.287115761935906,39.5029431000654,54.807063440156966,60.17004578155657,6.474820143884892,1.62804243750394,-1.6497455481725625,2.598746314596958,9
3975,Sergio Álvarez,22.956180510137344,21.778940483976456,43.623283191628516,60.17004578155657,23.28319162851537,87.70438194898627,69.06474820143885,12.753433616742967,3.32454990774701,0.46595871896442664,0.8892353006069825,5
3977,Nacho Cases,38.65271419228254,49.44408109875736,61.02027468933944,82.34139960758667,22.956180510137344,58.40418574231524,8.04447351209941,8.960104643557882,1.8706450220328317,-0.8705814042489033,-0.6743023841041684,2
3979,De las Cuevas,62.45912361020275,56.89993459777632,59.385219097449315,56.04970568999346,82.8646173969915,39.4375408763898,79.92151733158927,75.73577501635056,-1.3831157567643395,-1.8520190234226668,0.3631210777912644,1
3984,Alberto Lora,27.79594506213211,0.9810333551340745,77.50163505559189,50.16350555918901,26.22629169391759,79.0058862001308,15.304120340091561,58.33878351863964,3.894654381292587,-1.061931157240673,1.496588368506712,1
3987,Ó. Trejo,74.82014388489209,59.254414650098106,71.68083714846306,61.60889470241988,79.92151733158927,29.888816219751472,99.86919555264879,1.1772400261608895,-2.8099045898131862,-2.9231826646772356,0.3455896932004008,5
3988,David Barral,70.11118378024854,95.02943100065401,10.79136690647482,44.7351209941138,50.03270111183781,11.576193590582081,74.55853499018966,8.763897972531067,-4.669011796152499,3.181103089867555,-1.4918770912483306,1
4000,NA,1.5696533682145193,25.768476128188354,26.94571615434925,71.68083714846306,1.0464355788096795,97.2531066056246,4.4473512099411385,9.025506867233487,5.267043542223111,3.4178099717733734,-0.5437367688373528,2
4003,Miguel Torres,12.23021582733813,1.5696533682145193,29.300196206671025,38.71811641595814,5.493786788750818,81.42576847612818,13.66906474820144,41.92282537606278,4.243613910081901,1.895220168401198,1.7280583668110618,4
4007,Diego Castro,60.693263570961406,68.99934597776326,73.83911052975802,64.22498364944408,67.29888816219751,40.091563113145845,90.12426422498365,30.80444735120994,-1.0853966511815394,-1.7512795249937865,-0.6307497390410152,1
4009,M. Lacen,19.88227599738391,22.759973839110533,70.56899934597777,87.57357750163506,24.13342053629823,64.61739699149771,70.30739045127534,27.599738391105298,3.4006358846624973,-0.7904231184460822,-0.507003408674113,3
4012,Juan Rodríguez,15.238718116415958,43.754087638979726,42.77305428384565,72.00784826684107,11.772400261608896,80.2485284499673,24.656638325703074,16.481360366252453,3.913158409436455,1.4910830086832951,-0.4864325544604457,2
4013,Rubén Pérez,12.884238064094177,16.350555918901243,86.65794637017659,59.12361020274689,25.11445389143231,85.34990189666448,66.57946370176586,6.605624591236102,4.424912688980772,-1.713037269418717,0.5765552696442667,6
4014,Pedro León,86.06932635709614,74.03531720078482,48.92086330935252,3.008502289077829,81.22956180510137,24.264224983649445,77.95945062132112,87.05035971223022,-4.071986048299623,-1.320991286646799,1.1283627475465086,7
4015,Pablo Sarabia,95.81425768476129,79.92151733158927,83.84565075212556,30.346631785480703,81.42576847612818,30.215827338129497,52.648790058862005,25.637671680837148,-3.7746962925295544,-3.0787799402805724,-0.16029728196714563,5
4017,Miku,90.38587311968607,96.46827992151734,10.856769130150425,46.17396991497711,44.015696533682146,11.249182472204055,39.829954218443426,37.27926749509483,-5.300482412332932,2.866013990447958,-1.948836458407083,1
4034,Fidel,75.86657946370177,57.42315238718116,81.42576847612818,29.16939175931982,86.65794637017659,22.040549378678875,26.618705035971225,55.330281229561805,-2.141607895279678,-2.8983134287228847,0.6455859846381771,4
4048,Sergi Enrich,82.53760627861347,86.59254414650098,9.417920209287116,35.31720078482669,17.789404839764554,13.27665140614781,95.87965990843689,52.125572269457166,-4.998680105076498,4.227726904851264,-1.2704356742391096,6
4065,J. Murillo,8.502289077828646,20.34009156311315,39.30673642903859,96.92609548724657,10.26814911706998,91.36690647482014,17.331589274035316,34.72858077174624,5.259509978443176,2.1181462519137773,-1.4237420006874233,4
4078,D. Ferreiro,85.08829300196207,57.75016350555919,74.68933943754088,8.829300196206672,90.25506867233486,28.188358404185742,80.77174623937215,41.07259646827992,-3.4894407000043244,-2.9684307551972138,1.832717633967828,2
4086,Eneko Bóveda,23.479398299542183,5.493786788750818,55.39568345323741,44.800523217789404,30.54283845650752,81.3603662524526,49.117069980379334,93.19816873773709,3.3747322861539626,0.36613878068703987,1.5433199435353997,4
4093,Añibarro,0.06540222367560497,12.753433616742967,20.40549378678875,66.57946370176586,1.896664486592544,98.03793328973185,14.19228253760628,67.69130150425114,5.582606486065451,3.762168550048934,0.24736629686428535,1
4094,Ander Capa,48.593852190974495,20.01308044473512,75.14715500327011,10.13734466971877,82.14519293655984,57.8155657292348,71.81164159581425,34.2053629823414,1.0034465256297649,-1.8680013048329585,2.6412300148816583,7
4102,Mikel Arruabarrena,62.91693917593199,83.38783518639634,15.761935905820797,49.05166775670373,24.19882275997384,18.508829300196204,14.32308698495749,48.33224329627207,-3.0839973030450074,2.621688086831571,-2.1451231072610444,1
4110,NA,25.310660562459127,4.120340091563113,84.95748855461086,43.23086984957489,41.465009810333555,79.65990843688685,59.516023544800525,29.23479398299542,4.081923948953812,-1.3002879606801203,1.728288215973478,1
4113,Xabier Etxeita,10.725964682799214,26.880313930673644,29.823413996075864,63.113145846958794,2.354480052321779,96.01046435578809,1.3734466971877044,55.2648790058862,4.83891134698948,2.9382009313137027,-0.2528950419725201,6
4116,NA,5.0359712230215825,22.629169391759323,43.29627207325049,91.62851536952257,2.6160889470241986,92.08633093525181,8.56769130150425,42.642249836494436,5.25131582966469,1.9322505209025855,-1.1564243099343932,1
4127,J. Feliu,62.720732504905165,64.81360366252453,20.732504905166778,14.715500327011119,74.42773054283846,26.160889470241987,52.125572269457166,34.46697187704382,-3.282495758207995,0.2599716032204596,1.1965785018981774,2
4131,Ángel Rodríguez,84.89208633093526,96.33747547416613,6.867233485938522,6.409417920209287,54.28384565075213,9.156311314584697,58.07717462393721,15.696533682145192,-5.919024715852813,3.529465774235163,-0.3588854789534475,6
4180,David Lombán,1.3734466971877044,34.99018966644866,23.217789404839763,76.38979725310661,0.3270111183780248,92.74035317200784,1.896664486592544,73.77370830608241,5.263905227201526,3.7582789038346056,-0.7557997877290858,4
4232,Alcalá,5.820797907128843,33.02812295618051,31.131458469587965,64.74820143884892,3.727926749509483,96.07586657946369,3.4009156311314586,22.629169391759323,4.921329501951074,3.0136343981982883,-0.30011840017383706,3
4234,Lillo Castellano,15.827338129496402,4.970568999345978,55.91890124264225,43.3616742969261,24.002616088947022,70.76520601700457,33.485938521909745,12.09941137998692,3.699704470913086,0.7468429947143733,1.409644273777834,3
4238,Michel Macedo,48.13603662524526,24.19882275997384,66.77567037279267,64.02877697841727,36.10202746893395,59.516023544800525,24.13342053629823,74.03531720078482,1.397668027585528,-0.90112038058632,0.19002745803197735,3
4239,Ángel Trujillo,1.1118378024852846,23.28319162851537,9.352517985611511,44.146500981033356,0.5232177894048398,78.02485284499673,0.2616088947024199,86.33093525179856,3.734281567478867,4.90983462609487,0.6762332435044509,2
4242,Corona,44.08109875735775,44.538914323086985,86.06932635709614,62.78613472858077,39.24133420536298,48.724656638325705,21.58273381294964,86.59254414650098,1.8809775734230376,-1.614154380792219,-0.9590877592966032,1
4243,Verza,38.91432308698496,47.80902550686723,90.58207979071288,79.65990843688685,21.71353826030085,63.04774362328319,10.595160235448004,18.639633747547414,2.635729140170243,-1.961934384675537,-1.0320591729188011,2
4248,Alberto Martín,20.27468933943754,21.58273381294964,37.410071942446045,80.2485284499673,13.1458469587966,86.13472858077175,30.346631785480703,6.736429038587312,3.496737468047972,0.9873726919767492,0.0725999152348898,1
4249,Soriano,54.0222367560497,75.73577501635056,18.508829300196204,53.23741007194245,20.40549378678875,35.84041857423153,55.65729234793984,12.164813603662525,-1.2099277423205417,2.709579270616213,-1.4427357214195025,1
4252,Aaron Níguez,63.89797253106606,69.32635709614127,55.461085676913015,48.855461085676914,75.93198168737737,37.86788750817528,72.98888162197514,37.933289731850884,-1.9213693245353456,-1.2717860304696875,0.00965677669657032,1
4256,Aleix Vidal,65.00981033355134,38.52190974493133,80.51013734466972,42.51144538914323,65.53302812295618,43.03466317854807,46.82799215173316,44.34270765206017,-0.5555165313091036,-2.761664664406662,0.9195347055334916,9
4257,J. Zongo,82.8646173969915,78.74427730542838,45.32374100719424,31.85088293001962,76.91301504251145,23.348593852190973,73.51209941137998,68.99934597776326,-3.735209269998388,-0.7025901970880055,-0.49312981959088087,1
4268,Juan Rafael Fuentes,18.835840418574232,7.652060170045781,21.451929365598428,39.699149771092216,4.970568999345978,61.41268803139307,4.120340091563113,32.701111837802486,2.7034972800739085,2.319116843915629,1.2224542533505782,3
4272,Ximo Navarro,18.181818181818183,16.677567037279267,26.74950948332243,36.625245258338786,45.97776324395029,84.107259646828,34.2053629823414,54.480052321778935,2.8764696621821315,1.1840089349983378,2.1844434393783807,6
4278,Borja García,61.54349247874428,59.64682799215173,79.98691955526488,77.04381948986266,68.34532374100719,30.80444735120994,55.853499018966644,99.34597776324395,-2.0090721272984444,-2.6136446376296587,-1.4774109466252758,5
4285,Fede Vico,61.93590582079791,60.431654676258994,57.619359058207976,34.33616742969261,78.61347285807717,37.148463047743626,76.38979725310661,94.50621321124918,-2.0941888179861783,-1.6980421212274823,0.6436279706990811,3
4288,S. Dubarbier,28.84238064094179,2.943100065402224,58.79659908436887,7.1942446043165464,60.039241334205364,66.71026814911707,45.71615434924787,3.5971223021582732,2.532220581872326,-0.5067694548198409,3.6039986711588847,1
4303,David López,21.124918247220407,37.21386527141923,71.87704381948986,90.58207979071288,19.62066710268149,82.47220405493788,13.472858077174624,89.60104643557881,4.74601521495019,0.6852053660095876,-1.5926998013615346,8
4325,Jorge Pulido,22.563767168083714,36.55984303466318,52.19097449313277,69.98037933289731,14.06147809025507,93.26357096141268,13.27665140614781,49.77109221713538,4.037477985604732,1.1224953138966067,-0.3069184149491709,2
4326,Tito,26.22629169391759,3.2047089601046435,50.49051667756703,33.485938521909745,21.909744931327666,65.729234793983,31.785480706344018,66.97187704381949,2.9750904739870436,0.3201651615558419,1.8912947455602829,5
4329,Alejandro Arribas,4.578155657292348,33.68214519293656,22.302158273381295,64.87900588620013,8.240680183126226,99.34597776324395,29.496402877697843,38.58731196860693,4.783506075255736,3.181816535178856,0.0786455672021658,3
4332,Javi Fuego,12.295618051013735,11.05297580117724,54.28384565075213,82.79921517331589,8.56769130150425,79.98691955526488,59.84303466317855,11.118378024852845,4.372922771153859,0.2929950569108829,-0.02014355497195134,4
4336,T. Gayoso Roberto,59.516023544800525,54.15304120340092,99.9345977763244,96.01046435578809,45.58534990189666,50.098103335513414,30.477436232831916,60.23544800523217,2.2679024886840753,-5.792349573182668,-3.391465565763774,2
4337,Lass Bangoura,93.91759319816873,68.80313930673643,54.15304120340092,14.519293655984303,98.16873773708306,10.660562459123609,89.27403531720078,46.82799215173316,-5.417110242117647,-2.5804931922223147,0.927425930228652,2
4338,Diego Costa,86.7233485938522,90.38587311968607,10.595160235448004,29.758011772400263,51.798561151079134,3.3355134074558537,85.87311968606932,16.15434924787443,-5.65896310455119,3.056240497543598,-1.082244198336042,3
4342,Piti,73.83911052975802,71.09221713538261,72.2040549378679,11.772400261608896,70.89601046435578,25.245258338783515,65.33682145192937,19.424460431654676,-2.9222389912995954,-1.8984707199202049,0.27875229560222337,2
4344,Alberto Perea,64.15958142576848,63.440156965336826,53.36821451929366,36.36363636363637,96.40287769784173,33.15892740353172,93.39437540876389,93.26357096141268,-3.267727768269818,-2.65233428364156,1.2547342620124946,2
4355,David García,18.116415958142575,36.95225637671681,81.03335513407455,86.33093525179856,12.426422498364945,85.02289077828647,16.02354480052322,81.42576847612818,5.097518363051616,0.4425261519302272,-1.713422554754532,3
4358,Víctor Laguardia,14.846304774362329,29.561805101373444,38.84892086330935,60.5624591236102,1.3734466971877044,93.65598430346633,1.3080444735120993,69.8495748855461,4.951491402248512,2.7151641118266783,-0.34031471058369234,6
4360,Juanpe,17.854807063440155,33.224329627207325,60.95487246566383,82.07979071288423,10.333551340745585,82.73381294964028,15.761935905820797,64.35578809679528,5.291899923463578,1.613345729716393,-1.2074480658119835,5
4361,Javi Castellano,22.432962720732505,14.846304774362329,78.09025506867233,96.40287769784173,18.639633747547414,71.026814911707,25.964682799215172,78.8750817527796,4.150653124669874,-0.6744571627071697,-1.6182986684730545,1
4362,Momo,76.38979725310661,59.45062132112492,92.93655984303466,78.48266841072596,73.90451275343362,31.131458469587965,42.053629823414,90.58207979071288,-1.300498676540791,-3.7703442748727407,-1.6956657282093766,3
4363,Vicente Gómez,43.10006540222368,55.330281229561805,62.45912361020275,96.27207325049052,33.02812295618051,45.258338783518646,48.463047743623285,83.38783518639634,1.2899486718067985,-0.1750356906566111,-2.2081723928661523,3
4365,Roque Mesa,40.745585349901894,51.275343361674295,85.61151079136691,83.58404185742316,71.81164159581425,43.55788096795291,46.1085676913015,5.362982341399607,0.7084464322466706,-2.8120109348702416,-0.6279825102853737,6
4366,Hernán Santana,31.393067364290385,49.9672988881622,73.51209941137998,94.31000654022237,28.973185088293,60.693263570961406,46.43557880967953,33.093525179856115,3.009209763672453,-0.4733156958859669,-1.5262642894291545,1
4371,Dani Castellano,28.776978417266186,5.166775670372792,55.984303466317854,74.75474166121649,72.85807717462393,61.67429692609549,69.8495748855461,87.90058862001308,2.3217765313269334,-0.8422082177485916,1.2889296614788477,3
4375,Vitolo,89.66644865925441,67.42969260954872,55.59189012426422,58.20797907128843,97.77632439502943,27.403531720078483,93.5251798561151,46.043165467625904,-3.8611727567613623,-2.6144851243190885,-0.00394279103468035,6
4379,Jonathan Viera,90.97449313276651,80.57553956834532,98.56115107913669,85.5461085676913,93.85219097449313,9.810333551340745,74.03531720078482,95.81425768476129,-3.967028566216663,-5.889736821384155,-3.255722921845097,4
4424,Jonny Otto,35.70961412688031,15.631131458469588,78.8750817527796,81.29496402877699,57.29234793982996,72.72727272727273,68.34532374100719,43.81948986265533,2.7428673684512854,-1.684530397435118,0.5825348950534645,5
4425,Víctor Díaz,29.300196206671025,27.53433616742969,70.76520601700457,15.761935905820797,19.293655984303467,74.82014388489209,14.06147809025507,71.61543492478745,3.254652345280743,0.00122303513260151,1.8477451154797464,4
4440,Borja Valle,93.19816873773709,94.31000654022237,20.07848266841073,47.15500327011119,72.13865271419229,11.8378024852845,62.066710268149116,41.53041203400916,-5.377332971984479,0.9941430609744192,-1.5987601407908878,1
4452,Yuri Berchiche,42.642249836494436,35.12099411379987,83.45323741007195,57.75016350555919,70.50359712230215,72.79267495094834,81.22956180510137,63.1785480706344,2.142200925978984,-2.0439383648628153,1.0775031057287674,11
4487,Sergio Marcos,39.89535644211904,20.07848266841073,98.75735775016351,94.04839764551994,40.222367560497055,72.85807717462393,16.939175931981687,88.1621975147155,4.167809811638547,-3.812999060395226,-2.084506032939991,1
4488,Saúl Ñíguez,50.03270111183781,67.75670372792675,58.60039241334205,63.37475474166122,45.91236102027469,64.02877697841727,84.2380640941792,7.455853499018966,1.0327635974415834,-0.04585657713674749,-0.03940078066213992,10
4492,Iván Sánchez,72.5310660562459,56.703727926749515,70.89601046435578,35.18639633747547,97.97253106605625,36.429038587311965,97.3839110529758,79.85611510791367,-2.958008978377224,-3.39728823525149,1.2341996088852514,2
4498,Lucas Vázquez,94.50621321124918,62.13211249182472,94.17920209287117,71.35382603008502,78.41726618705036,40.02616088947024,56.6383257030739,65.14061478090255,-1.9110585090479335,-4.259587498627419,-0.1704142807690655,11
4501,Dani Carvajal,69.5225637671681,27.79594506213211,96.46827992151734,83.06082406801832,62.32831916285154,68.14911706998038,51.73315892740354,17.200784826684107,1.5601676183068924,-3.9054359267325394,-0.21199380420694977,11
4507,Álex Fernández,44.408109875735775,57.68476128188358,50.81752779594506,65.46762589928058,36.75604970568999,42.70765206017005,22.23675604970569,98.6919555264879,0.5778493666761216,-0.3267692875900443,-0.31715753239110084,4
4509,Omar Mascarell,10.79136690647482,9.025506867233487,45.38914323086985,78.67887508175278,23.80640941792021,76.52060170045782,28.71157619359058,38.65271419228254,3.713094915465614,0.4437665019743531,0.03584408951864382,6
4511,Pedro Mosquera,22.3675604970569,23.086984957488554,86.46173969914977,79.59450621321125,19.88227599738391,73.7083060824068,53.04120340091563,20.40549378678875,3.993644042972784,-1.2236395811036096,-0.3127323685472352,5
4513,D. Cheryshev,91.43230869849575,75.0163505559189,51.47155003270111,2.943100065402224,78.15565729234794,31.196860693263574,71.87704381948986,14.388489208633093,-3.385167133008735,-1.208675441932236,1.6370342336971695,7
4515,Óscar Plano,54.15304120340092,65.729234793983,19.555264879005886,34.72858077174624,54.480052321778935,42.57684761281884,54.54545454545454,53.23741007194245,-1.507704231112188,0.9375756090446384,0.9146543653807676,4
4580,J. Babin,3.989535644211903,35.77501635055592,22.563767168083714,86.7233485938522,2.419882275997384,88.75081752779595,0.3924133420536298,97.3185088293002,4.912875993669233,3.5264729998089317,-1.3981752287883382,3
4590,A. González Casanova,48.79005886200131,58.20797907128843,81.3603662524526,75.53956834532374,15.631131458469588,49.378678875081754,8.175277959450622,78.61347285807717,1.6137001233232535,-0.9461661235343723,-1.6795510169873262,2
4592,Paco Montañés,67.42969260954872,70.50359712230215,26.48790058862001,18.247220405493785,83.51863963374755,31.393067364290385,73.77370830608241,53.36821451929366,-3.0139563600256345,-0.13514567429767857,0.9544006683017404,1
4593,NA,25.964682799215172,25.376062786134728,61.41268803139307,62.98234139960759,13.93067364290386,83.51863963374755,14.977109221713539,19.35905820797907,3.78212209350952,0.12589303485844158,-0.0686449566849415,1
4597,Saúl Berjón,90.58207979071288,75.99738391105298,75.86657946370177,3.727926749509483,80.2485284499673,9.941137998691955,68.541530412034,77.10922171353826,-4.904475056822062,-2.658440470978175,0.5686385572071295,2
4602,Oriol Riera,66.77567037279267,90.58207979071288,11.314584695879661,28.58077174623937,22.040549378678875,7.063440156965337,60.5624591236102,25.506867233485934,-3.937368642224328,4.267045893091341,-1.375131241140028,3
4683,A. Szymanowski,83.84565075212556,81.88358404185743,22.10595160235448,19.7514715500327,62.91693917593199,25.179856115107913,6.409417920209287,89.404839764552,-4.329877230441741,0.2908852161678421,-0.08556295276503555,2
4720,Xisco Campos,11.314584695879661,16.02354480052322,56.703727926749515,66.31785480706344,9.679529103989536,93.13276651406149,19.162851536952257,48.855461085676914,4.803292356983351,1.3514428782342145,0.14018331091098582,1
4757,Luso,33.81294964028777,48.855461085676914,85.87311968606932,90.38587311968607,31.131458469587965,81.81818181818183,71.74623937213866,44.669718770438195,3.706714674595896,-0.7715607615052955,-1.1140665203944229,1
4778,Coro,67.95291039895358,77.37083060824068,26.81491170699804,48.986265533028124,60.693263570961406,30.608240680183123,40.614780902550685,37.148463047743626,-2.904520620238236,0.5885124078678916,-0.8043129415390905,1
4780,David Juncà,41.59581425768476,4.839764551994768,90.97449313276651,25.376062786134728,54.21844342707652,65.8600392413342,51.929365598430344,39.76455199476782,2.4467077851559687,-2.492157583404496,1.6188064919049026,4
4786,I. Balliu,38.78351863963375,8.240680183126226,61.34728580771747,29.300196206671025,55.39568345323741,48.39764551994768,15.369522563767168,59.385219097449315,0.9763458699035338,-0.7901066673831763,1.450875660740217,4
4789,Carles Planas,32.76651406147809,0.8502289077828646,94.24460431654677,59.516023544800525,28.31916285153695,77.89404839764552,35.97122302158273,63.70176586003924,4.419227946159119,-2.457806280909665,1.2587654125566188,2
4790,Carlos Carmona,73.57750163505558,67.29888816219751,67.0372792674951,26.095487246566385,68.14911706998038,37.54087638979725,93.19816873773709,10.79136690647482,-1.7278375327830402,-1.3723801557823547,0.9626214926673284,2
4791,J. González,74.42773054283846,66.05624591236102,86.52714192282538,69.65336821451929,79.13669064748201,36.36363636363637,42.44604316546763,34.40156965336821,-1.8028002640196608,-3.120230479458421,-1.1276829322929067,1
4805,Anaitz Arbilla,18.247220405493785,27.403531720078483,91.17069980379333,55.72269457161544,47.939829954218446,96.72988881621976,37.60627861347286,59.254414650098106,4.766030167070424,-0.9556072013787608,0.16855107142552275,7
4821,Michel Herrero,41.203400915631136,36.886854153041206,92.80575539568345,72.5310660562459,31.523871811641595,53.10660562459124,30.935251798561154,30.085022890778284,2.5655300600906625,-2.6413166367711765,-0.209619611817581,3
4879,Carles Gil,77.17462393721387,62.45912361020275,71.74623937213866,57.68476128188358,84.56507521255723,27.468933943754088,39.37213865271419,60.82406801831263,-2.8778615354219466,-2.9843779080938537,-0.26993331528168096,2
4880,Rober Ibáñez,77.10922171353826,76.71680837148463,16.415958142576848,42.642249836494436,84.63047743623284,18.574231523871813,82.07979071288423,60.36625245258339,-4.518800776652672,0.4779186209777458,0.11023862650190458,3
4889,Tano Bonnín,5.755395683453238,0.1962066710268149,41.53041203400916,32.43950294310007,19.35905820797907,89.01242642249836,57.226945716154354,22.956180510137344,4.482808093463311,1.134967634174583,2.4969162242012515,1
4892,José Gayá,53.172007848266844,24.9836494440811,80.64094179202093,40.222367560497055,61.216481360366245,56.83453237410072,30.673642903858735,66.38325703073905,0.9803337055475444,-1.8892131664648877,1.395307822191844,12
4902,Ángel Montoro,43.03466317854807,51.60235448005233,88.68541530412034,68.73773708306082,17.724002616088946,47.351209941138,7.390451275343361,12.622629169391757,1.7644162847517817,-1.5072697868647136,-0.9154445235884946,5
4908,Alberto Moreno,56.6383257030739,47.67822105951603,71.94244604316546,66.12164813603663,67.1680837148463,51.73315892740354,22.49836494440811,25.179856115107913,0.41716874310174545,-1.9080698282467263,0.7571286757207484,4
4911,Jozabed,54.74166121648136,65.00981033355134,88.2275997383911,83.45323741007195,23.741007194244602,42.18443427076521,9.417920209287116,95.29103989535645,0.5290547605895419,-1.7230051015965262,-2.6445217146516646,5
4918,Deivid,4.054937867887508,23.021582733812952,31.000654022236755,92.41334205362982,3.4009156311314586,94.37540876389797,30.869849574885542,82.8646173969915,5.1588227111151825,2.205937383830818,-0.9283103066033828,1
4923,Salvi Sánchez,60.4970568999346,59.31981687377371,19.293655984303467,0.45781556572923476,77.37083060824068,31.32766514061478,33.81294964028777,76.58600392413342,-2.920526073450183,0.407956514456104,2.504019784946545,3
4936,David Simón,48.201438848920866,25.833878351863966,74.9509483322433,62.45912361020275,46.23937213865271,57.42315238718116,61.34728580771747,27.79594506213211,1.809635275077372,-1.1566851654177537,1.0538031798618122,3
4969,Tana,72.2040549378679,63.04774362328319,81.94898626553304,84.3034663178548,72.92347939829953,23.741007194244602,20.863309352517987,96.66448659254414,-2.269191857322661,-3.0503383495593552,-1.6750126472352982,3
4997,Antoñito,48.07063440156965,22.3675604970569,65.8600392413342,18.116415958142575,70.17658600392413,50.42511445389143,27.730542838456508,55.65729234793984,0.42701524267056046,-1.422660054648197,1.8670617041930757,2
5055,José Mari,19.032047089601043,48.986265533028124,39.76455199476782,52.38718116415958,24.918247220405494,68.86854153041203,66.51406147809026,10.5297580117724,2.6440892538546117,0.6352046084017241,0.6121214429135581,4
5112,Lucas Torró,22.10595160235448,49.18247220405494,23.741007194244602,59.254414650098106,12.49182472204055,75.47416612164814,88.42380640941792,6.409417920209287,2.462073230607404,2.1795015664653214,0.27800387433875723,6
5121,Jorge Morcillo,5.101373446697187,10.92217135382603,65.46762589928058,81.75277959450621,7.521255722694571,98.6919555264879,12.884238064094177,42.51144538914323,5.62203127803218,0.85975407566264,-0.2853583107686974,1
5138,Wellington Silva,75.0163505559189,54.610856769130145,46.043165467625904,5.689993459777633,96.46827992151734,33.747547416612164,90.71288423806409,75.47416612164814,-3.719976650011997,-2.583680100681494,2.01838319829676,1
5147,A. Lozano,67.88750817527796,87.18116415958143,3.4009156311314586,5.428384565075213,75.73577501635056,1.5042511445389144,95.22563767168084,1.7004578155657293,-5.78582075708041,4.274687407812828,0.9338832168418792,6
5167,M. Díaz,89.73185088293002,99.08436886854153,5.5591890124264225,32.30869849574886,53.172007848266844,0.3270111183780248,62.13211249182472,60.039241334205364,-6.417575123011164,4.08733398508775,-2.219234621051457,2
5171,Víctor Rodríguez,66.25245258338784,66.71026814911707,49.77109221713538,71.28842380640941,80.44473512099411,34.46697187704382,28.38456507521256,98.56115107913669,-2.4837264796584715,-1.6821272822812698,-0.8152518646642847,4
5195,Omar Ramos,63.83257030739045,55.65729234793984,47.67822105951603,24.002616088947022,87.18116415958143,29.300196206671025,81.3603662524526,59.189012426422494,-2.812295649647008,-1.5389637598491046,1.4667694093663777,2
5268,Sergio León,63.113145846958794,93.13276651406149,1.4388489208633095,3.2047089601046435,48.724656638325705,1.0464355788096795,21.386527141922826,88.55461085676913,-5.888602603300868,4.710932408963163,-0.32202542813671176,6
5280,Mainz,2.2236756049705693,49.70568999345978,15.892740353172009,82.27599738391105,0.3924133420536298,79.26749509483322,8.894702419882277,83.71484630477435,4.535494155946416,4.404811113770214,-1.208299801431031,1
5281,A. Nyom,39.5029431000654,22.694571615434924,35.70961412688031,15.369522563767168,52.648790058862005,48.463047743623285,61.8051013734467,5.820797907128843,0.49248660381588383,0.3725939019701408,2.408985874852485,5
5284,Siqueira,36.75604970568999,13.53826030085023,45.91236102027469,52.32177894048397,63.570961412688035,53.36821451929366,32.43950294310007,53.76062786134729,1.497294252528743,-0.49186063463334784,1.9372431403658967,3
5286,A. Moreno,46.043165467625904,55.00327011118378,93.91759319816873,93.59058207979072,34.33616742969261,55.00327011118378,10.00654022236756,86.13472858077175,2.344734948140439,-2.3335379812401467,-2.5957076580323477,1
5289,Fran Rico,39.76455199476782,54.87246566383257,90.05886200130804,74.10071942446042,16.808371484630477,64.22498364944408,41.92282537606278,8.829300196206672,2.5049369357864806,-1.4355230195746709,-1.1198556334800864,3
5290,Mikel Rico,45.58534990189666,59.12361020274689,63.04774362328319,53.172007848266844,37.27926749509483,48.92086330935252,32.701111837802486,80.05232177894048,0.5043781688788678,-0.765179280036164,-0.4493646345405155,5
5291,Jaime Romero,90.8436886854153,71.28842380640941,41.007194244604314,11.249182472204055,92.41334205362982,14.19228253760628,94.44081098757357,85.87311968606932,-4.872467463640254,-1.483961933116433,1.1442640584086494,1
5297,I. Uche,83.91105297580118,93.78678875081754,22.432962720732505,51.798561151079134,59.12361020274689,14.715500327011119,34.79398299542184,82.53760627861347,-4.436653297204574,1.2806931025784836,-2.599681897360896,1
5318,Isma López,41.07259646827992,32.63570961412688,58.33878351863964,16.939175931981687,68.21451929365598,54.54545454545454,27.07652060170046,72.07325049051668,1.494156793214953,-0.8058141349305744,2.234279516240742,2
5327,Miguel Cifuentes,32.17789404839764,16.939175931981687,45.45454545454545,24.395029431000655,57.8155657292348,62.589928057553955,35.18639633747547,41.988227599738394,1.8060195400437864,-0.28729618025633447,2.430286507004072,1
5383,Toño García,49.57488554610857,6.344015696533682,76.78221059516024,22.49836494440811,82.27599738391105,47.80902550686723,32.30869849574886,68.47612818835842,0.8530996056483022,-2.024192184785944,2.080012555799597,6
5400,Gerard Moreno,94.24460431654677,97.58011772400262,39.4375408763898,22.825376062786134,67.49509483322433,11.772400261608896,80.3793328973185,84.89208633093526,-4.7849461991217765,0.5782207524733655,-1.826232041110408,11
5472,Luis Hernández,12.622629169391757,6.0824068018312625,51.798561151079134,76.78221059516024,6.213211249182472,87.44277305428385,1.1772400261608895,83.97645519947679,4.9190726137334435,1.6697857230976647,-0.47568438529698975,6
5481,Miguel Guerrero,67.23348593852191,85.28449967298887,5.951602354480053,43.884892086330936,37.671680837148465,7.7174623937213855,38.45650752125572,25.833878351863966,-4.881081622824301,3.9071849733793647,-1.1353601386002927,4
5538,Nacho Martínez,43.4270765206017,11.445389143230871,92.217135382603,14.126880313930673,40.941792020928716,64.09417920209287,20.732504905166778,65.00981033355134,2.4615425315771984,-2.5911723031455747,2.358814582251006,5
5542,Dani García,12.034009156311315,20.470896010464358,68.93394375408764,70.83060824068018,11.70699803793329,94.96402877697841,37.148463047743626,7.586657946370176,4.010814873768837,-0.46624028589715,-0.5375365232195155,10
5653,M. Mantovani,4.643557880967953,46.697187704381946,11.510791366906476,73.11968606932636,3.5971223021582732,98.82275997383911,42.903858731196856,27.53433616742969,4.075706466648179,4.6525418550734745,0.06342769758352698,3
5677,Bruno González,3.0739045127534337,12.622629169391757,14.846304774362329,48.79005886200131,4.316546762589928,80.11772400261609,21.124918247220407,39.5029431000654,4.501173079247503,4.005079681301417,0.9368310208577494,6
5725,R. Azeez,40.15696533682146,66.12164813603663,14.06147809025507,55.59189012426422,31.720078482668413,43.16546762589928,23.217789404839763,32.831916285153696,-0.5116009860935827,2.1903191404996716,-0.00623846213779599,1
5791,J. Añor,65.20601700457816,76.2589928057554,50.752125572269456,57.29234793982996,81.621975147155,27.27272727272727,80.83714846304775,56.83453237410072,-3.2302530174412607,-1.8099517699539895,-0.4120706586525801,4
5875,Álex Gallar,84.82668410725964,82.01438848920863,64.4211903204709,43.623283191628516,89.92805755395683,21.19032047089601,67.62589928057554,89.79725310660562,-3.884044725932245,-2.0424167326684275,-0.7978616419722254,1
5901,Edu Campabadal,29.823413996075864,2.5506867233485937,66.97187704381949,47.939829954218446,42.77305428384565,74.9509483322433,52.97580117724002,13.472858077174624,3.3732936169339416,-0.8170584220123398,1.9163948602896743,1
5902,Brian Oliván,46.37017658600392,24.72204054937868,62.13211249182472,6.213211249182472,41.92282537606278,46.37017658600392,6.605624591236102,50.55591890124265,1.104465024076123,-0.5240110187679705,2.4717172081362033,3
5907,Sergi Samper,37.933289731850884,25.441465009810333,89.20863309352518,80.31393067364291,37.60627861347286,61.02027468933944,27.20732504905167,15.500327011118378,2.856817999415171,-1.8797795611624737,-0.9923548724743366,1
5910,Álex Moreno,60.17004578155657,40.091563113145845,65.729234793983,28.253760627861347,91.82472204054937,56.5729234793983,68.86854153041203,84.49967298888163,0.09348913906388762,-1.9202736464420929,2.3420948218684017,6
5911,Sandro Ramírez,86.26553302812296,87.31196860693264,16.08894702419882,30.54283845650752,75.53956834532374,14.650098103335512,65.8600392413342,66.64486592544147,-5.118265363579119,0.6206272893527883,-0.3336794823952128,8
6035,Rubén Alcaraz,30.019620667102682,60.5624591236102,73.7083060824068,72.85807717462393,44.99672988881622,70.24198822759973,84.89208633093526,1.7658600392413342,2.3219296482850384,-1.165347011547044,0.05734530393589263,6
6106,Antonio Puertas,64.02877697841727,75.47416612164814,15.173315892740352,13.1458469587966,75.67037279267495,24.32962720732505,86.52714192282538,43.55788096795291,-3.641384825597837,1.5761255205797418,1.228079468544163,4
6165,F. Andone,79.46370176586004,97.3185088293002,0.6540222367560496,1.7004578155657293,57.55395683453237,1.7004578155657293,54.74166121648136,2.943100065402224,-6.658192611002229,5.643615483280893,0.2132763495587253,3
6210,Aday,62.00130804447351,59.516023544800525,78.67887508175278,17.920209287115764,94.76782210595161,39.24133420536298,70.89601046435578,16.612164813603663,-1.5266930177017264,-2.513427976001029,1.663902941317278,2
6281,Joseba Zaldúa,35.77501635055592,5.689993459777633,61.28188358404185,29.496402877697843,59.516023544800525,65.14061478090255,66.77567037279267,17.854807063440155,1.785886851010292,-0.8704463902584013,2.596088727209013,10
6286,Jon Errasti,16.02354480052322,15.761935905820797,35.31720078482669,62.52452583387835,14.519293655984303,80.90255068672334,55.2648790058862,37.99869195552649,3.588434157838188,1.3042287690284988,0.5097652054060012,1
6287,Pablo Hervías,73.6429038587312,54.480052321778935,78.54807063440157,28.188358404185742,98.29954218443427,36.95225637671681,81.5565729234794,94.6370176586004,-2.635999392689981,-3.8402143924658936,1.6196731628702916,2
6292,K. Kodro,62.32831916285154,91.30150425114454,6.409417920209287,48.07063440156965,40.353172007848265,12.164813603662525,34.009156311314584,59.777632439502945,-4.094368558672186,4.290895340619642,-1.3746308143513686,2
6317,Unai García,5.5591890124264225,12.557226945716154,24.9836494440811,49.117069980379334,15.500327011118378,91.56311314584697,9.941137998691955,59.058207979071284,4.259671716653784,2.5372997642284365,0.928234145004019,6
6325,Gonzalo Verdú,11.249182472204055,20.994113799869197,46.82799215173316,85.28449967298887,9.810333551340745,87.90058862001308,23.741007194244602,28.12295618051014,5.005379249397003,2.007087937178109,-1.2340167661203858,3
6338,David García,12.818835840418574,39.24133420536298,43.16546762589928,61.739699149771084,6.278613472858077,97.58011772400262,34.33616742969261,34.53237410071942,5.310820607655809,2.514965793797684,-0.41702338550076185,6
6365,Unai Bustinza,25.572269457161546,11.249182472204055,53.76062786134729,31.262262916939175,15.761935905820797,88.29300196206671,38.58731196860693,12.295618051013735,3.937191724040847,0.9051295573732838,1.8209105270463437,4
6369,Iñigo Eguaras,35.44800523217789,50.752125572269456,81.621975147155,85.80771746239371,25.049051667756707,53.04120340091563,11.8378024852845,47.15500327011119,2.7328840659143485,-0.9874822527251916,-1.7650293474177718,1
6370,Eraso,61.67429692609549,67.0372792674951,18.705035971223023,44.21190320470896,27.599738391105298,29.496402877697843,16.612164813603663,56.11510791366906,-2.402626283995087,1.2104471367686076,-0.2508165103622475,4
6386,Jon Ander Garrido,18.508829300196204,39.568345323741006,13.27665140614781,42.70765206017005,7.848266841072596,67.29888816219751,47.743623283191624,45.062132112491824,2.297257939253579,3.1628707205033804,1.4300519206778457,1
6456,Dani Rodríguez,61.08567691301504,62.98234139960759,28.9077828646174,39.76455199476782,77.43623283191629,33.355134074558535,88.2275997383911,13.93067364290386,-2.5107585543986515,-0.37921868303312983,1.2187911891675467,5
6513,Raúl Carnero,31.06605624591236,9.61412688031393,54.41465009810334,8.763897972531067,48.463047743623285,60.95487246566383,38.52190974493133,78.54807063440157,2.4223845349081157,-0.4501033980671363,3.356035613379422,5
6525,Edgar Méndez,57.48855461085677,68.08371484630477,13.66906474820144,0.1962066710268149,74.10071942446042,34.270765206017,95.09483322432962,2.5506867233485937,-3.3961797631114035,1.7199546911609966,2.818413461242994,6
6528,Javi Moyano,22.23675604970569,7.782864617396991,45.58534990189666,26.74950948332243,23.217789404839763,58.73119686069327,6.0824068018312625,92.15173315892741,2.913956381206333,0.7509831134524727,1.46228591125004,2
6531,Fausto Tienza,23.152387181164162,29.038587311968605,32.37410071942446,34.53237410071942,29.561805101373444,75.14715500327011,47.220405493786785,1.6350555918901242,2.771633223842265,0.8904266919705243,1.879573750100612,1
6572,Iza Carcelén,27.992151733158927,8.69849574885546,35.25179856115108,21.19032047089601,45.84695879659908,77.30542838456508,38.1294964028777,96.07586657946369,2.0041993979515893,-0.04397834019227628,2.6888110120992232,4
6579,Antonio Raíllo,20.20928711576194,46.63178548070634,25.11445389143231,89.27403531720078,12.949640287769784,97.18770438194899,20.07848266841073,45.32374100719424,4.061733850958626,3.034959579846381,-0.8776381048734234,6
6684,Jony,89.99345977763244,67.49509483322433,68.08371484630477,0.5232177894048398,96.86069326357097,11.379986919555266,61.87050359712231,95.48724656638325,-5.031243875902219,-3.0748272568599764,1.7661943222117154,4
6914,Álex Alegría,68.60693263570961,89.79725310660562,2.943100065402224,27.141922825376064,31.785480706344018,4.316546762589928,96.79529103989536,23.741007194244602,-5.2120396444726085,5.069857955505926,-0.7256885389771365,2
6925,H. Hernández,51.86396337475474,29.496402877697843,71.026814911707,34.46697187704382,83.84565075212556,49.44408109875736,42.31523871811642,77.30542838456508,-0.11179319203323967,-2.4670147426001945,1.6890740818959509,1
6950,Pablo Ínsua,3.4009156311314586,11.96860693263571,17.593198168737736,69.58796599084368,3.8587311968606928,83.12622629169391,22.629169391759323,9.941137998691955,4.418203021459861,3.513948341424829,0.4222386023795717,4
7069,Javi Lara,58.33878351863964,45.062132112491824,96.79529103989536,58.142576847612816,72.98888162197514,44.669718770438195,57.8809679529104,95.55264879005885,0.8416423101024674,-4.467564857493436,-0.5317149600495745,1
7072,Quini,26.68410725964683,19.94767822105952,32.63570961412688,7.586657946370176,48.986265533028124,83.19162851536952,73.11968606932636,14.519293655984303,2.3382426012840964,0.33139779390825175,3.944515167343964,5
7302,Raúl Albentosa,14.388489208633093,29.627207325049053,40.091563113145845,65.27141922825376,1.5696533682145193,83.64944408109875,24.06801831262263,36.69064748201439,5.241009031984407,2.9300621629496946,-0.5921073795285535,3
7458,Sergi Guardiola,68.80313930673643,84.0418574231524,10.202746893394375,5.0359712230215825,59.058207979071284,5.624591236102027,97.77632439502943,42.38064094179202,-5.359598129896767,2.7800832255848253,0.26362722998728455,7
7585,Manu García,27.926749509483322,56.376716808371484,23.086984957488554,43.10006540222368,15.304120340091561,65.46762589928058,94.04839764551994,3.2701111837802483,1.868479155850938,1.9829578420997784,1.2577333043572014,5
7593,Quique González,73.44669718770437,84.56507521255723,10.13734466971877,27.79594506213211,53.82603008502289,10.725964682799214,86.20013080444735,52.32177894048397,-4.972005051939757,2.9822108253456556,-0.5476875608216365,1
7612,Jorge Miramón,40.353172007848265,12.034009156311315,78.48266841072596,32.24329627207325,67.1026814911707,62.720732504905165,38.26030085022891,88.68541530412034,1.9794723050179672,-1.649929977890193,2.051767066628345,4
7623,Léo Baptistão,74.8855461085677,87.37737083060824,13.93067364290386,4.120340091563113,74.62393721386528,20.01308044473512,66.97187704381949,64.29038587311967,-4.59923296421715,1.7060477018684828,0.3651458234365638,7
7624,Rober Correa,32.50490516677567,4.316546762589928,65.99084368868542,29.038587311968605,53.49901896664486,73.90451275343362,64.61739699149771,39.568345323741006,2.64267566919152,-1.0582231673593003,2.084203324239695,3
7629,Jaime Mata,82.66841072596468,87.96599084368869,11.05297580117724,4.251144538914323,33.15892740353172,8.109875735775017,88.55461085676913,0.13080444735120994,-5.218897094928692,3.568826986742619,0.30313677419271445,7
7693,Pere Milla,58.992805755395686,81.94898626553304,16.546762589928058,12.884238064094177,50.94833224329627,27.141922825376064,88.88162197514716,49.57488554610857,-2.9971723614125136,1.8472052897006384,0.34525415618673855,5
7818,Carlos Akapo,22.825376062786134,17.527795945062135,25.572269457161546,25.441465009810333,63.37475474166122,80.64094179202093,68.73773708306082,61.54349247874428,2.450531820342975,0.7950573885092499,2.759884621974528,3
7857,Ignasi Miquel,14.650098103335512,26.618705035971225,43.3616742969261,59.84303466317855,13.27665140614781,77.50163505559189,18.378024852844995,55.00327011118378,4.504606771745996,2.0724184022598897,-0.02256345849043771,2
7860,T. Vermaelen,14.780902550686722,37.73708306082407,60.4970568999346,99.60758665794637,3.4663178548070634,87.63897972531066,2.746893394375409,54.87246566383257,5.18601745144456,1.2208507338221355,-2.914914463450646,3
7864,F. Coquelin,31.000654022236755,30.412034009156315,54.610856769130145,90.9090909090909,38.32570307390451,69.98037933289731,66.44865925441465,16.546762589928058,2.5329698712086053,-0.3256088767853496,-0.8781530395164487,7
7899,Oriol Romeu,27.33812949640288,40.8109875735775,76.12818835840417,92.08633093525181,29.692609548724658,66.25245258338784,22.890778286461742,11.510791366906476,2.8020351524578344,-0.8363377556073945,-1.2184246624225572,3
7908,Fernando Torres,85.74231523871812,97.64551994767821,4.512753433616743,6.147809025506867,63.04774362328319,0.9810333551340745,83.19162851536952,56.6383257030739,-6.043189872231191,4.244740138297571,-0.6217973238195875,4
7926,Nani,95.48724656638325,88.1621975147155,57.8155657292348,33.68214519293656,88.0967952910399,19.424460431654676,85.15369522563768,46.1085676913015,-5.238390896608264,-1.7913431785746294,-0.8861088288003578,1
7941,Chicharito,95.68345323741008,98.29954218443427,14.780902550686722,42.77305428384565,51.99476782210595,6.278613472858077,29.103989535644214,87.50817527795945,-5.8409945190560375,2.003697509700157,-2.4439368226552216,2
7972,L. Suárez,99.47678221059516,99.86919555264879,29.496402877697843,30.215827338129497,52.779594506213215,9.090909090909092,18.051013734466974,78.22105951602354,-6.804841036590448,0.6140884231291466,-3.42489654109816,8
8032,Marcos Alonso,36.167429692609545,46.43557880967953,96.66448659254414,95.48724656638325,60.36625245258339,75.40876389797253,45.38914323086985,61.67429692609549,4.2898850990208315,-2.1509399090825156,-2.1562220415009703,3
8200,S. Nzonzi,38.84892086330935,52.256376716808376,94.702419882276,98.56115107913669,33.55134074558535,59.908436886854155,53.43361674296926,80.90255068672334,3.4455971972578756,-1.701902659953152,-3.522905810263317,3
8213,Rubén Rochina,57.68476128188358,73.96991497710921,92.02092871157619,30.2812295618051,76.52060170045782,34.92478744277305,98.56115107913669,17.1353826030085,-1.154420123969232,-3.225488053719634,0.2074549330414709,6
8278,G. Bale,98.95356442119032,98.95356442119032,71.15761935905822,42.96926095487247,90.97449313276651,13.799869195552649,57.8155657292348,88.81621975147155,-5.186773026924832,-1.2344922784999393,-2.38174349357728,6
8287,L. Modrić,77.89404839764552,58.79659908436887,99.28057553956835,96.20667102681492,79.46370176586004,42.38064094179202,47.54741661216481,77.95945062132112,0.2686731555514711,-5.757324575726768,-3.2371270521252007,11
8297,G. dos Santos,96.99149771092218,86.46173969914977,22.171353826030085,28.64617396991498,77.17462393721387,3.1393067364290386,51.60235448005233,34.85938521909745,-5.909837236722434,0.02765008526406447,-0.8514204394278512,1
8309,K. Rekik,26.422498364944406,30.215827338129497,64.81360366252453,97.71092217135383,26.160889470241987,66.97187704381949,10.987573577501635,48.005232177894044,3.4931532177709337,0.4284218409047268,-1.8786027675131076,3
8311,S. Savić,5.689993459777633,5.820797907128843,46.76258992805755,83.64944408109875,7.063440156965337,86.20013080444735,7.1288423806409416,59.516023544800525,5.455487706177164,1.986295485340892,-0.9867975336251676,9
8317,David Silva,92.02092871157619,67.88750817527796,92.15173315892741,85.61151079136691,80.3793328973185,39.76455199476782,66.18705035971223,56.24591236102028,-1.8504934305486072,-3.7604140756189586,-2.4227418190615744,3
8320,S. Nasri,89.33943754087639,71.22302158273382,99.01896664486593,97.3185088293002,85.5461085676913,24.85284499672989,23.479398299542183,54.67625899280576,-1.9822484473922537,-5.64502103855725,-3.669365884448795,1
8323,Denis Suárez,81.88358404185743,55.59189012426422,88.1621975147155,61.15107913669065,87.37737083060824,31.916285153695224,63.50555918901243,85.34990189666448,-1.8116566506551357,-3.735542960674781,-0.5042201471167687,10
8609,A. Alcáraz,2.8122956180510137,14.911706998037932,46.958796599084366,71.22302158273382,8.69849574885546,91.95552648790058,13.996075866579464,36.03662524525834,5.310685090941336,1.955600143277596,-0.17391156559713192,1
8945,K. Trippier,50.68672334859385,1.7004578155657293,96.92609548724657,51.07913669064749,41.53041203400916,59.97383911052976,27.926749509483322,94.96402877697841,2.4714302979912404,-3.5975964317743783,0.3735126478760625,3
11063,Suso,89.79725310660562,64.61739699149771,93.39437540876389,57.48855461085677,93.00196206671026,20.07848266841073,63.70176586003924,86.7233485938522,-3.508864934097004,-4.739631246752662,-0.9857460988396446,5
14687,S. Papastathopoulos,6.017004578155658,26.2916939175932,31.393067364290385,89.79725310660562,5.428384565075213,89.92805755395683,11.118378024852845,26.095487246566385,4.764024227159954,2.6126754424497283,-1.0027162931818645,1
14723,T. Kroos,65.27141922825376,56.76913015042512,99.86919555264879,99.67298888162198,52.45258338783518,49.9672988881622,44.21190320470896,93.91759319816873,2.37097154760074,-6.220958914987725,-4.1486834411995615,10
14724,D. Alaba,39.04512753433617,47.220405493786785,87.18116415958143,96.86069326357097,38.39110529758012,70.56899934597777,1.1118378024852846,97.71092217135383,3.2544047858847778,-0.9682996284519532,-3.0013153770586625,3
14740,A. Boka,42.51144538914323,28.31916285153695,85.34990189666448,41.85742315238718,61.8051013734467,56.376716808371484,30.2812295618051,62.91693917593199,1.4529897139113823,-2.1708380798237896,0.8558570919862112,2
14748,A. Rüdiger,19.097449313276652,43.16546762589928,75.47416612164814,98.23413996075867,24.85284499672989,71.35382603008502,8.240680183126226,93.4597776324395,4.422277324413082,0.5691446729623167,-2.8873009816061863,4
14757,Z. Kuzmanović,46.76258992805755,42.053629823414,97.71092217135383,98.49574885546109,42.18443427076521,62.52452583387835,18.181818181818183,53.49901896664486,3.3335136939791505,-3.284319746646923,-2.7926318520256395,1
14763,S. Okazaki,55.06867233485938,85.21909744931328,0.2616088947024199,17.658600392413344,18.116415958142575,12.688031393067364,48.201438848920866,69.98037933289731,-4.250713627871754,6.134899764907483,-0.1819913849190379,1
14808,İ. Gündoğan,83.32243296272073,74.49313276651407,97.18770438194899,96.1412688031393,74.03531720078482,36.49444081098757,12.034009156311315,95.87965990843689,-1.024484540639331,-4.23444845417945,-3.8951465132606087,1
14817,R. Lewandowski,97.64551994767821,99.80379332897319,9.090909090909092,26.22629169391759,45.12753433616743,10.202746893394375,36.10202746893395,89.99345977763244,-6.385547333263677,3.3351687218842487,-2.559098892450066,4
14836,T. Inui,72.59646827992152,74.68933943754088,22.956180510137344,38.52190974493133,80.18312622629169,33.68214519293656,56.703727926749515,89.4702419882276,-3.9520570038324703,-0.432542244432343,0.14777143115730093,6
14852,Sergio Escudero,46.1085676913015,48.724656638325705,81.29496402877699,47.28580771746239,55.134074558535,69.19555264879006,71.026814911707,32.04708960104644,1.7684687525410496,-1.7719220715615909,1.3951431301958854,9
14866,José Manuel Jurado,58.79659908436887,61.216481360366245,68.80313930673643,62.066710268149116,77.30542838456508,27.86134728580772,2.092871157619359,99.73839110529758,-1.7442101956374454,-2.281487855600767,-1.2354293144198305,2
14893,H. Westermann,4.905166775670373,36.625245258338786,22.040549378678875,60.30085022890779,7.782864617396991,95.87965990843689,25.310660562459127,50.35971223021583,4.906395332589556,3.34506792044318,0.33799287302017694,1
14922,R. Rodríguez,30.608240680183123,19.62066710268149,68.86854153041203,64.81360366252453,44.08109875735775,61.93590582079791,38.84892086330935,92.217135382603,2.744001253142112,-0.6490140087024284,0.41407968124906086,2
14943,M. Mandžukić,89.60104643557881,95.87965990843689,13.472858077174624,37.60627861347286,48.593852190974495,12.622629169391757,56.5729234793983,26.160889470241987,-5.240358763519393,2.792176319252008,-2.373470850568028,1
15101,P. Ebert,68.93394375408764,71.15761935905822,75.40876389797253,58.07717462393721,64.68279921517332,36.625245258338786,23.152387181164162,55.39568345323741,-1.472897964919491,-1.692479147932176,-1.229018626784683,1
15111,A. Ramos,76.52060170045782,89.60104643557881,11.18378024852845,45.97776324395029,63.440156965336826,9.221713538260301,72.72727272727273,41.66121648136036,-4.8378030771634,2.8012403695331285,-1.3710534842000202,1
15190,NA,69.45716154349248,70.56899934597777,55.78809679529104,36.29823413996076,67.23348593852191,32.962720732504906,26.22629169391759,74.8855461085677,-2.2243554942377166,-1.147593915951974,-0.4643183182340314,1
15214,A. Rukavina,22.040549378678875,2.354480052321779,44.146500981033356,54.54545454545454,17.593198168737736,65.66383257030739,0.5886200130804448,36.8214519293656,3.0561726083284886,0.5761938059436578,1.2617812047103218,3
15455,J. Geis,17.658600392413344,9.352517985611511,84.89208633093526,86.8541530412034,10.464355788096794,91.89012426422498,10.660562459123609,66.71026814911707,5.479483088878308,-0.5892711726684022,-0.3708519417576424,1
15817,R. Babel,63.37475474166122,84.107259646828,17.854807063440155,43.55788096795291,63.76716808371484,28.71157619359058,82.01438848920863,18.574231523871813,-3.064407027482641,1.7847468352065972,-0.6059025286747354,1
20393,D. Bonera,4.708960104643558,3.2701111837802483,52.125572269457166,93.5251798561151,2.8122956180510137,95.48724656638325,5.428384565075213,38.06409417920209,5.840240760393517,1.7554458848563432,-1.396084674563302,3
20401,NA,40.8109875735775,44.931327665140614,98.03793328973185,94.57161543492478,28.58077174623937,61.739699149771084,12.557226945716154,54.54545454545454,3.598540810314091,-2.953620932460875,-2.6686554056838263,1
20402,K. Boateng,92.47874427730542,94.89862655330282,36.8214519293656,50.49051667756703,41.726618705035975,16.612164813603663,76.71680837148463,5.493786788750818,-4.5059578558481155,0.8276084358919904,-2.3747347586415732,1
20406,M. Flamini,15.434924787442771,21.71353826030085,15.500327011118378,32.11249182472204,5.886200130804448,64.74820143884892,31.523871811641595,2.289077828646174,2.5274478244862504,2.8847501645378952,1.1044085357232452,2
20423,Alexandre Pato,91.89012426422498,94.17920209287117,16.02354480052322,20.863309352517987,78.67887508175278,0.8502289077828646,75.27795945062132,80.44473512099411,-6.66100344804228,0.7931945541539943,-1.0991110530864183,1
20433,S. Kjær,6.409417920209287,38.84892086330935,33.093525179856115,89.73185088293002,0.13080444735120994,98.36494440810988,9.025506867233487,73.18508829300197,5.4246999873123665,3.1237536582539143,-1.3750966995371492,2
20436,Cote,43.3616742969261,20.92871157619359,97.77632439502943,19.424460431654676,71.09221713538261,76.2589928057554,58.011772400261606,86.8541530412034,2.6328091941365894,-3.742459146601085,1.6126742656370137,6
20441,E. Lamela,92.87115761935905,83.25703073904512,36.429038587311965,50.882930019620666,87.57357750163506,33.878351863963374,98.43034663178548,1.896664486592544,-4.245261923710006,-1.1089561004813928,-0.09336896250283194,3
20443,M. Pjanić,60.88947024198823,63.63636363636363,99.80379332897319,99.9345977763244,59.385219097449315,54.67625899280576,21.517331589274036,91.03989535644213,2.5777128456722416,-5.922482658458973,-5.252272629984165,1
20450,Bojan Krkić,75.21255722694572,75.34336167429693,33.81294964028777,45.258338783518646,71.87704381948986,28.515369522563766,55.461085676913015,89.33943754087639,-3.2159634765923526,-0.38794240807473945,-1.0091511220097855,1
20460,M. Cáceres,21.58273381294964,2.877697841726619,85.15369522563768,80.44473512099411,28.12295618051014,82.53760627861347,13.342053629823415,47.743623283191624,4.642485458591552,-0.9331627523757244,-0.4085313695052124,1
20475,A. Vidal,75.47416612164814,70.37279267495094,94.37540876389797,97.84172661870504,21.58273381294964,51.99476782210595,72.33485938521909,10.00654022236756,0.8638314870010949,-2.61741456393813,-2.836940383547472,2
20536,G. Pazzini,66.97187704381949,90.05886200130804,4.774362328319163,14.650098103335512,34.07455853499019,12.884238064094177,44.800523217789404,36.95225637671681,-4.695491897142884,4.085760028597992,-0.6366079630993713,1
20547,Javier Garrido,16.15434924787443,2.6814911706998035,76.97841726618705,88.2275997383911,6.147809025506867,71.87704381948986,3.5317200784826683,79.0058862001308,5.035701711019849,0.07677880511342769,-0.6050784612582386,1
20612,S. Mustafi,8.240680183126226,41.988227599738394,45.519947678221065,84.56507521255723,9.548724656638326,99.54218443427077,37.86788750817528,42.903858731196856,5.71729747065708,2.4076605982723516,-0.7950361766243117,3
20618,N. Krstičić,36.69064748201439,45.519947678221065,38.97972531066056,47.220405493786785,42.903858731196856,53.302812295618054,72.00784826684107,11.641595814257686,1.258623855178951,0.28857364748450015,0.7639966493940904,1
20623,R. Soriano,69.26095487246566,74.42773054283846,47.939829954218446,57.946370176586,70.56899934597777,29.365598430346633,55.984303466317854,9.483322432962721,-2.5927052753466353,-0.8332836252879849,-0.6080725837703562,2
20636,M. Andreolli,13.080444735120993,49.05166775670373,22.825376062786134,84.76128188358403,3.2701111837802483,80.05232177894048,6.736429038587312,54.15304120340092,4.094754079612843,3.166775652862508,-1.4566699179827571,1
20643,B. Jokić,22.302158273381295,0.2616088947024199,86.13472858077175,54.34924787442773,33.42053629823414,89.66644865925441,47.482014388489205,35.70961412688031,4.926198204270778,-1.3086030705288207,1.629877861929811,1
20672,J.Crespo Rincón,3.2701111837802483,9.417920209287116,36.49444081098757,71.026814911707,3.3355134074558537,92.80575539568345,10.725964682799214,28.973185088293,5.358011395575678,2.3558922428178564,0.29238442330829056,2
20685,R. Krhin,9.941137998691955,24.787442773054284,21.255722694571617,79.0058862001308,29.758011772400263,70.89601046435578,49.64028776978417,65.99084368868542,3.388142417157013,2.059081046132895,-0.12983379292630293,3
20722,F. Rossi,25.506867233485934,8.633093525179856,90.32047089601046,81.49117069980379,20.07848266841073,73.25049051667757,53.564421190320466,25.376062786134728,4.346861579334685,-1.491798667598295,-0.4653632655918554,1
20728,Jonathas,84.2380640941792,94.57161543492478,6.017004578155658,22.694571615434924,47.28580771746239,0.9156311314584695,72.07325049051668,4.578155657292348,-6.058872032765296,4.231282549344484,-0.93293846638278,2
20733,F. Piovaccari,67.0372792674951,91.43230869849575,1.831262262916939,4.970568999345978,42.70765206017005,2.746893394375409,34.07455853499019,19.7514715500327,-5.627467329263615,5.095386887277357,-0.08544337545862728,1
20764,L. Muriel,95.22563767168084,96.99149771092218,13.799869195552649,41.988227599738394,84.0418574231524,7.390451275343361,59.58142576847612,62.13211249182472,-6.352637722728725,1.3388811697526155,-1.6787301379276425,1
20766,H. Seferović,65.8600392413342,81.3603662524526,11.70699803793329,9.61412688031393,50.42511445389143,15.761935905820797,55.06867233485938,66.25245258338784,-3.944386620201369,2.765148866187366,-0.07670094268954875,1
20803,M. Aguirregaray,44.538914323086985,19.7514715500327,87.96599084368869,51.73315892740354,69.7187704381949,62.78613472858077,54.610856769130145,51.406147809025505,1.5649586689484285,-2.6732689782065986,0.9657290926787802,1
20808,E. Muñoz,2.943100065402224,14.126880313930673,17.462393721386526,56.11510791366906,4.185742315238718,89.73185088293002,26.68410725964683,56.5729234793983,4.539690796779225,3.813058813490757,0.6424459377458674,1
20823,F. Vázquez,83.12622629169391,79.52910398953564,73.96991497710921,52.45258338783518,71.74623937213866,28.64617396991498,97.05689993459778,5.755395683453238,-2.7445845022371964,-1.8541243322851888,-0.8385277259914887,4
20884,J. Larrivey,76.65140614780903,95.55264879005885,6.278613472858077,60.82406801831263,16.02354480052322,16.742969260954872,12.688031393067364,73.7083060824068,-3.681678640786748,4.836968662379012,-2.8557908979679074,1
20932,M. Nastasić,3.727926749509483,22.432962720732505,27.86134728580772,67.36429038587312,2.158273381294964,95.42184434270766,8.371484630477436,51.14453891432309,4.649575456852826,2.761802783141312,-0.2553074466535857,3
20936,J. Vargas,37.410071942446045,37.34466971877044,48.39764551994768,32.570307390451276,43.95029431000654,51.14453891432309,34.46697187704382,37.80248528449967,1.8063007303652323,0.31416590564018465,1.542236508821746,1
20948,S. Jovetić,98.16873773708306,99.14977109221714,34.07455853499019,47.482014388489205,68.541530412034,1.1118378024852846,48.13603662524526,63.963374754741665,-6.283562654135565,0.17000382951777518,-3.238572350749227,1
21077,A. Gómez,77.6324395029431,71.35382603008502,86.919555264879,84.82668410725964,94.31000654022237,31.720078482668413,63.440156965336826,77.5670372792675,-2.4671171688108724,-3.455805410462063,-1.6573062000074692,3
21174,E. Cavani,72.33485938521909,92.41334205362982,7.979071288423806,33.616742969260955,17.004578155657292,17.854807063440155,23.086984957488554,45.71615434924787,-3.896913228289845,4.27012996952742,-1.606076286772104,1
21550,Gabriel Silva,24.525833878351865,2.289077828646174,37.80248528449967,32.701111837802486,46.43557880967953,75.27795945062132,56.83453237410072,50.62132112491825,2.8281119526435745,0.4370561780472914,2.393527969733533,1
21793,C. Piccini,41.39960758665794,30.54283845650752,63.37475474166122,44.86592544146501,81.94898626553304,59.71223021582733,75.60497056899933,47.67822105951603,1.0476024783376727,-1.395195616238466,1.694783443552215,3
21842,C. Biraghi,21.97514715500327,3.924133420536298,52.5833878351864,14.388489208633093,32.30869849574886,61.15107913669065,5.951602354480053,41.007194244604314,2.902573025423097,0.23051037802699312,2.4417985232675044,1
21894,Keko Gontán,83.19162851536952,63.243950294310004,55.72269457161544,5.5591890124264225,89.33943754087639,37.73708306082407,96.86069326357097,27.20732504905167,-3.54870203068854,-2.4982598126146156,2.689122088825035,4
22202,S. Zaza,84.49967298888163,98.43034663178548,3.3355134074558537,31.000654022236755,39.960758665794636,9.352517985611511,46.50098103335513,6.671026814911707,-5.555956940292683,4.911479269990001,-1.1820583205917627,2
22386,S. Longo,67.1680837148463,84.36886854153042,2.5506867233485937,6.671026814911707,44.800523217789404,13.66906474820144,93.98299542184434,7.913669064748201,-4.8507789190435036,4.795717194149538,0.7079779986121254,1
22566,A. Florenzi,51.07913669064749,25.572269457161546,93.06736429038587,53.69522563767168,60.62786134728581,60.4970568999346,9.679529103989536,78.02485284499673,2.402657500217994,-2.761413829143551,0.5159900758960945,1
22578,N. Sansone,87.37737083060824,90.45127534336167,14.4538914323087,39.04512753433617,64.94440810987574,3.0739045127534337,14.126880313930673,73.96991497710921,-5.550319083451294,1.3602506022998606,-1.3949346348632956,2
25391,T. Kolodziejczak,13.93067364290386,20.66710268149117,54.480052321778935,88.75081752779595,12.164813603662525,75.0163505559189,3.5971223021582732,90.32047089601046,4.767065338305787,1.5926673897113046,-1.3910147304846685,2
25392,Bakary Koné,3.8587311968606928,18.508829300196204,47.482014388489205,78.9404839764552,4.381948986265534,90.18966644865925,6.474820143884892,49.90189666448659,5.184482677998365,1.975275192754476,-1.0558496260430497,1
25397,S. Umtiti,10.202746893394375,11.8378024852845,83.64944408109875,99.80379332897319,24.06801831262263,90.38587311968607,25.572269457161546,57.8809679529104,5.907993077326575,-0.2788036826881169,-3.0951158501108686,5
25405,M. Gonalons,22.890778286461742,17.724002616088946,37.47547416612165,80.64094179202093,36.49444081098757,81.49117069980379,91.03989535644213,6.801831262262917,2.9372861021091605,0.36071266918338807,0.3656432868347017,4
25407,C. Grenier,53.49901896664486,39.699149771092216,78.22105951602354,44.34270765206017,54.74166121648136,45.519947678221065,31.85088293001962,8.894702419882277,0.3905984547249839,-1.9938826439636892,0.708156762036055,1
25440,J. Pastore,88.68541530412034,68.93394375408764,94.96402877697841,61.08567691301504,82.40680183126227,25.637671680837148,43.16546762589928,57.16154349247874,-2.382688174433873,-4.167179301056512,-1.4042507496893537,1
25441,M. Sissoko,41.92282537606278,35.70961412688031,64.35578809679528,59.71223021582733,55.2648790058862,58.20797907128843,79.85611510791367,30.673642903858735,1.5360648463627793,-0.9223515972218868,0.3956128864314563,1
25445,K. Gameiro,97.3185088293002,94.702419882276,9.156311314584697,27.86134728580772,58.142576847612816,4.251144538914323,2.158273381294964,99.9345977763244,-6.213829642314699,2.311207145503132,-1.251929768077915,7
25452,S. Corchia,39.568345323741006,18.181818181818183,61.216481360366245,42.18443427076521,54.610856769130145,61.60889470241988,68.08371484630477,10.333551340745585,1.8921914731182363,-0.910660941699099,2.1072997218085443,1
25461,R. Boudebouz,87.96599084368869,64.74820143884892,92.34793982995421,62.26291693917593,90.45127534336167,22.956180510137344,57.55395683453237,82.93001962066711,-2.922349052604244,-4.221212257359475,-0.9445858045510026,2
25470,S. Prcić,20.863309352517987,6.867233485938522,89.33943754087639,79.98691955526488,30.2812295618051,96.27207325049052,61.739699149771084,23.021582733812952,4.884171464888683,-1.6748888391708998,0.0277539673637936,1
25472,C. Bakambu,82.40680183126227,96.66448659254414,6.213211249182472,25.310660562459127,56.180510137344676,5.166775670372792,43.10006540222368,4.643557880967953,-5.430680595352189,3.763144414906922,-0.9159033038741032,4
25477,S. Gürler,85.21909744931328,67.69130150425114,31.916285153695224,11.641595814257686,87.24656638325703,26.422498364944406,64.4865925441465,52.51798561151079,-3.845610004466337,-0.8738092224298513,1.3826237907356056,1
25537,G. Krychowiak,20.14388489208633,48.201438848920866,56.83453237410072,93.00196206671026,20.01308044473512,97.05689993459778,75.21255722694572,12.36102027468934,4.502198787379954,0.7510204591472699,-0.8882386124796925,2
25553,César Azpilicueta,33.093525179856115,5.428384565075213,86.7887508175278,87.11576193590582,43.4270765206017,72.07325049051668,28.188358404185742,30.346631785480703,3.4858626058467665,-1.3588048084949431,-0.4970954449172937,3
25568,S. M'Bia,27.86134728580772,51.47155003270111,34.92478744277305,76.45519947678221,14.977109221713539,74.42773054283846,34.53237410071942,5.951602354480053,2.953617319847365,1.6017168064817275,-0.4658824909215501,1
25577,L. Rémy,82.34139960758667,97.3839110529758,15.304120340091561,46.23937213865271,69.26095487246566,4.578155657292348,47.80902550686723,42.57684761281884,-5.219418890896949,1.845542846488382,-2.2807436601472593,1
25586,Mariano,56.24591236102028,10.13734466971877,91.43230869849575,43.16546762589928,63.113145846958794,61.216481360366245,27.27272727272727,50.68672334859385,1.3260628312771352,-3.392603249944577,1.513205467679806,2
25590,NA,49.117069980379334,31.000654022236755,74.16612164813604,38.58731196860693,51.275343361674295,49.05166775670373,3.2701111837802483,85.21909744931328,1.0081257013903686,-1.1237980341304157,0.5394075725188987,2
25623,G. Kondogbia,29.16939175931982,48.92086330935252,74.75474166121649,89.404839764552,49.90189666448659,78.80967952910399,92.87115761935905,6.867233485938522,2.957941019576545,-1.12224029069625,-0.7845267482947922,6
25638,D. Foulquier,32.701111837802486,12.426422498364945,33.94375408763898,14.06147809025507,65.07521255722695,51.66775670372793,28.31916285153695,46.43557880967953,0.9361482833017166,0.09470025577803844,2.44190134741194,11
25701,L. Digne,53.82603008502289,5.886200130804448,96.07586657946369,89.33943754087639,60.431654676258994,79.20209287115762,68.67233485938522,49.50948332243296,3.1187822797913514,-3.613933057098298,-0.3161570901299066,2
25707,E. Hazard,99.28057553956835,78.80967952910399,82.8646173969915,81.03335513407455,99.21517331589274,8.633093525179856,85.93852190974494,95.61805101373446,-6.042531255322885,-4.500611037084609,-2.3216939875033296,3
25784,A. Abdennour,2.6160889470241986,17.658600392413344,26.03008502289078,90.12426422498365,7.325049051667756,98.10333551340746,22.563767168083714,50.81752779594506,5.398523366696837,2.943589866324226,-0.3349800114246341,2
25785,S. Aurier,48.39764551994768,39.37213865271419,87.50817527795945,79.92151733158927,51.66775670372793,66.90647482014388,35.644211903204706,35.644211903204706,2.377238358116669,-1.5939058380363431,-0.610138371112847,1
25795,W. Ben Yedder,99.14977109221714,98.6265533028123,13.53826030085023,33.28973185088293,55.06867233485938,1.831262262916939,9.548724656638326,97.77632439502943,-6.742899520278552,1.9221118409816211,-2.4530554804995064,3
25798,E. Capoue,32.30869849574886,51.53695225637671,66.90647482014388,92.67495094833225,62.26291693917593,54.15304120340092,74.62393721386528,15.631131458469588,1.592784232298091,-1.0253245587046904,-1.7148393175229926,4
25809,E. Rivière,64.35578809679528,81.03335513407455,7.1942446043165464,24.525833878351865,51.01373446697187,13.53826030085023,77.50163505559189,38.26030085022891,-4.139519062487991,3.80255913428524,-0.08619817431503318,1
25831,C. Medjani,9.156311314584697,40.02616088947024,41.85742315238718,74.9509483322433,7.7174623937213855,71.61543492478745,11.445389143230871,70.89601046435578,4.525232314273878,2.409305748423895,-1.4330882433239625,2
25867,P. Aubameyang,95.74885546108568,99.28057553956835,8.371484630477436,40.41857423152388,42.96926095487247,4.774362328319163,16.15434924787443,94.31000654022237,-6.245571403588951,3.2479486133425413,-2.7941312157758076,1
25888,F. Fajr,54.21844342707652,55.134074558535,90.51667756703729,60.693263570961406,33.28973185088293,44.34270765206017,12.09941137998692,70.30739045127534,-0.14754719070888325,-2.795015280695275,-0.6886759710739351,4
25942,G. Imbula,55.91890124264225,63.83257030739045,49.378678875081754,84.2380640941792,82.47220405493788,33.616742969260955,50.03270111183781,33.81294964028777,-1.4954065638603684,-1.2142551118952645,-1.303567157335955,1
26032,C. Doukouré,37.99869195552649,66.38325703073905,14.977109221713539,66.18705035971223,16.742969260954872,47.41661216481361,48.26684107259646,6.213211249182472,0.4690884495490392,2.8573354453893116,-0.5022772607256046,1
26038,J. Campbell,87.90058862001308,71.61543492478745,78.02485284499673,17.26618705035971,97.90712884238064,26.2916939175932,98.6919555264879,87.18116415958143,-4.433221366611112,-3.502811269984193,0.8303291484413012,1
26065,J. Martin,52.51798561151079,62.52452583387835,53.10660562459124,69.45716154349248,44.47351209941138,39.960758665794636,19.686069326357096,33.28973185088293,-0.15115361863261245,-0.01319414830298606,-1.4548409068961596,1
26084,L. Carole,40.222367560497055,18.116415958142575,92.08633093525181,70.63440156965338,53.23741007194245,70.50359712230215,42.77305428384565,80.57553956834532,2.7800991308285994,-2.4945297192964553,-0.17740455423571605,1
26167,C. Beauvue,57.42315238718116,86.98495748855461,3.5317200784826683,15.434924787442771,34.99018966644866,3.5317200784826683,24.918247220405494,53.302812295618054,-4.654336324822295,5.1078305843751215,-0.5082202444275806,3
26195,M. Saunier,3.008502289077829,2.485284499672989,28.515369522563766,73.51209941137998,9.483322432962721,95.35644211903205,10.13734466971877,37.60627861347286,5.181238842751865,2.404833175736571,0.12669589623181274,1
26307,A. Mandi,18.443427076520603,31.85088293001962,69.7841726618705,99.14977109221714,8.371484630477436,91.49771092217135,1.4388489208633095,71.87704381948986,5.073739184306395,0.8419309280814194,-2.639202516052429,8
26332,P. Baysse,2.027468933943754,36.29823413996076,24.525833878351865,79.26749509483322,1.2426422498364944,88.42380640941792,11.576193590582081,52.19097449313277,4.984947768801939,3.370601345483356,-0.3369297197512184,1
26384,G. Kakuta,80.3793328973185,72.85807717462393,57.29234793982996,9.090909090909092,89.07782864617397,17.1353826030085,84.49967298888163,97.18770438194899,-4.213045898341052,-1.9005132620942045,0.35599537380918356,3
26515,F. Kadir,77.5670372792675,58.60039241334205,92.60954872465665,55.91890124264225,84.36886854153042,38.97972531066056,84.56507521255723,73.90451275343362,-1.3999600232527507,-4.036839571520277,-0.11121903315318152,1
26518,C. Sánchez,14.58469587965991,12.164813603662525,62.65533028122956,80.05232177894048,18.835840418574232,83.91105297580118,42.18443427076521,24.264224983649445,4.428448380363289,0.2925164003382036,-0.28176472311056505,1
26638,K. Toko-Ekambi,96.46827992151734,98.23413996075867,10.39895356442119,23.54480052321779,84.3034663178548,0.1962066710268149,60.039241334205364,87.70438194898627,-7.014343238847672,2.069775232095992,-1.1845045082747834,2
26652,D. Wass,56.04970568999346,59.058207979071284,84.3034663178548,53.302812295618054,35.12099411379987,44.277305428384565,17.658600392413344,88.0967952910399,0.5197930166879665,-1.6708221927195466,-0.6392919027928344,7
26792,R. Aït-Atmane,39.699149771092216,33.878351863963374,77.89404839764552,63.963374754741665,50.55591890124265,52.779594506213215,60.88947024198823,31.393067364290385,1.6602235205858065,-1.8181208257764423,0.12423797737130908,2
28115,N. Fekir,95.9450621321125,83.97645519947679,64.22498364944408,73.44669718770437,96.33747547416613,10.26814911706998,99.67298888162198,16.677567037279267,-5.588809104744584,-2.9241674124857364,-1.2029884799574893,5
28232,I. Amadou,24.002616088947022,41.726618705035975,24.656638325703074,73.57750163505558,18.574231523871813,63.113145846958794,44.538914323086985,38.1294964028777,2.195413041785194,1.7663716573768982,-0.28117027670794315,2
28292,A. Doucouré,30.2812295618051,38.58731196860693,62.39372138652715,83.71484630477435,32.11249182472204,60.88947024198823,36.625245258338786,29.627207325049053,2.7755990480720043,-0.24450930880393495,-0.5984414949189969,1
28529,Y. Sabaly,38.39110529758012,13.211249182472203,60.693263570961406,68.99934597776326,66.05624591236102,59.31981687377371,27.141922825376064,88.75081752779595,1.6891342409108483,-1.207328781248002,1.0949901992053703,4
28922,T. Lemar,74.49313276651407,62.589928057553955,83.19162851536952,78.8750817527796,85.21909744931328,38.65271419228254,82.34139960758667,90.38587311968607,-1.9742520049447791,-3.228133619653159,-0.9541220341173748,5
29642,G. Peñalba,26.880313930673644,23.741007194244602,88.62001308044474,91.17069980379333,27.926749509483322,84.89208633093526,37.933289731850884,33.224329627207325,4.475719807219513,-1.41786706548966,-1.2403857671564549,1
32577,Sidnei,12.557226945716154,16.15434924787443,41.39960758665794,87.31196860693264,24.787442773054284,95.29103989535645,7.586657946370176,98.29954218443427,4.628786209727198,1.784448303713403,-1.0396242116351555,7
32601,Bebé,82.07979071288423,76.06278613472858,46.23937213865271,1.962066710268149,98.6919555264879,17.200784826684107,83.71484630477435,54.610856769130145,-4.73776054924293,-1.8580936216460315,2.0459464707882544,5
32652,E. Çolak,78.48266841072596,64.4865925441465,93.5251798561151,61.87050359712231,62.45912361020275,17.985611510791365,21.19032047089601,76.52060170045782,-2.2446057226923615,-3.4906178643192143,-1.779517264551138,2
32793,A. N'Diaye,25.179856115107913,50.62132112491825,24.85284499672989,68.67233485938522,38.45650752125572,60.5624591236102,58.46958796599084,58.665794637017655,1.8817229562939213,1.963881466840124,-0.4032238694440757,1
32968,N. Amrabat,93.26357096141268,80.05232177894048,27.992151733158927,1.831262262916939,95.81425768476129,1.3734466971877044,99.54218443427077,2.6814911706998035,-7.429753308516546,-1.1627582581954852,0.9160922252750342,3
32978,O. Yokuşlu,25.049051667756707,38.65271419228254,55.06867233485938,87.24656638325703,49.18247220405494,79.52910398953564,70.24198822759973,10.39895356442119,3.42500268826911,0.2879868313866045,-0.8067359886902538,4
33219,E. Culio,58.27338129496403,43.884892086330936,95.68345323741008,84.107259646828,76.78221059516024,46.304774362328324,89.4702419882276,31.654676258992804,0.6275200734677028,-4.061889644656723,-0.6956512205562752,1
37762,William Carvalho,40.54937867887508,51.99476782210595,95.55264879005885,94.44081098757357,50.22890778286462,40.8109875735775,46.697187704381946,42.31523871811642,2.2102664278071353,-2.6109756948971317,-3.0789159684774323,7
37814,R. Donk,17.331589274035316,20.79790712884238,41.33420536298234,61.216481360366245,19.7514715500327,78.74427730542838,53.302812295618054,30.2812295618051,3.742254601477932,1.4932733652986852,0.32766195483803556,1
37831,C. Bacca,92.28253760627861,97.71092217135383,7.782864617396991,14.977109221713539,49.44408109875736,6.998037933289732,7.521255722694571,77.89404839764552,-5.932690056009955,3.3028538236948086,-1.7883037873251564,6
37836,M. Lestienne,78.15565729234794,67.23348593852191,49.70568999345978,22.432962720732505,80.05232177894048,31.262262916939175,23.28319162851537,84.43427076520602,-2.6459675847446547,-1.2714764472527609,0.38238771198018245,1
38093,M. Batshuayi,89.01242642249836,91.36690647482014,15.631131458469588,44.669718770438195,59.84303466317855,9.025506867233487,79.46370176586004,15.173315892740352,-5.425054960386416,1.7662676889887965,-1.585978335121477,1
38094,I. Ezekiel,86.65794637017659,80.96795291039895,23.675604970569,37.933289731850884,85.15369522563768,18.443427076520603,59.189012426422494,74.36232831916286,-4.694492864787432,0.0664250370855834,-0.5721028024063167,1
38436,C. Santos,52.5833878351864,89.404839764552,6.540222367560497,41.33420536298234,16.939175931981687,21.84434270765206,36.95225637671681,3.4009156311314586,-2.7613512916102945,5.176395863295936,-1.0928895743069051,2
40542,Felipe,14.06147809025507,46.50098103335513,29.692609548724658,77.89404839764552,6.540222367560497,90.58207979071288,22.171353826030085,31.981687377370832,5.040434220765797,3.255640178437818,-0.8597378561080572,3
40550,Paulinho,81.16415958142576,89.07782864617397,73.31589274035318,94.89862655330282,53.564421190320466,37.27926749509483,40.02616088947024,81.81818181818183,-1.4607012236983448,-1.0158161170222122,-3.8968140379068736,1
40574,Dória,3.1393067364290386,28.188358404185742,17.789404839764554,48.463047743623285,3.5317200784826683,79.79071288423808,6.867233485938522,20.92871157619359,4.251237048008469,3.677819090545994,0.6568907798514668,1
40614,Guilherme,28.515369522563766,54.34924787442773,69.26095487246566,89.07782864617397,22.23675604970569,80.83714846304775,58.142576847612816,22.432962720732505,3.110613701786682,-0.4695354214847335,-0.9803474682393888,2
40756,Casemiro,35.12099411379987,61.87050359712231,91.56311314584697,90.05886200130804,31.916285153695224,99.28057553956835,88.29300196206671,5.297580117724002,3.924671373472743,-1.7814675400647035,-1.127107750931416,7
40770,Willian José,78.80967952910399,96.59908436886853,16.15434924787443,40.483976455199475,31.654676258992804,6.213211249182472,31.654676258992804,89.5356442119032,-4.828324365920816,2.70557715030213,-2.6655404656384127,9
40800,Ganso,68.14911706998038,70.89601046435578,94.6370176586004,87.50817527795945,60.88947024198823,39.568345323741006,48.986265533028124,90.71288423806409,-0.5125331672472264,-3.382332796454175,-2.6815704402048937,1
40810,Neymar,100,99.21517331589274,97.58011772400262,69.8495748855461,99.86919555264879,0.2616088947024199,99.80379332897319,81.16415958142576,-8.509078602703607,-6.566794337437423,-3.4520367706134776,3
41029,Douglas,55.65729234793984,31.785480706344018,84.17266187050359,34.2053629823414,86.919555264879,56.6383257030739,98.6265533028123,39.699149771092216,0.24404634901292832,-3.182187624931699,2.5437007194625254,1
41124,Naldo,5.428384565075213,10.464355788096794,27.468933943754088,68.541530412034,2.027468933943754,90.97449313276651,0.5232177894048398,68.14911706998038,5.1721180805703435,3.188267391917662,-0.21472173439892653,4
41339,Alex Telles,40.876389797253104,18.835840418574232,65.20601700457816,40.353172007848265,56.5729234793983,58.142576847612816,54.0222367560497,19.097449313276652,1.5485405847235336,-1.0272524413897617,1.917875128933238,1
41363,Gabriel Paulista,5.951602354480053,25.703073904512753,38.39110529758012,92.34793982995421,6.867233485938522,98.56115107913669,3.924133420536298,91.10529758011772,5.586092809748887,2.466677348047076,-1.4426739575784322,7
42183,Petros,34.2053629823414,20.53629823413996,55.52648790058862,84.43427076520602,45.519947678221065,68.34532374100719,92.80575539568345,9.548724656638326,2.322450252240193,-1.072185326605757,0.49765531303622224,2
43051,Gabriel Pires,55.59189012426422,72.59646827992152,50.882930019620666,25.637671680837148,57.68476128188358,34.2053629823414,97.97253106605625,14.58469587965991,-1.6919232878527972,0.1418925848834818,0.15498901364938414,2
48354,Thiago Galhardo,81.22956180510137,86.06932635709614,8.109875735775017,11.18378024852845,48.855461085676914,15.238718116415958,57.03073904512753,21.517331589274036,-4.582955120650957,3.5504873497897824,0.1399900923247146,1
50102,F. Schär,19.424460431654676,43.49247874427731,42.96926095487247,61.41268803139307,23.610202746893393,96.1412688031393,45.192936559843034,15.107913669064748,4.40314783343708,1.668275805839935,0.3120568679504279,1
50213,K. Yoda,55.52648790058862,29.431000654022238,89.66644865925441,44.60431654676259,91.03989535644213,49.83649444081099,82.93001962066711,61.41268803139307,0.5256084606058051,-3.7365957349373966,1.4335524856819553,1
51004,C. Borges,41.53041203400916,65.7946370176586,65.27141922825376,85.87311968606932,14.32308698495749,55.52648790058862,19.816873773708306,75.40876389797253,1.9642457888847968,0.4187142304389598,-1.954462222875279,4
51217,L. Augustinsson,44.7351209941138,22.956180510137344,82.27599738391105,65.8600392413342,40.28776978417266,67.75670372792675,51.20994113799869,37.410071942446045,2.374051755320019,-1.6600426879069894,0.5297194136969775,1
55224,A. Sørloth,89.4702419882276,97.44931327665141,3.008502289077829,22.040549378678875,68.60693263570961,2.2236756049705693,97.84172661870504,66.90647482014388,-6.325930612019586,4.4310008380271615,-0.7036375309155961,5
55968,M. Braithwaite,74.62393721386528,90.32047089601046,4.316546762589928,22.23675604970569,54.15304120340092,7.913669064748201,61.15107913669065,71.28842380640941,-5.460845069597529,3.826443907312719,-0.7221361863487422,4
55990,T. Delaney,38.52190974493133,55.984303466317854,61.15107913669065,64.4211903204709,27.20732504905167,61.8051013734467,66.12164813603663,52.97580117724002,2.1580251477015233,0.465068065031666,-0.4241110321351095,1
56009,R. Durmisi,56.50752125572269,44.34270765206017,56.96533682145193,36.55984303466318,69.19555264879006,43.4270765206017,0.45781556572923476,92.74035317200784,-0.4893985244189646,-1.3027253937242396,1.041625293249651,2
56025,M. Krohn-Dehli,69.7187704381949,57.09614126880314,94.89862655330282,80.77174623937215,75.34336167429693,39.30673642903859,4.251144538914323,68.60693263570961,-0.5378261884943032,-3.95689354909853,-1.7812840348768535,3
56408,J. Jønsson,20.07848266841073,33.093525179856115,10.987573577501635,35.97122302158273,14.19228253760628,71.68083714846306,44.60431654676259,57.42315238718116,1.749223674972022,2.8451852634713135,1.5417511532327537,2
57347,S. Ingason,0.9810333551340745,19.816873773708306,21.778940483976456,74.42773054283846,2.485284499672989,96.79529103989536,13.211249182472203,24.395029431000655,5.067079985288102,3.4776998262900856,-0.00480539061163119,1
69403,Sammir,86.00392413342054,66.57946370176586,95.35644211903205,76.91301504251145,93.19816873773709,28.84238064094179,86.06932635709614,85.4807063440157,-2.6667794423264346,-4.911814648006826,-1.8551923167365263,1
69404,M. Kovačić,55.853499018966644,49.378678875081754,95.87965990843689,99.01896664486593,88.42380640941792,47.87442773054284,67.1026814911707,81.29496402877699,0.7508688926914496,-4.557194032053647,-2.6301014937625378,3
69409,Š. Vrsaljko,35.97122302158273,3.8587311968606928,59.71223021582733,12.426422498364945,44.34270765206017,58.33878351863964,61.216481360366245,20.79790712884238,2.061065375406888,-0.3756094141705864,2.7772544562543446,4
69513,A. Budimir,72.66187050359713,98.82275997383911,0.45781556572923476,2.354480052321779,29.23479398299542,8.56769130150425,87.18116415958143,39.30673642903859,-5.61247122041617,6.565391884398662,-0.14889575819207235,7
69610,D. Čop,84.3034663178548,92.02092871157619,13.603662524525834,11.576193590582081,35.18639633747547,4.643557880967953,16.742969260954872,72.5310660562459,-4.940176856378288,2.7945427928448963,-1.0995890240528057,3
70083,Danilo,56.11510791366906,37.27926749509483,92.87115761935905,86.20013080444735,48.52844996729889,71.48463047743623,48.52844996729889,65.59843034663179,2.5388427358229557,-2.6316251995255096,-0.5701974128446029,2
70085,E. Mangala,2.5506867233485937,25.637671680837148,23.479398299542183,86.26553302812296,7.455853499018966,92.54414650098103,11.510791366906476,22.890778286461742,5.0287252595590894,3.2555133532330465,-0.47785627337055986,2
70086,N. Otamendi,3.5971223021582732,30.935251798561154,59.777632439502945,76.06278613472858,9.090909090909092,99.73839110529758,26.74950948332243,42.70765206017005,5.660091530460415,1.8322502876896805,-0.3918632839446418,1
70094,Fernando,26.160889470241987,24.13342053629823,59.189012426422494,95.61805101373446,16.612164813603663,89.79725310660562,24.32962720732505,54.28384565075213,3.9165083012078448,0.2376570841006639,-1.2713235762789694,5
70096,J. Rodríguez,98.49574885546109,83.06082406801832,99.47678221059516,89.4702419882276,80.31393067364291,30.477436232831916,22.956180510137344,97.97253106605625,-2.735001143938509,-6.740656366268297,-3.4595638884436055,3
70112,E. Garay,10.333551340745585,33.28973185088293,56.44211903204709,89.99345977763244,5.951602354480053,88.62001308044474,6.278613472858077,84.63047743623284,5.733911968094142,1.9216425393681984,-1.5694344890223917,4
70120,Javi García,17.593198168737736,31.458469587965993,73.57750163505558,99.73839110529758,11.379986919555266,72.2040549378679,16.350555918901243,65.27141922825376,4.534879217406064,0.349304212091811,-3.2023238686175746,2
70121,N. Gaitán,88.35840418574232,65.59843034663179,96.1412688031393,51.406147809025505,89.14323086984957,27.33812949640288,69.65336821451929,76.45519947678221,-2.7853216872760345,-5.048956515470608,-0.5833219991642179,1
70123,A. Witsel,18.639633747547414,13.799869195552649,38.32570307390451,97.64551994767821,10.00654022236756,81.03335513407455,27.468933943754088,91.30150425114454,4.2450296774115,1.4289928518636614,-1.4655750391612503,4
70125,Nolito,96.72988881621976,86.20013080444735,79.85611510791367,30.608240680183123,69.8495748855461,27.53433616742969,48.92086330935252,50.03270111183781,-3.81465258478744,-2.3275991330547727,-1.3284823203839868,6
70129,Rodrigo,94.83322432962721,92.15173315892741,29.16939175931982,31.785480706344018,84.69587965990843,4.512753433616743,46.23937213865271,95.42184434270766,-5.599463432498175,0.1160452808550169,-1.859257765265054,6
70136,S. Arias,43.68868541530412,26.94571615434925,69.58796599084368,58.60039241334205,49.50948332243296,68.01831262262917,30.412034009156315,81.88358404185743,1.7336115160524332,-1.501734817481769,0.8319325256865215,3
70139,E. Insúa,45.062132112491824,34.53237410071942,79.65990843688685,54.15304120340092,54.54545454545454,65.99084368868542,41.33420536298234,24.9836494440811,1.903081052875872,-1.7273271887407768,0.5745820758109368,1
70140,Daniel Carriço,15.631131458469588,32.43950294310007,39.699149771092216,89.20863309352518,14.58469587965991,89.60104643557881,4.512753433616743,27.01111837802485,4.8280496369545975,2.127440963559861,-1.0519856736506896,6
70159,R. van Wolfswinkel,73.38129496402878,82.27599738391105,8.960104643557882,27.33812949640288,32.50490516677567,20.994113799869197,42.1190320470896,25.768476128188354,-3.724428188526484,3.831739438918338,-0.47895783894441096,1
70164,Miguel Lopes,27.468933943754088,3.793328973185088,58.665794637017655,33.42053629823414,55.52648790058862,84.49967298888163,77.5670372792675,24.32962720732505,3.0202749368030406,-0.747133045555195,2.7258562140882985,1
70235,Héldon,63.243950294310004,66.90647482014388,25.245258338783515,12.818835840418574,71.35382603008502,30.412034009156315,63.89797253106606,43.884892086330936,-2.6722863608511473,0.4454354642115283,1.0310909931524423,1
70315,Diogo Figueiras,56.76913015042512,48.463047743623285,77.04381948986266,30.019620667102682,63.83257030739045,48.986265533028124,47.351209941138,15.304120340091561,0.29247461360319893,-1.79193166144738,1.4108791553494866,1
70327,N. Ghilas,77.76324395029431,85.08829300196207,10.725964682799214,12.295618051013735,74.29692609548725,3.8587311968606928,71.22302158273382,68.21451929365598,-5.414414555333781,2.481656801917804,0.02853260472920461,2
70391,A. Ba,2.746893394375409,21.0595160235448,46.37017658600392,77.37083060824068,1.7658600392413342,99.60758665794637,19.555264879005886,64.81360366252453,5.952864481202701,2.305275118473398,-0.30838945788051203,2
70451,Luisinho,32.11249182472204,11.903204708960105,66.44865925441465,33.02812295618051,76.06278613472858,69.26095487246566,62.720732504905165,11.576193590582081,1.9628956632680812,-1.4618445221429943,2.6929418511782166,5
70507,Paulo Oliveira,10.00654022236756,19.162851536952257,43.4270765206017,38.97972531066056,3.008502289077829,99.21517331589274,8.633093525179856,89.86265533028123,5.616079511738041,2.416871149752318,0.10233908846003031,4
70767,A. Santos,0.13080444735120994,16.285153695225638,20.20928711576194,82.47220405493788,2.2236756049705693,96.53368214519293,6.213211249182472,87.96599084368869,5.434531994066431,3.5733483006992777,-0.5835975954228586,2
70956,Rúben Semedo,6.213211249182472,39.5029431000654,22.890778286461742,88.29300196206671,6.474820143884892,86.26553302812296,14.519293655984303,22.49836494440811,4.394614745218479,3.345339573045824,-0.8755142726081496,1
70975,Bruma,98.23413996075867,84.3034663178548,76.38979725310661,49.378678875081754,98.49574885546109,5.362982341399607,82.79921517331589,96.53368214519293,-6.238432357366189,-4.004992762331711,-1.2388852776905024,1
71004,Candeias,59.385219097449315,58.73119686069327,38.58731196860693,11.445389143230871,77.24002616088947,35.38260300850229,46.56638325703074,51.01373446697187,-2.110141213292594,-0.8490765171061496,1.683222297761072,1
71057,Licá,88.55461085676913,85.02289077828647,23.152387181164162,26.2916939175932,63.1785480706344,13.603662524525834,35.44800523217789,89.14323086984957,-4.653423172902116,0.5124242898616501,-0.870893983608519,1
71911,Hernâni,95.42184434270766,81.5565729234794,35.97122302158273,2.2236756049705693,97.18770438194899,13.40745585349902,70.63440156965338,69.32635709614127,-6.215238580974534,-1.913499030042899,1.5868567965169127,1
71997,Hélder Lopes,40.28776978417266,12.49182472204055,77.6324395029431,59.58142576847612,69.5225637671681,61.87050359712231,52.45258338783518,44.277305428384565,1.620322264798089,-1.909304898095041,1.3072533183745183,1
85113,A. Toșca,9.810333551340745,4.708960104643558,32.11249182472204,56.180510137344676,28.05755395683453,87.18116415958143,41.007194244604314,40.54937867887508,4.127365293698569,1.6031147056098576,1.2706076220011129,1
86183,F. Roncaglia,14.715500327011119,15.238718116415958,57.226945716154354,71.09221713538261,29.365598430346633,87.11576193590582,51.275343361674295,56.180510137344676,4.527035568282155,0.6038433978764545,0.4151911360136732,5
86198,J. Sánchez Miño,31.32766514061478,12.295618051013735,72.00784826684107,67.69130150425114,36.625245258338786,65.27141922825376,31.131458469587965,23.086984957488554,2.765812699401807,-0.9360886427105336,0.5719336432679935,1
86200,S. Araújo,83.64944408109875,93.59058207979072,12.622629169391757,41.59581425768476,54.41465009810334,6.867233485938522,40.941792020928716,40.222367560497055,-5.0839707276391595,2.4953141939918875,-1.4311466977648069,2
86220,Gabriel Mercado,23.348593852190973,40.41857423152388,47.28580771746239,69.5225637671681,6.0824068018312625,89.404839764552,33.15892740353172,6.017004578155658,4.070794727789941,1.4243027921611735,0.24430086278694585,3
86234,E. Pérez,27.07652060170046,12.884238064094177,67.1680837148463,93.78678875081754,59.58142576847612,93.72138652714193,78.9404839764552,0.5232177894048398,3.035891824772914,-1.4866649488789871,-0.17016664819552174,3
86239,G. Carrillo,64.61739699149771,91.56311314584697,3.2701111837802483,25.964682799215172,13.799869195552649,16.808371484630477,90.25506867233486,16.742969260954872,-4.10746483287128,5.830221406200257,-1.0254520078443017,4
86298,E. Saveljich,8.175277959450622,47.939829954218446,14.519293655984303,79.13669064748201,2.092871157619359,75.86657946370177,2.877697841726619,49.247874427730544,3.609591205944247,4.251157409520269,-0.7286926159556976,1
86307,L. Vietto,95.55264879005885,91.62851536952257,28.31916285153695,59.45062132112492,71.22302158273382,2.158273381294964,26.03008502289078,72.72727272727273,-5.936426899689427,-0.03705530398401012,-2.337708825554258,4
86325,R. Funes Mori,9.483322432962721,41.66121648136036,54.0222367560497,81.5565729234794,16.415958142576848,93.06736429038587,13.93067364290386,36.23283191628515,5.319122307617673,1.5018125634796329,-0.692333185353419,3
86328,G. Pezzella,13.472858077174624,39.89535644211904,31.32766514061478,78.80967952910399,1.7004578155657293,93.39437540876389,12.164813603662525,65.7946370176586,4.853351356886265,2.9852006184105666,-0.6975152213768889,5
86338,L. Ocampos,91.30150425114454,85.4153041203401,34.53237410071942,28.9077828646174,94.11379986919556,29.692609548724658,98.10333551340746,44.538914323086985,-4.177387460952648,-0.6934657594824513,0.3913438023347262,5
86507,L. Magallán,17.004578155657292,40.614780902550685,26.095487246566385,69.39175931981687,4.120340091563113,89.14323086984957,11.05297580117724,41.79202092871158,3.989504128963655,3.0174098563435994,-0.4112252791552745,2
86517,P. De Blasis,57.09614126880314,51.07913669064749,92.47874427730542,25.179856115107913,55.853499018966644,46.50098103335513,42.83845650752126,85.61151079136691,0.2217641309615547,-2.9290193847187536,0.7999536750588344,2
86548,S. Vergini,2.485284499672989,8.306082406801831,26.357096141268805,79.52910398953564,11.576193590582081,94.83322432962721,4.381948986265534,53.69522563767168,4.8799963310727374,2.3771229553076867,-0.1033085652924623,1
86623,A. Fernández,25.441465009810333,31.654676258992804,91.69391759319817,97.3839110529758,49.31327665140615,90.05886200130804,91.49771092217135,8.56769130150425,4.334236801713187,-2.587682574312866,-0.8118584988725804,2
86716,M. Dos Santos,3.5317200784826683,14.06147809025507,18.247220405493785,45.12753433616743,3.2047089601046435,98.6265533028123,13.40745585349902,64.4865925441465,4.677992781287847,3.682221324266571,0.872949234589954,4
86737,F. Ferreyra,62.98234139960759,78.48266841072596,5.886200130804448,7.979071288423806,38.97972531066056,20.66710268149117,79.98691955526488,8.633093525179856,-3.8595211880763296,3.877163343200982,0.7000041168077038,1
86796,I. Marcone,15.892740353172009,4.512753433616743,62.91693917593199,84.36886854153042,19.94767822105952,79.33289731850883,20.14388489208633,32.43950294310007,4.319509477313457,-0.15297023151328512,-0.4465483461345056,2
86800,D. Benedetto,83.78024852844996,93.4597776324395,12.688031393067364,20.14388489208633,56.83453237410072,3.4663178548070634,31.262262916939175,79.52910398953564,-5.232313694499485,2.386052579098477,-1.2709364428272127,1
86828,G. Pizarro,34.59777632439503,36.49444081098757,87.44277305428385,92.217135382603,39.699149771092216,74.68933943754088,75.14715500327011,4.905166775670373,3.81032879658603,-1.246617664005503,-0.9440335691642484,1
86882,L. Orbán,5.624591236102027,0.13080444735120994,30.085022890778284,50.55591890124265,13.40745585349902,93.98299542184434,58.862001308044476,3.727926749509483,4.441267304163473,1.3938579743619792,2.6412925016223965,2
88642,E. Ávila,79.79071288423808,93.98299542184434,26.22629169391759,0.2616088947024199,61.67429692609549,22.302158273381295,73.25049051667757,8.306082406801831,-4.617256283657372,1.1312883134175604,0.2902464455742632,6
88969,D. Musto,13.603662524525834,25.245258338783515,40.483976455199475,75.14715500327011,3.1393067364290386,90.45127534336167,38.97972531066056,2.6160889470241986,4.065748066763192,1.56090465965374,0.1496677428451215,1
89073,M. Acuña,57.16154349247874,38.06409417920209,98.10333551340746,56.44211903204709,80.57553956834532,51.86396337475474,78.67887508175278,12.818835840418574,0.8452020295283489,-4.396857699488386,0.4366396187201296,4
89133,Rodrigo Battaglia,14.19228253760628,31.131458469587965,16.873773708306082,71.41922825376062,25.833878351863966,71.81164159581425,62.52452583387835,14.06147809025507,2.831142864603463,2.096800403180142,0.8985830784122204,3
89550,M. Díaz,35.25179856115108,36.36363636363637,96.20667102681492,98.16873773708306,19.032047089601043,62.26291693917593,1.831262262916939,58.79659908436887,3.7235941898494858,-3.0502908214070215,-2.2232338651735963,2
89700,E. Roco,4.381948986265534,27.27272727272727,25.703073904512753,76.84761281883584,4.905166775670373,84.43427076520602,5.232177894048397,33.355134074558535,4.840777571418261,3.204592270318443,-0.2854247064910184,4
89712,F. Gutiérrez,47.220405493786785,35.97122302158273,78.61347285807717,40.876389797253104,54.34924787442773,62.98234139960759,77.17462393721387,9.74493132766514,1.5068939985265108,-1.6233535485064667,1.4290609367144071,1
90774,H. Palacios,18.574231523871813,0.5886200130804448,28.12295618051014,43.81948986265533,49.57488554610857,66.31785480706344,29.431000654022238,41.39960758665794,2.6897527531251577,0.8062880035869459,2.396228450950013,3
91064,D. Torres,19.293655984303467,14.977109221713539,49.50948332243296,69.7187704381949,21.386527141922826,73.83911052975802,34.99018966644866,15.827338129496402,3.557072089300592,0.30856316956624225,0.25320604722936385,2
91268,F. Hinestroza,66.57946370176586,77.10922171353826,19.162851536952257,23.086984957488554,81.16415958142576,20.732504905166778,87.11576193590582,71.81164159581425,-3.964311131750394,1.1182687284048052,0.3827879747880232,1
91282,M. Cuero,91.82472204054937,74.29692609548725,35.77501635055592,6.540222367560497,95.55264879005885,14.977109221713539,86.919555264879,61.87050359712231,-5.462849972561083,-1.751145546597899,1.3814218287689093,1
91519,J. Córdoba,82.60300850228907,92.08633093525181,4.578155657292348,37.34466971877044,60.30085022890779,2.485284499672989,88.0967952910399,8.175277959450622,-6.313028560642275,3.8952026391668073,-1.0237260522292504,1
91702,J. Mojica,52.97580117724002,20.20928711576194,90.7782864617397,16.02354480052322,79.26749509483322,40.222367560497055,63.243950294310004,84.36886854153042,0.6447622947389668,-2.9188375247086036,2.4431253785022635,7
92874,L. Vyntra,7.1288423806409416,11.641595814257686,41.988227599738394,71.81164159581425,12.295618051013735,86.46173969914977,3.1393067364290386,84.82668410725964,4.727648818128841,1.8082006346618111,-0.7158804652664468,1
92886,Simão Mate,11.8378024852845,30.477436232831916,31.720078482668413,75.93198168737737,1.831262262916939,83.32243296272073,29.23479398299542,2.354480052321779,4.055867031668914,2.381122654183901,-0.5332706858566076,2
92893,Toché,68.73773708306082,91.89012426422498,3.4663178548070634,51.3407455853499,18.443427076520603,15.958142576847612,17.724002616088946,49.05166775670373,-3.6418829527570424,5.3210023606541075,-1.759753630213794,1
92910,L. Fejsa,15.304120340091561,8.04447351209941,35.5134074558535,60.4970568999346,10.92217135382603,76.65140614780903,59.64682799215173,11.96860693263571,3.680442912344618,0.8126167078223829,0.9948081197622902,1
93000,Antunes,38.06409417920209,28.12295618051014,74.8855461085677,0.3270111183780248,39.4375408763898,53.82603008502289,19.62066710268149,20.994113799869197,1.4831658783890165,-0.9728678943758924,3.429985568460708,2
93003,D. Siovas,20.92871157619359,41.465009810333555,42.31523871811642,52.84499672988881,15.107913669064748,94.57161543492478,25.11445389143231,59.84303466317855,4.368767891401713,2.1994310910305495,0.2170717034699511,5
93033,Edimar,43.55788096795291,14.4538914323087,90.12426422498365,54.610856769130145,65.20601700457816,67.88750817527796,53.956834532374096,89.66644865925441,2.401518124041299,-2.4030697883335144,0.5571065624314349,1
94764,Y. Muto,71.87704381948986,86.33093525179856,5.493786788750818,11.05297580117724,61.34728580771747,6.605624591236102,82.21059516023544,29.038587311968605,-5.4332622685220775,3.5530884995640677,0.24056147213944484,1
94828,G. Shibasaki,52.06017004578156,59.84303466317855,31.5892740353172,35.25179856115108,43.81948986265533,42.1190320470896,33.355134074558535,21.451929365598428,-0.947388117083836,0.5794385667254943,0.39962440593018994,1
98072,S. Šćepović,63.63636363636363,86.7887508175278,8.175277959450622,31.06605624591236,22.825376062786134,15.369522563767168,2.027468933943754,87.37737083060824,-3.970840446286339,3.879542466303944,-1.7865669447832375,1
101605,S. Doumbia,85.4153041203401,98.10333551340746,1.3080444735120993,17.593198168737736,50.752125572269456,2.8122956180510137,36.36363636363637,35.5134074558535,-6.253646268607536,5.102498084908183,-1.2862751675184645,1
101635,F. Caicedo,58.92740353172008,86.65794637017659,3.5971223021582732,46.50098103335513,43.29627207325049,6.671026814911707,56.50752125572269,7.848266841072596,-4.5555872653045775,4.613218771102988,-1.1725558815746482,3
101649,N. Pareja,7.979071288423806,12.949640287769784,66.84107259646828,79.39829954218443,9.941137998691955,84.69587965990843,18.639633747547414,61.34728580771747,5.459418941586897,0.9387361432839826,-0.9238669338980352,2
101707,F. Smolov,89.07782864617397,85.80771746239371,12.557226945716154,14.846304774362329,69.06474820143885,6.474820143884892,59.45062132112492,23.871811641595812,-5.216992411299721,2.007507798721172,-0.07118264123194702,1
101795,L. Traoré,86.46173969914977,96.07586657946369,7.7174623937213855,22.956180510137344,46.304774362328324,10.39895356442119,84.36886854153042,12.688031393067364,-5.338811073442792,3.911774985705508,-1.353912407793908,1
101847,M. Carcela-González,80.31393067364291,77.5670372792675,23.021582733812952,23.41399607586658,91.30150425114454,21.778940483976456,92.15173315892741,58.60039241334205,-4.731101804065822,-0.5570442767361542,0.6512996476966093,1
101948,O. Vranješ,0.45781556572923476,0.06540222367560497,23.610202746893393,14.19228253760628,21.321124918247218,97.3185088293002,71.55003270111185,1.2426422498364944,4.674199893126734,1.8193562236062903,4.270699171659289,1
105330,NA,39.4375408763898,6.409417920209287,98.36494440810988,65.53302812295618,46.76258992805755,70.83060824068018,14.911706998037932,45.192936559843034,3.922793649114463,-3.617317919587976,0.08197001802980275,1
105376,N. Kalinić,70.56899934597777,89.92805755395683,2.027468933943754,7.782864617396991,30.215827338129497,5.820797907128843,72.5310660562459,15.042511445389142,-5.318228307842374,5.083920480365719,-0.4192026320248795,1
105378,Y. Konoplyanka,97.71092217135383,82.40680183126227,65.92544146500981,19.88227599738391,99.34597776324395,14.126880313930673,58.40418574231524,74.10071942446042,-6.112884969381823,-3.701157687580725,0.3040148865956458,1
105541,Lucas Pérez,93.59058207979072,88.81621975147155,28.05755395683453,22.3675604970569,58.40418574231524,4.970568999345978,5.0359712230215825,97.2531066056246,-5.922488343927183,-0.24250411524759444,-1.6008076168156848,7
105616,B. Ideye,57.29234793982996,84.82668410725964,3.989535644211903,24.32962720732505,19.686069326357096,18.116415958142575,42.70765206017005,43.03466317854807,-3.970677582017718,4.948957540247793,-0.8970363723313601,1
105618,A. Kravets,78.28646173969915,94.96402877697841,6.998037933289732,34.85938521909745,40.876389797253104,10.987573577501635,45.58534990189666,78.28646173969915,-5.081417586885415,3.8491975613403326,-1.4552822199577409,1
109110,V. Haroyan,0.7194244604316548,16.08894702419882,13.1458469587966,50.94833224329627,5.297580117724002,87.24656638325703,35.25179856115108,8.371484630477436,4.28540528809535,3.843206944310719,1.6154419976892602,1
112366,M. Layún,51.275343361674295,52.779594506213215,78.35186396337475,36.95225637671681,64.29038587311967,46.697187704381946,37.34466971877044,62.45912361020275,0.7750767185671102,-1.823037176272335,1.304601521409721,2
112370,D. Reyes,3.4663178548070634,23.41399607586658,36.36363636363637,82.8646173969915,10.202746893394375,94.04839764551994,8.69849574885546,94.17920209287117,5.2332142515666,2.4510347533990635,-0.650870618346798,2
112459,H. Herrera,45.38914323086985,32.701111837802486,96.99149771092218,94.76782210595161,44.277305428384565,71.22302158273382,65.27141922825376,41.59581425768476,3.314391069573029,-3.547754531573104,-1.642668062873796,3
112522,J. Corona,94.37540876389797,72.33485938521909,83.51863963374755,46.76258992805755,88.75081752779595,20.79790712884238,77.24002616088947,83.12622629169391,-3.9323256000475744,-3.241142165164537,-0.63046090401406,1
112545,N. Araújo,10.595160235448004,21.19032047089601,52.38718116415958,91.03989535644213,19.097449313276652,79.72531066056246,0.7848266841072596,88.94702419882276,5.174318079170247,1.6882107536534254,-1.5638192182891044,4
112556,J. Aquino,81.49117069980379,63.570961412688035,79.07128842380641,47.67822105951603,89.99345977763244,35.05559189012427,80.11772400261609,72.33485938521909,-2.672187100578262,-3.20915260162764,0.3592402623105209,1
112596,J. Martínez,94.17920209287117,96.40287769784173,15.369522563767168,45.65075212557227,57.8809679529104,7.1288423806409416,74.36232831916286,47.54741661216481,-5.613605305425677,2.3247316436688137,-2.308021241339992,1
114055,Ó. Romero,88.1621975147155,71.41922825376062,95.74885546108568,55.330281229561805,89.79725310660562,32.37410071942446,90.97449313276651,36.886854153041206,-2.733446991309208,-4.8955774543143455,-0.5576889720010066,1
114709,L. Advíncula,49.18247220405494,49.31327665140615,55.330281229561805,58.665794637017655,62.52452583387835,48.26684107259646,50.29431000654022,44.47351209941138,0.20156944681296377,-0.6452513412456972,0.6405642550530893,1
116161,NA,19.22825376062786,0.6540222367560496,50.35971223021583,50.42511445389143,47.54741661216481,88.2275997383911,57.42315238718116,39.4375408763898,3.576154118235529,-0.21076136222794808,2.5945237608903637,1
116170,S. Cristóforo,24.59123610202747,9.548724656638326,42.1190320470896,55.00327011118378,29.300196206671025,72.33485938521909,78.8750817527796,6.998037933289732,2.291298215911141,-0.17893774663216094,1.455562421404616,3
116259,G. Silva,5.493786788750818,1.1118378024852846,54.74166121648136,57.357750163505564,15.238718116415958,76.84761281883584,23.021582733812952,37.86788750817528,5.046168821193832,0.9771593095287984,0.9016027351870972,2
116283,D. Rolán,74.29692609548725,78.67887508175278,18.312622629169393,45.062132112491824,82.21059516023544,26.22629169391759,93.26357096141268,80.83714846304775,-4.216617873032188,0.5256451182235085,0.03951694018221579,2
116299,L. Olaza,43.23086984957489,17.985611510791365,86.00392413342054,41.79202092871158,35.644211903204706,50.29431000654022,12.622629169391757,87.76978417266187,2.010877510557378,-1.727627321942418,1.0535875672115431,4
116319,M. Santos,85.34990189666448,92.60954872465665,4.905166775670373,3.662524525833878,57.16154349247874,3.727926749509483,71.61543492478745,4.381948986265534,-6.344021110788928,3.493977416718588,0.7475787595277759,2
116405,E. Velázquez,11.118378024852845,19.555264879005886,30.2812295618051,33.55134074558535,16.481360366252453,99.08436886854153,26.880313930673644,11.772400261608896,5.201034474197982,2.5436408392660828,1.701261024029035,3
116898,D. Machís,84.63047743623284,78.22105951602354,25.964682799215172,0.8502289077828646,95.87965990843689,28.44996729888816,82.47220405493788,82.40680183126227,-4.711795650496952,-0.9186747102208838,1.8579194628524656,7
122859,Y. El-Arabi,75.53956834532374,97.97253106605625,8.04447351209941,20.66710268149117,32.701111837802486,1.2426422498364944,39.89535644211904,65.53302812295618,-5.32862231063843,3.9681005229264743,-1.5621857908679724,2
125250,Ó. Duarte,8.109875735775017,34.66317854807063,39.5029431000654,80.57553956834532,1.6350555918901242,85.93852190974494,3.989535644211903,67.29888816219751,5.151609238885885,2.848915163906563,-1.0077024040730649,7
127591,A. Pantić,1.896664486592544,26.03008502289078,16.350555918901243,41.39960758665794,0.8502289077828646,92.15173315892741,4.839764551994768,58.992805755395686,4.667909446564439,4.1940120807725085,0.5841895796068112,2
127598,G. Čaušić,32.43950294310007,46.304774362328324,33.878351863963374,67.1680837148463,27.01111837802485,49.57488554610857,26.422498364944406,46.17396991497711,1.661136355826502,0.9251751290099596,0.05123970086395152,1
127609,F. Malbašić,63.70176586003924,65.53302812295618,12.23021582733813,1.6350555918901242,65.729234793983,20.53629823413996,64.35578809679528,34.79398299542184,-3.733682587541381,1.6908830320418216,2.262997001916026,1
127719,A. Katai,78.8750817527796,78.02485284499673,38.194898626553304,25.245258338783515,89.01242642249836,27.07652060170046,92.93655984303466,32.37410071942446,-3.70723564290491,-1.1811452492400984,0.845857867099828,1
127928,D. Brašanac,50.49051667756703,51.406147809025505,18.181818181818183,42.38064094179202,37.933289731850884,48.855461085676914,50.55591890124265,7.1288423806409416,-0.5200500936105461,1.324492548984992,0.6898016654905813,8
128171,S. Mitrović,1.3080444735120993,10.725964682799214,12.884238064094177,63.570961412688035,0.1962066710268149,73.31589274035318,0.1962066710268149,69.13015042511445,3.844053845054126,4.409387675058082,-0.04191217647459066,3
128230,N. Vujadinović,6.605624591236102,40.941792020928716,13.40745585349902,52.125572269457166,3.793328973185088,86.00392413342054,25.703073904512753,72.98888162197514,3.84606608302808,4.0503979542478215,0.3635916186359483,1
128742,N. Vukčević,17.069980379332897,21.255722694571617,24.72204054937868,83.25703073904512,15.173315892740352,70.04578155657293,44.408109875735775,0.5886200130804448,3.070638210818367,1.4915439376974542,-0.04031377446002635,3
130196,Dyego Sousa,89.27403531720078,85.74231523871812,15.107913669064748,22.10595160235448,73.77370830608241,13.472858077174624,92.54414650098103,46.23937213865271,-5.258831537380736,1.7341708214675706,-0.3464968630711563,1
134163,Rodri Tarín,3.793328973185088,24.918247220405494,15.827338129496402,51.929365598430344,5.166775670372792,78.41726618705036,6.540222367560497,81.6873773708306,3.805850367301424,3.546716982392694,0.8458807963687585,2
134170,José Rodríguez,58.73119686069327,58.40418574231524,77.82864617396991,58.992805755395686,55.984303466317854,41.59581425768476,53.76062786134729,10.464355788096794,0.02112110770093856,-1.775519544477971,-0.3884032438855935,2
134174,Samu Castillejo,79.33289731850883,67.82210595160235,55.2648790058862,33.94375408763898,90.64748201438849,32.8973185088293,97.51471550032701,44.99672988881622,-3.4052031192198986,-2.2114433372610587,1.4639579733378716,5
134175,Raúl de Tomás,74.36232831916286,98.75735775016351,7.913669064748201,54.480052321778935,56.96533682145193,5.951602354480053,44.277305428384565,31.523871811641595,-5.037892169726174,3.6303587550124665,-1.5329938477855871,5
134177,José Pozo,76.97841726618705,69.26095487246566,78.74427730542838,54.41465009810334,93.65598430346633,20.20928711576194,70.69980379332897,83.84565075212556,-3.1580704883049338,-3.1775491552069757,-0.9627428147699312,1
134249,Rubén Sobrino,59.71223021582733,71.94244604316546,10.333551340745585,24.46043165467626,71.48463047743623,34.33616742969261,97.12230215827337,7.7174623937213855,-3.2439898125429334,2.348434846140397,1.6044506698722858,7
134476,F. Barba,28.9077828646174,13.996075866579464,75.80117724002616,55.78809679529104,33.485938521909745,72.2694571615435,32.50490516677567,15.761935905820797,3.48665207754592,-0.4300593064012177,0.40012137883416066,1
134502,Aymeric Laporte,19.35905820797907,35.57880967952911,75.99738391105298,88.48920863309353,17.26618705035971,90.64748201438849,35.05559189012427,51.798561151079134,5.225119944690043,0.8682293541794351,-1.2752271025238755,5
134503,C. Lenglet,15.761935905820797,28.84238064094179,85.21909744931328,95.74885546108568,22.759973839110533,85.87311968606932,31.393067364290385,16.415958142576848,5.683507597485533,0.19443308066727655,-1.8550121115788465,8
134513,A. Martial,87.63897972531066,80.11772400261609,31.262262916939175,52.19097449313277,80.77174623937215,18.378024852844995,70.83060824068018,70.37279267495094,-4.595051901376826,-0.5539628117271317,-0.9745779354229376,1
134702,L. Dendoncker,40.614780902550685,57.226945716154354,32.76651406147809,70.11118378024854,35.70961412688031,59.58142576847612,34.59777632439503,63.37475474166122,1.5594149356602651,1.250008848824479,-0.3039014661187338,1
134769,Y. Carrasco,97.2531066056246,83.45323741007195,54.087638979725305,47.61281883584042,98.56115107913669,28.12295618051014,87.50817527795945,68.27992151733159,-5.263824299322655,-2.9294423349908314,-0.15211353469928454,7
135103,A. Christensen,25.11445389143231,44.277305428384565,84.36886854153042,99.86919555264879,23.41399607586658,77.10922171353826,14.58469587965991,81.94898626553304,4.526355960718535,-0.36522761709632806,-3.910136301832056,3
135561,F. Grillitsch,51.406147809025505,43.4270765206017,90.38587311968607,72.98888162197514,58.20797907128843,46.56638325703074,35.905820797907126,71.15761935905822,1.2398673822214712,-2.536008521510896,-0.91893885846575,1
135807,M. Pašalić,42.96926095487247,67.62589928057554,34.72858077174624,80.11772400261609,45.062132112491824,46.43557880967953,24.59123610202747,40.941792020928716,0.5509772732548636,0.9836755706828196,-1.430698150188804,1
135848,M. Livaja,78.61347285807717,82.47220405493788,13.211249182472203,13.799869195552649,58.992805755395686,6.344015696533682,81.621975147155,4.4473512099411385,-5.268767384915763,1.939122241580216,-0.00962485652986905,1
135903,João Cancelo,61.28188358404185,38.78351863963375,89.01242642249836,40.8109875735775,91.10529758011772,55.06867233485938,92.41334205362982,37.08306082406802,0.24871891031960083,-3.193558589176107,1.3953388148137085,4
135909,Rafa Soares,45.781556572923485,1.3080444735120993,87.11576193590582,23.80640941792021,49.64028776978417,65.7946370176586,18.835840418574232,76.12818835840417,2.1669363487383215,-2.2075048529867005,2.2289934478864057,2
135919,Hélder Costa,75.27795945062132,52.51798561151079,23.93721386527142,6.278613472858077,91.56311314584697,35.57880967952911,94.6370176586004,20.01308044473512,-3.354278135974906,-0.902111943588298,3.374948508078774,1
135923,Gonçalo Paciência,92.41334205362982,93.85219097449313,11.8378024852845,9.679529103989536,65.66383257030739,1.896664486592544,96.07586657946369,21.58273381294964,-6.199003971728108,2.6152135259299363,-0.4826826203501928,1
135927,André Silva,83.06082406801832,94.6370176586004,8.502289077828646,37.01765860039241,56.24591236102028,6.017004578155658,64.02877697841727,61.28188358404185,-5.541500973485246,3.1811815167915856,-1.0731613475367237,3
135938,I. Cavaleiro,88.62001308044474,77.6324395029431,43.23086984957489,28.776978417266186,89.86265533028123,15.892740353172009,87.44277305428385,60.5624591236102,-4.860086744315954,-1.483873831943158,0.2719794055957351,1
136164,E. Filipenko,5.362982341399607,40.28776978417266,28.84238064094179,67.82210595160235,1.5042511445389144,94.76782210595161,5.493786788750818,68.08371484630477,4.956861738229506,2.922091756182585,-0.5180039296946389,1
137298,Jonathan Silva,50.42511445389143,35.38260300850229,68.27992151733159,15.500327011118378,45.38914323086985,52.19097449313277,19.293655984303467,16.219751471550033,0.6962846346564141,-1.1153335048254125,2.1060007847689772,2
139075,R. Tapia,18.770438194898624,35.5134074558535,64.15958142576848,58.011772400261606,34.79398299542184,90.25506867233486,80.64094179202093,6.344015696533682,3.797875045583327,0.04155030817830614,0.47906501132651,5
140125,N. Radoja,21.386527141922826,14.519293655984303,49.44408109875736,90.8436886854153,32.76651406147809,52.5833878351864,56.04970568999346,67.23348593852191,2.71795236230395,0.07307431425224026,-0.8194967970002429,7
141176,V. Angban,33.28973185088293,23.93721386527142,89.60104643557881,96.79529103989536,34.53237410071942,74.75474166121649,40.483976455199475,19.62066710268149,3.9273421536267015,-1.6231453776580025,-1.630632104343327,1
142755,B. Traoré,90.51667756703729,81.621975147155,60.88947024198823,47.80902550686723,92.02092871157619,19.162851536952257,83.97645519947679,45.519947678221065,-4.334193060063989,-2.184911589812101,-0.7950481705104332,1
144628,Wu Lei,80.70634401569653,88.03139306736429,5.297580117724002,8.306082406801831,53.36821451929366,17.462393721386526,20.53629823413996,92.80575539568345,-4.33856535742591,3.498266672328666,0.4285632657393463,3
146302,Luciano,73.18508829300197,88.62001308044474,14.32308698495749,41.203400915631136,39.04512753433617,22.49836494440811,14.4538914323087,50.29431000654022,-3.760241268764358,2.432129234298294,-1.4953283194738154,1
149389,J. Toljan,44.60431654676259,15.565729234793983,50.16350555918901,9.810333551340745,47.87442773054284,58.534990189666445,29.888816219751472,50.22890778286462,1.3024115282720994,-0.6322079009848426,3.0396406724838307,1
167118,Erik Morán,31.981687377370832,14.32308698495749,82.47220405493788,68.14911706998038,32.37410071942446,69.65336821451929,29.627207325049053,29.300196206671025,3.492795183493117,-1.5198839215516282,-0.33231352601061276,1
167119,Sabin Merino,78.35186396337475,88.55461085676913,11.903204708960105,13.996075866579464,59.189012426422494,18.705035971223023,46.37017658600392,88.62001308044474,-4.165976386198614,2.504844662433893,-0.18195600417988617,2
167120,Fran Varela,34.40156965336821,16.612164813603663,77.17462393721387,50.68672334859385,26.48790058862001,64.81360366252453,17.004578155657292,70.83060824068018,3.1536645748323173,-0.7988239377131747,0.7085261264811438,1
167131,Fran Vélez,12.36102027468934,29.692609548724658,16.481360366252453,25.768476128188354,11.445389143230871,69.91497710922171,19.48986265533028,4.316546762589928,3.193848536480272,3.6044004627546578,1.555718163183425,1
167145,Héctor Bellerín,54.41465009810334,11.314584695879661,72.33485938521909,46.89339437540877,58.33878351863964,50.882930019620666,26.81491170699804,92.02092871157619,1.4163528862583497,-1.3646169356537796,1.5974178593028598,4
167149,Joaquín Fernández,7.652060170045781,38.97972531066056,27.141922825376064,72.4002616088947,6.998037933289732,97.3839110529758,8.829300196206672,35.84041857423153,4.670571148066436,2.9462860218976648,-0.48060527907694744,4
167641,S. Lobotka,30.085022890778284,13.342053629823415,75.21255722694572,96.72988881621976,62.13211249182472,54.41465009810334,20.34009156311315,98.36494440810988,2.161568000084417,-2.035038707105513,-1.5540528180650797,3
169000,Pablo Pérez,64.09417920209287,77.6978417266187,15.238718116415958,23.28319162851537,55.59189012426422,35.31720078482669,75.86657946370177,11.903204708960105,-2.3363916504956803,2.36019482753496,0.6198678915874021,1
169002,Diego Rico,34.07455853499019,13.734466971877044,82.73381294964028,8.04447351209941,36.23283191628515,65.33682145192937,77.82864617396991,48.79005886200131,2.3067324201689043,-1.670806671187606,2.892887850080893,7
170595,E. Insúa,29.365598430346633,9.87573577501635,38.26030085022891,34.40156965336821,61.02027468933944,73.6429038587312,82.8646173969915,9.221713538260301,2.480801707900085,0.20688719215981163,2.962887211322707,1
171643,R. Yaremchuk,65.66383257030739,88.35840418574232,4.120340091563113,18.639633747547414,42.053629823414,11.118378024852845,57.48855461085677,69.58796599084368,-4.7081132962974985,4.488128517858163,-0.5162773758055298,1
189976,M. Angeleri,0.3270111183780248,7.1942446043165464,16.808371484630477,70.76520601700457,5.5591890124264225,97.90712884238064,15.500327011118378,57.226945716154354,4.974339282576012,3.4335328564938323,0.12240240986065172,2
190172,Juan Cruz,17.789404839764554,1.896664486592544,36.03662524525834,54.0222367560497,22.563767168083714,63.30935251798561,1.6350555918901242,80.2485284499673,2.8064302136189547,0.8786482697527636,1.1086750185669665,6
193984,Germán Sánchez,7.063440156965337,42.70765206017005,23.41399607586658,67.56049705689993,0.9810333551340745,91.23610202746893,2.289077828646174,25.899280575539567,4.363367235477371,3.5862659699175716,-0.684829651576,3
207001,J. Correa,88.88162197514716,81.29496402877699,37.86788750817528,60.75866579463701,91.17069980379333,17.724002616088946,93.00196206671026,18.378024852844995,-4.537785929123911,-1.0823625738557632,-0.9328264300279722,2
208694,Rodrigo Ely,6.344015696533682,33.485938521909745,25.899280575539567,63.50555918901243,5.0359712230215825,97.64551994767821,7.913669064748201,40.28776978417266,5.16493556843716,3.5537593102619645,-0.39786935829187886,6
208942,Óliver Torres,67.49509483322433,50.49051667756703,95.42184434270766,64.61739699149771,69.58796599084368,37.80248528449967,42.249836494440814,70.24198822759973,-0.7971220460895958,-4.086495442532048,-0.5583624626039488,6
208945,César de la Hoz,19.62066710268149,30.739045127534336,30.150425114453896,55.2648790058862,12.753433616742967,72.00784826684107,26.2916939175932,40.15696533682146,2.929922941502093,1.6996381293668688,0.16942969169490252,1
208972,Carlos Castro,78.22105951602354,96.01046435578809,4.839764551994768,54.807063440156966,40.6801831262263,0.6540222367560496,8.502289077828646,89.92805755395683,-5.933137053095814,3.749651600463131,-2.3132525944287465,2
209012,Kévin Rodrigues,46.697187704381946,37.99869195552649,60.039241334205364,22.302158273381295,60.4970568999346,51.53695225637671,57.29234793982996,77.17462393721387,0.17281735192520195,-1.278299318961771,2.072449792945386,5
211853,Rúben Vezo,10.464355788096794,16.415958142576848,47.41661216481361,65.7946370176586,18.966644865925442,91.82472204054937,19.35905820797907,76.84761281883584,4.982884790637039,1.7956550920114325,0.1914584406499207,7
211885,André Gomes,61.02027468933944,62.39372138652715,87.05035971223022,83.38783518639634,79.65990843688685,26.68410725964683,89.60104643557881,13.27665140614781,-1.1626371825135866,-2.530259772258903,-1.2503954611787715,4
212074,O. Mfulu,20.732504905166778,41.59581425768476,33.02812295618051,82.01438848920863,17.069980379332897,69.7187704381949,24.002616088947022,19.162851536952257,3.15791282705152,1.432124846287126,-0.6228809907045452,1
212621,M. Kranevitter,18.901242642249834,18.966644865925442,62.85153695225638,95.55264879005885,13.603662524525834,77.95945062132112,34.85938521909745,23.41399607586658,4.128246642380236,0.06940708275281525,-1.2648667659593422,1
212625,A. Solari,69.98037933289731,45.38914323086985,81.16415958142576,18.966644865925442,75.40876389797253,43.3616742969261,92.74035317200784,3.793328973185088,-0.7906904301161395,-3.0265540676535356,2.5895322325680583,2
212644,G. Escalante,37.148463047743626,59.71223021582733,34.99018966644866,44.08109875735775,24.395029431000655,76.06278613472858,67.0372792674951,10.725964682799214,1.453709257695797,0.7063421016494706,0.22560417630901988,8
212651,C. Musonda,77.30542838456508,66.18705035971223,40.222367560497055,21.0595160235448,96.27207325049052,16.939175931981687,77.43623283191629,79.07128842380641,-4.436878248019203,-2.1033436748902603,0.9672218565294668,1
213124,Chema Rodríguez,1.7658600392413342,26.095487246566385,17.724002616088946,45.58534990189666,1.4388489208633095,90.8436886854153,1.7658600392413342,14.911706998037932,4.569310916971367,3.711737003369274,0.6619950165521629,3
213131,Luis Milla,45.84695879659908,36.23283191628515,70.37279267495094,67.1026814911707,53.69522563767168,57.55395683453237,74.16612164813604,67.56049705689993,0.9057988292412488,-2.0881166252603234,0.20538515667280055,6
213308,Júnior Alonso,34.46697187704382,15.107913669064748,90.45127534336167,61.93590582079791,37.86788750817528,73.44669718770437,33.878351863963374,47.28580771746239,3.8951533888449865,-1.6550267623825787,0.4926607611573508,1
213365,G. Fernández,76.2589928057554,87.83518639633748,5.428384565075213,21.517331589274036,51.3407455853499,12.426422498364945,69.39175931981687,9.417920209287116,-4.786842561897729,4.022857628461921,-0.4671742870058704,1
213714,E. Burgos,2.419882275997384,24.656638325703074,45.12753433616743,59.64682799215173,4.054937867887508,95.55264879005885,7.7174623937213855,45.58534990189666,5.412039479197052,2.3863983007769987,-0.4387153932885981,2
213948,R. De Paul,68.99934597776326,55.39568345323741,99.21517331589274,63.83257030739045,79.85611510791367,37.99869195552649,66.25245258338784,24.72204054937868,-0.5280548203222503,-5.737509827108813,-1.3197771550278767,6
214062,Álex Granell,53.564421190320466,46.17396991497711,96.33747547416613,48.26684107259646,53.04120340091563,45.32374100719424,77.37083060824068,31.131458469587965,1.4696105852021852,-3.826362184372441,0.46967371934521457,2
215983,S. Boufal,89.5356442119032,74.62393721386528,62.32831916285154,44.99672988881622,98.88816219751472,12.949640287769784,93.78678875081754,35.44800523217789,-4.7768014317977086,-3.197764348640232,0.4467700052601637,1
217031,T. Partey,33.485938521909745,55.72269457161544,83.97645519947679,84.0418574231524,55.65729234793984,73.51209941137998,75.99738391105298,10.595160235448004,2.6228395844439008,-1.8101142355758344,-1.1430097219953188,7
218549,Garry Rodrigues,78.54807063440157,73.7083060824068,30.608240680183123,17.39699149771092,85.4807063440157,26.55330281229562,74.68933943754088,37.21386527141923,-4.149379219816041,-1.223955077770119,1.3738596325377204,1
220656,Wanderson,70.43819489862655,64.68279921517332,46.17396991497711,27.20732504905167,92.28253760627861,35.644211903204706,95.02943100065401,39.11052975801177,-2.9891361469206967,-2.098950908245563,1.6465043623570796,1
222439,E. Rigoni,68.08371484630477,68.541530412034,27.53433616742969,34.92478744277305,83.32243296272073,27.599738391105298,50.098103335513414,20.470896010464358,-3.11093338575517,-0.3538588708441306,0.8450499970501598,1
222464,M. Mauro,2.354480052321779,44.408109875735775,9.483322432962721,68.4107259646828,0.5886200130804448,78.09025506867233,4.578155657292348,82.79921517331589,3.556940526656367,4.72724771832188,-0.11946086466826585,1
222770,Nélson Semedo,53.43361674296926,15.958142576847612,87.57357750163506,93.91759319816873,84.95748855461086,56.31131458469588,66.05624591236102,92.41334205362982,1.5368500669225895,-3.205542575636263,-0.721505675528472,3
223681,A. Sedlar,5.886200130804448,17.200784826684107,27.20732504905167,65.33682145192937,13.734466971877044,90.7782864617397,20.20928711576194,32.50490516677567,4.4512298136261865,2.5283611693430648,-0.05521188482305814,4
224080,G. Maripán,1.0464355788096795,31.262262916939175,13.996075866579464,57.09614126880314,1.962066710268149,96.99149771092218,18.901242642249834,71.68083714846306,4.7538943300740515,4.220154388212523,0.7255944627502803,2
225022,Rubén Duarte,28.973185088293,13.603662524525834,59.97383911052976,9.483322432962721,24.46043165467626,73.05428384565074,47.939829954218446,20.14388489208633,2.872340607488378,-0.0770360911315229,2.61006169268487,8
225084,Rubén García,79.85611510791367,63.76716808371484,67.36429038587312,24.59123610202747,62.720732504905165,36.8214519293656,76.06278613472858,75.67037279267495,-2.2616444788799837,-1.649163033529715,0.6551140780472412,9
225085,Fali,11.379986919555266,18.312622629169393,30.54283845650752,44.47351209941138,12.23021582733813,83.71484630477435,2.8122956180510137,43.29627207325049,3.915709927089897,2.370963265965901,0.3592339771900061,4
225089,José Luis Morales,93.06736429038587,84.63047743623284,27.07652060170046,5.362982341399607,94.50621321124918,11.903204708960105,42.38064094179202,96.33747547416613,-5.494016491309146,-0.672659017389455,0.5604515454512833,9
225939,Xavi Quintillà,38.32570307390451,7.325049051667756,84.107259646828,60.62786134728581,25.376062786134728,60.17004578155657,5.101373446697187,43.16546762589928,2.522397096996836,-1.6704110026885202,0.7454956796490622,2
225946,A. Sanabria,59.97383911052976,94.44081098757357,2.354480052321779,40.28776978417266,43.3616742969261,2.092871157619359,55.91890124264225,66.51406147809026,-4.89299555476783,5.000624772064742,-1.3130267233098591,5
225948,Rubén Peña,52.19097449313277,37.01765860039241,77.30542838456508,8.175277959450622,86.98495748855461,49.70568999345978,76.97841726618705,71.94244604316546,-0.13656650882561652,-2.2552482980020523,2.5530696537389277,8
225996,Diego Llorente,14.4538914323087,37.671680837148465,68.4107259646828,87.96599084368869,24.264224983649445,93.00196206671026,17.789404839764554,61.47809025506867,4.868204997794928,0.9850993499512872,-1.6370821776905566,6
226005,Burgui,87.05035971223022,73.11968606932636,43.884892086330936,26.357096141268805,93.39437540876389,21.0595160235448,51.406147809025505,91.95552648790058,-4.475312095062614,-1.9708066947395648,-0.17599724745131767,4
227756,J. Boga,81.81818181818183,83.32243296272073,18.051013734466974,53.564421190320466,91.95552648790058,7.979071288423806,43.81948986265533,98.49574885546109,-5.376757004993983,-0.01405526833257992,-1.4618789171336055,1
227894,J. Giménez,16.350555918901243,41.26880313930673,34.40156965336821,88.68541530412034,9.025506867233487,93.85219097449313,23.41399607586658,72.2040549378679,5.049868361989481,2.5419628716024505,-1.0592900303198554,12
228902,J. Calleri,81.3603662524526,91.17069980379333,5.232177894048397,1.4388489208633095,56.376716808371484,7.652060170045781,98.75735775016351,15.892740353172009,-5.661284646295375,4.6536550990964525,0.24404170612022305,4
228963,H. Traoré,38.45650752125572,17.920209287115764,84.49967298888163,69.19555264879006,48.79005886200131,69.06474820143885,17.462393721386526,28.188358404185742,2.5345796715564015,-1.7856335459426995,0.1551561023967607,2
230626,D. Ćaleta-Car,22.759973839110533,40.353172007848265,68.01831262262917,95.87965990843689,15.042511445389142,85.08829300196207,22.040549378678875,32.30869849574886,4.6499614789298525,0.9136529887996256,-2.278356556196913,1
230857,Yeray Álvarez,12.688031393067364,17.854807063440155,69.32635709614127,69.26095487246566,26.618705035971225,96.86069326357097,25.376062786134728,68.67233485938522,5.237886387050081,0.7943436217793568,-0.5395772122929886,9
230862,Íñigo Lekue,39.829954218443426,15.042511445389142,76.52060170045782,35.84041857423153,77.89404839764552,54.21844342707652,54.34924787442773,92.87115761935905,1.2611742334223834,-2.1088437713035795,2.13747848609221,9
230863,Unai López,49.83649444081099,57.357750163505564,93.72138652714193,79.79071288423808,50.49051667756703,50.22890778286462,40.876389797253104,9.090909090909092,0.7953307727830659,-3.067059827428933,-1.1912328139289097,9
230883,Ayoze Pérez,94.76782210595161,91.75931981687377,16.612164813603663,45.91236102027469,89.5356442119032,26.618705035971225,87.57357750163506,58.534990189666445,-5.258252382707164,0.23290815305132287,-0.32250568231836235,3
230895,Pere Pons,36.886854153041206,44.669718770438195,23.348593852190973,51.14453891432309,47.743623283191624,44.47351209941138,59.97383911052976,39.17593198168738,0.13044574836130898,0.5452672372801273,1.0002952548972743,5
230897,F. Cartabia,80.2485284499673,73.90451275343362,72.2694571615435,32.04708960104644,96.99149771092218,30.2812295618051,96.66448659254414,31.262262916939175,-3.6295312728851057,-3.265444435401942,0.8571530427979172,3
230934,Josep Señé,73.25049051667757,76.97841726618705,42.83845650752126,50.35971223021583,67.75670372792675,25.310660562459127,88.35840418574232,58.92740353172008,-2.9506451099063113,-0.18716949194769428,-1.0178447912681403,1
230955,Stoichkov,80.96795291039895,71.48463047743623,47.87442773054284,13.53826030085023,76.38979725310661,26.03008502289078,59.908436886854155,67.1680837148463,-3.381121154338989,-1.2466045394368208,0.5125133295299198,1
230970,M. Fatau,29.692609548724658,42.83845650752126,83.38783518639634,96.53368214519293,23.086984957488554,80.70634401569653,36.23283191628515,17.985611510791365,3.7588202638521833,-0.9534108322700138,-1.9415488117337032,1
231713,F. Bradarić,33.878351863963374,30.608240680183123,83.91105297580118,77.82864617396991,27.468933943754088,70.96141268803139,24.19882275997384,40.876389797253104,3.3787851659158696,-1.0419575520654245,-0.7706241169376306,1
234527,A. Halilović,79.98691955526488,76.12818835840417,54.34924787442773,47.87442773054284,98.10333551340746,14.4538914323087,5.886200130804448,95.35644211903205,-4.332165401129343,-2.408154471230291,-0.9491331685991432,3
237018,Deyverson,62.65533028122956,86.8541530412034,10.92217135382603,2.419882275997384,27.79594506213211,13.93067364290386,88.68541530412034,4.054937867887508,-3.603880412936775,4.205615611460658,-0.16248096622152278,3
237034,Gonçalo Guedes,87.70438194898627,76.78221059516024,52.779594506213215,21.386527141922826,98.82275997383911,14.32308698495749,83.06082406801832,92.34793982995421,-5.070777315382347,-2.7654745321340757,0.34705146030867273,7
237262,S. Babić,6.278613472858077,31.916285153695224,27.730542838456508,89.66644865925441,10.39895356442119,79.92151733158927,4.054937867887508,83.51863963374755,4.368977161319091,2.7611367279534615,-1.152111633492658,1
237269,S. Lukić,43.29627207325049,34.46697187704382,35.57880967952911,55.134074558535,60.10464355788096,52.91039895356442,54.807063440156966,13.1458469587966,0.6581740269750171,-0.01734486794942908,0.8393397696915255,1
238564,S. Weissman,62.78613472858077,88.68541530412034,0.3270111183780248,13.27665140614781,18.181818181818183,13.996075866579464,21.909744931327666,76.38979725310661,-4.98165938684344,5.620364937629488,-0.04564384667803634,2
239843,Zakaria Bakkali,86.59254414650098,74.23152387181165,36.886854153041206,20.994113799869197,94.57161543492478,19.097449313276652,71.94244604316546,39.829954218443426,-5.136880388704831,-1.752322061746797,0.8703804270607729,2
240445,Andreas Pereira,67.36429038587312,69.91497710922171,65.59843034663179,22.171353826030085,90.05886200130804,26.48790058862001,79.0058862001308,26.618705035971225,-2.9956043281922544,-2.14702206923508,0.6973904809150715,2
240567,O. Idrissi,95.16023544800524,76.19359058207979,73.25049051667757,40.745585349901894,97.12230215827337,22.759973839110533,63.113145846958794,61.08567691301504,-4.686045232170838,-3.64143847515744,-0.3018383774045334,1
240609,Á. Muñoz,32.962720732504906,42.51144538914323,44.21190320470896,54.74166121648136,26.55330281229562,67.56049705689993,40.353172007848265,21.321124918247218,2.427015677341723,0.7733242516910541,0.9132413797367228,1
240680,Aleix Febas,55.134074558535,49.50948332243296,62.197514715500326,83.51863963374755,78.54807063440157,38.39110529758012,58.60039241334205,79.39829954218443,-0.9952483117899285,-2.169589384406436,-0.7188099189601813,2
241945,P. Sisto,79.0058862001308,74.16612164813604,57.946370176586,64.68279921517332,95.9450621321125,12.36102027468934,68.47612818835842,98.10333551340746,-4.318103315085738,-2.661582785580135,-0.7464999815693795,4
242697,Kevin Vázquez,29.038587311968605,0.9156311314584695,62.26291693917593,36.8214519293656,32.831916285153696,66.18705035971223,62.91693917593199,17.724002616088946,3.015584445504468,-0.6917984452663224,2.700145352565569,5
247141,Iñaki Williams,97.05689993459778,86.39633747547416,17.069980379332897,2.289077828646174,82.53760627861347,17.593198168737736,85.21909744931328,96.59908436886853,-5.939052830199058,0.8535176917625344,-0.0394564318295952,12
247169,Diego González,6.0824068018312625,33.616742969260955,20.79790712884238,73.77370830608241,0.7194244604316548,88.35840418574232,2.354480052321779,22.825376062786134,4.372861372222152,3.4208806205052658,-0.03534316155561825,4
247207,Joan Jordán,51.60235448005233,55.461085676913015,91.95552648790058,88.55461085676913,51.60235448005233,50.49051667756703,63.76716808371484,11.249182472204055,1.5262879551355082,-2.7078154641014023,-1.420036245620942,8
247212,Rafa Navarro,54.28384565075213,48.13603662524526,59.908436886854155,47.02419882275997,62.197514715500326,46.23937213865271,16.873773708306082,59.58142576847612,0.1671772273436249,-1.184650200953674,0.6155140490733549,1
247219,Víctor Camarasa,47.28580771746239,59.908436886854155,49.117069980379334,82.14519293655984,48.005232177894044,36.886854153041206,37.01765860039241,84.107259646828,-0.44249960932166427,-0.4058690651202595,-1.296419224470331,5
247220,Jason,65.92544146500981,60.75866579463701,33.616742969260955,2.8122956180510137,78.02485284499673,36.69064748201439,73.83911052975802,22.694571615434924,-3.0692201665507493,-0.8136430875583431,2.3379849199756615,5
247222,Álvaro Medrán,43.884892086330936,68.67233485938522,75.0817527795945,80.70634401569653,43.68868541530412,43.81948986265533,45.12753433616743,18.116415958142575,0.6985731743994527,-0.9537700321264097,-1.7051596172536962,4
247671,N. Pépé,98.88816219751472,85.34990189666448,53.23741007194245,50.29431000654022,97.3185088293002,12.295618051013735,78.54807063440157,74.68933943754088,-6.019734874470368,-2.352809616236193,-0.8160808037657863,2
248846,M. Villanueva,4.512753433616743,19.48986265533028,24.787442773054284,68.21451929365598,11.18378024852845,84.82668410725964,11.772400261608896,46.958796599084366,4.389825918268173,2.8035516053528635,-0.2071640159430798,1
249917,M. Malsa,33.355134074558535,50.55591890124265,79.79071288423808,80.51013734466972,25.245258338783515,71.28842380640941,27.665140614780903,29.888816219751472,2.8134101204382724,-1.0698627591088496,-1.347155771455691,2
250805,Djené,7.848266841072596,3.5317200784826683,24.002616088947022,41.007194244604314,24.72204054937868,83.97645519947679,39.4375408763898,26.03008502289078,3.599901298271602,2.176195914296658,1.2418680509903826,9
250885,Santi Mina,71.68083714846306,91.49771092217135,11.772400261608896,34.139960758665794,46.89339437540877,14.257684761281883,89.404839764552,38.91432308698496,-4.490389907430302,2.7642479636013437,-0.76498303415156,8
250899,Carlos Vigaray,23.741007194244602,6.605624591236102,19.424460431654676,32.76651406147809,44.669718770438195,68.21451929365598,36.69064748201439,19.88227599738391,1.933242131170668,1.4168917129163476,2.698290538381405,5
251447,V. Muriqi,71.28842380640941,95.61805101373446,6.147809025506867,6.0824068018312625,28.44996729888816,3.924133420536298,89.86265533028123,59.71223021582733,-4.730666307237953,5.465355507941103,-0.6633890754154188,5
251565,Álvaro García,93.32897318508829,76.52060170045782,42.249836494440814,0.3924133420536298,78.8750817527796,38.84892086330935,22.10595160235448,85.15369522563768,-3.6706557479887065,-0.9907833763956152,1.2734380529811875,6
251570,M. Sylla,60.10464355788096,81.75277959450621,1.7004578155657293,1.2426422498364944,46.82799215173316,11.05297580117724,58.92740353172008,27.141922825376064,-4.629568099459616,4.980716637198114,1.1909875981692502,2
252924,F. Angileri,21.778940483976456,9.287115761935906,28.253760627861347,10.464355788096794,38.52190974493133,63.83257030739045,44.146500981033356,47.02419882275997,2.426280130312114,0.9959049477327476,2.9219577973058977,1
254188,N. Leiva,66.71026814911707,57.8809679529104,60.36625245258339,24.9836494440811,77.82864617396991,33.94375408763898,61.60889470241988,17.920209287115764,-2.317699965776003,-1.843145059820655,1.0030991215260507,1
254189,Ivi López,78.09025506867233,64.55199476782211,60.62786134728581,7.325049051667756,88.55461085676913,33.28973185088293,93.85219097449313,40.02616088947024,-3.074941121275182,-2.3071209772469943,2.1584345606519753,1
254408,Á. Correa,98.6265533028123,87.63897972531066,34.270765206017,27.926749509483322,80.70634401569653,23.021582733812952,92.67495094833225,52.256376716808376,-5.412633947627364,-1.015654926410851,-0.04925528551175599,10
254649,T. Asano,80.77174623937215,80.18312622629169,11.576193590582081,6.801831262262917,75.47416612164814,21.909744931327666,62.85153695225638,86.26553302812296,-4.477979795110999,1.8479645549537216,1.17881826508567,1
254898,Kenedy,66.64486592544147,72.4002616088947,19.7514715500327,4.578155657292348,84.82668410725964,34.79398299542184,94.96402877697841,24.06801831262263,-3.875471308963989,-0.04112236317867919,2.0108342513052495,2
255254,Danilo Barbosa,35.31720078482669,54.54545454545454,30.869849574885542,54.21844342707652,55.199476782210596,51.07913669064749,84.43427076520602,29.431000654022238,0.6448511532209961,0.4395609198982331,0.4325776982434287,1
255256,Arthur,51.47155003270111,51.73315892740354,97.90712884238064,99.34597776324395,72.33485938521909,40.745585349901894,28.12295618051014,90.64748201438849,1.0836936163396351,-4.690660191952948,-4.088603170137457,3
255433,Ricardo Horta,66.38325703073905,73.25049051667757,37.73708306082407,41.26880313930673,70.37279267495094,32.570307390451276,31.000654022236755,63.30935251798561,-2.5841331602516444,-0.7367566845391881,0.2859507535820563,2
255738,J. Lerma,37.47547416612165,52.06017004578156,59.12361020274689,59.97383911052976,30.673642903858735,62.85153695225638,57.75016350555919,7.063440156965337,1.7375036036808995,-0.04720402433860765,-0.16698142933642807,2
256854,L. Suárez,61.87050359712231,74.9509483322433,28.38456507521256,50.03270111183781,61.47809025506867,29.23479398299542,51.3407455853499,74.16612164813604,-2.312033965280904,0.33321547663456574,-0.40014018435842585,1
256998,E. Bailly,1.5042511445389144,6.017004578155658,23.28319162851537,79.20209287115762,16.08894702419882,86.919555264879,14.388489208633093,13.40745585349902,4.973175496785386,3.025035105353949,-0.06227989057900855,4
257752,M. Moreno,91.10529758011772,79.26749509483322,24.19882275997384,17.462393721386526,94.37540876389797,19.555264879005886,91.89012426422498,61.60889470241988,-5.86519563257124,-1.188258397991769,1.0335975423003123,1
258022,V. Tsygankov,96.20667102681492,75.93198168737737,50.03270111183781,34.66317854807063,88.1621975147155,22.10595160235448,64.15958142576848,99.08436886854153,-4.082210165016381,-1.9703323027145123,-0.2372548178462317,4
258264,L. Jović,85.15369522563768,97.05689993459778,13.734466971877044,62.720732504905165,42.249836494440814,11.510791366906476,45.519947678221065,58.27338129496403,-4.558186517596632,2.644927589313786,-3.0417030792633475,1
258591,O. Alderete,18.378024852844995,40.876389797253104,64.02877697841727,5.951602354480053,31.5892740353172,91.75931981687377,35.77501635055592,18.966644865925442,4.466598493771311,1.5127999810200898,0.9123632176079524,4
258625,L. Abram,3.924133420536298,34.2053629823414,27.27272727272727,83.91105297580118,0.7848266841072596,83.58404185742316,10.39895356442119,45.45454545454545,4.841502224303727,3.0051833687621694,-0.7789702296302476,1
258907,R. Assalé,92.74035317200784,89.01242642249836,24.59123610202747,46.63178548070634,83.71484630477435,4.381948986265534,41.465009810333555,73.31589274035318,-5.690444751450776,-0.2097643794919708,-1.5193848506599257,1
259946,A. Peñaranda,65.14061478090255,79.20209287115762,10.464355788096794,32.831916285153696,83.64944408109875,9.287115761935906,95.68345323741008,1.3734466971877044,-5.7076110576074806,1.6568816441697891,0.09889349566913123,2
261127,A. Januzaj,95.61805101373446,81.49117069980379,79.13669064748201,22.629169391759323,98.95356442119032,7.1942446043165464,97.3185088293002,54.74166121648136,-6.276505658740697,-3.809066702080847,-0.02891348796363924,6
262121,D. Vavro,23.217789404839763,26.81491170699804,81.09875735775016,72.79267495094834,29.823413996075864,79.13669064748201,7.848266841072596,50.752125572269456,4.204147601247186,-0.4185013160051699,-0.6580180525724378,1
263091,Gerard Gumbau,39.30673642903859,53.302812295618054,65.40222367560497,51.66775670372793,23.54480052321779,43.23086984957489,39.04512753433617,2.877697841726619,1.28919078566991,-0.3459263020417592,0.14897308444849655,6
263105,Pablo Maffeo,47.02419882275997,27.665140614780903,53.8914323086985,8.894702419882277,82.66841072596468,53.43361674296926,89.14323086984957,62.26291693917593,0.4542418719374262,-1.0585482980876262,2.997116390632364,7
263147,M. Miazga,0.5886200130804448,32.50490516677567,17.985611510791365,65.20601700457816,0.2616088947024199,98.88816219751472,20.994113799869197,56.50752125572269,5.213087755471735,3.9749790272978607,0.05361658565418965,1
265369,U. Agbo,36.23283191628515,21.386527141922826,79.72531066056246,89.60104643557881,55.00327011118378,69.13015042511445,86.13472858077175,2.027468933943754,2.4896251090062087,-1.778334145968262,-0.3664973577815155,1
265376,M. Simon,76.06278613472858,62.720732504905165,45.781556572923485,8.240680183126226,89.20863309352518,34.66317854807063,70.76520601700457,77.24002616088947,-2.9855121049862037,-1.5717388633302736,1.5620999431203209,1
265807,José Naranjo,51.01373446697187,70.04578155657293,13.342053629823415,34.009156311314584,48.92086330935252,37.08306082406802,62.45912361020275,26.357096141268805,-1.6695086423470455,2.1751507586254384,0.6940497763155619,1
265833,N. Maraš,2.092871157619359,12.23021582733813,24.264224983649445,78.61347285807717,2.877697841726619,94.31000654022237,8.436886854153041,40.614780902550685,5.0693968060992844,3.196996611258451,-0.571260821563551,1
265864,N. Maksimović,31.654676258992804,54.28384565075213,9.221713538260301,45.71615434924787,14.388489208633093,75.53956834532374,32.17789404839764,96.1412688031393,0.5792302428984336,3.263876137278374,0.5651920298741658,7
266885,M. Olunga,85.87311968606932,96.86069326357097,8.240680183126226,39.63374754741661,41.07259646827992,13.080444735120993,63.570961412688035,38.71811641595814,-4.958827597018445,3.8690999364236855,-1.72477266358973,1
268776,W. Hoedt,9.221713538260301,7.455853499018966,80.70634401569653,91.69391759319817,16.285153695225638,97.71092217135383,18.247220405493785,59.31981687377371,5.918757875996172,0.23015895694738384,-0.946263413562068,1
269060,P. Hernández,41.137998691955524,55.52648790058862,89.14323086984957,78.09025506867233,51.14453891432309,57.8809679529104,98.03793328973185,1.831262262916939,1.8254337194437904,-1.196484491751164,-1.026385555871966,4
269137,T. Bongonda,70.76520601700457,72.2040549378679,15.958142576847612,24.85284499672989,94.89862655330282,21.451929365598428,60.30085022890779,88.03139306736429,-4.312705101948674,0.09438466048080156,0.8742122762130241,3
270037,M. Valjent,9.287115761935906,12.09941137998692,29.758011772400263,77.17462393721387,17.39699149771092,81.16415958142576,3.008502289077829,91.36690647482014,4.380939119696671,2.220368502889056,-0.03917124020539682,6
270866,Diego Carlos,17.724002616088946,46.1085676913015,77.43623283191629,95.68345323741008,4.774362328319163,93.91759319816873,1.962066710268149,59.45062132112492,5.39047355927442,1.3379600199120485,-2.841319752921192,3
274344,B. Santamaria,42.83845650752126,51.14453891432309,81.22956180510137,71.55003270111185,49.378678875081754,51.275343361674295,35.5134074558535,31.85088293001962,1.875481314315505,-1.0106588770125136,-0.956149683590354,1
274435,E. Ünal,70.17658600392413,94.50621321124918,5.101373446697187,10.725964682799214,41.33420536298234,1.4388489208633095,99.34597776324395,25.441465009810333,-5.67247358688831,4.807757048770931,-0.4056272891514108,6
275293,Samu García,80.44473512099411,65.46762589928058,66.31785480706344,15.827338129496402,50.098103335513414,33.02812295618051,68.27992151733159,59.908436886854155,-2.151191434967777,-1.2407671547485637,0.4019898722285266,3
275296,David Costas,4.251144538914323,5.101373446697187,51.20994113799869,90.51667756703729,9.61412688031393,86.33093525179856,20.66710268149117,65.92544146500981,5.283616572869223,1.5302309649558616,-0.8380239930340654,2
275298,Adri Embarba,79.92151733158927,74.36232831916286,32.43950294310007,3.0739045127534337,93.72138652714193,27.730542838456508,92.34793982995421,56.96533682145193,-4.290315641485544,-1.165980457951866,2.393115659429661,8
275338,Borja Iglesias,83.45323741007195,97.84172661870504,5.820797907128843,18.705035971223023,31.06605624591236,4.4473512099411385,59.71223021582733,63.113145846958794,-6.059377147334137,3.904892041225738,-1.1335126456648996,8
275384,Jorge Meré,1.1772400261608895,11.118378024852845,18.770438194898624,68.47612818835842,11.249182472204055,97.84172661870504,17.527795945062135,90.97449313276651,4.907786907405502,2.994278891912564,-0.03340061205862878,4
275417,Gonzalo Melero,51.53695225637671,73.6429038587312,39.11052975801177,84.17266187050359,44.538914323086985,40.614780902550685,28.253760627861347,40.41857423152388,-0.4099878921990096,0.3891704812564433,-1.627757435194627,6
275419,Luis Rioja,72.13865271419229,61.739699149771084,27.926749509483322,3.5317200784826683,92.217135382603,30.019620667102682,53.82603008502289,93.5251798561151,-3.5588619822400913,-0.9247665104057424,1.877768947777956,6
275485,Josan,61.34728580771747,48.005232177894044,48.724656638325705,20.07848266841073,88.88162197514716,41.726618705035975,67.42969260954872,78.67887508175278,-1.612300374541983,-1.8505670705115005,2.1282109726145837,3
276944,J. Bamba,88.94702419882276,68.47612818835842,51.60235448005233,29.954218443427077,96.79529103989536,22.563767168083714,82.40680183126227,94.89862655330282,-4.344152052022086,-2.6045882461913368,0.7443422692086745,2
276979,F. Mendy,47.54741661216481,20.601700457815568,76.71680837148463,96.46827992151734,70.63440156965338,55.59189012426422,10.464355788096794,82.99542184434272,1.082676928991063,-2.22643869768738,-1.432202066867699,6
278007,F. Ricca,28.64617396991498,17.462393721386526,61.60889470241988,19.35905820797907,25.964682799215172,70.63440156965338,52.32177894048397,17.789404839764554,3.218014929354056,0.32217352909694785,2.228065743377451,3
278015,J. Rodríguez,83.51863963374755,89.66644865925441,4.4473512099411385,8.436886854153041,67.56049705689993,6.736429038587312,75.40876389797253,14.4538914323087,-5.91328982763607,3.6554873744479432,0.24327078617516945,1
278049,E. Cabaco,3.662524525833878,14.388489208633093,34.59777632439503,33.747547416612164,8.502289077828646,90.71288423806409,17.985611510791365,5.689993459777633,4.885520530560989,2.413479091114401,0.8246099414206002,4
278278,Munir El Haddadi,77.50163505559189,86.7233485938522,19.097449313276652,36.429038587311965,64.74820143884892,23.93721386527142,81.49117069980379,76.06278613472858,-4.350165423945181,0.8570813578316888,-0.5739319589547844,10
278288,Aritz Elustondo,23.54480052321779,31.32766514061478,64.29038587311967,77.24002616088947,29.16939175931982,80.18312622629169,29.038587311968605,78.15565729234794,4.036917607903624,0.7217915505803212,-0.3948349726123456,10
278289,Álvaro Odriozola,74.55853499018966,13.865271419228254,70.69980379332897,66.38325703073905,91.89012426422498,44.408109875735775,4.185742315238718,98.23413996075867,-1.4443094003060208,-3.038472516679678,1.107209511007829,4
278324,Carlos Fernández,66.44865925441465,86.26553302812296,9.548724656638326,6.605624591236102,47.61281883584042,11.96860693263571,97.44931327665141,1.4388489208633095,-4.6099458073123945,3.385790557480997,0.6532098473149794,4
278348,Enric Gallego,71.94244604316546,83.19162851536952,7.521255722694571,1.1772400261608895,31.196860693263574,4.905166775670373,99.28057553956835,3.0739045127534337,-4.88155578385399,4.734868288617361,0.4410946680202984,3
278383,Álvaro Jiménez,80.57553956834532,62.65533028122956,41.79202092871158,1.7658600392413342,93.91759319816873,22.23675604970569,95.9450621321125,14.257684761281883,-4.429042601214149,-2.271553541829937,2.884729211973889,1
278867,S. Janko,41.33420536298234,12.818835840418574,49.9672988881622,21.909744931327666,64.15958142576848,59.189012426422494,65.729234793983,37.01765860039241,1.254620523942826,-0.5356800829733348,2.6295331150838885,1
279526,W. Kaptoum,50.22890778286462,52.71419228253761,57.42315238718116,75.34336167429693,71.94244604316546,43.49247874427731,66.38325703073905,38.52190974493133,0.2462836860339582,-1.1072397684406503,-0.6568871546312492,1
279533,Mario Hermoso,21.451929365598428,44.146500981033356,86.59254414650098,81.621975147155,22.10595160235448,77.24002616088947,8.763897972531067,70.56899934597777,4.657422397691278,-0.03390142474041643,-1.294437039744169,7
279538,Marcos Llorente,63.50555918901243,48.6592544146501,59.64682799215173,65.40222367560497,65.33682145192937,47.482014388489205,32.11249182472204,69.26095487246566,-0.3016416673573013,-1.362326858749681,0.2002656182472012,10
279539,Javi Muñoz,51.73315892740354,53.62982341399608,59.58142576847612,50.81752779594506,42.642249836494436,41.26880313930673,15.238718116415958,64.22498364944408,-0.11516718753807456,-0.9305655849321612,0.00651957429721561,2
279545,L. Hernández,12.753433616742967,5.624591236102027,32.17789404839764,65.66383257030739,34.40156965336821,91.03989535644213,45.91236102027469,64.68279921517332,3.783466344664292,1.4881531835299155,0.9184368135935296,4
279555,Iván Alejo,65.53302812295618,51.798561151079134,26.880313930673644,0.06540222367560497,95.74885546108568,34.139960758665794,99.9345977763244,0.1962066710268149,-3.7648837247816314,-1.2571235222905297,5.0279512546003025,5
279560,Andoni Gorosabel,46.82799215173316,10.5297580117724,65.7946370176586,56.50752125572269,56.04970568999346,64.94440810987574,24.395029431000655,72.00784826684107,1.4026595167266904,-1.6876404670964666,1.571429808028085,7
279566,Jon Guridi,57.03073904512753,65.66383257030739,18.901242642249834,52.51798561151079,41.66121648136036,36.75604970568999,39.63374754741661,62.720732504905165,-1.4868630583268936,1.3322837112397068,-0.3835420059239976,3
279567,Martín Merquelanz,88.29300196206671,72.92347939829953,65.07521255722695,29.431000654022238,86.26553302812296,28.9077828646174,48.07063440156965,86.39633747547416,-3.750146834408344,-2.4220925391936707,0.10757677661303046,1
279569,Sangalli,60.23544800523217,60.30085022890779,58.142576847612816,38.32570307390451,71.55003270111185,34.72858077174624,77.10922171353826,81.5565729234794,-1.6981309716131394,-1.5464596076789523,0.24953517668337272,1
279571,Jon Bautista,72.85807717462393,92.54414650098103,2.158273381294964,17.527795945062135,33.093525179856115,8.960104643557882,79.20209287115762,32.8973185088293,-4.81486356812612,5.385782929302515,-0.5130194479386685,1
280383,E. Bardhi,58.011772400261606,73.31589274035318,58.27338129496403,34.99018966644866,74.55853499018966,34.07455853499019,48.724656638325705,32.11249182472204,-2.081734705763997,-1.643946113001222,0.3913636451655082,5
281069,Robin Le Normand,15.500327011118378,30.085022890778284,52.51798561151079,96.07586657946369,16.873773708306082,87.31196860693264,21.648136036625246,56.89993459777632,4.516825082471984,1.575381986772063,-2.0612924461437276,7
281255,E. Mor,93.00196206671026,67.56049705689993,52.06017004578156,13.93067364290386,97.2531066056246,13.1458469587966,94.76782210595161,34.59777632439503,-5.416569441486208,-2.8093656518388395,1.5323964566574952,2
282438,Aarón Martín,34.33616742969261,1.6350555918901242,54.937867887508176,36.886854153041206,58.79659908436887,56.96533682145193,21.778940483976456,67.75670372792675,1.682419587124745,-0.7927359482460634,2.3680645008859775,3
282439,Lluis López,8.763897972531067,24.002616088947022,48.986265533028124,88.42380640941792,7.586657946370176,83.78024852844996,6.801831262262917,65.20601700457816,4.902791392431661,1.7091312170607775,-1.2681351188947412,1
282441,Jesús Vallejo,4.839764551994768,1.0464355788096795,31.06605624591236,54.937867887508176,9.87573577501635,74.49313276651407,2.943100065402224,87.83518639633748,4.655694443855671,2.0883346390951547,0.637703463791884,3
282442,Carles Aleñà,52.648790058862005,63.37475474166122,37.60627861347286,53.10660562459124,58.862001308044476,32.17789404839764,65.14061478090255,34.009156311314584,-1.9379080833382911,-0.4546711013841333,-0.0677176555853332,8
282444,Sergi Canós,81.42576847612818,69.06474820143885,49.83649444081099,4.643557880967953,75.86657946370177,32.11249182472204,78.61347285807717,44.86592544146501,-2.731692516964479,-1.321011919838926,1.4433435134168933,2
282448,Aleix García,52.38718116415958,50.16350555918901,94.50621321124918,91.56311314584697,43.55788096795291,60.82406801831263,13.799869195552649,97.3839110529758,1.787460300023008,-3.1789980024663933,-1.903820002644974,5
282449,Asier Villalibre,85.02289077828647,93.91759319816873,2.289077828646174,2.877697841726619,50.35971223021583,3.989535644211903,88.1621975147155,87.24656638325703,-6.3455332164873335,4.7763331462409475,-0.3166644086095636,4
282790,D. Sow,48.52844996729889,58.07717462393721,35.84041857423153,82.73381294964028,38.1294964028777,45.781556572923485,29.300196206671025,33.485938521909745,0.3691471739111389,0.1014746441840922,-0.9728143675517577,3
284322,E. Ponce,62.39372138652715,90.97449313276651,3.793328973185088,40.614780902550685,38.91432308698496,12.23021582733813,79.72531066056246,19.94767822105952,-4.4574033151617964,4.828215472929975,-0.8055977602443184,3
285109,F. Kessié,60.36625245258339,70.30739045127534,43.49247874427731,73.05428384565074,47.67822105951603,41.33420536298234,25.506867233485934,29.496402877697843,-0.7215719836420351,0.09043774324655512,-1.4740160000016131,1
285509,I. Success,94.96402877697841,80.44473512099411,27.665140614780903,2.6160889470241986,95.22563767168084,5.297580117724002,97.2531066056246,18.770438194898624,-6.749090874186024,-1.0134408019784966,0.8451424619307454,2
285590,S. Amrabat,41.26880313930673,31.196860693263574,96.72988881621976,95.81425768476129,53.43361674296926,74.29692609548725,38.06409417920209,42.249836494440814,3.267843413131263,-3.5804904028998377,-1.7821643010706336,1
285727,L. Dimata,65.99084368868542,84.76128188358403,4.054937867887508,19.22825376062786,57.48855461085677,12.034009156311315,73.90451275343362,42.96926095487247,-4.908108116536217,3.991436952168361,0.00835222856897116,1
285743,D. van de Beek,79.07128842380641,68.14911706998038,21.386527141922826,48.201438848920866,48.33224329627207,37.933289731850884,36.75604970568999,27.468933943754088,-2.0645130974172465,0.7268526606157921,-0.1300229848873056,1
286030,K. Bare,31.262262916939175,29.365598430346633,76.91301504251145,79.33289731850883,38.58731196860693,64.35578809679528,49.50948332243296,23.28319162851537,2.765969662317258,-1.3739435494728298,-0.2827714403364819,2
286248,V. Kravets,53.23741007194245,26.422498364944406,81.75277959450621,27.01111837802485,75.27795945062132,54.937867887508176,56.24591236102028,19.816873773708306,0.7730663670340504,-2.435744311383961,2.049266592736412,1
286390,O. Dembélé,99.80379332897319,86.00392413342054,92.41334205362982,49.31327665140615,99.9345977763244,8.894702419882277,77.6978417266187,91.62851536952257,-6.923162355061643,-5.995527095942288,-1.4810412762055796,5
286448,M. Arambarri,29.954218443427077,56.11510791366906,19.88227599738391,28.38456507521256,41.203400915631136,60.23544800523217,80.70634401569653,6.540222367560497,0.5111502599505149,1.0287138555650166,1.42796102894847,8
286830,P. Roberts,88.75081752779595,68.21451929365598,48.33224329627207,30.412034009156315,95.42184434270766,22.825376062786134,86.7887508175278,92.47874427730542,-4.599421055775399,-2.569546749303406,0.8401225704834553,1
286963,Mikel Vesga,33.747547416612164,51.929365598430344,66.25245258338784,59.189012426422494,24.59123610202747,63.963374754741665,67.1680837148463,36.167429692609545,2.3630527222514104,-0.3452135617441413,-0.02642508413403741,9
286994,Adrián Marín,27.599738391105298,7.063440156965337,39.829954218443426,20.20928711576194,47.08960104643558,69.7841726618705,23.93721386527142,46.304774362328324,2.368825019576209,0.2144554610082814,2.674361128031822,3
287003,Benito Ramírez,64.68279921517332,55.91890124264225,71.22302158273382,19.293655984303467,85.34990189666448,39.04512753433617,57.619359058207976,67.88750817527796,-1.620633713992371,-2.579250629769064,1.945838110606424,2
287219,M. Uzuni,66.18705035971223,89.4702419882276,2.8122956180510137,14.780902550686722,45.45454545454545,18.181818181818183,36.29823413996076,66.18705035971223,-4.84553852858875,4.029164816946502,0.4174152372401615,2
288081,S. McKenna,11.903204708960105,24.59123610202747,48.07063440156965,89.14323086984957,11.05297580117724,84.36886854153042,25.899280575539567,81.49117069980379,4.809882694352196,1.9888314100337705,-1.400748816459632,1
288091,Marco Asensio,98.10333551340746,82.60300850228907,85.08829300196207,69.91497710922171,96.53368214519293,23.28319162851537,26.095487246566385,98.82275997383911,-4.434327273423048,-3.8293159514116577,-2.078314283475972,7
288108,Josema,21.255722694571617,10.202746893394375,61.54349247874428,54.087638979725305,40.15696533682146,73.57750163505558,11.70699803793329,65.66383257030739,3.579923326072816,0.22176863348600023,0.7512674378528995,1
288112,C. Starfelt,6.540222367560497,32.8973185088293,26.422498364944406,95.42184434270766,6.932635709614127,99.41137998691956,16.08894702419882,75.80117724002616,4.646155478639451,2.97823103153015,-1.375537444322918,3
288865,O. McBurnie,77.04381948986266,84.2380640941792,3.8587311968606928,15.042511445389142,41.85742315238718,21.124918247220407,70.43819489862655,51.73315892740354,-4.6637555772739985,4.711122458807394,-0.3258597776908672,1
290215,Dani Ndi,82.01438848920863,81.42576847612818,19.35905820797907,36.69064748201439,78.74427730542838,9.679529103989536,85.02289077828647,41.726618705035975,-4.948330543690035,1.004478736627672,-0.7286990289941057,1
290954,K. Tierney,33.68214519293656,1.3734466971877044,94.44081098757357,63.70176586003924,46.56638325703074,76.12818835840417,32.63570961412688,87.31196860693264,4.05486018364643,-2.6930134348232917,0.6666205041897232,1
291231,Toni Martínez,65.07521255722695,88.29300196206671,1.962066710268149,4.381948986265534,45.192936559843034,17.920209287115764,73.57750163505558,68.01831262262917,-4.51374897759377,5.477782535854838,0.5496803404774583,2
291528,D. Lukébakio,93.65598430346633,90.25506867233486,24.395029431000655,34.79398299542184,96.07586657946369,13.01504251144539,95.42184434270766,83.58404185742316,-6.236570324257414,-0.7346963507287887,-0.3589723809424931,2
292654,M. Diakhaby,15.696533682145192,42.77305428384565,28.58077174623937,83.84565075212556,21.255722694571617,94.702419882276,13.53826030085023,37.671680837148465,4.518115466734807,2.66624151011111,-0.8166206580147654,8
292991,M. Lemos,6.867233485938522,46.76258992805755,71.55003270111185,93.98299542184434,14.650098103335512,82.99542184434272,2.485284499672989,26.68410725964683,5.41545895357468,1.2511016216850588,-2.068960653836017,3
293333,M. Ristić,44.800523217789404,20.27468933943754,82.53760627861347,23.610202746893393,75.0817527795945,50.16350555918901,57.946370176586,47.939829954218446,0.9747292318413272,-2.355182206274267,2.1712412794371163,2
293862,Nacho Gil,64.4211903204709,60.039241334205364,43.68868541530412,38.84892086330935,68.93394375408764,32.50490516677567,79.13669064748201,54.087638979725305,-2.3166304301908913,-1.2496619210510311,0.7411859064321547,1
294415,Reinildo,22.49836494440811,10.333551340745585,51.66775670372793,70.50359712230215,46.17396991497711,82.66841072596468,46.63178548070634,18.051013734466974,3.393242120379079,0.17646933965409195,1.036340366994328,4
295225,Fede San Emeterio,13.01504251144539,9.156311314584697,20.863309352517987,63.76716808371484,4.643557880967953,68.73773708306082,43.4270765206017,2.092871157619359,2.953921060791559,1.7007344378667204,0.8688596936618317,4
295234,Sergio González,12.09941137998692,33.747547416612164,55.65729234793984,80.3793328973185,15.892740353172009,80.77174623937215,20.601700457815568,79.79071288423808,4.920543839565328,1.741241129455247,-0.9888739856709432,1
297043,F. Cervi,62.589928057553955,54.74166121648136,47.02419882275997,30.085022890778284,65.46762589928058,48.6592544146501,76.324395029431,67.36429038587312,-0.9846380580638456,-1.3962932914380588,1.8011442351895666,3
297921,Pacha,42.249836494440814,16.546762589928058,71.81164159581425,0.9156311314584695,55.91890124264225,59.64682799215173,75.34336167429693,43.754087638979726,1.7965788644258216,-1.456351220598332,3.938456437489294,5
298353,José Martínez,10.071942446043165,10.856769130150425,34.139960758665794,67.88750817527796,9.74493132766514,85.61151079136691,22.3675604970569,88.88162197514716,4.678799261696845,1.9266426791834803,-0.1068404465669959,1
299246,Marcão,20.470896010464358,32.570307390451276,45.84695879659908,84.69587965990843,25.768476128188354,83.84565075212556,43.29627207325049,10.26814911706998,3.866344803989631,1.4693640524687952,-0.7532887196733488,2
300485,Malcom,97.44931327665141,84.17266187050359,73.38129496402878,75.0817527795945,86.7887508175278,15.304120340091561,22.825376062786134,92.67495094833225,-4.643173723358689,-2.4743724120043313,-2.6135643675143956,1
301016,R. Perraud,51.798561151079134,37.54087638979725,70.30739045127534,33.81294964028777,71.68083714846306,53.172007848266844,45.062132112491824,25.572269457161546,0.4788619898687537,-1.907916000838512,1.9502741771302052,1
302292,M. Ødegaard,88.42380640941792,72.07325049051668,95.02943100065401,78.74427730542838,91.23610202746893,23.152387181164162,49.31327665140615,96.20667102681492,-3.0335507863336475,-4.922119220566984,-2.2614291245355447,1
302540,José Carlos,6.474820143884892,0.3270111183780248,77.76324395029431,60.431654676258994,25.899280575539567,94.50621321124918,34.139960758665794,54.34924787442773,5.43706867678786,-0.03430009382573556,0.7083773974380706,1
302542,Nacho Vidal,33.616742969260955,27.86134728580772,49.18247220405494,15.892740353172009,44.408109875735775,68.60693263570961,65.46762589928058,33.747547416612164,2.1328045031215157,-0.08436845637995807,2.869241291291752,7
302550,Brais Méndez,68.34532374100719,75.53956834532374,67.75670372792675,56.76913015042512,52.51798561151079,36.29823413996076,77.30542838456508,13.080444735120993,-1.944784580319929,-1.455682148034802,-0.40716729690689374,9
303078,G. Suazo,53.36821451929366,9.941137998691955,85.4807063440157,50.098103335513414,64.55199476782211,63.89797253106606,49.378678875081754,55.134074558535,1.6358723283448815,-2.7230486115035704,1.7846072896225,1
326523,Dani Ceballos,55.2648790058862,45.71615434924787,98.43034663178548,93.26357096141268,82.93001962066711,48.33224329627207,78.15565729234794,29.692609548724658,0.8751166247447294,-5.498319190188535,-1.6724242833378735,6
326525,Lucas Ahijado,46.43557880967953,24.46043165467626,77.37083060824068,32.962720732504906,58.534990189666445,57.48855461085677,64.81360366252453,57.357750163505564,1.773274189360764,-1.79992844746826,1.6757623856413923,1
326535,Toni Lato,40.941792020928716,7.848266841072596,60.75866579463701,31.196860693263574,43.754087638979726,55.2648790058862,21.451929365598428,24.19882275997384,1.5941837717922325,-0.8836404129522301,2.37558429360281,8
326547,E. Buendía,54.54545454545454,54.67625899280576,72.85807717462393,60.039241334205364,75.60497056899933,49.117069980379334,80.44473512099411,14.977109221713539,0.13298643837645432,-2.3476053939543613,0.7348551689398974,1
329064,C. Larin,85.28449967298887,96.20667102681492,1.1118378024852846,7.063440156965337,45.781556572923485,2.289077828646174,86.98495748855461,27.926749509483322,-6.078941093325555,5.665454950555114,0.1002956831299704,3
330728,Domingos Duarte,11.641595814257686,19.032047089601043,24.32962720732505,58.92740353172008,9.417920209287116,89.20863309352518,9.810333551340745,55.06867233485938,4.239525204736615,2.883081557253455,-0.1835013502567863,7
331385,M. García,78.74427730542838,66.51406147809026,49.247874427730544,42.31523871811642,83.91105297580118,33.224329627207325,72.59646827992152,85.08829300196207,-3.067058768540336,-1.937998106349617,0.5675835883439458,1
331583,Dani Calvo,5.232177894048397,24.264224983649445,24.46043165467626,77.30542838456508,7.1942446043165464,83.45323741007195,9.61412688031393,70.76520601700457,4.376125897532351,2.8873310643532415,-0.2625375339295853,2
333565,S. Chakla,0.7848266841072596,17.26618705035971,17.527795945062135,26.94571615434925,5.362982341399607,87.76978417266187,41.85742315238718,13.996075866579464,4.195967031714484,3.37156617259411,1.3951047244648822,1
333571,L. Torreira,31.785480706344018,37.86788750817528,80.44473512099411,91.95552648790058,20.601700457815568,77.82864617396991,30.085022890778284,32.63570961412688,3.583202435354952,-0.7863074996262347,-1.647881603224369,1
334154,A. Tuhami,36.10202746893395,58.27338129496403,14.257684761281883,41.137998691955524,41.39960758665794,45.65075212557227,70.04578155657293,5.624591236102027,-0.12017952797829563,2.283574875921238,1.3209371085393105,2
334175,Óscar Valentín,19.816873773708306,15.173315892740352,43.55788096795291,68.34532374100719,25.179856115107913,96.33747547416613,87.70438194898627,7.390451275343361,3.2619517777440308,-0.2910233895311391,1.403355026342601,5
334817,L. Boyé,76.19359058207979,88.2275997383911,7.390451275343361,26.03008502289078,72.2694571615435,15.631131458469588,100,7.979071288423806,-5.360802960896348,3.2040264743568274,0.7730147177922002,5
336371,Guilherme Arana,46.50098103335513,48.07063440156965,44.47351209941138,48.39764551994768,55.78809679529104,50.752125572269456,39.30673642903859,47.351209941138,0.6791375518459591,-0.214357928654473,0.574719489613011,1
336517,A. Dovbyk,96.40287769784173,99.47678221059516,0.9810333551340745,16.677567037279267,29.431000654022238,0.45781556572923476,27.33812949640288,90.05886200130804,-6.890864459370228,5.687289186737507,-2.0476035337919316,1
337068,J. Pombo,81.621975147155,77.50163505559189,63.63636363636363,45.519947678221065,91.36690647482014,27.20732504905167,84.107259646828,56.44211903204709,-3.6498954141057967,-2.4199546796249587,-0.11102029124189731,1
337070,Toni Villa,80.11772400261609,63.50555918901243,47.61281883584042,25.899280575539567,97.51471550032701,29.16939175931982,95.74885546108568,66.44865925441465,-3.7787129833008617,-2.6344071018417345,1.6507066935869472,4
338201,E. Boateng,65.33682145192937,95.09483322432962,0.5232177894048398,22.890778286461742,31.85088293001962,9.87573577501635,74.29692609548725,9.87573577501635,-5.2642786664686,6.0926122559662375,-0.7120709856393608,2
338429,A. Radovanović,0.2616088947024199,5.5591890124264225,23.80640941792021,75.60497056899933,1.1118378024852846,98.43034663178548,7.063440156965337,30.215827338129497,5.245841474276496,3.0814764645139365,0.11179168781110896,1
339690,G. González,38.194898626553304,11.379986919555266,63.1785480706344,35.38260300850229,33.616742969260955,64.15958142576848,51.53695225637671,29.823413996075864,2.2284453757136773,-0.5287697685827464,1.996160440782756,2
339789,Mikel Merino,54.937867887508176,65.40222367560497,88.88162197514716,55.06867233485938,39.829954218443426,48.07063440156965,97.71092217135383,4.774362328319163,0.7102970519732962,-1.3242982035987316,-0.6469582152836887,6
339790,Kike Barja,86.98495748855461,69.19555264879006,50.68672334859385,6.474820143884892,93.78678875081754,18.966644865925442,98.88816219751472,76.2589928057554,-4.5353601382682935,-1.895853801011177,1.541591832294114,3
339791,Álex Berenguer,89.92805755395683,77.76324395029431,36.95225637671681,7.652060170045781,89.404839764552,31.06605624591236,97.90712884238064,45.84695879659908,-4.391124997076714,-1.2995965705032662,1.6871390123895522,7
339794,Raúl Guti,30.80444735120994,53.172007848266844,36.75604970568999,72.59646827992152,28.253760627861347,39.5029431000654,16.808371484630477,91.89012426422498,0.7736862395261908,0.30717383364151457,-0.6460836929071481,3
339799,Jorge Sáenz,4.185742315238718,22.302158273381295,57.75016350555919,74.49313276651407,14.4538914323087,99.86919555264879,35.31720078482669,27.33812949640288,5.686885263206501,1.7391103968939834,-0.39106047760227264,1
339801,Álvaro Lemos,41.465009810333555,32.76651406147809,75.27795945062132,39.11052975801177,52.91039895356442,55.853499018966644,44.34270765206017,27.665140614780903,1.6621953864639567,-1.5157222618597503,1.1689304546622223,1
339812,Pape Cheickh,45.258338783518646,46.82799215173316,51.406147809025505,82.66841072596468,52.32177894048397,45.91236102027469,55.199476782210596,1.5696533682145193,0.332569509197587,-0.7684850643526363,-0.422411816677513,2
339857,José Arnáiz,82.47220405493788,79.65990843688685,13.080444735120993,39.89535644211904,80.90255068672334,19.293655984303467,87.83518639633748,43.10006540222368,-4.802090186864075,0.7111819558453377,0.5744802543561243,2
339885,Son,51.3407455853499,37.933289731850884,79.52910398953564,20.01308044473512,58.27338129496403,47.02419882275997,32.570307390451276,65.46762589928058,0.7105029196300258,-1.445265453837775,1.024717297518246,2
340706,G. Rodríguez,18.705035971223023,44.47351209941138,61.67429692609549,82.99542184434272,27.33812949640288,85.80771746239371,88.75081752779595,21.19032047089601,3.785295510786062,-0.3132623163694153,-0.10361460821852746,5
341751,Marc Navarro,47.80902550686723,56.96533682145193,63.113145846958794,18.574231523871813,52.38718116415958,50.55591890124265,24.72204054937868,80.51013734466972,0.4883912708472557,-0.41465780758584603,1.0677657704231762,2
341752,Marc Roca,34.66317854807063,43.23086984957489,89.07782864617397,85.67691301504252,29.103989535644214,67.1680837148463,24.85284499672989,17.069980379332897,2.9118815193006595,-1.8094231929169704,-0.855517227003754,6
342785,Jairo Izquierdo,48.26684107259646,44.60431654676259,28.188358404185742,13.01504251144539,76.84761281883584,41.79202092871158,51.01373446697187,56.76913015042512,-0.7673384646589478,-0.35840464645368575,2.499641816998619,1
343925,D. Verde,90.64748201438849,80.3793328973185,66.18705035971223,29.692609548724658,90.38587311968607,17.004578155657292,37.99869195552649,90.8436886854153,-4.616126322968506,-2.642036160162705,-0.26601160241688815,1
344014,L. Agbenyenu,41.988227599738394,21.124918247220407,72.72727272727273,19.097449313276652,78.35186396337475,55.72269457161544,56.376716808371484,77.6324395029431,1.2909039044919182,-1.9390460670880596,2.3918059056804237,1
344039,Chumi,8.829300196206672,10.595160235448004,30.935251798561154,77.50163505559189,12.622629169391757,72.13865271419229,1.2426422498364944,73.6429038587312,4.109818277881141,2.106190316462899,-0.01621064892725619,2
344040,Marc Cucurella,64.87900588620013,51.86396337475474,46.89339437540877,12.034009156311315,59.31981687377371,47.15500327011119,89.07782864617397,19.555264879005886,-1.6593101995155457,-0.9835383671186546,1.844649486689902,3
344049,Oriol Rey,28.05755395683453,32.04708960104644,44.7351209941138,59.908436886854155,30.80444735120994,62.13211249182472,27.79594506213211,36.36363636363637,2.5980389667035553,0.37966659301425576,0.37507764235166047,1
344051,Álex Blanco,67.82210595160235,69.98037933289731,14.19228253760628,10.856769130150425,70.04578155657293,30.935251798561154,57.68476128188358,63.83257030739045,-3.043533851936501,1.2749739396457056,1.8633218185666152,1
344053,Carles Pérez,73.11968606932636,71.87704381948986,25.441465009810333,37.73708306082407,95.48724656638325,35.25179856115108,78.35186396337475,54.41465009810334,-3.9671783205300217,-1.1543095999045474,1.2197488284917146,4
344068,Unai Núñez,11.576193590582081,32.831916285153696,51.99476782210595,80.83714846304775,22.432962720732505,99.14977109221714,12.949640287769784,49.18247220405494,5.290948562417549,1.914118197628746,-0.8828160748166403,8
344075,Iñigo Córdoba,68.67233485938522,60.82406801831263,36.29823413996076,7.848266841072596,85.02289077828647,36.55984303466318,94.89862655330282,57.75016350555919,-2.969093571878771,-1.3437383411635435,2.314272919428446,3
344086,Gorka Guruzeta,82.21059516023544,95.35644211903205,8.306082406801831,17.331589274035316,36.167429692609545,25.703073904512753,73.38129496402878,45.97776324395029,-4.445305733937359,3.751476339503204,-0.46284941286693304,4
344100,Sergio Reguilón,66.90647482014388,37.47547416612165,95.9450621321125,66.25245258338784,90.32047089601046,53.62982341399608,77.89404839764552,20.53629823413996,0.8633865784445456,-4.208173727284593,1.0672919447688605,2
344102,Javi Sánchez,8.960104643557882,19.22825376062786,40.6801831262263,73.38129496402878,18.770438194898624,84.0418574231524,5.297580117724002,42.18443427076521,4.7725304160754005,1.933225305387364,-0.4234829870569838,4
344104,Álvaro Tejero,46.958796599084366,25.899280575539567,76.2589928057554,15.958142576847612,57.09614126880314,51.20994113799869,52.71419228253761,57.48855461085677,0.7585240571451756,-1.816849091133861,2.2480711288973914,2
344118,Jaime Seoane,48.463047743623285,54.21844342707652,47.08960104643558,47.351209941138,56.703727926749515,49.77109221713538,74.42773054283846,23.93721386527142,0.398057870197091,-0.48921114973338614,0.8227283831766086,1
344120,Borja Mayoral,67.69130150425114,85.61151079136691,9.941137998691955,42.44604316546763,51.406147809025505,6.932635709614127,45.97776324395029,96.79529103989536,-4.721589626925992,2.8683491167126194,-1.0971433716073915,7
344132,T. Hernández,49.378678875081754,36.69064748201439,59.516023544800525,54.67625899280576,92.74035317200784,51.406147809025505,91.30150425114454,62.066710268149116,0.165634982822491,-1.9904824845409028,1.7741940347819125,3
344140,A. Ndiaye,60.75866579463701,65.14061478090255,10.00654022236756,10.26814911706998,82.99542184434272,36.10202746893395,85.5461085676913,6.0824068018312625,-3.684649697124526,1.4093697377612395,2.2892237197524454,5
344153,Tete Morente,63.570961412688035,68.86854153041203,27.01111837802485,23.152387181164162,86.06932635709614,35.12099411379987,89.20863309352518,44.146500981033356,-2.503935109083224,-0.07966714858862832,1.4475242074463357,3
344198,E. Cömert,8.69849574885546,29.888816219751472,49.05166775670373,86.98495748855461,19.424460431654676,85.74231523871812,27.992151733158927,43.3616742969261,4.591799739017341,1.3097239610951086,-0.930774820539765,2
344444,D. Hadžikadunić,7.7174623937213855,51.3407455853499,17.1353826030085,62.91693917593199,1.1772400261608895,72.98888162197514,7.782864617396991,55.199476782210596,3.596668063556509,4.04171348991402,-0.6679297820165983,1
344936,I. Cardona,75.80117724002616,70.17658600392413,22.3675604970569,7.390451275343361,76.71680837148463,26.81491170699804,73.05428384565074,55.78809679529104,-3.3053123103376687,0.25016283159369623,1.4039902182264028,1
346071,O. Burke,72.79267495094834,72.13865271419229,8.633093525179856,9.417920209287116,73.44669718770437,21.255722694571617,65.99084368868542,72.59646827992152,-3.896671828213752,2.359049673229031,1.5571650031955997,1
346119,Manu García,58.862001308044476,45.781556572923485,91.62851536952257,53.04120340091563,77.76324395029431,39.63374754741661,84.0418574231524,32.570307390451276,-0.6017214609047328,-3.7160963343241247,0.03123902153255689,1
346195,Fabián Ruiz,54.67625899280576,53.956834532374096,95.48724656638325,89.92805755395683,65.59843034663179,44.146500981033356,70.17658600392413,92.60954872465665,1.2816214360907174,-3.6600572075415183,-1.969003706882698,2
346551,I. Hagi,81.94898626553304,74.8855461085677,42.642249836494436,13.865271419228254,81.49117069980379,26.880313930673644,85.08829300196207,50.49051667756703,-3.766625474082885,-1.3292024389107158,1.0215898215131043,1
347333,A. Král,40.02616088947024,43.29627207325049,18.639633747547414,12.557226945716154,54.87246566383257,42.44604316546763,65.59843034663179,81.03335513407455,-0.05669703892291503,1.425430087227629,1.749869929017333,1
350992,U. Sadiq,83.38783518639634,93.19816873773709,3.0739045127534337,12.688031393067364,64.35578809679528,4.120340091563113,97.18770438194899,0.7194244604316548,-6.346599777936564,4.249375282099106,0.3898343438746225,2
352747,Miguel Olavide,47.41661216481361,52.84499672988881,33.485938521909745,27.07652060170046,52.5833878351864,48.201438848920866,31.06605624591236,27.86134728580772,0.06364986639382793,0.049954300174851043,1.3069914041711572,1
352761,Luis Pérez,31.720078482668413,2.419882275997384,53.956834532374096,26.48790058862001,40.8109875735775,59.45062132112492,16.285153695225638,93.13276651406149,1.7354565567375264,-0.5349517868849138,2.5630011311730008,3
352787,Pepelu,34.72858077174624,44.015696533682146,91.30150425114454,71.74623937213866,28.188358404185742,61.28188358404185,61.02027468933944,29.954218443427077,3.0242038008919017,-2.036945461034754,-0.4580370846437865,4
352788,Manu Morlanes,32.570307390451276,34.79398299542184,60.431654676258994,77.6978417266187,51.53695225637671,62.32831916285154,47.08960104643558,41.33420536298234,1.9342709480395088,-1.1485511269607878,-0.22833798399320596,6
352789,Óscar Rodríguez,64.81360366252453,72.79267495094834,64.55199476782211,37.08306082406802,74.75474166121649,35.44800523217789,27.86134728580772,51.07913669064749,-2.251218954674879,-1.82073602357491,0.1151179922182546,7
353331,K. Jóźwiak,64.22498364944408,61.93590582079791,34.66317854807063,20.40549378678875,82.79921517331589,31.5892740353172,83.38783518639634,22.171353826030085,-2.8951063324267894,-0.6086340980948481,1.0853579610537396,1
353833,K. Mbappé,99.67298888162198,99.73839110529758,44.99672988881622,67.95291039895358,98.03793328973185,0.13080444735120994,47.28580771746239,93.65598430346633,-8.240476546646944,-2.0262858206745995,-3.4034881299537942,2
354123,Pol Lirola,50.94833224329627,21.97514715500327,73.44669718770437,27.665140614780903,78.28646173969915,50.94833224329627,49.70568999345978,71.41922825376062,0.5695154032201587,-1.9806018929933296,1.8372521475046,1
354547,J. Jankto,55.330281229561805,46.37017658600392,61.93590582079791,18.770438194898624,64.61739699149771,42.51144538914323,43.754087638979726,74.42773054283846,-0.2207992254521932,-1.1892694745196688,1.2920827891606472,1
355597,Joan Sastre,53.69522563767168,25.049051667756707,84.82668410725964,12.949640287769784,76.324395029431,47.61281883584042,38.71811641595814,43.95029431000654,0.46878891757285407,-2.847528026877867,2.814983787088269,1
355599,Mikel Oyarzabal,90.71288423806409,87.90058862001308,21.58273381294964,30.869849574885542,69.91497710922171,21.71353826030085,53.10660562459124,98.16873773708306,-4.856031099477428,0.3889423505678697,-0.5767478236467513,11
356237,G. Lo Celso,90.18966644865925,79.07128842380641,92.67495094833225,75.40876389797253,87.76978417266187,29.038587311968605,70.11118378024854,73.11968606932636,-3.0212597622998985,-4.345423763712125,-2.056984175751174,5
357806,D. Hancko,52.45258338783518,48.39764551994768,83.12622629169391,67.75670372792675,53.302812295618054,54.28384565075213,12.36102027468934,91.23610202746893,1.908987553536459,-1.021823379667455,-0.9639434704386745,1
357946,Isi Palazón,59.45062132112492,77.89404839764552,50.22890778286462,42.83845650752126,66.84107259646828,33.42053629823414,94.57161543492478,45.258338783518646,-2.941361408536165,-0.9949887033834872,-0.15962141644586947,5
357981,Gonzalo Villar,48.6592544146501,50.35971223021583,63.440156965336826,61.02027468933944,69.45716154349248,49.18247220405494,92.02092871157619,3.8587311968606928,0.49771705538759214,-1.2873203851638202,0.18535076849491897,2
357991,Édgar González,14.126880313930673,35.84041857423153,35.44800523217789,93.19816873773709,19.48986265533028,92.47874427730542,11.903204708960105,44.015696533682146,4.683682033036592,2.168954068244662,-1.084881191134207,4
357992,Aitor Ruibal,62.197514715500326,55.78809679529104,50.94833224329627,31.916285153695224,73.96991497710921,44.7351209941138,65.40222367560497,22.563767168083714,-1.1048517189764957,-1.3042990282080822,1.8143019806719205,7
358801,P. Estupiñán,58.20797907128843,27.20732504905167,88.35840418574232,27.53433616742969,83.25703073904512,47.08960104643558,75.93198168737737,56.04970568999346,0.32724467892863474,-3.0220301134679493,2.031574138022452,3
359847,Alfonso Pedraza,77.95945062132112,53.04120340091563,65.66383257030739,17.1353826030085,91.62851536952257,45.062132112491824,54.87246566383257,44.08109875735775,-1.0493803271411908,-2.1334128621657213,2.3766656921305005,9
360981,Dani Olmo,98.43034663178548,92.47874427730542,86.8541530412034,64.55199476782211,83.38783518639634,19.686069326357096,75.0817527795945,85.67691301504252,-4.329153935643805,-3.1744213797487215,-2.5926954617164286,2
363717,Y. Herrera,47.15500327011119,63.963374754741665,43.95029431000654,55.461085676913015,35.31720078482669,53.76062786134729,96.1412688031393,0.45781556572923476,0.5702891998475844,0.2581670003839306,0.510891099764578,7
364003,S. Bueno,13.734466971877044,23.152387181164162,72.13865271419229,91.10529758011772,21.124918247220407,85.4153041203401,41.59581425768476,69.45716154349248,4.840484651587559,0.5580010957398038,-1.7170630025535756,1
364005,F. Valverde,57.8809679529104,62.197514715500326,89.79725310660562,92.74035317200784,78.48266841072596,55.91890124264225,31.5892740353172,98.43034663178548,0.548338453857062,-2.9357360575304994,-2.3602201033551307,9
364086,T. Conechny,64.74820143884892,73.83911052975802,32.570307390451276,15.238718116415958,57.75016350555919,34.59777632439503,76.91301504251145,5.5591890124264225,-2.1466037801448423,0.3770955346836322,0.9820830553296904,1
364772,C. Awaziem,10.660562459123609,24.395029431000655,32.04708960104644,49.90189666448659,4.839764551994768,79.85611510791367,9.287115761935906,25.310660562459127,3.9799426865802903,2.5937194097293363,0.3487206306137377,1
364817,Tachi,10.26814911706998,18.051013734466974,43.10006540222368,56.31131458469588,6.671026814911707,82.60300850228907,19.424460431654676,28.515369522563766,4.498727792651214,1.802666792583587,0.14779783875517624,1
364820,Loren Morón,69.58796599084368,90.9090909090909,2.877697841726619,6.867233485938522,41.137998691955524,16.350555918901243,86.33093525179856,75.0817527795945,-5.428406977061578,4.112856849196302,0.13650321730409642,5
364845,Rafa Mir,75.99738391105298,98.56115107913669,2.2236756049705693,9.548724656638326,37.47547416612165,2.354480052321779,54.41465009810334,47.08960104643558,-5.3744948254249145,5.5552609610208155,-0.4480312283558478,6
364846,Y. Eteki,14.977109221713539,38.1294964028777,11.379986919555266,47.08960104643558,20.732504905166778,57.619359058207976,67.82210595160235,2.419882275997384,1.148381929581631,2.7412903821515604,1.2673282195505644,2
364850,Junior Firpo,63.963374754741665,56.5729234793983,70.17658600392413,77.76324395029431,66.77567037279267,47.54741661216481,44.86592544146501,24.002616088947022,0.34108525520631855,-1.4803277303628462,-0.2761397290717581,3
364860,Rodri,24.9836494440811,47.02419882275997,85.74231523871812,98.6265533028123,30.346631785480703,89.33943754087639,89.99345977763244,33.42053629823414,4.325991714218188,-1.0991645786171886,-1.8544403460488104,3
364864,Pedro Díaz,58.46958796599084,67.1026814911707,52.32177894048397,54.28384565075213,68.73773708306082,37.410071942446045,36.167429692609545,90.9090909090909,-1.6437945078184195,-1.4653107731043205,-0.42605722765446113,2
364870,Adrián Diéguez,1.7004578155657293,6.932635709614127,17.26618705035971,32.50490516677567,16.219751471550033,94.17920209287117,46.89339437540877,13.211249182472203,4.1815056498745005,2.752436725868381,2.231285514086226,2
366401,F. Anguissa,45.32374100719424,56.31131458469588,68.67233485938522,92.93655984303466,72.5310660562459,56.76913015042512,96.53368214519293,48.724656638325705,0.9885713749619356,-1.3916796998738836,-1.0696625633476304,1
366581,J. Gnagnon,23.871811641595812,31.523871811641595,78.80967952910399,95.02943100065401,29.038587311968605,79.59450621321125,36.429038587311965,30.54283845650752,4.4680772406824065,-0.19124288497021896,-1.5951363574599624,1
366584,L. Pétrot,33.94375408763898,22.171353826030085,74.29692609548725,74.82014388489209,34.270765206017,69.32635709614127,30.608240680183123,57.8155657292348,2.997458965812008,-0.6395005990678179,0.04541629229100277,1
367391,Toni Moya,43.49247874427731,33.15892740353172,53.43361674296926,31.720078482668413,62.589928057553955,54.0222367560497,55.134074558535,42.83845650752126,0.7807546792202334,-1.086871741750126,1.722849301530108,1
367503,M. Wöber,41.79202092871158,14.780902550686722,84.43427076520602,66.71026814911707,39.17593198168738,75.67037279267495,17.920209287115764,33.02812295618051,3.138321391253586,-1.4368939425952425,0.35200058418312385,1
368110,Jailson,31.523871811641595,24.06801831262263,85.28449967298887,86.7887508175278,42.44604316546763,75.80117724002616,36.8214519293656,64.4211903204709,3.9815764483094664,-0.9692749720399664,-0.8118171881750967,2
372752,Carlos Soler,62.26291693917593,68.27992151733159,60.23544800523217,61.67429692609549,63.30935251798561,38.26030085022891,41.07259646827992,67.82210595160235,-1.2918827044109733,-1.3755781461175498,-0.6600490178698852,7
372753,Francis Guerrero,53.04120340091563,27.599738391105298,70.24198822759973,44.015696533682146,75.21255722694572,45.192936559843034,54.480052321778935,88.42380640941792,-0.06968055018045534,-2.1461559817088207,1.4728395104235994,2
373016,C. Hernández,86.13472858077175,92.28253760627861,17.200784826684107,10.333551340745585,84.43427076520602,16.481360366252453,87.05035971223022,63.76716808371484,-5.359586402962511,1.4664415716868524,-0.21004249572138897,5
373410,F. de Jong,61.739699149771084,44.08109875735775,98.6919555264879,99.21517331589274,87.83518639633748,56.04970568999346,66.64486592544147,85.5461085676913,1.2298884552466216,-5.02130793011483,-3.628385441633935,7
373541,Aitor Buñuel,41.85742315238718,7.521255722694571,66.38325703073905,10.660562459123609,61.15107913669065,66.44865925441465,48.005232177894044,33.616742969260955,1.5878680211847618,-1.6599419230768542,3.423789228892109,1
373713,Christian Rivera,29.888816219751472,45.65075212557227,35.18639633747547,52.71419228253761,34.59777632439503,63.76716808371484,34.270765206017,68.86854153041203,1.937856958933948,0.6402268605549503,0.295309570069495,2
374800,M. Vargas,91.23610202746893,71.74623937213866,71.61543492478745,18.443427076520603,93.32897318508829,18.770438194898624,89.33943754087639,89.01242642249836,-4.879828945191075,-3.2416149322449748,0.3792791606608227,1
375011,N. Aguerd,21.648136036625246,39.11052975801177,93.26357096141268,97.44931327665141,42.57684761281884,90.9090909090909,58.665794637017655,78.74427730542838,5.362859220513238,-0.9061580466565414,-2.29920067896859,1
375335,J. Aidoo,9.548724656638326,19.35905820797907,51.53695225637671,80.96795291039895,20.27468933943754,87.05035971223022,8.306082406801831,97.44931327665141,4.745221431635646,1.4680046547711365,-1.0070927178895577,6
375350,M. Loum,25.833878351863966,54.937867887508176,19.686069326357096,44.931327665140614,30.150425114453896,69.39175931981687,83.12622629169391,7.259646827992151,2.077161234207852,2.326661082326365,0.765421717602626,1
375771,M. Olivera,47.743623283191624,36.167429692609545,31.196860693263574,5.886200130804448,72.4656638325703,55.78809679529104,88.62001308044474,30.477436232831916,0.5670530433334653,0.34258060276920976,3.430117764741858,4
376362,Luiz Felipe,3.2047089601046435,3.4009156311314586,41.465009810333555,76.58600392413342,5.624591236102027,93.5251798561151,6.998037933289732,82.07979071288423,5.425247899476414,2.0098143496213674,-0.04777786389051414,1
377083,Sergio Akieme,47.482014388489205,44.86592544146501,44.34270765206017,38.91432308698496,70.76520601700457,42.83845650752126,43.55788096795291,82.14519293655984,0.04298852177740867,-0.372405864181607,1.1229278581880149,2
380709,S. Arzamendia,37.01765860039241,33.42053629823414,38.65271419228254,7.913669064748201,49.9672988881622,45.38914323086985,67.75670372792675,49.378678875081754,0.6869520073088711,0.05687938746158208,2.8635610899388126,2
381233,Houboulang Mendes,33.42053629823414,2.746893394375409,37.148463047743626,3.8587311968606928,73.83911052975802,52.648790058862005,53.69522563767168,35.97122302158273,1.0925915231384629,-0.5283791187816156,4.03071262240197,1
382622,S. Amallah,55.72269457161544,66.77567037279267,21.84434270765206,39.5029431000654,75.99738391105298,37.671680837148465,92.28253760627861,4.708960104643558,-2.5020095640548035,-0.03696776194434838,0.9163301292895942,2
384066,C. Montes,15.565729234793983,45.58534990189666,51.275343361674295,62.589928057553955,11.8378024852845,84.3034663178548,10.333551340745585,40.6801831262263,4.596939286403645,2.272487957589214,-0.9013662554673876,2
385273,Charles,84.17266187050359,95.9450621321125,6.605624591236102,25.703073904512753,9.221713538260301,10.00654022236756,30.019620667102682,10.92217135382603,-4.7981151165829505,4.9922042615225966,-1.935720595066246,6
386686,S. Jurić,16.08894702419882,27.33812949640288,27.599738391105298,68.93394375408764,18.247220405493785,70.11118378024854,51.99476782210595,9.61412688031393,3.361475704132053,1.9044898281742324,0.5579951784705771,1
387785,Unai Elgezabal,1.2426422498364944,15.434924787442771,28.71157619359058,76.52060170045782,3.989535644211903,95.74885546108568,37.410071942446045,45.38914323086985,5.059786613229158,2.681941983799509,-0.1299049884106333,1
387799,F. Russo,7.325049051667756,9.090909090909092,35.05559189012427,56.5729234793983,17.527795945062135,89.07782864617397,12.49182472204055,20.601700457815568,4.619531723824772,2.1296099556537462,0.7553521017611537,1
387803,Víctor Campuzano,63.76716808371484,77.95945062132112,4.643557880967953,1.3734466971877044,67.36429038587312,16.415958142576848,89.73185088293002,18.443427076520603,-4.834147063531018,3.260547114019098,1.8691605385229315,1
387840,Santi Comesaña,48.986265533028124,57.8155657292348,68.14911706998038,75.67037279267495,59.71223021582733,63.440156965336826,84.69587965990843,22.3675604970569,1.2950776925302503,-1.0117603558478374,-0.3229121246118565,6
388976,T. Kadewere,75.67037279267495,89.5356442119032,12.426422498364945,36.23283191628515,61.41268803139307,16.15434924787443,76.52060170045782,65.07521255722695,-4.175593966986225,2.668206586960458,-0.9348833932074868,1
393214,V. Rosier,34.53237410071942,13.40745585349902,46.1085676913015,31.5892740353172,52.84499672988881,75.0817527795945,60.62786134728581,22.23675604970569,2.3290574588064032,-0.07350937709864212,2.654776152682475,2
393881,H. Toledo,85.5461085676913,64.94440810987574,31.785480706344018,9.87573577501635,94.44081098757357,18.312622629169393,81.94898626553304,50.42511445389143,-4.8100596824930415,-1.4349409939905395,1.7608301992900328,1
395114,Igor Zubeldía,13.996075866579464,18.378024852844995,66.51406147809026,92.60954872465665,26.422498364944406,81.621975147155,16.677567037279267,24.656638325703074,4.520603802387538,0.4345045681598892,-1.193805644666502,9
395134,Juan Iglesias,30.215827338129497,26.68410725964683,45.97776324395029,0.13080444735120994,54.937867887508176,62.65533028122956,83.32243296272073,40.483976455199475,1.2465976411608564,-0.23241205125759912,4.4250742203121085,6
395636,M. Gómez,65.40222367560497,88.94702419882276,4.251144538914323,13.40745585349902,21.0595160235448,2.5506867233485937,61.67429692609549,28.44996729888816,-4.982123515469331,4.900632824439917,-0.9514181528602732,6
396475,A. Hakimi,58.142576847612816,36.75604970568999,91.10529758011772,60.10464355788096,85.08829300196207,48.52844996729889,67.88750817527796,82.01438848920863,0.6628973307992831,-3.699675033744139,0.9371469422917192,1
396513,Alex Pozo,42.70765206017005,8.829300196206672,83.78024852844996,21.124918247220407,60.75866579463701,56.89993459777632,24.787442773054284,86.46173969914977,1.5357268800468291,-2.0772577101646568,2.299324859673374,4
397033,B. Soumaré,27.01111837802485,23.80640941792021,53.564421190320466,92.28253760627861,35.25179856115108,57.357750163505564,24.46043165467626,27.992151733158927,2.668486371641282,-0.1306710679162645,-1.3456668011796746,1
397060,A. Danjuma,94.702419882276,90.64748201438849,14.650098103335512,23.741007194244602,95.29103989535645,10.92217135382603,27.599738391105298,94.37540876389797,-6.253740287063154,0.08594916375561072,-0.5966454541440196,4
397109,Jota,70.89601046435578,69.7187704381949,29.888816219751472,15.696533682145192,87.11576193590582,30.085022890778284,57.16154349247874,71.48463047743623,-3.3553580228180673,-0.6398455989242332,1.0527817498213312,1
397178,M. Rashford,98.75735775016351,88.0967952910399,70.83060824068018,41.66121648136036,96.92609548724657,6.147809025506867,64.22498364944408,91.43230869849575,-6.03508272873581,-3.2562464917304657,-1.0481715432705587,1
397303,Ferrán Torres,97.51471550032701,91.82472204054937,32.50490516677567,36.10202746893395,79.0058862001308,17.658600392413344,44.7351209941138,89.73185088293002,-5.146333964820257,-0.23308595713235689,-1.4305116401828633,7
399599,A. Isak,96.86069326357097,98.6919555264879,6.671026814911707,19.032047089601043,84.49967298888163,1.7658600392413342,59.777632439502945,58.862001308044476,-7.1900593971892475,2.700138717090148,-1.1323993141234432,3
399652,Florentino,26.618705035971225,14.257684761281883,41.137998691955524,48.92086330935252,24.656638325703074,68.80313930673643,59.385219097449315,38.32570307390451,2.741195873182448,0.3721859835021736,1.3945999289973905,1
399676,Pablo Fornals,62.85153695225638,65.99084368868542,87.63897972531066,57.8155657292348,60.17004578155657,38.71811641595814,32.8973185088293,90.12426422498365,-0.9077613071378452,-2.5993307658951506,-1.2941275443173046,7
400544,Miguel Llambrich,39.11052975801177,6.147809025506867,56.180510137344676,16.742969260954872,74.8855461085677,64.29038587311967,69.58796599084368,20.34009156311315,1.083645255046683,-1.4265517833595884,3.5044760252697236,1
400549,Pau Torres,21.517331589274036,31.720078482668413,91.23610202746893,90.45127534336167,53.956834532374096,74.8855461085677,9.352517985611511,93.98299542184434,5.203449178109049,-0.5948773500971408,-2.202142187194197,4
400691,N. Petrović,36.36363636363637,50.42511445389143,33.224329627207325,56.96533682145193,39.76455199476782,61.54349247874428,49.83649444081099,27.730542838456508,1.1398922302585752,0.34621481254850756,0.2492553032524734,1
401158,L. Suárez,81.03335513407455,90.51667756703729,9.810333551340745,5.624591236102027,81.75277959450621,7.259646827992151,83.84565075212556,35.57880967952911,-5.627001653180675,2.533560910025731,0.3341166999340203,4
401550,Miguel Crespo,46.23937213865271,22.10595160235448,80.83714846304775,58.73119686069327,70.83060824068018,62.066710268149116,85.4153041203401,7.652060170045781,1.5279523576288043,-2.1141830033547637,1.091493058514641,1
402004,S. Colombatto,48.33224329627207,43.623283191628516,84.2380640941792,77.6324395029431,46.697187704381946,59.777632439502945,39.17593198168738,31.000654022236755,1.6201046944350623,-2.0660363608076397,-0.5803961660760824,1
402854,G. Montiel,57.55395683453237,23.479398299542183,82.93001962066711,37.27926749509483,59.45062132112492,50.35971223021583,10.202746893394375,18.835840418574232,1.1766441325989558,-1.7926295210944636,1.0807313872410738,2
403246,L. de la Torre,59.12361020274689,57.946370176586,28.973185088293,55.853499018966644,82.73381294964028,40.41857423152388,36.03662524525834,21.648136036625246,-1.5640424502216561,-0.728893285323205,0.8010466031797485,2
403260,S. Chukwueze,98.36494440810988,82.99542184434272,50.42511445389143,21.648136036625246,99.60758665794637,9.417920209287116,81.29496402877699,97.58011772400262,-6.089242559678433,-2.724098863057737,-0.1379073071848275,5
403448,Éder Militão,24.13342053629823,53.82603008502289,73.11968606932636,94.96402877697841,27.992151733158927,84.76128188358403,41.53041203400916,72.79267495094834,4.501749463977913,0.7377015472998664,-2.106644825825753,7
403706,A. Mallé,75.0817527795945,62.78613472858077,34.009156311314584,4.839764551994768,87.63897972531066,26.357096141268805,94.83322432962721,14.715500327011119,-3.817724282942177,-1.2963266416237516,2.1565224071830333,1
404328,Enric Franquesa,39.37213865271419,32.37410071942446,21.517331589274036,13.080444735120993,66.12164813603663,44.08109875735775,72.92347939829953,61.15107913669065,-0.3357075782308193,0.5509429903212553,2.6073148591784134,2
404397,Brahim Diaz,97.97253106605625,85.87311968606932,68.60693263570961,75.0163505559189,93.13276651406149,19.35905820797907,82.73381294964028,94.702419882276,-5.434797644228496,-3.18706661482027,-1.8128249521080233,2
404693,M. Kumbulla,9.87573577501635,32.11249182472204,40.876389797253104,72.07325049051668,18.901242642249834,85.21909744931328,40.6801831262263,35.18639633747547,4.4524369143611775,1.970187001301478,-0.12051842584705524,1
404757,J. Kluivert,92.93655984303466,88.42380640941792,19.816873773708306,16.219751471550033,92.80575539568345,14.780902550686722,76.58600392413342,43.49247874427731,-5.797476361071767,-0.08180017207410292,0.1758288362261238,1
405603,M. Gabbia,2.289077828646174,2.092871157619359,75.60497056899933,96.33747547416613,5.820797907128843,100,30.54283845650752,23.675604970569,6.376365457442676,0.6176286361796999,-1.1887779519881885,1
405976,Pol Lozano,26.94571615434925,21.648136036625246,47.54741661216481,64.4865925441465,35.44800523217789,57.09614126880314,49.9672988881622,0.3924133420536298,1.9022665652636108,-0.4188857788028729,1.0706467630297356,2
405977,Jordi Mboula,58.534990189666445,68.01831262262917,12.034009156311315,4.905166775670373,76.45519947678221,29.627207325049053,81.03335513407455,25.245258338783515,-3.303992536729516,1.7921566393623576,2.0422677033520613,1
405979,Abel Ruiz,80.51013734466972,89.14323086984957,7.1288423806409416,48.593852190974495,51.929365598430344,10.79136690647482,14.846304774362329,76.324395029431,-4.896927202106489,3.3139100833949167,-1.2926192074738854,1
406454,Waldo Rubio,67.62589928057554,60.88947024198823,49.90189666448659,3.989535644211903,94.04839764551994,30.150425114453896,58.79659908436887,22.302158273381295,-2.7064294158098625,-1.918303302693522,2.4088735286765326,2
408293,Javi Ontiveros,91.49771092217135,78.9404839764552,82.21059516023544,30.477436232831916,99.28057553956835,31.000654022236755,99.60758665794637,11.314584695879661,-4.326651232002378,-3.9759536692608735,0.7934347689775317,3
408307,Raphinha,99.41137998691956,96.92609548724657,88.0967952910399,37.21386527141923,93.98299542184434,25.11445389143231,81.75277959450621,79.26749509483322,-5.42087576354997,-3.710837849907256,-1.767224422075663,4
410026,Álex Collado,71.22302158273382,65.33682145192937,51.07913669064749,43.754087638979726,85.67691301504252,33.093525179856115,86.59254414650098,79.13669064748201,-2.906882289657257,-1.971490611782985,0.6933775743687648,2
410055,Róber Pier,9.61412688031393,18.705035971223023,32.962720732504906,72.13865271419229,16.15434924787443,93.78678875081754,5.166775670372792,78.48266841072596,4.722836310180733,2.0825238628169247,0.08313683311609636,4
410062,J. Koundé,43.95029431000654,42.642249836494436,93.13276651406149,95.16023544800524,50.29431000654022,70.37279267495094,28.44996729888816,95.16023544800524,3.746465460327788,-1.544402067382816,-2.0854269273917128,7
410872,Javi Galán,52.125572269457166,6.540222367560497,82.14519293655984,42.249836494440814,94.6370176586004,49.247874427730544,94.24460431654677,30.935251798561154,0.27290421527101816,-3.265642430840088,2.7734230790744516,6
411422,B. Ocampo,80.05232177894048,63.30935251798561,39.04512753433617,21.778940483976456,92.87115761935905,24.525833878351865,94.702419882276,22.10595160235448,-4.236920336714201,-2.017568154367745,1.6555127327922232,1
412897,Dani Raba,85.93852190974494,78.15565729234794,60.30085022890779,21.58273381294964,86.13472858077175,26.74950948332243,96.33747547416613,18.312622629169393,-4.173354638959218,-2.017615092065678,0.7961091648116383,2
413041,J. El Yamiq,10.92217135382603,25.964682799215172,42.51144538914323,70.89601046435578,15.565729234793983,99.01896664486593,29.16939175931982,62.197514715500326,5.369161189341404,2.1426660439204976,-0.2192363467973417,2
413597,R. Kouamé,28.253760627861347,28.58077174623937,67.69130150425114,83.97645519947679,47.15500327011119,74.10071942446042,41.137998691955524,64.09417920209287,3.2835450127876533,-0.6439086406406379,-0.8820100265091511,1
413891,Manu Vallejo,74.03531720078482,81.16415958142576,12.09941137998692,23.479398299542183,66.51406147809026,15.565729234793983,80.18312622629169,51.66775670372793,-4.533439410702657,1.6047267822827542,0.8658170828587984,3
414193,N. Molina,58.40418574231524,29.23479398299542,90.9090909090909,33.093525179856115,59.97383911052976,42.96926095487247,19.88227599738391,83.25703073904512,1.0384287870216768,-2.7999460784320607,1.4740935218946984,4
419225,Dani Gómez,86.33093525179856,90.12426422498365,3.924133420536298,20.732504905166778,73.38129496402878,1.3080444735120993,86.26553302812296,68.80313930673643,-6.728621726603636,3.106002137646147,-0.1552183638010414,3
420532,Pipa,50.098103335513414,22.23675604970569,61.739699149771084,16.873773708306082,78.09025506867233,56.11510791366906,74.9509483322433,28.253760627861347,0.5180090974196492,-1.42311627719937,2.5229702794087596,1
422517,Fran García,44.146500981033356,28.973185088293,76.84761281883584,46.1085676913015,80.83714846304775,55.65729234793984,15.892740353172009,98.6265533028123,1.0052679108270262,-2.4807192508182108,1.7660503239913756,4
422519,Fran Beltrán,24.19882275997384,40.483976455199475,62.00130804447351,93.72138652714193,26.03008502289078,57.16154349247874,3.8587311968606928,93.32897318508829,2.2743930716005956,-0.8219639445382496,-1.0203656400697845,7
422520,Iván Martín,55.984303466317854,53.23741007194245,59.84303466317855,90.32047089601046,72.59646827992152,36.23283191628515,42.51144538914323,86.98495748855461,-0.6140967510439882,-1.4703773600274046,-1.3649336072117988,4
423157,Thierry Correia,35.5134074558535,4.905166775670373,80.3793328973185,27.403531720078483,65.14061478090255,59.84303466317855,79.59450621321125,25.049051667756707,1.905185632270389,-1.760423620908965,2.5026990618955818,6
424624,P. Etebo,49.31327665140615,54.0222367560497,71.35382603008502,66.90647482014388,70.69980379332897,50.81752779594506,82.99542184434272,37.73708306082407,0.5989355158601978,-1.7926948802717402,-0.34755471663309484,2
425893,L. Ilić,39.960758665794636,61.41268803139307,14.911706998037932,28.973185088293,30.477436232831916,43.884892086330936,46.17396991497711,9.352517985611511,-0.22021028369923867,2.393700059756773,1.1332856934989142,1
427886,C. Protesoni,23.93721386527142,50.22890778286462,40.41857423152388,22.563767168083714,22.3675604970569,76.19359058207979,64.94440810987574,2.158273381294964,2.6461893081854737,1.0880171200044997,1.32072537098926,2
428131,P. Akouokou,20.994113799869197,30.2812295618051,58.46958796599084,88.88162197514716,21.517331589274036,85.15369522563768,33.68214519293656,12.884238064094177,4.087009307322825,0.40525665708853575,-0.7457476382536503,2
431540,Francisco Trincão,96.66448659254414,84.69587965990843,67.29888816219751,65.00981033355134,93.26357096141268,16.02354480052322,60.10464355788096,87.44277305428385,-4.769063456092783,-2.6780558925934708,-1.789107724915889,1
434145,Álex Sola,74.10071942446042,63.70176586003924,20.994113799869197,2.6814911706998035,87.31196860693264,31.458469587965993,91.17069980379333,38.45650752125572,-3.638365863807956,-0.2452889685497646,2.835661731123366,2
435472,U. Račić,24.32962720732505,52.5833878351864,37.08306082406802,53.76062786134729,27.141922825376064,68.93394375408764,71.35382603008502,24.525833878351865,2.526593077400707,1.0476837753127577,0.47306786855742305,2
435759,Adrià Pedrosa,50.16350555918901,42.31523871811642,56.6383257030739,15.304120340091561,79.39829954218443,50.62132112491825,41.39960758665794,71.74623937213866,-0.05234067488151162,-1.3532989681767602,2.726287159713931,6
436688,Viti Rozada,40.091563113145845,5.297580117724002,41.726618705035975,39.30673642903859,61.28188358404185,59.058207979071284,72.4656638325703,38.97972531066056,1.3563816429126945,-0.6252499166863946,2.659436043819128,1
436785,Y. Neyou,31.916285153695224,35.644211903204706,55.134074558535,78.22105951602354,51.86396337475474,60.30085022890779,71.28842380640941,11.445389143230871,1.9470293218378651,-0.7413034482820883,0.04414528981524351,1
439778,I. Doumbia,25.245258338783515,44.21190320470896,53.49901896664486,92.87115761935905,26.94571615434925,67.95291039895358,15.042511445389142,26.22629169391759,3.2133641382481932,0.4266320958076473,-1.608857367442985,1
441230,T. Alarcón,34.009156311314584,46.89339437540877,33.747547416612164,36.75604970568999,19.162851536952257,60.62786134728581,13.734466971877044,35.77501635055592,1.9262449029187676,1.0179833349586571,1.2638817558005528,1
443324,Douglas Luiz,30.412034009156315,33.55134074558535,73.6429038587312,72.92347939829953,57.619359058207976,63.50555918901243,73.44669718770437,4.251144538914323,2.7436975176498466,-1.3083938571878604,0.3945100170942399,1
444669,N. González,71.09221713538261,70.43819489862655,33.15892740353172,17.069980379332897,76.19359058207979,38.06409417920209,83.58404185742316,26.2916939175932,-2.34208300362967,-0.08938376838872027,1.1644282950686682,1
445504,Carlos Neva,23.610202746893393,4.774362328319163,31.981687377370832,8.502289077828646,32.04708960104644,52.125572269457166,10.5297580117724,98.95356442119032,1.790994482275336,0.5976431188567276,2.8054325840803687,4
446062,K. Arriaga,27.730542838456508,19.88227599738391,68.47612818835842,62.85153695225638,39.11052975801177,80.96795291039895,63.963374754741665,26.55330281229562,3.3078204373049744,-0.6813960660081941,0.6567070952253844,1
446483,André Almeida,61.15107913669065,47.61281883584042,77.5670372792675,66.84107259646828,81.09875735775016,35.77501635055592,72.2040549378679,89.20863309352518,-1.6410719067852175,-2.830291904060626,-0.19267638273643808,4
446859,Peru Nolaskoain,16.612164813603663,36.10202746893395,76.65140614780903,95.9450621321125,14.257684761281883,95.22563767168084,16.219751471550033,45.12753433616743,5.491030255403168,0.3528410064169332,-1.5796702836784775,1
447358,C. Gallagher,54.480052321778935,60.62786134728581,54.54545454545454,71.61543492478745,62.78613472858077,55.199476782210596,68.99934597776326,28.71157619359058,-0.2671002371365014,-1.1530876182508427,-0.2548372168964519,2
447821,Y. En-Nesyri,69.39175931981687,97.12230215827337,0.7194244604316548,1.3080444735120993,34.46697187704382,8.240680183126226,60.693263570961406,86.52714192282538,-5.410654480751637,6.153275362723443,-0.19488777257391596,7
449817,A. Mumin,7.259646827992151,23.217789404839763,39.17593198168738,59.31981687377371,18.508829300196204,87.96599084368869,12.23021582733813,63.570961412688035,4.376497155466617,2.113523204481416,-0.21868915072082476,3
449920,L. Robertone,52.256376716808376,52.32177894048397,82.40680183126227,64.15958142576848,51.20994113799869,59.385219097449315,54.937867887508176,35.38260300850229,0.8312518010590251,-2.195177471745133,-0.06203518517081216,2
450650,Imanol García,14.911706998037932,29.300196206671025,27.79594506213211,52.256376716808376,17.658600392413344,78.9404839764552,66.71026814911707,26.48790058862001,3.462684180445942,1.8932665118888137,1.1343365669192629,1
450769,Fernando Calero,8.306082406801831,10.660562459123609,47.351209941138,82.93001962066711,7.913669064748201,95.09483322432962,5.5591890124264225,69.7841726618705,5.01522240880927,1.7684034055286126,-0.5413742082354939,6
450776,Jorge de Frutos,89.20863309352518,77.17462393721387,18.966644865925442,3.4009156311314586,88.81621975147155,25.441465009810333,73.18508829300197,70.17658600392413,-4.59818562934646,-0.01848473948002557,1.9525158453648992,5
450784,Óscar Melendo,52.32177894048397,38.71811641595814,47.15500327011119,74.68933943754088,62.066710268149116,21.648136036625246,19.7514715500327,97.51471550032701,-1.8067050643388336,-1.3836404751701097,-0.9856301747538516,5
450785,Javi Puado,70.50359712230215,83.51863963374755,12.36102027468934,26.880313930673644,78.9404839764552,23.41399607586658,18.966644865925442,81.75277959450621,-4.3231092126081405,1.6765073500270284,-0.12667807040270349,4
451235,Álvaro Aguado,49.9672988881622,50.68672334859385,87.24656638325703,68.27992151733159,67.42969260954872,44.60431654676259,21.71353826030085,81.3603662524526,0.998260845853036,-2.3791147839822693,-0.9180539052660588,2
452264,Marc Cardona,92.67495094833225,91.03989535644213,12.164813603662525,21.255722694571617,66.31785480706344,3.662524525833878,91.36690647482014,62.52452583387835,-6.187988345020084,1.8849803903307325,-0.3597958526848363,3
452269,Fran Gámez,39.63374754741661,12.36102027468934,64.74820143884892,26.160889470241987,58.73119686069327,75.34336167429693,32.24329627207325,42.44604316546763,2.2167723092563967,-1.407665790667092,3.063333358164358,1
452293,Sergio Ruiz,43.623283191628516,33.81294964028777,62.066710268149116,67.29888816219751,63.243950294310004,54.74166121648136,84.63047743623284,28.38456507521256,1.2263506196214955,-1.0640684813257395,0.3753197632302019,1
453251,Alejandro Catena,22.171353826030085,44.99672988881622,59.254414650098106,73.18508829300197,8.829300196206672,85.67691301504252,14.715500327011119,44.60431654676259,4.817546568663653,1.9907897847118,-1.2751613964311246,5
453270,M. Hongla,17.39699149771092,13.27665140614781,58.20797907128843,74.8855461085677,27.07652060170046,73.11968606932636,9.221713538260301,31.916285153695224,3.826197326484696,0.4541960799803515,-0.19151731581615705,3
456053,J. Foyth,26.2916939175932,30.019620667102682,67.95291039895358,85.34990189666448,59.777632439502945,76.78221059516024,74.10071942446042,36.429038587311965,3.55720086809313,-0.38101705153567694,0.12079941401261148,6
460552,P. Gueye,51.929365598430344,68.4107259646828,80.18312622629169,58.46958796599084,48.26684107259646,52.71419228253761,74.49313276651407,18.247220405493785,0.9363939303244518,-1.1954914756494297,-0.7779085822061705,3
470747,R. Araújo,30.477436232831916,56.04970568999346,83.71484630477435,98.43034663178548,36.95225637671681,79.46370176586004,22.302158273381295,63.04774362328319,4.295418591510412,-0.13160831324525432,-3.0945410309016252,6
470934,Javi Hernández,38.1294964028777,45.32374100719424,57.48855461085677,27.599738391105298,55.461085676913015,55.461085676913015,43.23086984957489,20.07848266841073,1.46293276211541,-0.3072968682326675,1.9632590322396064,3
471583,I. Baba,13.1458469587966,32.17789404839764,26.160889470241987,69.7841726618705,34.139960758665794,65.07521255722695,84.17266187050359,24.46043165467626,2.5702555955868607,0.9864582186529116,0.5094450822967332,4
471753,João Félix,92.80575539568345,96.1412688031393,42.44604316546763,56.89993459777632,86.46173969914977,4.839764551994768,68.21451929365598,49.31327665140615,-5.5941826608002785,-1.0236265958700403,-2.0872692197212936,5
471761,Óscar Mingueza,53.10660562459124,38.91432308698496,96.59908436886853,55.984303466317854,68.99934597776326,44.99672988881622,28.776978417266186,86.919555264879,1.4599406068308896,-3.8527032999453783,-0.01689258660291716,6
471764,Monchu,43.81948986265533,61.60889470241988,63.70176586003924,63.89797253106606,32.17789404839764,51.3407455853499,51.47155003270111,4.839764551994768,0.9980317740855336,-0.27677688845502607,-0.47181182179476017,2
471991,Rodrigo Riquelme,96.1412688031393,73.77370830608241,53.69522563767168,21.84434270765206,98.23413996075867,18.835840418574232,81.6873773708306,96.01046435578809,-4.889919305856868,-2.9358636720083253,1.01223195565303,4
471999,Juan Berrocal,9.025506867233487,29.954218443427077,23.54480052321779,51.275343361674295,4.708960104643558,85.5461085676913,31.458469587965993,11.18378024852845,4.099252503642873,2.980672282321055,0.1950087319992558,1
472191,Renan Lodi,59.84303466317855,41.137998691955524,65.14061478090255,39.960758665794636,77.5670372792675,56.703727926749515,72.85807717462393,36.29823413996076,0.01695583807351496,-2.007477246377615,2.184236908143791,3
472519,Mateu Morey,41.726618705035975,22.890778286461742,52.45258338783518,26.55330281229562,56.31131458469588,59.254414650098106,79.39829954218443,21.0595160235448,1.004690452883504,-0.9512609277429888,2.693140317015013,2
472696,Sergio Gómez,62.52452583387835,40.15696533682146,74.55853499018966,49.70568999345978,71.41922825376062,43.754087638979726,55.52648790058862,84.0418574231524,-0.5384251959828612,-2.4918957662484016,0.9825257199463262,3
473327,Juan Miranda,49.44408109875736,37.08306082406802,81.88358404185743,36.167429692609545,36.55984303466318,58.79659908436887,15.434924787442771,57.09614126880314,1.9925789224189532,-1.3738123012859056,1.6465445848064586,4
473364,Hugo Guillamón,16.677567037279267,11.510791366906476,64.61739699149771,79.46370176586004,15.434924787442771,72.92347939829953,24.525833878351865,5.428384565075213,3.8044794635728385,0.1458075768460168,-0.6592682905862357,5
473366,Víctor Chust,9.352517985611511,10.26814911706998,48.463047743623285,75.86657946370177,13.66906474820144,88.68541530412034,4.643557880967953,75.86657946370177,4.775261914709718,1.5114729179868127,-0.298190166406997,4
473367,Eric García,29.496402877697843,46.043165467625904,94.83322432962721,98.36494440810988,38.26030085022891,83.06082406801832,25.245258338783515,75.53956834532374,4.702769353329639,-1.6650572162767436,-2.8660466900504176,5
473371,Antonio Blanco,26.74950948332243,28.71157619359058,62.98234139960759,51.20994113799869,37.01765860039241,68.47612818835842,61.41268803139307,10.202746893394375,2.469633741759931,-0.9550671346202944,1.2795270424891731,3
474104,J. Strand Larsen,83.58404185742316,93.72138652714193,3.662524525833878,11.903204708960105,45.71615434924787,2.877697841726619,96.72988881621976,34.92478744277305,-5.980866911224311,4.405655996666074,-0.0803338894653613,2
475041,A. Sambi Lokonga,44.669718770438195,54.807063440156966,82.79921517331589,91.82472204054937,50.68672334859385,53.956834532374096,33.02812295618051,41.26880313930673,1.7269483919950324,-1.5171608289770886,-2.080423854269238,1
477082,Emerson Royal,61.8051013734467,35.44800523217789,72.4656638325703,53.82603008502289,74.82014388489209,57.03073904512753,90.64748201438849,21.255722694571617,0.5158865289669018,-1.9685977576536604,1.5727892341161454,2
477106,S. Cáseres,23.021582733812952,21.451929365598428,67.42969260954872,95.09483322432962,21.19032047089601,82.93001962066711,45.32374100719424,4.970568999345978,3.9952580727285647,-0.33600429694775086,-0.9347547896491832,1
477211,L. Krejčí,28.31916285153695,42.38064094179202,95.81425768476129,99.08436886854153,40.483976455199475,75.21255722694572,24.264224983649445,49.44408109875736,4.778865136804994,-1.5301675343870231,-3.2969998832224703,1
477352,Ander Guevara,25.899280575539567,11.772400261608896,80.05232177894048,62.65533028122956,33.355134074558535,64.55199476782211,53.49901896664486,39.89535644211904,3.0915167901814735,-1.499736408528766,-0.1707024156778976,5
478999,Kike Pérez,52.71419228253761,64.35578809679528,66.12164813603663,46.697187704381946,72.79267495094834,42.642249836494436,95.16023544800524,2.485284499672989,-0.7694235725969547,-1.3264014624843234,0.6626079363444828,5
480138,B. Mendy,35.84041857423153,45.45454545454545,39.63374754741661,60.88947024198823,45.32374100719424,58.665794637017655,73.96991497710921,14.846304774362329,1.34003057006534,0.1557381948341164,0.45646180857438945,1
480145,A. Tchouaméni,32.37410071942446,53.43361674296926,87.90058862001308,98.75735775016351,35.84041857423153,81.5565729234794,59.31981687377371,66.12164813603663,3.596973588255423,-1.1427668199747727,-2.897979084014101,4
481322,A. Candela,36.95225637671681,7.390451275343361,74.36232831916286,44.408109875735775,66.71026814911707,54.610856769130145,27.53433616742969,76.97841726618705,1.955528158623189,-1.2939117988170707,1.430739074168672,1
481618,N. Tenaglia,29.561805101373444,39.4375408763898,39.37213865271419,12.622629169391757,46.043165467625904,75.60497056899933,60.23544800523217,52.71419228253761,2.2498181494916274,0.7711951352343497,2.5593161136740674,4
482369,Javi Martínez,67.56049705689993,58.011772400261606,51.3407455853499,25.572269457161546,67.95291039895358,38.58731196860693,66.31785480706344,61.216481360366245,-1.5863353247723877,-1.280442321072854,1.1557177457982082,2
483256,Alfon González,98.82275997383911,90.71288423806409,26.2916939175932,8.69849574885546,96.72988881621976,5.101373446697187,80.05232177894048,76.71680837148463,-7.406866975036246,-1.2950570619181752,0.08795212066077575,1
485083,David Carmo,17.985611510791365,34.59777632439503,82.34139960758667,89.01242642249836,11.510791366906476,89.5356442119032,31.32766514061478,20.863309352517987,5.422293040122558,0.6405039625239541,-1.4883681999912088,1
485271,Lucas Rosa,42.38064094179202,18.639633747547414,37.99869195552649,18.378024852844995,72.4002616088947,63.37475474166122,82.60300850228907,16.939175931981687,0.7528259815852111,-0.5167763074179923,2.8905246212286544,2
485383,Álex Mula,77.43623283191629,75.21255722694572,53.302812295618054,38.194898626553304,83.78024852844996,29.758011772400263,56.76913015042512,71.22302158273382,-2.891140435216975,-1.2343814873821872,-0.04027959306662261,1
486425,Fer Niño,69.7841726618705,91.69391759319817,2.485284499672989,16.415958142576848,43.16546762589928,15.173315892740352,85.4807063440157,54.0222367560497,-4.752026335458188,4.60897062896677,-0.4092952539164084,2
487598,Miguel de la Fuente,66.12164813603663,81.22956180510137,1.7658600392413342,0.5886200130804448,54.087638979725305,12.09941137998692,87.24656638325703,47.482014388489205,-5.602498191036942,4.722858787363113,1.6615344068748024,2
487752,Miguel Atienza,25.703073904512753,45.84695879659908,29.038587311968605,63.63636363636363,11.903204708960105,72.66187050359713,26.55330281229562,60.693263570961406,2.7925460667600075,1.8172119810915832,-0.45526505223929115,1
487756,Marcos André,59.64682799215173,84.95748855461086,1.896664486592544,2.746893394375409,61.87050359712231,8.371484630477436,91.62851536952257,21.386527141922826,-4.994922514760641,4.675885956268357,0.8623486944326341,4
488961,Samú Costa,31.131458469587965,49.90189666448659,62.720732504905165,51.53695225637671,31.262262916939175,66.77567037279267,94.17920209287117,5.0359712230215825,2.4696973119443784,-0.1436830604636365,0.9319009750925256,4
489417,Erik Expósito,67.1026814911707,84.43427076520602,9.287115761935906,23.217789404839763,44.21190320470896,20.863309352517987,69.13015042511445,74.55853499018966,-3.862762643507072,3.4611763298992515,-0.7357367353510496,1
489488,Martín Aguirregabiria,27.20732504905167,2.027468933943754,46.43557880967953,10.00654022236756,40.091563113145845,54.087638979725305,39.568345323741006,72.85807717462393,2.3649104861838763,0.0673751797591762,2.993559318370114,5
489695,Marvin Park,55.78809679529104,40.6801831262263,39.24133420536298,15.107913669064748,75.14715500327011,43.623283191628516,69.7841726618705,16.873773708306082,-1.0672895294220774,-0.7680842082665923,2.4994961267966493,2
490458,S. Kaba,71.61543492478745,84.49967298888163,6.932635709614127,28.515369522563766,47.41661216481361,11.70699803793329,83.45323741007195,26.880313930673644,-4.827788181540339,3.772412338520909,-0.3337412194613359,1
490863,Alemão,69.13015042511445,83.64944408109875,7.325049051667756,7.521255722694571,49.83649444081099,21.321124918247218,74.23152387181165,36.625245258338786,-4.581924582428487,3.3064555546296024,0.24241538183908973,1
492443,V. Castellanos,76.91301504251145,96.72988881621976,1.5042511445389144,1.5042511445389144,49.117069980379334,8.175277959450622,65.66383257030739,13.865271419228254,-5.657769319031406,5.101337541440063,0.08903227329816425,1
493295,Vinícius Júnior,99.86919555264879,93.5251798561151,59.45062132112492,35.5134074558535,100,9.483322432962721,94.50621321124918,53.564421190320466,-8.405435051337099,-4.184953040315889,-0.7408078688666744,8
493898,Adrián de la Fuente,23.086984957488554,15.304120340091561,70.04578155657293,51.99476782210595,30.869849574885542,76.71680837148463,29.561805101373444,55.853499018966644,4.017730795617674,0.318957364639549,0.4310210851347071,1
494315,B. Miovski,56.5729234793983,82.73381294964028,1.3734466971877044,27.468933943754088,22.171353826030085,20.14388489208633,23.80640941792021,64.02877697841727,-3.800939645649487,5.126266104639954,0.0528576394697187,1
494337,N. Pérez,5.297580117724002,50.29431000654022,11.445389143230871,52.91039895356442,0.45781556572923476,68.541530412034,4.708960104643558,16.285153695225638,3.474763815272179,4.800285155077802,0.31386746331916215,1
495404,D. Lainez,91.62851536952257,64.15958142576848,60.17004578155657,25.833878351863966,97.84172661870504,29.954218443427077,95.35644211903205,29.758011772400263,-4.046835627639851,-3.057235529893871,1.461504854204429,1
495674,Samuel Lino,95.02943100065401,78.09025506867233,62.52452583387835,42.57684761281884,97.58011772400262,32.701111837802486,96.01046435578809,87.57357750163506,-3.7106718078816514,-2.854027573873458,0.6777834596539373,3
496400,C. Ejuke,92.54414650098103,75.27795945062132,65.00981033355134,48.52844996729889,97.71092217135383,17.26618705035971,91.23610202746893,96.46827992151734,-4.971040890097088,-3.2070202069991876,-0.06905534616574055,2
496493,Víctor Gómez,46.304774362328324,17.39699149771092,73.90451275343362,15.631131458469588,70.24198822759973,43.29627207325049,33.093525179856115,63.243950294310004,0.4666484661353189,-1.8964615206475697,2.066848703752986,1
498350,M. Mbaye,0.8502289077828646,13.472858077174624,21.19032047089601,56.376716808371484,4.578155657292348,93.4597776324395,20.01308044473512,58.40418574231524,4.829761137281353,3.4015028790776287,0.37830197323956594,1
498373,M. Sagnan,30.739045127534336,45.91236102027469,72.4002616088947,95.29103989535645,19.555264879005886,78.35186396337475,8.960104643557882,13.799869195552649,3.9248530405468296,0.2916476013697011,-2.005842465639976,1
499596,S. Dest,81.6873773708306,53.69522563767168,79.39829954218443,86.919555264879,87.05035971223022,43.10006540222368,52.5833878351864,94.11379986919556,-1.035281850945277,-2.956793918449147,-0.7158137757255433,2
499843,Edu Expósito,56.89993459777632,57.619359058207976,68.73773708306082,38.39110529758012,64.4865925441465,46.82799215173316,69.5225637671681,73.44669718770437,-0.4484508820523521,-1.8846792511653376,0.5035707393270705,5
500200,Miguel Rubio,8.56769130150425,42.44604316546763,29.561805101373444,72.2040549378679,8.306082406801831,86.59254414650098,21.97514715500327,39.04512753433617,4.531849075584348,2.9571797277438714,-0.580748810225696,1
501165,Lucas Pires,46.56638325703074,30.80444735120994,69.8495748855461,22.759973839110533,53.8914323086985,54.34924787442773,40.28776978417266,58.07717462393721,1.0408639073326384,-1.4605680089578892,1.9481679801077671,1
501471,I. Chaira,71.48463047743623,73.05428384565074,26.68410725964683,33.878351863963374,85.4153041203401,32.63570961412688,76.19359058207979,44.800523217789404,-3.3138728193557982,-0.3386266313550353,1.017065972460244,1
503338,Martín Zubimendi,28.58077174623937,43.55788096795291,71.41922825376062,88.1621975147155,39.89535644211904,72.4656638325703,49.18247220405494,45.781556572923485,2.9844774349824617,-0.7276363816154067,-1.52321672026039,6
504301,T. Kubo,94.6370176586004,75.67037279267495,37.933289731850884,17.854807063440155,99.08436886854153,21.58273381294964,97.64551994767821,84.3034663178548,-5.441975828278874,-2.454449594305628,0.835416047703451,7
504303,A. Rațiu,61.41268803139307,45.258338783518646,74.03531720078482,44.538914323086985,89.66644865925441,44.86592544146501,61.08567691301504,85.80771746239371,-0.7966795862532388,-2.581782210911739,1.4055925453312768,3
504689,F. Garcés,11.772400261608896,38.26030085022891,19.032047089601043,65.59843034663179,3.924133420536298,89.27403531720078,5.362982341399607,36.49444081098757,3.657087736199217,3.5800111084383612,-0.11254465948419634,2
507495,Dani Escriche,71.35382603008502,77.24002616088947,18.835840418574232,19.94767822105952,80.64094179202093,20.27468933943754,80.31393067364291,11.70699803793329,-3.912125562961282,0.838576352917162,0.7217055220438922,1
507738,Vini Souza,20.53629823413996,28.776978417266186,21.97514715500327,58.534990189666445,20.20928711576194,86.8541530412034,83.25703073904512,3.989535644211903,2.5229462976798476,1.8981791043758056,1.0546480585563252,1
508021,Jorge Cuenca,16.219751471550033,37.410071942446045,48.593852190974495,65.07521255722695,10.79136690647482,85.28449967298887,18.312622629169393,60.10464355788096,4.797610407400271,1.9366176457438111,-0.02137868714861542,3
508440,B. Méndez,18.051013734466974,28.515369522563766,51.929365598430344,42.053629823414,19.816873773708306,74.16612164813604,15.565729234793983,42.1190320470896,4.169719034352711,1.077017744090869,1.1469923710231542,1
511155,R. Vargas,92.08633093525181,82.14519293655984,44.538914323086985,11.96860693263571,92.47874427730542,14.58469587965991,72.13865271419229,80.3793328973185,-4.714092535961977,-1.3393687691884648,0.3561898977161516,2
512982,Matheus Cunha,92.34793982995421,93.65598430346633,9.74493132766514,16.612164813603663,64.4211903204709,8.502289077828646,92.217135382603,34.139960758665794,-6.041099119796503,2.5022313505097284,-0.10203125282617108,1
514494,Matías Arezo,56.96533682145193,82.53760627861347,11.96860693263571,37.80248528449967,36.36363636363637,31.654676258992804,48.593852190974495,40.353172007848265,-2.675452099134333,3.207750254189335,-0.6348522228337011,1
515713,B. Dia,93.98299542184434,94.24460431654677,6.344015696533682,34.59777632439503,55.330281229561805,1.1772400261608895,56.180510137344676,52.38718116415958,-6.323983399380828,3.2790483422766674,-1.164243157610538,1
517437,Jesús Areso,48.855461085676914,6.801831262262917,56.89993459777632,24.656638325703074,83.97645519947679,50.68672334859385,80.2485284499673,72.4656638325703,0.2613687366145948,-1.6592795493128971,2.472602162147669,3
518092,P. Ciss,24.06801831262263,54.087638979725305,58.92740353172008,78.54807063440157,33.878351863963374,89.99345977763244,59.12361020274689,6.147809025506867,3.281049842618796,0.2453833077156715,-0.8228224797087508,5
518746,Lee Kang-In,67.75670372792675,71.026814911707,46.697187704381946,45.45454545454545,86.8541530412034,10.13734466971877,90.45127534336167,47.80902550686723,-3.921955230982771,-1.4792676047049302,0.29757547810999324,4
518905,José Copete,11.445389143230871,15.827338129496402,45.258338783518646,57.226945716154354,28.38456507521256,94.6370176586004,68.4107259646828,10.13734466971877,4.51377801993407,1.3508040044172482,0.9003875857780611,4
519494,Álex Suárez,15.958142576847612,24.85284499672989,55.853499018966644,87.63897972531066,14.126880313930673,70.43819489862655,5.689993459777633,39.24133420536298,3.92903099684522,1.171493275703716,-1.0028679667029952,2
523326,Manu Fuster,71.55003270111185,61.28188358404185,91.82472204054937,58.27338129496403,74.9509483322433,39.89535644211904,76.78221059516024,68.541530412034,-1.193066329883882,-3.862193906527836,-0.08481852768910508,1
524274,A. Douvikas,65.7946370176586,92.34793982995421,0.7848266841072596,5.101373446697187,43.03466317854807,15.107913669064748,93.72138652714193,46.37017658600392,-5.432855286861248,4.953492824803934,0.4341000735389759,2
525104,Dani Vivian,17.527795945062135,32.30869849574886,72.66187050359713,75.47416612164814,22.890778286461742,98.16873773708306,18.574231523871813,67.0372792674951,4.785034559125315,0.4222779025809706,-0.7300843680397779,5
525126,Marc Aguado,22.694571615434924,18.247220405493785,72.92347939829953,92.47874427730542,21.451929365598428,77.76324395029431,25.049051667756707,68.4107259646828,4.06105675795207,-0.4771835649944583,-1.2768787094896108,1
525130,Álex Centelles,38.71811641595814,7.259646827992151,72.79267495094834,25.049051667756707,52.125572269457166,54.480052321778935,23.675604970569,85.28449967298887,1.9994316779845889,-1.0872619192043906,2.0742364613406736,2
527100,M. Greenwood,94.11379986919556,89.33943754087639,52.91039895356442,43.68868541530412,98.36494440810988,2.6814911706998035,56.89993459777632,59.97383911052976,-5.896794054446325,-2.2532572447967767,-1.1137556259154069,1
527102,L. Ramazani,82.93001962066711,78.35186396337475,16.939175931981687,0.6540222367560496,97.05689993459778,19.816873773708306,65.92544146500981,8.69849574885546,-5.230406567903575,-0.08383696424155142,2.182800381745254,2
528925,Calebe,75.73577501635056,53.76062786134729,88.48920863309353,52.779594506213215,89.4702419882276,40.876389797253104,87.96599084368869,21.71353826030085,-1.7472827386437195,-3.891376466828043,0.5463693620417083,1
529349,Antony,96.33747547416613,82.93001962066711,84.69587965990843,48.005232177894044,98.43034663178548,24.9836494440811,70.96141268803139,84.56507521255723,-4.469055843136248,-4.397736224837398,-0.6869408505332054,2
530689,Mario Hernández,41.66121648136036,21.321124918247218,81.5565729234794,32.8973185088293,65.8600392413342,57.226945716154354,47.87442773054284,32.76651406147809,1.6965073162615023,-2.0130464755673434,1.7842168380899537,1
531592,Aihen Muñoz,31.85088293001962,4.381948986265534,66.64486592544147,35.644211903204706,68.80313930673643,53.69522563767168,55.00327011118378,65.8600392413342,1.913685021625083,-1.3161113636363932,2.5044513232802967,8
532467,Riqui Puig,85.4807063440157,72.4656638325703,97.97253106605625,98.6919555264879,84.89208633093526,33.81294964028777,38.194898626553304,70.50359712230215,-1.3580673133606762,-5.264543286184783,-3.4086719407749366,2
532627,Arnau Puigmal,69.19555264879006,64.02877697841727,31.85088293001962,11.314584695879661,77.04381948986266,38.194898626553304,80.51013734466972,34.33616742969261,-2.4278573766554823,-0.6368372216874688,1.7931796819705212,1
532815,Miguel Baeza,72.4002616088947,76.91301504251145,34.79398299542184,55.52648790058862,60.95487246566383,30.346631785480703,43.623283191628516,80.70634401569653,-2.362902042529611,-0.2661611055750105,-0.5865110878695927,1
532831,Bryan Gil,90.7782864617397,70.69980379332897,44.86592544146501,21.97514715500327,97.64551994767821,20.40549378678875,92.08633093525181,28.31916285153695,-4.978839223176956,-2.4285191116467657,1.1488250738115895,6
534083,Chris Ramos,64.55199476782211,92.80575539568345,0.1962066710268149,2.092871157619359,42.38064094179202,13.342053629823415,99.47678221059516,15.958142576847612,-5.438962549121538,7.046578997196023,1.090138904115924,2
535789,D. Affengruber,19.94767822105952,6.736429038587312,89.5356442119032,87.76978417266187,38.194898626553304,94.24460431654677,53.172007848266844,55.59189012426422,5.025557689560286,-1.2605499040662933,-0.9083234213762924,1
535845,E. Boyomo,17.920209287115764,20.40549378678875,46.50098103335513,78.35186396337475,21.84434270765206,82.21059516023544,42.642249836494436,52.84499672988881,3.931268938482249,1.263434266578097,-0.23703165362710477,2
536058,Fábio Silva,87.50817527795945,94.04839764551994,7.586657946370176,6.932635709614127,67.69130150425114,9.548724656638326,93.65598430346633,13.342053629823415,-5.91371690609781,3.173153394446763,0.2287886533741353,1
536142,Miguel Gutiérrez,63.1785480706344,47.482014388489205,82.01438848920863,60.23544800523217,68.86854153041203,41.137998691955524,15.827338129496402,85.4153041203401,-0.6585158257160735,-2.521673791329793,0.24858138213873032,3
536150,Sergio Arribas,85.61151079136691,89.20863309352518,29.627207325049053,52.5833878351864,78.80967952910399,27.926749509483322,50.81752779594506,94.04839764551994,-3.956902707126579,-0.4873922079152878,-1.1920392071609431,1
536152,Jordi Martín,58.60039241334205,58.142576847612816,61.47809025506867,20.601700457815568,71.28842380640941,40.483976455199475,79.52910398953564,23.80640941792021,-0.928352684911352,-1.3941155676146986,1.4209207627634368,1
536640,Sergio Camello,77.37083060824068,87.11576193590582,7.848266841072596,24.19882275997384,58.011772400261606,17.527795945062135,43.68868541530412,93.06736429038587,-5.056495948085856,2.8570086166942774,-0.6668467032802662,3
537185,J. Araujo,35.905820797907126,28.64617396991498,70.50359712230215,65.729234793983,38.78351863963375,74.23152387181165,34.72858077174624,57.55395683453237,2.7427531110335934,-0.7232964336122202,0.4658307143388558,1
537561,Carlos Vicente,81.75277959450621,62.00130804447351,30.673642903858735,0.9810333551340745,83.12622629169391,20.34009156311315,86.46173969914977,82.21059516023544,-3.935252569498287,-0.8177134299465084,2.750549765454116,3
542101,S. Cissé,42.31523871811642,58.665794637017655,47.220405493786785,74.29692609548725,50.16350555918901,47.28580771746239,46.76258992805755,56.703727926749515,0.6634724785950221,-0.24903032261293295,-0.6206652937287311,1
542945,Óscar Gil,37.54087638979725,10.987573577501635,21.321124918247218,33.224329627207325,43.623283191628516,72.5310660562459,58.534990189666445,3.5317200784826683,0.9167827919767202,0.3089133668461706,3.5446054295789313,2
544210,Sergio Carreira,63.04774362328319,34.85938521909745,77.95945062132112,37.148463047743626,73.18508829300197,41.465009810333555,18.705035971223023,90.45127534336167,0.06486414891175671,-2.3451869494099427,1.3620885585139666,2
544844,Logan Costa,17.200784826684107,39.30673642903859,67.56049705689993,90.71288423806409,21.97514715500327,78.8750817527796,4.774362328319163,86.06932635709614,4.5726808497858595,1.0595461012820666,-1.8832371867356443,1
544859,Álex Baena,92.217135382603,79.72531066056246,86.98495748855461,23.93721386527142,90.51667756703729,23.871811641595812,63.63636363636363,5.101373446697187,-3.5689370092508867,-3.270337074216037,0.09168424241017609,4
544862,Germán Valera,87.31196860693264,64.09417920209287,74.10071942446042,50.22890778286462,89.60104643557881,36.03662524525834,70.50359712230215,77.37083060824068,-2.764585664350556,-2.974615758424783,0.25122645183873127,1
545296,Y. Musah,52.84499672988881,47.15500327011119,17.331589274035316,28.84238064094179,91.75931981687377,35.18639633747547,79.26749509483322,22.040549378678875,-2.3989614030111204,0.24830930125740427,1.7655474515915053,3
545569,Saúl Coco,10.13734466971877,39.829954218443426,56.24591236102028,92.54414650098103,22.302158273381295,87.50817527795945,26.94571615434925,68.34532374100719,4.702084031637867,1.3597295701491734,-1.6645685469416946,1
545811,Hugo Duro,57.8155657292348,88.88162197514716,1.2426422498364944,16.15434924787443,30.412034009156315,16.873773708306082,84.76128188358403,63.440156965336826,-4.899191864385484,5.4724869300127885,-0.02702756721262393,6
545942,Oihan Sancet,80.18312622629169,85.5461085676913,27.403531720078483,52.06017004578156,83.06082406801832,10.595160235448004,92.60954872465665,66.05624591236102,-4.682395624383515,-0.1869213775433421,-1.1695570408800309,7
545943,Unai Vencedor,31.458469587965993,20.14388489208633,85.80771746239371,57.619359058207976,34.2053629823414,53.23741007194245,43.03466317854807,53.82603008502289,2.570485474343362,-1.617095130772467,-0.3020117047983142,3
545944,Oier Zarraga,46.63178548070634,57.16154349247874,49.31327665140615,49.50948332243296,57.42315238718116,42.77305428384565,56.96533682145193,19.22825376062786,0.14023544117286005,-0.7487260846568374,0.423285739642369,2
546242,Roger Brugué,64.94440810987574,78.28646173969915,15.042511445389142,26.81491170699804,57.357750163505564,29.823413996075864,50.22890778286462,62.85153695225638,-3.051992858976568,1.9522104656905213,0.3899653097768976,1
546482,José Gragera,14.32308698495749,38.194898626553304,20.601700457815568,71.94244604316546,10.5297580117724,78.67887508175278,50.35971223021583,8.240680183126226,3.4408944289187553,2.3238202951707394,0.36961184618846704,2
546863,W. Cheddira,78.67887508175278,83.12622629169391,5.0359712230215825,11.510791366906476,63.89797253106606,14.519293655984303,96.27207325049052,7.1942446043165464,-5.4286318245602665,3.200911481470607,0.8461234140017664,1
547260,Rodrygo,99.21517331589274,87.76978417266187,44.931327665140614,83.32243296272073,99.01896664486593,17.331589274035316,69.7187704381949,97.90712884238064,-5.899637384558808,-2.517364550358095,-1.8058603090189935,7
547492,Reinier,71.81164159581425,79.98691955526488,30.019620667102682,53.43361674296926,58.46958796599084,28.31916285153695,78.09025506867233,76.65140614780903,-2.918386396906613,0.4639296338755816,-1.395619271780933,1
547496,Yan Couto,80.90255068672334,47.54741661216481,84.56507521255723,29.365598430346633,98.75735775016351,33.55134074558535,75.67037279267495,48.201438848920866,-2.3437954358140303,-4.156015437389132,2.0550067180583387,2
549129,Aitor Paredes,12.164813603662525,36.8214519293656,56.11510791366906,86.00392413342054,10.987573577501635,86.7233485938522,9.483322432962721,58.46958796599084,4.703444044548697,1.6793662325464194,-1.8262371218637103,4
550229,Jon Moncayola,36.49444081098757,47.351209941138,69.98037933289731,54.87246566383257,33.68214519293656,60.36625245258339,33.224329627207325,61.93590582079791,1.8219054549136176,-1.1747976753223828,0.3286503041533057,7
550459,J. Álvarez,95.87965990843689,95.29103989535645,38.71811641595814,39.568345323741006,84.76128188358403,11.445389143230871,47.15500327011119,82.66841072596468,-5.293886573745519,-0.8438762786920868,-1.2360195391935695,2
550927,Sergi Cardona,58.07717462393721,38.32570307390451,80.77174623937215,39.4375408763898,49.05166775670373,65.40222367560497,64.29038587311967,28.64617396991498,1.4868304116848958,-1.817995238883256,2.061599122268272,3
551304,Álex Petxa,38.97972531066056,10.39895356442119,87.70438194898627,49.77109221713538,58.92740353172008,62.00130804447351,64.68279921517332,14.19228253760628,2.280825753669935,-2.2858070904681176,1.3560643844835063,1
551419,Alberto Soro,59.777632439502945,65.07521255722695,19.62066710268149,16.546762589928058,51.73315892740354,38.32570307390451,72.4002616088947,74.9509483322433,-1.858620060711928,1.353339778369944,1.067711534022614,1
551442,Pedro Porro,50.81752779594506,16.219751471550033,86.26553302812296,5.232177894048397,88.29300196206671,43.68868541530412,41.26880313930673,84.76128188358403,0.38827293947305713,-3.2793370470892858,3.5211130963292843,2
551596,Lázaro,90.9090909090909,93.32897318508829,22.694571615434924,35.44800523217789,81.5565729234794,13.865271419228254,61.28188358404185,79.33289731850883,-5.2621451098695005,0.3090174271627465,-1.2710260358025485,1
552232,Jon Ander Olasagasti,52.779594506213215,49.57488554610857,69.7187704381949,37.99869195552649,57.03073904512753,42.31523871811642,68.93394375408764,33.878351863963374,0.14716162553191514,-1.3476554800113032,0.7025178383695944,2
552234,Roberto López,58.665794637017655,67.36429038587312,56.76913015042512,46.56638325703074,51.47155003270111,38.91432308698496,33.616742969260955,94.76782210595161,-1.1675894143596846,-0.9878862942343228,-0.5616181851324987,2
552240,Álvaro Núñez,45.192936559843034,22.040549378678875,88.29300196206671,83.78024852844996,55.72269457161544,53.8914323086985,17.854807063440155,86.7887508175278,1.6936707857486464,-2.5262084703848195,-0.5132911932698168,1
552245,Imanol García de Albéniz,34.85938521909745,1.4388489208633095,85.67691301504252,58.33878351863964,57.946370176586,78.48266841072596,69.32635709614127,44.7351209941138,3.338311034753949,-2.238913239128973,1.566896040905067,1
553292,Abner,36.29823413996076,8.371484630477436,57.03073904512753,42.903858731196856,37.99869195552649,69.5225637671681,27.403531720078483,55.72269457161544,2.948913504079316,-0.22012675475119517,2.0251585977183937,2
553381,G. Álvarez,18.312622629169393,35.31720078482669,20.92871157619359,28.31916285153695,14.911706998037932,70.69980379332897,49.77109221713538,16.808371484630477,2.521554287014142,2.437256911409548,1.6778659568311844,2
554406,R. Nteka,68.01831262262917,79.39829954218443,8.436886854153041,12.23021582733813,52.97580117724002,25.506867233485934,99.14977109221714,5.232177894048397,-4.298063158964907,3.4747049440695927,0.5322523747514587,4
556923,A. Abqar,13.27665140614781,25.506867233485934,29.103989535644214,40.15696533682146,21.778940483976456,95.02943100065401,57.357750163505564,5.166775670372792,3.738106893580496,2.202187287236573,0.6271185758750314,3
557066,K. Piątkowski,16.939175931981687,33.355134074558535,50.55591890124265,76.97841726618705,14.715500327011119,89.86265533028123,31.196860693263574,62.32831916285154,4.4300825661407455,1.3250257946688098,-0.3981163109255742,1
557401,Bruno Langa,35.57880967952911,17.789404839764554,58.07717462393721,25.11445389143231,64.22498364944408,64.68279921517332,54.15304120340092,74.23152387181165,1.97104771571535,-0.9116740017765688,2.2504517030902567,1
557942,M. Salisu,1.6350555918901242,18.443427076520603,28.64617396991498,76.71680837148463,4.512753433616743,96.66448659254414,5.820797907128843,84.69587965990843,5.372432629094568,2.8715909200444876,-0.41696763929220737,1
558581,Pejiño,90.25506867233486,76.45519947678221,81.6873773708306,37.410071942446045,93.4597776324395,24.19882275997384,90.38587311968607,67.42969260954872,-3.958269513489869,-3.4939466413587468,0.00843868911558193,1
558739,T. Nianzou,13.66906474820144,31.5892740353172,44.669718770438195,93.39437540876389,23.871811641595812,80.57553956834532,45.45454545454545,64.74820143884892,4.295073503833625,1.448192590227813,-1.5560917869866635,2
558754,Carlos Dotor,47.61281883584042,47.87442773054284,50.098103335513414,64.29038587311967,34.009156311314584,49.64028776978417,26.357096141268805,37.47547416612165,0.8961893359153905,-0.2225528516440254,-0.1406321914021683,1
558779,Juanmi Latasa,68.541530412034,87.50817527795945,1.0464355788096795,1.0464355788096795,23.93721386527142,2.419882275997384,96.40287769784173,0.6540222367560496,-5.424852862670873,6.278389951887446,0.6708849725649939,3
559043,Valery Fernández,60.95487246566383,50.81752779594506,24.06801831262263,56.24591236102028,82.01438848920863,40.28776978417266,60.4970568999346,88.48920863309353,-1.7010729777554583,-0.4444376168393867,0.8211596534252579,3
559200,Ricard Sánchez,49.247874427730544,34.40156965336821,51.73315892740354,14.58469587965991,67.82210595160235,46.17396991497711,37.671680837148465,36.55984303466318,0.307785982005502,-0.618589029866049,1.8888646986317312,1
559368,A. Adams,77.82864617396991,92.87115761935905,1.6350555918901242,2.027468933943754,53.76062786134729,7.848266841072596,63.04774362328319,51.47155003270111,-5.267617933223635,5.02857801458635,0.5481356044660246,1
559647,Kirian Rodríguez,44.931327665140614,56.180510137344676,97.51471550032701,91.49771092217135,42.31523871811642,41.203400915631136,4.316546762589928,92.54414650098103,1.7478445752984333,-3.5159290249203523,-2.9196262283384806,2
559718,Gonzalo Plata,84.43427076520602,66.97187704381949,25.376062786134728,24.787442773054284,96.01046435578809,25.049051667756707,92.47874427730542,90.18966644865925,-4.654269382710707,-1.463663769574561,1.6970212751984362,1
560353,Pablo Martínez,55.00327011118378,56.24591236102028,52.71419228253761,28.44996729888816,64.02877697841727,44.015696533682146,50.49051667756703,41.465009810333555,-0.6001502623631351,-0.8166727565584222,1.078109260813853,2
560889,Nico Melamed,73.77370830608241,74.55853499018966,30.80444735120994,51.01373446697187,85.80771746239371,24.13342053629823,75.80117724002616,19.48986265533028,-3.649993421246029,-0.7497429006148051,0.3675184671902762,2
561186,Yéremy Pino,97.3839110529758,78.41726618705036,30.215827338129497,35.905820797907126,79.72531066056246,31.981687377370832,90.51667756703729,3.924133420536298,-4.344773299173587,-0.6116041028630823,0.6329590989947014,5
561189,Robert Navarro,74.16612164813604,65.8600392413342,44.408109875735775,26.68410725964683,97.3839110529758,30.673642903858735,83.51863963374755,81.22956180510137,-3.674197951233958,-2.2694571029345565,1.3338049658858082,3
561190,Javi López,42.1190320470896,18.901242642249834,53.04120340091563,23.675604970569,63.63636363636363,51.47155003270111,71.09221713538261,66.77567037279267,0.8434409189289791,-0.7624106231699278,2.4392541580352884,3
563391,G. Mikautadze,97.12230215827337,98.36494440810988,9.61412688031393,15.565729234793983,74.16612164813604,0.3924133420536298,62.78613472858077,76.91301504251145,-7.28372613600343,2.2269377489999935,-1.2101478390669058,1
563961,José Fontán,27.665140614780903,34.07455853499019,69.65336821451929,68.60693263570961,34.85938521909745,72.59646827992152,22.432962720732505,17.593198168737736,3.6823818400604207,-0.01566518642297703,0.0134136402378101,1
563968,Iker Losada,73.05428384565074,69.45716154349248,45.65075212557227,35.57880967952911,73.05428384565074,32.831916285153696,26.160889470241987,70.63440156965338,-2.56725488496622,-0.9845921501483496,-0.16770793015463653,1
565630,F. Viñas,71.15761935905822,84.89208633093526,8.894702419882277,27.992151733158927,66.44865925441465,22.694571615434924,93.91759319816873,17.331589274035316,-4.373594314459137,2.8080665311342456,0.14828334915764874,1
566942,E. Loiodice,49.77109221713538,42.18443427076521,80.57553956834532,76.2589928057554,61.739699149771084,43.95029431000654,81.42576847612818,48.593852190974495,0.4991371008601055,-2.4029975323012427,-0.4362984997021294,2
567016,Jon Pacheco,13.40745585349902,7.7174623937213855,70.96141268803139,93.06736429038587,25.703073904512753,91.69391759319817,32.37410071942446,23.479398299542183,5.296028434404364,0.8036840038935096,-1.6552195493842254,4
567461,Jorge Herrando,11.70699803793329,24.525833878351865,36.69064748201439,74.16612164813604,12.034009156311315,86.65794637017659,26.48790058862001,40.091563113145845,4.346267816378535,1.8851164492838424,-0.19287175491899064,3
568583,Juan Cruz,66.05624591236102,63.1785480706344,36.625245258338786,7.1288423806409416,87.44277305428385,35.70961412688031,69.45716154349248,89.27403531720078,-2.8999174896580495,-1.1881162940940664,1.6859678707214427,1
569212,Ferrán Jutglà,88.81621975147155,88.48920863309353,17.004578155657292,17.789404839764554,77.6978417266187,6.0824068018312625,40.222367560497055,46.63178548070634,-5.472039608555112,0.9773735983266368,-0.24389654615134376,1
574784,Antonio Sánchez,40.41857423152388,50.03270111183781,34.46697187704382,19.686069326357096,57.226945716154354,46.89339437540877,58.73119686069327,23.54480052321779,0.09599996985386866,-0.2412872457999317,2.316449418673626,5
574907,E. Touré,79.72531066056246,94.11379986919556,2.6814911706998035,18.901242642249834,45.65075212557227,15.696533682145192,39.960758665794636,56.31131458469588,-5.066801344540597,4.741013482701563,-0.704618235971647,1
578270,T. Almada,79.20209287115762,75.40876389797253,87.31196860693264,73.6429038587312,80.51013734466972,35.5134074558535,41.988227599738394,75.14715500327011,-1.7758141917369417,-2.9322236412926324,-1.757512015841127,1
579987,Jon Morcillo,86.7887508175278,61.34728580771747,63.963374754741665,4.774362328319163,94.702419882276,27.79594506213211,74.75474166121649,52.648790058862005,-3.67529139937038,-2.8097842844189884,2.165282307607214,1
580127,Pep Chavarría,47.939829954218446,22.825376062786134,88.81621975147155,36.03662524525834,75.0163505559189,62.39372138652715,81.09875735775016,60.431654676258994,0.9905017177138354,-2.717916330763201,1.5653169196248509,4
582098,D. Lopy,28.44996729888816,42.903858731196856,46.63178548070634,70.17658600392413,44.931327665140614,58.862001308044476,80.96795291039895,52.06017004578156,1.9935096059747777,-0.27148835627558016,0.09228613841949518,1
582472,L. Sučić,63.30935251798561,69.7841726618705,68.99934597776326,66.05624591236102,77.10922171353826,38.45650752125572,59.058207979071284,77.50163505559189,-1.4335501807799378,-2.161912125992891,-0.9218171799396494,1
583159,L. Badé,12.949640287769784,26.48790058862001,67.62589928057554,82.21059516023544,26.357096141268805,90.12426422498365,37.08306082406802,72.13865271419229,5.254032954493472,1.0692255848806471,-0.9144290522702756,3
583880,A. Ounahi,85.80771746239371,72.5310660562459,90.71288423806409,53.956834532374096,94.24460431654677,28.05755395683453,88.81621975147155,44.408109875735775,-3.17935773987642,-4.540063491689505,-0.32353144369680964,1
584520,Nico González,51.66775670372793,56.83453237410072,69.45716154349248,88.94702419882276,66.57946370176586,58.27338129496403,84.3034663178548,15.565729234793983,0.7679227105528683,-1.6728731166465411,-1.0236763481011673,2
584522,Ansu Fati,99.34597776324395,98.03793328973185,44.800523217789404,70.69980379332897,92.60954872465665,7.521255722694571,77.04381948986266,69.65336821451929,-6.407659754205688,-1.5997413863368557,-2.3029841712534007,3
584914,Jesús Vázquez,37.80248528449967,23.348593852190973,20.66710268149117,8.960104643557882,73.31589274035318,53.49901896664486,89.79725310660562,53.956834532374096,0.15046801807876947,0.3711572509486881,3.625380888990272,4
584938,Fran Pérez,70.96141268803139,57.29234793982996,20.470896010464358,19.816873773708306,88.03139306736429,24.72204054937868,78.74427730542838,62.78613472858077,-3.839047956818208,-0.6984417368661893,2.0916972223232775,3
585048,L. Beltrán,79.26749509483322,81.81818181818183,14.126880313930673,39.829954218443426,65.7946370176586,21.386527141922826,89.92805755395683,53.8914323086985,-4.23814685546421,1.74517871134029,-0.18382672765669061,1
585538,R. Alhassane,37.34466971877044,3.0739045127534337,58.534990189666445,23.348593852190973,60.5624591236102,52.06017004578156,25.179856115107913,80.96795291039895,1.430696922256795,-0.998468168637358,2.6997779372064175,1
585816,Manu Sánchez,50.55591890124265,16.742969260954872,52.648790058862005,21.321124918247218,56.89993459777632,67.1026814911707,29.823413996075864,58.011772400261606,0.744600681392651,-1.1942136746192116,2.86549193354119,6
589805,L. Agoumé,44.015696533682146,28.9077828646174,76.324395029431,65.92544146500981,44.86592544146501,58.07717462393721,55.330281229561805,8.436886854153041,1.929877991441975,-1.1518900830137122,-0.38355761274788464,3
589806,H. Hassan,91.17069980379333,69.13015042511445,60.10464355788096,15.173315892740352,96.66448659254414,22.3675604970569,71.68083714846306,87.11576193590582,-4.6852338868986365,-2.918308512113549,1.199902544036464,1
590503,Ilaix Moriba,51.20994113799869,58.46958796599084,45.71615434924787,67.62589928057554,61.60889470241988,46.1085676913015,90.18966644865925,5.886200130804448,-0.4781417560447462,-0.8463802046414132,-0.00455366184278098,6
590721,M. Ruggeri,49.64028776978417,14.19228253760628,87.37737083060824,53.49901896664486,59.254414650098106,65.53302812295618,48.6592544146501,46.89339437540877,2.429127749017894,-2.195849188167984,1.296895404105486,1
591410,N. Fernández Mercau,79.13669064748201,48.593852190974495,85.02289077828647,24.13342053629823,86.39633747547416,38.78351863963375,67.23348593852191,35.05559189012427,-2.106831012140657,-3.812865978571095,1.8755360684586468,1
592582,V. Vanat,64.4865925441465,82.21059516023544,3.1393067364290386,9.156311314584697,39.568345323741006,17.069980379332897,48.33224329627207,60.30085022890779,-4.424580631204442,4.363810901426261,0.502297525576097,1
593103,Álvaro Djaló,78.02485284499673,79.33289731850883,13.01504251144539,4.316546762589928,86.33093525179856,14.388489208633093,86.00392413342054,13.66906474820144,-5.224105941511568,1.1580661015821343,1.5446309371589515,1
593173,Aiham Ousou,21.909744931327666,25.179856115107913,58.011772400261606,67.49509483322433,30.085022890778284,75.99738391105298,37.21386527141923,62.65533028122956,3.7626836745717336,0.400878611225141,-0.16757598298405765,1
593442,Beñat Prados,35.18639633747547,34.33616742969261,59.058207979071284,61.47809025506867,46.63178548070634,80.3793328973185,80.57553956834532,12.949640287769784,2.204954591783898,-0.8877127499037071,0.8281967243064345,2
593803,Carlos Romero,45.97776324395029,42.1190320470896,37.671680837148465,10.071942446043165,76.65140614780903,56.44211903204709,64.87900588620013,50.16350555918901,0.38024207098600105,-0.8233439218122234,3.552590989927088,2
595008,Alejandro Cantero,86.919555264879,83.78024852844996,12.818835840418574,8.633093525179856,67.0372792674951,11.314584695879661,45.258338783518646,51.53695225637671,-5.11601870007453,1.6188197668737303,0.29992406979435454,1
595598,Peque Fernández,73.51209941137998,73.44669718770437,20.01308044473512,35.05559189012427,71.61543492478745,24.06801831262263,86.39633747547416,39.37213865271419,-3.8569907647422528,0.4637270219694382,0.05773868434372765,2
596052,Ander Barrenetxea,91.69391759319817,75.14715500327011,48.52844996729889,14.911706998037932,95.09483322432962,27.992151733158927,98.36494440810988,9.156311314584697,-4.259893466524616,-1.7368105998606955,1.4261523367457072,7
596691,Natan,11.96860693263571,26.160889470241987,44.015696533682146,85.93852190974494,18.312622629169393,86.39633747547416,23.610202746893393,67.1026814911707,4.25957288049335,1.759002022215092,-1.1894606821009328,2
596822,Luiz Henrique,83.97645519947679,72.66187050359713,22.23675604970569,17.985611510791365,95.61805101373446,29.431000654022238,98.95356442119032,51.99476782210595,-4.522614156333982,-0.939202767530837,1.8915565415048916,2
598620,Johnny Cardoso,30.150425114453896,47.28580771746239,40.02616088947024,72.4656638325703,41.79202092871158,77.5670372792675,85.80771746239371,41.203400915631136,2.352474197200275,0.2775189281345309,0.08233646793453736,2
599551,E. Camavinga,48.005232177894044,43.10006540222368,90.25506867233486,96.66448659254414,84.107259646828,82.27599738391105,96.20667102681492,10.071942446043165,1.8316081878791872,-3.5988948779266408,-1.0185627422990118,5
599560,Alberto Reina,47.67822105951603,52.38718116415958,79.92151733158927,69.32635709614127,59.908436886854155,47.939829954218446,54.087638979725305,29.561805101373444,1.1703364809685868,-1.6376762608513749,-0.47510280412750866,1
601166,Jofre Carreras,72.92347939829953,72.00784826684107,16.677567037279267,4.512753433616743,90.7782864617397,24.656638325703074,64.74820143884892,47.87442773054284,-4.196448147387174,-0.01847595552823106,2.2388586917608313,1
601275,Rafa Marín,10.39895356442119,29.823413996075864,38.78351863963375,85.02289077828647,13.01504251144539,86.06932635709614,22.759973839110533,66.84107259646828,4.4909102046557825,2.137555339933564,-0.8178243742730664,2
601297,Peter González,65.46762589928058,69.8495748855461,12.753433616742967,1.896664486592544,74.68933943754088,34.009156311314584,94.11379986919556,50.882930019620666,-3.5412500804329,1.2379906095462725,2.4735600291920155,2
601883,F. Pellistri,63.440156965336826,60.10464355788096,11.118378024852845,7.259646827992151,90.18966644865925,28.38456507521256,91.69391759319817,79.98691955526488,-3.943923998130071,0.5865739057141097,2.7115404061880928,3
602620,T. Buchanan,84.95748855461086,70.83060824068018,41.203400915631136,31.654676258992804,92.15173315892741,29.561805101373444,72.79267495094834,55.91890124264225,-4.07954955026953,-1.8633745342687715,0.766864606660425,1
603778,Abel Bretones,37.08306082406802,24.32962720732505,47.743623283191624,9.941137998691955,68.4107259646828,56.50752125572269,75.47416612164814,60.17004578155657,1.0640870181542152,-0.8773032195207384,3.0524532188430715,2
603901,Víctor Meseguer,49.70568999345978,58.862001308044476,46.304774362328324,57.55395683453237,34.66317854807063,47.67822105951603,34.92478744277305,38.39110529758012,0.5875779888251426,0.24636094124095564,-0.371754947766929,1
604055,Mika Mármol,23.28319162851537,3.662524525833878,89.99345977763244,81.81818181818183,47.02419882275997,77.04381948986266,29.365598430346633,77.82864617396991,4.737414676559322,-1.2192780617021723,-0.30423665685303725,2
604122,Jon Aramburu,29.103989535644214,11.576193590582081,67.23348593852191,48.33224329627207,41.26880313930673,78.54807063440157,89.66644865925441,8.04447351209941,3.0290944675576896,-1.0128971158121256,2.160022742574814,3
605383,Beñat Turrientes,38.26030085022891,55.199476782210596,35.12099411379987,84.49967298888163,66.18705035971223,51.798561151079134,61.47809025506867,31.196860693263574,0.2690669279155967,-0.213695760623201,-0.45362133456950354,2
605385,Raúl Moro,96.07586657946369,73.18508829300197,55.199476782210596,2.485284499672989,99.14977109221714,12.49182472204055,52.38718116415958,96.86069326357097,-5.237613751857775,-2.6153300623655333,1.3327116889162416,1
606670,Adrià Altimira,27.141922825376064,8.763897972531067,33.55134074558535,37.86788750817528,54.807063440156966,60.10464355788096,50.16350555918901,12.557226945716154,2.012348273941459,-0.06207946767040591,2.773459712471165,2
607496,O. Óskarsson,65.59843034663179,87.05035971223022,3.2047089601046435,3.3355134074558537,39.30673642903859,14.846304774362329,62.39372138652715,75.0163505559189,-4.742525778394875,4.6098596043387445,0.5469614814213013,1
609127,Carlos Martín,68.47612818835842,69.5225637671681,21.71353826030085,4.708960104643558,65.40222367560497,39.829954218443426,90.7782864617397,16.08894702419882,-2.759452045878276,0.12795980314192856,2.360232932125979,1
611298,Raul García,73.31589274035318,93.39437540876389,2.6160889470241986,12.09941137998692,48.39764551994768,12.818835840418574,37.73708306082407,70.11118378024854,-4.862210445315772,4.77731754033712,-0.2930771053754061,3
611437,M. Diarra,21.321124918247218,8.894702419882277,33.42053629823414,60.36625245258339,31.393067364290385,65.59843034663179,45.84695879659908,32.17789404839764,2.525388605705173,1.028721963110801,0.8044260050443798,1
611463,Aimar Oroz,71.41922825376062,65.27141922825376,39.960758665794636,49.18247220405494,79.98691955526488,25.376062786134728,91.10529758011772,49.9672988881622,-3.0071286953216947,-1.2550140495447977,0.0415364070121404,4
612174,Víctor Parada,31.5892740353172,19.424460431654676,40.28776978417266,29.888816219751472,47.351209941138,61.08567691301504,62.00130804447351,17.26618705035971,2.0296519612157926,0.5625035147212306,1.634431252926841,1
617894,J. Bellingham,93.72138652714193,90.7782864617397,89.92805755395683,91.23610202746893,87.96599084368869,41.07259646827992,93.06736429038587,64.61739699149771,-2.84238469302281,-3.218728485671988,-3.050169446771895,3
618294,Pedri,79.65990843688685,62.26291693917593,99.14977109221714,90.18966644865925,83.45323741007195,42.249836494440814,45.781556572923485,98.88816219751472,-0.484211108636536,-5.945563545131929,-2.989420834436715,6
618690,José Ángel Carmona,36.429038587311965,30.346631785480703,50.29431000654022,37.671680837148465,63.70176586003924,63.63636363636363,88.48920863309353,2.2236756049705693,1.5963251949465542,-0.6352540928789948,2.26243607451919,4
618697,Iván Romero,89.14323086984957,93.00196206671026,8.56769130150425,6.344015696533682,71.026814911707,6.540222367560497,91.43230869849575,40.745585349901894,-6.179560955754419,2.4184048683282877,0.3083406759260068,1
619855,Borja Sainz,74.68933943754088,71.81164159581425,12.295618051013735,10.92217135382603,87.70438194898627,27.01111837802485,98.16873773708306,12.49182472204055,-4.556549970999069,0.7963743978999105,2.8391796948975245,2
620193,C. Riedel,15.173315892740352,23.610202746893393,71.48463047743623,90.7782864617397,20.863309352517987,92.28253760627861,40.54937867887508,64.55199476782211,4.908613318936633,0.31594452377301135,-1.1208935914538305,1
621020,Cristhian Mosquera,4.774362328319163,10.00654022236756,36.10202746893395,94.6370176586004,14.780902550686722,94.11379986919556,12.295618051013735,93.78678875081754,4.57116347434848,1.8217816744009885,-1.113225855582671,2
621046,Yellu Santiago,33.224329627207325,39.63374754741661,17.920209287115764,23.871811641595812,37.410071942446045,52.38718116415958,49.05166775670373,1.0464355788096795,0.8023417043452968,1.3500510838210416,1.9964747951333357,2
621207,Javi Rueda,60.039241334205364,31.981687377370832,80.2485284499673,24.264224983649445,70.96141268803139,52.84499672988881,52.91039895356442,11.05297580117724,0.5801597834595247,-2.6758290998577015,2.3051905589332957,1
622288,Kaiky,4.316546762589928,15.500327011118378,29.23479398299542,63.243950294310004,17.200784826684107,88.94702419882276,8.109875735775017,20.732504905166778,4.570651112950726,2.331999396779333,0.6286799743164314,2
622390,C. Özkacar,8.894702419882277,21.517331589274036,51.01373446697187,73.96991497710921,27.53433616742969,74.62393721386528,20.470896010464358,91.75931981687377,4.810451575562977,1.5617718624062191,-0.2766143033874274,3
622787,M. Cho,97.58011772400262,81.09875735775016,37.34466971877044,3.793328973185088,97.44931327665141,4.185742315238718,96.46827992151734,51.3407455853499,-6.740975831751152,-2.2104414594688664,1.828858237951304,1
624498,Martim Neto,72.4656638325703,62.066710268149116,80.90255068672334,70.43819489862655,80.96795291039895,39.17593198168738,27.01111837802485,53.10660562459124,-1.2009749375171972,-2.618934871068012,-0.8611502722391332,1
624613,Juanlu Sánchez,54.87246566383257,46.958796599084366,48.005232177894044,39.24133420536298,73.57750163505558,51.929365598430344,78.80967952910399,72.92347939829953,-0.16632966803751764,-1.0646987565697184,1.8537929712989092,3
624615,Carlos Álvarez,76.58600392413342,64.4211903204709,69.91497710922171,31.981687377370832,84.2380640941792,26.095487246566385,72.2694571615435,62.589928057553955,-2.947459092993898,-2.704162821098791,0.7003108744735791,1
624774,Gabri Veiga,72.72727272727273,79.59450621321125,35.644211903204706,30.935251798561154,81.6873773708306,31.785480706344018,78.48266841072596,30.608240680183123,-2.897681087033617,-0.8026124338211444,0.1518322361266662,1
624854,Manu Fernández,20.79790712884238,9.483322432962721,92.54414650098103,95.35644211903205,31.32766514061478,79.39829954218443,37.54087638979725,60.88947024198823,5.232590204314187,-1.6531652602037357,-1.566218984837069,1
626123,Ilias Akhomach,92.60954872465665,69.39175931981687,37.01765860039241,21.451929365598428,98.6265533028123,25.572269457161546,99.01896664486593,29.16939175931982,-5.091086009276131,-2.590387646428516,2.070641736229254,2
626229,Mario Martín,44.21190320470896,60.693263570961406,22.629169391759323,57.42315238718116,51.07913669064749,44.538914323086985,90.8436886854153,0.9156311314584695,-0.10145146726026284,1.289836472513537,0.8937631964681313,2
631404,Alejandro Balde,71.74623937213866,31.06605624591236,72.98888162197514,85.4153041203401,95.02943100065401,44.21190320470896,82.14519293655984,94.83322432962721,-1.0084530720259794,-3.132884013464761,-0.17951333250975876,4
631908,Marc Casadó,45.45454545454545,44.7351209941138,97.64551994767821,97.97253106605625,36.429038587311965,71.09221713538261,68.14911706998038,57.619359058207976,2.928564881384914,-4.099263323172023,-2.5034200919428096,2
633438,B. Yıldırım,56.83453237410072,78.54807063440157,0.3924133420536298,1.1118378024852846,35.57880967952911,16.546762589928058,87.63897972531066,3.008502289077829,-4.499430965224663,6.083676891776374,1.7516596488976504,1
634204,E. Barrenechea,30.54283845650752,43.95029431000654,85.5461085676913,84.89208633093526,35.97122302158273,70.30739045127534,70.56899934597777,45.65075212557227,3.2815979297465816,-1.3115239454240464,-1.178630460699249,1
634666,Diego López,87.24656638325703,72.72727272727273,22.759973839110533,8.56769130150425,83.58404185742316,24.59123610202747,44.931327665140614,92.28253760627861,-4.21663336424672,-0.358515355509477,1.34049797503247,4
636122,Alejandro Francés,31.196860693263574,2.6160889470241986,93.00196206671026,73.25049051667757,50.882930019620666,89.4702419882276,50.68672334859385,42.053629823414,4.039703738768092,-2.6228833865361674,0.7614370215955765,1
639038,A. Zakharyan,77.6978417266187,72.98888162197514,62.589928057553955,31.131458469587965,72.66187050359713,29.103989535644214,52.19097449313277,65.40222367560497,-3.0647168478492004,-1.697035022509404,-0.2627786481605431,1
642237,Gerard Martín,45.65075212557227,22.49836494440811,95.09483322432962,79.72531066056246,38.06409417920209,66.05624591236102,60.95487246566383,63.89797253106606,3.1198619214595458,-2.6844462594117102,-0.7011763438274159,2
643199,A. Ezzalzouli,96.79529103989536,85.93852190974494,32.8973185088293,10.39895356442119,99.54218443427077,16.285153695225638,98.29954218443427,69.5225637671681,-6.085205139978302,-1.9431270000795988,1.1110048588648826,5
643875,J. Solís,46.89339437540877,57.55395683453237,54.67625899280576,81.42576847612818,56.6383257030739,48.593852190974495,53.36821451929366,32.24329627207325,0.8357616847709702,-0.5994971125526428,-0.7791710853002597,2
644114,L. Romero,59.58142576847612,76.65140614780903,24.918247220405494,63.04774362328319,61.08567691301504,35.905820797907126,61.54349247874428,36.75604970568999,-2.0988657992956714,0.6466938933945677,-0.8024578846860844,1
645035,Dário Essugo,24.264224983649445,41.92282537606278,55.00327011118378,74.03531720078482,43.10006540222368,74.55853499018966,79.07128842380641,7.325049051667756,2.914225123435889,-0.15212442551899236,0.1347271351364277,1
645789,Iker Muñoz,35.644211903204706,52.97580117724002,66.57946370176586,57.03073904512753,34.92478744277305,64.4865925441465,67.36429038587312,23.152387181164162,2.047763411880097,-0.3942149905976162,-0.2138085006777363,2
645877,Y. Mosquera,29.23479398299542,45.97776324395029,56.50752125572269,77.43623283191629,26.2916939175932,76.58600392413342,45.65075212557227,43.23086984957489,3.5700053605775506,0.7152417464351454,-0.5106215078572862,1
647161,Gavi,75.93198168737737,60.36625245258339,69.39175931981687,87.18116415958143,74.23152387181165,42.903858731196856,98.23413996075867,0.8502289077828646,-1.5609550625115436,-2.1536876348370715,-0.49797837570820463,4
648423,Alberto Moleiro,83.71484630477435,78.61347285807717,33.355134074558535,48.724656638325705,94.96402877697841,10.333551340745585,47.02419882275997,80.11772400261609,-4.517270365080443,-1.4726271931179304,-0.25446580255491447,3
652014,César Tárrega,10.987573577501635,29.16939175931982,51.86396337475474,75.80117724002616,30.935251798561154,81.6873773708306,48.39764551994768,26.422498364944406,4.820238391145155,1.6550156658225197,-0.137189756053262,2
652912,W. Swedberg,90.05886200130804,87.24656638325703,15.565729234793983,16.350555918901243,82.60300850228907,23.54480052321779,83.64944408109875,67.49509483322433,-5.070598515309967,0.6418760315356196,0.3356173790852171,2
653322,Diego Moreno,28.71157619359058,5.951602354480053,56.5729234793983,18.181818181818183,47.482014388489205,67.42969260954872,31.916285153695224,62.98234139960759,2.521151473905065,-0.3914357933073404,2.713602442648127,1
654823,Nico Williams,98.6919555264879,79.0058862001308,35.905820797907126,10.987573577501635,99.67298888162198,17.39699149771092,98.49574885546109,90.25506867233486,-6.67936753682045,-2.660350448594271,1.2697569544243703,5
655335,Yusi,51.14453891432309,34.270765206017,70.43819489862655,31.523871811641595,61.93590582079791,46.043165467625904,67.56049705689993,27.07652060170046,0.7285156756218328,-1.5040896142069515,1.7857327204632638,1
655656,Isaac Romero,82.14519293655984,87.70438194898627,7.652060170045781,5.820797907128843,64.09417920209287,10.464355788096794,87.37737083060824,8.502289077828646,-5.725574197030821,2.630474472821064,0.8854163395060262,3
657882,Rubén Sánchez,55.461085676913015,19.686069326357096,49.64028776978417,5.493786788750818,85.61151079136691,58.60039241334205,94.37540876389797,34.66317854807063,-0.1891445825687304,-1.6788463084107064,3.8657089991476536,1
659244,Ramón Terrats,56.31131458469588,58.534990189666445,59.31981687377371,49.57488554610857,60.23544800523217,41.92282537606278,78.02485284499673,63.63636363636363,-0.6481331573287964,-1.4383626479281009,0.2633804059624282,3
661732,Savinho,97.84172661870504,75.86657946370177,48.26684107259646,31.32766514061478,99.41137998691956,16.677567037279267,73.31589274035318,83.45323741007195,-5.959418420156674,-3.1119687346400307,0.5271474270846783,1
663974,Á. Algobia,34.92478744277305,27.141922825376064,56.31131458469588,56.703727926749515,32.43950294310007,56.24591236102028,35.84041857423153,17.462393721386526,2.0977153969927484,-0.4721074015785328,0.8811640906619395,1
669602,N. Jackson,96.92609548724657,95.81425768476129,8.829300196206672,30.80444735120994,81.3603662524526,1.5696533682145193,75.53956834532374,27.27272727272727,-6.793540064410552,2.1015933184768016,-0.8457020914009324,1
670456,E. Eyong,75.14715500327011,92.93655984303466,2.746893394375409,6.998037933289732,52.256376716808376,18.639633747547414,89.5356442119032,60.4970568999346,-5.294301167120793,4.1248718931788515,0.4302405149549785,1
678620,Arnau Martínez,50.29431000654022,41.79202092871158,78.15565729234794,69.06474820143885,48.13603662524526,57.29234793982996,57.09614126880314,54.21844342707652,1.828652268685666,-1.3717959668951707,0.3116663959677741,4
682943,T. Dolan,91.03989535644213,66.44865925441465,44.08109875735775,8.371484630477436,95.16023544800524,24.787442773054284,78.22105951602354,47.220405493786785,-4.716200237317264,-2.313012546326733,2.0469476083218905,1
683194,T. Barry,84.36886854153042,97.2531066056246,1.1772400261608895,4.054937867887508,62.39372138652715,6.801831262262917,79.79071288423808,44.21190320470896,-6.2906521357143745,5.159682653571337,-0.3113877038898233,1
683848,Urko González,26.48790058862001,20.863309352517987,18.574231523871813,39.37213865271419,37.80248528449967,62.45912361020275,55.59189012426422,56.376716808371484,1.8047829263182351,1.3966202434681814,1.7792410246697246,2
688446,Chadi Riad,4.970568999345978,28.38456507521256,34.33616742969261,95.22563767168084,9.287115761935906,87.57357750163506,3.2047089601046435,91.17069980379333,5.0317552538033725,2.3303632553599005,-1.540925142961281,1
689107,Renato Veiga,13.342053629823415,16.808371484630477,79.59450621321125,92.15173315892741,17.854807063440155,84.95748855461086,13.01504251144539,74.75474166121649,4.998829521745136,0.16013951089486814,-1.5988666638274047,1
691939,T. Nikitscher,24.918247220405494,37.60627861347286,21.0595160235448,70.56899934597777,27.730542838456508,61.47809025506867,56.44211903204709,20.66710268149117,2.0351605961053827,1.879523369389308,0.05702194931763215,1
693939,Pablo Torre,80.64094179202093,62.91693917593199,87.83518639633748,59.385219097449315,79.52910398953564,31.85088293001962,40.41857423152388,69.06474820143885,-2.3275448349894265,-3.3506187620693946,-0.780463193650675,2
693943,A. Rebbach,86.20013080444735,70.11118378024854,28.44996729888816,3.2701111837802483,93.5251798561151,23.675604970569,91.82472204054937,14.780902550686722,-4.555389117117569,-0.9193785855857974,2.384505658166716,2
694062,Pablo Ibáñez,52.91039895356442,64.87900588620013,30.477436232831916,46.43557880967953,62.65533028122956,45.84695879659908,87.90058862001308,13.01504251144539,-0.5925815997698928,0.4215038120564875,0.81360945282466,4
694195,Rodri Sánchez,83.25703073904512,61.02027468933944,79.20209287115762,66.97187704381949,85.74231523871812,24.395029431000655,20.40549378678875,99.60758665794637,-3.0224805430387245,-3.2445416023234612,-1.0793838011707984,4
694310,Raúl Torrente,6.932635709614127,8.960104643557882,65.53302812295618,62.32831916285154,7.259646827992151,90.32047089601046,19.032047089601043,19.293655984303467,5.5119740292929675,1.2822511439868698,0.17823059265759875,2
694506,Bryan Zaragoza,96.59908436886853,73.57750163505558,40.614780902550685,0.7194244604316548,99.47678221059516,3.4009156311314586,70.37279267495094,80.64094179202093,-6.511312756274877,-2.816440950482258,1.820104201021386,3
696440,Damián Rodríguez,45.91236102027469,39.04512753433617,97.12230215827337,98.95356442119032,35.38260300850229,61.34728580771747,9.090909090909092,53.04120340091563,3.085522707868331,-3.255449690532798,-2.9749974862147917,1
696658,O. El Hilali,23.80640941792021,0.5232177894048398,60.82406801831263,40.02616088947024,33.81294964028777,70.17658600392413,59.254414650098106,15.369522563767168,3.5135477213524138,-0.184068064596153,2.6994189097628554,2
697957,W. Kambwala,14.519293655984303,30.869849574885542,42.38064094179202,87.05035971223022,13.211249182472203,82.01438848920863,2.6814911706998035,86.00392413342054,4.3624703785194985,1.8957633679896584,-1.3979858591136352,1
700268,L. Blanco,60.82406801831263,6.213211249182472,88.55461085676913,3.924133420536298,90.8436886854153,41.53041203400916,54.67625899280576,70.43819489862655,-0.7639314595037143,-3.878531657078626,3.6835779836739384,1
703740,A. Güler,95.29103989535645,80.90255068672334,96.40287769784173,86.65794637017659,86.7233485938522,34.99018966644866,50.42511445389143,82.27599738391105,-2.6228075644695834,-4.993658216335813,-2.317480585255057,2
706732,Sergi Altimira,36.625245258338786,48.52844996729889,74.42773054283846,91.30150425114454,48.07063440156965,66.64486592544147,66.90647482014388,43.4270765206017,2.0821386130049633,-1.6107140200390675,-1.017705592585257,3
708179,Y. Asprilla,87.11576193590582,73.51209941137998,69.19555264879006,29.23479398299542,93.59058207979072,23.80640941792021,76.2589928057554,84.17266187050359,-3.9338196449372056,-3.130454561766821,0.28253129124392157,2
711011,Marc Pubill,48.724656638325705,36.03662524525834,52.84499672988881,18.835840418574232,77.50163505559189,55.984303466317854,85.74231523871812,68.93394375408764,0.737691968334637,-0.9916566021445856,2.7333006226580983,2
712305,Adrián Pica,16.415958142576848,39.17593198168738,29.431000654022238,63.30935251798561,10.13734466971877,85.4807063440157,36.49444081098757,48.986265533028124,3.876471093986847,2.5387628182148276,0.09685596825049347,1
712692,Maroan Sannadi,94.44081098757357,92.67495094833225,11.641595814257686,10.5297580117724,82.34139960758667,0.5232177894048398,95.48724656638325,43.68868541530412,-7.263922882103215,1.612550449213642,-0.09329036185856718,1
712871,Jon Gorrotxategi,24.787442773054284,17.069980379332897,77.6978417266187,85.74231523871812,36.29823413996076,82.8646173969915,60.36625245258339,47.61281883584042,3.685485570432991,-1.3804393140241196,-0.5982929718176901,1
713064,Pablo Marín,51.99476782210595,63.89797253106606,21.648136036625246,45.38914323086985,62.00130804447351,40.6801831262263,64.4211903204709,53.43361674296926,-1.227376143747137,0.6431631669942557,0.4614451071744352,2
713622,John Donald,6.998037933289732,26.74950948332243,18.443427076520603,77.10922171353826,8.04447351209941,72.4002616088947,50.882930019620666,19.032047089601043,3.7110851016550623,3.091841304238019,0.10749387918820388,1
713837,Diego García,61.47809025506867,86.919555264879,0.5886200130804448,4.4473512099411385,37.73708306082407,8.69849574885546,74.8855461085677,52.91039895356442,-5.225122014722118,5.80769289771665,0.3683571549381815,1
713838,Álex Sancris,70.30739045127534,63.113145846958794,29.954218443427077,2.5506867233485937,84.17266187050359,25.899280575539567,78.41726618705036,18.705035971223023,-3.5606506905429516,-0.6477970595457232,2.5841978734057856,1
720559,Kike Salas,26.03008502289078,51.20994113799869,75.34336167429693,61.28188358404185,18.705035971223023,80.44473512099411,56.11510791366906,31.785480706344018,4.548057475879331,0.8844385533454079,-0.31137025003903973,3
722550,Antoniu Roca,61.60889470241988,60.95487246566383,15.696533682145192,4.185742315238718,86.00392413342054,30.739045127534336,82.27599738391105,27.403531720078483,-3.367779162287493,0.46314045474575866,2.63907077253168,1
722567,G. Simeone,94.89862655330282,70.24198822759973,39.568345323741006,20.470896010464358,87.50817527795945,37.21386527141923,73.7083060824068,72.4002616088947,-3.819586204526164,-1.5468264889399137,1.1307593739358377,3
724440,David Torres,11.510791366906476,5.0359712230215825,52.256376716808376,62.39372138652715,27.86134728580772,80.31393067364291,14.257684761281883,51.86396337475474,4.370529182464204,0.8705949497250904,0.475187233518564,1
740187,S. Bajčetić,30.935251798561154,8.109875735775017,71.28842380640941,41.465009810333555,56.11510791366906,76.97841726618705,83.78024852844996,9.810333551340745,2.7727186835061137,-1.4051521624767576,2.112379865943776,1
743429,Álvaro Carreras,54.807063440156966,23.675604970569,92.28253760627861,73.31589274035318,69.65336821451929,60.75866579463701,81.16415958142576,74.82014388489209,1.5457088676516046,-3.4223038745742667,-0.02332500287379437,2
743536,A. Véliz,47.08960104643558,80.77174623937215,0.06540222367560497,13.472858077174624,15.696533682145192,21.97514715500327,76.45519947678221,33.55134074558535,-3.5561248105601413,7.187394710001479,0.5170817634828481,1
744761,Mateo Joseph,64.29038587311967,80.31393067364291,6.474820143884892,12.49182472204055,65.27141922825376,28.253760627861347,85.61151079136691,66.31785480706344,-4.47440961322125,2.898701169724346,1.1807364446400392,1
744811,Roberto Fernández,66.51406147809026,90.18966644865925,0.9156311314584695,11.70699803793329,31.981687377370832,12.557226945716154,88.03139306736429,55.984303466317854,-5.5306870995621535,5.386314946593874,0.4224754837668289,2
744854,Hugo Rincón,47.351209941138,28.05755395683453,44.60431654676259,40.54937867887508,66.90647482014388,50.03270111183781,68.80313930673643,33.15892740353172,0.4776120629909714,-0.6786690759891285,1.760442258478126,1
746346,Hugo Sotelo,50.35971223021583,30.673642903858735,96.53368214519293,92.80575539568345,46.37017658600392,44.800523217789404,14.650098103335512,34.99018966644866,1.8562246696225433,-3.471047669316471,-1.809879055768092,3
747916,Javi Guerra,56.44211903204709,62.85153695225638,61.8051013734467,37.47547416612165,72.72727272727273,40.353172007848265,53.8914323086985,69.39175931981687,-0.6687633848443686,-1.243053782652075,0.5224016453503365,4
764899,Endrick,94.04839764551994,97.90712884238064,9.87573577501635,30.739045127534336,77.6324395029431,3.008502289077829,69.19555264879006,34.270765206017,-6.490859543693269,2.339275941104052,-1.257532978817526,1
767660,García Pascual,70.04578155657293,85.4807063440157,4.708960104643558,9.352517985611511,33.94375408763898,22.890778286461742,87.31196860693264,21.124918247220407,-4.019560078959813,4.448515164060179,0.4769502372847562,1
769463,Yarek Gasiorowski,4.120340091563113,1.831262262916939,42.70765206017005,49.9672988881622,8.960104643557882,95.61805101373446,25.637671680837148,71.09221713538261,4.940862458006615,1.532699690819037,1.205451644274298,2
769471,Joel Roca,87.83518639633748,79.13669064748201,18.378024852844995,16.285153695225638,91.49771092217135,19.88227599738391,88.94702419882276,73.83911052975802,-5.24859556854693,-0.20687463984961388,0.937970447039028,1
769742,Rodrigo Mendoza,65.729234793983,61.8051013734467,78.28646173969915,56.6383257030739,77.95945062132112,33.485938521909745,65.7946370176586,15.434924787442771,-1.620747327067093,-2.351584597172607,-0.1208898668453318,1
770387,Héctor Fort,55.39568345323741,33.94375408763898,94.04839764551994,85.15369522563768,69.7841726618705,64.4211903204709,42.96926095487247,48.39764551994768,1.9381701975826675,-3.5379214940609747,-0.17634420794760663,1
770391,A. Aznou,37.27926749509483,8.436886854153041,38.1294964028777,11.118378024852845,70.11118378024854,66.57946370176586,95.81425768476129,25.964682799215172,1.305125278941494,-0.6415047203481176,3.887718565378568,1
770398,Lamine Yamal,99.60758665794637,93.06736429038587,91.03989535644213,41.07259646827992,99.73839110529758,7.455853499018966,90.05886200130804,94.44081098757357,-7.219591307454992,-5.715185013341942,-1.303915624742931,3
771062,Chuki,72.00784826684107,82.8646173969915,16.285153695225638,34.270765206017,65.99084368868542,19.62066710268149,37.27926749509483,79.46370176586004,-4.018477328764401,1.1840118842651184,-0.2699331388643874,1
773942,Pau Cubarsí,20.66710268149117,17.1353826030085,95.61805101373446,99.47678221059516,26.68410725964683,81.94898626553304,11.96860693263571,88.29300196206671,5.864128655956911,-1.3236263033644111,-3.761075151918297,3
776387,Fermín López,94.31000654022237,93.26357096141268,67.88750817527796,64.94440810987574,82.07979071288423,23.086984957488554,60.82406801831263,26.81491170699804,-4.19400751292303,-2.103850444951668,-1.6174287495397193,3
776656,Pablo Barrios,45.71615434924787,50.882930019620666,85.4153041203401,76.19359058207979,66.38325703073905,48.13603662524526,83.91105297580118,61.8051013734467,1.2552145224653295,-2.338460939670327,-0.5897675319347578,4
777938,Dean Huijsen,36.55984303466318,42.249836494440814,97.05689993459778,98.10333551340746,37.148463047743626,90.51667756703729,40.091563113145845,47.41661216481361,4.854009436935542,-2.3043757696620326,-2.734156167349653,1
778343,Pablo Durán,78.41726618705036,80.2485284499673,14.715500327011119,7.455853499018966,54.0222367560497,23.479398299542183,53.23741007194245,35.31720078482669,-4.042818242544235,1.7524954716326222,0.8521392597645683,2
778363,Adama Boiro,44.86592544146501,35.05559189012427,38.06409417920209,35.70961412688031,68.47612818835842,52.97580117724002,71.48463047743623,45.91236102027469,0.547529597332824,-0.2370992275706842,1.7941445041935973,1
780739,Victor Muñoz,84.107259646828,79.85611510791367,16.219751471550033,6.017004578155658,96.1412688031393,12.753433616742967,89.01242642249836,54.937867887508176,-5.911891463477909,-0.3316244400805952,1.9041114424994652,1
784394,Vitor Roque,82.99542184434272,94.83322432962721,4.381948986265534,12.36102027468934,69.39175931981687,7.586657946370176,86.7233485938522,13.734466971877044,-6.444648849827043,3.2205491170851093,-0.00140589478061555,1
786686,Iván Fresneda,42.903858731196856,3.5971223021582732,67.1026814911707,32.37410071942446,68.27992151733159,65.00981033355134,62.32831916285154,79.65990843688685,1.5953688342667882,-1.8511304581286532,2.8239889124671733,1
787348,Raúl Asencio,24.395029431000655,38.45650752125572,48.855461085676914,97.2531066056246,23.479398299542183,79.07128842380641,24.9836494440811,82.60300850228907,3.7173408171418463,1.0965479654653685,-2.029099752487726,2
788748,Álvaro Rodríguez,75.34336167429693,89.27403531720078,4.970568999345978,5.166775670372792,58.665794637017655,10.856769130150425,97.58011772400262,19.686069326357096,-5.245552595827025,3.970349322677774,0.5917815513160755,2
788852,Hugo Álvarez,85.67691301504252,60.4970568999346,84.0418574231524,53.8914323086985,90.9090909090909,37.47547416612165,64.09417920209287,46.50098103335513,-1.777726247132545,-3.414522759158364,0.1931445258543458,2
805039,M. Moreno,17.1353826030085,19.293655984303467,32.831916285153696,59.058207979071284,25.441465009810333,78.22105951602354,33.94375408763898,46.697187704381946,3.999239650097033,2.0787445612119893,0.2372035979594376,1
808262,M. Perrone,34.270765206017,27.468933943754088,93.85219097449313,96.59908436886853,33.224329627207325,68.4107259646828,30.150425114453896,34.07455853499019,3.504713674973526,-2.598845153667871,-2.0745404954747633,1
808345,S. Mouriño,20.601700457815568,20.732504905166778,40.54937867887508,51.86396337475474,35.77501635055592,77.6324395029431,50.752125572269456,7.782864617396991,3.4445997330426863,1.1441042333219968,1.296376339590208,2
809746,Andrés Castrín,20.01308044473512,16.481360366252453,89.86265533028123,93.4597776324395,22.49836494440811,96.20667102681492,51.07913669064749,33.68214519293656,5.367462105359331,-0.6564354060207,-1.4129742155566505,1
812973,V. Gómez,33.15892740353172,41.007194244604314,70.11118378024854,66.51406147809026,33.747547416612164,76.38979725310661,42.57684761281884,24.59123610202747,3.3388666468548687,-0.20226532344860712,0.1647809804126104,1
814546,Carlos Domínguez,9.74493132766514,9.74493132766514,76.06278613472858,88.03139306736429,12.884238064094177,91.10529758011772,32.04708960104644,83.19162851536952,5.377413824328887,0.5955037764776607,-1.2996114426735763,3
814737,Samu Omorodion,75.40876389797253,98.16873773708306,0.8502289077828646,20.79790712884238,49.247874427730544,4.708960104643558,90.58207979071288,33.94375408763898,-6.246601141012145,5.52560669250521,-0.7535221242219997,1
818689,Assane Diao,81.09875735775016,76.58600392413342,12.49182472204055,17.200784826684107,88.2275997383911,25.833878351863966,96.92609548724657,43.623283191628516,-4.551211880954696,1.0462100401412826,1.670913713726501,1
826049,Adrián Liso,59.189012426422494,74.82014388489209,5.755395683453238,1.5696533682145193,64.81360366252453,22.629169391759323,87.76978417266187,31.458469587965993,-4.4690251431418435,2.8671726324514553,2.2300834583161535,1
831472,Jon Martín,15.369522563767168,48.79005886200131,45.192936559843034,91.36690647482014,12.09941137998692,82.79921517331589,54.21844342707652,17.39699149771092,4.873851509777411,2.3960365072543013,-1.4582338949284357,2
838872,Coba da Costa,88.48920863309353,69.58796599084368,40.353172007848265,3.1393067364290386,95.35644211903205,32.43950294310007,93.59058207979072,39.960758665794636,-4.274426908787838,-1.886980410353125,2.424322905959596,1
843681,Pau Navarro,14.257684761281883,1.5042511445389144,76.58600392413342,82.53760627861347,26.74950948332243,92.87115761935905,47.61281883584042,58.73119686069327,5.033983661918677,-0.7401390541806657,0.299283174411926,1
844244,N. Mendy,18.966644865925442,41.39960758665794,67.49509483322433,79.85611510791367,8.109875735775017,86.7887508175278,25.833878351863966,25.11445389143231,4.66864050977954,1.0599772663924485,-0.9187429452013312,1
855222,Unai Gómez,57.619359058207976,75.0817527795945,10.071942446043165,29.823413996075864,62.85153695225638,26.94571615434925,75.0163505559189,80.77174623937215,-3.3774709399903493,2.3583422385030084,0.3238330193333253,2
856312,Yoel Lago,16.546762589928058,4.578155657292348,89.73185088293002,98.29954218443427,20.92871157619359,94.89862655330282,38.91432308698496,21.97514715500327,5.49613536186464,-0.968868673217422,-1.7005932638851773,1
860728,F. Mastantuono,96.27207325049052,83.58404185742316,82.99542184434272,68.80313930673643,90.12426422498365,22.171353826030085,93.32897318508829,31.06605624591236,-4.419126798331883,-3.600254437810515,-1.541956415319442,1
879047,Fer López,93.85219097449313,82.66841072596468,57.16154349247874,55.199476782210596,88.62001308044474,16.219751471550033,63.83257030739045,42.77305428384565,-4.301282989802464,-1.89980728649606,-0.8866456874542288,1
879052,Javi Rodríguez,29.431000654022238,37.148463047743626,84.76128188358403,89.5356442119032,37.34466971877044,76.45519947678221,41.66121648136036,49.70568999345978,3.6344566721797302,-0.967269181759456,-1.338318723421177,2
911027,Vitor Reis,1.962066710268149,7.979071288423806,48.201438848920866,90.25506867233486,8.175277959450622,92.60954872465665,34.66317854807063,48.463047743623285,5.380292264776533,1.848171591485622,-0.6394846518892151,1
916711,Juma Bah,5.166775670372792,13.1458469587966,40.745585349901894,68.86854153041203,17.462393721386526,86.52714192282538,43.95029431000654,67.95291039895358,4.878544030026606,2.013516994605322,-0.07457680556208758,1
935301,Marcos Peña,21.19032047089601,34.92478744277305,56.04970568999346,78.41726618705036,19.22825376062786,84.17266187050359,46.304774362328324,17.527795945062135,3.863168269831545,0.46819465586208686,-0.35072035158372855,1
938660,Mikel Jauregizar,37.671680837148465,48.33224329627207,68.541530412034,61.34728580771747,41.007194244604314,60.039241334205364,69.91497710922171,48.52844996729889,1.3063588787268892,-1.5552585158394865,0.24063690061222975,2
947211,C. Uche,76.12818835840417,78.8750817527796,10.26814911706998,8.109875735775017,71.15761935905822,17.789404839764554,99.41137998691956,16.02354480052322,-5.259814023508721,2.4535284433353826,0.9277978250462314,1
947678,Juanma Herzog,16.873773708306082,52.19097449313277,25.833878351863966,83.19162851536952,3.0739045127534337,83.38783518639634,12.426422498364945,85.02289077828647,3.861472520094686,3.396204042479647,-1.2552685415049134,1
1016232,Jesús Rodríguez,89.404839764552,76.38979725310661,25.637671680837148,16.808371484630477,92.93655984303466,19.94767822105952,93.4597776324395,73.51209941137998,-4.803705155733516,-1.02388904255695,1.026502166400991,1
1075948,Davinchi,37.73708306082407,6.671026814911707,63.76716808371484,13.211249182472203,64.87900588620013,68.99934597776326,71.15761935905822,13.53826030085023,1.8030793955458384,-1.2797024460787303,3.141977090389966,1
1127679,Jan Virgili,95.09483322432962,75.60497056899933,39.89535644211904,17.724002616088946,96.59908436886853,11.641595814257686,90.9090909090909,85.74231523871812,-5.695164242347076,-2.2803272864216924,0.9160463278826352,1
1182657,Y. Diomande,97.77632439502943,80.70634401569653,54.21844342707652,38.06409417920209,96.20667102681492,14.06147809025507,95.61805101373446,57.29234793982996,-5.873879164845679,-2.5697074961533923,0.0901871578186474,1
