player_id,player_name,similar_id,similar_player,rank,distance
12,K. Omeruo,338429,A. Radovanović,1,0.0696
12,K. Omeruo,275384,Jorge Meré,2,0.1445
12,K. Omeruo,256998,E. Bailly,3,0.1463
12,K. Omeruo,4329,Alejandro Arribas,4,0.1806
12,K. Omeruo,387785,Unai Elgezabal,5,0.19
12,K. Omeruo,3670,Mikel González,6,0.212
12,K. Omeruo,70507,Paulo Oliveira,7,0.2133
12,K. Omeruo,26195,M. Saunier,8,0.2133
12,K. Omeruo,189976,M. Angeleri,9,0.2256
12,K. Omeruo,41124,Naldo,10,0.2301
38,D. Blind,8032,Marcos Alonso,1,0.3099
38,D. Blind,777938,Dean Huijsen,2,0.3122
38,D. Blind,89550,M. Díaz,3,0.4024
38,D. Blind,808262,M. Perrone,4,0.4499
38,D. Blind,473367,Eric García,5,0.5402
38,D. Blind,4487,Sergio Marcos,6,0.548
38,D. Blind,410062,J. Koundé,7,0.5841
38,D. Blind,14757,Z. Kuzmanović,8,0.6147
38,D. Blind,624854,Manu Fernández,9,0.6314
38,D. Blind,3346,Sergio Busquets,10,0.6484
118,M. Depay,584522,Ansu Fati,1,0.4011
118,M. Depay,471753,João Félix,2,0.4648
118,M. Depay,86307,L. Vietto,3,0.4979
118,M. Depay,3840,Iago Aspas,4,0.565
118,M. Depay,105541,Lucas Pérez,5,0.5724
118,M. Depay,8278,G. Bale,6,0.6019
118,M. Depay,70129,Rodrigo,7,0.6229
118,M. Depay,258907,R. Assalé,8,0.6515
118,M. Depay,227756,J. Boga,9,0.7611
118,M. Depay,3685,C. Vela,10,0.7808
145,T. Vilhena,3426,Gaizka Toquero,1,0.2201
145,T. Vilhena,444669,N. González,2,0.2953
145,T. Vilhena,560353,Pablo Martínez,3,0.3063
145,T. Vilhena,559043,Valery Fernández,4,0.3182
145,T. Vilhena,6456,Dani Rodríguez,5,0.3304
145,T. Vilhena,344153,Tete Morente,6,0.3534
145,T. Vilhena,377083,Sergio Akieme,7,0.3541
145,T. Vilhena,403246,L. de la Torre,8,0.3635
145,T. Vilhena,352747,Miguel Olavide,9,0.3663
145,T. Vilhena,364086,T. Conechny,10,0.3851
151,J. Guidetti,86200,S. Araújo,1,0.1554
151,J. Guidetti,15111,A. Ramos,2,0.1589
151,J. Guidetti,3988,David Barral,3,0.222
151,J. Guidetti,86800,D. Benedetto,4,0.2388
151,J. Guidetti,405979,Abel Ruiz,5,0.2678
151,J. Guidetti,4017,Miku,6,0.2838
151,J. Guidetti,69610,D. Čop,7,0.2919
151,J. Guidetti,37831,C. Bacca,8,0.3047
151,J. Guidetti,4338,Diego Costa,9,0.3124
151,J. Guidetti,344120,Borja Mayoral,10,0.3175
253,Q. Promes,4879,Carles Gil,1,0.2204
253,Q. Promes,8323,Denis Suárez,2,0.3017
253,Q. Promes,788852,Hugo Álvarez,3,0.3042
253,Q. Promes,446483,André Almeida,4,0.3315
253,Q. Promes,544859,Álex Baena,5,0.3381
253,Q. Promes,544862,Germán Valera,6,0.3445
253,Q. Promes,4498,Lucas Vázquez,7,0.3543
253,Q. Promes,112556,J. Aquino,8,0.3657
253,Q. Promes,4015,Pablo Sarabia,9,0.3658
253,Q. Promes,26515,F. Kadir,10,0.369
254,R. Rosales,530689,Mario Hernández,1,0.183
254,R. Rosales,7612,Jorge Miramón,2,0.197
254,R. Rosales,135909,Rafa Soares,3,0.2256
254,R. Rosales,326525,Lucas Ahijado,4,0.2281
254,R. Rosales,550927,Sergi Cardona,5,0.2533
254,R. Rosales,4780,David Juncà,6,0.2683
254,R. Rosales,3464,Antonio Luna,7,0.2738
254,R. Rosales,3672,Carlos Martínez,8,0.2996
254,R. Rosales,740187,S. Bajčetić,9,0.3028
254,R. Rosales,230862,Íñigo Lekue,10,0.3164
267,L. de Jong,3875,Borja Bastón,1,0.2042
267,L. de Jong,385273,Charles,2,0.2086
267,L. de Jong,3657,T. Hemed,3,0.2414
267,L. de Jong,3450,R. Falcao,4,0.254
267,L. de Jong,92893,Toché,5,0.3147
267,L. de Jong,225946,A. Sanabria,6,0.3232
267,L. de Jong,3424,Fernando Llorente,7,0.3697
267,L. de Jong,22202,S. Zaza,8,0.4549
267,L. de Jong,3780,Manucho Gonçalves,9,0.468
267,L. de Jong,3483,Álvaro Negredo,10,0.4811
312,N. Gudelj,70123,A. Witsel,1,0.1954
312,N. Gudelj,3304,Nacho Fernández,2,0.2003
312,N. Gudelj,558739,T. Nianzou,3,0.2163
312,N. Gudelj,3671,Íñigo Martínez,4,0.2733
312,N. Gudelj,4303,David López,5,0.2848
312,N. Gudelj,225996,Diego Llorente,6,0.2922
312,N. Gudelj,545569,Saúl Coco,7,0.2934
312,N. Gudelj,439778,I. Doumbia,8,0.2986
312,N. Gudelj,3446,Mario Suárez,9,0.3083
312,N. Gudelj,519494,Álex Suárez,10,0.3144
1720,S. Becker,404757,J. Kluivert,1,0.0663
1720,S. Becker,3814,T. Bifouma,2,0.2419
1720,S. Becker,652912,W. Swedberg,3,0.3023
1720,S. Becker,230883,Ayoze Pérez,4,0.339
1720,S. Becker,4880,Rober Ibáñez,5,0.3418
1720,S. Becker,247141,Iñaki Williams,6,0.3508
1720,S. Becker,3287,Portu,7,0.3694
1720,S. Becker,4683,A. Szymanowski,8,0.3915
1720,S. Becker,225089,José Luis Morales,9,0.3934
1720,S. Becker,5911,Sandro Ramírez,10,0.4172
1751,O. Tannane,343925,D. Verde,1,0.1041
1751,O. Tannane,4375,Vitolo,2,0.1741
1751,O. Tannane,4015,Pablo Sarabia,3,0.1942
1751,O. Tannane,337068,J. Pombo,4,0.2083
1751,O. Tannane,279567,Martín Merquelanz,5,0.2722
1751,O. Tannane,134769,Y. Carrasco,6,0.2759
1751,O. Tannane,496400,C. Ejuke,7,0.2825
1751,O. Tannane,258022,V. Tsygankov,8,0.3009
1751,O. Tannane,226005,Burgui,9,0.302
1751,O. Tannane,544859,Álex Baena,10,0.3453
3269,Jordi Alba,3336,Adriano,1,0.2916
3269,Jordi Alba,326523,Dani Ceballos,2,0.3524
3269,Jordi Alba,3595,Beñat Etxebarria,3,0.3604
3269,Jordi Alba,3443,Koke,4,0.5217
3269,Jordi Alba,3835,Álex López,5,0.5628
3269,Jordi Alba,346195,Fabián Ruiz,6,0.638
3269,Jordi Alba,746346,Hugo Sotelo,7,0.6552
3269,Jordi Alba,3310,Marcelo,8,0.6647
3269,Jordi Alba,285590,S. Amrabat,9,0.6807
3269,Jordi Alba,112459,H. Herrera,10,0.6948
3270,Barragán,86198,J. Sánchez Miño,1,0.0469
3270,Barragán,42183,Petros,2,0.0904
3270,Barragán,537185,J. Araujo,3,0.1267
3270,Barragán,443324,Douglas Luiz,4,0.1662
3270,Barragán,14922,R. Rodríguez,5,0.1685
3270,Barragán,167120,Fran Varela,6,0.1894
3270,Barragán,593442,Beñat Prados,7,0.2134
3270,Barragán,446062,K. Arriaga,8,0.2289
3270,Barragán,367503,M. Wöber,9,0.2588
3270,Barragán,550229,Jon Moncayola,10,0.2642
3274,J. Mathieu,400549,Pau Torres,1,0.3227
3274,J. Mathieu,375011,N. Aguerd,2,0.3511
3274,J. Mathieu,470747,R. Araújo,3,0.3555
3274,J. Mathieu,25397,S. Umtiti,4,0.3703
3274,J. Mathieu,14748,A. Rüdiger,5,0.4018
3274,J. Mathieu,3305,Pepe,6,0.4222
3274,J. Mathieu,26307,A. Mandi,7,0.4415
3274,J. Mathieu,70120,Javi García,8,0.4582
3274,J. Mathieu,480145,A. Tchouaméni,9,0.5365
3274,J. Mathieu,230626,D. Ćaleta-Car,10,0.5385
3275,Ricardo Costa,4580,J. Babin,1,0.2413
3275,Ricardo Costa,20636,M. Andreolli,2,0.3067
3275,Ricardo Costa,947678,Juanma Herzog,3,0.3734
3275,Ricardo Costa,288112,C. Starfelt,4,0.3762
3275,Ricardo Costa,20433,S. Kjær,5,0.4018
3275,Ricardo Costa,5280,Mainz,6,0.4192
3275,Ricardo Costa,3692,B. Espinosa,7,0.4652
3275,Ricardo Costa,3642,Iván Ramis,8,0.5113
3275,Ricardo Costa,237262,S. Babić,9,0.5371
3275,Ricardo Costa,25831,C. Medjani,10,0.5609
3276,A. Rami,227894,J. Giménez,1,0.0752
3276,A. Rami,14687,S. Papastathopoulos,2,0.1189
3276,A. Rami,357991,Édgar González,3,0.1565
3276,A. Rami,3642,Iván Ramis,4,0.1667
3276,A. Rami,70140,Daniel Carriço,5,0.1689
3276,A. Rami,237262,S. Babić,6,0.1759
3276,A. Rami,125250,Ó. Duarte,7,0.1784
3276,A. Rami,3527,Kiko Olivas,8,0.1961
3276,A. Rami,831472,Jon Martín,9,0.201
3276,A. Rami,4918,Deivid,10,0.2033
3277,Víctor Ruíz,20393,D. Bonera,1,0.0642
3277,Víctor Ruíz,70112,E. Garay,2,0.1733
3277,Víctor Ruíz,3916,G. Cabral,3,0.1746
3277,Víctor Ruíz,3791,Z. Feddal,4,0.2049
3277,Víctor Ruíz,3338,Sergi Gómez,5,0.2084
3277,Víctor Ruíz,4360,Juanpe,6,0.2245
3277,Víctor Ruíz,112545,N. Araújo,7,0.2409
3277,Víctor Ruíz,4065,J. Murillo,8,0.273
3277,Víctor Ruíz,282439,Lluis López,9,0.3005
3277,Víctor Ruíz,3523,F. Lejeune,10,0.3117
3280,É. Banega,326523,Dani Ceballos,1,0.5528
3280,É. Banega,618294,Pedri,2,0.5848
3280,É. Banega,8287,L. Modrić,3,0.7007
3280,É. Banega,213948,R. De Paul,4,0.7411
3280,É. Banega,3310,Marcelo,5,0.7439
3280,É. Banega,3835,Álex López,6,0.77
3280,É. Banega,3269,Jordi Alba,7,0.7742
3280,É. Banega,69404,M. Kovačić,8,0.7955
3280,É. Banega,3567,Santi Cazorla,9,0.8511
3280,É. Banega,4336,T. Gayoso Roberto,10,0.9025
3281,Juan Bernat,342785,Jairo Izquierdo,1,0.3022
3281,Juan Bernat,3972,Álex Menéndez,2,0.3664
3281,Juan Bernat,489695,Marvin Park,3,0.3682
3281,Juan Bernat,609127,Carlos Martín,4,0.36870000000000003
3281,Juan Bernat,3787,Víctor Álvarez,5,0.3775
3281,Juan Bernat,545296,Y. Musah,6,0.3848
3281,Juan Bernat,574784,Antonio Sánchez,7,0.4195
3281,Juan Bernat,532627,Arnau Puigmal,8,0.4266
3281,Juan Bernat,344040,Marc Cucurella,9,0.4325
3281,Juan Bernat,404328,Enric Franquesa,10,0.4705
3282,Sergio Canales,356237,G. Lo Celso,1,0.1289
3282,Sergio Canales,302292,M. Ødegaard,2,0.2155
3282,Sergio Canales,703740,A. Güler,3,0.2707
3282,Sergio Canales,3448,A. Turan,4,0.2727
3282,Sergio Canales,69403,Sammir,5,0.3495
3282,Sergio Canales,8317,David Silva,6,0.4116
3282,Sergio Canales,288091,Marco Asensio,7,0.4379
3282,Sergio Canales,32652,E. Çolak,8,0.5137
3282,Sergio Canales,21077,A. Gómez,9,0.5562
3282,Sergio Canales,3425,Iker Muniain,10,0.5603
3284,S. Feghouli,5875,Álex Gallar,1,0.1293
3284,S. Feghouli,879047,Fer López,2,0.1381
3284,S. Feghouli,142755,B. Traoré,3,0.1855
3284,S. Feghouli,234527,A. Halilović,4,0.1921
3284,S. Feghouli,70125,Nolito,5,0.2501
3284,S. Feghouli,3358,Cristian Tello,6,0.3003
3284,S. Feghouli,241945,P. Sisto,7,0.3196
3284,S. Feghouli,20823,F. Vázquez,8,0.3228
3284,S. Feghouli,3484,Luis Alberto,9,0.3342
3284,S. Feghouli,7926,Nani,10,0.3703
3285,Pablo Hernández,208942,Óliver Torres,1,0.2771
3285,Pablo Hernández,8323,Denis Suárez,2,0.3415
3285,Pablo Hernández,28922,T. Lemar,3,0.3797
3285,Pablo Hernández,693939,Pablo Torre,4,0.4075
3285,Pablo Hernández,4791,J. González,5,0.4198
3285,Pablo Hernández,25440,J. Pastore,6,0.4233
3285,Pablo Hernández,25461,R. Boudebouz,7,0.4324
3285,Pablo Hernández,499596,S. Dest,8,0.4682
3285,Pablo Hernández,4362,Momo,9,0.5132
3285,Pablo Hernández,33219,E. Culio,10,0.5203
3286,Dani Parejo,3443,Koke,1,0.2313
3286,Dani Parejo,631908,Marc Casadó,2,0.2904
3286,Dani Parejo,3347,Sergi Roberto,3,0.3129
3286,Dani Parejo,559647,Kirian Rodríguez,4,0.345
3286,Dani Parejo,346195,Fabián Ruiz,5,0.3485
3286,Dani Parejo,282448,Aleix García,6,0.4142
3286,Dani Parejo,746346,Hugo Sotelo,7,0.4193
3286,Dani Parejo,69404,M. Kovačić,8,0.4659
3286,Dani Parejo,14757,Z. Kuzmanović,9,0.4721
3286,Dani Parejo,364005,F. Valverde,10,0.4943
3287,Portu,652912,W. Swedberg,1,0.0997
3287,Portu,339857,José Arnáiz,2,0.1747
3287,Portu,88642,E. Ávila,3,0.2032
3287,Portu,4880,Rober Ibáñez,4,0.2991
3287,Portu,595008,Alejandro Cantero,5,0.31
3287,Portu,247141,Iñaki Williams,6,0.3361
3287,Portu,3629,Viguera,7,0.3443
3287,Portu,91268,F. Hinestroza,8,0.3449
3287,Portu,1720,S. Becker,9,0.3694
3287,Portu,116283,D. Rolán,10,0.372
3290,Aritz Aduriz,5167,M. Díaz,1,0.3898
3290,Aritz Aduriz,336517,A. Dovbyk,2,0.4228
3290,Aritz Aduriz,3681,Imanol Agirretxe,3,0.4565
3290,Aritz Aduriz,208972,Carlos Castro,4,0.5092
3290,Aritz Aduriz,3424,Fernando Llorente,5,0.532
3290,Aritz Aduriz,385273,Charles,6,0.5401
3290,Aritz Aduriz,3781,Javi Guerra,7,0.5636
3290,Aritz Aduriz,3657,T. Hemed,8,0.6286
3290,Aritz Aduriz,267,L. de Jong,9,0.6477
3290,Aritz Aduriz,14817,R. Lewandowski,10,0.6519
3291,Paco Alcácer,208972,Carlos Castro,1,0.2236
3291,Paco Alcácer,4017,Miku,2,0.2637
3291,Paco Alcácer,14943,M. Mandžukić,3,0.2762
3291,Paco Alcácer,37831,C. Bacca,4,0.3036
3291,Paco Alcácer,3781,Javi Guerra,5,0.3416
3291,Paco Alcácer,266885,M. Olunga,6,0.3645
3291,Paco Alcácer,14817,R. Lewandowski,7,0.37
3291,Paco Alcácer,5167,M. Díaz,8,0.3905
3291,Paco Alcácer,134175,Raúl de Tomás,9,0.4413
3291,Paco Alcácer,40770,Willian José,10,0.4431
3293,P. Piatti,4513,D. Cheryshev,1,0.1074
3293,P. Piatti,218549,Garry Rodrigues,2,0.1644
3293,P. Piatti,25477,S. Gürler,3,0.1755
3293,P. Piatti,339791,Álex Berenguer,4,0.1874
3293,P. Piatti,251565,Álvaro García,5,0.2102
3293,P. Piatti,275419,Luis Rioja,6,0.2331
3293,P. Piatti,344053,Carles Pérez,7,0.2361
3293,P. Piatti,568583,Juan Cruz,8,0.2364
3293,P. Piatti,265376,M. Simon,9,0.2532
3293,P. Piatti,559718,Gonzalo Plata,10,0.2713
3294,Roberto Soldado,536640,Sergio Camello,1,0.1646
3294,Roberto Soldado,250885,Santi Mina,2,0.1767
3294,Roberto Soldado,69610,D. Čop,3,0.1972
3294,Roberto Soldado,344120,Borja Mayoral,4,0.227
3294,Roberto Soldado,388976,T. Kadewere,5,0.2427
3294,Roberto Soldado,7593,Quique González,6,0.2566
3294,Roberto Soldado,3605,Jorge Molina,7,0.268
3294,Roberto Soldado,86800,D. Benedetto,8,0.2943
3294,Roberto Soldado,4338,Diego Costa,9,0.2981
3294,Roberto Soldado,135927,André Silva,10,0.317
3300,Raúl Albiol,567016,Jon Pacheco,1,0.1233
3300,Raúl Albiol,3791,Z. Feddal,2,0.1466
3300,Raúl Albiol,3828,Raúl Navas,3,0.1615
3300,Raúl Albiol,485083,David Carmo,4,0.1802
3300,Raúl Albiol,225996,Diego Llorente,5,0.2308
3300,Raúl Albiol,446859,Peru Nolaskoain,6,0.2364
3300,Raúl Albiol,4355,David García,7,0.2499
3300,Raúl Albiol,3916,G. Cabral,8,0.258
3300,Raúl Albiol,364003,S. Bueno,9,0.2735
3300,Raúl Albiol,4303,David López,10,0.2784
3301,Arbeloa,3384,A. Guardado,1,0.2446
3301,Arbeloa,3413,Ander Herrera,2,0.2785
3301,Arbeloa,642237,Gerard Martín,3,0.2956
3301,Arbeloa,4243,Verza,4,0.3481
3301,Arbeloa,3676,Asier Illarramendi,5,0.3519
3301,Arbeloa,70083,Danilo,6,0.3554
3301,Arbeloa,247207,Joan Jordán,7,0.3598
3301,Arbeloa,599551,E. Camavinga,8,0.3714
3301,Arbeloa,5907,Sergi Samper,9,0.3889
3301,Arbeloa,135561,F. Grillitsch,10,0.3971
3304,Nacho Fernández,3446,Mario Suárez,1,0.1574
3304,Nacho Fernández,70094,Fernando,2,0.1746
3304,Nacho Fernández,312,N. Gudelj,3,0.2003
3304,Nacho Fernández,439778,I. Doumbia,4,0.2007
3304,Nacho Fernández,212621,M. Kranevitter,5,0.2589
3304,Nacho Fernández,395114,Igor Zubeldía,6,0.2767
3304,Nacho Fernández,3671,Íñigo Martínez,7,0.3147
3304,Nacho Fernández,519494,Álex Suárez,8,0.3408
3304,Nacho Fernández,4303,David López,9,0.347
3304,Nacho Fernández,8309,K. Rekik,10,0.3501
3305,Pepe,403448,Éder Militão,1,0.1473
3305,Pepe,3795,H. Moreno,2,0.1757
3305,Pepe,230626,D. Ćaleta-Car,3,0.1802
3305,Pepe,498373,M. Sagnan,4,0.2851
3305,Pepe,544844,Logan Costa,5,0.3173
3305,Pepe,26307,A. Mandi,6,0.3208
3305,Pepe,364003,S. Bueno,7,0.3229
3305,Pepe,4355,David García,8,0.3315
3305,Pepe,134503,C. Lenglet,9,0.3397
3305,Pepe,292991,M. Lemos,10,0.3474
3306,Sergio Ramos,3341,Gerard Piqué,1,0.1582
3306,Sergio Ramos,25397,S. Umtiti,2,0.3063
3306,Sergio Ramos,70120,Javi García,3,0.3083
3306,Sergio Ramos,470747,R. Araújo,4,0.4194
3306,Sergio Ramos,14748,A. Rüdiger,5,0.4791
3306,Sergio Ramos,135103,A. Christensen,6,0.4823
3306,Sergio Ramos,7860,T. Vermaelen,7,0.5242
3306,Sergio Ramos,3274,J. Mathieu,8,0.5609
3306,Sergio Ramos,26307,A. Mandi,9,0.5817
3306,Sergio Ramos,270866,Diego Carlos,10,0.5832
3309,R. Varane,270866,Diego Carlos,1,0.3239
3309,R. Varane,281069,Robin Le Normand,2,0.351
3309,R. Varane,7860,T. Vermaelen,3,0.3826
3309,R. Varane,292991,M. Lemos,4,0.3923
3309,R. Varane,26307,A. Mandi,5,0.4292
3309,R. Varane,230626,D. Ćaleta-Car,6,0.4338
3309,R. Varane,549129,Aitor Paredes,7,0.4637
3309,R. Varane,3795,H. Moreno,8,0.4773
3309,R. Varane,3372,Aythami Artiles,9,0.4851
3309,R. Varane,544844,Logan Costa,10,0.543
3310,Marcelo,213948,R. De Paul,1,0.3745
3310,Marcelo,326523,Dani Ceballos,2,0.4418
3310,Marcelo,3334,Dani Alves,3,0.5209
3310,Marcelo,3269,Jordi Alba,4,0.6647
3310,Marcelo,3280,É. Banega,5,0.7439
3310,Marcelo,3595,Beñat Etxebarria,6,0.7613
3310,Marcelo,7069,Javi Lara,7,0.7915
3310,Marcelo,3336,Adriano,8,0.8713
3310,Marcelo,33219,E. Culio,9,0.891
3310,Marcelo,3567,Santi Cazorla,10,0.9178
3313,José Callejón,659244,Ramón Terrats,1,0.2187
3313,José Callejón,279569,Sangalli,2,0.2405
3313,José Callejón,279538,Marcos Llorente,3,0.2613
3313,José Callejón,3979,De las Cuevas,4,0.2633
3313,José Callejón,4252,Aaron Níguez,5,0.2779
3313,José Callejón,769742,Rodrigo Mendoza,6,0.3216
3313,José Callejón,352789,Óscar Rodríguez,7,0.3296
3313,José Callejón,364864,Pedro Díaz,8,0.3321
3313,José Callejón,447358,C. Gallagher,9,0.3325
3313,José Callejón,590503,Ilaix Moriba,10,0.3568
3317,Esteban Granero,599560,Alberto Reina,1,0.0939
3317,Esteban Granero,424624,P. Etebo,2,0.1387
3317,Esteban Granero,364850,Junior Firpo,3,0.1922
3317,Esteban Granero,3568,Recio,4,0.2238
3317,Esteban Granero,26652,D. Wass,5,0.2376
3317,Esteban Granero,339789,Mikel Merino,6,0.241
3317,Esteban Granero,387840,Santi Comesaña,7,0.2412
3317,Esteban Granero,3808,Javi Márquez,8,0.2644
3317,Esteban Granero,134170,José Rodríguez,9,0.2757
3317,Esteban Granero,402004,S. Colombatto,10,0.2863
3321,K. Benzema,3322,Cristiano Ronaldo,1,0.6512
3321,K. Benzema,7972,L. Suárez,2,0.8292
3321,K. Benzema,20948,S. Jovetić,3,0.8796
3321,K. Benzema,353833,K. Mbappé,4,1.1849
3321,K. Benzema,3604,Rubén Castro,5,1.2151
3321,K. Benzema,40550,Paulinho,6,1.3331
3321,K. Benzema,3682,A. Griezmann,7,1.3674
3321,K. Benzema,3779,Alberto Bueno,8,1.4327
3321,K. Benzema,3840,Iago Aspas,9,1.4482
3321,K. Benzema,86307,L. Vietto,10,1.4603
3322,Cristiano Ronaldo,3321,K. Benzema,1,0.6512
3322,Cristiano Ronaldo,7972,L. Suárez,2,1.0875
3322,Cristiano Ronaldo,20948,S. Jovetić,3,1.2647
3322,Cristiano Ronaldo,3604,Rubén Castro,4,1.3257
3322,Cristiano Ronaldo,353833,K. Mbappé,5,1.601
3322,Cristiano Ronaldo,258264,L. Jović,6,1.6721
3322,Cristiano Ronaldo,25795,W. Ben Yedder,7,1.7609
3322,Cristiano Ronaldo,25867,P. Aubameyang,8,1.7761
3322,Cristiano Ronaldo,5297,I. Uche,9,1.8008
3322,Cristiano Ronaldo,7941,Chicharito,10,1.8157
3324,Álvaro Morata,91519,J. Córdoba,1,0.109
3324,Álvaro Morata,20728,Jonathas,2,0.1177
3324,Álvaro Morata,275338,Borja Iglesias,3,0.1871
3324,Álvaro Morata,7908,Fernando Torres,4,0.2008
3324,Álvaro Morata,55224,A. Sørloth,5,0.2031
3324,Álvaro Morata,25472,C. Bakambu,6,0.2457
3324,Álvaro Morata,55968,M. Braithwaite,7,0.2477
3324,Álvaro Morata,3804,Álvaro Vázquez,8,0.262
3324,Álvaro Morata,3874,Kike García,9,0.3053
3324,Álvaro Morata,515713,B. Dia,10,0.3453
3325,Juanfran,286248,V. Kravets,1,0.0899
3325,Juanfran,293333,M. Ristić,2,0.1022
3325,Juanfran,230862,Íñigo Lekue,3,0.1754
3325,Juanfran,422517,Fran García,4,0.1949
3325,Juanfran,5383,Toño García,5,0.206
3325,Juanfran,621207,Javi Rueda,6,0.2185
3325,Juanfran,303078,G. Suazo,7,0.2434
3325,Juanfran,396513,Alex Pozo,8,0.2615
3325,Juanfran,358801,P. Estupiñán,9,0.2834
3325,Juanfran,354123,Pol Lirola,10,0.2923
3326,Jesé Rodríguez,527100,M. Greenwood,1,0.1054
3326,Jesé Rodríguez,247671,N. Pépé,2,0.2519
3326,Jesé Rodríguez,7926,Nani,3,0.2944
3326,Jesé Rodríguez,3484,Luis Alberto,4,0.355
3326,Jesé Rodríguez,28115,N. Fekir,5,0.3818
3326,Jesé Rodríguez,547260,Rodrygo,6,0.4789
3326,Jesé Rodríguez,397178,M. Rashford,7,0.4925
3326,Jesé Rodríguez,3843,F. Orellana,8,0.4961
3326,Jesé Rodríguez,879047,Fer López,9,0.4983
3326,Jesé Rodríguez,234527,A. Halilović,10,0.4992
3327,Joselu,395636,M. Gómez,1,0.1145
3327,Joselu,284322,E. Ponce,2,0.1617
3327,Joselu,101635,F. Caicedo,3,0.1709
3327,Joselu,574907,E. Touré,4,0.1717
3327,Joselu,6914,Álex Alegría,5,0.2449
3327,Joselu,22202,S. Zaza,6,0.2644
3327,Joselu,4048,Sergi Enrich,7,0.268
3327,Joselu,105616,B. Ideye,8,0.2685
3327,Joselu,225946,A. Sanabria,9,0.2853
3327,Joselu,171643,R. Yaremchuk,10,0.2883
3334,Dani Alves,3310,Marcelo,1,0.5209
3334,Dani Alves,3269,Jordi Alba,2,0.7204
3334,Dani Alves,326523,Dani Ceballos,3,0.754
3334,Dani Alves,3336,Adriano,4,0.7559
3334,Dani Alves,3595,Beñat Etxebarria,5,0.8012
3334,Dani Alves,7069,Javi Lara,6,0.8059
3334,Dani Alves,213948,R. De Paul,7,0.8657
3334,Dani Alves,33219,E. Culio,8,0.9562
3334,Dani Alves,4501,Dani Carvajal,9,0.995
3334,Dani Alves,599551,E. Camavinga,10,1.0342
3335,Marc Bartra,814546,Carlos Domínguez,1,0.0966
3335,Marc Bartra,134502,Aymeric Laporte,2,0.0977
3335,Marc Bartra,3671,Íñigo Martínez,3,0.1373
3335,Marc Bartra,620193,C. Riedel,4,0.1581
3335,Marc Bartra,3644,Pedro Bigas,5,0.1584
3335,Marc Bartra,395114,Igor Zubeldía,6,0.1799
3335,Marc Bartra,485083,David Carmo,7,0.2033
3335,Marc Bartra,3828,Raúl Navas,8,0.2172
3335,Marc Bartra,101649,N. Pareja,9,0.2316
3335,Marc Bartra,3588,Chechu Dorado,10,0.2447
3336,Adriano,3269,Jordi Alba,1,0.2916
3336,Adriano,3595,Beñat Etxebarria,2,0.3739
3336,Adriano,112459,H. Herrera,3,0.4816
3336,Adriano,285590,S. Amrabat,4,0.4894
3336,Adriano,3443,Koke,5,0.5553
3336,Adriano,4487,Sergio Marcos,6,0.5986
3336,Adriano,746346,Hugo Sotelo,7,0.6057
3336,Adriano,326523,Dani Ceballos,8,0.6339
3336,Adriano,599551,E. Camavinga,9,0.6356
3336,Adriano,346195,Fabián Ruiz,10,0.6755
3337,Andreu Fontàs,3374,Zé Castro,1,0.3472
3337,Andreu Fontàs,856312,Yoel Lago,2,0.3642
3337,Andreu Fontàs,809746,Andrés Castrín,3,0.4528
3337,Andreu Fontàs,624854,Manu Fernández,4,0.5306
3337,Andreu Fontàs,134503,C. Lenglet,5,0.5491
3337,Andreu Fontàs,375011,N. Aguerd,6,0.5566
3337,Andreu Fontàs,400549,Pau Torres,7,0.5612
3337,Andreu Fontàs,446859,Peru Nolaskoain,8,0.6263
3337,Andreu Fontàs,689107,Renato Veiga,9,0.6552
3337,Andreu Fontàs,364860,Rodri,10,0.6792
3338,Sergi Gómez,4065,J. Murillo,1,0.0739
3338,Sergi Gómez,70112,E. Garay,2,0.1406
3338,Sergi Gómez,20393,D. Bonera,3,0.1443
3338,Sergi Gómez,6325,Gonzalo Verdú,4,0.1667
3338,Sergi Gómez,41363,Gabriel Paulista,5,0.1718
3338,Sergi Gómez,288081,S. McKenna,6,0.183
3338,Sergi Gómez,688446,Chadi Riad,7,0.1945
3338,Sergi Gómez,453251,Alejandro Catena,8,0.1959
3338,Sergi Gómez,112545,N. Araújo,9,0.2015
3338,Sergi Gómez,3277,Víctor Ruíz,10,0.2084
3339,Martín Montoya,604122,Jon Aramburu,1,0.0558
3339,Martín Montoya,3557,Jesús Gámez,2,0.1091
3339,Martín Montoya,7624,Rober Correa,3,0.1174
3339,Martín Montoya,740187,S. Bajčetić,4,0.1238
3339,Martín Montoya,3464,Antonio Luna,5,0.1817
3339,Martín Montoya,5901,Edu Campabadal,6,0.2313
3339,Martín Montoya,3920,Pedro López,7,0.2354
3339,Martín Montoya,3672,Carlos Martínez,8,0.2593
3339,Martín Montoya,525130,Álex Centelles,9,0.2727
3339,Martín Montoya,557401,Bruno Langa,10,0.2934
3340,Muniesa,4805,Anaitz Arbilla,1,0.0853
3340,Muniesa,843681,Pau Navarro,2,0.1142
3340,Muniesa,456053,J. Foyth,3,0.3356
3340,Muniesa,340706,G. Rodríguez,4,0.3499
3340,Muniesa,3414,Ander Iturraspe,5,0.3661
3340,Muniesa,604055,Mika Mármol,6,0.3705
3340,Muniesa,134476,F. Barba,7,0.371
3340,Muniesa,3566,Ignacio Camacho,8,0.3731
3340,Muniesa,25470,S. Prcić,9,0.3854
3340,Muniesa,20460,M. Cáceres,10,0.395
3341,Gerard Piqué,3306,Sergio Ramos,1,0.1582
3341,Gerard Piqué,25397,S. Umtiti,2,0.2763
3341,Gerard Piqué,70120,Javi García,3,0.4494
3341,Gerard Piqué,470747,R. Araújo,4,0.5402
3341,Gerard Piqué,7860,T. Vermaelen,5,0.5816
3341,Gerard Piqué,135103,A. Christensen,6,0.5844
3341,Gerard Piqué,14748,A. Rüdiger,7,0.5859
3341,Gerard Piqué,3274,J. Mathieu,8,0.5994
3341,Gerard Piqué,270866,Diego Carlos,9,0.6226
3341,Gerard Piqué,26307,A. Mandi,10,0.6318
3344,Rafinha,4362,Momo,1,0.0904
3344,Rafinha,56025,M. Krohn-Dehli,2,0.2379
3344,Rafinha,32652,E. Çolak,3,0.2671
3344,Rafinha,578270,T. Almada,4,0.2896
3344,Rafinha,21077,A. Gómez,5,0.3314
3344,Rafinha,4969,Tana,6,0.3436
3344,Rafinha,3448,A. Turan,7,0.3899
3344,Rafinha,3812,Joan Verdú,8,0.438
3344,Rafinha,3567,Santi Cazorla,9,0.4392
3344,Rafinha,25440,J. Pastore,10,0.446
3346,Sergio Busquets,14757,Z. Kuzmanović,1,0.4161
3346,Sergio Busquets,696440,Damián Rodríguez,2,0.4713
3346,Sergio Busquets,631908,Marc Casadó,3,0.5103
3346,Sergio Busquets,4487,Sergio Marcos,4,0.54990000000000006
3346,Sergio Busquets,89550,M. Díaz,5,0.6053
3346,Sergio Busquets,38,D. Blind,6,0.6484
3346,Sergio Busquets,777938,Dean Huijsen,7,0.6511
3346,Sergio Busquets,559647,Kirian Rodríguez,8,0.7549
3346,Sergio Busquets,3286,Dani Parejo,9,0.755
3346,Sergio Busquets,3355,J. Mascherano,10,0.7989
3347,Sergi Roberto,346195,Fabián Ruiz,1,0.2159
3347,Sergi Roberto,3443,Koke,2,0.2879
3347,Sergi Roberto,3835,Álex López,3,0.3089
3347,Sergi Roberto,3286,Dani Parejo,4,0.3129
3347,Sergi Roberto,364005,F. Valverde,5,0.3592
3347,Sergi Roberto,69404,M. Kovačić,6,0.3978
3347,Sergi Roberto,746346,Hugo Sotelo,7,0.4049
3347,Sergi Roberto,282448,Aleix García,8,0.409
3347,Sergi Roberto,3812,Joan Verdú,9,0.4425
3347,Sergi Roberto,56025,M. Krohn-Dehli,10,0.4745
3348,Gerard Deulofeu,408307,Raphinha,1,0.1418
3348,Gerard Deulofeu,288091,Marco Asensio,2,0.1999
3348,Gerard Deulofeu,404397,Brahim Diaz,3,0.2896
3348,Gerard Deulofeu,860728,F. Mastantuono,4,0.3066
3348,Gerard Deulofeu,25707,E. Hazard,5,0.4544
3348,Gerard Deulofeu,431540,Francisco Trincão,6,0.4801
3348,Gerard Deulofeu,70975,Bruma,7,0.5358
3348,Gerard Deulofeu,3425,Iker Muniain,8,0.5378
3348,Gerard Deulofeu,360981,Dani Olmo,9,0.5614
3348,Gerard Deulofeu,356237,G. Lo Celso,10,0.5738
3349,J. dos Santos,25888,F. Fajr,1,0.1194
3349,J. dos Santos,3404,Andoni Iraola,2,0.135
3349,J. dos Santos,4365,Roque Mesa,3,0.1533
3349,J. dos Santos,566942,E. Loiodice,4,0.1683
3349,J. dos Santos,3537,Cani,5,0.2445
3349,J. dos Santos,3803,Sergi Darder,6,0.2709
3349,J. dos Santos,3470,José Campaña,7,0.2905
3349,J. dos Santos,776656,Pablo Barrios,8,0.3153
3349,J. dos Santos,451235,Álvaro Aguado,9,0.3357
3349,J. dos Santos,499596,S. Dest,10,0.3439
3351,Kiko Femenía,225939,Xavi Quintillà,1,0.0603
3351,Kiko Femenía,4424,Jonny Otto,2,0.1457
3351,Kiko Femenía,51217,L. Augustinsson,3,0.1553
3351,Kiko Femenía,70139,E. Insúa,4,0.1794
3351,Kiko Femenía,70136,S. Arias,5,0.223
3351,Kiko Femenía,116299,L. Olaza,6,0.2292
3351,Kiko Femenía,4452,Yuri Berchiche,7,0.2466
3351,Kiko Femenía,93033,Edimar,8,0.2678
3351,Kiko Femenía,14740,A. Boka,9,0.2989
3351,Kiko Femenía,443324,Douglas Luiz,10,0.3164
3352,Xavi,20443,M. Pjanić,1,0.6473
3352,Xavi,14723,T. Kroos,2,1.116
3352,Xavi,3353,Andrés Iniesta,3,1.2289
3352,Xavi,255256,Arthur,4,1.5094
3352,Xavi,4336,T. Gayoso Roberto,5,1.6378
3352,Xavi,373410,F. de Jong,6,1.6544
3352,Xavi,8287,L. Modrić,7,1.7946
3352,Xavi,8320,S. Nasri,8,1.821
3352,Xavi,14808,İ. Gündoğan,9,1.8824
3352,Xavi,532467,Riqui Puig,10,1.9274
3353,Andrés Iniesta,14723,T. Kroos,1,0.513
3353,Andrés Iniesta,8287,L. Modrić,2,0.6265
3353,Andrés Iniesta,4336,T. Gayoso Roberto,3,0.676
3353,Andrés Iniesta,373410,F. de Jong,4,0.7451
3353,Andrés Iniesta,618294,Pedri,5,0.7706
3353,Andrés Iniesta,255256,Arthur,6,0.8456
3353,Andrés Iniesta,8320,S. Nasri,7,0.8481
3353,Andrés Iniesta,532467,Riqui Puig,8,0.8778
3353,Andrés Iniesta,70096,J. Rodríguez,9,0.944
3353,Andrés Iniesta,20443,M. Pjanić,10,1.0507
3355,J. Mascherano,777938,Dean Huijsen,1,0.5692
3355,J. Mascherano,773942,Pau Cubarsí,2,0.5837
3355,J. Mascherano,477211,L. Krejčí,3,0.592
3355,J. Mascherano,473367,Eric García,4,0.6369
3355,J. Mascherano,38,D. Blind,5,0.734
3355,J. Mascherano,3346,Sergio Busquets,6,0.7989
3355,J. Mascherano,3541,Bruno Soriano,7,0.8454
3355,J. Mascherano,8200,S. Nzonzi,8,0.8745
3355,J. Mascherano,25397,S. Umtiti,9,0.8983
3355,J. Mascherano,14757,Z. Kuzmanović,10,0.9461
3357,Isaac Cuenca,275293,Samu García,1,0.054
3357,Isaac Cuenca,37836,M. Lestienne,2,0.1221
3357,Isaac Cuenca,293862,Nacho Gil,3,0.192
3357,Isaac Cuenca,280383,E. Bardhi,4,0.2017
3357,Isaac Cuenca,255433,Ricardo Horta,5,0.2191
3357,Isaac Cuenca,225084,Rubén García,6,0.2347
3357,Isaac Cuenca,279569,Sangalli,7,0.2498
3357,Isaac Cuenca,4285,Fede Vico,8,0.2504
3357,Isaac Cuenca,624774,Gabri Veiga,9,0.2968
3357,Isaac Cuenca,230955,Stoichkov,10,0.2991
3358,Cristian Tello,5875,Álex Gallar,1,0.215
3358,Cristian Tello,5791,J. Añor,2,0.2191
3358,Cristian Tello,20823,F. Vázquez,3,0.2226
3358,Cristian Tello,3284,S. Feghouli,4,0.3003
3358,Cristian Tello,5171,Víctor Rodríguez,5,0.3003
3358,Cristian Tello,142755,B. Traoré,6,0.312
3358,Cristian Tello,639038,A. Zakharyan,7,0.3236
3358,Cristian Tello,241945,P. Sisto,8,0.3498
3358,Cristian Tello,879047,Fer López,9,0.35
3358,Cristian Tello,258022,V. Tsygankov,10,0.365
3359,L. Messi,40810,Neymar,1,1.8177
3359,L. Messi,3360,Pedro,2,2.1404
3359,L. Messi,3802,Philippe Coutinho,3,2.1717
3359,L. Messi,4379,Jonathan Viera,4,2.2451
3359,L. Messi,70096,J. Rodríguez,5,2.2529
3359,L. Messi,8320,S. Nasri,6,2.3489
3359,L. Messi,3563,Isco,7,2.5138
3359,L. Messi,3352,Xavi,8,2.6135
3359,L. Messi,532467,Riqui Puig,9,2.6175
3359,L. Messi,14808,İ. Gündoğan,10,2.6244
3360,Pedro,3802,Philippe Coutinho,1,0.3029
3360,Pedro,4379,Jonathan Viera,2,0.8432
3360,Pedro,617894,J. Bellingham,3,0.8503
3360,Pedro,360981,Dani Olmo,4,0.8693
3360,Pedro,25707,E. Hazard,5,0.9596
3360,Pedro,300485,Malcom,6,0.9928
3360,Pedro,3563,Isco,7,1.0317
3360,Pedro,8320,S. Nasri,8,1.0507
3360,Pedro,14808,İ. Gündoğan,9,1.1107
3360,Pedro,288091,Marco Asensio,10,1.1118
3361,A. Sánchez,282442,Carles Aleñà,1,0.2505
3361,A. Sánchez,532815,Miguel Baeza,2,0.2797
3361,A. Sánchez,563968,Iker Losada,3,0.2957
3361,A. Sánchez,357946,Isi Palazón,4,0.2969
3361,A. Sánchez,256854,L. Suárez,5,0.297
3361,A. Sánchez,624774,Gabri Veiga,6,0.3161
3361,A. Sánchez,20623,R. Soriano,7,0.3583
3361,A. Sánchez,4257,J. Zongo,8,0.3603
3361,A. Sánchez,255433,Ricardo Horta,9,0.3733
3361,A. Sánchez,14836,T. Inui,10,0.3834
3372,Aythami Artiles,3916,G. Cabral,1,0.2565
3372,Aythami Artiles,292991,M. Lemos,2,0.2726
3372,Aythami Artiles,3791,Z. Feddal,3,0.3531
3372,Aythami Artiles,3300,Raúl Albiol,4,0.3689
3372,Aythami Artiles,70112,E. Garay,5,0.3696
3372,Aythami Artiles,3277,Víctor Ruíz,6,0.4138
3372,Aythami Artiles,3795,H. Moreno,7,0.4296
3372,Aythami Artiles,112545,N. Araújo,8,0.4327
3372,Aythami Artiles,20393,D. Bonera,9,0.4367
3372,Aythami Artiles,549129,Aitor Paredes,10,0.4542
3374,Zé Castro,134503,C. Lenglet,1,0.2365
3374,Zé Castro,446859,Peru Nolaskoain,2,0.2911
3374,Zé Castro,3337,Andreu Fontàs,3,0.3472
3374,Zé Castro,689107,Renato Veiga,4,0.3601
3374,Zé Castro,809746,Andrés Castrín,5,0.3621
3374,Zé Castro,4355,David García,6,0.3869
3374,Zé Castro,856312,Yoel Lago,7,0.3919
3374,Zé Castro,485083,David Carmo,8,0.4009
3374,Zé Castro,3300,Raúl Albiol,9,0.4359
3374,Zé Castro,405603,M. Gabbia,10,0.4373
3375,Laure,278007,F. Ricca,1,0.102
3375,Laure,21842,C. Biraghi,2,0.113
3375,Laure,21550,Gabriel Silva,3,0.1506
3375,Laure,553292,Abner,4,0.2215
3375,Laure,3969,Roberto Canella,5,0.2254
3375,Laure,225022,Rubén Duarte,6,0.2285
3375,Laure,3856,Molinero,7,0.2463
3375,Laure,4326,Tito,8,0.2729
3375,Laure,3408,Enric Saborit,9,0.2792
3375,Laure,90774,H. Palacios,10,0.2929
3378,Álex Bergantiños,231713,F. Bradarić,1,0.0375
3378,Álex Bergantiños,368110,Jailson,2,0.1363
3378,Álex Bergantiños,25623,G. Kondogbia,3,0.1473
3378,Álex Bergantiños,712871,Jon Gorrotxategi,4,0.1676
3378,Álex Bergantiños,86828,G. Pizarro,5,0.1717
3378,Álex Bergantiños,4009,M. Lacen,6,0.1892
3378,Álex Bergantiños,413597,R. Kouamé,7,0.1951
3378,Álex Bergantiños,25553,César Azpilicueta,8,0.202
3378,Álex Bergantiños,4757,Luso,9,0.2729
3378,Álex Bergantiños,40614,Guilherme,10,0.2975
3380,Juan Domínguez,363717,Y. Herrera,1,0.2022
3380,Juan Domínguez,336371,Guilherme Arana,2,0.2508
3380,Juan Domínguez,255254,Danilo Barbosa,3,0.2545
3380,Juan Domínguez,694062,Pablo Ibáñez,4,0.2871
3380,Juan Domínguez,94828,G. Shibasaki,5,0.2953
3380,Juan Domínguez,114709,L. Advíncula,6,0.3165
3380,Juan Domínguez,237269,S. Lukić,7,0.3193
3380,Juan Domínguez,545944,Oier Zarraga,8,0.3346
3380,Juan Domínguez,344118,Jaime Seoane,9,0.3478
3380,Juan Domínguez,713064,Pablo Marín,10,0.3625
3381,Borja Fernández,50102,F. Schär,1,0.1054
3381,Borja Fernández,3885,L. Cabrera,2,0.1128
3381,Borja Fernández,805039,M. Moreno,3,0.1355
3381,Borja Fernández,93003,D. Siovas,4,0.166
3381,Borja Fernández,364817,Tachi,5,0.1682
3381,Borja Fernández,3407,Jonás Ramalho,6,0.1941
3381,Borja Fernández,88969,D. Musto,7,0.2033
3381,Borja Fernández,37814,R. Donk,8,0.2063
3381,Borja Fernández,86220,Gabriel Mercado,9,0.2084
3381,Borja Fernández,225085,Fali,10,0.2106
3384,A. Guardado,135561,F. Grillitsch,1,0.1971
3384,A. Guardado,3301,Arbeloa,2,0.2446
3384,A. Guardado,247207,Joan Jordán,3,0.2489
3384,A. Guardado,451235,Álvaro Aguado,4,0.2534
3384,A. Guardado,4243,Verza,5,0.2922
3384,A. Guardado,276979,F. Mendy,6,0.3172
3384,A. Guardado,217031,T. Partey,7,0.3348
3384,A. Guardado,706732,Sergi Altimira,8,0.3538
3384,A. Guardado,4242,Corona,9,0.3549
3384,A. Guardado,5907,Sergi Samper,10,0.3596
3394,Bruno Gama,722567,G. Simeone,1,0.1734
3394,Bruno Gama,596052,Ander Barrenetxea,2,0.2036
3394,Bruno Gama,134174,Samu Castillejo,3,0.2087
3394,Bruno Gama,265376,M. Simon,4,0.2125
3394,Bruno Gama,561189,Robert Navarro,5,0.216
3394,Bruno Gama,5195,Omar Ramos,6,0.2161
3394,Bruno Gama,4014,Pedro León,7,0.2585
3394,Bruno Gama,218549,Garry Rodrigues,8,0.2634
3394,Bruno Gama,346551,I. Hagi,9,0.2699
3394,Bruno Gama,344053,Carles Pérez,10,0.2702
3400,F. Amorebieta,3403,Borja Ekiza,1,0.1016
3400,F. Amorebieta,278049,E. Cabaco,2,0.1925
3400,F. Amorebieta,387799,F. Russo,3,0.2324
3400,F. Amorebieta,769463,Yarek Gasiorowski,4,0.2837
3400,F. Amorebieta,282441,Jesús Vallejo,5,0.2842
3400,F. Amorebieta,622288,Kaiky,6,0.3144
3400,F. Amorebieta,6317,Unai García,7,0.3182
3400,F. Amorebieta,258591,O. Alderete,8,0.3233
3400,F. Amorebieta,518905,José Copete,9,0.3675
3400,F. Amorebieta,3885,L. Cabrera,10,0.3942
3403,Borja Ekiza,3400,F. Amorebieta,1,0.1016
3403,Borja Ekiza,278049,E. Cabaco,2,0.1654
3403,Borja Ekiza,387799,F. Russo,3,0.2617
3403,Borja Ekiza,6317,Unai García,4,0.3077
3403,Borja Ekiza,282441,Jesús Vallejo,5,0.3085
3403,Borja Ekiza,622288,Kaiky,6,0.3098
3403,Borja Ekiza,769463,Yarek Gasiorowski,7,0.3807
3403,Borja Ekiza,258591,O. Alderete,8,0.4142
3403,Borja Ekiza,3885,L. Cabrera,9,0.4201
3403,Borja Ekiza,20672,J.Crespo Rincón,10,0.4421
3404,Andoni Iraola,3349,J. dos Santos,1,0.135
3404,Andoni Iraola,4365,Roque Mesa,2,0.1553
3404,Andoni Iraola,566942,E. Loiodice,3,0.1798
3404,Andoni Iraola,3470,José Campaña,4,0.2244
3404,Andoni Iraola,25888,F. Fajr,5,0.229
3404,Andoni Iraola,776656,Pablo Barrios,6,0.3182
3404,Andoni Iraola,3537,Cani,7,0.3209
3404,Andoni Iraola,552240,Álvaro Núñez,8,0.3618
3404,Andoni Iraola,449920,L. Robertone,9,0.3686
3404,Andoni Iraola,222770,Nélson Semedo,10,0.3783
3407,Jonás Ramalho,88969,D. Musto,1,0.1139
3407,Jonás Ramalho,364817,Tachi,2,0.1213
3407,Jonás Ramalho,344039,Chumi,3,0.1311
3407,Jonás Ramalho,805039,M. Moreno,4,0.1366
3407,Jonás Ramalho,7857,Ignasi Miquel,5,0.1689
3407,Jonás Ramalho,50102,F. Schär,6,0.1817
3407,Jonás Ramalho,404693,M. Kumbulla,7,0.1827
3407,Jonás Ramalho,93003,D. Siovas,8,0.1856
3407,Jonás Ramalho,86220,Gabriel Mercado,9,0.1899
3407,Jonás Ramalho,3381,Borja Fernández,10,0.1941
3408,Enric Saborit,4326,Tito,1,0.0683
3408,Enric Saborit,6531,Fausto Tienza,2,0.1703
3408,Enric Saborit,4425,Víctor Díaz,3,0.2154
3408,Enric Saborit,278007,F. Ricca,4,0.2238
3408,Enric Saborit,3969,Roberto Canella,5,0.2433
3408,Enric Saborit,3375,Laure,6,0.2792
3408,Enric Saborit,4086,Eneko Bóveda,7,0.2815
3408,Enric Saborit,553292,Abner,8,0.2848
3408,Enric Saborit,612174,Víctor Parada,9,0.2993
3408,Enric Saborit,21550,Gabriel Silva,10,0.3091
3409,Mikel San José,28292,A. Doucouré,1,0.1407
3409,Mikel San José,3510,David Timor,2,0.1869
3409,Mikel San José,55990,T. Delaney,3,0.218
3409,Mikel San José,140125,N. Radoja,4,0.2241
3409,Mikel San José,518092,P. Ciss,5,0.2869
3409,Mikel San José,645789,Iker Muñoz,6,0.2949
3409,Mikel San José,7864,F. Coquelin,7,0.3022
3409,Mikel San José,32978,O. Yokuşlu,8,0.3064
3409,Mikel San José,473364,Hugo Guillamón,9,0.3196
3409,Mikel San José,255738,J. Lerma,10,0.3206
3412,Gurpegi,7302,Raúl Albentosa,1,0.0903
3412,Gurpegi,557942,M. Salisu,2,0.1467
3412,Gurpegi,3556,M. Demichelis,3,0.1732
3412,Gurpegi,3526,M. Musacchio,4,0.1744
3412,Gurpegi,136164,E. Filipenko,5,0.1748
3412,Gurpegi,265833,N. Maraš,6,0.1862
3412,Gurpegi,112370,D. Reyes,7,0.1884
3412,Gurpegi,3943,Aridane Hernández,8,0.1932
3412,Gurpegi,86328,G. Pezzella,9,0.1961
3412,Gurpegi,25784,A. Abdennour,10,0.1987
3413,Ander Herrera,222770,Nélson Semedo,1,0.2137
3413,Ander Herrera,70083,Danilo,2,0.2523
3413,Ander Herrera,3442,Fran Mérida,3,0.2637
3413,Ander Herrera,3301,Arbeloa,4,0.2785
3413,Ander Herrera,599551,E. Camavinga,5,0.2787
3413,Ander Herrera,642237,Gerard Martín,6,0.2827
3413,Ander Herrera,552240,Álvaro Núñez,7,0.348
3413,Ander Herrera,3470,José Campaña,8,0.3541
3413,Ander Herrera,3384,A. Guardado,9,0.3825
3413,Ander Herrera,25701,L. Digne,10,0.3849
3414,Ander Iturraspe,4511,Pedro Mosquera,1,0.0649
3414,Ander Iturraspe,167118,Erik Morán,2,0.2013
3414,Ander Iturraspe,604055,Mika Mármol,3,0.2047
3414,Ander Iturraspe,20722,F. Rossi,4,0.2255
3414,Ander Iturraspe,20460,M. Cáceres,5,0.2332
3414,Ander Iturraspe,25553,César Azpilicueta,6,0.2358
3414,Ander Iturraspe,477352,Ander Guevara,7,0.2672
3414,Ander Iturraspe,3436,Javi Manquillo,8,0.2689
3414,Ander Iturraspe,712871,Jon Gorrotxategi,9,0.2737
3414,Ander Iturraspe,86234,E. Pérez,10,0.2776
3418,Iñigo Ruiz de Galarreta,26792,R. Aït-Atmane,1,0.1972
3418,Iñigo Ruiz de Galarreta,449920,L. Robertone,2,0.2537
3418,Iñigo Ruiz de Galarreta,4821,Michel Herrero,3,0.2895
3418,Iñigo Ruiz de Galarreta,228963,H. Traoré,4,0.2896
3418,Iñigo Ruiz de Galarreta,265369,U. Agbo,5,0.2933
3418,Iñigo Ruiz de Galarreta,26084,L. Carole,6,0.295
3418,Iñigo Ruiz de Galarreta,213131,Luis Milla,7,0.3052
3418,Iñigo Ruiz de Galarreta,552240,Álvaro Núñez,8,0.3151
3418,Iñigo Ruiz de Galarreta,545943,Unai Vencedor,9,0.3218
3418,Iñigo Ruiz de Galarreta,402004,S. Colombatto,10,0.3249
3419,Iñigo Pérez,5290,Mikel Rico,1,0.0488
3419,Iñigo Pérez,339812,Pape Cheickh,2,0.0943
3419,Iñigo Pérez,3808,Javi Márquez,3,0.1424
3419,Iñigo Pérez,279526,W. Kaptoum,4,0.1909
3419,Iñigo Pérez,643875,J. Solís,5,0.2047
3419,Iñigo Pérez,4507,Álex Fernández,6,0.2206
3419,Iñigo Pérez,387840,Santi Comesaña,7,0.2257
3419,Iñigo Pérez,471764,Monchu,8,0.2257
3419,Iñigo Pérez,542101,S. Cissé,9,0.2291
3419,Iñigo Pérez,339789,Mikel Merino,10,0.2333
3420,Markel Susaeta,240445,Andreas Pereira,1,0.162
3420,Markel Susaeta,624615,Carlos Álvarez,2,0.1623
3420,Markel Susaeta,495674,Samuel Lino,3,0.1865
3420,Markel Susaeta,3645,Chory Castro,4,0.2123
3420,Markel Susaeta,410026,Álex Collado,5,0.2304
3420,Markel Susaeta,331385,M. García,6,0.2474
3420,Markel Susaeta,276944,J. Bamba,7,0.2513
3420,Markel Susaeta,412897,Dani Raba,8,0.2622
3420,Markel Susaeta,602620,T. Buchanan,9,0.2881
3420,Markel Susaeta,286830,P. Roberts,10,0.3197
3421,Óscar De Marcos,530689,Mario Hernández,1,0.1787
3421,Óscar De Marcos,422517,Fran García,2,0.1843
3421,Óscar De Marcos,303078,G. Suazo,3,0.2056
3421,Óscar De Marcos,580127,Pep Chavarría,4,0.2103
3421,Óscar De Marcos,326525,Lucas Ahijado,5,0.2222
3421,Óscar De Marcos,414193,N. Molina,6,0.2418
3421,Óscar De Marcos,71997,Hélder Lopes,7,0.2511
3421,Óscar De Marcos,279560,Andoni Gorosabel,8,0.2517
3421,Óscar De Marcos,4780,David Juncà,9,0.2537
3421,Óscar De Marcos,551304,Álex Petxa,10,0.2554
3423,Ibai Gómez,357946,Isi Palazón,1,0.1374
3423,Ibai Gómez,485383,Álex Mula,2,0.1896
3423,Ibai Gómez,563968,Iker Losada,3,0.2083
3423,Ibai Gómez,639038,A. Zakharyan,4,0.2119
3423,Ibai Gómez,611463,Aimar Oroz,5,0.2287
3423,Ibai Gómez,5791,J. Añor,6,0.2631
3423,Ibai Gómez,4257,J. Zongo,7,0.2639
3423,Ibai Gómez,20441,E. Lamela,8,0.2927
3423,Ibai Gómez,3511,Roberto Torres,9,0.2933
3423,Ibai Gómez,20623,R. Soriano,10,0.3012
3424,Fernando Llorente,385273,Charles,1,0.2249
3424,Fernando Llorente,3483,Álvaro Negredo,2,0.2431
3424,Fernando Llorente,3657,T. Hemed,3,0.2704
3424,Fernando Llorente,3875,Borja Bastón,4,0.2731
3424,Fernando Llorente,266885,M. Olunga,5,0.286
3424,Fernando Llorente,122859,Y. El-Arabi,6,0.2934
3424,Fernando Llorente,267,L. de Jong,7,0.3697
3424,Fernando Llorente,105618,A. Kravets,8,0.3774
3424,Fernando Llorente,21174,E. Cavani,9,0.4013
3424,Fernando Llorente,4048,Sergi Enrich,10,0.4044
3425,Iker Muniain,3571,Joaquín,1,0.3241
3425,Iker Muniain,360981,Dani Olmo,2,0.3519
3425,Iker Muniain,288091,Marco Asensio,3,0.3958
3425,Iker Muniain,431540,Francisco Trincão,4,0.4178
3425,Iker Muniain,300485,Malcom,5,0.4624
3425,Iker Muniain,4969,Tana,6,0.4646
3425,Iker Muniain,32652,E. Çolak,7,0.4649
3425,Iker Muniain,21077,A. Gómez,8,0.47
3425,Iker Muniain,3448,A. Turan,9,0.5016
3425,Iker Muniain,860728,F. Mastantuono,10,0.5156
3426,Gaizka Toquero,344153,Tete Morente,1,0.2119
3426,Gaizka Toquero,145,T. Vilhena,2,0.2201
3426,Gaizka Toquero,71004,Candeias,3,0.2332
3426,Gaizka Toquero,6456,Dani Rodríguez,4,0.2418
3426,Gaizka Toquero,532627,Arnau Puigmal,5,0.2714
3426,Gaizka Toquero,444669,N. González,6,0.2716
3426,Gaizka Toquero,344040,Marc Cucurella,7,0.3378
3426,Gaizka Toquero,545296,Y. Musah,8,0.3479
3426,Gaizka Toquero,353331,K. Jóźwiak,9,0.3837
3426,Gaizka Toquero,3708,J. Samperio,10,0.3895
3431,Miranda,4093,Añibarro,1,0.1152
3431,Miranda,14893,H. Westermann,2,0.1395
3431,Miranda,498350,M. Mbaye,3,0.1431
3431,Miranda,189976,M. Angeleri,4,0.1646
3431,Miranda,57347,S. Ingason,5,0.2251
3431,Miranda,263147,M. Miazga,6,0.2266
3431,Miranda,6950,Pablo Ínsua,7,0.2301
3431,Miranda,3468,J. Cala,8,0.2449
3431,Miranda,338429,A. Radovanović,9,0.2514
3431,Miranda,4329,Alejandro Arribas,10,0.2631
3433,D. Godín,70956,Rúben Semedo,1,0.0774
3433,D. Godín,40542,Felipe,2,0.1036
3433,D. Godín,3922,David Navarro,3,0.1417
3433,D. Godín,258625,L. Abram,4,0.1619
3433,D. Godín,193984,Germán Sánchez,5,0.1668
3433,D. Godín,86328,G. Pezzella,6,0.194
3433,D. Godín,3692,B. Espinosa,7,0.1965
3433,D. Godín,6579,Antonio Raíllo,8,0.2116
3433,D. Godín,3526,M. Musacchio,9,0.2197
3433,D. Godín,4180,David Lombán,10,0.2252
3434,Filipe Luís,8945,K. Trippier,1,0.0597
3434,Filipe Luís,214062,Álex Granell,2,0.2704
3434,Filipe Luís,743429,Álvaro Carreras,3,0.306
3434,Filipe Luís,471761,Óscar Mingueza,4,0.3247
3434,Filipe Luís,770387,Héctor Fort,5,0.3296
3434,Filipe Luís,22566,A. Florenzi,6,0.3667
3434,Filipe Luís,4501,Dani Carvajal,7,0.4093
3434,Filipe Luís,25701,L. Digne,8,0.4488
3434,Filipe Luís,3442,Fran Mérida,9,0.5034
3434,Filipe Luís,93033,Edimar,10,0.5089
3436,Javi Manquillo,5542,Dani García,1,0.1354
3436,Javi Manquillo,3566,Ignacio Camacho,2,0.1415
3436,Javi Manquillo,340706,G. Rodríguez,3,0.1828
3436,Javi Manquillo,4009,M. Lacen,4,0.1889
3436,Javi Manquillo,86796,I. Marcone,5,0.2052
3436,Javi Manquillo,262121,D. Vavro,6,0.2292
3436,Javi Manquillo,20460,M. Cáceres,7,0.2603
3436,Javi Manquillo,3414,Ander Iturraspe,8,0.2689
3436,Javi Manquillo,4511,Pedro Mosquera,9,0.2751
3436,Javi Manquillo,563961,José Fontán,10,0.3169
3441,Gabi,3691,Domingo Cisma,1,0.3452
3441,Gabi,25701,L. Digne,2,0.3494
3441,Gabi,86623,A. Fernández,3,0.3585
3441,Gabi,3676,Asier Illarramendi,4,0.3696
3441,Gabi,642237,Gerard Martín,5,0.4211
3441,Gabi,3653,F. Tissone,6,0.5012
3441,Gabi,70083,Danilo,7,0.5368
3441,Gabi,3413,Ander Herrera,8,0.5369
3441,Gabi,26084,L. Carole,9,0.5538
3441,Gabi,4821,Michel Herrero,10,0.5578
3442,Fran Mérida,4821,Michel Herrero,1,0.189
3442,Fran Mérida,70083,Danilo,2,0.2069
3442,Fran Mérida,552240,Álvaro Núñez,3,0.2475
3442,Fran Mérida,3413,Ander Herrera,4,0.2637
3442,Fran Mérida,770387,Héctor Fort,5,0.2668
3442,Fran Mérida,26084,L. Carole,6,0.2686
3442,Fran Mérida,222770,Nélson Semedo,7,0.3092
3442,Fran Mérida,743429,Álvaro Carreras,8,0.3382
3442,Fran Mérida,642237,Gerard Martín,9,0.3384
3442,Fran Mérida,3470,José Campaña,10,0.3397
3443,Koke,346195,Fabián Ruiz,1,0.22
3443,Koke,3286,Dani Parejo,2,0.2313
3443,Koke,746346,Hugo Sotelo,3,0.2848
3443,Koke,3347,Sergi Roberto,4,0.2879
3443,Koke,282448,Aleix García,5,0.3515
3443,Koke,631908,Marc Casadó,6,0.3851
3443,Koke,3835,Álex López,7,0.4081
3443,Koke,285590,S. Amrabat,8,0.4549
3443,Koke,69404,M. Kovačić,9,0.5015
3443,Koke,112459,H. Herrera,10,0.5172
3446,Mario Suárez,3304,Nacho Fernández,1,0.1574
3446,Mario Suárez,70094,Fernando,2,0.2219
3446,Mario Suárez,518092,P. Ciss,3,0.2435
3446,Mario Suárez,32978,O. Yokuşlu,4,0.2436
3446,Mario Suárez,519494,Álex Suárez,5,0.2888
3446,Mario Suárez,212621,M. Kranevitter,6,0.301
3446,Mario Suárez,312,N. Gudelj,7,0.3083
3446,Mario Suárez,395114,Igor Zubeldía,8,0.3126
3446,Mario Suárez,439778,I. Doumbia,9,0.3226
3446,Mario Suárez,428131,P. Akouokou,10,0.3244
3447,Juanfran,481322,A. Candela,1,0.1023
3447,Juanfran,167145,Héctor Bellerín,2,0.1223
3447,Juanfran,89712,F. Gutiérrez,3,0.1235
3447,Juanfran,3534,Jaume Costa,4,0.1648
3447,Juanfran,279560,Andoni Gorosabel,5,0.1821
3447,Juanfran,473327,Juan Miranda,6,0.1856
3447,Juanfran,339801,Álvaro Lemos,7,0.1867
3447,Juanfran,3598,Álex Martínez,8,0.1894
3447,Juanfran,14852,Sergio Escudero,9,0.19
3447,Juanfran,28529,Y. Sabaly,10,0.222
3448,A. Turan,356237,G. Lo Celso,1,0.2267
3448,A. Turan,32652,E. Çolak,2,0.2671
3448,A. Turan,3282,Sergio Canales,3,0.2727
3448,A. Turan,8317,David Silva,4,0.288
3448,A. Turan,21077,A. Gómez,5,0.3354
3448,A. Turan,4362,Momo,6,0.3704
3448,A. Turan,3344,Rafinha,7,0.3899
3448,A. Turan,69403,Sammir,8,0.4003
3448,A. Turan,25440,J. Pastore,9,0.4333
3448,A. Turan,302292,M. Ødegaard,10,0.4352
3450,R. Falcao,3875,Borja Bastón,1,0.1779
3450,R. Falcao,225946,A. Sanabria,2,0.178
3450,R. Falcao,22202,S. Zaza,3,0.2208
3450,R. Falcao,267,L. de Jong,4,0.254
3450,R. Falcao,101605,S. Doumbia,5,0.2606
3450,R. Falcao,395636,M. Gómez,6,0.3552
3450,R. Falcao,101635,F. Caicedo,7,0.374
3450,R. Falcao,385273,Charles,8,0.387
3450,R. Falcao,3483,Álvaro Negredo,9,0.3985
3450,R. Falcao,3424,Fernando Llorente,10,0.4127
3451,Adrián López,545942,Oihan Sancet,1,0.1963
3451,Adrián López,71057,Licá,2,0.207
3451,Adrián López,134513,A. Martial,3,0.2415
3451,Adrián López,38094,I. Ezekiel,4,0.2497
3451,Adrián López,3479,Manu del Moral,5,0.262
3451,Adrián López,536150,Sergio Arribas,6,0.2901
3451,Adrián López,355599,Mikel Oyarzabal,7,0.299
3451,Adrián López,551596,Lázaro,8,0.339
3451,Adrián López,20450,Bojan Krkić,9,0.3494
3451,Adrián López,230934,Josep Señé,10,0.386
3460,Coke,405976,Pol Lozano,1,0.194
3460,Coke,116170,S. Cristóforo,2,0.2085
3460,Coke,20936,J. Vargas,3,0.2676
3460,Coke,4786,I. Balliu,4,0.2914
3460,Coke,3529,Mario Gaspar,5,0.303
3460,Coke,4371,Dani Castellano,6,0.3134
3460,Coke,663974,Á. Algobia,7,0.3269
3460,Coke,341751,Marc Navarro,8,0.3351
3460,Coke,488961,Samú Costa,9,0.3397
3460,Coke,3538,M. Wakaso,10,0.3475
3464,Antonio Luna,740187,S. Bajčetić,1,0.0771
3464,Antonio Luna,7624,Rober Correa,2,0.1575
3464,Antonio Luna,7612,Jorge Miramón,3,0.1618
3464,Antonio Luna,3339,Martín Montoya,4,0.1817
3464,Antonio Luna,525130,Álex Centelles,5,0.189
3464,Antonio Luna,3557,Jesús Gámez,6,0.2106
3464,Antonio Luna,604122,Jon Aramburu,7,0.2221
3464,Antonio Luna,3672,Carlos Martínez,8,0.2586
3464,Antonio Luna,25452,S. Corchia,9,0.2589
3464,Antonio Luna,557401,Bruno Langa,10,0.2615
3465,Fernando Navarro,4086,Eneko Bóveda,1,0.1341
3465,Fernando Navarro,334175,Óscar Valentín,2,0.217
3465,Fernando Navarro,4425,Víctor Díaz,3,0.2559
3465,Fernando Navarro,4234,Lillo Castellano,4,0.2565
3465,Fernando Navarro,399652,Florentino,5,0.2858
3465,Fernando Navarro,15214,A. Rukavina,6,0.3002
3465,Fernando Navarro,4326,Tito,7,0.3251
3465,Fernando Navarro,294415,Reinildo,8,0.326
3465,Fernando Navarro,6528,Javi Moyano,9,0.3284
3465,Fernando Navarro,3826,Roberto Lago,10,0.365
3466,Alexis,471999,Juan Berrocal,1,0.1155
3466,Alexis,713622,John Donald,2,0.1218
3466,Alexis,247169,Diego González,3,0.1344
3466,Alexis,4329,Alejandro Arribas,4,0.1716
3466,Alexis,330728,Domingos Duarte,5,0.2339
3466,Alexis,504689,F. Garcés,6,0.2339
3466,Alexis,189976,M. Angeleri,7,0.2347
3466,Alexis,275384,Jorge Meré,8,0.2396
3466,Alexis,6950,Pablo Ínsua,9,0.2502
3466,Alexis,256998,E. Bailly,10,0.2573
3468,J. Cala,6950,Pablo Ínsua,1,0.0269
3468,J. Cala,498350,M. Mbaye,2,0.1339
3468,J. Cala,40574,Dória,3,0.1482
3468,J. Cala,213124,Chema Rodríguez,4,0.1597
3468,J. Cala,14893,H. Westermann,5,0.1702
3468,J. Cala,20808,E. Muñoz,6,0.172
3468,J. Cala,3431,Miranda,7,0.2449
3468,J. Cala,128230,N. Vujadinović,8,0.2642
3468,J. Cala,3466,Alexis,9,0.2707
3468,J. Cala,189976,M. Angeleri,10,0.2712
3470,José Campaña,4365,Roque Mesa,1,0.1578
3470,José Campaña,222770,Nélson Semedo,2,0.1583
3470,José Campaña,3404,Andoni Iraola,3,0.2244
3470,José Campaña,3349,J. dos Santos,4,0.2905
3470,José Campaña,552240,Álvaro Núñez,5,0.2907
3470,José Campaña,776656,Pablo Barrios,6,0.3151
3470,José Campaña,135561,F. Grillitsch,7,0.3262
3470,José Campaña,566942,E. Loiodice,8,0.3345
3470,José Campaña,3442,Fran Mérida,9,0.3397
3470,José Campaña,25888,F. Fajr,10,0.3492
3474,Jesús Navas,89073,M. Acuña,1,0.3219
3474,Jesús Navas,344100,Sergio Reguilón,2,0.3558
3474,Jesús Navas,396475,A. Hakimi,3,0.4787
3474,Jesús Navas,214062,Álex Granell,4,0.5502
3474,Jesús Navas,50213,K. Yoda,5,0.6218
3474,Jesús Navas,528925,Calebe,6,0.6594
3474,Jesús Navas,346119,Manu García,7,0.6966
3474,Jesús Navas,471761,Óscar Mingueza,8,0.7221
3474,Jesús Navas,86517,P. De Blasis,9,0.7598
3474,Jesús Navas,135903,João Cancelo,10,0.772
3476,I. Rakitić,559647,Kirian Rodríguez,1,0.1962
3476,I. Rakitić,20475,A. Vidal,2,0.3971
3476,I. Rakitić,37762,William Carvalho,3,0.4515
3476,I. Rakitić,3286,Dani Parejo,4,0.501
3476,I. Rakitić,40800,Ganso,5,0.5104
3476,I. Rakitić,696440,Damián Rodríguez,6,0.5226
3476,I. Rakitić,69404,M. Kovačić,7,0.527
3476,I. Rakitić,3602,Salva Sevilla,8,0.5347
3476,I. Rakitić,364005,F. Valverde,9,0.554
3476,I. Rakitić,3347,Sergi Roberto,10,0.5786
3477,José Antonio Reyes,408293,Javi Ontiveros,1,0.3695
3477,José Antonio Reyes,26038,J. Campbell,2,0.5392
3477,José Antonio Reyes,583880,A. Ounahi,3,0.565
3477,José Antonio Reyes,528925,Calebe,4,0.5667
3477,José Antonio Reyes,558581,Pejiño,5,0.5711
3477,José Antonio Reyes,230897,F. Cartabia,6,0.5876
3477,José Antonio Reyes,544859,Álex Baena,7,0.6102
3477,José Antonio Reyes,708179,Y. Asprilla,8,0.6232
3477,José Antonio Reyes,112556,J. Aquino,9,0.6248
3477,José Antonio Reyes,4498,Lucas Vázquez,10,0.6489
3479,Manu del Moral,38094,I. Ezekiel,1,0.2136
3479,Manu del Moral,3934,N. El Zhar,2,0.2162
3479,Manu del Moral,355599,Mikel Oyarzabal,3,0.2598
3479,Manu del Moral,3451,Adrián López,4,0.262
3479,Manu del Moral,278278,Munir El Haddadi,5,0.286
3479,Manu del Moral,71057,Licá,6,0.2946
3479,Manu del Moral,4778,Coro,7,0.332
3479,Manu del Moral,4683,A. Szymanowski,8,0.3535
3479,Manu del Moral,4257,J. Zongo,9,0.3669
3479,Manu del Moral,230883,Ayoze Pérez,10,0.3957
3483,Álvaro Negredo,122859,Y. El-Arabi,1,0.1339
3483,Álvaro Negredo,4048,Sergi Enrich,2,0.176
3483,Álvaro Negredo,101795,L. Traoré,3,0.1828
3483,Álvaro Negredo,105618,A. Kravets,4,0.1878
3483,Álvaro Negredo,266885,M. Olunga,5,0.2363
3483,Álvaro Negredo,3424,Fernando Llorente,6,0.2431
3483,Álvaro Negredo,134175,Raúl de Tomás,7,0.2716
3483,Álvaro Negredo,3875,Borja Bastón,8,0.2918
3483,Álvaro Negredo,5481,Miguel Guerrero,9,0.3082
3483,Álvaro Negredo,101635,F. Caicedo,10,0.3187
3484,Luis Alberto,7926,Nani,1,0.1914
3484,Luis Alberto,207001,J. Correa,2,0.2471
3484,Luis Alberto,879047,Fer López,3,0.256
3484,Luis Alberto,550459,J. Álvarez,4,0.3137
3484,Luis Alberto,3284,S. Feghouli,5,0.3342
3484,Luis Alberto,3326,Jesé Rodríguez,6,0.355
3484,Luis Alberto,142755,B. Traoré,7,0.3562
3484,Luis Alberto,3816,Sergio García,8,0.3715
3484,Luis Alberto,527100,M. Greenwood,9,0.3718
3484,Luis Alberto,234527,A. Halilović,10,0.3826
3493,Miguel Flaño,128230,N. Vujadinović,1,0.103
3493,Miguel Flaño,6950,Pablo Ínsua,2,0.304
3493,Miguel Flaño,3468,J. Cala,3,0.3053
3493,Miguel Flaño,40574,Dória,4,0.3128
3493,Miguel Flaño,128171,S. Mitrović,5,0.3162
3493,Miguel Flaño,504689,F. Garcés,6,0.3271
3493,Miguel Flaño,494337,N. Pérez,7,0.3366
3493,Miguel Flaño,20808,E. Muñoz,8,0.3469
3493,Miguel Flaño,5653,M. Mantovani,9,0.3609
3493,Miguel Flaño,127591,A. Pantić,10,0.3626
3496,Sergio Postigo,652014,César Tárrega,1,0.1054
3496,Sergio Postigo,298353,José Martínez,2,0.1096
3496,Sergio Postigo,622390,C. Özkacar,3,0.1175
3496,Sergio Postigo,344102,Javi Sánchez,4,0.1263
3496,Sergio Postigo,8609,A. Alcáraz,5,0.1265
3496,Sergio Postigo,916711,Juma Bah,6,0.129
3496,Sergio Postigo,473366,Víctor Chust,7,0.1415
3496,Sergio Postigo,567461,Jorge Herrando,8,0.1458
3496,Sergio Postigo,404693,M. Kumbulla,9,0.1475
3496,Sergio Postigo,508021,Jorge Cuenca,10,0.152
3501,Álvaro Cejudo,359847,Alfonso Pedraza,1,0.2174
3501,Álvaro Cejudo,275485,Josan,2,0.2339
3501,Álvaro Cejudo,287003,Benito Ramírez,3,0.2358
3501,Álvaro Cejudo,472191,Renan Lodi,4,0.2786
3501,Álvaro Cejudo,6210,Aday,5,0.3181
3501,Álvaro Cejudo,6925,H. Hernández,6,0.3365
3501,Álvaro Cejudo,5910,Álex Moreno,7,0.3518
3501,Álvaro Cejudo,344132,T. Hernández,8,0.3546
3501,Álvaro Cejudo,297043,F. Cervi,9,0.3682
3501,Álvaro Cejudo,496493,Víctor Gómez,10,0.3901
3503,R.García Escudero,7693,Pere Milla,1,0.2725
3503,R.García Escudero,585048,L. Beltrán,2,0.2753
3503,R.García Escudero,855222,Unai Gómez,3,0.2835
3503,R.García Escudero,546242,Roger Brugué,4,0.2919
3503,R.García Escudero,450785,Javi Puado,5,0.2954
3503,R.García Escudero,167119,Sabin Merino,6,0.3178
3503,R.García Escudero,20766,H. Seferović,7,0.3526
3503,R.García Escudero,15817,R. Babel,8,0.3834
3503,R.García Escudero,771062,Chuki,9,0.3957
3503,R.García Escudero,6370,Eraso,10,0.4103
3505,R. Loé,25405,M. Gonalons,1,0.1117
3505,R. Loé,344049,Oriol Rey,2,0.1602
3505,R. Loé,91064,D. Torres,3,0.1803
3505,R. Loé,3650,Tomás Pina,4,0.2164
3505,R. Loé,5055,José Mari,5,0.222
3505,R. Loé,471583,I. Baba,6,0.233
3505,R. Loé,435472,U. Račić,7,0.2446
3505,R. Loé,4248,Alberto Martín,8,0.2453
3505,R. Loé,4509,Omar Mascarell,9,0.2591
3505,R. Loé,3866,M. Iturra,10,0.2641
3510,David Timor,645877,Y. Mosquera,1,0.178
3510,David Timor,935301,Marcos Peña,2,0.1864
3510,David Timor,3409,Mikel San José,3,0.1869
3510,David Timor,473364,Hugo Guillamón,4,0.2249
3510,David Timor,593173,Aiham Ousou,5,0.2321
3510,David Timor,453270,M. Hongla,6,0.2339
3510,David Timor,32978,O. Yokuşlu,7,0.2461
3510,David Timor,518092,P. Ciss,8,0.2531
3510,David Timor,278288,Aritz Elustondo,9,0.2628
3510,David Timor,55990,T. Delaney,10,0.2781
3511,Roberto Torres,639038,A. Zakharyan,1,0.155
3511,Roberto Torres,352789,Óscar Rodríguez,2,0.1766
3511,Roberto Torres,485383,Álex Mula,3,0.2033
3511,Roberto Torres,611463,Aimar Oroz,4,0.222
3511,Roberto Torres,5791,J. Añor,5,0.2609
3511,Roberto Torres,4342,Piti,6,0.2622
3511,Roberto Torres,4252,Aaron Níguez,7,0.2687
3511,Roberto Torres,3423,Ibai Gómez,8,0.2933
3511,Roberto Torres,563968,Iker Losada,9,0.2956
3511,Roberto Torres,302550,Brais Méndez,10,0.2971
3523,F. Lejeune,25391,T. Kolodziejczak,1,0.0488
3523,F. Lejeune,282439,Lluis López,2,0.0512
3523,F. Lejeune,453251,Alejandro Catena,3,0.1374
3523,F. Lejeune,288081,S. McKenna,4,0.1395
3523,F. Lejeune,4360,Juanpe,5,0.1488
3523,F. Lejeune,697957,W. Kambwala,6,0.1579
3523,F. Lejeune,6325,Gonzalo Verdú,7,0.1604
3523,F. Lejeune,621020,Cristhian Mosquera,8,0.1696
3523,F. Lejeune,596691,Natan,9,0.177
3523,F. Lejeune,112545,N. Araújo,10,0.1794
3526,M. Musacchio,258625,L. Abram,1,0.0628
3526,M. Musacchio,86328,G. Pezzella,2,0.0711
3526,M. Musacchio,7302,Raúl Albentosa,3,0.1328
3526,M. Musacchio,3943,Aridane Hernández,4,0.1539
3526,M. Musacchio,292654,M. Diakhaby,5,0.1549
3526,M. Musacchio,40542,Felipe,6,0.1596
3526,M. Musacchio,125250,Ó. Duarte,7,0.1635
3526,M. Musacchio,136164,E. Filipenko,8,0.1646
3526,M. Musacchio,500200,Miguel Rubio,9,0.1743
3526,M. Musacchio,3412,Gurpegi,10,0.1744
3527,Kiko Olivas,357991,Édgar González,1,0.1012
3527,Kiko Olivas,384066,C. Montes,2,0.1366
3527,Kiko Olivas,70140,Daniel Carriço,3,0.1429
3527,Kiko Olivas,601275,Rafa Marín,4,0.1815
3527,Kiko Olivas,621020,Cristhian Mosquera,5,0.1843
3527,Kiko Olivas,14687,S. Papastathopoulos,6,0.1912
3527,Kiko Olivas,3276,A. Rami,7,0.1961
3527,Kiko Olivas,32577,Sidnei,8,0.2037
3527,Kiko Olivas,237262,S. Babić,9,0.2089
3527,Kiko Olivas,596691,Natan,10,0.2093
3529,Mario Gaspar,3826,Roberto Lago,1,0.1404
3529,Mario Gaspar,4371,Dani Castellano,2,0.1853
3529,Mario Gaspar,405976,Pol Lozano,3,0.205
3529,Mario Gaspar,473371,Antonio Blanco,4,0.2101
3529,Mario Gaspar,488961,Samú Costa,5,0.2112
3529,Mario Gaspar,334175,Óscar Valentín,6,0.2295
3529,Mario Gaspar,116170,S. Cristóforo,7,0.2315
3529,Mario Gaspar,663974,Á. Algobia,8,0.2412
3529,Mario Gaspar,3460,Coke,9,0.303
3529,Mario Gaspar,593442,Beñat Prados,10,0.307
3534,Jaume Costa,481322,A. Candela,1,0.0988
3534,Jaume Costa,339801,Álvaro Lemos,2,0.1566
3534,Jaume Costa,3447,Juanfran,3,0.1648
3534,Jaume Costa,3667,Alberto De La Bella,4,0.175
3534,Jaume Costa,28529,Y. Sabaly,5,0.1881
3534,Jaume Costa,14852,Sergio Escudero,6,0.1902
3534,Jaume Costa,473371,Antonio Blanco,7,0.1923
3534,Jaume Costa,4936,David Simón,8,0.2017
3534,Jaume Costa,89712,F. Gutiérrez,9,0.203
3534,Jaume Costa,3827,Hugo Mallo,10,0.2059
3536,Moi Gómez,624498,Martim Neto,1,0.1476
3536,Moi Gómez,240680,Aleix Febas,2,0.1555
3536,Moi Gómez,3803,Sergi Darder,3,0.1776
3536,Moi Gómez,582472,L. Sučić,4,0.1783
3536,Moi Gómez,211885,André Gomes,5,0.2478
3536,Moi Gómez,399676,Pablo Fornals,6,0.2681
3536,Moi Gómez,499596,S. Dest,7,0.2765
3536,Moi Gómez,25888,F. Fajr,8,0.287
3536,Moi Gómez,4007,Diego Castro,9,0.3123
3536,Moi Gómez,14866,José Manuel Jurado,10,0.3217
3537,Cani,3803,Sergi Darder,1,0.1634
3537,Cani,240680,Aleix Febas,2,0.2311
3537,Cani,3349,J. dos Santos,3,0.2445
3537,Cani,134170,José Rodríguez,4,0.248
3537,Cani,566942,E. Loiodice,5,0.2586
3537,Cani,25888,F. Fajr,6,0.2691
3537,Cani,647161,Gavi,7,0.2892
3537,Cani,3572,Portillo,8,0.2906
3537,Cani,4007,Diego Castro,9,0.2953
3537,Cani,3404,Andoni Iraola,10,0.3209
3538,M. Wakaso,4786,I. Balliu,1,0.1623
3538,M. Wakaso,28529,Y. Sabaly,2,0.2319
3538,M. Wakaso,339885,Son,3,0.2379
3538,M. Wakaso,3447,Juanfran,4,0.2441
3538,M. Wakaso,4936,David Simón,5,0.2631
3538,M. Wakaso,341751,Marc Navarro,6,0.2753
3538,M. Wakaso,339801,Álvaro Lemos,7,0.2863
3538,M. Wakaso,167145,Héctor Bellerín,8,0.3101
3538,M. Wakaso,354547,J. Jankto,9,0.3176
3538,M. Wakaso,481322,A. Candela,10,0.3192
3539,H. Pérez,275419,Luis Rioja,1,0.1948
3539,H. Pérez,532627,Arnau Puigmal,2,0.2
3539,H. Pérez,584938,Fran Pérez,3,0.2266
3539,H. Pérez,247220,Jason,4,0.2831
3539,H. Pérez,254898,Kenedy,5,0.2916
3539,H. Pérez,568583,Juan Cruz,6,0.3052
3539,H. Pérez,71004,Candeias,7,0.3272
3539,H. Pérez,4513,D. Cheryshev,8,0.3349
3539,H. Pérez,403706,A. Mallé,9,0.3787
3539,H. Pérez,545296,Y. Musah,10,0.3826
3541,Bruno Soriano,8200,S. Nzonzi,1,0.2475
3541,Bruno Soriano,477211,L. Krejčí,2,0.259
3541,Bruno Soriano,14724,D. Alaba,3,0.3027
3541,Bruno Soriano,480145,A. Tchouaméni,4,0.3086
3541,Bruno Soriano,473367,Eric García,5,0.4161
3541,Bruno Soriano,470747,R. Araújo,6,0.4802
3541,Bruno Soriano,135103,A. Christensen,7,0.5306
3541,Bruno Soriano,773942,Pau Cubarsí,8,0.5794
3541,Bruno Soriano,777938,Dean Huijsen,9,0.6358
3541,Bruno Soriano,70120,Javi García,10,0.6576
3542,Manu Trigueros,282448,Aleix García,1,0.2134
3542,Manu Trigueros,3677,Rubén Pardo,2,0.2201
3542,Manu Trigueros,247207,Joan Jordán,3,0.3143
3542,Manu Trigueros,746346,Hugo Sotelo,4,0.3252
3542,Manu Trigueros,346195,Fabián Ruiz,5,0.3639
3542,Manu Trigueros,276979,F. Mendy,6,0.3692
3542,Manu Trigueros,364005,F. Valverde,7,0.3718
3542,Manu Trigueros,167641,S. Lobotka,8,0.4254
3542,Manu Trigueros,3347,Sergi Roberto,9,0.4865
3542,Manu Trigueros,230863,Unai López,10,0.4916
3548,G. Rossi,25577,L. Rémy,1,0.215
3548,G. Rossi,20402,K. Boateng,2,0.249
3548,G. Rossi,5297,I. Uche,3,0.2506
3548,G. Rossi,7941,Chicharito,4,0.3451
3548,G. Rossi,112596,J. Martínez,5,0.4233
3548,G. Rossi,5400,Gerard Moreno,6,0.4445
3548,G. Rossi,4440,Borja Valle,7,0.4967
3548,G. Rossi,25795,W. Ben Yedder,8,0.4998
3548,G. Rossi,3608,R. Santa Cruz,9,0.5132
3548,G. Rossi,38093,M. Batshuayi,10,0.5222
3556,M. Demichelis,6338,David García,1,0.0628
3556,M. Demichelis,557942,M. Salisu,2,0.0993
3556,M. Demichelis,4358,Víctor Laguardia,3,0.1012
3556,M. Demichelis,213714,E. Burgos,4,0.117
3556,M. Demichelis,136164,E. Filipenko,5,0.1349
3556,M. Demichelis,25784,A. Abdennour,6,0.1462
3556,M. Demichelis,7302,Raúl Albentosa,7,0.1462
3556,M. Demichelis,112370,D. Reyes,8,0.1551
3556,M. Demichelis,3943,Aridane Hernández,9,0.1687
3556,M. Demichelis,3412,Gurpegi,10,0.1732
3557,Jesús Gámez,3339,Martín Montoya,1,0.1091
3557,Jesús Gámez,604122,Jon Aramburu,2,0.123
3557,Jesús Gámez,7624,Rober Correa,3,0.1724
3557,Jesús Gámez,740187,S. Bajčetić,4,0.1799
3557,Jesús Gámez,3464,Antonio Luna,5,0.2106
3557,Jesús Gámez,3798,Dídac Vilá,6,0.228
3557,Jesús Gámez,557401,Bruno Langa,7,0.2582
3557,Jesús Gámez,3920,Pedro López,8,0.2811
3557,Jesús Gámez,525130,Álex Centelles,9,0.2841
3557,Jesús Gámez,531592,Aihen Muñoz,10,0.2893
3560,Nacho Monreal,255738,J. Lerma,1,0.0911
3560,Nacho Monreal,4488,Saúl Ñíguez,2,0.1461
3560,Nacho Monreal,582098,D. Lopy,3,0.1546
3560,Nacho Monreal,263091,Gerard Gumbau,4,0.1778
3560,Nacho Monreal,558754,Carlos Dotor,5,0.1955
3560,Nacho Monreal,645789,Iker Muñoz,6,0.1989
3560,Nacho Monreal,286963,Mikel Vesga,7,0.2239
3560,Nacho Monreal,598620,Johnny Cardoso,8,0.2648
3560,Nacho Monreal,436785,Y. Neyou,9,0.2757
3560,Nacho Monreal,400691,N. Petrović,10,0.2889
3561,Weligton,70507,Paulo Oliveira,1,0.1171
3561,Weligton,20672,J.Crespo Rincón,2,0.1237
3561,Weligton,26195,M. Saunier,3,0.1853
3561,Weligton,376362,Luiz Felipe,4,0.2401
3561,Weligton,3670,Mikel González,5,0.283
3561,Weligton,211853,Rúben Vezo,6,0.2895
3561,Weligton,12,K. Omeruo,7,0.2984
3561,Weligton,410055,Róber Pier,8,0.3101
3561,Weligton,413041,J. El Yamiq,9,0.3282
3561,Weligton,8609,A. Alcáraz,10,0.3285
3562,Sergio Sánchez,344068,Unai Núñez,1,0.1081
3562,Sergio Sánchez,275296,David Costas,2,0.1084
3562,Sergio Sánchez,3695,Álvaro Soberón,3,0.1256
3562,Sergio Sánchez,8311,S. Savić,4,0.1431
3562,Sergio Sánchez,86325,R. Funes Mori,5,0.1488
3562,Sergio Sánchez,911027,Vitor Reis,6,0.1512
3562,Sergio Sánchez,295234,Sergio González,7,0.1951
3562,Sergio Sánchez,25392,Bakary Koné,8,0.1988
3562,Sergio Sánchez,4918,Deivid,9,0.2261
3562,Sergio Sánchez,92874,L. Vyntra,10,0.238
3563,Isco,4379,Jonathan Viera,1,0.2817
3563,Isco,70096,J. Rodríguez,2,0.5373
3563,Isco,703740,A. Güler,3,0.573
3563,Isco,302292,M. Ødegaard,4,0.5839
3563,Isco,8320,S. Nasri,5,0.6695
3563,Isco,532467,Riqui Puig,6,0.7159
3563,Isco,3282,Sergio Canales,7,0.7534
3563,Isco,3802,Philippe Coutinho,8,0.7797
3563,Isco,618294,Pedri,9,0.7908
3563,Isco,69403,Sammir,10,0.8128
3566,Ignacio Camacho,340706,G. Rodríguez,1,0.0733
3566,Ignacio Camacho,3436,Javi Manquillo,2,0.1415
3566,Ignacio Camacho,563961,José Fontán,3,0.1848
3566,Ignacio Camacho,86796,I. Marcone,4,0.199
3566,Ignacio Camacho,456053,J. Foyth,5,0.234
3566,Ignacio Camacho,5542,Dani García,6,0.2354
3566,Ignacio Camacho,26518,C. Sánchez,7,0.2678
3566,Ignacio Camacho,593173,Aiham Ousou,8,0.2733
3566,Ignacio Camacho,4332,Javi Fuego,9,0.2812
3566,Ignacio Camacho,812973,V. Gómez,10,0.2844
3567,Santi Cazorla,56025,M. Krohn-Dehli,1,0.2512
3567,Santi Cazorla,3835,Álex López,2,0.2963
3567,Santi Cazorla,4362,Momo,3,0.3996
3567,Santi Cazorla,3344,Rafinha,4,0.4392
3567,Santi Cazorla,3347,Sergi Roberto,5,0.4825
3567,Santi Cazorla,3448,A. Turan,6,0.5209
3567,Santi Cazorla,8317,David Silva,7,0.5377
3567,Santi Cazorla,69404,M. Kovačić,8,0.539
3567,Santi Cazorla,346195,Fabián Ruiz,9,0.5739
3567,Santi Cazorla,326523,Dani Ceballos,10,0.5755
3568,Recio,3680,David Zurutuza,1,0.1294
3568,Recio,460552,P. Gueye,2,0.1295
3568,Recio,339789,Mikel Merino,3,0.1303
3568,Recio,599560,Alberto Reina,4,0.1565
3568,Recio,3808,Javi Márquez,5,0.1622
3568,Recio,26652,D. Wass,6,0.2142
3568,Recio,3317,Esteban Granero,7,0.2238
3568,Recio,4902,Ángel Montoro,8,0.2327
3568,Recio,387840,Santi Comesaña,9,0.2598
3568,Recio,3977,Nacho Cases,10,0.2645
3571,Joaquín,4969,Tana,1,0.2406
3571,Joaquín,21077,A. Gómez,2,0.2759
3571,Joaquín,3425,Iker Muniain,3,0.3241
3571,Joaquín,32652,E. Çolak,4,0.3308
3571,Joaquín,4278,Borja García,5,0.3601
3571,Joaquín,578270,T. Almada,6,0.3675
3571,Joaquín,70125,Nolito,7,0.3799
3571,Joaquín,694195,Rodri Sánchez,8,0.4217
3571,Joaquín,860728,F. Mastantuono,9,0.4267
3571,Joaquín,776387,Fermín López,10,0.4283
3572,Portillo,647161,Gavi,1,0.1504
3572,Portillo,769742,Rodrigo Mendoza,2,0.183
3572,Portillo,446483,André Almeida,3,0.1885
3572,Portillo,240680,Aleix Febas,4,0.2902
3572,Portillo,3537,Cani,5,0.2906
3572,Portillo,499596,S. Dest,6,0.3161
3572,Portillo,631404,Alejandro Balde,7,0.3235
3572,Portillo,624498,Martim Neto,8,0.329
3572,Portillo,3803,Sergi Darder,9,0.3482
3572,Portillo,4007,Diego Castro,10,0.3537
3576,Juanmi,489417,Erik Expósito,1,0.1821
3576,Juanmi,344120,Borja Mayoral,2,0.2651
3576,Juanmi,250885,Santi Mina,3,0.2674
3576,Juanmi,5481,Miguel Guerrero,4,0.2813
3576,Juanmi,25472,C. Bakambu,5,0.2932
3576,Juanmi,405979,Abel Ruiz,6,0.2944
3576,Juanmi,388976,T. Kadewere,7,0.3035
3576,Juanmi,536640,Sergio Camello,8,0.3057
3576,Juanmi,344086,Gorka Guruzeta,9,0.309
3576,Juanmi,69610,D. Čop,10,0.309
3577,S. Rondón,288865,O. McBurnie,1,0.1972
3577,S. Rondón,486425,Fer Niño,2,0.1991
3577,S. Rondón,171643,R. Yaremchuk,3,0.1996
3577,S. Rondón,237018,Deyverson,4,0.2031
3577,S. Rondón,611298,Raul García,5,0.258
3577,S. Rondón,213365,G. Fernández,6,0.2664
3577,S. Rondón,70159,R. van Wolfswinkel,7,0.2668
3577,S. Rondón,20536,G. Pazzini,8,0.2831
3577,S. Rondón,344086,Gorka Guruzeta,9,0.3027
3577,S. Rondón,3656,Álvaro Giménez,10,0.3117
3585,Antonio Amaya,12,K. Omeruo,1,0.2408
3585,Antonio Amaya,338429,A. Radovanović,2,0.2589
3585,Antonio Amaya,70507,Paulo Oliveira,3,0.3203
3585,Antonio Amaya,4093,Añibarro,4,0.3273
3585,Antonio Amaya,41124,Naldo,5,0.3399
3585,Antonio Amaya,57347,S. Ingason,6,0.3418
3585,Antonio Amaya,256998,E. Bailly,7,0.344
3585,Antonio Amaya,189976,M. Angeleri,8,0.3533
3585,Antonio Amaya,25784,A. Abdennour,9,0.3563
3585,Antonio Amaya,275384,Jorge Meré,10,0.3572
3588,Chechu Dorado,583159,L. Badé,1,0.082
3588,Chechu Dorado,101649,N. Pareja,2,0.1033
3588,Chechu Dorado,3644,Pedro Bigas,3,0.1792
3588,Chechu Dorado,275296,David Costas,4,0.19
3588,Chechu Dorado,844244,N. Mendy,5,0.2055
3588,Chechu Dorado,375335,J. Aidoo,6,0.2132
3588,Chechu Dorado,134502,Aymeric Laporte,7,0.2133
3588,Chechu Dorado,4360,Juanpe,8,0.2257
3588,Chechu Dorado,344198,E. Cömert,9,0.2278
3588,Chechu Dorado,3335,Marc Bartra,10,0.2447
3594,José Alberto Cañas,20547,Javier Garrido,1,0.0632
3594,José Alberto Cañas,525104,Dani Vivian,2,0.1519
3594,José Alberto Cañas,86796,I. Marcone,3,0.2035
3594,José Alberto Cañas,26518,C. Sánchez,4,0.2222
3594,José Alberto Cañas,428131,P. Akouokou,5,0.2536
3594,José Alberto Cañas,230857,Yeray Álvarez,6,0.2696
3594,José Alberto Cañas,473364,Hugo Guillamón,7,0.2824
3594,José Alberto Cañas,262121,D. Vavro,8,0.2939
3594,José Alberto Cañas,935301,Marcos Peña,9,0.3187
3594,José Alberto Cañas,278288,Aritz Elustondo,10,0.3278
3595,Beñat Etxebarria,3269,Jordi Alba,1,0.3604
3595,Beñat Etxebarria,3336,Adriano,2,0.3739
3595,Beñat Etxebarria,599551,E. Camavinga,3,0.3924
3595,Beñat Etxebarria,746346,Hugo Sotelo,4,0.4837
3595,Beñat Etxebarria,346195,Fabián Ruiz,5,0.5174
3595,Beñat Etxebarria,3443,Koke,6,0.5232
3595,Beñat Etxebarria,326523,Dani Ceballos,7,0.5247
3595,Beñat Etxebarria,33219,E. Culio,8,0.5317
3595,Beñat Etxebarria,112459,H. Herrera,9,0.5763
3595,Beñat Etxebarria,7069,Javi Lara,10,0.5822
3598,Álex Martínez,21793,C. Piccini,1,0.0495
3598,Álex Martínez,167145,Héctor Bellerín,2,0.0766
3598,Álex Martínez,367391,Toni Moya,3,0.1485
3598,Álex Martínez,655335,Yusi,4,0.1592
3598,Álex Martínez,279560,Andoni Gorosabel,5,0.1661
3598,Álex Martínez,3447,Juanfran,6,0.1894
3598,Álex Martínez,501165,Lucas Pires,7,0.1929
3598,Álex Martínez,473327,Juan Miranda,8,0.2084
3598,Álex Martínez,89712,F. Gutiérrez,9,0.2138
3598,Álex Martínez,41339,Alex Telles,10,0.2204
3602,Salva Sevilla,20475,A. Vidal,1,0.1733
3602,Salva Sevilla,364005,F. Valverde,2,0.2408
3602,Salva Sevilla,4911,Jozabed,3,0.3059
3602,Salva Sevilla,5286,A. Moreno,4,0.4297
3602,Salva Sevilla,3812,Joan Verdú,5,0.4449
3602,Salva Sevilla,40800,Ganso,6,0.4824
3602,Salva Sevilla,3542,Manu Trigueros,7,0.4987
3602,Salva Sevilla,37762,William Carvalho,8,0.5067
3602,Salva Sevilla,3476,I. Rakitić,9,0.5347
3602,Salva Sevilla,559647,Kirian Rodríguez,10,0.5365
3603,Álvaro Vadillo,127719,A. Katai,1,0.1641
3603,Álvaro Vadillo,230955,Stoichkov,2,0.2184
3603,Álvaro Vadillo,602620,T. Buchanan,3,0.2224
3603,Álvaro Vadillo,346551,I. Hagi,4,0.2452
3603,Álvaro Vadillo,518746,Lee Kang-In,5,0.2584
3603,Álvaro Vadillo,511155,R. Vargas,6,0.2614
3603,Álvaro Vadillo,412897,Dani Raba,7,0.2869
3603,Álvaro Vadillo,561186,Yéremy Pino,8,0.2912
3603,Álvaro Vadillo,4014,Pedro León,9,0.299
3603,Álvaro Vadillo,26384,G. Kakuta,10,0.3102
3604,Rubén Castro,258264,L. Jović,1,0.3728
3604,Rubén Castro,40770,Willian José,2,0.5354
3604,Rubén Castro,7941,Chicharito,3,0.6082
3604,Rubén Castro,25867,P. Aubameyang,4,0.6338
3604,Rubén Castro,5297,I. Uche,5,0.635
3604,Rubén Castro,7972,L. Suárez,6,0.6889
3604,Rubén Castro,25795,W. Ben Yedder,7,0.6904
3604,Rubén Castro,112596,J. Martínez,8,0.6948
3604,Rubén Castro,14943,M. Mandžukić,9,0.7035
3604,Rubén Castro,25577,L. Rémy,10,0.7099
3605,Jorge Molina,4338,Diego Costa,1,0.0616
3605,Jorge Molina,135927,André Silva,2,0.1175
3605,Jorge Molina,69610,D. Čop,3,0.2155
3605,Jorge Molina,515713,B. Dia,4,0.221
3605,Jorge Molina,344120,Borja Mayoral,5,0.267
3605,Jorge Molina,3294,Roberto Soldado,6,0.268
3605,Jorge Molina,86800,D. Benedetto,7,0.2855
3605,Jorge Molina,25445,K. Gameiro,8,0.299
3605,Jorge Molina,405979,Abel Ruiz,9,0.3114
3605,Jorge Molina,536640,Sergio Camello,10,0.3124
3608,R. Santa Cruz,4102,Mikel Arruabarrena,1,0.367
3608,R. Santa Cruz,5297,I. Uche,2,0.3782
3608,R. Santa Cruz,3655,Víctor Casadesús,3,0.467
3608,R. Santa Cruz,25577,L. Rémy,4,0.4966
3608,R. Santa Cruz,40770,Willian José,5,0.5123
3608,R. Santa Cruz,3548,G. Rossi,6,0.5132
3608,R. Santa Cruz,20402,K. Boateng,7,0.5201
3608,R. Santa Cruz,258264,L. Jović,8,0.5683
3608,R. Santa Cruz,14943,M. Mandžukić,9,0.6053
3608,R. Santa Cruz,112596,J. Martínez,10,0.6165
3629,Viguera,595598,Peque Fernández,1,0.1809
3629,Viguera,91268,F. Hinestroza,2,0.1843
3629,Viguera,116283,D. Rolán,3,0.1931
3629,Viguera,4880,Rober Ibáñez,4,0.208
3629,Viguera,88642,E. Ávila,5,0.2506
3629,Viguera,507495,Dani Escriche,6,0.2851
3629,Viguera,339857,José Arnáiz,7,0.2861
3629,Viguera,652912,W. Swedberg,8,0.2925
3629,Viguera,4683,A. Szymanowski,9,0.3109
3629,Viguera,3287,Portu,10,0.3443
3642,Iván Ramis,41363,Gabriel Paulista,1,0.1427
3642,Iván Ramis,3276,A. Rami,2,0.1667
3642,Iván Ramis,831472,Jon Martín,3,0.1687
3642,Iván Ramis,20433,S. Kjær,4,0.1766
3642,Iván Ramis,288112,C. Starfelt,5,0.1908
3642,Iván Ramis,688446,Chadi Riad,6,0.1999
3642,Iván Ramis,227894,J. Giménez,7,0.2062
3642,Iván Ramis,25831,C. Medjani,8,0.225
3642,Iván Ramis,125250,Ó. Duarte,9,0.2333
3642,Iván Ramis,4065,J. Murillo,10,0.2353
3644,Pedro Bigas,3671,Íñigo Martínez,1,0.1074
3644,Pedro Bigas,134502,Aymeric Laporte,2,0.1404
3644,Pedro Bigas,844244,N. Mendy,3,0.1583
3644,Pedro Bigas,3335,Marc Bartra,4,0.1584
3644,Pedro Bigas,3588,Chechu Dorado,5,0.1792
3644,Pedro Bigas,583159,L. Badé,6,0.1858
3644,Pedro Bigas,344198,E. Cömert,7,0.1966
3644,Pedro Bigas,375335,J. Aidoo,8,0.2047
3644,Pedro Bigas,101649,N. Pareja,9,0.2168
3644,Pedro Bigas,25537,G. Krychowiak,10,0.2188
3645,Chory Castro,624615,Carlos Álvarez,1,0.0939
3645,Chory Castro,3987,Ó. Trejo,2,0.1732
3645,Chory Castro,495674,Samuel Lino,3,0.1853
3645,Chory Castro,3420,Markel Susaeta,4,0.2123
3645,Chory Castro,112556,J. Aquino,5,0.2303
3645,Chory Castro,4034,Fidel,6,0.2368
3645,Chory Castro,544862,Germán Valera,7,0.2385
3645,Chory Castro,240445,Andreas Pereira,8,0.2845
3645,Chory Castro,230897,F. Cartabia,9,0.2887
3645,Chory Castro,708179,Y. Asprilla,10,0.3292
3650,Tomás Pina,435472,U. Račić,1,0.1954
3650,Tomás Pina,3704,Pape Diop,2,0.2107
3650,Tomás Pina,3505,R. Loé,3,0.2164
3650,Tomás Pina,471583,I. Baba,4,0.217
3650,Tomás Pina,373713,Christian Rivera,5,0.2253
3650,Tomás Pina,127598,G. Čaušić,6,0.2515
3650,Tomás Pina,4248,Alberto Martín,7,0.2515
3650,Tomás Pina,344049,Oriol Rey,8,0.2702
3650,Tomás Pina,128742,N. Vukčević,9,0.2817
3650,Tomás Pina,25405,M. Gonalons,10,0.2902
3651,Abdón Prats,279571,Jon Bautista,1,0.1353
3651,Abdón Prats,364845,Rafa Mir,2,0.1629
3651,Abdón Prats,238564,S. Weissman,3,0.1885
3651,Abdón Prats,545811,Hugo Duro,4,0.1892
3651,Abdón Prats,26167,C. Beauvue,5,0.2007
3651,Abdón Prats,105376,N. Kalinić,6,0.2075
3651,Abdón Prats,251447,V. Muriqi,7,0.2312
3651,Abdón Prats,611298,Raul García,8,0.2775
3651,Abdón Prats,20733,F. Piovaccari,9,0.2921
3651,Abdón Prats,288865,O. McBurnie,10,0.3078
3653,F. Tissone,86623,A. Fernández,1,0.2479
3653,F. Tissone,352787,Pepelu,2,0.2563
3653,F. Tissone,712871,Jon Gorrotxategi,3,0.2967
3653,F. Tissone,20722,F. Rossi,4,0.2989
3653,F. Tissone,642237,Gerard Martín,5,0.3035
3653,F. Tissone,341752,Marc Roca,6,0.312
3653,F. Tissone,167118,Erik Morán,7,0.3281
3653,F. Tissone,25553,César Azpilicueta,8,0.331
3653,F. Tissone,40756,Casemiro,9,0.3431
3653,F. Tissone,5907,Sergi Samper,10,0.3629
3655,Víctor Casadesús,3608,R. Santa Cruz,1,0.467
3655,Víctor Casadesús,547492,Reinier,2,0.4698
3655,Víctor Casadesús,5400,Gerard Moreno,3,0.4792
3655,Víctor Casadesús,20402,K. Boateng,4,0.5015
3655,Víctor Casadesús,146302,Luciano,5,0.502
3655,Víctor Casadesús,3548,G. Rossi,6,0.5501
3655,Víctor Casadesús,4102,Mikel Arruabarrena,7,0.5503
3655,Víctor Casadesús,4440,Borja Valle,8,0.5672
3655,Víctor Casadesús,5297,I. Uche,9,0.5699
3655,Víctor Casadesús,38093,M. Batshuayi,10,0.5897
3656,Álvaro Giménez,3577,S. Rondón,1,0.3117
3656,Álvaro Giménez,105616,B. Ideye,2,0.3131
3656,Álvaro Giménez,38436,C. Santos,3,0.3772
3656,Álvaro Giménez,284322,E. Ponce,4,0.3836
3656,Álvaro Giménez,237018,Deyverson,5,0.386
3656,Álvaro Giménez,70159,R. van Wolfswinkel,6,0.4232
3656,Álvaro Giménez,26167,C. Beauvue,7,0.4262
3656,Álvaro Giménez,171643,R. Yaremchuk,8,0.4396
3656,Álvaro Giménez,288865,O. McBurnie,9,0.4427
3656,Álvaro Giménez,486425,Fer Niño,10,0.4521
3657,T. Hemed,385273,Charles,1,0.1015
3657,T. Hemed,267,L. de Jong,2,0.2414
3657,T. Hemed,3875,Borja Bastón,3,0.2681
3657,T. Hemed,3424,Fernando Llorente,4,0.2704
3657,T. Hemed,92893,Toché,5,0.2725
3657,T. Hemed,21174,E. Cavani,6,0.3561
3657,T. Hemed,225946,A. Sanabria,7,0.4074
3657,T. Hemed,3450,R. Falcao,8,0.4234
3657,T. Hemed,3483,Álvaro Negredo,9,0.4275
3657,T. Hemed,6292,K. Kodro,10,0.4399
3665,Ansotegi,4180,David Lombán,1,0.189
3665,Ansotegi,3922,David Navarro,2,0.2217
3665,Ansotegi,193984,Germán Sánchez,3,0.253
3665,Ansotegi,70767,A. Santos,4,0.2813
3665,Ansotegi,208694,Rodrigo Ely,5,0.3156
3665,Ansotegi,3433,D. Godín,6,0.3242
3665,Ansotegi,86298,E. Saveljich,7,0.3265
3665,Ansotegi,344444,D. Hadžikadunić,8,0.329
3665,Ansotegi,70956,Rúben Semedo,9,0.3555
3665,Ansotegi,5280,Mainz,10,0.3599
3667,Alberto De La Bella,3827,Hugo Mallo,1,0.0839
3667,Alberto De La Bella,3534,Jaume Costa,2,0.175
3667,Alberto De La Bella,116299,L. Olaza,3,0.2359
3667,Alberto De La Bella,590721,M. Ruggeri,4,0.2455
3667,Alberto De La Bella,481322,A. Candela,5,0.2471
3667,Alberto De La Bella,14852,Sergio Escudero,6,0.26
3667,Alberto De La Bella,4452,Yuri Berchiche,7,0.262
3667,Alberto De La Bella,473371,Antonio Blanco,8,0.2629
3667,Alberto De La Bella,339801,Álvaro Lemos,9,0.2789
3667,Alberto De La Bella,551304,Álex Petxa,10,0.2957
3670,Mikel González,26195,M. Saunier,1,0.1469
3670,Mikel González,20672,J.Crespo Rincón,2,0.1712
3670,Mikel González,93003,D. Siovas,3,0.2065
3670,Mikel González,12,K. Omeruo,4,0.212
3670,Mikel González,223681,A. Sedlar,5,0.2285
3670,Mikel González,338429,A. Radovanović,6,0.2327
3670,Mikel González,364772,C. Awaziem,7,0.2328
3670,Mikel González,70507,Paulo Oliveira,8,0.238
3670,Mikel González,410055,Róber Pier,9,0.2403
3670,Mikel González,275384,Jorge Meré,10,0.2416
3671,Íñigo Martínez,3644,Pedro Bigas,1,0.1074
3671,Íñigo Martínez,3335,Marc Bartra,2,0.1373
3671,Íñigo Martínez,134502,Aymeric Laporte,3,0.1427
3671,Íñigo Martínez,395114,Igor Zubeldía,4,0.1718
3671,Íñigo Martínez,814546,Carlos Domínguez,5,0.2083
3671,Íñigo Martínez,3828,Raúl Navas,6,0.229
3671,Íñigo Martínez,4303,David López,7,0.2317
3671,Íñigo Martínez,620193,C. Riedel,8,0.234
3671,Íñigo Martínez,844244,N. Mendy,9,0.2362
3671,Íñigo Martínez,25537,G. Krychowiak,10,0.2471
3672,Carlos Martínez,740187,S. Bajčetić,1,0.2027
3672,Carlos Martínez,3464,Antonio Luna,2,0.2586
3672,Carlos Martínez,3339,Martín Montoya,3,0.2593
3672,Carlos Martínez,254,R. Rosales,4,0.2996
3672,Carlos Martínez,604122,Jon Aramburu,5,0.3066
3672,Carlos Martínez,3797,Víctor Sánchez,6,0.3178
3672,Carlos Martínez,7624,Rober Correa,7,0.3228
3672,Carlos Martínez,3557,Jesús Gámez,8,0.3294
3672,Carlos Martínez,7612,Jorge Miramón,9,0.3558
3672,Carlos Martínez,552245,Imanol García de Albéniz,10,0.3632
3674,Markel Bergara,32793,A. N'Diaye,1,0.2001
3674,Markel Bergara,28232,I. Amadou,2,0.2334
3674,Markel Bergara,3933,Xavi Torres,3,0.2421
3674,Markel Bergara,691939,T. Nikitscher,4,0.287
3674,Markel Bergara,487752,Miguel Atienza,5,0.2882
3674,Markel Bergara,20685,R. Krhin,6,0.3372
3674,Markel Bergara,5112,Lucas Torró,7,0.3681
3674,Markel Bergara,25568,S. M'Bia,8,0.3779
3674,Markel Bergara,208945,César de la Hoz,9,0.4272
3674,Markel Bergara,128742,N. Vukčević,10,0.4331
3675,Gorka Elustondo,4332,Javi Fuego,1,0.0859
3675,Gorka Elustondo,26518,C. Sánchez,2,0.189
3675,Gorka Elustondo,453270,M. Hongla,3,0.2118
3675,Gorka Elustondo,4509,Omar Mascarell,4,0.2131
3675,Gorka Elustondo,593173,Aiham Ousou,5,0.221
3675,Gorka Elustondo,720559,Kike Salas,6,0.247
3675,Gorka Elustondo,935301,Marcos Peña,7,0.275
3675,Gorka Elustondo,278288,Aritz Elustondo,8,0.2902
3675,Gorka Elustondo,86183,F. Roncaglia,9,0.2903
3675,Gorka Elustondo,563961,José Fontán,10,0.2959
3676,Asier Illarramendi,86623,A. Fernández,1,0.3102
3676,Asier Illarramendi,642237,Gerard Martín,2,0.3482
3676,Asier Illarramendi,3301,Arbeloa,3,0.3519
3676,Asier Illarramendi,3441,Gabi,4,0.3696
3676,Asier Illarramendi,3413,Ander Herrera,5,0.4246
3676,Asier Illarramendi,112459,H. Herrera,6,0.4519
3676,Asier Illarramendi,3653,F. Tissone,7,0.4996
3676,Asier Illarramendi,70083,Danilo,8,0.5026
3676,Asier Illarramendi,25701,L. Digne,9,0.5223
3676,Asier Illarramendi,285590,S. Amrabat,10,0.5429
3677,Rubén Pardo,3542,Manu Trigueros,1,0.2201
3677,Rubén Pardo,282448,Aleix García,2,0.2618
3677,Rubén Pardo,167641,S. Lobotka,3,0.2739
3677,Rubén Pardo,247207,Joan Jordán,4,0.305
3677,Rubén Pardo,746346,Hugo Sotelo,5,0.3662
3677,Rubén Pardo,276979,F. Mendy,6,0.3852
3677,Rubén Pardo,808262,M. Perrone,7,0.4102
3677,Rubén Pardo,475041,A. Sambi Lokonga,8,0.4551
3677,Rubén Pardo,3384,A. Guardado,9,0.4844
3677,Rubén Pardo,346195,Fabián Ruiz,10,0.4916
3678,Xabi Prieto,4911,Jozabed,1,0.5578
3678,Xabi Prieto,3682,A. Griezmann,2,0.6222
3678,Xabi Prieto,3602,Salva Sevilla,3,0.7286
3678,Xabi Prieto,422520,Iván Martín,4,0.741
3678,Xabi Prieto,3812,Joan Verdú,5,0.7445
3678,Xabi Prieto,25942,G. Imbula,6,0.7475
3678,Xabi Prieto,247222,Álvaro Medrán,7,0.7606
3678,Xabi Prieto,578270,T. Almada,8,0.7711
3678,Xabi Prieto,15101,P. Ebert,9,0.8049
3678,Xabi Prieto,4278,Borja García,10,0.8151
3680,David Zurutuza,460552,P. Gueye,1,0.0932
3680,David Zurutuza,3568,Recio,2,0.1294
3680,David Zurutuza,3808,Javi Márquez,3,0.177
3680,David Zurutuza,339789,Mikel Merino,4,0.1865
3680,David Zurutuza,3977,Nacho Cases,5,0.1942
3680,David Zurutuza,274344,B. Santamaria,6,0.2032
3680,David Zurutuza,357806,D. Hancko,7,0.2122
3680,David Zurutuza,4902,Ángel Montoro,8,0.2224
3680,David Zurutuza,269060,P. Hernández,9,0.2235
3680,David Zurutuza,643875,J. Solís,10,0.2348
3681,Imanol Agirretxe,3781,Javi Guerra,1,0.2779
3681,Imanol Agirretxe,3819,K. Uche,2,0.3148
3681,Imanol Agirretxe,208972,Carlos Castro,3,0.3806
3681,Imanol Agirretxe,25867,P. Aubameyang,4,0.4272
3681,Imanol Agirretxe,14817,R. Lewandowski,5,0.4459
3681,Imanol Agirretxe,3290,Aritz Aduriz,6,0.4565
3681,Imanol Agirretxe,5167,M. Díaz,7,0.4609
3681,Imanol Agirretxe,3291,Paco Alcácer,8,0.5
3681,Imanol Agirretxe,20884,J. Larrivey,9,0.5201
3681,Imanol Agirretxe,40770,Willian José,10,0.6033
3682,A. Griezmann,8278,G. Bale,1,0.495
3682,A. Griezmann,3779,Alberto Bueno,2,0.5304
3682,A. Griezmann,3840,Iago Aspas,3,0.5647
3682,A. Griezmann,3678,Xabi Prieto,4,0.6222
3682,A. Griezmann,300485,Malcom,5,0.6292
3682,A. Griezmann,471753,João Félix,6,0.6949
3682,A. Griezmann,86307,L. Vietto,7,0.7882
3682,A. Griezmann,584522,Ansu Fati,8,0.8213
3682,A. Griezmann,20402,K. Boateng,9,0.8355
3682,A. Griezmann,360981,Dani Olmo,10,0.8662
3685,C. Vela,547260,Rodrygo,1,0.2019
3685,C. Vela,431540,Francisco Trincão,2,0.2432
3685,C. Vela,776387,Fermín López,3,0.3397
3685,C. Vela,404397,Brahim Diaz,4,0.3943
3685,C. Vela,584522,Ansu Fati,5,0.4657
3685,C. Vela,471753,João Félix,6,0.4933
3685,C. Vela,8278,G. Bale,7,0.5092
3685,C. Vela,3840,Iago Aspas,8,0.5124
3685,C. Vela,527100,M. Greenwood,9,0.5221
3685,C. Vela,3326,Jesé Rodríguez,10,0.525
3691,Domingo Cisma,3441,Gabi,1,0.3452
3691,Domingo Cisma,25701,L. Digne,2,0.4739
3691,Domingo Cisma,290954,K. Tierney,3,0.5946
3691,Domingo Cisma,8945,K. Trippier,4,0.6534
3691,Domingo Cisma,86623,A. Fernández,5,0.655
3691,Domingo Cisma,636122,Alejandro Francés,6,0.6593
3691,Domingo Cisma,3434,Filipe Luís,7,0.6646
3691,Domingo Cisma,26084,L. Carole,8,0.6751
3691,Domingo Cisma,4821,Michel Herrero,9,0.6902
3691,Domingo Cisma,642237,Gerard Martín,10,0.7096
3692,B. Espinosa,40542,Felipe,1,0.1634
3692,B. Espinosa,3922,David Navarro,2,0.1797
3692,B. Espinosa,3433,D. Godín,3,0.1965
3692,B. Espinosa,4580,J. Babin,4,0.226
3692,B. Espinosa,125250,Ó. Duarte,5,0.2293
3692,B. Espinosa,20433,S. Kjær,6,0.2321
3692,B. Espinosa,70956,Rúben Semedo,7,0.2511
3692,B. Espinosa,4180,David Lombán,8,0.2541
3692,B. Espinosa,258625,L. Abram,9,0.2724
3692,B. Espinosa,288112,C. Starfelt,10,0.2968
3695,Álvaro Soberón,344068,Unai Núñez,1,0.0605
3695,Álvaro Soberón,8311,S. Savić,2,0.0619
3695,Álvaro Soberón,4918,Deivid,3,0.1088
3695,Álvaro Soberón,3562,Sergio Sánchez,4,0.1256
3695,Álvaro Soberón,25392,Bakary Koné,5,0.1283
3695,Álvaro Soberón,20612,S. Mustafi,6,0.1805
3695,Álvaro Soberón,911027,Vitor Reis,7,0.182
3695,Álvaro Soberón,295234,Sergio González,8,0.1883
3695,Álvaro Soberón,70140,Daniel Carriço,9,0.1977
3695,Álvaro Soberón,275296,David Costas,10,0.203
3704,Pape Diop,3650,Tomás Pina,1,0.2107
3704,Pape Diop,127598,G. Čaušić,2,0.234
3704,Pape Diop,128742,N. Vukčević,3,0.2651
3704,Pape Diop,134702,L. Dendoncker,4,0.2672
3704,Pape Diop,55990,T. Delaney,5,0.2935
3704,Pape Diop,4248,Alberto Martín,6,0.3129
3704,Pape Diop,28232,I. Amadou,7,0.3221
3704,Pape Diop,598620,Johnny Cardoso,8,0.3227
3704,Pape Diop,3801,Raúl Baena,9,0.3365
3704,Pape Diop,373713,Christian Rivera,10,0.3414
3705,Adrián González,135807,M. Pašalić,1,0.1527
3705,Adrián González,3928,Iborra,2,0.4528
3705,Adrián González,275417,Gonzalo Melero,3,0.5019
3705,Adrián González,282790,D. Sow,4,0.5781
3705,Adrián González,26065,J. Martin,5,0.5869
3705,Adrián González,51004,C. Borges,6,0.6127
3705,Adrián González,285109,F. Kessié,7,0.6252
3705,Adrián González,339794,Raúl Guti,8,0.648
3705,Adrián González,3801,Raúl Baena,9,0.6713
3705,Adrián González,4249,Soriano,10,0.7342
3708,J. Samperio,344936,I. Cardona,1,0.1593
3708,J. Samperio,4127,J. Feliu,2,0.1867
3708,J. Samperio,344153,Tete Morente,3,0.1974
3708,J. Samperio,70235,Héldon,4,0.2216
3708,J. Samperio,444669,N. González,5,0.2482
3708,J. Samperio,545296,Y. Musah,6,0.2812
3708,J. Samperio,364086,T. Conechny,7,0.294
3708,J. Samperio,6456,Dani Rodríguez,8,0.3195
3708,J. Samperio,382622,S. Amallah,9,0.3421
3708,J. Samperio,4592,Paco Montañés,10,0.345
3714,C. Stuani,3780,Manucho Gonçalves,1,0.5609
3714,C. Stuani,338201,E. Boateng,2,0.5729
3714,C. Stuani,86239,G. Carrillo,3,0.6882
3714,C. Stuani,814737,Samu Omorodion,4,0.7626
3714,C. Stuani,69513,A. Budimir,5,0.764
3714,C. Stuani,3450,R. Falcao,6,0.7769
3714,C. Stuani,447821,Y. En-Nesyri,7,0.8091
3714,C. Stuani,267,L. de Jong,8,0.8126
3714,C. Stuani,251447,V. Muriqi,9,0.8239
3714,C. Stuani,364845,Rafa Mir,10,0.843
3735,Juankar,137298,Jonathan Silva,1,0.126
3735,Juankar,41339,Alex Telles,2,0.164
3735,Juankar,367391,Toni Moya,3,0.1857
3735,Juankar,501165,Lucas Pires,4,0.2087
3735,Juankar,744854,Hugo Rincón,5,0.218
3735,Juankar,559200,Ricard Sánchez,6,0.2203
3735,Juankar,5318,Isma López,7,0.2233
3735,Juankar,5284,Siqueira,8,0.2294
3735,Juankar,4997,Antoñito,9,0.2474
3735,Juankar,209012,Kévin Rodrigues,10,0.2507
3738,Lafita,413891,Manu Vallejo,1,0.1464
3738,Lafita,778343,Pablo Durán,2,0.203
3738,Lafita,507495,Dani Escriche,3,0.2122
3738,Lafita,91268,F. Hinestroza,4,0.2912
3738,Lafita,339857,José Arnáiz,5,0.2963
3738,Lafita,7623,Léo Baptistão,6,0.3331
3738,Lafita,254649,T. Asano,7,0.3409
3738,Lafita,88642,E. Ávila,8,0.3428
3738,Lafita,6106,Antonio Puertas,9,0.3565
3738,Lafita,3287,Portu,10,0.3933
3750,Mikel Balenziaga,282438,Aarón Martín,1,0.1259
3750,Mikel Balenziaga,5327,Miguel Cifuentes,2,0.1288
3750,Mikel Balenziaga,352761,Luis Pérez,3,0.1307
3750,Mikel Balenziaga,618690,José Ángel Carmona,4,0.146
3750,Mikel Balenziaga,3798,Dídac Vilá,5,0.1471
3750,Mikel Balenziaga,326535,Toni Lato,6,0.1668
3750,Mikel Balenziaga,557401,Bruno Langa,7,0.1671
3750,Mikel Balenziaga,6281,Joseba Zaldúa,8,0.184
3750,Mikel Balenziaga,5318,Isma López,9,0.1987
3750,Mikel Balenziaga,25452,S. Corchia,10,0.2372
3779,Alberto Bueno,20402,K. Boateng,1,0.4369
3779,Alberto Bueno,5297,I. Uche,2,0.5055
3779,Alberto Bueno,3682,A. Griezmann,3,0.5304
3779,Alberto Bueno,3548,G. Rossi,4,0.6711
3779,Alberto Bueno,3608,R. Santa Cruz,5,0.6733
3779,Alberto Bueno,5400,Gerard Moreno,6,0.6971
3779,Alberto Bueno,3655,Víctor Casadesús,7,0.7089
3779,Alberto Bueno,86307,L. Vietto,8,0.724
3779,Alberto Bueno,8278,G. Bale,9,0.7853
3779,Alberto Bueno,70129,Rodrigo,10,0.8065
3780,Manucho Gonçalves,86239,G. Carrillo,1,0.3732
3780,Manucho Gonçalves,92893,Toché,2,0.4586
3780,Manucho Gonçalves,267,L. de Jong,3,0.468
3780,Manucho Gonçalves,3450,R. Falcao,4,0.556
3780,Manucho Gonçalves,3714,C. Stuani,5,0.5609
3780,Manucho Gonçalves,225946,A. Sanabria,6,0.6001
3780,Manucho Gonçalves,3875,Borja Bastón,7,0.6017
3780,Manucho Gonçalves,338201,E. Boateng,8,0.6182
3780,Manucho Gonçalves,38436,C. Santos,9,0.6277
3780,Manucho Gonçalves,3657,T. Hemed,10,0.6377
3781,Javi Guerra,14817,R. Lewandowski,1,0.1729
3781,Javi Guerra,25867,P. Aubameyang,2,0.1985
3781,Javi Guerra,208972,Carlos Castro,3,0.2182
3781,Javi Guerra,3681,Imanol Agirretxe,4,0.2779
3781,Javi Guerra,3291,Paco Alcácer,5,0.3416
3781,Javi Guerra,5167,M. Díaz,6,0.358
3781,Javi Guerra,14943,M. Mandžukić,7,0.4053
3781,Javi Guerra,40770,Willian José,8,0.4554
3781,Javi Guerra,3819,K. Uche,9,0.5542
3781,Javi Guerra,112596,J. Martínez,10,0.5579
3787,Víctor Álvarez,574784,Antonio Sánchez,1,0.3024
3787,Víctor Álvarez,5281,A. Nyom,2,0.3045
3787,Víctor Álvarez,778363,Adama Boiro,3,0.33
3787,Víctor Álvarez,3281,Juan Bernat,4,0.3775
3787,Víctor Álvarez,404328,Enric Franquesa,5,0.3925
3787,Víctor Álvarez,559200,Ricard Sánchez,6,0.406
3787,Víctor Álvarez,25638,D. Foulquier,7,0.4068
3787,Víctor Álvarez,342785,Jairo Izquierdo,8,0.4399
3787,Víctor Álvarez,744854,Hugo Rincón,9,0.4678
3787,Víctor Álvarez,3972,Álex Menéndez,10,0.4713
3788,J. Amat,557066,K. Piątkowski,1,0.0993
3788,J. Amat,473366,Víctor Chust,2,0.1183
3788,J. Amat,622390,C. Özkacar,3,0.1422
3788,J. Amat,5472,Luis Hernández,4,0.1524
3788,J. Amat,3970,Alejandro Gálvez,5,0.1771
3788,J. Amat,720559,Kike Salas,6,0.1939
3788,J. Amat,450769,Fernando Calero,7,0.2073
3788,J. Amat,4325,Jorge Pulido,8,0.2257
3788,J. Amat,86325,R. Funes Mori,9,0.2342
3788,J. Amat,652014,César Tárrega,10,0.2357
3790,Carlos Clerc,344014,L. Agbenyenu,1,0.0844
3790,Carlos Clerc,396513,Alex Pozo,2,0.1084
3790,Carlos Clerc,423157,Thierry Correia,3,0.1537
3790,Carlos Clerc,550927,Sergi Cardona,4,0.1786
3790,Carlos Clerc,230862,Íñigo Lekue,5,0.1859
3790,Carlos Clerc,3974,D. Suárez,6,0.1881
3790,Carlos Clerc,3919,Iván López,7,0.1936
3790,Carlos Clerc,344104,Álvaro Tejero,8,0.202
3790,Carlos Clerc,7612,Jorge Miramón,9,0.2316
3790,Carlos Clerc,4094,Ander Capa,10,0.2413
3791,Z. Feddal,3300,Raúl Albiol,1,0.1466
3791,Z. Feddal,3916,G. Cabral,2,0.1645
3791,Z. Feddal,3277,Víctor Ruíz,3,0.2049
3791,Z. Feddal,3828,Raúl Navas,4,0.2125
3791,Z. Feddal,567016,Jon Pacheco,5,0.2367
3791,Z. Feddal,20393,D. Bonera,6,0.2519
3791,Z. Feddal,485083,David Carmo,7,0.2555
3791,Z. Feddal,134502,Aymeric Laporte,8,0.2859
3791,Z. Feddal,112545,N. Araújo,9,0.2873
3791,Z. Feddal,225996,Diego Llorente,10,0.298
3795,H. Moreno,230626,D. Ćaleta-Car,1,0.1524
3795,H. Moreno,403448,Éder Militão,2,0.1563
3795,H. Moreno,292991,M. Lemos,3,0.1753
3795,H. Moreno,3305,Pepe,4,0.1757
3795,H. Moreno,544844,Logan Costa,5,0.2091
3795,H. Moreno,364003,S. Bueno,6,0.2959
3795,H. Moreno,567016,Jon Pacheco,7,0.3085
3795,H. Moreno,281069,Robin Le Normand,8,0.3107
3795,H. Moreno,4355,David García,9,0.3156
3795,H. Moreno,225996,Diego Llorente,10,0.319
3797,Víctor Sánchez,473327,Juan Miranda,1,0.1956
3797,Víctor Sánchez,3827,Hugo Mallo,2,0.2399
3797,Víctor Sánchez,7624,Rober Correa,3,0.2584
3797,Víctor Sánchez,740187,S. Bajčetić,4,0.268
3797,Víctor Sánchez,481322,A. Candela,5,0.2698
3797,Víctor Sánchez,3464,Antonio Luna,6,0.2806
3797,Víctor Sánchez,5901,Edu Campabadal,7,0.2834
3797,Víctor Sánchez,525130,Álex Centelles,8,0.3091
3797,Víctor Sánchez,3920,Pedro López,9,0.3112
3797,Víctor Sánchez,3339,Martín Montoya,10,0.3121
3798,Dídac Vilá,6281,Joseba Zaldúa,1,0.1338
3798,Dídac Vilá,557401,Bruno Langa,2,0.1354
3798,Dídac Vilá,282438,Aarón Martín,3,0.1378
3798,Dídac Vilá,326535,Toni Lato,4,0.1471
3798,Dídac Vilá,3750,Mikel Balenziaga,5,0.1471
3798,Dídac Vilá,531592,Aihen Muñoz,6,0.1664
3798,Dídac Vilá,352761,Luis Pérez,7,0.2021
3798,Dídac Vilá,618690,José Ángel Carmona,8,0.2179
3798,Dídac Vilá,5318,Isma López,9,0.2213
3798,Dídac Vilá,3557,Jesús Gámez,10,0.228
3801,Raúl Baena,25568,S. M'Bia,1,0.2146
3801,Raúl Baena,212074,O. Mfulu,2,0.2305
3801,Raúl Baena,487752,Miguel Atienza,3,0.239
3801,Raúl Baena,28232,I. Amadou,4,0.2589
3801,Raúl Baena,134702,L. Dendoncker,5,0.272
3801,Raúl Baena,32793,A. N'Diaye,6,0.2852
3801,Raúl Baena,3704,Pape Diop,7,0.3365
3801,Raúl Baena,3933,Xavi Torres,8,0.3469
3801,Raúl Baena,55990,T. Delaney,9,0.3789
3801,Raúl Baena,128742,N. Vukčević,10,0.4205
3802,Philippe Coutinho,3360,Pedro,1,0.3029
3802,Philippe Coutinho,4379,Jonathan Viera,2,0.5893
3802,Philippe Coutinho,8320,S. Nasri,3,0.7531
3802,Philippe Coutinho,617894,J. Bellingham,4,0.7779
3802,Philippe Coutinho,3563,Isco,5,0.7797
3802,Philippe Coutinho,532467,Riqui Puig,6,0.8459
3802,Philippe Coutinho,360981,Dani Olmo,7,0.8892
3802,Philippe Coutinho,14808,İ. Gündoğan,8,0.8982
3802,Philippe Coutinho,70096,J. Rodríguez,9,0.9657
3802,Philippe Coutinho,25707,E. Hazard,10,0.9726
3803,Sergi Darder,240680,Aleix Febas,1,0.1251
3803,Sergi Darder,3537,Cani,2,0.1634
3803,Sergi Darder,3536,Moi Gómez,3,0.1776
3803,Sergi Darder,4007,Diego Castro,4,0.2371
3803,Sergi Darder,25888,F. Fajr,5,0.2508
3803,Sergi Darder,624498,Martim Neto,6,0.2643
3803,Sergi Darder,3349,J. dos Santos,7,0.2709
3803,Sergi Darder,582472,L. Sučić,8,0.2831
3803,Sergi Darder,647161,Gavi,9,0.297
3803,Sergi Darder,134170,José Rodríguez,10,0.2979
3804,Álvaro Vázquez,25472,C. Bakambu,1,0.0858
3804,Álvaro Vázquez,5481,Miguel Guerrero,2,0.1615
3804,Álvaro Vázquez,275338,Borja Iglesias,3,0.1767
3804,Álvaro Vázquez,101795,L. Traoré,4,0.2092
3804,Álvaro Vázquez,55968,M. Braithwaite,5,0.2113
3804,Álvaro Vázquez,91519,J. Córdoba,6,0.2311
3804,Álvaro Vázquez,20728,Jonathas,7,0.2443
3804,Álvaro Vázquez,4048,Sergi Enrich,8,0.2507
3804,Álvaro Vázquez,135927,André Silva,9,0.2511
3804,Álvaro Vázquez,3324,Álvaro Morata,10,0.262
3806,Javi López,70164,Miguel Lopes,1,0.0304
3806,Javi López,242697,Kevin Vázquez,2,0.0547
3806,Javi López,653322,Diego Moreno,3,0.2078
3806,Javi López,696658,O. El Hilali,4,0.2636
3806,Javi López,225022,Rubén Duarte,5,0.2968
3806,Javi López,69409,Š. Vrsaljko,6,0.3031
3806,Javi López,3557,Jesús Gámez,7,0.3272
3806,Javi López,3798,Dídac Vilá,8,0.3283
3806,Javi López,393214,V. Rosier,9,0.3428
3806,Javi López,6281,Joseba Zaldúa,10,0.3527
3808,Javi Márquez,339789,Mikel Merino,1,0.0948
3808,Javi Márquez,460552,P. Gueye,2,0.1342
3808,Javi Márquez,279526,W. Kaptoum,3,0.1395
3808,Javi Márquez,3419,Iñigo Pérez,4,0.1424
3808,Javi Márquez,3568,Recio,5,0.1622
3808,Javi Márquez,3680,David Zurutuza,6,0.177
3808,Javi Márquez,5290,Mikel Rico,7,0.1775
3808,Javi Márquez,339812,Pape Cheickh,8,0.2067
3808,Javi Márquez,387840,Santi Comesaña,9,0.2293
3808,Javi Márquez,643875,J. Solís,10,0.2351
3812,Joan Verdú,364005,F. Valverde,1,0.2781
3812,Joan Verdú,40800,Ganso,2,0.2908
3812,Joan Verdú,3344,Rafinha,3,0.438
3812,Joan Verdú,3347,Sergi Roberto,4,0.4425
3812,Joan Verdú,3602,Salva Sevilla,5,0.4449
3812,Joan Verdú,8317,David Silva,6,0.4566
3812,Joan Verdú,56025,M. Krohn-Dehli,7,0.4708
3812,Joan Verdú,578270,T. Almada,8,0.4847
3812,Joan Verdú,4362,Momo,9,0.5124
3812,Joan Verdú,3542,Manu Trigueros,10,0.5403
3814,T. Bifouma,404757,J. Kluivert,1,0.1925
3814,T. Bifouma,1720,S. Becker,2,0.2419
3814,T. Bifouma,291528,D. Lukébakio,3,0.3281
3814,T. Bifouma,254408,Á. Correa,4,0.4007
3814,T. Bifouma,230883,Ayoze Pérez,5,0.4293
3814,T. Bifouma,397060,A. Danjuma,6,0.4437
3814,T. Bifouma,225089,José Luis Morales,7,0.4448
3814,T. Bifouma,247141,Iñaki Williams,8,0.4603
3814,T. Bifouma,483256,Alfon González,9,0.4888
3814,T. Bifouma,652912,W. Swedberg,10,0.5329
3816,Sergio García,550459,J. Álvarez,1,0.2543
3816,Sergio García,134513,A. Martial,2,0.2808
3816,Sergio García,207001,J. Correa,3,0.2837
3816,Sergio García,8297,G. dos Santos,4,0.355
3816,Sergio García,3484,Luis Alberto,5,0.3715
3816,Sergio García,291528,D. Lukébakio,6,0.378
3816,Sergio García,7926,Nani,7,0.3886
3816,Sergio García,545942,Oihan Sancet,8,0.3963
3816,Sergio García,397060,A. Danjuma,9,0.4446
3816,Sergio García,397303,Ferrán Torres,10,0.455
3819,K. Uche,20884,J. Larrivey,1,0.2925
3819,K. Uche,3681,Imanol Agirretxe,2,0.3148
3819,K. Uche,3781,Javi Guerra,3,0.5542
3819,K. Uche,208972,Carlos Castro,4,0.6612
3819,K. Uche,25867,P. Aubameyang,5,0.6672
3819,K. Uche,258264,L. Jović,6,0.6686
3819,K. Uche,3290,Aritz Aduriz,7,0.6826
3819,K. Uche,40770,Willian José,8,0.6952
3819,K. Uche,3291,Paco Alcácer,9,0.7098
3819,K. Uche,14817,R. Lewandowski,10,0.7242
3826,Roberto Lago,3529,Mario Gaspar,1,0.1404
3826,Roberto Lago,488961,Samú Costa,2,0.1876
3826,Roberto Lago,294415,Reinildo,3,0.204
3826,Roberto Lago,334175,Óscar Valentín,4,0.2119
3826,Roberto Lago,663974,Á. Algobia,5,0.2916
3826,Roberto Lago,405976,Pol Lozano,6,0.3002
3826,Roberto Lago,116170,S. Cristóforo,7,0.3077
3826,Roberto Lago,4371,Dani Castellano,8,0.3196
3826,Roberto Lago,288108,Josema,9,0.3302
3826,Roberto Lago,3975,Sergio Álvarez,10,0.3303
3827,Hugo Mallo,3667,Alberto De La Bella,1,0.0839
3827,Hugo Mallo,3534,Jaume Costa,2,0.2059
3827,Hugo Mallo,3797,Víctor Sánchez,3,0.2399
3827,Hugo Mallo,481322,A. Candela,4,0.2487
3827,Hugo Mallo,473371,Antonio Blanco,5,0.267
3827,Hugo Mallo,590721,M. Ruggeri,6,0.2795
3827,Hugo Mallo,473327,Juan Miranda,7,0.2807
3827,Hugo Mallo,14852,Sergio Escudero,8,0.2856
3827,Hugo Mallo,116299,L. Olaza,9,0.3138
3827,Hugo Mallo,4371,Dani Castellano,10,0.3199
3828,Raúl Navas,485083,David Carmo,1,0.0956
3828,Raúl Navas,567016,Jon Pacheco,2,0.1023
3828,Raúl Navas,225996,Diego Llorente,3,0.149
3828,Raúl Navas,134502,Aymeric Laporte,4,0.1511
3828,Raúl Navas,3300,Raúl Albiol,5,0.1615
3828,Raúl Navas,4303,David López,6,0.1697
3828,Raúl Navas,814546,Carlos Domínguez,7,0.1727
3828,Raúl Navas,3791,Z. Feddal,8,0.2125
3828,Raúl Navas,446859,Peru Nolaskoain,9,0.2154
3828,Raúl Navas,3335,Marc Bartra,10,0.2172
3829,Oier Sanjurjo,15214,A. Rukavina,1,0.1468
3829,Oier Sanjurjo,399652,Florentino,2,0.1497
3829,Oier Sanjurjo,6528,Javi Moyano,3,0.1533
3829,Oier Sanjurjo,190172,Juan Cruz,4,0.1634
3829,Oier Sanjurjo,427886,C. Protesoni,5,0.1667
3829,Oier Sanjurjo,441230,T. Alarcón,6,0.2061
3829,Oier Sanjurjo,240609,Á. Muñoz,7,0.254
3829,Oier Sanjurjo,612174,Víctor Parada,8,0.2613
3829,Oier Sanjurjo,20936,J. Vargas,9,0.2863
3829,Oier Sanjurjo,4086,Eneko Bóveda,10,0.3026
3835,Álex López,3567,Santi Cazorla,1,0.2963
3835,Álex López,3347,Sergi Roberto,2,0.3089
3835,Álex López,69404,M. Kovačić,3,0.3129
3835,Álex López,3443,Koke,4,0.4081
3835,Álex López,346195,Fabián Ruiz,5,0.418
3835,Álex López,56025,M. Krohn-Dehli,6,0.4372
3835,Álex López,326523,Dani Ceballos,7,0.5085
3835,Álex López,3286,Dani Parejo,8,0.5121
3835,Álex López,3269,Jordi Alba,9,0.5628
3835,Álex López,746346,Hugo Sotelo,10,0.5925
3837,Jota,293862,Nacho Gil,1,0.1291
3837,Jota,4790,Carlos Carmona,2,0.1713
3837,Jota,482369,Javi Martínez,3,0.2419
3837,Jota,225084,Rubén García,4,0.2624
3837,Jota,254188,N. Leiva,5,0.2697
3837,Jota,403246,L. de la Torre,6,0.2757
3837,Jota,4285,Fede Vico,7,0.2869
3837,Jota,353331,K. Jóźwiak,8,0.2895
3837,Jota,3357,Isaac Cuenca,9,0.3137
3837,Jota,559043,Valery Fernández,10,0.3376
3840,Iago Aspas,8278,G. Bale,1,0.1517
3840,Iago Aspas,584522,Ansu Fati,2,0.2586
3840,Iago Aspas,471753,João Félix,3,0.3167
3840,Iago Aspas,300485,Malcom,4,0.4822
3840,Iago Aspas,3685,C. Vela,5,0.5124
3840,Iago Aspas,3682,A. Griezmann,6,0.5647
3840,Iago Aspas,118,M. Depay,7,0.565
3840,Iago Aspas,86307,L. Vietto,8,0.5754
3840,Iago Aspas,547260,Rodrygo,9,0.6285
3840,Iago Aspas,431540,Francisco Trincão,10,0.7077
3843,F. Orellana,241945,P. Sisto,1,0.2341
3843,F. Orellana,343925,D. Verde,2,0.2727
3843,F. Orellana,247671,N. Pépé,3,0.2906
3843,F. Orellana,142755,B. Traoré,4,0.3147
3843,F. Orellana,134769,Y. Carrasco,5,0.3231
3843,F. Orellana,234527,A. Halilović,6,0.3242
3843,F. Orellana,1751,O. Tannane,7,0.358
3843,F. Orellana,112522,J. Corona,8,0.3874
3843,F. Orellana,7926,Nani,9,0.3968
3843,F. Orellana,403260,S. Chukwueze,10,0.3991
3856,Molinero,21842,C. Biraghi,1,0.1366
3856,Molinero,21550,Gabriel Silva,2,0.1418
3856,Molinero,286994,Adrián Marín,3,0.1638
3856,Molinero,225022,Rubén Duarte,4,0.2032
3856,Molinero,7818,Carlos Akapo,5,0.206
3856,Molinero,90774,H. Palacios,6,0.2085
3856,Molinero,481618,N. Tenaglia,7,0.2128
3856,Molinero,3375,Laure,8,0.2463
3856,Molinero,393214,V. Rosier,9,0.2486
3856,Molinero,278007,F. Ricca,10,0.2692
3866,M. Iturra,344049,Oriol Rey,1,0.1465
3866,M. Iturra,5055,José Mari,2,0.1508
3866,M. Iturra,25405,M. Gonalons,3,0.1827
3866,M. Iturra,3505,R. Loé,4,0.2641
3866,M. Iturra,488961,Samú Costa,5,0.2797
3866,M. Iturra,373713,Christian Rivera,6,0.2872
3866,M. Iturra,471583,I. Baba,7,0.2909
3866,M. Iturra,288108,Josema,8,0.2941
3866,M. Iturra,240609,Á. Muñoz,9,0.2962
3866,M. Iturra,3975,Sergio Álvarez,10,0.2976
3874,Kike García,55224,A. Sørloth,1,0.1365
3874,Kike García,7908,Fernando Torres,2,0.1955
3874,Kike García,274435,E. Ünal,3,0.2307
3874,Kike García,20728,Jonathas,4,0.2339
3874,Kike García,574907,E. Touré,5,0.2483
3874,Kike García,6914,Álex Alegría,6,0.2544
3874,Kike García,5268,Sergio León,7,0.2657
3874,Kike García,282449,Asier Villalibre,8,0.2816
3874,Kike García,3324,Álvaro Morata,9,0.3053
3874,Kike García,105376,N. Kalinić,10,0.3089
3875,Borja Bastón,225946,A. Sanabria,1,0.1643
3875,Borja Bastón,3450,R. Falcao,2,0.1779
3875,Borja Bastón,267,L. de Jong,3,0.2042
3875,Borja Bastón,385273,Charles,4,0.2503
3875,Borja Bastón,3657,T. Hemed,5,0.2681
3875,Borja Bastón,3424,Fernando Llorente,6,0.2731
3875,Borja Bastón,3483,Álvaro Negredo,7,0.2918
3875,Borja Bastón,22202,S. Zaza,8,0.2925
3875,Borja Bastón,101635,F. Caicedo,9,0.3161
3875,Borja Bastón,4048,Sergi Enrich,10,0.3589
3885,L. Cabrera,3381,Borja Fernández,1,0.1128
3885,L. Cabrera,282441,Jesús Vallejo,2,0.1263
3885,L. Cabrera,50102,F. Schär,3,0.1608
3885,L. Cabrera,622288,Kaiky,4,0.1839
3885,L. Cabrera,93003,D. Siovas,5,0.1974
3885,L. Cabrera,387799,F. Russo,6,0.2034
3885,L. Cabrera,211853,Rúben Vezo,7,0.2139
3885,L. Cabrera,364817,Tachi,8,0.2178
3885,L. Cabrera,805039,M. Moreno,9,0.2214
3885,L. Cabrera,225085,Fali,10,0.252
3908,Lago Júnior,269137,T. Bongonda,1,0.1583
3908,Lago Júnior,561186,Yéremy Pino,2,0.236
3908,Lago Júnior,101847,M. Carcela-González,3,0.2563
3908,Lago Júnior,86338,L. Ocampos,4,0.3144
3908,Lago Júnior,222439,E. Rigoni,5,0.3277
3908,Lago Júnior,339857,José Arnáiz,6,0.3419
3908,Lago Júnior,769471,Joel Roca,7,0.3463
3908,Lago Júnior,501471,I. Chaira,8,0.3478
3908,Lago Júnior,507495,Dani Escriche,9,0.3537
3908,Lago Júnior,4592,Paco Montañés,10,0.361
3916,G. Cabral,3791,Z. Feddal,1,0.1645
3916,G. Cabral,70112,E. Garay,2,0.1704
3916,G. Cabral,3277,Víctor Ruíz,3,0.1746
3916,G. Cabral,20393,D. Bonera,4,0.1949
3916,G. Cabral,112545,N. Araújo,5,0.2158
3916,G. Cabral,3372,Aythami Artiles,6,0.2565
3916,G. Cabral,3300,Raúl Albiol,7,0.258
3916,G. Cabral,3338,Sergi Gómez,8,0.2897
3916,G. Cabral,292991,M. Lemos,9,0.3214
3916,G. Cabral,4065,J. Murillo,10,0.3277
3918,Juanfran,302540,José Carlos,1,0.174
3918,Juanfran,116259,G. Silva,2,0.309
3918,Juanfran,86183,F. Roncaglia,3,0.3699
3918,Juanfran,288108,Josema,4,0.3948
3918,Juanfran,493898,Adrián de la Fuente,5,0.4022
3918,Juanfran,724440,David Torres,6,0.4156
3918,Juanfran,139075,R. Tapia,7,0.4248
3918,Juanfran,92910,L. Fejsa,8,0.4413
3918,Juanfran,294415,Reinildo,9,0.4473
3918,Juanfran,508440,B. Méndez,10,0.4548
3919,Iván López,135909,Rafa Soares,1,0.1259
3919,Iván López,423157,Thierry Correia,2,0.1556
3919,Iván López,396513,Alex Pozo,3,0.1569
3919,Iván López,3790,Carlos Clerc,4,0.1936
3919,Iván López,344014,L. Agbenyenu,5,0.2139
3919,Iván López,5538,Nacho Martínez,6,0.2214
3919,Iván López,3974,D. Suárez,7,0.2481
3919,Iván López,230862,Íñigo Lekue,8,0.2753
3919,Iván López,7612,Jorge Miramón,9,0.2943
3919,Iván López,550927,Sergi Cardona,10,0.2949
3920,Pedro López,339690,G. González,1,0.1319
3920,Pedro López,7624,Rober Correa,2,0.1646
3920,Pedro López,553292,Abner,3,0.1882
3920,Pedro López,604122,Jon Aramburu,4,0.1913
3920,Pedro López,5901,Edu Campabadal,5,0.1982
3920,Pedro López,3339,Martín Montoya,6,0.2354
3920,Pedro López,25452,S. Corchia,7,0.2384
3920,Pedro López,525130,Álex Centelles,8,0.2499
3920,Pedro López,557401,Bruno Langa,9,0.2634
3920,Pedro López,3557,Jesús Gámez,10,0.2811
3922,David Navarro,4180,David Lombán,1,0.1056
3922,David Navarro,3433,D. Godín,2,0.1417
3922,David Navarro,40542,Felipe,3,0.1622
3922,David Navarro,3692,B. Espinosa,4,0.1797
3922,David Navarro,70956,Rúben Semedo,5,0.2034
3922,David Navarro,193984,Germán Sánchez,6,0.2078
3922,David Navarro,70767,A. Santos,7,0.2194
3922,David Navarro,3665,Ansotegi,8,0.2217
3922,David Navarro,265833,N. Maraš,9,0.2684
3922,David Navarro,258625,L. Abram,10,0.2709
3928,Iborra,312,N. Gudelj,1,0.4039
3928,Iborra,439778,I. Doumbia,2,0.442
3928,Iborra,3705,Adrián González,3,0.4528
3928,Iborra,3304,Nacho Fernández,4,0.4609
3928,Iborra,787348,Raúl Asencio,5,0.4802
3928,Iborra,70123,A. Witsel,6,0.4829
3928,Iborra,51004,C. Borges,7,0.4851
3928,Iborra,3446,Mario Suárez,8,0.4915
3928,Iborra,558739,T. Nianzou,9,0.493
3928,Iborra,135807,M. Pašalić,10,0.5157
3933,Xavi Torres,487752,Miguel Atienza,1,0.1262
3933,Xavi Torres,20685,R. Krhin,2,0.1663
3933,Xavi Torres,25568,S. M'Bia,3,0.1814
3933,Xavi Torres,28232,I. Amadou,4,0.2015
3933,Xavi Torres,3674,Markel Bergara,5,0.2421
3933,Xavi Torres,128742,N. Vukčević,6,0.2472
3933,Xavi Torres,32793,A. N'Diaye,7,0.28
3933,Xavi Torres,212074,O. Mfulu,8,0.3076
3933,Xavi Torres,208945,César de la Hoz,9,0.3161
3933,Xavi Torres,691939,T. Nikitscher,10,0.3235
3934,N. El Zhar,4683,A. Szymanowski,1,0.1505
3934,N. El Zhar,3479,Manu del Moral,2,0.2162
3934,N. El Zhar,116283,D. Rolán,3,0.2282
3934,N. El Zhar,595598,Peque Fernández,4,0.2432
3934,N. El Zhar,38094,I. Ezekiel,5,0.2656
3934,N. El Zhar,355599,Mikel Oyarzabal,6,0.267
3934,N. El Zhar,278278,Munir El Haddadi,7,0.2728
3934,N. El Zhar,5911,Sandro Ramírez,8,0.2791
3934,N. El Zhar,4880,Rober Ibáñez,9,0.2876
3934,N. El Zhar,230883,Ayoze Pérez,10,0.302
3937,Roger Martí,4131,Ángel Rodríguez,1,0.1154
3937,Roger Martí,490458,S. Kaba,2,0.2161
3937,Roger Martí,55968,M. Braithwaite,3,0.2444
3937,Roger Martí,7593,Quique González,4,0.2582
3937,Roger Martí,213365,G. Fernández,5,0.2859
3937,Roger Martí,344086,Gorka Guruzeta,6,0.2969
3937,Roger Martí,536640,Sergio Camello,7,0.3214
3937,Roger Martí,25472,C. Bakambu,8,0.3487
3937,Roger Martí,20536,G. Pazzini,9,0.3503
3937,Roger Martí,7908,Fernando Torres,10,0.36
3943,Aridane Hernández,136164,E. Filipenko,1,0.0351
3943,Aridane Hernández,167149,Joaquín Fernández,2,0.0674
3943,Aridane Hernández,500200,Miguel Rubio,3,0.0912
3943,Aridane Hernández,86328,G. Pezzella,4,0.1006
3943,Aridane Hernández,7302,Raúl Albentosa,5,0.1032
3943,Aridane Hernández,265833,N. Maraš,6,0.1045
3943,Aridane Hernández,70085,E. Mangala,7,0.1273
3943,Aridane Hernández,3526,M. Musacchio,8,0.1539
3943,Aridane Hernández,258625,L. Abram,9,0.1546
3943,Aridane Hernández,557942,M. Salisu,10,0.1606
3969,Roberto Canella,21550,Gabriel Silva,1,0.196
3969,Roberto Canella,3375,Laure,2,0.2254
3969,Roberto Canella,21842,C. Biraghi,3,0.2368
3969,Roberto Canella,90774,H. Palacios,4,0.2433
3969,Roberto Canella,3408,Enric Saborit,5,0.2433
3969,Roberto Canella,278007,F. Ricca,6,0.2456
3969,Roberto Canella,4326,Tito,7,0.2682
3969,Roberto Canella,481618,N. Tenaglia,8,0.289
3969,Roberto Canella,553292,Abner,9,0.3115
3969,Roberto Canella,3856,Molinero,10,0.3151
3970,Alejandro Gálvez,473366,Víctor Chust,1,0.1751
3970,Alejandro Gálvez,3788,J. Amat,2,0.1771
3970,Alejandro Gálvez,622390,C. Özkacar,3,0.1783
3970,Alejandro Gálvez,5121,Jorge Morcillo,4,0.1801
3970,Alejandro Gálvez,652014,César Tárrega,5,0.2161
3970,Alejandro Gálvez,339799,Jorge Sáenz,6,0.23
3970,Alejandro Gálvez,5472,Luis Hernández,7,0.2415
3970,Alejandro Gálvez,557066,K. Piątkowski,8,0.2519
3970,Alejandro Gálvez,720559,Kike Salas,9,0.2543
3970,Alejandro Gálvez,3496,Sergio Postigo,10,0.2577
3972,Álex Menéndez,624613,Juanlu Sánchez,1,0.208
3972,Álex Menéndez,357992,Aitor Ruibal,2,0.2441
3972,Álex Menéndez,344040,Marc Cucurella,3,0.2555
3972,Álex Menéndez,297043,F. Cervi,4,0.2709
3972,Álex Menéndez,559200,Ricard Sánchez,5,0.2956
3972,Álex Menéndez,209012,Kévin Rodrigues,6,0.3221
3972,Álex Menéndez,489695,Marvin Park,7,0.3558
3972,Álex Menéndez,744854,Hugo Rincón,8,0.3574
3972,Álex Menéndez,3281,Juan Bernat,9,0.3664
3972,Álex Menéndez,342785,Jairo Izquierdo,10,0.3874
3974,D. Suárez,423157,Thierry Correia,1,0.1054
3974,D. Suárez,70451,Luisinho,2,0.1303
3974,D. Suárez,531592,Aihen Muñoz,3,0.164
3974,D. Suárez,786686,Iván Fresneda,4,0.1683
3974,D. Suárez,4094,Ander Capa,5,0.1863
3974,D. Suárez,3790,Carlos Clerc,6,0.1881
3974,D. Suárez,344014,L. Agbenyenu,7,0.1983
3974,D. Suárez,3919,Iván López,8,0.2481
3974,D. Suárez,396513,Alex Pozo,9,0.2607
3974,D. Suárez,169002,Diego Rico,10,0.2618
3975,Sergio Álvarez,288108,Josema,1,0.1484
3975,Sergio Álvarez,294415,Reinildo,2,0.1511
3975,Sergio Álvarez,92910,L. Fejsa,3,0.1798
3975,Sergio Álvarez,190172,Juan Cruz,4,0.2564
3975,Sergio Álvarez,15214,A. Rukavina,5,0.258
3975,Sergio Álvarez,5055,José Mari,6,0.2626
3975,Sergio Álvarez,240609,Á. Muñoz,7,0.2641
3975,Sergio Álvarez,3866,M. Iturra,8,0.2976
3975,Sergio Álvarez,611437,M. Diarra,9,0.3103
3975,Sergio Álvarez,488961,Samú Costa,10,0.3299
3977,Nacho Cases,274344,B. Santamaria,1,0.1932
3977,Nacho Cases,3680,David Zurutuza,2,0.1942
3977,Nacho Cases,357806,D. Hancko,3,0.1996
3977,Nacho Cases,589805,L. Agoumé,4,0.2216
3977,Nacho Cases,422519,Fran Beltrán,5,0.251
3977,Nacho Cases,3568,Recio,6,0.2645
3977,Nacho Cases,269060,P. Hernández,7,0.2651
3977,Nacho Cases,387840,Santi Comesaña,8,0.2807
3977,Nacho Cases,460552,P. Gueye,9,0.2836
3977,Nacho Cases,643875,J. Solís,10,0.2982
3979,De las Cuevas,279569,Sangalli,1,0.1643
3979,De las Cuevas,280383,E. Bardhi,2,0.2006
3979,De las Cuevas,659244,Ramón Terrats,3,0.2605
3979,De las Cuevas,499843,Edu Expósito,4,0.2605
3979,De las Cuevas,3313,José Callejón,5,0.2633
3979,De las Cuevas,4285,Fede Vico,6,0.2681
3979,De las Cuevas,352789,Óscar Rodríguez,7,0.2788
3979,De las Cuevas,225084,Rubén García,8,0.3091
3979,De las Cuevas,275293,Samu García,9,0.3154
3979,De las Cuevas,747916,Javi Guerra,10,0.3224
3984,Alberto Lora,20643,B. Jokić,1,0.2989
3984,Alberto Lora,5901,Edu Campabadal,2,0.3222
3984,Alberto Lora,3827,Hugo Mallo,3,0.3496
3984,Alberto Lora,3797,Víctor Sánchez,4,0.35
3984,Alberto Lora,334175,Óscar Valentín,5,0.3528
3984,Alberto Lora,473371,Antonio Blanco,6,0.3997
3984,Alberto Lora,3667,Alberto De La Bella,7,0.4059
3984,Alberto Lora,4371,Dani Castellano,8,0.4403
3984,Alberto Lora,3529,Mario Gaspar,9,0.4547
3984,Alberto Lora,3672,Carlos Martínez,10,0.458
3987,Ó. Trejo,544862,Germán Valera,1,0.0663
3987,Ó. Trejo,112556,J. Aquino,2,0.1194
3987,Ó. Trejo,3645,Chory Castro,3,0.1732
3987,Ó. Trejo,624615,Carlos Álvarez,4,0.2511
3987,Ó. Trejo,4034,Fidel,5,0.2629
3987,Ó. Trejo,544859,Álex Baena,6,0.2929
3987,Ó. Trejo,708179,Y. Asprilla,7,0.3067
3987,Ó. Trejo,495674,Samuel Lino,8,0.3214
3987,Ó. Trejo,788852,Hugo Álvarez,9,0.3468
3987,Ó. Trejo,279567,Martín Merquelanz,10,0.352
3988,David Barral,405979,Abel Ruiz,1,0.153
3988,David Barral,15111,A. Ramos,2,0.1759
3988,David Barral,134175,Raúl de Tomás,3,0.2043
3988,David Barral,151,J. Guidetti,4,0.222
3988,David Barral,105618,A. Kravets,5,0.2871
3988,David Barral,344120,Borja Mayoral,6,0.2876
3988,David Barral,86200,S. Araújo,7,0.2955
3988,David Barral,69610,D. Čop,8,0.3079
3988,David Barral,266885,M. Olunga,9,0.3219
3988,David Barral,101795,L. Traoré,10,0.3503
4003,Miguel Torres,85113,A. Toșca,1,0.3233
4003,Miguel Torres,116405,E. Velázquez,2,0.3587
4003,Miguel Torres,250805,Djené,3,0.3773
4003,Miguel Torres,6365,Unai Bustinza,4,0.4056
4003,Miguel Torres,769463,Yarek Gasiorowski,5,0.4139
4003,Miguel Torres,450650,Imanol García,6,0.4395
4003,Miguel Torres,808345,S. Mouriño,7,0.4609
4003,Miguel Torres,364870,Adrián Diéguez,8,0.4744
4003,Miguel Torres,553381,G. Álvarez,9,0.4984
4003,Miguel Torres,508440,B. Méndez,10,0.5013
4007,Diego Castro,372752,Carlos Soler,1,0.1597
4007,Diego Castro,240680,Aleix Febas,2,0.1773
4007,Diego Castro,647161,Gavi,3,0.2201
4007,Diego Castro,364864,Pedro Díaz,4,0.2282
4007,Diego Castro,3803,Sergi Darder,5,0.2371
4007,Diego Castro,582472,L. Sučić,6,0.267
4007,Diego Castro,302550,Brais Méndez,7,0.2922
4007,Diego Castro,3537,Cani,8,0.2953
4007,Diego Castro,552234,Roberto López,9,0.3071
4007,Diego Castro,3536,Moi Gómez,10,0.3123
4009,M. Lacen,3436,Javi Manquillo,1,0.1889
4009,M. Lacen,3378,Álex Bergantiños,2,0.1892
4009,M. Lacen,231713,F. Bradarić,3,0.1998
4009,M. Lacen,5542,Dani García,4,0.2054
4009,M. Lacen,25553,César Azpilicueta,5,0.2268
4009,M. Lacen,25623,G. Kondogbia,6,0.2526
4009,M. Lacen,712871,Jon Gorrotxategi,7,0.2528
4009,M. Lacen,413597,R. Kouamé,8,0.2547
4009,M. Lacen,368110,Jailson,9,0.2606
4009,M. Lacen,4511,Pedro Mosquera,10,0.2639
4012,Juan Rodríguez,557066,K. Piątkowski,1,0.1607
4012,Juan Rodríguez,299246,Marcão,2,0.1758
4012,Juan Rodríguez,535845,E. Boyomo,3,0.187
4012,Juan Rodríguez,4325,Jorge Pulido,4,0.1906
4012,Juan Rodríguez,212074,O. Mfulu,5,0.2173
4012,Juan Rodríguez,3788,J. Amat,6,0.2467
4012,Juan Rodríguez,25568,S. M'Bia,7,0.254
4012,Juan Rodríguez,473366,Víctor Chust,8,0.2563
4012,Juan Rodríguez,5472,Luis Hernández,9,0.2714
4012,Juan Rodríguez,567461,Jorge Herrando,10,0.2726
4013,Rubén Pérez,213308,Júnior Alonso,1,0.1503
4013,Rubén Pérez,25470,S. Prcić,2,0.3798
4013,Rubén Pérez,367503,M. Wöber,3,0.382
4013,Rubén Pérez,636122,Alejandro Francés,4,0.3939
4013,Rubén Pérez,290954,K. Tierney,5,0.405
4013,Rubén Pérez,4805,Anaitz Arbilla,6,0.4123
4013,Rubén Pérez,4424,Jonny Otto,7,0.4381
4013,Rubén Pérez,843681,Pau Navarro,8,0.4554
4013,Rubén Pérez,3340,Muniesa,9,0.4693
4013,Rubén Pérez,443324,Douglas Luiz,10,0.4813
4014,Pedro León,344053,Carles Pérez,1,0.0934
4014,Pedro León,346551,I. Hagi,2,0.106
4014,Pedro León,722567,G. Simeone,3,0.1111
4014,Pedro León,218549,Garry Rodrigues,4,0.1669
4014,Pedro León,251565,Álvaro García,5,0.1928
4014,Pedro León,127719,A. Katai,6,0.21560000000000001
4014,Pedro León,5291,Jaime Romero,7,0.2185
4014,Pedro León,1016232,Jesús Rodríguez,8,0.2338
4014,Pedro León,25477,S. Gürler,9,0.2506
4014,Pedro León,3394,Bruno Gama,10,0.2585
4015,Pablo Sarabia,544859,Álex Baena,1,0.1897
4015,Pablo Sarabia,1751,O. Tannane,2,0.1942
4015,Pablo Sarabia,558581,Pejiño,3,0.2042
4015,Pablo Sarabia,4375,Vitolo,4,0.2121
4015,Pablo Sarabia,4879,Carles Gil,5,0.2472
4015,Pablo Sarabia,337068,J. Pombo,6,0.2655
4015,Pablo Sarabia,343925,D. Verde,7,0.2878
4015,Pablo Sarabia,708179,Y. Asprilla,8,0.2943
4015,Pablo Sarabia,279567,Martín Merquelanz,9,0.3144
4015,Pablo Sarabia,112522,J. Corona,10,0.3179
4017,Miku,37831,C. Bacca,1,0.2612
4017,Miku,3291,Paco Alcácer,2,0.2637
4017,Miku,14943,M. Mandžukić,3,0.2807
4017,Miku,151,J. Guidetti,4,0.2838
4017,Miku,112596,J. Martínez,5,0.3292
4017,Miku,3988,David Barral,6,0.3642
4017,Miku,86200,S. Araújo,7,0.3745
4017,Miku,15111,A. Ramos,8,0.3987
4017,Miku,134175,Raúl de Tomás,9,0.4137
4017,Miku,266885,M. Olunga,10,0.4336
4034,Fidel,624615,Carlos Álvarez,1,0.2264
4034,Fidel,3645,Chory Castro,2,0.2368
4034,Fidel,3987,Ó. Trejo,3,0.2629
4034,Fidel,112556,J. Aquino,4,0.2639
4034,Fidel,544862,Germán Valera,5,0.3069
4034,Fidel,278289,Álvaro Odriozola,6,0.3575
4034,Fidel,788852,Hugo Álvarez,7,0.373
4034,Fidel,240445,Andreas Pereira,8,0.3735
4034,Fidel,3420,Markel Susaeta,9,0.3827
4034,Fidel,8213,Rubén Rochina,10,0.4069
4048,Sergi Enrich,5481,Miguel Guerrero,1,0.1581
4048,Sergi Enrich,101795,L. Traoré,2,0.163
4048,Sergi Enrich,3483,Álvaro Negredo,3,0.176
4048,Sergi Enrich,105618,A. Kravets,4,0.1943
4048,Sergi Enrich,101635,F. Caicedo,5,0.2021
4048,Sergi Enrich,122859,Y. El-Arabi,6,0.2338
4048,Sergi Enrich,6292,K. Kodro,7,0.2464
4048,Sergi Enrich,3804,Álvaro Vázquez,8,0.2507
4048,Sergi Enrich,3327,Joselu,9,0.268
4048,Sergi Enrich,4602,Oriol Riera,10,0.2851
4065,J. Murillo,3338,Sergi Gómez,1,0.0739
4065,J. Murillo,688446,Chadi Riad,2,0.1285
4065,J. Murillo,288081,S. McKenna,3,0.1287
4065,J. Murillo,6325,Gonzalo Verdú,4,0.1477
4065,J. Murillo,831472,Jon Martín,5,0.1509
4065,J. Murillo,453251,Alejandro Catena,6,0.1591
4065,J. Murillo,41363,Gabriel Paulista,7,0.1628
4065,J. Murillo,70112,E. Garay,8,0.1746
4065,J. Murillo,112545,N. Araújo,9,0.1951
4065,J. Murillo,20393,D. Bonera,10,0.2095
4078,D. Ferreiro,337070,Toni Villa,1,0.1937
4078,D. Ferreiro,5138,Wellington Silva,2,0.2044
4078,D. Ferreiro,579987,Jon Morcillo,3,0.2323
4078,D. Ferreiro,495404,D. Lainez,4,0.2858
4078,D. Ferreiro,254189,Ivi López,5,0.3553
4078,D. Ferreiro,134174,Samu Castillejo,6,0.3864
4078,D. Ferreiro,220656,Wanderson,7,0.3886
4078,D. Ferreiro,4344,Alberto Perea,8,0.4037
4078,D. Ferreiro,6684,Jony,9,0.406
4078,D. Ferreiro,561189,Robert Navarro,10,0.4318
4086,Eneko Bóveda,3465,Fernando Navarro,1,0.1341
4086,Eneko Bóveda,399652,Florentino,2,0.1917
4086,Eneko Bóveda,4234,Lillo Castellano,3,0.1941
4086,Eneko Bóveda,6528,Javi Moyano,4,0.2014
4086,Eneko Bóveda,15214,A. Rukavina,5,0.219
4086,Eneko Bóveda,4425,Víctor Díaz,6,0.2487
4086,Eneko Bóveda,4326,Tito,7,0.2516
4086,Eneko Bóveda,334175,Óscar Valentín,8,0.2781
4086,Eneko Bóveda,3408,Enric Saborit,9,0.2815
4086,Eneko Bóveda,3829,Oier Sanjurjo,10,0.3026
4093,Añibarro,3431,Miranda,1,0.1152
4093,Añibarro,263147,M. Miazga,2,0.1804
4093,Añibarro,189976,M. Angeleri,3,0.2209
4093,Añibarro,57347,S. Ingason,4,0.2411
4093,Añibarro,14893,H. Westermann,5,0.2489
4093,Añibarro,498350,M. Mbaye,6,0.2575
4093,Añibarro,338429,A. Radovanović,7,0.2976
4093,Añibarro,3585,Antonio Amaya,8,0.3273
4093,Añibarro,4329,Alejandro Arribas,9,0.3295
4093,Añibarro,6950,Pablo Ínsua,10,0.3388
4094,Ander Capa,344014,L. Agbenyenu,1,0.1822
4094,Ander Capa,3974,D. Suárez,2,0.1863
4094,Ander Capa,786686,Iván Fresneda,3,0.1954
4094,Ander Capa,420532,Pipa,4,0.2306
4094,Ander Capa,517437,Jesús Areso,5,0.2376
4094,Ander Capa,3790,Carlos Clerc,6,0.2413
4094,Ander Capa,423157,Thierry Correia,7,0.2553
4094,Ander Capa,344104,Álvaro Tejero,8,0.2666
4094,Ander Capa,396513,Alex Pozo,9,0.2765
4094,Ander Capa,70451,Luisinho,10,0.2992
4102,Mikel Arruabarrena,3608,R. Santa Cruz,1,0.367
4102,Mikel Arruabarrena,146302,Luciano,2,0.4675
4102,Mikel Arruabarrena,3655,Víctor Casadesús,3,0.5503
4102,Mikel Arruabarrena,40770,Willian José,4,0.5692
4102,Mikel Arruabarrena,14943,M. Mandžukić,5,0.585
4102,Mikel Arruabarrena,98072,S. Šćepović,6,0.5982
4102,Mikel Arruabarrena,4017,Miku,7,0.5991
4102,Mikel Arruabarrena,3988,David Barral,8,0.6351
4102,Mikel Arruabarrena,25577,L. Rémy,9,0.6418
4102,Mikel Arruabarrena,3291,Paco Alcácer,10,0.6649
4113,Xabier Etxeita,4232,Alcalá,1,0.0481
4113,Xabier Etxeita,20932,M. Nastasić,2,0.0856
4113,Xabier Etxeita,89700,E. Roco,3,0.1079
4113,Xabier Etxeita,4358,Víctor Laguardia,4,0.1095
4113,Xabier Etxeita,331583,Dani Calvo,5,0.1223
4113,Xabier Etxeita,248846,M. Villanueva,6,0.132
4113,Xabier Etxeita,41124,Naldo,7,0.1342
4113,Xabier Etxeita,256998,E. Bailly,8,0.1344
4113,Xabier Etxeita,387785,Unai Elgezabal,9,0.142
4113,Xabier Etxeita,275384,Jorge Meré,10,0.1469
4127,J. Feliu,344936,I. Cardona,1,0.1363
4127,J. Feliu,3708,J. Samperio,2,0.1867
4127,J. Feliu,70235,Héldon,3,0.206
4127,J. Feliu,4592,Paco Montañés,4,0.234
4127,J. Feliu,501471,I. Chaira,5,0.2653
4127,J. Feliu,444669,N. González,6,0.2822
4127,J. Feliu,344153,Tete Morente,7,0.2939
4127,J. Feliu,382622,S. Amallah,8,0.2983
4127,J. Feliu,6456,Dani Rodríguez,9,0.3239
4127,J. Feliu,364086,T. Conechny,10,0.3308
4131,Ángel Rodríguez,3937,Roger Martí,1,0.1154
4131,Ángel Rodríguez,55968,M. Braithwaite,2,0.2915
4131,Ángel Rodríguez,784394,Vitor Roque,3,0.298
4131,Ángel Rodríguez,490458,S. Kaba,4,0.3005
4131,Ángel Rodríguez,419225,Dani Gómez,5,0.3009
4131,Ángel Rodríguez,7908,Fernando Torres,6,0.3338
4131,Ángel Rodríguez,7593,Quique González,7,0.3512
4131,Ángel Rodríguez,213365,G. Fernández,8,0.3609
4131,Ángel Rodríguez,135923,Gonçalo Paciência,9,0.3789
4131,Ángel Rodríguez,474104,J. Strand Larsen,10,0.3932
4180,David Lombán,3922,David Navarro,1,0.1056
4180,David Lombán,70767,A. Santos,2,0.1419
4180,David Lombán,3665,Ansotegi,3,0.189
4180,David Lombán,40542,Felipe,4,0.2187
4180,David Lombán,3433,D. Godín,5,0.2252
4180,David Lombán,193984,Germán Sánchez,6,0.2486
4180,David Lombán,208694,Rodrigo Ely,7,0.2499
4180,David Lombán,3692,B. Espinosa,8,0.2541
4180,David Lombán,265833,N. Maraš,9,0.2586
4180,David Lombán,70085,E. Mangala,10,0.2772
4232,Alcalá,4113,Xabier Etxeita,1,0.0481
4232,Alcalá,89700,E. Roco,2,0.0792
4232,Alcalá,41124,Naldo,3,0.1105
4232,Alcalá,4358,Víctor Laguardia,4,0.1216
4232,Alcalá,20932,M. Nastasić,5,0.1259
4232,Alcalá,25784,A. Abdennour,6,0.1293
4232,Alcalá,167149,Joaquín Fernández,7,0.1379
4232,Alcalá,26332,P. Baysse,8,0.1447
4232,Alcalá,136164,E. Filipenko,9,0.1478
4232,Alcalá,557942,M. Salisu,10,0.1512
4234,Lillo Castellano,808345,S. Mouriño,1,0.1865
4234,Lillo Castellano,4086,Eneko Bóveda,2,0.1941
4234,Lillo Castellano,15214,A. Rukavina,3,0.2051
4234,Lillo Castellano,6528,Javi Moyano,4,0.2075
4234,Lillo Castellano,508440,B. Méndez,5,0.2487
4234,Lillo Castellano,3465,Fernando Navarro,6,0.2565
4234,Lillo Castellano,92910,L. Fejsa,7,0.2736
4234,Lillo Castellano,6365,Unai Bustinza,8,0.2839
4234,Lillo Castellano,399652,Florentino,9,0.2906
4234,Lillo Castellano,190172,Juan Cruz,10,0.3096
4238,Michel Macedo,25441,M. Sissoko,1,0.1399
4238,Michel Macedo,452293,Sergio Ruiz,2,0.1448
4238,Michel Macedo,550229,Jon Moncayola,3,0.1796
4238,Michel Macedo,436785,Y. Neyou,4,0.1834
4238,Michel Macedo,263091,Gerard Gumbau,5,0.2238
4238,Michel Macedo,678620,Arnau Martínez,6,0.2321
4238,Michel Macedo,938660,Mikel Jauregizar,7,0.2628
4238,Michel Macedo,6035,Rubén Alcaraz,8,0.2765
4238,Michel Macedo,357981,Gonzalo Villar,9,0.28
4238,Michel Macedo,582098,D. Lopy,10,0.301
4239,Ángel Trujillo,494337,N. Pérez,1,0.251
4239,Ángel Trujillo,127591,A. Pantić,2,0.3787
4239,Ángel Trujillo,224080,G. Maripán,3,0.3827
4239,Ángel Trujillo,128230,N. Vujadinović,4,0.3991
4239,Ángel Trujillo,5653,M. Mantovani,5,0.4244
4239,Ángel Trujillo,5677,Bruno González,6,0.445
4239,Ángel Trujillo,3493,Miguel Flaño,7,0.4482
4239,Ángel Trujillo,20808,E. Muñoz,8,0.4837
4239,Ángel Trujillo,40574,Dória,9,0.5073
4239,Ángel Trujillo,128171,S. Mitrović,10,0.5123
4242,Corona,4902,Ángel Montoro,1,0.0595
4242,Corona,706732,Sergi Altimira,2,0.065
4242,Corona,269060,P. Hernández,3,0.1722
4242,Corona,5289,Fran Rico,4,0.2063
4242,Corona,357806,D. Hancko,5,0.2352
4242,Corona,274344,B. Santamaria,6,0.2395
4242,Corona,217031,T. Partey,7,0.2407
4242,Corona,4243,Verza,8,0.2449
4242,Corona,366401,F. Anguissa,9,0.2589
4242,Corona,25785,S. Aurier,10,0.2631
4243,Verza,5907,Sergi Samper,1,0.0711
4243,Verza,217031,T. Partey,2,0.0946
4243,Verza,341752,Marc Roca,3,0.1492
4243,Verza,706732,Sergi Altimira,4,0.2007
4243,Verza,5289,Fran Rico,5,0.2194
4243,Verza,4242,Corona,6,0.2449
4243,Verza,3384,A. Guardado,7,0.2922
4243,Verza,4902,Ángel Montoro,8,0.2998
4243,Verza,25785,S. Aurier,9,0.3202
4243,Verza,634204,E. Barrenechea,10,0.3227
4248,Alberto Martín,4509,Omar Mascarell,1,0.2243
4248,Alberto Martín,128742,N. Vukčević,2,0.2405
4248,Alberto Martín,3505,R. Loé,3,0.2453
4248,Alberto Martín,3650,Tomás Pina,4,0.2515
4248,Alberto Martín,86220,Gabriel Mercado,5,0.2552
4248,Alberto Martín,535845,E. Boyomo,6,0.2571
4248,Alberto Martín,37814,R. Donk,7,0.2691
4248,Alberto Martín,88969,D. Musto,8,0.2762
4248,Alberto Martín,453270,M. Hongla,9,0.2867
4248,Alberto Martín,593173,Aiham Ousou,10,0.2895
4249,Soriano,4102,Mikel Arruabarrena,1,0.6721
4249,Soriano,146302,Luciano,2,0.6739
4249,Soriano,514494,Matías Arezo,3,0.6825
4249,Soriano,3705,Adrián González,4,0.7342
4249,Soriano,26032,C. Doukouré,5,0.7586
4249,Soriano,15817,R. Babel,6,0.8182
4249,Soriano,3655,Víctor Casadesús,7,0.8233
4249,Soriano,135807,M. Pašalić,8,0.8243
4249,Soriano,388976,T. Kadewere,9,0.8411
4249,Soriano,489417,Erik Expósito,10,0.8839
4252,Aaron Níguez,279569,Sangalli,1,0.2001
4252,Aaron Níguez,563968,Iker Losada,2,0.2341
4252,Aaron Níguez,352789,Óscar Rodríguez,3,0.2442
4252,Aaron Níguez,485383,Álex Mula,4,0.255
4252,Aaron Níguez,275293,Samu García,5,0.2646
4252,Aaron Níguez,3511,Roberto Torres,6,0.2687
4252,Aaron Níguez,3313,José Callejón,7,0.2779
4252,Aaron Níguez,302550,Brais Méndez,8,0.2832
4252,Aaron Níguez,611463,Aimar Oroz,9,0.2835
4252,Aaron Níguez,280383,E. Bardhi,10,0.2938
4256,Aleix Vidal,472696,Sergio Gómez,1,0.1149
4256,Aleix Vidal,86517,P. De Blasis,2,0.227
4256,Aleix Vidal,326547,E. Buendía,3,0.2717
4256,Aleix Vidal,278289,Álvaro Odriozola,4,0.2842
4256,Aleix Vidal,504303,A. Rațiu,5,0.3329
4256,Aleix Vidal,544210,Sergio Carreira,6,0.3712
4256,Aleix Vidal,135903,João Cancelo,7,0.4132
4256,Aleix Vidal,25407,C. Grenier,8,0.4157
4256,Aleix Vidal,4908,Alberto Moreno,9,0.4362
4256,Aleix Vidal,499843,Edu Expósito,10,0.4432
4257,J. Zongo,3423,Ibai Gómez,1,0.2639
4257,J. Zongo,20623,R. Soriano,2,0.3112
4257,J. Zongo,357946,Isi Palazón,3,0.3226
4257,J. Zongo,20441,E. Lamela,4,0.3354
4257,J. Zongo,3361,A. Sánchez,5,0.3603
4257,J. Zongo,3479,Manu del Moral,6,0.3669
4257,J. Zongo,20450,Bojan Krkić,7,0.3854
4257,J. Zongo,207001,J. Correa,8,0.3869
4257,J. Zongo,563968,Iker Losada,9,0.3881
4257,J. Zongo,134513,A. Martial,10,0.3917
4268,Juan Rafael Fuentes,507738,Vini Souza,1,0.2055
4268,Juan Rafael Fuentes,89133,Rodrigo Battaglia,2,0.2325
4268,Juan Rafael Fuentes,250805,Djené,3,0.2405
4268,Juan Rafael Fuentes,20406,M. Flamini,4,0.2419
4268,Juan Rafael Fuentes,7585,Manu García,5,0.2561
4268,Juan Rafael Fuentes,450650,Imanol García,6,0.2664
4268,Juan Rafael Fuentes,553381,G. Álvarez,7,0.30620000000000003
4268,Juan Rafael Fuentes,375350,M. Loum,8,0.3414
4268,Juan Rafael Fuentes,295225,Fede San Emeterio,9,0.344
4268,Juan Rafael Fuentes,6386,Jon Ander Garrido,10,0.3767
4272,Ximo Navarro,90774,H. Palacios,1,0.2101
4272,Ximo Navarro,6531,Fausto Tienza,2,0.2331
4272,Ximo Navarro,21550,Gabriel Silva,3,0.3269
4272,Ximo Navarro,3408,Enric Saborit,4,0.3285
4272,Ximo Navarro,481618,N. Tenaglia,5,0.3376
4272,Ximo Navarro,278007,F. Ricca,6,0.3546
4272,Ximo Navarro,3969,Roberto Canella,7,0.3582
4272,Ximo Navarro,6365,Unai Bustinza,8,0.3814
4272,Ximo Navarro,4326,Tito,9,0.394
4272,Ximo Navarro,683848,Urko González,10,0.3946
4278,Borja García,14866,José Manuel Jurado,1,0.2176
4278,Borja García,4969,Tana,2,0.2268
4278,Borja García,578270,T. Almada,3,0.2312
4278,Borja García,211885,André Gomes,4,0.2681
4278,Borja García,4791,J. González,5,0.3098
4278,Borja García,399676,Pablo Fornals,6,0.311
4278,Borja García,3571,Joaquín,7,0.3601
4278,Borja García,21077,A. Gómez,8,0.374
4278,Borja García,32652,E. Çolak,9,0.4052
4278,Borja García,28922,T. Lemar,10,0.4213
4285,Fede Vico,225084,Rubén García,1,0.0483
4285,Fede Vico,280383,E. Bardhi,2,0.167
4285,Fede Vico,293862,Nacho Gil,3,0.1978
4285,Fede Vico,410026,Álex Collado,4,0.24
4285,Fede Vico,275293,Samu García,5,0.2415
4285,Fede Vico,254188,N. Leiva,6,0.2497
4285,Fede Vico,3357,Isaac Cuenca,7,0.2504
4285,Fede Vico,4790,Carlos Carmona,8,0.2639
4285,Fede Vico,3979,De las Cuevas,9,0.2681
4285,Fede Vico,331385,M. García,10,0.2752
4288,S. Dubarbier,6513,Raúl Carnero,1,0.1668
4288,S. Dubarbier,93000,Antunes,2,0.3491
4288,S. Dubarbier,770391,A. Aznou,3,0.3736
4288,S. Dubarbier,7072,Quini,4,0.4039
4288,S. Dubarbier,489488,Martín Aguirregabiria,5,0.463
4288,S. Dubarbier,381233,Houboulang Mendes,6,0.468
4288,S. Dubarbier,1075948,Davinchi,7,0.4713
4288,S. Dubarbier,297921,Pacha,8,0.4763
4288,S. Dubarbier,149389,J. Toljan,9,0.4921
4288,S. Dubarbier,170595,E. Insúa,10,0.5074
4303,David López,364003,S. Bueno,1,0.0991
4303,David López,225996,Diego Llorente,2,0.1266
4303,David López,4355,David García,3,0.1547
4303,David López,567016,Jon Pacheco,4,0.1562
4303,David López,3828,Raúl Navas,5,0.1697
4303,David López,485083,David Carmo,6,0.1897
4303,David López,689107,Renato Veiga,7,0.2186
4303,David López,3671,Íñigo Martínez,8,0.2317
4303,David López,446859,Peru Nolaskoain,9,0.2347
4303,David López,544844,Logan Costa,10,0.2459
4325,Jorge Pulido,535845,E. Boyomo,1,0.0774
4325,Jorge Pulido,557066,K. Piątkowski,2,0.1431
4325,Jorge Pulido,720559,Kike Salas,3,0.1631
4325,Jorge Pulido,278288,Aritz Elustondo,4,0.1692
4325,Jorge Pulido,4012,Juan Rodríguez,5,0.1906
4325,Jorge Pulido,3788,J. Amat,6,0.2257
4325,Jorge Pulido,645877,Y. Mosquera,7,0.2425
4325,Jorge Pulido,473366,Víctor Chust,8,0.2465
4325,Jorge Pulido,935301,Marcos Peña,9,0.2652
4325,Jorge Pulido,622390,C. Özkacar,10,0.267
4326,Tito,3408,Enric Saborit,1,0.0683
4326,Tito,4425,Víctor Díaz,2,0.1488
4326,Tito,278007,F. Ricca,3,0.2299
4326,Tito,553292,Abner,4,0.2318
4326,Tito,6531,Fausto Tienza,5,0.2326
4326,Tito,4086,Eneko Bóveda,6,0.2516
4326,Tito,3969,Roberto Canella,7,0.2682
4326,Tito,3375,Laure,8,0.2729
4326,Tito,612174,Víctor Parada,9,0.3135
4326,Tito,3465,Fernando Navarro,10,0.3251
4329,Alejandro Arribas,275384,Jorge Meré,1,0.1095
4329,Alejandro Arribas,189976,M. Angeleri,2,0.1152
4329,Alejandro Arribas,256998,E. Bailly,3,0.1219
4329,Alejandro Arribas,338429,A. Radovanović,4,0.1286
4329,Alejandro Arribas,57347,S. Ingason,5,0.1491
4329,Alejandro Arribas,247169,Diego González,6,0.1613
4329,Alejandro Arribas,3466,Alexis,7,0.1716
4329,Alejandro Arribas,12,K. Omeruo,8,0.1806
4329,Alejandro Arribas,14893,H. Westermann,9,0.1849
4329,Alejandro Arribas,471999,Juan Berrocal,10,0.2096
4332,Javi Fuego,3675,Gorka Elustondo,1,0.0859
4332,Javi Fuego,26518,C. Sánchez,2,0.1723
4332,Javi Fuego,4509,Omar Mascarell,3,0.1856
4332,Javi Fuego,593173,Aiham Ousou,4,0.1909
4332,Javi Fuego,453270,M. Hongla,5,0.1924
4332,Javi Fuego,563961,José Fontán,6,0.2187
4332,Javi Fuego,935301,Marcos Peña,7,0.2637
4332,Javi Fuego,91064,D. Torres,8,0.2781
4332,Javi Fuego,3566,Ignacio Camacho,9,0.2812
4332,Javi Fuego,340706,G. Rodríguez,10,0.2903
4336,T. Gayoso Roberto,373410,F. de Jong,1,0.4369
4336,T. Gayoso Roberto,14723,T. Kroos,2,0.526
4336,T. Gayoso Roberto,8287,L. Modrić,3,0.5304
4336,T. Gayoso Roberto,3353,Andrés Iniesta,4,0.676
4336,T. Gayoso Roberto,255256,Arthur,5,0.704
4336,T. Gayoso Roberto,618294,Pedri,6,0.766
4336,T. Gayoso Roberto,69404,M. Kovačić,7,0.8037
4336,T. Gayoso Roberto,3280,É. Banega,8,0.9025
4336,T. Gayoso Roberto,631908,Marc Casadó,9,0.906
4336,T. Gayoso Roberto,559647,Kirian Rodríguez,10,0.9646
4337,Lass Bangoura,504301,T. Kubo,1,0.0787
4337,Lass Bangoura,1127679,Jan Virgili,2,0.1396
4337,Lass Bangoura,532831,Bryan Gil,3,0.1943
4337,Lass Bangoura,471991,Rodrigo Riquelme,4,0.2045
4337,Lass Bangoura,286830,P. Roberts,5,0.2205
4337,Lass Bangoura,605385,Raúl Moro,6,0.2704
4337,Lass Bangoura,4597,Saúl Berjón,7,0.2724
4337,Lass Bangoura,589806,H. Hassan,8,0.2937
4337,Lass Bangoura,276944,J. Bamba,9,0.3042
4337,Lass Bangoura,212651,C. Musonda,10,0.3189
4338,Diego Costa,135927,André Silva,1,0.0586
4338,Diego Costa,3605,Jorge Molina,2,0.0616
4338,Diego Costa,515713,B. Dia,3,0.2017
4338,Diego Costa,69610,D. Čop,4,0.2143
4338,Diego Costa,344120,Borja Mayoral,5,0.2554
4338,Diego Costa,405979,Abel Ruiz,6,0.2625
4338,Diego Costa,3294,Roberto Soldado,7,0.2981
4338,Diego Costa,15111,A. Ramos,8,0.3031
4338,Diego Costa,3804,Álvaro Vázquez,9,0.3051
4338,Diego Costa,25472,C. Bakambu,10,0.3069
4342,Piti,331385,M. García,1,0.1939
4342,Piti,352789,Óscar Rodríguez,2,0.2074
4342,Piti,280383,E. Bardhi,3,0.2521
4342,Piti,3511,Roberto Torres,4,0.2622
4342,Piti,37836,M. Lestienne,5,0.2678
4342,Piti,410026,Álex Collado,6,0.2737
4342,Piti,240445,Andreas Pereira,7,0.2926
4342,Piti,611463,Aimar Oroz,8,0.2999
4342,Piti,518746,Lee Kang-In,9,0.3091
4342,Piti,225084,Rubén García,10,0.3168
4344,Alberto Perea,561189,Robert Navarro,1,0.1923
4344,Alberto Perea,134174,Samu Castillejo,2,0.2253
4344,Alberto Perea,337070,Toni Villa,3,0.292
4344,Alberto Perea,495404,D. Lainez,4,0.2922
4344,Alberto Perea,4492,Iván Sánchez,5,0.3067
4344,Alberto Perea,220656,Wanderson,6,0.3458
4344,Alberto Perea,3420,Markel Susaeta,7,0.348
4344,Alberto Perea,230897,F. Cartabia,8,0.369
4344,Alberto Perea,3394,Bruno Gama,9,0.3731
4344,Alberto Perea,624615,Carlos Álvarez,10,0.3739
4355,David García,364003,S. Bueno,1,0.0811
4355,David García,689107,Renato Veiga,2,0.1374
4355,David García,446859,Peru Nolaskoain,3,0.1395
4355,David García,4303,David López,4,0.1547
4355,David García,567016,Jon Pacheco,5,0.1571
4355,David García,485083,David Carmo,6,0.1875
4355,David García,134503,C. Lenglet,7,0.204
4355,David García,3828,Raúl Navas,8,0.2227
4355,David García,225996,Diego Llorente,9,0.229
4355,David García,3300,Raúl Albiol,10,0.2499
4358,Víctor Laguardia,20932,M. Nastasić,1,0.0982
4358,Víctor Laguardia,3556,M. Demichelis,2,0.1012
4358,Víctor Laguardia,4113,Xabier Etxeita,3,0.1095
4358,Víctor Laguardia,4232,Alcalá,4,0.1216
4358,Víctor Laguardia,6338,David García,5,0.1327
4358,Víctor Laguardia,557942,M. Salisu,6,0.1356
4358,Víctor Laguardia,387785,Unai Elgezabal,7,0.1416
4358,Víctor Laguardia,136164,E. Filipenko,8,0.1426
4358,Víctor Laguardia,25784,A. Abdennour,9,0.1476
4358,Víctor Laguardia,167149,Joaquín Fernández,10,0.1491
4360,Juanpe,282439,Lluis López,1,0.1153
4360,Juanpe,3523,F. Lejeune,2,0.1488
4360,Juanpe,6325,Gonzalo Verdú,3,0.174
4360,Juanpe,25392,Bakary Koné,4,0.177
4360,Juanpe,295234,Sergio González,5,0.1803
4360,Juanpe,25391,T. Kolodziejczak,6,0.1824
4360,Juanpe,20393,D. Bonera,7,0.1972
4360,Juanpe,453251,Alejandro Catena,8,0.1992
4360,Juanpe,375335,J. Aidoo,9,0.2022
4360,Juanpe,8311,S. Savić,10,0.2114
4361,Javi Castellano,333571,L. Torreira,1,0.1555
4361,Javi Castellano,366581,J. Gnagnon,2,0.2094
4361,Javi Castellano,364860,Rodri,3,0.2335
4361,Javi Castellano,525126,Marc Aguado,4,0.2385
4361,Javi Castellano,879052,Javi Rodríguez,5,0.2556
4361,Javi Castellano,230970,M. Fatau,6,0.2601
4361,Javi Castellano,503338,Martín Zubimendi,7,0.3107
4361,Javi Castellano,4366,Hernán Santana,8,0.3136
4361,Javi Castellano,809746,Andrés Castrín,9,0.3443
4361,Javi Castellano,4757,Luso,10,0.3526
4362,Momo,3344,Rafinha,1,0.0904
4362,Momo,56025,M. Krohn-Dehli,2,0.2192
4362,Momo,32652,E. Çolak,3,0.2753
4362,Momo,21077,A. Gómez,4,0.3293
4362,Momo,578270,T. Almada,5,0.3572
4362,Momo,3448,A. Turan,6,0.3704
4362,Momo,25440,J. Pastore,7,0.3752
4362,Momo,4969,Tana,8,0.3814
4362,Momo,3567,Santi Cazorla,9,0.3996
4362,Momo,4791,J. González,10,0.4718
4363,Vicente Gómez,51004,C. Borges,1,0.3377
4363,Vicente Gómez,4590,A. González Casanova,2,0.4702
4363,Vicente Gómez,25798,E. Capoue,3,0.4743
4363,Vicente Gómez,247222,Álvaro Medrán,4,0.4777
4363,Vicente Gómez,475041,A. Sambi Lokonga,5,0.5511
4363,Vicente Gómez,6369,Iñigo Eguaras,6,0.5742
4363,Vicente Gómez,26065,J. Martin,7,0.624
4363,Vicente Gómez,275417,Gonzalo Melero,8,0.6254
4363,Vicente Gómez,4366,Hernán Santana,9,0.6439
4363,Vicente Gómez,8309,K. Rekik,10,0.6581
4365,Roque Mesa,3349,J. dos Santos,1,0.1533
4365,Roque Mesa,3404,Andoni Iraola,2,0.1553
4365,Roque Mesa,3470,José Campaña,3,0.1578
4365,Roque Mesa,566942,E. Loiodice,4,0.2125
4365,Roque Mesa,25888,F. Fajr,5,0.2265
4365,Roque Mesa,776656,Pablo Barrios,6,0.2371
4365,Roque Mesa,135561,F. Grillitsch,7,0.26
4365,Roque Mesa,451235,Álvaro Aguado,8,0.2673
4365,Roque Mesa,222770,Nélson Semedo,9,0.2733
4365,Roque Mesa,552240,Álvaro Núñez,10,0.2904
4366,Hernán Santana,503338,Martín Zubimendi,1,0.1012
4366,Hernán Santana,397033,B. Soumaré,2,0.201
4366,Hernán Santana,333571,L. Torreira,3,0.2101
4366,Hernán Santana,7899,Oriol Romeu,4,0.2539
4366,Hernán Santana,6369,Iñigo Eguaras,5,0.2672
4366,Hernán Santana,249917,M. Malsa,6,0.2692
4366,Hernán Santana,879052,Javi Rodríguez,7,0.2831
4366,Hernán Santana,4361,Javi Castellano,8,0.3136
4366,Hernán Santana,525126,Marc Aguado,9,0.319
4366,Hernán Santana,4757,Luso,10,0.3467
4371,Dani Castellano,473371,Antonio Blanco,1,0.0594
4371,Dani Castellano,3529,Mario Gaspar,2,0.1853
4371,Dani Castellano,3534,Jaume Costa,3,0.2194
4371,Dani Castellano,481322,A. Candela,4,0.2234
4371,Dani Castellano,4936,David Simón,5,0.2391
4371,Dani Castellano,405976,Pol Lozano,6,0.2463
4371,Dani Castellano,28529,Y. Sabaly,7,0.2536
4371,Dani Castellano,116170,S. Cristóforo,8,0.2852
4371,Dani Castellano,3447,Juanfran,9,0.286
4371,Dani Castellano,593442,Beñat Prados,10,0.3044
4375,Vitolo,279567,Martín Merquelanz,1,0.1096
4375,Vitolo,337068,J. Pombo,2,0.118
4375,Vitolo,1751,O. Tannane,3,0.1741
4375,Vitolo,4015,Pablo Sarabia,4,0.2121
4375,Vitolo,343925,D. Verde,5,0.2614
4375,Vitolo,544859,Álex Baena,6,0.2783
4375,Vitolo,708179,Y. Asprilla,7,0.2786
4375,Vitolo,258022,V. Tsygankov,8,0.3035
4375,Vitolo,226005,Burgui,9,0.3218
4375,Vitolo,4879,Carles Gil,10,0.3429
4379,Jonathan Viera,3563,Isco,1,0.2817
4379,Jonathan Viera,70096,J. Rodríguez,2,0.4846
4379,Jonathan Viera,3802,Philippe Coutinho,3,0.5893
4379,Jonathan Viera,8320,S. Nasri,4,0.5917
4379,Jonathan Viera,532467,Riqui Puig,5,0.7301
4379,Jonathan Viera,703740,A. Güler,6,0.7925
4379,Jonathan Viera,302292,M. Ødegaard,7,0.7952
4379,Jonathan Viera,3360,Pedro,8,0.8432
4379,Jonathan Viera,3282,Sergio Canales,9,0.9224
4379,Jonathan Viera,618294,Pedri,10,0.9237
4424,Jonny Otto,51217,L. Augustinsson,1,0.1025
4424,Jonny Otto,225939,Xavi Quintillà,2,0.1215
4424,Jonny Otto,3351,Kiko Femenía,3,0.1457
4424,Jonny Otto,443324,Douglas Luiz,4,0.1937
4424,Jonny Otto,367503,M. Wöber,5,0.2077
4424,Jonny Otto,70139,E. Insúa,6,0.2194
4424,Jonny Otto,42183,Petros,7,0.2723
4424,Jonny Otto,3270,Barragán,8,0.2765
4424,Jonny Otto,228963,H. Traoré,9,0.2885
4424,Jonny Otto,86198,J. Sánchez Miño,10,0.2972
4425,Víctor Díaz,4326,Tito,1,0.1488
4425,Víctor Díaz,553292,Abner,2,0.1662
4425,Víctor Díaz,3408,Enric Saborit,3,0.2154
4425,Víctor Díaz,4086,Eneko Bóveda,4,0.2487
4425,Víctor Díaz,3465,Fernando Navarro,5,0.2559
4425,Víctor Díaz,278007,F. Ricca,6,0.2804
4425,Víctor Díaz,3375,Laure,7,0.3
4425,Víctor Díaz,334175,Óscar Valentín,8,0.3139
4425,Víctor Díaz,3920,Pedro López,9,0.3202
4425,Víctor Díaz,5901,Edu Campabadal,10,0.3293
4440,Borja Valle,22578,N. Sansone,1,0.2026
4440,Borja Valle,5400,Gerard Moreno,2,0.2708
4440,Borja Valle,20764,L. Muriel,3,0.2932
4440,Borja Valle,38093,M. Batshuayi,4,0.3068
4440,Borja Valle,551596,Lázaro,5,0.348
4440,Borja Valle,70129,Rodrigo,6,0.3925
4440,Borja Valle,227756,J. Boga,7,0.4101
4440,Borja Valle,20423,Alexandre Pato,8,0.475
4440,Borja Valle,258907,R. Assalé,9,0.4875
4440,Borja Valle,3548,G. Rossi,10,0.4967
4452,Yuri Berchiche,116299,L. Olaza,1,0.1311
4452,Yuri Berchiche,401550,Miguel Crespo,2,0.1626
4452,Yuri Berchiche,590721,M. Ruggeri,3,0.1731
4452,Yuri Berchiche,551304,Álex Petxa,4,0.2096
4452,Yuri Berchiche,71997,Hélder Lopes,5,0.2099
4452,Yuri Berchiche,14740,A. Boka,6,0.2364
4452,Yuri Berchiche,3351,Kiko Femenía,7,0.2466
4452,Yuri Berchiche,339801,Álvaro Lemos,8,0.2513
4452,Yuri Berchiche,14852,Sergio Escudero,9,0.2541
4452,Yuri Berchiche,3667,Alberto De La Bella,10,0.262
4487,Sergio Marcos,285590,S. Amrabat,1,0.3206
4487,Sergio Marcos,89550,M. Díaz,2,0.3366
4487,Sergio Marcos,112459,H. Herrera,3,0.3802
4487,Sergio Marcos,631908,Marc Casadó,4,0.4388
4487,Sergio Marcos,808262,M. Perrone,5,0.5119
4487,Sergio Marcos,38,D. Blind,6,0.548
4487,Sergio Marcos,3346,Sergio Busquets,7,0.54990000000000006
4487,Sergio Marcos,14757,Z. Kuzmanović,8,0.5543
4487,Sergio Marcos,3336,Adriano,9,0.5986
4487,Sergio Marcos,3443,Koke,10,0.6062
4488,Saúl Ñíguez,558754,Carlos Dotor,1,0.1029
4488,Saúl Ñíguez,3560,Nacho Monreal,2,0.1461
4488,Saúl Ñíguez,263091,Gerard Gumbau,3,0.1842
4488,Saúl Ñíguez,255738,J. Lerma,4,0.2017
4488,Saúl Ñíguez,4507,Álex Fernández,5,0.2443
4488,Saúl Ñíguez,400691,N. Petrović,6,0.2467
4488,Saúl Ñíguez,603901,Víctor Meseguer,7,0.2729
4488,Saúl Ñíguez,582098,D. Lopy,8,0.2794
4488,Saúl Ñíguez,471764,Monchu,9,0.2984
4488,Saúl Ñíguez,645789,Iker Muñoz,10,0.3194
4492,Iván Sánchez,4344,Alberto Perea,1,0.3067
4492,Iván Sánchez,230897,F. Cartabia,2,0.3075
4492,Iván Sánchez,6287,Pablo Hervías,3,0.3193
4492,Iván Sánchez,495404,D. Lainez,4,0.3476
4492,Iván Sánchez,278289,Álvaro Odriozola,5,0.4272
4492,Iván Sánchez,624615,Carlos Álvarez,6,0.4455
4492,Iván Sánchez,4078,D. Ferreiro,7,0.4499
4492,Iván Sánchez,337070,Toni Villa,8,0.4605
4492,Iván Sánchez,495674,Samuel Lino,9,0.4672
4492,Iván Sánchez,26038,J. Campbell,10,0.4685
4498,Lucas Vázquez,26515,F. Kadir,1,0.1644
4498,Lucas Vázquez,523326,Manu Fuster,2,0.2509
4498,Lucas Vázquez,8323,Denis Suárez,3,0.3032
4498,Lucas Vázquez,253,Q. Promes,4,0.3543
4498,Lucas Vázquez,583880,A. Ounahi,5,0.3627
4498,Lucas Vázquez,208942,Óliver Torres,6,0.392
4498,Lucas Vázquez,788852,Hugo Álvarez,7,0.4131
4498,Lucas Vázquez,114055,Ó. Romero,8,0.4173
4498,Lucas Vázquez,346119,Manu García,9,0.4245
4498,Lucas Vázquez,70121,N. Gaitán,10,0.4726
4501,Dani Carvajal,471761,Óscar Mingueza,1,0.1323
4501,Dani Carvajal,770387,Héctor Fort,2,0.1775
4501,Dani Carvajal,743429,Álvaro Carreras,3,0.2283
4501,Dani Carvajal,7069,Javi Lara,4,0.3589
4501,Dani Carvajal,33219,E. Culio,5,0.4044
4501,Dani Carvajal,3434,Filipe Luís,6,0.4093
4501,Dani Carvajal,3470,José Campaña,7,0.4132
4501,Dani Carvajal,3442,Fran Mérida,8,0.4208
4501,Dani Carvajal,25701,L. Digne,9,0.4274
4501,Dani Carvajal,222770,Nélson Semedo,10,0.4348
4507,Álex Fernández,605383,Beñat Turrientes,1,0.1284
4507,Álex Fernández,558754,Carlos Dotor,2,0.1483
4507,Álex Fernández,471764,Monchu,3,0.1505
4507,Álex Fernández,5290,Mikel Rico,4,0.1954
4507,Álex Fernández,339812,Pape Cheickh,5,0.199
4507,Álex Fernández,542101,S. Cissé,6,0.2028
4507,Álex Fernández,3419,Iñigo Pérez,7,0.2206
4507,Álex Fernández,603901,Víctor Meseguer,8,0.2303
4507,Álex Fernández,4488,Saúl Ñíguez,9,0.2443
4507,Álex Fernández,3560,Nacho Monreal,10,0.3288
4509,Omar Mascarell,593173,Aiham Ousou,1,0.1352
4509,Omar Mascarell,453270,M. Hongla,2,0.1522
4509,Omar Mascarell,91064,D. Torres,3,0.1577
4509,Omar Mascarell,563961,José Fontán,4,0.1831
4509,Omar Mascarell,4332,Javi Fuego,5,0.1856
4509,Omar Mascarell,3675,Gorka Elustondo,6,0.2131
4509,Omar Mascarell,4248,Alberto Martín,7,0.2243
4509,Omar Mascarell,935301,Marcos Peña,8,0.2569
4509,Omar Mascarell,3505,R. Loé,9,0.2591
4509,Omar Mascarell,493898,Adrián de la Fuente,10,0.2757
4511,Pedro Mosquera,3414,Ander Iturraspe,1,0.0649
4511,Pedro Mosquera,20722,F. Rossi,2,0.1727
4511,Pedro Mosquera,167118,Erik Morán,3,0.176
4511,Pedro Mosquera,25553,César Azpilicueta,4,0.1871
4511,Pedro Mosquera,604055,Mika Mármol,5,0.1937
4511,Pedro Mosquera,712871,Jon Gorrotxategi,6,0.2132
4511,Pedro Mosquera,20460,M. Cáceres,7,0.214
4511,Pedro Mosquera,4009,M. Lacen,8,0.2639
4511,Pedro Mosquera,3436,Javi Manquillo,9,0.2751
4511,Pedro Mosquera,477352,Ander Guevara,10,0.2754
4513,D. Cheryshev,3293,P. Piatti,1,0.1074
4513,D. Cheryshev,568583,Juan Cruz,2,0.1306
4513,D. Cheryshev,265376,M. Simon,3,0.1844
4513,D. Cheryshev,275419,Luis Rioja,4,0.1993
4513,D. Cheryshev,282444,Sergi Canós,5,0.217
4513,D. Cheryshev,5195,Omar Ramos,6,0.2278
4513,D. Cheryshev,25477,S. Gürler,7,0.2448
4513,D. Cheryshev,218549,Garry Rodrigues,8,0.2635
4513,D. Cheryshev,251565,Álvaro García,9,0.2645
4513,D. Cheryshev,339791,Álex Berenguer,10,0.2664
4515,Óscar Plano,551419,Alberto Soro,1,0.2137
4515,Óscar Plano,364086,T. Conechny,2,0.2813
4515,Óscar Plano,694062,Pablo Ibáñez,3,0.3211
4515,Óscar Plano,713064,Pablo Marín,4,0.3278
4515,Óscar Plano,127928,D. Brašanac,5,0.3339
4515,Óscar Plano,70235,Héldon,6,0.36870000000000003
4515,Óscar Plano,626229,Mario Martín,7,0.3921
4515,Óscar Plano,94828,G. Shibasaki,8,0.3946
4515,Óscar Plano,230895,Pere Pons,9,0.4575
4515,Óscar Plano,382622,S. Amallah,10,0.4654
4580,J. Babin,20433,S. Kjær,1,0.2086
4580,J. Babin,3692,B. Espinosa,2,0.226
4580,J. Babin,288112,C. Starfelt,3,0.2289
4580,J. Babin,3275,Ricardo Costa,4,0.2413
4580,J. Babin,20636,M. Andreolli,5,0.2593
4580,J. Babin,947678,Juanma Herzog,6,0.2939
4580,J. Babin,3642,Iván Ramis,7,0.341
4580,J. Babin,3922,David Navarro,8,0.3541
4580,J. Babin,3433,D. Godín,9,0.3611
4580,J. Babin,40542,Felipe,10,0.3709
4590,A. González Casanova,25798,E. Capoue,1,0.0394
4590,A. González Casanova,247222,Álvaro Medrán,2,0.2389
4590,A. González Casanova,6369,Iñigo Eguaras,3,0.2972
4590,A. González Casanova,475041,A. Sambi Lokonga,4,0.3485
4590,A. González Casanova,503338,Martín Zubimendi,5,0.3813
4590,A. González Casanova,249917,M. Malsa,6,0.3841
4590,A. González Casanova,4366,Hernán Santana,7,0.4211
4590,A. González Casanova,7899,Oriol Romeu,8,0.435
4590,A. González Casanova,269060,P. Hernández,9,0.4435
4590,A. González Casanova,167641,S. Lobotka,10,0.4625
4592,Paco Montañés,222439,E. Rigoni,1,0.1154
4592,Paco Montañés,501471,I. Chaira,2,0.1196
4592,Paco Montañés,382622,S. Amallah,3,0.1411
4592,Paco Montañés,353331,K. Jóźwiak,4,0.2089
4592,Paco Montañés,444669,N. González,5,0.2234
4592,Paco Montañés,397109,Jota,6,0.2285
4592,Paco Montañés,4127,J. Feliu,7,0.234
4592,Paco Montañés,6456,Dani Rodríguez,8,0.238
4592,Paco Montañés,70235,Héldon,9,0.2521
4592,Paco Montañés,364086,T. Conechny,10,0.3044
4597,Saúl Berjón,237034,Gonçalo Guedes,1,0.1576
4597,Saúl Berjón,276944,J. Bamba,2,0.1872
4597,Saúl Berjón,286830,P. Roberts,3,0.1982
4597,Saúl Berjón,215983,S. Boufal,4,0.2309
4597,Saúl Berjón,504301,T. Kubo,5,0.2383
4597,Saúl Berjón,374800,M. Vargas,6,0.2628
4597,Saúl Berjón,4337,Lass Bangoura,7,0.2724
4597,Saúl Berjón,471991,Rodrigo Riquelme,8,0.3113
4597,Saúl Berjón,495674,Samuel Lino,9,0.3283
4597,Saúl Berjón,661732,Savinho,10,0.3295
4602,Oriol Riera,6292,K. Kodro,1,0.042
4602,Oriol Riera,21174,E. Cavani,2,0.1519
4602,Oriol Riera,101635,F. Caicedo,3,0.2499
4602,Oriol Riera,4048,Sergi Enrich,4,0.2851
4602,Oriol Riera,98072,S. Šćepović,5,0.3109
4602,Oriol Riera,5481,Miguel Guerrero,6,0.3248
4602,Oriol Riera,105618,A. Kravets,7,0.3449
4602,Oriol Riera,3483,Álvaro Negredo,8,0.3634
4602,Oriol Riera,225946,A. Sanabria,9,0.3851
4602,Oriol Riera,266885,M. Olunga,10,0.3851
4683,A. Szymanowski,116283,D. Rolán,1,0.1276
4683,A. Szymanowski,3934,N. El Zhar,2,0.1505
4683,A. Szymanowski,4880,Rober Ibáñez,3,0.1563
4683,A. Szymanowski,595598,Peque Fernández,4,0.1694
4683,A. Szymanowski,230883,Ayoze Pérez,5,0.2883
4683,A. Szymanowski,5911,Sandro Ramírez,6,0.2929
4683,A. Szymanowski,3629,Viguera,7,0.3109
4683,A. Szymanowski,14836,T. Inui,8,0.3399
4683,A. Szymanowski,38094,I. Ezekiel,9,0.3448
4683,A. Szymanowski,355599,Mikel Oyarzabal,10,0.3524
4720,Xisco Campos,211853,Rúben Vezo,1,0.1855
4720,Xisco Campos,694310,Raúl Torrente,2,0.1882
4720,Xisco Campos,364817,Tachi,3,0.1959
4720,Xisco Campos,50102,F. Schär,4,0.1985
4720,Xisco Campos,86220,Gabriel Mercado,5,0.2046
4720,Xisco Campos,88969,D. Musto,6,0.2093
4720,Xisco Campos,652014,César Tárrega,7,0.2183
4720,Xisco Campos,508021,Jorge Cuenca,8,0.2553
4720,Xisco Campos,3407,Jonás Ramalho,9,0.2743
4720,Xisco Campos,298353,José Martínez,10,0.2819
4757,Luso,879052,Javi Rodríguez,1,0.1675
4757,Luso,525126,Marc Aguado,2,0.1832
4757,Luso,413597,R. Kouamé,3,0.1947
4757,Luso,40614,Guilherme,4,0.2148
4757,Luso,86828,G. Pizarro,5,0.2207
4757,Luso,477106,S. Cáseres,6,0.2222
4757,Luso,368110,Jailson,7,0.225
4757,Luso,634204,E. Barrenechea,8,0.2449
4757,Luso,7899,Oriol Romeu,9,0.2466
4757,Luso,231713,F. Bradarić,10,0.2638
4778,Coro,644114,L. Romero,1,0.211
4778,Coro,256854,L. Suárez,2,0.3231
4778,Coro,3479,Manu del Moral,3,0.332
4778,Coro,230934,Josep Señé,4,0.3385
4778,Coro,547492,Reinier,5,0.3912
4778,Coro,532815,Miguel Baeza,6,0.3942
4778,Coro,20450,Bojan Krkić,7,0.4181
4778,Coro,278278,Munir El Haddadi,8,0.4194
4778,Coro,3451,Adrián López,9,0.4501
4778,Coro,6370,Eraso,10,0.4582
4780,David Juncà,551304,Álex Petxa,1,0.1957
4780,David Juncà,590721,M. Ruggeri,2,0.2418
4780,David Juncà,3421,Óscar De Marcos,3,0.2537
4780,David Juncà,303078,G. Suazo,4,0.2546
4780,David Juncà,552245,Imanol García de Albéniz,5,0.2552
4780,David Juncà,254,R. Rosales,6,0.2683
4780,David Juncà,530689,Mario Hernández,7,0.2934
4780,David Juncà,326525,Lucas Ahijado,8,0.328
4780,David Juncà,14852,Sergio Escudero,9,0.3667
4780,David Juncà,71997,Hélder Lopes,10,0.3763
4786,I. Balliu,3538,M. Wakaso,1,0.1623
4786,I. Balliu,367391,Toni Moya,2,0.2198
4786,I. Balliu,744854,Hugo Rincón,3,0.2451
4786,I. Balliu,3447,Juanfran,4,0.259
4786,I. Balliu,3598,Álex Martínez,5,0.2646
4786,I. Balliu,167145,Héctor Bellerín,6,0.2727
4786,I. Balliu,21793,C. Piccini,7,0.2892
4786,I. Balliu,3460,Coke,8,0.2914
4786,I. Balliu,341751,Marc Navarro,9,0.3187
4786,I. Balliu,481322,A. Candela,10,0.3243
4789,Carles Planas,636122,Alejandro Francés,1,0.3473
4789,Carles Planas,552245,Imanol García de Albéniz,2,0.3573
4789,Carles Planas,290954,K. Tierney,3,0.4108
4789,Carles Planas,590721,M. Ruggeri,4,0.529
4789,Carles Planas,20643,B. Jokić,5,0.5336
4789,Carles Planas,4013,Rubén Pérez,6,0.5365
4789,Carles Planas,3827,Hugo Mallo,7,0.5561
4789,Carles Planas,551304,Álex Petxa,8,0.5645
4789,Carles Planas,3667,Alberto De La Bella,9,0.5646
4789,Carles Planas,4780,David Juncà,10,0.5655
4790,Carlos Carmona,482369,Javi Martínez,1,0.1369
4790,Carlos Carmona,3837,Jota,2,0.1713
4790,Carlos Carmona,293862,Nacho Gil,3,0.2168
4790,Carlos Carmona,254188,N. Leiva,4,0.2433
4790,Carlos Carmona,4285,Fede Vico,5,0.2639
4790,Carlos Carmona,225084,Rubén García,6,0.2685
4790,Carlos Carmona,403246,L. de la Torre,7,0.2798
4790,Carlos Carmona,478999,Kike Pérez,8,0.3184
4790,Carlos Carmona,56009,R. Durmisi,9,0.3277
4790,Carlos Carmona,536152,Jordi Martín,10,0.3659
4791,J. González,28922,T. Lemar,1,0.1296
4791,J. González,693939,Pablo Torre,2,0.281
4791,J. González,211885,André Gomes,3,0.2985
4791,J. González,624498,Martim Neto,4,0.3078
4791,J. González,4278,Borja García,5,0.3098
4791,J. González,694195,Rodri Sánchez,6,0.3229
4791,J. González,399676,Pablo Fornals,7,0.3301
4791,J. González,14866,José Manuel Jurado,8,0.3406
4791,J. González,499596,S. Dest,9,0.3424
4791,J. González,134177,José Pozo,10,0.3698
4805,Anaitz Arbilla,3340,Muniesa,1,0.0853
4805,Anaitz Arbilla,843681,Pau Navarro,2,0.1398
4805,Anaitz Arbilla,25470,S. Prcić,3,0.3016
4805,Anaitz Arbilla,604055,Mika Mármol,4,0.3276
4805,Anaitz Arbilla,3414,Ander Iturraspe,5,0.3368
4805,Anaitz Arbilla,20460,M. Cáceres,6,0.3802
4805,Anaitz Arbilla,4511,Pedro Mosquera,7,0.3893
4805,Anaitz Arbilla,456053,J. Foyth,8,0.3899
4805,Anaitz Arbilla,340706,G. Rodríguez,9,0.4026
4805,Anaitz Arbilla,4013,Rubén Pérez,10,0.4123
4821,Michel Herrero,26084,L. Carole,1,0.0834
4821,Michel Herrero,3442,Fran Mérida,2,0.189
4821,Michel Herrero,70083,Danilo,3,0.2368
4821,Michel Herrero,3418,Iñigo Ruiz de Galarreta,4,0.2895
4821,Michel Herrero,552240,Álvaro Núñez,5,0.3055
4821,Michel Herrero,352787,Pepelu,6,0.3136
4821,Michel Herrero,642237,Gerard Martín,7,0.3538
4821,Michel Herrero,265369,U. Agbo,8,0.3582
4821,Michel Herrero,770387,Héctor Fort,9,0.3921
4821,Michel Herrero,545943,Unai Vencedor,10,0.411
4879,Carles Gil,253,Q. Promes,1,0.2204
4879,Carles Gil,4015,Pablo Sarabia,2,0.2472
4879,Carles Gil,337068,J. Pombo,3,0.3185
4879,Carles Gil,544859,Álex Baena,4,0.3187
4879,Carles Gil,446483,André Almeida,5,0.3316
4879,Carles Gil,4375,Vitolo,6,0.3429
4879,Carles Gil,544862,Germán Valera,7,0.3433
4879,Carles Gil,112522,J. Corona,8,0.3765
4879,Carles Gil,1751,O. Tannane,9,0.3784
4879,Carles Gil,558581,Pejiño,10,0.3917
4880,Rober Ibáñez,116283,D. Rolán,1,0.0933
4880,Rober Ibáñez,4683,A. Szymanowski,2,0.1563
4880,Rober Ibáñez,595598,Peque Fernández,3,0.1758
4880,Rober Ibáñez,3629,Viguera,4,0.208
4880,Rober Ibáñez,652912,W. Swedberg,5,0.2162
4880,Rober Ibáñez,88642,E. Ávila,6,0.2861
4880,Rober Ibáñez,3934,N. El Zhar,7,0.2876
4880,Rober Ibáñez,3287,Portu,8,0.2991
4880,Rober Ibáñez,339857,José Arnáiz,9,0.3269
4880,Rober Ibáñez,5911,Sandro Ramírez,10,0.3353
4889,Tano Bonnín,86882,L. Orbán,1,0.1402
4889,Tano Bonnín,4272,Ximo Navarro,2,0.4662
4889,Tano Bonnín,6365,Unai Bustinza,3,0.4747
4889,Tano Bonnín,90774,H. Palacios,4,0.4892
4889,Tano Bonnín,278007,F. Ricca,5,0.4936
4889,Tano Bonnín,3856,Molinero,6,0.5079
4889,Tano Bonnín,21550,Gabriel Silva,7,0.5166
4889,Tano Bonnín,21842,C. Biraghi,8,0.5472
4889,Tano Bonnín,3375,Laure,9,0.5693
4889,Tano Bonnín,7818,Carlos Akapo,10,0.5726
4892,José Gayá,112366,M. Layún,1,0.0842
4892,José Gayá,477082,Emerson Royal,2,0.1708
4892,José Gayá,89712,F. Gutiérrez,3,0.1744
4892,José Gayá,71997,Hélder Lopes,4,0.1765
4892,José Gayá,279560,Andoni Gorosabel,5,0.1785
4892,José Gayá,70315,Diogo Figueiras,6,0.1835
4892,José Gayá,14852,Sergio Escudero,7,0.2104
4892,José Gayá,402854,G. Montiel,8,0.2161
4892,José Gayá,3421,Óscar De Marcos,9,0.2557
4892,José Gayá,401550,Miguel Crespo,10,0.2609
4902,Ángel Montoro,4242,Corona,1,0.0595
4902,Ángel Montoro,706732,Sergi Altimira,2,0.1142
4902,Ángel Montoro,269060,P. Hernández,3,0.1441
4902,Ángel Montoro,357806,D. Hancko,4,0.1989
4902,Ángel Montoro,274344,B. Santamaria,5,0.201
4902,Ángel Montoro,3680,David Zurutuza,6,0.2224
4902,Ángel Montoro,366401,F. Anguissa,7,0.2305
4902,Ángel Montoro,3568,Recio,8,0.2327
4902,Ángel Montoro,5289,Fran Rico,9,0.2366
4902,Ángel Montoro,25785,S. Aurier,10,0.2584
4908,Alberto Moreno,25407,C. Grenier,1,0.0473
4908,Alberto Moreno,326547,E. Buendía,2,0.19
4908,Alberto Moreno,552232,Jon Ander Olasagasti,3,0.236
4908,Alberto Moreno,339885,Son,4,0.2654
4908,Alberto Moreno,499843,Edu Expósito,5,0.2803
4908,Alberto Moreno,402854,G. Montiel,6,0.2938
4908,Alberto Moreno,14740,A. Boka,7,0.2963
4908,Alberto Moreno,247212,Rafa Navarro,8,0.3087
4908,Alberto Moreno,472696,Sergio Gómez,9,0.3708
4908,Alberto Moreno,401550,Miguel Crespo,10,0.3721
4911,Jozabed,3602,Salva Sevilla,1,0.3059
4911,Jozabed,20475,A. Vidal,2,0.3867
4911,Jozabed,475041,A. Sambi Lokonga,3,0.4909
4911,Jozabed,364005,F. Valverde,4,0.5162
4911,Jozabed,5286,A. Moreno,5,0.5321
4911,Jozabed,3678,Xabi Prieto,6,0.5578
4911,Jozabed,37762,William Carvalho,7,0.6301
4911,Jozabed,3812,Joan Verdú,8,0.6508
4911,Jozabed,3542,Manu Trigueros,9,0.6724
4911,Jozabed,247222,Álvaro Medrán,10,0.6894
4918,Deivid,3695,Álvaro Soberón,1,0.1088
4918,Deivid,70140,Daniel Carriço,2,0.1224
4918,Deivid,8311,S. Savić,3,0.1226
4918,Deivid,25392,Bakary Koné,4,0.1242
4918,Deivid,344068,Unai Núñez,5,0.1245
4918,Deivid,384066,C. Montes,6,0.1497
4918,Deivid,227894,J. Giménez,7,0.1612
4918,Deivid,357991,Édgar González,8,0.1615
4918,Deivid,20612,S. Mustafi,9,0.1876
4918,Deivid,601275,Rafa Marín,10,0.1903
4923,Salvi Sánchez,722550,Antoniu Roca,1,0.148
4923,Salvi Sánchez,609127,Carlos Martín,2,0.1517
4923,Salvi Sánchez,601883,F. Pellistri,3,0.3075
4923,Salvi Sánchez,601297,Peter González,4,0.3675
4923,Salvi Sánchez,434145,Álex Sola,5,0.3867
4923,Salvi Sánchez,601166,Jofre Carreras,6,0.4114
4923,Salvi Sánchez,254898,Kenedy,7,0.4454
4923,Salvi Sánchez,713838,Álex Sancris,8,0.454
4923,Salvi Sánchez,344140,A. Ndiaye,9,0.4663
4923,Salvi Sánchez,3281,Juan Bernat,10,0.4756
4936,David Simón,28529,Y. Sabaly,1,0.046
4936,David Simón,339801,Álvaro Lemos,2,0.1658
4936,David Simón,70136,S. Arias,3,0.2009
4936,David Simón,3534,Jaume Costa,4,0.2017
4936,David Simón,593442,Beñat Prados,5,0.2096
4936,David Simón,116299,L. Olaza,6,0.2326
4936,David Simón,4371,Dani Castellano,7,0.2391
4936,David Simón,473371,Antonio Blanco,8,0.2406
4936,David Simón,481322,A. Candela,9,0.2561
4936,David Simón,3447,Juanfran,10,0.2584
4969,Tana,578270,T. Almada,1,0.1471
4969,Tana,21077,A. Gómez,2,0.1694
4969,Tana,32652,E. Çolak,3,0.1878
4969,Tana,4278,Borja García,4,0.2268
4969,Tana,3571,Joaquín,5,0.2406
4969,Tana,3344,Rafinha,6,0.3436
4969,Tana,4791,J. González,7,0.3802
4969,Tana,4362,Momo,8,0.3814
4969,Tana,14866,José Manuel Jurado,9,0.4416
4969,Tana,694195,Rodri Sánchez,10,0.4441
4997,Antoñito,655335,Yusi,1,0.1003
4997,Antoñito,209012,Kévin Rodrigues,2,0.1607
4997,Antoñito,501165,Lucas Pires,3,0.1691
4997,Antoñito,367391,Toni Moya,4,0.1876
4997,Antoñito,21793,C. Piccini,5,0.1975
4997,Antoñito,301016,R. Perraud,6,0.2006
4997,Antoñito,624613,Juanlu Sánchez,7,0.21
4997,Antoñito,137298,Jonathan Silva,8,0.2107
4997,Antoñito,354123,Pol Lirola,9,0.2254
4997,Antoñito,496493,Víctor Gómez,10,0.2295
5055,José Mari,3866,M. Iturra,1,0.1508
5055,José Mari,471583,I. Baba,2,0.156
5055,José Mari,344049,Oriol Rey,3,0.1861
5055,José Mari,435472,U. Račić,4,0.1899
5055,José Mari,611437,M. Diarra,5,0.2032
5055,José Mari,25405,M. Gonalons,6,0.2094
5055,José Mari,240609,Á. Muñoz,7,0.2127
5055,José Mari,3505,R. Loé,8,0.222
5055,José Mari,3975,Sergio Álvarez,9,0.2626
5055,José Mari,373713,Christian Rivera,10,0.2776
5112,Lucas Torró,691939,T. Nikitscher,1,0.2181
5112,Lucas Torró,208945,César de la Hoz,2,0.237
5112,Lucas Torró,546482,José Gragera,3,0.268
5112,Lucas Torró,386686,S. Jurić,4,0.317
5112,Lucas Torró,375350,M. Loum,5,0.3403
5112,Lucas Torró,20685,R. Krhin,6,0.3634
5112,Lucas Torró,3674,Markel Bergara,7,0.3681
5112,Lucas Torró,128742,N. Vukčević,8,0.3785
5112,Lucas Torró,225085,Fali,9,0.3897
5112,Lucas Torró,3933,Xavi Torres,10,0.4002
5121,Jorge Morcillo,3970,Alejandro Gálvez,1,0.1801
5121,Jorge Morcillo,230857,Yeray Álvarez,2,0.1962
5121,Jorge Morcillo,720559,Kike Salas,3,0.2803
5121,Jorge Morcillo,3788,J. Amat,4,0.2912
5121,Jorge Morcillo,473366,Víctor Chust,5,0.34
5121,Jorge Morcillo,694310,Raúl Torrente,6,0.3486
5121,Jorge Morcillo,622390,C. Özkacar,7,0.3497
5121,Jorge Morcillo,339799,Jorge Sáenz,8,0.3562
5121,Jorge Morcillo,3675,Gorka Elustondo,9,0.367
5121,Jorge Morcillo,557066,K. Piątkowski,10,0.3686
5138,Wellington Silva,579987,Jon Morcillo,1,0.1322
5138,Wellington Silva,4078,D. Ferreiro,2,0.2044
5138,Wellington Silva,254189,Ivi López,3,0.2207
5138,Wellington Silva,337070,Toni Villa,4,0.2426
5138,Wellington Silva,682943,T. Dolan,5,0.2813
5138,Wellington Silva,411422,B. Ocampo,6,0.354
5138,Wellington Silva,626123,Ilias Akhomach,7,0.3586
5138,Wellington Silva,220656,Wanderson,8,0.3644
5138,Wellington Silva,32601,Bebé,9,0.3917
5138,Wellington Silva,134174,Samu Castillejo,10,0.4012
5147,A. Lozano,487756,Marcos André,1,0.2645
5147,A. Lozano,788748,Álvaro Rodríguez,2,0.2912
5147,A. Lozano,22386,S. Longo,3,0.3521
5147,A. Lozano,670456,E. Eyong,4,0.3594
5147,A. Lozano,116319,M. Santos,5,0.3634
5147,A. Lozano,350992,U. Sadiq,6,0.3859
5147,A. Lozano,607496,O. Óskarsson,7,0.3949
5147,A. Lozano,559368,A. Adams,8,0.4145
5147,A. Lozano,287219,M. Uzuni,9,0.4293
5147,A. Lozano,524274,A. Douvikas,10,0.4343
5167,M. Díaz,208972,Carlos Castro,1,0.1941
5167,M. Díaz,3781,Javi Guerra,2,0.358
5167,M. Díaz,14817,R. Lewandowski,3,0.3727
5167,M. Díaz,3290,Aritz Aduriz,4,0.3898
5167,M. Díaz,3291,Paco Alcácer,5,0.3905
5167,M. Díaz,3424,Fernando Llorente,6,0.4264
5167,M. Díaz,37831,C. Bacca,7,0.4392
5167,M. Díaz,3681,Imanol Agirretxe,8,0.4609
5167,M. Díaz,25867,P. Aubameyang,9,0.5053
5167,M. Díaz,266885,M. Olunga,10,0.507
5171,Víctor Rodríguez,20823,F. Vázquez,1,0.0975
5171,Víctor Rodríguez,450784,Óscar Melendo,2,0.24
5171,Víctor Rodríguez,3358,Cristian Tello,3,0.3003
5171,Víctor Rodríguez,302550,Brais Méndez,4,0.3154
5171,Víctor Rodríguez,5791,J. Añor,5,0.3322
5171,Víctor Rodríguez,582472,L. Sučić,6,0.3404
5171,Víctor Rodríguez,364864,Pedro Díaz,7,0.3471
5171,Víctor Rodríguez,372752,Carlos Soler,8,0.3485
5171,Víctor Rodríguez,20623,R. Soriano,9,0.3644
5171,Víctor Rodríguez,647161,Gavi,10,0.3689
5195,Omar Ramos,265376,M. Simon,1,0.0782
5195,Omar Ramos,282444,Sergi Canós,2,0.0903
5195,Omar Ramos,568583,Juan Cruz,3,0.2015
5195,Omar Ramos,3394,Bruno Gama,4,0.2161
5195,Omar Ramos,4513,D. Cheryshev,5,0.2278
5195,Omar Ramos,220656,Wanderson,6,0.2558
5195,Omar Ramos,3293,P. Piatti,7,0.2915
5195,Omar Ramos,134174,Samu Castillejo,8,0.3083
5195,Omar Ramos,251565,Álvaro García,9,0.3367
5195,Omar Ramos,722567,G. Simeone,10,0.3427
5268,Sergio León,274435,E. Ünal,1,0.0875
5268,Sergio León,282449,Asier Villalibre,2,0.1218
5268,Sergio León,474104,J. Strand Larsen,3,0.201
5268,Sergio León,683194,T. Barry,4,0.2067
5268,Sergio León,105376,N. Kalinić,5,0.2192
5268,Sergio León,20733,F. Piovaccari,6,0.2281
5268,Sergio León,3874,Kike García,7,0.2657
5268,Sergio León,611298,Raul García,8,0.2692
5268,Sergio León,7908,Fernando Torres,9,0.2731
5268,Sergio León,55224,A. Sørloth,10,0.2967
5280,Mainz,3665,Ansotegi,1,0.3599
5280,Mainz,4580,J. Babin,2,0.383
5280,Mainz,3922,David Navarro,3,0.3898
5280,Mainz,86298,E. Saveljich,4,0.4011
5280,Mainz,3275,Ricardo Costa,5,0.4192
5280,Mainz,4180,David Lombán,6,0.4359
5280,Mainz,947678,Juanma Herzog,7,0.4381
5280,Mainz,3692,B. Espinosa,8,0.4382
5280,Mainz,344444,D. Hadžikadunić,9,0.4542
5280,Mainz,3433,D. Godín,10,0.469
5281,A. Nyom,25638,D. Foulquier,1,0.1612
5281,A. Nyom,404328,Enric Franquesa,2,0.2616
5281,A. Nyom,574784,Antonio Sánchez,3,0.2715
5281,A. Nyom,3787,Víctor Álvarez,4,0.3045
5281,A. Nyom,380709,S. Arzamendia,5,0.3275
5281,A. Nyom,5902,Brian Oliván,6,0.392
5281,A. Nyom,5327,Miguel Cifuentes,7,0.431
5281,A. Nyom,445504,Carlos Neva,8,0.4358
5281,A. Nyom,278867,S. Janko,9,0.4362
5281,A. Nyom,342785,Jairo Izquierdo,10,0.4419
5284,Siqueira,470934,Javi Hernández,1,0.0757
5284,Siqueira,339690,G. González,2,0.1948
5284,Siqueira,41339,Alex Telles,3,0.2133
5284,Siqueira,618690,José Ángel Carmona,4,0.2224
5284,Siqueira,25452,S. Corchia,5,0.2251
5284,Siqueira,3735,Juankar,6,0.2294
5284,Siqueira,5318,Isma López,7,0.2314
5284,Siqueira,778363,Adama Boiro,8,0.2832
5284,Siqueira,525130,Álex Centelles,9,0.2846
5284,Siqueira,557401,Bruno Langa,10,0.2919
5286,A. Moreno,37762,William Carvalho,1,0.3375
5286,A. Moreno,3602,Salva Sevilla,2,0.4297
5286,A. Moreno,20475,A. Vidal,3,0.4317
5286,A. Moreno,808262,M. Perrone,4,0.4683
5286,A. Moreno,14757,Z. Kuzmanović,5,0.4747
5286,A. Moreno,696440,Damián Rodríguez,6,0.4827
5286,A. Moreno,475041,A. Sambi Lokonga,7,0.4952
5286,A. Moreno,89550,M. Díaz,8,0.5192
5286,A. Moreno,3677,Rubén Pardo,9,0.5201
5286,A. Moreno,4911,Jozabed,10,0.5321
5289,Fran Rico,706732,Sergi Altimira,1,0.1464
5289,Fran Rico,217031,T. Partey,2,0.1526
5289,Fran Rico,4242,Corona,3,0.2063
5289,Fran Rico,269060,P. Hernández,4,0.2099
5289,Fran Rico,634204,E. Barrenechea,5,0.2116
5289,Fran Rico,5907,Sergi Samper,6,0.21560000000000001
5289,Fran Rico,4243,Verza,7,0.2194
5289,Fran Rico,249917,M. Malsa,8,0.2231
5289,Fran Rico,4902,Ángel Montoro,9,0.2366
5289,Fran Rico,357806,D. Hancko,10,0.248
5290,Mikel Rico,339812,Pape Cheickh,1,0.0481
5290,Mikel Rico,3419,Iñigo Pérez,2,0.0488
5290,Mikel Rico,3808,Javi Márquez,3,0.1775
5290,Mikel Rico,4507,Álex Fernández,4,0.1954
5290,Mikel Rico,279526,W. Kaptoum,5,0.2037
5290,Mikel Rico,605383,Beñat Turrientes,6,0.2273
5290,Mikel Rico,471764,Monchu,7,0.233
5290,Mikel Rico,542101,S. Cissé,8,0.2373
5290,Mikel Rico,643875,J. Solís,9,0.2421
5290,Mikel Rico,387840,Santi Comesaña,10,0.2426
5291,Jaime Romero,1016232,Jesús Rodríguez,1,0.1991
5291,Jaime Romero,4014,Pedro León,2,0.2185
5291,Jaime Romero,239843,Zakaria Bakkali,3,0.22
5291,Jaime Romero,91282,M. Cuero,4,0.2431
5291,Jaime Romero,218549,Garry Rodrigues,5,0.2623
5291,Jaime Romero,596052,Ander Barrenetxea,6,0.2641
5291,Jaime Romero,344053,Carles Pérez,7,0.2741
5291,Jaime Romero,722567,G. Simeone,8,0.2754
5291,Jaime Romero,257752,M. Moreno,9,0.293
5291,Jaime Romero,212651,C. Musonda,10,0.2946
5297,I. Uche,20402,K. Boateng,1,0.2334
5297,I. Uche,3548,G. Rossi,2,0.2506
5297,I. Uche,25577,L. Rémy,3,0.3682
5297,I. Uche,3608,R. Santa Cruz,4,0.3782
5297,I. Uche,7941,Chicharito,5,0.4759
5297,I. Uche,3779,Alberto Bueno,6,0.5055
5297,I. Uche,112596,J. Martínez,7,0.5497
5297,I. Uche,3655,Víctor Casadesús,8,0.5699
5297,I. Uche,40770,Willian José,9,0.5762
5297,I. Uche,5400,Gerard Moreno,10,0.5862
5318,Isma López,618690,José Ángel Carmona,1,0.075
5318,Isma López,282438,Aarón Martín,2,0.1007
5318,Isma López,326535,Toni Lato,3,0.1012
5318,Isma López,557401,Bruno Langa,4,0.1315
5318,Isma López,25452,S. Corchia,5,0.1393
5318,Isma López,3750,Mikel Balenziaga,6,0.1987
5318,Isma López,525130,Álex Centelles,7,0.202
5318,Isma López,5902,Brian Oliván,8,0.217
5318,Isma López,561190,Javi López,9,0.217
5318,Isma López,3798,Dídac Vilá,10,0.2213
5327,Miguel Cifuentes,3750,Mikel Balenziaga,1,0.1288
5327,Miguel Cifuentes,352761,Luis Pérez,2,0.1326
5327,Miguel Cifuentes,618690,José Ángel Carmona,3,0.1849
5327,Miguel Cifuentes,6572,Iza Carcelén,4,0.2019
5327,Miguel Cifuentes,5902,Brian Oliván,5,0.2072
5327,Miguel Cifuentes,282438,Aarón Martín,6,0.2072
5327,Miguel Cifuentes,278867,S. Janko,7,0.2178
5327,Miguel Cifuentes,393214,V. Rosier,8,0.2178
5327,Miguel Cifuentes,436688,Viti Rozada,9,0.233
5327,Miguel Cifuentes,69409,Š. Vrsaljko,10,0.2398
5383,Toño García,496493,Víctor Gómez,1,0.113
5383,Toño García,230862,Íñigo Lekue,2,0.1176
5383,Toño García,301016,R. Perraud,3,0.1374
5383,Toño García,344104,Álvaro Tejero,4,0.1398
5383,Toño García,293333,M. Ristić,5,0.1478
5383,Toño García,286248,V. Kravets,6,0.1659
5383,Toño García,354123,Pol Lirola,7,0.1765
5383,Toño García,550927,Sergi Cardona,8,0.1846
5383,Toño García,3325,Juanfran,9,0.206
5383,Toño García,472191,Renan Lodi,10,0.2283
5400,Gerard Moreno,4440,Borja Valle,1,0.2708
5400,Gerard Moreno,70129,Rodrigo,2,0.2812
5400,Gerard Moreno,227756,J. Boga,3,0.369
5400,Gerard Moreno,20402,K. Boateng,4,0.3803
5400,Gerard Moreno,551596,Lázaro,5,0.3995
5400,Gerard Moreno,397303,Ferrán Torres,6,0.4242
5400,Gerard Moreno,258907,R. Assalé,7,0.4404
5400,Gerard Moreno,3548,G. Rossi,8,0.4445
5400,Gerard Moreno,105541,Lucas Pérez,9,0.4644
5400,Gerard Moreno,22578,N. Sansone,10,0.4649
5472,Luis Hernández,450769,Fernando Calero,1,0.0634
5472,Luis Hernández,344102,Javi Sánchez,2,0.1164
5472,Luis Hernández,473366,Víctor Chust,3,0.1375
5472,Luis Hernández,622390,C. Özkacar,4,0.1404
5472,Luis Hernández,3788,J. Amat,5,0.1524
5472,Luis Hernández,3496,Sergio Postigo,6,0.1681
5472,Luis Hernández,92874,L. Vyntra,7,0.1742
5472,Luis Hernández,911027,Vitor Reis,8,0.176
5472,Luis Hernández,86325,R. Funes Mori,9,0.1884
5472,Luis Hernández,557066,K. Piątkowski,10,0.1937
5481,Miguel Guerrero,4048,Sergi Enrich,1,0.1581
5481,Miguel Guerrero,3804,Álvaro Vázquez,2,0.1615
5481,Miguel Guerrero,101795,L. Traoré,3,0.1865
5481,Miguel Guerrero,25472,C. Bakambu,4,0.2109
5481,Miguel Guerrero,105618,A. Kravets,5,0.2176
5481,Miguel Guerrero,405979,Abel Ruiz,6,0.2571
5481,Miguel Guerrero,3576,Juanmi,7,0.2813
5481,Miguel Guerrero,134175,Raúl de Tomás,8,0.2861
5481,Miguel Guerrero,101635,F. Caicedo,9,0.2938
5481,Miguel Guerrero,6292,K. Kodro,10,0.2997
5538,Nacho Martínez,135909,Rafa Soares,1,0.1906
5538,Nacho Martínez,3919,Iván López,2,0.2214
5538,Nacho Martínez,396513,Alex Pozo,3,0.3181
5538,Nacho Martínez,423157,Thierry Correia,4,0.3723
5538,Nacho Martínez,254,R. Rosales,5,0.3726
5538,Nacho Martínez,230862,Íñigo Lekue,6,0.3942
5538,Nacho Martínez,3790,Carlos Clerc,7,0.3979
5538,Nacho Martínez,344014,L. Agbenyenu,8,0.4004
5538,Nacho Martínez,3325,Juanfran,9,0.4075
5538,Nacho Martínez,293333,M. Ristić,10,0.4168
5542,Dani García,262121,D. Vavro,1,0.0956
5542,Dani García,3436,Javi Manquillo,2,0.1354
5542,Dani García,86796,I. Marcone,3,0.1596
5542,Dani García,4009,M. Lacen,4,0.2054
5542,Dani García,3566,Ignacio Camacho,5,0.2354
5542,Dani García,473364,Hugo Guillamón,6,0.2613
5542,Dani García,20460,M. Cáceres,7,0.2618
5542,Dani García,477106,S. Cáseres,8,0.2658
5542,Dani García,368110,Jailson,9,0.2689
5542,Dani García,340706,G. Rodríguez,10,0.2971
5653,M. Mantovani,128171,S. Mitrović,1,0.1332
5653,M. Mantovani,222464,M. Mauro,2,0.1831
5653,M. Mantovani,494337,N. Pérez,3,0.2344
5653,M. Mantovani,128230,N. Vujadinović,4,0.3154
5653,M. Mantovani,3493,Miguel Flaño,5,0.3609
5653,M. Mantovani,263147,M. Miazga,6,0.4
5653,M. Mantovani,127591,A. Pantić,7,0.4168
5653,M. Mantovani,4239,Ángel Trujillo,8,0.4244
5653,M. Mantovani,504689,F. Garcés,9,0.4543
5653,M. Mantovani,247169,Diego González,10,0.4991
5677,Bruno González,86716,M. Dos Santos,1,0.1425
5677,Bruno González,224080,G. Maripán,2,0.1756
5677,Bruno González,20808,E. Muñoz,3,0.2079
5677,Bruno González,213124,Chema Rodríguez,4,0.2154
5677,Bruno González,40574,Dória,5,0.2342
5677,Bruno González,127591,A. Pantić,6,0.2471
5677,Bruno González,134163,Rodri Tarín,7,0.2635
5677,Bruno González,3468,J. Cala,8,0.36870000000000003
5677,Bruno González,6950,Pablo Ínsua,9,0.3905
5677,Bruno González,333565,S. Chakla,10,0.4
5725,R. Azeez,26032,C. Doukouré,1,0.4912
5725,R. Azeez,279566,Jon Guridi,2,0.4917
5725,R. Azeez,265807,José Naranjo,3,0.5497
5725,R. Azeez,127928,D. Brašanac,4,0.5716
5725,R. Azeez,169000,Pablo Pérez,5,0.6317
5725,R. Azeez,265864,N. Maksimović,6,0.6347
5725,R. Azeez,6370,Eraso,7,0.6476
5725,R. Azeez,691939,T. Nikitscher,8,0.6757
5725,R. Azeez,32793,A. N'Diaye,9,0.6813
5725,R. Azeez,134702,L. Dendoncker,10,0.6842
5791,J. Añor,639038,A. Zakharyan,1,0.116
5791,J. Añor,3358,Cristian Tello,2,0.2191
5791,J. Añor,258022,V. Tsygankov,3,0.2577
5791,J. Añor,3511,Roberto Torres,4,0.2609
5791,J. Añor,3423,Ibai Gómez,5,0.2631
5791,J. Añor,20823,F. Vázquez,6,0.3076
5791,J. Añor,5875,Álex Gallar,7,0.3187
5791,J. Añor,337068,J. Pombo,8,0.331
5791,J. Añor,5171,Víctor Rodríguez,9,0.3322
5791,J. Añor,485383,Álex Mula,10,0.3457
5875,Álex Gallar,3284,S. Feghouli,1,0.1293
5875,Álex Gallar,142755,B. Traoré,2,0.1301
5875,Álex Gallar,879047,Fer López,3,0.1356
5875,Álex Gallar,234527,A. Halilović,4,0.211
5875,Álex Gallar,3358,Cristian Tello,5,0.215
5875,Álex Gallar,241945,P. Sisto,6,0.2726
5875,Álex Gallar,20823,F. Vázquez,7,0.3071
5875,Álex Gallar,5791,J. Añor,8,0.3187
5875,Álex Gallar,70125,Nolito,9,0.3666
5875,Álex Gallar,7926,Nani,10,0.371
5901,Edu Campabadal,3920,Pedro López,1,0.1982
5901,Edu Campabadal,604122,Jon Aramburu,2,0.1991
5901,Edu Campabadal,3339,Martín Montoya,3,0.2313
5901,Edu Campabadal,7624,Rober Correa,4,0.2397
5901,Edu Campabadal,553292,Abner,5,0.271
5901,Edu Campabadal,3797,Víctor Sánchez,6,0.2834
5901,Edu Campabadal,740187,S. Bajčetić,7,0.309
5901,Edu Campabadal,3557,Jesús Gámez,8,0.3211
5901,Edu Campabadal,3984,Alberto Lora,9,0.3222
5901,Edu Campabadal,339690,G. González,10,0.3235
5902,Brian Oliván,278867,S. Janko,1,0.1108
5902,Brian Oliván,561190,Javi López,2,0.1184
5902,Brian Oliván,436688,Viti Rozada,3,0.1452
5902,Brian Oliván,352761,Luis Pérez,4,0.1749
5902,Brian Oliván,618690,José Ángel Carmona,5,0.1929
5902,Brian Oliván,282438,Aarón Martín,6,0.1966
5902,Brian Oliván,326535,Toni Lato,7,0.2015
5902,Brian Oliván,5327,Miguel Cifuentes,8,0.2072
5902,Brian Oliván,5318,Isma López,9,0.217
5902,Brian Oliván,472519,Mateu Morey,10,0.2248
5907,Sergi Samper,4243,Verza,1,0.0711
5907,Sergi Samper,341752,Marc Roca,2,0.0951
5907,Sergi Samper,217031,T. Partey,3,0.1194
5907,Sergi Samper,5289,Fran Rico,4,0.21560000000000001
5907,Sergi Samper,706732,Sergi Altimira,5,0.2288
5907,Sergi Samper,4242,Corona,6,0.2759
5907,Sergi Samper,634204,E. Barrenechea,7,0.2794
5907,Sergi Samper,40756,Casemiro,8,0.2943
5907,Sergi Samper,25785,S. Aurier,9,0.3023
5907,Sergi Samper,4902,Ángel Montoro,10,0.3245
5910,Álex Moreno,472191,Renan Lodi,1,0.111
5910,Álex Moreno,517437,Jesús Areso,2,0.1413
5910,Álex Moreno,344104,Álvaro Tejero,3,0.1883
5910,Álex Moreno,225948,Rubén Peña,4,0.2011
5910,Álex Moreno,496493,Víctor Gómez,5,0.2053
5910,Álex Moreno,420532,Pipa,6,0.2554
5910,Álex Moreno,5383,Toño García,7,0.2653
5910,Álex Moreno,301016,R. Perraud,8,0.2761
5910,Álex Moreno,293333,M. Ristić,9,0.3082
5910,Álex Moreno,4094,Ander Capa,10,0.3084
5911,Sandro Ramírez,230883,Ayoze Pérez,1,0.1583
5911,Sandro Ramírez,569212,Ferrán Jutglà,2,0.1789
5911,Sandro Ramírez,355599,Mikel Oyarzabal,3,0.1964
5911,Sandro Ramírez,278278,Munir El Haddadi,4,0.2714
5911,Sandro Ramírez,3934,N. El Zhar,5,0.2791
5911,Sandro Ramírez,38094,I. Ezekiel,6,0.2916
5911,Sandro Ramírez,4683,A. Szymanowski,7,0.2929
5911,Sandro Ramírez,247141,Iñaki Williams,8,0.3025
5911,Sandro Ramírez,290215,Dani Ndi,9,0.3039
5911,Sandro Ramírez,4880,Rober Ibáñez,10,0.3353
6035,Rubén Alcaraz,436785,Y. Neyou,1,0.1947
6035,Rubén Alcaraz,352788,Manu Morlanes,2,0.213
6035,Rubén Alcaraz,550229,Jon Moncayola,3,0.2206
6035,Rubén Alcaraz,678620,Arnau Martínez,4,0.226
6035,Rubén Alcaraz,443324,Douglas Luiz,5,0.2535
6035,Rubén Alcaraz,228963,H. Traoré,6,0.2604
6035,Rubén Alcaraz,286030,K. Bare,7,0.2647
6035,Rubén Alcaraz,86234,E. Pérez,8,0.2704
6035,Rubén Alcaraz,366584,L. Pétrot,9,0.273
6035,Rubén Alcaraz,4238,Michel Macedo,10,0.2765
6106,Antonio Puertas,254649,T. Asano,1,0.2452
6106,Antonio Puertas,778343,Pablo Durán,2,0.2769
6106,Antonio Puertas,413891,Manu Vallejo,3,0.3326
6106,Antonio Puertas,3738,Lafita,4,0.3565
6106,Antonio Puertas,346071,O. Burke,5,0.3842
6106,Antonio Puertas,134249,Rubén Sobrino,6,0.407
6106,Antonio Puertas,818689,Assane Diao,7,0.4299
6106,Antonio Puertas,507495,Dani Escriche,8,0.4484
6106,Antonio Puertas,344051,Álex Blanco,9,0.4608
6106,Antonio Puertas,551419,Alberto Soro,10,0.4841
6165,F. Andone,329064,C. Larin,1,0.1683
6165,F. Andone,744811,Roberto Fernández,2,0.3398
6165,F. Andone,492443,V. Castellanos,3,0.3476
6165,F. Andone,713837,Diego García,4,0.3922
6165,F. Andone,20733,F. Piovaccari,5,0.3972
6165,F. Andone,683194,T. Barry,6,0.4057
6165,F. Andone,524274,A. Douvikas,7,0.4447
6165,F. Andone,447821,Y. En-Nesyri,8,0.4671
6165,F. Andone,238564,S. Weissman,9,0.4685
6165,F. Andone,228902,J. Calleri,10,0.4713
6210,Aday,287003,Benito Ramírez,1,0.1885
6210,Aday,504303,A. Rațiu,2,0.2561
6210,Aday,3501,Álvaro Cejudo,3,0.3181
6210,Aday,6925,H. Hernández,4,0.3692
6210,Aday,275485,Josan,5,0.4032
6210,Aday,220656,Wanderson,6,0.4149
6210,Aday,278289,Álvaro Odriozola,7,0.4212
6210,Aday,372753,Francis Guerrero,8,0.4253
6210,Aday,544210,Sergio Carreira,9,0.4641
6210,Aday,297043,F. Cervi,10,0.4739
6281,Joseba Zaldúa,585538,R. Alhassane,1,0.1256
6281,Joseba Zaldúa,3798,Dídac Vilá,2,0.1338
6281,Joseba Zaldúa,352761,Luis Pérez,3,0.1355
6281,Joseba Zaldúa,326535,Toni Lato,4,0.1532
6281,Joseba Zaldúa,436688,Viti Rozada,5,0.154
6281,Joseba Zaldúa,282438,Aarón Martín,6,0.1552
6281,Joseba Zaldúa,3750,Mikel Balenziaga,7,0.184
6281,Joseba Zaldúa,531592,Aihen Muñoz,8,0.1898
6281,Joseba Zaldúa,278867,S. Janko,9,0.193
6281,Joseba Zaldúa,472519,Mateu Morey,10,0.2155
6286,Jon Errasti,37814,R. Donk,1,0.1467
6286,Jon Errasti,86220,Gabriel Mercado,2,0.22
6286,Jon Errasti,386686,S. Jurić,3,0.2475
6286,Jon Errasti,724440,David Torres,4,0.2676
6286,Jon Errasti,279545,L. Hernández,5,0.2826
6286,Jon Errasti,88969,D. Musto,6,0.2858
6286,Jon Errasti,50102,F. Schär,7,0.2876
6286,Jon Errasti,471583,I. Baba,8,0.2935
6286,Jon Errasti,435472,U. Račić,9,0.2956
6286,Jon Errasti,3381,Borja Fernández,10,0.3002
6287,Pablo Hervías,591410,N. Fernández Mercau,1,0.2175
6287,Pablo Hervías,4492,Iván Sánchez,2,0.3193
6287,Pablo Hervías,547496,Yan Couto,3,0.3211
6287,Pablo Hervías,4078,D. Ferreiro,4,0.4343
6287,Pablo Hervías,495404,D. Lainez,5,0.4922
6287,Pablo Hervías,4344,Alberto Perea,6,0.5538
6287,Pablo Hervías,278289,Álvaro Odriozola,7,0.5573
6287,Pablo Hervías,337070,Toni Villa,8,0.5639
6287,Pablo Hervías,6210,Aday,9,0.6013
6287,Pablo Hervías,287003,Benito Ramírez,10,0.6051
6292,K. Kodro,4602,Oriol Riera,1,0.042
6292,K. Kodro,21174,E. Cavani,2,0.1606
6292,K. Kodro,101635,F. Caicedo,3,0.2199
6292,K. Kodro,4048,Sergi Enrich,4,0.2464
6292,K. Kodro,5481,Miguel Guerrero,5,0.2997
6292,K. Kodro,105618,A. Kravets,6,0.3155
6292,K. Kodro,98072,S. Šćepović,7,0.3175
6292,K. Kodro,3483,Álvaro Negredo,8,0.3239
6292,K. Kodro,225946,A. Sanabria,9,0.3524
6292,K. Kodro,101795,L. Traoré,10,0.3575
6317,Unai García,278049,E. Cabaco,1,0.1833
6317,Unai García,387799,F. Russo,2,0.2187
6317,Unai García,622288,Kaiky,3,0.2277
6317,Unai García,556923,A. Abqar,4,0.2742
6317,Unai García,282441,Jesús Vallejo,5,0.2806
6317,Unai García,250805,Djené,6,0.304
6317,Unai García,3403,Borja Ekiza,7,0.3077
6317,Unai García,3400,F. Amorebieta,8,0.3182
6317,Unai García,450650,Imanol García,9,0.3559
6317,Unai García,364772,C. Awaziem,10,0.3879
6325,Gonzalo Verdú,453251,Alejandro Catena,1,0.0562
6325,Gonzalo Verdú,288081,S. McKenna,2,0.1209
6325,Gonzalo Verdú,282439,Lluis López,3,0.1233
6325,Gonzalo Verdú,25392,Bakary Koné,4,0.1265
6325,Gonzalo Verdú,70140,Daniel Carriço,5,0.1367
6325,Gonzalo Verdú,357991,Édgar González,6,0.144
6325,Gonzalo Verdú,4065,J. Murillo,7,0.1477
6325,Gonzalo Verdú,621020,Cristhian Mosquera,8,0.1564
6325,Gonzalo Verdú,3523,F. Lejeune,9,0.1604
6325,Gonzalo Verdú,3338,Sergi Gómez,10,0.1667
6338,David García,213714,E. Burgos,1,0.0592
6338,David García,3556,M. Demichelis,2,0.0628
6338,David García,4358,Víctor Laguardia,3,0.1327
6338,David García,557942,M. Salisu,4,0.1424
6338,David García,112370,D. Reyes,5,0.1569
6338,David García,25784,A. Abdennour,6,0.1799
6338,David García,413041,J. El Yamiq,7,0.1973
6338,David García,136164,E. Filipenko,8,0.1975
6338,David García,70391,A. Ba,9,0.1999
6338,David García,7302,Raúl Albentosa,10,0.2017
6365,Unai Bustinza,4234,Lillo Castellano,1,0.2839
6365,Unai Bustinza,6531,Fausto Tienza,2,0.3059
6365,Unai Bustinza,4086,Eneko Bóveda,3,0.3168
6365,Unai Bustinza,3408,Enric Saborit,4,0.3245
6365,Unai Bustinza,4326,Tito,5,0.3446
6365,Unai Bustinza,6528,Javi Moyano,6,0.3607
6365,Unai Bustinza,3465,Fernando Navarro,7,0.3736
6365,Unai Bustinza,808345,S. Mouriño,8,0.3794
6365,Unai Bustinza,4272,Ximo Navarro,9,0.3814
6365,Unai Bustinza,278007,F. Ricca,10,0.4
6369,Iñigo Eguaras,503338,Martín Zubimendi,1,0.2003
6369,Iñigo Eguaras,333571,L. Torreira,2,0.2476
6369,Iñigo Eguaras,4366,Hernán Santana,3,0.2672
6369,Iñigo Eguaras,249917,M. Malsa,4,0.277
6369,Iñigo Eguaras,230970,M. Fatau,5,0.2915
6369,Iñigo Eguaras,4590,A. González Casanova,6,0.2972
6369,Iñigo Eguaras,25798,E. Capoue,7,0.299
6369,Iñigo Eguaras,7899,Oriol Romeu,8,0.3642
6369,Iñigo Eguaras,879052,Javi Rodríguez,9,0.3655
6369,Iñigo Eguaras,475041,A. Sambi Lokonga,10,0.3945
6370,Eraso,285743,D. van de Beek,1,0.2255
6370,Eraso,279566,Jon Guridi,2,0.2584
6370,Eraso,256854,L. Suárez,3,0.3624
6370,Eraso,15817,R. Babel,4,0.36870000000000003
6370,Eraso,3503,R.García Escudero,5,0.4103
6370,Eraso,771062,Chuki,6,0.421
6370,Eraso,644114,L. Romero,7,0.4329
6370,Eraso,4778,Coro,8,0.4582
6370,Eraso,7693,Pere Milla,9,0.4908
6370,Eraso,595598,Peque Fernández,10,0.5217
6386,Jon Ander Garrido,56408,J. Jønsson,1,0.204
6386,Jon Ander Garrido,20406,M. Flamini,2,0.2479
6386,Jon Ander Garrido,167131,Fran Vélez,3,0.3033
6386,Jon Ander Garrido,553381,G. Álvarez,4,0.3358
6386,Jon Ander Garrido,364846,Y. Eteki,5,0.359
6386,Jon Ander Garrido,4268,Juan Rafael Fuentes,6,0.3767
6386,Jon Ander Garrido,7585,Manu García,7,0.4945
6386,Jon Ander Garrido,333565,S. Chakla,8,0.5017
6386,Jon Ander Garrido,250805,Djené,9,0.5325
6386,Jon Ander Garrido,375350,M. Loum,10,0.5511
6456,Dani Rodríguez,444669,N. González,1,0.1282
6456,Dani Rodríguez,353331,K. Jóźwiak,2,0.1612
6456,Dani Rodríguez,344153,Tete Morente,3,0.1915
6456,Dani Rodríguez,4592,Paco Montañés,4,0.238
6456,Dani Rodríguez,382622,S. Amallah,5,0.2405
6456,Dani Rodríguez,3426,Gaizka Toquero,6,0.2418
6456,Dani Rodríguez,501471,I. Chaira,7,0.248
6456,Dani Rodríguez,397109,Jota,8,0.2663
6456,Dani Rodríguez,222439,E. Rigoni,9,0.291
6456,Dani Rodríguez,3708,J. Samperio,10,0.3195
6513,Raúl Carnero,4288,S. Dubarbier,1,0.1668
6513,Raúl Carnero,489488,Martín Aguirregabiria,2,0.3146
6513,Raúl Carnero,93000,Antunes,3,0.3243
6513,Raúl Carnero,302542,Nacho Vidal,4,0.3589
6513,Raúl Carnero,149389,J. Toljan,5,0.3652
6513,Raúl Carnero,170595,E. Insúa,6,0.3671
6513,Raúl Carnero,69409,Š. Vrsaljko,7,0.3925
6513,Raúl Carnero,1075948,Davinchi,8,0.3926
6513,Raúl Carnero,653322,Diego Moreno,9,0.4231
6513,Raúl Carnero,606670,Adrià Altimira,10,0.4258
6525,Edgar Méndez,601297,Peter González,1,0.2987
6525,Edgar Méndez,127609,F. Malbašić,2,0.3751
6525,Edgar Méndez,344140,A. Ndiaye,3,0.3761
6525,Edgar Méndez,619855,Borja Sainz,4,0.4752
6525,Edgar Méndez,601883,F. Pellistri,5,0.4771
6525,Edgar Méndez,405977,Jordi Mboula,6,0.5108
6525,Edgar Méndez,722550,Antoniu Roca,7,0.5125
6525,Edgar Méndez,4923,Salvi Sánchez,8,0.5736
6525,Edgar Méndez,344051,Álex Blanco,9,0.6577
6525,Edgar Méndez,826049,Adrián Liso,10,0.6591
6528,Javi Moyano,3829,Oier Sanjurjo,1,0.1533
6528,Javi Moyano,15214,A. Rukavina,2,0.1533
6528,Javi Moyano,399652,Florentino,3,0.1631
6528,Javi Moyano,427886,C. Protesoni,4,0.1772
6528,Javi Moyano,4086,Eneko Bóveda,5,0.2014
6528,Javi Moyano,4234,Lillo Castellano,6,0.2075
6528,Javi Moyano,808345,S. Mouriño,7,0.2351
6528,Javi Moyano,190172,Juan Cruz,8,0.2392
6528,Javi Moyano,612174,Víctor Parada,9,0.2671
6528,Javi Moyano,6531,Fausto Tienza,10,0.2819
6531,Fausto Tienza,3408,Enric Saborit,1,0.1703
6531,Fausto Tienza,4326,Tito,2,0.2326
6531,Fausto Tienza,4272,Ximo Navarro,3,0.2331
6531,Fausto Tienza,6528,Javi Moyano,4,0.2819
6531,Fausto Tienza,612174,Víctor Parada,5,0.2831
6531,Fausto Tienza,6365,Unai Bustinza,6,0.3059
6531,Fausto Tienza,3969,Roberto Canella,7,0.3177
6531,Fausto Tienza,683848,Urko González,8,0.3287
6531,Fausto Tienza,90774,H. Palacios,9,0.3414
6531,Fausto Tienza,4086,Eneko Bóveda,10,0.3415
6572,Iza Carcelén,606670,Adrià Altimira,1,0.0561
6572,Iza Carcelén,393214,V. Rosier,2,0.0883
6572,Iza Carcelén,302542,Nacho Vidal,3,0.1241
6572,Iza Carcelén,286994,Adrián Marín,4,0.1401
6572,Iza Carcelén,69409,Š. Vrsaljko,5,0.1446
6572,Iza Carcelén,653322,Diego Moreno,6,0.1934
6572,Iza Carcelén,5327,Miguel Cifuentes,7,0.2019
6572,Iza Carcelén,352761,Luis Pérez,8,0.2229
6572,Iza Carcelén,489488,Martín Aguirregabiria,9,0.2253
6572,Iza Carcelén,225022,Rubén Duarte,10,0.2322
6579,Antonio Raíllo,70956,Rúben Semedo,1,0.1506
6579,Antonio Raíllo,292654,M. Diakhaby,2,0.1927
6579,Antonio Raíllo,3433,D. Godín,3,0.2116
6579,Antonio Raíllo,258625,L. Abram,4,0.2134
6579,Antonio Raíllo,237262,S. Babić,5,0.2251
6579,Antonio Raíllo,500200,Miguel Rubio,6,0.2322
6579,Antonio Raíllo,86328,G. Pezzella,7,0.2384
6579,Antonio Raíllo,3526,M. Musacchio,8,0.2605
6579,Antonio Raíllo,14687,S. Papastathopoulos,9,0.2613
6579,Antonio Raíllo,193984,Germán Sánchez,10,0.2647
6684,Jony,281255,E. Mor,1,0.2114
6684,Jony,626123,Ilias Akhomach,2,0.2777
6684,Jony,495404,D. Lainez,3,0.3251
6684,Jony,605385,Raúl Moro,4,0.3422
6684,Jony,682943,T. Dolan,5,0.3634
6684,Jony,337070,Toni Villa,6,0.3777
6684,Jony,589806,H. Hassan,7,0.3874
6684,Jony,694506,Bryan Zaragoza,8,0.4003
6684,Jony,4078,D. Ferreiro,9,0.406
6684,Jony,5138,Wellington Silva,10,0.4265
6914,Álex Alegría,574907,E. Touré,1,0.1366
6914,Álex Alegría,395636,M. Gómez,2,0.1733
6914,Álex Alegría,105376,N. Kalinić,3,0.2031
6914,Álex Alegría,26167,C. Beauvue,4,0.2042
6914,Álex Alegría,251447,V. Muriqi,5,0.205
6914,Álex Alegría,279571,Jon Bautista,6,0.2142
6914,Álex Alegría,284322,E. Ponce,7,0.2248
6914,Álex Alegría,3327,Joselu,8,0.2449
6914,Álex Alegría,3874,Kike García,9,0.2544
6914,Álex Alegría,274435,E. Ünal,10,0.2633
6925,H. Hernández,372753,Francis Guerrero,1,0.191
6925,H. Hernández,344132,T. Hernández,2,0.21
6925,H. Hernández,544210,Sergio Carreira,3,0.2247
6925,H. Hernández,504303,A. Rațiu,4,0.2617
6925,H. Hernández,477082,Emerson Royal,5,0.2677
6925,H. Hernández,354123,Pol Lirola,6,0.2796
6925,H. Hernández,422517,Fran García,7,0.2952
6925,H. Hernández,580127,Pep Chavarría,8,0.3144
6925,H. Hernández,301016,R. Perraud,9,0.3198
6925,H. Hernández,286248,V. Kravets,10,0.3303
6950,Pablo Ínsua,3468,J. Cala,1,0.0269
6950,Pablo Ínsua,498350,M. Mbaye,2,0.1196
6950,Pablo Ínsua,14893,H. Westermann,3,0.154
6950,Pablo Ínsua,40574,Dória,4,0.1727
6950,Pablo Ínsua,213124,Chema Rodríguez,5,0.1802
6950,Pablo Ínsua,20808,E. Muñoz,6,0.1897
6950,Pablo Ínsua,3431,Miranda,7,0.2301
6950,Pablo Ínsua,189976,M. Angeleri,8,0.2464
6950,Pablo Ínsua,3466,Alexis,9,0.2502
6950,Pablo Ínsua,128230,N. Vujadinović,10,0.2627
7069,Javi Lara,33219,E. Culio,1,0.2015
7069,Javi Lara,4501,Dani Carvajal,2,0.3589
7069,Javi Lara,471761,Óscar Mingueza,3,0.4468
7069,Javi Lara,208942,Óliver Torres,4,0.453
7069,Javi Lara,770387,Héctor Fort,5,0.5216
7069,Javi Lara,599551,E. Camavinga,6,0.5361
7069,Javi Lara,3470,José Campaña,7,0.5379
7069,Javi Lara,222770,Nélson Semedo,8,0.5469
7069,Javi Lara,743429,Álvaro Carreras,9,0.563
7069,Javi Lara,3595,Beñat Etxebarria,10,0.5822
7072,Quini,4288,S. Dubarbier,1,0.4039
7072,Quini,542945,Óscar Gil,2,0.4538
7072,Quini,770391,A. Aznou,3,0.472
7072,Quini,381233,Houboulang Mendes,4,0.4741
7072,Quini,395134,Juan Iglesias,5,0.4799
7072,Quini,6513,Raúl Carnero,6,0.4958
7072,Quini,375771,M. Olivera,7,0.5715
7072,Quini,584914,Jesús Vázquez,8,0.6071
7072,Quini,489488,Martín Aguirregabiria,9,0.6329
7072,Quini,170595,E. Insúa,10,0.6472
7302,Raúl Albentosa,136164,E. Filipenko,1,0.0886
7302,Raúl Albentosa,3412,Gurpegi,2,0.0903
7302,Raúl Albentosa,3943,Aridane Hernández,3,0.1032
7302,Raúl Albentosa,265833,N. Maraš,4,0.1158
7302,Raúl Albentosa,557942,M. Salisu,5,0.1222
7302,Raúl Albentosa,86328,G. Pezzella,6,0.1243
7302,Raúl Albentosa,3526,M. Musacchio,7,0.1328
7302,Raúl Albentosa,3556,M. Demichelis,8,0.1462
7302,Raúl Albentosa,70085,E. Mangala,9,0.1592
7302,Raúl Albentosa,258625,L. Abram,10,0.1635
7458,Sergi Guardiola,401158,L. Suárez,1,0.1287
7458,Sergi Guardiola,70327,N. Ghilas,2,0.195
7458,Sergi Guardiola,536058,Fábio Silva,3,0.2137
7458,Sergi Guardiola,618697,Iván Romero,4,0.2589
7458,Sergi Guardiola,565630,F. Viñas,5,0.2679
7458,Sergi Guardiola,490863,Alemão,6,0.2912
7458,Sergi Guardiola,94764,Y. Muto,7,0.3078
7458,Sergi Guardiola,7629,Jaime Mata,8,0.3162
7458,Sergi Guardiola,512982,Matheus Cunha,9,0.3182
7458,Sergi Guardiola,334817,L. Boyé,10,0.3743
7585,Manu García,507738,Vini Souza,1,0.2189
7585,Manu García,4268,Juan Rafael Fuentes,2,0.2561
7585,Manu García,89133,Rodrigo Battaglia,3,0.347
7585,Manu García,364846,Y. Eteki,4,0.3546
7585,Manu García,375350,M. Loum,5,0.3549
7585,Manu García,553381,G. Álvarez,6,0.3707
7585,Manu García,441230,T. Alarcón,7,0.3833
7585,Manu García,56408,J. Jønsson,8,0.3909
7585,Manu García,295225,Fede San Emeterio,9,0.3969
7585,Manu García,20406,M. Flamini,10,0.4094
7593,Quique González,536640,Sergio Camello,1,0.0952
7593,Quique González,250885,Santi Mina,2,0.2087
7593,Quique González,3294,Roberto Soldado,3,0.2566
7593,Quique González,3937,Roger Martí,4,0.2582
7593,Quique González,3576,Juanmi,5,0.3103
7593,Quique González,344086,Gorka Guruzeta,6,0.3393
7593,Quique González,490458,S. Kaba,7,0.3457
7593,Quique González,388976,T. Kadewere,8,0.3509
7593,Quique González,4131,Ángel Rodríguez,9,0.3512
7593,Quique González,135923,Gonçalo Paciência,10,0.3537
7612,Jorge Miramón,550927,Sergi Cardona,1,0.1447
7612,Jorge Miramón,3464,Antonio Luna,2,0.1618
7612,Jorge Miramón,254,R. Rosales,3,0.197
7612,Jorge Miramón,525130,Álex Centelles,4,0.2239
7612,Jorge Miramón,3790,Carlos Clerc,5,0.2316
7612,Jorge Miramón,740187,S. Bajčetić,6,0.2317
7612,Jorge Miramón,530689,Mario Hernández,7,0.2388
7612,Jorge Miramón,135909,Rafa Soares,8,0.2547
7612,Jorge Miramón,326525,Lucas Ahijado,9,0.2595
7612,Jorge Miramón,396513,Alex Pozo,10,0.2617
7623,Léo Baptistão,595008,Alejandro Cantero,1,0.1454
7623,Léo Baptistão,88642,E. Ávila,2,0.2334
7623,Léo Baptistão,91268,F. Hinestroza,3,0.2861
7623,Léo Baptistão,135848,M. Livaja,4,0.3153
7623,Léo Baptistão,450785,Javi Puado,5,0.3309
7623,Léo Baptistão,413891,Manu Vallejo,6,0.3315
7623,Léo Baptistão,3738,Lafita,7,0.3331
7623,Léo Baptistão,259946,A. Peñaranda,8,0.3379
7623,Léo Baptistão,101707,F. Smolov,9,0.3496
7623,Léo Baptistão,778343,Pablo Durán,10,0.3514
7624,Rober Correa,604122,Jon Aramburu,1,0.1137
7624,Rober Correa,3339,Martín Montoya,2,0.1174
7624,Rober Correa,740187,S. Bajčetić,3,0.143
7624,Rober Correa,3464,Antonio Luna,4,0.1575
7624,Rober Correa,3920,Pedro López,5,0.1646
7624,Rober Correa,525130,Álex Centelles,6,0.168
7624,Rober Correa,3557,Jesús Gámez,7,0.1724
7624,Rober Correa,25452,S. Corchia,8,0.2045
7624,Rober Correa,557401,Bruno Langa,9,0.2142
7624,Rober Correa,5901,Edu Campabadal,10,0.2397
7629,Jaime Mata,94764,Y. Muto,1,0.0696
7629,Jaime Mata,278015,J. Rodríguez,2,0.1882
7629,Jaime Mata,48354,Thiago Galhardo,3,0.1973
7629,Jaime Mata,490863,Alemão,4,0.1998
7629,Jaime Mata,287219,M. Uzuni,5,0.2201
7629,Jaime Mata,670456,E. Eyong,6,0.2367
7629,Jaime Mata,536058,Fábio Silva,7,0.2445
7629,Jaime Mata,144628,Wu Lei,8,0.2451
7629,Jaime Mata,788748,Álvaro Rodríguez,9,0.2476
7629,Jaime Mata,364820,Loren Morón,10,0.2481
7693,Pere Milla,546242,Roger Brugué,1,0.0529
7693,Pere Milla,855222,Unai Gómez,2,0.2262
7693,Pere Milla,3503,R.García Escudero,3,0.2725
7693,Pere Milla,169000,Pablo Pérez,4,0.3218
7693,Pere Milla,91268,F. Hinestroza,5,0.3843
7693,Pere Milla,7623,Léo Baptistão,6,0.421
7693,Pere Milla,778343,Pablo Durán,7,0.4315
7693,Pere Milla,265807,José Naranjo,8,0.4345
7693,Pere Milla,450785,Javi Puado,9,0.4687
7693,Pere Milla,585048,L. Beltrán,10,0.476
7818,Carlos Akapo,252924,F. Angileri,1,0.1331
7818,Carlos Akapo,481618,N. Tenaglia,2,0.1419
7818,Carlos Akapo,445504,Carlos Neva,3,0.1911
7818,Carlos Akapo,3856,Molinero,4,0.206
7818,Carlos Akapo,286994,Adrián Marín,5,0.2381
7818,Carlos Akapo,90774,H. Palacios,6,0.2467
7818,Carlos Akapo,170595,E. Insúa,7,0.2689
7818,Carlos Akapo,250899,Carlos Vigaray,8,0.284
7818,Carlos Akapo,21550,Gabriel Silva,9,0.2961
7818,Carlos Akapo,489488,Martín Aguirregabiria,10,0.3278
7857,Ignasi Miquel,270037,M. Valjent,1,0.0678
7857,Ignasi Miquel,404693,M. Kumbulla,2,0.0772
7857,Ignasi Miquel,410055,Róber Pier,3,0.0898
7857,Ignasi Miquel,298353,José Martínez,4,0.092
7857,Ignasi Miquel,508021,Jorge Cuenca,5,0.0934
7857,Ignasi Miquel,344039,Chumi,6,0.1037
7857,Ignasi Miquel,916711,Juma Bah,7,0.1058
7857,Ignasi Miquel,449817,A. Mumin,8,0.134
7857,Ignasi Miquel,567461,Jorge Herrando,9,0.1404
7857,Ignasi Miquel,364817,Tachi,10,0.1548
7860,T. Vermaelen,270866,Diego Carlos,1,0.0856
7860,T. Vermaelen,26307,A. Mandi,2,0.2371
7860,T. Vermaelen,14748,A. Rüdiger,3,0.3267
7860,T. Vermaelen,3309,R. Varane,4,0.3826
7860,T. Vermaelen,70120,Javi García,5,0.4289
7860,T. Vermaelen,230626,D. Ćaleta-Car,6,0.457
7860,T. Vermaelen,3306,Sergio Ramos,7,0.5242
7860,T. Vermaelen,3795,H. Moreno,8,0.5439
7860,T. Vermaelen,3305,Pepe,9,0.5538
7860,T. Vermaelen,292991,M. Lemos,10,0.5585
7864,F. Coquelin,140125,N. Radoja,1,0.1698
7864,F. Coquelin,40614,Guilherme,2,0.1743
7864,F. Coquelin,28292,A. Doucouré,3,0.1968
7864,F. Coquelin,422519,Fran Beltrán,4,0.2281
7864,F. Coquelin,413597,R. Kouamé,5,0.2327
7864,F. Coquelin,518092,P. Ciss,6,0.301
7864,F. Coquelin,3409,Mikel San José,7,0.3022
7864,F. Coquelin,3977,Nacho Cases,8,0.3073
7864,F. Coquelin,7899,Oriol Romeu,9,0.3096
7864,F. Coquelin,397033,B. Soumaré,10,0.3184
7899,Oriol Romeu,249917,M. Malsa,1,0.1254
7899,Oriol Romeu,422519,Fran Beltrán,2,0.1892
7899,Oriol Romeu,503338,Martín Zubimendi,3,0.2101
7899,Oriol Romeu,634204,E. Barrenechea,4,0.2277
7899,Oriol Romeu,40614,Guilherme,5,0.2282
7899,Oriol Romeu,879052,Javi Rodríguez,6,0.2363
7899,Oriol Romeu,4757,Luso,7,0.2466
7899,Oriol Romeu,4366,Hernán Santana,8,0.2539
7899,Oriol Romeu,5289,Fran Rico,9,0.2583
7899,Oriol Romeu,413597,R. Kouamé,10,0.2651
7908,Fernando Torres,55224,A. Sørloth,1,0.1173
7908,Fernando Torres,3874,Kike García,2,0.1955
7908,Fernando Torres,3324,Álvaro Morata,3,0.2008
7908,Fernando Torres,20728,Jonathas,4,0.2043
7908,Fernando Torres,55968,M. Braithwaite,5,0.2343
7908,Fernando Torres,5268,Sergio León,6,0.2731
7908,Fernando Torres,274435,E. Ünal,7,0.2817
7908,Fernando Torres,282449,Asier Villalibre,8,0.3013
7908,Fernando Torres,91519,J. Córdoba,9,0.30620000000000003
7908,Fernando Torres,25472,C. Bakambu,10,0.315
7926,Nani,3484,Luis Alberto,1,0.1914
7926,Nani,879047,Fer López,2,0.2477
7926,Nani,142755,B. Traoré,3,0.2888
7926,Nani,527100,M. Greenwood,4,0.2921
7926,Nani,3326,Jesé Rodríguez,5,0.2944
7926,Nani,247671,N. Pépé,6,0.3052
7926,Nani,207001,J. Correa,7,0.3367
7926,Nani,234527,A. Halilović,8,0.3425
7926,Nani,3284,S. Feghouli,9,0.3703
7926,Nani,5875,Álex Gallar,10,0.371
7941,Chicharito,112596,J. Martínez,1,0.1664
7941,Chicharito,25577,L. Rémy,2,0.204
7941,Chicharito,25795,W. Ben Yedder,3,0.2371
7941,Chicharito,3548,G. Rossi,4,0.3451
7941,Chicharito,14943,M. Mandžukić,5,0.3529
7941,Chicharito,40770,Willian José,6,0.4102
7941,Chicharito,5297,I. Uche,7,0.4759
7941,Chicharito,4017,Miku,8,0.4925
7941,Chicharito,14817,R. Lewandowski,9,0.5523
7941,Chicharito,25867,P. Aubameyang,10,0.5548
7972,L. Suárez,20948,S. Jovetić,1,0.2538
7972,L. Suárez,3604,Rubén Castro,2,0.6889
7972,L. Suárez,86307,L. Vietto,3,0.7919
7972,L. Suárez,25795,W. Ben Yedder,4,0.8225
7972,L. Suárez,3321,K. Benzema,5,0.8292
7972,L. Suárez,5297,I. Uche,6,0.8622
7972,L. Suárez,7941,Chicharito,7,0.8841
7972,L. Suárez,3548,G. Rossi,8,0.8943
7972,L. Suárez,20402,K. Boateng,9,0.9167
7972,L. Suárez,25577,L. Rémy,10,0.9865
8032,Marcos Alonso,808262,M. Perrone,1,0.2761
8032,Marcos Alonso,410062,J. Koundé,2,0.2831
8032,Marcos Alonso,38,D. Blind,3,0.3099
8032,Marcos Alonso,89550,M. Díaz,4,0.3887
8032,Marcos Alonso,777938,Dean Huijsen,5,0.4113
8032,Marcos Alonso,141176,V. Angban,6,0.4145
8032,Marcos Alonso,364860,Rodri,7,0.4621
8032,Marcos Alonso,624854,Manu Fernández,8,0.4992
8032,Marcos Alonso,230970,M. Fatau,9,0.5146
8032,Marcos Alonso,473367,Eric García,10,0.5155
8200,S. Nzonzi,3541,Bruno Soriano,1,0.2475
8200,S. Nzonzi,477211,L. Krejčí,2,0.3835
8200,S. Nzonzi,14724,D. Alaba,3,0.4521
8200,S. Nzonzi,480145,A. Tchouaméni,4,0.468
8200,S. Nzonzi,473367,Eric García,5,0.5415
8200,S. Nzonzi,37762,William Carvalho,6,0.5644
8200,S. Nzonzi,135103,A. Christensen,7,0.6521
8200,S. Nzonzi,773942,Pau Cubarsí,8,0.6659
8200,S. Nzonzi,777938,Dean Huijsen,9,0.6779
8200,S. Nzonzi,5286,A. Moreno,10,0.7178
8213,Rubén Rochina,788852,Hugo Álvarez,1,0.179
8213,Rubén Rochina,631404,Alejandro Balde,2,0.2594
8213,Rubén Rochina,346119,Manu García,3,0.2683
8213,Rubén Rochina,536142,Miguel Gutiérrez,4,0.3089
8213,Rubén Rochina,523326,Manu Fuster,5,0.3174
8213,Rubén Rochina,446483,André Almeida,6,0.3311
8213,Rubén Rochina,528925,Calebe,7,0.3783
8213,Rubén Rochina,26515,F. Kadir,8,0.3893
8213,Rubén Rochina,4034,Fidel,9,0.4069
8213,Rubén Rochina,112556,J. Aquino,10,0.4076
8278,G. Bale,3840,Iago Aspas,1,0.1517
8278,G. Bale,471753,João Félix,2,0.2358
8278,G. Bale,584522,Ansu Fati,3,0.3531
8278,G. Bale,3682,A. Griezmann,4,0.495
8278,G. Bale,3685,C. Vela,5,0.5092
8278,G. Bale,86307,L. Vietto,6,0.5146
8278,G. Bale,300485,Malcom,7,0.5341
8278,G. Bale,118,M. Depay,8,0.6019
8278,G. Bale,70129,Rodrigo,9,0.6453
8278,G. Bale,547260,Rodrygo,10,0.6607
8287,L. Modrić,618294,Pedri,1,0.2654
8287,L. Modrić,373410,F. de Jong,2,0.4625
8287,L. Modrić,532467,Riqui Puig,3,0.4799
8287,L. Modrić,4336,T. Gayoso Roberto,4,0.5304
8287,L. Modrić,3353,Andrés Iniesta,5,0.6265
8287,L. Modrić,69404,M. Kovačić,6,0.6335
8287,L. Modrić,8320,S. Nasri,7,0.6526
8287,L. Modrić,3280,É. Banega,8,0.7007
8287,L. Modrić,255256,Arthur,9,0.7325
8287,L. Modrić,14808,İ. Gündoğan,10,0.8156
8297,G. dos Santos,397060,A. Danjuma,1,0.1911
8297,G. dos Santos,551596,Lázaro,2,0.3417
8297,G. dos Santos,3816,Sergio García,3,0.355
8297,G. dos Santos,355599,Mikel Oyarzabal,4,0.3582
8297,G. dos Santos,38094,I. Ezekiel,5,0.366
8297,G. dos Santos,71057,Licá,6,0.3797
8297,G. dos Santos,545942,Oihan Sancet,7,0.3911
8297,G. dos Santos,230883,Ayoze Pérez,8,0.3949
8297,G. dos Santos,20423,Alexandre Pato,9,0.3962
8297,G. dos Santos,3451,Adrián López,10,0.4022
8309,K. Rekik,498373,M. Sagnan,1,0.1502
8309,K. Rekik,439778,I. Doumbia,2,0.1914
8309,K. Rekik,787348,Raúl Asencio,3,0.2889
8309,K. Rekik,403448,Éder Militão,4,0.3262
8309,K. Rekik,3304,Nacho Fernández,5,0.3501
8309,K. Rekik,312,N. Gudelj,6,0.3663
8309,K. Rekik,364003,S. Bueno,7,0.37
8309,K. Rekik,544844,Logan Costa,8,0.3765
8309,K. Rekik,4303,David López,9,0.3899
8309,K. Rekik,366581,J. Gnagnon,10,0.3994
8311,S. Savić,3695,Álvaro Soberón,1,0.0619
8311,S. Savić,25392,Bakary Koné,2,0.084
8311,S. Savić,344068,Unai Núñez,3,0.0855
8311,S. Savić,4918,Deivid,4,0.1226
8311,S. Savić,3562,Sergio Sánchez,5,0.1431
8311,S. Savić,295234,Sergio González,6,0.1699
8311,S. Savić,70140,Daniel Carriço,7,0.1779
8311,S. Savić,6325,Gonzalo Verdú,8,0.2003
8311,S. Savić,275296,David Costas,9,0.2105
8311,S. Savić,4360,Juanpe,10,0.2114
8317,David Silva,3448,A. Turan,1,0.288
8317,David Silva,3282,Sergio Canales,2,0.4116
8317,David Silva,40800,Ganso,3,0.4156
8317,David Silva,32652,E. Çolak,4,0.4474
8317,David Silva,356237,G. Lo Celso,5,0.4521
8317,David Silva,3812,Joan Verdú,6,0.4566
8317,David Silva,3344,Rafinha,7,0.4758
8317,David Silva,4362,Momo,8,0.4982
8317,David Silva,617894,J. Bellingham,9,0.5315
8317,David Silva,703740,A. Güler,10,0.5336
8320,S. Nasri,532467,Riqui Puig,1,0.2801
8320,S. Nasri,70096,J. Rodríguez,2,0.4964
8320,S. Nasri,4379,Jonathan Viera,3,0.5917
8320,S. Nasri,618294,Pedri,4,0.6045
8320,S. Nasri,14808,İ. Gündoğan,5,0.6305
8320,S. Nasri,8287,L. Modrić,6,0.6526
8320,S. Nasri,3563,Isco,7,0.6695
8320,S. Nasri,3802,Philippe Coutinho,8,0.7531
8320,S. Nasri,3353,Andrés Iniesta,9,0.8481
8320,S. Nasri,373410,F. de Jong,10,0.8725
8323,Denis Suárez,693939,Pablo Torre,1,0.2725
8323,Denis Suárez,208942,Óliver Torres,2,0.3007
8323,Denis Suárez,253,Q. Promes,3,0.3017
8323,Denis Suárez,4498,Lucas Vázquez,4,0.3032
8323,Denis Suárez,26515,F. Kadir,5,0.3038
8323,Denis Suárez,523326,Manu Fuster,6,0.3228
8323,Denis Suárez,3285,Pablo Hernández,7,0.3415
8323,Denis Suárez,28922,T. Lemar,8,0.3599
8323,Denis Suárez,631404,Alejandro Balde,9,0.3826
8323,Denis Suárez,499596,S. Dest,10,0.3945
8609,A. Alcáraz,413041,J. El Yamiq,1,0.0814
8609,A. Alcáraz,376362,Luiz Felipe,2,0.0906
8609,A. Alcáraz,3496,Sergio Postigo,3,0.1265
8609,A. Alcáraz,916711,Juma Bah,4,0.132
8609,A. Alcáraz,508021,Jorge Cuenca,5,0.1671
8609,A. Alcáraz,298353,José Martínez,6,0.1707
8609,A. Alcáraz,652014,César Tárrega,7,0.1764
8609,A. Alcáraz,70086,N. Otamendi,8,0.1764
8609,A. Alcáraz,339799,Jorge Sáenz,9,0.1931
8609,A. Alcáraz,86548,S. Vergini,10,0.2067
8945,K. Trippier,3434,Filipe Luís,1,0.0597
8945,K. Trippier,214062,Álex Granell,2,0.2833
8945,K. Trippier,22566,A. Florenzi,3,0.3452
8945,K. Trippier,743429,Álvaro Carreras,4,0.3616
8945,K. Trippier,471761,Óscar Mingueza,5,0.3811
8945,K. Trippier,770387,Héctor Fort,6,0.3874
8945,K. Trippier,4501,Dani Carvajal,7,0.4678
8945,K. Trippier,25701,L. Digne,8,0.483
8945,K. Trippier,93033,Edimar,9,0.4895
8945,K. Trippier,89073,M. Acuña,10,0.5306
11063,Suso,25461,R. Boudebouz,1,0.2576
11063,Suso,529349,Antony,2,0.3455
11063,Suso,70121,N. Gaitán,3,0.3469
11063,Suso,114055,Ó. Romero,4,0.3514
11063,Suso,583880,A. Ounahi,5,0.45
11063,Suso,25440,J. Pastore,6,0.4615
11063,Suso,694195,Rodri Sánchez,7,0.6098
11063,Suso,69403,Sammir,8,0.6151
11063,Suso,134177,José Pozo,9,0.6268
11063,Suso,860728,F. Mastantuono,10,0.6276
14687,S. Papastathopoulos,227894,J. Giménez,1,0.0878
14687,S. Papastathopoulos,3276,A. Rami,2,0.1189
14687,S. Papastathopoulos,125250,Ó. Duarte,3,0.1378
14687,S. Papastathopoulos,292654,M. Diakhaby,4,0.1395
14687,S. Papastathopoulos,237262,S. Babić,5,0.1538
14687,S. Papastathopoulos,384066,C. Montes,6,0.1567
14687,S. Papastathopoulos,357991,Édgar González,7,0.1854
14687,S. Papastathopoulos,3527,Kiko Olivas,8,0.1912
14687,S. Papastathopoulos,70140,Daniel Carriço,9,0.196
14687,S. Papastathopoulos,4918,Deivid,10,0.1975
14723,T. Kroos,3353,Andrés Iniesta,1,0.513
14723,T. Kroos,4336,T. Gayoso Roberto,2,0.526
14723,T. Kroos,373410,F. de Jong,3,0.6569
14723,T. Kroos,255256,Arthur,4,0.6948
14723,T. Kroos,20443,M. Pjanić,5,0.7359
14723,T. Kroos,8287,L. Modrić,6,0.8315
14723,T. Kroos,618294,Pedri,7,1.0693
14723,T. Kroos,3352,Xavi,8,1.116
14723,T. Kroos,532467,Riqui Puig,9,1.15
14723,T. Kroos,14808,İ. Gündoğan,10,1.1961
14724,D. Alaba,480145,A. Tchouaméni,1,0.1317
14724,D. Alaba,3541,Bruno Soriano,2,0.3027
14724,D. Alaba,470747,R. Araújo,3,0.433
14724,D. Alaba,8200,S. Nzonzi,4,0.4521
14724,D. Alaba,473367,Eric García,5,0.476
14724,D. Alaba,477211,L. Krejčí,6,0.4949
14724,D. Alaba,3274,J. Mathieu,7,0.5886
14724,D. Alaba,70120,Javi García,8,0.634
14724,D. Alaba,5286,A. Moreno,9,0.6485
14724,D. Alaba,410062,J. Koundé,10,0.6558
14740,A. Boka,401550,Miguel Crespo,1,0.1575
14740,A. Boka,20803,M. Aguirregaray,2,0.214
14740,A. Boka,402854,G. Montiel,3,0.2225
14740,A. Boka,4452,Yuri Berchiche,4,0.2364
14740,A. Boka,116299,L. Olaza,5,0.2624
14740,A. Boka,70136,S. Arias,6,0.2759
14740,A. Boka,70139,E. Insúa,7,0.2807
14740,A. Boka,4908,Alberto Moreno,8,0.2963
14740,A. Boka,3351,Kiko Femenía,9,0.2989
14740,A. Boka,25407,C. Grenier,10,0.3014
14748,A. Rüdiger,70120,Javi García,1,0.2263
14748,A. Rüdiger,26307,A. Mandi,2,0.2588
14748,A. Rüdiger,470747,R. Araújo,3,0.3113
14748,A. Rüdiger,7860,T. Vermaelen,4,0.3267
14748,A. Rüdiger,270866,Diego Carlos,5,0.3969
14748,A. Rüdiger,3274,J. Mathieu,6,0.4018
14748,A. Rüdiger,230626,D. Ćaleta-Car,7,0.4265
14748,A. Rüdiger,3305,Pepe,8,0.4605
14748,A. Rüdiger,3306,Sergio Ramos,9,0.4791
14748,A. Rüdiger,403448,Éder Militão,10,0.5171
14757,Z. Kuzmanović,696440,Damián Rodríguez,1,0.1365
14757,Z. Kuzmanović,631908,Marc Casadó,2,0.3896
14757,Z. Kuzmanović,89550,M. Díaz,3,0.3982
14757,Z. Kuzmanović,3346,Sergio Busquets,4,0.4161
14757,Z. Kuzmanović,559647,Kirian Rodríguez,5,0.4311
14757,Z. Kuzmanović,37762,William Carvalho,6,0.4384
14757,Z. Kuzmanović,3286,Dani Parejo,7,0.4721
14757,Z. Kuzmanović,5286,A. Moreno,8,0.4747
14757,Z. Kuzmanović,808262,M. Perrone,9,0.546
14757,Z. Kuzmanović,4487,Sergio Marcos,10,0.5543
14763,S. Okazaki,238564,S. Weissman,1,0.2931
14763,S. Okazaki,447821,Y. En-Nesyri,2,0.3022
14763,S. Okazaki,3651,Abdón Prats,3,0.3183
14763,S. Okazaki,545811,Hugo Duro,4,0.3286
14763,S. Okazaki,69513,A. Budimir,5,0.3941
14763,S. Okazaki,279571,Jon Bautista,6,0.3964
14763,S. Okazaki,364845,Rafa Mir,7,0.4111
14763,S. Okazaki,251447,V. Muriqi,8,0.4313
14763,S. Okazaki,338201,E. Boateng,9,0.437
14763,S. Okazaki,494315,B. Miovski,10,0.4446
14808,İ. Gündoğan,532467,Riqui Puig,1,0.5259
14808,İ. Gündoğan,255256,Arthur,2,0.5917
14808,İ. Gündoğan,8320,S. Nasri,3,0.6305
14808,İ. Gündoğan,373410,F. de Jong,4,0.6875
14808,İ. Gündoğan,8287,L. Modrić,5,0.8156
14808,İ. Gündoğan,3476,I. Rakitić,6,0.8226
14808,İ. Gündoğan,617894,J. Bellingham,7,0.8331
14808,İ. Gündoğan,40800,Ganso,8,0.8755
14808,İ. Gündoğan,3802,Philippe Coutinho,9,0.8982
14808,İ. Gündoğan,618294,Pedri,10,0.9134
14817,R. Lewandowski,25867,P. Aubameyang,1,0.1622
14817,R. Lewandowski,3781,Javi Guerra,2,0.1729
14817,R. Lewandowski,208972,Carlos Castro,3,0.2588
14817,R. Lewandowski,3291,Paco Alcácer,4,0.37
14817,R. Lewandowski,5167,M. Díaz,5,0.3727
14817,R. Lewandowski,14943,M. Mandžukić,6,0.3875
14817,R. Lewandowski,3681,Imanol Agirretxe,7,0.4459
14817,R. Lewandowski,112596,J. Martínez,8,0.4779
14817,R. Lewandowski,40770,Willian José,9,0.4813
14817,R. Lewandowski,37831,C. Bacca,10,0.5196
14836,T. Inui,86338,L. Ocampos,1,0.1993
14836,T. Inui,560889,Nico Melamed,2,0.207
14836,T. Inui,624774,Gabri Veiga,3,0.3113
14836,T. Inui,20441,E. Lamela,4,0.3208
14836,T. Inui,4683,A. Szymanowski,5,0.3399
14836,T. Inui,561186,Yéremy Pino,6,0.3419
14836,T. Inui,595598,Peque Fernández,7,0.3614
14836,T. Inui,3908,Lago Júnior,8,0.3721
14836,T. Inui,3361,A. Sánchez,9,0.3834
14836,T. Inui,255433,Ricardo Horta,10,0.3868
14852,Sergio Escudero,71997,Hélder Lopes,1,0.0882
14852,Sergio Escudero,89712,F. Gutiérrez,2,0.0928
14852,Sergio Escudero,279560,Andoni Gorosabel,3,0.1535
14852,Sergio Escudero,339801,Álvaro Lemos,4,0.1821
14852,Sergio Escudero,326525,Lucas Ahijado,5,0.1845
14852,Sergio Escudero,3447,Juanfran,6,0.19
14852,Sergio Escudero,3534,Jaume Costa,7,0.1902
14852,Sergio Escudero,481322,A. Candela,8,0.1972
14852,Sergio Escudero,4892,José Gayá,9,0.2104
14852,Sergio Escudero,167145,Héctor Bellerín,10,0.2284
14866,José Manuel Jurado,211885,André Gomes,1,0.181
14866,José Manuel Jurado,4278,Borja García,2,0.2176
14866,José Manuel Jurado,582472,L. Sučić,3,0.2262
14866,José Manuel Jurado,15101,P. Ebert,4,0.2442
14866,José Manuel Jurado,399676,Pablo Fornals,5,0.2546
14866,José Manuel Jurado,624498,Martim Neto,6,0.3135
14866,José Manuel Jurado,3536,Moi Gómez,7,0.3217
14866,José Manuel Jurado,4791,J. González,8,0.3406
14866,José Manuel Jurado,450784,Óscar Melendo,9,0.3926
14866,José Manuel Jurado,240680,Aleix Febas,10,0.3936
14893,H. Westermann,498350,M. Mbaye,1,0.04
14893,H. Westermann,3431,Miranda,2,0.1395
14893,H. Westermann,189976,M. Angeleri,3,0.1469
14893,H. Westermann,6950,Pablo Ínsua,4,0.154
14893,H. Westermann,3468,J. Cala,5,0.1702
14893,H. Westermann,4329,Alejandro Arribas,6,0.1849
14893,H. Westermann,338429,A. Radovanović,7,0.202
14893,H. Westermann,57347,S. Ingason,8,0.2348
14893,H. Westermann,4093,Añibarro,9,0.2489
14893,H. Westermann,3466,Alexis,10,0.2585
14922,R. Rodríguez,537185,J. Araujo,1,0.045
14922,R. Rodríguez,86198,J. Sánchez Miño,2,0.1541
14922,R. Rodríguez,3270,Barragán,3,0.1685
14922,R. Rodríguez,42183,Petros,4,0.208
14922,R. Rodríguez,134476,F. Barba,5,0.2122
14922,R. Rodríguez,446062,K. Arriaga,6,0.217
14922,R. Rodríguez,167120,Fran Varela,7,0.2286
14922,R. Rodríguez,366584,L. Pétrot,8,0.2508
14922,R. Rodríguez,443324,Douglas Luiz,9,0.262
14922,R. Rodríguez,645035,Dário Essugo,10,0.2729
14943,M. Mandžukić,112596,J. Martínez,1,0.2138
14943,M. Mandžukić,40770,Willian José,2,0.2223
14943,M. Mandžukić,3291,Paco Alcácer,3,0.2762
14943,M. Mandžukić,4017,Miku,4,0.2807
14943,M. Mandžukić,7941,Chicharito,5,0.3529
14943,M. Mandžukić,25577,L. Rémy,6,0.3806
14943,M. Mandžukić,14817,R. Lewandowski,7,0.3875
14943,M. Mandžukić,3781,Javi Guerra,8,0.4053
14943,M. Mandžukić,25867,P. Aubameyang,9,0.4212
14943,M. Mandžukić,208972,Carlos Castro,10,0.4225
15101,P. Ebert,25942,G. Imbula,1,0.1961
15101,P. Ebert,450784,Óscar Melendo,2,0.2193
15101,P. Ebert,14866,José Manuel Jurado,3,0.2442
15101,P. Ebert,422520,Iván Martín,4,0.2564
15101,P. Ebert,582472,L. Sučić,5,0.2747
15101,P. Ebert,211885,André Gomes,6,0.3425
15101,P. Ebert,3536,Moi Gómez,7,0.3764
15101,P. Ebert,5171,Víctor Rodríguez,8,0.3782
15101,P. Ebert,399676,Pablo Fornals,9,0.3912
15101,P. Ebert,372752,Carlos Soler,10,0.3968
15111,A. Ramos,86200,S. Araújo,1,0.1428
15111,A. Ramos,151,J. Guidetti,2,0.1589
15111,A. Ramos,3988,David Barral,3,0.1759
15111,A. Ramos,69610,D. Čop,4,0.1802
15111,A. Ramos,344120,Borja Mayoral,5,0.1842
15111,A. Ramos,86800,D. Benedetto,6,0.205
15111,A. Ramos,405979,Abel Ruiz,7,0.2104
15111,A. Ramos,4338,Diego Costa,8,0.3031
15111,A. Ramos,135927,André Silva,9,0.3074
15111,A. Ramos,3605,Jorge Molina,10,0.3159
15214,A. Rukavina,399652,Florentino,1,0.1445
15214,A. Rukavina,3829,Oier Sanjurjo,2,0.1468
15214,A. Rukavina,6528,Javi Moyano,3,0.1533
15214,A. Rukavina,190172,Juan Cruz,4,0.1695
15214,A. Rukavina,4234,Lillo Castellano,5,0.2051
15214,A. Rukavina,4086,Eneko Bóveda,6,0.219
15214,A. Rukavina,427886,C. Protesoni,7,0.2327
15214,A. Rukavina,294415,Reinildo,8,0.234
15214,A. Rukavina,808345,S. Mouriño,9,0.2481
15214,A. Rukavina,92910,L. Fejsa,10,0.2567
15455,J. Geis,20460,M. Cáceres,1,0.2583
15455,J. Geis,604055,Mika Mármol,2,0.319
15455,J. Geis,20547,Javier Garrido,3,0.3269
15455,J. Geis,86796,I. Marcone,4,0.3516
15455,J. Geis,3594,José Alberto Cañas,5,0.3617
15455,J. Geis,262121,D. Vavro,6,0.3878
15455,J. Geis,5542,Dani García,7,0.4007
15455,J. Geis,3340,Muniesa,8,0.4189
15455,J. Geis,3436,Javi Manquillo,9,0.4223
15455,J. Geis,4805,Anaitz Arbilla,10,0.4254
15817,R. Babel,6370,Eraso,1,0.36870000000000003
15817,R. Babel,3503,R.García Escudero,2,0.3834
15817,R. Babel,771062,Chuki,3,0.4088
15817,R. Babel,585048,L. Beltrán,4,0.4127
15817,R. Babel,450785,Javi Puado,5,0.4562
15817,R. Babel,279566,Jon Guridi,6,0.4714
15817,R. Babel,167119,Sabin Merino,7,0.4913
15817,R. Babel,4778,Coro,8,0.494
15817,R. Babel,278278,Munir El Haddadi,9,0.498
15817,R. Babel,388976,T. Kadewere,10,0.5032
20393,D. Bonera,3277,Víctor Ruíz,1,0.0642
20393,D. Bonera,70112,E. Garay,2,0.1344
20393,D. Bonera,3338,Sergi Gómez,3,0.1443
20393,D. Bonera,3916,G. Cabral,4,0.1949
20393,D. Bonera,4360,Juanpe,5,0.1972
20393,D. Bonera,112545,N. Araújo,6,0.2071
20393,D. Bonera,4065,J. Murillo,7,0.2095
20393,D. Bonera,3791,Z. Feddal,8,0.2519
20393,D. Bonera,282439,Lluis López,9,0.2588
20393,D. Bonera,6325,Gonzalo Verdú,10,0.2618
20402,K. Boateng,5297,I. Uche,1,0.2334
20402,K. Boateng,3548,G. Rossi,2,0.249
20402,K. Boateng,5400,Gerard Moreno,3,0.3803
20402,K. Boateng,3779,Alberto Bueno,4,0.4369
20402,K. Boateng,25577,L. Rémy,5,0.4489
20402,K. Boateng,3655,Víctor Casadesús,6,0.5015
20402,K. Boateng,86307,L. Vietto,7,0.507
20402,K. Boateng,3608,R. Santa Cruz,8,0.5201
20402,K. Boateng,70129,Rodrigo,9,0.5246
20402,K. Boateng,4440,Borja Valle,10,0.5614
20406,M. Flamini,4268,Juan Rafael Fuentes,1,0.2419
20406,M. Flamini,6386,Jon Ander Garrido,2,0.2479
20406,M. Flamini,375350,M. Loum,3,0.3351
20406,M. Flamini,89133,Rodrigo Battaglia,4,0.3497
20406,M. Flamini,56408,J. Jønsson,5,0.3517
20406,M. Flamini,364846,Y. Eteki,6,0.3789
20406,M. Flamini,507738,Vini Souza,7,0.3929
20406,M. Flamini,250805,Djené,8,0.4064
20406,M. Flamini,7585,Manu García,9,0.4094
20406,M. Flamini,553381,G. Álvarez,10,0.4162
20423,Alexandre Pato,8297,G. dos Santos,1,0.3962
20423,Alexandre Pato,22578,N. Sansone,2,0.4147
20423,Alexandre Pato,551596,Lázaro,3,0.4269
20423,Alexandre Pato,20764,L. Muriel,4,0.445
20423,Alexandre Pato,397060,A. Danjuma,5,0.4458
20423,Alexandre Pato,4440,Borja Valle,6,0.475
20423,Alexandre Pato,290215,Dani Ndi,7,0.5147
20423,Alexandre Pato,26638,K. Toko-Ekambi,8,0.518
20423,Alexandre Pato,227756,J. Boga,9,0.5207
20423,Alexandre Pato,258907,R. Assalé,10,0.5462
20433,S. Kjær,3642,Iván Ramis,1,0.1766
20433,S. Kjær,4580,J. Babin,2,0.2086
20433,S. Kjær,288112,C. Starfelt,3,0.2108
20433,S. Kjær,3692,B. Espinosa,4,0.2321
20433,S. Kjær,41363,Gabriel Paulista,5,0.2678
20433,S. Kjær,125250,Ó. Duarte,6,0.274
20433,S. Kjær,3276,A. Rami,7,0.3107
20433,S. Kjær,227894,J. Giménez,8,0.3253
20433,S. Kjær,831472,Jon Martín,9,0.327
20433,S. Kjær,237262,S. Babić,10,0.343
20436,Cote,25586,Mariano,1,0.3732
20436,Cote,303078,G. Suazo,2,0.49370000000000003
20436,Cote,4780,David Juncà,3,0.4986
20436,Cote,50213,K. Yoda,4,0.5611
20436,Cote,414193,N. Molina,5,0.5661
20436,Cote,580127,Pep Chavarría,6,0.5909
20436,Cote,551304,Álex Petxa,7,0.6091
20436,Cote,344100,Sergio Reguilón,8,0.612
20436,Cote,552245,Imanol García de Albéniz,9,0.6251
20436,Cote,3421,Óscar De Marcos,10,0.6369
20441,E. Lamela,648423,Alberto Moleiro,1,0.1924
20441,E. Lamela,3423,Ibai Gómez,2,0.2927
20441,E. Lamela,518746,Lee Kang-In,3,0.3074
20441,E. Lamela,254408,Á. Correa,4,0.3075
20441,E. Lamela,14836,T. Inui,5,0.3208
20441,E. Lamela,135938,I. Cavaleiro,6,0.3244
20441,E. Lamela,511155,R. Vargas,7,0.3321
20441,E. Lamela,4257,J. Zongo,8,0.3354
20441,E. Lamela,611463,Aimar Oroz,9,0.3393
20441,E. Lamela,357946,Isi Palazón,10,0.3452
20443,M. Pjanić,3352,Xavi,1,0.6473
20443,M. Pjanić,14723,T. Kroos,2,0.7359
20443,M. Pjanić,255256,Arthur,3,0.9867
20443,M. Pjanić,3353,Andrés Iniesta,4,1.0507
20443,M. Pjanić,373410,F. de Jong,5,1.1777
20443,M. Pjanić,4336,T. Gayoso Roberto,6,1.225
20443,M. Pjanić,8287,L. Modrić,7,1.4543
20443,M. Pjanić,14808,İ. Gündoğan,8,1.4566
20443,M. Pjanić,8320,S. Nasri,9,1.5814
20443,M. Pjanić,532467,Riqui Puig,10,1.6069
20450,Bojan Krkić,230934,Josep Señé,1,0.1056
20450,Bojan Krkić,536150,Sergio Arribas,2,0.2306
20450,Bojan Krkić,3451,Adrián López,3,0.3494
20450,Bojan Krkić,20623,R. Soriano,4,0.3562
20450,Bojan Krkić,532815,Miguel Baeza,5,0.3586
20450,Bojan Krkić,134513,A. Martial,6,0.3657
20450,Bojan Krkić,4257,J. Zongo,7,0.3854
20450,Bojan Krkić,3479,Manu del Moral,8,0.4008
20450,Bojan Krkić,545942,Oihan Sancet,9,0.404
20450,Bojan Krkić,4778,Coro,10,0.4181
20460,M. Cáceres,604055,Mika Mármol,1,0.1349
20460,M. Cáceres,4511,Pedro Mosquera,2,0.214
20460,M. Cáceres,3414,Ander Iturraspe,3,0.2332
20460,M. Cáceres,20722,F. Rossi,4,0.2376
20460,M. Cáceres,15455,J. Geis,5,0.2583
20460,M. Cáceres,3436,Javi Manquillo,6,0.2603
20460,M. Cáceres,5542,Dani García,7,0.2618
20460,M. Cáceres,262121,D. Vavro,8,0.2856
20460,M. Cáceres,368110,Jailson,9,0.316
20460,M. Cáceres,86796,I. Marcone,10,0.3218
20475,A. Vidal,3602,Salva Sevilla,1,0.1733
20475,A. Vidal,364005,F. Valverde,2,0.3473
20475,A. Vidal,37762,William Carvalho,3,0.3848
20475,A. Vidal,4911,Jozabed,4,0.3867
20475,A. Vidal,3476,I. Rakitić,5,0.3971
20475,A. Vidal,559647,Kirian Rodríguez,6,0.4279
20475,A. Vidal,5286,A. Moreno,7,0.4317
20475,A. Vidal,40800,Ganso,8,0.4806
20475,A. Vidal,3812,Joan Verdú,9,0.5412
20475,A. Vidal,3286,Dani Parejo,10,0.6015
20536,G. Pazzini,213365,G. Fernández,1,0.1164
20536,G. Pazzini,171643,R. Yaremchuk,2,0.1782
20536,G. Pazzini,344086,Gorka Guruzeta,3,0.1867
20536,G. Pazzini,55968,M. Braithwaite,4,0.2312
20536,G. Pazzini,490458,S. Kaba,5,0.237
20536,G. Pazzini,486425,Fer Niño,6,0.2561
20536,G. Pazzini,574907,E. Touré,7,0.281
20536,G. Pazzini,3577,S. Rondón,8,0.2831
20536,G. Pazzini,70159,R. van Wolfswinkel,9,0.2912
20536,G. Pazzini,25472,C. Bakambu,10,0.2943
20547,Javier Garrido,3594,José Alberto Cañas,1,0.0632
20547,Javier Garrido,525104,Dani Vivian,2,0.1726
20547,Javier Garrido,86796,I. Marcone,3,0.2322
20547,Javier Garrido,26518,C. Sánchez,4,0.2781
20547,Javier Garrido,230857,Yeray Álvarez,5,0.2928
20547,Javier Garrido,428131,P. Akouokou,6,0.2941
20547,Javier Garrido,262121,D. Vavro,7,0.2945
20547,Javier Garrido,473364,Hugo Guillamón,8,0.3237
20547,Javier Garrido,268776,W. Hoedt,9,0.3267
20547,Javier Garrido,15455,J. Geis,10,0.3269
20612,S. Mustafi,112370,D. Reyes,1,0.1585
20612,S. Mustafi,3695,Álvaro Soberón,2,0.1805
20612,S. Mustafi,4918,Deivid,3,0.1876
20612,S. Mustafi,3412,Gurpegi,4,0.2181
20612,S. Mustafi,8311,S. Savić,5,0.2201
20612,S. Mustafi,344068,Unai Núñez,6,0.2324
20612,S. Mustafi,213714,E. Burgos,7,0.2471
20612,S. Mustafi,227894,J. Giménez,8,0.2512
20612,S. Mustafi,911027,Vitor Reis,9,0.2597
20612,S. Mustafi,3526,M. Musacchio,10,0.2674
20618,N. Krstičić,237269,S. Lukić,1,0.204
20618,N. Krstičić,480138,B. Mendy,2,0.2097
20618,N. Krstičić,363717,Y. Herrera,3,0.2447
20618,N. Krstičić,255254,Danilo Barbosa,4,0.2765
20618,N. Krstičić,336371,Guilherme Arana,5,0.2793
20618,N. Krstičić,400691,N. Petrović,6,0.34
20618,N. Krstičić,230895,Pere Pons,7,0.3474
20618,N. Krstičić,3866,M. Iturra,8,0.3518
20618,N. Krstičić,240609,Á. Muñoz,9,0.373
20618,N. Krstičić,488961,Samú Costa,10,0.3755
20623,R. Soriano,532815,Miguel Baeza,1,0.2333
20623,R. Soriano,563968,Iker Losada,2,0.2953
20623,R. Soriano,3423,Ibai Gómez,3,0.3012
20623,R. Soriano,4257,J. Zongo,4,0.3112
20623,R. Soriano,357946,Isi Palazón,5,0.3146
20623,R. Soriano,302550,Brais Méndez,6,0.3269
20623,R. Soriano,20450,Bojan Krkić,7,0.3562
20623,R. Soriano,3361,A. Sánchez,8,0.3583
20623,R. Soriano,5171,Víctor Rodríguez,9,0.3644
20623,R. Soriano,364864,Pedro Díaz,10,0.3718
20636,M. Andreolli,288112,C. Starfelt,1,0.1704
20636,M. Andreolli,947678,Juanma Herzog,2,0.1716
20636,M. Andreolli,4580,J. Babin,3,0.2593
20636,M. Andreolli,237262,S. Babić,4,0.2664
20636,M. Andreolli,3275,Ricardo Costa,5,0.3067
20636,M. Andreolli,25831,C. Medjani,6,0.3212
20636,M. Andreolli,20433,S. Kjær,7,0.3508
20636,M. Andreolli,3642,Iván Ramis,8,0.358
20636,M. Andreolli,831472,Jon Martín,9,0.367
20636,M. Andreolli,6579,Antonio Raíllo,10,0.3837
20643,B. Jokić,3984,Alberto Lora,1,0.2989
20643,B. Jokić,5901,Edu Campabadal,2,0.4867
20643,B. Jokić,3672,Carlos Martínez,3,0.5145
20643,B. Jokić,4789,Carles Planas,4,0.5336
20643,B. Jokić,552245,Imanol García de Albéniz,5,0.5558
20643,B. Jokić,3827,Hugo Mallo,6,0.5792
20643,B. Jokić,3797,Víctor Sánchez,7,0.5802
20643,B. Jokić,334175,Óscar Valentín,8,0.6107
20643,B. Jokić,3339,Martín Montoya,9,0.6129
20643,B. Jokić,604122,Jon Aramburu,10,0.6154
20672,J.Crespo Rincón,26195,M. Saunier,1,0.1197
20672,J.Crespo Rincón,3561,Weligton,2,0.1237
20672,J.Crespo Rincón,70507,Paulo Oliveira,3,0.1437
20672,J.Crespo Rincón,3670,Mikel González,4,0.1712
20672,J.Crespo Rincón,410055,Róber Pier,5,0.2408
20672,J.Crespo Rincón,211853,Rúben Vezo,6,0.2517
20672,J.Crespo Rincón,12,K. Omeruo,7,0.2626
20672,J.Crespo Rincón,376362,Luiz Felipe,8,0.2627
20672,J.Crespo Rincón,93003,D. Siovas,9,0.2695
20672,J.Crespo Rincón,3885,L. Cabrera,10,0.2757
20685,R. Krhin,3933,Xavi Torres,1,0.1663
20685,R. Krhin,344039,Chumi,2,0.203
20685,R. Krhin,3407,Jonás Ramalho,3,0.2445
20685,R. Krhin,128742,N. Vukčević,4,0.247
20685,R. Krhin,567461,Jorge Herrando,5,0.2621
20685,R. Krhin,449817,A. Mumin,6,0.2647
20685,R. Krhin,208945,César de la Hoz,7,0.2705
20685,R. Krhin,270037,M. Valjent,8,0.2728
20685,R. Krhin,712305,Adrián Pica,9,0.273
20685,R. Krhin,404693,M. Kumbulla,10,0.2794
20722,F. Rossi,4511,Pedro Mosquera,1,0.1727
20722,F. Rossi,604055,Mika Mármol,2,0.1823
20722,F. Rossi,712871,Jon Gorrotxategi,3,0.198
20722,F. Rossi,3414,Ander Iturraspe,4,0.2255
20722,F. Rossi,25553,César Azpilicueta,5,0.2312
20722,F. Rossi,20460,M. Cáceres,6,0.2376
20722,F. Rossi,167118,Erik Morán,7,0.2391
20722,F. Rossi,3653,F. Tissone,8,0.2989
20722,F. Rossi,368110,Jailson,9,0.3221
20722,F. Rossi,3378,Álex Bergantiños,10,0.3341
20728,Jonathas,3324,Álvaro Morata,1,0.1177
20728,Jonathas,91519,J. Córdoba,2,0.1604
20728,Jonathas,55224,A. Sørloth,3,0.1838
20728,Jonathas,275338,Borja Iglesias,4,0.1847
20728,Jonathas,7908,Fernando Torres,5,0.2043
20728,Jonathas,3874,Kike García,6,0.2339
20728,Jonathas,3804,Álvaro Vázquez,7,0.2443
20728,Jonathas,25472,C. Bakambu,8,0.2478
20728,Jonathas,55968,M. Braithwaite,9,0.2631
20728,Jonathas,22202,S. Zaza,10,0.3417
20733,F. Piovaccari,492443,V. Castellanos,1,0.1148
20733,F. Piovaccari,5268,Sergio León,2,0.2281
20733,F. Piovaccari,683194,T. Barry,3,0.229
20733,F. Piovaccari,105376,N. Kalinić,4,0.2334
20733,F. Piovaccari,274435,E. Ünal,5,0.2394
20733,F. Piovaccari,545811,Hugo Duro,6,0.2446
20733,F. Piovaccari,238564,S. Weissman,7,0.269
20733,F. Piovaccari,282449,Asier Villalibre,8,0.272
20733,F. Piovaccari,611298,Raul García,9,0.2724
20733,F. Piovaccari,228902,J. Calleri,10,0.2785
20764,L. Muriel,22578,N. Sansone,1,0.28
20764,L. Muriel,4440,Borja Valle,2,0.2932
20764,L. Muriel,38093,M. Batshuayi,3,0.3013
20764,L. Muriel,20423,Alexandre Pato,4,0.445
20764,L. Muriel,26638,K. Toko-Ekambi,5,0.468
20764,L. Muriel,25445,K. Gameiro,6,0.4782
20764,L. Muriel,764899,Endrick,7,0.4851
20764,L. Muriel,5400,Gerard Moreno,8,0.5168
20764,L. Muriel,563391,G. Mikautadze,9,0.5268
20764,L. Muriel,25577,L. Rémy,10,0.5325
20766,H. Seferović,167119,Sabin Merino,1,0.137
20766,H. Seferović,565630,F. Viñas,2,0.186
20766,H. Seferović,855222,Unai Gómez,3,0.342
20766,H. Seferović,490863,Alemão,4,0.3429
20766,H. Seferović,3503,R.García Escudero,5,0.3526
20766,H. Seferović,48354,Thiago Galhardo,6,0.3808
20766,H. Seferović,70327,N. Ghilas,7,0.4048
20766,H. Seferović,25809,E. Rivière,8,0.4149
20766,H. Seferović,7593,Quique González,9,0.4178
20766,H. Seferović,585048,L. Beltrán,10,0.4179
20803,M. Aguirregaray,14740,A. Boka,1,0.214
20803,M. Aguirregaray,401550,Miguel Crespo,2,0.2369
20803,M. Aguirregaray,4452,Yuri Berchiche,3,0.3006
20803,M. Aguirregaray,551304,Álex Petxa,4,0.3522
20803,M. Aguirregaray,93033,Edimar,5,0.3617
20803,M. Aguirregaray,414193,N. Molina,6,0.3642
20803,M. Aguirregaray,590721,M. Ruggeri,7,0.3657
20803,M. Aguirregaray,22566,A. Florenzi,8,0.36870000000000003
20803,M. Aguirregaray,402854,G. Montiel,9,0.3716
20803,M. Aguirregaray,71997,Hélder Lopes,10,0.3773
20808,E. Muñoz,213124,Chema Rodríguez,1,0.0429
20808,E. Muñoz,40574,Dória,2,0.0928
20808,E. Muñoz,127591,A. Pantić,3,0.1595
20808,E. Muñoz,86716,M. Dos Santos,4,0.1639
20808,E. Muñoz,3468,J. Cala,5,0.172
20808,E. Muñoz,224080,G. Maripán,6,0.1794
20808,E. Muñoz,6950,Pablo Ínsua,7,0.1897
20808,E. Muñoz,5677,Bruno González,8,0.2079
20808,E. Muñoz,498350,M. Mbaye,9,0.2499
20808,E. Muñoz,134163,Rodri Tarín,10,0.2559
20823,F. Vázquez,5171,Víctor Rodríguez,1,0.0975
20823,F. Vázquez,3358,Cristian Tello,2,0.2226
20823,F. Vázquez,5875,Álex Gallar,3,0.3071
20823,F. Vázquez,5791,J. Añor,4,0.3076
20823,F. Vázquez,450784,Óscar Melendo,5,0.3222
20823,F. Vázquez,3284,S. Feghouli,6,0.3228
20823,F. Vázquez,582472,L. Sučić,7,0.3666
20823,F. Vázquez,302550,Brais Méndez,8,0.3854
20823,F. Vázquez,639038,A. Zakharyan,9,0.3919
20823,F. Vázquez,647161,Gavi,10,0.3988
20884,J. Larrivey,3819,K. Uche,1,0.2925
20884,J. Larrivey,3681,Imanol Agirretxe,2,0.5201
20884,J. Larrivey,3657,T. Hemed,3,0.6551
20884,J. Larrivey,385273,Charles,4,0.673
20884,J. Larrivey,3290,Aritz Aduriz,5,0.7428
20884,J. Larrivey,92893,Toché,6,0.7446
20884,J. Larrivey,3781,Javi Guerra,7,0.7705
20884,J. Larrivey,3424,Fernando Llorente,8,0.7862
20884,J. Larrivey,98072,S. Šćepović,9,0.8016
20884,J. Larrivey,208972,Carlos Castro,10,0.8103
20932,M. Nastasić,248846,M. Villanueva,1,0.0765
20932,M. Nastasić,4113,Xabier Etxeita,2,0.0856
20932,M. Nastasić,331583,Dani Calvo,3,0.087
20932,M. Nastasić,4358,Víctor Laguardia,4,0.0982
20932,M. Nastasić,4232,Alcalá,5,0.1259
20932,M. Nastasić,330728,Domingos Duarte,6,0.1262
20932,M. Nastasić,387785,Unai Elgezabal,7,0.1385
20932,M. Nastasić,167149,Joaquín Fernández,8,0.1651
20932,M. Nastasić,223681,A. Sedlar,9,0.1688
20932,M. Nastasić,89700,E. Roco,10,0.1837
20936,J. Vargas,612174,Víctor Parada,1,0.1294
20936,J. Vargas,116170,S. Cristóforo,2,0.2397
20936,J. Vargas,399652,Florentino,3,0.263
20936,J. Vargas,3460,Coke,4,0.2676
20936,J. Vargas,3829,Oier Sanjurjo,5,0.2863
20936,J. Vargas,441230,T. Alarcón,6,0.3352
20936,J. Vargas,6528,Javi Moyano,7,0.3405
20936,J. Vargas,4326,Tito,8,0.3809
20936,J. Vargas,470934,Javi Hernández,9,0.381
20936,J. Vargas,3408,Enric Saborit,10,0.3863
20948,S. Jovetić,7972,L. Suárez,1,0.2538
20948,S. Jovetić,86307,L. Vietto,2,0.6037
20948,S. Jovetić,5297,I. Uche,3,0.7755
20948,S. Jovetić,20402,K. Boateng,4,0.777
20948,S. Jovetić,3604,Rubén Castro,5,0.7943
20948,S. Jovetić,3548,G. Rossi,6,0.815
20948,S. Jovetić,3840,Iago Aspas,7,0.8246
20948,S. Jovetić,8278,G. Bale,8,0.8417
20948,S. Jovetić,3779,Alberto Bueno,9,0.8448
20948,S. Jovetić,118,M. Depay,10,0.8573
21077,A. Gómez,32652,E. Çolak,1,0.0999
21077,A. Gómez,4969,Tana,2,0.1694
21077,A. Gómez,3571,Joaquín,3,0.2759
21077,A. Gómez,578270,T. Almada,4,0.2827
21077,A. Gómez,25440,J. Pastore,5,0.3283
21077,A. Gómez,4362,Momo,6,0.3293
21077,A. Gómez,3344,Rafinha,7,0.3314
21077,A. Gómez,3448,A. Turan,8,0.3354
21077,A. Gómez,4278,Borja García,9,0.374
21077,A. Gómez,4791,J. González,10,0.4105
21174,E. Cavani,4602,Oriol Riera,1,0.1519
21174,E. Cavani,6292,K. Kodro,2,0.1606
21174,E. Cavani,98072,S. Šćepović,3,0.196
21174,E. Cavani,266885,M. Olunga,4,0.3284
21174,E. Cavani,3657,T. Hemed,5,0.3561
21174,E. Cavani,101635,F. Caicedo,6,0.359
21174,E. Cavani,4048,Sergi Enrich,7,0.3621
21174,E. Cavani,105618,A. Kravets,8,0.3644
21174,E. Cavani,3483,Álvaro Negredo,9,0.36870000000000003
21174,E. Cavani,122859,Y. El-Arabi,10,0.3926
21550,Gabriel Silva,21842,C. Biraghi,1,0.09
21550,Gabriel Silva,3856,Molinero,2,0.1418
21550,Gabriel Silva,3375,Laure,3,0.1506
21550,Gabriel Silva,90774,H. Palacios,4,0.1509
21550,Gabriel Silva,278007,F. Ricca,5,0.1555
21550,Gabriel Silva,3969,Roberto Canella,6,0.196
21550,Gabriel Silva,481618,N. Tenaglia,7,0.2282
21550,Gabriel Silva,286994,Adrián Marín,8,0.2368
21550,Gabriel Silva,225022,Rubén Duarte,9,0.2489
21550,Gabriel Silva,393214,V. Rosier,10,0.2955
21793,C. Piccini,3598,Álex Martínez,1,0.0495
21793,C. Piccini,655335,Yusi,2,0.111
21793,C. Piccini,167145,Héctor Bellerín,3,0.116
21793,C. Piccini,367391,Toni Moya,4,0.1419
21793,C. Piccini,501165,Lucas Pires,5,0.1683
21793,C. Piccini,279560,Andoni Gorosabel,6,0.169
21793,C. Piccini,4997,Antoñito,7,0.1975
21793,C. Piccini,3447,Juanfran,8,0.2256
21793,C. Piccini,89712,F. Gutiérrez,9,0.23
21793,C. Piccini,41339,Alex Telles,10,0.2445
21842,C. Biraghi,21550,Gabriel Silva,1,0.09
21842,C. Biraghi,3375,Laure,2,0.113
21842,C. Biraghi,3856,Molinero,3,0.1366
21842,C. Biraghi,225022,Rubén Duarte,4,0.1648
21842,C. Biraghi,278007,F. Ricca,5,0.1666
21842,C. Biraghi,286994,Adrián Marín,6,0.2065
21842,C. Biraghi,3969,Roberto Canella,7,0.2368
21842,C. Biraghi,90774,H. Palacios,8,0.237
21842,C. Biraghi,393214,V. Rosier,9,0.2375
21842,C. Biraghi,481618,N. Tenaglia,10,0.2844
21894,Keko Gontán,278383,Álvaro Jiménez,1,0.2777
21894,Keko Gontán,838872,Coba da Costa,2,0.3532
21894,Keko Gontán,579987,Jon Morcillo,3,0.3668
21894,Keko Gontán,406454,Waldo Rubio,4,0.3673
21894,Keko Gontán,254189,Ivi López,5,0.3772
21894,Keko Gontán,5138,Wellington Silva,6,0.4438
21894,Keko Gontán,682943,T. Dolan,7,0.5248
21894,Keko Gontán,344075,Iñigo Córdoba,8,0.5415
21894,Keko Gontán,626123,Ilias Akhomach,9,0.5721
21894,Keko Gontán,32601,Bebé,10,0.5819
22202,S. Zaza,225946,A. Sanabria,1,0.196
22202,S. Zaza,101605,S. Doumbia,2,0.2084
22202,S. Zaza,395636,M. Gómez,3,0.2127
22202,S. Zaza,3450,R. Falcao,4,0.2208
22202,S. Zaza,3327,Joselu,5,0.2644
22202,S. Zaza,101635,F. Caicedo,6,0.2861
22202,S. Zaza,3875,Borja Bastón,7,0.2925
22202,S. Zaza,4048,Sergi Enrich,8,0.3131
22202,S. Zaza,6914,Álex Alegría,9,0.3189
22202,S. Zaza,3483,Álvaro Negredo,10,0.3332
22386,S. Longo,487756,Marcos André,1,0.118
22386,S. Longo,607496,O. Óskarsson,2,0.1319
22386,S. Longo,559368,A. Adams,3,0.177
22386,S. Longo,278348,Enric Gallego,4,0.177
22386,S. Longo,524274,A. Douvikas,5,0.2433
22386,S. Longo,592582,V. Vanat,6,0.2448
22386,S. Longo,767660,García Pascual,7,0.298
22386,S. Longo,291231,Toni Martínez,8,0.3029
22386,S. Longo,251570,M. Sylla,9,0.3305
22386,S. Longo,670456,E. Eyong,10,0.3427
22566,A. Florenzi,93033,Edimar,1,0.1448
22566,A. Florenzi,8945,K. Trippier,2,0.3452
22566,A. Florenzi,3434,Filipe Luís,3,0.3667
22566,A. Florenzi,20803,M. Aguirregaray,4,0.36870000000000003
22566,A. Florenzi,14740,A. Boka,5,0.4072
22566,A. Florenzi,3351,Kiko Femenía,6,0.4083
22566,A. Florenzi,70139,E. Insúa,7,0.4322
22566,A. Florenzi,51217,L. Augustinsson,8,0.4373
22566,A. Florenzi,4424,Jonny Otto,9,0.4386
22566,A. Florenzi,290954,K. Tierney,10,0.4422
22578,N. Sansone,4440,Borja Valle,1,0.2026
22578,N. Sansone,38093,M. Batshuayi,2,0.2068
22578,N. Sansone,20764,L. Muriel,3,0.28
22578,N. Sansone,20423,Alexandre Pato,4,0.4147
22578,N. Sansone,86800,D. Benedetto,5,0.4233
22578,N. Sansone,25445,K. Gameiro,6,0.4255
22578,N. Sansone,551596,Lázaro,7,0.4316
22578,N. Sansone,5400,Gerard Moreno,8,0.4649
22578,N. Sansone,86200,S. Araújo,9,0.4672
22578,N. Sansone,764899,Endrick,10,0.468
25391,T. Kolodziejczak,3523,F. Lejeune,1,0.0488
25391,T. Kolodziejczak,282439,Lluis López,2,0.0994
25391,T. Kolodziejczak,288081,S. McKenna,3,0.1578
25391,T. Kolodziejczak,70123,A. Witsel,4,0.1584
25391,T. Kolodziejczak,112545,N. Araújo,5,0.1598
25391,T. Kolodziejczak,697957,W. Kambwala,6,0.16
25391,T. Kolodziejczak,558739,T. Nianzou,7,0.1736
25391,T. Kolodziejczak,453251,Alejandro Catena,8,0.1758
25391,T. Kolodziejczak,4360,Juanpe,9,0.1824
25391,T. Kolodziejczak,596691,Natan,10,0.1983
25392,Bakary Koné,8311,S. Savić,1,0.084
25392,Bakary Koné,70140,Daniel Carriço,2,0.1107
25392,Bakary Koné,344068,Unai Núñez,3,0.1194
25392,Bakary Koné,295234,Sergio González,4,0.1236
25392,Bakary Koné,4918,Deivid,5,0.1242
25392,Bakary Koné,6325,Gonzalo Verdú,6,0.1265
25392,Bakary Koné,3695,Álvaro Soberón,7,0.1283
25392,Bakary Koné,357991,Édgar González,8,0.1525
25392,Bakary Koné,32577,Sidnei,9,0.1636
25392,Bakary Koné,453251,Alejandro Catena,10,0.1729
25397,S. Umtiti,3341,Gerard Piqué,1,0.2763
25397,S. Umtiti,3306,Sergio Ramos,2,0.3063
25397,S. Umtiti,3274,J. Mathieu,3,0.3703
25397,S. Umtiti,470747,R. Araújo,4,0.4239
25397,S. Umtiti,70120,Javi García,5,0.4415
25397,S. Umtiti,14748,A. Rüdiger,6,0.5305
25397,S. Umtiti,26307,A. Mandi,7,0.5784
25397,S. Umtiti,477211,L. Krejčí,8,0.5921
25397,S. Umtiti,375011,N. Aguerd,9,0.5958
25397,S. Umtiti,773942,Pau Cubarsí,10,0.6026
25405,M. Gonalons,344049,Oriol Rey,1,0.0889
25405,M. Gonalons,3505,R. Loé,2,0.1117
25405,M. Gonalons,91064,D. Torres,3,0.1786
25405,M. Gonalons,3866,M. Iturra,4,0.1827
25405,M. Gonalons,5055,José Mari,5,0.2094
25405,M. Gonalons,598620,Johnny Cardoso,6,0.2426
25405,M. Gonalons,645035,Dário Essugo,7,0.2538
25405,M. Gonalons,139075,R. Tapia,8,0.2679
25405,M. Gonalons,812973,V. Gómez,9,0.2797
25405,M. Gonalons,471583,I. Baba,10,0.2823
25407,C. Grenier,4908,Alberto Moreno,1,0.0473
25407,C. Grenier,326547,E. Buendía,2,0.1566
25407,C. Grenier,499843,Edu Expósito,3,0.26
25407,C. Grenier,552232,Jon Ander Olasagasti,4,0.2642
25407,C. Grenier,14740,A. Boka,5,0.3014
25407,C. Grenier,339885,Son,6,0.3123
25407,C. Grenier,402854,G. Montiel,7,0.3287
25407,C. Grenier,247212,Rafa Navarro,8,0.332
25407,C. Grenier,213131,Luis Milla,9,0.3582
25407,C. Grenier,472696,Sergio Gómez,10,0.3605
25440,J. Pastore,21077,A. Gómez,1,0.3283
25440,J. Pastore,25461,R. Boudebouz,2,0.3335
25440,J. Pastore,32652,E. Çolak,3,0.3661
25440,J. Pastore,4362,Momo,4,0.3752
25440,J. Pastore,3285,Pablo Hernández,5,0.4233
25440,J. Pastore,69403,Sammir,6,0.4247
25440,J. Pastore,3448,A. Turan,7,0.4333
25440,J. Pastore,3344,Rafinha,8,0.446
25440,J. Pastore,694195,Rodri Sánchez,9,0.4553
25440,J. Pastore,11063,Suso,10,0.4615
25441,M. Sissoko,452293,Sergio Ruiz,1,0.0992
25441,M. Sissoko,550229,Jon Moncayola,2,0.1323
25441,M. Sissoko,4238,Michel Macedo,3,0.1399
25441,M. Sissoko,678620,Arnau Martínez,4,0.2016
25441,M. Sissoko,42183,Petros,5,0.2235
25441,M. Sissoko,436785,Y. Neyou,6,0.2642
25441,M. Sissoko,938660,Mikel Jauregizar,7,0.2775
25441,M. Sissoko,263091,Gerard Gumbau,8,0.2875
25441,M. Sissoko,3270,Barragán,9,0.3011
25441,M. Sissoko,6035,Rubén Alcaraz,10,0.3169
25445,K. Gameiro,764899,Endrick,1,0.0731
25445,K. Gameiro,26638,K. Toko-Ekambi,2,0.2336
25445,K. Gameiro,86800,D. Benedetto,3,0.2576
25445,K. Gameiro,563391,G. Mikautadze,4,0.2819
25445,K. Gameiro,3605,Jorge Molina,5,0.299
25445,K. Gameiro,399599,A. Isak,6,0.3075
25445,K. Gameiro,669602,N. Jackson,7,0.3175
25445,K. Gameiro,86200,S. Araújo,8,0.3251
25445,K. Gameiro,4338,Diego Costa,9,0.3474
25445,K. Gameiro,151,J. Guidetti,10,0.3545
25452,S. Corchia,525130,Álex Centelles,1,0.0785
25452,S. Corchia,557401,Bruno Langa,2,0.0962
25452,S. Corchia,5318,Isma López,3,0.1393
25452,S. Corchia,41339,Alex Telles,4,0.16
25452,S. Corchia,618690,José Ángel Carmona,5,0.1681
25452,S. Corchia,282438,Aarón Martín,6,0.1856
25452,S. Corchia,339690,G. González,7,0.1896
25452,S. Corchia,326535,Toni Lato,8,0.1927
25452,S. Corchia,7624,Rober Correa,9,0.2045
25452,S. Corchia,5284,Siqueira,10,0.2251
25461,R. Boudebouz,11063,Suso,1,0.2576
25461,R. Boudebouz,25440,J. Pastore,2,0.3335
25461,R. Boudebouz,114055,Ó. Romero,3,0.3722
25461,R. Boudebouz,693939,Pablo Torre,4,0.3937
25461,R. Boudebouz,694195,Rodri Sánchez,5,0.3984
25461,R. Boudebouz,70121,N. Gaitán,6,0.4067
25461,R. Boudebouz,134177,José Pozo,7,0.4189
25461,R. Boudebouz,583880,A. Ounahi,8,0.432
25461,R. Boudebouz,3285,Pablo Hernández,9,0.4324
25461,R. Boudebouz,529349,Antony,10,0.4423
25470,S. Prcić,604055,Mika Mármol,1,0.2857
25470,S. Prcić,4805,Anaitz Arbilla,2,0.3016
25470,S. Prcić,3414,Ander Iturraspe,3,0.3462
25470,S. Prcić,20722,F. Rossi,4,0.36
25470,S. Prcić,4511,Pedro Mosquera,5,0.3685
25470,S. Prcić,4013,Rubén Pérez,6,0.3798
25470,S. Prcić,3340,Muniesa,7,0.3854
25470,S. Prcić,213308,Júnior Alonso,8,0.3993
25470,S. Prcić,843681,Pau Navarro,9,0.4134
25470,S. Prcić,20460,M. Cáceres,10,0.4155
25472,C. Bakambu,3804,Álvaro Vázquez,1,0.0858
25472,C. Bakambu,55968,M. Braithwaite,2,0.1299
25472,C. Bakambu,5481,Miguel Guerrero,3,0.2109
25472,C. Bakambu,275338,Borja Iglesias,4,0.2244
25472,C. Bakambu,3324,Álvaro Morata,5,0.2457
25472,C. Bakambu,91519,J. Córdoba,6,0.246
25472,C. Bakambu,20728,Jonathas,7,0.2478
25472,C. Bakambu,135927,André Silva,8,0.2546
25472,C. Bakambu,3576,Juanmi,9,0.2932
25472,C. Bakambu,20536,G. Pazzini,10,0.2943
25477,S. Gürler,251565,Álvaro García,1,0.0968
25477,S. Gürler,344053,Carles Pérez,2,0.1575
25477,S. Gürler,218549,Garry Rodrigues,3,0.16
25477,S. Gürler,3293,P. Piatti,4,0.1755
25477,S. Gürler,634666,Diego López,5,0.2279
25477,S. Gürler,4513,D. Cheryshev,6,0.2448
25477,S. Gürler,4014,Pedro León,7,0.2506
25477,S. Gürler,397109,Jota,8,0.2679
25477,S. Gürler,339791,Álex Berenguer,9,0.2978
25477,S. Gürler,346551,I. Hagi,10,0.2987
25537,G. Krychowiak,844244,N. Mendy,1,0.1316
25537,G. Krychowiak,525104,Dani Vivian,2,0.1823
25537,G. Krychowiak,428131,P. Akouokou,3,0.1981
25537,G. Krychowiak,3644,Pedro Bigas,4,0.2188
25537,G. Krychowiak,344198,E. Cömert,5,0.2247
25537,G. Krychowiak,583159,L. Badé,6,0.2336
25537,G. Krychowiak,519494,Álex Suárez,7,0.2362
25537,G. Krychowiak,395114,Igor Zubeldía,8,0.2367
25537,G. Krychowiak,3671,Íñigo Martínez,9,0.2471
25537,G. Krychowiak,620193,C. Riedel,10,0.2536
25553,César Azpilicueta,712871,Jon Gorrotxategi,1,0.0848
25553,César Azpilicueta,167118,Erik Morán,2,0.1256
25553,César Azpilicueta,4511,Pedro Mosquera,3,0.1871
25553,César Azpilicueta,3378,Álex Bergantiños,4,0.202
25553,César Azpilicueta,231713,F. Bradarić,5,0.2209
25553,César Azpilicueta,4009,M. Lacen,6,0.2268
25553,César Azpilicueta,20722,F. Rossi,7,0.2312
25553,César Azpilicueta,286030,K. Bare,8,0.2344
25553,César Azpilicueta,3414,Ander Iturraspe,9,0.2358
25553,César Azpilicueta,477352,Ander Guevara,10,0.244
25568,S. M'Bia,487752,Miguel Atienza,1,0.0955
25568,S. M'Bia,212074,O. Mfulu,2,0.1341
25568,S. M'Bia,3933,Xavi Torres,3,0.1814
25568,S. M'Bia,3801,Raúl Baena,4,0.2146
25568,S. M'Bia,28232,I. Amadou,5,0.2407
25568,S. M'Bia,4012,Juan Rodríguez,6,0.254
25568,S. M'Bia,128742,N. Vukčević,7,0.2843
25568,S. M'Bia,20685,R. Krhin,8,0.3072
25568,S. M'Bia,299246,Marcão,9,0.3079
25568,S. M'Bia,32793,A. N'Diaye,10,0.3166
25577,L. Rémy,7941,Chicharito,1,0.204
25577,L. Rémy,3548,G. Rossi,2,0.215
25577,L. Rémy,112596,J. Martínez,3,0.2168
25577,L. Rémy,5297,I. Uche,4,0.3682
25577,L. Rémy,14943,M. Mandžukić,5,0.3806
25577,L. Rémy,25795,W. Ben Yedder,6,0.4136
25577,L. Rémy,40770,Willian José,7,0.4366
25577,L. Rémy,20402,K. Boateng,8,0.4489
25577,L. Rémy,38093,M. Batshuayi,9,0.4602
25577,L. Rémy,4017,Miku,10,0.4603
25586,Mariano,414193,N. Molina,1,0.2482
25586,Mariano,50213,K. Yoda,2,0.2546
25586,Mariano,580127,Pep Chavarría,3,0.2837
25586,Mariano,135903,João Cancelo,4,0.3015
25586,Mariano,303078,G. Suazo,5,0.3299
25586,Mariano,20436,Cote,6,0.3732
25586,Mariano,422517,Fran García,7,0.4068
25586,Mariano,396475,A. Hakimi,8,0.4331
25586,Mariano,3421,Óscar De Marcos,9,0.4333
25586,Mariano,344100,Sergio Reguilón,10,0.4527
25623,G. Kondogbia,231713,F. Bradarić,1,0.1145
25623,G. Kondogbia,3378,Álex Bergantiños,2,0.1473
25623,G. Kondogbia,413597,R. Kouamé,3,0.2175
25623,G. Kondogbia,712871,Jon Gorrotxategi,4,0.2476
25623,G. Kondogbia,86828,G. Pizarro,5,0.2503
25623,G. Kondogbia,25553,César Azpilicueta,6,0.2516
25623,G. Kondogbia,4009,M. Lacen,7,0.2526
25623,G. Kondogbia,422519,Fran Beltrán,8,0.2643
25623,G. Kondogbia,25785,S. Aurier,9,0.2665
25623,G. Kondogbia,368110,Jailson,10,0.2739
25638,D. Foulquier,5281,A. Nyom,1,0.1612
25638,D. Foulquier,5902,Brian Oliván,2,0.2502
25638,D. Foulquier,574784,Antonio Sánchez,3,0.2691
25638,D. Foulquier,5327,Miguel Cifuentes,4,0.2726
25638,D. Foulquier,380709,S. Arzamendia,5,0.2846
25638,D. Foulquier,278867,S. Janko,6,0.2909
25638,D. Foulquier,6572,Iza Carcelén,7,0.3265
25638,D. Foulquier,352761,Luis Pérez,8,0.3348
25638,D. Foulquier,436688,Viti Rozada,9,0.3376
25638,D. Foulquier,561190,Javi López,10,0.341
25701,L. Digne,770387,Héctor Fort,1,0.3222
25701,L. Digne,3442,Fran Mérida,2,0.3431
25701,L. Digne,3441,Gabi,3,0.3494
25701,L. Digne,3413,Ander Herrera,4,0.3849
25701,L. Digne,4821,Michel Herrero,5,0.4179
25701,L. Digne,4501,Dani Carvajal,6,0.4274
25701,L. Digne,642237,Gerard Martín,7,0.4471
25701,L. Digne,3434,Filipe Luís,8,0.4488
25701,L. Digne,70083,Danilo,9,0.4501
25701,L. Digne,743429,Álvaro Carreras,10,0.4587
25707,E. Hazard,3348,Gerard Deulofeu,1,0.4544
25707,E. Hazard,408307,Raphinha,2,0.5068
25707,E. Hazard,288091,Marco Asensio,3,0.5213
25707,E. Hazard,404397,Brahim Diaz,4,0.639
25707,E. Hazard,360981,Dani Olmo,5,0.7125
25707,E. Hazard,70975,Bruma,6,0.7391
25707,E. Hazard,860728,F. Mastantuono,7,0.7538
25707,E. Hazard,3282,Sergio Canales,8,0.7835
25707,E. Hazard,302292,M. Ødegaard,9,0.802
25707,E. Hazard,356237,G. Lo Celso,10,0.8079
25784,A. Abdennour,557942,M. Salisu,1,0.0613
25784,A. Abdennour,4232,Alcalá,2,0.1293
25784,A. Abdennour,41124,Naldo,3,0.1383
25784,A. Abdennour,3556,M. Demichelis,4,0.1462
25784,A. Abdennour,4358,Víctor Laguardia,5,0.1476
25784,A. Abdennour,4113,Xabier Etxeita,6,0.1553
25784,A. Abdennour,136164,E. Filipenko,7,0.1665
25784,A. Abdennour,7302,Raúl Albentosa,8,0.1738
25784,A. Abdennour,6338,David García,9,0.1799
25784,A. Abdennour,89700,E. Roco,10,0.1813
25785,S. Aurier,265369,U. Agbo,1,0.1783
25785,S. Aurier,545943,Unai Vencedor,2,0.2086
25785,S. Aurier,341752,Marc Roca,3,0.2294
25785,S. Aurier,286030,K. Bare,4,0.253
25785,S. Aurier,589805,L. Agoumé,5,0.2578
25785,S. Aurier,4902,Ángel Montoro,6,0.2584
25785,S. Aurier,4242,Corona,7,0.2631
25785,S. Aurier,352787,Pepelu,8,0.2632
25785,S. Aurier,25623,G. Kondogbia,9,0.2665
25785,S. Aurier,402004,S. Colombatto,10,0.2727
25795,W. Ben Yedder,7941,Chicharito,1,0.2371
25795,W. Ben Yedder,112596,J. Martínez,2,0.3479
25795,W. Ben Yedder,25577,L. Rémy,3,0.4136
25795,W. Ben Yedder,3548,G. Rossi,4,0.4998
25795,W. Ben Yedder,14943,M. Mandžukić,5,0.5244
25795,W. Ben Yedder,20764,L. Muriel,6,0.5676
25795,W. Ben Yedder,14817,R. Lewandowski,7,0.5727
25795,W. Ben Yedder,25867,P. Aubameyang,8,0.5863
25795,W. Ben Yedder,40770,Willian José,9,0.6038
25795,W. Ben Yedder,4017,Miku,10,0.6252
25798,E. Capoue,4590,A. González Casanova,1,0.0394
25798,E. Capoue,247222,Álvaro Medrán,2,0.2346
25798,E. Capoue,6369,Iñigo Eguaras,3,0.299
25798,E. Capoue,475041,A. Sambi Lokonga,4,0.3113
25798,E. Capoue,249917,M. Malsa,5,0.3994
25798,E. Capoue,503338,Martín Zubimendi,6,0.4013
25798,E. Capoue,167641,S. Lobotka,7,0.4401
25798,E. Capoue,4366,Hernán Santana,8,0.4464
25798,E. Capoue,7899,Oriol Romeu,9,0.4592
25798,E. Capoue,269060,P. Hernández,10,0.4609
25809,E. Rivière,48354,Thiago Galhardo,1,0.213
25809,E. Rivière,237018,Deyverson,2,0.218
25809,E. Rivière,285727,L. Dimata,3,0.2225
25809,E. Rivière,490458,S. Kaba,4,0.2422
25809,E. Rivière,344086,Gorka Guruzeta,5,0.2605
25809,E. Rivière,70159,R. van Wolfswinkel,6,0.2798
25809,E. Rivière,490863,Alemão,7,0.3139
25809,E. Rivière,213365,G. Fernández,8,0.314
25809,E. Rivière,3577,S. Rondón,9,0.3204
25809,E. Rivière,144628,Wu Lei,10,0.3625
25831,C. Medjani,831472,Jon Martín,1,0.0924
25831,C. Medjani,688446,Chadi Riad,2,0.1529
25831,C. Medjani,288081,S. McKenna,3,0.1838
25831,C. Medjani,697957,W. Kambwala,4,0.2094
25831,C. Medjani,453251,Alejandro Catena,5,0.2101
25831,C. Medjani,3276,A. Rami,6,0.2106
25831,C. Medjani,4065,J. Murillo,7,0.2235
25831,C. Medjani,3642,Iván Ramis,8,0.225
25831,C. Medjani,288112,C. Starfelt,9,0.2311
25831,C. Medjani,237262,S. Babić,10,0.2349
25867,P. Aubameyang,14817,R. Lewandowski,1,0.1622
25867,P. Aubameyang,3781,Javi Guerra,2,0.1985
25867,P. Aubameyang,208972,Carlos Castro,3,0.3819
25867,P. Aubameyang,14943,M. Mandžukić,4,0.4212
25867,P. Aubameyang,3681,Imanol Agirretxe,5,0.4272
25867,P. Aubameyang,40770,Willian José,6,0.4354
25867,P. Aubameyang,3291,Paco Alcácer,7,0.471
25867,P. Aubameyang,5167,M. Díaz,8,0.5053
25867,P. Aubameyang,112596,J. Martínez,9,0.5129
25867,P. Aubameyang,258264,L. Jović,10,0.526
25888,F. Fajr,3349,J. dos Santos,1,0.1194
25888,F. Fajr,4365,Roque Mesa,2,0.2265
25888,F. Fajr,3404,Andoni Iraola,3,0.229
25888,F. Fajr,499596,S. Dest,4,0.2405
25888,F. Fajr,3803,Sergi Darder,5,0.2508
25888,F. Fajr,3537,Cani,6,0.2691
25888,F. Fajr,566942,E. Loiodice,7,0.2828
25888,F. Fajr,3536,Moi Gómez,8,0.287
25888,F. Fajr,624498,Martim Neto,9,0.3048
25888,F. Fajr,240680,Aleix Febas,10,0.3327
25942,G. Imbula,15101,P. Ebert,1,0.1961
25942,G. Imbula,450784,Óscar Melendo,2,0.2337
25942,G. Imbula,422520,Iván Martín,3,0.2542
25942,G. Imbula,247219,Víctor Camarasa,4,0.422
25942,G. Imbula,372752,Carlos Soler,5,0.4305
25942,G. Imbula,14866,José Manuel Jurado,6,0.4308
25942,G. Imbula,5171,Víctor Rodríguez,7,0.451
25942,G. Imbula,582472,L. Sučić,8,0.4522
25942,G. Imbula,4007,Diego Castro,9,0.5018
25942,G. Imbula,552234,Roberto López,10,0.5025
26032,C. Doukouré,5725,R. Azeez,1,0.4912
26032,C. Doukouré,32793,A. N'Diaye,2,0.515
26032,C. Doukouré,3674,Markel Bergara,3,0.522
26032,C. Doukouré,28232,I. Amadou,4,0.6407
26032,C. Doukouré,691939,T. Nikitscher,5,0.672
26032,C. Doukouré,134702,L. Dendoncker,6,0.7102
26032,C. Doukouré,265864,N. Maksimović,7,0.7195
26032,C. Doukouré,487752,Miguel Atienza,8,0.733
26032,C. Doukouré,3933,Xavi Torres,9,0.7453
26032,C. Doukouré,3801,Raúl Baena,10,0.7567
26038,J. Campbell,408293,Javi Ontiveros,1,0.1914
26038,J. Campbell,230897,F. Cartabia,2,0.2301
26038,J. Campbell,471991,Rodrigo Riquelme,3,0.2811
26038,J. Campbell,215983,S. Boufal,4,0.2933
26038,J. Campbell,495674,Samuel Lino,5,0.3342
26038,J. Campbell,374800,M. Vargas,6,0.3345
26038,J. Campbell,589806,H. Hassan,7,0.342
26038,J. Campbell,276944,J. Bamba,8,0.3617
26038,J. Campbell,286830,P. Roberts,9,0.373
26038,J. Campbell,4597,Saúl Berjón,10,0.396
26065,J. Martin,285109,F. Kessié,1,0.1546
26065,J. Martin,247219,Víctor Camarasa,2,0.2021
26065,J. Martin,275417,Gonzalo Melero,3,0.2072
26065,J. Martin,282790,D. Sow,4,0.3471
26065,J. Martin,135807,M. Pašalić,5,0.4361
26065,J. Martin,247222,Álvaro Medrán,6,0.464
26065,J. Martin,643875,J. Solís,7,0.5629
26065,J. Martin,3705,Adrián González,8,0.5869
26065,J. Martin,422520,Iván Martín,9,0.5937
26065,J. Martin,542101,S. Cissé,10,0.5945
26084,L. Carole,4821,Michel Herrero,1,0.0834
26084,L. Carole,352787,Pepelu,2,0.2663
26084,L. Carole,3442,Fran Mérida,3,0.2686
26084,L. Carole,70083,Danilo,4,0.2709
26084,L. Carole,3418,Iñigo Ruiz de Galarreta,5,0.295
26084,L. Carole,265369,U. Agbo,6,0.3192
26084,L. Carole,552240,Álvaro Núñez,7,0.3588
26084,L. Carole,228963,H. Traoré,8,0.3618
26084,L. Carole,545943,Unai Vencedor,9,0.3618
26084,L. Carole,642237,Gerard Martín,10,0.3629
26167,C. Beauvue,279571,Jon Bautista,1,0.118
26167,C. Beauvue,251447,V. Muriqi,2,0.1758
26167,C. Beauvue,105376,N. Kalinić,3,0.1827
26167,C. Beauvue,288865,O. McBurnie,4,0.1978
26167,C. Beauvue,611298,Raul García,5,0.2002
26167,C. Beauvue,3651,Abdón Prats,6,0.2007
26167,C. Beauvue,6914,Álex Alegría,7,0.2042
26167,C. Beauvue,486425,Fer Niño,8,0.2099
26167,C. Beauvue,574907,E. Touré,9,0.2221
26167,C. Beauvue,284322,E. Ponce,10,0.2303
26195,M. Saunier,70507,Paulo Oliveira,1,0.1144
26195,M. Saunier,20672,J.Crespo Rincón,2,0.1197
26195,M. Saunier,3670,Mikel González,3,0.1469
26195,M. Saunier,86548,S. Vergini,4,0.1705
26195,M. Saunier,410055,Róber Pier,5,0.1773
26195,M. Saunier,3561,Weligton,6,0.1853
26195,M. Saunier,387785,Unai Elgezabal,7,0.2036
26195,M. Saunier,376362,Luiz Felipe,8,0.2043
26195,M. Saunier,12,K. Omeruo,9,0.2133
26195,M. Saunier,916711,Juma Bah,10,0.2186
26307,A. Mandi,7860,T. Vermaelen,1,0.2371
26307,A. Mandi,270866,Diego Carlos,2,0.2513
26307,A. Mandi,14748,A. Rüdiger,3,0.2588
26307,A. Mandi,230626,D. Ćaleta-Car,4,0.2628
26307,A. Mandi,3305,Pepe,5,0.3208
26307,A. Mandi,3795,H. Moreno,6,0.3456
26307,A. Mandi,403448,Éder Militão,7,0.3822
26307,A. Mandi,292991,M. Lemos,8,0.4176
26307,A. Mandi,3309,R. Varane,9,0.4292
26307,A. Mandi,70120,Javi García,10,0.441
26332,P. Baysse,89700,E. Roco,1,0.083
26332,P. Baysse,208694,Rodrigo Ely,2,0.0953
26332,P. Baysse,70085,E. Mangala,3,0.1038
26332,P. Baysse,41124,Naldo,4,0.1185
26332,P. Baysse,4232,Alcalá,5,0.1447
26332,P. Baysse,265833,N. Maraš,6,0.17
26332,P. Baysse,4113,Xabier Etxeita,7,0.1842
26332,P. Baysse,25784,A. Abdennour,8,0.2008
26332,P. Baysse,167149,Joaquín Fernández,9,0.2096
26332,P. Baysse,3943,Aridane Hernández,10,0.2106
26384,G. Kakuta,518746,Lee Kang-In,1,0.1875
26384,G. Kakuta,135938,I. Cavaleiro,2,0.2424
26384,G. Kakuta,511155,R. Vargas,3,0.2581
26384,G. Kakuta,602620,T. Buchanan,4,0.2723
26384,G. Kakuta,279567,Martín Merquelanz,5,0.2897
26384,G. Kakuta,412897,Dani Raba,6,0.2928
26384,G. Kakuta,3603,Álvaro Vadillo,7,0.3102
26384,G. Kakuta,331385,M. García,8,0.3294
26384,G. Kakuta,4342,Piti,9,0.3399
26384,G. Kakuta,230955,Stoichkov,10,0.3533
26515,F. Kadir,523326,Manu Fuster,1,0.0895
26515,F. Kadir,4498,Lucas Vázquez,2,0.1644
26515,F. Kadir,346119,Manu García,3,0.261
26515,F. Kadir,8323,Denis Suárez,4,0.3038
26515,F. Kadir,788852,Hugo Álvarez,5,0.3325
26515,F. Kadir,208942,Óliver Torres,6,0.3334
26515,F. Kadir,253,Q. Promes,7,0.369
26515,F. Kadir,631404,Alejandro Balde,8,0.3756
26515,F. Kadir,8213,Rubén Rochina,9,0.3893
26515,F. Kadir,528925,Calebe,10,0.4447
26518,C. Sánchez,935301,Marcos Peña,1,0.169
26518,C. Sánchez,4332,Javi Fuego,2,0.1723
26518,C. Sánchez,453270,M. Hongla,3,0.1795
26518,C. Sánchez,3675,Gorka Elustondo,4,0.189
26518,C. Sánchez,593173,Aiham Ousou,5,0.1937
26518,C. Sánchez,86796,I. Marcone,6,0.2092
26518,C. Sánchez,278288,Aritz Elustondo,7,0.2119
26518,C. Sánchez,3594,José Alberto Cañas,8,0.2222
26518,C. Sánchez,720559,Kike Salas,9,0.2378
26518,C. Sánchez,3566,Ignacio Camacho,10,0.2678
26638,K. Toko-Ekambi,563391,G. Mikautadze,1,0.0954
26638,K. Toko-Ekambi,764899,Endrick,2,0.1798
26638,K. Toko-Ekambi,669602,N. Jackson,3,0.23
26638,K. Toko-Ekambi,25445,K. Gameiro,4,0.2336
26638,K. Toko-Ekambi,399599,A. Isak,5,0.2566
26638,K. Toko-Ekambi,20764,L. Muriel,6,0.468
26638,K. Toko-Ekambi,3605,Jorge Molina,7,0.4797
26638,K. Toko-Ekambi,86800,D. Benedetto,8,0.484
26638,K. Toko-Ekambi,22578,N. Sansone,9,0.4936
26638,K. Toko-Ekambi,38093,M. Batshuayi,10,0.5051
26652,D. Wass,339789,Mikel Merino,1,0.1463
26652,D. Wass,424624,P. Etebo,2,0.1986
26652,D. Wass,599560,Alberto Reina,3,0.2012
26652,D. Wass,134170,José Rodríguez,4,0.2138
26652,D. Wass,3568,Recio,5,0.2142
26652,D. Wass,279526,W. Kaptoum,6,0.235
26652,D. Wass,3808,Javi Márquez,7,0.2351
26652,D. Wass,460552,P. Gueye,8,0.2359
26652,D. Wass,3317,Esteban Granero,9,0.2376
26652,D. Wass,364850,Junior Firpo,10,0.2543
26792,R. Aït-Atmane,938660,Mikel Jauregizar,1,0.1588
26792,R. Aït-Atmane,3418,Iñigo Ruiz de Galarreta,2,0.1972
26792,R. Aït-Atmane,678620,Arnau Martínez,3,0.2201
26792,R. Aït-Atmane,228963,H. Traoré,4,0.2289
26792,R. Aït-Atmane,213131,Luis Milla,5,0.23
26792,R. Aït-Atmane,449920,L. Robertone,6,0.2897
26792,R. Aït-Atmane,550229,Jon Moncayola,7,0.2915
26792,R. Aït-Atmane,70139,E. Insúa,8,0.3044
26792,R. Aït-Atmane,6035,Rubén Alcaraz,9,0.3142
26792,R. Aït-Atmane,51217,L. Augustinsson,10,0.3306
28115,N. Fekir,397178,M. Rashford,1,0.203
28115,N. Fekir,527100,M. Greenwood,2,0.2842
28115,N. Fekir,247671,N. Pépé,3,0.3585
28115,N. Fekir,3326,Jesé Rodríguez,4,0.3818
28115,N. Fekir,3843,F. Orellana,5,0.4093
28115,N. Fekir,404397,Brahim Diaz,6,0.4156
28115,N. Fekir,234527,A. Halilović,7,0.4204
28115,N. Fekir,547260,Rodrygo,8,0.4349
28115,N. Fekir,431540,Francisco Trincão,9,0.4506
28115,N. Fekir,241945,P. Sisto,10,0.4583
28232,I. Amadou,32793,A. N'Diaye,1,0.1387
28232,I. Amadou,487752,Miguel Atienza,2,0.194
28232,I. Amadou,3933,Xavi Torres,3,0.2015
28232,I. Amadou,691939,T. Nikitscher,4,0.2303
28232,I. Amadou,3674,Markel Bergara,5,0.2334
28232,I. Amadou,25568,S. M'Bia,6,0.2407
28232,I. Amadou,3801,Raúl Baena,7,0.2589
28232,I. Amadou,134702,L. Dendoncker,8,0.2639
28232,I. Amadou,128742,N. Vukčević,9,0.298
28232,I. Amadou,3704,Pape Diop,10,0.3221
28292,A. Doucouré,3409,Mikel San José,1,0.1407
28292,A. Doucouré,140125,N. Radoja,2,0.1928
28292,A. Doucouré,7864,F. Coquelin,3,0.1968
28292,A. Doucouré,518092,P. Ciss,4,0.2771
28292,A. Doucouré,4009,M. Lacen,5,0.2775
28292,A. Doucouré,413597,R. Kouamé,6,0.2779
28292,A. Doucouré,40614,Guilherme,7,0.28
28292,A. Doucouré,3510,David Timor,8,0.2809
28292,A. Doucouré,32978,O. Yokuşlu,9,0.3032
28292,A. Doucouré,473364,Hugo Guillamón,10,0.312
28529,Y. Sabaly,4936,David Simón,1,0.046
28529,Y. Sabaly,339801,Álvaro Lemos,2,0.1318
28529,Y. Sabaly,3534,Jaume Costa,3,0.1881
28529,Y. Sabaly,70136,S. Arias,4,0.2088
28529,Y. Sabaly,3447,Juanfran,5,0.222
28529,Y. Sabaly,116299,L. Olaza,6,0.2245
28529,Y. Sabaly,3538,M. Wakaso,7,0.2319
28529,Y. Sabaly,481322,A. Candela,8,0.2336
28529,Y. Sabaly,4371,Dani Castellano,9,0.2536
28529,Y. Sabaly,593442,Beñat Prados,10,0.2545
28922,T. Lemar,4791,J. González,1,0.1296
28922,T. Lemar,693939,Pablo Torre,2,0.1543
28922,T. Lemar,694195,Rodri Sánchez,3,0.2851
28922,T. Lemar,134177,José Pozo,4,0.3089
28922,T. Lemar,499596,S. Dest,5,0.3095
28922,T. Lemar,624498,Martim Neto,6,0.3205
28922,T. Lemar,8323,Denis Suárez,7,0.3599
28922,T. Lemar,3285,Pablo Hernández,8,0.3797
28922,T. Lemar,211885,André Gomes,9,0.399
28922,T. Lemar,4278,Borja García,10,0.4213
29642,G. Peñalba,40756,Casemiro,1,0.2166
29642,G. Peñalba,535789,D. Affengruber,2,0.2681
29642,G. Peñalba,86828,G. Pizarro,3,0.2692
29642,G. Peñalba,879052,Javi Rodríguez,4,0.29
29642,G. Peñalba,141176,V. Angban,5,0.3043
29642,G. Peñalba,624854,Manu Fernández,6,0.3054
29642,G. Peñalba,634204,E. Barrenechea,7,0.3163
29642,G. Peñalba,4757,Luso,8,0.3358
29642,G. Peñalba,368110,Jailson,9,0.3569
29642,G. Peñalba,525126,Marc Aguado,10,0.3894
32577,Sidnei,621020,Cristhian Mosquera,1,0.0527
32577,Sidnei,295234,Sergio González,2,0.0847
32577,Sidnei,375335,J. Aidoo,3,0.1309
32577,Sidnei,596691,Natan,4,0.1379
32577,Sidnei,70140,Daniel Carriço,5,0.1459
32577,Sidnei,357991,Édgar González,6,0.1561
32577,Sidnei,25392,Bakary Koné,7,0.1636
32577,Sidnei,282439,Lluis López,8,0.1687
32577,Sidnei,453251,Alejandro Catena,9,0.1817
32577,Sidnei,6325,Gonzalo Verdú,10,0.1836
32601,Bebé,682943,T. Dolan,1,0.1806
32601,Bebé,393881,H. Toledo,2,0.2521
32601,Bebé,838872,Coba da Costa,3,0.2763
32601,Bebé,559718,Gonzalo Plata,4,0.2782
32601,Bebé,411422,B. Ocampo,5,0.2944
32601,Bebé,626123,Ilias Akhomach,6,0.3053
32601,Bebé,403706,A. Mallé,7,0.3352
32601,Bebé,339790,Kike Barja,8,0.3355
32601,Bebé,339791,Álex Berenguer,9,0.3358
32601,Bebé,275298,Adri Embarba,10,0.3754
32652,E. Çolak,21077,A. Gómez,1,0.0999
32652,E. Çolak,4969,Tana,2,0.1878
32652,E. Çolak,578270,T. Almada,3,0.2534
32652,E. Çolak,3344,Rafinha,4,0.2671
32652,E. Çolak,3448,A. Turan,5,0.2671
32652,E. Çolak,4362,Momo,6,0.2753
32652,E. Çolak,3571,Joaquín,7,0.3308
32652,E. Çolak,25440,J. Pastore,8,0.3661
32652,E. Çolak,4278,Borja García,9,0.4052
32652,E. Çolak,356237,G. Lo Celso,10,0.4349
32793,A. N'Diaye,28232,I. Amadou,1,0.1387
32793,A. N'Diaye,3674,Markel Bergara,2,0.2001
32793,A. N'Diaye,487752,Miguel Atienza,3,0.2465
32793,A. N'Diaye,3933,Xavi Torres,4,0.28
32793,A. N'Diaye,3801,Raúl Baena,5,0.2852
32793,A. N'Diaye,134702,L. Dendoncker,6,0.3026
32793,A. N'Diaye,691939,T. Nikitscher,7,0.3065
32793,A. N'Diaye,25568,S. M'Bia,8,0.3166
32793,A. N'Diaye,212074,O. Mfulu,9,0.4192
32793,A. N'Diaye,20685,R. Krhin,10,0.4329
32968,N. Amrabat,285509,I. Success,1,0.1926
32968,N. Amrabat,257752,M. Moreno,2,0.4147
32968,N. Amrabat,643199,A. Ezzalzouli,3,0.4846
32968,N. Amrabat,483256,Alfon González,4,0.5461
32968,N. Amrabat,225089,José Luis Morales,5,0.5885
32968,N. Amrabat,71911,Hernâni,6,0.6185
32968,N. Amrabat,1127679,Jan Virgili,7,0.633
32968,N. Amrabat,91282,M. Cuero,8,0.6403
32968,N. Amrabat,239843,Zakaria Bakkali,9,0.6419
32968,N. Amrabat,654823,Nico Williams,10,0.6673
32978,O. Yokuşlu,518092,P. Ciss,1,0.0424
32978,O. Yokuşlu,473364,Hugo Guillamón,2,0.1494
32978,O. Yokuşlu,428131,P. Akouokou,3,0.183
32978,O. Yokuşlu,140125,N. Radoja,4,0.203
32978,O. Yokuşlu,3446,Mario Suárez,5,0.2436
32978,O. Yokuşlu,3510,David Timor,6,0.2461
32978,O. Yokuşlu,645877,Y. Mosquera,7,0.2607
32978,O. Yokuşlu,477106,S. Cáseres,8,0.3007
32978,O. Yokuşlu,28292,A. Doucouré,9,0.3032
32978,O. Yokuşlu,3409,Mikel San José,10,0.3064
33219,E. Culio,7069,Javi Lara,1,0.2015
33219,E. Culio,208942,Óliver Torres,2,0.3818
33219,E. Culio,3470,José Campaña,3,0.3975
33219,E. Culio,4501,Dani Carvajal,4,0.4044
33219,E. Culio,222770,Nélson Semedo,5,0.4145
33219,E. Culio,599551,E. Camavinga,6,0.4206
33219,E. Culio,4365,Roque Mesa,7,0.4985
33219,E. Culio,471761,Óscar Mingueza,8,0.5023
33219,E. Culio,230863,Unai López,9,0.5134
33219,E. Culio,3404,Andoni Iraola,10,0.5152
37762,William Carvalho,5286,A. Moreno,1,0.3375
37762,William Carvalho,696440,Damián Rodríguez,2,0.3493
37762,William Carvalho,20475,A. Vidal,3,0.3848
37762,William Carvalho,559647,Kirian Rodríguez,4,0.393
37762,William Carvalho,14757,Z. Kuzmanović,5,0.4384
37762,William Carvalho,3476,I. Rakitić,6,0.4515
37762,William Carvalho,3602,Salva Sevilla,7,0.5067
37762,William Carvalho,8200,S. Nzonzi,8,0.5644
37762,William Carvalho,4911,Jozabed,9,0.6301
37762,William Carvalho,3286,Dani Parejo,10,0.6314
37814,R. Donk,86220,Gabriel Mercado,1,0.1052
37814,R. Donk,88969,D. Musto,2,0.1465
37814,R. Donk,6286,Jon Errasti,3,0.1467
37814,R. Donk,50102,F. Schär,4,0.1858
37814,R. Donk,3381,Borja Fernández,5,0.2063
37814,R. Donk,3407,Jonás Ramalho,6,0.22
37814,R. Donk,386686,S. Jurić,7,0.2435
37814,R. Donk,805039,M. Moreno,8,0.249
37814,R. Donk,208945,César de la Hoz,9,0.2494
37814,R. Donk,364817,Tachi,10,0.2604
37831,C. Bacca,4017,Miku,1,0.2612
37831,C. Bacca,3291,Paco Alcácer,2,0.3036
37831,C. Bacca,151,J. Guidetti,3,0.3047
37831,C. Bacca,134175,Raúl de Tomás,4,0.315
37831,C. Bacca,122859,Y. El-Arabi,5,0.3413
37831,C. Bacca,266885,M. Olunga,6,0.3414
37831,C. Bacca,105618,A. Kravets,7,0.3793
37831,C. Bacca,3988,David Barral,8,0.3852
37831,C. Bacca,208972,Carlos Castro,9,0.3875
37831,C. Bacca,101795,L. Traoré,10,0.4045
37836,M. Lestienne,3357,Isaac Cuenca,1,0.1221
37836,M. Lestienne,275293,Samu García,2,0.13
37836,M. Lestienne,280383,E. Bardhi,3,0.2085
37836,M. Lestienne,230955,Stoichkov,4,0.2098
37836,M. Lestienne,255433,Ricardo Horta,5,0.222
37836,M. Lestienne,611463,Aimar Oroz,6,0.2428
37836,M. Lestienne,624774,Gabri Veiga,7,0.2486
37836,M. Lestienne,293862,Nacho Gil,8,0.2508
37836,M. Lestienne,225084,Rubén García,9,0.254
37836,M. Lestienne,4342,Piti,10,0.2678
38093,M. Batshuayi,22578,N. Sansone,1,0.2068
38093,M. Batshuayi,20764,L. Muriel,2,0.3013
38093,M. Batshuayi,4440,Borja Valle,3,0.3068
38093,M. Batshuayi,86200,S. Araújo,4,0.3193
38093,M. Batshuayi,86800,D. Benedetto,5,0.3252
38093,M. Batshuayi,25445,K. Gameiro,6,0.3701
38093,M. Batshuayi,764899,Endrick,7,0.4185
38093,M. Batshuayi,151,J. Guidetti,8,0.4233
38093,M. Batshuayi,25577,L. Rémy,9,0.4602
38093,M. Batshuayi,15111,A. Ramos,10,0.4604
38094,I. Ezekiel,355599,Mikel Oyarzabal,1,0.1348
38094,I. Ezekiel,3479,Manu del Moral,2,0.2136
38094,I. Ezekiel,230883,Ayoze Pérez,3,0.2297
38094,I. Ezekiel,3451,Adrián López,4,0.2497
38094,I. Ezekiel,71057,Licá,5,0.2644
38094,I. Ezekiel,3934,N. El Zhar,6,0.2656
38094,I. Ezekiel,5911,Sandro Ramírez,7,0.2916
38094,I. Ezekiel,278278,Munir El Haddadi,8,0.3263
38094,I. Ezekiel,4683,A. Szymanowski,9,0.3448
38094,I. Ezekiel,134513,A. Martial,10,0.362
38436,C. Santos,105616,B. Ideye,1,0.3518
38436,C. Santos,3656,Álvaro Giménez,2,0.3772
38436,C. Santos,86239,G. Carrillo,3,0.4383
38436,C. Santos,92893,Toché,4,0.4974
38436,C. Santos,284322,E. Ponce,5,0.4996
38436,C. Santos,4602,Oriol Riera,6,0.5082
38436,C. Santos,101635,F. Caicedo,7,0.5205
38436,C. Santos,6292,K. Kodro,8,0.5274
38436,C. Santos,21174,E. Cavani,9,0.5746
38436,C. Santos,225946,A. Sanabria,10,0.5777
40542,Felipe,3433,D. Godín,1,0.1036
40542,Felipe,258625,L. Abram,2,0.124
40542,Felipe,86328,G. Pezzella,3,0.1588
40542,Felipe,3526,M. Musacchio,4,0.1596
40542,Felipe,3922,David Navarro,5,0.1622
40542,Felipe,3692,B. Espinosa,6,0.1634
40542,Felipe,70956,Rúben Semedo,7,0.1722
40542,Felipe,125250,Ó. Duarte,8,0.1906
40542,Felipe,265833,N. Maraš,9,0.1909
40542,Felipe,4180,David Lombán,10,0.2187
40550,Paulinho,3682,A. Griezmann,1,0.9131
40550,Paulinho,3678,Xabi Prieto,2,0.9666
40550,Paulinho,4911,Jozabed,3,1.0113
40550,Paulinho,3779,Alberto Bueno,4,1.0528
40550,Paulinho,617894,J. Bellingham,5,1.0966
40550,Paulinho,20475,A. Vidal,6,1.1199
40550,Paulinho,3602,Salva Sevilla,7,1.1782
40550,Paulinho,40800,Ganso,8,1.2567
40550,Paulinho,37762,William Carvalho,9,1.2658
40550,Paulinho,14808,İ. Gündoğan,10,1.2824
40574,Dória,213124,Chema Rodríguez,1,0.084
40574,Dória,20808,E. Muñoz,2,0.0928
40574,Dória,3468,J. Cala,3,0.1482
40574,Dória,6950,Pablo Ínsua,4,0.1727
40574,Dória,134163,Rodri Tarín,5,0.1776
40574,Dória,86716,M. Dos Santos,6,0.1802
40574,Dória,5677,Bruno González,7,0.2342
40574,Dória,127591,A. Pantić,8,0.2367
40574,Dória,224080,G. Maripán,9,0.2559
40574,Dória,498350,M. Mbaye,10,0.261
40614,Guilherme,413597,R. Kouamé,1,0.1048
40614,Guilherme,7864,F. Coquelin,2,0.1743
40614,Guilherme,4757,Luso,3,0.2148
40614,Guilherme,7899,Oriol Romeu,4,0.2282
40614,Guilherme,477106,S. Cáseres,5,0.2382
40614,Guilherme,422519,Fran Beltrán,6,0.2601
40614,Guilherme,140125,N. Radoja,7,0.2607
40614,Guilherme,231713,F. Bradarić,8,0.2746
40614,Guilherme,28292,A. Doucouré,9,0.28
40614,Guilherme,25623,G. Kondogbia,10,0.2919
40756,Casemiro,29642,G. Peñalba,1,0.2166
40756,Casemiro,86828,G. Pizarro,2,0.2457
40756,Casemiro,634204,E. Barrenechea,3,0.2529
40756,Casemiro,5907,Sergi Samper,4,0.2943
40756,Casemiro,341752,Marc Roca,5,0.3185
40756,Casemiro,141176,V. Angban,6,0.3364
40756,Casemiro,217031,T. Partey,7,0.3393
40756,Casemiro,3653,F. Tissone,8,0.3431
40756,Casemiro,4243,Verza,9,0.3487
40756,Casemiro,879052,Javi Rodríguez,10,0.3596
40770,Willian José,14943,M. Mandžukić,1,0.2223
40770,Willian José,258264,L. Jović,2,0.2578
40770,Willian José,112596,J. Martínez,3,0.346
40770,Willian José,7941,Chicharito,4,0.4102
40770,Willian José,25867,P. Aubameyang,5,0.4354
40770,Willian José,25577,L. Rémy,6,0.4366
40770,Willian José,3291,Paco Alcácer,7,0.4431
40770,Willian José,3781,Javi Guerra,8,0.4554
40770,Willian José,14817,R. Lewandowski,9,0.4813
40770,Willian José,4017,Miku,10,0.4903
40800,Ganso,3812,Joan Verdú,1,0.2908
40800,Ganso,364005,F. Valverde,2,0.3901
40800,Ganso,8317,David Silva,3,0.4156
40800,Ganso,20475,A. Vidal,4,0.4806
40800,Ganso,3602,Salva Sevilla,5,0.4824
40800,Ganso,3347,Sergi Roberto,6,0.4876
40800,Ganso,3476,I. Rakitić,7,0.5104
40800,Ganso,69404,M. Kovačić,8,0.5716
40800,Ganso,559647,Kirian Rodríguez,9,0.6112
40800,Ganso,3835,Álex López,10,0.6305
40810,Neymar,4379,Jonathan Viera,1,1.2195
40810,Neymar,25707,E. Hazard,2,1.2787
40810,Neymar,3360,Pedro,3,1.3028
40810,Neymar,3802,Philippe Coutinho,4,1.3399
40810,Neymar,286390,O. Dembélé,5,1.3767
40810,Neymar,3563,Isco,6,1.3792
40810,Neymar,770398,Lamine Yamal,7,1.4882
40810,Neymar,70096,J. Rodríguez,8,1.5048
40810,Neymar,3348,Gerard Deulofeu,9,1.7313
40810,Neymar,8320,S. Nasri,10,1.744
41029,Douglas,410872,Javi Galán,1,0.1545
41029,Douglas,91702,J. Mojica,2,0.1618
41029,Douglas,355597,Joan Sastre,3,0.2297
41029,Douglas,621207,Javi Rueda,4,0.2693
41029,Douglas,212625,A. Solari,5,0.278
41029,Douglas,358801,P. Estupiñán,6,0.3428
41029,Douglas,225948,Rubén Peña,7,0.381
41029,Douglas,293333,M. Ristić,8,0.4513
41029,Douglas,286248,V. Kravets,9,0.4605
41029,Douglas,3325,Juanfran,10,0.4683
41124,Naldo,89700,E. Roco,1,0.0982
41124,Naldo,4232,Alcalá,2,0.1105
41124,Naldo,26332,P. Baysse,3,0.1185
41124,Naldo,256998,E. Bailly,4,0.13
41124,Naldo,4113,Xabier Etxeita,5,0.1342
41124,Naldo,25784,A. Abdennour,6,0.1383
41124,Naldo,275384,Jorge Meré,7,0.1576
41124,Naldo,70085,E. Mangala,8,0.1787
41124,Naldo,57347,S. Ingason,9,0.1814
41124,Naldo,208694,Rodrigo Ely,10,0.1884
41339,Alex Telles,525130,Álex Centelles,1,0.1577
41339,Alex Telles,25452,S. Corchia,2,0.16
41339,Alex Telles,3735,Juankar,3,0.164
41339,Alex Telles,5284,Siqueira,4,0.2133
41339,Alex Telles,501165,Lucas Pires,5,0.2178
41339,Alex Telles,3598,Álex Martínez,6,0.2204
41339,Alex Telles,5318,Isma López,7,0.2259
41339,Alex Telles,367391,Toni Moya,8,0.2385
41339,Alex Telles,21793,C. Piccini,9,0.2445
41339,Alex Telles,557401,Bruno Langa,10,0.2487
41363,Gabriel Paulista,3642,Iván Ramis,1,0.1427
41363,Gabriel Paulista,4065,J. Murillo,2,0.1628
41363,Gabriel Paulista,688446,Chadi Riad,3,0.1671
41363,Gabriel Paulista,3338,Sergi Gómez,4,0.1718
41363,Gabriel Paulista,831472,Jon Martín,5,0.1878
41363,Gabriel Paulista,70112,E. Garay,6,0.2349
41363,Gabriel Paulista,3276,A. Rami,7,0.2537
41363,Gabriel Paulista,20433,S. Kjær,8,0.2678
41363,Gabriel Paulista,6325,Gonzalo Verdú,9,0.2736
41363,Gabriel Paulista,25831,C. Medjani,10,0.2772
42183,Petros,3270,Barragán,1,0.0904
42183,Petros,86198,J. Sánchez Miño,2,0.1364
42183,Petros,443324,Douglas Luiz,3,0.1594
42183,Petros,550229,Jon Moncayola,4,0.1759
42183,Petros,537185,J. Araujo,5,0.1777
42183,Petros,14922,R. Rodríguez,6,0.208
42183,Petros,678620,Arnau Martínez,7,0.2135
42183,Petros,25441,M. Sissoko,8,0.2235
42183,Petros,593442,Beñat Prados,9,0.231
42183,Petros,51217,L. Augustinsson,10,0.2346
43051,Gabriel Pires,282442,Carles Aleñà,1,0.2855
43051,Gabriel Pires,94828,G. Shibasaki,2,0.3058
43051,Gabriel Pires,713064,Pablo Marín,3,0.3077
43051,Gabriel Pires,285743,D. van de Beek,4,0.3135
43051,Gabriel Pires,3361,A. Sánchez,5,0.3999
43051,Gabriel Pires,256854,L. Suárez,6,0.4057
43051,Gabriel Pires,255433,Ricardo Horta,7,0.4277
43051,Gabriel Pires,3380,Juan Domínguez,8,0.4552
43051,Gabriel Pires,624774,Gabri Veiga,9,0.4889
43051,Gabriel Pires,559043,Valery Fernández,10,0.4953
48354,Thiago Galhardo,490863,Alemão,1,0.1179
48354,Thiago Galhardo,7629,Jaime Mata,2,0.1973
48354,Thiago Galhardo,144628,Wu Lei,3,0.2009
48354,Thiago Galhardo,285727,L. Dimata,4,0.2127
48354,Thiago Galhardo,25809,E. Rivière,5,0.213
48354,Thiago Galhardo,94764,Y. Muto,6,0.231
48354,Thiago Galhardo,554406,R. Nteka,7,0.2696
48354,Thiago Galhardo,287219,M. Uzuni,8,0.2719
48354,Thiago Galhardo,565630,F. Viñas,9,0.2997
48354,Thiago Galhardo,364820,Loren Morón,10,0.3135
50102,F. Schär,3381,Borja Fernández,1,0.1054
50102,F. Schär,364817,Tachi,2,0.1228
50102,F. Schär,86220,Gabriel Mercado,3,0.1373
50102,F. Schär,88969,D. Musto,4,0.1445
50102,F. Schär,3885,L. Cabrera,5,0.1608
50102,F. Schär,211853,Rúben Vezo,6,0.1778
50102,F. Schär,3407,Jonás Ramalho,7,0.1817
50102,F. Schär,37814,R. Donk,8,0.1858
50102,F. Schär,4720,Xisco Campos,9,0.1985
50102,F. Schär,805039,M. Moreno,10,0.2
50213,K. Yoda,135903,João Cancelo,1,0.2286
50213,K. Yoda,25586,Mariano,2,0.2546
50213,K. Yoda,344100,Sergio Reguilón,3,0.3171
50213,K. Yoda,396475,A. Hakimi,4,0.3281
50213,K. Yoda,414193,N. Molina,5,0.3959
50213,K. Yoda,580127,Pep Chavarría,6,0.4308
50213,K. Yoda,358801,P. Estupiñán,7,0.487
50213,K. Yoda,86517,P. De Blasis,8,0.5309
50213,K. Yoda,303078,G. Suazo,9,0.5463
50213,K. Yoda,6925,H. Hernández,10,0.5564
51004,C. Borges,4363,Vicente Gómez,1,0.3377
51004,C. Borges,439778,I. Doumbia,2,0.3965
51004,C. Borges,8309,K. Rekik,3,0.4012
51004,C. Borges,3928,Iborra,4,0.4851
51004,C. Borges,397033,B. Soumaré,5,0.4907
51004,C. Borges,498373,M. Sagnan,6,0.514
51004,C. Borges,4366,Hernán Santana,7,0.5276
51004,C. Borges,787348,Raúl Asencio,8,0.532
51004,C. Borges,135807,M. Pašalić,9,0.5512
51004,C. Borges,3304,Nacho Fernández,10,0.5773
51217,L. Augustinsson,4424,Jonny Otto,1,0.1025
51217,L. Augustinsson,70139,E. Insúa,2,0.1289
51217,L. Augustinsson,225939,Xavi Quintillà,3,0.1468
51217,L. Augustinsson,3351,Kiko Femenía,4,0.1553
51217,L. Augustinsson,443324,Douglas Luiz,5,0.1913
51217,L. Augustinsson,678620,Arnau Martínez,6,0.2318
51217,L. Augustinsson,42183,Petros,7,0.2346
51217,L. Augustinsson,367503,M. Wöber,8,0.2471
51217,L. Augustinsson,228963,H. Traoré,9,0.2543
51217,L. Augustinsson,70136,S. Arias,10,0.2666
55224,A. Sørloth,7908,Fernando Torres,1,0.1173
55224,A. Sørloth,3874,Kike García,2,0.1365
55224,A. Sørloth,20728,Jonathas,3,0.1838
55224,A. Sørloth,3324,Álvaro Morata,4,0.2031
55224,A. Sørloth,282449,Asier Villalibre,5,0.2886
55224,A. Sørloth,5268,Sergio León,6,0.2967
55224,A. Sørloth,91519,J. Córdoba,7,0.2989
55224,A. Sørloth,274435,E. Ünal,8,0.2993
55224,A. Sørloth,55968,M. Braithwaite,9,0.3293
55224,A. Sørloth,574907,E. Touré,10,0.3501
55968,M. Braithwaite,25472,C. Bakambu,1,0.1299
55968,M. Braithwaite,3804,Álvaro Vázquez,2,0.2113
55968,M. Braithwaite,20536,G. Pazzini,3,0.2312
55968,M. Braithwaite,7908,Fernando Torres,4,0.2343
55968,M. Braithwaite,3937,Roger Martí,5,0.2444
55968,M. Braithwaite,3324,Álvaro Morata,6,0.2477
55968,M. Braithwaite,213365,G. Fernández,7,0.2547
55968,M. Braithwaite,20728,Jonathas,8,0.2631
55968,M. Braithwaite,4131,Ángel Rodríguez,9,0.2915
55968,M. Braithwaite,91519,J. Córdoba,10,0.2986
55990,T. Delaney,3409,Mikel San José,1,0.218
55990,T. Delaney,3510,David Timor,2,0.2781
55990,T. Delaney,255738,J. Lerma,3,0.286
55990,T. Delaney,3704,Pape Diop,4,0.2935
55990,T. Delaney,140125,N. Radoja,5,0.3358
55990,T. Delaney,28292,A. Doucouré,6,0.3439
55990,T. Delaney,598620,Johnny Cardoso,7,0.3444
55990,T. Delaney,134702,L. Dendoncker,8,0.3572
55990,T. Delaney,3560,Nacho Monreal,9,0.3671
55990,T. Delaney,645789,Iker Muñoz,10,0.369
56009,R. Durmisi,354547,J. Jankto,1,0.1842
56009,R. Durmisi,560353,Pablo Martínez,2,0.1965
56009,R. Durmisi,478999,Kike Pérez,3,0.2594
56009,R. Durmisi,536152,Jordi Martín,4,0.2763
56009,R. Durmisi,552232,Jon Ander Olasagasti,5,0.2781
56009,R. Durmisi,482369,Javi Martínez,6,0.2954
56009,R. Durmisi,339885,Son,7,0.3177
56009,R. Durmisi,4790,Carlos Carmona,8,0.3277
56009,R. Durmisi,247212,Rafa Navarro,9,0.3311
56009,R. Durmisi,747916,Javi Guerra,10,0.3448
56025,M. Krohn-Dehli,4362,Momo,1,0.2192
56025,M. Krohn-Dehli,3344,Rafinha,2,0.2379
56025,M. Krohn-Dehli,3567,Santi Cazorla,3,0.2512
56025,M. Krohn-Dehli,3835,Álex López,4,0.4372
56025,M. Krohn-Dehli,3812,Joan Verdú,5,0.4708
56025,M. Krohn-Dehli,3347,Sergi Roberto,6,0.4745
56025,M. Krohn-Dehli,32652,E. Çolak,7,0.4813
56025,M. Krohn-Dehli,346195,Fabián Ruiz,8,0.5034
56025,M. Krohn-Dehli,3448,A. Turan,9,0.5048
56025,M. Krohn-Dehli,578270,T. Almada,10,0.5191
56408,J. Jønsson,6386,Jon Ander Garrido,1,0.204
56408,J. Jønsson,364846,Y. Eteki,2,0.2421
56408,J. Jønsson,553381,G. Álvarez,3,0.2732
56408,J. Jønsson,20406,M. Flamini,4,0.3517
56408,J. Jønsson,4268,Juan Rafael Fuentes,5,0.3863
56408,J. Jønsson,7585,Manu García,6,0.3909
56408,J. Jønsson,167131,Fran Vélez,7,0.482
56408,J. Jønsson,507738,Vini Souza,8,0.533
56408,J. Jønsson,334154,A. Tuhami,9,0.5546
56408,J. Jønsson,375350,M. Loum,10,0.5561
57347,S. Ingason,189976,M. Angeleri,1,0.0887
57347,S. Ingason,4329,Alejandro Arribas,2,0.1491
57347,S. Ingason,338429,A. Radovanović,3,0.181
57347,S. Ingason,41124,Naldo,4,0.1814
57347,S. Ingason,247169,Diego González,5,0.1832
57347,S. Ingason,256998,E. Bailly,6,0.1852
57347,S. Ingason,275384,Jorge Meré,7,0.1972
57347,S. Ingason,263147,M. Miazga,8,0.2046
57347,S. Ingason,89700,E. Roco,9,0.2217
57347,S. Ingason,26332,P. Baysse,10,0.2231
69403,Sammir,356237,G. Lo Celso,1,0.2767
69403,Sammir,302292,M. Ødegaard,2,0.2832
69403,Sammir,703740,A. Güler,3,0.3054
69403,Sammir,3282,Sergio Canales,4,0.3495
69403,Sammir,3448,A. Turan,5,0.4003
69403,Sammir,25440,J. Pastore,6,0.4247
69403,Sammir,32652,E. Çolak,7,0.5768
69403,Sammir,4362,Momo,8,0.5854
69403,Sammir,3567,Santi Cazorla,9,0.5893
69403,Sammir,21077,A. Gómez,10,0.5945
69404,M. Kovačić,3835,Álex López,1,0.3129
69404,M. Kovačić,3347,Sergi Roberto,2,0.3978
69404,M. Kovačić,3286,Dani Parejo,3,0.4659
69404,M. Kovačić,3443,Koke,4,0.5015
69404,M. Kovačić,559647,Kirian Rodríguez,5,0.5237
69404,M. Kovačić,3476,I. Rakitić,6,0.527
69404,M. Kovačić,3567,Santi Cazorla,7,0.539
69404,M. Kovačić,40800,Ganso,8,0.5716
69404,M. Kovačić,346195,Fabián Ruiz,9,0.578
69404,M. Kovačić,631908,Marc Casadó,10,0.6011
69409,Š. Vrsaljko,606670,Adrià Altimira,1,0.1251
69409,Š. Vrsaljko,653322,Diego Moreno,2,0.127
69409,Š. Vrsaljko,302542,Nacho Vidal,3,0.1317
69409,Š. Vrsaljko,6572,Iza Carcelén,4,0.1446
69409,Š. Vrsaljko,393214,V. Rosier,5,0.1603
69409,Š. Vrsaljko,352761,Luis Pérez,6,0.176
69409,Š. Vrsaljko,436688,Viti Rozada,7,0.2224
69409,Š. Vrsaljko,489488,Martín Aguirregabiria,8,0.2394
69409,Š. Vrsaljko,5327,Miguel Cifuentes,9,0.2398
69409,Š. Vrsaljko,278867,S. Janko,10,0.2398
69513,A. Budimir,447821,Y. En-Nesyri,1,0.1744
69513,A. Budimir,14763,S. Okazaki,2,0.3941
69513,A. Budimir,329064,C. Larin,3,0.4112
69513,A. Budimir,238564,S. Weissman,4,0.415
69513,A. Budimir,338201,E. Boateng,5,0.4243
69513,A. Budimir,364845,Rafa Mir,6,0.4507
69513,A. Budimir,713837,Diego García,7,0.4646
69513,A. Budimir,545811,Hugo Duro,8,0.4786
69513,A. Budimir,3651,Abdón Prats,9,0.4871
69513,A. Budimir,6165,F. Andone,10,0.5142
69610,D. Čop,344120,Borja Mayoral,1,0.064
69610,D. Čop,15111,A. Ramos,2,0.1802
69610,D. Čop,3294,Roberto Soldado,3,0.1972
69610,D. Čop,86800,D. Benedetto,4,0.2115
69610,D. Čop,4338,Diego Costa,5,0.2143
69610,D. Čop,3605,Jorge Molina,6,0.2155
69610,D. Čop,135927,André Silva,7,0.2199
69610,D. Čop,388976,T. Kadewere,8,0.232
69610,D. Čop,405979,Abel Ruiz,9,0.2422
69610,D. Čop,250885,Santi Mina,10,0.2492
70083,Danilo,642237,Gerard Martín,1,0.1752
70083,Danilo,3442,Fran Mérida,2,0.2069
70083,Danilo,552240,Álvaro Núñez,3,0.2271
70083,Danilo,4821,Michel Herrero,4,0.2368
70083,Danilo,3413,Ander Herrera,5,0.2523
70083,Danilo,26084,L. Carole,6,0.2709
70083,Danilo,352787,Pepelu,7,0.2776
70083,Danilo,402004,S. Colombatto,8,0.3281
70083,Danilo,776656,Pablo Barrios,9,0.3541
70083,Danilo,3301,Arbeloa,10,0.3554
70085,E. Mangala,265833,N. Maraš,1,0.0664
70085,E. Mangala,26332,P. Baysse,2,0.1038
70085,E. Mangala,3943,Aridane Hernández,3,0.1273
70085,E. Mangala,208694,Rodrigo Ely,4,0.1343
70085,E. Mangala,136164,E. Filipenko,5,0.1362
70085,E. Mangala,89700,E. Roco,6,0.1369
70085,E. Mangala,4232,Alcalá,7,0.1536
70085,E. Mangala,167149,Joaquín Fernández,8,0.1541
70085,E. Mangala,7302,Raúl Albentosa,9,0.1592
70085,E. Mangala,70767,A. Santos,10,0.1786
70086,N. Otamendi,339799,Jorge Sáenz,1,0.0376
70086,N. Otamendi,8609,A. Alcáraz,2,0.1764
70086,N. Otamendi,911027,Vitor Reis,3,0.1782
70086,N. Otamendi,413041,J. El Yamiq,4,0.1837
70086,N. Otamendi,450769,Fernando Calero,5,0.1961
70086,N. Otamendi,70391,A. Ba,6,0.2099
70086,N. Otamendi,5472,Luis Hernández,7,0.2107
70086,N. Otamendi,3496,Sergio Postigo,8,0.2233
70086,N. Otamendi,213714,E. Burgos,9,0.2313
70086,N. Otamendi,344102,Javi Sánchez,10,0.2354
70094,Fernando,212621,M. Kranevitter,1,0.0867
70094,Fernando,3304,Nacho Fernández,2,0.1746
70094,Fernando,395114,Igor Zubeldía,3,0.1828
70094,Fernando,279533,Mario Hermoso,4,0.2215
70094,Fernando,3446,Mario Suárez,5,0.2219
70094,Fernando,620193,C. Riedel,6,0.2783
70094,Fernando,525126,Marc Aguado,7,0.2862
70094,Fernando,439778,I. Doumbia,8,0.297
70094,Fernando,366581,J. Gnagnon,9,0.3078
70094,Fernando,3671,Íñigo Martínez,10,0.312
70096,J. Rodríguez,4379,Jonathan Viera,1,0.4846
70096,J. Rodríguez,8320,S. Nasri,2,0.4964
70096,J. Rodríguez,3563,Isco,3,0.5373
70096,J. Rodríguez,532467,Riqui Puig,4,0.6876
70096,J. Rodríguez,618294,Pedri,5,0.7336
70096,J. Rodríguez,8287,L. Modrić,6,0.8861
70096,J. Rodríguez,3353,Andrés Iniesta,7,0.944
70096,J. Rodríguez,3802,Philippe Coutinho,8,0.9657
70096,J. Rodríguez,703740,A. Güler,9,1.0215
70096,J. Rodríguez,302292,M. Ødegaard,10,1.0702
70112,E. Garay,20393,D. Bonera,1,0.1344
70112,E. Garay,3338,Sergi Gómez,2,0.1406
70112,E. Garay,3916,G. Cabral,3,0.1704
70112,E. Garay,112545,N. Araújo,4,0.1727
70112,E. Garay,3277,Víctor Ruíz,5,0.1733
70112,E. Garay,4065,J. Murillo,6,0.1746
70112,E. Garay,41363,Gabriel Paulista,7,0.2349
70112,E. Garay,688446,Chadi Riad,8,0.2451
70112,E. Garay,288081,S. McKenna,9,0.2662
70112,E. Garay,4360,Juanpe,10,0.291
70120,Javi García,470747,R. Araújo,1,0.2129
70120,Javi García,14748,A. Rüdiger,2,0.2263
70120,Javi García,3306,Sergio Ramos,3,0.3083
70120,Javi García,7860,T. Vermaelen,4,0.4289
70120,Javi García,26307,A. Mandi,5,0.441
70120,Javi García,25397,S. Umtiti,6,0.4415
70120,Javi García,3341,Gerard Piqué,7,0.4494
70120,Javi García,3274,J. Mathieu,8,0.4582
70120,Javi García,270866,Diego Carlos,9,0.5096
70120,Javi García,135103,A. Christensen,10,0.5443
70121,N. Gaitán,114055,Ó. Romero,1,0.0646
70121,N. Gaitán,583880,A. Ounahi,2,0.2835
70121,N. Gaitán,11063,Suso,3,0.3469
70121,N. Gaitán,25461,R. Boudebouz,4,0.4067
70121,N. Gaitán,4498,Lucas Vázquez,5,0.4726
70121,N. Gaitán,529349,Antony,6,0.5134
70121,N. Gaitán,8323,Denis Suárez,7,0.5819
70121,N. Gaitán,3285,Pablo Hernández,8,0.5989
70121,N. Gaitán,26515,F. Kadir,9,0.6224
70121,N. Gaitán,208942,Óliver Torres,10,0.6435
70123,A. Witsel,558739,T. Nianzou,1,0.0613
70123,A. Witsel,25391,T. Kolodziejczak,2,0.1584
70123,A. Witsel,545569,Saúl Coco,3,0.1788
70123,A. Witsel,697957,W. Kambwala,4,0.1929
70123,A. Witsel,312,N. Gudelj,5,0.1954
70123,A. Witsel,3523,F. Lejeune,6,0.1954
70123,A. Witsel,596691,Natan,7,0.2236
70123,A. Witsel,282439,Lluis López,8,0.2418
70123,A. Witsel,225996,Diego Llorente,9,0.2646
70123,A. Witsel,288081,S. McKenna,10,0.2698
70125,Nolito,776387,Fermín López,1,0.2315
70125,Nolito,3284,S. Feghouli,2,0.2501
70125,Nolito,234527,A. Halilović,3,0.2849
70125,Nolito,879047,Fer López,4,0.3591
70125,Nolito,5875,Álex Gallar,5,0.3666
70125,Nolito,142755,B. Traoré,6,0.3796
70125,Nolito,3571,Joaquín,7,0.3799
70125,Nolito,431540,Francisco Trincão,8,0.4153
70125,Nolito,241945,P. Sisto,9,0.425
70125,Nolito,3484,Luis Alberto,10,0.4409
70129,Rodrigo,105541,Lucas Pérez,1,0.2368
70129,Rodrigo,258907,R. Assalé,2,0.2589
70129,Rodrigo,227756,J. Boga,3,0.2721
70129,Rodrigo,5400,Gerard Moreno,4,0.2812
70129,Rodrigo,86307,L. Vietto,5,0.3317
70129,Rodrigo,397303,Ferrán Torres,6,0.3351
70129,Rodrigo,4440,Borja Valle,7,0.3925
70129,Rodrigo,551596,Lázaro,8,0.4033
70129,Rodrigo,471753,João Félix,9,0.4764
70129,Rodrigo,20402,K. Boateng,10,0.5246
70136,S. Arias,116299,L. Olaza,1,0.1855
70136,S. Arias,70139,E. Insúa,2,0.1962
70136,S. Arias,4936,David Simón,3,0.2009
70136,S. Arias,28529,Y. Sabaly,4,0.2088
70136,S. Arias,339801,Álvaro Lemos,5,0.222
70136,S. Arias,3351,Kiko Femenía,6,0.223
70136,S. Arias,225939,Xavi Quintillà,7,0.2233
70136,S. Arias,402854,G. Montiel,8,0.247
70136,S. Arias,51217,L. Augustinsson,9,0.2666
70136,S. Arias,593442,Beñat Prados,10,0.2729
70139,E. Insúa,51217,L. Augustinsson,1,0.1289
70139,E. Insúa,3351,Kiko Femenía,2,0.1794
70139,E. Insúa,70136,S. Arias,3,0.1962
70139,E. Insúa,225939,Xavi Quintillà,4,0.1977
70139,E. Insúa,4424,Jonny Otto,5,0.2194
70139,E. Insúa,678620,Arnau Martínez,6,0.2237
70139,E. Insúa,550229,Jon Moncayola,7,0.2731
70139,E. Insúa,938660,Mikel Jauregizar,8,0.2772
70139,E. Insúa,14740,A. Boka,9,0.2807
70139,E. Insúa,42183,Petros,10,0.2865
70140,Daniel Carriço,357991,Édgar González,1,0.0464
70140,Daniel Carriço,25392,Bakary Koné,2,0.1107
70140,Daniel Carriço,4918,Deivid,3,0.1224
70140,Daniel Carriço,384066,C. Montes,4,0.1293
70140,Daniel Carriço,6325,Gonzalo Verdú,5,0.1367
70140,Daniel Carriço,3527,Kiko Olivas,6,0.1429
70140,Daniel Carriço,621020,Cristhian Mosquera,7,0.1442
70140,Daniel Carriço,32577,Sidnei,8,0.1459
70140,Daniel Carriço,453251,Alejandro Catena,9,0.1562
70140,Daniel Carriço,295234,Sergio González,10,0.1606
70159,R. van Wolfswinkel,344086,Gorka Guruzeta,1,0.1907
70159,R. van Wolfswinkel,489417,Erik Expósito,2,0.2266
70159,R. van Wolfswinkel,237018,Deyverson,3,0.2572
70159,R. van Wolfswinkel,3577,S. Rondón,4,0.2668
70159,R. van Wolfswinkel,25809,E. Rivière,5,0.2798
70159,R. van Wolfswinkel,213365,G. Fernández,6,0.2869
70159,R. van Wolfswinkel,20536,G. Pazzini,7,0.2912
70159,R. van Wolfswinkel,490458,S. Kaba,8,0.3036
70159,R. van Wolfswinkel,171643,R. Yaremchuk,9,0.3661
70159,R. van Wolfswinkel,3576,Juanmi,10,0.3671
70164,Miguel Lopes,242697,Kevin Vázquez,1,0.0277
70164,Miguel Lopes,3806,Javi López,2,0.0304
70164,Miguel Lopes,653322,Diego Moreno,3,0.192
70164,Miguel Lopes,696658,O. El Hilali,4,0.2583
70164,Miguel Lopes,225022,Rubén Duarte,5,0.2793
70164,Miguel Lopes,69409,Š. Vrsaljko,6,0.292
70164,Miguel Lopes,3798,Dídac Vilá,7,0.3053
70164,Miguel Lopes,3557,Jesús Gámez,8,0.3057
70164,Miguel Lopes,393214,V. Rosier,9,0.3256
70164,Miguel Lopes,6281,Joseba Zaldúa,10,0.336
70235,Héldon,364086,T. Conechny,1,0.1432
70235,Héldon,4127,J. Feliu,2,0.206
70235,Héldon,382622,S. Amallah,3,0.2105
70235,Héldon,3708,J. Samperio,4,0.2216
70235,Héldon,444669,N. González,5,0.2452
70235,Héldon,4592,Paco Montañés,6,0.2521
70235,Héldon,344936,I. Cardona,7,0.3051
70235,Héldon,344153,Tete Morente,8,0.3465
70235,Héldon,6456,Dani Rodríguez,9,0.3522
70235,Héldon,501471,I. Chaira,10,0.3533
70315,Diogo Figueiras,477082,Emerson Royal,1,0.14
70315,Diogo Figueiras,112366,M. Layún,2,0.1442
70315,Diogo Figueiras,372753,Francis Guerrero,3,0.1741
70315,Diogo Figueiras,4892,José Gayá,4,0.1835
70315,Diogo Figueiras,544210,Sergio Carreira,5,0.2297
70315,Diogo Figueiras,344132,T. Hernández,6,0.2533
70315,Diogo Figueiras,354547,J. Jankto,7,0.2849
70315,Diogo Figueiras,655335,Yusi,8,0.294
70315,Diogo Figueiras,354123,Pol Lirola,9,0.2985
70315,Diogo Figueiras,339885,Son,10,0.3082
70327,N. Ghilas,512982,Matheus Cunha,1,0.1845
70327,N. Ghilas,7458,Sergi Guardiola,2,0.195
70327,N. Ghilas,101707,F. Smolov,3,0.2058
70327,N. Ghilas,401158,L. Suárez,4,0.2091
70327,N. Ghilas,135848,M. Livaja,5,0.2201
70327,N. Ghilas,618697,Iván Romero,6,0.2721
70327,N. Ghilas,565630,F. Viñas,7,0.3105
70327,N. Ghilas,536058,Fábio Silva,8,0.3309
70327,N. Ghilas,259946,A. Peñaranda,9,0.3393
70327,N. Ghilas,167119,Sabin Merino,10,0.3533
70391,A. Ba,213714,E. Burgos,1,0.1679
70391,A. Ba,413041,J. El Yamiq,2,0.1752
70391,A. Ba,6338,David García,3,0.1999
70391,A. Ba,70086,N. Otamendi,4,0.2099
70391,A. Ba,8609,A. Alcáraz,5,0.2345
70391,A. Ba,339799,Jorge Sáenz,6,0.2413
70391,A. Ba,376362,Luiz Felipe,7,0.2487
70391,A. Ba,3556,M. Demichelis,8,0.2535
70391,A. Ba,557942,M. Salisu,9,0.28
70391,A. Ba,70507,Paulo Oliveira,10,0.2869
70451,Luisinho,3974,D. Suárez,1,0.1303
70451,Luisinho,531592,Aihen Muñoz,2,0.1372
70451,Luisinho,423157,Thierry Correia,3,0.1728
70451,Luisinho,169002,Diego Rico,4,0.1792
70451,Luisinho,786686,Iván Fresneda,5,0.2011
70451,Luisinho,585538,R. Alhassane,6,0.2303
70451,Luisinho,6281,Joseba Zaldúa,7,0.2475
70451,Luisinho,452269,Fran Gámez,8,0.2528
70451,Luisinho,3798,Dídac Vilá,9,0.2684
70451,Luisinho,3790,Carlos Clerc,10,0.2984
70507,Paulo Oliveira,26195,M. Saunier,1,0.1144
70507,Paulo Oliveira,3561,Weligton,2,0.1171
70507,Paulo Oliveira,20672,J.Crespo Rincón,3,0.1437
70507,Paulo Oliveira,376362,Luiz Felipe,4,0.1956
70507,Paulo Oliveira,12,K. Omeruo,5,0.2133
70507,Paulo Oliveira,86548,S. Vergini,6,0.2349
70507,Paulo Oliveira,387785,Unai Elgezabal,7,0.2351
70507,Paulo Oliveira,3670,Mikel González,8,0.238
70507,Paulo Oliveira,413041,J. El Yamiq,9,0.246
70507,Paulo Oliveira,410055,Róber Pier,10,0.268
70767,A. Santos,208694,Rodrigo Ely,1,0.1409
70767,A. Santos,4180,David Lombán,2,0.1419
70767,A. Santos,265833,N. Maraš,3,0.1772
70767,A. Santos,70085,E. Mangala,4,0.1786
70767,A. Santos,26332,P. Baysse,5,0.2154
70767,A. Santos,3922,David Navarro,6,0.2194
70767,A. Santos,40542,Felipe,7,0.2435
70767,A. Santos,7302,Raúl Albentosa,8,0.2603
70767,A. Santos,3433,D. Godín,9,0.2789
70767,A. Santos,3943,Aridane Hernández,10,0.2812
70956,Rúben Semedo,3433,D. Godín,1,0.0774
70956,Rúben Semedo,6579,Antonio Raíllo,2,0.1506
70956,Rúben Semedo,193984,Germán Sánchez,3,0.1577
70956,Rúben Semedo,40542,Felipe,4,0.1722
70956,Rúben Semedo,258625,L. Abram,5,0.1891
70956,Rúben Semedo,3922,David Navarro,6,0.2034
70956,Rúben Semedo,86328,G. Pezzella,7,0.2199
70956,Rúben Semedo,500200,Miguel Rubio,8,0.2499
70956,Rúben Semedo,3526,M. Musacchio,9,0.2508
70956,Rúben Semedo,3692,B. Espinosa,10,0.2511
70975,Bruma,397178,M. Rashford,1,0.3268
70975,Bruma,408307,Raphinha,2,0.4233
70975,Bruma,28115,N. Fekir,3,0.4617
70975,Bruma,3348,Gerard Deulofeu,4,0.5358
70975,Bruma,860728,F. Mastantuono,5,0.5382
70975,Bruma,404397,Brahim Diaz,6,0.5395
70975,Bruma,529349,Antony,7,0.6064
70975,Bruma,493295,Vinícius Júnior,8,0.6559
70975,Bruma,547260,Rodrygo,9,0.7034
70975,Bruma,527100,M. Greenwood,10,0.7057
71004,Candeias,532627,Arnau Puigmal,1,0.1384
71004,Candeias,344040,Marc Cucurella,2,0.1669
71004,Candeias,3426,Gaizka Toquero,3,0.2332
71004,Candeias,568583,Juan Cruz,4,0.2457
71004,Candeias,282444,Sergi Canós,5,0.2933
71004,Candeias,3539,H. Pérez,6,0.3272
71004,Candeias,357992,Aitor Ruibal,7,0.3295
71004,Candeias,344153,Tete Morente,8,0.3573
71004,Candeias,5195,Omar Ramos,9,0.3586
71004,Candeias,4513,D. Cheryshev,10,0.3626
71057,Licá,355599,Mikel Oyarzabal,1,0.206
71057,Licá,3451,Adrián López,2,0.207
71057,Licá,290215,Dani Ndi,3,0.2297
71057,Licá,278278,Munir El Haddadi,4,0.2509
71057,Licá,38094,I. Ezekiel,5,0.2644
71057,Licá,3479,Manu del Moral,6,0.2946
71057,Licá,551596,Lázaro,7,0.3172
71057,Licá,545942,Oihan Sancet,8,0.3399
71057,Licá,5911,Sandro Ramírez,9,0.3752
71057,Licá,8297,G. dos Santos,10,0.3797
71911,Hernâni,622787,M. Cho,1,0.2405
71911,Hernâni,91282,M. Cuero,2,0.2464
71911,Hernâni,643199,A. Ezzalzouli,3,0.3144
71911,Hernâni,654823,Nico Williams,4,0.3818
71911,Hernâni,694506,Bryan Zaragoza,5,0.3972
71911,Hernâni,605385,Raúl Moro,6,0.4125
71911,Hernâni,281255,E. Mor,7,0.4134
71911,Hernâni,393881,H. Toledo,8,0.4277
71911,Hernâni,339790,Kike Barja,9,0.4384
71911,Hernâni,559718,Gonzalo Plata,10,0.4497
71997,Hélder Lopes,14852,Sergio Escudero,1,0.0882
71997,Hélder Lopes,89712,F. Gutiérrez,2,0.1419
71997,Hélder Lopes,401550,Miguel Crespo,3,0.1651
71997,Hélder Lopes,4892,José Gayá,4,0.1765
71997,Hélder Lopes,339801,Álvaro Lemos,5,0.181
71997,Hélder Lopes,402854,G. Montiel,6,0.1939
71997,Hélder Lopes,279560,Andoni Gorosabel,7,0.2025
71997,Hélder Lopes,116299,L. Olaza,8,0.208
71997,Hélder Lopes,4452,Yuri Berchiche,9,0.2099
71997,Hélder Lopes,112366,M. Layún,10,0.2227
85113,A. Toșca,769463,Yarek Gasiorowski,1,0.2179
85113,A. Toșca,508440,B. Méndez,2,0.2243
85113,A. Toșca,450650,Imanol García,3,0.2263
85113,A. Toșca,279545,L. Hernández,4,0.252
85113,A. Toșca,258591,O. Alderete,5,0.2537
85113,A. Toșca,808345,S. Mouriño,6,0.2551
85113,A. Toșca,250805,Djené,7,0.2663
85113,A. Toșca,518905,José Copete,8,0.2814
85113,A. Toșca,4003,Miguel Torres,9,0.3233
85113,A. Toșca,4234,Lillo Castellano,10,0.3691
86183,F. Roncaglia,724440,David Torres,1,0.1201
86183,F. Roncaglia,493898,Adrián de la Fuente,2,0.1746
86183,F. Roncaglia,3675,Gorka Elustondo,3,0.2903
86183,F. Roncaglia,139075,R. Tapia,4,0.296
86183,F. Roncaglia,91064,D. Torres,5,0.298
86183,F. Roncaglia,4332,Javi Fuego,6,0.3138
86183,F. Roncaglia,4509,Omar Mascarell,7,0.3331
86183,F. Roncaglia,4720,Xisco Campos,8,0.3547
86183,F. Roncaglia,288108,Josema,9,0.3639
86183,F. Roncaglia,86220,Gabriel Mercado,10,0.3643
86198,J. Sánchez Miño,3270,Barragán,1,0.0469
86198,J. Sánchez Miño,537185,J. Araujo,2,0.1096
86198,J. Sánchez Miño,42183,Petros,3,0.1364
86198,J. Sánchez Miño,167120,Fran Varela,4,0.1456
86198,J. Sánchez Miño,14922,R. Rodríguez,5,0.1541
86198,J. Sánchez Miño,446062,K. Arriaga,6,0.1823
86198,J. Sánchez Miño,443324,Douglas Luiz,7,0.1882
86198,J. Sánchez Miño,593442,Beñat Prados,8,0.2236
86198,J. Sánchez Miño,367503,M. Wöber,9,0.2641
86198,J. Sánchez Miño,134476,F. Barba,10,0.2971
86200,S. Araújo,86800,D. Benedetto,1,0.1201
86200,S. Araújo,15111,A. Ramos,2,0.1428
86200,S. Araújo,151,J. Guidetti,3,0.1554
86200,S. Araújo,69610,D. Čop,4,0.2507
86200,S. Araújo,344120,Borja Mayoral,5,0.2808
86200,S. Araújo,3988,David Barral,6,0.2955
86200,S. Araújo,38093,M. Batshuayi,7,0.3193
86200,S. Araújo,25445,K. Gameiro,8,0.3251
86200,S. Araújo,405979,Abel Ruiz,9,0.3409
86200,S. Araújo,3605,Jorge Molina,10,0.3427
86220,Gabriel Mercado,88969,D. Musto,1,0.0825
86220,Gabriel Mercado,37814,R. Donk,2,0.1052
86220,Gabriel Mercado,50102,F. Schär,3,0.1373
86220,Gabriel Mercado,3407,Jonás Ramalho,4,0.1899
86220,Gabriel Mercado,364817,Tachi,5,0.1974
86220,Gabriel Mercado,4720,Xisco Campos,6,0.2046
86220,Gabriel Mercado,3381,Borja Fernández,7,0.2084
86220,Gabriel Mercado,6286,Jon Errasti,8,0.22
86220,Gabriel Mercado,4248,Alberto Martín,9,0.2552
86220,Gabriel Mercado,805039,M. Moreno,10,0.2604
86234,E. Pérez,477352,Ander Guevara,1,0.0154
86234,E. Pérez,286030,K. Bare,2,0.1114
86234,E. Pérez,545943,Unai Vencedor,3,0.1576
86234,E. Pérez,167118,Erik Morán,4,0.1602
86234,E. Pérez,265369,U. Agbo,5,0.2241
86234,E. Pérez,25553,César Azpilicueta,6,0.2497
86234,E. Pérez,6035,Rubén Alcaraz,7,0.2704
86234,E. Pérez,228963,H. Traoré,8,0.2769
86234,E. Pérez,3414,Ander Iturraspe,9,0.2776
86234,E. Pérez,4511,Pedro Mosquera,10,0.286
86239,G. Carrillo,251447,V. Muriqi,1,0.3221
86239,G. Carrillo,105616,B. Ideye,2,0.3615
86239,G. Carrillo,3780,Manucho Gonçalves,3,0.3732
86239,G. Carrillo,338201,E. Boateng,4,0.3793
86239,G. Carrillo,279571,Jon Bautista,5,0.4221
86239,G. Carrillo,225946,A. Sanabria,6,0.4311
86239,G. Carrillo,284322,E. Ponce,7,0.4327
86239,G. Carrillo,395636,M. Gómez,8,0.4363
86239,G. Carrillo,38436,C. Santos,9,0.4383
86239,G. Carrillo,6914,Álex Alegría,10,0.4609
86298,E. Saveljich,344444,D. Hadžikadunić,1,0.0923
86298,E. Saveljich,3665,Ansotegi,2,0.3265
86298,E. Saveljich,193984,Germán Sánchez,3,0.3301
86298,E. Saveljich,5280,Mainz,4,0.4011
86298,E. Saveljich,70956,Rúben Semedo,5,0.4246
86298,E. Saveljich,3922,David Navarro,6,0.4414
86298,E. Saveljich,222464,M. Mauro,7,0.4425
86298,E. Saveljich,3433,D. Godín,8,0.4554
86298,E. Saveljich,128171,S. Mitrović,9,0.4592
86298,E. Saveljich,4180,David Lombán,10,0.4734
86307,L. Vietto,70129,Rodrigo,1,0.3317
86307,L. Vietto,471753,João Félix,2,0.4339
86307,L. Vietto,105541,Lucas Pérez,3,0.4905
86307,L. Vietto,118,M. Depay,4,0.4979
86307,L. Vietto,20402,K. Boateng,5,0.507
86307,L. Vietto,5400,Gerard Moreno,6,0.512
86307,L. Vietto,8278,G. Bale,7,0.5146
86307,L. Vietto,258907,R. Assalé,8,0.5452
86307,L. Vietto,3840,Iago Aspas,9,0.5754
86307,L. Vietto,3548,G. Rossi,10,0.5795
86325,R. Funes Mori,275296,David Costas,1,0.0967
86325,R. Funes Mori,911027,Vitor Reis,2,0.1427
86325,R. Funes Mori,3562,Sergio Sánchez,3,0.1488
86325,R. Funes Mori,450769,Fernando Calero,4,0.1651
86325,R. Funes Mori,5472,Luis Hernández,5,0.1884
86325,R. Funes Mori,92874,L. Vyntra,6,0.1968
86325,R. Funes Mori,344068,Unai Núñez,7,0.2061
86325,R. Funes Mori,583159,L. Badé,8,0.2259
86325,R. Funes Mori,3788,J. Amat,9,0.2342
86325,R. Funes Mori,339799,Jorge Sáenz,10,0.239
86328,G. Pezzella,258625,L. Abram,1,0.0541
86328,G. Pezzella,3526,M. Musacchio,2,0.0711
86328,G. Pezzella,3943,Aridane Hernández,3,0.1006
86328,G. Pezzella,500200,Miguel Rubio,4,0.114
86328,G. Pezzella,136164,E. Filipenko,5,0.1234
86328,G. Pezzella,7302,Raúl Albentosa,6,0.1243
86328,G. Pezzella,265833,N. Maraš,7,0.1307
86328,G. Pezzella,167149,Joaquín Fernández,8,0.1509
86328,G. Pezzella,40542,Felipe,9,0.1588
86328,G. Pezzella,292654,M. Diakhaby,10,0.1725
86338,L. Ocampos,560889,Nico Melamed,1,0.14
86338,L. Ocampos,561186,Yéremy Pino,2,0.1676
86338,L. Ocampos,14836,T. Inui,3,0.1993
86338,L. Ocampos,101847,M. Carcela-González,4,0.2298
86338,L. Ocampos,511155,R. Vargas,5,0.2929
86338,L. Ocampos,3603,Álvaro Vadillo,6,0.3121
86338,L. Ocampos,230955,Stoichkov,7,0.3122
86338,L. Ocampos,3908,Lago Júnior,8,0.3144
86338,L. Ocampos,518746,Lee Kang-In,9,0.3248
86338,L. Ocampos,20441,E. Lamela,10,0.3588
86507,L. Magallán,331583,Dani Calvo,1,0.1494
86507,L. Magallán,330728,Domingos Duarte,2,0.1715
86507,L. Magallán,500200,Miguel Rubio,3,0.1813
86507,L. Magallán,167149,Joaquín Fernández,4,0.1852
86507,L. Magallán,248846,M. Villanueva,5,0.1897
86507,L. Magallán,20932,M. Nastasić,6,0.2243
86507,L. Magallán,3943,Aridane Hernández,7,0.2458
86507,L. Magallán,4113,Xabier Etxeita,8,0.2463
86507,L. Magallán,89700,E. Roco,9,0.2479
86507,L. Magallán,4232,Alcalá,10,0.2533
86517,P. De Blasis,4256,Aleix Vidal,1,0.227
86517,P. De Blasis,326547,E. Buendía,2,0.2358
86517,P. De Blasis,472696,Sergio Gómez,3,0.2892
86517,P. De Blasis,396475,A. Hakimi,4,0.3389
86517,P. De Blasis,25407,C. Grenier,5,0.3785
86517,P. De Blasis,20803,M. Aguirregaray,6,0.38
86517,P. De Blasis,135903,João Cancelo,7,0.4047
86517,P. De Blasis,4908,Alberto Moreno,8,0.4093
86517,P. De Blasis,544210,Sergio Carreira,9,0.4376
86517,P. De Blasis,14740,A. Boka,10,0.4412
86548,S. Vergini,223681,A. Sedlar,1,0.1306
86548,S. Vergini,387785,Unai Elgezabal,2,0.1309
86548,S. Vergini,916711,Juma Bah,3,0.1455
86548,S. Vergini,270037,M. Valjent,4,0.1501
86548,S. Vergini,7857,Ignasi Miquel,5,0.1643
86548,S. Vergini,26195,M. Saunier,6,0.1705
86548,S. Vergini,410055,Róber Pier,7,0.1741
86548,S. Vergini,413041,J. El Yamiq,8,0.1751
86548,S. Vergini,449817,A. Mumin,9,0.184
86548,S. Vergini,508021,Jorge Cuenca,10,0.1842
86623,A. Fernández,3653,F. Tissone,1,0.2479
86623,A. Fernández,3676,Asier Illarramendi,2,0.3102
86623,A. Fernández,642237,Gerard Martín,3,0.3267
86623,A. Fernández,3441,Gabi,4,0.3585
86623,A. Fernández,40756,Casemiro,5,0.3957
86623,A. Fernández,352787,Pepelu,6,0.4669
86623,A. Fernández,341752,Marc Roca,7,0.4831
86623,A. Fernández,20722,F. Rossi,8,0.4908
86623,A. Fernández,5907,Sergi Samper,9,0.4908
86623,A. Fernández,3301,Arbeloa,10,0.4921
86716,M. Dos Santos,213124,Chema Rodríguez,1,0.1418
86716,M. Dos Santos,5677,Bruno González,2,0.1425
86716,M. Dos Santos,20808,E. Muñoz,3,0.1639
86716,M. Dos Santos,40574,Dória,4,0.1802
86716,M. Dos Santos,134163,Rodri Tarín,5,0.234
86716,M. Dos Santos,224080,G. Maripán,6,0.2352
86716,M. Dos Santos,127591,A. Pantić,7,0.2778
86716,M. Dos Santos,3468,J. Cala,8,0.2876
86716,M. Dos Santos,6950,Pablo Ínsua,9,0.3107
86716,M. Dos Santos,498350,M. Mbaye,10,0.3455
86737,F. Ferreyra,554406,R. Nteka,1,0.2251
86737,F. Ferreyra,144628,Wu Lei,2,0.2644
86737,F. Ferreyra,767660,García Pascual,3,0.2731
86737,F. Ferreyra,592582,V. Vanat,4,0.2753
86737,F. Ferreyra,278324,Carlos Fernández,5,0.2777
86737,F. Ferreyra,287219,M. Uzuni,6,0.3224
86737,F. Ferreyra,788748,Álvaro Rodríguez,7,0.3696
86737,F. Ferreyra,607496,O. Óskarsson,8,0.384
86737,F. Ferreyra,490863,Alemão,9,0.4206
86737,F. Ferreyra,670456,E. Eyong,10,0.4249
86796,I. Marcone,5542,Dani García,1,0.1596
86796,I. Marcone,262121,D. Vavro,2,0.1768
86796,I. Marcone,3566,Ignacio Camacho,3,0.199
86796,I. Marcone,3594,José Alberto Cañas,4,0.2035
86796,I. Marcone,3436,Javi Manquillo,5,0.2052
86796,I. Marcone,26518,C. Sánchez,6,0.2092
86796,I. Marcone,473364,Hugo Guillamón,7,0.227
86796,I. Marcone,20547,Javier Garrido,8,0.2322
86796,I. Marcone,340706,G. Rodríguez,9,0.2721
86796,I. Marcone,935301,Marcos Peña,10,0.2808
86800,D. Benedetto,86200,S. Araújo,1,0.1201
86800,D. Benedetto,15111,A. Ramos,2,0.205
86800,D. Benedetto,69610,D. Čop,3,0.2115
86800,D. Benedetto,151,J. Guidetti,4,0.2388
86800,D. Benedetto,25445,K. Gameiro,5,0.2576
86800,D. Benedetto,344120,Borja Mayoral,6,0.2595
86800,D. Benedetto,3605,Jorge Molina,7,0.2855
86800,D. Benedetto,3294,Roberto Soldado,8,0.2943
86800,D. Benedetto,4338,Diego Costa,9,0.3137
86800,D. Benedetto,38093,M. Batshuayi,10,0.3252
86828,G. Pizarro,368110,Jailson,1,0.1471
86828,G. Pizarro,3378,Álex Bergantiños,2,0.1717
86828,G. Pizarro,231713,F. Bradarić,3,0.1794
86828,G. Pizarro,634204,E. Barrenechea,4,0.2081
86828,G. Pizarro,4757,Luso,5,0.2207
86828,G. Pizarro,712871,Jon Gorrotxategi,6,0.2353
86828,G. Pizarro,40756,Casemiro,7,0.2457
86828,G. Pizarro,25623,G. Kondogbia,8,0.2503
86828,G. Pizarro,29642,G. Peñalba,9,0.2692
86828,G. Pizarro,413597,R. Kouamé,10,0.2787
86882,L. Orbán,4889,Tano Bonnín,1,0.1402
86882,L. Orbán,4272,Ximo Navarro,2,0.5126
86882,L. Orbán,90774,H. Palacios,3,0.5368
86882,L. Orbán,3856,Molinero,4,0.5583
86882,L. Orbán,7818,Carlos Akapo,5,0.5754
86882,L. Orbán,252924,F. Angileri,6,0.578
86882,L. Orbán,6365,Unai Bustinza,7,0.5872
86882,L. Orbán,21550,Gabriel Silva,8,0.5891
86882,L. Orbán,278007,F. Ricca,9,0.5965
86882,L. Orbán,364870,Adrián Diéguez,10,0.6064
88642,E. Ávila,91268,F. Hinestroza,1,0.1806
88642,E. Ávila,3287,Portu,2,0.2032
88642,E. Ávila,652912,W. Swedberg,3,0.2292
88642,E. Ávila,595008,Alejandro Cantero,4,0.2331
88642,E. Ávila,7623,Léo Baptistão,5,0.2334
88642,E. Ávila,3629,Viguera,6,0.2506
88642,E. Ávila,339857,José Arnáiz,7,0.2548
88642,E. Ávila,4880,Rober Ibáñez,8,0.2861
88642,E. Ávila,116283,D. Rolán,9,0.3094
88642,E. Ávila,3738,Lafita,10,0.3428
88969,D. Musto,86220,Gabriel Mercado,1,0.0825
88969,D. Musto,3407,Jonás Ramalho,2,0.1139
88969,D. Musto,50102,F. Schär,3,0.1445
88969,D. Musto,37814,R. Donk,4,0.1465
88969,D. Musto,364817,Tachi,5,0.148
88969,D. Musto,3381,Borja Fernández,6,0.2033
88969,D. Musto,4720,Xisco Campos,7,0.2093
88969,D. Musto,805039,M. Moreno,8,0.2141
88969,D. Musto,344039,Chumi,9,0.2425
88969,D. Musto,211853,Rúben Vezo,10,0.2578
89073,M. Acuña,214062,Álex Granell,1,0.2796
89073,M. Acuña,3474,Jesús Navas,2,0.3219
89073,M. Acuña,471761,Óscar Mingueza,3,0.4011
89073,M. Acuña,344100,Sergio Reguilón,4,0.4207
89073,M. Acuña,396475,A. Hakimi,5,0.4321
89073,M. Acuña,4501,Dani Carvajal,6,0.5039
89073,M. Acuña,3434,Filipe Luís,7,0.5098
89073,M. Acuña,743429,Álvaro Carreras,8,0.5234
89073,M. Acuña,8945,K. Trippier,9,0.5306
89073,M. Acuña,346119,Manu García,10,0.5345
89133,Rodrigo Battaglia,507738,Vini Souza,1,0.1521
89133,Rodrigo Battaglia,295225,Fede San Emeterio,2,0.1616
89133,Rodrigo Battaglia,4268,Juan Rafael Fuentes,3,0.2325
89133,Rodrigo Battaglia,375350,M. Loum,4,0.2334
89133,Rodrigo Battaglia,450650,Imanol García,5,0.2398
89133,Rodrigo Battaglia,386686,S. Jurić,6,0.2736
89133,Rodrigo Battaglia,556923,A. Abqar,7,0.2987
89133,Rodrigo Battaglia,250805,Djené,8,0.303
89133,Rodrigo Battaglia,279545,L. Hernández,9,0.3464
89133,Rodrigo Battaglia,7585,Manu García,10,0.347
89550,M. Díaz,808262,M. Perrone,1,0.2118
89550,M. Díaz,4487,Sergio Marcos,2,0.3366
89550,M. Díaz,285590,S. Amrabat,3,0.377
89550,M. Díaz,8032,Marcos Alonso,4,0.3887
89550,M. Díaz,14757,Z. Kuzmanović,5,0.3982
89550,M. Díaz,38,D. Blind,6,0.4024
89550,M. Díaz,112459,H. Herrera,7,0.4422
89550,M. Díaz,631908,Marc Casadó,8,0.5
89550,M. Díaz,5286,A. Moreno,9,0.5192
89550,M. Díaz,696440,Damián Rodríguez,10,0.5269
89700,E. Roco,4232,Alcalá,1,0.0792
89700,E. Roco,26332,P. Baysse,2,0.083
89700,E. Roco,41124,Naldo,3,0.0982
89700,E. Roco,4113,Xabier Etxeita,4,0.1079
89700,E. Roco,70085,E. Mangala,5,0.1369
89700,E. Roco,256998,E. Bailly,6,0.1665
89700,E. Roco,167149,Joaquín Fernández,7,0.1699
89700,E. Roco,331583,Dani Calvo,8,0.1753
89700,E. Roco,208694,Rodrigo Ely,9,0.1782
89700,E. Roco,25784,A. Abdennour,10,0.1813
89712,F. Gutiérrez,14852,Sergio Escudero,1,0.0928
89712,F. Gutiérrez,279560,Andoni Gorosabel,2,0.1006
89712,F. Gutiérrez,3447,Juanfran,3,0.1235
89712,F. Gutiérrez,71997,Hélder Lopes,4,0.1419
89712,F. Gutiérrez,167145,Héctor Bellerín,5,0.1527
89712,F. Gutiérrez,4892,José Gayá,6,0.1744
89712,F. Gutiérrez,481322,A. Candela,7,0.1753
89712,F. Gutiérrez,339801,Álvaro Lemos,8,0.1806
89712,F. Gutiérrez,326525,Lucas Ahijado,9,0.1896
89712,F. Gutiérrez,3534,Jaume Costa,10,0.203
90774,H. Palacios,21550,Gabriel Silva,1,0.1509
90774,H. Palacios,481618,N. Tenaglia,2,0.1574
90774,H. Palacios,3856,Molinero,3,0.2085
90774,H. Palacios,4272,Ximo Navarro,4,0.2101
90774,H. Palacios,21842,C. Biraghi,5,0.237
90774,H. Palacios,3969,Roberto Canella,6,0.2433
90774,H. Palacios,7818,Carlos Akapo,7,0.2467
90774,H. Palacios,278007,F. Ricca,8,0.2608
90774,H. Palacios,3375,Laure,9,0.2929
90774,H. Palacios,286994,Adrián Marín,10,0.309
91064,D. Torres,4509,Omar Mascarell,1,0.1577
91064,D. Torres,493898,Adrián de la Fuente,2,0.1674
91064,D. Torres,25405,M. Gonalons,3,0.1786
91064,D. Torres,3505,R. Loé,4,0.1803
91064,D. Torres,139075,R. Tapia,5,0.1927
91064,D. Torres,563961,José Fontán,6,0.2059
91064,D. Torres,812973,V. Gómez,7,0.2184
91064,D. Torres,645035,Dário Essugo,8,0.2598
91064,D. Torres,344049,Oriol Rey,9,0.2637
91064,D. Torres,4332,Javi Fuego,10,0.2781
91268,F. Hinestroza,88642,E. Ávila,1,0.1806
91268,F. Hinestroza,3629,Viguera,2,0.1843
91268,F. Hinestroza,507495,Dani Escriche,3,0.249
91268,F. Hinestroza,7623,Léo Baptistão,4,0.2861
91268,F. Hinestroza,3738,Lafita,5,0.2912
91268,F. Hinestroza,339857,José Arnáiz,6,0.2992
91268,F. Hinestroza,116283,D. Rolán,7,0.3322
91268,F. Hinestroza,595598,Peque Fernández,8,0.3373
91268,F. Hinestroza,4880,Rober Ibáñez,9,0.3427
91268,F. Hinestroza,3287,Portu,10,0.3449
91282,M. Cuero,5291,Jaime Romero,1,0.2431
91282,M. Cuero,71911,Hernâni,2,0.2464
91282,M. Cuero,643199,A. Ezzalzouli,3,0.2521
91282,M. Cuero,339790,Kike Barja,4,0.2695
91282,M. Cuero,596052,Ander Barrenetxea,5,0.3146
91282,M. Cuero,559718,Gonzalo Plata,6,0.3166
91282,M. Cuero,393881,H. Toledo,7,0.3266
91282,M. Cuero,532831,Bryan Gil,8,0.3338
91282,M. Cuero,257752,M. Moreno,9,0.3361
91282,M. Cuero,239843,Zakaria Bakkali,10,0.346
91519,J. Córdoba,275338,Borja Iglesias,1,0.0978
91519,J. Córdoba,3324,Álvaro Morata,2,0.109
91519,J. Córdoba,20728,Jonathas,3,0.1604
91519,J. Córdoba,3804,Álvaro Vázquez,4,0.2311
91519,J. Córdoba,25472,C. Bakambu,5,0.246
91519,J. Córdoba,515713,B. Dia,6,0.2614
91519,J. Córdoba,55968,M. Braithwaite,7,0.2986
91519,J. Córdoba,55224,A. Sørloth,8,0.2989
91519,J. Córdoba,7908,Fernando Torres,9,0.30620000000000003
91519,J. Córdoba,101795,L. Traoré,10,0.3337
91702,J. Mojica,621207,Javi Rueda,1,0.1333
91702,J. Mojica,41029,Douglas,2,0.1618
91702,J. Mojica,355597,Joan Sastre,3,0.2499
91702,J. Mojica,410872,Javi Galán,4,0.2744
91702,J. Mojica,358801,P. Estupiñán,5,0.2854
91702,J. Mojica,293333,M. Ristić,6,0.2988
91702,J. Mojica,3325,Juanfran,7,0.3198
91702,J. Mojica,286248,V. Kravets,8,0.3236
91702,J. Mojica,225948,Rubén Peña,9,0.3405
91702,J. Mojica,212625,A. Solari,10,0.3882
92874,L. Vyntra,450769,Fernando Calero,1,0.1377
92874,L. Vyntra,601275,Rafa Marín,2,0.1593
92874,L. Vyntra,5472,Luis Hernández,3,0.1742
92874,L. Vyntra,911027,Vitor Reis,4,0.1779
92874,L. Vyntra,344068,Unai Núñez,5,0.1878
92874,L. Vyntra,295234,Sergio González,6,0.188
92874,L. Vyntra,86325,R. Funes Mori,7,0.1968
92874,L. Vyntra,344102,Javi Sánchez,8,0.1986
92874,L. Vyntra,275296,David Costas,9,0.1989
92874,L. Vyntra,32577,Sidnei,10,0.2142
92886,Simão Mate,601275,Rafa Marín,1,0.2389
92886,Simão Mate,449817,A. Mumin,2,0.2467
92886,Simão Mate,292654,M. Diakhaby,3,0.2487
92886,Simão Mate,500200,Miguel Rubio,4,0.2619
92886,Simão Mate,86507,L. Magallán,5,0.2655
92886,Simão Mate,344102,Javi Sánchez,6,0.2676
92886,Simão Mate,167149,Joaquín Fernández,7,0.2777
92886,Simão Mate,331583,Dani Calvo,8,0.2809
92886,Simão Mate,20932,M. Nastasić,9,0.2828
92886,Simão Mate,384066,C. Montes,10,0.283
92893,Toché,3657,T. Hemed,1,0.2725
92893,Toché,267,L. de Jong,2,0.3147
92893,Toché,385273,Charles,3,0.3478
92893,Toché,3875,Borja Bastón,4,0.3935
92893,Toché,21174,E. Cavani,5,0.4342
92893,Toché,225946,A. Sanabria,6,0.4563
92893,Toché,3780,Manucho Gonçalves,7,0.4586
92893,Toché,4602,Oriol Riera,8,0.4946
92893,Toché,6292,K. Kodro,9,0.4949
92893,Toché,38436,C. Santos,10,0.4974
92910,L. Fejsa,3975,Sergio Álvarez,1,0.1798
92910,L. Fejsa,508440,B. Méndez,2,0.1929
92910,L. Fejsa,190172,Juan Cruz,3,0.2409
92910,L. Fejsa,808345,S. Mouriño,4,0.2455
92910,L. Fejsa,15214,A. Rukavina,5,0.2567
92910,L. Fejsa,294415,Reinildo,6,0.2647
92910,L. Fejsa,4234,Lillo Castellano,7,0.2736
92910,L. Fejsa,279545,L. Hernández,8,0.2741
92910,L. Fejsa,288108,Josema,9,0.285
92910,L. Fejsa,518905,José Copete,10,0.3107
93000,Antunes,400544,Miguel Llambrich,1,0.2136
93000,Antunes,1075948,Davinchi,2,0.2398
93000,Antunes,603778,Abel Bretones,3,0.2734
93000,Antunes,373541,Aitor Buñuel,4,0.2741
93000,Antunes,149389,J. Toljan,5,0.2935
93000,Antunes,593803,Carlos Romero,6,0.304
93000,Antunes,6513,Raúl Carnero,7,0.3243
93000,Antunes,770391,A. Aznou,8,0.3312
93000,Antunes,4288,S. Dubarbier,9,0.3491
93000,Antunes,452269,Fran Gámez,10,0.3524
93003,D. Siovas,805039,M. Moreno,1,0.1083
93003,D. Siovas,410055,Róber Pier,2,0.1356
93003,D. Siovas,225085,Fali,3,0.1651
93003,D. Siovas,3381,Borja Fernández,4,0.166
93003,D. Siovas,364817,Tachi,5,0.1674
93003,D. Siovas,270037,M. Valjent,6,0.1684
93003,D. Siovas,7857,Ignasi Miquel,7,0.1689
93003,D. Siovas,344039,Chumi,8,0.1713
93003,D. Siovas,3407,Jonás Ramalho,9,0.1856
93003,D. Siovas,3885,L. Cabrera,10,0.1974
93033,Edimar,22566,A. Florenzi,1,0.1448
93033,Edimar,3351,Kiko Femenía,2,0.2678
93033,Edimar,51217,L. Augustinsson,3,0.2955
93033,Edimar,70139,E. Insúa,4,0.2981
93033,Edimar,4424,Jonny Otto,5,0.2992
93033,Edimar,225939,Xavi Quintillà,6,0.3175
93033,Edimar,14740,A. Boka,7,0.3285
93033,Edimar,228963,H. Traoré,8,0.3617
93033,Edimar,20803,M. Aguirregaray,9,0.3617
93033,Edimar,4452,Yuri Berchiche,10,0.3762
94764,Y. Muto,7629,Jaime Mata,1,0.0696
94764,Y. Muto,278015,J. Rodríguez,2,0.1314
94764,Y. Muto,536058,Fábio Silva,3,0.1961
94764,Y. Muto,48354,Thiago Galhardo,4,0.231
94764,Y. Muto,364820,Loren Morón,5,0.2324
94764,Y. Muto,490863,Alemão,6,0.2423
94764,Y. Muto,670456,E. Eyong,7,0.2613
94764,Y. Muto,285727,L. Dimata,8,0.2687
94764,Y. Muto,287219,M. Uzuni,9,0.2694
94764,Y. Muto,788748,Álvaro Rodríguez,10,0.288
94828,G. Shibasaki,713064,Pablo Marín,1,0.0872
94828,G. Shibasaki,694062,Pablo Ibáñez,2,0.2937
94828,G. Shibasaki,3380,Juan Domínguez,3,0.2953
94828,G. Shibasaki,43051,Gabriel Pires,4,0.3058
94828,G. Shibasaki,127928,D. Brašanac,5,0.3689
94828,G. Shibasaki,4515,Óscar Plano,6,0.3946
94828,G. Shibasaki,255254,Danilo Barbosa,7,0.4188
94828,G. Shibasaki,363717,Y. Herrera,8,0.4216
94828,G. Shibasaki,285743,D. van de Beek,9,0.457
94828,G. Shibasaki,626229,Mario Martín,10,0.4829
98072,S. Šćepović,21174,E. Cavani,1,0.196
98072,S. Šćepović,266885,M. Olunga,2,0.2604
98072,S. Šćepović,4602,Oriol Riera,3,0.3109
98072,S. Šćepović,6292,K. Kodro,4,0.3175
98072,S. Šćepović,134175,Raúl de Tomás,5,0.3386
98072,S. Šćepović,105618,A. Kravets,6,0.362
98072,S. Šćepović,3988,David Barral,7,0.3838
98072,S. Šćepović,122859,Y. El-Arabi,8,0.3845
98072,S. Šćepović,3483,Álvaro Negredo,9,0.4223
98072,S. Šćepović,3424,Fernando Llorente,10,0.4246
101605,S. Doumbia,22202,S. Zaza,1,0.2084
101605,S. Doumbia,3450,R. Falcao,2,0.2606
101605,S. Doumbia,225946,A. Sanabria,3,0.357
101605,S. Doumbia,3875,Borja Bastón,4,0.3804
101605,S. Doumbia,814737,Samu Omorodion,5,0.3879
101605,S. Doumbia,395636,M. Gómez,6,0.4053
101605,S. Doumbia,3874,Kike García,7,0.4059
101605,S. Doumbia,20728,Jonathas,8,0.4194
101605,S. Doumbia,3483,Álvaro Negredo,9,0.4328
101605,S. Doumbia,6914,Álex Alegría,10,0.4572
101635,F. Caicedo,3327,Joselu,1,0.1709
101635,F. Caicedo,225946,A. Sanabria,2,0.1996
101635,F. Caicedo,4048,Sergi Enrich,3,0.2021
101635,F. Caicedo,395636,M. Gómez,4,0.2154
101635,F. Caicedo,6292,K. Kodro,5,0.2199
101635,F. Caicedo,4602,Oriol Riera,6,0.2499
101635,F. Caicedo,284322,E. Ponce,7,0.2568
101635,F. Caicedo,105616,B. Ideye,8,0.2714
101635,F. Caicedo,22202,S. Zaza,9,0.2861
101635,F. Caicedo,5481,Miguel Guerrero,10,0.2938
101649,N. Pareja,583159,L. Badé,1,0.0747
101649,N. Pareja,3588,Chechu Dorado,2,0.1033
101649,N. Pareja,844244,N. Mendy,3,0.2114
101649,N. Pareja,3644,Pedro Bigas,4,0.2168
101649,N. Pareja,3335,Marc Bartra,5,0.2316
101649,N. Pareja,134502,Aymeric Laporte,6,0.2402
101649,N. Pareja,275296,David Costas,7,0.2457
101649,N. Pareja,25537,G. Krychowiak,8,0.2612
101649,N. Pareja,230857,Yeray Álvarez,9,0.265
101649,N. Pareja,344198,E. Cömert,10,0.2697
101707,F. Smolov,135848,M. Livaja,1,0.0505
101707,F. Smolov,70327,N. Ghilas,2,0.2058
101707,F. Smolov,130196,Dyego Sousa,3,0.211
101707,F. Smolov,259946,A. Peñaranda,4,0.2194
101707,F. Smolov,373016,C. Hernández,5,0.2362
101707,F. Smolov,450785,Javi Puado,6,0.2697
101707,F. Smolov,585048,L. Beltrán,7,0.285
101707,F. Smolov,595008,Alejandro Cantero,8,0.2895
101707,F. Smolov,512982,Matheus Cunha,9,0.2915
101707,F. Smolov,452264,Marc Cardona,10,0.3196
101795,L. Traoré,105618,A. Kravets,1,0.0976
101795,L. Traoré,122859,Y. El-Arabi,2,0.1385
101795,L. Traoré,4048,Sergi Enrich,3,0.163
101795,L. Traoré,134175,Raúl de Tomás,4,0.1801
101795,L. Traoré,3483,Álvaro Negredo,5,0.1828
101795,L. Traoré,5481,Miguel Guerrero,6,0.1865
101795,L. Traoré,3804,Álvaro Vázquez,7,0.2092
101795,L. Traoré,275338,Borja Iglesias,8,0.2369
101795,L. Traoré,266885,M. Olunga,9,0.2633
101795,L. Traoré,405979,Abel Ruiz,10,0.2667
101847,M. Carcela-González,561186,Yéremy Pino,1,0.1036
101847,M. Carcela-González,225089,José Luis Morales,2,0.2124
101847,M. Carcela-González,86338,L. Ocampos,3,0.2298
101847,M. Carcela-González,3908,Lago Júnior,4,0.2563
101847,M. Carcela-González,769471,Joel Roca,5,0.2699
101847,M. Carcela-González,1016232,Jesús Rodríguez,6,0.3087
101847,M. Carcela-González,269137,T. Bongonda,7,0.3164
101847,M. Carcela-González,3603,Álvaro Vadillo,8,0.3459
101847,M. Carcela-González,560889,Nico Melamed,9,0.3461
101847,M. Carcela-González,511155,R. Vargas,10,0.366
101948,O. Vranješ,7072,Quini,1,0.8743
101948,O. Vranješ,86882,L. Orbán,2,1.0844
101948,O. Vranješ,252924,F. Angileri,3,1.1103
101948,O. Vranješ,4288,S. Dubarbier,4,1.1639
101948,O. Vranješ,4889,Tano Bonnín,5,1.1965
101948,O. Vranješ,395134,Juan Iglesias,6,1.2123
101948,O. Vranješ,170595,E. Insúa,7,1.2134
101948,O. Vranješ,7818,Carlos Akapo,8,1.218
101948,O. Vranješ,6513,Raúl Carnero,9,1.231
101948,O. Vranješ,542945,Óscar Gil,10,1.2423
105376,N. Kalinić,274435,E. Ünal,1,0.1435
105376,N. Kalinić,26167,C. Beauvue,2,0.1827
105376,N. Kalinić,279571,Jon Bautista,3,0.1879
105376,N. Kalinić,364845,Rafa Mir,4,0.1886
105376,N. Kalinić,611298,Raul García,5,0.1891
105376,N. Kalinić,6914,Álex Alegría,6,0.2031
105376,N. Kalinić,3651,Abdón Prats,7,0.2075
105376,N. Kalinić,5268,Sergio León,8,0.2192
105376,N. Kalinić,20733,F. Piovaccari,9,0.2334
105376,N. Kalinić,288865,O. McBurnie,10,0.2338
105378,Y. Konoplyanka,261127,A. Januzaj,1,0.2267
105378,Y. Konoplyanka,661732,Savinho,2,0.2788
105378,Y. Konoplyanka,374800,M. Vargas,3,0.3725
105378,Y. Konoplyanka,215983,S. Boufal,4,0.4119
105378,Y. Konoplyanka,496400,C. Ejuke,5,0.4322
105378,Y. Konoplyanka,237034,Gonçalo Guedes,6,0.4608
105378,Y. Konoplyanka,1182657,Y. Diomande,7,0.4746
105378,Y. Konoplyanka,134769,Y. Carrasco,8,0.482
105378,Y. Konoplyanka,403260,S. Chukwueze,9,0.4843
105378,Y. Konoplyanka,240567,O. Idrissi,10,0.5447
105541,Lucas Pérez,258907,R. Assalé,1,0.0817
105541,Lucas Pérez,227756,J. Boga,2,0.1916
105541,Lucas Pérez,397303,Ferrán Torres,3,0.2309
105541,Lucas Pérez,70129,Rodrigo,4,0.2368
105541,Lucas Pérez,551596,Lázaro,5,0.3526
105541,Lucas Pérez,550459,J. Álvarez,6,0.3756
105541,Lucas Pérez,545942,Oihan Sancet,7,0.4299
105541,Lucas Pérez,471753,João Félix,8,0.4531
105541,Lucas Pérez,5400,Gerard Moreno,9,0.4644
105541,Lucas Pérez,86307,L. Vietto,10,0.4905
105616,B. Ideye,284322,E. Ponce,1,0.1482
105616,B. Ideye,395636,M. Gómez,2,0.2664
105616,B. Ideye,3327,Joselu,3,0.2685
105616,B. Ideye,101635,F. Caicedo,4,0.2714
105616,B. Ideye,3656,Álvaro Giménez,5,0.3131
105616,B. Ideye,26167,C. Beauvue,6,0.3174
105616,B. Ideye,574907,E. Touré,7,0.3228
105616,B. Ideye,251447,V. Muriqi,8,0.3235
105616,B. Ideye,6914,Álex Alegría,9,0.3455
105616,B. Ideye,38436,C. Santos,10,0.3518
105618,A. Kravets,101795,L. Traoré,1,0.0976
105618,A. Kravets,134175,Raúl de Tomás,2,0.1014
105618,A. Kravets,122859,Y. El-Arabi,3,0.1063
105618,A. Kravets,266885,M. Olunga,4,0.1799
105618,A. Kravets,3483,Álvaro Negredo,5,0.1878
105618,A. Kravets,4048,Sergi Enrich,6,0.1943
105618,A. Kravets,5481,Miguel Guerrero,7,0.2176
105618,A. Kravets,405979,Abel Ruiz,8,0.2426
105618,A. Kravets,3804,Álvaro Vázquez,9,0.286
105618,A. Kravets,3988,David Barral,10,0.2871
109110,V. Haroyan,333565,S. Chakla,1,0.2377
109110,V. Haroyan,167131,Fran Vélez,2,0.3021
109110,V. Haroyan,5677,Bruno González,3,0.4535
109110,V. Haroyan,86716,M. Dos Santos,4,0.502
109110,V. Haroyan,134163,Rodri Tarín,5,0.5334
109110,V. Haroyan,116405,E. Velázquez,6,0.571
109110,V. Haroyan,364870,Adrián Diéguez,7,0.5929
109110,V. Haroyan,6386,Jon Ander Garrido,8,0.5963
109110,V. Haroyan,224080,G. Maripán,9,0.6151
109110,V. Haroyan,213124,Chema Rodríguez,10,0.6323
112366,M. Layún,4892,José Gayá,1,0.0842
112366,M. Layún,70315,Diogo Figueiras,2,0.1442
112366,M. Layún,402854,G. Montiel,3,0.1807
112366,M. Layún,477082,Emerson Royal,4,0.1972
112366,M. Layún,89712,F. Gutiérrez,5,0.2219
112366,M. Layún,71997,Hélder Lopes,6,0.2227
112366,M. Layún,339885,Son,7,0.2377
112366,M. Layún,279560,Andoni Gorosabel,8,0.2455
112366,M. Layún,14852,Sergio Escudero,9,0.2661
112366,M. Layún,401550,Miguel Crespo,10,0.2671
112370,D. Reyes,213714,E. Burgos,1,0.149
112370,D. Reyes,3556,M. Demichelis,2,0.1551
112370,D. Reyes,6338,David García,3,0.1569
112370,D. Reyes,20612,S. Mustafi,4,0.1585
112370,D. Reyes,3412,Gurpegi,5,0.1884
112370,D. Reyes,7302,Raúl Albentosa,6,0.194
112370,D. Reyes,3526,M. Musacchio,7,0.1983
112370,D. Reyes,4918,Deivid,8,0.2073
112370,D. Reyes,136164,E. Filipenko,9,0.2185
112370,D. Reyes,557942,M. Salisu,10,0.2296
112459,H. Herrera,285590,S. Amrabat,1,0.0933
112459,H. Herrera,4487,Sergio Marcos,2,0.3802
112459,H. Herrera,746346,Hugo Sotelo,3,0.3963
112459,H. Herrera,89550,M. Díaz,4,0.4422
112459,H. Herrera,3676,Asier Illarramendi,5,0.4519
112459,H. Herrera,282448,Aleix García,6,0.457
112459,H. Herrera,808262,M. Perrone,7,0.4739
112459,H. Herrera,3336,Adriano,8,0.4816
112459,H. Herrera,3301,Arbeloa,9,0.491
112459,H. Herrera,3443,Koke,10,0.5172
112522,J. Corona,241945,P. Sisto,1,0.2623
112522,J. Corona,134177,José Pozo,2,0.298
112522,J. Corona,4015,Pablo Sarabia,3,0.3179
112522,J. Corona,240567,O. Idrissi,4,0.3321
112522,J. Corona,1751,O. Tannane,5,0.3579
112522,J. Corona,4879,Carles Gil,6,0.3765
112522,J. Corona,694195,Rodri Sánchez,7,0.378
112522,J. Corona,343925,D. Verde,8,0.3814
112522,J. Corona,3843,F. Orellana,9,0.3874
112522,J. Corona,234527,A. Halilović,10,0.4048
112545,N. Araújo,25391,T. Kolodziejczak,1,0.1598
112545,N. Araújo,70112,E. Garay,2,0.1727
112545,N. Araújo,3523,F. Lejeune,3,0.1794
112545,N. Araújo,288081,S. McKenna,4,0.1863
112545,N. Araújo,545569,Saúl Coco,5,0.191
112545,N. Araújo,4065,J. Murillo,6,0.1951
112545,N. Araújo,3338,Sergi Gómez,7,0.2015
112545,N. Araújo,282439,Lluis López,8,0.2067
112545,N. Araújo,20393,D. Bonera,9,0.2071
112545,N. Araújo,549129,Aitor Paredes,10,0.2114
112556,J. Aquino,3987,Ó. Trejo,1,0.1194
112556,J. Aquino,544862,Germán Valera,2,0.1195
112556,J. Aquino,3645,Chory Castro,3,0.2303
112556,J. Aquino,4034,Fidel,4,0.2639
112556,J. Aquino,788852,Hugo Álvarez,5,0.2697
112556,J. Aquino,544859,Álex Baena,6,0.2931
112556,J. Aquino,624615,Carlos Álvarez,7,0.3089
112556,J. Aquino,708179,Y. Asprilla,8,0.3338
112556,J. Aquino,253,Q. Promes,9,0.3657
112556,J. Aquino,495674,Samuel Lino,10,0.3697
112596,J. Martínez,7941,Chicharito,1,0.1664
112596,J. Martínez,14943,M. Mandžukić,2,0.2138
112596,J. Martínez,25577,L. Rémy,3,0.2168
112596,J. Martínez,4017,Miku,4,0.3292
112596,J. Martínez,40770,Willian José,5,0.346
112596,J. Martínez,25795,W. Ben Yedder,6,0.3479
112596,J. Martínez,3548,G. Rossi,7,0.4233
112596,J. Martínez,3291,Paco Alcácer,8,0.4437
112596,J. Martínez,14817,R. Lewandowski,9,0.4779
112596,J. Martínez,25867,P. Aubameyang,10,0.5129
114055,Ó. Romero,70121,N. Gaitán,1,0.0646
114055,Ó. Romero,583880,A. Ounahi,2,0.2388
114055,Ó. Romero,11063,Suso,3,0.3514
114055,Ó. Romero,25461,R. Boudebouz,4,0.3722
114055,Ó. Romero,4498,Lucas Vázquez,5,0.4173
114055,Ó. Romero,529349,Antony,6,0.5004
114055,Ó. Romero,8323,Denis Suárez,7,0.5204
114055,Ó. Romero,3285,Pablo Hernández,8,0.5591
114055,Ó. Romero,26515,F. Kadir,9,0.5679
114055,Ó. Romero,208942,Óliver Torres,10,0.5977
114709,L. Advíncula,344118,Jaime Seoane,1,0.144
114709,L. Advíncula,545944,Oier Zarraga,2,0.1493
114709,L. Advíncula,247212,Rafa Navarro,3,0.2149
114709,L. Advíncula,336371,Guilherme Arana,4,0.2158
114709,L. Advíncula,552232,Jon Ander Olasagasti,5,0.2821
114709,L. Advíncula,341751,Marc Navarro,6,0.3042
114709,L. Advíncula,237269,S. Lukić,7,0.3054
114709,L. Advíncula,3380,Juan Domínguez,8,0.3165
114709,L. Advíncula,747916,Javi Guerra,9,0.3371
114709,L. Advíncula,377083,Sergio Akieme,10,0.3371
116170,S. Cristóforo,3460,Coke,1,0.2085
116170,S. Cristóforo,3529,Mario Gaspar,2,0.2315
116170,S. Cristóforo,20936,J. Vargas,3,0.2397
116170,S. Cristóforo,399652,Florentino,4,0.2513
116170,S. Cristóforo,334175,Óscar Valentín,5,0.2589
116170,S. Cristóforo,4371,Dani Castellano,6,0.2852
116170,S. Cristóforo,405976,Pol Lozano,7,0.2884
116170,S. Cristóforo,3826,Roberto Lago,8,0.3077
116170,S. Cristóforo,612174,Víctor Parada,9,0.3241
116170,S. Cristóforo,473371,Antonio Blanco,10,0.3322
116259,G. Silva,518905,José Copete,1,0.203
116259,G. Silva,258591,O. Alderete,2,0.2608
116259,G. Silva,508440,B. Méndez,3,0.2821
116259,G. Silva,769463,Yarek Gasiorowski,4,0.2985
116259,G. Silva,3918,Juanfran,5,0.309
116259,G. Silva,724440,David Torres,6,0.3332
116259,G. Silva,92910,L. Fejsa,7,0.3666
116259,G. Silva,86183,F. Roncaglia,8,0.377
116259,G. Silva,279545,L. Hernández,9,0.3864
116259,G. Silva,85113,A. Toșca,10,0.4214
116283,D. Rolán,4880,Rober Ibáñez,1,0.0933
116283,D. Rolán,595598,Peque Fernández,2,0.0975
116283,D. Rolán,4683,A. Szymanowski,3,0.1276
116283,D. Rolán,3629,Viguera,4,0.1931
116283,D. Rolán,3934,N. El Zhar,5,0.2282
116283,D. Rolán,652912,W. Swedberg,6,0.2989
116283,D. Rolán,88642,E. Ávila,7,0.3094
116283,D. Rolán,91268,F. Hinestroza,8,0.3322
116283,D. Rolán,771062,Chuki,9,0.3349
116283,D. Rolán,5911,Sandro Ramírez,10,0.3413
116299,L. Olaza,4452,Yuri Berchiche,1,0.1311
116299,L. Olaza,339801,Álvaro Lemos,2,0.1451
116299,L. Olaza,70136,S. Arias,3,0.1855
116299,L. Olaza,401550,Miguel Crespo,4,0.1999
116299,L. Olaza,71997,Hélder Lopes,5,0.208
116299,L. Olaza,3534,Jaume Costa,6,0.2166
116299,L. Olaza,402854,G. Montiel,7,0.2194
116299,L. Olaza,28529,Y. Sabaly,8,0.2245
116299,L. Olaza,3351,Kiko Femenía,9,0.2292
116299,L. Olaza,4936,David Simón,10,0.2326
116319,M. Santos,546863,W. Cheddira,1,0.273
116319,M. Santos,334817,L. Boyé,2,0.2811
116319,M. Santos,278015,J. Rodríguez,3,0.3553
116319,M. Santos,788748,Álvaro Rodríguez,4,0.3577
116319,M. Santos,5147,A. Lozano,5,0.3634
116319,M. Santos,536058,Fábio Silva,6,0.3804
116319,M. Santos,350992,U. Sadiq,7,0.3808
116319,M. Santos,655656,Isaac Romero,8,0.3893
116319,M. Santos,94764,Y. Muto,9,0.4093
116319,M. Santos,7629,Jaime Mata,10,0.4144
116405,E. Velázquez,4003,Miguel Torres,1,0.3587
116405,E. Velázquez,364870,Adrián Diéguez,2,0.4453
116405,E. Velázquez,333565,S. Chakla,3,0.4656
116405,E. Velázquez,3403,Borja Ekiza,4,0.4916
116405,E. Velázquez,3400,F. Amorebieta,5,0.4966
116405,E. Velázquez,769463,Yarek Gasiorowski,6,0.521
116405,E. Velázquez,250805,Djené,7,0.5347
116405,E. Velázquez,85113,A. Toșca,8,0.5453
116405,E. Velázquez,6317,Unai García,9,0.5634
116405,E. Velázquez,109110,V. Haroyan,10,0.571
116898,D. Machís,596822,Luiz Henrique,1,0.0546
116898,D. Machís,339791,Álex Berenguer,2,0.2059
116898,D. Machís,393881,H. Toledo,3,0.2161
116898,D. Machís,559718,Gonzalo Plata,4,0.2412
116898,D. Machís,584938,Fran Pérez,5,0.2878
116898,D. Machís,275419,Luis Rioja,6,0.3004
116898,D. Machís,3293,P. Piatti,7,0.3295
116898,D. Machís,403706,A. Mallé,8,0.3392
116898,D. Machís,693943,A. Rebbach,9,0.348
116898,D. Machís,450776,Jorge de Frutos,10,0.3638
122859,Y. El-Arabi,105618,A. Kravets,1,0.1063
122859,Y. El-Arabi,3483,Álvaro Negredo,2,0.1339
122859,Y. El-Arabi,101795,L. Traoré,3,0.1385
122859,Y. El-Arabi,266885,M. Olunga,4,0.149
122859,Y. El-Arabi,134175,Raúl de Tomás,5,0.1551
122859,Y. El-Arabi,4048,Sergi Enrich,6,0.2338
122859,Y. El-Arabi,3424,Fernando Llorente,7,0.2934
122859,Y. El-Arabi,5481,Miguel Guerrero,8,0.3044
122859,Y. El-Arabi,405979,Abel Ruiz,9,0.3337
122859,Y. El-Arabi,275338,Borja Iglesias,10,0.3406
125250,Ó. Duarte,227894,J. Giménez,1,0.1292
125250,Ó. Duarte,14687,S. Papastathopoulos,2,0.1378
125250,Ó. Duarte,3526,M. Musacchio,3,0.1635
125250,Ó. Duarte,3276,A. Rami,4,0.1784
125250,Ó. Duarte,258625,L. Abram,5,0.1814
125250,Ó. Duarte,40542,Felipe,6,0.1906
125250,Ó. Duarte,292654,M. Diakhaby,7,0.2195
125250,Ó. Duarte,86328,G. Pezzella,8,0.2245
125250,Ó. Duarte,237262,S. Babić,9,0.2274
125250,Ó. Duarte,3692,B. Espinosa,10,0.2293
127591,A. Pantić,224080,G. Maripán,1,0.096
127591,A. Pantić,20808,E. Muñoz,2,0.1595
127591,A. Pantić,213124,Chema Rodríguez,3,0.1998
127591,A. Pantić,40574,Dória,4,0.2367
127591,A. Pantić,5677,Bruno González,5,0.2471
127591,A. Pantić,128230,N. Vujadinović,6,0.2646
127591,A. Pantić,86716,M. Dos Santos,7,0.2778
127591,A. Pantić,3468,J. Cala,8,0.2905
127591,A. Pantić,6950,Pablo Ínsua,9,0.2973
127591,A. Pantić,3431,Miranda,10,0.3259
127598,G. Čaušić,212644,G. Escalante,1,0.1535
127598,G. Čaušić,373713,Christian Rivera,2,0.2089
127598,G. Čaušić,3704,Pape Diop,3,0.234
127598,G. Čaušić,3650,Tomás Pina,4,0.2515
127598,G. Čaušić,134702,L. Dendoncker,5,0.2677
127598,G. Čaušić,400691,N. Petrović,6,0.2968
127598,G. Čaušić,598620,Johnny Cardoso,7,0.3145
127598,G. Čaušić,435472,U. Račić,8,0.3602
127598,G. Čaušić,471583,I. Baba,9,0.3835
127598,G. Čaušić,55990,T. Delaney,10,0.3839
127609,F. Malbašić,344140,A. Ndiaye,1,0.1138
127609,F. Malbašić,405977,Jordi Mboula,2,0.1874
127609,F. Malbašić,601297,Peter González,3,0.2322
127609,F. Malbašić,344051,Álex Blanco,4,0.3582
127609,F. Malbašić,6525,Edgar Méndez,5,0.3751
127609,F. Malbašić,826049,Adrián Liso,6,0.505
127609,F. Malbašić,818689,Assane Diao,7,0.5116
127609,F. Malbašić,134249,Rubén Sobrino,8,0.5207
127609,F. Malbašić,601883,F. Pellistri,9,0.5308
127609,F. Malbašić,346071,O. Burke,10,0.5355
127719,A. Katai,346551,I. Hagi,1,0.1304
127719,A. Katai,3603,Álvaro Vadillo,2,0.1641
127719,A. Katai,4014,Pedro León,3,0.21560000000000001
127719,A. Katai,230955,Stoichkov,4,0.2361
127719,A. Katai,722567,G. Simeone,5,0.2385
127719,A. Katai,344053,Carles Pérez,6,0.2548
127719,A. Katai,397109,Jota,7,0.2702
127719,A. Katai,251565,Álvaro García,8,0.2908
127719,A. Katai,602620,T. Buchanan,9,0.2922
127719,A. Katai,561186,Yéremy Pino,10,0.3133
127928,D. Brašanac,626229,Mario Martín,1,0.1732
127928,D. Brašanac,4515,Óscar Plano,2,0.3339
127928,D. Brašanac,713064,Pablo Marín,3,0.3598
127928,D. Brašanac,694062,Pablo Ibáñez,4,0.368
127928,D. Brašanac,94828,G. Shibasaki,5,0.3689
127928,D. Brašanac,230895,Pere Pons,6,0.4072
127928,D. Brašanac,551419,Alberto Soro,7,0.4279
127928,D. Brašanac,265807,José Naranjo,8,0.4511
127928,D. Brašanac,255254,Danilo Barbosa,9,0.4938
127928,D. Brašanac,425893,L. Ilić,10,0.5205
128171,S. Mitrović,5653,M. Mantovani,1,0.1332
128171,S. Mitrović,222464,M. Mauro,2,0.1552
128171,S. Mitrović,494337,N. Pérez,3,0.2964
128171,S. Mitrović,128230,N. Vujadinović,4,0.3019
128171,S. Mitrović,3493,Miguel Flaño,5,0.3162
128171,S. Mitrović,504689,F. Garcés,6,0.336
128171,S. Mitrović,263147,M. Miazga,7,0.4009
128171,S. Mitrović,247169,Diego González,8,0.4158
128171,S. Mitrović,344444,D. Hadžikadunić,9,0.4407
128171,S. Mitrović,86298,E. Saveljich,10,0.4592
128230,N. Vujadinović,3493,Miguel Flaño,1,0.103
128230,N. Vujadinović,6950,Pablo Ínsua,2,0.2627
128230,N. Vujadinović,3468,J. Cala,3,0.2642
128230,N. Vujadinović,127591,A. Pantić,4,0.2646
128230,N. Vujadinović,40574,Dória,5,0.2647
128230,N. Vujadinović,20808,E. Muñoz,6,0.2738
128230,N. Vujadinović,128171,S. Mitrović,7,0.3019
128230,N. Vujadinović,213124,Chema Rodríguez,8,0.3031
128230,N. Vujadinović,494337,N. Pérez,9,0.3146
128230,N. Vujadinović,5653,M. Mantovani,10,0.3154
128742,N. Vukčević,208945,César de la Hoz,1,0.1647
128742,N. Vukčević,4248,Alberto Martín,2,0.2405
128742,N. Vukčević,20685,R. Krhin,3,0.247
128742,N. Vukčević,3933,Xavi Torres,4,0.2472
128742,N. Vukčević,3704,Pape Diop,5,0.2651
128742,N. Vukčević,535845,E. Boyomo,6,0.274
128742,N. Vukčević,3650,Tomás Pina,7,0.2817
128742,N. Vukčević,25568,S. M'Bia,8,0.2843
128742,N. Vukčević,88969,D. Musto,9,0.2888
128742,N. Vukčević,28232,I. Amadou,10,0.298
130196,Dyego Sousa,373016,C. Hernández,1,0.1414
130196,Dyego Sousa,101707,F. Smolov,2,0.211
130196,Dyego Sousa,135848,M. Livaja,3,0.2356
130196,Dyego Sousa,452264,Marc Cardona,4,0.2493
130196,Dyego Sousa,450785,Javi Puado,5,0.284
130196,Dyego Sousa,585048,L. Beltrán,6,0.2864
130196,Dyego Sousa,569212,Ferrán Jutglà,7,0.3128
130196,Dyego Sousa,259946,A. Peñaranda,8,0.3163
130196,Dyego Sousa,70327,N. Ghilas,9,0.3876
130196,Dyego Sousa,290215,Dani Ndi,10,0.3916
134163,Rodri Tarín,40574,Dória,1,0.1776
134163,Rodri Tarín,86716,M. Dos Santos,2,0.234
134163,Rodri Tarín,213124,Chema Rodríguez,3,0.2416
134163,Rodri Tarín,20808,E. Muñoz,4,0.2559
134163,Rodri Tarín,5677,Bruno González,5,0.2635
134163,Rodri Tarín,3468,J. Cala,6,0.295
134163,Rodri Tarín,6950,Pablo Ínsua,7,0.3208
134163,Rodri Tarín,224080,G. Maripán,8,0.3723
134163,Rodri Tarín,128230,N. Vujadinović,9,0.3745
134163,Rodri Tarín,333565,S. Chakla,10,0.3809
134170,José Rodríguez,424624,P. Etebo,1,0.153
134170,José Rodríguez,364850,Junior Firpo,2,0.1615
134170,José Rodríguez,26652,D. Wass,3,0.2138
134170,José Rodríguez,3537,Cani,4,0.248
134170,José Rodríguez,447358,C. Gallagher,5,0.2726
134170,José Rodríguez,3317,Esteban Granero,6,0.2757
134170,José Rodríguez,566942,E. Loiodice,7,0.2802
134170,José Rodríguez,3803,Sergi Darder,8,0.2979
134170,José Rodríguez,339789,Mikel Merino,9,0.3051
134170,José Rodríguez,599560,Alberto Reina,10,0.3094
134174,Samu Castillejo,561189,Robert Navarro,1,0.1128
134174,Samu Castillejo,220656,Wanderson,2,0.1676
134174,Samu Castillejo,3394,Bruno Gama,3,0.2087
134174,Samu Castillejo,4344,Alberto Perea,4,0.2253
134174,Samu Castillejo,337070,Toni Villa,5,0.2295
134174,Samu Castillejo,411422,B. Ocampo,6,0.2619
134174,Samu Castillejo,265376,M. Simon,7,0.2838
134174,Samu Castillejo,596052,Ander Barrenetxea,8,0.2926
134174,Samu Castillejo,5195,Omar Ramos,9,0.3083
134174,Samu Castillejo,339790,Kike Barja,10,0.3238
134175,Raúl de Tomás,105618,A. Kravets,1,0.1014
134175,Raúl de Tomás,122859,Y. El-Arabi,2,0.1551
134175,Raúl de Tomás,266885,M. Olunga,3,0.1589
134175,Raúl de Tomás,101795,L. Traoré,4,0.1801
134175,Raúl de Tomás,3988,David Barral,5,0.2043
134175,Raúl de Tomás,405979,Abel Ruiz,6,0.205
134175,Raúl de Tomás,3483,Álvaro Negredo,7,0.2716
134175,Raúl de Tomás,5481,Miguel Guerrero,8,0.2861
134175,Raúl de Tomás,4048,Sergi Enrich,9,0.2933
134175,Raúl de Tomás,37831,C. Bacca,10,0.315
134177,José Pozo,694195,Rodri Sánchez,1,0.0884
134177,José Pozo,693939,Pablo Torre,2,0.2565
134177,José Pozo,112522,J. Corona,3,0.298
134177,José Pozo,28922,T. Lemar,4,0.3089
134177,José Pozo,4791,J. González,5,0.3698
134177,José Pozo,241945,P. Sisto,6,0.3915
134177,José Pozo,25461,R. Boudebouz,7,0.4189
134177,José Pozo,234527,A. Halilović,8,0.4321
134177,José Pozo,3358,Cristian Tello,9,0.4388
134177,José Pozo,70125,Nolito,10,0.4479
134249,Rubén Sobrino,346071,O. Burke,1,0.1728
134249,Rubén Sobrino,405977,Jordi Mboula,2,0.3627
134249,Rubén Sobrino,6106,Antonio Puertas,3,0.407
134249,Rubén Sobrino,344051,Álex Blanco,4,0.4616
134249,Rubén Sobrino,254649,T. Asano,5,0.4698
134249,Rubén Sobrino,744761,Mateo Joseph,6,0.4771
134249,Rubén Sobrino,127609,F. Malbašić,7,0.5207
134249,Rubén Sobrino,826049,Adrián Liso,8,0.5592
134249,Rubén Sobrino,387803,Víctor Campuzano,9,0.5767
134249,Rubén Sobrino,778343,Pablo Durán,10,0.5856
134476,F. Barba,812973,V. Gómez,1,0.1831
134476,F. Barba,456053,J. Foyth,2,0.1853
134476,F. Barba,446062,K. Arriaga,3,0.2012
134476,F. Barba,139075,R. Tapia,4,0.2104
134476,F. Barba,14922,R. Rodríguez,5,0.2122
134476,F. Barba,537185,J. Araujo,6,0.23
134476,F. Barba,645035,Dário Essugo,7,0.2544
134476,F. Barba,167120,Fran Varela,8,0.2644
134476,F. Barba,366584,L. Pétrot,9,0.2781
134476,F. Barba,86198,J. Sánchez Miño,10,0.2971
134502,Aymeric Laporte,3335,Marc Bartra,1,0.0977
134502,Aymeric Laporte,814546,Carlos Domínguez,2,0.1164
134502,Aymeric Laporte,3644,Pedro Bigas,3,0.1404
134502,Aymeric Laporte,3671,Íñigo Martínez,4,0.1427
134502,Aymeric Laporte,3828,Raúl Navas,5,0.1511
134502,Aymeric Laporte,485083,David Carmo,6,0.1743
134502,Aymeric Laporte,3588,Chechu Dorado,7,0.2133
134502,Aymeric Laporte,101649,N. Pareja,8,0.2402
134502,Aymeric Laporte,583159,L. Badé,9,0.25
134502,Aymeric Laporte,567016,Jon Pacheco,10,0.2514
134503,C. Lenglet,446859,Peru Nolaskoain,1,0.1978
134503,C. Lenglet,4355,David García,2,0.204
134503,C. Lenglet,3374,Zé Castro,3,0.2365
134503,C. Lenglet,689107,Renato Veiga,4,0.2454
134503,C. Lenglet,364003,S. Bueno,5,0.2778
134503,C. Lenglet,567016,Jon Pacheco,6,0.293
134503,C. Lenglet,485083,David Carmo,7,0.3064
134503,C. Lenglet,3300,Raúl Albiol,8,0.3066
134503,C. Lenglet,3305,Pepe,9,0.3397
134503,C. Lenglet,4303,David López,10,0.3566
134513,A. Martial,545942,Oihan Sancet,1,0.1952
134513,A. Martial,207001,J. Correa,2,0.212
134513,A. Martial,536150,Sergio Arribas,3,0.2206
134513,A. Martial,3451,Adrián López,4,0.2415
134513,A. Martial,550459,J. Álvarez,5,0.2753
134513,A. Martial,3816,Sergio García,6,0.2808
134513,A. Martial,397303,Ferrán Torres,7,0.3555
134513,A. Martial,38094,I. Ezekiel,8,0.362
134513,A. Martial,20450,Bojan Krkić,9,0.3657
134513,A. Martial,4257,J. Zongo,10,0.3917
134702,L. Dendoncker,28232,I. Amadou,1,0.2639
134702,L. Dendoncker,3704,Pape Diop,2,0.2672
134702,L. Dendoncker,127598,G. Čaušić,3,0.2677
134702,L. Dendoncker,3801,Raúl Baena,4,0.272
134702,L. Dendoncker,32793,A. N'Diaye,5,0.3026
134702,L. Dendoncker,55990,T. Delaney,6,0.3572
134702,L. Dendoncker,691939,T. Nikitscher,7,0.3659
134702,L. Dendoncker,25568,S. M'Bia,8,0.4032
134702,L. Dendoncker,487752,Miguel Atienza,9,0.4045
134702,L. Dendoncker,212644,G. Escalante,10,0.41
134769,Y. Carrasco,496400,C. Ejuke,1,0.1446
134769,Y. Carrasco,343925,D. Verde,2,0.2169
134769,Y. Carrasco,403260,S. Chukwueze,3,0.23
134769,Y. Carrasco,1182657,Y. Diomande,4,0.2663
134769,Y. Carrasco,1751,O. Tannane,5,0.2759
134769,Y. Carrasco,3843,F. Orellana,6,0.3231
134769,Y. Carrasco,240567,O. Idrissi,7,0.3349
134769,Y. Carrasco,237034,Gonçalo Guedes,8,0.3378
134769,Y. Carrasco,374800,M. Vargas,9,0.3834
134769,Y. Carrasco,4015,Pablo Sarabia,10,0.3922
135103,A. Christensen,3306,Sergio Ramos,1,0.4823
135103,A. Christensen,773942,Pau Cubarsí,2,0.5249
135103,A. Christensen,3541,Bruno Soriano,3,0.5306
135103,A. Christensen,70120,Javi García,4,0.5443
135103,A. Christensen,470747,R. Araújo,5,0.5466
135103,A. Christensen,3341,Gerard Piqué,6,0.5844
135103,A. Christensen,477211,L. Krejčí,7,0.6164
135103,A. Christensen,25397,S. Umtiti,8,0.6455
135103,A. Christensen,8200,S. Nzonzi,9,0.6521
135103,A. Christensen,14724,D. Alaba,10,0.723
135561,F. Grillitsch,451235,Álvaro Aguado,1,0.0885
135561,F. Grillitsch,3384,A. Guardado,2,0.1971
135561,F. Grillitsch,776656,Pablo Barrios,3,0.2299
135561,F. Grillitsch,4365,Roque Mesa,4,0.26
135561,F. Grillitsch,552240,Álvaro Núñez,5,0.2913
135561,F. Grillitsch,230863,Unai López,6,0.2996
135561,F. Grillitsch,222770,Nélson Semedo,7,0.3056
135561,F. Grillitsch,402004,S. Colombatto,8,0.3065
135561,F. Grillitsch,3470,José Campaña,9,0.3262
135561,F. Grillitsch,247207,Joan Jordán,10,0.3441
135807,M. Pašalić,3705,Adrián González,1,0.1527
135807,M. Pašalić,275417,Gonzalo Melero,2,0.3674
135807,M. Pašalić,26065,J. Martin,3,0.4361
135807,M. Pašalić,282790,D. Sow,4,0.4638
135807,M. Pašalić,285109,F. Kessié,5,0.486
135807,M. Pašalić,3928,Iborra,6,0.5157
135807,M. Pašalić,51004,C. Borges,7,0.5512
135807,M. Pašalić,339794,Raúl Guti,8,0.5836
135807,M. Pašalić,247219,Víctor Camarasa,9,0.6155
135807,M. Pašalić,397033,B. Soumaré,10,0.7089
135848,M. Livaja,101707,F. Smolov,1,0.0505
135848,M. Livaja,259946,A. Peñaranda,2,0.1751
135848,M. Livaja,70327,N. Ghilas,3,0.2201
135848,M. Livaja,373016,C. Hernández,4,0.2303
135848,M. Livaja,130196,Dyego Sousa,5,0.2356
135848,M. Livaja,595008,Alejandro Cantero,6,0.2429
135848,M. Livaja,450785,Javi Puado,7,0.2782
135848,M. Livaja,585048,L. Beltrán,8,0.3016
135848,M. Livaja,512982,Matheus Cunha,9,0.3067
135848,M. Livaja,7623,Léo Baptistão,10,0.3153
135903,João Cancelo,50213,K. Yoda,1,0.2286
135903,João Cancelo,414193,N. Molina,2,0.2633
135903,João Cancelo,580127,Pep Chavarría,3,0.2922
135903,João Cancelo,25586,Mariano,4,0.3015
135903,João Cancelo,544210,Sergio Carreira,5,0.3408
135903,João Cancelo,6925,H. Hernández,6,0.3593
135903,João Cancelo,504303,A. Rațiu,7,0.3648
135903,João Cancelo,396475,A. Hakimi,8,0.3774
135903,João Cancelo,86517,P. De Blasis,9,0.4047
135903,João Cancelo,4256,Aleix Vidal,10,0.4132
135909,Rafa Soares,3919,Iván López,1,0.1259
135909,Rafa Soares,396513,Alex Pozo,2,0.1783
135909,Rafa Soares,5538,Nacho Martínez,3,0.1906
135909,Rafa Soares,254,R. Rosales,4,0.2256
135909,Rafa Soares,3790,Carlos Clerc,5,0.2435
135909,Rafa Soares,230862,Íñigo Lekue,6,0.2465
135909,Rafa Soares,7612,Jorge Miramón,7,0.2547
135909,Rafa Soares,550927,Sergi Cardona,8,0.2595
135909,Rafa Soares,423157,Thierry Correia,9,0.2615
135909,Rafa Soares,344014,L. Agbenyenu,10,0.2735
135919,Hélder Costa,537561,Carlos Vicente,1,0.4381
135919,Hélder Costa,434145,Álex Sola,2,0.4458
135919,Hélder Costa,713838,Álex Sancris,3,0.5314
135919,Hélder Costa,247220,Jason,4,0.6855
135919,Hélder Costa,278383,Álvaro Jiménez,5,0.6908
135919,Hélder Costa,275298,Adri Embarba,6,0.6968
135919,Hélder Costa,693943,A. Rebbach,7,0.7214
135919,Hélder Costa,344075,Iñigo Córdoba,8,0.7248
135919,Hélder Costa,722550,Antoniu Roca,9,0.7258
135919,Hélder Costa,601883,F. Pellistri,10,0.7498
135923,Gonçalo Paciência,512982,Matheus Cunha,1,0.2571
135923,Gonçalo Paciência,452264,Marc Cardona,2,0.3008
135923,Gonçalo Paciência,419225,Dani Gómez,3,0.3212
135923,Gonçalo Paciência,536640,Sergio Camello,4,0.3351
135923,Gonçalo Paciência,669602,N. Jackson,5,0.3497
135923,Gonçalo Paciência,7593,Quique González,6,0.3537
135923,Gonçalo Paciência,3294,Roberto Soldado,7,0.3787
135923,Gonçalo Paciência,4131,Ángel Rodríguez,8,0.3789
135923,Gonçalo Paciência,3937,Roger Martí,9,0.3923
135923,Gonçalo Paciência,70327,N. Ghilas,10,0.3964
135927,André Silva,4338,Diego Costa,1,0.0586
135927,André Silva,3605,Jorge Molina,2,0.1175
135927,André Silva,515713,B. Dia,3,0.2158
135927,André Silva,69610,D. Čop,4,0.2199
135927,André Silva,405979,Abel Ruiz,5,0.2273
135927,André Silva,344120,Borja Mayoral,6,0.2474
135927,André Silva,3804,Álvaro Vázquez,7,0.2511
135927,André Silva,25472,C. Bakambu,8,0.2546
135927,André Silva,15111,A. Ramos,9,0.3074
135927,André Silva,3294,Roberto Soldado,10,0.317
135938,I. Cavaleiro,511155,R. Vargas,1,0.0883
135938,I. Cavaleiro,26384,G. Kakuta,2,0.2424
135938,I. Cavaleiro,518746,Lee Kang-In,3,0.2448
135938,I. Cavaleiro,254408,Á. Correa,4,0.3157
135938,I. Cavaleiro,20441,E. Lamela,5,0.3244
135938,I. Cavaleiro,3603,Álvaro Vadillo,6,0.3343
135938,I. Cavaleiro,648423,Alberto Moleiro,7,0.3569
135938,I. Cavaleiro,226005,Burgui,8,0.3658
135938,I. Cavaleiro,86338,L. Ocampos,9,0.369
135938,I. Cavaleiro,225089,José Luis Morales,10,0.4083
136164,E. Filipenko,3943,Aridane Hernández,1,0.0351
136164,E. Filipenko,167149,Joaquín Fernández,2,0.0791
136164,E. Filipenko,7302,Raúl Albentosa,3,0.0886
136164,E. Filipenko,265833,N. Maraš,4,0.1183
136164,E. Filipenko,500200,Miguel Rubio,5,0.1189
136164,E. Filipenko,86328,G. Pezzella,6,0.1234
136164,E. Filipenko,557942,M. Salisu,7,0.1285
136164,E. Filipenko,3556,M. Demichelis,8,0.1349
136164,E. Filipenko,70085,E. Mangala,9,0.1362
136164,E. Filipenko,4358,Víctor Laguardia,10,0.1426
137298,Jonathan Silva,3735,Juankar,1,0.126
137298,Jonathan Silva,209012,Kévin Rodrigues,2,0.1524
137298,Jonathan Silva,501165,Lucas Pires,3,0.1938
137298,Jonathan Silva,4997,Antoñito,4,0.2107
137298,Jonathan Silva,367391,Toni Moya,5,0.2527
137298,Jonathan Silva,5318,Isma López,6,0.2556
137298,Jonathan Silva,41339,Alex Telles,7,0.2563
137298,Jonathan Silva,655335,Yusi,8,0.2609
137298,Jonathan Silva,561190,Javi López,9,0.2625
137298,Jonathan Silva,559200,Ricard Sánchez,10,0.2634
139075,R. Tapia,493898,Adrián de la Fuente,1,0.128
139075,R. Tapia,91064,D. Torres,2,0.1927
139075,R. Tapia,288108,Josema,3,0.2006
139075,R. Tapia,134476,F. Barba,4,0.2104
139075,R. Tapia,812973,V. Gómez,5,0.2573
139075,R. Tapia,25405,M. Gonalons,6,0.2679
139075,R. Tapia,456053,J. Foyth,7,0.2955
139075,R. Tapia,86183,F. Roncaglia,8,0.296
139075,R. Tapia,563961,José Fontán,9,0.3079
139075,R. Tapia,3505,R. Loé,10,0.313
140125,N. Radoja,518092,P. Ciss,1,0.1618
140125,N. Radoja,7864,F. Coquelin,2,0.1698
140125,N. Radoja,28292,A. Doucouré,3,0.1928
140125,N. Radoja,32978,O. Yokuşlu,4,0.203
140125,N. Radoja,3409,Mikel San José,5,0.2241
140125,N. Radoja,40614,Guilherme,6,0.2607
140125,N. Radoja,3510,David Timor,7,0.2991
140125,N. Radoja,473364,Hugo Guillamón,8,0.3032
140125,N. Radoja,413597,R. Kouamé,9,0.323
140125,N. Radoja,3446,Mario Suárez,10,0.3322
141176,V. Angban,364860,Rodri,1,0.2749
141176,V. Angban,410062,J. Koundé,2,0.3038
141176,V. Angban,29642,G. Peñalba,3,0.3043
141176,V. Angban,879052,Javi Rodríguez,4,0.3322
141176,V. Angban,40756,Casemiro,5,0.3364
141176,V. Angban,230970,M. Fatau,6,0.338
141176,V. Angban,624854,Manu Fernández,7,0.3426
141176,V. Angban,333571,L. Torreira,8,0.3442
141176,V. Angban,634204,E. Barrenechea,9,0.3627
141176,V. Angban,4361,Javi Castellano,10,0.3811
142755,B. Traoré,879047,Fer López,1,0.1284
142755,B. Traoré,5875,Álex Gallar,2,0.1301
142755,B. Traoré,234527,A. Halilović,3,0.1345
142755,B. Traoré,3284,S. Feghouli,4,0.1855
142755,B. Traoré,241945,P. Sisto,5,0.1919
142755,B. Traoré,7926,Nani,6,0.2888
142755,B. Traoré,3358,Cristian Tello,7,0.312
142755,B. Traoré,3843,F. Orellana,8,0.3147
142755,B. Traoré,3484,Luis Alberto,9,0.3562
142755,B. Traoré,70125,Nolito,10,0.3796
144628,Wu Lei,554406,R. Nteka,1,0.0695
144628,Wu Lei,490863,Alemão,2,0.1573
144628,Wu Lei,278324,Carlos Fernández,3,0.1695
144628,Wu Lei,48354,Thiago Galhardo,4,0.2009
144628,Wu Lei,7629,Jaime Mata,5,0.2451
144628,Wu Lei,287219,M. Uzuni,6,0.2487
144628,Wu Lei,86737,F. Ferreyra,7,0.2644
144628,Wu Lei,94764,Y. Muto,8,0.3113
144628,Wu Lei,788748,Álvaro Rodríguez,9,0.3199
144628,Wu Lei,565630,F. Viñas,10,0.3301
146302,Luciano,15111,A. Ramos,1,0.3268
146302,Luciano,86200,S. Araújo,2,0.3481
146302,Luciano,3988,David Barral,3,0.3799
146302,Luciano,388976,T. Kadewere,4,0.3947
146302,Luciano,344120,Borja Mayoral,5,0.4011
146302,Luciano,86800,D. Benedetto,6,0.411
146302,Luciano,69610,D. Čop,7,0.4272
146302,Luciano,151,J. Guidetti,8,0.4359
146302,Luciano,4102,Mikel Arruabarrena,9,0.4675
146302,Luciano,405979,Abel Ruiz,10,0.4772
149389,J. Toljan,603778,Abel Bretones,1,0.1157
149389,J. Toljan,485271,Lucas Rosa,2,0.1793
149389,J. Toljan,436688,Viti Rozada,3,0.2499
149389,J. Toljan,585538,R. Alhassane,4,0.2683
149389,J. Toljan,472519,Mateu Morey,5,0.2716
149389,J. Toljan,278867,S. Janko,6,0.2722
149389,J. Toljan,263105,Pablo Maffeo,7,0.2796
149389,J. Toljan,69409,Š. Vrsaljko,8,0.2811
149389,J. Toljan,711011,Marc Pubill,9,0.287
149389,J. Toljan,585816,Manu Sánchez,10,0.2897
167118,Erik Morán,25553,César Azpilicueta,1,0.1256
167118,Erik Morán,477352,Ander Guevara,2,0.1491
167118,Erik Morán,86234,E. Pérez,3,0.1602
167118,Erik Morán,4511,Pedro Mosquera,4,0.176
167118,Erik Morán,712871,Jon Gorrotxategi,5,0.1899
167118,Erik Morán,286030,K. Bare,6,0.2005
167118,Erik Morán,3414,Ander Iturraspe,7,0.2013
167118,Erik Morán,20722,F. Rossi,8,0.2391
167118,Erik Morán,545943,Unai Vencedor,9,0.244
167118,Erik Morán,352787,Pepelu,10,0.2526
167119,Sabin Merino,20766,H. Seferović,1,0.137
167119,Sabin Merino,565630,F. Viñas,2,0.2537
167119,Sabin Merino,585048,L. Beltrán,3,0.3021
167119,Sabin Merino,3503,R.García Escudero,4,0.3178
167119,Sabin Merino,450785,Javi Puado,5,0.3333
167119,Sabin Merino,101707,F. Smolov,6,0.3451
167119,Sabin Merino,70327,N. Ghilas,7,0.3533
167119,Sabin Merino,7593,Quique González,8,0.3709
167119,Sabin Merino,135848,M. Livaja,9,0.3816
167119,Sabin Merino,855222,Unai Gómez,10,0.3946
167120,Fran Varela,446062,K. Arriaga,1,0.0703
167120,Fran Varela,86198,J. Sánchez Miño,2,0.1456
167120,Fran Varela,3270,Barragán,3,0.1894
167120,Fran Varela,537185,J. Araujo,4,0.1942
167120,Fran Varela,14922,R. Rodríguez,5,0.2286
167120,Fran Varela,593442,Beñat Prados,6,0.2616
167120,Fran Varela,134476,F. Barba,7,0.2644
167120,Fran Varela,42183,Petros,8,0.2788
167120,Fran Varela,443324,Douglas Luiz,9,0.3078
167120,Fran Varela,663974,Á. Algobia,10,0.3244
167131,Fran Vélez,333565,S. Chakla,1,0.2962
167131,Fran Vélez,109110,V. Haroyan,2,0.3021
167131,Fran Vélez,6386,Jon Ander Garrido,3,0.3033
167131,Fran Vélez,20406,M. Flamini,4,0.4466
167131,Fran Vélez,56408,J. Jønsson,5,0.482
167131,Fran Vélez,134163,Rodri Tarín,6,0.4929
167131,Fran Vélez,553381,G. Álvarez,7,0.5016
167131,Fran Vélez,5677,Bruno González,8,0.5533
167131,Fran Vélez,4268,Juan Rafael Fuentes,9,0.5695
167131,Fran Vélez,86716,M. Dos Santos,10,0.5925
167145,Héctor Bellerín,3598,Álex Martínez,1,0.0766
167145,Héctor Bellerín,21793,C. Piccini,2,0.116
167145,Héctor Bellerín,3447,Juanfran,3,0.1223
167145,Héctor Bellerín,279560,Andoni Gorosabel,4,0.1294
167145,Héctor Bellerín,89712,F. Gutiérrez,5,0.1527
167145,Héctor Bellerín,473327,Juan Miranda,6,0.1535
167145,Héctor Bellerín,481322,A. Candela,7,0.1802
167145,Héctor Bellerín,326525,Lucas Ahijado,8,0.2028
167145,Héctor Bellerín,367391,Toni Moya,9,0.2152
167145,Héctor Bellerín,655335,Yusi,10,0.2245
167149,Joaquín Fernández,3943,Aridane Hernández,1,0.0674
167149,Joaquín Fernández,500200,Miguel Rubio,2,0.0751
167149,Joaquín Fernández,136164,E. Filipenko,3,0.0791
167149,Joaquín Fernández,4232,Alcalá,4,0.1379
167149,Joaquín Fernández,4358,Víctor Laguardia,5,0.1491
167149,Joaquín Fernández,86328,G. Pezzella,6,0.1509
167149,Joaquín Fernández,70085,E. Mangala,7,0.1541
167149,Joaquín Fernández,265833,N. Maraš,8,0.1556
167149,Joaquín Fernández,4113,Xabier Etxeita,9,0.1558
167149,Joaquín Fernández,331583,Dani Calvo,10,0.164
167641,S. Lobotka,3677,Rubén Pardo,1,0.2739
167641,S. Lobotka,276979,F. Mendy,2,0.3018
167641,S. Lobotka,217031,T. Partey,3,0.3085
167641,S. Lobotka,247207,Joan Jordán,4,0.3262
167641,S. Lobotka,3384,A. Guardado,5,0.3606
167641,S. Lobotka,4243,Verza,6,0.3653
167641,S. Lobotka,5289,Fran Rico,7,0.3819
167641,S. Lobotka,706732,Sergi Altimira,8,0.3908
167641,S. Lobotka,5907,Sergi Samper,9,0.4153
167641,S. Lobotka,475041,A. Sambi Lokonga,10,0.4176
169000,Pablo Pérez,265807,José Naranjo,1,0.1947
169000,Pablo Pérez,546242,Roger Brugué,2,0.2893
169000,Pablo Pérez,7693,Pere Milla,3,0.3218
169000,Pablo Pérez,855222,Unai Gómez,4,0.3335
169000,Pablo Pérez,551419,Alberto Soro,5,0.5114
169000,Pablo Pérez,3503,R.García Escudero,6,0.5251
169000,Pablo Pérez,778343,Pablo Durán,7,0.528
169000,Pablo Pérez,6106,Antonio Puertas,8,0.6096
169000,Pablo Pérez,127928,D. Brašanac,9,0.6282
169000,Pablo Pérez,5725,R. Azeez,10,0.6317
169002,Diego Rico,452269,Fran Gámez,1,0.1548
169002,Diego Rico,70451,Luisinho,2,0.1792
169002,Diego Rico,786686,Iván Fresneda,3,0.2036
169002,Diego Rico,1075948,Davinchi,4,0.2608
169002,Diego Rico,3974,D. Suárez,5,0.2618
169002,Diego Rico,423157,Thierry Correia,6,0.2789
169002,Diego Rico,531592,Aihen Muñoz,7,0.3087
169002,Diego Rico,3919,Iván López,8,0.3674
169002,Diego Rico,585538,R. Alhassane,9,0.3732
169002,Diego Rico,4094,Ander Capa,10,0.3854
170595,E. Insúa,489488,Martín Aguirregabiria,1,0.0662
170595,E. Insúa,302542,Nacho Vidal,2,0.1592
170595,E. Insúa,286994,Adrián Marín,3,0.1916
170595,E. Insúa,606670,Adrià Altimira,4,0.2043
170595,E. Insúa,393214,V. Rosier,5,0.2342
170595,E. Insúa,6572,Iza Carcelén,6,0.2401
170595,E. Insúa,445504,Carlos Neva,7,0.2588
170595,E. Insúa,7818,Carlos Akapo,8,0.2689
170595,E. Insúa,3856,Molinero,9,0.2696
170595,E. Insúa,225022,Rubén Duarte,10,0.277
171643,R. Yaremchuk,486425,Fer Niño,1,0.0858
171643,R. Yaremchuk,288865,O. McBurnie,2,0.1536
171643,R. Yaremchuk,20536,G. Pazzini,3,0.1782
171643,R. Yaremchuk,574907,E. Touré,4,0.1846
171643,R. Yaremchuk,213365,G. Fernández,5,0.1886
171643,R. Yaremchuk,611298,Raul García,6,0.1904
171643,R. Yaremchuk,3577,S. Rondón,7,0.1996
171643,R. Yaremchuk,284322,E. Ponce,8,0.2419
171643,R. Yaremchuk,26167,C. Beauvue,9,0.2464
171643,R. Yaremchuk,3327,Joselu,10,0.2883
189976,M. Angeleri,57347,S. Ingason,1,0.0887
189976,M. Angeleri,4329,Alejandro Arribas,2,0.1152
189976,M. Angeleri,14893,H. Westermann,3,0.1469
189976,M. Angeleri,338429,A. Radovanović,4,0.1567
189976,M. Angeleri,3431,Miranda,5,0.1646
189976,M. Angeleri,498350,M. Mbaye,6,0.1726
189976,M. Angeleri,247169,Diego González,7,0.1878
189976,M. Angeleri,256998,E. Bailly,8,0.2024
189976,M. Angeleri,275384,Jorge Meré,9,0.2028
189976,M. Angeleri,4093,Añibarro,10,0.2209
190172,Juan Cruz,3829,Oier Sanjurjo,1,0.1634
190172,Juan Cruz,240609,Á. Muñoz,2,0.1672
190172,Juan Cruz,427886,C. Protesoni,3,0.1674
190172,Juan Cruz,15214,A. Rukavina,4,0.1695
190172,Juan Cruz,611437,M. Diarra,5,0.2208
190172,Juan Cruz,808345,S. Mouriño,6,0.2321
190172,Juan Cruz,6528,Javi Moyano,7,0.2392
190172,Juan Cruz,92910,L. Fejsa,8,0.2409
190172,Juan Cruz,3975,Sergio Álvarez,9,0.2564
190172,Juan Cruz,441230,T. Alarcón,10,0.2568
193984,Germán Sánchez,70956,Rúben Semedo,1,0.1577
193984,Germán Sánchez,3433,D. Godín,2,0.1668
193984,Germán Sánchez,3922,David Navarro,3,0.2078
193984,Germán Sánchez,40542,Felipe,4,0.2479
193984,Germán Sánchez,4180,David Lombán,5,0.2486
193984,Germán Sánchez,265833,N. Maraš,6,0.2514
193984,Germán Sánchez,3665,Ansotegi,7,0.253
193984,Germán Sánchez,70085,E. Mangala,8,0.2563
193984,Germán Sánchez,500200,Miguel Rubio,9,0.2625
193984,Germán Sánchez,6579,Antonio Raíllo,10,0.2647
207001,J. Correa,134513,A. Martial,1,0.212
207001,J. Correa,3484,Luis Alberto,2,0.2471
207001,J. Correa,3816,Sergio García,3,0.2837
207001,J. Correa,550459,J. Álvarez,4,0.2955
207001,J. Correa,536150,Sergio Arribas,5,0.328
207001,J. Correa,879047,Fer López,6,0.3316
207001,J. Correa,7926,Nani,7,0.3367
207001,J. Correa,4257,J. Zongo,8,0.3869
207001,J. Correa,545942,Oihan Sancet,9,0.3897
207001,J. Correa,3284,S. Feghouli,10,0.4135
208694,Rodrigo Ely,26332,P. Baysse,1,0.0953
208694,Rodrigo Ely,70085,E. Mangala,2,0.1343
208694,Rodrigo Ely,70767,A. Santos,3,0.1409
208694,Rodrigo Ely,89700,E. Roco,4,0.1782
208694,Rodrigo Ely,265833,N. Maraš,5,0.1833
208694,Rodrigo Ely,41124,Naldo,6,0.1884
208694,Rodrigo Ely,4232,Alcalá,7,0.2326
208694,Rodrigo Ely,4180,David Lombán,8,0.2499
208694,Rodrigo Ely,25784,A. Abdennour,9,0.2531
208694,Rodrigo Ely,57347,S. Ingason,10,0.261
208942,Óliver Torres,3285,Pablo Hernández,1,0.2771
208942,Óliver Torres,8323,Denis Suárez,2,0.3007
208942,Óliver Torres,26515,F. Kadir,3,0.3334
208942,Óliver Torres,523326,Manu Fuster,4,0.3393
208942,Óliver Torres,33219,E. Culio,5,0.3818
208942,Óliver Torres,4498,Lucas Vázquez,6,0.392
208942,Óliver Torres,346119,Manu García,7,0.4171
208942,Óliver Torres,7069,Javi Lara,8,0.453
208942,Óliver Torres,631404,Alejandro Balde,9,0.4562
208942,Óliver Torres,499596,S. Dest,10,0.4643
208945,César de la Hoz,128742,N. Vukčević,1,0.1647
208945,César de la Hoz,5112,Lucas Torró,2,0.237
208945,César de la Hoz,37814,R. Donk,3,0.2494
208945,César de la Hoz,691939,T. Nikitscher,4,0.2546
208945,César de la Hoz,20685,R. Krhin,5,0.2705
208945,César de la Hoz,386686,S. Jurić,6,0.2903
208945,César de la Hoz,88969,D. Musto,7,0.3011
208945,César de la Hoz,3650,Tomás Pina,8,0.3016
208945,César de la Hoz,3407,Jonás Ramalho,9,0.302
208945,César de la Hoz,546482,José Gragera,10,0.3104
208972,Carlos Castro,5167,M. Díaz,1,0.1941
208972,Carlos Castro,3781,Javi Guerra,2,0.2182
208972,Carlos Castro,3291,Paco Alcácer,3,0.2236
208972,Carlos Castro,14817,R. Lewandowski,4,0.2588
208972,Carlos Castro,3681,Imanol Agirretxe,5,0.3806
208972,Carlos Castro,25867,P. Aubameyang,6,0.3819
208972,Carlos Castro,37831,C. Bacca,7,0.3875
208972,Carlos Castro,14943,M. Mandžukić,8,0.4225
208972,Carlos Castro,4017,Miku,9,0.4553
208972,Carlos Castro,266885,M. Olunga,10,0.4645
209012,Kévin Rodrigues,137298,Jonathan Silva,1,0.1524
209012,Kévin Rodrigues,4997,Antoñito,2,0.1607
209012,Kévin Rodrigues,624613,Juanlu Sánchez,3,0.1886
209012,Kévin Rodrigues,3735,Juankar,4,0.2507
209012,Kévin Rodrigues,501165,Lucas Pires,5,0.2509
209012,Kévin Rodrigues,655335,Yusi,6,0.2537
209012,Kévin Rodrigues,496493,Víctor Gómez,7,0.257
209012,Kévin Rodrigues,301016,R. Perraud,8,0.2743
209012,Kévin Rodrigues,344104,Álvaro Tejero,9,0.2867
209012,Kévin Rodrigues,367391,Toni Moya,10,0.2889
211853,Rúben Vezo,364817,Tachi,1,0.1293
211853,Rúben Vezo,410055,Róber Pier,2,0.1503
211853,Rúben Vezo,508021,Jorge Cuenca,3,0.158
211853,Rúben Vezo,50102,F. Schär,4,0.1778
211853,Rúben Vezo,4720,Xisco Campos,5,0.1855
211853,Rúben Vezo,916711,Juma Bah,6,0.1967
211853,Rúben Vezo,376362,Luiz Felipe,7,0.2125
211853,Rúben Vezo,3885,L. Cabrera,8,0.2139
211853,Rúben Vezo,298353,José Martínez,9,0.2175
211853,Rúben Vezo,7857,Ignasi Miquel,10,0.2175
211885,André Gomes,399676,Pablo Fornals,1,0.0773
211885,André Gomes,14866,José Manuel Jurado,2,0.181
211885,André Gomes,3536,Moi Gómez,3,0.2478
211885,André Gomes,624498,Martim Neto,4,0.2581
211885,André Gomes,4278,Borja García,5,0.2681
211885,André Gomes,582472,L. Sučić,6,0.2699
211885,André Gomes,4791,J. González,7,0.2985
211885,André Gomes,15101,P. Ebert,8,0.3425
211885,André Gomes,240680,Aleix Febas,9,0.3796
211885,André Gomes,499596,S. Dest,10,0.391
212074,O. Mfulu,25568,S. M'Bia,1,0.1341
212074,O. Mfulu,299246,Marcão,2,0.2039
212074,O. Mfulu,487752,Miguel Atienza,3,0.211
212074,O. Mfulu,4012,Juan Rodríguez,4,0.2173
212074,O. Mfulu,3801,Raúl Baena,5,0.2305
212074,O. Mfulu,3933,Xavi Torres,6,0.3076
212074,O. Mfulu,645877,Y. Mosquera,7,0.3129
212074,O. Mfulu,535845,E. Boyomo,8,0.3304
212074,O. Mfulu,4325,Jorge Pulido,9,0.3325
212074,O. Mfulu,519494,Álex Suárez,10,0.3364
212621,M. Kranevitter,70094,Fernando,1,0.0867
212621,M. Kranevitter,279533,Mario Hermoso,2,0.145
212621,M. Kranevitter,395114,Igor Zubeldía,3,0.1833
212621,M. Kranevitter,525126,Marc Aguado,4,0.2178
212621,M. Kranevitter,620193,C. Riedel,5,0.2445
212621,M. Kranevitter,366581,J. Gnagnon,6,0.256
212621,M. Kranevitter,3304,Nacho Fernández,7,0.2589
212621,M. Kranevitter,477106,S. Cáseres,8,0.2721
212621,M. Kranevitter,3446,Mario Suárez,9,0.301
212621,M. Kranevitter,689107,Renato Veiga,10,0.3174
212625,A. Solari,41029,Douglas,1,0.278
212625,A. Solari,410872,Javi Galán,2,0.3166
212625,A. Solari,225948,Rubén Peña,3,0.3511
212625,A. Solari,355597,Joan Sastre,4,0.3667
212625,A. Solari,359847,Alfonso Pedraza,5,0.3869
212625,A. Solari,91702,J. Mojica,6,0.3882
212625,A. Solari,621207,Javi Rueda,7,0.4261
212625,A. Solari,358801,P. Estupiñán,8,0.4678
212625,A. Solari,3501,Álvaro Cejudo,9,0.4763
212625,A. Solari,287003,Benito Ramírez,10,0.5066
212644,G. Escalante,373713,Christian Rivera,1,0.1366
212644,G. Escalante,127598,G. Čaušić,2,0.1535
212644,G. Escalante,400691,N. Petrović,3,0.1654
212644,G. Escalante,480138,B. Mendy,4,0.2676
212644,G. Escalante,255254,Danilo Barbosa,5,0.272
212644,G. Escalante,598620,Johnny Cardoso,6,0.3042
212644,G. Escalante,3650,Tomás Pina,7,0.3111
212644,G. Escalante,344049,Oriol Rey,8,0.3394
212644,G. Escalante,363717,Y. Herrera,9,0.3458
212644,G. Escalante,435472,U. Račić,10,0.3504
212651,C. Musonda,412897,Dani Raba,1,0.1359
212651,C. Musonda,602620,T. Buchanan,2,0.1871
212651,C. Musonda,286830,P. Roberts,3,0.2073
212651,C. Musonda,532831,Bryan Gil,4,0.2253
212651,C. Musonda,239843,Zakaria Bakkali,5,0.238
212651,C. Musonda,276944,J. Bamba,6,0.2481
212651,C. Musonda,722567,G. Simeone,7,0.2935
212651,C. Musonda,5291,Jaime Romero,8,0.2946
212651,C. Musonda,504301,T. Kubo,9,0.3088
212651,C. Musonda,561189,Robert Navarro,10,0.3188
213124,Chema Rodríguez,20808,E. Muñoz,1,0.0429
213124,Chema Rodríguez,40574,Dória,2,0.084
213124,Chema Rodríguez,86716,M. Dos Santos,3,0.1418
213124,Chema Rodríguez,3468,J. Cala,4,0.1597
213124,Chema Rodríguez,6950,Pablo Ínsua,5,0.1802
213124,Chema Rodríguez,127591,A. Pantić,6,0.1998
213124,Chema Rodríguez,224080,G. Maripán,7,0.2116
213124,Chema Rodríguez,5677,Bruno González,8,0.2154
213124,Chema Rodríguez,498350,M. Mbaye,9,0.2333
213124,Chema Rodríguez,134163,Rodri Tarín,10,0.2416
213131,Luis Milla,449920,L. Robertone,1,0.1816
213131,Luis Milla,26792,R. Aït-Atmane,2,0.23
213131,Luis Milla,938660,Mikel Jauregizar,3,0.2369
213131,Luis Milla,3418,Iñigo Ruiz de Galarreta,4,0.3052
213131,Luis Milla,357981,Gonzalo Villar,5,0.3354
213131,Luis Milla,25407,C. Grenier,6,0.3582
213131,Luis Milla,678620,Arnau Martínez,7,0.3787
213131,Luis Milla,70139,E. Insúa,8,0.3829
213131,Luis Milla,424624,P. Etebo,9,0.3897
213131,Luis Milla,4908,Alberto Moreno,10,0.3904
213308,Júnior Alonso,4013,Rubén Pérez,1,0.1503
213308,Júnior Alonso,367503,M. Wöber,2,0.2342
213308,Júnior Alonso,4424,Jonny Otto,3,0.306
213308,Júnior Alonso,443324,Douglas Luiz,4,0.3361
213308,Júnior Alonso,225939,Xavi Quintillà,5,0.3941
213308,Júnior Alonso,51217,L. Augustinsson,6,0.3968
213308,Júnior Alonso,25470,S. Prcić,7,0.3993
213308,Júnior Alonso,86198,J. Sánchez Miño,8,0.413
213308,Júnior Alonso,167120,Fran Varela,9,0.4157
213308,Júnior Alonso,4805,Anaitz Arbilla,10,0.4168
213365,G. Fernández,20536,G. Pazzini,1,0.1164
213365,G. Fernández,490458,S. Kaba,2,0.1329
213365,G. Fernández,344086,Gorka Guruzeta,3,0.1397
213365,G. Fernández,171643,R. Yaremchuk,4,0.1886
213365,G. Fernández,486425,Fer Niño,5,0.2359
213365,G. Fernández,55968,M. Braithwaite,6,0.2547
213365,G. Fernández,3577,S. Rondón,7,0.2664
213365,G. Fernández,3937,Roger Martí,8,0.2859
213365,G. Fernández,70159,R. van Wolfswinkel,9,0.2869
213365,G. Fernández,288865,O. McBurnie,10,0.2902
213714,E. Burgos,6338,David García,1,0.0592
213714,E. Burgos,3556,M. Demichelis,2,0.117
213714,E. Burgos,112370,D. Reyes,3,0.149
213714,E. Burgos,70391,A. Ba,4,0.1679
213714,E. Burgos,413041,J. El Yamiq,5,0.1739
213714,E. Burgos,4358,Víctor Laguardia,6,0.1886
213714,E. Burgos,557942,M. Salisu,7,0.1934
213714,E. Burgos,70086,N. Otamendi,8,0.2313
213714,E. Burgos,25784,A. Abdennour,9,0.2314
213714,E. Burgos,3412,Gurpegi,10,0.2322
213948,R. De Paul,3310,Marcelo,1,0.3745
213948,R. De Paul,326523,Dani Ceballos,2,0.4427
213948,R. De Paul,3567,Santi Cazorla,3,0.6572
213948,R. De Paul,3285,Pablo Hernández,4,0.7354
213948,R. De Paul,69403,Sammir,5,0.7355
213948,R. De Paul,3280,É. Banega,6,0.7411
213948,R. De Paul,3269,Jordi Alba,7,0.7631
213948,R. De Paul,56025,M. Krohn-Dehli,8,0.7689
213948,R. De Paul,3835,Álex López,9,0.7807
213948,R. De Paul,3595,Beñat Etxebarria,10,0.7825
214062,Álex Granell,3434,Filipe Luís,1,0.2704
214062,Álex Granell,89073,M. Acuña,2,0.2796
214062,Álex Granell,8945,K. Trippier,3,0.2833
214062,Álex Granell,471761,Óscar Mingueza,4,0.3195
214062,Álex Granell,743429,Álvaro Carreras,5,0.3617
214062,Álex Granell,396475,A. Hakimi,6,0.3752
214062,Álex Granell,4501,Dani Carvajal,7,0.4491
214062,Álex Granell,344100,Sergio Reguilón,8,0.4491
214062,Álex Granell,770387,Héctor Fort,9,0.4558
214062,Álex Granell,22566,A. Florenzi,10,0.4884
215983,S. Boufal,374800,M. Vargas,1,0.0546
215983,S. Boufal,237034,Gonçalo Guedes,2,0.1989
215983,S. Boufal,4597,Saúl Berjón,3,0.2309
215983,S. Boufal,708179,Y. Asprilla,4,0.246
215983,S. Boufal,26038,J. Campbell,5,0.2933
215983,S. Boufal,661732,Savinho,6,0.3142
215983,S. Boufal,276944,J. Bamba,7,0.326
215983,S. Boufal,496400,C. Ejuke,8,0.3423
215983,S. Boufal,495674,Samuel Lino,9,0.3444
215983,S. Boufal,286830,P. Roberts,10,0.3619
217031,T. Partey,4243,Verza,1,0.0946
217031,T. Partey,5907,Sergi Samper,2,0.1194
217031,T. Partey,5289,Fran Rico,3,0.1526
217031,T. Partey,706732,Sergi Altimira,4,0.1812
217031,T. Partey,341752,Marc Roca,5,0.2031
217031,T. Partey,4242,Corona,6,0.2407
217031,T. Partey,634204,E. Barrenechea,7,0.2629
217031,T. Partey,4902,Ángel Montoro,8,0.2944
217031,T. Partey,167641,S. Lobotka,9,0.3085
217031,T. Partey,249917,M. Malsa,10,0.3267
218549,Garry Rodrigues,344053,Carles Pérez,1,0.1151
218549,Garry Rodrigues,25477,S. Gürler,2,0.16
218549,Garry Rodrigues,3293,P. Piatti,3,0.1644
218549,Garry Rodrigues,4014,Pedro León,4,0.1669
218549,Garry Rodrigues,251565,Álvaro García,5,0.1686
218549,Garry Rodrigues,596052,Ander Barrenetxea,6,0.2084
218549,Garry Rodrigues,339791,Álex Berenguer,7,0.2171
218549,Garry Rodrigues,722567,G. Simeone,8,0.2219
218549,Garry Rodrigues,346551,I. Hagi,9,0.2552
218549,Garry Rodrigues,5291,Jaime Romero,10,0.2623
220656,Wanderson,134174,Samu Castillejo,1,0.1676
220656,Wanderson,265376,M. Simon,2,0.2164
220656,Wanderson,5195,Omar Ramos,3,0.2558
220656,Wanderson,561189,Robert Navarro,4,0.2802
220656,Wanderson,3394,Bruno Gama,5,0.2846
220656,Wanderson,337070,Toni Villa,6,0.2957
220656,Wanderson,411422,B. Ocampo,7,0.3265
220656,Wanderson,282444,Sergi Canós,8,0.3429
220656,Wanderson,4344,Alberto Perea,9,0.3458
220656,Wanderson,254189,Ivi López,10,0.3467
222439,E. Rigoni,4592,Paco Montañés,1,0.1154
222439,E. Rigoni,501471,I. Chaira,2,0.1248
222439,E. Rigoni,397109,Jota,3,0.1885
222439,E. Rigoni,353331,K. Jóźwiak,4,0.1956
222439,E. Rigoni,382622,S. Amallah,5,0.2077
222439,E. Rigoni,6456,Dani Rodríguez,6,0.291
222439,E. Rigoni,444669,N. González,7,0.3083
222439,E. Rigoni,3908,Lago Júnior,8,0.3277
222439,E. Rigoni,4127,J. Feliu,9,0.3385
222439,E. Rigoni,70235,Héldon,10,0.3586
222464,M. Mauro,128171,S. Mitrović,1,0.1552
222464,M. Mauro,5653,M. Mantovani,2,0.1831
222464,M. Mauro,494337,N. Pérez,3,0.2867
222464,M. Mauro,128230,N. Vujadinović,4,0.4223
222464,M. Mauro,3493,Miguel Flaño,5,0.4252
222464,M. Mauro,86298,E. Saveljich,6,0.4425
222464,M. Mauro,344444,D. Hadžikadunić,7,0.4513
222464,M. Mauro,504689,F. Garcés,8,0.4561
222464,M. Mauro,4239,Ángel Trujillo,9,0.5292
222464,M. Mauro,263147,M. Miazga,10,0.5366
222770,Nélson Semedo,3470,José Campaña,1,0.1583
222770,Nélson Semedo,3413,Ander Herrera,2,0.2137
222770,Nélson Semedo,599551,E. Camavinga,3,0.2613
222770,Nélson Semedo,4365,Roque Mesa,4,0.2733
222770,Nélson Semedo,552240,Álvaro Núñez,5,0.305
222770,Nélson Semedo,135561,F. Grillitsch,6,0.3056
222770,Nélson Semedo,3442,Fran Mérida,7,0.3092
222770,Nélson Semedo,70083,Danilo,8,0.3603
222770,Nélson Semedo,776656,Pablo Barrios,9,0.3623
222770,Nélson Semedo,230863,Unai López,10,0.3679
223681,A. Sedlar,270037,M. Valjent,1,0.124
223681,A. Sedlar,86548,S. Vergini,2,0.1306
223681,A. Sedlar,248846,M. Villanueva,3,0.1488
223681,A. Sedlar,20932,M. Nastasić,4,0.1688
223681,A. Sedlar,330728,Domingos Duarte,5,0.173
223681,A. Sedlar,387785,Unai Elgezabal,6,0.1767
223681,A. Sedlar,712305,Adrián Pica,7,0.1799
223681,A. Sedlar,7857,Ignasi Miquel,8,0.1827
223681,A. Sedlar,344039,Chumi,9,0.1914
223681,A. Sedlar,449817,A. Mumin,10,0.1975
224080,G. Maripán,127591,A. Pantić,1,0.096
224080,G. Maripán,5677,Bruno González,2,0.1756
224080,G. Maripán,20808,E. Muñoz,3,0.1794
224080,G. Maripán,213124,Chema Rodríguez,4,0.2116
224080,G. Maripán,86716,M. Dos Santos,5,0.2352
224080,G. Maripán,40574,Dória,6,0.2559
224080,G. Maripán,128230,N. Vujadinović,7,0.3418
224080,G. Maripán,3468,J. Cala,8,0.3425
224080,G. Maripán,6950,Pablo Ínsua,9,0.3547
224080,G. Maripán,134163,Rodri Tarín,10,0.3723
225022,Rubén Duarte,393214,V. Rosier,1,0.1445
225022,Rubén Duarte,21842,C. Biraghi,2,0.1648
225022,Rubén Duarte,653322,Diego Moreno,3,0.169
225022,Rubén Duarte,286994,Adrián Marín,4,0.1799
225022,Rubén Duarte,696658,O. El Hilali,5,0.182
225022,Rubén Duarte,3856,Molinero,6,0.2032
225022,Rubén Duarte,3375,Laure,7,0.2285
225022,Rubén Duarte,6572,Iza Carcelén,8,0.2322
225022,Rubén Duarte,606670,Adrià Altimira,9,0.2483
225022,Rubén Duarte,21550,Gabriel Silva,10,0.2489
225084,Rubén García,4285,Fede Vico,1,0.0483
225084,Rubén García,293862,Nacho Gil,2,0.1689
225084,Rubén García,280383,E. Bardhi,3,0.1793
225084,Rubén García,410026,Álex Collado,4,0.2126
225084,Rubén García,275293,Samu García,5,0.2339
225084,Rubén García,3357,Isaac Cuenca,6,0.2347
225084,Rubén García,254188,N. Leiva,7,0.2415
225084,Rubén García,331385,M. García,8,0.2458
225084,Rubén García,37836,M. Lestienne,9,0.254
225084,Rubén García,3837,Jota,10,0.2624
225085,Fali,364772,C. Awaziem,1,0.0902
225085,Fali,546482,José Gragera,2,0.1252
225085,Fali,805039,M. Moreno,3,0.1426
225085,Fali,93003,D. Siovas,4,0.1651
225085,Fali,712305,Adrián Pica,5,0.1849
225085,Fali,556923,A. Abqar,6,0.1937
225085,Fali,3381,Borja Fernández,7,0.2106
225085,Fali,622288,Kaiky,8,0.2461
225085,Fali,3885,L. Cabrera,9,0.252
225085,Fali,3670,Mikel González,10,0.2685
225089,José Luis Morales,101847,M. Carcela-González,1,0.2124
225089,José Luis Morales,561186,Yéremy Pino,2,0.3039
225089,José Luis Morales,769471,Joel Roca,3,0.3157
225089,José Luis Morales,404757,J. Kluivert,4,0.3535
225089,José Luis Morales,511155,R. Vargas,5,0.3595
225089,José Luis Morales,86338,L. Ocampos,6,0.3604
225089,José Luis Morales,1016232,Jesús Rodríguez,7,0.3812
225089,José Luis Morales,257752,M. Moreno,8,0.3842
225089,José Luis Morales,1720,S. Becker,9,0.3934
225089,José Luis Morales,285509,I. Success,10,0.4
225939,Xavi Quintillà,3351,Kiko Femenía,1,0.0603
225939,Xavi Quintillà,4424,Jonny Otto,2,0.1215
225939,Xavi Quintillà,51217,L. Augustinsson,3,0.1468
225939,Xavi Quintillà,70139,E. Insúa,4,0.1977
225939,Xavi Quintillà,70136,S. Arias,5,0.2233
225939,Xavi Quintillà,116299,L. Olaza,6,0.2432
225939,Xavi Quintillà,443324,Douglas Luiz,7,0.2775
225939,Xavi Quintillà,4452,Yuri Berchiche,8,0.2815
225939,Xavi Quintillà,42183,Petros,9,0.2925
225939,Xavi Quintillà,3270,Barragán,10,0.2971
225946,A. Sanabria,3875,Borja Bastón,1,0.1643
225946,A. Sanabria,3450,R. Falcao,2,0.178
225946,A. Sanabria,22202,S. Zaza,3,0.196
225946,A. Sanabria,101635,F. Caicedo,4,0.1996
225946,A. Sanabria,395636,M. Gómez,5,0.2417
225946,A. Sanabria,3327,Joselu,6,0.2853
225946,A. Sanabria,4048,Sergi Enrich,7,0.3092
225946,A. Sanabria,267,L. de Jong,8,0.3232
225946,A. Sanabria,3483,Álvaro Negredo,9,0.3258
225946,A. Sanabria,6292,K. Kodro,10,0.3524
225948,Rubén Peña,5910,Álex Moreno,1,0.2011
225948,Rubén Peña,517437,Jesús Areso,2,0.2636
225948,Rubén Peña,472191,Renan Lodi,3,0.2643
225948,Rubén Peña,359847,Alfonso Pedraza,4,0.2687
225948,Rubén Peña,621207,Javi Rueda,5,0.2986
225948,Rubén Peña,355597,Joan Sastre,6,0.3311
225948,Rubén Peña,4094,Ander Capa,7,0.3392
225948,Rubén Peña,91702,J. Mojica,8,0.3405
225948,Rubén Peña,212625,A. Solari,9,0.3511
225948,Rubén Peña,344104,Álvaro Tejero,10,0.3531
225996,Diego Llorente,4303,David López,1,0.1266
225996,Diego Llorente,567016,Jon Pacheco,2,0.1332
225996,Diego Llorente,3828,Raúl Navas,3,0.149
225996,Diego Llorente,545569,Saúl Coco,4,0.1559
225996,Diego Llorente,364003,S. Bueno,5,0.1776
225996,Diego Llorente,544844,Logan Costa,6,0.1814
225996,Diego Llorente,485083,David Carmo,7,0.2214
225996,Diego Llorente,4355,David García,8,0.229
225996,Diego Llorente,3300,Raúl Albiol,9,0.2308
225996,Diego Llorente,558739,T. Nianzou,10,0.2426
226005,Burgui,258022,V. Tsygankov,1,0.11
226005,Burgui,648423,Alberto Moleiro,2,0.2046
226005,Burgui,343925,D. Verde,3,0.2753
226005,Burgui,337068,J. Pombo,4,0.2824
226005,Burgui,1751,O. Tannane,5,0.302
226005,Burgui,279567,Martín Merquelanz,6,0.3199
226005,Burgui,4375,Vitolo,7,0.3218
226005,Burgui,20441,E. Lamela,8,0.3515
226005,Burgui,26384,G. Kakuta,9,0.3569
226005,Burgui,5791,J. Añor,10,0.3649
227756,J. Boga,397303,Ferrán Torres,1,0.1076
227756,J. Boga,258907,R. Assalé,2,0.1189
227756,J. Boga,551596,Lázaro,3,0.1817
227756,J. Boga,105541,Lucas Pérez,4,0.1916
227756,J. Boga,70129,Rodrigo,5,0.2721
227756,J. Boga,545942,Oihan Sancet,6,0.2724
227756,J. Boga,550459,J. Álvarez,7,0.3618
227756,J. Boga,5400,Gerard Moreno,8,0.369
227756,J. Boga,4440,Borja Valle,9,0.4101
227756,J. Boga,8297,G. dos Santos,10,0.4243
227894,J. Giménez,3276,A. Rami,1,0.0752
227894,J. Giménez,14687,S. Papastathopoulos,2,0.0878
227894,J. Giménez,125250,Ó. Duarte,3,0.1292
227894,J. Giménez,4918,Deivid,4,0.1612
227894,J. Giménez,70140,Daniel Carriço,5,0.1744
227894,J. Giménez,357991,Édgar González,6,0.1769
227894,J. Giménez,384066,C. Montes,7,0.19
227894,J. Giménez,3642,Iván Ramis,8,0.2062
227894,J. Giménez,237262,S. Babić,9,0.2066
227894,J. Giménez,292654,M. Diakhaby,10,0.2167
228902,J. Calleri,524274,A. Douvikas,1,0.1824
228902,J. Calleri,492443,V. Castellanos,2,0.2047
228902,J. Calleri,364820,Loren Morón,3,0.2339
228902,J. Calleri,278348,Enric Gallego,4,0.2428
228902,J. Calleri,474104,J. Strand Larsen,5,0.2489
228902,J. Calleri,350992,U. Sadiq,6,0.2583
228902,J. Calleri,670456,E. Eyong,7,0.261
228902,J. Calleri,559368,A. Adams,8,0.2692
228902,J. Calleri,20733,F. Piovaccari,9,0.2785
228902,J. Calleri,607496,O. Óskarsson,10,0.3115
228963,H. Traoré,26792,R. Aït-Atmane,1,0.2289
228963,H. Traoré,367503,M. Wöber,2,0.2461
228963,H. Traoré,443324,Douglas Luiz,3,0.252
228963,H. Traoré,51217,L. Augustinsson,4,0.2543
228963,H. Traoré,6035,Rubén Alcaraz,5,0.2604
228963,H. Traoré,678620,Arnau Martínez,6,0.267
228963,H. Traoré,86234,E. Pérez,7,0.2769
228963,H. Traoré,477352,Ander Guevara,8,0.2822
228963,H. Traoré,4424,Jonny Otto,9,0.2885
228963,H. Traoré,3418,Iñigo Ruiz de Galarreta,10,0.2896
230626,D. Ćaleta-Car,403448,Éder Militão,1,0.1381
230626,D. Ćaleta-Car,3795,H. Moreno,2,0.1524
230626,D. Ćaleta-Car,3305,Pepe,3,0.1802
230626,D. Ćaleta-Car,26307,A. Mandi,4,0.2628
230626,D. Ćaleta-Car,544844,Logan Costa,5,0.2665
230626,D. Ćaleta-Car,292991,M. Lemos,6,0.2767
230626,D. Ćaleta-Car,281069,Robin Le Normand,7,0.3008
230626,D. Ćaleta-Car,787348,Raúl Asencio,8,0.3016
230626,D. Ćaleta-Car,498373,M. Sagnan,9,0.3586
230626,D. Ćaleta-Car,364003,S. Bueno,10,0.3976
230857,Yeray Álvarez,5121,Jorge Morcillo,1,0.1962
230857,Yeray Álvarez,525104,Dani Vivian,2,0.2266
230857,Yeray Álvarez,720559,Kike Salas,3,0.2366
230857,Yeray Álvarez,3788,J. Amat,4,0.2429
230857,Yeray Álvarez,101649,N. Pareja,5,0.265
230857,Yeray Álvarez,3970,Alejandro Gálvez,6,0.2662
230857,Yeray Álvarez,583159,L. Badé,7,0.2692
230857,Yeray Álvarez,3594,José Alberto Cañas,8,0.2696
230857,Yeray Álvarez,20547,Javier Garrido,9,0.2928
230857,Yeray Álvarez,86325,R. Funes Mori,10,0.2989
230862,Íñigo Lekue,5383,Toño García,1,0.1176
230862,Íñigo Lekue,293333,M. Ristić,2,0.1249
230862,Íñigo Lekue,396513,Alex Pozo,3,0.1286
230862,Íñigo Lekue,550927,Sergi Cardona,4,0.1388
230862,Íñigo Lekue,3325,Juanfran,5,0.1754
230862,Íñigo Lekue,344014,L. Agbenyenu,6,0.1802
230862,Íñigo Lekue,3790,Carlos Clerc,7,0.1859
230862,Íñigo Lekue,344104,Álvaro Tejero,8,0.1893
230862,Íñigo Lekue,286248,V. Kravets,9,0.1906
230862,Íñigo Lekue,496493,Víctor Gómez,10,0.2281
230863,Unai López,247207,Joan Jordán,1,0.2812
230863,Unai López,135561,F. Grillitsch,2,0.2996
230863,Unai López,451235,Álvaro Aguado,3,0.3309
230863,Unai López,599551,E. Camavinga,4,0.3608
230863,Unai López,3384,A. Guardado,5,0.3666
230863,Unai López,222770,Nélson Semedo,6,0.3679
230863,Unai López,276979,F. Mendy,7,0.3767
230863,Unai López,4365,Roque Mesa,8,0.3839
230863,Unai López,3470,José Campaña,9,0.4094
230863,Unai López,25888,F. Fajr,10,0.4251
230883,Ayoze Pérez,5911,Sandro Ramírez,1,0.1583
230883,Ayoze Pérez,355599,Mikel Oyarzabal,2,0.2065
230883,Ayoze Pérez,38094,I. Ezekiel,3,0.2297
230883,Ayoze Pérez,4683,A. Szymanowski,4,0.2883
230883,Ayoze Pérez,3934,N. El Zhar,5,0.302
230883,Ayoze Pérez,569212,Ferrán Jutglà,6,0.305
230883,Ayoze Pérez,397060,A. Danjuma,7,0.3208
230883,Ayoze Pérez,1720,S. Becker,8,0.339
230883,Ayoze Pérez,247141,Iñaki Williams,9,0.3558
230883,Ayoze Pérez,4880,Rober Ibáñez,10,0.3566
230895,Pere Pons,694062,Pablo Ibáñez,1,0.2299
230895,Pere Pons,352747,Miguel Olavide,2,0.2819
230895,Pere Pons,237269,S. Lukić,3,0.2827
230895,Pere Pons,626229,Mario Martín,4,0.3096
230895,Pere Pons,20618,N. Krstičić,5,0.3474
230895,Pere Pons,286448,M. Arambarri,6,0.3541
230895,Pere Pons,363717,Y. Herrera,7,0.3595
230895,Pere Pons,377083,Sergio Akieme,8,0.3737
230895,Pere Pons,341751,Marc Navarro,9,0.3947
230895,Pere Pons,255254,Danilo Barbosa,10,0.3982
230897,F. Cartabia,495674,Samuel Lino,1,0.2024
230897,F. Cartabia,26038,J. Campbell,2,0.2301
230897,F. Cartabia,3645,Chory Castro,3,0.2887
230897,F. Cartabia,624615,Carlos Álvarez,4,0.3029
230897,F. Cartabia,4492,Iván Sánchez,5,0.3075
230897,F. Cartabia,276944,J. Bamba,6,0.33
230897,F. Cartabia,408293,Javi Ontiveros,7,0.3379
230897,F. Cartabia,3420,Markel Susaeta,8,0.3404
230897,F. Cartabia,471991,Rodrigo Riquelme,9,0.3676
230897,F. Cartabia,4344,Alberto Perea,10,0.369
230934,Josep Señé,20450,Bojan Krkić,1,0.1056
230934,Josep Señé,536150,Sergio Arribas,2,0.3097
230934,Josep Señé,532815,Miguel Baeza,3,0.3233
230934,Josep Señé,4778,Coro,4,0.3385
230934,Josep Señé,547492,Reinier,5,0.3582
230934,Josep Señé,20623,R. Soriano,6,0.3831
230934,Josep Señé,3451,Adrián López,7,0.386
230934,Josep Señé,3479,Manu del Moral,8,0.403
230934,Josep Señé,644114,L. Romero,9,0.4227
230934,Josep Señé,4257,J. Zongo,10,0.4496
230955,Stoichkov,37836,M. Lestienne,1,0.2098
230955,Stoichkov,3603,Álvaro Vadillo,2,0.2184
230955,Stoichkov,518746,Lee Kang-In,3,0.2197
230955,Stoichkov,560889,Nico Melamed,4,0.2299
230955,Stoichkov,127719,A. Katai,5,0.2361
230955,Stoichkov,331385,M. García,6,0.2886
230955,Stoichkov,3357,Isaac Cuenca,7,0.2991
230955,Stoichkov,86338,L. Ocampos,8,0.3122
230955,Stoichkov,293862,Nacho Gil,9,0.3152
230955,Stoichkov,624774,Gabri Veiga,10,0.3208
230970,M. Fatau,364860,Rodri,1,0.1686
230970,M. Fatau,333571,L. Torreira,2,0.2089
230970,M. Fatau,410062,J. Koundé,3,0.2529
230970,M. Fatau,4361,Javi Castellano,4,0.2601
230970,M. Fatau,6369,Iñigo Eguaras,5,0.2915
230970,M. Fatau,141176,V. Angban,6,0.338
230970,M. Fatau,503338,Martín Zubimendi,7,0.3522
230970,M. Fatau,4366,Hernán Santana,8,0.3856
230970,M. Fatau,879052,Javi Rodríguez,9,0.3973
230970,M. Fatau,366581,J. Gnagnon,10,0.421
231713,F. Bradarić,3378,Álex Bergantiños,1,0.0375
231713,F. Bradarić,25623,G. Kondogbia,2,0.1145
231713,F. Bradarić,368110,Jailson,3,0.1618
231713,F. Bradarić,413597,R. Kouamé,4,0.1758
231713,F. Bradarić,86828,G. Pizarro,5,0.1794
231713,F. Bradarić,712871,Jon Gorrotxategi,6,0.1929
231713,F. Bradarić,4009,M. Lacen,7,0.1998
231713,F. Bradarić,25553,César Azpilicueta,8,0.2209
231713,F. Bradarić,4757,Luso,9,0.2638
231713,F. Bradarić,40614,Guilherme,10,0.2746
234527,A. Halilović,142755,B. Traoré,1,0.1345
234527,A. Halilović,241945,P. Sisto,2,0.1668
234527,A. Halilović,3284,S. Feghouli,3,0.1921
234527,A. Halilović,879047,Fer López,4,0.206
234527,A. Halilović,5875,Álex Gallar,5,0.211
234527,A. Halilović,70125,Nolito,6,0.2849
234527,A. Halilović,3843,F. Orellana,7,0.3242
234527,A. Halilović,7926,Nani,8,0.3425
234527,A. Halilović,3358,Cristian Tello,9,0.3656
234527,A. Halilović,3484,Luis Alberto,10,0.3826
237018,Deyverson,3577,S. Rondón,1,0.2031
237018,Deyverson,25809,E. Rivière,2,0.218
237018,Deyverson,70159,R. van Wolfswinkel,3,0.2572
237018,Deyverson,344086,Gorka Guruzeta,4,0.3454
237018,Deyverson,288865,O. McBurnie,5,0.3576
237018,Deyverson,285727,L. Dimata,6,0.3675
237018,Deyverson,213365,G. Fernández,7,0.3743
237018,Deyverson,486425,Fer Niño,8,0.3758
237018,Deyverson,490458,S. Kaba,9,0.3791
237018,Deyverson,3656,Álvaro Giménez,10,0.386
237034,Gonçalo Guedes,4597,Saúl Berjón,1,0.1576
237034,Gonçalo Guedes,374800,M. Vargas,2,0.1965
237034,Gonçalo Guedes,215983,S. Boufal,3,0.1989
237034,Gonçalo Guedes,1182657,Y. Diomande,4,0.2796
237034,Gonçalo Guedes,661732,Savinho,5,0.2939
237034,Gonçalo Guedes,496400,C. Ejuke,6,0.3255
237034,Gonçalo Guedes,276944,J. Bamba,7,0.3284
237034,Gonçalo Guedes,708179,Y. Asprilla,8,0.3322
237034,Gonçalo Guedes,134769,Y. Carrasco,9,0.3378
237034,Gonçalo Guedes,286830,P. Roberts,10,0.3547
237262,S. Babić,14687,S. Papastathopoulos,1,0.1538
237262,S. Babić,3276,A. Rami,2,0.1759
237262,S. Babić,288112,C. Starfelt,3,0.1848
237262,S. Babić,227894,J. Giménez,4,0.2066
237262,S. Babić,3527,Kiko Olivas,5,0.2089
237262,S. Babić,6579,Antonio Raíllo,6,0.2251
237262,S. Babić,292654,M. Diakhaby,7,0.2267
237262,S. Babić,125250,Ó. Duarte,8,0.2274
237262,S. Babić,25831,C. Medjani,9,0.2349
237262,S. Babić,357991,Édgar González,10,0.2528
237269,S. Lukić,336371,Guilherme Arana,1,0.1905
237269,S. Lukić,344118,Jaime Seoane,2,0.1994
237269,S. Lukić,20618,N. Krstičić,3,0.204
237269,S. Lukić,341751,Marc Navarro,4,0.222
237269,S. Lukić,363717,Y. Herrera,5,0.2428
237269,S. Lukić,230895,Pere Pons,6,0.2827
237269,S. Lukić,377083,Sergio Akieme,7,0.2831
237269,S. Lukić,114709,L. Advíncula,8,0.3054
237269,S. Lukić,480138,B. Mendy,9,0.3152
237269,S. Lukić,3380,Juan Domínguez,10,0.3193
238564,S. Weissman,545811,Hugo Duro,1,0.0637
238564,S. Weissman,3651,Abdón Prats,2,0.1885
238564,S. Weissman,447821,Y. En-Nesyri,3,0.2585
238564,S. Weissman,20733,F. Piovaccari,4,0.269
238564,S. Weissman,364845,Rafa Mir,5,0.2844
238564,S. Weissman,492443,V. Castellanos,6,0.285
238564,S. Weissman,713837,Diego García,7,0.2887
238564,S. Weissman,14763,S. Okazaki,8,0.2931
238564,S. Weissman,329064,C. Larin,9,0.3018
238564,S. Weissman,279571,Jon Bautista,10,0.3235
239843,Zakaria Bakkali,5291,Jaime Romero,1,0.22
239843,Zakaria Bakkali,212651,C. Musonda,2,0.238
239843,Zakaria Bakkali,1127679,Jan Virgili,3,0.2568
239843,Zakaria Bakkali,412897,Dani Raba,4,0.2764
239843,Zakaria Bakkali,602620,T. Buchanan,5,0.2869
239843,Zakaria Bakkali,504301,T. Kubo,6,0.2907
239843,Zakaria Bakkali,643199,A. Ezzalzouli,7,0.3027
239843,Zakaria Bakkali,257752,M. Moreno,8,0.3123
239843,Zakaria Bakkali,1016232,Jesús Rodríguez,9,0.3187
239843,Zakaria Bakkali,532831,Bryan Gil,10,0.3273
240445,Andreas Pereira,410026,Álex Collado,1,0.0734
240445,Andreas Pereira,331385,M. García,2,0.1204
240445,Andreas Pereira,3420,Markel Susaeta,3,0.162
240445,Andreas Pereira,624615,Carlos Álvarez,4,0.2215
240445,Andreas Pereira,225084,Rubén García,5,0.2763
240445,Andreas Pereira,3645,Chory Castro,6,0.2845
240445,Andreas Pereira,4342,Piti,7,0.2926
240445,Andreas Pereira,254188,N. Leiva,8,0.2932
240445,Andreas Pereira,4285,Fede Vico,9,0.2968
240445,Andreas Pereira,602620,T. Buchanan,10,0.3072
240567,O. Idrissi,496400,C. Ejuke,1,0.242
240567,O. Idrissi,558581,Pejiño,2,0.2842
240567,O. Idrissi,112522,J. Corona,3,0.3321
240567,O. Idrissi,134769,Y. Carrasco,4,0.3349
240567,O. Idrissi,4015,Pablo Sarabia,5,0.3388
240567,O. Idrissi,1751,O. Tannane,6,0.388
240567,O. Idrissi,529349,Antony,7,0.3964
240567,O. Idrissi,343925,D. Verde,8,0.3977
240567,O. Idrissi,544859,Álex Baena,9,0.4159
240567,O. Idrissi,3843,F. Orellana,10,0.4495
240609,Á. Muñoz,611437,M. Diarra,1,0.1266
240609,Á. Muñoz,190172,Juan Cruz,2,0.1672
240609,Á. Muñoz,5055,José Mari,3,0.2127
240609,Á. Muñoz,3829,Oier Sanjurjo,4,0.254
240609,Á. Muñoz,3975,Sergio Álvarez,5,0.2641
240609,Á. Muñoz,471583,I. Baba,6,0.2807
240609,Á. Muñoz,441230,T. Alarcón,7,0.2818
240609,Á. Muñoz,15214,A. Rukavina,8,0.292
240609,Á. Muñoz,3866,M. Iturra,9,0.2962
240609,Á. Muñoz,427886,C. Protesoni,10,0.3006
240680,Aleix Febas,3803,Sergi Darder,1,0.1251
240680,Aleix Febas,3536,Moi Gómez,2,0.1555
240680,Aleix Febas,582472,L. Sučić,3,0.1754
240680,Aleix Febas,4007,Diego Castro,4,0.1773
240680,Aleix Febas,647161,Gavi,5,0.2067
240680,Aleix Febas,624498,Martim Neto,6,0.2083
240680,Aleix Febas,3537,Cani,7,0.2311
240680,Aleix Febas,3572,Portillo,8,0.2902
240680,Aleix Febas,499596,S. Dest,9,0.3126
240680,Aleix Febas,372752,Carlos Soler,10,0.3267
241945,P. Sisto,234527,A. Halilović,1,0.1668
241945,P. Sisto,142755,B. Traoré,2,0.1919
241945,P. Sisto,3843,F. Orellana,3,0.2341
241945,P. Sisto,112522,J. Corona,4,0.2623
241945,P. Sisto,5875,Álex Gallar,5,0.2726
241945,P. Sisto,879047,Fer López,6,0.316
241945,P. Sisto,3284,S. Feghouli,7,0.3196
241945,P. Sisto,343925,D. Verde,8,0.3248
241945,P. Sisto,3358,Cristian Tello,9,0.3498
241945,P. Sisto,1751,O. Tannane,10,0.3554
242697,Kevin Vázquez,70164,Miguel Lopes,1,0.0277
242697,Kevin Vázquez,3806,Javi López,2,0.0547
242697,Kevin Vázquez,653322,Diego Moreno,3,0.1757
242697,Kevin Vázquez,696658,O. El Hilali,4,0.2396
242697,Kevin Vázquez,225022,Rubén Duarte,5,0.2538
242697,Kevin Vázquez,69409,Š. Vrsaljko,6,0.283
242697,Kevin Vázquez,3798,Dídac Vilá,7,0.3007
242697,Kevin Vázquez,3557,Jesús Gámez,8,0.3031
242697,Kevin Vázquez,393214,V. Rosier,9,0.305
242697,Kevin Vázquez,3750,Mikel Balenziaga,10,0.3274
247141,Iñaki Williams,569212,Ferrán Jutglà,1,0.1876
247141,Iñaki Williams,5911,Sandro Ramírez,2,0.3025
247141,Iñaki Williams,373016,C. Hernández,3,0.3074
247141,Iñaki Williams,3287,Portu,4,0.3361
247141,Iñaki Williams,259946,A. Peñaranda,5,0.3369
247141,Iñaki Williams,652912,W. Swedberg,6,0.3446
247141,Iñaki Williams,1720,S. Becker,7,0.3508
247141,Iñaki Williams,230883,Ayoze Pérez,8,0.3558
247141,Iñaki Williams,404757,J. Kluivert,9,0.3989
247141,Iñaki Williams,4880,Rober Ibáñez,10,0.4106
247169,Diego González,3466,Alexis,1,0.1344
247169,Diego González,4329,Alejandro Arribas,2,0.1613
247169,Diego González,57347,S. Ingason,3,0.1832
247169,Diego González,189976,M. Angeleri,4,0.1878
247169,Diego González,504689,F. Garcés,5,0.2032
247169,Diego González,275384,Jorge Meré,6,0.2192
247169,Diego González,89700,E. Roco,7,0.2217
247169,Diego González,256998,E. Bailly,8,0.2223
247169,Diego González,713622,John Donald,9,0.2356
247169,Diego González,330728,Domingos Duarte,10,0.2371
247207,Joan Jordán,276979,F. Mendy,1,0.2234
247207,Joan Jordán,3384,A. Guardado,2,0.2489
247207,Joan Jordán,230863,Unai López,3,0.2812
247207,Joan Jordán,3677,Rubén Pardo,4,0.305
247207,Joan Jordán,3542,Manu Trigueros,5,0.3143
247207,Joan Jordán,167641,S. Lobotka,6,0.3262
247207,Joan Jordán,135561,F. Grillitsch,7,0.3441
247207,Joan Jordán,3301,Arbeloa,8,0.3598
247207,Joan Jordán,282448,Aleix García,9,0.3747
247207,Joan Jordán,451235,Álvaro Aguado,10,0.3801
247212,Rafa Navarro,552232,Jon Ander Olasagasti,1,0.0864
247212,Rafa Navarro,545944,Oier Zarraga,2,0.2142
247212,Rafa Navarro,114709,L. Advíncula,3,0.2149
247212,Rafa Navarro,747916,Javi Guerra,4,0.2272
247212,Rafa Navarro,478999,Kike Pérez,5,0.2521
247212,Rafa Navarro,357981,Gonzalo Villar,6,0.2979
247212,Rafa Navarro,279538,Marcos Llorente,7,0.3068
247212,Rafa Navarro,4908,Alberto Moreno,8,0.3087
247212,Rafa Navarro,344118,Jaime Seoane,9,0.3135
247212,Rafa Navarro,339885,Son,10,0.3207
247219,Víctor Camarasa,26065,J. Martin,1,0.2021
247219,Víctor Camarasa,285109,F. Kessié,2,0.2401
247219,Víctor Camarasa,282790,D. Sow,3,0.361
247219,Víctor Camarasa,275417,Gonzalo Melero,4,0.3833
247219,Víctor Camarasa,25942,G. Imbula,5,0.422
247219,Víctor Camarasa,422520,Iván Martín,6,0.4272
247219,Víctor Camarasa,247222,Álvaro Medrán,7,0.4555
247219,Víctor Camarasa,643875,J. Solís,8,0.4816
247219,Víctor Camarasa,542101,S. Cissé,9,0.5324
247219,Víctor Camarasa,279526,W. Kaptoum,10,0.5346
247220,Jason,344075,Iñigo Córdoba,1,0.2126
247220,Jason,713838,Álex Sancris,2,0.2164
247220,Jason,584938,Fran Pérez,3,0.2615
247220,Jason,3539,H. Pérez,4,0.2831
247220,Jason,403706,A. Mallé,5,0.2981
247220,Jason,275419,Luis Rioja,6,0.3308
247220,Jason,275298,Adri Embarba,7,0.3492
247220,Jason,537561,Carlos Vicente,8,0.3524
247220,Jason,609127,Carlos Martín,9,0.3826
247220,Jason,693943,A. Rebbach,10,0.3904
247222,Álvaro Medrán,25798,E. Capoue,1,0.2346
247222,Álvaro Medrán,4590,A. González Casanova,2,0.2389
247222,Álvaro Medrán,475041,A. Sambi Lokonga,3,0.427
247222,Álvaro Medrán,247219,Víctor Camarasa,4,0.4555
247222,Álvaro Medrán,422520,Iván Martín,5,0.4568
247222,Álvaro Medrán,366401,F. Anguissa,6,0.4581
247222,Álvaro Medrán,26065,J. Martin,7,0.464
247222,Álvaro Medrán,4363,Vicente Gómez,8,0.4777
247222,Álvaro Medrán,584520,Nico González,9,0.5309
247222,Álvaro Medrán,6369,Iñigo Eguaras,10,0.5312
247671,N. Pépé,527100,M. Greenwood,1,0.2019
247671,N. Pépé,3326,Jesé Rodríguez,2,0.2519
247671,N. Pépé,3843,F. Orellana,3,0.2906
247671,N. Pépé,7926,Nani,4,0.3052
247671,N. Pépé,28115,N. Fekir,5,0.3585
247671,N. Pépé,397178,M. Rashford,6,0.3896
247671,N. Pépé,142755,B. Traoré,7,0.4441
247671,N. Pépé,234527,A. Halilović,8,0.4485
247671,N. Pépé,241945,P. Sisto,9,0.4619
247671,N. Pépé,3484,Luis Alberto,10,0.4651
248846,M. Villanueva,331583,Dani Calvo,1,0.0494
248846,M. Villanueva,330728,Domingos Duarte,2,0.0526
248846,M. Villanueva,20932,M. Nastasić,3,0.0765
248846,M. Villanueva,4113,Xabier Etxeita,4,0.132
248846,M. Villanueva,223681,A. Sedlar,5,0.1488
248846,M. Villanueva,4232,Alcalá,6,0.1727
248846,M. Villanueva,4358,Víctor Laguardia,7,0.1739
248846,M. Villanueva,387785,Unai Elgezabal,8,0.1879
248846,M. Villanueva,86507,L. Magallán,9,0.1897
248846,M. Villanueva,275384,Jorge Meré,10,0.1921
249917,M. Malsa,7899,Oriol Romeu,1,0.1254
249917,M. Malsa,503338,Martín Zubimendi,2,0.1838
249917,M. Malsa,634204,E. Barrenechea,3,0.1905
249917,M. Malsa,879052,Javi Rodríguez,4,0.2177
249917,M. Malsa,5289,Fran Rico,5,0.2231
249917,M. Malsa,4366,Hernán Santana,6,0.2692
249917,M. Malsa,422519,Fran Beltrán,7,0.2745
249917,M. Malsa,6369,Iñigo Eguaras,8,0.277
249917,M. Malsa,4757,Luso,9,0.3025
249917,M. Malsa,333571,L. Torreira,10,0.303
250805,Djené,450650,Imanol García,1,0.1374
250805,Djené,4268,Juan Rafael Fuentes,2,0.2405
250805,Djené,85113,A. Toșca,3,0.2663
250805,Djené,89133,Rodrigo Battaglia,4,0.303
250805,Djené,6317,Unai García,5,0.304
250805,Djené,507738,Vini Souza,6,0.3254
250805,Djené,279545,L. Hernández,7,0.3492
250805,Djené,295225,Fede San Emeterio,8,0.3519
250805,Djené,4003,Miguel Torres,9,0.3773
250805,Djené,556923,A. Abqar,10,0.4052
250885,Santi Mina,388976,T. Kadewere,1,0.1435
250885,Santi Mina,536640,Sergio Camello,2,0.165
250885,Santi Mina,3294,Roberto Soldado,3,0.1767
250885,Santi Mina,7593,Quique González,4,0.2087
250885,Santi Mina,344120,Borja Mayoral,5,0.2299
250885,Santi Mina,69610,D. Čop,6,0.2492
250885,Santi Mina,3576,Juanmi,7,0.2674
250885,Santi Mina,489417,Erik Expósito,8,0.3218
250885,Santi Mina,135927,André Silva,9,0.3784
250885,Santi Mina,3605,Jorge Molina,10,0.3821
250899,Carlos Vigaray,252924,F. Angileri,1,0.2568
250899,Carlos Vigaray,7818,Carlos Akapo,2,0.284
250899,Carlos Vigaray,481618,N. Tenaglia,3,0.2842
250899,Carlos Vigaray,445504,Carlos Neva,4,0.3347
250899,Carlos Vigaray,90774,H. Palacios,5,0.3699
250899,Carlos Vigaray,4272,Ximo Navarro,6,0.4273
250899,Carlos Vigaray,3856,Molinero,7,0.464
250899,Carlos Vigaray,286994,Adrián Marín,8,0.4908
250899,Carlos Vigaray,21550,Gabriel Silva,9,0.4955
250899,Carlos Vigaray,170595,E. Insúa,10,0.5302
251447,V. Muriqi,279571,Jon Bautista,1,0.1059
251447,V. Muriqi,26167,C. Beauvue,2,0.1758
251447,V. Muriqi,6914,Álex Alegría,3,0.205
251447,V. Muriqi,364845,Rafa Mir,4,0.2221
251447,V. Muriqi,3651,Abdón Prats,5,0.2312
251447,V. Muriqi,105376,N. Kalinić,6,0.2683
251447,V. Muriqi,284322,E. Ponce,7,0.2788
251447,V. Muriqi,338201,E. Boateng,8,0.2869
251447,V. Muriqi,395636,M. Gómez,9,0.3004
251447,V. Muriqi,574907,E. Touré,10,0.3017
251565,Álvaro García,25477,S. Gürler,1,0.0968
251565,Álvaro García,344053,Carles Pérez,2,0.1068
251565,Álvaro García,218549,Garry Rodrigues,3,0.1686
251565,Álvaro García,4014,Pedro León,4,0.1928
251565,Álvaro García,3293,P. Piatti,5,0.2102
251565,Álvaro García,346551,I. Hagi,6,0.2144
251565,Álvaro García,397109,Jota,7,0.217
251565,Álvaro García,722567,G. Simeone,8,0.2428
251565,Álvaro García,4513,D. Cheryshev,9,0.2645
251565,Álvaro García,353331,K. Jóźwiak,10,0.2811
251570,M. Sylla,487756,Marcos André,1,0.265
251570,M. Sylla,22386,S. Longo,2,0.3305
251570,M. Sylla,487598,Miguel de la Fuente,3,0.4123
251570,M. Sylla,5147,A. Lozano,4,0.4445
251570,M. Sylla,607496,O. Óskarsson,5,0.4485
251570,M. Sylla,559368,A. Adams,6,0.4538
251570,M. Sylla,291231,Toni Martínez,7,0.4658
251570,M. Sylla,278348,Enric Gallego,8,0.506
251570,M. Sylla,592582,V. Vanat,9,0.5168
251570,M. Sylla,767660,García Pascual,10,0.538
252924,F. Angileri,7818,Carlos Akapo,1,0.1331
252924,F. Angileri,445504,Carlos Neva,2,0.2412
252924,F. Angileri,250899,Carlos Vigaray,3,0.2568
252924,F. Angileri,481618,N. Tenaglia,4,0.2583
252924,F. Angileri,170595,E. Insúa,5,0.3146
252924,F. Angileri,3856,Molinero,6,0.3247
252924,F. Angileri,286994,Adrián Marín,7,0.3504
252924,F. Angileri,90774,H. Palacios,8,0.3598
252924,F. Angileri,489488,Martín Aguirregabiria,9,0.3718
252924,F. Angileri,21550,Gabriel Silva,10,0.4248
254188,N. Leiva,225084,Rubén García,1,0.2415
254188,N. Leiva,4790,Carlos Carmona,2,0.2433
254188,N. Leiva,4285,Fede Vico,3,0.2497
254188,N. Leiva,410026,Álex Collado,4,0.2597
254188,N. Leiva,3837,Jota,5,0.2697
254188,N. Leiva,293862,Nacho Gil,6,0.2916
254188,N. Leiva,240445,Andreas Pereira,7,0.2932
254188,N. Leiva,482369,Javi Martínez,8,0.3101
254188,N. Leiva,331385,M. García,9,0.3481
254188,N. Leiva,5195,Omar Ramos,10,0.3518
254189,Ivi López,5138,Wellington Silva,1,0.2207
254189,Ivi López,406454,Waldo Rubio,2,0.245
254189,Ivi López,579987,Jon Morcillo,3,0.2535
254189,Ivi López,220656,Wanderson,4,0.3467
254189,Ivi López,4078,D. Ferreiro,5,0.3553
254189,Ivi López,21894,Keko Gontán,6,0.3772
254189,Ivi López,838872,Coba da Costa,7,0.3947
254189,Ivi López,344075,Iñigo Córdoba,8,0.3967
254189,Ivi López,337070,Toni Villa,9,0.4019
254189,Ivi López,287003,Benito Ramírez,10,0.4177
254408,Á. Correa,20441,E. Lamela,1,0.3075
254408,Á. Correa,135938,I. Cavaleiro,2,0.3157
254408,Á. Correa,291528,D. Lukébakio,3,0.3159
254408,Á. Correa,648423,Alberto Moleiro,4,0.3246
254408,Á. Correa,511155,R. Vargas,5,0.347
254408,Á. Correa,3814,T. Bifouma,6,0.4007
254408,Á. Correa,404757,J. Kluivert,7,0.4114
254408,Á. Correa,225089,José Luis Morales,8,0.4232
254408,Á. Correa,1720,S. Becker,9,0.4497
254408,Á. Correa,86338,L. Ocampos,10,0.451
254649,T. Asano,413891,Manu Vallejo,1,0.2274
254649,T. Asano,6106,Antonio Puertas,2,0.2452
254649,T. Asano,778343,Pablo Durán,3,0.2454
254649,T. Asano,3738,Lafita,4,0.3409
254649,T. Asano,346071,O. Burke,5,0.3546
254649,T. Asano,947211,C. Uche,6,0.3554
254649,T. Asano,593103,Álvaro Djaló,7,0.4127
254649,T. Asano,744761,Mateo Joseph,8,0.417
254649,T. Asano,818689,Assane Diao,9,0.4538
254649,T. Asano,134249,Rubén Sobrino,10,0.4698
254898,Kenedy,601166,Jofre Carreras,1,0.1716
254898,Kenedy,450776,Jorge de Frutos,2,0.1922
254898,Kenedy,584938,Fran Pérez,3,0.2664
254898,Kenedy,3539,H. Pérez,4,0.2916
254898,Kenedy,275419,Luis Rioja,5,0.3707
254898,Kenedy,527102,L. Ramazani,6,0.3707
254898,Kenedy,609127,Carlos Martín,7,0.3762
254898,Kenedy,596822,Luiz Henrique,8,0.4019
254898,Kenedy,116898,D. Machís,9,0.4228
254898,Kenedy,247220,Jason,10,0.4291
255254,Danilo Barbosa,363717,Y. Herrera,1,0.0906
255254,Danilo Barbosa,400691,N. Petrović,2,0.1802
255254,Danilo Barbosa,480138,B. Mendy,3,0.2137
255254,Danilo Barbosa,3380,Juan Domínguez,4,0.2545
255254,Danilo Barbosa,212644,G. Escalante,5,0.272
255254,Danilo Barbosa,336371,Guilherme Arana,6,0.2759
255254,Danilo Barbosa,20618,N. Krstičić,7,0.2765
255254,Danilo Barbosa,237269,S. Lukić,8,0.3227
255254,Danilo Barbosa,373713,Christian Rivera,9,0.3575
255254,Danilo Barbosa,4488,Saúl Ñíguez,10,0.3785
255256,Arthur,373410,F. de Jong,1,0.3315
255256,Arthur,14808,İ. Gündoğan,2,0.5917
255256,Arthur,14723,T. Kroos,3,0.6948
255256,Arthur,4336,T. Gayoso Roberto,4,0.704
255256,Arthur,8287,L. Modrić,5,0.7325
255256,Arthur,3476,I. Rakitić,6,0.8045
255256,Arthur,532467,Riqui Puig,7,0.8094
255256,Arthur,3353,Andrés Iniesta,8,0.8456
255256,Arthur,559647,Kirian Rodríguez,9,0.9143
255256,Arthur,8320,S. Nasri,10,0.9254
255433,Ricardo Horta,624774,Gabri Veiga,1,0.1229
255433,Ricardo Horta,3357,Isaac Cuenca,2,0.2191
255433,Ricardo Horta,37836,M. Lestienne,3,0.222
255433,Ricardo Horta,275293,Samu García,4,0.2419
255433,Ricardo Horta,560889,Nico Melamed,5,0.2827
255433,Ricardo Horta,611463,Aimar Oroz,6,0.2831
255433,Ricardo Horta,485383,Álex Mula,7,0.3021
255433,Ricardo Horta,282442,Carles Aleñà,8,0.3078
255433,Ricardo Horta,563968,Iker Losada,9,0.3136
255433,Ricardo Horta,357946,Isi Palazón,10,0.3235
255738,J. Lerma,3560,Nacho Monreal,1,0.0911
255738,J. Lerma,645789,Iker Muñoz,2,0.1626
255738,J. Lerma,4488,Saúl Ñíguez,3,0.2017
255738,J. Lerma,582098,D. Lopy,4,0.2033
255738,J. Lerma,286963,Mikel Vesga,5,0.2214
255738,J. Lerma,558754,Carlos Dotor,6,0.2305
255738,J. Lerma,598620,Johnny Cardoso,7,0.2627
255738,J. Lerma,263091,Gerard Gumbau,8,0.2659
255738,J. Lerma,55990,T. Delaney,9,0.286
255738,J. Lerma,471764,Monchu,10,0.2922
256854,L. Suárez,285743,D. van de Beek,1,0.2449
256854,L. Suárez,532815,Miguel Baeza,2,0.2678
256854,L. Suárez,3361,A. Sánchez,3,0.297
256854,L. Suárez,644114,L. Romero,4,0.2971
256854,L. Suárez,4778,Coro,5,0.3231
256854,L. Suárez,6370,Eraso,6,0.3624
256854,L. Suárez,282442,Carles Aleñà,7,0.3935
256854,L. Suárez,43051,Gabriel Pires,8,0.4057
256854,L. Suárez,3479,Manu del Moral,9,0.4361
256854,L. Suárez,279566,Jon Guridi,10,0.4511
256998,E. Bailly,275384,Jorge Meré,1,0.0282
256998,E. Bailly,4329,Alejandro Arribas,2,0.1219
256998,E. Bailly,41124,Naldo,3,0.13
256998,E. Bailly,4113,Xabier Etxeita,4,0.1344
256998,E. Bailly,338429,A. Radovanović,5,0.1364
256998,E. Bailly,387785,Unai Elgezabal,6,0.145
256998,E. Bailly,12,K. Omeruo,7,0.1463
256998,E. Bailly,4232,Alcalá,8,0.1567
256998,E. Bailly,89700,E. Roco,9,0.1665
256998,E. Bailly,20932,M. Nastasić,10,0.1846
257752,M. Moreno,285509,I. Success,1,0.2703
257752,M. Moreno,1016232,Jesús Rodríguez,2,0.284
257752,M. Moreno,5291,Jaime Romero,3,0.293
257752,M. Moreno,643199,A. Ezzalzouli,4,0.3092
257752,M. Moreno,239843,Zakaria Bakkali,5,0.3123
257752,M. Moreno,91282,M. Cuero,6,0.3361
257752,M. Moreno,225089,José Luis Morales,7,0.3842
257752,M. Moreno,32968,N. Amrabat,8,0.4147
257752,M. Moreno,769471,Joel Roca,9,0.4259
257752,M. Moreno,1127679,Jan Virgili,10,0.4424
258022,V. Tsygankov,226005,Burgui,1,0.11
258022,V. Tsygankov,337068,J. Pombo,2,0.2267
258022,V. Tsygankov,648423,Alberto Moleiro,3,0.228
258022,V. Tsygankov,5791,J. Añor,4,0.2577
258022,V. Tsygankov,639038,A. Zakharyan,5,0.2867
258022,V. Tsygankov,1751,O. Tannane,6,0.3009
258022,V. Tsygankov,343925,D. Verde,7,0.3012
258022,V. Tsygankov,279567,Martín Merquelanz,8,0.3014
258022,V. Tsygankov,4375,Vitolo,9,0.3035
258022,V. Tsygankov,20441,E. Lamela,10,0.3572
258264,L. Jović,40770,Willian José,1,0.2578
258264,L. Jović,3604,Rubén Castro,2,0.3728
258264,L. Jović,14943,M. Mandžukić,3,0.4768
258264,L. Jović,25867,P. Aubameyang,4,0.526
258264,L. Jović,3608,R. Santa Cruz,5,0.5683
258264,L. Jović,112596,J. Martínez,6,0.5688
258264,L. Jović,7941,Chicharito,7,0.5746
258264,L. Jović,3781,Javi Guerra,8,0.5837
258264,L. Jović,5297,I. Uche,9,0.6151
258264,L. Jović,25577,L. Rémy,10,0.6162
258591,O. Alderete,518905,José Copete,1,0.0659
258591,O. Alderete,279545,L. Hernández,2,0.1782
258591,O. Alderete,769463,Yarek Gasiorowski,3,0.2287
258591,O. Alderete,508440,B. Méndez,4,0.2441
258591,O. Alderete,85113,A. Toșca,5,0.2537
258591,O. Alderete,116259,G. Silva,6,0.2608
258591,O. Alderete,387799,F. Russo,7,0.2686
258591,O. Alderete,282441,Jesús Vallejo,8,0.2951
258591,O. Alderete,3400,F. Amorebieta,9,0.3233
258591,O. Alderete,450650,Imanol García,10,0.3352
258625,L. Abram,86328,G. Pezzella,1,0.0541
258625,L. Abram,3526,M. Musacchio,2,0.0628
258625,L. Abram,40542,Felipe,3,0.124
258625,L. Abram,500200,Miguel Rubio,4,0.1542
258625,L. Abram,3943,Aridane Hernández,5,0.1546
258625,L. Abram,292654,M. Diakhaby,6,0.1606
258625,L. Abram,3433,D. Godín,7,0.1619
258625,L. Abram,7302,Raúl Albentosa,8,0.1635
258625,L. Abram,265833,N. Maraš,9,0.167
258625,L. Abram,136164,E. Filipenko,10,0.177
258907,R. Assalé,105541,Lucas Pérez,1,0.0817
258907,R. Assalé,227756,J. Boga,2,0.1189
258907,R. Assalé,397303,Ferrán Torres,3,0.1535
258907,R. Assalé,70129,Rodrigo,4,0.2589
258907,R. Assalé,551596,Lázaro,5,0.2853
258907,R. Assalé,550459,J. Álvarez,6,0.3295
258907,R. Assalé,545942,Oihan Sancet,7,0.3488
258907,R. Assalé,5400,Gerard Moreno,8,0.4404
258907,R. Assalé,8297,G. dos Santos,9,0.452
258907,R. Assalé,134513,A. Martial,10,0.4773
259946,A. Peñaranda,135848,M. Livaja,1,0.1751
259946,A. Peñaranda,595008,Alejandro Cantero,2,0.2034
259946,A. Peñaranda,101707,F. Smolov,3,0.2194
259946,A. Peñaranda,373016,C. Hernández,4,0.2346
259946,A. Peñaranda,130196,Dyego Sousa,5,0.3163
259946,A. Peñaranda,247141,Iñaki Williams,6,0.3369
259946,A. Peñaranda,7623,Léo Baptistão,7,0.3379
259946,A. Peñaranda,452264,Marc Cardona,8,0.3383
259946,A. Peñaranda,70327,N. Ghilas,9,0.3393
259946,A. Peñaranda,618697,Iván Romero,10,0.354
261127,A. Januzaj,105378,Y. Konoplyanka,1,0.2267
261127,A. Januzaj,496400,C. Ejuke,2,0.4163
261127,A. Januzaj,403260,S. Chukwueze,3,0.4392
261127,A. Januzaj,134769,Y. Carrasco,4,0.4449
261127,A. Januzaj,240567,O. Idrissi,5,0.456
261127,A. Januzaj,661732,Savinho,6,0.4653
261127,A. Januzaj,374800,M. Vargas,7,0.5047
261127,A. Januzaj,1182657,Y. Diomande,8,0.509
261127,A. Januzaj,215983,S. Boufal,9,0.5557
261127,A. Januzaj,237034,Gonçalo Guedes,10,0.5753
262121,D. Vavro,5542,Dani García,1,0.0956
262121,D. Vavro,86796,I. Marcone,2,0.1768
262121,D. Vavro,477106,S. Cáseres,3,0.1924
262121,D. Vavro,3436,Javi Manquillo,4,0.2292
262121,D. Vavro,473364,Hugo Guillamón,5,0.247
262121,D. Vavro,368110,Jailson,6,0.2476
262121,D. Vavro,4009,M. Lacen,7,0.2745
262121,D. Vavro,20460,M. Cáceres,8,0.2856
262121,D. Vavro,3594,José Alberto Cañas,9,0.2939
262121,D. Vavro,20547,Javier Garrido,10,0.2945
263091,Gerard Gumbau,3560,Nacho Monreal,1,0.1778
263091,Gerard Gumbau,4488,Saúl Ñíguez,2,0.1842
263091,Gerard Gumbau,582098,D. Lopy,3,0.1894
263091,Gerard Gumbau,558754,Carlos Dotor,4,0.2213
263091,Gerard Gumbau,4238,Michel Macedo,5,0.2238
263091,Gerard Gumbau,436785,Y. Neyou,6,0.2423
263091,Gerard Gumbau,255738,J. Lerma,7,0.2659
263091,Gerard Gumbau,480138,B. Mendy,8,0.2838
263091,Gerard Gumbau,400691,N. Petrović,9,0.2851
263091,Gerard Gumbau,25441,M. Sissoko,10,0.2875
263105,Pablo Maffeo,585816,Manu Sánchez,1,0.1268
263105,Pablo Maffeo,603778,Abel Bretones,2,0.178
263105,Pablo Maffeo,711011,Marc Pubill,3,0.1901
263105,Pablo Maffeo,485271,Lucas Rosa,4,0.2391
263105,Pablo Maffeo,472519,Mateu Morey,5,0.2493
263105,Pablo Maffeo,435759,Adrià Pedrosa,6,0.2503
263105,Pablo Maffeo,149389,J. Toljan,7,0.2796
263105,Pablo Maffeo,585538,R. Alhassane,8,0.3214
263105,Pablo Maffeo,420532,Pipa,9,0.3436
263105,Pablo Maffeo,436688,Viti Rozada,10,0.3659
263147,M. Miazga,4093,Añibarro,1,0.1804
263147,M. Miazga,57347,S. Ingason,2,0.2046
263147,M. Miazga,3431,Miranda,3,0.2266
263147,M. Miazga,189976,M. Angeleri,4,0.2282
263147,M. Miazga,247169,Diego González,5,0.3156
263147,M. Miazga,14893,H. Westermann,6,0.322
263147,M. Miazga,498350,M. Mbaye,7,0.3274
263147,M. Miazga,4329,Alejandro Arribas,8,0.3345
263147,M. Miazga,208694,Rodrigo Ely,9,0.3405
263147,M. Miazga,26332,P. Baysse,10,0.356
265369,U. Agbo,545943,Unai Vencedor,1,0.0796
265369,U. Agbo,25785,S. Aurier,2,0.1783
265369,U. Agbo,352787,Pepelu,3,0.1831
265369,U. Agbo,286030,K. Bare,4,0.1843
265369,U. Agbo,86234,E. Pérez,5,0.2241
265369,U. Agbo,477352,Ander Guevara,6,0.2309
265369,U. Agbo,167118,Erik Morán,7,0.2815
265369,U. Agbo,589805,L. Agoumé,8,0.2884
265369,U. Agbo,402004,S. Colombatto,9,0.2898
265369,U. Agbo,3418,Iñigo Ruiz de Galarreta,10,0.2933
265376,M. Simon,5195,Omar Ramos,1,0.0782
265376,M. Simon,282444,Sergi Canós,2,0.1426
265376,M. Simon,568583,Juan Cruz,3,0.174
265376,M. Simon,4513,D. Cheryshev,4,0.1844
265376,M. Simon,3394,Bruno Gama,5,0.2125
265376,M. Simon,220656,Wanderson,6,0.2164
265376,M. Simon,3293,P. Piatti,7,0.2532
265376,M. Simon,134174,Samu Castillejo,8,0.2838
265376,M. Simon,251565,Álvaro García,9,0.3477
265376,M. Simon,596052,Ander Barrenetxea,10,0.3498
265807,José Naranjo,169000,Pablo Pérez,1,0.1947
265807,José Naranjo,551419,Alberto Soro,2,0.411
265807,José Naranjo,546242,Roger Brugué,3,0.421
265807,José Naranjo,7693,Pere Milla,4,0.4345
265807,José Naranjo,127928,D. Brašanac,5,0.4511
265807,José Naranjo,425893,L. Ilić,6,0.4827
265807,José Naranjo,855222,Unai Gómez,7,0.5119
265807,José Naranjo,4515,Óscar Plano,8,0.5138
265807,José Naranjo,5725,R. Azeez,9,0.5497
265807,José Naranjo,626229,Mario Martín,10,0.5543
265833,N. Maraš,70085,E. Mangala,1,0.0664
265833,N. Maraš,3943,Aridane Hernández,2,0.1045
265833,N. Maraš,7302,Raúl Albentosa,3,0.1158
265833,N. Maraš,136164,E. Filipenko,4,0.1183
265833,N. Maraš,86328,G. Pezzella,5,0.1307
265833,N. Maraš,167149,Joaquín Fernández,6,0.1556
265833,N. Maraš,258625,L. Abram,7,0.167
265833,N. Maraš,500200,Miguel Rubio,8,0.1694
265833,N. Maraš,26332,P. Baysse,9,0.17
265833,N. Maraš,70767,A. Santos,10,0.1772
265864,N. Maksimović,364846,Y. Eteki,1,0.5266
265864,N. Maksimović,425893,L. Ilić,2,0.5492
265864,N. Maksimović,375350,M. Loum,3,0.5547
265864,N. Maksimović,5725,R. Azeez,4,0.6347
265864,N. Maksimović,20406,M. Flamini,5,0.6365
265864,N. Maksimović,334154,A. Tuhami,6,0.6562
265864,N. Maksimović,5112,Lucas Torró,7,0.679
265864,N. Maksimović,26032,C. Doukouré,8,0.7195
265864,N. Maksimović,6386,Jon Ander Garrido,9,0.7238
265864,N. Maksimović,56408,J. Jønsson,10,0.7288
266885,M. Olunga,122859,Y. El-Arabi,1,0.149
266885,M. Olunga,134175,Raúl de Tomás,2,0.1589
266885,M. Olunga,105618,A. Kravets,3,0.1799
266885,M. Olunga,3483,Álvaro Negredo,4,0.2363
266885,M. Olunga,98072,S. Šćepović,5,0.2604
266885,M. Olunga,101795,L. Traoré,6,0.2633
266885,M. Olunga,3424,Fernando Llorente,7,0.286
266885,M. Olunga,3988,David Barral,8,0.3219
266885,M. Olunga,21174,E. Cavani,9,0.3284
266885,M. Olunga,4048,Sergi Enrich,10,0.3306
268776,W. Hoedt,405603,M. Gabbia,1,0.2513
268776,W. Hoedt,620193,C. Riedel,2,0.2889
268776,W. Hoedt,101649,N. Pareja,3,0.3059
268776,W. Hoedt,814546,Carlos Domínguez,4,0.3077
268776,W. Hoedt,3335,Marc Bartra,5,0.3194
268776,W. Hoedt,20547,Javier Garrido,6,0.3267
268776,W. Hoedt,525104,Dani Vivian,7,0.3362
268776,W. Hoedt,3594,José Alberto Cañas,8,0.374
268776,W. Hoedt,583159,L. Badé,9,0.3759
268776,W. Hoedt,134502,Aymeric Laporte,10,0.3786
269060,P. Hernández,357806,D. Hancko,1,0.0834
269060,P. Hernández,274344,B. Santamaria,2,0.0879
269060,P. Hernández,4902,Ángel Montoro,3,0.1441
269060,P. Hernández,4242,Corona,4,0.1722
269060,P. Hernández,706732,Sergi Altimira,5,0.1776
269060,P. Hernández,422519,Fran Beltrán,6,0.1891
269060,P. Hernández,5289,Fran Rico,7,0.2099
269060,P. Hernández,3680,David Zurutuza,8,0.2235
269060,P. Hernández,366401,F. Anguissa,9,0.233
269060,P. Hernández,3977,Nacho Cases,10,0.2651
269137,T. Bongonda,3908,Lago Júnior,1,0.1583
269137,T. Bongonda,769471,Joel Roca,2,0.2746
269137,T. Bongonda,101847,M. Carcela-González,3,0.3164
269137,T. Bongonda,561186,Yéremy Pino,4,0.3219
269137,T. Bongonda,501471,I. Chaira,5,0.3255
269137,T. Bongonda,507495,Dani Escriche,6,0.3288
269137,T. Bongonda,339857,José Arnáiz,7,0.3389
269137,T. Bongonda,4127,J. Feliu,8,0.3479
269137,T. Bongonda,4592,Paco Montañés,9,0.3541
269137,T. Bongonda,634666,Diego López,10,0.3558
270037,M. Valjent,7857,Ignasi Miquel,1,0.0678
270037,M. Valjent,344039,Chumi,2,0.0852
270037,M. Valjent,404693,M. Kumbulla,3,0.1143
270037,M. Valjent,223681,A. Sedlar,4,0.124
270037,M. Valjent,449817,A. Mumin,5,0.1252
270037,M. Valjent,410055,Róber Pier,6,0.1318
270037,M. Valjent,298353,José Martínez,7,0.1469
270037,M. Valjent,86548,S. Vergini,8,0.1501
270037,M. Valjent,916711,Juma Bah,9,0.1551
270037,M. Valjent,508021,Jorge Cuenca,10,0.1568
270866,Diego Carlos,7860,T. Vermaelen,1,0.0856
270866,Diego Carlos,26307,A. Mandi,2,0.2513
270866,Diego Carlos,3309,R. Varane,3,0.3239
270866,Diego Carlos,14748,A. Rüdiger,4,0.3969
270866,Diego Carlos,230626,D. Ćaleta-Car,5,0.4495
270866,Diego Carlos,292991,M. Lemos,6,0.5081
270866,Diego Carlos,70120,Javi García,7,0.5096
270866,Diego Carlos,3795,H. Moreno,8,0.518
270866,Diego Carlos,3305,Pepe,9,0.5527
270866,Diego Carlos,281069,Robin Le Normand,10,0.5681
274344,B. Santamaria,357806,D. Hancko,1,0.011
274344,B. Santamaria,269060,P. Hernández,2,0.0879
274344,B. Santamaria,422519,Fran Beltrán,3,0.1348
274344,B. Santamaria,3977,Nacho Cases,4,0.1932
274344,B. Santamaria,4902,Ángel Montoro,5,0.201
274344,B. Santamaria,3680,David Zurutuza,6,0.2032
274344,B. Santamaria,4242,Corona,7,0.2395
274344,B. Santamaria,706732,Sergi Altimira,8,0.2475
274344,B. Santamaria,5289,Fran Rico,9,0.2585
274344,B. Santamaria,460552,P. Gueye,10,0.2808
274435,E. Ünal,5268,Sergio León,1,0.0875
274435,E. Ünal,105376,N. Kalinić,2,0.1435
274435,E. Ünal,282449,Asier Villalibre,3,0.1851
274435,E. Ünal,683194,T. Barry,4,0.2219
274435,E. Ünal,611298,Raul García,5,0.2238
274435,E. Ünal,3874,Kike García,6,0.2307
274435,E. Ünal,20733,F. Piovaccari,7,0.2394
274435,E. Ünal,486425,Fer Niño,8,0.2523
274435,E. Ünal,574907,E. Touré,9,0.2531
274435,E. Ünal,6914,Álex Alegría,10,0.2633
275293,Samu García,3357,Isaac Cuenca,1,0.054
275293,Samu García,37836,M. Lestienne,2,0.13
275293,Samu García,280383,E. Bardhi,3,0.1612
275293,Samu García,279569,Sangalli,4,0.1966
275293,Samu García,293862,Nacho Gil,5,0.2268
275293,Samu García,225084,Rubén García,6,0.2339
275293,Samu García,4285,Fede Vico,7,0.2415
275293,Samu García,255433,Ricardo Horta,8,0.2419
275293,Samu García,4252,Aaron Níguez,9,0.2646
275293,Samu García,352789,Óscar Rodríguez,10,0.2985
275296,David Costas,86325,R. Funes Mori,1,0.0967
275296,David Costas,3562,Sergio Sánchez,2,0.1084
275296,David Costas,344068,Unai Núñez,3,0.1552
275296,David Costas,295234,Sergio González,4,0.1605
275296,David Costas,375335,J. Aidoo,5,0.1805
275296,David Costas,911027,Vitor Reis,6,0.1831
275296,David Costas,583159,L. Badé,7,0.1899
275296,David Costas,3588,Chechu Dorado,8,0.19
275296,David Costas,92874,L. Vyntra,9,0.1989
275296,David Costas,3695,Álvaro Soberón,10,0.203
275298,Adri Embarba,693943,A. Rebbach,1,0.1199
275298,Adri Embarba,403706,A. Mallé,2,0.2048
275298,Adri Embarba,838872,Coba da Costa,3,0.2869
275298,Adri Embarba,537561,Carlos Vicente,4,0.2875
275298,Adri Embarba,584938,Fran Pérez,5,0.2956
275298,Adri Embarba,713838,Álex Sancris,6,0.3068
275298,Adri Embarba,596822,Luiz Henrique,7,0.3466
275298,Adri Embarba,247220,Jason,8,0.3492
275298,Adri Embarba,344075,Iñigo Córdoba,9,0.3549
275298,Adri Embarba,32601,Bebé,10,0.3754
275338,Borja Iglesias,91519,J. Córdoba,1,0.0978
275338,Borja Iglesias,3804,Álvaro Vázquez,2,0.1767
275338,Borja Iglesias,20728,Jonathas,3,0.1847
275338,Borja Iglesias,3324,Álvaro Morata,4,0.1871
275338,Borja Iglesias,25472,C. Bakambu,5,0.2244
275338,Borja Iglesias,101795,L. Traoré,6,0.2369
275338,Borja Iglesias,515713,B. Dia,7,0.2585
275338,Borja Iglesias,5481,Miguel Guerrero,8,0.3068
275338,Borja Iglesias,55968,M. Braithwaite,9,0.3133
275338,Borja Iglesias,4048,Sergi Enrich,10,0.3174
275384,Jorge Meré,256998,E. Bailly,1,0.0282
275384,Jorge Meré,4329,Alejandro Arribas,2,0.1095
275384,Jorge Meré,338429,A. Radovanović,3,0.1343
275384,Jorge Meré,12,K. Omeruo,4,0.1445
275384,Jorge Meré,387785,Unai Elgezabal,5,0.1447
275384,Jorge Meré,4113,Xabier Etxeita,6,0.1469
275384,Jorge Meré,41124,Naldo,7,0.1576
275384,Jorge Meré,4232,Alcalá,8,0.1753
275384,Jorge Meré,20932,M. Nastasić,9,0.185
275384,Jorge Meré,89700,E. Roco,10,0.1861
275417,Gonzalo Melero,285109,F. Kessié,1,0.1756
275417,Gonzalo Melero,26065,J. Martin,2,0.2072
275417,Gonzalo Melero,135807,M. Pašalić,3,0.3674
275417,Gonzalo Melero,247219,Víctor Camarasa,4,0.3833
275417,Gonzalo Melero,282790,D. Sow,5,0.4888
275417,Gonzalo Melero,3705,Adrián González,6,0.5019
275417,Gonzalo Melero,247222,Álvaro Medrán,7,0.6082
275417,Gonzalo Melero,4363,Vicente Gómez,8,0.6254
275417,Gonzalo Melero,51004,C. Borges,9,0.6544
275417,Gonzalo Melero,547492,Reinier,10,0.6712
275419,Luis Rioja,584938,Fran Pérez,1,0.1819
275419,Luis Rioja,3539,H. Pérez,2,0.1948
275419,Luis Rioja,4513,D. Cheryshev,3,0.1993
275419,Luis Rioja,3293,P. Piatti,4,0.2331
275419,Luis Rioja,568583,Juan Cruz,5,0.2371
275419,Luis Rioja,403706,A. Mallé,6,0.2445
275419,Luis Rioja,596822,Luiz Henrique,7,0.2511
275419,Luis Rioja,339791,Álex Berenguer,8,0.2911
275419,Luis Rioja,116898,D. Machís,9,0.3004
275419,Luis Rioja,532627,Arnau Puigmal,10,0.3207
275485,Josan,3501,Álvaro Cejudo,1,0.2339
275485,Josan,359847,Alfonso Pedraza,2,0.2463
275485,Josan,287003,Benito Ramírez,3,0.313
275485,Josan,297043,F. Cervi,4,0.3245
275485,Josan,357992,Aitor Ruibal,5,0.327
275485,Josan,406454,Waldo Rubio,6,0.3403
275485,Josan,344040,Marc Cucurella,7,0.3914
275485,Josan,6210,Aday,8,0.4032
275485,Josan,254189,Ivi López,9,0.4222
275485,Josan,344075,Iñigo Córdoba,10,0.4244
276944,J. Bamba,286830,P. Roberts,1,0.0925
276944,J. Bamba,4597,Saúl Berjón,2,0.1872
276944,J. Bamba,495674,Samuel Lino,3,0.1972
276944,J. Bamba,412897,Dani Raba,4,0.2396
276944,J. Bamba,212651,C. Musonda,5,0.2481
276944,J. Bamba,3420,Markel Susaeta,6,0.2513
276944,J. Bamba,471991,Rodrigo Riquelme,7,0.2615
276944,J. Bamba,504301,T. Kubo,8,0.298
276944,J. Bamba,602620,T. Buchanan,9,0.3025
276944,J. Bamba,4337,Lass Bangoura,10,0.3042
276979,F. Mendy,247207,Joan Jordán,1,0.2234
276979,F. Mendy,167641,S. Lobotka,2,0.3018
276979,F. Mendy,3384,A. Guardado,3,0.3172
276979,F. Mendy,451235,Álvaro Aguado,4,0.3435
276979,F. Mendy,584520,Nico González,5,0.3562
276979,F. Mendy,135561,F. Grillitsch,6,0.3609
276979,F. Mendy,3542,Manu Trigueros,7,0.3692
276979,F. Mendy,230863,Unai López,8,0.3767
276979,F. Mendy,3677,Rubén Pardo,9,0.3852
276979,F. Mendy,366401,F. Anguissa,10,0.4086
278007,F. Ricca,3375,Laure,1,0.102
278007,F. Ricca,21550,Gabriel Silva,2,0.1555
278007,F. Ricca,21842,C. Biraghi,3,0.1666
278007,F. Ricca,3408,Enric Saborit,4,0.2238
278007,F. Ricca,4326,Tito,5,0.2299
278007,F. Ricca,3969,Roberto Canella,6,0.2456
278007,F. Ricca,90774,H. Palacios,7,0.2608
278007,F. Ricca,553292,Abner,8,0.2626
278007,F. Ricca,3856,Molinero,9,0.2692
278007,F. Ricca,4425,Víctor Díaz,10,0.2804
278015,J. Rodríguez,94764,Y. Muto,1,0.1314
278015,J. Rodríguez,7629,Jaime Mata,2,0.1882
278015,J. Rodríguez,536058,Fábio Silva,3,0.1917
278015,J. Rodríguez,364820,Loren Morón,4,0.2319
278015,J. Rodríguez,784394,Vitor Roque,5,0.2734
278015,J. Rodríguez,670456,E. Eyong,6,0.2752
278015,J. Rodríguez,350992,U. Sadiq,7,0.2784
278015,J. Rodríguez,788748,Álvaro Rodríguez,8,0.3133
278015,J. Rodríguez,285727,L. Dimata,9,0.3317
278015,J. Rodríguez,287219,M. Uzuni,10,0.3352
278049,E. Cabaco,387799,F. Russo,1,0.1398
278049,E. Cabaco,622288,Kaiky,2,0.1559
278049,E. Cabaco,3403,Borja Ekiza,3,0.1654
278049,E. Cabaco,6317,Unai García,4,0.1833
278049,E. Cabaco,282441,Jesús Vallejo,5,0.1878
278049,E. Cabaco,3400,F. Amorebieta,6,0.1925
278049,E. Cabaco,3885,L. Cabrera,7,0.307
278049,E. Cabaco,556923,A. Abqar,8,0.3363
278049,E. Cabaco,20672,J.Crespo Rincón,9,0.371
278049,E. Cabaco,258591,O. Alderete,10,0.3781
278278,Munir El Haddadi,290215,Dani Ndi,1,0.1949
278278,Munir El Haddadi,355599,Mikel Oyarzabal,2,0.2277
278278,Munir El Haddadi,71057,Licá,3,0.2509
278278,Munir El Haddadi,771062,Chuki,4,0.2532
278278,Munir El Haddadi,5911,Sandro Ramírez,5,0.2714
278278,Munir El Haddadi,3934,N. El Zhar,6,0.2728
278278,Munir El Haddadi,3479,Manu del Moral,7,0.286
278278,Munir El Haddadi,38094,I. Ezekiel,8,0.3263
278278,Munir El Haddadi,569212,Ferrán Jutglà,9,0.3667
278278,Munir El Haddadi,230883,Ayoze Pérez,10,0.3801
278288,Aritz Elustondo,935301,Marcos Peña,1,0.1141
278288,Aritz Elustondo,645877,Y. Mosquera,2,0.1434
278288,Aritz Elustondo,720559,Kike Salas,3,0.1577
278288,Aritz Elustondo,4325,Jorge Pulido,4,0.1692
278288,Aritz Elustondo,453270,M. Hongla,5,0.1792
278288,Aritz Elustondo,593173,Aiham Ousou,6,0.2087
278288,Aritz Elustondo,26518,C. Sánchez,7,0.2119
278288,Aritz Elustondo,535845,E. Boyomo,8,0.2402
278288,Aritz Elustondo,557066,K. Piątkowski,9,0.2604
278288,Aritz Elustondo,428131,P. Akouokou,10,0.2627
278289,Álvaro Odriozola,4256,Aleix Vidal,1,0.2842
278289,Álvaro Odriozola,504303,A. Rațiu,2,0.3156
278289,Álvaro Odriozola,472696,Sergio Gómez,3,0.3307
278289,Álvaro Odriozola,4034,Fidel,4,0.3575
278289,Álvaro Odriozola,6210,Aday,5,0.4212
278289,Álvaro Odriozola,4492,Iván Sánchez,6,0.4272
278289,Álvaro Odriozola,86517,P. De Blasis,7,0.4803
278289,Álvaro Odriozola,135903,João Cancelo,8,0.4836
278289,Álvaro Odriozola,624615,Carlos Álvarez,9,0.492
278289,Álvaro Odriozola,528925,Calebe,10,0.5063
278324,Carlos Fernández,554406,R. Nteka,1,0.1189
278324,Carlos Fernández,144628,Wu Lei,2,0.1695
278324,Carlos Fernández,334817,L. Boyé,3,0.2227
278324,Carlos Fernández,546863,W. Cheddira,4,0.2585
278324,Carlos Fernández,490863,Alemão,5,0.2715
278324,Carlos Fernández,86737,F. Ferreyra,6,0.2777
278324,Carlos Fernández,788748,Álvaro Rodríguez,7,0.2878
278324,Carlos Fernández,7629,Jaime Mata,8,0.2884
278324,Carlos Fernández,287219,M. Uzuni,9,0.3048
278324,Carlos Fernández,48354,Thiago Galhardo,10,0.3432
278348,Enric Gallego,607496,O. Óskarsson,1,0.0927
278348,Enric Gallego,524274,A. Douvikas,2,0.1678
278348,Enric Gallego,559368,A. Adams,3,0.1692
278348,Enric Gallego,22386,S. Longo,4,0.177
278348,Enric Gallego,592582,V. Vanat,5,0.1935
278348,Enric Gallego,228902,J. Calleri,6,0.2428
278348,Enric Gallego,767660,García Pascual,7,0.2526
278348,Enric Gallego,670456,E. Eyong,8,0.265
278348,Enric Gallego,487756,Marcos André,9,0.279
278348,Enric Gallego,287219,M. Uzuni,10,0.2807
278383,Álvaro Jiménez,21894,Keko Gontán,1,0.2777
278383,Álvaro Jiménez,838872,Coba da Costa,2,0.3409
278383,Álvaro Jiménez,275298,Adri Embarba,3,0.5458
278383,Álvaro Jiménez,579987,Jon Morcillo,4,0.5542
278383,Álvaro Jiménez,682943,T. Dolan,5,0.5552
278383,Álvaro Jiménez,406454,Waldo Rubio,6,0.5642
278383,Álvaro Jiménez,626123,Ilias Akhomach,7,0.5755
278383,Álvaro Jiménez,32601,Bebé,8,0.58
278383,Álvaro Jiménez,254189,Ivi López,9,0.593
278383,Álvaro Jiménez,537561,Carlos Vicente,10,0.5977
278867,S. Janko,436688,Viti Rozada,1,0.0485
278867,S. Janko,5902,Brian Oliván,2,0.1108
278867,S. Janko,352761,Luis Pérez,3,0.1326
278867,S. Janko,472519,Mateu Morey,4,0.1822
278867,S. Janko,561190,Javi López,5,0.1875
278867,S. Janko,6281,Joseba Zaldúa,6,0.193
278867,S. Janko,585538,R. Alhassane,7,0.1948
278867,S. Janko,485271,Lucas Rosa,8,0.21560000000000001
278867,S. Janko,5327,Miguel Cifuentes,9,0.2178
278867,S. Janko,282438,Aarón Martín,10,0.2286
279526,W. Kaptoum,3808,Javi Márquez,1,0.1395
279526,W. Kaptoum,339789,Mikel Merino,2,0.1485
279526,W. Kaptoum,3419,Iñigo Pérez,3,0.1909
279526,W. Kaptoum,460552,P. Gueye,4,0.1995
279526,W. Kaptoum,5290,Mikel Rico,5,0.2037
279526,W. Kaptoum,339812,Pape Cheickh,6,0.2056
279526,W. Kaptoum,26652,D. Wass,7,0.235
279526,W. Kaptoum,643875,J. Solís,8,0.2657
279526,W. Kaptoum,3568,Recio,9,0.271
279526,W. Kaptoum,3680,David Zurutuza,10,0.2775
279533,Mario Hermoso,212621,M. Kranevitter,1,0.145
279533,Mario Hermoso,620193,C. Riedel,2,0.1911
279533,Mario Hermoso,395114,Igor Zubeldía,3,0.2005
279533,Mario Hermoso,366581,J. Gnagnon,4,0.2128
279533,Mario Hermoso,70094,Fernando,5,0.2215
279533,Mario Hermoso,689107,Renato Veiga,6,0.2318
279533,Mario Hermoso,525126,Marc Aguado,7,0.2349
279533,Mario Hermoso,3335,Marc Bartra,8,0.3075
279533,Mario Hermoso,814546,Carlos Domínguez,9,0.3123
279533,Mario Hermoso,477106,S. Cáseres,10,0.3159
279538,Marcos Llorente,659244,Ramón Terrats,1,0.1037
279538,Marcos Llorente,357981,Gonzalo Villar,2,0.2105
279538,Marcos Llorente,279539,Javi Muñoz,3,0.2188
279538,Marcos Llorente,747916,Javi Guerra,4,0.2368
279538,Marcos Llorente,590503,Ilaix Moriba,5,0.2492
279538,Marcos Llorente,3313,José Callejón,6,0.2613
279538,Marcos Llorente,499843,Edu Expósito,7,0.2899
279538,Marcos Llorente,545944,Oier Zarraga,8,0.3065
279538,Marcos Llorente,247212,Rafa Navarro,9,0.3068
279538,Marcos Llorente,447358,C. Gallagher,10,0.3102
279539,Javi Muñoz,590503,Ilaix Moriba,1,0.1005
279539,Javi Muñoz,447358,C. Gallagher,2,0.1969
279539,Javi Muñoz,279538,Marcos Llorente,3,0.2188
279539,Javi Muñoz,357981,Gonzalo Villar,4,0.2435
279539,Javi Muñoz,545944,Oier Zarraga,5,0.2906
279539,Javi Muñoz,659244,Ramón Terrats,6,0.2971
279539,Javi Muñoz,364850,Junior Firpo,7,0.31
279539,Javi Muñoz,339812,Pape Cheickh,8,0.3114
279539,Javi Muñoz,5290,Mikel Rico,9,0.3462
279539,Javi Muñoz,4507,Álex Fernández,10,0.3676
279545,L. Hernández,258591,O. Alderete,1,0.1782
279545,L. Hernández,518905,José Copete,2,0.1981
279545,L. Hernández,450650,Imanol García,3,0.23
279545,L. Hernández,295225,Fede San Emeterio,4,0.2341
279545,L. Hernández,508440,B. Méndez,5,0.2434
279545,L. Hernández,85113,A. Toșca,6,0.252
279545,L. Hernández,92910,L. Fejsa,7,0.2741
279545,L. Hernández,6286,Jon Errasti,8,0.2826
279545,L. Hernández,808345,S. Mouriño,9,0.2966
279545,L. Hernández,386686,S. Jurić,10,0.3088
279555,Iván Alejo,135919,Hélder Costa,1,1.0992
279555,Iván Alejo,657882,Rubén Sánchez,2,1.2151
279555,Iván Alejo,395134,Juan Iglesias,3,1.4227
279555,Iván Alejo,381233,Houboulang Mendes,4,1.453
279555,Iván Alejo,593803,Carlos Romero,5,1.4601
279555,Iván Alejo,278383,Álvaro Jiménez,6,1.4733
279555,Iván Alejo,434145,Álex Sola,7,1.4942
279555,Iván Alejo,537561,Carlos Vicente,8,1.5055
279555,Iván Alejo,584914,Jesús Vázquez,9,1.5179
279555,Iván Alejo,770391,A. Aznou,10,1.5369
279560,Andoni Gorosabel,89712,F. Gutiérrez,1,0.1006
279560,Andoni Gorosabel,326525,Lucas Ahijado,2,0.1264
279560,Andoni Gorosabel,167145,Héctor Bellerín,3,0.1294
279560,Andoni Gorosabel,14852,Sergio Escudero,4,0.1535
279560,Andoni Gorosabel,3598,Álex Martínez,5,0.1661
279560,Andoni Gorosabel,21793,C. Piccini,6,0.169
279560,Andoni Gorosabel,4892,José Gayá,7,0.1785
279560,Andoni Gorosabel,3447,Juanfran,8,0.1821
279560,Andoni Gorosabel,71997,Hélder Lopes,9,0.2025
279560,Andoni Gorosabel,473327,Juan Miranda,10,0.2038
279566,Jon Guridi,6370,Eraso,1,0.2584
279566,Jon Guridi,285743,D. van de Beek,2,0.3287
279566,Jon Guridi,644114,L. Romero,3,0.4183
279566,Jon Guridi,256854,L. Suárez,4,0.4511
279566,Jon Guridi,15817,R. Babel,5,0.4714
279566,Jon Guridi,5725,R. Azeez,6,0.4917
279566,Jon Guridi,4778,Coro,7,0.5474
279566,Jon Guridi,3503,R.García Escudero,8,0.5849
279566,Jon Guridi,43051,Gabriel Pires,9,0.5924
279566,Jon Guridi,94828,G. Shibasaki,10,0.6109
279567,Martín Merquelanz,4375,Vitolo,1,0.1096
279567,Martín Merquelanz,337068,J. Pombo,2,0.1458
279567,Martín Merquelanz,1751,O. Tannane,3,0.2722
279567,Martín Merquelanz,26384,G. Kakuta,4,0.2897
279567,Martín Merquelanz,258022,V. Tsygankov,5,0.3014
279567,Martín Merquelanz,708179,Y. Asprilla,6,0.3074
279567,Martín Merquelanz,4015,Pablo Sarabia,7,0.3144
279567,Martín Merquelanz,4342,Piti,8,0.3198
279567,Martín Merquelanz,226005,Burgui,9,0.3199
279567,Martín Merquelanz,544859,Álex Baena,10,0.3401
279569,Sangalli,280383,E. Bardhi,1,0.1419
279569,Sangalli,3979,De las Cuevas,2,0.1643
279569,Sangalli,275293,Samu García,3,0.1966
279569,Sangalli,4252,Aaron Níguez,4,0.2001
279569,Sangalli,352789,Óscar Rodríguez,5,0.2009
279569,Sangalli,3313,José Callejón,6,0.2405
279569,Sangalli,3357,Isaac Cuenca,7,0.2498
279569,Sangalli,659244,Ramón Terrats,8,0.2769
279569,Sangalli,37836,M. Lestienne,9,0.2836
279569,Sangalli,4285,Fede Vico,10,0.2849
279571,Jon Bautista,251447,V. Muriqi,1,0.1059
279571,Jon Bautista,26167,C. Beauvue,2,0.118
279571,Jon Bautista,3651,Abdón Prats,3,0.1353
279571,Jon Bautista,364845,Rafa Mir,4,0.166
279571,Jon Bautista,105376,N. Kalinić,5,0.1879
279571,Jon Bautista,6914,Álex Alegría,6,0.2142
279571,Jon Bautista,611298,Raul García,7,0.2816
279571,Jon Bautista,574907,E. Touré,8,0.2926
279571,Jon Bautista,288865,O. McBurnie,9,0.2972
279571,Jon Bautista,284322,E. Ponce,10,0.3074
280383,E. Bardhi,279569,Sangalli,1,0.1419
280383,E. Bardhi,275293,Samu García,2,0.1612
280383,E. Bardhi,4285,Fede Vico,3,0.167
280383,E. Bardhi,225084,Rubén García,4,0.1793
280383,E. Bardhi,352789,Óscar Rodríguez,5,0.1994
280383,E. Bardhi,3979,De las Cuevas,6,0.2006
280383,E. Bardhi,3357,Isaac Cuenca,7,0.2017
280383,E. Bardhi,37836,M. Lestienne,8,0.2085
280383,E. Bardhi,4342,Piti,9,0.2521
280383,E. Bardhi,293862,Nacho Gil,10,0.2845
281069,Robin Le Normand,549129,Aitor Paredes,1,0.1669
281069,Robin Le Normand,544844,Logan Costa,2,0.2362
281069,Robin Le Normand,292991,M. Lemos,3,0.2671
281069,Robin Le Normand,545569,Saúl Coco,4,0.2783
281069,Robin Le Normand,787348,Raúl Asencio,5,0.2826
281069,Robin Le Normand,230626,D. Ćaleta-Car,6,0.3008
281069,Robin Le Normand,3795,H. Moreno,7,0.3107
281069,Robin Le Normand,403448,Éder Militão,8,0.3338
281069,Robin Le Normand,558739,T. Nianzou,9,0.3403
281069,Robin Le Normand,3309,R. Varane,10,0.351
281255,E. Mor,605385,Raúl Moro,1,0.159
281255,E. Mor,6684,Jony,2,0.2114
281255,E. Mor,589806,H. Hassan,3,0.2928
281255,E. Mor,532831,Bryan Gil,4,0.315
281255,E. Mor,694506,Bryan Zaragoza,5,0.3419
281255,E. Mor,471991,Rodrigo Riquelme,6,0.3713
281255,E. Mor,495404,D. Lainez,7,0.3728
281255,E. Mor,626123,Ilias Akhomach,8,0.3735
281255,E. Mor,654823,Nico Williams,9,0.3759
281255,E. Mor,4337,Lass Bangoura,10,0.4073
282438,Aarón Martín,326535,Toni Lato,1,0.0431
282438,Aarón Martín,618690,José Ángel Carmona,2,0.096
282438,Aarón Martín,5318,Isma López,3,0.1007
282438,Aarón Martín,557401,Bruno Langa,4,0.1176
282438,Aarón Martín,3750,Mikel Balenziaga,5,0.1259
282438,Aarón Martín,3798,Dídac Vilá,6,0.1378
282438,Aarón Martín,6281,Joseba Zaldúa,7,0.1552
282438,Aarón Martín,352761,Luis Pérez,8,0.1644
282438,Aarón Martín,25452,S. Corchia,9,0.1856
282438,Aarón Martín,5902,Brian Oliván,10,0.1966
282439,Lluis López,3523,F. Lejeune,1,0.0512
282439,Lluis López,25391,T. Kolodziejczak,2,0.0994
282439,Lluis López,453251,Alejandro Catena,3,0.1141
282439,Lluis López,4360,Juanpe,4,0.1153
282439,Lluis López,6325,Gonzalo Verdú,5,0.1233
282439,Lluis López,621020,Cristhian Mosquera,6,0.1407
282439,Lluis López,288081,S. McKenna,7,0.1431
282439,Lluis López,32577,Sidnei,8,0.1687
282439,Lluis López,596691,Natan,9,0.1764
282439,Lluis López,697957,W. Kambwala,10,0.1804
282441,Jesús Vallejo,387799,F. Russo,1,0.0795
282441,Jesús Vallejo,622288,Kaiky,2,0.0994
282441,Jesús Vallejo,3885,L. Cabrera,3,0.1263
282441,Jesús Vallejo,278049,E. Cabaco,4,0.1878
282441,Jesús Vallejo,3381,Borja Fernández,5,0.2167
282441,Jesús Vallejo,556923,A. Abqar,6,0.2432
282441,Jesús Vallejo,50102,F. Schär,7,0.2789
282441,Jesús Vallejo,6317,Unai García,8,0.2806
282441,Jesús Vallejo,3400,F. Amorebieta,9,0.2842
282441,Jesús Vallejo,225085,Fali,10,0.2883
282442,Carles Aleñà,3361,A. Sánchez,1,0.2505
282442,Carles Aleñà,563968,Iker Losada,2,0.2746
282442,Carles Aleñà,43051,Gabriel Pires,3,0.2855
282442,Carles Aleñà,255433,Ricardo Horta,4,0.3078
282442,Carles Aleñà,624774,Gabri Veiga,5,0.3198
282442,Carles Aleñà,4252,Aaron Níguez,6,0.3283
282442,Carles Aleñà,357946,Isi Palazón,7,0.3433
282442,Carles Aleñà,532815,Miguel Baeza,8,0.3658
282442,Carles Aleñà,256854,L. Suárez,9,0.3935
282442,Carles Aleñà,485383,Álex Mula,10,0.3971
282444,Sergi Canós,5195,Omar Ramos,1,0.0903
282444,Sergi Canós,265376,M. Simon,2,0.1426
282444,Sergi Canós,568583,Juan Cruz,3,0.1734
282444,Sergi Canós,4513,D. Cheryshev,4,0.217
282444,Sergi Canós,3394,Bruno Gama,5,0.2708
282444,Sergi Canós,3293,P. Piatti,6,0.2851
282444,Sergi Canós,71004,Candeias,7,0.2933
282444,Sergi Canós,251565,Álvaro García,8,0.2989
282444,Sergi Canós,25477,S. Gürler,9,0.3423
282444,Sergi Canós,220656,Wanderson,10,0.3429
282448,Aleix García,746346,Hugo Sotelo,1,0.1325
282448,Aleix García,3542,Manu Trigueros,2,0.2134
282448,Aleix García,346195,Fabián Ruiz,3,0.2358
282448,Aleix García,3677,Rubén Pardo,4,0.2618
282448,Aleix García,3443,Koke,5,0.3515
282448,Aleix García,247207,Joan Jordán,6,0.3747
282448,Aleix García,3347,Sergi Roberto,7,0.409
282448,Aleix García,3286,Dani Parejo,8,0.4142
282448,Aleix García,285590,S. Amrabat,9,0.4246
282448,Aleix García,364005,F. Valverde,10,0.4507
282449,Asier Villalibre,5268,Sergio León,1,0.1218
282449,Asier Villalibre,683194,T. Barry,2,0.1528
282449,Asier Villalibre,274435,E. Ünal,3,0.1851
282449,Asier Villalibre,474104,J. Strand Larsen,4,0.2339
282449,Asier Villalibre,20733,F. Piovaccari,5,0.272
282449,Asier Villalibre,3874,Kike García,6,0.2816
282449,Asier Villalibre,55224,A. Sørloth,7,0.2886
282449,Asier Villalibre,7908,Fernando Torres,8,0.3013
282449,Asier Villalibre,105376,N. Kalinić,9,0.3016
282449,Asier Villalibre,492443,V. Castellanos,10,0.3458
282790,D. Sow,339794,Raúl Guti,1,0.2525
282790,D. Sow,542101,S. Cissé,2,0.2804
282790,D. Sow,643875,J. Solís,3,0.3291
282790,D. Sow,26065,J. Martin,4,0.3471
282790,D. Sow,247219,Víctor Camarasa,5,0.361
282790,D. Sow,605383,Beñat Turrientes,6,0.3639
282790,D. Sow,471764,Monchu,7,0.3968
282790,D. Sow,603901,Víctor Meseguer,8,0.4027
282790,D. Sow,285109,F. Kessié,9,0.4346
282790,D. Sow,135807,M. Pašalić,10,0.4638
284322,E. Ponce,105616,B. Ideye,1,0.1482
284322,E. Ponce,3327,Joselu,2,0.1617
284322,E. Ponce,395636,M. Gómez,3,0.1693
284322,E. Ponce,574907,E. Touré,4,0.1754
284322,E. Ponce,6914,Álex Alegría,5,0.2248
284322,E. Ponce,26167,C. Beauvue,6,0.2303
284322,E. Ponce,171643,R. Yaremchuk,7,0.2419
284322,E. Ponce,101635,F. Caicedo,8,0.2568
284322,E. Ponce,251447,V. Muriqi,9,0.2788
284322,E. Ponce,486425,Fer Niño,10,0.2848
285109,F. Kessié,26065,J. Martin,1,0.1546
285109,F. Kessié,275417,Gonzalo Melero,2,0.1756
285109,F. Kessié,247219,Víctor Camarasa,3,0.2401
285109,F. Kessié,282790,D. Sow,4,0.4346
285109,F. Kessié,135807,M. Pašalić,5,0.486
285109,F. Kessié,25942,G. Imbula,6,0.5668
285109,F. Kessié,247222,Álvaro Medrán,7,0.5757
285109,F. Kessié,547492,Reinier,8,0.5931
285109,F. Kessié,644114,L. Romero,9,0.6096
285109,F. Kessié,422520,Iván Martín,10,0.6242
285509,I. Success,32968,N. Amrabat,1,0.1926
285509,I. Success,257752,M. Moreno,2,0.2703
285509,I. Success,225089,José Luis Morales,3,0.4
285509,I. Success,643199,A. Ezzalzouli,4,0.4432
285509,I. Success,769471,Joel Roca,5,0.5087
285509,I. Success,239843,Zakaria Bakkali,6,0.5123
285509,I. Success,1016232,Jesús Rodríguez,7,0.5203
285509,I. Success,483256,Alfon González,8,0.5374
285509,I. Success,5291,Jaime Romero,9,0.5587
285509,I. Success,91282,M. Cuero,10,0.5672
285590,S. Amrabat,112459,H. Herrera,1,0.0933
285590,S. Amrabat,4487,Sergio Marcos,2,0.3206
285590,S. Amrabat,746346,Hugo Sotelo,3,0.3705
285590,S. Amrabat,89550,M. Díaz,4,0.377
285590,S. Amrabat,282448,Aleix García,5,0.4246
285590,S. Amrabat,808262,M. Perrone,6,0.4386
285590,S. Amrabat,3443,Koke,7,0.4549
285590,S. Amrabat,3336,Adriano,8,0.4894
285590,S. Amrabat,3677,Rubén Pardo,9,0.5133
285590,S. Amrabat,631908,Marc Casadó,10,0.5237
285727,L. Dimata,364820,Loren Morón,1,0.1666
285727,L. Dimata,48354,Thiago Galhardo,2,0.2127
285727,L. Dimata,25809,E. Rivière,3,0.2225
285727,L. Dimata,490458,S. Kaba,4,0.2417
285727,L. Dimata,7629,Jaime Mata,5,0.2685
285727,L. Dimata,94764,Y. Muto,6,0.2687
285727,L. Dimata,287219,M. Uzuni,7,0.2694
285727,L. Dimata,670456,E. Eyong,8,0.2993
285727,L. Dimata,213365,G. Fernández,9,0.3139
285727,L. Dimata,490863,Alemão,10,0.3236
285743,D. van de Beek,6370,Eraso,1,0.2255
285743,D. van de Beek,256854,L. Suárez,2,0.2449
285743,D. van de Beek,43051,Gabriel Pires,3,0.3135
285743,D. van de Beek,279566,Jon Guridi,4,0.3287
285743,D. van de Beek,3361,A. Sánchez,5,0.4357
285743,D. van de Beek,644114,L. Romero,6,0.4426
285743,D. van de Beek,713064,Pablo Marín,7,0.4464
285743,D. van de Beek,94828,G. Shibasaki,8,0.457
285743,D. van de Beek,282442,Carles Aleñà,9,0.4718
285743,D. van de Beek,595598,Peque Fernández,10,0.4938
286030,K. Bare,545943,Unai Vencedor,1,0.1098
286030,K. Bare,86234,E. Pérez,2,0.1114
286030,K. Bare,477352,Ander Guevara,3,0.1228
286030,K. Bare,265369,U. Agbo,4,0.1843
286030,K. Bare,167118,Erik Morán,5,0.2005
286030,K. Bare,25553,César Azpilicueta,6,0.2344
286030,K. Bare,352788,Manu Morlanes,7,0.237
286030,K. Bare,589805,L. Agoumé,8,0.244
286030,K. Bare,25785,S. Aurier,9,0.253
286030,K. Bare,6035,Rubén Alcaraz,10,0.2647
286248,V. Kravets,3325,Juanfran,1,0.0899
286248,V. Kravets,293333,M. Ristić,2,0.1009
286248,V. Kravets,5383,Toño García,3,0.1659
286248,V. Kravets,230862,Íñigo Lekue,4,0.1906
286248,V. Kravets,422517,Fran García,5,0.1963
286248,V. Kravets,621207,Javi Rueda,6,0.1995
286248,V. Kravets,496493,Víctor Gómez,7,0.2287
286248,V. Kravets,301016,R. Perraud,8,0.2323
286248,V. Kravets,354123,Pol Lirola,9,0.2341
286248,V. Kravets,358801,P. Estupiñán,10,0.2603
286390,O. Dembélé,770398,Lamine Yamal,1,0.1785
286390,O. Dembélé,70975,Bruma,2,0.8253
286390,O. Dembélé,25707,E. Hazard,3,0.842
286390,O. Dembélé,493295,Vinícius Júnior,4,0.9494
286390,O. Dembélé,408307,Raphinha,5,1.0052
286390,O. Dembélé,3348,Gerard Deulofeu,6,1.0156
286390,O. Dembélé,529349,Antony,7,1.0402
286390,O. Dembélé,11063,Suso,8,1.0697
286390,O. Dembélé,288091,Marco Asensio,9,1.1457
286390,O. Dembélé,397178,M. Rashford,10,1.1472
286448,M. Arambarri,347333,A. Král,1,0.3021
286448,M. Arambarri,230895,Pere Pons,2,0.3541
286448,M. Arambarri,441230,T. Alarcón,3,0.3838
286448,M. Arambarri,626229,Mario Martín,4,0.3989
286448,M. Arambarri,621046,Yellu Santiago,5,0.4015
286448,M. Arambarri,352747,Miguel Olavide,6,0.4132
286448,M. Arambarri,683848,Urko González,7,0.4335
286448,M. Arambarri,20936,J. Vargas,8,0.4469
286448,M. Arambarri,612174,Víctor Parada,9,0.457
286448,M. Arambarri,3787,Víctor Álvarez,10,0.5145
286830,P. Roberts,276944,J. Bamba,1,0.0925
286830,P. Roberts,4597,Saúl Berjón,2,0.1982
286830,P. Roberts,471991,Rodrigo Riquelme,3,0.199
286830,P. Roberts,212651,C. Musonda,4,0.2073
286830,P. Roberts,4337,Lass Bangoura,5,0.2205
286830,P. Roberts,504301,T. Kubo,6,0.2241
286830,P. Roberts,532831,Bryan Gil,7,0.2322
286830,P. Roberts,412897,Dani Raba,8,0.2472
286830,P. Roberts,589806,H. Hassan,9,0.2746
286830,P. Roberts,495674,Samuel Lino,10,0.2786
286963,Mikel Vesga,582098,D. Lopy,1,0.1272
286963,Mikel Vesga,645789,Iker Muñoz,2,0.1491
286963,Mikel Vesga,645035,Dário Essugo,3,0.194
286963,Mikel Vesga,436785,Y. Neyou,4,0.1964
286963,Mikel Vesga,366584,L. Pétrot,5,0.2077
286963,Mikel Vesga,255738,J. Lerma,6,0.2214
286963,Mikel Vesga,3560,Nacho Monreal,7,0.2239
286963,Mikel Vesga,598620,Johnny Cardoso,8,0.2573
286963,Mikel Vesga,812973,V. Gómez,9,0.289
286963,Mikel Vesga,263091,Gerard Gumbau,10,0.3023
286994,Adrián Marín,393214,V. Rosier,1,0.1155
286994,Adrián Marín,6572,Iza Carcelén,2,0.1401
286994,Adrián Marín,606670,Adrià Altimira,3,0.1578
286994,Adrián Marín,3856,Molinero,4,0.1638
286994,Adrián Marín,225022,Rubén Duarte,5,0.1799
286994,Adrián Marín,302542,Nacho Vidal,6,0.1849
286994,Adrián Marín,170595,E. Insúa,7,0.1916
286994,Adrián Marín,21842,C. Biraghi,8,0.2065
286994,Adrián Marín,489488,Martín Aguirregabiria,9,0.2175
286994,Adrián Marín,445504,Carlos Neva,10,0.2306
287003,Benito Ramírez,6210,Aday,1,0.1885
287003,Benito Ramírez,3501,Álvaro Cejudo,2,0.2358
287003,Benito Ramírez,275485,Josan,3,0.313
287003,Benito Ramírez,359847,Alfonso Pedraza,4,0.3652
287003,Benito Ramírez,504303,A. Rațiu,5,0.4144
287003,Benito Ramírez,254189,Ivi López,6,0.4177
287003,Benito Ramírez,6925,H. Hernández,7,0.4298
287003,Benito Ramírez,220656,Wanderson,8,0.4493
287003,Benito Ramírez,406454,Waldo Rubio,9,0.491
287003,Benito Ramírez,212625,A. Solari,10,0.5066
287219,M. Uzuni,670456,E. Eyong,1,0.1231
287219,M. Uzuni,788748,Álvaro Rodríguez,2,0.1565
287219,M. Uzuni,592582,V. Vanat,3,0.181
287219,M. Uzuni,7629,Jaime Mata,4,0.2201
287219,M. Uzuni,364820,Loren Morón,5,0.2411
287219,M. Uzuni,607496,O. Óskarsson,6,0.2471
287219,M. Uzuni,144628,Wu Lei,7,0.2487
287219,M. Uzuni,285727,L. Dimata,8,0.2694
287219,M. Uzuni,94764,Y. Muto,9,0.2694
287219,M. Uzuni,48354,Thiago Galhardo,10,0.2719
288081,S. McKenna,453251,Alejandro Catena,1,0.0825
288081,S. McKenna,6325,Gonzalo Verdú,2,0.1209
288081,S. McKenna,697957,W. Kambwala,3,0.1222
288081,S. McKenna,4065,J. Murillo,4,0.1287
288081,S. McKenna,3523,F. Lejeune,5,0.1395
288081,S. McKenna,282439,Lluis López,6,0.1431
288081,S. McKenna,25391,T. Kolodziejczak,7,0.1578
288081,S. McKenna,831472,Jon Martín,8,0.1668
288081,S. McKenna,688446,Chadi Riad,9,0.1737
288081,S. McKenna,3338,Sergi Gómez,10,0.183
288091,Marco Asensio,3348,Gerard Deulofeu,1,0.1999
288091,Marco Asensio,408307,Raphinha,2,0.3315
288091,Marco Asensio,860728,F. Mastantuono,3,0.3636
288091,Marco Asensio,3425,Iker Muniain,4,0.3958
288091,Marco Asensio,404397,Brahim Diaz,5,0.4039
288091,Marco Asensio,356237,G. Lo Celso,6,0.4213
288091,Marco Asensio,360981,Dani Olmo,7,0.4269
288091,Marco Asensio,3282,Sergio Canales,8,0.4379
288091,Marco Asensio,431540,Francisco Trincão,9,0.5024
288091,Marco Asensio,25707,E. Hazard,10,0.5213
288108,Josema,3975,Sergio Álvarez,1,0.1484
288108,Josema,294415,Reinildo,2,0.1941
288108,Josema,139075,R. Tapia,3,0.2006
288108,Josema,493898,Adrián de la Fuente,4,0.2422
288108,Josema,92910,L. Fejsa,5,0.285
288108,Josema,3866,M. Iturra,6,0.2941
288108,Josema,5055,José Mari,7,0.3076
288108,Josema,25405,M. Gonalons,8,0.3084
288108,Josema,91064,D. Torres,9,0.3288
288108,Josema,3826,Roberto Lago,10,0.3302
288112,C. Starfelt,20636,M. Andreolli,1,0.1704
288112,C. Starfelt,237262,S. Babić,2,0.1848
288112,C. Starfelt,3642,Iván Ramis,3,0.1908
288112,C. Starfelt,20433,S. Kjær,4,0.2108
288112,C. Starfelt,4580,J. Babin,5,0.2289
288112,C. Starfelt,25831,C. Medjani,6,0.2311
288112,C. Starfelt,831472,Jon Martín,7,0.2446
288112,C. Starfelt,3276,A. Rami,8,0.2448
288112,C. Starfelt,947678,Juanma Herzog,9,0.2747
288112,C. Starfelt,125250,Ó. Duarte,10,0.2797
288865,O. McBurnie,611298,Raul García,1,0.0618
288865,O. McBurnie,486425,Fer Niño,2,0.0719
288865,O. McBurnie,171643,R. Yaremchuk,3,0.1536
288865,O. McBurnie,3577,S. Rondón,4,0.1972
288865,O. McBurnie,26167,C. Beauvue,5,0.1978
288865,O. McBurnie,105376,N. Kalinić,6,0.2338
288865,O. McBurnie,574907,E. Touré,7,0.2701
288865,O. McBurnie,274435,E. Ünal,8,0.2705
288865,O. McBurnie,213365,G. Fernández,9,0.2902
288865,O. McBurnie,279571,Jon Bautista,10,0.2972
290215,Dani Ndi,278278,Munir El Haddadi,1,0.1949
290215,Dani Ndi,71057,Licá,2,0.2297
290215,Dani Ndi,355599,Mikel Oyarzabal,3,0.265
290215,Dani Ndi,5911,Sandro Ramírez,4,0.3039
290215,Dani Ndi,569212,Ferrán Jutglà,5,0.3463
290215,Dani Ndi,130196,Dyego Sousa,6,0.3916
290215,Dani Ndi,38094,I. Ezekiel,7,0.3918
290215,Dani Ndi,771062,Chuki,8,0.3929
290215,Dani Ndi,373016,C. Hernández,9,0.4012
290215,Dani Ndi,230883,Ayoze Pérez,10,0.4139
290954,K. Tierney,636122,Alejandro Francés,1,0.0683
290954,K. Tierney,4013,Rubén Pérez,2,0.405
290954,K. Tierney,4789,Carles Planas,3,0.4108
290954,K. Tierney,213308,Júnior Alonso,4,0.4295
290954,K. Tierney,22566,A. Florenzi,5,0.4422
290954,K. Tierney,93033,Edimar,6,0.4513
290954,K. Tierney,4424,Jonny Otto,7,0.5291
290954,K. Tierney,3351,Kiko Femenía,8,0.5545
290954,K. Tierney,225939,Xavi Quintillà,9,0.5715
290954,K. Tierney,8945,K. Trippier,10,0.5795
291231,Toni Martínez,713837,Diego García,1,0.2561
291231,Toni Martínez,559368,A. Adams,2,0.2651
291231,Toni Martínez,744811,Roberto Fernández,3,0.28
291231,Toni Martínez,22386,S. Longo,4,0.3029
291231,Toni Martínez,278348,Enric Gallego,5,0.3181
291231,Toni Martínez,524274,A. Douvikas,6,0.326
291231,Toni Martínez,607496,O. Óskarsson,7,0.3496
291231,Toni Martínez,545811,Hugo Duro,8,0.3916
291231,Toni Martínez,487756,Marcos André,9,0.3989
291231,Toni Martínez,494315,B. Miovski,10,0.4003
291528,D. Lukébakio,254408,Á. Correa,1,0.3159
291528,D. Lukébakio,3814,T. Bifouma,2,0.3281
291528,D. Lukébakio,397060,A. Danjuma,3,0.3611
291528,D. Lukébakio,3816,Sergio García,4,0.378
291528,D. Lukébakio,8297,G. dos Santos,5,0.4508
291528,D. Lukébakio,404757,J. Kluivert,6,0.451
291528,D. Lukébakio,230883,Ayoze Pérez,7,0.4614
291528,D. Lukébakio,483256,Alfon González,8,0.4778
291528,D. Lukébakio,1720,S. Becker,9,0.4853
291528,D. Lukébakio,38094,I. Ezekiel,10,0.5309
292654,M. Diakhaby,14687,S. Papastathopoulos,1,0.1395
292654,M. Diakhaby,3526,M. Musacchio,2,0.1549
292654,M. Diakhaby,258625,L. Abram,3,0.1606
292654,M. Diakhaby,384066,C. Montes,4,0.1671
292654,M. Diakhaby,86328,G. Pezzella,5,0.1725
292654,M. Diakhaby,6579,Antonio Raíllo,6,0.1927
292654,M. Diakhaby,500200,Miguel Rubio,7,0.1932
292654,M. Diakhaby,601275,Rafa Marín,8,0.2099
292654,M. Diakhaby,227894,J. Giménez,9,0.2167
292654,M. Diakhaby,125250,Ó. Duarte,10,0.2195
292991,M. Lemos,3795,H. Moreno,1,0.1753
292991,M. Lemos,544844,Logan Costa,2,0.2623
292991,M. Lemos,281069,Robin Le Normand,3,0.2671
292991,M. Lemos,3372,Aythami Artiles,4,0.2726
292991,M. Lemos,230626,D. Ćaleta-Car,5,0.2767
292991,M. Lemos,549129,Aitor Paredes,6,0.2977
292991,M. Lemos,3300,Raúl Albiol,7,0.3064
292991,M. Lemos,403448,Éder Militão,8,0.3142
292991,M. Lemos,3916,G. Cabral,9,0.3214
292991,M. Lemos,567016,Jon Pacheco,10,0.3259
293333,M. Ristić,286248,V. Kravets,1,0.1009
293333,M. Ristić,3325,Juanfran,2,0.1022
293333,M. Ristić,230862,Íñigo Lekue,3,0.1249
293333,M. Ristić,5383,Toño García,4,0.1478
293333,M. Ristić,621207,Javi Rueda,5,0.1857
293333,M. Ristić,396513,Alex Pozo,6,0.2014
293333,M. Ristić,344104,Álvaro Tejero,7,0.2266
293333,M. Ristić,344014,L. Agbenyenu,8,0.2345
293333,M. Ristić,496493,Víctor Gómez,9,0.2352
293333,M. Ristić,550927,Sergi Cardona,10,0.2615
293862,Nacho Gil,3837,Jota,1,0.1291
293862,Nacho Gil,225084,Rubén García,2,0.1689
293862,Nacho Gil,3357,Isaac Cuenca,3,0.192
293862,Nacho Gil,4285,Fede Vico,4,0.1978
293862,Nacho Gil,4790,Carlos Carmona,5,0.2168
293862,Nacho Gil,275293,Samu García,6,0.2268
293862,Nacho Gil,37836,M. Lestienne,7,0.2508
293862,Nacho Gil,280383,E. Bardhi,8,0.2845
293862,Nacho Gil,403246,L. de la Torre,9,0.2875
293862,Nacho Gil,254188,N. Leiva,10,0.2916
294415,Reinildo,3975,Sergio Álvarez,1,0.1511
294415,Reinildo,288108,Josema,2,0.1941
294415,Reinildo,3826,Roberto Lago,3,0.204
294415,Reinildo,15214,A. Rukavina,4,0.234
294415,Reinildo,92910,L. Fejsa,5,0.2647
294415,Reinildo,488961,Samú Costa,6,0.2805
294415,Reinildo,399652,Florentino,7,0.3002
294415,Reinildo,334175,Óscar Valentín,8,0.306
294415,Reinildo,190172,Juan Cruz,9,0.3213
294415,Reinildo,3465,Fernando Navarro,10,0.326
295225,Fede San Emeterio,89133,Rodrigo Battaglia,1,0.1616
295225,Fede San Emeterio,507738,Vini Souza,2,0.1833
295225,Fede San Emeterio,450650,Imanol García,3,0.2318
295225,Fede San Emeterio,279545,L. Hernández,4,0.2341
295225,Fede San Emeterio,386686,S. Jurić,5,0.2438
295225,Fede San Emeterio,611437,M. Diarra,6,0.2922
295225,Fede San Emeterio,556923,A. Abqar,7,0.3263
295225,Fede San Emeterio,6286,Jon Errasti,8,0.328
295225,Fede San Emeterio,4268,Juan Rafael Fuentes,9,0.344
295225,Fede San Emeterio,375350,M. Loum,10,0.3441
295234,Sergio González,32577,Sidnei,1,0.0847
295234,Sergio González,375335,J. Aidoo,2,0.1183
295234,Sergio González,25392,Bakary Koné,3,0.1236
295234,Sergio González,621020,Cristhian Mosquera,4,0.1263
295234,Sergio González,344068,Unai Núñez,5,0.1373
295234,Sergio González,275296,David Costas,6,0.1605
295234,Sergio González,70140,Daniel Carriço,7,0.1606
295234,Sergio González,8311,S. Savić,8,0.1699
295234,Sergio González,4360,Juanpe,9,0.1803
295234,Sergio González,282439,Lluis López,10,0.1838
297043,F. Cervi,357992,Aitor Ruibal,1,0.0489
297043,F. Cervi,344040,Marc Cucurella,2,0.2419
297043,F. Cervi,536152,Jordi Martín,3,0.25
297043,F. Cervi,624613,Juanlu Sánchez,4,0.2528
297043,F. Cervi,3972,Álex Menéndez,5,0.2709
297043,F. Cervi,275485,Josan,6,0.3245
297043,F. Cervi,209012,Kévin Rodrigues,7,0.3531
297043,F. Cervi,3501,Álvaro Cejudo,8,0.3682
297043,F. Cervi,4997,Antoñito,9,0.3702
297043,F. Cervi,71004,Candeias,10,0.3728
297921,Pacha,400544,Miguel Llambrich,1,0.3402
297921,Pacha,770391,A. Aznou,2,0.3494
297921,Pacha,373541,Aitor Buñuel,3,0.3515
297921,Pacha,93000,Antunes,4,0.3935
297921,Pacha,381233,Houboulang Mendes,5,0.4158
297921,Pacha,4288,S. Dubarbier,6,0.4763
297921,Pacha,593803,Carlos Romero,7,0.513
297921,Pacha,657882,Rubén Sánchez,8,0.5266
297921,Pacha,1075948,Davinchi,9,0.5274
297921,Pacha,6513,Raúl Carnero,10,0.5763
298353,José Martínez,404693,M. Kumbulla,1,0.0621
298353,José Martínez,508021,Jorge Cuenca,2,0.0642
298353,José Martínez,916711,Juma Bah,3,0.0659
298353,José Martínez,7857,Ignasi Miquel,4,0.092
298353,José Martínez,567461,Jorge Herrando,5,0.1047
298353,José Martínez,3496,Sergio Postigo,6,0.1096
298353,José Martínez,652014,César Tárrega,7,0.1156
298353,José Martínez,449817,A. Mumin,8,0.1307
298353,José Martínez,410055,Róber Pier,9,0.1397
298353,José Martínez,270037,M. Valjent,10,0.1469
299246,Marcão,4012,Juan Rodríguez,1,0.1758
299246,Marcão,519494,Álex Suárez,2,0.2027
299246,Marcão,212074,O. Mfulu,3,0.2039
299246,Marcão,344198,E. Cömert,4,0.2308
299246,Marcão,92874,L. Vyntra,5,0.2626
299246,Marcão,557066,K. Piątkowski,6,0.2814
299246,Marcão,375335,J. Aidoo,7,0.283
299246,Marcão,844244,N. Mendy,8,0.286
299246,Marcão,32577,Sidnei,9,0.3006
299246,Marcão,25568,S. M'Bia,10,0.3079
300485,Malcom,360981,Dani Olmo,1,0.2899
300485,Malcom,3425,Iker Muniain,2,0.4624
300485,Malcom,3840,Iago Aspas,3,0.4822
300485,Malcom,3685,C. Vela,4,0.5269
300485,Malcom,8278,G. Bale,5,0.5341
300485,Malcom,431540,Francisco Trincão,6,0.5481
300485,Malcom,584522,Ansu Fati,7,0.6108
300485,Malcom,547260,Rodrygo,8,0.6231
300485,Malcom,617894,J. Bellingham,9,0.6238
300485,Malcom,3682,A. Griezmann,10,0.6292
301016,R. Perraud,496493,Víctor Gómez,1,0.0767
301016,R. Perraud,354123,Pol Lirola,2,0.083
301016,R. Perraud,5383,Toño García,3,0.1374
301016,R. Perraud,344132,T. Hernández,4,0.1452
301016,R. Perraud,472191,Renan Lodi,5,0.199
301016,R. Perraud,4997,Antoñito,6,0.2006
301016,R. Perraud,655335,Yusi,7,0.2039
301016,R. Perraud,344104,Álvaro Tejero,8,0.2117
301016,R. Perraud,501165,Lucas Pires,9,0.2301
301016,R. Perraud,286248,V. Kravets,10,0.2323
302292,M. Ødegaard,703740,A. Güler,1,0.1166
302292,M. Ødegaard,3282,Sergio Canales,2,0.2155
302292,M. Ødegaard,356237,G. Lo Celso,3,0.2653
302292,M. Ødegaard,69403,Sammir,4,0.2832
302292,M. Ødegaard,3448,A. Turan,5,0.4352
302292,M. Ødegaard,8317,David Silva,6,0.5645
302292,M. Ødegaard,288091,Marco Asensio,7,0.5793
302292,M. Ødegaard,3563,Isco,8,0.5839
302292,M. Ødegaard,25440,J. Pastore,9,0.6595
302292,M. Ødegaard,32652,E. Çolak,10,0.6819
302540,José Carlos,3918,Juanfran,1,0.174
302540,José Carlos,86183,F. Roncaglia,2,0.3966
302540,José Carlos,843681,Pau Navarro,3,0.402
302540,José Carlos,116259,G. Silva,4,0.4331
302540,José Carlos,493898,Adrián de la Fuente,5,0.4351
302540,José Carlos,139075,R. Tapia,6,0.4535
302540,José Carlos,724440,David Torres,7,0.4791
302540,José Carlos,3340,Muniesa,8,0.4845
302540,José Carlos,288108,Josema,9,0.4949
302540,José Carlos,4805,Anaitz Arbilla,10,0.5383
302542,Nacho Vidal,606670,Adrià Altimira,1,0.0708
302542,Nacho Vidal,489488,Martín Aguirregabiria,2,0.118
302542,Nacho Vidal,6572,Iza Carcelén,3,0.1241
302542,Nacho Vidal,69409,Š. Vrsaljko,4,0.1317
302542,Nacho Vidal,393214,V. Rosier,5,0.1498
302542,Nacho Vidal,170595,E. Insúa,6,0.1592
302542,Nacho Vidal,286994,Adrián Marín,7,0.1849
302542,Nacho Vidal,653322,Diego Moreno,8,0.1884
302542,Nacho Vidal,225022,Rubén Duarte,9,0.2569
302542,Nacho Vidal,445504,Carlos Neva,10,0.288
302550,Brais Méndez,364864,Pedro Díaz,1,0.0794
302550,Brais Méndez,372752,Carlos Soler,2,0.2397
302550,Brais Méndez,4252,Aaron Níguez,3,0.2832
302550,Brais Méndez,4007,Diego Castro,4,0.2922
302550,Brais Méndez,552234,Roberto López,5,0.2927
302550,Brais Méndez,563968,Iker Losada,6,0.2931
302550,Brais Méndez,3511,Roberto Torres,7,0.2971
302550,Brais Méndez,647161,Gavi,8,0.3005
302550,Brais Méndez,5171,Víctor Rodríguez,9,0.3154
302550,Brais Méndez,639038,A. Zakharyan,10,0.3212
303078,G. Suazo,422517,Fran García,1,0.1907
303078,G. Suazo,3421,Óscar De Marcos,2,0.2056
303078,G. Suazo,580127,Pep Chavarría,3,0.2212
303078,G. Suazo,3325,Juanfran,4,0.2434
303078,G. Suazo,4780,David Juncà,5,0.2546
303078,G. Suazo,414193,N. Molina,6,0.2582
303078,G. Suazo,530689,Mario Hernández,7,0.2822
303078,G. Suazo,286248,V. Kravets,8,0.306
303078,G. Suazo,25586,Mariano,9,0.3299
303078,G. Suazo,293333,M. Ristić,10,0.3396
326523,Dani Ceballos,3269,Jordi Alba,1,0.3524
326523,Dani Ceballos,3310,Marcelo,2,0.4418
326523,Dani Ceballos,213948,R. De Paul,3,0.4427
326523,Dani Ceballos,3835,Álex López,4,0.5085
326523,Dani Ceballos,3595,Beñat Etxebarria,5,0.5247
326523,Dani Ceballos,3280,É. Banega,6,0.5528
326523,Dani Ceballos,3567,Santi Cazorla,7,0.5755
326523,Dani Ceballos,3336,Adriano,8,0.6339
326523,Dani Ceballos,3443,Koke,9,0.7064
326523,Dani Ceballos,56025,M. Krohn-Dehli,10,0.7174
326525,Lucas Ahijado,530689,Mario Hernández,1,0.1123
326525,Lucas Ahijado,279560,Andoni Gorosabel,2,0.1264
326525,Lucas Ahijado,473327,Juan Miranda,3,0.1795
326525,Lucas Ahijado,14852,Sergio Escudero,4,0.1845
326525,Lucas Ahijado,89712,F. Gutiérrez,5,0.1896
326525,Lucas Ahijado,167145,Héctor Bellerín,6,0.2028
326525,Lucas Ahijado,3421,Óscar De Marcos,7,0.2222
326525,Lucas Ahijado,254,R. Rosales,8,0.2281
326525,Lucas Ahijado,3598,Álex Martínez,9,0.2399
326525,Lucas Ahijado,21793,C. Piccini,10,0.2483
326535,Toni Lato,282438,Aarón Martín,1,0.0431
326535,Toni Lato,5318,Isma López,2,0.1012
326535,Toni Lato,618690,José Ángel Carmona,3,0.1234
326535,Toni Lato,557401,Bruno Langa,4,0.1284
326535,Toni Lato,3798,Dídac Vilá,5,0.1471
326535,Toni Lato,6281,Joseba Zaldúa,6,0.1532
326535,Toni Lato,3750,Mikel Balenziaga,7,0.1668
326535,Toni Lato,352761,Luis Pérez,8,0.1888
326535,Toni Lato,25452,S. Corchia,9,0.1927
326535,Toni Lato,5902,Brian Oliván,10,0.2015
326547,E. Buendía,25407,C. Grenier,1,0.1566
326547,E. Buendía,4908,Alberto Moreno,2,0.19
326547,E. Buendía,86517,P. De Blasis,3,0.2358
326547,E. Buendía,472696,Sergio Gómez,4,0.2455
326547,E. Buendía,4256,Aleix Vidal,5,0.2717
326547,E. Buendía,499843,Edu Expósito,6,0.2823
326547,E. Buendía,14740,A. Boka,7,0.3596
326547,E. Buendía,536142,Miguel Gutiérrez,8,0.3861
326547,E. Buendía,552232,Jon Ander Olasagasti,9,0.3974
326547,E. Buendía,544210,Sergio Carreira,10,0.412
329064,C. Larin,6165,F. Andone,1,0.1683
329064,C. Larin,492443,V. Castellanos,2,0.2494
329064,C. Larin,744811,Roberto Fernández,3,0.2781
329064,C. Larin,20733,F. Piovaccari,4,0.2826
329064,C. Larin,713837,Diego García,5,0.289
329064,C. Larin,238564,S. Weissman,6,0.3018
329064,C. Larin,447821,Y. En-Nesyri,7,0.3245
329064,C. Larin,545811,Hugo Duro,8,0.3274
329064,C. Larin,683194,T. Barry,9,0.3411
329064,C. Larin,524274,A. Douvikas,10,0.3951
330728,Domingos Duarte,248846,M. Villanueva,1,0.0526
330728,Domingos Duarte,331583,Dani Calvo,2,0.0629
330728,Domingos Duarte,20932,M. Nastasić,3,0.1262
330728,Domingos Duarte,4113,Xabier Etxeita,4,0.164
330728,Domingos Duarte,86507,L. Magallán,5,0.1715
330728,Domingos Duarte,223681,A. Sedlar,6,0.173
330728,Domingos Duarte,4232,Alcalá,7,0.2001
330728,Domingos Duarte,275384,Jorge Meré,8,0.2047
330728,Domingos Duarte,89700,E. Roco,9,0.2127
330728,Domingos Duarte,256998,E. Bailly,10,0.2144
331385,M. García,410026,Álex Collado,1,0.0934
331385,M. García,240445,Andreas Pereira,2,0.1204
331385,M. García,4342,Piti,3,0.1939
331385,M. García,225084,Rubén García,4,0.2458
331385,M. García,3420,Markel Susaeta,5,0.2474
331385,M. García,4285,Fede Vico,6,0.2752
331385,M. García,230955,Stoichkov,7,0.2886
331385,M. García,602620,T. Buchanan,8,0.2957
331385,M. García,280383,E. Bardhi,9,0.3046
331385,M. García,37836,M. Lestienne,10,0.3111
331583,Dani Calvo,248846,M. Villanueva,1,0.0494
331583,Dani Calvo,330728,Domingos Duarte,2,0.0629
331583,Dani Calvo,20932,M. Nastasić,3,0.087
331583,Dani Calvo,4113,Xabier Etxeita,4,0.1223
331583,Dani Calvo,86507,L. Magallán,5,0.1494
331583,Dani Calvo,4232,Alcalá,6,0.1525
331583,Dani Calvo,167149,Joaquín Fernández,7,0.164
331583,Dani Calvo,4358,Víctor Laguardia,8,0.1724
331583,Dani Calvo,89700,E. Roco,9,0.1753
331583,Dani Calvo,223681,A. Sedlar,10,0.198
333565,S. Chakla,109110,V. Haroyan,1,0.2377
333565,S. Chakla,167131,Fran Vélez,2,0.2962
333565,S. Chakla,134163,Rodri Tarín,3,0.3809
333565,S. Chakla,86716,M. Dos Santos,4,0.3852
333565,S. Chakla,5677,Bruno González,5,0.4
333565,S. Chakla,6317,Unai García,6,0.4514
333565,S. Chakla,116405,E. Velázquez,7,0.4656
333565,S. Chakla,40574,Dória,8,0.4997
333565,S. Chakla,6386,Jon Ander Garrido,9,0.5017
333565,S. Chakla,213124,Chema Rodríguez,10,0.5091
333571,L. Torreira,4361,Javi Castellano,1,0.1555
333571,L. Torreira,503338,Martín Zubimendi,2,0.1776
333571,L. Torreira,230970,M. Fatau,3,0.2089
333571,L. Torreira,4366,Hernán Santana,4,0.2101
333571,L. Torreira,879052,Javi Rodríguez,5,0.2159
333571,L. Torreira,6369,Iñigo Eguaras,6,0.2476
333571,L. Torreira,364860,Rodri,7,0.2668
333571,L. Torreira,525126,Marc Aguado,8,0.2997
333571,L. Torreira,249917,M. Malsa,9,0.303
333571,L. Torreira,366581,J. Gnagnon,10,0.3317
334154,A. Tuhami,425893,L. Ilić,1,0.1333
334154,A. Tuhami,364846,Y. Eteki,2,0.3786
334154,A. Tuhami,347333,A. Král,3,0.4422
334154,A. Tuhami,626229,Mario Martín,4,0.4839
334154,A. Tuhami,286448,M. Arambarri,5,0.5291
334154,A. Tuhami,7585,Manu García,6,0.5329
334154,A. Tuhami,56408,J. Jønsson,7,0.5546
334154,A. Tuhami,127928,D. Brašanac,8,0.5721
334154,A. Tuhami,265807,José Naranjo,9,0.5778
334154,A. Tuhami,551419,Alberto Soro,10,0.6073
334175,Óscar Valentín,3826,Roberto Lago,1,0.2119
334175,Óscar Valentín,3465,Fernando Navarro,2,0.217
334175,Óscar Valentín,3529,Mario Gaspar,3,0.2295
334175,Óscar Valentín,116170,S. Cristóforo,4,0.2589
334175,Óscar Valentín,4086,Eneko Bóveda,5,0.2781
334175,Óscar Valentín,399652,Florentino,6,0.2961
334175,Óscar Valentín,294415,Reinildo,7,0.306
334175,Óscar Valentín,4425,Víctor Díaz,8,0.3139
334175,Óscar Valentín,4371,Dani Castellano,9,0.3368
334175,Óscar Valentín,473371,Antonio Blanco,10,0.3444
334817,L. Boyé,546863,W. Cheddira,1,0.0511
334817,L. Boyé,278324,Carlos Fernández,2,0.2227
334817,L. Boyé,655656,Isaac Romero,3,0.2574
334817,L. Boyé,116319,M. Santos,4,0.2811
334817,L. Boyé,947211,C. Uche,5,0.3158
334817,L. Boyé,788748,Álvaro Rodríguez,6,0.3279
334817,L. Boyé,554406,R. Nteka,7,0.3362
334817,L. Boyé,7629,Jaime Mata,8,0.3427
334817,L. Boyé,144628,Wu Lei,9,0.3682
334817,L. Boyé,744761,Mateo Joseph,10,0.3736
336371,Guilherme Arana,237269,S. Lukić,1,0.1905
336371,Guilherme Arana,363717,Y. Herrera,2,0.1942
336371,Guilherme Arana,344118,Jaime Seoane,3,0.2092
336371,Guilherme Arana,114709,L. Advíncula,4,0.2158
336371,Guilherme Arana,480138,B. Mendy,5,0.2392
336371,Guilherme Arana,3380,Juan Domínguez,6,0.2508
336371,Guilherme Arana,545944,Oier Zarraga,7,0.273
336371,Guilherme Arana,255254,Danilo Barbosa,8,0.2759
336371,Guilherme Arana,20618,N. Krstičić,9,0.2793
336371,Guilherme Arana,263091,Gerard Gumbau,10,0.3256
336517,A. Dovbyk,3290,Aritz Aduriz,1,0.4228
336517,A. Dovbyk,101605,S. Doumbia,2,0.5754
336517,A. Dovbyk,267,L. de Jong,3,0.581
336517,A. Dovbyk,3450,R. Falcao,4,0.5976
336517,A. Dovbyk,385273,Charles,5,0.6151
336517,A. Dovbyk,3424,Fernando Llorente,6,0.6394
336517,A. Dovbyk,3875,Borja Bastón,7,0.6525
336517,A. Dovbyk,5167,M. Díaz,8,0.6566
336517,A. Dovbyk,3657,T. Hemed,9,0.714
336517,A. Dovbyk,22202,S. Zaza,10,0.7337
337068,J. Pombo,4375,Vitolo,1,0.118
337068,J. Pombo,279567,Martín Merquelanz,2,0.1458
337068,J. Pombo,1751,O. Tannane,3,0.2083
337068,J. Pombo,258022,V. Tsygankov,4,0.2267
337068,J. Pombo,4015,Pablo Sarabia,5,0.2655
337068,J. Pombo,226005,Burgui,6,0.2824
337068,J. Pombo,343925,D. Verde,7,0.2853
337068,J. Pombo,4879,Carles Gil,8,0.3185
337068,J. Pombo,5791,J. Añor,9,0.331
337068,J. Pombo,639038,A. Zakharyan,10,0.3398
337070,Toni Villa,4078,D. Ferreiro,1,0.1937
337070,Toni Villa,495404,D. Lainez,2,0.2201
337070,Toni Villa,134174,Samu Castillejo,3,0.2295
337070,Toni Villa,5138,Wellington Silva,4,0.2426
337070,Toni Villa,561189,Robert Navarro,5,0.2549
337070,Toni Villa,411422,B. Ocampo,6,0.2723
337070,Toni Villa,4344,Alberto Perea,7,0.292
337070,Toni Villa,220656,Wanderson,8,0.2957
337070,Toni Villa,579987,Jon Morcillo,9,0.3459
337070,Toni Villa,339790,Kike Barja,10,0.3603
338201,E. Boateng,364845,Rafa Mir,1,0.2763
338201,E. Boateng,251447,V. Muriqi,2,0.2869
338201,E. Boateng,279571,Jon Bautista,3,0.3308
338201,E. Boateng,814737,Samu Omorodion,4,0.3417
338201,E. Boateng,447821,Y. En-Nesyri,5,0.3424
338201,E. Boateng,3651,Abdón Prats,6,0.3728
338201,E. Boateng,86239,G. Carrillo,7,0.3793
338201,E. Boateng,6914,Álex Alegría,8,0.4062
338201,E. Boateng,69513,A. Budimir,9,0.4243
338201,E. Boateng,14763,S. Okazaki,10,0.437
338429,A. Radovanović,12,K. Omeruo,1,0.0696
338429,A. Radovanović,4329,Alejandro Arribas,2,0.1286
338429,A. Radovanović,275384,Jorge Meré,3,0.1343
338429,A. Radovanović,256998,E. Bailly,4,0.1364
338429,A. Radovanović,189976,M. Angeleri,5,0.1567
338429,A. Radovanović,57347,S. Ingason,6,0.181
338429,A. Radovanović,14893,H. Westermann,7,0.202
338429,A. Radovanović,41124,Naldo,8,0.2193
338429,A. Radovanović,387785,Unai Elgezabal,9,0.2295
338429,A. Radovanović,3670,Mikel González,10,0.2327
339690,G. González,3920,Pedro López,1,0.1319
339690,G. González,25452,S. Corchia,2,0.1896
339690,G. González,5284,Siqueira,3,0.1948
339690,G. González,470934,Javi Hernández,4,0.2189
339690,G. González,553292,Abner,5,0.2248
339690,G. González,525130,Álex Centelles,6,0.2352
339690,G. González,557401,Bruno Langa,7,0.2355
339690,G. González,7624,Rober Correa,8,0.2431
339690,G. González,618690,José Ángel Carmona,9,0.2437
339690,G. González,5318,Isma López,10,0.2703
339789,Mikel Merino,3808,Javi Márquez,1,0.0948
339789,Mikel Merino,460552,P. Gueye,2,0.116
339789,Mikel Merino,3568,Recio,3,0.1303
339789,Mikel Merino,26652,D. Wass,4,0.1463
339789,Mikel Merino,279526,W. Kaptoum,5,0.1485
339789,Mikel Merino,3680,David Zurutuza,6,0.1865
339789,Mikel Merino,599560,Alberto Reina,7,0.2062
339789,Mikel Merino,3419,Iñigo Pérez,8,0.2333
339789,Mikel Merino,3317,Esteban Granero,9,0.241
339789,Mikel Merino,5290,Mikel Rico,10,0.2625
339790,Kike Barja,411422,B. Ocampo,1,0.1182
339790,Kike Barja,596052,Ander Barrenetxea,2,0.1219
339790,Kike Barja,559718,Gonzalo Plata,3,0.202
339790,Kike Barja,393881,H. Toledo,4,0.2435
339790,Kike Barja,339791,Álex Berenguer,5,0.2579
339790,Kike Barja,91282,M. Cuero,6,0.2695
339790,Kike Barja,561189,Robert Navarro,7,0.3014
339790,Kike Barja,3394,Bruno Gama,8,0.3055
339790,Kike Barja,218549,Garry Rodrigues,9,0.3055
339790,Kike Barja,5291,Jaime Romero,10,0.32
339791,Álex Berenguer,559718,Gonzalo Plata,1,0.0947
339791,Álex Berenguer,393881,H. Toledo,2,0.1308
339791,Álex Berenguer,3293,P. Piatti,3,0.1874
339791,Álex Berenguer,596822,Luiz Henrique,4,0.1991
339791,Álex Berenguer,116898,D. Machís,5,0.2059
339791,Álex Berenguer,218549,Garry Rodrigues,6,0.2171
339791,Álex Berenguer,596052,Ander Barrenetxea,7,0.2462
339791,Álex Berenguer,339790,Kike Barja,8,0.2579
339791,Álex Berenguer,4513,D. Cheryshev,9,0.2664
339791,Álex Berenguer,411422,B. Ocampo,10,0.2885
339794,Raúl Guti,603901,Víctor Meseguer,1,0.188
339794,Raúl Guti,542101,S. Cissé,2,0.2232
339794,Raúl Guti,282790,D. Sow,3,0.2525
339794,Raúl Guti,471764,Monchu,4,0.265
339794,Raúl Guti,605383,Beñat Turrientes,5,0.2756
339794,Raúl Guti,4507,Álex Fernández,6,0.3354
339794,Raúl Guti,643875,J. Solís,7,0.3706
339794,Raúl Guti,55990,T. Delaney,8,0.3938
339794,Raúl Guti,558754,Carlos Dotor,9,0.394
339794,Raúl Guti,255738,J. Lerma,10,0.4262
339799,Jorge Sáenz,70086,N. Otamendi,1,0.0376
339799,Jorge Sáenz,911027,Vitor Reis,2,0.1866
339799,Jorge Sáenz,8609,A. Alcáraz,3,0.1931
339799,Jorge Sáenz,450769,Fernando Calero,4,0.2011
339799,Jorge Sáenz,5472,Luis Hernández,5,0.2093
339799,Jorge Sáenz,413041,J. El Yamiq,6,0.2126
339799,Jorge Sáenz,3970,Alejandro Gálvez,7,0.23
339799,Jorge Sáenz,3496,Sergio Postigo,8,0.2333
339799,Jorge Sáenz,86325,R. Funes Mori,9,0.239
339799,Jorge Sáenz,70391,A. Ba,10,0.2413
339801,Álvaro Lemos,28529,Y. Sabaly,1,0.1318
339801,Álvaro Lemos,116299,L. Olaza,2,0.1451
339801,Álvaro Lemos,3534,Jaume Costa,3,0.1566
339801,Álvaro Lemos,4936,David Simón,4,0.1658
339801,Álvaro Lemos,402854,G. Montiel,5,0.1772
339801,Álvaro Lemos,89712,F. Gutiérrez,6,0.1806
339801,Álvaro Lemos,71997,Hélder Lopes,7,0.181
339801,Álvaro Lemos,14852,Sergio Escudero,8,0.1821
339801,Álvaro Lemos,3447,Juanfran,9,0.1867
339801,Álvaro Lemos,481322,A. Candela,10,0.2076
339812,Pape Cheickh,5290,Mikel Rico,1,0.0481
339812,Pape Cheickh,3419,Iñigo Pérez,2,0.0943
339812,Pape Cheickh,4507,Álex Fernández,3,0.199
339812,Pape Cheickh,279526,W. Kaptoum,4,0.2056
339812,Pape Cheickh,3808,Javi Márquez,5,0.2067
339812,Pape Cheickh,605383,Beñat Turrientes,6,0.2217
339812,Pape Cheickh,447358,C. Gallagher,7,0.2445
339812,Pape Cheickh,542101,S. Cissé,8,0.2586
339812,Pape Cheickh,471764,Monchu,9,0.263
339812,Pape Cheickh,387840,Santi Comesaña,10,0.2764
339857,José Arnáiz,652912,W. Swedberg,1,0.1738
339857,José Arnáiz,3287,Portu,2,0.1747
339857,José Arnáiz,88642,E. Ávila,3,0.2548
339857,José Arnáiz,507495,Dani Escriche,4,0.2561
339857,José Arnáiz,3629,Viguera,5,0.2861
339857,José Arnáiz,3738,Lafita,6,0.2963
339857,José Arnáiz,91268,F. Hinestroza,7,0.2992
339857,José Arnáiz,4880,Rober Ibáñez,8,0.3269
339857,José Arnáiz,269137,T. Bongonda,9,0.3389
339857,José Arnáiz,3908,Lago Júnior,10,0.3419
339885,Son,402854,G. Montiel,1,0.1873
339885,Son,112366,M. Layún,2,0.2377
339885,Son,3538,M. Wakaso,3,0.2379
339885,Son,552232,Jon Ander Olasagasti,4,0.2602
339885,Son,4908,Alberto Moreno,5,0.2654
339885,Son,339801,Álvaro Lemos,6,0.2667
339885,Son,28529,Y. Sabaly,7,0.2756
339885,Son,70136,S. Arias,8,0.2957
339885,Son,70315,Diogo Figueiras,9,0.3082
339885,Son,4892,José Gayá,10,0.3084
340706,G. Rodríguez,3566,Ignacio Camacho,1,0.0733
340706,G. Rodríguez,563961,José Fontán,2,0.1434
340706,G. Rodríguez,456053,J. Foyth,3,0.1611
340706,G. Rodríguez,3436,Javi Manquillo,4,0.1828
340706,G. Rodríguez,812973,V. Gómez,5,0.21560000000000001
340706,G. Rodríguez,366584,L. Pétrot,6,0.2615
340706,G. Rodríguez,86796,I. Marcone,7,0.2721
340706,G. Rodríguez,645035,Dário Essugo,8,0.2828
340706,G. Rodríguez,593173,Aiham Ousou,9,0.2866
340706,G. Rodríguez,4332,Javi Fuego,10,0.2903
341751,Marc Navarro,377083,Sergio Akieme,1,0.1226
341751,Marc Navarro,344118,Jaime Seoane,2,0.1652
341751,Marc Navarro,237269,S. Lukić,3,0.222
341751,Marc Navarro,352747,Miguel Olavide,4,0.2662
341751,Marc Navarro,3538,M. Wakaso,5,0.2753
341751,Marc Navarro,114709,L. Advíncula,6,0.3042
341751,Marc Navarro,4786,I. Balliu,7,0.3187
341751,Marc Navarro,560353,Pablo Martínez,8,0.3253
341751,Marc Navarro,3460,Coke,9,0.3351
341751,Marc Navarro,336371,Guilherme Arana,10,0.3369
341752,Marc Roca,5907,Sergi Samper,1,0.0951
341752,Marc Roca,4243,Verza,2,0.1492
341752,Marc Roca,217031,T. Partey,3,0.2031
341752,Marc Roca,25785,S. Aurier,4,0.2294
341752,Marc Roca,5289,Fran Rico,5,0.2517
341752,Marc Roca,706732,Sergi Altimira,6,0.2534
341752,Marc Roca,25623,G. Kondogbia,7,0.2769
341752,Marc Roca,352787,Pepelu,8,0.2776
341752,Marc Roca,4242,Corona,9,0.2875
341752,Marc Roca,634204,E. Barrenechea,10,0.3054
342785,Jairo Izquierdo,489695,Marvin Park,1,0.1804
342785,Jairo Izquierdo,574784,Antonio Sánchez,2,0.2591
342785,Jairo Izquierdo,3281,Juan Bernat,3,0.3022
342785,Jairo Izquierdo,404328,Enric Franquesa,4,0.3845
342785,Jairo Izquierdo,3972,Álex Menéndez,5,0.3874
342785,Jairo Izquierdo,3787,Víctor Álvarez,6,0.4399
342785,Jairo Izquierdo,5281,A. Nyom,7,0.4419
342785,Jairo Izquierdo,561190,Javi López,8,0.4507
342785,Jairo Izquierdo,435759,Adrià Pedrosa,9,0.4612
342785,Jairo Izquierdo,485271,Lucas Rosa,10,0.4758
343925,D. Verde,1751,O. Tannane,1,0.1041
343925,D. Verde,134769,Y. Carrasco,2,0.2169
343925,D. Verde,4375,Vitolo,3,0.2614
343925,D. Verde,3843,F. Orellana,4,0.2727
343925,D. Verde,496400,C. Ejuke,5,0.2748
343925,D. Verde,226005,Burgui,6,0.2753
343925,D. Verde,337068,J. Pombo,7,0.2853
343925,D. Verde,4015,Pablo Sarabia,8,0.2878
343925,D. Verde,258022,V. Tsygankov,9,0.3012
343925,D. Verde,241945,P. Sisto,10,0.3248
344014,L. Agbenyenu,3790,Carlos Clerc,1,0.0844
344014,L. Agbenyenu,396513,Alex Pozo,2,0.1037
344014,L. Agbenyenu,344104,Álvaro Tejero,3,0.1745
344014,L. Agbenyenu,230862,Íñigo Lekue,4,0.1802
344014,L. Agbenyenu,4094,Ander Capa,5,0.1822
344014,L. Agbenyenu,423157,Thierry Correia,6,0.1895
344014,L. Agbenyenu,3974,D. Suárez,7,0.1983
344014,L. Agbenyenu,3919,Iván López,8,0.2139
344014,L. Agbenyenu,550927,Sergi Cardona,9,0.2278
344014,L. Agbenyenu,293333,M. Ristić,10,0.2345
344039,Chumi,270037,M. Valjent,1,0.0852
344039,Chumi,7857,Ignasi Miquel,2,0.1037
344039,Chumi,404693,M. Kumbulla,3,0.1247
344039,Chumi,3407,Jonás Ramalho,4,0.1311
344039,Chumi,449817,A. Mumin,5,0.15
344039,Chumi,567461,Jorge Herrando,6,0.1579
344039,Chumi,805039,M. Moreno,7,0.1691
344039,Chumi,93003,D. Siovas,8,0.1713
344039,Chumi,410055,Róber Pier,9,0.1727
344039,Chumi,298353,José Martínez,10,0.1748
344040,Marc Cucurella,71004,Candeias,1,0.1669
344040,Marc Cucurella,357992,Aitor Ruibal,2,0.1935
344040,Marc Cucurella,297043,F. Cervi,3,0.2419
344040,Marc Cucurella,532627,Arnau Puigmal,4,0.2452
344040,Marc Cucurella,3972,Álex Menéndez,5,0.2555
344040,Marc Cucurella,3426,Gaizka Toquero,6,0.3378
344040,Marc Cucurella,568583,Juan Cruz,7,0.3489
344040,Marc Cucurella,536152,Jordi Martín,8,0.3743
344040,Marc Cucurella,624613,Juanlu Sánchez,9,0.3901
344040,Marc Cucurella,275485,Josan,10,0.3914
344049,Oriol Rey,25405,M. Gonalons,1,0.0889
344049,Oriol Rey,3866,M. Iturra,2,0.1465
344049,Oriol Rey,3505,R. Loé,3,0.1602
344049,Oriol Rey,5055,José Mari,4,0.1861
344049,Oriol Rey,598620,Johnny Cardoso,5,0.2065
344049,Oriol Rey,373713,Christian Rivera,6,0.2073
344049,Oriol Rey,471583,I. Baba,7,0.2566
344049,Oriol Rey,91064,D. Torres,8,0.2637
344049,Oriol Rey,3650,Tomás Pina,9,0.2702
344049,Oriol Rey,435472,U. Račić,10,0.2734
344051,Álex Blanco,405977,Jordi Mboula,1,0.246
344051,Álex Blanco,344140,A. Ndiaye,2,0.3299
344051,Álex Blanco,127609,F. Malbašić,3,0.3582
344051,Álex Blanco,601297,Peter González,4,0.4212
344051,Álex Blanco,818689,Assane Diao,5,0.4222
344051,Álex Blanco,545296,Y. Musah,6,0.4453
344051,Álex Blanco,6106,Antonio Puertas,7,0.4608
344051,Álex Blanco,134249,Rubén Sobrino,8,0.4616
344051,Álex Blanco,3708,J. Samperio,9,0.4911
344051,Álex Blanco,344936,I. Cardona,10,0.5108
344053,Carles Pérez,4014,Pedro León,1,0.0934
344053,Carles Pérez,251565,Álvaro García,2,0.1068
344053,Carles Pérez,218549,Garry Rodrigues,3,0.1151
344053,Carles Pérez,346551,I. Hagi,4,0.1564
344053,Carles Pérez,25477,S. Gürler,5,0.1575
344053,Carles Pérez,722567,G. Simeone,6,0.1707
344053,Carles Pérez,3293,P. Piatti,7,0.2361
344053,Carles Pérez,127719,A. Katai,8,0.2548
344053,Carles Pérez,1016232,Jesús Rodríguez,9,0.2573
344053,Carles Pérez,3394,Bruno Gama,10,0.2702
344068,Unai Núñez,3695,Álvaro Soberón,1,0.0605
344068,Unai Núñez,8311,S. Savić,2,0.0855
344068,Unai Núñez,3562,Sergio Sánchez,3,0.1081
344068,Unai Núñez,25392,Bakary Koné,4,0.1194
344068,Unai Núñez,4918,Deivid,5,0.1245
344068,Unai Núñez,295234,Sergio González,6,0.1373
344068,Unai Núñez,275296,David Costas,7,0.1552
344068,Unai Núñez,911027,Vitor Reis,8,0.1635
344068,Unai Núñez,70140,Daniel Carriço,9,0.1844
344068,Unai Núñez,92874,L. Vyntra,10,0.1878
344075,Iñigo Córdoba,247220,Jason,1,0.2126
344075,Iñigo Córdoba,403706,A. Mallé,2,0.2447
344075,Iñigo Córdoba,406454,Waldo Rubio,3,0.246
344075,Iñigo Córdoba,275298,Adri Embarba,4,0.3549
344075,Iñigo Córdoba,713838,Álex Sancris,5,0.3625
344075,Iñigo Córdoba,275419,Luis Rioja,6,0.3651
344075,Iñigo Córdoba,584938,Fran Pérez,7,0.3718
344075,Iñigo Córdoba,254189,Ivi López,8,0.3967
344075,Iñigo Córdoba,3539,H. Pérez,9,0.4013
344075,Iñigo Córdoba,838872,Coba da Costa,10,0.4089
344086,Gorka Guruzeta,490458,S. Kaba,1,0.131
344086,Gorka Guruzeta,213365,G. Fernández,2,0.1397
344086,Gorka Guruzeta,20536,G. Pazzini,3,0.1867
344086,Gorka Guruzeta,70159,R. van Wolfswinkel,4,0.1907
344086,Gorka Guruzeta,25809,E. Rivière,5,0.2605
344086,Gorka Guruzeta,489417,Erik Expósito,6,0.2614
344086,Gorka Guruzeta,3937,Roger Martí,7,0.2969
344086,Gorka Guruzeta,171643,R. Yaremchuk,8,0.3023
344086,Gorka Guruzeta,3577,S. Rondón,9,0.3027
344086,Gorka Guruzeta,3576,Juanmi,10,0.309
344100,Sergio Reguilón,396475,A. Hakimi,1,0.2253
344100,Sergio Reguilón,50213,K. Yoda,2,0.3171
344100,Sergio Reguilón,3474,Jesús Navas,3,0.3558
344100,Sergio Reguilón,89073,M. Acuña,4,0.4207
344100,Sergio Reguilón,214062,Álex Granell,5,0.4491
344100,Sergio Reguilón,25586,Mariano,6,0.4527
344100,Sergio Reguilón,135903,João Cancelo,7,0.4838
344100,Sergio Reguilón,86517,P. De Blasis,8,0.5625
344100,Sergio Reguilón,20436,Cote,9,0.612
344100,Sergio Reguilón,414193,N. Molina,10,0.6211
344102,Javi Sánchez,5472,Luis Hernández,1,0.1164
344102,Javi Sánchez,450769,Fernando Calero,2,0.1194
344102,Javi Sánchez,3496,Sergio Postigo,3,0.1263
344102,Javi Sánchez,622390,C. Özkacar,4,0.1764
344102,Javi Sánchez,449817,A. Mumin,5,0.1839
344102,Javi Sánchez,473366,Víctor Chust,6,0.1865
344102,Javi Sánchez,567461,Jorge Herrando,7,0.1886
344102,Javi Sánchez,92874,L. Vyntra,8,0.1986
344102,Javi Sánchez,298353,José Martínez,9,0.2093
344102,Javi Sánchez,911027,Vitor Reis,10,0.2151
344104,Álvaro Tejero,5383,Toño García,1,0.1398
344104,Álvaro Tejero,496493,Víctor Gómez,2,0.1446
344104,Álvaro Tejero,344014,L. Agbenyenu,3,0.1745
344104,Álvaro Tejero,5910,Álex Moreno,4,0.1883
344104,Álvaro Tejero,230862,Íñigo Lekue,5,0.1893
344104,Álvaro Tejero,3790,Carlos Clerc,6,0.202
344104,Álvaro Tejero,517437,Jesús Areso,7,0.2059
344104,Álvaro Tejero,472191,Renan Lodi,8,0.2115
344104,Álvaro Tejero,301016,R. Perraud,9,0.2117
344104,Álvaro Tejero,550927,Sergi Cardona,10,0.2257
344118,Jaime Seoane,114709,L. Advíncula,1,0.144
344118,Jaime Seoane,341751,Marc Navarro,2,0.1652
344118,Jaime Seoane,237269,S. Lukić,3,0.1994
344118,Jaime Seoane,336371,Guilherme Arana,4,0.2092
344118,Jaime Seoane,377083,Sergio Akieme,5,0.2225
344118,Jaime Seoane,545944,Oier Zarraga,6,0.2896
344118,Jaime Seoane,247212,Rafa Navarro,7,0.3135
344118,Jaime Seoane,560353,Pablo Martínez,8,0.3354
344118,Jaime Seoane,3380,Juan Domínguez,9,0.3478
344118,Jaime Seoane,552232,Jon Ander Olasagasti,10,0.3558
344120,Borja Mayoral,69610,D. Čop,1,0.064
344120,Borja Mayoral,15111,A. Ramos,2,0.1842
344120,Borja Mayoral,388976,T. Kadewere,3,0.1946
344120,Borja Mayoral,405979,Abel Ruiz,4,0.2232
344120,Borja Mayoral,3294,Roberto Soldado,5,0.227
344120,Borja Mayoral,250885,Santi Mina,6,0.2299
344120,Borja Mayoral,135927,André Silva,7,0.2474
344120,Borja Mayoral,4338,Diego Costa,8,0.2554
344120,Borja Mayoral,86800,D. Benedetto,9,0.2595
344120,Borja Mayoral,3576,Juanmi,10,0.2651
344132,T. Hernández,354123,Pol Lirola,1,0.1131
344132,T. Hernández,301016,R. Perraud,2,0.1452
344132,T. Hernández,477082,Emerson Royal,3,0.1608
344132,T. Hernández,6925,H. Hernández,4,0.21
344132,T. Hernández,496493,Víctor Gómez,5,0.2108
344132,T. Hernández,372753,Francis Guerrero,6,0.2161
344132,T. Hernández,655335,Yusi,7,0.2425
344132,T. Hernández,4997,Antoñito,8,0.2432
344132,T. Hernández,70315,Diogo Figueiras,9,0.2533
344132,T. Hernández,5383,Toño García,10,0.2693
344140,A. Ndiaye,127609,F. Malbašić,1,0.1138
344140,A. Ndiaye,601297,Peter González,2,0.1437
344140,A. Ndiaye,405977,Jordi Mboula,3,0.2432
344140,A. Ndiaye,344051,Álex Blanco,4,0.3299
344140,A. Ndiaye,6525,Edgar Méndez,5,0.3761
344140,A. Ndiaye,601883,F. Pellistri,6,0.4336
344140,A. Ndiaye,722550,Antoniu Roca,7,0.4478
344140,A. Ndiaye,4923,Salvi Sánchez,8,0.4663
344140,A. Ndiaye,818689,Assane Diao,9,0.4862
344140,A. Ndiaye,619855,Borja Sainz,10,0.4909
344153,Tete Morente,444669,N. González,1,0.1906
344153,Tete Morente,6456,Dani Rodríguez,2,0.1915
344153,Tete Morente,3708,J. Samperio,3,0.1974
344153,Tete Morente,3426,Gaizka Toquero,4,0.2119
344153,Tete Morente,545296,Y. Musah,5,0.2475
344153,Tete Morente,344936,I. Cardona,6,0.2479
344153,Tete Morente,4127,J. Feliu,7,0.2939
344153,Tete Morente,532627,Arnau Puigmal,8,0.3174
344153,Tete Morente,353331,K. Jóźwiak,9,0.3331
344153,Tete Morente,70235,Héldon,10,0.3465
344198,E. Cömert,375335,J. Aidoo,1,0.0897
344198,E. Cömert,844244,N. Mendy,2,0.1014
344198,E. Cömert,519494,Álex Suárez,3,0.1871
344198,E. Cömert,295234,Sergio González,4,0.1952
344198,E. Cömert,3644,Pedro Bigas,5,0.1966
344198,E. Cömert,583159,L. Badé,6,0.1974
344198,E. Cömert,32577,Sidnei,7,0.2017
344198,E. Cömert,275296,David Costas,8,0.2093
344198,E. Cömert,25537,G. Krychowiak,9,0.2247
344198,E. Cömert,3588,Chechu Dorado,10,0.2278
344444,D. Hadžikadunić,86298,E. Saveljich,1,0.0923
344444,D. Hadžikadunić,193984,Germán Sánchez,2,0.2695
344444,D. Hadžikadunić,3665,Ansotegi,3,0.329
344444,D. Hadžikadunić,70956,Rúben Semedo,4,0.3716
344444,D. Hadžikadunić,504689,F. Garcés,5,0.4083
344444,D. Hadžikadunić,3433,D. Godín,6,0.4087
344444,D. Hadžikadunić,3922,David Navarro,7,0.4174
344444,D. Hadžikadunić,6579,Antonio Raíllo,8,0.4396
344444,D. Hadžikadunić,128171,S. Mitrović,9,0.4407
344444,D. Hadžikadunić,222464,M. Mauro,10,0.4513
344936,I. Cardona,4127,J. Feliu,1,0.1363
344936,I. Cardona,3708,J. Samperio,2,0.1593
344936,I. Cardona,344153,Tete Morente,3,0.2479
344936,I. Cardona,70235,Héldon,4,0.3051
344936,I. Cardona,444669,N. González,5,0.3252
344936,I. Cardona,545296,Y. Musah,6,0.3346
344936,I. Cardona,4592,Paco Montañés,7,0.3409
344936,I. Cardona,634666,Diego López,8,0.3411
344936,I. Cardona,501471,I. Chaira,9,0.3451
344936,I. Cardona,6456,Dani Rodríguez,10,0.3463
346071,O. Burke,134249,Rubén Sobrino,1,0.1728
346071,O. Burke,254649,T. Asano,2,0.3546
346071,O. Burke,744761,Mateo Joseph,3,0.3599
346071,O. Burke,6106,Antonio Puertas,4,0.3842
346071,O. Burke,405977,Jordi Mboula,5,0.4193
346071,O. Burke,387803,Víctor Campuzano,6,0.4791
346071,O. Burke,826049,Adrián Liso,7,0.5079
346071,O. Burke,778343,Pablo Durán,8,0.523
346071,O. Burke,344051,Álex Blanco,9,0.5242
346071,O. Burke,127609,F. Malbašić,10,0.5355
346119,Manu García,523326,Manu Fuster,1,0.1813
346119,Manu García,26515,F. Kadir,2,0.261
346119,Manu García,8213,Rubén Rochina,3,0.2683
346119,Manu García,631404,Alejandro Balde,4,0.2897
346119,Manu García,788852,Hugo Álvarez,5,0.3455
346119,Manu García,208942,Óliver Torres,6,0.4171
346119,Manu García,4498,Lucas Vázquez,7,0.4245
346119,Manu García,528925,Calebe,8,0.4562
346119,Manu García,446483,André Almeida,9,0.4673
346119,Manu García,8323,Denis Suárez,10,0.472
346195,Fabián Ruiz,746346,Hugo Sotelo,1,0.1973
346195,Fabián Ruiz,3347,Sergi Roberto,2,0.2159
346195,Fabián Ruiz,3443,Koke,3,0.22
346195,Fabián Ruiz,282448,Aleix García,4,0.2358
346195,Fabián Ruiz,3286,Dani Parejo,5,0.3485
346195,Fabián Ruiz,3542,Manu Trigueros,6,0.3639
346195,Fabián Ruiz,3835,Álex López,7,0.418
346195,Fabián Ruiz,364005,F. Valverde,8,0.4301
346195,Fabián Ruiz,3677,Rubén Pardo,9,0.4916
346195,Fabián Ruiz,56025,M. Krohn-Dehli,10,0.5034
346551,I. Hagi,4014,Pedro León,1,0.106
346551,I. Hagi,722567,G. Simeone,2,0.1131
346551,I. Hagi,127719,A. Katai,3,0.1304
346551,I. Hagi,344053,Carles Pérez,4,0.1564
346551,I. Hagi,251565,Álvaro García,5,0.2144
346551,I. Hagi,3603,Álvaro Vadillo,6,0.2452
346551,I. Hagi,218549,Garry Rodrigues,7,0.2552
346551,I. Hagi,3394,Bruno Gama,8,0.2699
346551,I. Hagi,602620,T. Buchanan,9,0.282
346551,I. Hagi,397109,Jota,10,0.2945
347333,A. Král,621046,Yellu Santiago,1,0.2777
347333,A. Král,286448,M. Arambarri,2,0.3021
347333,A. Král,334154,A. Tuhami,3,0.4422
347333,A. Král,3787,Víctor Álvarez,4,0.4738
347333,A. Král,683848,Urko González,5,0.4851
347333,A. Král,425893,L. Ilić,6,0.5597
347333,A. Král,626229,Mario Martín,7,0.5646
347333,A. Král,230895,Pere Pons,8,0.6053
347333,A. Král,5281,A. Nyom,9,0.6182
347333,A. Král,352747,Miguel Olavide,10,0.6192
350992,U. Sadiq,228902,J. Calleri,1,0.2583
350992,U. Sadiq,278015,J. Rodríguez,2,0.2784
350992,U. Sadiq,670456,E. Eyong,3,0.2796
350992,U. Sadiq,364820,Loren Morón,4,0.2962
350992,U. Sadiq,474104,J. Strand Larsen,5,0.3288
350992,U. Sadiq,788748,Álvaro Rodríguez,6,0.3347
350992,U. Sadiq,524274,A. Douvikas,7,0.3681
350992,U. Sadiq,94764,Y. Muto,8,0.3775
350992,U. Sadiq,116319,M. Santos,9,0.3808
350992,U. Sadiq,5147,A. Lozano,10,0.3859
352747,Miguel Olavide,377083,Sergio Akieme,1,0.2067
352747,Miguel Olavide,341751,Marc Navarro,2,0.2662
352747,Miguel Olavide,230895,Pere Pons,3,0.2819
352747,Miguel Olavide,237269,S. Lukić,4,0.3448
352747,Miguel Olavide,778363,Adama Boiro,5,0.362
352747,Miguel Olavide,145,T. Vilhena,6,0.3663
352747,Miguel Olavide,344118,Jaime Seoane,7,0.3929
352747,Miguel Olavide,694062,Pablo Ibáñez,8,0.3947
352747,Miguel Olavide,3460,Coke,9,0.4098
352747,Miguel Olavide,560353,Pablo Martínez,10,0.4132
352761,Luis Pérez,436688,Viti Rozada,1,0.1226
352761,Luis Pérez,3750,Mikel Balenziaga,2,0.1307
352761,Luis Pérez,278867,S. Janko,3,0.1326
352761,Luis Pérez,5327,Miguel Cifuentes,4,0.1326
352761,Luis Pérez,6281,Joseba Zaldúa,5,0.1355
352761,Luis Pérez,282438,Aarón Martín,6,0.1644
352761,Luis Pérez,5902,Brian Oliván,7,0.1749
352761,Luis Pérez,69409,Š. Vrsaljko,8,0.176
352761,Luis Pérez,326535,Toni Lato,9,0.1888
352761,Luis Pérez,3798,Dídac Vilá,10,0.2021
352787,Pepelu,265369,U. Agbo,1,0.1831
352787,Pepelu,545943,Unai Vencedor,2,0.2285
352787,Pepelu,167118,Erik Morán,3,0.2526
352787,Pepelu,3653,F. Tissone,4,0.2563
352787,Pepelu,25785,S. Aurier,5,0.2632
352787,Pepelu,26084,L. Carole,6,0.2663
352787,Pepelu,341752,Marc Roca,7,0.2776
352787,Pepelu,70083,Danilo,8,0.2776
352787,Pepelu,477352,Ander Guevara,9,0.2852
352787,Pepelu,86234,E. Pérez,10,0.2888
352788,Manu Morlanes,589805,L. Agoumé,1,0.1019
352788,Manu Morlanes,387840,Santi Comesaña,2,0.1857
352788,Manu Morlanes,6035,Rubén Alcaraz,3,0.213
352788,Manu Morlanes,286030,K. Bare,4,0.237
352788,Manu Morlanes,436785,Y. Neyou,5,0.2411
352788,Manu Morlanes,545943,Unai Vencedor,6,0.2537
352788,Manu Morlanes,645789,Iker Muñoz,7,0.301
352788,Manu Morlanes,265369,U. Agbo,8,0.3027
352788,Manu Morlanes,3317,Esteban Granero,9,0.3028
352788,Manu Morlanes,3977,Nacho Cases,10,0.3132
352789,Óscar Rodríguez,3511,Roberto Torres,1,0.1766
352789,Óscar Rodríguez,280383,E. Bardhi,2,0.1994
352789,Óscar Rodríguez,279569,Sangalli,3,0.2009
352789,Óscar Rodríguez,4342,Piti,4,0.2074
352789,Óscar Rodríguez,4252,Aaron Níguez,5,0.2442
352789,Óscar Rodríguez,3979,De las Cuevas,6,0.2788
352789,Óscar Rodríguez,37836,M. Lestienne,7,0.2981
352789,Óscar Rodríguez,275293,Samu García,8,0.2985
352789,Óscar Rodríguez,611463,Aimar Oroz,9,0.3024
352789,Óscar Rodríguez,485383,Álex Mula,10,0.3038
353331,K. Jóźwiak,397109,Jota,1,0.1223
353331,K. Jóźwiak,501471,I. Chaira,2,0.1593
353331,K. Jóźwiak,6456,Dani Rodríguez,3,0.1612
353331,K. Jóźwiak,222439,E. Rigoni,4,0.1956
353331,K. Jóźwiak,4592,Paco Montañés,5,0.2089
353331,K. Jóźwiak,444669,N. González,6,0.2567
353331,K. Jóźwiak,382622,S. Amallah,7,0.2725
353331,K. Jóźwiak,251565,Álvaro García,8,0.2811
353331,K. Jóźwiak,3837,Jota,9,0.2895
353331,K. Jóźwiak,25477,S. Gürler,10,0.3322
353833,K. Mbappé,584522,Ansu Fati,1,0.8821
353833,K. Mbappé,3840,Iago Aspas,2,0.9421
353833,K. Mbappé,118,M. Depay,3,0.9711
353833,K. Mbappé,20948,S. Jovetić,4,1.0154
353833,K. Mbappé,300485,Malcom,5,1.0851
353833,K. Mbappé,8278,G. Bale,6,1.0865
353833,K. Mbappé,7972,L. Suárez,7,1.1126
353833,K. Mbappé,3360,Pedro,8,1.153
353833,K. Mbappé,471753,João Félix,9,1.1744
353833,K. Mbappé,3321,K. Benzema,10,1.1849
354123,Pol Lirola,301016,R. Perraud,1,0.083
354123,Pol Lirola,344132,T. Hernández,2,0.1131
354123,Pol Lirola,496493,Víctor Gómez,3,0.1567
354123,Pol Lirola,477082,Emerson Royal,4,0.1742
354123,Pol Lirola,5383,Toño García,5,0.1765
354123,Pol Lirola,655335,Yusi,6,0.1965
354123,Pol Lirola,4997,Antoñito,7,0.2254
354123,Pol Lirola,422517,Fran García,8,0.2333
354123,Pol Lirola,286248,V. Kravets,9,0.2341
354123,Pol Lirola,501165,Lucas Pires,10,0.2509
354547,J. Jankto,56009,R. Durmisi,1,0.1842
354547,J. Jankto,536152,Jordi Martín,2,0.2184
354547,J. Jankto,560353,Pablo Martínez,3,0.2266
354547,J. Jankto,70315,Diogo Figueiras,4,0.2849
354547,J. Jankto,339885,Son,5,0.3161
354547,J. Jankto,3538,M. Wakaso,6,0.3176
354547,J. Jankto,377083,Sergio Akieme,7,0.3495
354547,J. Jankto,112366,M. Layún,8,0.3613
354547,J. Jankto,4786,I. Balliu,9,0.3648
354547,J. Jankto,482369,Javi Martínez,10,0.3684
355597,Joan Sastre,410872,Javi Galán,1,0.1757
355597,Joan Sastre,41029,Douglas,2,0.2297
355597,Joan Sastre,91702,J. Mojica,3,0.2499
355597,Joan Sastre,225948,Rubén Peña,4,0.3311
355597,Joan Sastre,621207,Javi Rueda,5,0.3427
355597,Joan Sastre,212625,A. Solari,6,0.3667
355597,Joan Sastre,4094,Ander Capa,7,0.4284
355597,Joan Sastre,293333,M. Ristić,8,0.4838
355597,Joan Sastre,5910,Álex Moreno,9,0.4912
355597,Joan Sastre,786686,Iván Fresneda,10,0.4924
355599,Mikel Oyarzabal,38094,I. Ezekiel,1,0.1348
355599,Mikel Oyarzabal,5911,Sandro Ramírez,2,0.1964
355599,Mikel Oyarzabal,71057,Licá,3,0.206
355599,Mikel Oyarzabal,230883,Ayoze Pérez,4,0.2065
355599,Mikel Oyarzabal,278278,Munir El Haddadi,5,0.2277
355599,Mikel Oyarzabal,3479,Manu del Moral,6,0.2598
355599,Mikel Oyarzabal,290215,Dani Ndi,7,0.265
355599,Mikel Oyarzabal,3934,N. El Zhar,8,0.267
355599,Mikel Oyarzabal,3451,Adrián López,9,0.299
355599,Mikel Oyarzabal,4683,A. Szymanowski,10,0.3524
356237,G. Lo Celso,3282,Sergio Canales,1,0.1289
356237,G. Lo Celso,3448,A. Turan,2,0.2267
356237,G. Lo Celso,302292,M. Ødegaard,3,0.2653
356237,G. Lo Celso,69403,Sammir,4,0.2767
356237,G. Lo Celso,703740,A. Güler,5,0.3258
356237,G. Lo Celso,288091,Marco Asensio,6,0.4213
356237,G. Lo Celso,32652,E. Çolak,7,0.4349
356237,G. Lo Celso,8317,David Silva,8,0.4521
356237,G. Lo Celso,21077,A. Gómez,9,0.4629
356237,G. Lo Celso,25440,J. Pastore,10,0.4649
357806,D. Hancko,274344,B. Santamaria,1,0.011
357806,D. Hancko,269060,P. Hernández,2,0.0834
357806,D. Hancko,422519,Fran Beltrán,3,0.1293
357806,D. Hancko,4902,Ángel Montoro,4,0.1989
357806,D. Hancko,3977,Nacho Cases,5,0.1996
357806,D. Hancko,3680,David Zurutuza,6,0.2122
357806,D. Hancko,4242,Corona,7,0.2352
357806,D. Hancko,706732,Sergi Altimira,8,0.2406
357806,D. Hancko,5289,Fran Rico,9,0.248
357806,D. Hancko,460552,P. Gueye,10,0.2894
357946,Isi Palazón,563968,Iker Losada,1,0.0976
357946,Isi Palazón,485383,Álex Mula,2,0.1238
357946,Isi Palazón,3423,Ibai Gómez,3,0.1374
357946,Isi Palazón,611463,Aimar Oroz,4,0.1684
357946,Isi Palazón,624774,Gabri Veiga,5,0.2185
357946,Isi Palazón,639038,A. Zakharyan,6,0.2885
357946,Isi Palazón,3361,A. Sánchez,7,0.2969
357946,Isi Palazón,3511,Roberto Torres,8,0.299
357946,Isi Palazón,4252,Aaron Níguez,9,0.3081
357946,Isi Palazón,20623,R. Soriano,10,0.3146
357981,Gonzalo Villar,279538,Marcos Llorente,1,0.2105
357981,Gonzalo Villar,938660,Mikel Jauregizar,2,0.2386
357981,Gonzalo Villar,279539,Javi Muñoz,3,0.2435
357981,Gonzalo Villar,452293,Sergio Ruiz,4,0.2437
357981,Gonzalo Villar,4238,Michel Macedo,5,0.28
357981,Gonzalo Villar,545944,Oier Zarraga,6,0.2806
357981,Gonzalo Villar,247212,Rafa Navarro,7,0.2979
357981,Gonzalo Villar,659244,Ramón Terrats,8,0.3086
357981,Gonzalo Villar,364850,Junior Firpo,9,0.3151
357981,Gonzalo Villar,590503,Ilaix Moriba,10,0.3327
357991,Édgar González,70140,Daniel Carriço,1,0.0464
357991,Édgar González,3527,Kiko Olivas,2,0.1012
357991,Édgar González,384066,C. Montes,3,0.1292
357991,Édgar González,621020,Cristhian Mosquera,4,0.1421
357991,Édgar González,6325,Gonzalo Verdú,5,0.144
357991,Édgar González,453251,Alejandro Catena,6,0.1477
357991,Édgar González,25392,Bakary Koné,7,0.1525
357991,Édgar González,32577,Sidnei,8,0.1561
357991,Édgar González,3276,A. Rami,9,0.1565
357991,Édgar González,4918,Deivid,10,0.1615
357992,Aitor Ruibal,297043,F. Cervi,1,0.0489
357992,Aitor Ruibal,344040,Marc Cucurella,2,0.1935
357992,Aitor Ruibal,3972,Álex Menéndez,3,0.2441
357992,Aitor Ruibal,624613,Juanlu Sánchez,4,0.2635
357992,Aitor Ruibal,536152,Jordi Martín,5,0.2647
357992,Aitor Ruibal,275485,Josan,6,0.327
357992,Aitor Ruibal,71004,Candeias,7,0.3295
357992,Aitor Ruibal,209012,Kévin Rodrigues,8,0.3734
357992,Aitor Ruibal,3501,Álvaro Cejudo,9,0.3997
357992,Aitor Ruibal,4997,Antoñito,10,0.4031
358801,P. Estupiñán,621207,Javi Rueda,1,0.2355
358801,P. Estupiñán,286248,V. Kravets,2,0.2603
358801,P. Estupiñán,3325,Juanfran,3,0.2834
358801,P. Estupiñán,91702,J. Mojica,4,0.2854
358801,P. Estupiñán,293333,M. Ristić,5,0.3269
358801,P. Estupiñán,422517,Fran García,6,0.3281
358801,P. Estupiñán,6925,H. Hernández,7,0.3348
358801,P. Estupiñán,41029,Douglas,8,0.3428
358801,P. Estupiñán,580127,Pep Chavarría,9,0.3715
358801,P. Estupiñán,303078,G. Suazo,10,0.3955
359847,Alfonso Pedraza,3501,Álvaro Cejudo,1,0.2174
359847,Alfonso Pedraza,275485,Josan,2,0.2463
359847,Alfonso Pedraza,225948,Rubén Peña,3,0.2687
359847,Alfonso Pedraza,472191,Renan Lodi,4,0.3091
359847,Alfonso Pedraza,5910,Álex Moreno,5,0.3102
359847,Alfonso Pedraza,287003,Benito Ramírez,6,0.3652
359847,Alfonso Pedraza,212625,A. Solari,7,0.3869
359847,Alfonso Pedraza,517437,Jesús Areso,8,0.3947
359847,Alfonso Pedraza,406454,Waldo Rubio,9,0.4403
359847,Alfonso Pedraza,496493,Víctor Gómez,10,0.4538
360981,Dani Olmo,300485,Malcom,1,0.2899
360981,Dani Olmo,3425,Iker Muniain,2,0.3519
360981,Dani Olmo,288091,Marco Asensio,3,0.4269
360981,Dani Olmo,617894,J. Bellingham,4,0.4902
360981,Dani Olmo,3348,Gerard Deulofeu,5,0.5614
360981,Dani Olmo,431540,Francisco Trincão,6,0.5745
360981,Dani Olmo,404397,Brahim Diaz,7,0.5873
360981,Dani Olmo,3282,Sergio Canales,8,0.625
360981,Dani Olmo,408307,Raphinha,9,0.6478
360981,Dani Olmo,3685,C. Vela,10,0.6612
363717,Y. Herrera,255254,Danilo Barbosa,1,0.0906
363717,Y. Herrera,336371,Guilherme Arana,2,0.1942
363717,Y. Herrera,3380,Juan Domínguez,3,0.2022
363717,Y. Herrera,480138,B. Mendy,4,0.2076
363717,Y. Herrera,400691,N. Petrović,5,0.2296
363717,Y. Herrera,237269,S. Lukić,6,0.2428
363717,Y. Herrera,20618,N. Krstičić,7,0.2447
363717,Y. Herrera,212644,G. Escalante,8,0.3458
363717,Y. Herrera,230895,Pere Pons,9,0.3595
363717,Y. Herrera,344118,Jaime Seoane,10,0.3632
364003,S. Bueno,4355,David García,1,0.0811
364003,S. Bueno,4303,David López,2,0.0991
364003,S. Bueno,567016,Jon Pacheco,3,0.1588
364003,S. Bueno,225996,Diego Llorente,4,0.1776
364003,S. Bueno,689107,Renato Veiga,5,0.1807
364003,S. Bueno,446859,Peru Nolaskoain,6,0.2084
364003,S. Bueno,485083,David Carmo,7,0.2157
364003,S. Bueno,3828,Raúl Navas,8,0.2198
364003,S. Bueno,544844,Logan Costa,9,0.2374
364003,S. Bueno,3300,Raúl Albiol,10,0.2735
364005,F. Valverde,3602,Salva Sevilla,1,0.2408
364005,F. Valverde,3812,Joan Verdú,2,0.2781
364005,F. Valverde,20475,A. Vidal,3,0.3473
364005,F. Valverde,3347,Sergi Roberto,4,0.3592
364005,F. Valverde,3542,Manu Trigueros,5,0.3718
364005,F. Valverde,40800,Ganso,6,0.3901
364005,F. Valverde,346195,Fabián Ruiz,7,0.4301
364005,F. Valverde,282448,Aleix García,8,0.4507
364005,F. Valverde,3286,Dani Parejo,9,0.4943
364005,F. Valverde,4911,Jozabed,10,0.5162
364086,T. Conechny,70235,Héldon,1,0.1432
364086,T. Conechny,382622,S. Amallah,2,0.1935
364086,T. Conechny,444669,N. González,3,0.2262
364086,T. Conechny,4515,Óscar Plano,4,0.2813
364086,T. Conechny,3708,J. Samperio,5,0.294
364086,T. Conechny,4592,Paco Montañés,6,0.3044
364086,T. Conechny,4127,J. Feliu,7,0.3308
364086,T. Conechny,6456,Dani Rodríguez,8,0.351
364086,T. Conechny,559043,Valery Fernández,9,0.3618
364086,T. Conechny,344153,Tete Morente,10,0.3672
364772,C. Awaziem,225085,Fali,1,0.0902
364772,C. Awaziem,712305,Adrián Pica,2,0.1689
364772,C. Awaziem,546482,José Gragera,3,0.1771
364772,C. Awaziem,471999,Juan Berrocal,4,0.1864
364772,C. Awaziem,93003,D. Siovas,5,0.2054
364772,C. Awaziem,805039,M. Moreno,6,0.2171
364772,C. Awaziem,3670,Mikel González,7,0.2328
364772,C. Awaziem,556923,A. Abqar,8,0.248
364772,C. Awaziem,622288,Kaiky,9,0.2612
364772,C. Awaziem,713622,John Donald,10,0.2628
364817,Tachi,3407,Jonás Ramalho,1,0.1213
364817,Tachi,50102,F. Schär,2,0.1228
364817,Tachi,211853,Rúben Vezo,3,0.1293
364817,Tachi,410055,Róber Pier,4,0.1324
364817,Tachi,508021,Jorge Cuenca,5,0.1456
364817,Tachi,88969,D. Musto,6,0.148
364817,Tachi,7857,Ignasi Miquel,7,0.1548
364817,Tachi,93003,D. Siovas,8,0.1674
364817,Tachi,3381,Borja Fernández,9,0.1682
364817,Tachi,805039,M. Moreno,10,0.1799
364820,Loren Morón,285727,L. Dimata,1,0.1666
364820,Loren Morón,670456,E. Eyong,2,0.196
364820,Loren Morón,278015,J. Rodríguez,3,0.2319
364820,Loren Morón,94764,Y. Muto,4,0.2324
364820,Loren Morón,474104,J. Strand Larsen,5,0.2333
364820,Loren Morón,228902,J. Calleri,6,0.2339
364820,Loren Morón,287219,M. Uzuni,7,0.2411
364820,Loren Morón,7629,Jaime Mata,8,0.2481
364820,Loren Morón,350992,U. Sadiq,9,0.2962
364820,Loren Morón,788748,Álvaro Rodríguez,10,0.3078
364845,Rafa Mir,3651,Abdón Prats,1,0.1629
364845,Rafa Mir,279571,Jon Bautista,2,0.166
364845,Rafa Mir,105376,N. Kalinić,3,0.1886
364845,Rafa Mir,251447,V. Muriqi,4,0.2221
364845,Rafa Mir,26167,C. Beauvue,5,0.2612
364845,Rafa Mir,6914,Álex Alegría,6,0.2685
364845,Rafa Mir,338201,E. Boateng,7,0.2763
364845,Rafa Mir,238564,S. Weissman,8,0.2844
364845,Rafa Mir,447821,Y. En-Nesyri,9,0.2899
364845,Rafa Mir,683194,T. Barry,10,0.2993
364846,Y. Eteki,56408,J. Jønsson,1,0.2421
364846,Y. Eteki,7585,Manu García,2,0.3546
364846,Y. Eteki,6386,Jon Ander Garrido,3,0.359
364846,Y. Eteki,334154,A. Tuhami,4,0.3786
364846,Y. Eteki,20406,M. Flamini,5,0.3789
364846,Y. Eteki,425893,L. Ilić,6,0.3921
364846,Y. Eteki,4268,Juan Rafael Fuentes,7,0.4391
364846,Y. Eteki,375350,M. Loum,8,0.4405
364846,Y. Eteki,553381,G. Álvarez,9,0.4636
364846,Y. Eteki,507738,Vini Souza,10,0.5094
364850,Junior Firpo,424624,P. Etebo,1,0.1486
364850,Junior Firpo,134170,José Rodríguez,2,0.1615
364850,Junior Firpo,3317,Esteban Granero,3,0.1922
364850,Junior Firpo,447358,C. Gallagher,4,0.2053
364850,Junior Firpo,26652,D. Wass,5,0.2543
364850,Junior Firpo,599560,Alberto Reina,6,0.2599
364850,Junior Firpo,339789,Mikel Merino,7,0.2689
364850,Junior Firpo,3808,Javi Márquez,8,0.2786
364850,Junior Firpo,279526,W. Kaptoum,9,0.2915
364850,Junior Firpo,339812,Pape Cheickh,10,0.2984
364860,Rodri,230970,M. Fatau,1,0.1686
364860,Rodri,4361,Javi Castellano,2,0.2335
364860,Rodri,333571,L. Torreira,3,0.2668
364860,Rodri,141176,V. Angban,4,0.2749
364860,Rodri,410062,J. Koundé,5,0.2774
364860,Rodri,856312,Yoel Lago,6,0.3251
364860,Rodri,624854,Manu Fernández,7,0.3739
364860,Rodri,400549,Pau Torres,8,0.3799
364860,Rodri,879052,Javi Rodríguez,9,0.3872
364860,Rodri,366581,J. Gnagnon,10,0.4002
364864,Pedro Díaz,302550,Brais Méndez,1,0.0794
364864,Pedro Díaz,372752,Carlos Soler,2,0.1823
364864,Pedro Díaz,4007,Diego Castro,3,0.2282
364864,Pedro Díaz,552234,Roberto López,4,0.2433
364864,Pedro Díaz,647161,Gavi,5,0.2781
364864,Pedro Díaz,4252,Aaron Níguez,6,0.3048
364864,Pedro Díaz,3313,José Callejón,7,0.3321
364864,Pedro Díaz,5171,Víctor Rodríguez,8,0.3471
364864,Pedro Díaz,563968,Iker Losada,9,0.3506
364864,Pedro Díaz,3511,Roberto Torres,10,0.3579
364870,Adrián Diéguez,116405,E. Velázquez,1,0.4453
364870,Adrián Diéguez,4003,Miguel Torres,2,0.4744
364870,Adrián Diéguez,553381,G. Álvarez,3,0.5782
364870,Adrián Diéguez,109110,V. Haroyan,4,0.5929
364870,Adrián Diéguez,333565,S. Chakla,5,0.6013
364870,Adrián Diéguez,86882,L. Orbán,6,0.6064
364870,Adrián Diéguez,167131,Fran Vélez,7,0.614
364870,Adrián Diéguez,4889,Tano Bonnín,8,0.6698
364870,Adrián Diéguez,250805,Djené,9,0.7049
364870,Adrián Diéguez,4272,Ximo Navarro,10,0.7098
366401,F. Anguissa,584520,Nico González,1,0.1291
366401,F. Anguissa,460552,P. Gueye,2,0.2072
366401,F. Anguissa,4902,Ángel Montoro,3,0.2305
366401,F. Anguissa,269060,P. Hernández,4,0.233
366401,F. Anguissa,3680,David Zurutuza,5,0.2367
366401,F. Anguissa,4242,Corona,6,0.2589
366401,F. Anguissa,3568,Recio,7,0.2805
366401,F. Anguissa,274344,B. Santamaria,8,0.2859
366401,F. Anguissa,339789,Mikel Merino,9,0.288
366401,F. Anguissa,357806,D. Hancko,10,0.2894
366581,J. Gnagnon,689107,Renato Veiga,1,0.1963
366581,J. Gnagnon,4361,Javi Castellano,2,0.2094
366581,J. Gnagnon,279533,Mario Hermoso,3,0.2128
366581,J. Gnagnon,212621,M. Kranevitter,4,0.256
366581,J. Gnagnon,525126,Marc Aguado,5,0.2603
366581,J. Gnagnon,70094,Fernando,6,0.3078
366581,J. Gnagnon,4355,David García,7,0.3101
366581,J. Gnagnon,809746,Andrés Castrín,8,0.3213
366581,J. Gnagnon,364003,S. Bueno,9,0.3228
366581,J. Gnagnon,333571,L. Torreira,10,0.3317
366584,L. Pétrot,456053,J. Foyth,1,0.185
366584,L. Pétrot,645035,Dário Essugo,2,0.2033
366584,L. Pétrot,286963,Mikel Vesga,3,0.2077
366584,L. Pétrot,812973,V. Gómez,4,0.2101
366584,L. Pétrot,14922,R. Rodríguez,5,0.2508
366584,L. Pétrot,340706,G. Rodríguez,6,0.2615
366584,L. Pétrot,6035,Rubén Alcaraz,7,0.273
366584,L. Pétrot,436785,Y. Neyou,8,0.2764
366584,L. Pétrot,134476,F. Barba,9,0.2781
366584,L. Pétrot,537185,J. Araujo,10,0.2857
367391,Toni Moya,21793,C. Piccini,1,0.1419
367391,Toni Moya,3598,Álex Martínez,2,0.1485
367391,Toni Moya,655335,Yusi,3,0.1712
367391,Toni Moya,744854,Hugo Rincón,4,0.1819
367391,Toni Moya,3735,Juankar,5,0.1857
367391,Toni Moya,4997,Antoñito,6,0.1876
367391,Toni Moya,167145,Héctor Bellerín,7,0.2152
367391,Toni Moya,4786,I. Balliu,8,0.2198
367391,Toni Moya,501165,Lucas Pires,9,0.2201
367391,Toni Moya,41339,Alex Telles,10,0.2385
367503,M. Wöber,443324,Douglas Luiz,1,0.118
367503,M. Wöber,4424,Jonny Otto,2,0.2077
367503,M. Wöber,213308,Júnior Alonso,3,0.2342
367503,M. Wöber,228963,H. Traoré,4,0.2461
367503,M. Wöber,51217,L. Augustinsson,5,0.2471
367503,M. Wöber,3270,Barragán,6,0.2588
367503,M. Wöber,86198,J. Sánchez Miño,7,0.2641
367503,M. Wöber,42183,Petros,8,0.2742
367503,M. Wöber,6035,Rubén Alcaraz,9,0.3069
367503,M. Wöber,537185,J. Araujo,10,0.3105
368110,Jailson,3378,Álex Bergantiños,1,0.1363
368110,Jailson,86828,G. Pizarro,2,0.1471
368110,Jailson,231713,F. Bradarić,3,0.1618
368110,Jailson,4757,Luso,4,0.225
368110,Jailson,413597,R. Kouamé,5,0.2276
368110,Jailson,712871,Jon Gorrotxategi,6,0.2285
368110,Jailson,262121,D. Vavro,7,0.2476
368110,Jailson,4009,M. Lacen,8,0.2606
368110,Jailson,477106,S. Cáseres,9,0.264
368110,Jailson,5542,Dani García,10,0.2689
372752,Carlos Soler,4007,Diego Castro,1,0.1597
372752,Carlos Soler,552234,Roberto López,2,0.17
372752,Carlos Soler,364864,Pedro Díaz,3,0.1823
372752,Carlos Soler,302550,Brais Méndez,4,0.2397
372752,Carlos Soler,450784,Óscar Melendo,5,0.2523
372752,Carlos Soler,240680,Aleix Febas,6,0.3267
372752,Carlos Soler,647161,Gavi,7,0.334
372752,Carlos Soler,5171,Víctor Rodríguez,8,0.3485
372752,Carlos Soler,582472,L. Sučić,9,0.3581
372752,Carlos Soler,447358,C. Gallagher,10,0.3869
372753,Francis Guerrero,544210,Sergio Carreira,1,0.1129
372753,Francis Guerrero,70315,Diogo Figueiras,2,0.1741
372753,Francis Guerrero,477082,Emerson Royal,3,0.1803
372753,Francis Guerrero,6925,H. Hernández,4,0.191
372753,Francis Guerrero,344132,T. Hernández,5,0.2161
372753,Francis Guerrero,504303,A. Rațiu,6,0.2601
372753,Francis Guerrero,112366,M. Layún,7,0.2775
372753,Francis Guerrero,4892,José Gayá,8,0.2962
372753,Francis Guerrero,354123,Pol Lirola,9,0.2987
372753,Francis Guerrero,301016,R. Perraud,10,0.3571
373016,C. Hernández,130196,Dyego Sousa,1,0.1414
373016,C. Hernández,569212,Ferrán Jutglà,2,0.1975
373016,C. Hernández,135848,M. Livaja,3,0.2303
373016,C. Hernández,259946,A. Peñaranda,4,0.2346
373016,C. Hernández,101707,F. Smolov,5,0.2362
373016,C. Hernández,450785,Javi Puado,6,0.2877
373016,C. Hernández,452264,Marc Cardona,7,0.2894
373016,C. Hernández,247141,Iñaki Williams,8,0.3074
373016,C. Hernández,585048,L. Beltrán,9,0.3127
373016,C. Hernández,595008,Alejandro Cantero,10,0.346
373410,F. de Jong,255256,Arthur,1,0.3315
373410,F. de Jong,4336,T. Gayoso Roberto,2,0.4369
373410,F. de Jong,8287,L. Modrić,3,0.4625
373410,F. de Jong,14723,T. Kroos,4,0.6569
373410,F. de Jong,14808,İ. Gündoğan,5,0.6875
373410,F. de Jong,69404,M. Kovačić,6,0.6919
373410,F. de Jong,532467,Riqui Puig,7,0.6957
373410,F. de Jong,3476,I. Rakitić,8,0.6968
373410,F. de Jong,618294,Pedri,9,0.7138
373410,F. de Jong,3353,Andrés Iniesta,10,0.7451
373541,Aitor Buñuel,400544,Miguel Llambrich,1,0.1692
373541,Aitor Buñuel,1075948,Davinchi,2,0.2452
373541,Aitor Buñuel,93000,Antunes,3,0.2741
373541,Aitor Buñuel,452269,Fran Gámez,4,0.3046
373541,Aitor Buñuel,297921,Pacha,5,0.3515
373541,Aitor Buñuel,169002,Diego Rico,6,0.3955
373541,Aitor Buñuel,786686,Iván Fresneda,7,0.4009
373541,Aitor Buñuel,603778,Abel Bretones,8,0.4177
373541,Aitor Buñuel,593803,Carlos Romero,9,0.465
373541,Aitor Buñuel,585816,Manu Sánchez,10,0.4654
373713,Christian Rivera,212644,G. Escalante,1,0.1366
373713,Christian Rivera,344049,Oriol Rey,2,0.2073
373713,Christian Rivera,127598,G. Čaušić,3,0.2089
373713,Christian Rivera,3650,Tomás Pina,4,0.2253
373713,Christian Rivera,598620,Johnny Cardoso,5,0.2278
373713,Christian Rivera,400691,N. Petrović,6,0.2402
373713,Christian Rivera,435472,U. Račić,7,0.2515
373713,Christian Rivera,471583,I. Baba,8,0.2564
373713,Christian Rivera,480138,B. Mendy,9,0.269
373713,Christian Rivera,5055,José Mari,10,0.2776
374800,M. Vargas,215983,S. Boufal,1,0.0546
374800,M. Vargas,237034,Gonçalo Guedes,2,0.1965
374800,M. Vargas,708179,Y. Asprilla,3,0.2581
374800,M. Vargas,4597,Saúl Berjón,4,0.2628
374800,M. Vargas,496400,C. Ejuke,5,0.2955
374800,M. Vargas,661732,Savinho,6,0.3018
374800,M. Vargas,26038,J. Campbell,7,0.3345
374800,M. Vargas,558581,Pejiño,8,0.3561
374800,M. Vargas,105378,Y. Konoplyanka,9,0.3725
374800,M. Vargas,276944,J. Bamba,10,0.3752
375011,N. Aguerd,400549,Pau Torres,1,0.1451
375011,N. Aguerd,3274,J. Mathieu,2,0.3511
375011,N. Aguerd,856312,Yoel Lago,3,0.3952
375011,N. Aguerd,364860,Rodri,4,0.4049
375011,N. Aguerd,230970,M. Fatau,5,0.4794
375011,N. Aguerd,473367,Eric García,6,0.5086
375011,N. Aguerd,410062,J. Koundé,7,0.5108
375011,N. Aguerd,134503,C. Lenglet,8,0.5317
375011,N. Aguerd,4361,Javi Castellano,9,0.5548
375011,N. Aguerd,3337,Andreu Fontàs,10,0.5566
375335,J. Aidoo,344198,E. Cömert,1,0.0897
375335,J. Aidoo,295234,Sergio González,2,0.1183
375335,J. Aidoo,32577,Sidnei,3,0.1309
375335,J. Aidoo,621020,Cristhian Mosquera,4,0.1632
375335,J. Aidoo,844244,N. Mendy,5,0.1732
375335,J. Aidoo,275296,David Costas,6,0.1805
375335,J. Aidoo,282439,Lluis López,7,0.2005
375335,J. Aidoo,4360,Juanpe,8,0.2022
375335,J. Aidoo,3644,Pedro Bigas,9,0.2047
375335,J. Aidoo,596691,Natan,10,0.2089
375350,M. Loum,89133,Rodrigo Battaglia,1,0.2334
375350,M. Loum,507738,Vini Souza,2,0.28
375350,M. Loum,20406,M. Flamini,3,0.3351
375350,M. Loum,5112,Lucas Torró,4,0.3403
375350,M. Loum,4268,Juan Rafael Fuentes,5,0.3414
375350,M. Loum,295225,Fede San Emeterio,6,0.3441
375350,M. Loum,7585,Manu García,7,0.3549
375350,M. Loum,386686,S. Jurić,8,0.398
375350,M. Loum,546482,José Gragera,9,0.4399
375350,M. Loum,364846,Y. Eteki,10,0.4405
375771,M. Olivera,542945,Óscar Gil,1,0.1188
375771,M. Olivera,584914,Jesús Vázquez,2,0.1683
375771,M. Olivera,380709,S. Arzamendia,3,0.39
375771,M. Olivera,593803,Carlos Romero,4,0.4722
375771,M. Olivera,485271,Lucas Rosa,5,0.494
375771,M. Olivera,149389,J. Toljan,6,0.502
375771,M. Olivera,770391,A. Aznou,7,0.5288
375771,M. Olivera,445504,Carlos Neva,8,0.529
375771,M. Olivera,381233,Houboulang Mendes,9,0.5418
375771,M. Olivera,603778,Abel Bretones,10,0.5591
376362,Luiz Felipe,8609,A. Alcáraz,1,0.0906
376362,Luiz Felipe,413041,J. El Yamiq,2,0.1251
376362,Luiz Felipe,916711,Juma Bah,3,0.1434
376362,Luiz Felipe,508021,Jorge Cuenca,4,0.1669
376362,Luiz Felipe,70507,Paulo Oliveira,5,0.1956
376362,Luiz Felipe,3496,Sergio Postigo,6,0.2005
376362,Luiz Felipe,298353,José Martínez,7,0.2009
376362,Luiz Felipe,410055,Róber Pier,8,0.2041
376362,Luiz Felipe,26195,M. Saunier,9,0.2043
376362,Luiz Felipe,86548,S. Vergini,10,0.2067
377083,Sergio Akieme,341751,Marc Navarro,1,0.1226
377083,Sergio Akieme,352747,Miguel Olavide,2,0.2067
377083,Sergio Akieme,344118,Jaime Seoane,3,0.2225
377083,Sergio Akieme,560353,Pablo Martínez,4,0.2449
377083,Sergio Akieme,237269,S. Lukić,5,0.2831
377083,Sergio Akieme,114709,L. Advíncula,6,0.3371
377083,Sergio Akieme,3538,M. Wakaso,7,0.3437
377083,Sergio Akieme,354547,J. Jankto,8,0.3495
377083,Sergio Akieme,145,T. Vilhena,9,0.3541
377083,Sergio Akieme,4786,I. Balliu,10,0.3645
380709,S. Arzamendia,485271,Lucas Rosa,1,0.229
380709,S. Arzamendia,25638,D. Foulquier,2,0.2846
380709,S. Arzamendia,278867,S. Janko,3,0.3174
380709,S. Arzamendia,5281,A. Nyom,4,0.3275
380709,S. Arzamendia,149389,J. Toljan,5,0.3374
380709,S. Arzamendia,436688,Viti Rozada,6,0.3487
380709,S. Arzamendia,606670,Adrià Altimira,7,0.3533
380709,S. Arzamendia,445504,Carlos Neva,8,0.3607
380709,S. Arzamendia,5902,Brian Oliván,9,0.3621
380709,S. Arzamendia,6572,Iza Carcelén,10,0.3638
381233,Houboulang Mendes,770391,A. Aznou,1,0.1178
381233,Houboulang Mendes,395134,Juan Iglesias,2,0.287
381233,Houboulang Mendes,593803,Carlos Romero,3,0.3828
381233,Houboulang Mendes,297921,Pacha,4,0.4158
381233,Houboulang Mendes,93000,Antunes,5,0.4437
381233,Houboulang Mendes,542945,Óscar Gil,6,0.4629
381233,Houboulang Mendes,4288,S. Dubarbier,7,0.468
381233,Houboulang Mendes,7072,Quini,8,0.4741
381233,Houboulang Mendes,400544,Miguel Llambrich,9,0.4963
381233,Houboulang Mendes,584914,Jesús Vázquez,10,0.5083
382622,S. Amallah,4592,Paco Montañés,1,0.1411
382622,S. Amallah,444669,N. González,2,0.1694
382622,S. Amallah,364086,T. Conechny,3,0.1935
382622,S. Amallah,222439,E. Rigoni,4,0.2077
382622,S. Amallah,70235,Héldon,5,0.2105
382622,S. Amallah,6456,Dani Rodríguez,6,0.2405
382622,S. Amallah,501471,I. Chaira,7,0.2517
382622,S. Amallah,559043,Valery Fernández,8,0.2712
382622,S. Amallah,353331,K. Jóźwiak,9,0.2725
382622,S. Amallah,4127,J. Feliu,10,0.2983
384066,C. Montes,601275,Rafa Marín,1,0.0815
384066,C. Montes,357991,Édgar González,2,0.1292
384066,C. Montes,70140,Daniel Carriço,3,0.1293
384066,C. Montes,3527,Kiko Olivas,4,0.1366
384066,C. Montes,4918,Deivid,5,0.1497
384066,C. Montes,14687,S. Papastathopoulos,6,0.1567
384066,C. Montes,292654,M. Diakhaby,7,0.1671
384066,C. Montes,227894,J. Giménez,8,0.19
384066,C. Montes,3276,A. Rami,9,0.2118
384066,C. Montes,32577,Sidnei,10,0.2141
385273,Charles,3657,T. Hemed,1,0.1015
385273,Charles,267,L. de Jong,2,0.2086
385273,Charles,3424,Fernando Llorente,3,0.2249
385273,Charles,3875,Borja Bastón,4,0.2503
385273,Charles,92893,Toché,5,0.3478
385273,Charles,3450,R. Falcao,6,0.387
385273,Charles,225946,A. Sanabria,7,0.4094
385273,Charles,3483,Álvaro Negredo,8,0.4146
385273,Charles,21174,E. Cavani,9,0.4289
385273,Charles,266885,M. Olunga,10,0.4686
386686,S. Jurić,556923,A. Abqar,1,0.1601
386686,S. Jurić,546482,José Gragera,2,0.2084
386686,S. Jurić,37814,R. Donk,3,0.2435
386686,S. Jurić,295225,Fede San Emeterio,4,0.2438
386686,S. Jurić,6286,Jon Errasti,5,0.2475
386686,S. Jurić,3381,Borja Fernández,6,0.2585
386686,S. Jurić,225085,Fali,7,0.2685
386686,S. Jurić,89133,Rodrigo Battaglia,8,0.2736
386686,S. Jurić,805039,M. Moreno,9,0.2769
386686,S. Jurić,208945,César de la Hoz,10,0.2903
387785,Unai Elgezabal,86548,S. Vergini,1,0.1309
387785,Unai Elgezabal,20932,M. Nastasić,2,0.1385
387785,Unai Elgezabal,4358,Víctor Laguardia,3,0.1416
387785,Unai Elgezabal,4113,Xabier Etxeita,4,0.142
387785,Unai Elgezabal,275384,Jorge Meré,5,0.1447
387785,Unai Elgezabal,256998,E. Bailly,6,0.145
387785,Unai Elgezabal,4232,Alcalá,7,0.1764
387785,Unai Elgezabal,223681,A. Sedlar,8,0.1767
387785,Unai Elgezabal,248846,M. Villanueva,9,0.1879
387785,Unai Elgezabal,12,K. Omeruo,10,0.19
387799,F. Russo,282441,Jesús Vallejo,1,0.0795
387799,F. Russo,622288,Kaiky,2,0.1163
387799,F. Russo,278049,E. Cabaco,3,0.1398
387799,F. Russo,3885,L. Cabrera,4,0.2034
387799,F. Russo,6317,Unai García,5,0.2187
387799,F. Russo,3400,F. Amorebieta,6,0.2324
387799,F. Russo,556923,A. Abqar,7,0.2461
387799,F. Russo,3403,Borja Ekiza,8,0.2617
387799,F. Russo,258591,O. Alderete,9,0.2686
387799,F. Russo,3381,Borja Fernández,10,0.2833
387803,Víctor Campuzano,826049,Adrián Liso,1,0.2992
387803,Víctor Campuzano,346071,O. Burke,2,0.4791
387803,Víctor Campuzano,744761,Mateo Joseph,3,0.4833
387803,Víctor Campuzano,134249,Rubén Sobrino,4,0.5767
387803,Víctor Campuzano,487598,Miguel de la Fuente,5,0.6288
387803,Víctor Campuzano,546863,W. Cheddira,6,0.6895
387803,Víctor Campuzano,947211,C. Uche,7,0.7047
387803,Víctor Campuzano,405977,Jordi Mboula,8,0.715
387803,Víctor Campuzano,254649,T. Asano,9,0.7268
387803,Víctor Campuzano,655656,Isaac Romero,10,0.7302
387840,Santi Comesaña,589805,L. Agoumé,1,0.1789
387840,Santi Comesaña,352788,Manu Morlanes,2,0.1857
387840,Santi Comesaña,3419,Iñigo Pérez,3,0.2257
387840,Santi Comesaña,3808,Javi Márquez,4,0.2293
387840,Santi Comesaña,3317,Esteban Granero,5,0.2412
387840,Santi Comesaña,5290,Mikel Rico,6,0.2426
387840,Santi Comesaña,3568,Recio,7,0.2598
387840,Santi Comesaña,599560,Alberto Reina,8,0.2697
387840,Santi Comesaña,339812,Pape Cheickh,9,0.2764
387840,Santi Comesaña,3977,Nacho Cases,10,0.2807
388976,T. Kadewere,250885,Santi Mina,1,0.1435
388976,T. Kadewere,344120,Borja Mayoral,2,0.1946
388976,T. Kadewere,69610,D. Čop,3,0.232
388976,T. Kadewere,3294,Roberto Soldado,4,0.2427
388976,T. Kadewere,536640,Sergio Camello,5,0.2986
388976,T. Kadewere,3576,Juanmi,6,0.3035
388976,T. Kadewere,15111,A. Ramos,7,0.3383
388976,T. Kadewere,489417,Erik Expósito,8,0.3504
388976,T. Kadewere,7593,Quique González,9,0.3509
388976,T. Kadewere,86800,D. Benedetto,10,0.37
393214,V. Rosier,6572,Iza Carcelén,1,0.0883
393214,V. Rosier,606670,Adrià Altimira,2,0.1135
393214,V. Rosier,286994,Adrián Marín,3,0.1155
393214,V. Rosier,653322,Diego Moreno,4,0.1411
393214,V. Rosier,225022,Rubén Duarte,5,0.1445
393214,V. Rosier,302542,Nacho Vidal,6,0.1498
393214,V. Rosier,69409,Š. Vrsaljko,7,0.1603
393214,V. Rosier,5327,Miguel Cifuentes,8,0.2178
393214,V. Rosier,489488,Martín Aguirregabiria,9,0.2295
393214,V. Rosier,170595,E. Insúa,10,0.2342
393881,H. Toledo,559718,Gonzalo Plata,1,0.0594
393881,H. Toledo,339791,Álex Berenguer,2,0.1308
393881,H. Toledo,116898,D. Machís,3,0.2161
393881,H. Toledo,596822,Luiz Henrique,4,0.2273
393881,H. Toledo,339790,Kike Barja,5,0.2435
393881,H. Toledo,32601,Bebé,6,0.2521
393881,H. Toledo,411422,B. Ocampo,7,0.2837
393881,H. Toledo,596052,Ander Barrenetxea,8,0.2883
393881,H. Toledo,3293,P. Piatti,9,0.317
393881,H. Toledo,218549,Garry Rodrigues,10,0.318
395114,Igor Zubeldía,620193,C. Riedel,1,0.1213
395114,Igor Zubeldía,3671,Íñigo Martínez,2,0.1718
395114,Igor Zubeldía,3335,Marc Bartra,3,0.1799
395114,Igor Zubeldía,70094,Fernando,4,0.1828
395114,Igor Zubeldía,212621,M. Kranevitter,5,0.1833
395114,Igor Zubeldía,279533,Mario Hermoso,6,0.2005
395114,Igor Zubeldía,25537,G. Krychowiak,7,0.2367
395114,Igor Zubeldía,814546,Carlos Domínguez,8,0.2422
395114,Igor Zubeldía,3644,Pedro Bigas,9,0.2472
395114,Igor Zubeldía,134502,Aymeric Laporte,10,0.2572
395134,Juan Iglesias,381233,Houboulang Mendes,1,0.287
395134,Juan Iglesias,770391,A. Aznou,2,0.3886
395134,Juan Iglesias,7072,Quini,3,0.4799
395134,Juan Iglesias,297921,Pacha,4,0.5987
395134,Juan Iglesias,542945,Óscar Gil,5,0.6225
395134,Juan Iglesias,4288,S. Dubarbier,6,0.6436
395134,Juan Iglesias,584914,Jesús Vázquez,7,0.6436
395134,Juan Iglesias,593803,Carlos Romero,8,0.6586
395134,Juan Iglesias,375771,M. Olivera,9,0.714
395134,Juan Iglesias,93000,Antunes,10,0.7188
395636,M. Gómez,3327,Joselu,1,0.1145
395636,M. Gómez,284322,E. Ponce,2,0.1693
395636,M. Gómez,6914,Álex Alegría,3,0.1733
395636,M. Gómez,574907,E. Touré,4,0.1753
395636,M. Gómez,22202,S. Zaza,5,0.2127
395636,M. Gómez,101635,F. Caicedo,6,0.2154
395636,M. Gómez,225946,A. Sanabria,7,0.2417
395636,M. Gómez,105616,B. Ideye,8,0.2664
395636,M. Gómez,251447,V. Muriqi,9,0.3004
395636,M. Gómez,26167,C. Beauvue,10,0.3141
396475,A. Hakimi,344100,Sergio Reguilón,1,0.2253
396475,A. Hakimi,50213,K. Yoda,2,0.3281
396475,A. Hakimi,86517,P. De Blasis,3,0.3389
396475,A. Hakimi,214062,Álex Granell,4,0.3752
396475,A. Hakimi,135903,João Cancelo,5,0.3774
396475,A. Hakimi,89073,M. Acuña,6,0.4321
396475,A. Hakimi,25586,Mariano,7,0.4331
396475,A. Hakimi,20803,M. Aguirregaray,8,0.4706
396475,A. Hakimi,3474,Jesús Navas,9,0.4787
396475,A. Hakimi,4256,Aleix Vidal,10,0.4892
396513,Alex Pozo,344014,L. Agbenyenu,1,0.1037
396513,Alex Pozo,3790,Carlos Clerc,2,0.1084
396513,Alex Pozo,230862,Íñigo Lekue,3,0.1286
396513,Alex Pozo,3919,Iván López,4,0.1569
396513,Alex Pozo,135909,Rafa Soares,5,0.1783
396513,Alex Pozo,550927,Sergi Cardona,6,0.1873
396513,Alex Pozo,293333,M. Ristić,7,0.2014
396513,Alex Pozo,423157,Thierry Correia,8,0.2071
396513,Alex Pozo,5383,Toño García,9,0.2297
396513,Alex Pozo,344104,Álvaro Tejero,10,0.2297
397033,B. Soumaré,4366,Hernán Santana,1,0.201
397033,B. Soumaré,503338,Martín Zubimendi,2,0.2765
397033,B. Soumaré,7899,Oriol Romeu,3,0.2943
397033,B. Soumaré,40614,Guilherme,4,0.298
397033,B. Soumaré,439778,I. Doumbia,5,0.3145
397033,B. Soumaré,7864,F. Coquelin,6,0.3184
397033,B. Soumaré,140125,N. Radoja,7,0.3549
397033,B. Soumaré,70094,Fernando,8,0.3596
397033,B. Soumaré,422519,Fran Beltrán,9,0.3625
397033,B. Soumaré,3446,Mario Suárez,10,0.3643
397060,A. Danjuma,8297,G. dos Santos,1,0.1911
397060,A. Danjuma,230883,Ayoze Pérez,2,0.3208
397060,A. Danjuma,291528,D. Lukébakio,3,0.3611
397060,A. Danjuma,355599,Mikel Oyarzabal,4,0.3835
397060,A. Danjuma,5911,Sandro Ramírez,5,0.4027
397060,A. Danjuma,38094,I. Ezekiel,6,0.4063
397060,A. Danjuma,3814,T. Bifouma,7,0.4437
397060,A. Danjuma,3816,Sergio García,8,0.4446
397060,A. Danjuma,20423,Alexandre Pato,9,0.4458
397060,A. Danjuma,569212,Ferrán Jutglà,10,0.4692
397109,Jota,501471,I. Chaira,1,0.1223
397109,Jota,353331,K. Jóźwiak,2,0.1223
397109,Jota,222439,E. Rigoni,3,0.1885
397109,Jota,251565,Álvaro García,4,0.217
397109,Jota,4592,Paco Montañés,5,0.2285
397109,Jota,6456,Dani Rodríguez,6,0.2663
397109,Jota,25477,S. Gürler,7,0.2679
397109,Jota,127719,A. Katai,8,0.2702
397109,Jota,344053,Carles Pérez,9,0.2812
397109,Jota,346551,I. Hagi,10,0.2945
397178,M. Rashford,28115,N. Fekir,1,0.203
397178,M. Rashford,70975,Bruma,2,0.3268
397178,M. Rashford,247671,N. Pépé,3,0.3896
397178,M. Rashford,527100,M. Greenwood,4,0.402
397178,M. Rashford,3843,F. Orellana,5,0.4263
397178,M. Rashford,3326,Jesé Rodríguez,6,0.4925
397178,M. Rashford,404397,Brahim Diaz,7,0.5263
397178,M. Rashford,408307,Raphinha,8,0.5299
397178,M. Rashford,241945,P. Sisto,9,0.5429
397178,M. Rashford,860728,F. Mastantuono,10,0.5483
397303,Ferrán Torres,227756,J. Boga,1,0.1076
397303,Ferrán Torres,258907,R. Assalé,2,0.1535
397303,Ferrán Torres,545942,Oihan Sancet,3,0.2104
397303,Ferrán Torres,105541,Lucas Pérez,4,0.2309
397303,Ferrán Torres,551596,Lázaro,5,0.2412
397303,Ferrán Torres,550459,J. Álvarez,6,0.2766
397303,Ferrán Torres,70129,Rodrigo,7,0.3351
397303,Ferrán Torres,134513,A. Martial,8,0.3555
397303,Ferrán Torres,536150,Sergio Arribas,9,0.3613
397303,Ferrán Torres,3451,Adrián López,10,0.3986
399599,A. Isak,563391,G. Mikautadze,1,0.1961
399599,A. Isak,764899,Endrick,2,0.2457
399599,A. Isak,26638,K. Toko-Ekambi,3,0.2566
399599,A. Isak,25445,K. Gameiro,4,0.3075
399599,A. Isak,669602,N. Jackson,5,0.3201
399599,A. Isak,515713,B. Dia,6,0.3226
399599,A. Isak,3605,Jorge Molina,7,0.3905
399599,A. Isak,4338,Diego Costa,8,0.4242
399599,A. Isak,135927,André Silva,9,0.4713
399599,A. Isak,135923,Gonçalo Paciência,10,0.4995
399652,Florentino,15214,A. Rukavina,1,0.1445
399652,Florentino,3829,Oier Sanjurjo,2,0.1497
399652,Florentino,6528,Javi Moyano,3,0.1631
399652,Florentino,4086,Eneko Bóveda,4,0.1917
399652,Florentino,116170,S. Cristóforo,5,0.2513
399652,Florentino,612174,Víctor Parada,6,0.2546
399652,Florentino,20936,J. Vargas,7,0.263
399652,Florentino,190172,Juan Cruz,8,0.2755
399652,Florentino,3465,Fernando Navarro,9,0.2858
399652,Florentino,427886,C. Protesoni,10,0.2893
399676,Pablo Fornals,211885,André Gomes,1,0.0773
399676,Pablo Fornals,14866,José Manuel Jurado,2,0.2546
399676,Pablo Fornals,3536,Moi Gómez,3,0.2681
399676,Pablo Fornals,624498,Martim Neto,4,0.2943
399676,Pablo Fornals,4278,Borja García,5,0.311
399676,Pablo Fornals,582472,L. Sučić,6,0.3295
399676,Pablo Fornals,4791,J. González,7,0.3301
399676,Pablo Fornals,15101,P. Ebert,8,0.3912
399676,Pablo Fornals,578270,T. Almada,9,0.4013
399676,Pablo Fornals,499596,S. Dest,10,0.4066
400544,Miguel Llambrich,373541,Aitor Buñuel,1,0.1692
400544,Miguel Llambrich,93000,Antunes,2,0.2136
400544,Miguel Llambrich,593803,Carlos Romero,3,0.3031
400544,Miguel Llambrich,1075948,Davinchi,4,0.3084
400544,Miguel Llambrich,297921,Pacha,5,0.3402
400544,Miguel Llambrich,603778,Abel Bretones,6,0.3682
400544,Miguel Llambrich,263105,Pablo Maffeo,7,0.3988
400544,Miguel Llambrich,770391,A. Aznou,8,0.4046
400544,Miguel Llambrich,452269,Fran Gámez,9,0.4134
400544,Miguel Llambrich,657882,Rubén Sánchez,10,0.4196
400549,Pau Torres,375011,N. Aguerd,1,0.1451
400549,Pau Torres,3274,J. Mathieu,2,0.3227
400549,Pau Torres,856312,Yoel Lago,3,0.369
400549,Pau Torres,364860,Rodri,4,0.3799
400549,Pau Torres,134503,C. Lenglet,5,0.407
400549,Pau Torres,230970,M. Fatau,6,0.437
400549,Pau Torres,3305,Pepe,7,0.4421
400549,Pau Torres,366581,J. Gnagnon,8,0.4701
400549,Pau Torres,4361,Javi Castellano,9,0.4722
400549,Pau Torres,3374,Zé Castro,10,0.4833
400691,N. Petrović,480138,B. Mendy,1,0.1641
400691,N. Petrović,212644,G. Escalante,2,0.1654
400691,N. Petrović,255254,Danilo Barbosa,3,0.1802
400691,N. Petrović,363717,Y. Herrera,4,0.2296
400691,N. Petrović,373713,Christian Rivera,5,0.2402
400691,N. Petrović,4488,Saúl Ñíguez,6,0.2467
400691,N. Petrović,263091,Gerard Gumbau,7,0.2851
400691,N. Petrović,3560,Nacho Monreal,8,0.2889
400691,N. Petrović,127598,G. Čaušić,9,0.2968
400691,N. Petrović,336371,Guilherme Arana,10,0.3309
401158,L. Suárez,7458,Sergi Guardiola,1,0.1287
401158,L. Suárez,618697,Iván Romero,2,0.1519
401158,L. Suárez,70327,N. Ghilas,3,0.2091
401158,L. Suárez,536058,Fábio Silva,4,0.2735
401158,L. Suárez,512982,Matheus Cunha,5,0.3061
401158,L. Suárez,135848,M. Livaja,6,0.3395
401158,L. Suárez,101707,F. Smolov,7,0.3546
401158,L. Suárez,655656,Isaac Romero,8,0.3648
401158,L. Suárez,565630,F. Viñas,9,0.365
401158,L. Suárez,259946,A. Peñaranda,10,0.3812
401550,Miguel Crespo,402854,G. Montiel,1,0.1572
401550,Miguel Crespo,14740,A. Boka,2,0.1575
401550,Miguel Crespo,4452,Yuri Berchiche,3,0.1626
401550,Miguel Crespo,71997,Hélder Lopes,4,0.1651
401550,Miguel Crespo,116299,L. Olaza,5,0.1999
401550,Miguel Crespo,20803,M. Aguirregaray,6,0.2369
401550,Miguel Crespo,339801,Álvaro Lemos,7,0.2454
401550,Miguel Crespo,14852,Sergio Escudero,8,0.2492
401550,Miguel Crespo,4892,José Gayá,9,0.2609
401550,Miguel Crespo,112366,M. Layún,10,0.2671
402004,S. Colombatto,776656,Pablo Barrios,1,0.1441
402004,S. Colombatto,552240,Álvaro Núñez,2,0.1888
402004,S. Colombatto,599560,Alberto Reina,3,0.2177
402004,S. Colombatto,25785,S. Aurier,4,0.2727
402004,S. Colombatto,3317,Esteban Granero,5,0.2863
402004,S. Colombatto,265369,U. Agbo,6,0.2898
402004,S. Colombatto,3568,Recio,7,0.2992
402004,S. Colombatto,451235,Álvaro Aguado,8,0.3013
402004,S. Colombatto,135561,F. Grillitsch,9,0.3065
402004,S. Colombatto,4242,Corona,10,0.3139
402854,G. Montiel,401550,Miguel Crespo,1,0.1572
402854,G. Montiel,339801,Álvaro Lemos,2,0.1772
402854,G. Montiel,112366,M. Layún,3,0.1807
402854,G. Montiel,339885,Son,4,0.1873
402854,G. Montiel,71997,Hélder Lopes,5,0.1939
402854,G. Montiel,4892,José Gayá,6,0.2161
402854,G. Montiel,116299,L. Olaza,7,0.2194
402854,G. Montiel,14740,A. Boka,8,0.2225
402854,G. Montiel,70136,S. Arias,9,0.247
402854,G. Montiel,89712,F. Gutiérrez,10,0.2533
403246,L. de la Torre,559043,Valery Fernández,1,0.1191
403246,L. de la Torre,3837,Jota,2,0.2757
403246,L. de la Torre,4790,Carlos Carmona,3,0.2798
403246,L. de la Torre,293862,Nacho Gil,4,0.2875
403246,L. de la Torre,560353,Pablo Martínez,5,0.3119
403246,L. de la Torre,482369,Javi Martínez,6,0.3196
403246,L. de la Torre,478999,Kike Pérez,7,0.3275
403246,L. de la Torre,3357,Isaac Cuenca,8,0.3355
403246,L. de la Torre,747916,Javi Guerra,9,0.3597
403246,L. de la Torre,145,T. Vilhena,10,0.3635
403260,S. Chukwueze,1182657,Y. Diomande,1,0.1712
403260,S. Chukwueze,134769,Y. Carrasco,2,0.23
403260,S. Chukwueze,496400,C. Ejuke,3,0.3515
403260,S. Chukwueze,343925,D. Verde,4,0.394
403260,S. Chukwueze,3843,F. Orellana,5,0.3991
403260,S. Chukwueze,237034,Gonçalo Guedes,6,0.4146
403260,S. Chukwueze,261127,A. Januzaj,7,0.4392
403260,S. Chukwueze,661732,Savinho,8,0.4641
403260,S. Chukwueze,247671,N. Pépé,9,0.4692
403260,S. Chukwueze,1751,O. Tannane,10,0.4773
403448,Éder Militão,230626,D. Ćaleta-Car,1,0.1381
403448,Éder Militão,3305,Pepe,2,0.1473
403448,Éder Militão,3795,H. Moreno,3,0.1563
403448,Éder Militão,544844,Logan Costa,4,0.1953
403448,Éder Militão,498373,M. Sagnan,5,0.2414
403448,Éder Militão,787348,Raúl Asencio,6,0.2541
403448,Éder Militão,364003,S. Bueno,7,0.2797
403448,Éder Militão,292991,M. Lemos,8,0.3142
403448,Éder Militão,4355,David García,9,0.3231
403448,Éder Militão,8309,K. Rekik,10,0.3262
403706,A. Mallé,275298,Adri Embarba,1,0.2048
403706,A. Mallé,584938,Fran Pérez,2,0.2411
403706,A. Mallé,275419,Luis Rioja,3,0.2445
403706,A. Mallé,344075,Iñigo Córdoba,4,0.2447
403706,A. Mallé,693943,A. Rebbach,5,0.2857
403706,A. Mallé,596822,Luiz Henrique,6,0.2898
403706,A. Mallé,247220,Jason,7,0.2981
403706,A. Mallé,838872,Coba da Costa,8,0.3162
403706,A. Mallé,32601,Bebé,9,0.3352
403706,A. Mallé,116898,D. Machís,10,0.3392
404328,Enric Franquesa,5281,A. Nyom,1,0.2616
404328,Enric Franquesa,380709,S. Arzamendia,2,0.371
404328,Enric Franquesa,342785,Jairo Izquierdo,3,0.3845
404328,Enric Franquesa,574784,Antonio Sánchez,4,0.3846
404328,Enric Franquesa,3787,Víctor Álvarez,5,0.3925
404328,Enric Franquesa,25638,D. Foulquier,6,0.3927
404328,Enric Franquesa,3281,Juan Bernat,7,0.4705
404328,Enric Franquesa,485271,Lucas Rosa,8,0.5426
404328,Enric Franquesa,489695,Marvin Park,9,0.5615
404328,Enric Franquesa,445504,Carlos Neva,10,0.569
404397,Brahim Diaz,408307,Raphinha,1,0.21
404397,Brahim Diaz,431540,Francisco Trincão,2,0.2666
404397,Brahim Diaz,3348,Gerard Deulofeu,3,0.2896
404397,Brahim Diaz,547260,Rodrygo,4,0.2921
404397,Brahim Diaz,860728,F. Mastantuono,5,0.3583
404397,Brahim Diaz,3685,C. Vela,6,0.3943
404397,Brahim Diaz,288091,Marco Asensio,7,0.4039
404397,Brahim Diaz,28115,N. Fekir,8,0.4156
404397,Brahim Diaz,397178,M. Rashford,9,0.5263
404397,Brahim Diaz,70975,Bruma,10,0.5395
404693,M. Kumbulla,298353,José Martínez,1,0.0621
404693,M. Kumbulla,567461,Jorge Herrando,2,0.0645
404693,M. Kumbulla,7857,Ignasi Miquel,3,0.0772
404693,M. Kumbulla,449817,A. Mumin,4,0.0882
404693,M. Kumbulla,508021,Jorge Cuenca,5,0.1117
404693,M. Kumbulla,270037,M. Valjent,6,0.1143
404693,M. Kumbulla,916711,Juma Bah,7,0.1162
404693,M. Kumbulla,344039,Chumi,8,0.1247
404693,M. Kumbulla,3496,Sergio Postigo,9,0.1475
404693,M. Kumbulla,410055,Róber Pier,10,0.1575
404757,J. Kluivert,1720,S. Becker,1,0.0663
404757,J. Kluivert,3814,T. Bifouma,2,0.1925
404757,J. Kluivert,225089,José Luis Morales,3,0.3535
404757,J. Kluivert,652912,W. Swedberg,4,0.3596
404757,J. Kluivert,230883,Ayoze Pérez,5,0.3772
404757,J. Kluivert,247141,Iñaki Williams,6,0.3989
404757,J. Kluivert,4880,Rober Ibáñez,7,0.4025
404757,J. Kluivert,254408,Á. Correa,8,0.4114
404757,J. Kluivert,3287,Portu,9,0.4237
404757,J. Kluivert,4683,A. Szymanowski,10,0.4442
405603,M. Gabbia,268776,W. Hoedt,1,0.2513
405603,M. Gabbia,814546,Carlos Domínguez,2,0.2702
405603,M. Gabbia,485083,David Carmo,3,0.3169
405603,M. Gabbia,134502,Aymeric Laporte,4,0.3208
405603,M. Gabbia,101649,N. Pareja,5,0.3216
405603,M. Gabbia,3335,Marc Bartra,6,0.3289
405603,M. Gabbia,3791,Z. Feddal,7,0.3402
405603,M. Gabbia,3588,Chechu Dorado,8,0.3499
405603,M. Gabbia,446859,Peru Nolaskoain,9,0.3605
405603,M. Gabbia,3828,Raúl Navas,10,0.363
405976,Pol Lozano,663974,Á. Algobia,1,0.136
405976,Pol Lozano,3460,Coke,2,0.194
405976,Pol Lozano,3529,Mario Gaspar,3,0.205
405976,Pol Lozano,488961,Samú Costa,4,0.205
405976,Pol Lozano,4371,Dani Castellano,5,0.2463
405976,Pol Lozano,593442,Beñat Prados,6,0.2572
405976,Pol Lozano,116170,S. Cristóforo,7,0.2884
405976,Pol Lozano,473371,Antonio Blanco,8,0.2931
405976,Pol Lozano,4936,David Simón,9,0.294
405976,Pol Lozano,3826,Roberto Lago,10,0.3002
405977,Jordi Mboula,127609,F. Malbašić,1,0.1874
405977,Jordi Mboula,344140,A. Ndiaye,2,0.2432
405977,Jordi Mboula,344051,Álex Blanco,3,0.246
405977,Jordi Mboula,134249,Rubén Sobrino,4,0.3627
405977,Jordi Mboula,601297,Peter González,5,0.3637
405977,Jordi Mboula,346071,O. Burke,6,0.4193
405977,Jordi Mboula,818689,Assane Diao,7,0.5025
405977,Jordi Mboula,6525,Edgar Méndez,8,0.5108
405977,Jordi Mboula,826049,Adrián Liso,9,0.5378
405977,Jordi Mboula,6106,Antonio Puertas,10,0.5483
405979,Abel Ruiz,3988,David Barral,1,0.153
405979,Abel Ruiz,134175,Raúl de Tomás,2,0.205
405979,Abel Ruiz,15111,A. Ramos,3,0.2104
405979,Abel Ruiz,344120,Borja Mayoral,4,0.2232
405979,Abel Ruiz,135927,André Silva,5,0.2273
405979,Abel Ruiz,69610,D. Čop,6,0.2422
405979,Abel Ruiz,105618,A. Kravets,7,0.2426
405979,Abel Ruiz,5481,Miguel Guerrero,8,0.2571
405979,Abel Ruiz,4338,Diego Costa,9,0.2625
405979,Abel Ruiz,101795,L. Traoré,10,0.2667
406454,Waldo Rubio,254189,Ivi López,1,0.245
406454,Waldo Rubio,344075,Iñigo Córdoba,2,0.246
406454,Waldo Rubio,275485,Josan,3,0.3403
406454,Waldo Rubio,21894,Keko Gontán,4,0.3673
406454,Waldo Rubio,838872,Coba da Costa,5,0.4085
406454,Waldo Rubio,403706,A. Mallé,6,0.4148
406454,Waldo Rubio,359847,Alfonso Pedraza,7,0.4403
406454,Waldo Rubio,247220,Jason,8,0.4509
406454,Waldo Rubio,5138,Wellington Silva,9,0.4528
406454,Waldo Rubio,579987,Jon Morcillo,10,0.463
408293,Javi Ontiveros,26038,J. Campbell,1,0.1914
408293,Javi Ontiveros,230897,F. Cartabia,2,0.3379
408293,Javi Ontiveros,3477,José Antonio Reyes,3,0.3695
408293,Javi Ontiveros,215983,S. Boufal,4,0.4011
408293,Javi Ontiveros,374800,M. Vargas,5,0.4237
408293,Javi Ontiveros,471991,Rodrigo Riquelme,6,0.461
408293,Javi Ontiveros,495674,Samuel Lino,7,0.4793
408293,Javi Ontiveros,708179,Y. Asprilla,8,0.4853
408293,Javi Ontiveros,589806,H. Hassan,9,0.506
408293,Javi Ontiveros,4492,Iván Sánchez,10,0.5132
408307,Raphinha,3348,Gerard Deulofeu,1,0.1418
408307,Raphinha,404397,Brahim Diaz,2,0.21
408307,Raphinha,860728,F. Mastantuono,3,0.303
408307,Raphinha,288091,Marco Asensio,4,0.3315
408307,Raphinha,70975,Bruma,5,0.4233
408307,Raphinha,431540,Francisco Trincão,6,0.4439
408307,Raphinha,28115,N. Fekir,7,0.4863
408307,Raphinha,547260,Rodrygo,8,0.4904
408307,Raphinha,25707,E. Hazard,9,0.5068
408307,Raphinha,397178,M. Rashford,10,0.5299
410026,Álex Collado,240445,Andreas Pereira,1,0.0734
410026,Álex Collado,331385,M. García,2,0.0934
410026,Álex Collado,225084,Rubén García,3,0.2126
410026,Álex Collado,3420,Markel Susaeta,4,0.2304
410026,Álex Collado,4285,Fede Vico,5,0.24
410026,Álex Collado,254188,N. Leiva,6,0.2597
410026,Álex Collado,4342,Piti,7,0.2737
410026,Álex Collado,624615,Carlos Álvarez,8,0.291
410026,Álex Collado,602620,T. Buchanan,9,0.312
410026,Álex Collado,280383,E. Bardhi,10,0.3199
410055,Róber Pier,7857,Ignasi Miquel,1,0.0898
410055,Róber Pier,508021,Jorge Cuenca,2,0.0919
410055,Róber Pier,916711,Juma Bah,3,0.1145
410055,Róber Pier,270037,M. Valjent,4,0.1318
410055,Róber Pier,364817,Tachi,5,0.1324
410055,Róber Pier,93003,D. Siovas,6,0.1356
410055,Róber Pier,298353,José Martínez,7,0.1397
410055,Róber Pier,211853,Rúben Vezo,8,0.1503
410055,Róber Pier,404693,M. Kumbulla,9,0.1575
410055,Róber Pier,344039,Chumi,10,0.1727
410062,J. Koundé,230970,M. Fatau,1,0.2529
410062,J. Koundé,364860,Rodri,2,0.2774
410062,J. Koundé,8032,Marcos Alonso,3,0.2831
410062,J. Koundé,141176,V. Angban,4,0.3038
410062,J. Koundé,6369,Iñigo Eguaras,5,0.4034
410062,J. Koundé,333571,L. Torreira,6,0.4181
410062,J. Koundé,808262,M. Perrone,7,0.4232
410062,J. Koundé,4361,Javi Castellano,8,0.4736
410062,J. Koundé,375011,N. Aguerd,9,0.5108
410062,J. Koundé,624854,Manu Fernández,10,0.5174
410872,Javi Galán,41029,Douglas,1,0.1545
410872,Javi Galán,355597,Joan Sastre,2,0.1757
410872,Javi Galán,91702,J. Mojica,3,0.2744
410872,Javi Galán,212625,A. Solari,4,0.3166
410872,Javi Galán,621207,Javi Rueda,5,0.3945
410872,Javi Galán,225948,Rubén Peña,6,0.4394
410872,Javi Galán,551442,Pedro Porro,7,0.4917
410872,Javi Galán,358801,P. Estupiñán,8,0.4966
410872,Javi Galán,293333,M. Ristić,9,0.5658
410872,Javi Galán,286248,V. Kravets,10,0.5927
411422,B. Ocampo,339790,Kike Barja,1,0.1182
411422,B. Ocampo,596052,Ander Barrenetxea,2,0.1874
411422,B. Ocampo,559718,Gonzalo Plata,3,0.2467
411422,B. Ocampo,134174,Samu Castillejo,4,0.2619
411422,B. Ocampo,337070,Toni Villa,5,0.2723
411422,B. Ocampo,561189,Robert Navarro,6,0.2757
411422,B. Ocampo,393881,H. Toledo,7,0.2837
411422,B. Ocampo,339791,Álex Berenguer,8,0.2885
411422,B. Ocampo,32601,Bebé,9,0.2944
411422,B. Ocampo,3394,Bruno Gama,10,0.3037
412897,Dani Raba,602620,T. Buchanan,1,0.0686
412897,Dani Raba,212651,C. Musonda,2,0.1359
412897,Dani Raba,276944,J. Bamba,3,0.2396
412897,Dani Raba,286830,P. Roberts,4,0.2472
412897,Dani Raba,3420,Markel Susaeta,5,0.2622
412897,Dani Raba,239843,Zakaria Bakkali,6,0.2764
412897,Dani Raba,3603,Álvaro Vadillo,7,0.2869
412897,Dani Raba,26384,G. Kakuta,8,0.2928
412897,Dani Raba,722567,G. Simeone,9,0.3027
412897,Dani Raba,240445,Andreas Pereira,10,0.3176
413041,J. El Yamiq,8609,A. Alcáraz,1,0.0814
413041,J. El Yamiq,376362,Luiz Felipe,2,0.1251
413041,J. El Yamiq,916711,Juma Bah,3,0.1672
413041,J. El Yamiq,3496,Sergio Postigo,4,0.172
413041,J. El Yamiq,213714,E. Burgos,5,0.1739
413041,J. El Yamiq,86548,S. Vergini,6,0.1751
413041,J. El Yamiq,70391,A. Ba,7,0.1752
413041,J. El Yamiq,70086,N. Otamendi,8,0.1837
413041,J. El Yamiq,6338,David García,9,0.1973
413041,J. El Yamiq,298353,José Martínez,10,0.2124
413597,R. Kouamé,40614,Guilherme,1,0.1048
413597,R. Kouamé,231713,F. Bradarić,2,0.1758
413597,R. Kouamé,4757,Luso,3,0.1947
413597,R. Kouamé,3378,Álex Bergantiños,4,0.1951
413597,R. Kouamé,25623,G. Kondogbia,5,0.2175
413597,R. Kouamé,477106,S. Cáseres,6,0.2246
413597,R. Kouamé,368110,Jailson,7,0.2276
413597,R. Kouamé,7864,F. Coquelin,8,0.2327
413597,R. Kouamé,4009,M. Lacen,9,0.2547
413597,R. Kouamé,7899,Oriol Romeu,10,0.2651
413891,Manu Vallejo,778343,Pablo Durán,1,0.1408
413891,Manu Vallejo,3738,Lafita,2,0.1464
413891,Manu Vallejo,254649,T. Asano,3,0.2274
413891,Manu Vallejo,7623,Léo Baptistão,4,0.3315
413891,Manu Vallejo,6106,Antonio Puertas,5,0.3326
413891,Manu Vallejo,507495,Dani Escriche,6,0.3572
413891,Manu Vallejo,947211,C. Uche,7,0.3885
413891,Manu Vallejo,91268,F. Hinestroza,8,0.3997
413891,Manu Vallejo,595008,Alejandro Cantero,9,0.4012
413891,Manu Vallejo,339857,José Arnáiz,10,0.4089
414193,N. Molina,580127,Pep Chavarría,1,0.0693
414193,N. Molina,422517,Fran García,2,0.2299
414193,N. Molina,3421,Óscar De Marcos,3,0.2418
414193,N. Molina,25586,Mariano,4,0.2482
414193,N. Molina,303078,G. Suazo,5,0.2582
414193,N. Molina,135903,João Cancelo,6,0.2633
414193,N. Molina,544210,Sergio Carreira,7,0.3197
414193,N. Molina,6925,H. Hernández,8,0.3564
414193,N. Molina,477082,Emerson Royal,9,0.3627
414193,N. Molina,20803,M. Aguirregaray,10,0.3642
419225,Dani Gómez,784394,Vitor Roque,1,0.1331
419225,Dani Gómez,4131,Ángel Rodríguez,2,0.3009
419225,Dani Gómez,512982,Matheus Cunha,3,0.3011
419225,Dani Gómez,135923,Gonçalo Paciência,4,0.3212
419225,Dani Gómez,536058,Fábio Silva,5,0.3305
419225,Dani Gómez,3937,Roger Martí,6,0.3911
419225,Dani Gómez,278015,J. Rodríguez,7,0.4013
419225,Dani Gómez,618697,Iván Romero,8,0.433
419225,Dani Gómez,70327,N. Ghilas,9,0.4393
419225,Dani Gómez,94764,Y. Muto,10,0.4612
420532,Pipa,517437,Jesús Areso,1,0.1198
420532,Pipa,435759,Adrià Pedrosa,2,0.2015
420532,Pipa,711011,Marc Pubill,3,0.2273
420532,Pipa,4094,Ander Capa,4,0.2306
420532,Pipa,344104,Álvaro Tejero,5,0.2468
420532,Pipa,585816,Manu Sánchez,6,0.2495
420532,Pipa,472519,Mateu Morey,7,0.2522
420532,Pipa,5910,Álex Moreno,8,0.2554
420532,Pipa,561190,Javi López,9,0.281
420532,Pipa,344014,L. Agbenyenu,10,0.2997
422517,Fran García,580127,Pep Chavarría,1,0.162
422517,Fran García,3421,Óscar De Marcos,2,0.1843
422517,Fran García,303078,G. Suazo,3,0.1907
422517,Fran García,3325,Juanfran,4,0.1949
422517,Fran García,286248,V. Kravets,5,0.1963
422517,Fran García,414193,N. Molina,6,0.2299
422517,Fran García,354123,Pol Lirola,7,0.2333
422517,Fran García,530689,Mario Hernández,8,0.2588
422517,Fran García,293333,M. Ristić,9,0.2707
422517,Fran García,477082,Emerson Royal,10,0.2713
422519,Fran Beltrán,357806,D. Hancko,1,0.1293
422519,Fran Beltrán,274344,B. Santamaria,2,0.1348
422519,Fran Beltrán,269060,P. Hernández,3,0.1891
422519,Fran Beltrán,7899,Oriol Romeu,4,0.1892
422519,Fran Beltrán,7864,F. Coquelin,5,0.2281
422519,Fran Beltrán,3977,Nacho Cases,6,0.251
422519,Fran Beltrán,5289,Fran Rico,7,0.2592
422519,Fran Beltrán,40614,Guilherme,8,0.2601
422519,Fran Beltrán,25623,G. Kondogbia,9,0.2643
422519,Fran Beltrán,249917,M. Malsa,10,0.2745
422520,Iván Martín,25942,G. Imbula,1,0.2542
422520,Iván Martín,15101,P. Ebert,2,0.2564
422520,Iván Martín,450784,Óscar Melendo,3,0.3994
422520,Iván Martín,247219,Víctor Camarasa,4,0.4272
422520,Iván Martín,584520,Nico González,5,0.4314
422520,Iván Martín,14866,José Manuel Jurado,6,0.4443
422520,Iván Martín,211885,André Gomes,7,0.4505
422520,Iván Martín,582472,L. Sučić,8,0.4532
422520,Iván Martín,247222,Álvaro Medrán,9,0.4568
422520,Iván Martín,399676,Pablo Fornals,10,0.4569
423157,Thierry Correia,3974,D. Suárez,1,0.1054
423157,Thierry Correia,3790,Carlos Clerc,2,0.1537
423157,Thierry Correia,3919,Iván López,3,0.1556
423157,Thierry Correia,70451,Luisinho,4,0.1728
423157,Thierry Correia,531592,Aihen Muñoz,5,0.1764
423157,Thierry Correia,344014,L. Agbenyenu,6,0.1895
423157,Thierry Correia,396513,Alex Pozo,7,0.2071
423157,Thierry Correia,786686,Iván Fresneda,8,0.2286
423157,Thierry Correia,4094,Ander Capa,9,0.2553
423157,Thierry Correia,135909,Rafa Soares,10,0.2615
424624,P. Etebo,3317,Esteban Granero,1,0.1387
424624,P. Etebo,364850,Junior Firpo,2,0.1486
424624,P. Etebo,134170,José Rodríguez,3,0.153
424624,P. Etebo,599560,Alberto Reina,4,0.1814
424624,P. Etebo,26652,D. Wass,5,0.1986
424624,P. Etebo,566942,E. Loiodice,6,0.2505
424624,P. Etebo,449920,L. Robertone,7,0.2536
424624,P. Etebo,339789,Mikel Merino,8,0.272
424624,P. Etebo,3568,Recio,9,0.3039
424624,P. Etebo,776656,Pablo Barrios,10,0.3184
425893,L. Ilić,334154,A. Tuhami,1,0.1333
425893,L. Ilić,364846,Y. Eteki,2,0.3921
425893,L. Ilić,626229,Mario Martín,3,0.4665
425893,L. Ilić,265807,José Naranjo,4,0.4827
425893,L. Ilić,127928,D. Brašanac,5,0.5205
425893,L. Ilić,265864,N. Maksimović,6,0.5492
425893,L. Ilić,347333,A. Král,7,0.5597
425893,L. Ilić,7585,Manu García,8,0.5735
425893,L. Ilić,551419,Alberto Soro,9,0.5952
425893,L. Ilić,56408,J. Jønsson,10,0.6057
427886,C. Protesoni,3829,Oier Sanjurjo,1,0.1667
427886,C. Protesoni,190172,Juan Cruz,2,0.1674
427886,C. Protesoni,6528,Javi Moyano,3,0.1772
427886,C. Protesoni,441230,T. Alarcón,4,0.1931
427886,C. Protesoni,808345,S. Mouriño,5,0.2097
427886,C. Protesoni,15214,A. Rukavina,6,0.2327
427886,C. Protesoni,399652,Florentino,7,0.2893
427886,C. Protesoni,240609,Á. Muñoz,8,0.3006
427886,C. Protesoni,4234,Lillo Castellano,9,0.3114
427886,C. Protesoni,612174,Víctor Parada,10,0.3341
428131,P. Akouokou,473364,Hugo Guillamón,1,0.1387
428131,P. Akouokou,525104,Dani Vivian,2,0.1821
428131,P. Akouokou,32978,O. Yokuşlu,3,0.183
428131,P. Akouokou,25537,G. Krychowiak,4,0.1981
428131,P. Akouokou,518092,P. Ciss,5,0.225
428131,P. Akouokou,645877,Y. Mosquera,6,0.2389
428131,P. Akouokou,3594,José Alberto Cañas,7,0.2536
428131,P. Akouokou,278288,Aritz Elustondo,8,0.2627
428131,P. Akouokou,935301,Marcos Peña,9,0.2669
428131,P. Akouokou,20547,Javier Garrido,10,0.2941
431540,Francisco Trincão,3685,C. Vela,1,0.2432
431540,Francisco Trincão,404397,Brahim Diaz,2,0.2666
431540,Francisco Trincão,776387,Fermín López,3,0.295
431540,Francisco Trincão,547260,Rodrygo,4,0.3014
431540,Francisco Trincão,860728,F. Mastantuono,5,0.4106
431540,Francisco Trincão,70125,Nolito,6,0.4153
431540,Francisco Trincão,3425,Iker Muniain,7,0.4178
431540,Francisco Trincão,3571,Joaquín,8,0.4321
431540,Francisco Trincão,408307,Raphinha,9,0.4439
431540,Francisco Trincão,28115,N. Fekir,10,0.4506
434145,Álex Sola,713838,Álex Sancris,1,0.2306
434145,Álex Sola,537561,Carlos Vicente,2,0.2464
434145,Álex Sola,722550,Antoniu Roca,3,0.3173
434145,Álex Sola,601883,F. Pellistri,4,0.3492
434145,Álex Sola,4923,Salvi Sánchez,5,0.3867
434145,Álex Sola,609127,Carlos Martín,6,0.4143
434145,Álex Sola,247220,Jason,7,0.4237
434145,Álex Sola,601166,Jofre Carreras,8,0.4274
434145,Álex Sola,135919,Hélder Costa,9,0.4458
434145,Álex Sola,693943,A. Rebbach,10,0.465
435472,U. Račić,471583,I. Baba,1,0.0359
435472,U. Račić,5055,José Mari,2,0.1899
435472,U. Račić,3650,Tomás Pina,3,0.1954
435472,U. Račić,611437,M. Diarra,4,0.2176
435472,U. Račić,3505,R. Loé,5,0.2446
435472,U. Račić,373713,Christian Rivera,6,0.2515
435472,U. Račić,344049,Oriol Rey,7,0.2734
435472,U. Račić,6286,Jon Errasti,8,0.2956
435472,U. Račić,25405,M. Gonalons,9,0.3012
435472,U. Račić,240609,Á. Muñoz,10,0.3098
435759,Adrià Pedrosa,420532,Pipa,1,0.2015
435759,Adrià Pedrosa,517437,Jesús Areso,2,0.2217
435759,Adrià Pedrosa,585816,Manu Sánchez,3,0.2353
435759,Adrià Pedrosa,263105,Pablo Maffeo,4,0.2503
435759,Adrià Pedrosa,711011,Marc Pubill,5,0.2508
435759,Adrià Pedrosa,472519,Mateu Morey,6,0.3188
435759,Adrià Pedrosa,5910,Álex Moreno,7,0.3401
435759,Adrià Pedrosa,4094,Ander Capa,8,0.347
435759,Adrià Pedrosa,225948,Rubén Peña,9,0.3762
435759,Adrià Pedrosa,561190,Javi López,10,0.3806
436688,Viti Rozada,278867,S. Janko,1,0.0485
436688,Viti Rozada,352761,Luis Pérez,2,0.1226
436688,Viti Rozada,5902,Brian Oliván,3,0.1452
436688,Viti Rozada,585538,R. Alhassane,4,0.1517
436688,Viti Rozada,6281,Joseba Zaldúa,5,0.154
436688,Viti Rozada,472519,Mateu Morey,6,0.16
436688,Viti Rozada,561190,Javi López,7,0.2042
436688,Viti Rozada,282438,Aarón Martín,8,0.2195
436688,Viti Rozada,326535,Toni Lato,9,0.2215
436688,Viti Rozada,711011,Marc Pubill,10,0.2224
436785,Y. Neyou,4238,Michel Macedo,1,0.1834
436785,Y. Neyou,582098,D. Lopy,2,0.1895
436785,Y. Neyou,6035,Rubén Alcaraz,3,0.1947
436785,Y. Neyou,286963,Mikel Vesga,4,0.1964
436785,Y. Neyou,645789,Iker Muñoz,5,0.2198
436785,Y. Neyou,352788,Manu Morlanes,6,0.2411
436785,Y. Neyou,263091,Gerard Gumbau,7,0.2423
436785,Y. Neyou,550229,Jon Moncayola,8,0.256
436785,Y. Neyou,25441,M. Sissoko,9,0.2642
436785,Y. Neyou,3560,Nacho Monreal,10,0.2757
439778,I. Doumbia,8309,K. Rekik,1,0.1914
439778,I. Doumbia,3304,Nacho Fernández,2,0.2007
439778,I. Doumbia,70094,Fernando,3,0.297
439778,I. Doumbia,312,N. Gudelj,4,0.2986
439778,I. Doumbia,397033,B. Soumaré,5,0.3145
439778,I. Doumbia,3446,Mario Suárez,6,0.3226
439778,I. Doumbia,498373,M. Sagnan,7,0.3241
439778,I. Doumbia,212621,M. Kranevitter,8,0.3575
439778,I. Doumbia,4366,Hernán Santana,9,0.3651
439778,I. Doumbia,51004,C. Borges,10,0.3965
441230,T. Alarcón,427886,C. Protesoni,1,0.1931
441230,T. Alarcón,3829,Oier Sanjurjo,2,0.2061
441230,T. Alarcón,190172,Juan Cruz,3,0.2568
441230,T. Alarcón,240609,Á. Muñoz,4,0.2818
441230,T. Alarcón,612174,Víctor Parada,5,0.3042
441230,T. Alarcón,6528,Javi Moyano,6,0.3071
441230,T. Alarcón,20936,J. Vargas,7,0.3352
441230,T. Alarcón,611437,M. Diarra,8,0.3395
441230,T. Alarcón,15214,A. Rukavina,9,0.3425
441230,T. Alarcón,399652,Florentino,10,0.3436
443324,Douglas Luiz,367503,M. Wöber,1,0.118
443324,Douglas Luiz,42183,Petros,2,0.1594
443324,Douglas Luiz,3270,Barragán,3,0.1662
443324,Douglas Luiz,86198,J. Sánchez Miño,4,0.1882
443324,Douglas Luiz,51217,L. Augustinsson,5,0.1913
443324,Douglas Luiz,4424,Jonny Otto,6,0.1937
443324,Douglas Luiz,537185,J. Araujo,7,0.2369
443324,Douglas Luiz,678620,Arnau Martínez,8,0.2456
443324,Douglas Luiz,550229,Jon Moncayola,9,0.2495
443324,Douglas Luiz,228963,H. Traoré,10,0.252
444669,N. González,6456,Dani Rodríguez,1,0.1282
444669,N. González,382622,S. Amallah,2,0.1694
444669,N. González,344153,Tete Morente,3,0.1906
444669,N. González,4592,Paco Montañés,4,0.2234
444669,N. González,364086,T. Conechny,5,0.2262
444669,N. González,70235,Héldon,6,0.2452
444669,N. González,3708,J. Samperio,7,0.2482
444669,N. González,353331,K. Jóźwiak,8,0.2567
444669,N. González,3426,Gaizka Toquero,9,0.2716
444669,N. González,4127,J. Feliu,10,0.2822
445504,Carlos Neva,7818,Carlos Akapo,1,0.1911
445504,Carlos Neva,481618,N. Tenaglia,2,0.2124
445504,Carlos Neva,286994,Adrián Marín,3,0.2306
445504,Carlos Neva,252924,F. Angileri,4,0.2412
445504,Carlos Neva,170595,E. Insúa,5,0.2588
445504,Carlos Neva,606670,Adrià Altimira,6,0.2689
445504,Carlos Neva,6572,Iza Carcelén,7,0.2716
445504,Carlos Neva,489488,Martín Aguirregabiria,8,0.2861
445504,Carlos Neva,302542,Nacho Vidal,9,0.288
445504,Carlos Neva,393214,V. Rosier,10,0.3168
446062,K. Arriaga,167120,Fran Varela,1,0.0703
446062,K. Arriaga,86198,J. Sánchez Miño,2,0.1823
446062,K. Arriaga,537185,J. Araujo,3,0.1939
446062,K. Arriaga,134476,F. Barba,4,0.2012
446062,K. Arriaga,14922,R. Rodríguez,5,0.217
446062,K. Arriaga,3270,Barragán,6,0.2289
446062,K. Arriaga,42183,Petros,7,0.3174
446062,K. Arriaga,593442,Beñat Prados,8,0.3191
446062,K. Arriaga,139075,R. Tapia,9,0.335
446062,K. Arriaga,443324,Douglas Luiz,10,0.3363
446483,André Almeida,3572,Portillo,1,0.1885
446483,André Almeida,769742,Rodrigo Mendoza,2,0.1958
446483,André Almeida,631404,Alejandro Balde,3,0.204
446483,André Almeida,8213,Rubén Rochina,4,0.3311
446483,André Almeida,253,Q. Promes,5,0.3315
446483,André Almeida,4879,Carles Gil,6,0.3316
446483,André Almeida,647161,Gavi,7,0.3357
446483,André Almeida,788852,Hugo Álvarez,8,0.3452
446483,André Almeida,499596,S. Dest,9,0.3812
446483,André Almeida,3537,Cani,10,0.4032
446859,Peru Nolaskoain,485083,David Carmo,1,0.1302
446859,Peru Nolaskoain,4355,David García,2,0.1395
446859,Peru Nolaskoain,689107,Renato Veiga,3,0.1498
446859,Peru Nolaskoain,567016,Jon Pacheco,4,0.1925
446859,Peru Nolaskoain,134503,C. Lenglet,5,0.1978
446859,Peru Nolaskoain,364003,S. Bueno,6,0.2084
446859,Peru Nolaskoain,814546,Carlos Domínguez,7,0.2096
446859,Peru Nolaskoain,3828,Raúl Navas,8,0.2154
446859,Peru Nolaskoain,4303,David López,9,0.2347
446859,Peru Nolaskoain,3300,Raúl Albiol,10,0.2364
447358,C. Gallagher,279539,Javi Muñoz,1,0.1969
447358,C. Gallagher,364850,Junior Firpo,2,0.2053
447358,C. Gallagher,590503,Ilaix Moriba,3,0.2117
447358,C. Gallagher,339812,Pape Cheickh,4,0.2445
447358,C. Gallagher,134170,José Rodríguez,5,0.2726
447358,C. Gallagher,5290,Mikel Rico,6,0.2834
447358,C. Gallagher,279526,W. Kaptoum,7,0.2964
447358,C. Gallagher,279538,Marcos Llorente,8,0.3102
447358,C. Gallagher,552234,Roberto López,9,0.3159
447358,C. Gallagher,3419,Iñigo Pérez,10,0.319
447821,Y. En-Nesyri,69513,A. Budimir,1,0.1744
447821,Y. En-Nesyri,238564,S. Weissman,2,0.2585
447821,Y. En-Nesyri,364845,Rafa Mir,3,0.2899
447821,Y. En-Nesyri,14763,S. Okazaki,4,0.3022
447821,Y. En-Nesyri,3651,Abdón Prats,5,0.3147
447821,Y. En-Nesyri,545811,Hugo Duro,6,0.3207
447821,Y. En-Nesyri,329064,C. Larin,7,0.3245
447821,Y. En-Nesyri,338201,E. Boateng,8,0.3424
447821,Y. En-Nesyri,713837,Diego García,9,0.3972
447821,Y. En-Nesyri,279571,Jon Bautista,10,0.4005
449817,A. Mumin,404693,M. Kumbulla,1,0.0882
449817,A. Mumin,567461,Jorge Herrando,2,0.0926
449817,A. Mumin,270037,M. Valjent,3,0.1252
449817,A. Mumin,298353,José Martínez,4,0.1307
449817,A. Mumin,7857,Ignasi Miquel,5,0.134
449817,A. Mumin,344039,Chumi,6,0.15
449817,A. Mumin,916711,Juma Bah,7,0.1661
449817,A. Mumin,3496,Sergio Postigo,8,0.1706
449817,A. Mumin,508021,Jorge Cuenca,9,0.1836
449817,A. Mumin,344102,Javi Sánchez,10,0.1839
449920,L. Robertone,213131,Luis Milla,1,0.1816
449920,L. Robertone,424624,P. Etebo,2,0.2536
449920,L. Robertone,3418,Iñigo Ruiz de Galarreta,3,0.2537
449920,L. Robertone,566942,E. Loiodice,4,0.2732
449920,L. Robertone,26792,R. Aït-Atmane,5,0.2897
449920,L. Robertone,3317,Esteban Granero,6,0.3068
449920,L. Robertone,364850,Junior Firpo,7,0.3413
449920,L. Robertone,134170,José Rodríguez,8,0.3437
449920,L. Robertone,938660,Mikel Jauregizar,9,0.3453
449920,L. Robertone,599560,Alberto Reina,10,0.3609
450650,Imanol García,250805,Djené,1,0.1374
450650,Imanol García,85113,A. Toșca,2,0.2263
450650,Imanol García,279545,L. Hernández,3,0.23
450650,Imanol García,295225,Fede San Emeterio,4,0.2318
450650,Imanol García,89133,Rodrigo Battaglia,5,0.2398
450650,Imanol García,507738,Vini Souza,6,0.2502
450650,Imanol García,4268,Juan Rafael Fuentes,7,0.2664
450650,Imanol García,808345,S. Mouriño,8,0.3158
450650,Imanol García,258591,O. Alderete,9,0.3352
450650,Imanol García,6317,Unai García,10,0.3559
450769,Fernando Calero,5472,Luis Hernández,1,0.0634
450769,Fernando Calero,911027,Vitor Reis,2,0.1191
450769,Fernando Calero,344102,Javi Sánchez,3,0.1194
450769,Fernando Calero,92874,L. Vyntra,4,0.1377
450769,Fernando Calero,86325,R. Funes Mori,5,0.1651
450769,Fernando Calero,70086,N. Otamendi,6,0.1961
450769,Fernando Calero,622390,C. Özkacar,7,0.1994
450769,Fernando Calero,473366,Víctor Chust,8,0.1994
450769,Fernando Calero,3496,Sergio Postigo,9,0.2006
450769,Fernando Calero,339799,Jorge Sáenz,10,0.2011
450776,Jorge de Frutos,254898,Kenedy,1,0.1922
450776,Jorge de Frutos,601166,Jofre Carreras,2,0.2151
450776,Jorge de Frutos,527102,L. Ramazani,3,0.225
450776,Jorge de Frutos,584938,Fran Pérez,4,0.3467
450776,Jorge de Frutos,116898,D. Machís,5,0.3638
450776,Jorge de Frutos,780739,Victor Muñoz,6,0.3653
450776,Jorge de Frutos,596822,Luiz Henrique,7,0.3681
450776,Jorge de Frutos,634666,Diego López,8,0.4352
450776,Jorge de Frutos,3539,H. Pérez,9,0.4455
450776,Jorge de Frutos,275419,Luis Rioja,10,0.4528
450784,Óscar Melendo,15101,P. Ebert,1,0.2193
450784,Óscar Melendo,25942,G. Imbula,2,0.2337
450784,Óscar Melendo,5171,Víctor Rodríguez,3,0.24
450784,Óscar Melendo,372752,Carlos Soler,4,0.2523
450784,Óscar Melendo,20823,F. Vázquez,5,0.3222
450784,Óscar Melendo,582472,L. Sučić,6,0.3265
450784,Óscar Melendo,4007,Diego Castro,7,0.3329
450784,Óscar Melendo,552234,Roberto López,8,0.3603
450784,Óscar Melendo,364864,Pedro Díaz,9,0.3711
450784,Óscar Melendo,302550,Brais Méndez,10,0.3824
450785,Javi Puado,585048,L. Beltrán,1,0.0514
450785,Javi Puado,771062,Chuki,2,0.2309
450785,Javi Puado,101707,F. Smolov,3,0.2697
450785,Javi Puado,135848,M. Livaja,4,0.2782
450785,Javi Puado,130196,Dyego Sousa,5,0.284
450785,Javi Puado,373016,C. Hernández,6,0.2877
450785,Javi Puado,3503,R.García Escudero,7,0.2954
450785,Javi Puado,7623,Léo Baptistão,8,0.3309
450785,Javi Puado,167119,Sabin Merino,9,0.3333
450785,Javi Puado,595008,Alejandro Cantero,10,0.3486
451235,Álvaro Aguado,135561,F. Grillitsch,1,0.0885
451235,Álvaro Aguado,776656,Pablo Barrios,2,0.2262
451235,Álvaro Aguado,3384,A. Guardado,3,0.2534
451235,Álvaro Aguado,4365,Roque Mesa,4,0.2673
451235,Álvaro Aguado,584520,Nico González,5,0.2949
451235,Álvaro Aguado,402004,S. Colombatto,6,0.3013
451235,Álvaro Aguado,552240,Álvaro Núñez,7,0.3267
451235,Álvaro Aguado,230863,Unai López,8,0.3309
451235,Álvaro Aguado,3349,J. dos Santos,9,0.3357
451235,Álvaro Aguado,566942,E. Loiodice,10,0.342
452264,Marc Cardona,130196,Dyego Sousa,1,0.2493
452264,Marc Cardona,373016,C. Hernández,2,0.2894
452264,Marc Cardona,512982,Matheus Cunha,3,0.3002
452264,Marc Cardona,135923,Gonçalo Paciência,4,0.3008
452264,Marc Cardona,101707,F. Smolov,5,0.3196
452264,Marc Cardona,135848,M. Livaja,6,0.3325
452264,Marc Cardona,259946,A. Peñaranda,7,0.3383
452264,Marc Cardona,712692,Maroan Sannadi,8,0.3475
452264,Marc Cardona,669602,N. Jackson,9,0.366
452264,Marc Cardona,70327,N. Ghilas,10,0.402
452269,Fran Gámez,1075948,Davinchi,1,0.1298
452269,Fran Gámez,169002,Diego Rico,2,0.1548
452269,Fran Gámez,70451,Luisinho,3,0.2528
452269,Fran Gámez,786686,Iván Fresneda,4,0.286
452269,Fran Gámez,373541,Aitor Buñuel,5,0.3046
452269,Fran Gámez,93000,Antunes,6,0.3524
452269,Fran Gámez,585538,R. Alhassane,7,0.3538
452269,Fran Gámez,3974,D. Suárez,8,0.3545
452269,Fran Gámez,603778,Abel Bretones,9,0.3666
452269,Fran Gámez,531592,Aihen Muñoz,10,0.377
452293,Sergio Ruiz,25441,M. Sissoko,1,0.0992
452293,Sergio Ruiz,4238,Michel Macedo,2,0.1448
452293,Sergio Ruiz,550229,Jon Moncayola,3,0.164
452293,Sergio Ruiz,678620,Arnau Martínez,4,0.2031
452293,Sergio Ruiz,938660,Mikel Jauregizar,5,0.2151
452293,Sergio Ruiz,357981,Gonzalo Villar,6,0.2437
452293,Sergio Ruiz,42183,Petros,7,0.2965
452293,Sergio Ruiz,545944,Oier Zarraga,8,0.3108
452293,Sergio Ruiz,436785,Y. Neyou,9,0.3144
452293,Sergio Ruiz,247212,Rafa Navarro,10,0.3212
453251,Alejandro Catena,6325,Gonzalo Verdú,1,0.0562
453251,Alejandro Catena,288081,S. McKenna,2,0.0825
453251,Alejandro Catena,282439,Lluis López,3,0.1141
453251,Alejandro Catena,3523,F. Lejeune,4,0.1374
453251,Alejandro Catena,621020,Cristhian Mosquera,5,0.1411
453251,Alejandro Catena,357991,Édgar González,6,0.1477
453251,Alejandro Catena,697957,W. Kambwala,7,0.1482
453251,Alejandro Catena,70140,Daniel Carriço,8,0.1562
453251,Alejandro Catena,4065,J. Murillo,9,0.1591
453251,Alejandro Catena,25392,Bakary Koné,10,0.1729
453270,M. Hongla,593173,Aiham Ousou,1,0.0311
453270,M. Hongla,935301,Marcos Peña,2,0.1051
453270,M. Hongla,4509,Omar Mascarell,3,0.1522
453270,M. Hongla,278288,Aritz Elustondo,4,0.1792
453270,M. Hongla,26518,C. Sánchez,5,0.1795
453270,M. Hongla,4332,Javi Fuego,6,0.1924
453270,M. Hongla,3675,Gorka Elustondo,7,0.2118
453270,M. Hongla,563961,José Fontán,8,0.2329
453270,M. Hongla,3510,David Timor,9,0.2339
453270,M. Hongla,645877,Y. Mosquera,10,0.243
456053,J. Foyth,812973,V. Gómez,1,0.0954
456053,J. Foyth,340706,G. Rodríguez,2,0.1611
456053,J. Foyth,563961,José Fontán,3,0.1645
456053,J. Foyth,366584,L. Pétrot,4,0.185
456053,J. Foyth,134476,F. Barba,5,0.1853
456053,J. Foyth,645035,Dário Essugo,6,0.1907
456053,J. Foyth,3566,Ignacio Camacho,7,0.234
456053,J. Foyth,91064,D. Torres,8,0.2871
456053,J. Foyth,139075,R. Tapia,9,0.2955
456053,J. Foyth,14922,R. Rodríguez,10,0.3053
460552,P. Gueye,3680,David Zurutuza,1,0.0932
460552,P. Gueye,339789,Mikel Merino,2,0.116
460552,P. Gueye,3568,Recio,3,0.1295
460552,P. Gueye,3808,Javi Márquez,4,0.1342
460552,P. Gueye,279526,W. Kaptoum,5,0.1995
460552,P. Gueye,366401,F. Anguissa,6,0.2072
460552,P. Gueye,26652,D. Wass,7,0.2359
460552,P. Gueye,643875,J. Solís,8,0.238
460552,P. Gueye,584520,Nico González,9,0.2527
460552,P. Gueye,3419,Iñigo Pérez,10,0.2551
470747,R. Araújo,70120,Javi García,1,0.2129
470747,R. Araújo,14748,A. Rüdiger,2,0.3113
470747,R. Araújo,3274,J. Mathieu,3,0.3555
470747,R. Araújo,3306,Sergio Ramos,4,0.4194
470747,R. Araújo,25397,S. Umtiti,5,0.4239
470747,R. Araújo,14724,D. Alaba,6,0.433
470747,R. Araújo,480145,A. Tchouaméni,7,0.4591
470747,R. Araújo,3541,Bruno Soriano,8,0.4802
470747,R. Araújo,26307,A. Mandi,9,0.5288
470747,R. Araújo,3341,Gerard Piqué,10,0.5402
470934,Javi Hernández,5284,Siqueira,1,0.0757
470934,Javi Hernández,339690,G. González,2,0.2189
470934,Javi Hernández,618690,José Ángel Carmona,3,0.2381
470934,Javi Hernández,778363,Adama Boiro,4,0.2644
470934,Javi Hernández,5318,Isma López,5,0.2662
470934,Javi Hernández,25452,S. Corchia,6,0.2807
470934,Javi Hernández,3735,Juankar,7,0.2844
470934,Javi Hernández,41339,Alex Telles,8,0.2881
470934,Javi Hernández,5327,Miguel Cifuentes,9,0.3194
470934,Javi Hernández,744854,Hugo Rincón,10,0.3244
471583,I. Baba,435472,U. Račić,1,0.0359
471583,I. Baba,5055,José Mari,2,0.156
471583,I. Baba,611437,M. Diarra,3,0.1947
471583,I. Baba,3650,Tomás Pina,4,0.217
471583,I. Baba,3505,R. Loé,5,0.233
471583,I. Baba,373713,Christian Rivera,6,0.2564
471583,I. Baba,344049,Oriol Rey,7,0.2566
471583,I. Baba,240609,Á. Muñoz,8,0.2807
471583,I. Baba,25405,M. Gonalons,9,0.2823
471583,I. Baba,3866,M. Iturra,10,0.2909
471753,João Félix,8278,G. Bale,1,0.2358
471753,João Félix,3840,Iago Aspas,2,0.3167
471753,João Félix,584522,Ansu Fati,3,0.3423
471753,João Félix,86307,L. Vietto,4,0.4339
471753,João Félix,105541,Lucas Pérez,5,0.4531
471753,João Félix,118,M. Depay,6,0.4648
471753,João Félix,70129,Rodrigo,7,0.4764
471753,João Félix,3685,C. Vela,8,0.4933
471753,João Félix,258907,R. Assalé,9,0.4938
471753,João Félix,397303,Ferrán Torres,10,0.5457
471761,Óscar Mingueza,4501,Dani Carvajal,1,0.1323
471761,Óscar Mingueza,743429,Álvaro Carreras,2,0.1723
471761,Óscar Mingueza,770387,Héctor Fort,3,0.2051
471761,Óscar Mingueza,214062,Álex Granell,4,0.3195
471761,Óscar Mingueza,3434,Filipe Luís,5,0.3247
471761,Óscar Mingueza,8945,K. Trippier,6,0.3811
471761,Óscar Mingueza,89073,M. Acuña,7,0.4011
471761,Óscar Mingueza,7069,Javi Lara,8,0.4468
471761,Óscar Mingueza,3442,Fran Mérida,9,0.463
471761,Óscar Mingueza,3470,José Campaña,10,0.4796
471764,Monchu,542101,S. Cissé,1,0.1313
471764,Monchu,4507,Álex Fernández,2,0.1505
471764,Monchu,605383,Beñat Turrientes,3,0.1918
471764,Monchu,558754,Carlos Dotor,4,0.22
471764,Monchu,3419,Iñigo Pérez,5,0.2257
471764,Monchu,5290,Mikel Rico,6,0.233
471764,Monchu,603901,Víctor Meseguer,7,0.2426
471764,Monchu,643875,J. Solís,8,0.2427
471764,Monchu,339812,Pape Cheickh,9,0.263
471764,Monchu,339794,Raúl Guti,10,0.265
471991,Rodrigo Riquelme,589806,H. Hassan,1,0.1344
471991,Rodrigo Riquelme,286830,P. Roberts,2,0.199
471991,Rodrigo Riquelme,4337,Lass Bangoura,3,0.2045
471991,Rodrigo Riquelme,532831,Bryan Gil,4,0.2216
471991,Rodrigo Riquelme,276944,J. Bamba,5,0.2615
471991,Rodrigo Riquelme,605385,Raúl Moro,6,0.262
471991,Rodrigo Riquelme,504301,T. Kubo,7,0.2658
471991,Rodrigo Riquelme,26038,J. Campbell,8,0.2811
471991,Rodrigo Riquelme,4597,Saúl Berjón,9,0.3113
471991,Rodrigo Riquelme,1127679,Jan Virgili,10,0.34
471999,Juan Berrocal,3466,Alexis,1,0.1155
471999,Juan Berrocal,713622,John Donald,2,0.1243
471999,Juan Berrocal,364772,C. Awaziem,3,0.1864
471999,Juan Berrocal,712305,Adrián Pica,4,0.1956
471999,Juan Berrocal,4329,Alejandro Arribas,5,0.2096
471999,Juan Berrocal,247169,Diego González,6,0.2418
471999,Juan Berrocal,3670,Mikel González,7,0.2447
471999,Juan Berrocal,330728,Domingos Duarte,8,0.2541
471999,Juan Berrocal,275384,Jorge Meré,9,0.2585
471999,Juan Berrocal,223681,A. Sedlar,10,0.26
472191,Renan Lodi,5910,Álex Moreno,1,0.111
472191,Renan Lodi,496493,Víctor Gómez,2,0.1469
472191,Renan Lodi,301016,R. Perraud,3,0.199
472191,Renan Lodi,344104,Álvaro Tejero,4,0.2115
472191,Renan Lodi,5383,Toño García,5,0.2283
472191,Renan Lodi,517437,Jesús Areso,6,0.2428
472191,Renan Lodi,225948,Rubén Peña,7,0.2643
472191,Renan Lodi,354123,Pol Lirola,8,0.2696
472191,Renan Lodi,344132,T. Hernández,9,0.272
472191,Renan Lodi,286248,V. Kravets,10,0.2747
472519,Mateu Morey,711011,Marc Pubill,1,0.076
472519,Mateu Morey,585538,R. Alhassane,2,0.1126
472519,Mateu Morey,436688,Viti Rozada,3,0.16
472519,Mateu Morey,585816,Manu Sánchez,4,0.1633
472519,Mateu Morey,278867,S. Janko,5,0.1822
472519,Mateu Morey,561190,Javi López,6,0.1875
472519,Mateu Morey,6281,Joseba Zaldúa,7,0.2155
472519,Mateu Morey,5902,Brian Oliván,8,0.2248
472519,Mateu Morey,485271,Lucas Rosa,9,0.2254
472519,Mateu Morey,603778,Abel Bretones,10,0.2381
472696,Sergio Gómez,4256,Aleix Vidal,1,0.1149
472696,Sergio Gómez,326547,E. Buendía,2,0.2455
472696,Sergio Gómez,504303,A. Rațiu,3,0.2879
472696,Sergio Gómez,86517,P. De Blasis,4,0.2892
472696,Sergio Gómez,544210,Sergio Carreira,5,0.3002
472696,Sergio Gómez,278289,Álvaro Odriozola,6,0.3307
472696,Sergio Gómez,25407,C. Grenier,7,0.3605
472696,Sergio Gómez,372753,Francis Guerrero,8,0.3705
472696,Sergio Gómez,4908,Alberto Moreno,9,0.3708
472696,Sergio Gómez,499843,Edu Expósito,10,0.3968
473327,Juan Miranda,481322,A. Candela,1,0.1455
473327,Juan Miranda,167145,Héctor Bellerín,2,0.1535
473327,Juan Miranda,326525,Lucas Ahijado,3,0.1795
473327,Juan Miranda,3447,Juanfran,4,0.1856
473327,Juan Miranda,3797,Víctor Sánchez,5,0.1956
473327,Juan Miranda,279560,Andoni Gorosabel,6,0.2038
473327,Juan Miranda,3598,Álex Martínez,7,0.2084
473327,Juan Miranda,89712,F. Gutiérrez,8,0.2149
473327,Juan Miranda,3534,Jaume Costa,9,0.2274
473327,Juan Miranda,14852,Sergio Escudero,10,0.2358
473364,Hugo Guillamón,428131,P. Akouokou,1,0.1387
473364,Hugo Guillamón,32978,O. Yokuşlu,2,0.1494
473364,Hugo Guillamón,518092,P. Ciss,3,0.1779
473364,Hugo Guillamón,3510,David Timor,4,0.2249
473364,Hugo Guillamón,86796,I. Marcone,5,0.227
473364,Hugo Guillamón,935301,Marcos Peña,6,0.24
473364,Hugo Guillamón,262121,D. Vavro,7,0.247
473364,Hugo Guillamón,645877,Y. Mosquera,8,0.2536
473364,Hugo Guillamón,5542,Dani García,9,0.2613
473364,Hugo Guillamón,477106,S. Cáseres,10,0.2678
473366,Víctor Chust,622390,C. Özkacar,1,0.0261
473366,Víctor Chust,3788,J. Amat,2,0.1183
473366,Víctor Chust,652014,César Tárrega,3,0.1206
473366,Víctor Chust,557066,K. Piątkowski,4,0.1336
473366,Víctor Chust,5472,Luis Hernández,5,0.1375
473366,Víctor Chust,3496,Sergio Postigo,6,0.1415
473366,Víctor Chust,3970,Alejandro Gálvez,7,0.1751
473366,Víctor Chust,344102,Javi Sánchez,8,0.1865
473366,Víctor Chust,567461,Jorge Herrando,9,0.1981
473366,Víctor Chust,450769,Fernando Calero,10,0.1994
473367,Eric García,777938,Dean Huijsen,1,0.271
473367,Eric García,477211,L. Krejčí,2,0.2885
473367,Eric García,480145,A. Tchouaméni,3,0.3554
473367,Eric García,3541,Bruno Soriano,4,0.4161
473367,Eric García,14724,D. Alaba,5,0.476
473367,Eric García,375011,N. Aguerd,6,0.5086
473367,Eric García,8032,Marcos Alonso,7,0.5155
473367,Eric García,38,D. Blind,8,0.5402
473367,Eric García,8200,S. Nzonzi,9,0.5415
473367,Eric García,410062,J. Koundé,10,0.5716
473371,Antonio Blanco,4371,Dani Castellano,1,0.0594
473371,Antonio Blanco,3534,Jaume Costa,2,0.1923
473371,Antonio Blanco,3529,Mario Gaspar,3,0.2101
473371,Antonio Blanco,481322,A. Candela,4,0.2141
473371,Antonio Blanco,4936,David Simón,5,0.2406
473371,Antonio Blanco,28529,Y. Sabaly,6,0.2569
473371,Antonio Blanco,3667,Alberto De La Bella,7,0.2629
473371,Antonio Blanco,3827,Hugo Mallo,8,0.267
473371,Antonio Blanco,3447,Juanfran,9,0.2912
473371,Antonio Blanco,405976,Pol Lozano,10,0.2931
474104,J. Strand Larsen,5268,Sergio León,1,0.201
474104,J. Strand Larsen,364820,Loren Morón,2,0.2333
474104,J. Strand Larsen,282449,Asier Villalibre,3,0.2339
474104,J. Strand Larsen,228902,J. Calleri,4,0.2489
474104,J. Strand Larsen,274435,E. Ünal,5,0.2784
474104,J. Strand Larsen,20733,F. Piovaccari,6,0.2888
474104,J. Strand Larsen,492443,V. Castellanos,7,0.3093
474104,J. Strand Larsen,350992,U. Sadiq,8,0.3288
474104,J. Strand Larsen,285727,L. Dimata,9,0.3293
474104,J. Strand Larsen,683194,T. Barry,10,0.345
475041,A. Sambi Lokonga,25798,E. Capoue,1,0.3113
475041,A. Sambi Lokonga,4590,A. González Casanova,2,0.3485
475041,A. Sambi Lokonga,6369,Iñigo Eguaras,3,0.3945
475041,A. Sambi Lokonga,167641,S. Lobotka,4,0.4176
475041,A. Sambi Lokonga,247222,Álvaro Medrán,5,0.427
475041,A. Sambi Lokonga,3677,Rubén Pardo,6,0.4551
475041,A. Sambi Lokonga,4911,Jozabed,7,0.4909
475041,A. Sambi Lokonga,5286,A. Moreno,8,0.4952
475041,A. Sambi Lokonga,3542,Manu Trigueros,9,0.5189
475041,A. Sambi Lokonga,410062,J. Koundé,10,0.5259
477082,Emerson Royal,70315,Diogo Figueiras,1,0.14
477082,Emerson Royal,344132,T. Hernández,2,0.1608
477082,Emerson Royal,4892,José Gayá,3,0.1708
477082,Emerson Royal,354123,Pol Lirola,4,0.1742
477082,Emerson Royal,372753,Francis Guerrero,5,0.1803
477082,Emerson Royal,112366,M. Layún,6,0.1972
477082,Emerson Royal,544210,Sergio Carreira,7,0.235
477082,Emerson Royal,655335,Yusi,8,0.2379
477082,Emerson Royal,301016,R. Perraud,9,0.2491
477082,Emerson Royal,279560,Andoni Gorosabel,10,0.2564
477106,S. Cáseres,262121,D. Vavro,1,0.1924
477106,S. Cáseres,4757,Luso,2,0.2222
477106,S. Cáseres,413597,R. Kouamé,3,0.2246
477106,S. Cáseres,525126,Marc Aguado,4,0.2321
477106,S. Cáseres,40614,Guilherme,5,0.2382
477106,S. Cáseres,368110,Jailson,6,0.264
477106,S. Cáseres,5542,Dani García,7,0.2658
477106,S. Cáseres,473364,Hugo Guillamón,8,0.2678
477106,S. Cáseres,212621,M. Kranevitter,9,0.2721
477106,S. Cáseres,32978,O. Yokuşlu,10,0.3007
477211,L. Krejčí,3541,Bruno Soriano,1,0.259
477211,L. Krejčí,473367,Eric García,2,0.2885
477211,L. Krejčí,8200,S. Nzonzi,3,0.3835
477211,L. Krejčí,773942,Pau Cubarsí,4,0.4235
477211,L. Krejčí,480145,A. Tchouaméni,5,0.4323
477211,L. Krejčí,777938,Dean Huijsen,6,0.4809
477211,L. Krejčí,14724,D. Alaba,7,0.4949
477211,L. Krejčí,470747,R. Araújo,8,0.5844
477211,L. Krejčí,3355,J. Mascherano,9,0.592
477211,L. Krejčí,25397,S. Umtiti,10,0.5921
477352,Ander Guevara,86234,E. Pérez,1,0.0154
477352,Ander Guevara,286030,K. Bare,2,0.1228
477352,Ander Guevara,167118,Erik Morán,3,0.1491
477352,Ander Guevara,545943,Unai Vencedor,4,0.1673
477352,Ander Guevara,265369,U. Agbo,5,0.2309
477352,Ander Guevara,25553,César Azpilicueta,6,0.244
477352,Ander Guevara,3414,Ander Iturraspe,7,0.2672
477352,Ander Guevara,4511,Pedro Mosquera,8,0.2754
477352,Ander Guevara,228963,H. Traoré,9,0.2822
477352,Ander Guevara,6035,Rubén Alcaraz,10,0.2831
478999,Kike Pérez,747916,Javi Guerra,1,0.1012
478999,Kike Pérez,552232,Jon Ander Olasagasti,2,0.2402
478999,Kike Pérez,247212,Rafa Navarro,3,0.2521
478999,Kike Pérez,499843,Edu Expósito,4,0.2588
478999,Kike Pérez,56009,R. Durmisi,5,0.2594
478999,Kike Pérez,659244,Ramón Terrats,6,0.2676
478999,Kike Pérez,4790,Carlos Carmona,7,0.3184
478999,Kike Pérez,279538,Marcos Llorente,8,0.3273
478999,Kike Pérez,403246,L. de la Torre,9,0.3275
478999,Kike Pérez,3979,De las Cuevas,10,0.3281
480138,B. Mendy,400691,N. Petrović,1,0.1641
480138,B. Mendy,363717,Y. Herrera,2,0.2076
480138,B. Mendy,20618,N. Krstičić,3,0.2097
480138,B. Mendy,255254,Danilo Barbosa,4,0.2137
480138,B. Mendy,336371,Guilherme Arana,5,0.2392
480138,B. Mendy,212644,G. Escalante,6,0.2676
480138,B. Mendy,373713,Christian Rivera,7,0.269
480138,B. Mendy,263091,Gerard Gumbau,8,0.2838
480138,B. Mendy,237269,S. Lukić,9,0.3152
480138,B. Mendy,3866,M. Iturra,10,0.3247
480145,A. Tchouaméni,14724,D. Alaba,1,0.1317
480145,A. Tchouaméni,3541,Bruno Soriano,2,0.3086
480145,A. Tchouaméni,473367,Eric García,3,0.3554
480145,A. Tchouaméni,477211,L. Krejčí,4,0.4323
480145,A. Tchouaméni,470747,R. Araújo,5,0.4591
480145,A. Tchouaméni,8200,S. Nzonzi,6,0.468
480145,A. Tchouaméni,3274,J. Mathieu,7,0.5365
480145,A. Tchouaméni,410062,J. Koundé,8,0.558
480145,A. Tchouaméni,777938,Dean Huijsen,9,0.5755
480145,A. Tchouaméni,5286,A. Moreno,10,0.6074
481322,A. Candela,3534,Jaume Costa,1,0.0988
481322,A. Candela,3447,Juanfran,2,0.1023
481322,A. Candela,473327,Juan Miranda,3,0.1455
481322,A. Candela,89712,F. Gutiérrez,4,0.1753
481322,A. Candela,167145,Héctor Bellerín,5,0.1802
481322,A. Candela,14852,Sergio Escudero,6,0.1972
481322,A. Candela,339801,Álvaro Lemos,7,0.2076
481322,A. Candela,473371,Antonio Blanco,8,0.2141
481322,A. Candela,4371,Dani Castellano,9,0.2234
481322,A. Candela,279560,Andoni Gorosabel,10,0.2316
481618,N. Tenaglia,7818,Carlos Akapo,1,0.1419
481618,N. Tenaglia,90774,H. Palacios,2,0.1574
481618,N. Tenaglia,445504,Carlos Neva,3,0.2124
481618,N. Tenaglia,3856,Molinero,4,0.2128
481618,N. Tenaglia,21550,Gabriel Silva,5,0.2282
481618,N. Tenaglia,286994,Adrián Marín,6,0.2355
481618,N. Tenaglia,252924,F. Angileri,7,0.2583
481618,N. Tenaglia,250899,Carlos Vigaray,8,0.2842
481618,N. Tenaglia,21842,C. Biraghi,9,0.2844
481618,N. Tenaglia,3969,Roberto Canella,10,0.289
482369,Javi Martínez,4790,Carlos Carmona,1,0.1369
482369,Javi Martínez,3837,Jota,2,0.2419
482369,Javi Martínez,536152,Jordi Martín,3,0.2483
482369,Javi Martínez,56009,R. Durmisi,4,0.2954
482369,Javi Martínez,254188,N. Leiva,5,0.3101
482369,Javi Martínez,403246,L. de la Torre,6,0.3196
482369,Javi Martínez,560353,Pablo Martínez,7,0.32
482369,Javi Martínez,293862,Nacho Gil,8,0.3321
482369,Javi Martínez,282444,Sergi Canós,9,0.3533
482369,Javi Martínez,354547,J. Jankto,10,0.3684
483256,Alfon González,291528,D. Lukébakio,1,0.4778
483256,Alfon González,3814,T. Bifouma,2,0.4888
483256,Alfon González,285509,I. Success,3,0.5374
483256,Alfon González,254408,Á. Correa,4,0.5385
483256,Alfon González,32968,N. Amrabat,5,0.5461
483256,Alfon González,225089,José Luis Morales,6,0.6365
483256,Alfon González,404757,J. Kluivert,7,0.6409
483256,Alfon González,1182657,Y. Diomande,8,0.6444
483256,Alfon González,135938,I. Cavaleiro,9,0.6781
483256,Alfon González,403260,S. Chukwueze,10,0.6792
485083,David Carmo,3828,Raúl Navas,1,0.0956
485083,David Carmo,814546,Carlos Domínguez,2,0.1257
485083,David Carmo,446859,Peru Nolaskoain,3,0.1302
485083,David Carmo,567016,Jon Pacheco,4,0.1314
485083,David Carmo,134502,Aymeric Laporte,5,0.1743
485083,David Carmo,3300,Raúl Albiol,6,0.1802
485083,David Carmo,4355,David García,7,0.1875
485083,David Carmo,4303,David López,8,0.1897
485083,David Carmo,3335,Marc Bartra,9,0.2033
485083,David Carmo,364003,S. Bueno,10,0.2157
485271,Lucas Rosa,149389,J. Toljan,1,0.1793
485271,Lucas Rosa,603778,Abel Bretones,2,0.1958
485271,Lucas Rosa,711011,Marc Pubill,3,0.2149
485271,Lucas Rosa,278867,S. Janko,4,0.21560000000000001
485271,Lucas Rosa,436688,Viti Rozada,5,0.2226
485271,Lucas Rosa,472519,Mateu Morey,6,0.2254
485271,Lucas Rosa,380709,S. Arzamendia,7,0.229
485271,Lucas Rosa,263105,Pablo Maffeo,8,0.2391
485271,Lucas Rosa,585816,Manu Sánchez,9,0.2694
485271,Lucas Rosa,585538,R. Alhassane,10,0.2887
485383,Álex Mula,611463,Aimar Oroz,1,0.0621
485383,Álex Mula,357946,Isi Palazón,2,0.1238
485383,Álex Mula,563968,Iker Losada,3,0.1547
485383,Álex Mula,3423,Ibai Gómez,4,0.1896
485383,Álex Mula,3511,Roberto Torres,5,0.2033
485383,Álex Mula,624774,Gabri Veiga,6,0.2128
485383,Álex Mula,639038,A. Zakharyan,7,0.2389
485383,Álex Mula,4252,Aaron Níguez,8,0.255
485383,Álex Mula,37836,M. Lestienne,9,0.285
485383,Álex Mula,255433,Ricardo Horta,10,0.3021
486425,Fer Niño,288865,O. McBurnie,1,0.0719
486425,Fer Niño,171643,R. Yaremchuk,2,0.0858
486425,Fer Niño,611298,Raul García,3,0.1054
486425,Fer Niño,3577,S. Rondón,4,0.1991
486425,Fer Niño,26167,C. Beauvue,5,0.2099
486425,Fer Niño,574907,E. Touré,6,0.2169
486425,Fer Niño,213365,G. Fernández,7,0.2359
486425,Fer Niño,105376,N. Kalinić,8,0.2394
486425,Fer Niño,274435,E. Ünal,9,0.2523
486425,Fer Niño,20536,G. Pazzini,10,0.2561
487598,Miguel de la Fuente,251570,M. Sylla,1,0.4123
487598,Miguel de la Fuente,5147,A. Lozano,2,0.5118
487598,Miguel de la Fuente,487756,Marcos André,3,0.5482
487598,Miguel de la Fuente,633438,B. Yıldırım,4,0.6145
487598,Miguel de la Fuente,387803,Víctor Campuzano,5,0.6288
487598,Miguel de la Fuente,22386,S. Longo,6,0.6564
487598,Miguel de la Fuente,559368,A. Adams,7,0.7459
487598,Miguel de la Fuente,607496,O. Óskarsson,8,0.7663
487598,Miguel de la Fuente,788748,Álvaro Rodríguez,9,0.7686
487598,Miguel de la Fuente,116319,M. Santos,10,0.7968
487752,Miguel Atienza,25568,S. M'Bia,1,0.0955
487752,Miguel Atienza,3933,Xavi Torres,2,0.1262
487752,Miguel Atienza,28232,I. Amadou,3,0.194
487752,Miguel Atienza,212074,O. Mfulu,4,0.211
487752,Miguel Atienza,3801,Raúl Baena,5,0.239
487752,Miguel Atienza,32793,A. N'Diaye,6,0.2465
487752,Miguel Atienza,20685,R. Krhin,7,0.2808
487752,Miguel Atienza,3674,Markel Bergara,8,0.2882
487752,Miguel Atienza,128742,N. Vukčević,9,0.31
487752,Miguel Atienza,4012,Juan Rodríguez,10,0.3198
487756,Marcos André,22386,S. Longo,1,0.118
487756,Marcos André,607496,O. Óskarsson,2,0.2187
487756,Marcos André,559368,A. Adams,3,0.2592
487756,Marcos André,5147,A. Lozano,4,0.2645
487756,Marcos André,251570,M. Sylla,5,0.265
487756,Marcos André,278348,Enric Gallego,6,0.279
487756,Marcos André,592582,V. Vanat,7,0.3053
487756,Marcos André,524274,A. Douvikas,8,0.3227
487756,Marcos André,788748,Álvaro Rodríguez,9,0.3379
487756,Marcos André,670456,E. Eyong,10,0.3665
488961,Samú Costa,663974,Á. Algobia,1,0.1658
488961,Samú Costa,3826,Roberto Lago,2,0.1876
488961,Samú Costa,405976,Pol Lozano,3,0.205
488961,Samú Costa,3529,Mario Gaspar,4,0.2112
488961,Samú Costa,3866,M. Iturra,5,0.2797
488961,Samú Costa,294415,Reinildo,6,0.2805
488961,Samú Costa,593442,Beñat Prados,7,0.3108
488961,Samú Costa,3975,Sergio Álvarez,8,0.3299
488961,Samú Costa,3460,Coke,9,0.3397
488961,Samú Costa,288108,Josema,10,0.3444
489417,Erik Expósito,3576,Juanmi,1,0.1821
489417,Erik Expósito,70159,R. van Wolfswinkel,2,0.2266
489417,Erik Expósito,344086,Gorka Guruzeta,3,0.2614
489417,Erik Expósito,250885,Santi Mina,4,0.3218
489417,Erik Expósito,514494,Matías Arezo,5,0.3317
489417,Erik Expósito,20536,G. Pazzini,6,0.3357
489417,Erik Expósito,388976,T. Kadewere,7,0.3504
489417,Erik Expósito,7593,Quique González,8,0.3671
489417,Erik Expósito,213365,G. Fernández,9,0.3723
489417,Erik Expósito,490458,S. Kaba,10,0.3847
489488,Martín Aguirregabiria,170595,E. Insúa,1,0.0662
489488,Martín Aguirregabiria,302542,Nacho Vidal,2,0.118
489488,Martín Aguirregabiria,606670,Adrià Altimira,3,0.1787
489488,Martín Aguirregabiria,286994,Adrián Marín,4,0.2175
489488,Martín Aguirregabiria,6572,Iza Carcelén,5,0.2253
489488,Martín Aguirregabiria,393214,V. Rosier,6,0.2295
489488,Martín Aguirregabiria,69409,Š. Vrsaljko,7,0.2394
489488,Martín Aguirregabiria,653322,Diego Moreno,8,0.2619
489488,Martín Aguirregabiria,445504,Carlos Neva,9,0.2861
489488,Martín Aguirregabiria,225022,Rubén Duarte,10,0.29
489695,Marvin Park,342785,Jairo Izquierdo,1,0.1804
489695,Marvin Park,3972,Álex Menéndez,2,0.3558
489695,Marvin Park,3281,Juan Bernat,3,0.3682
489695,Marvin Park,435759,Adrià Pedrosa,4,0.382
489695,Marvin Park,574784,Antonio Sánchez,5,0.3871
489695,Marvin Park,344040,Marc Cucurella,6,0.4645
489695,Marvin Park,209012,Kévin Rodrigues,7,0.4731
489695,Marvin Park,420532,Pipa,8,0.488
489695,Marvin Park,517437,Jesús Areso,9,0.495
489695,Marvin Park,357992,Aitor Ruibal,10,0.4976
490458,S. Kaba,344086,Gorka Guruzeta,1,0.131
490458,S. Kaba,213365,G. Fernández,2,0.1329
490458,S. Kaba,3937,Roger Martí,3,0.2161
490458,S. Kaba,20536,G. Pazzini,4,0.237
490458,S. Kaba,285727,L. Dimata,5,0.2417
490458,S. Kaba,25809,E. Rivière,6,0.2422
490458,S. Kaba,4131,Ángel Rodríguez,7,0.3005
490458,S. Kaba,70159,R. van Wolfswinkel,8,0.3036
490458,S. Kaba,55968,M. Braithwaite,9,0.3043
490458,S. Kaba,171643,R. Yaremchuk,10,0.3098
490863,Alemão,48354,Thiago Galhardo,1,0.1179
490863,Alemão,144628,Wu Lei,2,0.1573
490863,Alemão,7629,Jaime Mata,3,0.1998
490863,Alemão,565630,F. Viñas,4,0.2142
490863,Alemão,554406,R. Nteka,5,0.2147
490863,Alemão,94764,Y. Muto,6,0.2423
490863,Alemão,278324,Carlos Fernández,7,0.2715
490863,Alemão,7458,Sergi Guardiola,8,0.2912
490863,Alemão,25809,E. Rivière,9,0.3139
490863,Alemão,287219,M. Uzuni,10,0.3165
492443,V. Castellanos,20733,F. Piovaccari,1,0.1148
492443,V. Castellanos,228902,J. Calleri,2,0.2047
492443,V. Castellanos,524274,A. Douvikas,3,0.2412
492443,V. Castellanos,744811,Roberto Fernández,4,0.2486
492443,V. Castellanos,329064,C. Larin,5,0.2494
492443,V. Castellanos,545811,Hugo Duro,6,0.2579
492443,V. Castellanos,238564,S. Weissman,7,0.285
492443,V. Castellanos,474104,J. Strand Larsen,8,0.3093
492443,V. Castellanos,683194,T. Barry,9,0.311
492443,V. Castellanos,5268,Sergio León,10,0.3169
493295,Vinícius Júnior,70975,Bruma,1,0.6559
493295,Vinícius Júnior,261127,A. Januzaj,2,0.7401
493295,Vinícius Júnior,397178,M. Rashford,3,0.7466
493295,Vinícius Júnior,770398,Lamine Yamal,4,0.7751
493295,Vinícius Júnior,403260,S. Chukwueze,5,0.9254
493295,Vinícius Júnior,105378,Y. Konoplyanka,6,0.9292
493295,Vinícius Júnior,28115,N. Fekir,7,0.9381
493295,Vinícius Júnior,286390,O. Dembélé,8,0.9494
493295,Vinícius Júnior,247671,N. Pépé,9,0.9576
493295,Vinícius Júnior,529349,Antony,10,1.0289
493898,Adrián de la Fuente,139075,R. Tapia,1,0.128
493898,Adrián de la Fuente,91064,D. Torres,2,0.1674
493898,Adrián de la Fuente,86183,F. Roncaglia,3,0.1746
493898,Adrián de la Fuente,724440,David Torres,4,0.2392
493898,Adrián de la Fuente,288108,Josema,5,0.2422
493898,Adrián de la Fuente,4509,Omar Mascarell,6,0.2757
493898,Adrián de la Fuente,3505,R. Loé,7,0.2812
493898,Adrián de la Fuente,25405,M. Gonalons,8,0.285
493898,Adrián de la Fuente,4332,Javi Fuego,9,0.3104
493898,Adrián de la Fuente,563961,José Fontán,10,0.3168
494315,B. Miovski,545811,Hugo Duro,1,0.3215
494315,B. Miovski,238564,S. Weissman,2,0.3703
494315,B. Miovski,288865,O. McBurnie,3,0.3733
494315,B. Miovski,611298,Raul García,4,0.3835
494315,B. Miovski,767660,García Pascual,5,0.3912
494315,B. Miovski,3651,Abdón Prats,6,0.3919
494315,B. Miovski,3577,S. Rondón,7,0.3932
494315,B. Miovski,237018,Deyverson,8,0.3951
494315,B. Miovski,291231,Toni Martínez,9,0.4003
494315,B. Miovski,278348,Enric Gallego,10,0.4101
494337,N. Pérez,5653,M. Mantovani,1,0.2344
494337,N. Pérez,4239,Ángel Trujillo,2,0.251
494337,N. Pérez,222464,M. Mauro,3,0.2867
494337,N. Pérez,128171,S. Mitrović,4,0.2964
494337,N. Pérez,128230,N. Vujadinović,5,0.3146
494337,N. Pérez,3493,Miguel Flaño,6,0.3366
494337,N. Pérez,127591,A. Pantić,7,0.4311
494337,N. Pérez,224080,G. Maripán,8,0.4868
494337,N. Pérez,20808,E. Muñoz,9,0.5262
494337,N. Pérez,40574,Dória,10,0.5385
495404,D. Lainez,337070,Toni Villa,1,0.2201
495404,D. Lainez,589806,H. Hassan,2,0.2452
495404,D. Lainez,4078,D. Ferreiro,3,0.2858
495404,D. Lainez,4344,Alberto Perea,4,0.2922
495404,D. Lainez,6684,Jony,5,0.3251
495404,D. Lainez,561189,Robert Navarro,6,0.3379
495404,D. Lainez,4492,Iván Sánchez,7,0.3476
495404,D. Lainez,605385,Raúl Moro,8,0.3661
495404,D. Lainez,471991,Rodrigo Riquelme,9,0.3707
495404,D. Lainez,281255,E. Mor,10,0.3728
495674,Samuel Lino,3645,Chory Castro,1,0.1853
495674,Samuel Lino,3420,Markel Susaeta,2,0.1865
495674,Samuel Lino,276944,J. Bamba,3,0.1972
495674,Samuel Lino,230897,F. Cartabia,4,0.2024
495674,Samuel Lino,624615,Carlos Álvarez,5,0.2079
495674,Samuel Lino,286830,P. Roberts,6,0.2786
495674,Samuel Lino,708179,Y. Asprilla,7,0.2876
495674,Samuel Lino,3987,Ó. Trejo,8,0.3214
495674,Samuel Lino,4597,Saúl Berjón,9,0.3283
495674,Samuel Lino,26038,J. Campbell,10,0.3342
496400,C. Ejuke,134769,Y. Carrasco,1,0.1446
496400,C. Ejuke,240567,O. Idrissi,2,0.242
496400,C. Ejuke,343925,D. Verde,3,0.2748
496400,C. Ejuke,1751,O. Tannane,4,0.2825
496400,C. Ejuke,558581,Pejiño,5,0.2917
496400,C. Ejuke,374800,M. Vargas,6,0.2955
496400,C. Ejuke,4015,Pablo Sarabia,7,0.3212
496400,C. Ejuke,237034,Gonçalo Guedes,8,0.3255
496400,C. Ejuke,215983,S. Boufal,9,0.3423
496400,C. Ejuke,403260,S. Chukwueze,10,0.3515
496493,Víctor Gómez,301016,R. Perraud,1,0.0767
496493,Víctor Gómez,5383,Toño García,2,0.113
496493,Víctor Gómez,344104,Álvaro Tejero,3,0.1446
496493,Víctor Gómez,472191,Renan Lodi,4,0.1469
496493,Víctor Gómez,354123,Pol Lirola,5,0.1567
496493,Víctor Gómez,5910,Álex Moreno,6,0.2053
496493,Víctor Gómez,344132,T. Hernández,7,0.2108
496493,Víctor Gómez,230862,Íñigo Lekue,8,0.2281
496493,Víctor Gómez,286248,V. Kravets,9,0.2287
496493,Víctor Gómez,4997,Antoñito,10,0.2295
498350,M. Mbaye,14893,H. Westermann,1,0.04
498350,M. Mbaye,6950,Pablo Ínsua,2,0.1196
498350,M. Mbaye,3468,J. Cala,3,0.1339
498350,M. Mbaye,3431,Miranda,4,0.1431
498350,M. Mbaye,189976,M. Angeleri,5,0.1726
498350,M. Mbaye,4329,Alejandro Arribas,6,0.2155
498350,M. Mbaye,213124,Chema Rodríguez,7,0.2333
498350,M. Mbaye,338429,A. Radovanović,8,0.2418
498350,M. Mbaye,20808,E. Muñoz,9,0.2499
498350,M. Mbaye,4093,Añibarro,10,0.2575
498373,M. Sagnan,8309,K. Rekik,1,0.1502
498373,M. Sagnan,403448,Éder Militão,2,0.2414
498373,M. Sagnan,3305,Pepe,3,0.2851
498373,M. Sagnan,364003,S. Bueno,4,0.3224
498373,M. Sagnan,439778,I. Doumbia,5,0.3241
498373,M. Sagnan,787348,Raúl Asencio,6,0.3243
498373,M. Sagnan,544844,Logan Costa,7,0.3575
498373,M. Sagnan,230626,D. Ćaleta-Car,8,0.3586
498373,M. Sagnan,366581,J. Gnagnon,9,0.3597
498373,M. Sagnan,4355,David García,10,0.3655
499596,S. Dest,624498,Martim Neto,1,0.1701
499596,S. Dest,25888,F. Fajr,2,0.2405
499596,S. Dest,3536,Moi Gómez,3,0.2765
499596,S. Dest,28922,T. Lemar,4,0.3095
499596,S. Dest,240680,Aleix Febas,5,0.3126
499596,S. Dest,3572,Portillo,6,0.3161
499596,S. Dest,3803,Sergi Darder,7,0.3237
499596,S. Dest,4791,J. González,8,0.3424
499596,S. Dest,3349,J. dos Santos,9,0.3439
499596,S. Dest,3537,Cani,10,0.348
499843,Edu Expósito,659244,Ramón Terrats,1,0.2428
499843,Edu Expósito,478999,Kike Pérez,2,0.2588
499843,Edu Expósito,25407,C. Grenier,3,0.26
499843,Edu Expósito,3979,De las Cuevas,4,0.2605
499843,Edu Expósito,747916,Javi Guerra,5,0.2613
499843,Edu Expósito,4908,Alberto Moreno,6,0.2803
499843,Edu Expósito,326547,E. Buendía,7,0.2823
499843,Edu Expósito,279538,Marcos Llorente,8,0.2899
499843,Edu Expósito,552232,Jon Ander Olasagasti,9,0.2941
499843,Edu Expósito,536142,Miguel Gutiérrez,10,0.3081
500200,Miguel Rubio,167149,Joaquín Fernández,1,0.0751
500200,Miguel Rubio,3943,Aridane Hernández,2,0.0912
500200,Miguel Rubio,86328,G. Pezzella,3,0.114
500200,Miguel Rubio,136164,E. Filipenko,4,0.1189
500200,Miguel Rubio,258625,L. Abram,5,0.1542
500200,Miguel Rubio,265833,N. Maraš,6,0.1694
500200,Miguel Rubio,3526,M. Musacchio,7,0.1743
500200,Miguel Rubio,86507,L. Magallán,8,0.1813
500200,Miguel Rubio,7302,Raúl Albentosa,9,0.1851
500200,Miguel Rubio,70085,E. Mangala,10,0.1879
501165,Lucas Pires,655335,Yusi,1,0.1352
501165,Lucas Pires,21793,C. Piccini,2,0.1683
501165,Lucas Pires,4997,Antoñito,3,0.1691
501165,Lucas Pires,3598,Álex Martínez,4,0.1929
501165,Lucas Pires,137298,Jonathan Silva,5,0.1938
501165,Lucas Pires,550927,Sergi Cardona,6,0.1979
501165,Lucas Pires,3735,Juankar,7,0.2087
501165,Lucas Pires,41339,Alex Telles,8,0.2178
501165,Lucas Pires,367391,Toni Moya,9,0.2201
501165,Lucas Pires,301016,R. Perraud,10,0.2301
501471,I. Chaira,4592,Paco Montañés,1,0.1196
501471,I. Chaira,397109,Jota,2,0.1223
501471,I. Chaira,222439,E. Rigoni,3,0.1248
501471,I. Chaira,353331,K. Jóźwiak,4,0.1593
501471,I. Chaira,6456,Dani Rodríguez,5,0.248
501471,I. Chaira,382622,S. Amallah,6,0.2517
501471,I. Chaira,4127,J. Feliu,7,0.2653
501471,I. Chaira,444669,N. González,8,0.2884
501471,I. Chaira,634666,Diego López,9,0.3168
501471,I. Chaira,251565,Álvaro García,10,0.3224
503338,Martín Zubimendi,4366,Hernán Santana,1,0.1012
503338,Martín Zubimendi,333571,L. Torreira,2,0.1776
503338,Martín Zubimendi,249917,M. Malsa,3,0.1838
503338,Martín Zubimendi,6369,Iñigo Eguaras,4,0.2003
503338,Martín Zubimendi,7899,Oriol Romeu,5,0.2101
503338,Martín Zubimendi,879052,Javi Rodríguez,6,0.2289
503338,Martín Zubimendi,397033,B. Soumaré,7,0.2765
503338,Martín Zubimendi,4361,Javi Castellano,8,0.3107
503338,Martín Zubimendi,4757,Luso,9,0.3283
503338,Martín Zubimendi,634204,E. Barrenechea,10,0.3329
504301,T. Kubo,4337,Lass Bangoura,1,0.0787
504301,T. Kubo,1127679,Jan Virgili,2,0.1092
504301,T. Kubo,286830,P. Roberts,3,0.2241
504301,T. Kubo,4597,Saúl Berjón,4,0.2383
504301,T. Kubo,532831,Bryan Gil,5,0.2387
504301,T. Kubo,471991,Rodrigo Riquelme,6,0.2658
504301,T. Kubo,239843,Zakaria Bakkali,7,0.2907
504301,T. Kubo,276944,J. Bamba,8,0.298
504301,T. Kubo,212651,C. Musonda,9,0.3088
504301,T. Kubo,643199,A. Ezzalzouli,10,0.3193
504303,A. Rațiu,544210,Sergio Carreira,1,0.2448
504303,A. Rațiu,6210,Aday,2,0.2561
504303,A. Rațiu,372753,Francis Guerrero,3,0.2601
504303,A. Rațiu,6925,H. Hernández,4,0.2617
504303,A. Rațiu,472696,Sergio Gómez,5,0.2879
504303,A. Rațiu,278289,Álvaro Odriozola,6,0.3156
504303,A. Rațiu,4256,Aleix Vidal,7,0.3329
504303,A. Rațiu,135903,João Cancelo,8,0.3648
504303,A. Rațiu,287003,Benito Ramírez,9,0.4144
504303,A. Rațiu,344132,T. Hernández,10,0.42
504689,F. Garcés,247169,Diego González,1,0.2032
504689,F. Garcés,3466,Alexis,2,0.2339
504689,F. Garcés,713622,John Donald,3,0.2421
504689,F. Garcés,86507,L. Magallán,4,0.3095
504689,F. Garcés,330728,Domingos Duarte,5,0.3188
504689,F. Garcés,3493,Miguel Flaño,6,0.3271
504689,F. Garcés,471999,Juan Berrocal,7,0.3325
504689,F. Garcés,128171,S. Mitrović,8,0.336
504689,F. Garcés,331583,Dani Calvo,9,0.3469
504689,F. Garcés,4329,Alejandro Arribas,10,0.356
507495,Dani Escriche,3738,Lafita,1,0.2122
507495,Dani Escriche,91268,F. Hinestroza,2,0.249
507495,Dani Escriche,339857,José Arnáiz,3,0.2561
507495,Dani Escriche,3629,Viguera,4,0.2851
507495,Dani Escriche,269137,T. Bongonda,5,0.3288
507495,Dani Escriche,3908,Lago Júnior,6,0.3537
507495,Dani Escriche,88642,E. Ávila,7,0.3569
507495,Dani Escriche,413891,Manu Vallejo,8,0.3572
507495,Dani Escriche,778343,Pablo Durán,9,0.3742
507495,Dani Escriche,652912,W. Swedberg,10,0.4016
507738,Vini Souza,89133,Rodrigo Battaglia,1,0.1521
507738,Vini Souza,295225,Fede San Emeterio,2,0.1833
507738,Vini Souza,4268,Juan Rafael Fuentes,3,0.2055
507738,Vini Souza,7585,Manu García,4,0.2189
507738,Vini Souza,450650,Imanol García,5,0.2502
507738,Vini Souza,375350,M. Loum,6,0.28
507738,Vini Souza,250805,Djené,7,0.3254
507738,Vini Souza,427886,C. Protesoni,8,0.3673
507738,Vini Souza,279545,L. Hernández,9,0.377
507738,Vini Souza,611437,M. Diarra,10,0.3822
508021,Jorge Cuenca,916711,Juma Bah,1,0.0509
508021,Jorge Cuenca,298353,José Martínez,2,0.0642
508021,Jorge Cuenca,410055,Róber Pier,3,0.0919
508021,Jorge Cuenca,7857,Ignasi Miquel,4,0.0934
508021,Jorge Cuenca,404693,M. Kumbulla,5,0.1117
508021,Jorge Cuenca,652014,César Tárrega,6,0.1353
508021,Jorge Cuenca,364817,Tachi,7,0.1456
508021,Jorge Cuenca,3496,Sergio Postigo,8,0.152
508021,Jorge Cuenca,270037,M. Valjent,9,0.1568
508021,Jorge Cuenca,211853,Rúben Vezo,10,0.158
508440,B. Méndez,92910,L. Fejsa,1,0.1929
508440,B. Méndez,808345,S. Mouriño,2,0.2144
508440,B. Méndez,518905,José Copete,3,0.2145
508440,B. Méndez,85113,A. Toșca,4,0.2243
508440,B. Méndez,279545,L. Hernández,5,0.2434
508440,B. Méndez,258591,O. Alderete,6,0.2441
508440,B. Méndez,4234,Lillo Castellano,7,0.2487
508440,B. Méndez,769463,Yarek Gasiorowski,8,0.2729
508440,B. Méndez,116259,G. Silva,9,0.2821
508440,B. Méndez,15214,A. Rukavina,10,0.3595
511155,R. Vargas,135938,I. Cavaleiro,1,0.0883
511155,R. Vargas,518746,Lee Kang-In,2,0.217
511155,R. Vargas,26384,G. Kakuta,3,0.2581
511155,R. Vargas,3603,Álvaro Vadillo,4,0.2614
511155,R. Vargas,86338,L. Ocampos,5,0.2929
511155,R. Vargas,20441,E. Lamela,6,0.3321
511155,R. Vargas,254408,Á. Correa,7,0.347
511155,R. Vargas,561186,Yéremy Pino,8,0.3545
511155,R. Vargas,225089,José Luis Morales,9,0.3595
511155,R. Vargas,560889,Nico Melamed,10,0.3627
512982,Matheus Cunha,70327,N. Ghilas,1,0.1845
512982,Matheus Cunha,135923,Gonçalo Paciência,2,0.2571
512982,Matheus Cunha,618697,Iván Romero,3,0.2738
512982,Matheus Cunha,101707,F. Smolov,4,0.2915
512982,Matheus Cunha,452264,Marc Cardona,5,0.3002
512982,Matheus Cunha,419225,Dani Gómez,6,0.3011
512982,Matheus Cunha,401158,L. Suárez,7,0.3061
512982,Matheus Cunha,135848,M. Livaja,8,0.3067
512982,Matheus Cunha,784394,Vitor Roque,9,0.3109
512982,Matheus Cunha,7458,Sergi Guardiola,10,0.3182
514494,Matías Arezo,489417,Erik Expósito,1,0.3317
514494,Matías Arezo,70159,R. van Wolfswinkel,2,0.3826
514494,Matías Arezo,388976,T. Kadewere,3,0.487
514494,Matías Arezo,3576,Juanmi,4,0.4958
514494,Matías Arezo,250885,Santi Mina,5,0.5114
514494,Matías Arezo,344086,Gorka Guruzeta,6,0.5212
514494,Matías Arezo,20766,H. Seferović,7,0.5236
514494,Matías Arezo,237018,Deyverson,8,0.558
514494,Matías Arezo,167119,Sabin Merino,9,0.5628
514494,Matías Arezo,15817,R. Babel,10,0.5741
515713,B. Dia,4338,Diego Costa,1,0.2017
515713,B. Dia,135927,André Silva,2,0.2158
515713,B. Dia,3605,Jorge Molina,3,0.221
515713,B. Dia,275338,Borja Iglesias,4,0.2585
515713,B. Dia,91519,J. Córdoba,5,0.2614
515713,B. Dia,3804,Álvaro Vázquez,6,0.3221
515713,B. Dia,399599,A. Isak,7,0.3226
515713,B. Dia,25472,C. Bakambu,8,0.3429
515713,B. Dia,3324,Álvaro Morata,9,0.3453
515713,B. Dia,101795,L. Traoré,10,0.3799
517437,Jesús Areso,420532,Pipa,1,0.1198
517437,Jesús Areso,5910,Álex Moreno,2,0.1413
517437,Jesús Areso,344104,Álvaro Tejero,3,0.2059
517437,Jesús Areso,435759,Adrià Pedrosa,4,0.2217
517437,Jesús Areso,4094,Ander Capa,5,0.2376
517437,Jesús Areso,472191,Renan Lodi,6,0.2428
517437,Jesús Areso,225948,Rubén Peña,7,0.2636
517437,Jesús Areso,496493,Víctor Gómez,8,0.2875
517437,Jesús Areso,344014,L. Agbenyenu,9,0.2949
517437,Jesús Areso,209012,Kévin Rodrigues,10,0.3039
518092,P. Ciss,32978,O. Yokuşlu,1,0.0424
518092,P. Ciss,140125,N. Radoja,2,0.1618
518092,P. Ciss,473364,Hugo Guillamón,3,0.1779
518092,P. Ciss,428131,P. Akouokou,4,0.225
518092,P. Ciss,3446,Mario Suárez,5,0.2435
518092,P. Ciss,3510,David Timor,6,0.2531
518092,P. Ciss,28292,A. Doucouré,7,0.2771
518092,P. Ciss,3409,Mikel San José,8,0.2869
518092,P. Ciss,645877,Y. Mosquera,9,0.2871
518092,P. Ciss,7864,F. Coquelin,10,0.301
518746,Lee Kang-In,26384,G. Kakuta,1,0.1875
518746,Lee Kang-In,511155,R. Vargas,2,0.217
518746,Lee Kang-In,230955,Stoichkov,3,0.2197
518746,Lee Kang-In,135938,I. Cavaleiro,4,0.2448
518746,Lee Kang-In,3603,Álvaro Vadillo,5,0.2584
518746,Lee Kang-In,560889,Nico Melamed,6,0.3016
518746,Lee Kang-In,611463,Aimar Oroz,7,0.3048
518746,Lee Kang-In,20441,E. Lamela,8,0.3074
518746,Lee Kang-In,4342,Piti,9,0.3091
518746,Lee Kang-In,86338,L. Ocampos,10,0.3248
518905,José Copete,258591,O. Alderete,1,0.0659
518905,José Copete,279545,L. Hernández,2,0.1981
518905,José Copete,116259,G. Silva,3,0.203
518905,José Copete,508440,B. Méndez,4,0.2145
518905,José Copete,769463,Yarek Gasiorowski,5,0.2401
518905,José Copete,85113,A. Toșca,6,0.2814
518905,José Copete,92910,L. Fejsa,7,0.3107
518905,José Copete,387799,F. Russo,8,0.3246
518905,José Copete,724440,David Torres,9,0.34
518905,José Copete,282441,Jesús Vallejo,10,0.3417
519494,Álex Suárez,344198,E. Cömert,1,0.1871
519494,Álex Suárez,299246,Marcão,2,0.2027
519494,Álex Suárez,844244,N. Mendy,3,0.2051
519494,Álex Suárez,25537,G. Krychowiak,4,0.2362
519494,Álex Suárez,375335,J. Aidoo,5,0.2429
519494,Álex Suárez,3644,Pedro Bigas,6,0.2663
519494,Álex Suárez,596691,Natan,7,0.2771
519494,Álex Suárez,3671,Íñigo Martínez,8,0.2872
519494,Álex Suárez,3446,Mario Suárez,9,0.2888
519494,Álex Suárez,32577,Sidnei,10,0.3049
523326,Manu Fuster,26515,F. Kadir,1,0.0895
523326,Manu Fuster,346119,Manu García,2,0.1813
523326,Manu Fuster,4498,Lucas Vázquez,3,0.2509
523326,Manu Fuster,788852,Hugo Álvarez,4,0.2967
523326,Manu Fuster,631404,Alejandro Balde,5,0.2999
523326,Manu Fuster,8213,Rubén Rochina,6,0.3174
523326,Manu Fuster,8323,Denis Suárez,7,0.3228
523326,Manu Fuster,208942,Óliver Torres,8,0.3393
523326,Manu Fuster,253,Q. Promes,9,0.3795
523326,Manu Fuster,446483,André Almeida,10,0.4317
524274,A. Douvikas,559368,A. Adams,1,0.0913
524274,A. Douvikas,278348,Enric Gallego,2,0.1678
524274,A. Douvikas,744811,Roberto Fernández,3,0.1738
524274,A. Douvikas,228902,J. Calleri,4,0.1824
524274,A. Douvikas,607496,O. Óskarsson,5,0.2375
524274,A. Douvikas,492443,V. Castellanos,6,0.2412
524274,A. Douvikas,22386,S. Longo,7,0.2433
524274,A. Douvikas,487756,Marcos André,8,0.3227
524274,A. Douvikas,291231,Toni Martínez,9,0.326
524274,A. Douvikas,670456,E. Eyong,10,0.3308
525104,Dani Vivian,3594,José Alberto Cañas,1,0.1519
525104,Dani Vivian,20547,Javier Garrido,2,0.1726
525104,Dani Vivian,428131,P. Akouokou,3,0.1821
525104,Dani Vivian,25537,G. Krychowiak,4,0.1823
525104,Dani Vivian,230857,Yeray Álvarez,5,0.2266
525104,Dani Vivian,620193,C. Riedel,6,0.2619
525104,Dani Vivian,473364,Hugo Guillamón,7,0.2817
525104,Dani Vivian,844244,N. Mendy,8,0.2834
525104,Dani Vivian,101649,N. Pareja,9,0.2983
525104,Dani Vivian,583159,L. Badé,10,0.309
525126,Marc Aguado,4757,Luso,1,0.1832
525126,Marc Aguado,212621,M. Kranevitter,2,0.2178
525126,Marc Aguado,879052,Javi Rodríguez,3,0.2276
525126,Marc Aguado,477106,S. Cáseres,4,0.2321
525126,Marc Aguado,279533,Mario Hermoso,5,0.2349
525126,Marc Aguado,4361,Javi Castellano,6,0.2385
525126,Marc Aguado,366581,J. Gnagnon,7,0.2603
525126,Marc Aguado,70094,Fernando,8,0.2862
525126,Marc Aguado,333571,L. Torreira,9,0.2997
525126,Marc Aguado,40614,Guilherme,10,0.3148
525130,Álex Centelles,25452,S. Corchia,1,0.0785
525130,Álex Centelles,557401,Bruno Langa,2,0.1352
525130,Álex Centelles,41339,Alex Telles,3,0.1577
525130,Álex Centelles,7624,Rober Correa,4,0.168
525130,Álex Centelles,3464,Antonio Luna,5,0.189
525130,Álex Centelles,5318,Isma López,6,0.202
525130,Álex Centelles,7612,Jorge Miramón,7,0.2239
525130,Álex Centelles,339690,G. González,8,0.2352
525130,Álex Centelles,326535,Toni Lato,9,0.2383
525130,Álex Centelles,740187,S. Bajčetić,10,0.2389
527100,M. Greenwood,3326,Jesé Rodríguez,1,0.1054
527100,M. Greenwood,247671,N. Pépé,2,0.2019
527100,M. Greenwood,28115,N. Fekir,3,0.2842
527100,M. Greenwood,7926,Nani,4,0.2921
527100,M. Greenwood,3484,Luis Alberto,5,0.3718
527100,M. Greenwood,397178,M. Rashford,6,0.402
527100,M. Greenwood,3843,F. Orellana,7,0.4142
527100,M. Greenwood,234527,A. Halilović,8,0.4259
527100,M. Greenwood,142755,B. Traoré,9,0.4582
527100,M. Greenwood,879047,Fer López,10,0.4631
527102,L. Ramazani,450776,Jorge de Frutos,1,0.225
527102,L. Ramazani,601166,Jofre Carreras,2,0.2729
527102,L. Ramazani,780739,Victor Muñoz,3,0.2731
527102,L. Ramazani,254898,Kenedy,4,0.3707
527102,L. Ramazani,693943,A. Rebbach,5,0.398
527102,L. Ramazani,116898,D. Machís,6,0.4165
527102,L. Ramazani,596822,Luiz Henrique,7,0.431
527102,L. Ramazani,584938,Fran Pérez,8,0.4408
527102,L. Ramazani,275298,Adri Embarba,9,0.5132
527102,L. Ramazani,601883,F. Pellistri,10,0.5508
528925,Calebe,788852,Hugo Álvarez,1,0.2994
528925,Calebe,8213,Rubén Rochina,2,0.3783
528925,Calebe,112556,J. Aquino,3,0.3826
528925,Calebe,4034,Fidel,4,0.4124
528925,Calebe,523326,Manu Fuster,5,0.4388
528925,Calebe,26515,F. Kadir,6,0.4447
528925,Calebe,346119,Manu García,7,0.4562
528925,Calebe,544862,Germán Valera,8,0.4899
528925,Calebe,3987,Ó. Trejo,9,0.4915
528925,Calebe,4498,Lucas Vázquez,10,0.4945
529349,Antony,11063,Suso,1,0.3455
529349,Antony,240567,O. Idrissi,2,0.3964
529349,Antony,583880,A. Ounahi,3,0.4157
529349,Antony,25461,R. Boudebouz,4,0.4423
529349,Antony,112522,J. Corona,5,0.4812
529349,Antony,114055,Ó. Romero,6,0.5004
529349,Antony,70121,N. Gaitán,7,0.5134
529349,Antony,558581,Pejiño,8,0.5955
529349,Antony,70975,Bruma,9,0.6064
529349,Antony,134177,José Pozo,10,0.6195
530689,Mario Hernández,326525,Lucas Ahijado,1,0.1123
530689,Mario Hernández,3421,Óscar De Marcos,2,0.1787
530689,Mario Hernández,254,R. Rosales,3,0.183
530689,Mario Hernández,279560,Andoni Gorosabel,4,0.205
530689,Mario Hernández,550927,Sergi Cardona,5,0.2052
530689,Mario Hernández,7612,Jorge Miramón,6,0.2388
530689,Mario Hernández,422517,Fran García,7,0.2588
530689,Mario Hernández,230862,Íñigo Lekue,8,0.2609
530689,Mario Hernández,14852,Sergio Escudero,9,0.2733
530689,Mario Hernández,473327,Juan Miranda,10,0.2801
531592,Aihen Muñoz,70451,Luisinho,1,0.1372
531592,Aihen Muñoz,3974,D. Suárez,2,0.164
531592,Aihen Muñoz,3798,Dídac Vilá,3,0.1664
531592,Aihen Muñoz,423157,Thierry Correia,4,0.1764
531592,Aihen Muñoz,6281,Joseba Zaldúa,5,0.1898
531592,Aihen Muñoz,326535,Toni Lato,6,0.2086
531592,Aihen Muñoz,585538,R. Alhassane,7,0.2194
531592,Aihen Muñoz,557401,Bruno Langa,8,0.2319
531592,Aihen Muñoz,282438,Aarón Martín,9,0.2341
531592,Aihen Muñoz,3790,Carlos Clerc,10,0.25
532467,Riqui Puig,8320,S. Nasri,1,0.2801
532467,Riqui Puig,618294,Pedri,2,0.4478
532467,Riqui Puig,8287,L. Modrić,3,0.4799
532467,Riqui Puig,14808,İ. Gündoğan,4,0.5259
532467,Riqui Puig,70096,J. Rodríguez,5,0.6876
532467,Riqui Puig,373410,F. de Jong,6,0.6957
532467,Riqui Puig,3563,Isco,7,0.7159
532467,Riqui Puig,4379,Jonathan Viera,8,0.7301
532467,Riqui Puig,703740,A. Güler,9,0.7955
532467,Riqui Puig,69404,M. Kovačić,10,0.8009
532627,Arnau Puigmal,71004,Candeias,1,0.1384
532627,Arnau Puigmal,3539,H. Pérez,2,0.2
532627,Arnau Puigmal,344040,Marc Cucurella,3,0.2452
532627,Arnau Puigmal,568583,Juan Cruz,4,0.2606
532627,Arnau Puigmal,3426,Gaizka Toquero,5,0.2714
532627,Arnau Puigmal,344153,Tete Morente,6,0.3174
532627,Arnau Puigmal,275419,Luis Rioja,7,0.3207
532627,Arnau Puigmal,545296,Y. Musah,8,0.3518
532627,Arnau Puigmal,4513,D. Cheryshev,9,0.3523
532627,Arnau Puigmal,282444,Sergi Canós,10,0.3643
532815,Miguel Baeza,20623,R. Soriano,1,0.2333
532815,Miguel Baeza,256854,L. Suárez,2,0.2678
532815,Miguel Baeza,3361,A. Sánchez,3,0.2797
532815,Miguel Baeza,230934,Josep Señé,4,0.3233
532815,Miguel Baeza,20450,Bojan Krkić,5,0.3586
532815,Miguel Baeza,282442,Carles Aleñà,6,0.3658
532815,Miguel Baeza,4778,Coro,7,0.3942
532815,Miguel Baeza,644114,L. Romero,8,0.3951
532815,Miguel Baeza,563968,Iker Losada,9,0.3996
532815,Miguel Baeza,4257,J. Zongo,10,0.4017
532831,Bryan Gil,605385,Raúl Moro,1,0.1568
532831,Bryan Gil,4337,Lass Bangoura,2,0.1943
532831,Bryan Gil,589806,H. Hassan,3,0.2115
532831,Bryan Gil,471991,Rodrigo Riquelme,4,0.2216
532831,Bryan Gil,212651,C. Musonda,5,0.2253
532831,Bryan Gil,286830,P. Roberts,6,0.2322
532831,Bryan Gil,504301,T. Kubo,7,0.2387
532831,Bryan Gil,1127679,Jan Virgili,8,0.2481
532831,Bryan Gil,281255,E. Mor,9,0.315
532831,Bryan Gil,276944,J. Bamba,10,0.3204
534083,Chris Ramos,558779,Juanmi Latasa,1,0.4107
534083,Chris Ramos,743536,A. Véliz,2,0.6204
534083,Chris Ramos,633438,B. Yıldırım,3,0.628
534083,Chris Ramos,713837,Diego García,4,0.685
534083,Chris Ramos,291231,Toni Martínez,5,0.756
534083,Chris Ramos,744811,Roberto Fernández,6,0.7917
534083,Chris Ramos,69513,A. Budimir,7,0.8365
534083,Chris Ramos,251570,M. Sylla,8,0.8491
534083,Chris Ramos,6165,F. Andone,9,0.8614
534083,Chris Ramos,329064,C. Larin,10,0.8662
535789,D. Affengruber,29642,G. Peñalba,1,0.2681
535789,D. Affengruber,368110,Jailson,2,0.3021
535789,D. Affengruber,86828,G. Pizarro,3,0.3173
535789,D. Affengruber,20722,F. Rossi,4,0.3524
535789,D. Affengruber,20460,M. Cáceres,5,0.3666
535789,D. Affengruber,40756,Casemiro,6,0.3814
535789,D. Affengruber,604055,Mika Mármol,7,0.4038
535789,D. Affengruber,712871,Jon Gorrotxategi,8,0.4067
535789,D. Affengruber,4757,Luso,9,0.4169
535789,D. Affengruber,809746,Andrés Castrín,10,0.4185
535845,E. Boyomo,4325,Jorge Pulido,1,0.0774
535845,E. Boyomo,557066,K. Piątkowski,2,0.1692
535845,E. Boyomo,4012,Juan Rodríguez,3,0.187
535845,E. Boyomo,720559,Kike Salas,4,0.2254
535845,E. Boyomo,278288,Aritz Elustondo,5,0.2402
535845,E. Boyomo,473366,Víctor Chust,6,0.2441
535845,E. Boyomo,4248,Alberto Martín,7,0.2571
535845,E. Boyomo,622390,C. Özkacar,8,0.259
535845,E. Boyomo,3788,J. Amat,9,0.2592
535845,E. Boyomo,567461,Jorge Herrando,10,0.2709
536058,Fábio Silva,278015,J. Rodríguez,1,0.1917
536058,Fábio Silva,94764,Y. Muto,2,0.1961
536058,Fábio Silva,784394,Vitor Roque,3,0.2056
536058,Fábio Silva,7458,Sergi Guardiola,4,0.2137
536058,Fábio Silva,7629,Jaime Mata,5,0.2445
536058,Fábio Silva,401158,L. Suárez,6,0.2735
536058,Fábio Silva,618697,Iván Romero,7,0.3118
536058,Fábio Silva,419225,Dani Gómez,8,0.3305
536058,Fábio Silva,70327,N. Ghilas,9,0.3309
536058,Fábio Silva,512982,Matheus Cunha,10,0.3452
536142,Miguel Gutiérrez,499843,Edu Expósito,1,0.3081
536142,Miguel Gutiérrez,8213,Rubén Rochina,2,0.3089
536142,Miguel Gutiérrez,3979,De las Cuevas,3,0.3345
536142,Miguel Gutiérrez,769742,Rodrigo Mendoza,4,0.3551
536142,Miguel Gutiérrez,631404,Alejandro Balde,5,0.3822
536142,Miguel Gutiérrez,326547,E. Buendía,6,0.3861
536142,Miguel Gutiérrez,3313,José Callejón,7,0.3887
536142,Miguel Gutiérrez,446483,André Almeida,8,0.4053
536142,Miguel Gutiérrez,659244,Ramón Terrats,9,0.4301
536142,Miguel Gutiérrez,213131,Luis Milla,10,0.443
536150,Sergio Arribas,134513,A. Martial,1,0.2206
536150,Sergio Arribas,545942,Oihan Sancet,2,0.2239
536150,Sergio Arribas,20450,Bojan Krkić,3,0.2306
536150,Sergio Arribas,3451,Adrián López,4,0.2901
536150,Sergio Arribas,230934,Josep Señé,5,0.3097
536150,Sergio Arribas,207001,J. Correa,6,0.328
536150,Sergio Arribas,397303,Ferrán Torres,7,0.3613
536150,Sergio Arribas,550459,J. Álvarez,8,0.3768
536150,Sergio Arribas,227756,J. Boga,9,0.4509
536150,Sergio Arribas,551596,Lázaro,10,0.467
536152,Jordi Martín,354547,J. Jankto,1,0.2184
536152,Jordi Martín,482369,Javi Martínez,2,0.2483
536152,Jordi Martín,297043,F. Cervi,3,0.25
536152,Jordi Martín,357992,Aitor Ruibal,4,0.2647
536152,Jordi Martín,56009,R. Durmisi,5,0.2763
536152,Jordi Martín,560353,Pablo Martínez,6,0.3323
536152,Jordi Martín,70315,Diogo Figueiras,7,0.3549
536152,Jordi Martín,4790,Carlos Carmona,8,0.3659
536152,Jordi Martín,624613,Juanlu Sánchez,9,0.3704
536152,Jordi Martín,344040,Marc Cucurella,10,0.3743
536640,Sergio Camello,7593,Quique González,1,0.0952
536640,Sergio Camello,3294,Roberto Soldado,2,0.1646
536640,Sergio Camello,250885,Santi Mina,3,0.165
536640,Sergio Camello,69610,D. Čop,4,0.2867
536640,Sergio Camello,344120,Borja Mayoral,5,0.2956
536640,Sergio Camello,388976,T. Kadewere,6,0.2986
536640,Sergio Camello,3576,Juanmi,7,0.3057
536640,Sergio Camello,3605,Jorge Molina,8,0.3124
536640,Sergio Camello,3937,Roger Martí,9,0.3214
536640,Sergio Camello,135927,André Silva,10,0.3219
537185,J. Araujo,14922,R. Rodríguez,1,0.045
537185,J. Araujo,86198,J. Sánchez Miño,2,0.1096
537185,J. Araujo,3270,Barragán,3,0.1267
537185,J. Araujo,42183,Petros,4,0.1777
537185,J. Araujo,446062,K. Arriaga,5,0.1939
537185,J. Araujo,167120,Fran Varela,6,0.1942
537185,J. Araujo,134476,F. Barba,7,0.23
537185,J. Araujo,443324,Douglas Luiz,8,0.2369
537185,J. Araujo,593442,Beñat Prados,9,0.2836
537185,J. Araujo,366584,L. Pétrot,10,0.2857
537561,Carlos Vicente,713838,Álex Sancris,1,0.1612
537561,Carlos Vicente,434145,Álex Sola,2,0.2464
537561,Carlos Vicente,275298,Adri Embarba,3,0.2875
537561,Carlos Vicente,693943,A. Rebbach,4,0.2922
537561,Carlos Vicente,247220,Jason,5,0.3524
537561,Carlos Vicente,344075,Iñigo Córdoba,6,0.4346
537561,Carlos Vicente,403706,A. Mallé,7,0.4348
537561,Carlos Vicente,584938,Fran Pérez,8,0.4357
537561,Carlos Vicente,135919,Hélder Costa,9,0.4381
537561,Carlos Vicente,601166,Jofre Carreras,10,0.4669
542101,S. Cissé,471764,Monchu,1,0.1313
542101,S. Cissé,605383,Beñat Turrientes,2,0.1509
542101,S. Cissé,643875,J. Solís,3,0.1794
542101,S. Cissé,4507,Álex Fernández,4,0.2028
542101,S. Cissé,339794,Raúl Guti,5,0.2232
542101,S. Cissé,3419,Iñigo Pérez,6,0.2291
542101,S. Cissé,5290,Mikel Rico,7,0.2373
542101,S. Cissé,603901,Víctor Meseguer,8,0.2564
542101,S. Cissé,339812,Pape Cheickh,9,0.2586
542101,S. Cissé,282790,D. Sow,10,0.2804
542945,Óscar Gil,375771,M. Olivera,1,0.1188
542945,Óscar Gil,584914,Jesús Vázquez,2,0.2079
542945,Óscar Gil,770391,A. Aznou,3,0.4508
542945,Óscar Gil,7072,Quini,4,0.4538
542945,Óscar Gil,380709,S. Arzamendia,5,0.4619
542945,Óscar Gil,381233,Houboulang Mendes,6,0.4629
542945,Óscar Gil,593803,Carlos Romero,7,0.4706
542945,Óscar Gil,149389,J. Toljan,8,0.5093
542945,Óscar Gil,6513,Raúl Carnero,9,0.5096
542945,Óscar Gil,489488,Martín Aguirregabiria,10,0.5312
544210,Sergio Carreira,372753,Francis Guerrero,1,0.1129
544210,Sergio Carreira,6925,H. Hernández,2,0.2247
544210,Sergio Carreira,70315,Diogo Figueiras,3,0.2297
544210,Sergio Carreira,477082,Emerson Royal,4,0.235
544210,Sergio Carreira,504303,A. Rațiu,5,0.2448
544210,Sergio Carreira,112366,M. Layún,6,0.2803
544210,Sergio Carreira,4892,José Gayá,7,0.3
544210,Sergio Carreira,472696,Sergio Gómez,8,0.3002
544210,Sergio Carreira,344132,T. Hernández,9,0.306
544210,Sergio Carreira,580127,Pep Chavarría,10,0.3126
544844,Logan Costa,225996,Diego Llorente,1,0.1814
544844,Logan Costa,545569,Saúl Coco,2,0.1895
544844,Logan Costa,403448,Éder Militão,3,0.1953
544844,Logan Costa,3795,H. Moreno,4,0.2091
544844,Logan Costa,281069,Robin Le Normand,5,0.2362
544844,Logan Costa,364003,S. Bueno,6,0.2374
544844,Logan Costa,787348,Raúl Asencio,7,0.2428
544844,Logan Costa,4303,David López,8,0.2459
544844,Logan Costa,549129,Aitor Paredes,9,0.2511
544844,Logan Costa,567016,Jon Pacheco,10,0.2611
544859,Álex Baena,558581,Pejiño,1,0.1454
544859,Álex Baena,708179,Y. Asprilla,2,0.1667
544859,Álex Baena,4015,Pablo Sarabia,3,0.1897
544859,Álex Baena,544862,Germán Valera,4,0.2619
544859,Álex Baena,4375,Vitolo,5,0.2783
544859,Álex Baena,3987,Ó. Trejo,6,0.2929
544859,Álex Baena,112556,J. Aquino,7,0.2931
544859,Álex Baena,4879,Carles Gil,8,0.3187
544859,Álex Baena,253,Q. Promes,9,0.3381
544859,Álex Baena,279567,Martín Merquelanz,10,0.3401
544862,Germán Valera,3987,Ó. Trejo,1,0.0663
544862,Germán Valera,112556,J. Aquino,2,0.1195
544862,Germán Valera,3645,Chory Castro,3,0.2385
544862,Germán Valera,544859,Álex Baena,4,0.2619
544862,Germán Valera,4034,Fidel,5,0.3069
544862,Germán Valera,708179,Y. Asprilla,6,0.3113
544862,Germán Valera,788852,Hugo Álvarez,7,0.313
544862,Germán Valera,624615,Carlos Álvarez,8,0.3173
544862,Germán Valera,4879,Carles Gil,9,0.3433
544862,Germán Valera,253,Q. Promes,10,0.3445
545296,Y. Musah,344153,Tete Morente,1,0.2475
545296,Y. Musah,3708,J. Samperio,2,0.2812
545296,Y. Musah,344936,I. Cardona,3,0.3346
545296,Y. Musah,3426,Gaizka Toquero,4,0.3479
545296,Y. Musah,532627,Arnau Puigmal,5,0.3518
545296,Y. Musah,3539,H. Pérez,6,0.3826
545296,Y. Musah,3281,Juan Bernat,7,0.3848
545296,Y. Musah,609127,Carlos Martín,8,0.4043
545296,Y. Musah,444669,N. González,9,0.4169
545296,Y. Musah,254898,Kenedy,10,0.4323
545569,Saúl Coco,558739,T. Nianzou,1,0.1324
545569,Saúl Coco,225996,Diego Llorente,2,0.1559
545569,Saúl Coco,549129,Aitor Paredes,3,0.1654
545569,Saúl Coco,70123,A. Witsel,4,0.1788
545569,Saúl Coco,544844,Logan Costa,5,0.1895
545569,Saúl Coco,112545,N. Araújo,6,0.191
545569,Saúl Coco,25391,T. Kolodziejczak,7,0.2026
545569,Saúl Coco,3523,F. Lejeune,8,0.2506
545569,Saúl Coco,567016,Jon Pacheco,9,0.2695
545569,Saúl Coco,3828,Raúl Navas,10,0.271
545811,Hugo Duro,238564,S. Weissman,1,0.0637
545811,Hugo Duro,3651,Abdón Prats,2,0.1892
545811,Hugo Duro,20733,F. Piovaccari,3,0.2446
545811,Hugo Duro,492443,V. Castellanos,4,0.2579
545811,Hugo Duro,713837,Diego García,5,0.3037
545811,Hugo Duro,364845,Rafa Mir,6,0.3045
545811,Hugo Duro,105376,N. Kalinić,7,0.3193
545811,Hugo Duro,447821,Y. En-Nesyri,8,0.3207
545811,Hugo Duro,494315,B. Miovski,9,0.3215
545811,Hugo Duro,279571,Jon Bautista,10,0.3216
545942,Oihan Sancet,134513,A. Martial,1,0.1952
545942,Oihan Sancet,3451,Adrián López,2,0.1963
545942,Oihan Sancet,397303,Ferrán Torres,3,0.2104
545942,Oihan Sancet,536150,Sergio Arribas,4,0.2239
545942,Oihan Sancet,551596,Lázaro,5,0.2568
545942,Oihan Sancet,227756,J. Boga,6,0.2724
545942,Oihan Sancet,550459,J. Álvarez,7,0.3086
545942,Oihan Sancet,71057,Licá,8,0.3399
545942,Oihan Sancet,258907,R. Assalé,9,0.3488
545942,Oihan Sancet,207001,J. Correa,10,0.3897
545943,Unai Vencedor,265369,U. Agbo,1,0.0796
545943,Unai Vencedor,286030,K. Bare,2,0.1098
545943,Unai Vencedor,86234,E. Pérez,3,0.1576
545943,Unai Vencedor,477352,Ander Guevara,4,0.1673
545943,Unai Vencedor,25785,S. Aurier,5,0.2086
545943,Unai Vencedor,352787,Pepelu,6,0.2285
545943,Unai Vencedor,167118,Erik Morán,7,0.244
545943,Unai Vencedor,352788,Manu Morlanes,8,0.2537
545943,Unai Vencedor,589805,L. Agoumé,9,0.2545
545943,Unai Vencedor,25553,César Azpilicueta,10,0.2893
545944,Oier Zarraga,114709,L. Advíncula,1,0.1493
545944,Oier Zarraga,247212,Rafa Navarro,2,0.2142
545944,Oier Zarraga,336371,Guilherme Arana,3,0.273
545944,Oier Zarraga,357981,Gonzalo Villar,4,0.2806
545944,Oier Zarraga,344118,Jaime Seoane,5,0.2896
545944,Oier Zarraga,279539,Javi Muñoz,6,0.2906
545944,Oier Zarraga,747916,Javi Guerra,7,0.2951
545944,Oier Zarraga,552232,Jon Ander Olasagasti,8,0.3002
545944,Oier Zarraga,279538,Marcos Llorente,9,0.3065
545944,Oier Zarraga,452293,Sergio Ruiz,10,0.3108
546242,Roger Brugué,7693,Pere Milla,1,0.0529
546242,Roger Brugué,855222,Unai Gómez,2,0.1872
546242,Roger Brugué,169000,Pablo Pérez,3,0.2893
546242,Roger Brugué,3503,R.García Escudero,4,0.2919
546242,Roger Brugué,778343,Pablo Durán,5,0.406
546242,Roger Brugué,91268,F. Hinestroza,6,0.4074
546242,Roger Brugué,7623,Léo Baptistão,7,0.4148
546242,Roger Brugué,265807,José Naranjo,8,0.421
546242,Roger Brugué,450785,Javi Puado,9,0.4863
546242,Roger Brugué,585048,L. Beltrán,10,0.4939
546482,José Gragera,225085,Fali,1,0.1252
546482,José Gragera,364772,C. Awaziem,2,0.1771
546482,José Gragera,556923,A. Abqar,3,0.192
546482,José Gragera,805039,M. Moreno,4,0.1953
546482,José Gragera,386686,S. Jurić,5,0.2084
546482,José Gragera,712305,Adrián Pica,6,0.2284
546482,José Gragera,93003,D. Siovas,7,0.2661
546482,José Gragera,5112,Lucas Torró,8,0.268
546482,José Gragera,3381,Borja Fernández,9,0.2717
546482,José Gragera,208945,César de la Hoz,10,0.3104
546863,W. Cheddira,334817,L. Boyé,1,0.0511
546863,W. Cheddira,655656,Isaac Romero,2,0.2406
546863,W. Cheddira,278324,Carlos Fernández,3,0.2585
546863,W. Cheddira,116319,M. Santos,4,0.273
546863,W. Cheddira,947211,C. Uche,5,0.3046
546863,W. Cheddira,788748,Álvaro Rodríguez,6,0.3513
546863,W. Cheddira,744761,Mateo Joseph,7,0.3526
546863,W. Cheddira,554406,R. Nteka,8,0.3753
546863,W. Cheddira,7629,Jaime Mata,9,0.389
546863,W. Cheddira,144628,Wu Lei,10,0.4118
547260,Rodrygo,3685,C. Vela,1,0.2019
547260,Rodrygo,404397,Brahim Diaz,2,0.2921
547260,Rodrygo,431540,Francisco Trincão,3,0.3014
547260,Rodrygo,28115,N. Fekir,4,0.4349
547260,Rodrygo,527100,M. Greenwood,5,0.4662
547260,Rodrygo,3326,Jesé Rodríguez,6,0.4789
547260,Rodrygo,776387,Fermín López,7,0.4893
547260,Rodrygo,408307,Raphinha,8,0.4904
547260,Rodrygo,584522,Ansu Fati,9,0.5065
547260,Rodrygo,397178,M. Rashford,10,0.5784
547492,Reinier,230934,Josep Señé,1,0.3582
547492,Reinier,4778,Coro,2,0.3912
547492,Reinier,20450,Bojan Krkić,3,0.4297
547492,Reinier,644114,L. Romero,4,0.4498
547492,Reinier,3655,Víctor Casadesús,5,0.4698
547492,Reinier,536150,Sergio Arribas,6,0.4832
547492,Reinier,3451,Adrián López,7,0.5165
547492,Reinier,545942,Oihan Sancet,8,0.5474
547492,Reinier,5400,Gerard Moreno,9,0.564
547492,Reinier,71057,Licá,10,0.5683
547496,Yan Couto,591410,N. Fernández Mercau,1,0.1903
547496,Yan Couto,6287,Pablo Hervías,2,0.3211
547496,Yan Couto,4078,D. Ferreiro,3,0.5765
547496,Yan Couto,4492,Iván Sánchez,4,0.6375
547496,Yan Couto,579987,Jon Morcillo,5,0.641
547496,Yan Couto,287003,Benito Ramírez,6,0.6574
547496,Yan Couto,212625,A. Solari,7,0.6982
547496,Yan Couto,5138,Wellington Silva,8,0.72
547496,Yan Couto,6210,Aday,9,0.7322
547496,Yan Couto,495404,D. Lainez,10,0.7338
549129,Aitor Paredes,545569,Saúl Coco,1,0.1654
549129,Aitor Paredes,281069,Robin Le Normand,2,0.1669
549129,Aitor Paredes,112545,N. Araújo,3,0.2114
549129,Aitor Paredes,558739,T. Nianzou,4,0.2262
549129,Aitor Paredes,544844,Logan Costa,5,0.2511
549129,Aitor Paredes,70123,A. Witsel,6,0.2831
549129,Aitor Paredes,25391,T. Kolodziejczak,7,0.2882
549129,Aitor Paredes,292991,M. Lemos,8,0.2977
549129,Aitor Paredes,225996,Diego Llorente,9,0.3052
549129,Aitor Paredes,288081,S. McKenna,10,0.3063
550229,Jon Moncayola,678620,Arnau Martínez,1,0.079
550229,Jon Moncayola,25441,M. Sissoko,2,0.1323
550229,Jon Moncayola,452293,Sergio Ruiz,3,0.164
550229,Jon Moncayola,42183,Petros,4,0.1759
550229,Jon Moncayola,4238,Michel Macedo,5,0.1796
550229,Jon Moncayola,938660,Mikel Jauregizar,6,0.2101
550229,Jon Moncayola,6035,Rubén Alcaraz,7,0.2206
550229,Jon Moncayola,443324,Douglas Luiz,8,0.2495
550229,Jon Moncayola,436785,Y. Neyou,9,0.256
550229,Jon Moncayola,3270,Barragán,10,0.2642
550459,J. Álvarez,3816,Sergio García,1,0.2543
550459,J. Álvarez,134513,A. Martial,2,0.2753
550459,J. Álvarez,397303,Ferrán Torres,3,0.2766
550459,J. Álvarez,207001,J. Correa,4,0.2955
550459,J. Álvarez,545942,Oihan Sancet,5,0.3086
550459,J. Álvarez,3484,Luis Alberto,6,0.3137
550459,J. Álvarez,258907,R. Assalé,7,0.3295
550459,J. Álvarez,227756,J. Boga,8,0.3618
550459,J. Álvarez,105541,Lucas Pérez,9,0.3756
550459,J. Álvarez,536150,Sergio Arribas,10,0.3768
550927,Sergi Cardona,230862,Íñigo Lekue,1,0.1388
550927,Sergi Cardona,7612,Jorge Miramón,2,0.1447
550927,Sergi Cardona,3790,Carlos Clerc,3,0.1786
550927,Sergi Cardona,5383,Toño García,4,0.1846
550927,Sergi Cardona,396513,Alex Pozo,5,0.1873
550927,Sergi Cardona,501165,Lucas Pires,6,0.1979
550927,Sergi Cardona,530689,Mario Hernández,7,0.2052
550927,Sergi Cardona,344104,Álvaro Tejero,8,0.2257
550927,Sergi Cardona,344014,L. Agbenyenu,9,0.2278
550927,Sergi Cardona,254,R. Rosales,10,0.2533
551304,Álex Petxa,590721,M. Ruggeri,1,0.0654
551304,Álex Petxa,4780,David Juncà,2,0.1957
551304,Álex Petxa,4452,Yuri Berchiche,3,0.2096
551304,Álex Petxa,71997,Hélder Lopes,4,0.23
551304,Álex Petxa,14852,Sergio Escudero,5,0.245
551304,Álex Petxa,3421,Óscar De Marcos,6,0.2554
551304,Álex Petxa,401550,Miguel Crespo,7,0.2706
551304,Álex Petxa,3667,Alberto De La Bella,8,0.2957
551304,Álex Petxa,116299,L. Olaza,9,0.3057
551304,Álex Petxa,552245,Imanol García de Albéniz,10,0.3087
551419,Alberto Soro,4515,Óscar Plano,1,0.2137
551419,Alberto Soro,364086,T. Conechny,2,0.3986
551419,Alberto Soro,265807,José Naranjo,3,0.411
551419,Alberto Soro,70235,Héldon,4,0.4187
551419,Alberto Soro,127928,D. Brašanac,5,0.4279
551419,Alberto Soro,626229,Mario Martín,6,0.4722
551419,Alberto Soro,6106,Antonio Puertas,7,0.4841
551419,Alberto Soro,3708,J. Samperio,8,0.4906
551419,Alberto Soro,169000,Pablo Pérez,9,0.5114
551419,Alberto Soro,713064,Pablo Marín,10,0.5146
551442,Pedro Porro,700268,L. Blanco,1,0.3974
551442,Pedro Porro,410872,Javi Galán,2,0.4917
551442,Pedro Porro,355597,Joan Sastre,3,0.4946
551442,Pedro Porro,41029,Douglas,4,0.6437
551442,Pedro Porro,657882,Rubén Sánchez,5,0.6908
551442,Pedro Porro,212625,A. Solari,6,0.6914
551442,Pedro Porro,373541,Aitor Buñuel,7,0.7174
551442,Pedro Porro,91702,J. Mojica,8,0.7249
551442,Pedro Porro,400544,Miguel Llambrich,9,0.7574
551442,Pedro Porro,225948,Rubén Peña,10,0.7665
551596,Lázaro,227756,J. Boga,1,0.1817
551596,Lázaro,397303,Ferrán Torres,2,0.2412
551596,Lázaro,545942,Oihan Sancet,3,0.2568
551596,Lázaro,258907,R. Assalé,4,0.2853
551596,Lázaro,71057,Licá,5,0.3172
551596,Lázaro,3451,Adrián López,6,0.339
551596,Lázaro,8297,G. dos Santos,7,0.3417
551596,Lázaro,4440,Borja Valle,8,0.348
551596,Lázaro,105541,Lucas Pérez,9,0.3526
551596,Lázaro,5400,Gerard Moreno,10,0.3995
552232,Jon Ander Olasagasti,247212,Rafa Navarro,1,0.0864
552232,Jon Ander Olasagasti,4908,Alberto Moreno,2,0.236
552232,Jon Ander Olasagasti,478999,Kike Pérez,3,0.2402
552232,Jon Ander Olasagasti,747916,Javi Guerra,4,0.2466
552232,Jon Ander Olasagasti,339885,Son,5,0.2602
552232,Jon Ander Olasagasti,25407,C. Grenier,6,0.2642
552232,Jon Ander Olasagasti,56009,R. Durmisi,7,0.2781
552232,Jon Ander Olasagasti,114709,L. Advíncula,8,0.2821
552232,Jon Ander Olasagasti,499843,Edu Expósito,9,0.2941
552232,Jon Ander Olasagasti,545944,Oier Zarraga,10,0.3002
552234,Roberto López,372752,Carlos Soler,1,0.17
552234,Roberto López,364864,Pedro Díaz,2,0.2433
552234,Roberto López,302550,Brais Méndez,3,0.2927
552234,Roberto López,4007,Diego Castro,4,0.3071
552234,Roberto López,447358,C. Gallagher,5,0.3159
552234,Roberto López,450784,Óscar Melendo,6,0.3603
552234,Roberto López,279526,W. Kaptoum,7,0.3764
552234,Roberto López,20623,R. Soriano,8,0.3773
552234,Roberto López,339812,Pape Cheickh,9,0.4104
552234,Roberto López,590503,Ilaix Moriba,10,0.4111
552240,Álvaro Núñez,776656,Pablo Barrios,1,0.1453
552240,Álvaro Núñez,402004,S. Colombatto,2,0.1888
552240,Álvaro Núñez,70083,Danilo,3,0.2271
552240,Álvaro Núñez,3442,Fran Mérida,4,0.2475
552240,Álvaro Núñez,4365,Roque Mesa,5,0.2904
552240,Álvaro Núñez,3470,José Campaña,6,0.2907
552240,Álvaro Núñez,135561,F. Grillitsch,7,0.2913
552240,Álvaro Núñez,222770,Nélson Semedo,8,0.305
552240,Álvaro Núñez,4821,Michel Herrero,9,0.3055
552240,Álvaro Núñez,3418,Iñigo Ruiz de Galarreta,10,0.3151
552245,Imanol García de Albéniz,4780,David Juncà,1,0.2552
552245,Imanol García de Albéniz,590721,M. Ruggeri,2,0.2962
552245,Imanol García de Albéniz,551304,Álex Petxa,3,0.3087
552245,Imanol García de Albéniz,3827,Hugo Mallo,4,0.3226
552245,Imanol García de Albéniz,254,R. Rosales,5,0.3572
552245,Imanol García de Albéniz,4789,Carles Planas,6,0.3573
552245,Imanol García de Albéniz,3667,Alberto De La Bella,7,0.3578
552245,Imanol García de Albéniz,3672,Carlos Martínez,8,0.3632
552245,Imanol García de Albéniz,3797,Víctor Sánchez,9,0.4285
552245,Imanol García de Albéniz,326525,Lucas Ahijado,10,0.4489
553292,Abner,4425,Víctor Díaz,1,0.1662
553292,Abner,3920,Pedro López,2,0.1882
553292,Abner,3375,Laure,3,0.2215
553292,Abner,339690,G. González,4,0.2248
553292,Abner,4326,Tito,5,0.2318
553292,Abner,278007,F. Ricca,6,0.2626
553292,Abner,5901,Edu Campabadal,7,0.271
553292,Abner,3408,Enric Saborit,8,0.2848
553292,Abner,3969,Roberto Canella,9,0.3115
553292,Abner,21842,C. Biraghi,10,0.327
553381,G. Álvarez,56408,J. Jønsson,1,0.2732
553381,G. Álvarez,4268,Juan Rafael Fuentes,2,0.30620000000000003
553381,G. Álvarez,6386,Jon Ander Garrido,3,0.3358
553381,G. Álvarez,7585,Manu García,4,0.3707
553381,G. Álvarez,250805,Djené,5,0.414
553381,G. Álvarez,20406,M. Flamini,6,0.4162
553381,G. Álvarez,683848,Urko González,7,0.4581
553381,G. Álvarez,507738,Vini Souza,8,0.4616
553381,G. Álvarez,364846,Y. Eteki,9,0.4636
553381,G. Álvarez,450650,Imanol García,10,0.4836
554406,R. Nteka,144628,Wu Lei,1,0.0695
554406,R. Nteka,278324,Carlos Fernández,2,0.1189
554406,R. Nteka,490863,Alemão,3,0.2147
554406,R. Nteka,86737,F. Ferreyra,4,0.2251
554406,R. Nteka,48354,Thiago Galhardo,5,0.2696
554406,R. Nteka,287219,M. Uzuni,6,0.2728
554406,R. Nteka,7629,Jaime Mata,7,0.2854
554406,R. Nteka,788748,Álvaro Rodríguez,8,0.3179
554406,R. Nteka,334817,L. Boyé,9,0.3362
554406,R. Nteka,94764,Y. Muto,10,0.3535
556923,A. Abqar,386686,S. Jurić,1,0.1601
556923,A. Abqar,546482,José Gragera,2,0.192
556923,A. Abqar,225085,Fali,3,0.1937
556923,A. Abqar,622288,Kaiky,4,0.2228
556923,A. Abqar,282441,Jesús Vallejo,5,0.2432
556923,A. Abqar,3381,Borja Fernández,6,0.2445
556923,A. Abqar,387799,F. Russo,7,0.2461
556923,A. Abqar,364772,C. Awaziem,8,0.248
556923,A. Abqar,3885,L. Cabrera,9,0.2677
556923,A. Abqar,805039,M. Moreno,10,0.2693
557066,K. Piątkowski,3788,J. Amat,1,0.0993
557066,K. Piątkowski,473366,Víctor Chust,2,0.1336
557066,K. Piątkowski,4325,Jorge Pulido,3,0.1431
557066,K. Piątkowski,622390,C. Özkacar,4,0.1581
557066,K. Piątkowski,4012,Juan Rodríguez,5,0.1607
557066,K. Piątkowski,535845,E. Boyomo,6,0.1692
557066,K. Piątkowski,720559,Kike Salas,7,0.1864
557066,K. Piątkowski,5472,Luis Hernández,8,0.1937
557066,K. Piątkowski,652014,César Tárrega,9,0.2383
557066,K. Piątkowski,450769,Fernando Calero,10,0.251
557401,Bruno Langa,25452,S. Corchia,1,0.0962
557401,Bruno Langa,282438,Aarón Martín,2,0.1176
557401,Bruno Langa,326535,Toni Lato,3,0.1284
557401,Bruno Langa,5318,Isma López,4,0.1315
557401,Bruno Langa,525130,Álex Centelles,5,0.1352
557401,Bruno Langa,3798,Dídac Vilá,6,0.1354
557401,Bruno Langa,618690,José Ángel Carmona,7,0.147
557401,Bruno Langa,3750,Mikel Balenziaga,8,0.1671
557401,Bruno Langa,7624,Rober Correa,9,0.2142
557401,Bruno Langa,531592,Aihen Muñoz,10,0.2319
557942,M. Salisu,25784,A. Abdennour,1,0.0613
557942,M. Salisu,3556,M. Demichelis,2,0.0993
557942,M. Salisu,7302,Raúl Albentosa,3,0.1222
557942,M. Salisu,136164,E. Filipenko,4,0.1285
557942,M. Salisu,4358,Víctor Laguardia,5,0.1356
557942,M. Salisu,6338,David García,6,0.1424
557942,M. Salisu,3412,Gurpegi,7,0.1467
557942,M. Salisu,4232,Alcalá,8,0.1512
557942,M. Salisu,3943,Aridane Hernández,9,0.1606
557942,M. Salisu,4113,Xabier Etxeita,10,0.1777
558581,Pejiño,544859,Álex Baena,1,0.1454
558581,Pejiño,4015,Pablo Sarabia,2,0.2042
558581,Pejiño,708179,Y. Asprilla,3,0.2307
558581,Pejiño,240567,O. Idrissi,4,0.2842
558581,Pejiño,496400,C. Ejuke,5,0.2917
558581,Pejiño,1751,O. Tannane,6,0.3482
558581,Pejiño,4375,Vitolo,7,0.35
558581,Pejiño,374800,M. Vargas,8,0.3561
558581,Pejiño,215983,S. Boufal,9,0.3768
558581,Pejiño,4879,Carles Gil,10,0.3917
558739,T. Nianzou,70123,A. Witsel,1,0.0613
558739,T. Nianzou,545569,Saúl Coco,2,0.1324
558739,T. Nianzou,25391,T. Kolodziejczak,3,0.1736
558739,T. Nianzou,697957,W. Kambwala,4,0.2065
558739,T. Nianzou,312,N. Gudelj,5,0.2163
558739,T. Nianzou,3523,F. Lejeune,6,0.2173
558739,T. Nianzou,549129,Aitor Paredes,7,0.2262
558739,T. Nianzou,225996,Diego Llorente,8,0.2426
558739,T. Nianzou,112545,N. Araújo,9,0.248
558739,T. Nianzou,282439,Lluis López,10,0.2673
558754,Carlos Dotor,4488,Saúl Ñíguez,1,0.1029
558754,Carlos Dotor,4507,Álex Fernández,2,0.1483
558754,Carlos Dotor,3560,Nacho Monreal,3,0.1955
558754,Carlos Dotor,471764,Monchu,4,0.22
558754,Carlos Dotor,263091,Gerard Gumbau,5,0.2213
558754,Carlos Dotor,255738,J. Lerma,6,0.2305
558754,Carlos Dotor,603901,Víctor Meseguer,7,0.2532
558754,Carlos Dotor,605383,Beñat Turrientes,8,0.2624
558754,Carlos Dotor,645789,Iker Muñoz,9,0.3112
558754,Carlos Dotor,5290,Mikel Rico,10,0.3128
558779,Juanmi Latasa,713837,Diego García,1,0.2775
558779,Juanmi Latasa,744811,Roberto Fernández,2,0.3907
558779,Juanmi Latasa,291231,Toni Martínez,3,0.4044
558779,Juanmi Latasa,534083,Chris Ramos,4,0.4107
558779,Juanmi Latasa,329064,C. Larin,5,0.4779
558779,Juanmi Latasa,559368,A. Adams,6,0.5042
558779,Juanmi Latasa,6165,F. Andone,7,0.5067
558779,Juanmi Latasa,524274,A. Douvikas,8,0.5483
558779,Juanmi Latasa,238564,S. Weissman,9,0.5502
558779,Juanmi Latasa,69513,A. Budimir,10,0.5521
559043,Valery Fernández,403246,L. de la Torre,1,0.1191
559043,Valery Fernández,382622,S. Amallah,2,0.2712
559043,Valery Fernández,444669,N. González,3,0.3138
559043,Valery Fernández,145,T. Vilhena,4,0.3182
559043,Valery Fernández,6456,Dani Rodríguez,5,0.3365
559043,Valery Fernández,3837,Jota,6,0.3376
559043,Valery Fernández,293862,Nacho Gil,7,0.3613
559043,Valery Fernández,364086,T. Conechny,8,0.3618
559043,Valery Fernández,353331,K. Jóźwiak,9,0.3619
559043,Valery Fernández,560353,Pablo Martínez,10,0.3639
559200,Ricard Sánchez,744854,Hugo Rincón,1,0.0981
559200,Ricard Sánchez,778363,Adama Boiro,2,0.1752
559200,Ricard Sánchez,624613,Juanlu Sánchez,3,0.2171
559200,Ricard Sánchez,3735,Juankar,4,0.2203
559200,Ricard Sánchez,367391,Toni Moya,5,0.2481
559200,Ricard Sánchez,137298,Jonathan Silva,6,0.2634
559200,Ricard Sánchez,209012,Kévin Rodrigues,7,0.2903
559200,Ricard Sánchez,3972,Álex Menéndez,8,0.2956
559200,Ricard Sánchez,5284,Siqueira,9,0.3153
559200,Ricard Sánchez,4997,Antoñito,10,0.3209
559368,A. Adams,524274,A. Douvikas,1,0.0913
559368,A. Adams,278348,Enric Gallego,2,0.1692
559368,A. Adams,22386,S. Longo,3,0.177
559368,A. Adams,744811,Roberto Fernández,4,0.1779
559368,A. Adams,607496,O. Óskarsson,5,0.2152
559368,A. Adams,487756,Marcos André,6,0.2592
559368,A. Adams,291231,Toni Martínez,7,0.2651
559368,A. Adams,228902,J. Calleri,8,0.2692
559368,A. Adams,492443,V. Castellanos,9,0.3193
559368,A. Adams,713837,Diego García,10,0.3311
559647,Kirian Rodríguez,3476,I. Rakitić,1,0.1962
559647,Kirian Rodríguez,3286,Dani Parejo,2,0.345
559647,Kirian Rodríguez,696440,Damián Rodríguez,3,0.3651
559647,Kirian Rodríguez,37762,William Carvalho,4,0.393
559647,Kirian Rodríguez,20475,A. Vidal,5,0.4279
559647,Kirian Rodríguez,14757,Z. Kuzmanović,6,0.4311
559647,Kirian Rodríguez,631908,Marc Casadó,7,0.4719
559647,Kirian Rodríguez,3347,Sergi Roberto,8,0.5163
559647,Kirian Rodríguez,69404,M. Kovačić,9,0.5237
559647,Kirian Rodríguez,364005,F. Valverde,10,0.5342
559718,Gonzalo Plata,393881,H. Toledo,1,0.0594
559718,Gonzalo Plata,339791,Álex Berenguer,2,0.0947
559718,Gonzalo Plata,339790,Kike Barja,3,0.202
559718,Gonzalo Plata,596052,Ander Barrenetxea,4,0.2322
559718,Gonzalo Plata,116898,D. Machís,5,0.2412
559718,Gonzalo Plata,596822,Luiz Henrique,6,0.2466
559718,Gonzalo Plata,411422,B. Ocampo,7,0.2467
559718,Gonzalo Plata,218549,Garry Rodrigues,8,0.267
559718,Gonzalo Plata,3293,P. Piatti,9,0.2713
559718,Gonzalo Plata,32601,Bebé,10,0.2782
560353,Pablo Martínez,56009,R. Durmisi,1,0.1965
560353,Pablo Martínez,354547,J. Jankto,2,0.2266
560353,Pablo Martínez,377083,Sergio Akieme,3,0.2449
560353,Pablo Martínez,145,T. Vilhena,4,0.3063
560353,Pablo Martínez,403246,L. de la Torre,5,0.3119
560353,Pablo Martínez,482369,Javi Martínez,6,0.32
560353,Pablo Martínez,341751,Marc Navarro,7,0.3253
560353,Pablo Martínez,536152,Jordi Martín,8,0.3323
560353,Pablo Martínez,344118,Jaime Seoane,9,0.3354
560353,Pablo Martínez,478999,Kike Pérez,10,0.3424
560889,Nico Melamed,86338,L. Ocampos,1,0.14
560889,Nico Melamed,14836,T. Inui,2,0.207
560889,Nico Melamed,230955,Stoichkov,3,0.2299
560889,Nico Melamed,624774,Gabri Veiga,4,0.2426
560889,Nico Melamed,561186,Yéremy Pino,5,0.257
560889,Nico Melamed,255433,Ricardo Horta,6,0.2827
560889,Nico Melamed,518746,Lee Kang-In,7,0.3016
560889,Nico Melamed,3603,Álvaro Vadillo,8,0.3263
560889,Nico Melamed,37836,M. Lestienne,9,0.3336
560889,Nico Melamed,611463,Aimar Oroz,10,0.3376
561186,Yéremy Pino,101847,M. Carcela-González,1,0.1036
561186,Yéremy Pino,86338,L. Ocampos,2,0.1676
561186,Yéremy Pino,3908,Lago Júnior,3,0.236
561186,Yéremy Pino,560889,Nico Melamed,4,0.257
561186,Yéremy Pino,3603,Álvaro Vadillo,5,0.2912
561186,Yéremy Pino,225089,José Luis Morales,6,0.3039
561186,Yéremy Pino,127719,A. Katai,7,0.3133
561186,Yéremy Pino,269137,T. Bongonda,8,0.3219
561186,Yéremy Pino,1016232,Jesús Rodríguez,9,0.3283
561186,Yéremy Pino,14836,T. Inui,10,0.3419
561189,Robert Navarro,134174,Samu Castillejo,1,0.1128
561189,Robert Navarro,4344,Alberto Perea,2,0.1923
561189,Robert Navarro,3394,Bruno Gama,3,0.216
561189,Robert Navarro,337070,Toni Villa,4,0.2549
561189,Robert Navarro,596052,Ander Barrenetxea,5,0.2676
561189,Robert Navarro,411422,B. Ocampo,6,0.2757
561189,Robert Navarro,220656,Wanderson,7,0.2802
561189,Robert Navarro,339790,Kike Barja,8,0.3014
561189,Robert Navarro,722567,G. Simeone,9,0.3185
561189,Robert Navarro,212651,C. Musonda,10,0.3188
561190,Javi López,5902,Brian Oliván,1,0.1184
561190,Javi López,472519,Mateu Morey,2,0.1875
561190,Javi López,278867,S. Janko,3,0.1875
561190,Javi López,436688,Viti Rozada,4,0.2042
561190,Javi López,326535,Toni Lato,5,0.2056
561190,Javi López,711011,Marc Pubill,6,0.2151
561190,Javi López,5318,Isma López,7,0.217
561190,Javi López,282438,Aarón Martín,8,0.2237
561190,Javi López,618690,José Ángel Carmona,9,0.2333
561190,Javi López,585538,R. Alhassane,10,0.2478
563391,G. Mikautadze,26638,K. Toko-Ekambi,1,0.0954
563391,G. Mikautadze,399599,A. Isak,2,0.1961
563391,G. Mikautadze,764899,Endrick,3,0.2135
563391,G. Mikautadze,669602,N. Jackson,4,0.2756
563391,G. Mikautadze,25445,K. Gameiro,5,0.2819
563391,G. Mikautadze,515713,B. Dia,6,0.4875
563391,G. Mikautadze,3605,Jorge Molina,7,0.4967
563391,G. Mikautadze,20764,L. Muriel,8,0.5268
563391,G. Mikautadze,86800,D. Benedetto,9,0.5393
563391,G. Mikautadze,4338,Diego Costa,10,0.5425
563961,José Fontán,340706,G. Rodríguez,1,0.1434
563961,José Fontán,812973,V. Gómez,2,0.1528
563961,José Fontán,456053,J. Foyth,3,0.1645
563961,José Fontán,4509,Omar Mascarell,4,0.1831
563961,José Fontán,3566,Ignacio Camacho,5,0.1848
563961,José Fontán,593173,Aiham Ousou,6,0.2046
563961,José Fontán,91064,D. Torres,7,0.2059
563961,José Fontán,4332,Javi Fuego,8,0.2187
563961,José Fontán,645035,Dário Essugo,9,0.222
563961,José Fontán,453270,M. Hongla,10,0.2329
563968,Iker Losada,357946,Isi Palazón,1,0.0976
563968,Iker Losada,485383,Álex Mula,2,0.1547
563968,Iker Losada,3423,Ibai Gómez,3,0.2083
563968,Iker Losada,611463,Aimar Oroz,4,0.2085
563968,Iker Losada,4252,Aaron Níguez,5,0.2341
563968,Iker Losada,624774,Gabri Veiga,6,0.2379
563968,Iker Losada,282442,Carles Aleñà,7,0.2746
563968,Iker Losada,302550,Brais Méndez,8,0.2931
563968,Iker Losada,20623,R. Soriano,9,0.2953
563968,Iker Losada,3511,Roberto Torres,10,0.2956
565630,F. Viñas,20766,H. Seferović,1,0.186
565630,F. Viñas,490863,Alemão,2,0.2142
565630,F. Viñas,167119,Sabin Merino,3,0.2537
565630,F. Viñas,7458,Sergi Guardiola,4,0.2679
565630,F. Viñas,48354,Thiago Galhardo,5,0.2997
565630,F. Viñas,70327,N. Ghilas,6,0.3105
565630,F. Viñas,144628,Wu Lei,7,0.3301
565630,F. Viñas,855222,Unai Gómez,8,0.3352
565630,F. Viñas,401158,L. Suárez,9,0.365
565630,F. Viñas,554406,R. Nteka,10,0.3659
566942,E. Loiodice,3349,J. dos Santos,1,0.1683
566942,E. Loiodice,3404,Andoni Iraola,2,0.1798
566942,E. Loiodice,4365,Roque Mesa,3,0.2125
566942,E. Loiodice,776656,Pablo Barrios,4,0.2226
566942,E. Loiodice,424624,P. Etebo,5,0.2505
566942,E. Loiodice,3537,Cani,6,0.2586
566942,E. Loiodice,449920,L. Robertone,7,0.2732
566942,E. Loiodice,134170,José Rodríguez,8,0.2802
566942,E. Loiodice,25888,F. Fajr,9,0.2828
566942,E. Loiodice,552240,Álvaro Núñez,10,0.3188
567016,Jon Pacheco,3828,Raúl Navas,1,0.1023
567016,Jon Pacheco,3300,Raúl Albiol,2,0.1233
567016,Jon Pacheco,485083,David Carmo,3,0.1314
567016,Jon Pacheco,225996,Diego Llorente,4,0.1332
567016,Jon Pacheco,4303,David López,5,0.1562
567016,Jon Pacheco,4355,David García,6,0.1571
567016,Jon Pacheco,364003,S. Bueno,7,0.1588
567016,Jon Pacheco,446859,Peru Nolaskoain,8,0.1925
567016,Jon Pacheco,3791,Z. Feddal,9,0.2367
567016,Jon Pacheco,814546,Carlos Domínguez,10,0.2485
567461,Jorge Herrando,404693,M. Kumbulla,1,0.0645
567461,Jorge Herrando,449817,A. Mumin,2,0.0926
567461,Jorge Herrando,298353,José Martínez,3,0.1047
567461,Jorge Herrando,7857,Ignasi Miquel,4,0.1404
567461,Jorge Herrando,3496,Sergio Postigo,5,0.1458
567461,Jorge Herrando,652014,César Tárrega,6,0.1578
567461,Jorge Herrando,344039,Chumi,7,0.1579
567461,Jorge Herrando,508021,Jorge Cuenca,8,0.164
567461,Jorge Herrando,916711,Juma Bah,9,0.1668
567461,Jorge Herrando,270037,M. Valjent,10,0.1672
568583,Juan Cruz,4513,D. Cheryshev,1,0.1306
568583,Juan Cruz,282444,Sergi Canós,2,0.1734
568583,Juan Cruz,265376,M. Simon,3,0.174
568583,Juan Cruz,5195,Omar Ramos,4,0.2015
568583,Juan Cruz,3293,P. Piatti,5,0.2364
568583,Juan Cruz,275419,Luis Rioja,6,0.2371
568583,Juan Cruz,71004,Candeias,7,0.2457
568583,Juan Cruz,532627,Arnau Puigmal,8,0.2606
568583,Juan Cruz,3539,H. Pérez,9,0.3052
568583,Juan Cruz,25477,S. Gürler,10,0.3403
569212,Ferrán Jutglà,5911,Sandro Ramírez,1,0.1789
569212,Ferrán Jutglà,247141,Iñaki Williams,2,0.1876
569212,Ferrán Jutglà,373016,C. Hernández,3,0.1975
569212,Ferrán Jutglà,230883,Ayoze Pérez,4,0.305
569212,Ferrán Jutglà,130196,Dyego Sousa,5,0.3128
569212,Ferrán Jutglà,290215,Dani Ndi,6,0.3463
569212,Ferrán Jutglà,259946,A. Peñaranda,7,0.3565
569212,Ferrán Jutglà,355599,Mikel Oyarzabal,8,0.3577
569212,Ferrán Jutglà,278278,Munir El Haddadi,9,0.3667
569212,Ferrán Jutglà,771062,Chuki,10,0.3876
574784,Antonio Sánchez,342785,Jairo Izquierdo,1,0.2591
574784,Antonio Sánchez,25638,D. Foulquier,2,0.2691
574784,Antonio Sánchez,5281,A. Nyom,3,0.2715
574784,Antonio Sánchez,561190,Javi López,4,0.2952
574784,Antonio Sánchez,3787,Víctor Álvarez,5,0.3024
574784,Antonio Sánchez,5902,Brian Oliván,6,0.3032
574784,Antonio Sánchez,559200,Ricard Sánchez,7,0.3228
574784,Antonio Sánchez,778363,Adama Boiro,8,0.3624
574784,Antonio Sánchez,278867,S. Janko,9,0.3832
574784,Antonio Sánchez,404328,Enric Franquesa,10,0.3846
574907,E. Touré,6914,Álex Alegría,1,0.1366
574907,E. Touré,3327,Joselu,2,0.1717
574907,E. Touré,395636,M. Gómez,3,0.1753
574907,E. Touré,284322,E. Ponce,4,0.1754
574907,E. Touré,171643,R. Yaremchuk,5,0.1846
574907,E. Touré,486425,Fer Niño,6,0.2169
574907,E. Touré,26167,C. Beauvue,7,0.2221
574907,E. Touré,105376,N. Kalinić,8,0.2406
574907,E. Touré,3874,Kike García,9,0.2483
574907,E. Touré,274435,E. Ünal,10,0.2531
578270,T. Almada,4969,Tana,1,0.1471
578270,T. Almada,4278,Borja García,2,0.2312
578270,T. Almada,32652,E. Çolak,3,0.2534
578270,T. Almada,21077,A. Gómez,4,0.2827
578270,T. Almada,3344,Rafinha,5,0.2896
578270,T. Almada,4362,Momo,6,0.3572
578270,T. Almada,3571,Joaquín,7,0.3675
578270,T. Almada,399676,Pablo Fornals,8,0.4013
578270,T. Almada,211885,André Gomes,9,0.4021
578270,T. Almada,4791,J. González,10,0.4201
579987,Jon Morcillo,5138,Wellington Silva,1,0.1322
579987,Jon Morcillo,4078,D. Ferreiro,2,0.2323
579987,Jon Morcillo,254189,Ivi López,3,0.2535
579987,Jon Morcillo,682943,T. Dolan,4,0.344
579987,Jon Morcillo,337070,Toni Villa,5,0.3459
579987,Jon Morcillo,21894,Keko Gontán,6,0.3668
579987,Jon Morcillo,626123,Ilias Akhomach,7,0.3838
579987,Jon Morcillo,838872,Coba da Costa,8,0.4329
579987,Jon Morcillo,6684,Jony,9,0.452
579987,Jon Morcillo,406454,Waldo Rubio,10,0.463
580127,Pep Chavarría,414193,N. Molina,1,0.0693
580127,Pep Chavarría,422517,Fran García,2,0.162
580127,Pep Chavarría,3421,Óscar De Marcos,3,0.2103
580127,Pep Chavarría,303078,G. Suazo,4,0.2212
580127,Pep Chavarría,25586,Mariano,5,0.2837
580127,Pep Chavarría,135903,João Cancelo,6,0.2922
580127,Pep Chavarría,544210,Sergio Carreira,7,0.3126
580127,Pep Chavarría,6925,H. Hernández,8,0.3144
580127,Pep Chavarría,477082,Emerson Royal,9,0.3221
580127,Pep Chavarría,3325,Juanfran,10,0.3354
582098,D. Lopy,286963,Mikel Vesga,1,0.1272
582098,D. Lopy,3560,Nacho Monreal,2,0.1546
582098,D. Lopy,263091,Gerard Gumbau,3,0.1894
582098,D. Lopy,436785,Y. Neyou,4,0.1895
582098,D. Lopy,255738,J. Lerma,5,0.2033
582098,D. Lopy,645789,Iker Muñoz,6,0.2072
582098,D. Lopy,598620,Johnny Cardoso,7,0.2372
582098,D. Lopy,645035,Dário Essugo,8,0.2459
582098,D. Lopy,4488,Saúl Ñíguez,9,0.2794
582098,D. Lopy,366584,L. Pétrot,10,0.301
582472,L. Sučić,240680,Aleix Febas,1,0.1754
582472,L. Sučić,3536,Moi Gómez,2,0.1783
582472,L. Sučić,624498,Martim Neto,3,0.1953
582472,L. Sučić,14866,José Manuel Jurado,4,0.2262
582472,L. Sučić,4007,Diego Castro,5,0.267
582472,L. Sučić,211885,André Gomes,6,0.2699
582472,L. Sučić,15101,P. Ebert,7,0.2747
582472,L. Sučić,647161,Gavi,8,0.2802
582472,L. Sučić,3803,Sergi Darder,9,0.2831
582472,L. Sučić,450784,Óscar Melendo,10,0.3265
583159,L. Badé,101649,N. Pareja,1,0.0747
583159,L. Badé,3588,Chechu Dorado,2,0.082
583159,L. Badé,844244,N. Mendy,3,0.1525
583159,L. Badé,3644,Pedro Bigas,4,0.1858
583159,L. Badé,275296,David Costas,5,0.1899
583159,L. Badé,344198,E. Cömert,6,0.1974
583159,L. Badé,375335,J. Aidoo,7,0.2152
583159,L. Badé,86325,R. Funes Mori,8,0.2259
583159,L. Badé,25537,G. Krychowiak,9,0.2336
583159,L. Badé,134502,Aymeric Laporte,10,0.25
583880,A. Ounahi,114055,Ó. Romero,1,0.2388
583880,A. Ounahi,70121,N. Gaitán,2,0.2835
583880,A. Ounahi,4498,Lucas Vázquez,3,0.3627
583880,A. Ounahi,529349,Antony,4,0.4157
583880,A. Ounahi,25461,R. Boudebouz,5,0.432
583880,A. Ounahi,11063,Suso,6,0.45
583880,A. Ounahi,253,Q. Promes,7,0.4779
583880,A. Ounahi,8323,Denis Suárez,8,0.4927
583880,A. Ounahi,558581,Pejiño,9,0.5108
583880,A. Ounahi,26515,F. Kadir,10,0.5234
584520,Nico González,366401,F. Anguissa,1,0.1291
584520,Nico González,460552,P. Gueye,2,0.2527
584520,Nico González,26652,D. Wass,3,0.2604
584520,Nico González,4902,Ángel Montoro,4,0.2769
584520,Nico González,339789,Mikel Merino,5,0.2837
584520,Nico González,4242,Corona,6,0.2938
584520,Nico González,3568,Recio,7,0.2948
584520,Nico González,451235,Álvaro Aguado,8,0.2949
584520,Nico González,3680,David Zurutuza,9,0.3061
584520,Nico González,269060,P. Hernández,10,0.334
584522,Ansu Fati,3840,Iago Aspas,1,0.2586
584522,Ansu Fati,471753,João Félix,2,0.3423
584522,Ansu Fati,8278,G. Bale,3,0.3531
584522,Ansu Fati,118,M. Depay,4,0.4011
584522,Ansu Fati,3685,C. Vela,5,0.4657
584522,Ansu Fati,547260,Rodrygo,6,0.5065
584522,Ansu Fati,300485,Malcom,7,0.6108
584522,Ansu Fati,86307,L. Vietto,8,0.6326
584522,Ansu Fati,431540,Francisco Trincão,9,0.692
584522,Ansu Fati,105541,Lucas Pérez,10,0.7201
584914,Jesús Vázquez,375771,M. Olivera,1,0.1683
584914,Jesús Vázquez,542945,Óscar Gil,2,0.2079
584914,Jesús Vázquez,593803,Carlos Romero,3,0.4802
584914,Jesús Vázquez,381233,Houboulang Mendes,4,0.5083
584914,Jesús Vázquez,770391,A. Aznou,5,0.5306
584914,Jesús Vázquez,380709,S. Arzamendia,6,0.5339
584914,Jesús Vázquez,7072,Quini,7,0.6071
584914,Jesús Vázquez,485271,Lucas Rosa,8,0.6176
584914,Jesús Vázquez,149389,J. Toljan,9,0.6295
584914,Jesús Vázquez,395134,Juan Iglesias,10,0.6436
584938,Fran Pérez,275419,Luis Rioja,1,0.1819
584938,Fran Pérez,3539,H. Pérez,2,0.2266
584938,Fran Pérez,596822,Luiz Henrique,3,0.2409
584938,Fran Pérez,403706,A. Mallé,4,0.2411
584938,Fran Pérez,247220,Jason,5,0.2615
584938,Fran Pérez,254898,Kenedy,6,0.2664
584938,Fran Pérez,693943,A. Rebbach,7,0.2818
584938,Fran Pérez,116898,D. Machís,8,0.2878
584938,Fran Pérez,275298,Adri Embarba,9,0.2956
584938,Fran Pérez,601166,Jofre Carreras,10,0.3013
585048,L. Beltrán,450785,Javi Puado,1,0.0514
585048,L. Beltrán,771062,Chuki,2,0.2368
585048,L. Beltrán,3503,R.García Escudero,3,0.2753
585048,L. Beltrán,101707,F. Smolov,4,0.285
585048,L. Beltrán,130196,Dyego Sousa,5,0.2864
585048,L. Beltrán,135848,M. Livaja,6,0.3016
585048,L. Beltrán,167119,Sabin Merino,7,0.3021
585048,L. Beltrán,373016,C. Hernández,8,0.3127
585048,L. Beltrán,7623,Léo Baptistão,9,0.3727
585048,L. Beltrán,595008,Alejandro Cantero,10,0.3944
585538,R. Alhassane,472519,Mateu Morey,1,0.1126
585538,R. Alhassane,6281,Joseba Zaldúa,2,0.1256
585538,R. Alhassane,436688,Viti Rozada,3,0.1517
585538,R. Alhassane,711011,Marc Pubill,4,0.1818
585538,R. Alhassane,278867,S. Janko,5,0.1948
585538,R. Alhassane,531592,Aihen Muñoz,6,0.2194
585538,R. Alhassane,352761,Luis Pérez,7,0.2195
585538,R. Alhassane,326535,Toni Lato,8,0.2217
585538,R. Alhassane,585816,Manu Sánchez,9,0.2231
585538,R. Alhassane,70451,Luisinho,10,0.2303
585816,Manu Sánchez,711011,Marc Pubill,1,0.1183
585816,Manu Sánchez,263105,Pablo Maffeo,2,0.1268
585816,Manu Sánchez,472519,Mateu Morey,3,0.1633
585816,Manu Sánchez,603778,Abel Bretones,4,0.1944
585816,Manu Sánchez,585538,R. Alhassane,5,0.2231
585816,Manu Sánchez,435759,Adrià Pedrosa,6,0.2353
585816,Manu Sánchez,420532,Pipa,7,0.2495
585816,Manu Sánchez,485271,Lucas Rosa,8,0.2694
585816,Manu Sánchez,149389,J. Toljan,9,0.2897
585816,Manu Sánchez,436688,Viti Rozada,10,0.3076
589805,L. Agoumé,352788,Manu Morlanes,1,0.1019
589805,L. Agoumé,387840,Santi Comesaña,2,0.1789
589805,L. Agoumé,3977,Nacho Cases,3,0.2216
589805,L. Agoumé,286030,K. Bare,4,0.244
589805,L. Agoumé,545943,Unai Vencedor,5,0.2545
589805,L. Agoumé,25785,S. Aurier,6,0.2578
589805,L. Agoumé,3568,Recio,7,0.2723
589805,L. Agoumé,599560,Alberto Reina,8,0.2826
589805,L. Agoumé,265369,U. Agbo,9,0.2884
589805,L. Agoumé,3317,Esteban Granero,10,0.2924
589806,H. Hassan,471991,Rodrigo Riquelme,1,0.1344
589806,H. Hassan,605385,Raúl Moro,2,0.2067
589806,H. Hassan,532831,Bryan Gil,3,0.2115
589806,H. Hassan,495404,D. Lainez,4,0.2452
589806,H. Hassan,286830,P. Roberts,5,0.2746
589806,H. Hassan,281255,E. Mor,6,0.2928
589806,H. Hassan,4337,Lass Bangoura,7,0.2937
589806,H. Hassan,276944,J. Bamba,8,0.3358
589806,H. Hassan,26038,J. Campbell,9,0.342
589806,H. Hassan,504301,T. Kubo,10,0.3605
590503,Ilaix Moriba,279539,Javi Muñoz,1,0.1005
590503,Ilaix Moriba,447358,C. Gallagher,2,0.2117
590503,Ilaix Moriba,279538,Marcos Llorente,3,0.2492
590503,Ilaix Moriba,659244,Ramón Terrats,4,0.2968
590503,Ilaix Moriba,545944,Oier Zarraga,5,0.326
590503,Ilaix Moriba,357981,Gonzalo Villar,6,0.3327
590503,Ilaix Moriba,339812,Pape Cheickh,7,0.3474
590503,Ilaix Moriba,3313,José Callejón,8,0.3568
590503,Ilaix Moriba,364850,Junior Firpo,9,0.3749
590503,Ilaix Moriba,747916,Javi Guerra,10,0.3832
590721,M. Ruggeri,551304,Álex Petxa,1,0.0654
590721,M. Ruggeri,4452,Yuri Berchiche,2,0.1731
590721,M. Ruggeri,71997,Hélder Lopes,3,0.2394
590721,M. Ruggeri,4780,David Juncà,4,0.2418
590721,M. Ruggeri,3667,Alberto De La Bella,5,0.2455
590721,M. Ruggeri,14852,Sergio Escudero,6,0.2491
590721,M. Ruggeri,116299,L. Olaza,7,0.2681
590721,M. Ruggeri,401550,Miguel Crespo,8,0.2725
590721,M. Ruggeri,3827,Hugo Mallo,9,0.2795
590721,M. Ruggeri,552245,Imanol García de Albéniz,10,0.2962
591410,N. Fernández Mercau,547496,Yan Couto,1,0.1903
591410,N. Fernández Mercau,6287,Pablo Hervías,2,0.2175
591410,N. Fernández Mercau,4078,D. Ferreiro,3,0.4926
591410,N. Fernández Mercau,4492,Iván Sánchez,4,0.5035
591410,N. Fernández Mercau,287003,Benito Ramírez,5,0.5078
591410,N. Fernández Mercau,6210,Aday,6,0.555
591410,N. Fernández Mercau,579987,Jon Morcillo,7,0.6011
591410,N. Fernández Mercau,278289,Álvaro Odriozola,8,0.6152
591410,N. Fernández Mercau,495404,D. Lainez,9,0.6472
591410,N. Fernández Mercau,5138,Wellington Silva,10,0.6505
592582,V. Vanat,767660,García Pascual,1,0.1119
592582,V. Vanat,607496,O. Óskarsson,2,0.1313
592582,V. Vanat,287219,M. Uzuni,3,0.181
592582,V. Vanat,278348,Enric Gallego,4,0.1935
592582,V. Vanat,22386,S. Longo,5,0.2448
592582,V. Vanat,670456,E. Eyong,6,0.25
592582,V. Vanat,788748,Álvaro Rodríguez,7,0.2711
592582,V. Vanat,86737,F. Ferreyra,8,0.2753
592582,V. Vanat,487756,Marcos André,9,0.3053
592582,V. Vanat,559368,A. Adams,10,0.3445
593103,Álvaro Djaló,818689,Assane Diao,1,0.1988
593103,Álvaro Djaló,254649,T. Asano,2,0.4127
593103,Álvaro Djaló,6106,Antonio Puertas,3,0.4904
593103,Álvaro Djaló,413891,Manu Vallejo,4,0.5121
593103,Álvaro Djaló,3738,Lafita,5,0.55
593103,Álvaro Djaló,450776,Jorge de Frutos,6,0.5624
593103,Álvaro Djaló,346071,O. Burke,7,0.5888
593103,Álvaro Djaló,778343,Pablo Durán,8,0.5973
593103,Álvaro Djaló,344051,Álex Blanco,9,0.6068
593103,Álvaro Djaló,344936,I. Cardona,10,0.6228
593173,Aiham Ousou,453270,M. Hongla,1,0.0311
593173,Aiham Ousou,935301,Marcos Peña,2,0.1259
593173,Aiham Ousou,4509,Omar Mascarell,3,0.1352
593173,Aiham Ousou,4332,Javi Fuego,4,0.1909
593173,Aiham Ousou,26518,C. Sánchez,5,0.1937
593173,Aiham Ousou,563961,José Fontán,6,0.2046
593173,Aiham Ousou,278288,Aritz Elustondo,7,0.2087
593173,Aiham Ousou,3675,Gorka Elustondo,8,0.221
593173,Aiham Ousou,3510,David Timor,9,0.2321
593173,Aiham Ousou,645877,Y. Mosquera,10,0.2622
593442,Beñat Prados,663974,Á. Algobia,1,0.1709
593442,Beñat Prados,4936,David Simón,2,0.2096
593442,Beñat Prados,3270,Barragán,3,0.2134
593442,Beñat Prados,86198,J. Sánchez Miño,4,0.2236
593442,Beñat Prados,42183,Petros,5,0.231
593442,Beñat Prados,28529,Y. Sabaly,6,0.2545
593442,Beñat Prados,405976,Pol Lozano,7,0.2572
593442,Beñat Prados,167120,Fran Varela,8,0.2616
593442,Beñat Prados,70136,S. Arias,9,0.2729
593442,Beñat Prados,537185,J. Araujo,10,0.2836
593803,Carlos Romero,400544,Miguel Llambrich,1,0.3031
593803,Carlos Romero,93000,Antunes,2,0.304
593803,Carlos Romero,770391,A. Aznou,3,0.334
593803,Carlos Romero,603778,Abel Bretones,4,0.374
593803,Carlos Romero,263105,Pablo Maffeo,5,0.3768
593803,Carlos Romero,381233,Houboulang Mendes,6,0.3828
593803,Carlos Romero,149389,J. Toljan,7,0.4204
593803,Carlos Romero,657882,Rubén Sánchez,8,0.4237
593803,Carlos Romero,485271,Lucas Rosa,9,0.4615
593803,Carlos Romero,373541,Aitor Buñuel,10,0.465
595008,Alejandro Cantero,7623,Léo Baptistão,1,0.1454
595008,Alejandro Cantero,259946,A. Peñaranda,2,0.2034
595008,Alejandro Cantero,88642,E. Ávila,3,0.2331
595008,Alejandro Cantero,135848,M. Livaja,4,0.2429
595008,Alejandro Cantero,101707,F. Smolov,5,0.2895
595008,Alejandro Cantero,3287,Portu,6,0.31
595008,Alejandro Cantero,373016,C. Hernández,7,0.346
595008,Alejandro Cantero,450785,Javi Puado,8,0.3486
595008,Alejandro Cantero,91268,F. Hinestroza,9,0.3638
595008,Alejandro Cantero,401158,L. Suárez,10,0.3873
595598,Peque Fernández,116283,D. Rolán,1,0.0975
595598,Peque Fernández,4683,A. Szymanowski,2,0.1694
595598,Peque Fernández,4880,Rober Ibáñez,3,0.1758
595598,Peque Fernández,3629,Viguera,4,0.1809
595598,Peque Fernández,3934,N. El Zhar,5,0.2432
595598,Peque Fernández,91268,F. Hinestroza,6,0.3373
595598,Peque Fernández,771062,Chuki,7,0.3602
595598,Peque Fernández,14836,T. Inui,8,0.3614
595598,Peque Fernández,88642,E. Ávila,9,0.3642
595598,Peque Fernández,652912,W. Swedberg,10,0.3716
596052,Ander Barrenetxea,339790,Kike Barja,1,0.1219
596052,Ander Barrenetxea,411422,B. Ocampo,2,0.1874
596052,Ander Barrenetxea,3394,Bruno Gama,3,0.2036
596052,Ander Barrenetxea,218549,Garry Rodrigues,4,0.2084
596052,Ander Barrenetxea,559718,Gonzalo Plata,5,0.2322
596052,Ander Barrenetxea,722567,G. Simeone,6,0.2375
596052,Ander Barrenetxea,339791,Álex Berenguer,7,0.2462
596052,Ander Barrenetxea,4014,Pedro León,8,0.2604
596052,Ander Barrenetxea,5291,Jaime Romero,9,0.2641
596052,Ander Barrenetxea,561189,Robert Navarro,10,0.2676
596691,Natan,621020,Cristhian Mosquera,1,0.0985
596691,Natan,32577,Sidnei,2,0.1379
596691,Natan,697957,W. Kambwala,3,0.1496
596691,Natan,282439,Lluis López,4,0.1764
596691,Natan,3523,F. Lejeune,5,0.177
596691,Natan,453251,Alejandro Catena,6,0.1809
596691,Natan,25391,T. Kolodziejczak,7,0.1983
596691,Natan,357991,Édgar González,8,0.2083
596691,Natan,375335,J. Aidoo,9,0.2089
596691,Natan,3527,Kiko Olivas,10,0.2093
596822,Luiz Henrique,116898,D. Machís,1,0.0546
596822,Luiz Henrique,339791,Álex Berenguer,2,0.1991
596822,Luiz Henrique,393881,H. Toledo,3,0.2273
596822,Luiz Henrique,584938,Fran Pérez,4,0.2409
596822,Luiz Henrique,559718,Gonzalo Plata,5,0.2466
596822,Luiz Henrique,275419,Luis Rioja,6,0.2511
596822,Luiz Henrique,403706,A. Mallé,7,0.2898
596822,Luiz Henrique,3293,P. Piatti,8,0.30620000000000003
596822,Luiz Henrique,693943,A. Rebbach,9,0.3237
596822,Luiz Henrique,275298,Adri Embarba,10,0.3466
598620,Johnny Cardoso,344049,Oriol Rey,1,0.2065
598620,Johnny Cardoso,645035,Dário Essugo,2,0.2273
598620,Johnny Cardoso,373713,Christian Rivera,3,0.2278
598620,Johnny Cardoso,582098,D. Lopy,4,0.2372
598620,Johnny Cardoso,25405,M. Gonalons,5,0.2426
598620,Johnny Cardoso,286963,Mikel Vesga,6,0.2573
598620,Johnny Cardoso,255738,J. Lerma,7,0.2627
598620,Johnny Cardoso,3560,Nacho Monreal,8,0.2648
598620,Johnny Cardoso,3505,R. Loé,9,0.2797
598620,Johnny Cardoso,3650,Tomás Pina,10,0.2905
599551,E. Camavinga,222770,Nélson Semedo,1,0.2613
599551,E. Camavinga,3413,Ander Herrera,2,0.2787
599551,E. Camavinga,230863,Unai López,3,0.3608
599551,E. Camavinga,3301,Arbeloa,4,0.3714
599551,E. Camavinga,3595,Beñat Etxebarria,5,0.3924
599551,E. Camavinga,3470,José Campaña,6,0.3991
599551,E. Camavinga,33219,E. Culio,7,0.4206
599551,E. Camavinga,3384,A. Guardado,8,0.4462
599551,E. Camavinga,247207,Joan Jordán,9,0.4481
599551,E. Camavinga,135561,F. Grillitsch,10,0.4538
599560,Alberto Reina,3317,Esteban Granero,1,0.0939
599560,Alberto Reina,3568,Recio,2,0.1565
599560,Alberto Reina,424624,P. Etebo,3,0.1814
599560,Alberto Reina,26652,D. Wass,4,0.2012
599560,Alberto Reina,339789,Mikel Merino,5,0.2062
599560,Alberto Reina,402004,S. Colombatto,6,0.2177
599560,Alberto Reina,3808,Javi Márquez,7,0.2499
599560,Alberto Reina,364850,Junior Firpo,8,0.2599
599560,Alberto Reina,387840,Santi Comesaña,9,0.2697
599560,Alberto Reina,460552,P. Gueye,10,0.272
601166,Jofre Carreras,254898,Kenedy,1,0.1716
601166,Jofre Carreras,450776,Jorge de Frutos,2,0.2151
601166,Jofre Carreras,527102,L. Ramazani,3,0.2729
601166,Jofre Carreras,584938,Fran Pérez,4,0.3013
601166,Jofre Carreras,713838,Álex Sancris,5,0.3757
601166,Jofre Carreras,693943,A. Rebbach,6,0.3817
601166,Jofre Carreras,609127,Carlos Martín,7,0.3869
601166,Jofre Carreras,722550,Antoniu Roca,8,0.39
601166,Jofre Carreras,601883,F. Pellistri,9,0.3978
601166,Jofre Carreras,3539,H. Pérez,10,0.4084
601275,Rafa Marín,384066,C. Montes,1,0.0815
601275,Rafa Marín,92874,L. Vyntra,2,0.1593
601275,Rafa Marín,70140,Daniel Carriço,3,0.177
601275,Rafa Marín,3527,Kiko Olivas,4,0.1815
601275,Rafa Marín,357991,Édgar González,5,0.1827
601275,Rafa Marín,4918,Deivid,6,0.1903
601275,Rafa Marín,32577,Sidnei,7,0.2052
601275,Rafa Marín,292654,M. Diakhaby,8,0.2099
601275,Rafa Marín,295234,Sergio González,9,0.2233
601275,Rafa Marín,344068,Unai Núñez,10,0.2304
601297,Peter González,344140,A. Ndiaye,1,0.1437
601297,Peter González,127609,F. Malbašić,2,0.2322
601297,Peter González,6525,Edgar Méndez,3,0.2987
601297,Peter González,601883,F. Pellistri,4,0.3197
601297,Peter González,722550,Antoniu Roca,5,0.3293
601297,Peter González,405977,Jordi Mboula,6,0.3637
601297,Peter González,4923,Salvi Sánchez,7,0.3675
601297,Peter González,619855,Borja Sainz,8,0.3977
601297,Peter González,344051,Álex Blanco,9,0.4212
601297,Peter González,609127,Carlos Martín,10,0.491
601883,F. Pellistri,722550,Antoniu Roca,1,0.1648
601883,F. Pellistri,619855,Borja Sainz,2,0.1985
601883,F. Pellistri,4923,Salvi Sánchez,3,0.3075
601883,F. Pellistri,601297,Peter González,4,0.3197
601883,F. Pellistri,434145,Álex Sola,5,0.3492
601883,F. Pellistri,601166,Jofre Carreras,6,0.3978
601883,F. Pellistri,609127,Carlos Martín,7,0.4259
601883,F. Pellistri,344140,A. Ndiaye,8,0.4336
601883,F. Pellistri,6525,Edgar Méndez,9,0.4771
601883,F. Pellistri,713838,Álex Sancris,10,0.5069
602620,T. Buchanan,412897,Dani Raba,1,0.0686
602620,T. Buchanan,212651,C. Musonda,2,0.1871
602620,T. Buchanan,3603,Álvaro Vadillo,3,0.2224
602620,T. Buchanan,26384,G. Kakuta,4,0.2723
602620,T. Buchanan,722567,G. Simeone,5,0.2782
602620,T. Buchanan,346551,I. Hagi,6,0.282
602620,T. Buchanan,239843,Zakaria Bakkali,7,0.2869
602620,T. Buchanan,3420,Markel Susaeta,8,0.2881
602620,T. Buchanan,127719,A. Katai,9,0.2922
602620,T. Buchanan,331385,M. García,10,0.2957
603778,Abel Bretones,149389,J. Toljan,1,0.1157
603778,Abel Bretones,263105,Pablo Maffeo,2,0.178
603778,Abel Bretones,585816,Manu Sánchez,3,0.1944
603778,Abel Bretones,485271,Lucas Rosa,4,0.1958
603778,Abel Bretones,711011,Marc Pubill,5,0.2306
603778,Abel Bretones,472519,Mateu Morey,6,0.2381
603778,Abel Bretones,585538,R. Alhassane,7,0.2549
603778,Abel Bretones,1075948,Davinchi,8,0.2568
603778,Abel Bretones,93000,Antunes,9,0.2734
603778,Abel Bretones,436688,Viti Rozada,10,0.2869
603901,Víctor Meseguer,339794,Raúl Guti,1,0.188
603901,Víctor Meseguer,605383,Beñat Turrientes,2,0.2076
603901,Víctor Meseguer,4507,Álex Fernández,3,0.2303
603901,Víctor Meseguer,471764,Monchu,4,0.2426
603901,Víctor Meseguer,558754,Carlos Dotor,5,0.2532
603901,Víctor Meseguer,542101,S. Cissé,6,0.2564
603901,Víctor Meseguer,4488,Saúl Ñíguez,7,0.2729
603901,Víctor Meseguer,255738,J. Lerma,8,0.3482
603901,Víctor Meseguer,3560,Nacho Monreal,9,0.3641
603901,Víctor Meseguer,282790,D. Sow,10,0.4027
604055,Mika Mármol,20460,M. Cáceres,1,0.1349
604055,Mika Mármol,20722,F. Rossi,2,0.1823
604055,Mika Mármol,4511,Pedro Mosquera,3,0.1937
604055,Mika Mármol,3414,Ander Iturraspe,4,0.2047
604055,Mika Mármol,25470,S. Prcić,5,0.2857
604055,Mika Mármol,15455,J. Geis,6,0.319
604055,Mika Mármol,4805,Anaitz Arbilla,7,0.3276
604055,Mika Mármol,712871,Jon Gorrotxategi,8,0.3411
604055,Mika Mármol,167118,Erik Morán,9,0.3458
604055,Mika Mármol,25553,César Azpilicueta,10,0.3539
604122,Jon Aramburu,3339,Martín Montoya,1,0.0558
604122,Jon Aramburu,7624,Rober Correa,2,0.1137
604122,Jon Aramburu,3557,Jesús Gámez,3,0.123
604122,Jon Aramburu,740187,S. Bajčetić,4,0.1722
604122,Jon Aramburu,3920,Pedro López,5,0.1913
604122,Jon Aramburu,5901,Edu Campabadal,6,0.1991
604122,Jon Aramburu,3464,Antonio Luna,7,0.2221
604122,Jon Aramburu,525130,Álex Centelles,8,0.2755
604122,Jon Aramburu,557401,Bruno Langa,9,0.2846
604122,Jon Aramburu,25452,S. Corchia,10,0.3007
605383,Beñat Turrientes,4507,Álex Fernández,1,0.1284
605383,Beñat Turrientes,542101,S. Cissé,2,0.1509
605383,Beñat Turrientes,471764,Monchu,3,0.1918
605383,Beñat Turrientes,603901,Víctor Meseguer,4,0.2076
605383,Beñat Turrientes,339812,Pape Cheickh,5,0.2217
605383,Beñat Turrientes,5290,Mikel Rico,6,0.2273
605383,Beñat Turrientes,3419,Iñigo Pérez,7,0.2499
605383,Beñat Turrientes,558754,Carlos Dotor,8,0.2624
605383,Beñat Turrientes,339794,Raúl Guti,9,0.2756
605383,Beñat Turrientes,643875,J. Solís,10,0.3014
605385,Raúl Moro,532831,Bryan Gil,1,0.1568
605385,Raúl Moro,281255,E. Mor,2,0.159
605385,Raúl Moro,589806,H. Hassan,3,0.2067
605385,Raúl Moro,471991,Rodrigo Riquelme,4,0.262
605385,Raúl Moro,4337,Lass Bangoura,5,0.2704
605385,Raúl Moro,1127679,Jan Virgili,6,0.3266
605385,Raúl Moro,504301,T. Kubo,7,0.3368
605385,Raúl Moro,6684,Jony,8,0.3422
605385,Raúl Moro,91282,M. Cuero,9,0.3494
605385,Raúl Moro,286830,P. Roberts,10,0.3639
606670,Adrià Altimira,6572,Iza Carcelén,1,0.0561
606670,Adrià Altimira,302542,Nacho Vidal,2,0.0708
606670,Adrià Altimira,393214,V. Rosier,3,0.1135
606670,Adrià Altimira,69409,Š. Vrsaljko,4,0.1251
606670,Adrià Altimira,286994,Adrián Marín,5,0.1578
606670,Adrià Altimira,489488,Martín Aguirregabiria,6,0.1787
606670,Adrià Altimira,653322,Diego Moreno,7,0.1902
606670,Adrià Altimira,170595,E. Insúa,8,0.2043
606670,Adrià Altimira,352761,Luis Pérez,9,0.2439
606670,Adrià Altimira,5327,Miguel Cifuentes,10,0.2482
607496,O. Óskarsson,278348,Enric Gallego,1,0.0927
607496,O. Óskarsson,592582,V. Vanat,2,0.1313
607496,O. Óskarsson,22386,S. Longo,3,0.1319
607496,O. Óskarsson,767660,García Pascual,4,0.2041
607496,O. Óskarsson,559368,A. Adams,5,0.2152
607496,O. Óskarsson,487756,Marcos André,6,0.2187
607496,O. Óskarsson,524274,A. Douvikas,7,0.2375
607496,O. Óskarsson,287219,M. Uzuni,8,0.2471
607496,O. Óskarsson,670456,E. Eyong,9,0.2521
607496,O. Óskarsson,788748,Álvaro Rodríguez,10,0.2871
609127,Carlos Martín,4923,Salvi Sánchez,1,0.1517
609127,Carlos Martín,722550,Antoniu Roca,2,0.2762
609127,Carlos Martín,3281,Juan Bernat,3,0.36870000000000003
609127,Carlos Martín,254898,Kenedy,4,0.3762
609127,Carlos Martín,247220,Jason,5,0.3826
609127,Carlos Martín,601166,Jofre Carreras,6,0.3869
609127,Carlos Martín,3539,H. Pérez,7,0.3973
609127,Carlos Martín,713838,Álex Sancris,8,0.3999
609127,Carlos Martín,545296,Y. Musah,9,0.4043
609127,Carlos Martín,434145,Álex Sola,10,0.4143
611298,Raul García,288865,O. McBurnie,1,0.0618
611298,Raul García,486425,Fer Niño,2,0.1054
611298,Raul García,105376,N. Kalinić,3,0.1891
611298,Raul García,171643,R. Yaremchuk,4,0.1904
611298,Raul García,26167,C. Beauvue,5,0.2002
611298,Raul García,274435,E. Ünal,6,0.2238
611298,Raul García,3577,S. Rondón,7,0.258
611298,Raul García,5268,Sergio León,8,0.2692
611298,Raul García,20733,F. Piovaccari,9,0.2724
611298,Raul García,574907,E. Touré,10,0.2757
611437,M. Diarra,240609,Á. Muñoz,1,0.1266
611437,M. Diarra,471583,I. Baba,2,0.1947
611437,M. Diarra,5055,José Mari,3,0.2032
611437,M. Diarra,435472,U. Račić,4,0.2176
611437,M. Diarra,190172,Juan Cruz,5,0.2208
611437,M. Diarra,295225,Fede San Emeterio,6,0.2922
611437,M. Diarra,3975,Sergio Álvarez,7,0.3103
611437,M. Diarra,3866,M. Iturra,8,0.3354
611437,M. Diarra,92910,L. Fejsa,9,0.3367
611437,M. Diarra,441230,T. Alarcón,10,0.3395
611463,Aimar Oroz,485383,Álex Mula,1,0.0621
611463,Aimar Oroz,357946,Isi Palazón,2,0.1684
611463,Aimar Oroz,624774,Gabri Veiga,3,0.1957
611463,Aimar Oroz,563968,Iker Losada,4,0.2085
611463,Aimar Oroz,3511,Roberto Torres,5,0.222
611463,Aimar Oroz,3423,Ibai Gómez,6,0.2287
611463,Aimar Oroz,37836,M. Lestienne,7,0.2428
611463,Aimar Oroz,639038,A. Zakharyan,8,0.2663
611463,Aimar Oroz,255433,Ricardo Horta,9,0.2831
611463,Aimar Oroz,4252,Aaron Níguez,10,0.2835
612174,Víctor Parada,20936,J. Vargas,1,0.1294
612174,Víctor Parada,399652,Florentino,2,0.2546
612174,Víctor Parada,3829,Oier Sanjurjo,3,0.2613
612174,Víctor Parada,6528,Javi Moyano,4,0.2671
612174,Víctor Parada,6531,Fausto Tienza,5,0.2831
612174,Víctor Parada,3408,Enric Saborit,6,0.2993
612174,Víctor Parada,441230,T. Alarcón,7,0.3042
612174,Víctor Parada,4326,Tito,8,0.3135
612174,Víctor Parada,116170,S. Cristóforo,9,0.3241
612174,Víctor Parada,427886,C. Protesoni,10,0.3341
617894,J. Bellingham,360981,Dani Olmo,1,0.4902
617894,J. Bellingham,8317,David Silva,2,0.5315
617894,J. Bellingham,3425,Iker Muniain,3,0.62
617894,J. Bellingham,300485,Malcom,4,0.6238
617894,J. Bellingham,40800,Ganso,5,0.6562
617894,J. Bellingham,3282,Sergio Canales,6,0.6995
617894,J. Bellingham,3448,A. Turan,7,0.7314
617894,J. Bellingham,3802,Philippe Coutinho,8,0.7779
617894,J. Bellingham,356237,G. Lo Celso,9,0.7918
617894,J. Bellingham,288091,Marco Asensio,10,0.7983
618294,Pedri,8287,L. Modrić,1,0.2654
618294,Pedri,532467,Riqui Puig,2,0.4478
618294,Pedri,3280,É. Banega,3,0.5848
618294,Pedri,8320,S. Nasri,4,0.6045
618294,Pedri,69404,M. Kovačić,5,0.6802
618294,Pedri,373410,F. de Jong,6,0.7138
618294,Pedri,70096,J. Rodríguez,7,0.7336
618294,Pedri,4336,T. Gayoso Roberto,8,0.766
618294,Pedri,3353,Andrés Iniesta,9,0.7706
618294,Pedri,3563,Isco,10,0.7908
618690,José Ángel Carmona,5318,Isma López,1,0.075
618690,José Ángel Carmona,282438,Aarón Martín,2,0.096
618690,José Ángel Carmona,326535,Toni Lato,3,0.1234
618690,José Ángel Carmona,3750,Mikel Balenziaga,4,0.146
618690,José Ángel Carmona,557401,Bruno Langa,5,0.147
618690,José Ángel Carmona,25452,S. Corchia,6,0.1681
618690,José Ángel Carmona,5327,Miguel Cifuentes,7,0.1849
618690,José Ángel Carmona,5902,Brian Oliván,8,0.1929
618690,José Ángel Carmona,352761,Luis Pérez,9,0.2045
618690,José Ángel Carmona,3798,Dídac Vilá,10,0.2179
618697,Iván Romero,401158,L. Suárez,1,0.1519
618697,Iván Romero,7458,Sergi Guardiola,2,0.2589
618697,Iván Romero,70327,N. Ghilas,3,0.2721
618697,Iván Romero,512982,Matheus Cunha,4,0.2738
618697,Iván Romero,536058,Fábio Silva,5,0.3118
618697,Iván Romero,259946,A. Peñaranda,6,0.354
618697,Iván Romero,135848,M. Livaja,7,0.36870000000000003
618697,Iván Romero,784394,Vitor Roque,8,0.384
618697,Iván Romero,101707,F. Smolov,9,0.3891
618697,Iván Romero,655656,Isaac Romero,10,0.4056
619855,Borja Sainz,601883,F. Pellistri,1,0.1985
619855,Borja Sainz,722550,Antoniu Roca,2,0.3613
619855,Borja Sainz,601297,Peter González,3,0.3977
619855,Borja Sainz,6525,Edgar Méndez,4,0.4752
619855,Borja Sainz,434145,Álex Sola,5,0.4775
619855,Borja Sainz,344140,A. Ndiaye,6,0.4909
619855,Borja Sainz,4923,Salvi Sánchez,7,0.5035
619855,Borja Sainz,601166,Jofre Carreras,8,0.5183
619855,Borja Sainz,127609,F. Malbašić,9,0.5612
619855,Borja Sainz,527102,L. Ramazani,10,0.5817
620193,C. Riedel,395114,Igor Zubeldía,1,0.1213
620193,C. Riedel,3335,Marc Bartra,2,0.1581
620193,C. Riedel,279533,Mario Hermoso,3,0.1911
620193,C. Riedel,814546,Carlos Domínguez,4,0.2024
620193,C. Riedel,3671,Íñigo Martínez,5,0.234
620193,C. Riedel,212621,M. Kranevitter,6,0.2445
620193,C. Riedel,25537,G. Krychowiak,7,0.2536
620193,C. Riedel,134502,Aymeric Laporte,8,0.2551
620193,C. Riedel,525104,Dani Vivian,9,0.2619
620193,C. Riedel,3644,Pedro Bigas,10,0.2772
621020,Cristhian Mosquera,32577,Sidnei,1,0.0527
621020,Cristhian Mosquera,596691,Natan,2,0.0985
621020,Cristhian Mosquera,295234,Sergio González,3,0.1263
621020,Cristhian Mosquera,282439,Lluis López,4,0.1407
621020,Cristhian Mosquera,453251,Alejandro Catena,5,0.1411
621020,Cristhian Mosquera,357991,Édgar González,6,0.1421
621020,Cristhian Mosquera,70140,Daniel Carriço,7,0.1442
621020,Cristhian Mosquera,6325,Gonzalo Verdú,8,0.1564
621020,Cristhian Mosquera,375335,J. Aidoo,9,0.1632
621020,Cristhian Mosquera,3523,F. Lejeune,10,0.1696
621046,Yellu Santiago,347333,A. Král,1,0.2777
621046,Yellu Santiago,683848,Urko González,2,0.298
621046,Yellu Santiago,286448,M. Arambarri,3,0.4015
621046,Yellu Santiago,3787,Víctor Álvarez,4,0.4795
621046,Yellu Santiago,5281,A. Nyom,5,0.4799
621046,Yellu Santiago,612174,Víctor Parada,6,0.5062
621046,Yellu Santiago,250899,Carlos Vigaray,7,0.5473
621046,Yellu Santiago,6531,Fausto Tienza,8,0.5496
621046,Yellu Santiago,4272,Ximo Navarro,9,0.5578
621046,Yellu Santiago,3969,Roberto Canella,10,0.5622
621207,Javi Rueda,91702,J. Mojica,1,0.1333
621207,Javi Rueda,293333,M. Ristić,2,0.1857
621207,Javi Rueda,286248,V. Kravets,3,0.1995
621207,Javi Rueda,3325,Juanfran,4,0.2185
621207,Javi Rueda,358801,P. Estupiñán,5,0.2355
621207,Javi Rueda,41029,Douglas,6,0.2693
621207,Javi Rueda,225948,Rubén Peña,7,0.2986
621207,Javi Rueda,5383,Toño García,8,0.30620000000000003
621207,Javi Rueda,230862,Íñigo Lekue,9,0.3069
621207,Javi Rueda,472191,Renan Lodi,10,0.3133
622288,Kaiky,282441,Jesús Vallejo,1,0.0994
622288,Kaiky,387799,F. Russo,2,0.1163
622288,Kaiky,278049,E. Cabaco,3,0.1559
622288,Kaiky,3885,L. Cabrera,4,0.1839
622288,Kaiky,556923,A. Abqar,5,0.2228
622288,Kaiky,6317,Unai García,6,0.2277
622288,Kaiky,225085,Fali,7,0.2461
622288,Kaiky,3381,Borja Fernández,8,0.256
622288,Kaiky,364772,C. Awaziem,9,0.2612
622288,Kaiky,3670,Mikel González,10,0.2799
622390,C. Özkacar,473366,Víctor Chust,1,0.0261
622390,C. Özkacar,652014,César Tárrega,2,0.0987
622390,C. Özkacar,3496,Sergio Postigo,3,0.1175
622390,C. Özkacar,5472,Luis Hernández,4,0.1404
622390,C. Özkacar,3788,J. Amat,5,0.1422
622390,C. Özkacar,557066,K. Piątkowski,6,0.1581
622390,C. Özkacar,344102,Javi Sánchez,7,0.1764
622390,C. Özkacar,3970,Alejandro Gálvez,8,0.1783
622390,C. Özkacar,567461,Jorge Herrando,9,0.1846
622390,C. Özkacar,298353,José Martínez,10,0.1859
622787,M. Cho,71911,Hernâni,1,0.2405
622787,M. Cho,694506,Bryan Zaragoza,2,0.2479
622787,M. Cho,654823,Nico Williams,3,0.4084
622787,M. Cho,281255,E. Mor,4,0.4618
622787,M. Cho,91282,M. Cuero,5,0.4798
622787,M. Cho,626123,Ilias Akhomach,6,0.4821
622787,M. Cho,643199,A. Ezzalzouli,7,0.5122
622787,M. Cho,605385,Raúl Moro,8,0.5339
622787,M. Cho,682943,T. Dolan,9,0.5477
622787,M. Cho,32601,Bebé,10,0.5584
624498,Martim Neto,3536,Moi Gómez,1,0.1476
624498,Martim Neto,499596,S. Dest,2,0.1701
624498,Martim Neto,582472,L. Sučić,3,0.1953
624498,Martim Neto,240680,Aleix Febas,4,0.2083
624498,Martim Neto,211885,André Gomes,5,0.2581
624498,Martim Neto,3803,Sergi Darder,6,0.2643
624498,Martim Neto,399676,Pablo Fornals,7,0.2943
624498,Martim Neto,25888,F. Fajr,8,0.3048
624498,Martim Neto,4791,J. González,9,0.3078
624498,Martim Neto,14866,José Manuel Jurado,10,0.3135
624613,Juanlu Sánchez,209012,Kévin Rodrigues,1,0.1886
624613,Juanlu Sánchez,3972,Álex Menéndez,2,0.208
624613,Juanlu Sánchez,4997,Antoñito,3,0.21
624613,Juanlu Sánchez,559200,Ricard Sánchez,4,0.2171
624613,Juanlu Sánchez,744854,Hugo Rincón,5,0.2352
624613,Juanlu Sánchez,297043,F. Cervi,6,0.2528
624613,Juanlu Sánchez,367391,Toni Moya,7,0.2613
624613,Juanlu Sánchez,357992,Aitor Ruibal,8,0.2635
624613,Juanlu Sánchez,137298,Jonathan Silva,9,0.2797
624613,Juanlu Sánchez,655335,Yusi,10,0.2944
624615,Carlos Álvarez,3645,Chory Castro,1,0.0939
624615,Carlos Álvarez,3420,Markel Susaeta,2,0.1623
624615,Carlos Álvarez,495674,Samuel Lino,3,0.2079
624615,Carlos Álvarez,240445,Andreas Pereira,4,0.2215
624615,Carlos Álvarez,4034,Fidel,5,0.2264
624615,Carlos Álvarez,3987,Ó. Trejo,6,0.2511
624615,Carlos Álvarez,410026,Álex Collado,7,0.291
624615,Carlos Álvarez,230897,F. Cartabia,8,0.3029
624615,Carlos Álvarez,112556,J. Aquino,9,0.3089
624615,Carlos Álvarez,544862,Germán Valera,10,0.3173
624774,Gabri Veiga,255433,Ricardo Horta,1,0.1229
624774,Gabri Veiga,611463,Aimar Oroz,2,0.1957
624774,Gabri Veiga,485383,Álex Mula,3,0.2128
624774,Gabri Veiga,357946,Isi Palazón,4,0.2185
624774,Gabri Veiga,563968,Iker Losada,5,0.2379
624774,Gabri Veiga,560889,Nico Melamed,6,0.2426
624774,Gabri Veiga,37836,M. Lestienne,7,0.2486
624774,Gabri Veiga,3357,Isaac Cuenca,8,0.2968
624774,Gabri Veiga,275293,Samu García,9,0.3082
624774,Gabri Veiga,14836,T. Inui,10,0.3113
624854,Manu Fernández,856312,Yoel Lago,1,0.2937
624854,Manu Fernández,29642,G. Peñalba,2,0.3054
624854,Manu Fernández,141176,V. Angban,3,0.3426
624854,Manu Fernández,364860,Rodri,4,0.3739
624854,Manu Fernández,809746,Andrés Castrín,5,0.4097
624854,Manu Fernández,40756,Casemiro,6,0.449
624854,Manu Fernández,535789,D. Affengruber,7,0.4622
624854,Manu Fernández,4361,Javi Castellano,8,0.481
624854,Manu Fernández,8032,Marcos Alonso,9,0.4992
624854,Manu Fernández,410062,J. Koundé,10,0.5174
626123,Ilias Akhomach,682943,T. Dolan,1,0.1479
626123,Ilias Akhomach,6684,Jony,2,0.2777
626123,Ilias Akhomach,32601,Bebé,3,0.3053
626123,Ilias Akhomach,5138,Wellington Silva,4,0.3586
626123,Ilias Akhomach,281255,E. Mor,5,0.3735
626123,Ilias Akhomach,579987,Jon Morcillo,6,0.3838
626123,Ilias Akhomach,694506,Bryan Zaragoza,7,0.4145
626123,Ilias Akhomach,411422,B. Ocampo,8,0.4188
626123,Ilias Akhomach,838872,Coba da Costa,9,0.4207
626123,Ilias Akhomach,337070,Toni Villa,10,0.4393
626229,Mario Martín,127928,D. Brašanac,1,0.1732
626229,Mario Martín,230895,Pere Pons,2,0.3096
626229,Mario Martín,694062,Pablo Ibáñez,3,0.3713
626229,Mario Martín,4515,Óscar Plano,4,0.3921
626229,Mario Martín,286448,M. Arambarri,5,0.3989
626229,Mario Martín,425893,L. Ilić,6,0.4665
626229,Mario Martín,551419,Alberto Soro,7,0.4722
626229,Mario Martín,713064,Pablo Marín,8,0.482
626229,Mario Martín,94828,G. Shibasaki,9,0.4829
626229,Mario Martín,334154,A. Tuhami,10,0.4839
631404,Alejandro Balde,446483,André Almeida,1,0.204
631404,Alejandro Balde,8213,Rubén Rochina,2,0.2594
631404,Alejandro Balde,346119,Manu García,3,0.2897
631404,Alejandro Balde,523326,Manu Fuster,4,0.2999
631404,Alejandro Balde,3572,Portillo,5,0.3235
631404,Alejandro Balde,788852,Hugo Álvarez,6,0.3353
631404,Alejandro Balde,769742,Rodrigo Mendoza,7,0.3508
631404,Alejandro Balde,499596,S. Dest,8,0.3589
631404,Alejandro Balde,26515,F. Kadir,9,0.3756
631404,Alejandro Balde,536142,Miguel Gutiérrez,10,0.3822
631908,Marc Casadó,3286,Dani Parejo,1,0.2904
631908,Marc Casadó,3443,Koke,2,0.3851
631908,Marc Casadó,14757,Z. Kuzmanović,3,0.3896
631908,Marc Casadó,4487,Sergio Marcos,4,0.4388
631908,Marc Casadó,696440,Damián Rodríguez,5,0.4578
631908,Marc Casadó,559647,Kirian Rodríguez,6,0.4719
631908,Marc Casadó,89550,M. Díaz,7,0.5
631908,Marc Casadó,3346,Sergio Busquets,8,0.5103
631908,Marc Casadó,285590,S. Amrabat,9,0.5237
631908,Marc Casadó,3347,Sergi Roberto,10,0.5805
633438,B. Yıldırım,251570,M. Sylla,1,0.5729
633438,B. Yıldırım,487598,Miguel de la Fuente,2,0.6145
633438,B. Yıldırım,534083,Chris Ramos,3,0.628
633438,B. Yıldırım,558779,Juanmi Latasa,4,0.7531
633438,B. Yıldırım,487756,Marcos André,5,0.8182
633438,B. Yıldırım,291231,Toni Martínez,6,0.8247
633438,B. Yıldırım,22386,S. Longo,7,0.8596
633438,B. Yıldırım,559368,A. Adams,8,0.9161
633438,B. Yıldırım,713837,Diego García,9,0.9338
633438,B. Yıldırım,743536,A. Véliz,10,0.9533
634204,E. Barrenechea,249917,M. Malsa,1,0.1905
634204,E. Barrenechea,879052,Javi Rodríguez,2,0.1952
634204,E. Barrenechea,86828,G. Pizarro,3,0.2081
634204,E. Barrenechea,5289,Fran Rico,4,0.2116
634204,E. Barrenechea,7899,Oriol Romeu,5,0.2277
634204,E. Barrenechea,4757,Luso,6,0.2449
634204,E. Barrenechea,40756,Casemiro,7,0.2529
634204,E. Barrenechea,217031,T. Partey,8,0.2629
634204,E. Barrenechea,5907,Sergi Samper,9,0.2794
634204,E. Barrenechea,25623,G. Kondogbia,10,0.2822
634666,Diego López,25477,S. Gürler,1,0.2279
634666,Diego López,251565,Álvaro García,2,0.2917
634666,Diego López,397109,Jota,3,0.3137
634666,Diego López,501471,I. Chaira,4,0.3168
634666,Diego López,344053,Carles Pérez,5,0.332
634666,Diego López,344936,I. Cardona,6,0.3411
634666,Diego López,218549,Garry Rodrigues,7,0.3446
634666,Diego López,269137,T. Bongonda,8,0.3558
634666,Diego López,4127,J. Feliu,9,0.3582
634666,Diego López,1016232,Jesús Rodríguez,10,0.3682
636122,Alejandro Francés,290954,K. Tierney,1,0.0683
636122,Alejandro Francés,4789,Carles Planas,2,0.3473
636122,Alejandro Francés,4013,Rubén Pérez,3,0.3939
636122,Alejandro Francés,213308,Júnior Alonso,4,0.4244
636122,Alejandro Francés,93033,Edimar,5,0.4555
636122,Alejandro Francés,22566,A. Florenzi,6,0.4589
636122,Alejandro Francés,4424,Jonny Otto,7,0.5162
636122,Alejandro Francés,3351,Kiko Femenía,8,0.5315
636122,Alejandro Francés,225939,Xavi Quintillà,9,0.5468
636122,Alejandro Francés,590721,M. Ruggeri,10,0.5727
639038,A. Zakharyan,5791,J. Añor,1,0.116
639038,A. Zakharyan,3511,Roberto Torres,2,0.155
639038,A. Zakharyan,3423,Ibai Gómez,3,0.2119
639038,A. Zakharyan,485383,Álex Mula,4,0.2389
639038,A. Zakharyan,611463,Aimar Oroz,5,0.2663
639038,A. Zakharyan,258022,V. Tsygankov,6,0.2867
639038,A. Zakharyan,357946,Isi Palazón,7,0.2885
639038,A. Zakharyan,563968,Iker Losada,8,0.3172
639038,A. Zakharyan,302550,Brais Méndez,9,0.3212
639038,A. Zakharyan,3358,Cristian Tello,10,0.3236
642237,Gerard Martín,70083,Danilo,1,0.1752
642237,Gerard Martín,3413,Ander Herrera,2,0.2827
642237,Gerard Martín,3301,Arbeloa,3,0.2956
642237,Gerard Martín,3653,F. Tissone,4,0.3035
642237,Gerard Martín,352787,Pepelu,5,0.3035
642237,Gerard Martín,86623,A. Fernández,6,0.3267
642237,Gerard Martín,3442,Fran Mérida,7,0.3384
642237,Gerard Martín,3676,Asier Illarramendi,8,0.3482
642237,Gerard Martín,4821,Michel Herrero,9,0.3538
642237,Gerard Martín,26084,L. Carole,10,0.3629
643199,A. Ezzalzouli,1127679,Jan Virgili,1,0.2112
643199,A. Ezzalzouli,91282,M. Cuero,2,0.2521
643199,A. Ezzalzouli,239843,Zakaria Bakkali,3,0.3027
643199,A. Ezzalzouli,257752,M. Moreno,4,0.3092
643199,A. Ezzalzouli,71911,Hernâni,5,0.3144
643199,A. Ezzalzouli,504301,T. Kubo,6,0.3193
643199,A. Ezzalzouli,4337,Lass Bangoura,7,0.3298
643199,A. Ezzalzouli,654823,Nico Williams,8,0.3403
643199,A. Ezzalzouli,532831,Bryan Gil,9,0.3474
643199,A. Ezzalzouli,5291,Jaime Romero,10,0.3652
643875,J. Solís,542101,S. Cissé,1,0.1794
643875,J. Solís,3419,Iñigo Pérez,2,0.2047
643875,J. Solís,3680,David Zurutuza,3,0.2348
643875,J. Solís,3808,Javi Márquez,4,0.2351
643875,J. Solís,460552,P. Gueye,5,0.238
643875,J. Solís,5290,Mikel Rico,6,0.2421
643875,J. Solís,471764,Monchu,7,0.2427
643875,J. Solís,279526,W. Kaptoum,8,0.2657
643875,J. Solís,339812,Pape Cheickh,9,0.2766
643875,J. Solís,3977,Nacho Cases,10,0.2982
644114,L. Romero,4778,Coro,1,0.211
644114,L. Romero,256854,L. Suárez,2,0.2971
644114,L. Romero,532815,Miguel Baeza,3,0.3951
644114,L. Romero,279566,Jon Guridi,4,0.4183
644114,L. Romero,230934,Josep Señé,5,0.4227
644114,L. Romero,6370,Eraso,6,0.4329
644114,L. Romero,285743,D. van de Beek,7,0.4426
644114,L. Romero,547492,Reinier,8,0.4498
644114,L. Romero,3479,Manu del Moral,9,0.52
644114,L. Romero,20450,Bojan Krkić,10,0.5211
645035,Dário Essugo,812973,V. Gómez,1,0.114
645035,Dário Essugo,456053,J. Foyth,2,0.1907
645035,Dário Essugo,286963,Mikel Vesga,3,0.194
645035,Dário Essugo,366584,L. Pétrot,4,0.2033
645035,Dário Essugo,563961,José Fontán,5,0.222
645035,Dário Essugo,598620,Johnny Cardoso,6,0.2273
645035,Dário Essugo,582098,D. Lopy,7,0.2459
645035,Dário Essugo,25405,M. Gonalons,8,0.2538
645035,Dário Essugo,134476,F. Barba,9,0.2544
645035,Dário Essugo,91064,D. Torres,10,0.2598
645789,Iker Muñoz,286963,Mikel Vesga,1,0.1491
645789,Iker Muñoz,255738,J. Lerma,2,0.1626
645789,Iker Muñoz,3560,Nacho Monreal,3,0.1989
645789,Iker Muñoz,582098,D. Lopy,4,0.2072
645789,Iker Muñoz,436785,Y. Neyou,5,0.2198
645789,Iker Muñoz,3409,Mikel San José,6,0.2949
645789,Iker Muñoz,352788,Manu Morlanes,7,0.301
645789,Iker Muñoz,263091,Gerard Gumbau,8,0.3099
645789,Iker Muñoz,558754,Carlos Dotor,9,0.3112
645789,Iker Muñoz,366584,L. Pétrot,10,0.3155
645877,Y. Mosquera,278288,Aritz Elustondo,1,0.1434
645877,Y. Mosquera,935301,Marcos Peña,2,0.1626
645877,Y. Mosquera,3510,David Timor,3,0.178
645877,Y. Mosquera,428131,P. Akouokou,4,0.2389
645877,Y. Mosquera,4325,Jorge Pulido,5,0.2425
645877,Y. Mosquera,453270,M. Hongla,6,0.243
645877,Y. Mosquera,473364,Hugo Guillamón,7,0.2536
645877,Y. Mosquera,32978,O. Yokuşlu,8,0.2607
645877,Y. Mosquera,593173,Aiham Ousou,9,0.2622
645877,Y. Mosquera,518092,P. Ciss,10,0.2871
647161,Gavi,3572,Portillo,1,0.1504
647161,Gavi,240680,Aleix Febas,2,0.2067
647161,Gavi,4007,Diego Castro,3,0.2201
647161,Gavi,769742,Rodrigo Mendoza,4,0.2601
647161,Gavi,364864,Pedro Díaz,5,0.2781
647161,Gavi,582472,L. Sučić,6,0.2802
647161,Gavi,3537,Cani,7,0.2892
647161,Gavi,3803,Sergi Darder,8,0.297
647161,Gavi,302550,Brais Méndez,9,0.3005
647161,Gavi,624498,Martim Neto,10,0.3157
648423,Alberto Moleiro,20441,E. Lamela,1,0.1924
648423,Alberto Moleiro,226005,Burgui,2,0.2046
648423,Alberto Moleiro,258022,V. Tsygankov,3,0.228
648423,Alberto Moleiro,254408,Á. Correa,4,0.3246
648423,Alberto Moleiro,3423,Ibai Gómez,5,0.3526
648423,Alberto Moleiro,135938,I. Cavaleiro,6,0.3569
648423,Alberto Moleiro,5791,J. Añor,7,0.3754
648423,Alberto Moleiro,639038,A. Zakharyan,8,0.3885
648423,Alberto Moleiro,518746,Lee Kang-In,9,0.3941
648423,Alberto Moleiro,4257,J. Zongo,10,0.3992
652014,César Tárrega,622390,C. Özkacar,1,0.0987
652014,César Tárrega,3496,Sergio Postigo,2,0.1054
652014,César Tárrega,298353,José Martínez,3,0.1156
652014,César Tárrega,473366,Víctor Chust,4,0.1206
652014,César Tárrega,508021,Jorge Cuenca,5,0.1353
652014,César Tárrega,916711,Juma Bah,6,0.1489
652014,César Tárrega,567461,Jorge Herrando,7,0.1578
652014,César Tárrega,404693,M. Kumbulla,8,0.1579
652014,César Tárrega,8609,A. Alcáraz,9,0.1764
652014,César Tárrega,7857,Ignasi Miquel,10,0.1996
652912,W. Swedberg,3287,Portu,1,0.0997
652912,W. Swedberg,339857,José Arnáiz,2,0.1738
652912,W. Swedberg,4880,Rober Ibáñez,3,0.2162
652912,W. Swedberg,88642,E. Ávila,4,0.2292
652912,W. Swedberg,3629,Viguera,5,0.2925
652912,W. Swedberg,116283,D. Rolán,6,0.2989
652912,W. Swedberg,1720,S. Becker,7,0.3023
652912,W. Swedberg,247141,Iñaki Williams,8,0.3446
652912,W. Swedberg,91268,F. Hinestroza,9,0.3459
652912,W. Swedberg,404757,J. Kluivert,10,0.3596
653322,Diego Moreno,69409,Š. Vrsaljko,1,0.127
653322,Diego Moreno,393214,V. Rosier,2,0.1411
653322,Diego Moreno,225022,Rubén Duarte,3,0.169
653322,Diego Moreno,242697,Kevin Vázquez,4,0.1757
653322,Diego Moreno,302542,Nacho Vidal,5,0.1884
653322,Diego Moreno,606670,Adrià Altimira,6,0.1902
653322,Diego Moreno,70164,Miguel Lopes,7,0.192
653322,Diego Moreno,6572,Iza Carcelén,8,0.1934
653322,Diego Moreno,3806,Javi López,9,0.2078
653322,Diego Moreno,352761,Luis Pérez,10,0.2342
654823,Nico Williams,643199,A. Ezzalzouli,1,0.3403
654823,Nico Williams,694506,Bryan Zaragoza,2,0.3691
654823,Nico Williams,281255,E. Mor,3,0.3759
654823,Nico Williams,1127679,Jan Virgili,4,0.3772
654823,Nico Williams,605385,Raúl Moro,5,0.378
654823,Nico Williams,71911,Hernâni,6,0.3818
654823,Nico Williams,4337,Lass Bangoura,7,0.3993
654823,Nico Williams,622787,M. Cho,8,0.4084
654823,Nico Williams,504301,T. Kubo,9,0.4379
654823,Nico Williams,532831,Bryan Gil,10,0.4591
655335,Yusi,4997,Antoñito,1,0.1003
655335,Yusi,21793,C. Piccini,2,0.111
655335,Yusi,501165,Lucas Pires,3,0.1352
655335,Yusi,3598,Álex Martínez,4,0.1592
655335,Yusi,367391,Toni Moya,5,0.1712
655335,Yusi,354123,Pol Lirola,6,0.1965
655335,Yusi,301016,R. Perraud,7,0.2039
655335,Yusi,167145,Héctor Bellerín,8,0.2245
655335,Yusi,279560,Andoni Gorosabel,9,0.2364
655335,Yusi,477082,Emerson Royal,10,0.2379
655656,Isaac Romero,947211,C. Uche,1,0.1429
655656,Isaac Romero,546863,W. Cheddira,2,0.2406
655656,Isaac Romero,334817,L. Boyé,3,0.2574
655656,Isaac Romero,401158,L. Suárez,4,0.3648
655656,Isaac Romero,116319,M. Santos,5,0.3893
655656,Isaac Romero,744761,Mateo Joseph,6,0.3937
655656,Isaac Romero,618697,Iván Romero,7,0.4056
655656,Isaac Romero,7458,Sergi Guardiola,8,0.4233
655656,Isaac Romero,278324,Carlos Fernández,9,0.4443
655656,Isaac Romero,536058,Fábio Silva,10,0.4843
657882,Rubén Sánchez,400544,Miguel Llambrich,1,0.4196
657882,Rubén Sánchez,593803,Carlos Romero,2,0.4237
657882,Rubén Sánchez,297921,Pacha,3,0.5266
657882,Rubén Sánchez,373541,Aitor Buñuel,4,0.5461
657882,Rubén Sánchez,770391,A. Aznou,5,0.5666
657882,Rubén Sánchez,381233,Houboulang Mendes,6,0.5758
657882,Rubén Sánchez,93000,Antunes,7,0.5915
657882,Rubén Sánchez,263105,Pablo Maffeo,8,0.6432
657882,Rubén Sánchez,551442,Pedro Porro,9,0.6908
657882,Rubén Sánchez,603778,Abel Bretones,10,0.7018
659244,Ramón Terrats,279538,Marcos Llorente,1,0.1037
659244,Ramón Terrats,747916,Javi Guerra,2,0.1869
659244,Ramón Terrats,3313,José Callejón,3,0.2187
659244,Ramón Terrats,499843,Edu Expósito,4,0.2428
659244,Ramón Terrats,3979,De las Cuevas,5,0.2605
659244,Ramón Terrats,478999,Kike Pérez,6,0.2676
659244,Ramón Terrats,279569,Sangalli,7,0.2769
659244,Ramón Terrats,590503,Ilaix Moriba,8,0.2968
659244,Ramón Terrats,279539,Javi Muñoz,9,0.2971
659244,Ramón Terrats,357981,Gonzalo Villar,10,0.3086
661732,Savinho,105378,Y. Konoplyanka,1,0.2788
661732,Savinho,237034,Gonçalo Guedes,2,0.2939
661732,Savinho,374800,M. Vargas,3,0.3018
661732,Savinho,215983,S. Boufal,4,0.3142
661732,Savinho,4597,Saúl Berjón,5,0.3295
661732,Savinho,504301,T. Kubo,6,0.3566
661732,Savinho,1182657,Y. Diomande,7,0.3592
661732,Savinho,4337,Lass Bangoura,8,0.3653
661732,Savinho,1127679,Jan Virgili,9,0.4229
661732,Savinho,471991,Rodrigo Riquelme,10,0.4287
663974,Á. Algobia,405976,Pol Lozano,1,0.136
663974,Á. Algobia,488961,Samú Costa,2,0.1658
663974,Á. Algobia,593442,Beñat Prados,3,0.1709
663974,Á. Algobia,3529,Mario Gaspar,4,0.2412
663974,Á. Algobia,3826,Roberto Lago,5,0.2916
663974,Á. Algobia,4936,David Simón,6,0.3038
663974,Á. Algobia,4371,Dani Castellano,7,0.3108
663974,Á. Algobia,167120,Fran Varela,8,0.3244
663974,Á. Algobia,86198,J. Sánchez Miño,9,0.3246
663974,Á. Algobia,3460,Coke,10,0.3269
669602,N. Jackson,26638,K. Toko-Ekambi,1,0.23
669602,N. Jackson,563391,G. Mikautadze,2,0.2756
669602,N. Jackson,764899,Endrick,3,0.2969
669602,N. Jackson,25445,K. Gameiro,4,0.3175
669602,N. Jackson,399599,A. Isak,5,0.3201
669602,N. Jackson,135923,Gonçalo Paciência,6,0.3497
669602,N. Jackson,452264,Marc Cardona,7,0.366
669602,N. Jackson,3605,Jorge Molina,8,0.4462
669602,N. Jackson,3294,Roberto Soldado,9,0.4861
669602,N. Jackson,4338,Diego Costa,10,0.5049
670456,E. Eyong,788748,Álvaro Rodríguez,1,0.1231
670456,E. Eyong,287219,M. Uzuni,2,0.1231
670456,E. Eyong,364820,Loren Morón,3,0.196
670456,E. Eyong,7629,Jaime Mata,4,0.2367
670456,E. Eyong,592582,V. Vanat,5,0.25
670456,E. Eyong,607496,O. Óskarsson,6,0.2521
670456,E. Eyong,228902,J. Calleri,7,0.261
670456,E. Eyong,94764,Y. Muto,8,0.2613
670456,E. Eyong,278348,Enric Gallego,9,0.265
670456,E. Eyong,278015,J. Rodríguez,10,0.2752
678620,Arnau Martínez,550229,Jon Moncayola,1,0.079
678620,Arnau Martínez,938660,Mikel Jauregizar,2,0.1611
678620,Arnau Martínez,25441,M. Sissoko,3,0.2016
678620,Arnau Martínez,452293,Sergio Ruiz,4,0.2031
678620,Arnau Martínez,42183,Petros,5,0.2135
678620,Arnau Martínez,26792,R. Aït-Atmane,6,0.2201
678620,Arnau Martínez,70139,E. Insúa,7,0.2237
678620,Arnau Martínez,6035,Rubén Alcaraz,8,0.226
678620,Arnau Martínez,51217,L. Augustinsson,9,0.2318
678620,Arnau Martínez,4238,Michel Macedo,10,0.2321
682943,T. Dolan,626123,Ilias Akhomach,1,0.1479
682943,T. Dolan,32601,Bebé,2,0.1806
682943,T. Dolan,5138,Wellington Silva,3,0.2813
682943,T. Dolan,411422,B. Ocampo,4,0.3087
682943,T. Dolan,838872,Coba da Costa,5,0.3212
682943,T. Dolan,579987,Jon Morcillo,6,0.344
682943,T. Dolan,6684,Jony,7,0.3634
682943,T. Dolan,339790,Kike Barja,8,0.3737
682943,T. Dolan,337070,Toni Villa,9,0.3788
682943,T. Dolan,393881,H. Toledo,10,0.3966
683194,T. Barry,282449,Asier Villalibre,1,0.1528
683194,T. Barry,5268,Sergio León,2,0.2067
683194,T. Barry,274435,E. Ünal,3,0.2219
683194,T. Barry,20733,F. Piovaccari,4,0.229
683194,T. Barry,105376,N. Kalinić,5,0.2646
683194,T. Barry,364845,Rafa Mir,6,0.2993
683194,T. Barry,492443,V. Castellanos,7,0.311
683194,T. Barry,814737,Samu Omorodion,8,0.3247
683194,T. Barry,3874,Kike García,9,0.3323
683194,T. Barry,329064,C. Larin,10,0.3411
683848,Urko González,621046,Yellu Santiago,1,0.298
683848,Urko González,6531,Fausto Tienza,2,0.3287
683848,Urko González,612174,Víctor Parada,3,0.3494
683848,Urko González,441230,T. Alarcón,4,0.3715
683848,Urko González,427886,C. Protesoni,5,0.3918
683848,Urko González,4272,Ximo Navarro,6,0.3946
683848,Urko González,7585,Manu García,7,0.4142
683848,Urko González,286448,M. Arambarri,8,0.4335
683848,Urko González,6528,Javi Moyano,9,0.4385
683848,Urko González,20936,J. Vargas,10,0.4569
688446,Chadi Riad,831472,Jon Martín,1,0.0729
688446,Chadi Riad,4065,J. Murillo,2,0.1285
688446,Chadi Riad,25831,C. Medjani,3,0.1529
688446,Chadi Riad,41363,Gabriel Paulista,4,0.1671
688446,Chadi Riad,288081,S. McKenna,5,0.1737
688446,Chadi Riad,3338,Sergi Gómez,6,0.1945
688446,Chadi Riad,3642,Iván Ramis,7,0.1999
688446,Chadi Riad,453251,Alejandro Catena,8,0.2274
688446,Chadi Riad,6325,Gonzalo Verdú,9,0.2389
688446,Chadi Riad,70112,E. Garay,10,0.2451
689107,Renato Veiga,4355,David García,1,0.1374
689107,Renato Veiga,446859,Peru Nolaskoain,2,0.1498
689107,Renato Veiga,364003,S. Bueno,3,0.1807
689107,Renato Veiga,366581,J. Gnagnon,4,0.1963
689107,Renato Veiga,4303,David López,5,0.2186
689107,Renato Veiga,279533,Mario Hermoso,6,0.2318
689107,Renato Veiga,485083,David Carmo,7,0.2319
689107,Renato Veiga,134503,C. Lenglet,8,0.2454
689107,Renato Veiga,567016,Jon Pacheco,9,0.2694
689107,Renato Veiga,814546,Carlos Domínguez,10,0.2795
691939,T. Nikitscher,5112,Lucas Torró,1,0.2181
691939,T. Nikitscher,28232,I. Amadou,2,0.2303
691939,T. Nikitscher,208945,César de la Hoz,3,0.2546
691939,T. Nikitscher,3674,Markel Bergara,4,0.287
691939,T. Nikitscher,32793,A. N'Diaye,5,0.3065
691939,T. Nikitscher,128742,N. Vukčević,6,0.317
691939,T. Nikitscher,3933,Xavi Torres,7,0.3235
691939,T. Nikitscher,134702,L. Dendoncker,8,0.3659
691939,T. Nikitscher,20685,R. Krhin,9,0.3797
691939,T. Nikitscher,3704,Pape Diop,10,0.3827
693939,Pablo Torre,28922,T. Lemar,1,0.1543
693939,Pablo Torre,134177,José Pozo,2,0.2565
693939,Pablo Torre,694195,Rodri Sánchez,3,0.2702
693939,Pablo Torre,8323,Denis Suárez,4,0.2725
693939,Pablo Torre,4791,J. González,5,0.281
693939,Pablo Torre,499596,S. Dest,6,0.3734
693939,Pablo Torre,4879,Carles Gil,7,0.3923
693939,Pablo Torre,25461,R. Boudebouz,8,0.3937
693939,Pablo Torre,253,Q. Promes,9,0.4026
693939,Pablo Torre,3285,Pablo Hernández,10,0.4075
693943,A. Rebbach,275298,Adri Embarba,1,0.1199
693943,A. Rebbach,584938,Fran Pérez,2,0.2818
693943,A. Rebbach,403706,A. Mallé,3,0.2857
693943,A. Rebbach,537561,Carlos Vicente,4,0.2922
693943,A. Rebbach,713838,Álex Sancris,5,0.3096
693943,A. Rebbach,596822,Luiz Henrique,6,0.3237
693943,A. Rebbach,116898,D. Machís,7,0.348
693943,A. Rebbach,601166,Jofre Carreras,8,0.3817
693943,A. Rebbach,247220,Jason,9,0.3904
693943,A. Rebbach,838872,Coba da Costa,10,0.3918
694062,Pablo Ibáñez,230895,Pere Pons,1,0.2299
694062,Pablo Ibáñez,3380,Juan Domínguez,2,0.2871
694062,Pablo Ibáñez,94828,G. Shibasaki,3,0.2937
694062,Pablo Ibáñez,713064,Pablo Marín,4,0.2974
694062,Pablo Ibáñez,4515,Óscar Plano,5,0.3211
694062,Pablo Ibáñez,363717,Y. Herrera,6,0.3679
694062,Pablo Ibáñez,127928,D. Brašanac,7,0.368
694062,Pablo Ibáñez,237269,S. Lukić,8,0.3697
694062,Pablo Ibáñez,626229,Mario Martín,9,0.3713
694062,Pablo Ibáñez,352747,Miguel Olavide,10,0.3947
694195,Rodri Sánchez,134177,José Pozo,1,0.0884
694195,Rodri Sánchez,693939,Pablo Torre,2,0.2702
694195,Rodri Sánchez,28922,T. Lemar,3,0.2851
694195,Rodri Sánchez,4791,J. González,4,0.3229
694195,Rodri Sánchez,112522,J. Corona,5,0.378
694195,Rodri Sánchez,25461,R. Boudebouz,6,0.3984
694195,Rodri Sánchez,21077,A. Gómez,7,0.4145
694195,Rodri Sánchez,3571,Joaquín,8,0.4217
694195,Rodri Sánchez,4969,Tana,9,0.4441
694195,Rodri Sánchez,4278,Borja García,10,0.4478
694310,Raúl Torrente,4720,Xisco Campos,1,0.1882
694310,Raúl Torrente,211853,Rúben Vezo,2,0.2461
694310,Raúl Torrente,3970,Alejandro Gálvez,3,0.287
694310,Raúl Torrente,652014,César Tárrega,4,0.3117
694310,Raúl Torrente,376362,Luiz Felipe,5,0.3254
694310,Raúl Torrente,364817,Tachi,6,0.3356
694310,Raúl Torrente,50102,F. Schär,7,0.3384
694310,Raúl Torrente,508021,Jorge Cuenca,8,0.3452
694310,Raúl Torrente,5121,Jorge Morcillo,9,0.3486
694310,Raúl Torrente,8609,A. Alcáraz,10,0.3572
694506,Bryan Zaragoza,622787,M. Cho,1,0.2479
694506,Bryan Zaragoza,281255,E. Mor,2,0.3419
694506,Bryan Zaragoza,654823,Nico Williams,3,0.3691
694506,Bryan Zaragoza,71911,Hernâni,4,0.3972
694506,Bryan Zaragoza,6684,Jony,5,0.4003
694506,Bryan Zaragoza,626123,Ilias Akhomach,6,0.4145
694506,Bryan Zaragoza,605385,Raúl Moro,7,0.4676
694506,Bryan Zaragoza,682943,T. Dolan,8,0.5296
694506,Bryan Zaragoza,91282,M. Cuero,9,0.5798
694506,Bryan Zaragoza,643199,A. Ezzalzouli,10,0.5908
696440,Damián Rodríguez,14757,Z. Kuzmanović,1,0.1365
696440,Damián Rodríguez,37762,William Carvalho,2,0.3493
696440,Damián Rodríguez,559647,Kirian Rodríguez,3,0.3651
696440,Damián Rodríguez,631908,Marc Casadó,4,0.4578
696440,Damián Rodríguez,3346,Sergio Busquets,5,0.4713
696440,Damián Rodríguez,5286,A. Moreno,6,0.4827
696440,Damián Rodríguez,3286,Dani Parejo,7,0.5078
696440,Damián Rodríguez,3476,I. Rakitić,8,0.5226
696440,Damián Rodríguez,89550,M. Díaz,9,0.5269
696440,Damián Rodríguez,777938,Dean Huijsen,10,0.616
696658,O. El Hilali,225022,Rubén Duarte,1,0.182
696658,O. El Hilali,242697,Kevin Vázquez,2,0.2396
696658,O. El Hilali,70164,Miguel Lopes,3,0.2583
696658,O. El Hilali,3806,Javi López,4,0.2636
696658,O. El Hilali,653322,Diego Moreno,5,0.2713
696658,O. El Hilali,21842,C. Biraghi,6,0.2845
696658,O. El Hilali,3856,Molinero,7,0.3026
696658,O. El Hilali,393214,V. Rosier,8,0.3129
696658,O. El Hilali,3375,Laure,9,0.3221
696658,O. El Hilali,286994,Adrián Marín,10,0.3378
697957,W. Kambwala,288081,S. McKenna,1,0.1222
697957,W. Kambwala,453251,Alejandro Catena,2,0.1482
697957,W. Kambwala,596691,Natan,3,0.1496
697957,W. Kambwala,3523,F. Lejeune,4,0.1579
697957,W. Kambwala,25391,T. Kolodziejczak,5,0.16
697957,W. Kambwala,282439,Lluis López,6,0.1804
697957,W. Kambwala,70123,A. Witsel,7,0.1929
697957,W. Kambwala,621020,Cristhian Mosquera,8,0.1968
697957,W. Kambwala,6325,Gonzalo Verdú,9,0.2038
697957,W. Kambwala,558739,T. Nianzou,10,0.2065
700268,L. Blanco,551442,Pedro Porro,1,0.3974
700268,L. Blanco,410872,Javi Galán,2,0.6992
700268,L. Blanco,355597,Joan Sastre,3,0.7716
700268,L. Blanco,212625,A. Solari,4,0.7937
700268,L. Blanco,41029,Douglas,5,0.8396
700268,L. Blanco,657882,Rubén Sánchez,6,0.8938
700268,L. Blanco,91702,J. Mojica,7,0.9708
700268,L. Blanco,225948,Rubén Peña,8,0.9961
700268,L. Blanco,621207,Javi Rueda,9,1.0811
700268,L. Blanco,373541,Aitor Buñuel,10,1.0859
703740,A. Güler,302292,M. Ødegaard,1,0.1166
703740,A. Güler,3282,Sergio Canales,2,0.2707
703740,A. Güler,69403,Sammir,3,0.3054
703740,A. Güler,356237,G. Lo Celso,4,0.3258
703740,A. Güler,3448,A. Turan,5,0.4428
703740,A. Güler,8317,David Silva,6,0.5336
703740,A. Güler,3563,Isco,7,0.573
703740,A. Güler,3567,Santi Cazorla,8,0.6228
703740,A. Güler,288091,Marco Asensio,9,0.6787
703740,A. Güler,25440,J. Pastore,10,0.6861
706732,Sergi Altimira,4242,Corona,1,0.065
706732,Sergi Altimira,4902,Ángel Montoro,2,0.1142
706732,Sergi Altimira,5289,Fran Rico,3,0.1464
706732,Sergi Altimira,269060,P. Hernández,4,0.1776
706732,Sergi Altimira,217031,T. Partey,5,0.1812
706732,Sergi Altimira,4243,Verza,6,0.2007
706732,Sergi Altimira,5907,Sergi Samper,7,0.2288
706732,Sergi Altimira,357806,D. Hancko,8,0.2406
706732,Sergi Altimira,274344,B. Santamaria,9,0.2475
706732,Sergi Altimira,341752,Marc Roca,10,0.2534
708179,Y. Asprilla,544859,Álex Baena,1,0.1667
708179,Y. Asprilla,558581,Pejiño,2,0.2307
708179,Y. Asprilla,215983,S. Boufal,3,0.246
708179,Y. Asprilla,374800,M. Vargas,4,0.2581
708179,Y. Asprilla,4375,Vitolo,5,0.2786
708179,Y. Asprilla,495674,Samuel Lino,6,0.2876
708179,Y. Asprilla,4015,Pablo Sarabia,7,0.2943
708179,Y. Asprilla,3987,Ó. Trejo,8,0.3067
708179,Y. Asprilla,279567,Martín Merquelanz,9,0.3074
708179,Y. Asprilla,544862,Germán Valera,10,0.3113
711011,Marc Pubill,472519,Mateu Morey,1,0.076
711011,Marc Pubill,585816,Manu Sánchez,2,0.1183
711011,Marc Pubill,585538,R. Alhassane,3,0.1818
711011,Marc Pubill,263105,Pablo Maffeo,4,0.1901
711011,Marc Pubill,485271,Lucas Rosa,5,0.2149
711011,Marc Pubill,561190,Javi López,6,0.2151
711011,Marc Pubill,436688,Viti Rozada,7,0.2224
711011,Marc Pubill,420532,Pipa,8,0.2273
711011,Marc Pubill,603778,Abel Bretones,9,0.2306
711011,Marc Pubill,278867,S. Janko,10,0.2356
712305,Adrián Pica,364772,C. Awaziem,1,0.1689
712305,Adrián Pica,223681,A. Sedlar,2,0.1799
712305,Adrián Pica,225085,Fali,3,0.1849
712305,Adrián Pica,471999,Juan Berrocal,4,0.1956
712305,Adrián Pica,344039,Chumi,5,0.1966
712305,Adrián Pica,93003,D. Siovas,6,0.202
712305,Adrián Pica,270037,M. Valjent,7,0.2029
712305,Adrián Pica,805039,M. Moreno,8,0.207
712305,Adrián Pica,713622,John Donald,9,0.2238
712305,Adrián Pica,546482,José Gragera,10,0.2284
712692,Maroan Sannadi,452264,Marc Cardona,1,0.3475
712692,Maroan Sannadi,259946,A. Peñaranda,2,0.4247
712692,Maroan Sannadi,247141,Iñaki Williams,3,0.4593
712692,Maroan Sannadi,512982,Matheus Cunha,4,0.4755
712692,Maroan Sannadi,618697,Iván Romero,5,0.5015
712692,Maroan Sannadi,373016,C. Hernández,6,0.505
712692,Maroan Sannadi,135848,M. Livaja,7,0.5382
712692,Maroan Sannadi,569212,Ferrán Jutglà,8,0.5394
712692,Maroan Sannadi,669602,N. Jackson,9,0.5445
712692,Maroan Sannadi,135923,Gonçalo Paciência,10,0.5482
712871,Jon Gorrotxategi,25553,César Azpilicueta,1,0.0848
712871,Jon Gorrotxategi,3378,Álex Bergantiños,2,0.1676
712871,Jon Gorrotxategi,167118,Erik Morán,3,0.1899
712871,Jon Gorrotxategi,231713,F. Bradarić,4,0.1929
712871,Jon Gorrotxategi,20722,F. Rossi,5,0.198
712871,Jon Gorrotxategi,4511,Pedro Mosquera,6,0.2132
712871,Jon Gorrotxategi,368110,Jailson,7,0.2285
712871,Jon Gorrotxategi,86828,G. Pizarro,8,0.2353
712871,Jon Gorrotxategi,25623,G. Kondogbia,9,0.2476
712871,Jon Gorrotxategi,4009,M. Lacen,10,0.2528
713064,Pablo Marín,94828,G. Shibasaki,1,0.0872
713064,Pablo Marín,694062,Pablo Ibáñez,2,0.2974
713064,Pablo Marín,43051,Gabriel Pires,3,0.3077
713064,Pablo Marín,4515,Óscar Plano,4,0.3278
713064,Pablo Marín,127928,D. Brašanac,5,0.3598
713064,Pablo Marín,3380,Juan Domínguez,6,0.3625
713064,Pablo Marín,364086,T. Conechny,7,0.4303
713064,Pablo Marín,285743,D. van de Beek,8,0.4464
713064,Pablo Marín,626229,Mario Martín,9,0.482
713064,Pablo Marín,363717,Y. Herrera,10,0.4934
713622,John Donald,3466,Alexis,1,0.1218
713622,John Donald,471999,Juan Berrocal,2,0.1243
713622,John Donald,712305,Adrián Pica,3,0.2238
713622,John Donald,247169,Diego González,4,0.2356
713622,John Donald,504689,F. Garcés,5,0.2421
713622,John Donald,330728,Domingos Duarte,6,0.2495
713622,John Donald,364772,C. Awaziem,7,0.2628
713622,John Donald,4329,Alejandro Arribas,8,0.2821
713622,John Donald,248846,M. Villanueva,9,0.2949
713622,John Donald,331583,Dani Calvo,10,0.3091
713837,Diego García,744811,Roberto Fernández,1,0.1886
713837,Diego García,291231,Toni Martínez,2,0.2561
713837,Diego García,558779,Juanmi Latasa,3,0.2775
713837,Diego García,238564,S. Weissman,4,0.2887
713837,Diego García,329064,C. Larin,5,0.289
713837,Diego García,545811,Hugo Duro,6,0.3037
713837,Diego García,559368,A. Adams,7,0.3311
713837,Diego García,524274,A. Douvikas,8,0.346
713837,Diego García,492443,V. Castellanos,9,0.3534
713837,Diego García,6165,F. Andone,10,0.3922
713838,Álex Sancris,537561,Carlos Vicente,1,0.1612
713838,Álex Sancris,247220,Jason,2,0.2164
713838,Álex Sancris,434145,Álex Sola,3,0.2306
713838,Álex Sancris,275298,Adri Embarba,4,0.3068
713838,Álex Sancris,693943,A. Rebbach,5,0.3096
713838,Álex Sancris,584938,Fran Pérez,6,0.3319
713838,Álex Sancris,344075,Iñigo Córdoba,7,0.3625
713838,Álex Sancris,601166,Jofre Carreras,8,0.3757
713838,Álex Sancris,403706,A. Mallé,9,0.3867
713838,Álex Sancris,609127,Carlos Martín,10,0.3999
720559,Kike Salas,278288,Aritz Elustondo,1,0.1577
720559,Kike Salas,4325,Jorge Pulido,2,0.1631
720559,Kike Salas,557066,K. Piątkowski,3,0.1864
720559,Kike Salas,3788,J. Amat,4,0.1939
720559,Kike Salas,535845,E. Boyomo,5,0.2254
720559,Kike Salas,230857,Yeray Álvarez,6,0.2366
720559,Kike Salas,26518,C. Sánchez,7,0.2378
720559,Kike Salas,935301,Marcos Peña,8,0.2444
720559,Kike Salas,3675,Gorka Elustondo,9,0.247
720559,Kike Salas,3970,Alejandro Gálvez,10,0.2543
722550,Antoniu Roca,4923,Salvi Sánchez,1,0.148
722550,Antoniu Roca,601883,F. Pellistri,2,0.1648
722550,Antoniu Roca,609127,Carlos Martín,3,0.2762
722550,Antoniu Roca,434145,Álex Sola,4,0.3173
722550,Antoniu Roca,601297,Peter González,5,0.3293
722550,Antoniu Roca,619855,Borja Sainz,6,0.3613
722550,Antoniu Roca,601166,Jofre Carreras,7,0.39
722550,Antoniu Roca,713838,Álex Sancris,8,0.4452
722550,Antoniu Roca,344140,A. Ndiaye,9,0.4478
722550,Antoniu Roca,254898,Kenedy,10,0.477
722567,G. Simeone,4014,Pedro León,1,0.1111
722567,G. Simeone,346551,I. Hagi,2,0.1131
722567,G. Simeone,344053,Carles Pérez,3,0.1707
722567,G. Simeone,3394,Bruno Gama,4,0.1734
722567,G. Simeone,218549,Garry Rodrigues,5,0.2219
722567,G. Simeone,596052,Ander Barrenetxea,6,0.2375
722567,G. Simeone,127719,A. Katai,7,0.2385
722567,G. Simeone,251565,Álvaro García,8,0.2428
722567,G. Simeone,5291,Jaime Romero,9,0.2754
722567,G. Simeone,602620,T. Buchanan,10,0.2782
724440,David Torres,86183,F. Roncaglia,1,0.1201
724440,David Torres,493898,Adrián de la Fuente,2,0.2392
724440,David Torres,6286,Jon Errasti,3,0.2676
724440,David Torres,86220,Gabriel Mercado,4,0.2781
724440,David Torres,37814,R. Donk,5,0.3118
724440,David Torres,4720,Xisco Campos,6,0.3122
724440,David Torres,116259,G. Silva,7,0.3332
724440,David Torres,50102,F. Schär,8,0.3343
724440,David Torres,518905,José Copete,9,0.34
724440,David Torres,91064,D. Torres,10,0.3403
740187,S. Bajčetić,3464,Antonio Luna,1,0.0771
740187,S. Bajčetić,3339,Martín Montoya,2,0.1238
740187,S. Bajčetić,7624,Rober Correa,3,0.143
740187,S. Bajčetić,604122,Jon Aramburu,4,0.1722
740187,S. Bajčetić,3557,Jesús Gámez,5,0.1799
740187,S. Bajčetić,3672,Carlos Martínez,6,0.2027
740187,S. Bajčetić,7612,Jorge Miramón,7,0.2317
740187,S. Bajčetić,525130,Álex Centelles,8,0.2389
740187,S. Bajčetić,3797,Víctor Sánchez,9,0.268
740187,S. Bajčetić,557401,Bruno Langa,10,0.3002
743429,Álvaro Carreras,770387,Héctor Fort,1,0.1504
743429,Álvaro Carreras,471761,Óscar Mingueza,2,0.1723
743429,Álvaro Carreras,4501,Dani Carvajal,3,0.2283
743429,Álvaro Carreras,3434,Filipe Luís,4,0.306
743429,Álvaro Carreras,3442,Fran Mérida,5,0.3382
743429,Álvaro Carreras,8945,K. Trippier,6,0.3616
743429,Álvaro Carreras,214062,Álex Granell,7,0.3617
743429,Álvaro Carreras,3470,José Campaña,8,0.4027
743429,Álvaro Carreras,4821,Michel Herrero,9,0.426
743429,Álvaro Carreras,3404,Andoni Iraola,10,0.4544
743536,A. Véliz,558779,Juanmi Latasa,1,0.614
743536,A. Véliz,534083,Chris Ramos,2,0.6204
743536,A. Véliz,14763,S. Okazaki,3,0.6463
743536,A. Véliz,713837,Diego García,4,0.7058
743536,A. Véliz,291231,Toni Martínez,5,0.7232
743536,A. Véliz,69513,A. Budimir,6,0.7339
743536,A. Véliz,447821,Y. En-Nesyri,7,0.7873
743536,A. Véliz,238564,S. Weissman,8,0.813
743536,A. Véliz,545811,Hugo Duro,9,0.8444
743536,A. Véliz,494315,B. Miovski,10,0.8752
744761,Mateo Joseph,947211,C. Uche,1,0.3171
744761,Mateo Joseph,546863,W. Cheddira,2,0.3526
744761,Mateo Joseph,346071,O. Burke,3,0.3599
744761,Mateo Joseph,334817,L. Boyé,4,0.3736
744761,Mateo Joseph,655656,Isaac Romero,5,0.3937
744761,Mateo Joseph,278324,Carlos Fernández,6,0.3981
744761,Mateo Joseph,254649,T. Asano,7,0.417
744761,Mateo Joseph,134249,Rubén Sobrino,8,0.4771
744761,Mateo Joseph,387803,Víctor Campuzano,9,0.4833
744761,Mateo Joseph,554406,R. Nteka,10,0.4853
744811,Roberto Fernández,524274,A. Douvikas,1,0.1738
744811,Roberto Fernández,559368,A. Adams,2,0.1779
744811,Roberto Fernández,713837,Diego García,3,0.1886
744811,Roberto Fernández,492443,V. Castellanos,4,0.2486
744811,Roberto Fernández,329064,C. Larin,5,0.2781
744811,Roberto Fernández,291231,Toni Martínez,6,0.28
744811,Roberto Fernández,278348,Enric Gallego,7,0.3091
744811,Roberto Fernández,228902,J. Calleri,8,0.3153
744811,Roberto Fernández,545811,Hugo Duro,9,0.3395
744811,Roberto Fernández,6165,F. Andone,10,0.3398
744854,Hugo Rincón,559200,Ricard Sánchez,1,0.0981
744854,Hugo Rincón,778363,Adama Boiro,2,0.1776
744854,Hugo Rincón,367391,Toni Moya,3,0.1819
744854,Hugo Rincón,3735,Juankar,4,0.218
744854,Hugo Rincón,624613,Juanlu Sánchez,5,0.2352
744854,Hugo Rincón,4786,I. Balliu,6,0.2451
744854,Hugo Rincón,137298,Jonathan Silva,7,0.2911
744854,Hugo Rincón,5284,Siqueira,8,0.2991
744854,Hugo Rincón,4997,Antoñito,9,0.3037
744854,Hugo Rincón,21793,C. Piccini,10,0.3236
746346,Hugo Sotelo,282448,Aleix García,1,0.1325
746346,Hugo Sotelo,346195,Fabián Ruiz,2,0.1973
746346,Hugo Sotelo,3443,Koke,3,0.2848
746346,Hugo Sotelo,3542,Manu Trigueros,4,0.3252
746346,Hugo Sotelo,3677,Rubén Pardo,5,0.3662
746346,Hugo Sotelo,285590,S. Amrabat,6,0.3705
746346,Hugo Sotelo,112459,H. Herrera,7,0.3963
746346,Hugo Sotelo,3347,Sergi Roberto,8,0.4049
746346,Hugo Sotelo,247207,Joan Jordán,9,0.4057
746346,Hugo Sotelo,3286,Dani Parejo,10,0.4193
747916,Javi Guerra,478999,Kike Pérez,1,0.1012
747916,Javi Guerra,659244,Ramón Terrats,2,0.1869
747916,Javi Guerra,247212,Rafa Navarro,3,0.2272
747916,Javi Guerra,279538,Marcos Llorente,4,0.2368
747916,Javi Guerra,552232,Jon Ander Olasagasti,5,0.2466
747916,Javi Guerra,499843,Edu Expósito,6,0.2613
747916,Javi Guerra,545944,Oier Zarraga,7,0.2951
747916,Javi Guerra,3979,De las Cuevas,8,0.3224
747916,Javi Guerra,114709,L. Advíncula,9,0.3371
747916,Javi Guerra,279569,Sangalli,10,0.3441
764899,Endrick,25445,K. Gameiro,1,0.0731
764899,Endrick,26638,K. Toko-Ekambi,2,0.1798
764899,Endrick,563391,G. Mikautadze,3,0.2135
764899,Endrick,399599,A. Isak,4,0.2457
764899,Endrick,669602,N. Jackson,5,0.2969
764899,Endrick,86800,D. Benedetto,6,0.3283
764899,Endrick,3605,Jorge Molina,7,0.3288
764899,Endrick,4338,Diego Costa,8,0.3756
764899,Endrick,515713,B. Dia,9,0.3805
764899,Endrick,86200,S. Araújo,10,0.3886
767660,García Pascual,592582,V. Vanat,1,0.1119
767660,García Pascual,607496,O. Óskarsson,2,0.2041
767660,García Pascual,278348,Enric Gallego,3,0.2526
767660,García Pascual,86737,F. Ferreyra,4,0.2731
767660,García Pascual,287219,M. Uzuni,5,0.2747
767660,García Pascual,22386,S. Longo,6,0.298
767660,García Pascual,670456,E. Eyong,7,0.3572
767660,García Pascual,487756,Marcos André,8,0.3696
767660,García Pascual,788748,Álvaro Rodríguez,9,0.3789
767660,García Pascual,144628,Wu Lei,10,0.3875
769463,Yarek Gasiorowski,85113,A. Toșca,1,0.2179
769463,Yarek Gasiorowski,258591,O. Alderete,2,0.2287
769463,Yarek Gasiorowski,518905,José Copete,3,0.2401
769463,Yarek Gasiorowski,508440,B. Méndez,4,0.2729
769463,Yarek Gasiorowski,3400,F. Amorebieta,5,0.2837
769463,Yarek Gasiorowski,116259,G. Silva,6,0.2985
769463,Yarek Gasiorowski,279545,L. Hernández,7,0.3558
769463,Yarek Gasiorowski,3403,Borja Ekiza,8,0.3807
769463,Yarek Gasiorowski,387799,F. Russo,9,0.3878
769463,Yarek Gasiorowski,450650,Imanol García,10,0.4132
769471,Joel Roca,101847,M. Carcela-González,1,0.2699
769471,Joel Roca,269137,T. Bongonda,2,0.2746
769471,Joel Roca,225089,José Luis Morales,3,0.3157
769471,Joel Roca,3908,Lago Júnior,4,0.3463
769471,Joel Roca,561186,Yéremy Pino,5,0.3482
769471,Joel Roca,1016232,Jesús Rodríguez,6,0.3492
769471,Joel Roca,634666,Diego López,7,0.3816
769471,Joel Roca,257752,M. Moreno,8,0.4259
769471,Joel Roca,339857,José Arnáiz,9,0.4508
769471,Joel Roca,86338,L. Ocampos,10,0.49370000000000003
769742,Rodrigo Mendoza,3572,Portillo,1,0.183
769742,Rodrigo Mendoza,446483,André Almeida,2,0.1958
769742,Rodrigo Mendoza,647161,Gavi,3,0.2601
769742,Rodrigo Mendoza,352789,Óscar Rodríguez,4,0.3087
769742,Rodrigo Mendoza,3313,José Callejón,5,0.3216
769742,Rodrigo Mendoza,631404,Alejandro Balde,6,0.3508
769742,Rodrigo Mendoza,536142,Miguel Gutiérrez,7,0.3551
769742,Rodrigo Mendoza,3537,Cani,8,0.3647
769742,Rodrigo Mendoza,3511,Roberto Torres,9,0.37
769742,Rodrigo Mendoza,3979,De las Cuevas,10,0.3795
770387,Héctor Fort,743429,Álvaro Carreras,1,0.1504
770387,Héctor Fort,4501,Dani Carvajal,2,0.1775
770387,Héctor Fort,471761,Óscar Mingueza,3,0.2051
770387,Héctor Fort,3442,Fran Mérida,4,0.2668
770387,Héctor Fort,25701,L. Digne,5,0.3222
770387,Héctor Fort,3434,Filipe Luís,6,0.3296
770387,Héctor Fort,3470,José Campaña,7,0.3849
770387,Héctor Fort,8945,K. Trippier,8,0.3874
770387,Héctor Fort,4821,Michel Herrero,9,0.3921
770387,Héctor Fort,222770,Nélson Semedo,10,0.3954
770391,A. Aznou,381233,Houboulang Mendes,1,0.1178
770391,A. Aznou,93000,Antunes,2,0.3312
770391,A. Aznou,593803,Carlos Romero,3,0.334
770391,A. Aznou,297921,Pacha,4,0.3494
770391,A. Aznou,4288,S. Dubarbier,5,0.3736
770391,A. Aznou,395134,Juan Iglesias,6,0.3886
770391,A. Aznou,400544,Miguel Llambrich,7,0.4046
770391,A. Aznou,542945,Óscar Gil,8,0.4508
770391,A. Aznou,6513,Raúl Carnero,9,0.4606
770391,A. Aznou,7072,Quini,10,0.472
770398,Lamine Yamal,286390,O. Dembélé,1,0.1785
770398,Lamine Yamal,70975,Bruma,2,0.7265
770398,Lamine Yamal,493295,Vinícius Júnior,3,0.7751
770398,Lamine Yamal,25707,E. Hazard,4,0.8789
770398,Lamine Yamal,408307,Raphinha,5,0.9719
770398,Lamine Yamal,529349,Antony,6,0.9747
770398,Lamine Yamal,3348,Gerard Deulofeu,7,1.0069
770398,Lamine Yamal,397178,M. Rashford,8,1.0371
770398,Lamine Yamal,11063,Suso,9,1.0615
770398,Lamine Yamal,860728,F. Mastantuono,10,1.1227
771062,Chuki,450785,Javi Puado,1,0.2309
771062,Chuki,585048,L. Beltrán,2,0.2368
771062,Chuki,278278,Munir El Haddadi,3,0.2532
771062,Chuki,3934,N. El Zhar,4,0.3235
771062,Chuki,116283,D. Rolán,5,0.3349
771062,Chuki,595598,Peque Fernández,6,0.3602
771062,Chuki,5911,Sandro Ramírez,7,0.3657
771062,Chuki,373016,C. Hernández,8,0.3688
771062,Chuki,4683,A. Szymanowski,9,0.3832
771062,Chuki,569212,Ferrán Jutglà,10,0.3876
773942,Pau Cubarsí,477211,L. Krejčí,1,0.4235
773942,Pau Cubarsí,135103,A. Christensen,2,0.5249
773942,Pau Cubarsí,3541,Bruno Soriano,3,0.5794
773942,Pau Cubarsí,3355,J. Mascherano,4,0.5837
773942,Pau Cubarsí,25397,S. Umtiti,5,0.6026
773942,Pau Cubarsí,3341,Gerard Piqué,6,0.6453
773942,Pau Cubarsí,3306,Sergio Ramos,7,0.66
773942,Pau Cubarsí,8200,S. Nzonzi,8,0.6659
773942,Pau Cubarsí,473367,Eric García,9,0.6744
773942,Pau Cubarsí,470747,R. Araújo,10,0.7629
776387,Fermín López,70125,Nolito,1,0.2315
776387,Fermín López,431540,Francisco Trincão,2,0.295
776387,Fermín López,3685,C. Vela,3,0.3397
776387,Fermín López,3284,S. Feghouli,4,0.4174
776387,Fermín López,3571,Joaquín,5,0.4283
776387,Fermín López,3484,Luis Alberto,6,0.4373
776387,Fermín López,234527,A. Halilović,7,0.4564
776387,Fermín López,879047,Fer López,8,0.4872
776387,Fermín López,547260,Rodrygo,9,0.4893
776387,Fermín López,3425,Iker Muniain,10,0.5335
776656,Pablo Barrios,402004,S. Colombatto,1,0.1441
776656,Pablo Barrios,552240,Álvaro Núñez,2,0.1453
776656,Pablo Barrios,566942,E. Loiodice,3,0.2226
776656,Pablo Barrios,451235,Álvaro Aguado,4,0.2262
776656,Pablo Barrios,135561,F. Grillitsch,5,0.2299
776656,Pablo Barrios,4365,Roque Mesa,6,0.2371
776656,Pablo Barrios,599560,Alberto Reina,7,0.289
776656,Pablo Barrios,3470,José Campaña,8,0.3151
776656,Pablo Barrios,3349,J. dos Santos,9,0.3153
776656,Pablo Barrios,3404,Andoni Iraola,10,0.3182
777938,Dean Huijsen,473367,Eric García,1,0.271
777938,Dean Huijsen,38,D. Blind,2,0.3122
777938,Dean Huijsen,8032,Marcos Alonso,3,0.4113
777938,Dean Huijsen,477211,L. Krejčí,4,0.4809
777938,Dean Huijsen,89550,M. Díaz,5,0.5354
777938,Dean Huijsen,14757,Z. Kuzmanović,6,0.5563
777938,Dean Huijsen,3355,J. Mascherano,7,0.5692
777938,Dean Huijsen,808262,M. Perrone,8,0.5696
777938,Dean Huijsen,480145,A. Tchouaméni,9,0.5755
777938,Dean Huijsen,410062,J. Koundé,10,0.5961
778343,Pablo Durán,413891,Manu Vallejo,1,0.1408
778343,Pablo Durán,3738,Lafita,2,0.203
778343,Pablo Durán,254649,T. Asano,3,0.2454
778343,Pablo Durán,6106,Antonio Puertas,4,0.2769
778343,Pablo Durán,7623,Léo Baptistão,5,0.3514
778343,Pablo Durán,507495,Dani Escriche,6,0.3742
778343,Pablo Durán,91268,F. Hinestroza,7,0.3983
778343,Pablo Durán,546242,Roger Brugué,8,0.406
778343,Pablo Durán,947211,C. Uche,9,0.4246
778343,Pablo Durán,7693,Pere Milla,10,0.4315
778363,Adama Boiro,559200,Ricard Sánchez,1,0.1752
778363,Adama Boiro,744854,Hugo Rincón,2,0.1776
778363,Adama Boiro,470934,Javi Hernández,3,0.2644
778363,Adama Boiro,5284,Siqueira,4,0.2832
778363,Adama Boiro,3735,Juankar,5,0.3234
778363,Adama Boiro,3787,Víctor Álvarez,6,0.33
778363,Adama Boiro,4786,I. Balliu,7,0.3337
778363,Adama Boiro,367391,Toni Moya,8,0.3459
778363,Adama Boiro,352747,Miguel Olavide,9,0.362
778363,Adama Boiro,574784,Antonio Sánchez,10,0.3624
780739,Victor Muñoz,527102,L. Ramazani,1,0.2731
780739,Victor Muñoz,450776,Jorge de Frutos,2,0.3653
780739,Victor Muñoz,116898,D. Machís,3,0.3909
780739,Victor Muñoz,596822,Luiz Henrique,4,0.4348
780739,Victor Muñoz,601166,Jofre Carreras,5,0.513
780739,Victor Muñoz,693943,A. Rebbach,6,0.5278
780739,Victor Muñoz,393881,H. Toledo,7,0.5318
780739,Victor Muñoz,254898,Kenedy,8,0.5471
780739,Victor Muñoz,339791,Álex Berenguer,9,0.5697
780739,Victor Muñoz,559718,Gonzalo Plata,10,0.5723
784394,Vitor Roque,419225,Dani Gómez,1,0.1331
784394,Vitor Roque,536058,Fábio Silva,2,0.2056
784394,Vitor Roque,278015,J. Rodríguez,3,0.2734
784394,Vitor Roque,4131,Ángel Rodríguez,4,0.298
784394,Vitor Roque,512982,Matheus Cunha,5,0.3109
784394,Vitor Roque,94764,Y. Muto,6,0.3346
784394,Vitor Roque,7458,Sergi Guardiola,7,0.375
784394,Vitor Roque,3937,Roger Martí,8,0.3795
784394,Vitor Roque,618697,Iván Romero,9,0.384
784394,Vitor Roque,70327,N. Ghilas,10,0.3979
786686,Iván Fresneda,3974,D. Suárez,1,0.1683
786686,Iván Fresneda,4094,Ander Capa,2,0.1954
786686,Iván Fresneda,70451,Luisinho,3,0.2011
786686,Iván Fresneda,169002,Diego Rico,4,0.2036
786686,Iván Fresneda,423157,Thierry Correia,5,0.2286
786686,Iván Fresneda,452269,Fran Gámez,6,0.286
786686,Iván Fresneda,344014,L. Agbenyenu,7,0.2966
786686,Iván Fresneda,531592,Aihen Muñoz,8,0.3097
786686,Iván Fresneda,1075948,Davinchi,9,0.3129
786686,Iván Fresneda,3919,Iván López,10,0.3173
787348,Raúl Asencio,544844,Logan Costa,1,0.2428
787348,Raúl Asencio,403448,Éder Militão,2,0.2541
787348,Raúl Asencio,281069,Robin Le Normand,3,0.2826
787348,Raúl Asencio,8309,K. Rekik,4,0.2889
787348,Raúl Asencio,230626,D. Ćaleta-Car,5,0.3016
787348,Raúl Asencio,498373,M. Sagnan,6,0.3243
787348,Raúl Asencio,3795,H. Moreno,7,0.3637
787348,Raúl Asencio,545569,Saúl Coco,8,0.3659
787348,Raúl Asencio,312,N. Gudelj,9,0.3685
787348,Raúl Asencio,549129,Aitor Paredes,10,0.3703
788748,Álvaro Rodríguez,670456,E. Eyong,1,0.1231
788748,Álvaro Rodríguez,287219,M. Uzuni,2,0.1565
788748,Álvaro Rodríguez,7629,Jaime Mata,3,0.2476
788748,Álvaro Rodríguez,592582,V. Vanat,4,0.2711
788748,Álvaro Rodríguez,607496,O. Óskarsson,5,0.2871
788748,Álvaro Rodríguez,278324,Carlos Fernández,6,0.2878
788748,Álvaro Rodríguez,94764,Y. Muto,7,0.288
788748,Álvaro Rodríguez,5147,A. Lozano,8,0.2912
788748,Álvaro Rodríguez,364820,Loren Morón,9,0.3078
788748,Álvaro Rodríguez,278015,J. Rodríguez,10,0.3133
788852,Hugo Álvarez,8213,Rubén Rochina,1,0.179
788852,Hugo Álvarez,112556,J. Aquino,2,0.2697
788852,Hugo Álvarez,523326,Manu Fuster,3,0.2967
788852,Hugo Álvarez,528925,Calebe,4,0.2994
788852,Hugo Álvarez,253,Q. Promes,5,0.3042
788852,Hugo Álvarez,544862,Germán Valera,6,0.313
788852,Hugo Álvarez,26515,F. Kadir,7,0.3325
788852,Hugo Álvarez,631404,Alejandro Balde,8,0.3353
788852,Hugo Álvarez,446483,André Almeida,9,0.3452
788852,Hugo Álvarez,346119,Manu García,10,0.3455
805039,M. Moreno,93003,D. Siovas,1,0.1083
805039,M. Moreno,3381,Borja Fernández,2,0.1355
805039,M. Moreno,3407,Jonás Ramalho,3,0.1366
805039,M. Moreno,225085,Fali,4,0.1426
805039,M. Moreno,344039,Chumi,5,0.1691
805039,M. Moreno,364817,Tachi,6,0.1799
805039,M. Moreno,546482,José Gragera,7,0.1953
805039,M. Moreno,50102,F. Schär,8,0.2
805039,M. Moreno,712305,Adrián Pica,9,0.207
805039,M. Moreno,410055,Róber Pier,10,0.2138
808262,M. Perrone,89550,M. Díaz,1,0.2118
808262,M. Perrone,8032,Marcos Alonso,2,0.2761
808262,M. Perrone,3677,Rubén Pardo,3,0.4102
808262,M. Perrone,410062,J. Koundé,4,0.4232
808262,M. Perrone,285590,S. Amrabat,5,0.4386
808262,M. Perrone,38,D. Blind,6,0.4499
808262,M. Perrone,5286,A. Moreno,7,0.4683
808262,M. Perrone,112459,H. Herrera,8,0.4739
808262,M. Perrone,141176,V. Angban,9,0.4969
808262,M. Perrone,4487,Sergio Marcos,10,0.5119
808345,S. Mouriño,4234,Lillo Castellano,1,0.1865
808345,S. Mouriño,427886,C. Protesoni,2,0.2097
808345,S. Mouriño,508440,B. Méndez,3,0.2144
808345,S. Mouriño,190172,Juan Cruz,4,0.2321
808345,S. Mouriño,6528,Javi Moyano,5,0.2351
808345,S. Mouriño,92910,L. Fejsa,6,0.2455
808345,S. Mouriño,15214,A. Rukavina,7,0.2481
808345,S. Mouriño,85113,A. Toșca,8,0.2551
808345,S. Mouriño,279545,L. Hernández,9,0.2966
808345,S. Mouriño,3829,Oier Sanjurjo,10,0.3034
809746,Andrés Castrín,856312,Yoel Lago,1,0.2283
809746,Andrés Castrín,279533,Mario Hermoso,2,0.3182
809746,Andrés Castrín,366581,J. Gnagnon,3,0.3213
809746,Andrés Castrín,4361,Javi Castellano,4,0.3443
809746,Andrés Castrín,525126,Marc Aguado,5,0.3588
809746,Andrés Castrín,689107,Renato Veiga,6,0.3593
809746,Andrés Castrín,3374,Zé Castro,7,0.3621
809746,Andrés Castrín,29642,G. Peñalba,8,0.3976
809746,Andrés Castrín,624854,Manu Fernández,9,0.4097
809746,Andrés Castrín,446859,Peru Nolaskoain,10,0.4165
812973,V. Gómez,456053,J. Foyth,1,0.0954
812973,V. Gómez,645035,Dário Essugo,2,0.114
812973,V. Gómez,563961,José Fontán,3,0.1528
812973,V. Gómez,134476,F. Barba,4,0.1831
812973,V. Gómez,366584,L. Pétrot,5,0.2101
812973,V. Gómez,340706,G. Rodríguez,6,0.21560000000000001
812973,V. Gómez,91064,D. Torres,7,0.2184
812973,V. Gómez,139075,R. Tapia,8,0.2573
812973,V. Gómez,25405,M. Gonalons,9,0.2797
812973,V. Gómez,3566,Ignacio Camacho,10,0.2844
814546,Carlos Domínguez,3335,Marc Bartra,1,0.0966
814546,Carlos Domínguez,134502,Aymeric Laporte,2,0.1164
814546,Carlos Domínguez,485083,David Carmo,3,0.1257
814546,Carlos Domínguez,3828,Raúl Navas,4,0.1727
814546,Carlos Domínguez,620193,C. Riedel,5,0.2024
814546,Carlos Domínguez,3671,Íñigo Martínez,6,0.2083
814546,Carlos Domínguez,446859,Peru Nolaskoain,7,0.2096
814546,Carlos Domínguez,3644,Pedro Bigas,8,0.2366
814546,Carlos Domínguez,395114,Igor Zubeldía,9,0.2422
814546,Carlos Domínguez,567016,Jon Pacheco,10,0.2485
814737,Samu Omorodion,364845,Rafa Mir,1,0.3031
814737,Samu Omorodion,683194,T. Barry,2,0.3247
814737,Samu Omorodion,6914,Álex Alegría,3,0.325
814737,Samu Omorodion,3874,Kike García,4,0.3307
814737,Samu Omorodion,338201,E. Boateng,5,0.3417
814737,Samu Omorodion,105376,N. Kalinić,6,0.3705
814737,Samu Omorodion,101605,S. Doumbia,7,0.3879
814737,Samu Omorodion,274435,E. Ünal,8,0.3945
814737,Samu Omorodion,251447,V. Muriqi,9,0.3998
814737,Samu Omorodion,279571,Jon Bautista,10,0.4086
818689,Assane Diao,593103,Álvaro Djaló,1,0.1988
818689,Assane Diao,344051,Álex Blanco,2,0.4222
818689,Assane Diao,6106,Antonio Puertas,3,0.4299
818689,Assane Diao,254649,T. Asano,4,0.4538
818689,Assane Diao,450776,Jorge de Frutos,5,0.4614
818689,Assane Diao,344936,I. Cardona,6,0.4855
818689,Assane Diao,344140,A. Ndiaye,7,0.4862
818689,Assane Diao,405977,Jordi Mboula,8,0.5025
818689,Assane Diao,127609,F. Malbašić,9,0.5116
818689,Assane Diao,254898,Kenedy,10,0.5167
826049,Adrián Liso,387803,Víctor Campuzano,1,0.2992
826049,Adrián Liso,127609,F. Malbašić,2,0.505
826049,Adrián Liso,346071,O. Burke,3,0.5079
826049,Adrián Liso,405977,Jordi Mboula,4,0.5378
826049,Adrián Liso,134249,Rubén Sobrino,5,0.5592
826049,Adrián Liso,344140,A. Ndiaye,6,0.6148
826049,Adrián Liso,6525,Edgar Méndez,7,0.6591
826049,Adrián Liso,744761,Mateo Joseph,8,0.6888
826049,Adrián Liso,601297,Peter González,9,0.7085
826049,Adrián Liso,344051,Álex Blanco,10,0.7713
831472,Jon Martín,688446,Chadi Riad,1,0.0729
831472,Jon Martín,25831,C. Medjani,2,0.0924
831472,Jon Martín,4065,J. Murillo,3,0.1509
831472,Jon Martín,288081,S. McKenna,4,0.1668
831472,Jon Martín,3642,Iván Ramis,5,0.1687
831472,Jon Martín,41363,Gabriel Paulista,6,0.1878
831472,Jon Martín,3276,A. Rami,7,0.201
831472,Jon Martín,453251,Alejandro Catena,8,0.2013
831472,Jon Martín,6325,Gonzalo Verdú,9,0.216
831472,Jon Martín,3338,Sergi Gómez,10,0.2202
838872,Coba da Costa,32601,Bebé,1,0.2763
838872,Coba da Costa,275298,Adri Embarba,2,0.2869
838872,Coba da Costa,403706,A. Mallé,3,0.3162
838872,Coba da Costa,682943,T. Dolan,4,0.3212
838872,Coba da Costa,278383,Álvaro Jiménez,5,0.3409
838872,Coba da Costa,21894,Keko Gontán,6,0.3532
838872,Coba da Costa,693943,A. Rebbach,7,0.3918
838872,Coba da Costa,254189,Ivi López,8,0.3947
838872,Coba da Costa,406454,Waldo Rubio,9,0.4085
838872,Coba da Costa,344075,Iñigo Córdoba,10,0.4089
843681,Pau Navarro,3340,Muniesa,1,0.1142
843681,Pau Navarro,4805,Anaitz Arbilla,2,0.1398
843681,Pau Navarro,302540,José Carlos,3,0.402
843681,Pau Navarro,25470,S. Prcić,4,0.4134
843681,Pau Navarro,134476,F. Barba,5,0.4264
843681,Pau Navarro,456053,J. Foyth,6,0.4264
843681,Pau Navarro,604055,Mika Mármol,7,0.4461
843681,Pau Navarro,340706,G. Rodríguez,8,0.452
843681,Pau Navarro,4013,Rubén Pérez,9,0.4554
843681,Pau Navarro,15455,J. Geis,10,0.4588
844244,N. Mendy,344198,E. Cömert,1,0.1014
844244,N. Mendy,25537,G. Krychowiak,2,0.1316
844244,N. Mendy,583159,L. Badé,3,0.1525
844244,N. Mendy,3644,Pedro Bigas,4,0.1583
844244,N. Mendy,375335,J. Aidoo,5,0.1732
844244,N. Mendy,519494,Álex Suárez,6,0.2051
844244,N. Mendy,3588,Chechu Dorado,7,0.2055
844244,N. Mendy,101649,N. Pareja,8,0.2114
844244,N. Mendy,3671,Íñigo Martínez,9,0.2362
844244,N. Mendy,275296,David Costas,10,0.2515
855222,Unai Gómez,546242,Roger Brugué,1,0.1872
855222,Unai Gómez,7693,Pere Milla,2,0.2262
855222,Unai Gómez,3503,R.García Escudero,3,0.2835
855222,Unai Gómez,169000,Pablo Pérez,4,0.3335
855222,Unai Gómez,565630,F. Viñas,5,0.3352
855222,Unai Gómez,20766,H. Seferović,6,0.342
855222,Unai Gómez,167119,Sabin Merino,7,0.3946
855222,Unai Gómez,7623,Léo Baptistão,8,0.411
855222,Unai Gómez,778343,Pablo Durán,9,0.4561
855222,Unai Gómez,585048,L. Beltrán,10,0.4695
856312,Yoel Lago,809746,Andrés Castrín,1,0.2283
856312,Yoel Lago,624854,Manu Fernández,2,0.2937
856312,Yoel Lago,364860,Rodri,3,0.3251
856312,Yoel Lago,3337,Andreu Fontàs,4,0.3642
856312,Yoel Lago,400549,Pau Torres,5,0.369
856312,Yoel Lago,4361,Javi Castellano,6,0.3732
856312,Yoel Lago,3374,Zé Castro,7,0.3919
856312,Yoel Lago,375011,N. Aguerd,8,0.3952
856312,Yoel Lago,366581,J. Gnagnon,9,0.4143
856312,Yoel Lago,29642,G. Peñalba,10,0.44
860728,F. Mastantuono,408307,Raphinha,1,0.303
860728,F. Mastantuono,3348,Gerard Deulofeu,2,0.3066
860728,F. Mastantuono,404397,Brahim Diaz,3,0.3583
860728,F. Mastantuono,288091,Marco Asensio,4,0.3636
860728,F. Mastantuono,431540,Francisco Trincão,5,0.4106
860728,F. Mastantuono,3571,Joaquín,6,0.4267
860728,F. Mastantuono,28115,N. Fekir,7,0.4628
860728,F. Mastantuono,694195,Rodri Sánchez,8,0.4943
860728,F. Mastantuono,3425,Iker Muniain,9,0.5156
860728,F. Mastantuono,21077,A. Gómez,10,0.517
879047,Fer López,142755,B. Traoré,1,0.1284
879047,Fer López,5875,Álex Gallar,2,0.1356
879047,Fer López,3284,S. Feghouli,3,0.1381
879047,Fer López,234527,A. Halilović,4,0.206
879047,Fer López,7926,Nani,5,0.2477
879047,Fer López,3484,Luis Alberto,6,0.256
879047,Fer López,241945,P. Sisto,7,0.316
879047,Fer López,207001,J. Correa,8,0.3316
879047,Fer López,3358,Cristian Tello,9,0.35
879047,Fer López,70125,Nolito,10,0.3591
879052,Javi Rodríguez,4757,Luso,1,0.1675
879052,Javi Rodríguez,634204,E. Barrenechea,2,0.1952
879052,Javi Rodríguez,333571,L. Torreira,3,0.2159
879052,Javi Rodríguez,249917,M. Malsa,4,0.2177
879052,Javi Rodríguez,525126,Marc Aguado,5,0.2276
879052,Javi Rodríguez,503338,Martín Zubimendi,6,0.2289
879052,Javi Rodríguez,7899,Oriol Romeu,7,0.2363
879052,Javi Rodríguez,4361,Javi Castellano,8,0.2556
879052,Javi Rodríguez,4366,Hernán Santana,9,0.2831
879052,Javi Rodríguez,86828,G. Pizarro,10,0.2852
911027,Vitor Reis,450769,Fernando Calero,1,0.1191
911027,Vitor Reis,86325,R. Funes Mori,2,0.1427
911027,Vitor Reis,3562,Sergio Sánchez,3,0.1512
911027,Vitor Reis,344068,Unai Núñez,4,0.1635
911027,Vitor Reis,5472,Luis Hernández,5,0.176
911027,Vitor Reis,92874,L. Vyntra,6,0.1779
911027,Vitor Reis,70086,N. Otamendi,7,0.1782
911027,Vitor Reis,3695,Álvaro Soberón,8,0.182
911027,Vitor Reis,275296,David Costas,9,0.1831
911027,Vitor Reis,339799,Jorge Sáenz,10,0.1866
916711,Juma Bah,508021,Jorge Cuenca,1,0.0509
916711,Juma Bah,298353,José Martínez,2,0.0659
916711,Juma Bah,7857,Ignasi Miquel,3,0.1058
916711,Juma Bah,410055,Róber Pier,4,0.1145
916711,Juma Bah,404693,M. Kumbulla,5,0.1162
916711,Juma Bah,3496,Sergio Postigo,6,0.129
916711,Juma Bah,8609,A. Alcáraz,7,0.132
916711,Juma Bah,376362,Luiz Felipe,8,0.1434
916711,Juma Bah,86548,S. Vergini,9,0.1455
916711,Juma Bah,652014,César Tárrega,10,0.1489
935301,Marcos Peña,453270,M. Hongla,1,0.1051
935301,Marcos Peña,278288,Aritz Elustondo,2,0.1141
935301,Marcos Peña,593173,Aiham Ousou,3,0.1259
935301,Marcos Peña,645877,Y. Mosquera,4,0.1626
935301,Marcos Peña,26518,C. Sánchez,5,0.169
935301,Marcos Peña,3510,David Timor,6,0.1864
935301,Marcos Peña,473364,Hugo Guillamón,7,0.24
935301,Marcos Peña,720559,Kike Salas,8,0.2444
935301,Marcos Peña,4509,Omar Mascarell,9,0.2569
935301,Marcos Peña,4332,Javi Fuego,10,0.2637
938660,Mikel Jauregizar,26792,R. Aït-Atmane,1,0.1588
938660,Mikel Jauregizar,678620,Arnau Martínez,2,0.1611
938660,Mikel Jauregizar,550229,Jon Moncayola,3,0.2101
938660,Mikel Jauregizar,452293,Sergio Ruiz,4,0.2151
938660,Mikel Jauregizar,213131,Luis Milla,5,0.2369
938660,Mikel Jauregizar,357981,Gonzalo Villar,6,0.2386
938660,Mikel Jauregizar,4238,Michel Macedo,7,0.2628
938660,Mikel Jauregizar,70139,E. Insúa,8,0.2772
938660,Mikel Jauregizar,25441,M. Sissoko,9,0.2775
938660,Mikel Jauregizar,6035,Rubén Alcaraz,10,0.3291
947211,C. Uche,655656,Isaac Romero,1,0.1429
947211,C. Uche,546863,W. Cheddira,2,0.3046
947211,C. Uche,334817,L. Boyé,3,0.3158
947211,C. Uche,744761,Mateo Joseph,4,0.3171
947211,C. Uche,254649,T. Asano,5,0.3554
947211,C. Uche,413891,Manu Vallejo,6,0.3885
947211,C. Uche,401158,L. Suárez,7,0.4025
947211,C. Uche,778343,Pablo Durán,8,0.4246
947211,C. Uche,278324,Carlos Fernández,9,0.445
947211,C. Uche,7458,Sergi Guardiola,10,0.4555
947678,Juanma Herzog,20636,M. Andreolli,1,0.1716
947678,Juanma Herzog,288112,C. Starfelt,2,0.2747
947678,Juanma Herzog,70956,Rúben Semedo,3,0.286
947678,Juanma Herzog,6579,Antonio Raíllo,4,0.291
947678,Juanma Herzog,237262,S. Babić,5,0.2925
947678,Juanma Herzog,4580,J. Babin,6,0.2939
947678,Juanma Herzog,3433,D. Godín,7,0.3353
947678,Juanma Herzog,3692,B. Espinosa,8,0.3673
947678,Juanma Herzog,3275,Ricardo Costa,9,0.3734
947678,Juanma Herzog,193984,Germán Sánchez,10,0.4036
1016232,Jesús Rodríguez,5291,Jaime Romero,1,0.1991
1016232,Jesús Rodríguez,4014,Pedro León,2,0.2338
1016232,Jesús Rodríguez,344053,Carles Pérez,3,0.2573
1016232,Jesús Rodríguez,257752,M. Moreno,4,0.284
1016232,Jesús Rodríguez,218549,Garry Rodrigues,5,0.2955
1016232,Jesús Rodríguez,346551,I. Hagi,6,0.296
1016232,Jesús Rodríguez,101847,M. Carcela-González,7,0.3087
1016232,Jesús Rodríguez,127719,A. Katai,8,0.3153
1016232,Jesús Rodríguez,3603,Álvaro Vadillo,9,0.318
1016232,Jesús Rodríguez,239843,Zakaria Bakkali,10,0.3187
1075948,Davinchi,452269,Fran Gámez,1,0.1298
1075948,Davinchi,93000,Antunes,2,0.2398
1075948,Davinchi,373541,Aitor Buñuel,3,0.2452
1075948,Davinchi,603778,Abel Bretones,4,0.2568
1075948,Davinchi,169002,Diego Rico,5,0.2608
1075948,Davinchi,149389,J. Toljan,6,0.2959
1075948,Davinchi,70451,Luisinho,7,0.3063
1075948,Davinchi,400544,Miguel Llambrich,8,0.3084
1075948,Davinchi,786686,Iván Fresneda,9,0.3129
1075948,Davinchi,585538,R. Alhassane,10,0.3257
1127679,Jan Virgili,504301,T. Kubo,1,0.1092
1127679,Jan Virgili,4337,Lass Bangoura,2,0.1396
1127679,Jan Virgili,643199,A. Ezzalzouli,3,0.2112
1127679,Jan Virgili,532831,Bryan Gil,4,0.2481
1127679,Jan Virgili,239843,Zakaria Bakkali,5,0.2568
1127679,Jan Virgili,286830,P. Roberts,6,0.3115
1127679,Jan Virgili,605385,Raúl Moro,7,0.3266
1127679,Jan Virgili,212651,C. Musonda,8,0.3367
1127679,Jan Virgili,471991,Rodrigo Riquelme,9,0.34
1127679,Jan Virgili,4597,Saúl Berjón,10,0.3419
1182657,Y. Diomande,403260,S. Chukwueze,1,0.1712
1182657,Y. Diomande,134769,Y. Carrasco,2,0.2663
1182657,Y. Diomande,237034,Gonçalo Guedes,3,0.2796
1182657,Y. Diomande,661732,Savinho,4,0.3592
1182657,Y. Diomande,496400,C. Ejuke,5,0.3608
1182657,Y. Diomande,343925,D. Verde,6,0.4034
1182657,Y. Diomande,4597,Saúl Berjón,7,0.4044
1182657,Y. Diomande,374800,M. Vargas,8,0.4172
1182657,Y. Diomande,215983,S. Boufal,9,0.4455
1182657,Y. Diomande,1751,O. Tannane,10,0.4659
