treedepth__,divergent__,energy__,accept_stat__,stepsize__,n_leapfrog__,.chain,.iteration,.draw
8,0,25606.752,0.97460988,0.022186784,255,1,1,1
8,0,25393.49,0.91451597,0.022186784,255,1,2,2
8,0,25732.249,0.99934865,0.022186784,255,1,3,3
8,0,25845.814,0.98126431,0.022186784,255,1,4,4
8,0,25771.302,0.95353388,0.022186784,255,1,5,5
8,0,25730.065,0.99287353,0.022186784,255,1,6,6
8,0,25723.209,0.98936633,0.022186784,255,1,7,7
8,0,25371.726,0.9796728,0.022186784,255,1,8,8
8,0,25826.297,0.95761854,0.022186784,255,1,9,9
8,0,25673.022,0.98190956,0.022186784,255,1,10,10
8,0,25775.226,0.96798637,0.022186784,255,1,11,11
8,0,25859.002,0.97859174,0.022186784,255,1,12,12
8,0,26208.911,0.93218635,0.022186784,255,1,13,13
8,0,25815.404,0.97049094,0.022186784,255,1,14,14
8,0,25291.324,0.89733173,0.022186784,255,1,15,15
8,0,25329.843,0.99575177,0.022186784,255,1,16,16
8,0,25325.002,0.98859062,0.022186784,255,1,17,17
8,0,24872.407,0.97165652,0.022186784,255,1,18,18
8,0,24948.152,0.9951523,0.022186784,255,1,19,19
8,0,24803.632,0.96248992,0.022186784,255,1,20,20
8,0,24963.127,0.9365352,0.022186784,255,1,21,21
8,0,25124.065,0.96657731,0.022186784,255,1,22,22
8,0,25350.331,0.93031908,0.022186784,255,1,23,23
8,0,25153.085,0.98545381,0.022186784,255,1,24,24
8,0,25516.792,0.96021055,0.022186784,255,1,25,25
8,0,25768.555,0.95836322,0.022186784,255,1,26,26
8,0,25739.518,0.91334284,0.022186784,255,1,27,27
8,0,25991.99,0.96922573,0.022186784,255,1,28,28
8,0,25889.899,0.97495697,0.022186784,255,1,29,29
8,0,26014.594,0.95984348,0.022186784,255,1,30,30
8,0,25804.696,0.99238631,0.022186784,255,1,31,31
8,0,25420.512,0.99488202,0.022186784,255,1,32,32
8,0,25580.157,0.97622444,0.022186784,255,1,33,33
8,0,25649.307,0.94233588,0.022186784,255,1,34,34
8,0,25599.257,0.99118277,0.022186784,255,1,35,35
8,0,25223.576,0.96539921,0.022186784,255,1,36,36
8,0,25526.415,0.96658517,0.022186784,255,1,37,37
8,0,25233.817,0.98271295,0.022186784,255,1,38,38
8,0,24841.944,0.95935503,0.022186784,255,1,39,39
8,0,24861.509,0.96239434,0.022186784,255,1,40,40
8,0,24724.242,0.94939643,0.022186784,255,1,41,41
8,0,24921.166,0.9784349,0.022186784,255,1,42,42
8,0,24885.099,0.91671057,0.022186784,255,1,43,43
8,0,25455.111,0.99550864,0.022186784,255,1,44,44
8,0,25529.362,0.97512625,0.022186784,255,1,45,45
8,0,25281.737,0.91990207,0.022186784,255,1,46,46
8,0,25600.557,0.99024689,0.022186784,255,1,47,47
8,0,25204.059,0.98844356,0.022186784,255,1,48,48
8,0,24920.848,0.96468537,0.022186784,255,1,49,49
8,0,24641.028,0.98925462,0.022186784,255,1,50,50
8,0,24873.653,0.80910865,0.022186784,255,1,51,51
8,0,24901.988,0.93150472,0.022186784,255,1,52,52
8,0,24993.347,0.94379298,0.022186784,255,1,53,53
8,0,24897.876,0.99325221,0.022186784,255,1,54,54
8,0,25292.789,0.95091674,0.022186784,255,1,55,55
8,0,25422.289,0.98897554,0.022186784,255,1,56,56
8,0,25103.221,0.99160679,0.022186784,255,1,57,57
8,0,25690.355,0.98866606,0.022186784,255,1,58,58
8,0,25542.847,0.97972606,0.022186784,255,1,59,59
8,0,25086.841,0.9937858,0.022186784,255,1,60,60
8,0,25075.666,0.99709132,0.022186784,255,1,61,61
8,0,25240.625,0.94344829,0.022186784,255,1,62,62
8,0,25258.347,0.97772603,0.022186784,255,1,63,63
8,0,25447.394,0.93815476,0.022186784,255,1,64,64
8,0,25508.532,0.99192774,0.022186784,255,1,65,65
8,0,25865.759,0.94119656,0.022186784,255,1,66,66
8,0,25745.614,0.99412185,0.022186784,255,1,67,67
8,0,25725.703,0.95229056,0.022186784,255,1,68,68
8,0,25405.338,0.92567797,0.022186784,255,1,69,69
8,0,25453.597,0.88584795,0.022186784,255,1,70,70
8,0,25782.397,0.9533755,0.022186784,255,1,71,71
8,0,26073.829,0.99095588,0.022186784,255,1,72,72
8,0,25904.458,0.99963827,0.022186784,255,1,73,73
8,0,25716.91,0.95752377,0.022186784,255,1,74,74
8,0,25547.516,0.97332534,0.022186784,255,1,75,75
8,0,25399.762,0.92625771,0.022186784,255,1,76,76
8,0,25420.089,0.96222202,0.022186784,255,1,77,77
8,0,24769.62,0.99452642,0.022186784,255,1,78,78
8,0,25158.56,0.97504505,0.022186784,255,1,79,79
8,0,25398.03,0.93115688,0.022186784,255,1,80,80
8,0,25264.863,0.99241349,0.022186784,255,1,81,81
8,0,25631.354,0.99459814,0.022186784,255,1,82,82
8,0,25813.416,0.90595638,0.022186784,255,1,83,83
8,0,25416.886,0.98798011,0.022186784,255,1,84,84
8,0,25605.701,0.93562025,0.022186784,255,1,85,85
8,0,25695.377,0.9545023,0.022186784,255,1,86,86
8,0,25528.44,0.96855773,0.022186784,255,1,87,87
8,0,25357.988,0.97820926,0.022186784,255,1,88,88
8,0,25528.739,0.97719904,0.022186784,255,1,89,89
8,0,25476.673,0.92231486,0.022186784,255,1,90,90
8,0,25315.464,0.93414556,0.022186784,255,1,91,91
8,0,25603.643,0.98823624,0.022186784,255,1,92,92
8,0,25366.363,0.99925519,0.022186784,255,1,93,93
8,0,25301.893,0.93137343,0.022186784,255,1,94,94
8,0,25752.927,0.99191161,0.022186784,255,1,95,95
8,0,25244.986,0.87430611,0.022186784,255,1,96,96
8,0,25703.736,0.99550362,0.022186784,255,1,97,97
8,0,25944.651,0.9800921,0.022186784,255,1,98,98
8,0,26130.312,0.97826998,0.022186784,255,1,99,99
8,0,25318.837,0.9823763,0.022186784,255,1,100,100
8,0,24908.428,0.92800178,0.022186784,255,1,101,101
8,0,24896.969,0.92703946,0.022186784,255,1,102,102
8,0,24793.575,0.98407304,0.022186784,255,1,103,103
8,0,24675.444,0.94084861,0.022186784,255,1,104,104
8,0,25136.023,0.91708896,0.022186784,255,1,105,105
8,0,24675.009,0.97375316,0.022186784,255,1,106,106
8,0,25023.331,0.9606076,0.022186784,255,1,107,107
8,0,24925.299,0.99352511,0.022186784,255,1,108,108
8,0,24448.906,0.95388997,0.022186784,255,1,109,109
8,0,24556.652,0.97303894,0.022186784,255,1,110,110
8,0,24580.509,0.9964233,0.022186784,255,1,111,111
8,0,24877.147,0.83188142,0.022186784,255,1,112,112
8,0,24750.162,0.96981649,0.022186784,255,1,113,113
8,0,25133.479,0.95423357,0.022186784,255,1,114,114
8,0,25398.646,0.96648339,0.022186784,255,1,115,115
8,0,25335.514,0.95301329,0.022186784,255,1,116,116
8,0,25550.395,0.97639089,0.022186784,255,1,117,117
8,0,25771.73,0.95174289,0.022186784,255,1,118,118
8,0,25096.146,0.97267084,0.022186784,255,1,119,119
8,0,25105.448,0.98867613,0.022186784,255,1,120,120
8,0,25349.39,0.98227181,0.022186784,255,1,121,121
8,0,25082.932,0.93715897,0.022186784,255,1,122,122
8,0,24884.163,0.89324607,0.022186784,255,1,123,123
8,0,24609.003,0.9793775,0.022186784,255,1,124,124
8,0,24831.679,0.96352874,0.022186784,255,1,125,125
8,0,25089.895,0.95909342,0.022186784,255,1,126,126
8,0,25086.403,0.92796399,0.022186784,255,1,127,127
8,0,25228.972,0.92959156,0.022186784,255,1,128,128
8,0,25580.709,0.96329491,0.022186784,255,1,129,129
8,0,25618.525,0.986772,0.022186784,255,1,130,130
8,0,25391.195,0.98885619,0.022186784,255,1,131,131
8,0,25880.111,0.9497858,0.022186784,255,1,132,132
8,0,25686.337,0.99804633,0.022186784,255,1,133,133
8,0,25419.463,0.86068781,0.022186784,255,1,134,134
8,0,25558.427,0.98971926,0.022186784,255,1,135,135
8,0,26137.912,0.94349576,0.022186784,255,1,136,136
8,0,26340.63,0.98134159,0.022186784,255,1,137,137
8,0,25803.793,0.94578136,0.022186784,255,1,138,138
8,0,25970.854,0.93100025,0.022186784,255,1,139,139
8,0,25720.635,0.86057556,0.022186784,255,1,140,140
8,0,25395.488,0.98368074,0.022186784,255,1,141,141
8,0,25750.343,0.87890082,0.022186784,255,1,142,142
8,0,25696.42,0.99048005,0.022186784,255,1,143,143
8,0,25275.984,0.94629807,0.022186784,255,1,144,144
8,0,25310.556,0.98808614,0.022186784,255,1,145,145
8,0,25485.215,0.90307138,0.022186784,255,1,146,146
8,0,25600.81,0.9927983,0.022186784,255,1,147,147
8,0,25410.773,0.98235379,0.022186784,255,1,148,148
8,0,25440.357,0.92737925,0.022186784,255,1,149,149
8,0,25621.09,0.97070174,0.022186784,255,1,150,150
8,0,25041.725,0.95825117,0.022186784,255,1,151,151
8,0,25893.419,0.84139991,0.022186784,255,1,152,152
8,0,26225.146,0.99991326,0.022186784,255,1,153,153
8,0,25837.274,0.9926692,0.022186784,255,1,154,154
8,0,25840.558,1,0.022186784,255,1,155,155
8,0,25063.727,0.9468524,0.022186784,255,1,156,156
8,0,25359.464,0.92036615,0.022186784,255,1,157,157
8,0,25621.087,0.99640302,0.022186784,255,1,158,158
8,0,25618.054,0.99939073,0.022186784,255,1,159,159
8,0,25392.3,0.99157344,0.022186784,255,1,160,160
8,0,25378.037,0.92146354,0.022186784,255,1,161,161
8,0,25368.253,0.98163583,0.022186784,255,1,162,162
8,0,24956,0.94988436,0.022186784,255,1,163,163
8,0,25601.073,0.92932429,0.022186784,255,1,164,164
8,0,25319.963,0.99998052,0.022186784,255,1,165,165
8,0,25336.6,0.98224695,0.022186784,255,1,166,166
8,0,25717.703,0.9892954,0.022186784,255,1,167,167
8,0,25030.966,0.98980536,0.022186784,255,1,168,168
8,0,25118.934,0.98351155,0.022186784,255,1,169,169
8,0,24779.478,0.99443021,0.022186784,255,1,170,170
8,0,24825.571,0.9873312,0.022186784,255,1,171,171
8,0,25093.693,0.90463024,0.022186784,255,1,172,172
8,0,25096.623,0.99567535,0.022186784,255,1,173,173
8,0,24636.944,0.997478,0.022186784,255,1,174,174
8,0,24860.463,0.98587779,0.022186784,255,1,175,175
8,0,25155.577,0.94022621,0.022186784,255,1,176,176
8,0,25050.356,0.99844971,0.022186784,255,1,177,177
8,0,24949.82,0.95733667,0.022186784,255,1,178,178
8,0,25114.639,0.89747551,0.022186784,255,1,179,179
8,0,25448.816,0.93185395,0.022186784,255,1,180,180
8,0,25636.375,0.94784221,0.022186784,255,1,181,181
8,0,25554.703,0.97072959,0.022186784,255,1,182,182
8,0,25353.18,0.98341177,0.022186784,255,1,183,183
8,0,25704.533,0.98822784,0.022186784,255,1,184,184
8,0,25781.677,0.95827362,0.022186784,255,1,185,185
8,0,26141.535,0.99332901,0.022186784,255,1,186,186
8,0,25901.062,0.95298386,0.022186784,255,1,187,187
8,0,26388.305,0.95639526,0.022186784,255,1,188,188
8,0,26140.88,0.9751335,0.022186784,255,1,189,189
8,0,26172.316,0.97211485,0.022186784,255,1,190,190
8,0,25200.547,0.99113324,0.022186784,255,1,191,191
8,0,24875.666,0.87462857,0.022186784,255,1,192,192
8,0,24894.248,0.97905651,0.022186784,255,1,193,193
8,0,24702.759,0.98261174,0.022186784,255,1,194,194
8,0,24640.653,0.91350361,0.022186784,255,1,195,195
8,0,25176.672,0.94763994,0.022186784,255,1,196,196
8,0,25120.189,0.98181831,0.022186784,255,1,197,197
8,0,24914.201,0.94373216,0.022186784,255,1,198,198
8,0,25065.595,0.96358928,0.022186784,255,1,199,199
8,0,25091.85,0.894613,0.022186784,255,1,200,200
8,0,24847.996,0.82476282,0.022186784,255,1,201,201
8,0,24866.736,0.9828148,0.022186784,255,1,202,202
8,0,25271.897,0.95122109,0.022186784,255,1,203,203
8,0,25094.723,0.94335208,0.022186784,255,1,204,204
8,0,25149.54,0.98158059,0.022186784,255,1,205,205
8,0,25048.641,0.92046206,0.022186784,255,1,206,206
8,0,24936.358,0.9966233,0.022186784,255,1,207,207
8,0,24650.552,0.89231166,0.022186784,255,1,208,208
8,0,24656.63,0.92641551,0.022186784,255,1,209,209
8,0,24795.364,0.93957172,0.022186784,255,1,210,210
8,0,24854.758,0.92618535,0.022186784,255,1,211,211
8,0,24870.92,0.89048897,0.022186784,255,1,212,212
8,0,25091.23,0.97802297,0.022186784,255,1,213,213
8,0,25477.284,0.92421312,0.022186784,255,1,214,214
8,0,25350.915,0.97029521,0.022186784,255,1,215,215
8,0,25146.394,0.99873971,0.022186784,255,1,216,216
8,0,25141.378,0.91938596,0.022186784,255,1,217,217
8,0,24909.373,0.99850547,0.022186784,255,1,218,218
8,0,25409.487,0.92015938,0.022186784,255,1,219,219
8,0,25670.491,0.98358311,0.022186784,255,1,220,220
8,0,25260.572,0.98708418,0.022186784,255,1,221,221
8,0,25410.261,0.87852426,0.022186784,255,1,222,222
8,0,24744.972,0.98332197,0.022186784,255,1,223,223
8,0,25159.824,0.97950247,0.022186784,255,1,224,224
8,0,24927.122,0.97534796,0.022186784,255,1,225,225
8,0,25046.425,0.9935474,0.022186784,255,1,226,226
8,0,25075.216,0.92560818,0.022186784,255,1,227,227
8,0,24835.567,0.96380742,0.022186784,255,1,228,228
8,0,24878.092,0.9847513,0.022186784,255,1,229,229
8,0,24778.672,0.94122094,0.022186784,255,1,230,230
8,0,24512.001,0.96386532,0.022186784,255,1,231,231
8,0,24570.576,0.93502312,0.022186784,255,1,232,232
8,0,25000.407,0.98045562,0.022186784,255,1,233,233
8,0,25140.708,0.99742905,0.022186784,255,1,234,234
8,0,25086.958,0.89172137,0.022186784,255,1,235,235
8,0,25308.644,0.98139892,0.022186784,255,1,236,236
8,0,24741.226,0.99877194,0.022186784,255,1,237,237
8,0,24644.02,0.96427206,0.022186784,255,1,238,238
8,0,24557.591,0.97605018,0.022186784,255,1,239,239
8,0,24564.814,0.91315223,0.022186784,255,1,240,240
8,0,24762.121,0.92724651,0.022186784,255,1,241,241
8,0,24869.572,0.95550239,0.022186784,255,1,242,242
8,0,25684.346,0.883876,0.022186784,255,1,243,243
8,0,26184.942,0.86983702,0.022186784,255,1,244,244
8,0,26087.515,0.99090698,0.022186784,255,1,245,245
8,0,25816.357,0.98837137,0.022186784,255,1,246,246
8,0,26079.015,0.97232098,0.022186784,255,1,247,247
8,0,25619.045,0.9887812,0.022186784,255,1,248,248
8,0,25600.281,0.87724732,0.022186784,255,1,249,249
8,0,25645.696,0.91916291,0.022186784,255,1,250,250
8,0,25264.868,0.99509931,0.022186784,255,1,251,251
8,0,25438.44,0.97218916,0.022186784,255,1,252,252
8,0,25194.428,0.94238856,0.022186784,255,1,253,253
8,0,25439.495,0.95634767,0.022186784,255,1,254,254
8,0,25360.054,0.94955252,0.022186784,255,1,255,255
8,0,25124.845,0.97525277,0.022186784,255,1,256,256
8,0,25741.441,0.92171063,0.022186784,255,1,257,257
8,0,25529.302,0.97313696,0.022186784,255,1,258,258
8,0,25607.94,0.98665785,0.022186784,255,1,259,259
8,0,25534.262,0.99444605,0.022186784,255,1,260,260
8,0,25232.298,0.98786476,0.022186784,255,1,261,261
8,0,25301.107,0.99284736,0.022186784,255,1,262,262
8,0,25211.671,0.97829757,0.022186784,255,1,263,263
8,0,25203.687,0.9809844,0.022186784,255,1,264,264
8,0,25069.883,0.88714918,0.022186784,255,1,265,265
8,0,25375.613,0.9411629,0.022186784,255,1,266,266
8,0,25635.83,0.96553698,0.022186784,255,1,267,267
8,0,25928.834,0.91069861,0.022186784,255,1,268,268
8,0,25914.905,0.99840621,0.022186784,255,1,269,269
8,0,25440.411,0.95903309,0.022186784,255,1,270,270
8,0,25535.811,0.97171265,0.022186784,255,1,271,271
8,0,25657.184,0.97250002,0.022186784,255,1,272,272
8,0,25185.524,0.96944837,0.022186784,255,1,273,273
8,0,25414.9,0.9294253,0.022186784,255,1,274,274
8,0,25069.667,0.94630109,0.022186784,255,1,275,275
8,0,25349.511,0.93337307,0.022186784,255,1,276,276
8,0,25040.111,0.99137654,0.022186784,255,1,277,277
8,0,25481.362,0.98732664,0.022186784,255,1,278,278
8,0,25164.665,0.93769255,0.022186784,255,1,279,279
8,0,25442.784,0.8810023,0.022186784,255,1,280,280
8,0,25738.377,0.99000367,0.022186784,255,1,281,281
8,0,25257.509,0.98326085,0.022186784,255,1,282,282
8,0,24776.11,0.96113327,0.022186784,255,1,283,283
8,0,25038.638,0.90758989,0.022186784,255,1,284,284
8,0,24989.267,0.99265662,0.022186784,255,1,285,285
8,0,25164.805,0.85608662,0.022186784,255,1,286,286
8,0,25440.889,0.92984284,0.022186784,255,1,287,287
8,0,25355.686,0.99870937,0.022186784,255,1,288,288
8,0,25420.858,0.91975338,0.022186784,255,1,289,289
8,0,25295.263,0.92175812,0.022186784,255,1,290,290
8,0,25213.672,0.99383252,0.022186784,255,1,291,291
8,0,25407.109,0.9928789,0.022186784,255,1,292,292
8,0,25054.451,0.99814204,0.022186784,255,1,293,293
8,0,25137.122,0.88928658,0.022186784,255,1,294,294
8,0,25493.562,0.97013818,0.022186784,255,1,295,295
8,0,25345.474,0.99848457,0.022186784,255,1,296,296
8,0,25551.264,0.94119108,0.022186784,255,1,297,297
8,0,25225.392,0.95250533,0.022186784,255,1,298,298
8,0,25270.754,0.79565515,0.022186784,255,1,299,299
8,0,24931.922,0.98456167000000006,0.022186784,255,1,300,300
8,0,25061.923,0.99916288,0.022186784,255,1,301,301
8,0,25248.625,0.98567847,0.022186784,255,1,302,302
8,0,25431.666,0.98769659,0.022186784,255,1,303,303
8,0,25624.802,0.9776055,0.022186784,255,1,304,304
8,0,25707.926,0.97977079,0.022186784,255,1,305,305
8,0,25596.495,0.99385702,0.022186784,255,1,306,306
8,0,25631.183,0.96299773,0.022186784,255,1,307,307
8,0,25130.362,0.98060097,0.022186784,255,1,308,308
8,0,25079.405,0.97210389,0.022186784,255,1,309,309
8,0,25392.123,0.97454396,0.022186784,255,1,310,310
8,0,25793.517,0.99274928,0.022186784,255,1,311,311
8,0,25067.806,0.99683935,0.022186784,255,1,312,312
8,0,25300.469,0.88350358,0.022186784,255,1,313,313
8,0,25441.413,0.97202239,0.022186784,255,1,314,314
8,0,24997.384,0.85091723,0.022186784,255,1,315,315
8,0,24757.427,0.95969777,0.022186784,255,1,316,316
8,0,25068.948,0.92176341,0.022186784,255,1,317,317
8,0,25319.37,0.9557608,0.022186784,255,1,318,318
8,0,25189.3,0.98438455,0.022186784,255,1,319,319
8,0,24653.115,0.9745792,0.022186784,255,1,320,320
8,0,24485.394,0.94537865,0.022186784,255,1,321,321
8,0,24691.089,0.93020503,0.022186784,255,1,322,322
8,0,25049.834,0.96192014,0.022186784,255,1,323,323
8,0,24724.218,0.87003131,0.022186784,255,1,324,324
8,0,24858.181,0.90280035,0.022186784,255,1,325,325
8,0,24996.692,0.90506694,0.022186784,255,1,326,326
8,0,25259.88,0.96422892,0.022186784,255,1,327,327
8,0,25047.193,0.96492461,0.022186784,255,1,328,328
8,0,25350.75,0.94825193,0.022186784,255,1,329,329
8,0,25651.919,0.82338776,0.022186784,255,1,330,330
8,0,25721.699,0.88314168,0.022186784,255,1,331,331
8,0,25424.569,0.99967391,0.022186784,255,1,332,332
8,0,25093.391,0.97986844,0.022186784,255,1,333,333
8,0,25018.67,0.93441315,0.022186784,255,1,334,334
8,0,25108.22,0.97925373,0.022186784,255,1,335,335
8,0,24851.02,0.94184394,0.022186784,255,1,336,336
8,0,24480.574,0.98509801,0.022186784,255,1,337,337
8,0,25252.1,0.9456778,0.022186784,255,1,338,338
8,0,25156.252,0.93094176,0.022186784,255,1,339,339
8,0,25144.16,0.9237746,0.022186784,255,1,340,340
8,0,25634.017,0.90078169,0.022186784,255,1,341,341
8,0,25706.626,0.90707513,0.022186784,255,1,342,342
8,0,25198.514,0.9391984,0.022186784,255,1,343,343
8,0,25618.478,0.89409578,0.022186784,255,1,344,344
8,0,25499.501,0.94220371,0.022186784,255,1,345,345
8,0,25575.086,0.9871482,0.022186784,255,1,346,346
8,0,25369.139,0.9485512,0.022186784,255,1,347,347
8,0,25557.378,0.99702357,0.022186784,255,1,348,348
8,0,25283.106,0.99355151,0.022186784,255,1,349,349
8,0,25270.402,0.99018688,0.022186784,255,1,350,350
8,0,25288.095,0.91743291,0.022186784,255,1,351,351
8,0,25224.928,0.91978396,0.022186784,255,1,352,352
8,0,24956.164,0.92887829,0.022186784,255,1,353,353
8,0,24921.265,0.9665737,0.022186784,255,1,354,354
8,0,24665.466,0.91766032,0.022186784,255,1,355,355
8,0,24773.286,0.99333722,0.022186784,255,1,356,356
8,0,25286.558,0.93682144999999994,0.022186784,255,1,357,357
8,0,25395.149,0.98952416,0.022186784,255,1,358,358
8,0,25008.229,0.92403928,0.022186784,255,1,359,359
8,0,24938.691,0.91626308,0.022186784,255,1,360,360
8,0,25087.04,0.87730659,0.022186784,255,1,361,361
8,0,25066.562,0.98567293,0.022186784,255,1,362,362
8,0,25184.128,0.95662666,0.022186784,255,1,363,363
8,0,24916.767,0.99217382,0.022186784,255,1,364,364
8,0,25096.682,0.86532097,0.022186784,255,1,365,365
8,0,25333.983,0.94728121,0.022186784,255,1,366,366
8,0,25094.497,0.98565177,0.022186784,255,1,367,367
8,0,25102.456,0.99629713,0.022186784,255,1,368,368
8,0,25101.574,0.98167815,0.022186784,255,1,369,369
8,0,25187.517,0.9348081,0.022186784,255,1,370,370
8,0,25409.16,0.98129061,0.022186784,255,1,371,371
8,0,25110.931,0.97090801,0.022186784,255,1,372,372
8,0,25152.79,0.99450286,0.022186784,255,1,373,373
8,0,24905.972,0.96539323,0.022186784,255,1,374,374
8,0,24928.456,0.92232073,0.022186784,255,1,375,375
8,0,25325.019,0.93165937,0.022186784,255,1,376,376
8,0,25466.097,0.99248742,0.022186784,255,1,377,377
8,0,25558.48,0.99240995,0.022186784,255,1,378,378
8,0,25330.901,0.83742991,0.022186784,255,1,379,379
8,0,25382.629,0.97206997,0.022186784,255,1,380,380
8,0,25440.497,0.94747146,0.022186784,255,1,381,381
8,0,25618.792,0.97669965,0.022186784,255,1,382,382
8,0,26195.456,0.98414396,0.022186784,255,1,383,383
8,0,25829.921,0.9638458,0.022186784,255,1,384,384
8,0,25654.579,0.98207396,0.022186784,255,1,385,385
8,0,25776.98,0.96162144,0.022186784,255,1,386,386
8,0,25388.027,0.99746078,0.022186784,255,1,387,387
8,0,25278.73,0.98862817,0.022186784,255,1,388,388
8,0,25466.185,0.9711707,0.022186784,255,1,389,389
8,0,25211.892,0.94856642,0.022186784,255,1,390,390
8,0,25117.524,0.98599305,0.022186784,255,1,391,391
8,0,25835.499,0.84911829,0.022186784,255,1,392,392
8,0,25942.283,0.92120683,0.022186784,255,1,393,393
8,0,25387.2,1,0.022186784,255,1,394,394
8,0,25669.986,0.99972956,0.022186784,255,1,395,395
8,0,25152.813,0.9424157,0.022186784,255,1,396,396
8,0,25139.521,0.99872605,0.022186784,255,1,397,397
8,0,25176.174,0.9889115,0.022186784,255,1,398,398
8,0,25294.023,0.97271765,0.022186784,255,1,399,399
8,0,25559.855,0.87184504,0.022186784,255,1,400,400
8,0,26093.135,0.84578275,0.022186784,255,1,401,401
8,0,25940.175,0.99724787,0.022186784,255,1,402,402
8,0,25563.228,0.99103332,0.022186784,255,1,403,403
8,0,25487.201,0.95365921,0.022186784,255,1,404,404
8,0,25493.641,0.99074584,0.022186784,255,1,405,405
8,0,25075.39,0.99972155,0.022186784,255,1,406,406
8,0,24712.864,0.99866124,0.022186784,255,1,407,407
8,0,24728.948,0.9465245,0.022186784,255,1,408,408
8,0,24986.95,0.98718761,0.022186784,255,1,409,409
8,0,24809.344,0.93395415,0.022186784,255,1,410,410
8,0,25025.389,0.9697497,0.022186784,255,1,411,411
8,0,24944.889,0.87083905,0.022186784,255,1,412,412
8,0,25213.959,0.97778521,0.022186784,255,1,413,413
8,0,24890.58,0.99734628,0.022186784,255,1,414,414
8,0,25260.717,0.98539541,0.022186784,255,1,415,415
8,0,25229.277,0.91850721,0.022186784,255,1,416,416
8,0,25432.538,0.96293774,0.022186784,255,1,417,417
8,0,25519.892,0.9477363,0.022186784,255,1,418,418
8,0,25311.002,0.95558879,0.022186784,255,1,419,419
8,0,25361.703,0.99046592,0.022186784,255,1,420,420
8,0,25001.398,0.9805562,0.022186784,255,1,421,421
8,0,25397.089,0.92128392,0.022186784,255,1,422,422
8,0,25150.518,0.96967615,0.022186784,255,1,423,423
8,0,25366.119,0.99987899,0.022186784,255,1,424,424
8,0,25146.227,0.98774377,0.022186784,255,1,425,425
8,0,25163.781,0.99233932,0.022186784,255,1,426,426
8,0,25427.847,0.99930536,0.022186784,255,1,427,427
8,0,25618.398,0.85939658,0.022186784,255,1,428,428
8,0,25397.212,0.9865842,0.022186784,255,1,429,429
8,0,25335.043,0.97255472,0.022186784,255,1,430,430
8,0,25261.223,0.98725199,0.022186784,255,1,431,431
8,0,25332.535,0.92528158,0.022186784,255,1,432,432
8,0,24853.151,0.99824794,0.022186784,255,1,433,433
8,0,24927.355,0.95712218,0.022186784,255,1,434,434
8,0,25053.933,0.9001214,0.022186784,255,1,435,435
8,0,25068.912,0.98134437,0.022186784,255,1,436,436
8,0,24619.453,0.99874618,0.022186784,255,1,437,437
8,0,24703.092,0.95049838,0.022186784,255,1,438,438
8,0,25114.889,0.8750495,0.022186784,255,1,439,439
8,0,25216.728,0.82224018,0.022186784,255,1,440,440
8,0,25052.165,0.99190081,0.022186784,255,1,441,441
8,0,25334.851,0.98596692,0.022186784,255,1,442,442
8,0,25264.188,0.8612948,0.022186784,255,1,443,443
8,0,25456.506,0.99267359,0.022186784,255,1,444,444
8,0,25063.821,0.98577245,0.022186784,255,1,445,445
8,0,24671.462,0.98534818,0.022186784,255,1,446,446
8,0,24339.982,0.98315503,0.022186784,255,1,447,447
8,0,24360.57,0.91149553,0.022186784,255,1,448,448
8,0,24898.185,0.99222227,0.022186784,255,1,449,449
8,0,24995.077,0.86779303,0.022186784,255,1,450,450
8,0,25442.294,0.98115997,0.022186784,255,1,451,451
8,0,25103.176,0.99494616,0.022186784,255,1,452,452
8,0,24948.983,0.91245568,0.022186784,255,1,453,453
8,0,24953.06,0.94130853,0.022186784,255,1,454,454
8,0,24689.891,0.99474046,0.022186784,255,1,455,455
8,0,24835.723,0.89111459,0.022186784,255,1,456,456
8,0,24414.769,0.87398121,0.022186784,255,1,457,457
8,0,24246.289,0.91868894,0.022186784,255,1,458,458
8,0,25080.606,0.99794173,0.022186784,255,1,459,459
8,0,25526.482,0.99715005,0.022186784,255,1,460,460
8,0,25753.292,0.95699291,0.022186784,255,1,461,461
8,0,25815.773,0.95896023,0.022186784,255,1,462,462
8,0,26064.527,0.97358093,0.022186784,255,1,463,463
8,0,26235.388,0.93160352,0.022186784,255,1,464,464
8,0,26290.056,0.95666574,0.022186784,255,1,465,465
8,0,25962.948,0.97100592,0.022186784,255,1,466,466
8,0,26077.392,0.99760276,0.022186784,255,1,467,467
8,0,25304.749,0.94118632,0.022186784,255,1,468,468
8,0,25308.772,0.97783657,0.022186784,255,1,469,469
8,0,25581.976,0.99122834,0.022186784,255,1,470,470
8,0,25848.582,0.99863865,0.022186784,255,1,471,471
8,0,25838.559,0.98117426,0.022186784,255,1,472,472
8,0,25861.06,0.92962047,0.022186784,255,1,473,473
8,0,25624.331,0.98042276,0.022186784,255,1,474,474
8,0,25635.237,0.96361706,0.022186784,255,1,475,475
8,0,25800.024,0.85686541,0.022186784,255,1,476,476
8,0,25914.987,0.94978427,0.022186784,255,1,477,477
8,0,25921.882,0.91564307,0.022186784,255,1,478,478
8,0,25676.076,0.98349235,0.022186784,255,1,479,479
8,0,25748.648,0.97021584,0.022186784,255,1,480,480
8,0,25171.495,0.93528971,0.022186784,255,1,481,481
8,0,25041.243,0.97498064,0.022186784,255,1,482,482
8,0,25460.512,0.9474004,0.022186784,255,1,483,483
8,0,25720.601,0.96716746,0.022186784,255,1,484,484
8,0,26073.531,0.98665537,0.022186784,255,1,485,485
8,0,25682.605,0.98334687,0.022186784,255,1,486,486
8,0,25523.049,0.95790027,0.022186784,255,1,487,487
8,0,25378.652,0.9483096,0.022186784,255,1,488,488
8,0,25183.045,0.9746866,0.022186784,255,1,489,489
8,0,24727.549,0.91941319,0.022186784,255,1,490,490
8,0,24287.472,0.96978221,0.022186784,255,1,491,491
8,0,24229.218,0.93809396,0.022186784,255,1,492,492
8,0,24402.254,0.94947625,0.022186784,255,1,493,493
8,0,24777.385,0.98891323,0.022186784,255,1,494,494
8,0,24829.942,0.98210162,0.022186784,255,1,495,495
8,0,24855.474,0.9037791,0.022186784,255,1,496,496
8,0,24547.14,0.94634707,0.022186784,255,1,497,497
8,0,24877.643,0.96182239,0.022186784,255,1,498,498
8,0,25332.356,0.983128,0.022186784,255,1,499,499
8,0,25352.124,0.8982751,0.022186784,255,1,500,500
8,0,24835.324,0.93247109,0.022186784,255,1,501,501
8,0,24908.535,0.99338381,0.022186784,255,1,502,502
8,0,25156.156,0.9762564,0.022186784,255,1,503,503
8,0,25487.71,0.95497338,0.022186784,255,1,504,504
8,0,25563.222,0.96670382,0.022186784,255,1,505,505
8,0,25470.988,0.99786451,0.022186784,255,1,506,506
8,0,25167.396,0.96764021,0.022186784,255,1,507,507
8,0,25547.71,0.98276926,0.022186784,255,1,508,508
8,0,26058.574,0.93880412,0.022186784,255,1,509,509
8,0,25850.795,0.97528287,0.022186784,255,1,510,510
8,0,25658.635,0.98052051,0.022186784,255,1,511,511
8,0,25760.39,0.87818698,0.022186784,255,1,512,512
8,0,25366.026,0.90584947,0.022186784,255,1,513,513
8,0,25774.671,0.93648219,0.022186784,255,1,514,514
8,0,25916.989,0.96426242,0.022186784,255,1,515,515
8,0,25731.005,0.99969261,0.022186784,255,1,516,516
8,0,25392.096,0.98087068,0.022186784,255,1,517,517
8,0,25010.925,0.97091512,0.022186784,255,1,518,518
8,0,25281.487,0.85739159,0.022186784,255,1,519,519
8,0,25313.852,0.9990242,0.022186784,255,1,520,520
8,0,25373.659,0.91852972,0.022186784,255,1,521,521
8,0,25166.342,0.86546002,0.022186784,255,1,522,522
8,0,25371.457,0.99966533,0.022186784,255,1,523,523
8,0,25269.761,0.99818744,0.022186784,255,1,524,524
8,0,25010.802,0.91460697,0.022186784,255,1,525,525
8,0,25478.759,0.95765819,0.022186784,255,1,526,526
8,0,25312.205,0.99832636,0.022186784,255,1,527,527
8,0,25192.928,0.89211413,0.022186784,255,1,528,528
8,0,25489.538,0.98822058,0.022186784,255,1,529,529
8,0,25051.223,0.9303383,0.022186784,255,1,530,530
8,0,24919.468,0.96502616,0.022186784,255,1,531,531
8,0,24714.5,0.989113,0.022186784,255,1,532,532
8,0,24890.161,0.95632268,0.022186784,255,1,533,533
8,0,25025.073,0.96105712,0.022186784,255,1,534,534
8,0,24684.827,0.98668118,0.022186784,255,1,535,535
8,0,25075,0.9901106,0.022186784,255,1,536,536
8,0,24953.194,0.82752981,0.022186784,255,1,537,537
8,0,25112.495,0.94649664,0.022186784,255,1,538,538
8,0,25161.403,0.87336942,0.022186784,255,1,539,539
8,0,25302.076,0.9262841,0.022186784,255,1,540,540
8,0,25050.176,0.99462893,0.022186784,255,1,541,541
8,0,25086.484,0.73745311,0.022186784,255,1,542,542
8,0,25539.65,0.98427381,0.022186784,255,1,543,543
8,0,25417.241,0.9491392,0.022186784,255,1,544,544
8,0,25173.991,0.99396573,0.022186784,255,1,545,545
8,0,25213.556,0.93610631,0.022186784,255,1,546,546
8,0,25032.453,0.99445348,0.022186784,255,1,547,547
8,0,25201.085,0.98692443,0.022186784,255,1,548,548
8,0,25521.225,0.97023431,0.022186784,255,1,549,549
8,0,25714.297,0.99018198,0.022186784,255,1,550,550
8,0,25709.764,0.98736943,0.022186784,255,1,551,551
8,0,25701.478,0.98308984,0.022186784,255,1,552,552
8,0,25668.552,0.95523477,0.022186784,255,1,553,553
8,0,25473.634,0.94004372,0.022186784,255,1,554,554
8,0,25890.826,0.94504696,0.022186784,255,1,555,555
8,0,25619.429,0.9927384,0.022186784,255,1,556,556
8,0,25389.777,0.98723985,0.022186784,255,1,557,557
8,0,25779.203,0.97222162,0.022186784,255,1,558,558
8,0,25569.844,0.9758206,0.022186784,255,1,559,559
8,0,25705.041,0.99223699,0.022186784,255,1,560,560
8,0,25492.201,0.99660707,0.022186784,255,1,561,561
8,0,25419.173,0.93147276,0.022186784,255,1,562,562
8,0,25237.023,0.99596722,0.022186784,255,1,563,563
8,0,25658.521,0.92171149,0.022186784,255,1,564,564
8,0,25311.071,0.98060099,0.022186784,255,1,565,565
8,0,25128.449,0.96840331,0.022186784,255,1,566,566
8,0,25329.488,0.93585356,0.022186784,255,1,567,567
8,0,25496.254,0.97576521,0.022186784,255,1,568,568
8,0,25849.044,0.99068331,0.022186784,255,1,569,569
8,0,26016.358,0.98157187,0.022186784,255,1,570,570
8,0,25819.613,0.98644763,0.022186784,255,1,571,571
8,0,25569.764,0.98737811,0.022186784,255,1,572,572
8,0,25249.551,0.99055632,0.022186784,255,1,573,573
8,0,25463.438,0.91610515,0.022186784,255,1,574,574
8,0,25761.371,0.99515589,0.022186784,255,1,575,575
8,0,25813.495,0.99523494,0.022186784,255,1,576,576
8,0,25800.891,0.98902168,0.022186784,255,1,577,577
8,0,24982.299,0.99763482,0.022186784,255,1,578,578
8,0,25200.883,0.98811852,0.022186784,255,1,579,579
8,0,25352.768,0.96355302,0.022186784,255,1,580,580
8,0,25628.526,0.87826915,0.022186784,255,1,581,581
8,0,25702.893,0.98626989,0.022186784,255,1,582,582
8,0,25640.499,0.97718652,0.022186784,255,1,583,583
8,0,25848.087,0.90152434,0.022186784,255,1,584,584
8,0,26271.313,0.96501258,0.022186784,255,1,585,585
8,0,25857.423,0.93728741,0.022186784,255,1,586,586
8,0,26014.802,0.95025397,0.022186784,255,1,587,587
8,0,25925.228,0.97064246,0.022186784,255,1,588,588
8,0,25772.803,0.99203203,0.022186784,255,1,589,589
8,0,25695.044,0.94215053,0.022186784,255,1,590,590
8,0,25369.921,0.96141964,0.022186784,255,1,591,591
8,0,25819.579,0.99938074,0.022186784,255,1,592,592
8,0,25929.793,0.96748717,0.022186784,255,1,593,593
8,0,25764.233,0.97042162,0.022186784,255,1,594,594
8,0,25741.837,0.93206387,0.022186784,255,1,595,595
8,0,25546.722,0.98560061,0.022186784,255,1,596,596
8,0,25291.101,0.99945773,0.022186784,255,1,597,597
8,0,25493.639,0.99240783,0.022186784,255,1,598,598
8,0,25123.579,0.99865125,0.022186784,255,1,599,599
8,0,25064.638,0.93459927,0.022186784,255,1,600,600
8,0,25113.562,0.94988229,0.022186784,255,1,601,601
8,0,25211.798,0.87795761,0.022186784,255,1,602,602
8,0,25317.34,0.97600849,0.022186784,255,1,603,603
8,0,25827.253,0.93621705,0.022186784,255,1,604,604
8,0,25350.488,0.99777975,0.022186784,255,1,605,605
8,0,25248.994,0.93470928,0.022186784,255,1,606,606
8,0,25401.793,0.92547623,0.022186784,255,1,607,607
8,0,25680.807,0.99369582,0.022186784,255,1,608,608
8,0,25072.224,0.99871796,0.022186784,255,1,609,609
8,0,24979.542,0.97363772,0.022186784,255,1,610,610
8,0,24495.271,0.99798797,0.022186784,255,1,611,611
8,0,24894.638,0.84057081,0.022186784,255,1,612,612
8,0,25135.886,0.99421785,0.022186784,255,1,613,613
8,0,25143.838,0.9766973,0.022186784,255,1,614,614
8,0,24966.72,0.96627312,0.022186784,255,1,615,615
8,0,24668.204,0.98588503,0.022186784,255,1,616,616
8,0,24797.149,0.99036601,0.022186784,255,1,617,617
8,0,25062.412,0.85998074,0.022186784,255,1,618,618
8,0,24883.863,0.9727653,0.022186784,255,1,619,619
8,0,25156.12,0.99711207,0.022186784,255,1,620,620
8,0,24864.98,0.97065841,0.022186784,255,1,621,621
8,0,25273.002,0.95756671,0.022186784,255,1,622,622
8,0,25168.223,0.99089864,0.022186784,255,1,623,623
8,0,24862.415,0.93998717,0.022186784,255,1,624,624
8,0,24896.474,0.99485078,0.022186784,255,1,625,625
8,0,25536.252,0.98776313,0.022186784,255,1,626,626
8,0,25736.656,0.97605027,0.022186784,255,1,627,627
8,0,25233.517,0.9903394,0.022186784,255,1,628,628
8,0,25135.633,0.99800374,0.022186784,255,1,629,629
8,0,25338.885,0.97938681,0.022186784,255,1,630,630
8,0,25591.286,0.99374609,0.022186784,255,1,631,631
8,0,25340.97,0.92558402,0.022186784,255,1,632,632
8,0,25011.044,0.94696722,0.022186784,255,1,633,633
8,0,25044.07,0.93908859,0.022186784,255,1,634,634
8,0,24790.798,0.96637434,0.022186784,255,1,635,635
8,0,25338.651,0.78274339,0.022186784,255,1,636,636
8,0,25686.002,0.97527174,0.022186784,255,1,637,637
8,0,25710.773,0.97847074,0.022186784,255,1,638,638
8,0,25817.038,0.86978948,0.022186784,255,1,639,639
8,0,25711.88,0.9902137,0.022186784,255,1,640,640
8,0,25282.645,0.95987637,0.022186784,255,1,641,641
8,0,25407.051,0.92449499,0.022186784,255,1,642,642
8,0,25022.263,0.99316958,0.022186784,255,1,643,643
8,0,24963.804,0.92251681,0.022186784,255,1,644,644
8,0,25050.108,0.9247198,0.022186784,255,1,645,645
8,0,24759.129,0.92962303,0.022186784,255,1,646,646
8,0,24943.562,0.9153485,0.022186784,255,1,647,647
8,0,25153.108,0.99506298,0.022186784,255,1,648,648
8,0,25236.934,0.96187569,0.022186784,255,1,649,649
8,0,25275.166,0.95530248,0.022186784,255,1,650,650
8,0,24993.586,0.9676618,0.022186784,255,1,651,651
8,0,25043.048,0.98576622,0.022186784,255,1,652,652
8,0,24616.385,0.99976687,0.022186784,255,1,653,653
8,0,24913.178,0.97185297,0.022186784,255,1,654,654
8,0,25328.522,0.98933014,0.022186784,255,1,655,655
8,0,25246.987,0.94823811,0.022186784,255,1,656,656
8,0,25027.165,0.97444846,0.022186784,255,1,657,657
8,0,25340.525,0.98324733,0.022186784,255,1,658,658
8,0,25422.886,0.93900244,0.022186784,255,1,659,659
8,0,25347.495,0.92082107,0.022186784,255,1,660,660
8,0,25116.215,0.91216489,0.022186784,255,1,661,661
8,0,25237.017,0.96141598,0.022186784,255,1,662,662
8,0,25263.773,0.97722775,0.022186784,255,1,663,663
8,0,25465.007,0.93709891,0.022186784,255,1,664,664
8,0,25461.309,0.98184444,0.022186784,255,1,665,665
8,0,25525.959,0.97217108,0.022186784,255,1,666,666
8,0,25414.534,0.95683226,0.022186784,255,1,667,667
8,0,25309.176,0.9405367,0.022186784,255,1,668,668
8,0,25580.785,0.95660756,0.022186784,255,1,669,669
8,0,25545.753,0.94956689,0.022186784,255,1,670,670
8,0,25392.64,0.99382684,0.022186784,255,1,671,671
8,0,25331.28,0.96851082,0.022186784,255,1,672,672
8,0,25156.583,0.99904898,0.022186784,255,1,673,673
8,0,25423.092,0.98138806,0.022186784,255,1,674,674
8,0,25046.461,0.99054638,0.022186784,255,1,675,675
8,0,25341.947,0.99519713,0.022186784,255,1,676,676
8,0,25801.394,0.93728474,0.022186784,255,1,677,677
8,0,25754.506,0.99678744,0.022186784,255,1,678,678
8,0,25651.326,0.99331137,0.022186784,255,1,679,679
8,0,25430.168,0.95280723,0.022186784,255,1,680,680
8,0,25383.525,0.98403919,0.022186784,255,1,681,681
8,0,25492.686,0.98916801,0.022186784,255,1,682,682
8,0,25361.93,0.98617043,0.022186784,255,1,683,683
8,0,25820.449,0.94552809,0.022186784,255,1,684,684
8,0,25390.857,0.98041826,0.022186784,255,1,685,685
8,0,25426.8,0.93351631,0.022186784,255,1,686,686
8,0,25060.951,0.97482455,0.022186784,255,1,687,687
8,0,24932.4,0.99836409,0.022186784,255,1,688,688
8,0,25459.496,0.9374481,0.022186784,255,1,689,689
8,0,24904.24,0.99551906,0.022186784,255,1,690,690
8,0,24465.799,0.96125258,0.022186784,255,1,691,691
8,0,25344.422,0.9057755,0.022186784,255,1,692,692
8,0,25212.987,0.96226427,0.022186784,255,1,693,693
8,0,25025.673,0.99623678,0.022186784,255,1,694,694
8,0,25213.578,0.97200713,0.022186784,255,1,695,695
8,0,24928.147,0.98939267,0.022186784,255,1,696,696
8,0,25302.131,0.98880025,0.022186784,255,1,697,697
8,0,25761.316,0.98522075,0.022186784,255,1,698,698
8,0,25624.814,0.99672393,0.022186784,255,1,699,699
8,0,25516.067,0.99388968,0.022186784,255,1,700,700
8,0,25628.487,0.99984032,0.022186784,255,1,701,701
8,0,25495.026,0.88441695,0.022186784,255,1,702,702
8,0,25169.98,0.99980592,0.022186784,255,1,703,703
8,0,25198.692,0.82942084,0.022186784,255,1,704,704
8,0,24865.97,0.92137208,0.022186784,255,1,705,705
8,0,24913.609,0.9827376,0.022186784,255,1,706,706
8,0,24592.996,0.93379104,0.022186784,255,1,707,707
8,0,24609.639,0.92120117,0.022186784,255,1,708,708
8,0,25473.156,0.9093056,0.022186784,255,1,709,709
8,0,25231.954,0.97189536,0.022186784,255,1,710,710
8,0,25296.55,0.99353392,0.022186784,255,1,711,711
8,0,25889.848,0.96377639,0.022186784,255,1,712,712
8,0,25465.86,0.94710908,0.022186784,255,1,713,713
8,0,25140.134,0.99871488,0.022186784,255,1,714,714
8,0,25340.733,0.95468661,0.022186784,255,1,715,715
8,0,25374.95,0.88978188,0.022186784,255,1,716,716
8,0,25625.313,0.99536862,0.022186784,255,1,717,717
8,0,25798.271,0.98078911,0.022186784,255,1,718,718
8,0,25861.102,1,0.022186784,255,1,719,719
8,0,25308.931,0.8323765,0.022186784,255,1,720,720
8,0,25363.377,0.9523795,0.022186784,255,1,721,721
8,0,25529.58,0.97431227,0.022186784,255,1,722,722
8,0,25458.219,0.96207738,0.022186784,255,1,723,723
8,0,25417.522,0.98720108,0.022186784,255,1,724,724
8,0,25666.53,0.99470918,0.022186784,255,1,725,725
8,0,26119.437,0.99184263,0.022186784,255,1,726,726
8,0,25844.304,0.98736308,0.022186784,255,1,727,727
8,0,25889.913,0.98306277,0.022186784,255,1,728,728
8,0,25459.161,0.97372459,0.022186784,255,1,729,729
8,0,25551.551,0.90476137,0.022186784,255,1,730,730
8,0,25573.298,0.98328462,0.022186784,255,1,731,731
8,0,25525.214,0.99879,0.022186784,255,1,732,732
8,0,25740.278,0.89157222,0.022186784,255,1,733,733
8,0,25597.078,0.98796387,0.022186784,255,1,734,734
8,0,25315.322,0.91818546,0.022186784,255,1,735,735
8,0,25596.502,0.99414617,0.022186784,255,1,736,736
8,0,25637.954,0.93689006,0.022186784,255,1,737,737
8,0,25270.456,0.99671935,0.022186784,255,1,738,738
8,0,25319.429,0.97889645,0.022186784,255,1,739,739
8,0,25213.057,0.83225494,0.022186784,255,1,740,740
8,0,25041.937,0.95280934,0.022186784,255,1,741,741
8,0,25526.301,0.98622166,0.022186784,255,1,742,742
8,0,25221.677,0.99522225,0.022186784,255,1,743,743
8,0,25655.037,0.94642067,0.022186784,255,1,744,744
8,0,25488.477,0.9746267,0.022186784,255,1,745,745
8,0,25391.76,0.99024049,0.022186784,255,1,746,746
8,0,24866.049,0.99475904,0.022186784,255,1,747,747
8,0,24655.525,0.99718757,0.022186784,255,1,748,748
8,0,24829.837,0.96003339,0.022186784,255,1,749,749
8,0,24809.247,0.85934334,0.022186784,255,1,750,750
8,0,24948.42,0.82582116,0.022186784,255,1,751,751
8,0,24731.006,0.94415762,0.022186784,255,1,752,752
8,0,24868.825,0.98992786,0.022186784,255,1,753,753
8,0,25108.968,0.99811524,0.022186784,255,1,754,754
8,0,24752.022,0.98822344,0.022186784,255,1,755,755
8,0,24974.475,0.96062178,0.022186784,255,1,756,756
8,0,25166.577,0.88765972,0.022186784,255,1,757,757
8,0,25651.827,0.95938885,0.022186784,255,1,758,758
8,0,25539.436,0.96985557,0.022186784,255,1,759,759
8,0,24967.206,0.95505701,0.022186784,255,1,760,760
8,0,25200.879,0.98877585,0.022186784,255,1,761,761
8,0,25228.148,0.91284059,0.022186784,255,1,762,762
8,0,25528.893,0.93569677,0.022186784,255,1,763,763
8,0,25220.783,0.93862527,0.022186784,255,1,764,764
8,0,25427.479,0.99059366,0.022186784,255,1,765,765
8,0,25191.576,0.7843315,0.022186784,255,1,766,766
8,0,25174.069,0.99214448,0.022186784,255,1,767,767
8,0,25163.978,0.91431999,0.022186784,255,1,768,768
8,0,25503.188,0.99482757,0.022186784,255,1,769,769
8,0,25701.183,0.94245835,0.022186784,255,1,770,770
8,0,25453.098,0.95386968,0.022186784,255,1,771,771
8,0,25313.75,0.99449044,0.022186784,255,1,772,772
8,0,25515.834,0.99407092,0.022186784,255,1,773,773
8,0,24997.565,0.94393977,0.022186784,255,1,774,774
8,0,25087.051,0.89714066,0.022186784,255,1,775,775
8,0,24772.288,0.98451593,0.022186784,255,1,776,776
8,0,25102.785,0.98448404,0.022186784,255,1,777,777
8,0,25608.126,0.9830941,0.022186784,255,1,778,778
8,0,25026.891,0.9192864,0.022186784,255,1,779,779
8,0,25146.972,0.9840008,0.022186784,255,1,780,780
8,0,25257.732,0.96500582,0.022186784,255,1,781,781
8,0,25202.44,0.99736932,0.022186784,255,1,782,782
8,0,25481.488,0.99591651,0.022186784,255,1,783,783
8,0,25466.705,0.92179041,0.022186784,255,1,784,784
8,0,25258.66,0.99684616,0.022186784,255,1,785,785
8,0,25147.694,0.976739,0.022186784,255,1,786,786
8,0,24916.508,0.97880461,0.022186784,255,1,787,787
8,0,24879.132,0.89225557,0.022186784,255,1,788,788
8,0,25557.375,0.93342894,0.022186784,255,1,789,789
8,0,25298.091,0.92981087,0.022186784,255,1,790,790
8,0,25084.985,0.99661003,0.022186784,255,1,791,791
8,0,25635.524,0.99054667,0.022186784,255,1,792,792
8,0,25847.567,0.9592334,0.022186784,255,1,793,793
8,0,26232.958,0.98739477,0.022186784,255,1,794,794
8,0,26037.454,0.98523242,0.022186784,255,1,795,795
8,0,25766.965,0.98223638,0.022186784,255,1,796,796
8,0,25600.363,0.97165737,0.022186784,255,1,797,797
8,0,25134.605,0.96859651,0.022186784,255,1,798,798
8,0,25013.347,0.88991972,0.022186784,255,1,799,799
8,0,25840.853,0.96670693,0.022186784,255,1,800,800
8,0,25972.419,0.90953123,0.022186784,255,1,801,801
8,0,25611.105,0.98161433,0.022186784,255,1,802,802
8,0,25255.443,0.96351632,0.022186784,255,1,803,803
8,0,25046.912,0.95919922,0.022186784,255,1,804,804
8,0,25314.787,0.90254907,0.022186784,255,1,805,805
8,0,25195.504,0.96321703,0.022186784,255,1,806,806
8,0,25139.92,0.998391,0.022186784,255,1,807,807
8,0,24537.237,0.98632772,0.022186784,255,1,808,808
8,0,24327.36,0.96986253,0.022186784,255,1,809,809
8,0,24400.56,0.96616751,0.022186784,255,1,810,810
8,0,24723.227,0.95558354,0.022186784,255,1,811,811
8,0,24998.543,0.95774764,0.022186784,255,1,812,812
8,0,25079.724,0.88873398,0.022186784,255,1,813,813
8,0,25231.696,0.80897036,0.022186784,255,1,814,814
8,0,25608.375,0.992969,0.022186784,255,1,815,815
8,0,25005.233,0.92392853,0.022186784,255,1,816,816
8,0,24852.94,0.98821749,0.022186784,255,1,817,817
8,0,24565.602,0.98914716,0.022186784,255,1,818,818
8,0,24751.284,0.98176358,0.022186784,255,1,819,819
8,0,24953.213,0.88601484,0.022186784,255,1,820,820
8,0,25431.499,0.98151364,0.022186784,255,1,821,821
8,0,25595.707,0.97146559,0.022186784,255,1,822,822
8,0,25546.179,0.99736978,0.022186784,255,1,823,823
8,0,25999.367,0.80226288,0.022186784,255,1,824,824
8,0,26086.676,0.97078774,0.022186784,255,1,825,825
8,0,25616.833,0.99286489,0.022186784,255,1,826,826
8,0,25324.64,0.85171443,0.022186784,255,1,827,827
8,0,25562.34,0.98334811,0.022186784,255,1,828,828
8,0,25644.719,0.99935066,0.022186784,255,1,829,829
8,0,25815.516,0.96646975,0.022186784,255,1,830,830
8,0,25757.12,0.99864993,0.022186784,255,1,831,831
8,0,25872.342,0.96329047,0.022186784,255,1,832,832
8,0,25702.353,0.92849977,0.022186784,255,1,833,833
8,0,25776.309,0.81706007,0.022186784,255,1,834,834
8,0,26434.505,0.99519346,0.022186784,255,1,835,835
8,0,26195.3,0.9770711,0.022186784,255,1,836,836
8,0,25624.639,0.99849258,0.022186784,255,1,837,837
8,0,25583.261,0.98718196,0.022186784,255,1,838,838
8,0,25570.626,0.95554542,0.022186784,255,1,839,839
8,0,25148.974,0.98353594,0.022186784,255,1,840,840
8,0,25036.547,0.99697298,0.022186784,255,1,841,841
8,0,25378.59,0.94828302,0.022186784,255,1,842,842
8,0,25884.23,0.98181388,0.022186784,255,1,843,843
8,0,25711.923,0.9858201,0.022186784,255,1,844,844
8,0,25796.697,0.91936924,0.022186784,255,1,845,845
8,0,25996.179,0.98020396,0.022186784,255,1,846,846
8,0,25811.264,0.99435569,0.022186784,255,1,847,847
8,0,25925.16,0.99569496,0.022186784,255,1,848,848
8,0,25664.542,0.98433346,0.022186784,255,1,849,849
8,0,24743.947,0.95813878,0.022186784,255,1,850,850
8,0,24431.98,0.95609316,0.022186784,255,1,851,851
8,0,24094.639,0.98137343,0.022186784,255,1,852,852
8,0,24314.545,0.97240244,0.022186784,255,1,853,853
8,0,24358.113,0.94932863,0.022186784,255,1,854,854
8,0,24469.311,0.98167807,0.022186784,255,1,855,855
8,0,25021.82,0.97238229,0.022186784,255,1,856,856
8,0,23992.288,0.91830877,0.022186784,255,1,857,857
8,0,24500.014,0.7745583,0.022186784,255,1,858,858
8,0,24942.84,0.98035378,0.022186784,255,1,859,859
8,0,25361.498,0.97253566,0.022186784,255,1,860,860
8,0,25268.65,0.9954818,0.022186784,255,1,861,861
8,0,25364.391,0.93584315,0.022186784,255,1,862,862
8,0,25050.04,0.93378903,0.022186784,255,1,863,863
8,0,25394.763,0.90131861,0.022186784,255,1,864,864
8,0,25447.086,0.99987837,0.022186784,255,1,865,865
8,0,25546.651,0.92604076,0.022186784,255,1,866,866
8,0,25456.819,0.94021051,0.022186784,255,1,867,867
8,0,25531.513,0.84487568,0.022186784,255,1,868,868
8,0,25331.046,0.87094298,0.022186784,255,1,869,869
8,0,25439.33,0.95173047,0.022186784,255,1,870,870
8,0,25646.144,0.99531565,0.022186784,255,1,871,871
8,0,25269.028,0.97576264,0.022186784,255,1,872,872
8,0,25470.698,0.99414229,0.022186784,255,1,873,873
8,0,25288.637,0.99865332,0.022186784,255,1,874,874
8,0,25137.322,0.98583234,0.022186784,255,1,875,875
8,0,24814.772,0.95329273,0.022186784,255,1,876,876
8,0,24771.285,0.91204056,0.022186784,255,1,877,877
8,0,25019.493,0.93943615,0.022186784,255,1,878,878
8,0,25096.099,0.98868112,0.022186784,255,1,879,879
8,0,24771.397,0.93760617,0.022186784,255,1,880,880
8,0,24073.278,0.84540807,0.022186784,255,1,881,881
8,0,24772.306,0.91232576,0.022186784,255,1,882,882
8,0,24993.437,0.84335995,0.022186784,255,1,883,883
8,0,25412.828,0.90539232,0.022186784,255,1,884,884
8,0,25612.975,0.99115655,0.022186784,255,1,885,885
8,0,25507.458,0.99399046,0.022186784,255,1,886,886
8,0,25579.834,0.93469765,0.022186784,255,1,887,887
8,0,24945.061,0.97675676,0.022186784,255,1,888,888
8,0,25290.306,0.96992912,0.022186784,255,1,889,889
8,0,25015.978,0.91523909,0.022186784,255,1,890,890
8,0,25205.81,0.96040625,0.022186784,255,1,891,891
8,0,25467.677,0.9925838,0.022186784,255,1,892,892
8,0,26003.675,0.98920591,0.022186784,255,1,893,893
8,0,25942.071,0.9865444,0.022186784,255,1,894,894
8,0,25509.871,0.97401799,0.022186784,255,1,895,895
8,0,25615.787,0.97957553,0.022186784,255,1,896,896
8,0,25119.69,0.95604907,0.022186784,255,1,897,897
8,0,25124.151,0.99149611,0.022186784,255,1,898,898
8,0,25361.641,0.94544458,0.022186784,255,1,899,899
8,0,25018.443,0.94571366,0.022186784,255,1,900,900
8,0,24839.681,0.99857106,0.022186784,255,1,901,901
8,0,24738.421,0.92146787,0.022186784,255,1,902,902
8,0,25424.312,0.95249771,0.022186784,255,1,903,903
8,0,25414.352,0.89796119,0.022186784,255,1,904,904
8,0,24976.242,0.99796265,0.022186784,255,1,905,905
8,0,25239.659,0.9567314,0.022186784,255,1,906,906
8,0,25292.721,0.93841697,0.022186784,255,1,907,907
8,0,25171.32,0.94468399,0.022186784,255,1,908,908
8,0,25330.477,0.99699046,0.022186784,255,1,909,909
8,0,24979.335,0.98841804,0.022186784,255,1,910,910
8,0,24544.511,0.96071029,0.022186784,255,1,911,911
8,0,24523.69,0.95257717,0.022186784,255,1,912,912
8,0,25015.699,0.88002285,0.022186784,255,1,913,913
8,0,24951.601,0.9875042,0.022186784,255,1,914,914
8,0,24934.987,0.96668048,0.022186784,255,1,915,915
8,0,25182.676,0.96270431,0.022186784,255,1,916,916
8,0,25335.532,0.96926191,0.022186784,255,1,917,917
8,0,25154.268,0.97143417,0.022186784,255,1,918,918
8,0,24770.426,0.99465755,0.022186784,255,1,919,919
8,0,24698.525,0.96027944,0.022186784,255,1,920,920
8,0,25131.654,0.92642697,0.022186784,255,1,921,921
8,0,25517.561,0.99545728,0.022186784,255,1,922,922
8,0,25787.933,0.95150766,0.022186784,255,1,923,923
8,0,25700.531,0.8472489,0.022186784,255,1,924,924
8,0,25483.205,0.99815296,0.022186784,255,1,925,925
8,0,25737.49,0.98250689,0.022186784,255,1,926,926
8,0,25970.984,0.9754908,0.022186784,255,1,927,927
8,0,25856.724,0.94824893,0.022186784,255,1,928,928
8,0,25601.042,0.99739438,0.022186784,255,1,929,929
8,0,25740.619,0.99071788,0.022186784,255,1,930,930
8,0,25465.966,0.99062627,0.022186784,255,1,931,931
8,0,25529.211,0.9736329,0.022186784,255,1,932,932
8,0,25047.071,0.97386761,0.022186784,255,1,933,933
8,0,25124.2,0.99208681,0.022186784,255,1,934,934
8,0,25122.792,0.98225687,0.022186784,255,1,935,935
8,0,24742.302,0.98592971,0.022186784,255,1,936,936
8,0,25208.204,0.96478961,0.022186784,255,1,937,937
8,0,25343.723,0.98719543,0.022186784,255,1,938,938
8,0,25169.787,0.89970495,0.022186784,255,1,939,939
8,0,25079.434,0.89542653,0.022186784,255,1,940,940
8,0,25336.252,0.97339607,0.022186784,255,1,941,941
8,0,24996.943,0.95545863,0.022186784,255,1,942,942
8,0,25151.326,0.94897942,0.022186784,255,1,943,943
8,0,25510.895,0.98512881,0.022186784,255,1,944,944
8,0,25394.505,0.9145929,0.022186784,255,1,945,945
8,0,25207.326,0.98901596,0.022186784,255,1,946,946
8,0,25289.184,0.99602111,0.022186784,255,1,947,947
8,0,25282.703,0.97670093,0.022186784,255,1,948,948
8,0,24879.619,0.98702938,0.022186784,255,1,949,949
8,0,24983.975,0.94254764,0.022186784,255,1,950,950
8,0,25270.204,0.99050237,0.022186784,255,1,951,951
8,0,25863.678,0.96700484,0.022186784,255,1,952,952
8,0,25675.572,0.97432084,0.022186784,255,1,953,953
8,0,25653.369,0.96541318,0.022186784,255,1,954,954
8,0,25138.085,0.98710031,0.022186784,255,1,955,955
8,0,25499.882,0.88993126,0.022186784,255,1,956,956
8,0,25777.256,0.9602955,0.022186784,255,1,957,957
8,0,25818.786,0.95550477,0.022186784,255,1,958,958
8,0,25642.07,0.97160728,0.022186784,255,1,959,959
8,0,25249.527,0.99398923,0.022186784,255,1,960,960
8,0,25223.002,0.98890867,0.022186784,255,1,961,961
8,0,25483.716,0.98712804,0.022186784,255,1,962,962
8,0,25184.439,0.92868977,0.022186784,255,1,963,963
8,0,25154.865,0.96339772,0.022186784,255,1,964,964
8,0,25163.008,0.91150074,0.022186784,255,1,965,965
8,0,25581.77,0.99637681,0.022186784,255,1,966,966
8,0,25980.718,0.83112841,0.022186784,255,1,967,967
8,0,25983.587,0.81656304,0.022186784,255,1,968,968
8,0,25478.31,0.98449584,0.022186784,255,1,969,969
8,0,25585.783,0.98698945,0.022186784,255,1,970,970
8,0,25683.435,0.99303672,0.022186784,255,1,971,971
8,0,25313.986,0.98488502,0.022186784,255,1,972,972
8,0,24819.667,0.96820413,0.022186784,255,1,973,973
8,0,25097.068,0.97133873,0.022186784,255,1,974,974
8,0,25146.596,0.93074523,0.022186784,255,1,975,975
8,0,24896.621,0.95397581,0.022186784,255,1,976,976
8,0,25163.658,0.8171075,0.022186784,255,1,977,977
8,0,25110.093,0.92781029,0.022186784,255,1,978,978
8,0,25589.566,0.97352907,0.022186784,255,1,979,979
8,0,25235.874,0.97801067,0.022186784,255,1,980,980
8,0,24970.7,0.96096293,0.022186784,255,1,981,981
8,0,24830.051,0.89835255,0.022186784,255,1,982,982
8,0,25109.192,0.88373452,0.022186784,255,1,983,983
8,0,25103.32,0.99612335,0.022186784,255,1,984,984
8,0,24792.122,0.98409251,0.022186784,255,1,985,985
8,0,24895.294,0.82998032,0.022186784,255,1,986,986
8,0,24972.277,0.98384156,0.022186784,255,1,987,987
8,0,25494.344,0.99363995,0.022186784,255,1,988,988
8,0,25365.517,0.99878427,0.022186784,255,1,989,989
8,0,25449.022,0.96603225,0.022186784,255,1,990,990
8,0,25138.897,0.92675374,0.022186784,255,1,991,991
8,0,25395.697,0.86433191,0.022186784,255,1,992,992
8,0,24934.427,0.98756989,0.022186784,255,1,993,993
8,0,25101.98,0.91627233,0.022186784,255,1,994,994
8,0,25421.38,0.99685509,0.022186784,255,1,995,995
8,0,24781.219,0.98723774,0.022186784,255,1,996,996
8,0,25106.868,0.86478675,0.022186784,255,1,997,997
8,0,25543.314,0.90845584,0.022186784,255,1,998,998
8,0,24801.763,0.996567,0.022186784,255,1,999,999
8,0,24837.57,0.9568231,0.022186784,255,1,1000,1000
7,0,25105.772,0.97128947,0.026060782,127,2,1,1001
7,0,25462.222,0.97402514,0.026060782,127,2,2,1002
7,0,25894.234,0.89006504,0.026060782,127,2,3,1003
7,0,26341.54,0.91665097,0.026060782,127,2,4,1004
7,0,25789.571,0.99294947,0.026060782,127,2,5,1005
7,0,25970.855,0.98529135,0.026060782,127,2,6,1006
7,0,25777.692,0.98372635,0.026060782,127,2,7,1007
7,0,25787.521,0.92663786,0.026060782,127,2,8,1008
7,0,25887.297,0.97739081,0.026060782,127,2,9,1009
7,0,26156.357,0.94417433,0.026060782,127,2,10,1010
7,0,25882.978,0.93383188,0.026060782,127,2,11,1011
7,0,25846.456,0.99928963,0.026060782,127,2,12,1012
7,0,26210.808,0.97819691,0.026060782,127,2,13,1013
7,0,25800.172,0.99852378,0.026060782,127,2,14,1014
7,0,25433.794,0.99327599,0.026060782,127,2,15,1015
7,0,26110.069,0.85229886,0.026060782,127,2,16,1016
7,0,25812.101,0.95297298,0.026060782,127,2,17,1017
7,0,25160.719,0.91606112,0.026060782,127,2,18,1018
7,0,25182.516,0.98529737,0.026060782,127,2,19,1019
7,0,25636.088,0.94909776,0.026060782,127,2,20,1020
7,0,25852.404,0.88206048,0.026060782,127,2,21,1021
7,0,25594.044,0.95946705,0.026060782,127,2,22,1022
7,0,25834.884,0.97649942,0.026060782,127,2,23,1023
7,0,25411.142,0.99872427,0.026060782,127,2,24,1024
7,0,25313.298,0.97397496,0.026060782,127,2,25,1025
7,0,25284.373,0.93697985,0.026060782,127,2,26,1026
7,0,25488.069,0.98615328,0.026060782,127,2,27,1027
7,0,25333.794,0.92106189,0.026060782,127,2,28,1028
7,0,25169.973,0.94743149,0.026060782,127,2,29,1029
7,0,25627.918,0.92640318,0.026060782,127,2,30,1030
7,0,25833.873,0.85048511,0.026060782,127,2,31,1031
7,0,25348.388,0.99366323,0.026060782,127,2,32,1032
7,0,25296.112,0.74562051,0.026060782,127,2,33,1033
7,0,25252.895,0.99849727,0.026060782,127,2,34,1034
7,0,25025.485,0.99949734,0.026060782,127,2,35,1035
7,0,25000.343,0.9242083,0.026060782,127,2,36,1036
7,0,24670.838,0.9521862,0.026060782,127,2,37,1037
7,0,25177.743,0.91069168,0.026060782,127,2,38,1038
7,0,25668.074,0.92791565,0.026060782,127,2,39,1039
7,0,25742.723,0.94139724,0.026060782,127,2,40,1040
7,0,25290.928,0.98014498,0.026060782,127,2,41,1041
7,0,25737.317,0.84005284,0.026060782,127,2,42,1042
7,0,25735.353,0.81795574,0.026060782,127,2,43,1043
7,0,25513.437,0.98530615,0.026060782,127,2,44,1044
7,0,26001.504,0.8219813,0.026060782,127,2,45,1045
7,0,25466.186,0.99731355,0.026060782,127,2,46,1046
7,0,25756.635,0.99245579,0.026060782,127,2,47,1047
7,0,25462.621,0.97708147,0.026060782,127,2,48,1048
7,0,25393.298,0.95972443,0.026060782,127,2,49,1049
7,0,25405.007,0.94129541,0.026060782,127,2,50,1050
7,0,25648.929,0.99541103,0.026060782,127,2,51,1051
7,0,25433.365,0.99664935,0.026060782,127,2,52,1052
7,0,24939.291,0.98843585,0.026060782,127,2,53,1053
7,0,25603.452,0.9828961,0.026060782,127,2,54,1054
7,0,25390.994,0.99517326,0.026060782,127,2,55,1055
7,0,25015.833,0.96072218,0.026060782,127,2,56,1056
7,0,25268.682,0.98391104,0.026060782,127,2,57,1057
7,0,25706.616,0.97490248,0.026060782,127,2,58,1058
7,0,25819.664,0.9869078,0.026060782,127,2,59,1059
7,0,25372.251,0.98759545,0.026060782,127,2,60,1060
7,0,25434.07,0.95107787,0.026060782,127,2,61,1061
7,0,25277.941,0.95342652,0.026060782,127,2,62,1062
7,0,25297.832,0.99301188,0.026060782,127,2,63,1063
7,0,25558.363,0.94569121,0.026060782,127,2,64,1064
7,0,25427.404,0.99176973,0.026060782,127,2,65,1065
7,0,25842.655,0.90939851,0.026060782,127,2,66,1066
7,0,25823.664,0.95871177,0.026060782,127,2,67,1067
7,0,26259.418,0.98138956,0.026060782,127,2,68,1068
7,0,26191.975,0.8392984,0.026060782,127,2,69,1069
7,0,25708.174,0.99766374,0.026060782,127,2,70,1070
7,0,25427.988,0.87615111,0.026060782,127,2,71,1071
7,0,25320.948,0.95993139,0.026060782,127,2,72,1072
7,0,25388.094,0.81886184,0.026060782,127,2,73,1073
7,0,25524.283,0.933127,0.026060782,127,2,74,1074
7,0,25659.894,0.95624944,0.026060782,127,2,75,1075
7,0,25747.793,0.92982088,0.026060782,127,2,76,1076
7,0,25979.407,0.8573865,0.026060782,127,2,77,1077
7,0,25652.673,0.94087405,0.026060782,127,2,78,1078
7,0,25206.92,0.99535445,0.026060782,127,2,79,1079
7,0,25056.304,0.92646131,0.026060782,127,2,80,1080
7,0,25172.604,0.93534445,0.026060782,127,2,81,1081
7,0,25367.452,0.92642316,0.026060782,127,2,82,1082
7,0,25380.124,0.9738781,0.026060782,127,2,83,1083
7,0,25393.832,0.99012334,0.026060782,127,2,84,1084
7,0,25496.293,0.94108666,0.026060782,127,2,85,1085
7,0,25488.564,0.98137165,0.026060782,127,2,86,1086
7,0,25574.568,0.94364383,0.026060782,127,2,87,1087
7,0,25422.527,0.95679205,0.026060782,127,2,88,1088
7,0,25816.421,0.99349828,0.026060782,127,2,89,1089
7,0,25251.46,0.9701088,0.026060782,127,2,90,1090
7,0,25156.901,0.87530542,0.026060782,127,2,91,1091
7,0,25326.714,0.97989652,0.026060782,127,2,92,1092
7,0,25750.956,0.89074314,0.026060782,127,2,93,1093
7,0,25959.399,0.97935422,0.026060782,127,2,94,1094
7,0,25731.513,0.99753817,0.026060782,127,2,95,1095
7,0,25746.57,0.97768517,0.026060782,127,2,96,1096
7,0,25718.914,0.96701133,0.026060782,127,2,97,1097
7,0,25349.292,0.96780596,0.026060782,127,2,98,1098
7,0,25413.976,0.90506642,0.026060782,127,2,99,1099
7,0,25326.468,0.99660852,0.026060782,127,2,100,1100
7,0,25851.68,0.82988152,0.026060782,127,2,101,1101
7,0,25397.194,0.96685182,0.026060782,127,2,102,1102
7,0,25128.857,0.95586081,0.026060782,127,2,103,1103
7,0,25105.139,0.86352964,0.026060782,127,2,104,1104
7,0,24935.692,0.998099,0.026060782,127,2,105,1105
7,0,24976.844,0.99827404,0.026060782,127,2,106,1106
7,0,25136.583,0.99888516,0.026060782,127,2,107,1107
7,0,25052.043,0.99007129,0.026060782,127,2,108,1108
7,0,25441.434,0.986558,0.026060782,127,2,109,1109
7,0,25998.818,0.89266301,0.026060782,127,2,110,1110
7,0,25693.506,0.99796812,0.026060782,127,2,111,1111
7,0,25121.246,0.99508965,0.026060782,127,2,112,1112
7,0,24581.16,0.98604718,0.026060782,127,2,113,1113
7,0,24780.308,0.96600577,0.026060782,127,2,114,1114
7,0,24921.526,0.90933985,0.026060782,127,2,115,1115
7,0,25080.446,0.95574974,0.026060782,127,2,116,1116
7,0,24823.347,0.96427491,0.026060782,127,2,117,1117
7,0,25325.482,0.86762953,0.026060782,127,2,118,1118
7,0,25383.591,0.98013668,0.026060782,127,2,119,1119
7,0,25237.093,0.99433963,0.026060782,127,2,120,1120
7,0,25556.945,0.86267866,0.026060782,127,2,121,1121
7,0,25809.78,0.98806485,0.026060782,127,2,122,1122
7,0,25800.233,0.91339768,0.026060782,127,2,123,1123
7,0,25966.991,0.91728627,0.026060782,127,2,124,1124
7,0,25137.037,0.96669925,0.026060782,127,2,125,1125
7,0,24729.518,0.91200908,0.026060782,127,2,126,1126
7,0,24678.368,0.98819493,0.026060782,127,2,127,1127
7,0,24849.284,0.93942232,0.026060782,127,2,128,1128
7,0,24413.631,0.99628782,0.026060782,127,2,129,1129
7,0,24847.539,0.85975281,0.026060782,127,2,130,1130
7,0,24988.926,0.92917776,0.026060782,127,2,131,1131
7,0,25151.188,0.95008866,0.026060782,127,2,132,1132
7,0,25207.639,0.96761724,0.026060782,127,2,133,1133
7,0,25442.311,0.97538626,0.026060782,127,2,134,1134
7,0,25576.555,0.88122427,0.026060782,127,2,135,1135
7,0,25521.799,0.96262511,0.026060782,127,2,136,1136
7,0,25442.194,0.90505513,0.026060782,127,2,137,1137
7,0,25435.469,0.97327476,0.026060782,127,2,138,1138
7,0,25100.127,0.98175301,0.026060782,127,2,139,1139
7,0,25224.495,0.95120362,0.026060782,127,2,140,1140
7,0,24958.004,0.79172787,0.026060782,127,2,141,1141
7,0,24810.304,0.98955279,0.026060782,127,2,142,1142
7,0,25199.748,0.99292961,0.026060782,127,2,143,1143
7,0,25045.092,0.9859189,0.026060782,127,2,144,1144
7,0,24644.71,0.95577365,0.026060782,127,2,145,1145
7,0,24793.046,0.99661516000000006,0.026060782,127,2,146,1146
7,0,25153.486,0.98008745,0.026060782,127,2,147,1147
7,0,25889.181,0.84048424,0.026060782,127,2,148,1148
7,0,26018.182,0.9804043,0.026060782,127,2,149,1149
7,0,25543.943,0.98891968,0.026060782,127,2,150,1150
7,0,25140.073,0.99272121,0.026060782,127,2,151,1151
7,0,24831.433,0.81708655,0.026060782,127,2,152,1152
7,0,25125.139,0.94651321,0.026060782,127,2,153,1153
7,0,24873.822,0.94813443,0.026060782,127,2,154,1154
7,0,25227.975,0.87610708,0.026060782,127,2,155,1155
7,0,25454.779,0.95936205,0.026060782,127,2,156,1156
7,0,25649.959,0.8797759,0.026060782,127,2,157,1157
7,0,25546.807,0.94342923,0.026060782,127,2,158,1158
7,0,25306.08,0.90288315,0.026060782,127,2,159,1159
7,0,25082.224,0.98289377,0.026060782,127,2,160,1160
7,0,25039.321,0.9186819,0.026060782,127,2,161,1161
7,0,25075.074,0.85790033,0.026060782,127,2,162,1162
7,0,25310.205,0.99043684,0.026060782,127,2,163,1163
7,0,24962.658,0.99849861,0.026060782,127,2,164,1164
7,0,24751.477,0.9923529,0.026060782,127,2,165,1165
7,0,25393.461,0.90528648,0.026060782,127,2,166,1166
7,0,25620.537,0.96273909,0.026060782,127,2,167,1167
7,0,25536.479,0.99204162,0.026060782,127,2,168,1168
7,0,25450.573,0.96145753,0.026060782,127,2,169,1169
7,0,24857.27,0.99140056,0.026060782,127,2,170,1170
7,0,24839.11,0.99997626,0.026060782,127,2,171,1171
7,0,24918.176,0.90480597,0.026060782,127,2,172,1172
7,0,25233.721,0.90963637,0.026060782,127,2,173,1173
7,0,25232.433,0.96733669,0.026060782,127,2,174,1174
7,0,25476.614,0.96951449,0.026060782,127,2,175,1175
7,0,24991.168,0.94364951,0.026060782,127,2,176,1176
7,0,25311.489,0.95473119,0.026060782,127,2,177,1177
7,0,25126.395,0.95033933,0.026060782,127,2,178,1178
7,0,24873.576,0.98153524,0.026060782,127,2,179,1179
7,0,24534.987,0.99694099,0.026060782,127,2,180,1180
7,0,24723.72,0.98893485,0.026060782,127,2,181,1181
7,0,24828.751,0.83610707,0.026060782,127,2,182,1182
7,0,24774.88,0.9618936,0.026060782,127,2,183,1183
7,0,25004.893,0.77269685,0.026060782,127,2,184,1184
7,0,24736.216,0.9499308,0.026060782,127,2,185,1185
7,0,24818.993,0.90085392,0.026060782,127,2,186,1186
7,0,24720.243,0.92203578,0.026060782,127,2,187,1187
7,0,25168.883,0.95123818,0.026060782,127,2,188,1188
7,0,25628.873,0.87742488,0.026060782,127,2,189,1189
7,0,25373.988,0.92583735,0.026060782,127,2,190,1190
7,0,25480.789,0.92493564,0.026060782,127,2,191,1191
7,0,25509.186,0.99427167,0.026060782,127,2,192,1192
7,0,25308.172,0.95995193,0.026060782,127,2,193,1193
7,0,25284.785,0.92480762,0.026060782,127,2,194,1194
7,0,24896.086,0.9913597,0.026060782,127,2,195,1195
7,0,25174.637,0.94914852,0.026060782,127,2,196,1196
7,0,25530.205,0.93274849,0.026060782,127,2,197,1197
7,0,25464.262,0.95813516,0.026060782,127,2,198,1198
7,0,25808.827,0.94867759,0.026060782,127,2,199,1199
7,0,25438.462,0.84084659,0.026060782,127,2,200,1200
7,0,25924.41,0.99702601,0.026060782,127,2,201,1201
7,0,25314.537,0.9706359,0.026060782,127,2,202,1202
7,0,25471.591,0.97834688,0.026060782,127,2,203,1203
7,0,25296.742,0.9456941,0.026060782,127,2,204,1204
7,0,25304.158,0.99536207,0.026060782,127,2,205,1205
7,0,25019.817,0.83619508,0.026060782,127,2,206,1206
7,0,25227.768,0.86868073,0.026060782,127,2,207,1207
7,0,24600.325,0.98387954,0.026060782,127,2,208,1208
7,0,24461.852,0.88870319,0.026060782,127,2,209,1209
7,0,24344.568,0.95592593,0.026060782,127,2,210,1210
7,0,24658.131,0.97022813,0.026060782,127,2,211,1211
7,0,24935.227,0.96991353,0.026060782,127,2,212,1212
7,0,24867.488,0.93565625,0.026060782,127,2,213,1213
7,0,24668.615,0.98998888,0.026060782,127,2,214,1214
7,0,24668.228,0.90249196,0.026060782,127,2,215,1215
7,0,25348.632,0.84892123,0.026060782,127,2,216,1216
7,0,25948.073,0.94921182,0.026060782,127,2,217,1217
7,0,25407.96,0.81552929,0.026060782,127,2,218,1218
7,0,25443.043,0.98554831,0.026060782,127,2,219,1219
7,0,25555.121,0.99039636,0.026060782,127,2,220,1220
7,0,25023.316,0.96858297,0.026060782,127,2,221,1221
7,0,25302.528,0.99242929,0.026060782,127,2,222,1222
7,0,25229.891,0.99460268,0.026060782,127,2,223,1223
7,0,24930.256,0.95989821,0.026060782,127,2,224,1224
7,0,25072.096,0.967126,0.026060782,127,2,225,1225
7,0,24929.862,0.93338199,0.026060782,127,2,226,1226
7,0,24853.662,0.98097847,0.026060782,127,2,227,1227
7,0,25256.722,0.99591177,0.026060782,127,2,228,1228
7,0,25518.408,0.83052312,0.026060782,127,2,229,1229
7,0,25353.926,0.97082609,0.026060782,127,2,230,1230
7,0,25209.553,0.91081664,0.026060782,127,2,231,1231
7,0,25193.451,0.94381508,0.026060782,127,2,232,1232
7,0,25266.886,0.94060084,0.026060782,127,2,233,1233
7,0,25207.078,0.93736443,0.026060782,127,2,234,1234
7,0,25173.502,0.99662061,0.026060782,127,2,235,1235
7,0,25227.988,0.95738474,0.026060782,127,2,236,1236
7,0,25056.153,0.96738904,0.026060782,127,2,237,1237
7,0,25267.976,0.99400433,0.026060782,127,2,238,1238
7,0,25001.622,0.87903578,0.026060782,127,2,239,1239
7,0,25113.468,0.98190391,0.026060782,127,2,240,1240
7,0,25460.068,0.98348478,0.026060782,127,2,241,1241
7,0,25161.525,0.99296329,0.026060782,127,2,242,1242
7,0,25678.257,0.87261921,0.026060782,127,2,243,1243
7,0,26126.726,0.9968132,0.026060782,127,2,244,1244
7,0,25818.353,0.90212174,0.026060782,127,2,245,1245
7,0,25282.149,0.97177975,0.026060782,127,2,246,1246
7,0,25540.556,0.98432142,0.026060782,127,2,247,1247
7,0,26077.844,0.9919937,0.026060782,127,2,248,1248
7,0,25950.777,0.92411123,0.026060782,127,2,249,1249
7,0,25857.293,0.97579234,0.026060782,127,2,250,1250
7,0,25162.719,0.92718183,0.026060782,127,2,251,1251
7,0,25085.943,0.88666326,0.026060782,127,2,252,1252
7,0,25196.903,0.86803195,0.026060782,127,2,253,1253
7,0,24781.032,0.93253259,0.026060782,127,2,254,1254
7,0,24797.774,0.97941893,0.026060782,127,2,255,1255
7,0,25023.647,0.97811853,0.026060782,127,2,256,1256
7,0,25128.246,0.91441879,0.026060782,127,2,257,1257
7,0,25318.472,0.98811317,0.026060782,127,2,258,1258
7,0,24787.404,0.93080568,0.026060782,127,2,259,1259
7,0,24552.555,0.91453522,0.026060782,127,2,260,1260
7,0,24872.756,0.99100092,0.026060782,127,2,261,1261
7,0,24756.052,0.92658031,0.026060782,127,2,262,1262
7,0,24721.627,0.9202127,0.026060782,127,2,263,1263
7,0,25248.703,0.80771208,0.026060782,127,2,264,1264
7,0,25156.405,0.93539867,0.026060782,127,2,265,1265
7,0,25973.64,0.99778674999999994,0.026060782,127,2,266,1266
7,0,25749.135,0.99798052,0.026060782,127,2,267,1267
7,0,25477.56,0.95172195,0.026060782,127,2,268,1268
7,0,25639.749,0.99320707,0.026060782,127,2,269,1269
7,0,25424.278,0.98558232,0.026060782,127,2,270,1270
7,0,25312.787,0.9839347,0.026060782,127,2,271,1271
7,0,24887.74,0.99916514,0.026060782,127,2,272,1272
7,0,25001.366,0.98946818,0.026060782,127,2,273,1273
7,0,25081.213,0.85242908,0.026060782,127,2,274,1274
7,0,24742.765,0.98463185,0.026060782,127,2,275,1275
7,0,25603.176,0.91701307,0.026060782,127,2,276,1276
7,0,25683.478,0.93998232,0.026060782,127,2,277,1277
7,0,25266.227,0.87020515,0.026060782,127,2,278,1278
7,0,25465.439,0.97378012,0.026060782,127,2,279,1279
7,0,25107.563,0.99929926,0.026060782,127,2,280,1280
7,0,25021.763,0.99844164,0.026060782,127,2,281,1281
7,0,25020.616,0.99901194,0.026060782,127,2,282,1282
7,0,25317.082,0.7406967,0.026060782,127,2,283,1283
7,0,25197.392,0.99443039,0.026060782,127,2,284,1284
7,0,25537.266,0.94352242,0.026060782,127,2,285,1285
7,0,25919.522,0.9496211,0.026060782,127,2,286,1286
7,0,25192.165,0.90064893,0.026060782,127,2,287,1287
7,0,25148.092,0.98899164,0.026060782,127,2,288,1288
7,0,25289.397,0.92444318,0.026060782,127,2,289,1289
7,0,25330.38,0.949324,0.026060782,127,2,290,1290
7,0,25180.407,0.92674032,0.026060782,127,2,291,1291
7,0,25024.238,0.95931181,0.026060782,127,2,292,1292
7,0,25421.962,0.88893271,0.026060782,127,2,293,1293
7,0,25822.964,0.94902843,0.026060782,127,2,294,1294
7,0,25657.251,0.9843722,0.026060782,127,2,295,1295
7,0,25412.634,0.96662594,0.026060782,127,2,296,1296
7,0,25167.139,0.99543925,0.026060782,127,2,297,1297
7,0,25150.272,0.8937944,0.026060782,127,2,298,1298
7,0,24948.214,0.73821471,0.026060782,127,2,299,1299
7,0,24711.681,0.91138483,0.026060782,127,2,300,1300
7,0,24973.683,0.91549798,0.026060782,127,2,301,1301
7,0,25157.473,0.95958294,0.026060782,127,2,302,1302
7,0,25503.912,0.98602276,0.026060782,127,2,303,1303
7,0,25079.814,0.92143574,0.026060782,127,2,304,1304
7,0,25218.36,0.96276996,0.026060782,127,2,305,1305
7,0,25306.264,0.95195,0.026060782,127,2,306,1306
7,0,25018.551,0.96308542,0.026060782,127,2,307,1307
7,0,24770.351,0.91392906,0.026060782,127,2,308,1308
7,0,24722.655,0.9848473,0.026060782,127,2,309,1309
7,0,24824.016,0.96270895,0.026060782,127,2,310,1310
7,0,24806.756,0.89369456,0.026060782,127,2,311,1311
7,0,25002.978,0.79387412,0.026060782,127,2,312,1312
7,0,25175.073,0.9117314,0.026060782,127,2,313,1313
7,0,25240.067,0.89258642,0.026060782,127,2,314,1314
7,0,25132.336,0.98330111,0.026060782,127,2,315,1315
7,0,24915.623,0.99704766,0.026060782,127,2,316,1316
7,0,24826.064,0.86105721,0.026060782,127,2,317,1317
7,0,24991.255,0.8611046,0.026060782,127,2,318,1318
7,0,25052.549,0.89361194,0.026060782,127,2,319,1319
7,0,25145.165,0.96163302,0.026060782,127,2,320,1320
7,0,24587.173,0.98799525,0.026060782,127,2,321,1321
7,0,24757.455,0.98995132,0.026060782,127,2,322,1322
7,0,25503.466,0.94558314,0.026060782,127,2,323,1323
7,0,25084.011,0.99009959,0.026060782,127,2,324,1324
7,0,25085.727,0.96036156,0.026060782,127,2,325,1325
7,0,25726.28,0.98535477,0.026060782,127,2,326,1326
7,0,25759.94,0.88968633,0.026060782,127,2,327,1327
7,0,25324.409,0.92540994,0.026060782,127,2,328,1328
7,0,25489.529,0.89337851,0.026060782,127,2,329,1329
7,0,25406.182,0.98992662,0.026060782,127,2,330,1330
7,0,25225.606,0.96820612,0.026060782,127,2,331,1331
7,0,24892.237,0.90680784,0.026060782,127,2,332,1332
7,0,24916.342,0.95161236,0.026060782,127,2,333,1333
7,0,24826.642,0.98943543,0.026060782,127,2,334,1334
7,0,25153.013,0.98330699,0.026060782,127,2,335,1335
7,0,25068.403,0.98076955,0.026060782,127,2,336,1336
7,0,25528.627,0.92896009,0.026060782,127,2,337,1337
7,0,25993.028,0.89681755,0.026060782,127,2,338,1338
7,0,25558.303,0.99803844,0.026060782,127,2,339,1339
7,0,25836.536,0.90274936,0.026060782,127,2,340,1340
7,0,25769.276,0.98324685,0.026060782,127,2,341,1341
7,0,25815.587,0.94838032,0.026060782,127,2,342,1342
7,0,25656.614,0.92093469,0.026060782,127,2,343,1343
7,0,25561.237,0.99967305,0.026060782,127,2,344,1344
7,0,25354.063,0.88471102,0.026060782,127,2,345,1345
7,0,24957.348,0.86146734,0.026060782,127,2,346,1346
7,0,25175.782,0.8607502,0.026060782,127,2,347,1347
7,0,24992.136,0.98824892,0.026060782,127,2,348,1348
7,0,24847.588,0.9382165,0.026060782,127,2,349,1349
7,0,24540.991,0.9621613,0.026060782,127,2,350,1350
7,0,24561.237,0.93079922,0.026060782,127,2,351,1351
7,0,24365.011,0.99997666,0.026060782,127,2,352,1352
7,0,24626.351,0.98483797,0.026060782,127,2,353,1353
7,0,24711.191,0.96783994,0.026060782,127,2,354,1354
7,0,24398.384,0.83743918,0.026060782,127,2,355,1355
7,0,24537.991,0.96090766,0.026060782,127,2,356,1356
7,0,24022.14,0.92534695,0.026060782,127,2,357,1357
7,0,24693.288,0.87907966,0.026060782,127,2,358,1358
7,0,24894.45,0.96503636,0.026060782,127,2,359,1359
7,0,25172.264,0.89460172,0.026060782,127,2,360,1360
7,0,25435.493,0.96091259,0.026060782,127,2,361,1361
7,0,25059.148,0.98165175,0.026060782,127,2,362,1362
7,0,25299.188,0.98494296,0.026060782,127,2,363,1363
7,0,25451.051,0.97914638,0.026060782,127,2,364,1364
7,0,25294.323,0.92348936,0.026060782,127,2,365,1365
7,0,25422.457,0.87553022,0.026060782,127,2,366,1366
7,0,25699.72,0.9975625,0.026060782,127,2,367,1367
7,0,25448.699,0.9198314,0.026060782,127,2,368,1368
7,0,25388.526,0.91663015,0.026060782,127,2,369,1369
7,0,25019.988,0.98743535,0.026060782,127,2,370,1370
7,0,25387.773,0.81052183,0.026060782,127,2,371,1371
7,0,25751.103,0.99279584,0.026060782,127,2,372,1372
7,0,25991.569,0.98350954,0.026060782,127,2,373,1373
7,0,25468.869,0.95223792,0.026060782,127,2,374,1374
7,0,25160.54,0.999318,0.026060782,127,2,375,1375
7,0,25270.954,0.85975688,0.026060782,127,2,376,1376
7,0,25192.085,0.9825031,0.026060782,127,2,377,1377
7,0,25393.069,0.94420861,0.026060782,127,2,378,1378
7,0,25731.859,0.95816036,0.026060782,127,2,379,1379
7,0,25372.824,0.99625689,0.026060782,127,2,380,1380
7,0,25846.833,0.9346208,0.026060782,127,2,381,1381
7,0,25913.975,0.96314222,0.026060782,127,2,382,1382
7,0,25565.417,0.9425277,0.026060782,127,2,383,1383
7,0,25071.013,0.89843401,0.026060782,127,2,384,1384
7,0,25255.004,0.91434465,0.026060782,127,2,385,1385
7,0,25303.756,0.91075457,0.026060782,127,2,386,1386
7,0,25450.315,0.91440778,0.026060782,127,2,387,1387
7,0,25228.854,0.96850948,0.026060782,127,2,388,1388
7,0,25241.285,0.96888818,0.026060782,127,2,389,1389
7,0,25199.4,0.97206794,0.026060782,127,2,390,1390
7,0,25286.01,0.91660112,0.026060782,127,2,391,1391
7,0,25585.603,0.97452455,0.026060782,127,2,392,1392
7,0,25069.171,0.9859562,0.026060782,127,2,393,1393
7,0,25349.37,0.95661271,0.026060782,127,2,394,1394
7,0,25319.944,0.99110407,0.026060782,127,2,395,1395
7,0,25056.494,0.9438467,0.026060782,127,2,396,1396
7,0,24931.257,0.98823231,0.026060782,127,2,397,1397
7,0,25030.428,0.99531595,0.026060782,127,2,398,1398
7,0,25169.35,0.98233423,0.026060782,127,2,399,1399
7,0,25106.615,0.98279467,0.026060782,127,2,400,1400
7,0,24883.389,0.99679933,0.026060782,127,2,401,1401
7,0,25379.183,0.96718686,0.026060782,127,2,402,1402
7,0,25310.929,0.97561285,0.026060782,127,2,403,1403
7,0,25425.883,0.93923751,0.026060782,127,2,404,1404
7,0,25508.96,0.88467939,0.026060782,127,2,405,1405
7,0,25495.15,0.99634216,0.026060782,127,2,406,1406
7,0,24999.022,0.90901984,0.026060782,127,2,407,1407
7,0,24981.975,0.99918473,0.026060782,127,2,408,1408
7,0,25583.748,0.99318818,0.026060782,127,2,409,1409
7,0,25246.435,0.97332647,0.026060782,127,2,410,1410
7,0,26073.541,0.94302331,0.026060782,127,2,411,1411
7,0,25894.003,0.9083998,0.026060782,127,2,412,1412
7,0,25787.33,0.92861351,0.026060782,127,2,413,1413
7,0,25340.378,0.96087853,0.026060782,127,2,414,1414
7,0,25344.931,0.92562805,0.026060782,127,2,415,1415
7,0,25268.84,0.93527934,0.026060782,127,2,416,1416
7,0,24955.879,0.92132551,0.026060782,127,2,417,1417
7,0,25066.854,0.9935089,0.026060782,127,2,418,1418
7,0,24921.495,0.91962523,0.026060782,127,2,419,1419
7,0,25389.863,0.9545173,0.026060782,127,2,420,1420
7,0,25482.767,0.75551147,0.026060782,127,2,421,1421
7,0,25218.008,0.85481725,0.026060782,127,2,422,1422
7,0,25703.048,0.99613102,0.026060782,127,2,423,1423
7,0,25672.982,0.89805942,0.026060782,127,2,424,1424
7,0,25512.484,0.98241474,0.026060782,127,2,425,1425
7,0,25625.389,0.97505061,0.026060782,127,2,426,1426
7,0,25290.874,0.94126127,0.026060782,127,2,427,1427
7,0,25287.367,0.95031938,0.026060782,127,2,428,1428
7,0,25413.913,0.99262632,0.026060782,127,2,429,1429
7,0,25398.737,0.98279833,0.026060782,127,2,430,1430
7,0,25135.622,0.94278127,0.026060782,127,2,431,1431
7,0,24901.836,0.82006371,0.026060782,127,2,432,1432
7,0,24637.401,0.99349117,0.026060782,127,2,433,1433
7,0,25223.561,0.87162067,0.026060782,127,2,434,1434
7,0,25441.551,0.96832975,0.026060782,127,2,435,1435
7,0,24928.338,0.9509337,0.026060782,127,2,436,1436
7,0,25036.663,0.96218922,0.026060782,127,2,437,1437
7,0,25111.361,0.95052507,0.026060782,127,2,438,1438
7,0,24920.404,0.97965641,0.026060782,127,2,439,1439
7,0,24993.817,0.98804565,0.026060782,127,2,440,1440
7,0,25666.167,0.9424757,0.026060782,127,2,441,1441
7,0,25796.336,0.95315021,0.026060782,127,2,442,1442
7,0,25965.615,0.93571934,0.026060782,127,2,443,1443
7,0,25871.394,0.97693221,0.026060782,127,2,444,1444
7,0,26081.78,0.99889493,0.026060782,127,2,445,1445
7,0,25648.903,0.97407059,0.026060782,127,2,446,1446
7,0,25789.601,0.90553967,0.026060782,127,2,447,1447
7,0,25585.88,0.8095588,0.026060782,127,2,448,1448
7,0,25908.755,0.97573512,0.026060782,127,2,449,1449
7,0,25684.094,0.93374291,0.026060782,127,2,450,1450
7,0,25517.729,0.98386376,0.026060782,127,2,451,1451
7,0,25447.936,0.93892587,0.026060782,127,2,452,1452
7,0,25239.742,0.94742298,0.026060782,127,2,453,1453
7,0,25222.29,0.99463811,0.026060782,127,2,454,1454
7,0,24766.241,0.99713273,0.026060782,127,2,455,1455
7,0,24632.875,1,0.026060782,127,2,456,1456
7,0,24654.199,0.98211668,0.026060782,127,2,457,1457
7,0,24450.628,0.93526478,0.026060782,127,2,458,1458
7,0,24406.123,0.95311278,0.026060782,127,2,459,1459
7,0,25066.076,0.97498319,0.026060782,127,2,460,1460
7,0,24730.002,0.99872966,0.026060782,127,2,461,1461
7,0,24880.732,0.9824177,0.026060782,127,2,462,1462
7,0,25271.964,0.97684632,0.026060782,127,2,463,1463
7,0,25233.876,0.93350922,0.026060782,127,2,464,1464
7,0,24690.122,0.96659905,0.026060782,127,2,465,1465
7,0,24601.449,0.996729,0.026060782,127,2,466,1466
7,0,24618.522,0.97391353,0.026060782,127,2,467,1467
7,0,24913.204,0.85839318,0.026060782,127,2,468,1468
7,0,24594.5,0.90016728,0.026060782,127,2,469,1469
7,0,24654.843,0.97404462,0.026060782,127,2,470,1470
7,0,24851.635,0.87062231,0.026060782,127,2,471,1471
7,0,25455.375,0.95949443,0.026060782,127,2,472,1472
7,0,25611.689,0.96711377,0.026060782,127,2,473,1473
7,0,25302.111,0.94558841,0.026060782,127,2,474,1474
7,0,25411.422,0.89759755,0.026060782,127,2,475,1475
7,0,25490.605,0.85539292,0.026060782,127,2,476,1476
7,0,25774.35,0.92204043,0.026060782,127,2,477,1477
7,0,25409.621,0.97066249,0.026060782,127,2,478,1478
7,0,25698.57,0.92315163,0.026060782,127,2,479,1479
7,0,26129.576,0.85103217,0.026060782,127,2,480,1480
7,0,25963.231,0.98963762,0.026060782,127,2,481,1481
7,0,25414.156,0.92140662,0.026060782,127,2,482,1482
7,0,25658.01,0.99975201,0.026060782,127,2,483,1483
7,0,25633.056,0.9688295,0.026060782,127,2,484,1484
7,0,25686.165,0.92347021,0.026060782,127,2,485,1485
7,0,25816.737,0.9685348,0.026060782,127,2,486,1486
7,0,25453.855,0.84693641,0.026060782,127,2,487,1487
7,0,25111.237,0.96607034,0.026060782,127,2,488,1488
7,0,24916.113,0.94907381,0.026060782,127,2,489,1489
7,0,24779.786,0.96032108,0.026060782,127,2,490,1490
7,0,24636.803,0.99473934,0.026060782,127,2,491,1491
7,0,24606.328,0.98837823,0.026060782,127,2,492,1492
7,0,24975.476,0.94879127,0.026060782,127,2,493,1493
7,0,25416.37,0.83943081,0.026060782,127,2,494,1494
7,0,25370.685,0.99957182,0.026060782,127,2,495,1495
7,0,25418.773,0.83942413,0.026060782,127,2,496,1496
7,0,24870.591,0.90453016,0.026060782,127,2,497,1497
7,0,24210.251,0.96490382,0.026060782,127,2,498,1498
7,0,24482.111,0.94621748,0.026060782,127,2,499,1499
7,0,24623.583,0.98669651,0.026060782,127,2,500,1500
7,0,24972.099,0.99322317,0.026060782,127,2,501,1501
7,0,25279.705,0.85981542,0.026060782,127,2,502,1502
7,0,25632.431,0.922762,0.026060782,127,2,503,1503
7,0,25648.3,0.93677358,0.026060782,127,2,504,1504
7,0,26456.876,0.9144747,0.026060782,127,2,505,1505
7,0,26473.78,0.97503357,0.026060782,127,2,506,1506
7,0,25930.6,0.98375154,0.026060782,127,2,507,1507
7,0,25662.543,0.87404871,0.026060782,127,2,508,1508
7,0,25655.188,0.99983065,0.026060782,127,2,509,1509
7,0,25677.484,0.96028322,0.026060782,127,2,510,1510
7,0,25447.774,0.91887502,0.026060782,127,2,511,1511
7,0,25215.281,0.98482044,0.026060782,127,2,512,1512
7,0,25102.542,0.95933629,0.026060782,127,2,513,1513
7,0,25394.606,0.9233775,0.026060782,127,2,514,1514
7,0,25362.764,0.95403098,0.026060782,127,2,515,1515
7,0,25123.694,0.98989053,0.026060782,127,2,516,1516
7,0,25187.07,0.99098044,0.026060782,127,2,517,1517
7,0,25828.31,0.90982186,0.026060782,127,2,518,1518
7,0,25682.554,0.96521087,0.026060782,127,2,519,1519
7,0,25562.234,0.89914962,0.026060782,127,2,520,1520
7,0,25540.384,0.91035221,0.026060782,127,2,521,1521
7,0,25546.439,0.97376664,0.026060782,127,2,522,1522
7,0,25530.215,0.97342431,0.026060782,127,2,523,1523
7,0,25453.91,0.96286413,0.026060782,127,2,524,1524
7,0,25173.161,0.94959914,0.026060782,127,2,525,1525
7,0,25222.375,0.9999825,0.026060782,127,2,526,1526
7,0,25398.195,0.97527863,0.026060782,127,2,527,1527
7,0,25768.36,0.87115755,0.026060782,127,2,528,1528
7,0,25841.938,0.98245942,0.026060782,127,2,529,1529
7,0,25864.079,0.97428937,0.026060782,127,2,530,1530
7,0,25304.239,0.98196456,0.026060782,127,2,531,1531
7,0,25234.574,0.98272048,0.026060782,127,2,532,1532
7,0,25099.594,0.95956153,0.026060782,127,2,533,1533
7,0,25315.445,0.978558,0.026060782,127,2,534,1534
7,0,25259.686,0.95996517,0.026060782,127,2,535,1535
7,0,25663.858,0.90940867,0.026060782,127,2,536,1536
7,0,25540.216,0.97854924,0.026060782,127,2,537,1537
7,0,25168.63,0.98655083,0.026060782,127,2,538,1538
7,0,25316.984,0.92178318,0.026060782,127,2,539,1539
7,0,25323.038,0.92925227,0.026060782,127,2,540,1540
7,0,25120.992,0.93235434,0.026060782,127,2,541,1541
7,0,25683.571,0.94520656,0.026060782,127,2,542,1542
7,0,25929.278,1,0.026060782,127,2,543,1543
7,0,25942.807,0.94769703,0.026060782,127,2,544,1544
7,0,25924.112,0.97686761,0.026060782,127,2,545,1545
7,0,25553.569,0.99408225,0.026060782,127,2,546,1546
7,0,25620.693,0.99257741,0.026060782,127,2,547,1547
7,0,25907.232,0.99594597,0.026060782,127,2,548,1548
7,0,25519.554,0.9191981,0.026060782,127,2,549,1549
7,0,25333.838,0.79239232,0.026060782,127,2,550,1550
7,0,25563.816,0.94826715,0.026060782,127,2,551,1551
7,0,25175.853,0.99543279,0.026060782,127,2,552,1552
7,0,25277.701,0.92088537,0.026060782,127,2,553,1553
7,0,24743.755,0.90729493,0.026060782,127,2,554,1554
7,0,25043.82,0.97447684,0.026060782,127,2,555,1555
7,0,24996.322,0.98505563,0.026060782,127,2,556,1556
7,0,24798.489,0.99600665,0.026060782,127,2,557,1557
7,0,25103.279,0.90166558,0.026060782,127,2,558,1558
7,0,24942.229,0.99558888,0.026060782,127,2,559,1559
7,0,24905.314,0.99064146,0.026060782,127,2,560,1560
7,0,24705.124,0.80880683,0.026060782,127,2,561,1561
7,0,24706.679,0.9387669,0.026060782,127,2,562,1562
7,0,24734.022,0.9670747,0.026060782,127,2,563,1563
7,0,24385.048,0.98864964,0.026060782,127,2,564,1564
7,0,24316.169,0.92309489,0.026060782,127,2,565,1565
7,0,24447.538,0.87381042,0.026060782,127,2,566,1566
7,0,24574.111,0.97966193,0.026060782,127,2,567,1567
7,0,25172.067,0.95782343,0.026060782,127,2,568,1568
7,0,25372.476,0.94622007,0.026060782,127,2,569,1569
7,0,25300.569,0.84415013,0.026060782,127,2,570,1570
7,0,24997.839,0.99646583,0.026060782,127,2,571,1571
7,0,24672.439,0.9495466,0.026060782,127,2,572,1572
7,0,24910.259,0.98274662,0.026060782,127,2,573,1573
7,0,25524.676,0.97880082,0.026060782,127,2,574,1574
7,0,25578.299,0.86602715,0.026060782,127,2,575,1575
7,0,25775.181,0.9990193,0.026060782,127,2,576,1576
7,0,25651.442,0.99822129,0.026060782,127,2,577,1577
7,0,25520.967,0.98048545,0.026060782,127,2,578,1578
7,0,25580.26,0.98354545,0.026060782,127,2,579,1579
7,0,25728.31,0.99741427,0.026060782,127,2,580,1580
7,0,25743.32,0.99377922,0.026060782,127,2,581,1581
7,0,25207.745,0.82907049,0.026060782,127,2,582,1582
7,0,25301.668,0.97669483,0.026060782,127,2,583,1583
7,0,25507.702,0.99990358,0.026060782,127,2,584,1584
7,0,25470.044,0.96084616,0.026060782,127,2,585,1585
7,0,24849.688,0.97380279,0.026060782,127,2,586,1586
7,0,24918.941,0.97951195,0.026060782,127,2,587,1587
7,0,25037.918,0.96547353,0.026060782,127,2,588,1588
7,0,25181.308,0.9990995,0.026060782,127,2,589,1589
7,0,25786.755,0.96946229,0.026060782,127,2,590,1590
7,0,25807.115,0.97800106,0.026060782,127,2,591,1591
7,0,25774.451,0.80414678,0.026060782,127,2,592,1592
7,0,25434.788,0.93657624,0.026060782,127,2,593,1593
7,0,25845.638,0.91687851,0.026060782,127,2,594,1594
7,0,25847.585,0.95279567,0.026060782,127,2,595,1595
7,0,24984.652,0.99691978,0.026060782,127,2,596,1596
7,0,25232.728,0.98082857,0.026060782,127,2,597,1597
7,0,25321.475,0.98209054,0.026060782,127,2,598,1598
7,0,25127.652,0.98549793,0.026060782,127,2,599,1599
7,0,24824.065,0.97773864,0.026060782,127,2,600,1600
7,0,25074.53,0.98247579,0.026060782,127,2,601,1601
7,0,25081.031,0.84426982,0.026060782,127,2,602,1602
7,0,25123.353,0.89420754,0.026060782,127,2,603,1603
7,0,25642.295,0.98608178,0.026060782,127,2,604,1604
7,0,25162.521,0.69102334,0.026060782,127,2,605,1605
7,0,25509.12,0.98654459,0.026060782,127,2,606,1606
7,0,25398.725,0.96883414,0.026060782,127,2,607,1607
7,0,25214.335,0.99011414,0.026060782,127,2,608,1608
7,0,24716.967,0.92278135,0.026060782,127,2,609,1609
7,0,24858.682,0.96301694,0.026060782,127,2,610,1610
7,0,24868.833,0.89866762,0.026060782,127,2,611,1611
7,0,24986.016,0.99718279,0.026060782,127,2,612,1612
7,0,24798.726,0.96271055,0.026060782,127,2,613,1613
7,0,24931.212,0.91849201,0.026060782,127,2,614,1614
7,0,24579.574,0.98471994,0.026060782,127,2,615,1615
7,0,24338.519,0.98059368,0.026060782,127,2,616,1616
7,0,24625.73,0.98121034,0.026060782,127,2,617,1617
7,0,24750.527,0.96624044,0.026060782,127,2,618,1618
7,0,25123.547,0.92241165,0.026060782,127,2,619,1619
7,0,25150.992,0.89464361,0.026060782,127,2,620,1620
7,0,25125.015,0.97720936,0.026060782,127,2,621,1621
7,0,25040.832,0.91720801,0.026060782,127,2,622,1622
7,0,25301.066,0.96239256,0.026060782,127,2,623,1623
7,0,25298.708,0.86053189,0.026060782,127,2,624,1624
7,0,25427.522,0.91736062,0.026060782,127,2,625,1625
7,0,25340.495,0.98412159,0.026060782,127,2,626,1626
7,0,25372.727,0.96979675,0.026060782,127,2,627,1627
7,0,25453.904,0.89249337,0.026060782,127,2,628,1628
7,0,25321.024,0.95067328,0.026060782,127,2,629,1629
7,0,25260.232,0.89000629,0.026060782,127,2,630,1630
7,0,25102.959,0.99239624,0.026060782,127,2,631,1631
7,0,25148.081,0.9919393,0.026060782,127,2,632,1632
7,0,25391.446,0.92817694,0.026060782,127,2,633,1633
7,0,25248.446,0.92768255,0.026060782,127,2,634,1634
7,0,25196.761,0.93652089,0.026060782,127,2,635,1635
7,0,25400.312,0.90855015,0.026060782,127,2,636,1636
7,0,25185.935,0.86613912,0.026060782,127,2,637,1637
7,0,24963.3,0.92650657,0.026060782,127,2,638,1638
7,0,24910.52,0.99425976,0.026060782,127,2,639,1639
7,0,25227.638,0.96654964,0.026060782,127,2,640,1640
7,0,25991.061,0.94639678,0.026060782,127,2,641,1641
7,0,26072.671,0.97821201,0.026060782,127,2,642,1642
7,0,25538.469,0.97428863,0.026060782,127,2,643,1643
7,0,24957.243,0.99199006,0.026060782,127,2,644,1644
7,0,25142.054,0.98365724,0.026060782,127,2,645,1645
7,0,24943.148,0.98160728,0.026060782,127,2,646,1646
7,0,24921.624,0.93807284,0.026060782,127,2,647,1647
7,0,25043.048,0.93677889,0.026060782,127,2,648,1648
7,0,25128.088,0.92672309,0.026060782,127,2,649,1649
7,0,25444.427,0.89859434,0.026060782,127,2,650,1650
7,0,25437.08,0.93597866,0.026060782,127,2,651,1651
7,0,25996.574,0.97840471,0.026060782,127,2,652,1652
7,0,25910.187,0.99866945,0.026060782,127,2,653,1653
7,0,25937.679,0.99821102,0.026060782,127,2,654,1654
7,0,25655.312,0.98240313,0.026060782,127,2,655,1655
7,0,25714.04,0.98393172,0.026060782,127,2,656,1656
7,0,25906.778,0.98567491,0.026060782,127,2,657,1657
7,0,25793.96,0.9777713,0.026060782,127,2,658,1658
7,0,25334.744,0.94237709,0.026060782,127,2,659,1659
7,0,25507.8,0.99238145,0.026060782,127,2,660,1660
7,0,25673.825,0.92330038,0.026060782,127,2,661,1661
7,0,25800.332,0.96555502,0.026060782,127,2,662,1662
7,0,25835.023,0.84741714,0.026060782,127,2,663,1663
7,0,25864.397,0.88417478,0.026060782,127,2,664,1664
7,0,26093.658,0.9841072,0.026060782,127,2,665,1665
7,0,26012.81,0.91869512,0.026060782,127,2,666,1666
7,0,25568.2,0.99645221,0.026060782,127,2,667,1667
7,0,25339.726,0.91551116,0.026060782,127,2,668,1668
7,0,25029.945,0.98052769,0.026060782,127,2,669,1669
7,0,24955.186,0.93032559,0.026060782,127,2,670,1670
7,0,25209.995,0.92381909,0.026060782,127,2,671,1671
7,0,25710.389,0.99654754,0.026060782,127,2,672,1672
7,0,25381.822,0.95608586,0.026060782,127,2,673,1673
7,0,25222.162,0.99710108,0.026060782,127,2,674,1674
7,0,25444.388,1,0.026060782,127,2,675,1675
7,0,25054.481,0.93461799,0.026060782,127,2,676,1676
7,0,25088.373,0.93948498,0.026060782,127,2,677,1677
7,0,24721.685,0.98822216,0.026060782,127,2,678,1678
7,0,24755.122,1,0.026060782,127,2,679,1679
7,0,24670.79,0.92963506,0.026060782,127,2,680,1680
7,0,24974.799,0.94796289,0.026060782,127,2,681,1681
7,0,25014.183,0.99424699,0.026060782,127,2,682,1682
7,0,24872.005,0.86401126,0.026060782,127,2,683,1683
7,0,25036.426,0.82471492,0.026060782,127,2,684,1684
7,0,24950.339,0.99222395,0.026060782,127,2,685,1685
7,0,25129.047,0.96196617,0.026060782,127,2,686,1686
7,0,25324.264,0.99230103,0.026060782,127,2,687,1687
7,0,25140.26,0.96879287,0.026060782,127,2,688,1688
7,0,24873.898,0.72668304,0.026060782,127,2,689,1689
7,0,24731.637,0.98956913,0.026060782,127,2,690,1690
7,0,24836.21,0.970464,0.026060782,127,2,691,1691
7,0,24889.042,0.90069537,0.026060782,127,2,692,1692
7,0,25109.915,0.86203113,0.026060782,127,2,693,1693
7,0,25080.934,0.97223202,0.026060782,127,2,694,1694
7,0,24997.319,0.89531361,0.026060782,127,2,695,1695
7,0,25339.088,0.83373612,0.026060782,127,2,696,1696
7,0,25471.293,0.97281192,0.026060782,127,2,697,1697
7,0,25163.701,0.99984846,0.026060782,127,2,698,1698
7,0,25060.6,0.8890856,0.026060782,127,2,699,1699
7,0,25210.387,0.9567038,0.026060782,127,2,700,1700
7,0,25134.588,0.9388818,0.026060782,127,2,701,1701
7,0,25491.727,0.93961974,0.026060782,127,2,702,1702
7,0,25057.564,0.99602116,0.026060782,127,2,703,1703
7,0,25061.441,0.93494217,0.026060782,127,2,704,1704
7,0,24821.929,0.89666096,0.026060782,127,2,705,1705
7,0,25680.463,0.91849725,0.026060782,127,2,706,1706
7,0,25562.628,0.88450075,0.026060782,127,2,707,1707
7,0,25646.659,0.84929517,0.026060782,127,2,708,1708
7,0,25775.023,0.96853862,0.026060782,127,2,709,1709
7,0,25634.541,0.97447341,0.026060782,127,2,710,1710
7,0,25398.782,0.91858351,0.026060782,127,2,711,1711
7,0,24798.621,0.9489978,0.026060782,127,2,712,1712
7,0,24774.041,0.97967028,0.026060782,127,2,713,1713
7,0,24652.272,0.99148037,0.026060782,127,2,714,1714
7,0,24847.106,0.92923274,0.026060782,127,2,715,1715
7,0,25030.277,0.98643715,0.026060782,127,2,716,1716
7,0,25344.743,0.76778494,0.026060782,127,2,717,1717
7,0,25585.098,0.91975946,0.026060782,127,2,718,1718
7,0,24925.035,0.99808519,0.026060782,127,2,719,1719
7,0,25056.864,0.94844213,0.026060782,127,2,720,1720
7,0,24856.936,0.99668352,0.026060782,127,2,721,1721
7,0,25109.598,0.92136562,0.026060782,127,2,722,1722
7,0,25126.457,0.92226322,0.026060782,127,2,723,1723
7,0,25186.544,0.99697079,0.026060782,127,2,724,1724
7,0,24840.438,0.8714883,0.026060782,127,2,725,1725
7,0,25078.661,0.88893479,0.026060782,127,2,726,1726
7,0,25385.985,0.8415596,0.026060782,127,2,727,1727
7,0,25306.824,0.86653953,0.026060782,127,2,728,1728
7,0,24960.356,0.99839388,0.026060782,127,2,729,1729
7,0,24901.267,0.86561116,0.026060782,127,2,730,1730
7,0,25437.301,0.99424007,0.026060782,127,2,731,1731
7,0,25278.552,0.817262,0.026060782,127,2,732,1732
7,0,25525.91,0.97976973,0.026060782,127,2,733,1733
7,0,25517.979,0.92124583,0.026060782,127,2,734,1734
7,0,25644.806,0.92827185,0.026060782,127,2,735,1735
7,0,25278.926,0.91913028,0.026060782,127,2,736,1736
7,0,25636.054,0.96784711,0.026060782,127,2,737,1737
7,0,25673.296,0.98942823,0.026060782,127,2,738,1738
7,0,25490.354,0.96439665,0.026060782,127,2,739,1739
7,0,25146.843,0.95416996,0.026060782,127,2,740,1740
7,0,25062.02,0.9950375,0.026060782,127,2,741,1741
7,0,25486.41,0.92343093,0.026060782,127,2,742,1742
7,0,25379.204,0.98452069,0.026060782,127,2,743,1743
7,0,25569.335,0.83420566,0.026060782,127,2,744,1744
7,0,25289.085,0.94172377,0.026060782,127,2,745,1745
7,0,25614.952,0.99165346,0.026060782,127,2,746,1746
7,0,25322.108,0.98928167,0.026060782,127,2,747,1747
7,0,25429.121,1,0.026060782,127,2,748,1748
7,0,25176.203,0.89871116,0.026060782,127,2,749,1749
7,0,25185.187,0.98873928,0.026060782,127,2,750,1750
7,0,25441.837,0.89287573,0.026060782,127,2,751,1751
7,0,25391.133,0.99855094,0.026060782,127,2,752,1752
7,0,25502.265,0.99985186,0.026060782,127,2,753,1753
7,0,25624.725,0.97017253,0.026060782,127,2,754,1754
7,0,25698.031,0.97520979,0.026060782,127,2,755,1755
7,0,26109.652,0.92851398,0.026060782,127,2,756,1756
7,0,25362.448,0.99046101,0.026060782,127,2,757,1757
7,0,25118.265,0.86342768,0.026060782,127,2,758,1758
7,0,25116.914,0.88656992,0.026060782,127,2,759,1759
7,0,25372.802,0.85822444,0.026060782,127,2,760,1760
7,0,24898.135,0.9340654,0.026060782,127,2,761,1761
7,0,24774.876,0.99114155,0.026060782,127,2,762,1762
7,0,24911.431,0.90607627,0.026060782,127,2,763,1763
7,0,25100.104,0.98601562,0.026060782,127,2,764,1764
7,0,25076.188,0.93963588,0.026060782,127,2,765,1765
7,0,24316.107,0.99804898,0.026060782,127,2,766,1766
7,0,24452.289,0.96950585,0.026060782,127,2,767,1767
7,0,24497.229,0.93256838,0.026060782,127,2,768,1768
7,0,24535.693,0.64297456,0.026060782,127,2,769,1769
7,0,24420.71,0.93631373,0.026060782,127,2,770,1770
7,0,24617.759,0.99312939,0.026060782,127,2,771,1771
7,0,24386.648,0.97586959,0.026060782,127,2,772,1772
7,0,24995.365,0.88532733,0.026060782,127,2,773,1773
7,0,25077.756,0.92590074,0.026060782,127,2,774,1774
7,0,24948.01,0.98642524,0.026060782,127,2,775,1775
7,0,25091.794,0.9315134,0.026060782,127,2,776,1776
7,0,25384.44,0.99520587,0.026060782,127,2,777,1777
7,0,25646.221,0.90510846,0.026060782,127,2,778,1778
7,0,25179.802,0.97016053,0.026060782,127,2,779,1779
7,0,25275.395,0.87239686,0.026060782,127,2,780,1780
7,0,24818.124,0.97092859,0.026060782,127,2,781,1781
7,0,24663.15,0.97485157,0.026060782,127,2,782,1782
7,0,24806.657,0.92808924,0.026060782,127,2,783,1783
7,0,25314.531,0.89223665,0.026060782,127,2,784,1784
7,0,25473.827,0.95153768,0.026060782,127,2,785,1785
7,0,25481.008,0.91239012,0.026060782,127,2,786,1786
7,0,24939.421,0.88275209,0.026060782,127,2,787,1787
7,0,24622.547,0.86100336,0.026060782,127,2,788,1788
7,0,24563.331,0.99538458,0.026060782,127,2,789,1789
7,0,24799.698,0.96034361,0.026060782,127,2,790,1790
7,0,25076.799,0.96100269,0.026060782,127,2,791,1791
7,0,25433.914,0.95134702,0.026060782,127,2,792,1792
7,0,25460.9,0.90905371,0.026060782,127,2,793,1793
7,0,25554.744,0.87565546,0.026060782,127,2,794,1794
7,0,25516.133,0.99901123,0.026060782,127,2,795,1795
7,0,25390.855,0.91823692,0.026060782,127,2,796,1796
7,0,25143.658,0.94971655,0.026060782,127,2,797,1797
7,0,25145.284,0.8323352,0.026060782,127,2,798,1798
7,0,24740.25,0.99676279,0.026060782,127,2,799,1799
7,0,25350.157,0.99364393,0.026060782,127,2,800,1800
7,0,25647.516,0.83559997,0.026060782,127,2,801,1801
7,0,25796.586,0.99529285,0.026060782,127,2,802,1802
7,0,25872.858,0.94726554,0.026060782,127,2,803,1803
7,0,25554.09,0.99207451,0.026060782,127,2,804,1804
7,0,24755.165,0.98211066,0.026060782,127,2,805,1805
7,0,24785.284,0.94737606,0.026060782,127,2,806,1806
7,0,24865.176,0.83679595,0.026060782,127,2,807,1807
7,0,25083.493,0.838903,0.026060782,127,2,808,1808
7,0,25045.16,0.9965419,0.026060782,127,2,809,1809
7,0,25252.483,0.86000014,0.026060782,127,2,810,1810
7,0,25301.486,0.99664341,0.026060782,127,2,811,1811
7,0,24871.666,0.88498058,0.026060782,127,2,812,1812
7,0,25109.123,0.92788266,0.026060782,127,2,813,1813
7,0,24703.489,0.97311566,0.026060782,127,2,814,1814
7,0,24001.455,0.97671049,0.026060782,127,2,815,1815
7,0,24322.151,0.94635538,0.026060782,127,2,816,1816
7,0,24518.12,0.97665705,0.026060782,127,2,817,1817
7,0,24879.429,0.91593847,0.026060782,127,2,818,1818
7,0,24837.75,0.9989595,0.026060782,127,2,819,1819
7,0,24657.696,0.98477193,0.026060782,127,2,820,1820
7,0,25176.063,0.89428942,0.026060782,127,2,821,1821
7,0,25115.317,0.99332842,0.026060782,127,2,822,1822
7,0,25155.277,0.93240308,0.026060782,127,2,823,1823
7,0,25508.424,0.87571993,0.026060782,127,2,824,1824
7,0,26000.172,0.89567574,0.026060782,127,2,825,1825
7,0,26102.56,0.99387648,0.026060782,127,2,826,1826
7,0,25745.422,0.98241398,0.026060782,127,2,827,1827
7,0,25143.535,0.88452486,0.026060782,127,2,828,1828
7,0,24928.14,0.9951865,0.026060782,127,2,829,1829
7,0,24876.777,0.91154333,0.026060782,127,2,830,1830
7,0,25011.244,0.93266426,0.026060782,127,2,831,1831
7,0,25138.651,0.88509023,0.026060782,127,2,832,1832
7,0,25146.411,0.99513923,0.026060782,127,2,833,1833
7,0,25236.055,0.92870847,0.026060782,127,2,834,1834
7,0,25089.968,0.87779053,0.026060782,127,2,835,1835
7,0,25087.133,0.98494184,0.026060782,127,2,836,1836
7,0,24955.158,0.86969778,0.026060782,127,2,837,1837
7,0,25149.056,0.87723664,0.026060782,127,2,838,1838
7,0,25209.735,0.98059552,0.026060782,127,2,839,1839
7,0,25236.56,0.98687643,0.026060782,127,2,840,1840
7,0,25446.699,0.92770165,0.026060782,127,2,841,1841
7,0,25791.205,0.8951063,0.026060782,127,2,842,1842
7,0,25592.969,0.89421873,0.026060782,127,2,843,1843
7,0,25632.708,0.99369968,0.026060782,127,2,844,1844
7,0,25398.828,0.98044691,0.026060782,127,2,845,1845
7,0,25281.699,0.92756223,0.026060782,127,2,846,1846
7,0,25214.423,0.97538359,0.026060782,127,2,847,1847
7,0,25533.066,0.99433492,0.026060782,127,2,848,1848
7,0,24705.429,0.98593154,0.026060782,127,2,849,1849
7,0,24632.734,0.9053458,0.026060782,127,2,850,1850
7,0,25175.312,0.95359945,0.026060782,127,2,851,1851
7,0,24890.828,0.98189667,0.026060782,127,2,852,1852
7,0,24454.947,0.88546854,0.026060782,127,2,853,1853
7,0,24755.683,0.79309463,0.026060782,127,2,854,1854
7,0,25166.421,0.99933591,0.026060782,127,2,855,1855
7,0,25189.709,0.95125707,0.026060782,127,2,856,1856
7,0,25077.415,0.99824309,0.026060782,127,2,857,1857
7,0,25470.665,0.95904582,0.026060782,127,2,858,1858
7,0,25928.702,0.99663551,0.026060782,127,2,859,1859
7,0,25729.944,0.89428531,0.026060782,127,2,860,1860
7,0,25554.627,0.99345936,0.026060782,127,2,861,1861
7,0,25438.915,0.97343515,0.026060782,127,2,862,1862
7,0,25027.446,0.98900486,0.026060782,127,2,863,1863
7,0,24970.887,0.91320946,0.026060782,127,2,864,1864
7,0,25228.442,0.95718261,0.026060782,127,2,865,1865
7,0,25068.89,0.95623062,0.026060782,127,2,866,1866
7,0,24784.43,0.98717044,0.026060782,127,2,867,1867
7,0,24939.405,0.99788127,0.026060782,127,2,868,1868
7,0,24856.771,0.95505047,0.026060782,127,2,869,1869
7,0,24938.708,0.92598216,0.026060782,127,2,870,1870
7,0,24923.403,0.81613296,0.026060782,127,2,871,1871
7,0,25373.802,0.99211484,0.026060782,127,2,872,1872
7,0,25404.587,0.98566005,0.026060782,127,2,873,1873
7,0,25422.526,0.98807514,0.026060782,127,2,874,1874
7,0,25571.608,0.95294303,0.026060782,127,2,875,1875
7,0,25659.94,0.89355166,0.026060782,127,2,876,1876
7,0,25622.71,0.99636831,0.026060782,127,2,877,1877
7,0,25321.223,0.97492888,0.026060782,127,2,878,1878
7,0,25561.61,0.97230254,0.026060782,127,2,879,1879
7,0,25616.476,0.95967911,0.026060782,127,2,880,1880
7,0,25217.893,0.96127213,0.026060782,127,2,881,1881
7,0,25597.441,0.98246126,0.026060782,127,2,882,1882
7,0,25625.344,0.95436494,0.026060782,127,2,883,1883
7,0,25689.955,0.95686322,0.026060782,127,2,884,1884
7,0,25720.264,0.90626581,0.026060782,127,2,885,1885
7,0,25634.95,0.98202758,0.026060782,127,2,886,1886
7,0,25431.967,0.95979345,0.026060782,127,2,887,1887
7,0,25309.308,0.94554758,0.026060782,127,2,888,1888
7,0,25388.341,0.96221718,0.026060782,127,2,889,1889
7,0,25096.095,0.919331,0.026060782,127,2,890,1890
7,0,24999.905,0.75776419,0.026060782,127,2,891,1891
7,0,24740.618,0.98992536,0.026060782,127,2,892,1892
7,0,24876.001,0.85239173,0.026060782,127,2,893,1893
7,0,25097.487,0.95906884,0.026060782,127,2,894,1894
7,0,25298.586,0.99709287,0.026060782,127,2,895,1895
7,0,25249.477,0.95340752,0.026060782,127,2,896,1896
7,0,25378.486,0.94700454,0.026060782,127,2,897,1897
7,0,25716.61,0.98696387,0.026060782,127,2,898,1898
7,0,25495.831,0.97352267,0.026060782,127,2,899,1899
7,0,25343.246,0.97144017,0.026060782,127,2,900,1900
7,0,25069.949,0.78462919,0.026060782,127,2,901,1901
7,0,25141.061,0.99247996,0.026060782,127,2,902,1902
7,0,24984.227,0.97558115,0.026060782,127,2,903,1903
7,0,24908.341,0.96849587,0.026060782,127,2,904,1904
7,0,25235.847,0.95033593,0.026060782,127,2,905,1905
7,0,25254.394,0.91407916,0.026060782,127,2,906,1906
7,0,25560.471,0.91968374,0.026060782,127,2,907,1907
7,0,25938.774,0.88192935,0.026060782,127,2,908,1908
7,0,25367.373,1,0.026060782,127,2,909,1909
7,0,25252.066,0.94072519,0.026060782,127,2,910,1910
7,0,25475.326,0.93714789,0.026060782,127,2,911,1911
7,0,25245.985,0.99213838,0.026060782,127,2,912,1912
7,0,24955.399,0.92132816,0.026060782,127,2,913,1913
7,0,25022.913,0.9731714,0.026060782,127,2,914,1914
7,0,25119.246,0.96962737,0.026060782,127,2,915,1915
7,0,25242.277,0.97010389,0.026060782,127,2,916,1916
7,0,25136.72,0.95215588,0.026060782,127,2,917,1917
7,0,24760.238,0.90689622,0.026060782,127,2,918,1918
7,0,25111.832,0.97557591,0.026060782,127,2,919,1919
7,0,25512.21,0.96367153,0.026060782,127,2,920,1920
7,0,25441.175,0.99941238,0.026060782,127,2,921,1921
7,0,24929.372,0.90807862,0.026060782,127,2,922,1922
7,0,25311.355,0.97946453,0.026060782,127,2,923,1923
7,0,25234.918,0.95990398,0.026060782,127,2,924,1924
7,0,24951.602,0.90700533,0.026060782,127,2,925,1925
7,0,25115.026,0.98383058,0.026060782,127,2,926,1926
7,0,25742.162,0.99280781,0.026060782,127,2,927,1927
7,0,25186.646,0.98257261,0.026060782,127,2,928,1928
7,0,25241.811,0.96057675,0.026060782,127,2,929,1929
7,0,25384.93,0.83361571,0.026060782,127,2,930,1930
7,0,25215.91,0.90867837,0.026060782,127,2,931,1931
7,0,24974.116,0.95064603,0.026060782,127,2,932,1932
7,0,25225.003,0.99216376,0.026060782,127,2,933,1933
7,0,25227.777,0.88630779,0.026060782,127,2,934,1934
7,0,25568.779,0.93203578,0.026060782,127,2,935,1935
7,0,25341.402,0.93894102,0.026060782,127,2,936,1936
7,0,25407.152,0.89490211,0.026060782,127,2,937,1937
7,0,25694.792,0.99690083,0.026060782,127,2,938,1938
7,0,25560.269,0.93026278,0.026060782,127,2,939,1939
7,0,25740.386,0.96894681,0.026060782,127,2,940,1940
7,0,25657.455,0.94802325,0.026060782,127,2,941,1941
7,0,25618.823,0.95420432,0.026060782,127,2,942,1942
7,0,25648.821,0.96645141,0.026060782,127,2,943,1943
7,0,25668.604,0.98949295,0.026060782,127,2,944,1944
7,0,25361.791,0.93386145,0.026060782,127,2,945,1945
7,0,25327.707,0.98991734,0.026060782,127,2,946,1946
7,0,25362.676,0.93176101,0.026060782,127,2,947,1947
7,0,25475.359,0.97325306,0.026060782,127,2,948,1948
7,0,25322.082,0.82770839,0.026060782,127,2,949,1949
7,0,25276.783,0.99067473,0.026060782,127,2,950,1950
7,0,25346.091,0.99152143,0.026060782,127,2,951,1951
7,0,25600.064,0.99632345,0.026060782,127,2,952,1952
7,0,25733.293,0.9555218,0.026060782,127,2,953,1953
7,0,25534.546,0.98644198,0.026060782,127,2,954,1954
7,0,25052.234,0.99178693,0.026060782,127,2,955,1955
7,0,24634.001,0.90737707,0.026060782,127,2,956,1956
7,0,24822.784,0.90746008,0.026060782,127,2,957,1957
7,0,25278.276,0.91997495,0.026060782,127,2,958,1958
7,0,25388.364,0.97332331,0.026060782,127,2,959,1959
7,0,25046.191,0.97750737,0.026060782,127,2,960,1960
7,0,25639.995,0.9660422,0.026060782,127,2,961,1961
7,0,25625.19,0.97808564,0.026060782,127,2,962,1962
7,0,24999.694,0.95084017,0.026060782,127,2,963,1963
7,0,25014.24,0.98439124,0.026060782,127,2,964,1964
7,0,24816.016,0.96330618,0.026060782,127,2,965,1965
7,0,25066.776,0.99530471,0.026060782,127,2,966,1966
7,0,25157.824,0.74602568,0.026060782,127,2,967,1967
7,0,24973.394,0.92854768,0.026060782,127,2,968,1968
7,0,24814.913,0.87197099,0.026060782,127,2,969,1969
7,0,24967.812,0.83213065,0.026060782,127,2,970,1970
7,0,25385.728,0.9241156,0.026060782,127,2,971,1971
7,0,25353.976,0.96343556,0.026060782,127,2,972,1972
7,0,25499.247,0.98425237,0.026060782,127,2,973,1973
7,0,25433.213,0.9411052,0.026060782,127,2,974,1974
7,0,25492.104,0.94999171,0.026060782,127,2,975,1975
7,0,25091.43,0.89211551,0.026060782,127,2,976,1976
7,0,24920.745,0.92543381,0.026060782,127,2,977,1977
7,0,25001.97,0.88718604,0.026060782,127,2,978,1978
7,0,25103.371,0.93993743,0.026060782,127,2,979,1979
7,0,25091.213,0.94367362,0.026060782,127,2,980,1980
7,0,25162.191,0.95115685,0.026060782,127,2,981,1981
7,0,24795.993,0.9807124,0.026060782,127,2,982,1982
7,0,24787.649,0.98334152,0.026060782,127,2,983,1983
7,0,24853.629,0.97979953,0.026060782,127,2,984,1984
7,0,25397.472,0.98701979,0.026060782,127,2,985,1985
7,0,25025.228,0.95560982,0.026060782,127,2,986,1986
7,0,24861.265,0.8974018,0.026060782,127,2,987,1987
7,0,25273.38,0.83966696,0.026060782,127,2,988,1988
7,0,25561.98,0.97897256,0.026060782,127,2,989,1989
7,0,25609.532,0.90301821,0.026060782,127,2,990,1990
7,0,25128.305,0.93639685,0.026060782,127,2,991,1991
7,0,25721.489,0.83267507,0.026060782,127,2,992,1992
7,0,25771.075,0.98643678,0.026060782,127,2,993,1993
7,0,25669.605,0.90906112,0.026060782,127,2,994,1994
7,0,25477.192,0.98981453,0.026060782,127,2,995,1995
7,0,25150.149,0.8889812,0.026060782,127,2,996,1996
7,0,25035.141,0.99781483,0.026060782,127,2,997,1997
7,0,25264.875,0.98852056,0.026060782,127,2,998,1998
7,0,24782.04,0.88168799,0.026060782,127,2,999,1999
7,0,24986.702,0.92813945,0.026060782,127,2,1000,2000
8,0,25831.391,0.99335206,0.024318434,255,3,1,2001
8,0,25091.729,0.93812393,0.024318434,255,3,2,2002
8,0,25040.924,0.9937926,0.024318434,255,3,3,2003
8,0,24771.451,0.8962946,0.024318434,255,3,4,2004
8,0,24778.74,0.9233256,0.024318434,255,3,5,2005
8,0,24866.055,0.9659179,0.024318434,255,3,6,2006
8,0,25094.126,0.95841125,0.024318434,255,3,7,2007
8,0,25176.933,0.99386128,0.024318434,255,3,8,2008
8,0,25424.951,0.88997349,0.024318434,255,3,9,2009
8,0,25418.094,0.95863162,0.024318434,255,3,10,2010
8,0,25255.978,0.98837633,0.024318434,255,3,11,2011
8,0,25035.274,0.93138664,0.024318434,255,3,12,2012
8,0,25372.044,0.80972693,0.024318434,255,3,13,2013
8,0,25731.984,0.9260751,0.024318434,255,3,14,2014
8,0,25693.094,0.91050845,0.024318434,255,3,15,2015
8,0,25307.833,0.98124635,0.024318434,255,3,16,2016
8,0,25246.391,0.93417799,0.024318434,255,3,17,2017
8,0,25264.364,0.98960434,0.024318434,255,3,18,2018
8,0,25027.557,0.99843793,0.024318434,255,3,19,2019
8,0,25398.383,0.85025371,0.024318434,255,3,20,2020
8,0,25443.227,0.95787708,0.024318434,255,3,21,2021
8,0,24960.269,0.95473977,0.024318434,255,3,22,2022
8,0,24513.505,0.96288798,0.024318434,255,3,23,2023
8,0,25222.879,0.94613762,0.024318434,255,3,24,2024
8,0,25300.376,0.9925607,0.024318434,255,3,25,2025
8,0,25163.495,0.91396527,0.024318434,255,3,26,2026
8,0,25462.018,0.89037485,0.024318434,255,3,27,2027
8,0,25565.425,0.95455374,0.024318434,255,3,28,2028
8,0,25227.2,0.96342337,0.024318434,255,3,29,2029
8,0,25105.618,0.96579167,0.024318434,255,3,30,2030
8,0,24750.993,0.94810035,0.024318434,255,3,31,2031
8,0,25122.286,0.86874549,0.024318434,255,3,32,2032
8,0,26074.171,0.94007963,0.024318434,255,3,33,2033
8,0,25925.092,0.97510583,0.024318434,255,3,34,2034
8,0,25714.821,0.98651568,0.024318434,255,3,35,2035
8,0,25912.166,0.97232371,0.024318434,255,3,36,2036
8,0,25949.77,0.98431378,0.024318434,255,3,37,2037
8,0,26158.369,0.98847315,0.024318434,255,3,38,2038
8,0,25723.574,0.97373664,0.024318434,255,3,39,2039
8,0,25820.354,0.97770533,0.024318434,255,3,40,2040
8,0,25433.44,0.9999491,0.024318434,255,3,41,2041
8,0,25280.771,0.98343762,0.024318434,255,3,42,2042
8,0,25394.039,0.99654108,0.024318434,255,3,43,2043
8,0,25208.875,0.81631967,0.024318434,255,3,44,2044
8,0,25732.473,0.88280061,0.024318434,255,3,45,2045
8,0,25494.314,0.97198352,0.024318434,255,3,46,2046
8,0,25658.84,0.91809771,0.024318434,255,3,47,2047
8,0,25381.409,0.99419535,0.024318434,255,3,48,2048
8,0,25370.496,0.97360182,0.024318434,255,3,49,2049
8,0,25230.902,0.99351261,0.024318434,255,3,50,2050
8,0,25145.711,0.95635388,0.024318434,255,3,51,2051
8,0,25166.296,0.8954864,0.024318434,255,3,52,2052
8,0,25613.424,0.99005367,0.024318434,255,3,53,2053
8,0,25656.867,0.9497024,0.024318434,255,3,54,2054
8,0,26202.216,0.98178276,0.024318434,255,3,55,2055
8,0,26179.689,0.99997495,0.024318434,255,3,56,2056
8,0,25684.34,0.94728991,0.024318434,255,3,57,2057
8,0,25812.42,0.99965911,0.024318434,255,3,58,2058
8,0,25643.878,0.96586208,0.024318434,255,3,59,2059
8,0,25179.709,0.99443894,0.024318434,255,3,60,2060
8,0,24955.344,0.87321982,0.024318434,255,3,61,2061
8,0,25026.81,0.99222648,0.024318434,255,3,62,2062
8,0,25186.863,0.99220962,0.024318434,255,3,63,2063
8,0,25364.413,0.99316494,0.024318434,255,3,64,2064
8,0,25631.822,0.91078561,0.024318434,255,3,65,2065
8,0,25432.719,0.98805034,0.024318434,255,3,66,2066
8,0,26166.714,0.90812049,0.024318434,255,3,67,2067
8,0,25986.138,0.9132751,0.024318434,255,3,68,2068
8,0,25790.921,0.99608406,0.024318434,255,3,69,2069
8,0,25940.167,0.9897006,0.024318434,255,3,70,2070
8,0,25510.076,0.96117317,0.024318434,255,3,71,2071
8,0,25808.728,0.9976353,0.024318434,255,3,72,2072
8,0,25731.343,0.98335743,0.024318434,255,3,73,2073
8,0,25312.961,0.90460208,0.024318434,255,3,74,2074
8,0,25477.452,0.9858936,0.024318434,255,3,75,2075
8,0,25642.291,0.95975442,0.024318434,255,3,76,2076
8,0,25634.007,0.97739035,0.024318434,255,3,77,2077
8,0,25356.998,0.78062505,0.024318434,255,3,78,2078
8,0,24977.176,0.98631828,0.024318434,255,3,79,2079
8,0,25323.093,0.94687401,0.024318434,255,3,80,2080
8,0,25142.038,0.9696051,0.024318434,255,3,81,2081
8,0,25118.029,0.99819768,0.024318434,255,3,82,2082
8,0,25059.014,0.91313257,0.024318434,255,3,83,2083
8,0,25354.084,0.99590718,0.024318434,255,3,84,2084
8,0,25263.898,0.99977061,0.024318434,255,3,85,2085
8,0,24934.241,0.94812576,0.024318434,255,3,86,2086
8,0,25121.436,0.96612735,0.024318434,255,3,87,2087
8,0,25332.093,0.91898992,0.024318434,255,3,88,2088
8,0,24931.113,0.89018834,0.024318434,255,3,89,2089
8,0,24892.359,0.99386075,0.024318434,255,3,90,2090
8,0,25071.927,0.88462651,0.024318434,255,3,91,2091
8,0,25167.32,0.99808465,0.024318434,255,3,92,2092
8,0,25150.33,0.9019067,0.024318434,255,3,93,2093
8,0,25269.799,0.8809473,0.024318434,255,3,94,2094
8,0,25123.485,0.84975633,0.024318434,255,3,95,2095
8,0,25329.138,0.92433107,0.024318434,255,3,96,2096
8,0,24990.794,1,0.024318434,255,3,97,2097
8,0,25051.048,0.97010915,0.024318434,255,3,98,2098
8,0,25825.772,0.9797852,0.024318434,255,3,99,2099
8,0,25875.448,0.95151291,0.024318434,255,3,100,2100
8,0,25894.462,0.96601298,0.024318434,255,3,101,2101
8,0,25345.888,0.98843495,0.024318434,255,3,102,2102
8,0,25282.941,0.97345892999999994,0.024318434,255,3,103,2103
8,0,25719.153,0.99721628,0.024318434,255,3,104,2104
8,0,25671.334,0.9803604,0.024318434,255,3,105,2105
8,0,25101.469,0.96094983,0.024318434,255,3,106,2106
8,0,24930.243,0.98367202,0.024318434,255,3,107,2107
8,0,25206.723,0.96626239,0.024318434,255,3,108,2108
8,0,25337.501,0.97993692,0.024318434,255,3,109,2109
8,0,25681.829,0.93397839,0.024318434,255,3,110,2110
8,0,25922.957,0.9319217,0.024318434,255,3,111,2111
8,0,25778.918,0.93427998,0.024318434,255,3,112,2112
8,0,25666.93,0.9881383,0.024318434,255,3,113,2113
8,0,25833.64,0.964196,0.024318434,255,3,114,2114
8,0,25638.531,0.98219442,0.024318434,255,3,115,2115
8,0,25353.209,0.98540138,0.024318434,255,3,116,2116
8,0,25441.311,0.80610552,0.024318434,255,3,117,2117
8,0,24914.555,0.99322542,0.024318434,255,3,118,2118
8,0,24464.667,0.99634759,0.024318434,255,3,119,2119
8,0,24553.354,0.9431694,0.024318434,255,3,120,2120
8,0,24586.451,0.87450614,0.024318434,255,3,121,2121
8,0,25238.165,0.92571167,0.024318434,255,3,122,2122
8,0,25280.228,0.98730916,0.024318434,255,3,123,2123
8,0,25590.3,0.91616938,0.024318434,255,3,124,2124
8,0,25526.486,0.97916371,0.024318434,255,3,125,2125
8,0,25259.593,0.98792562,0.024318434,255,3,126,2126
8,0,25229.265,0.98994688,0.024318434,255,3,127,2127
8,0,25289.659,0.99213248,0.024318434,255,3,128,2128
8,0,24817.064,0.96760716,0.024318434,255,3,129,2129
8,0,24631.615,0.8556091,0.024318434,255,3,130,2130
8,0,24879.058,0.90429165,0.024318434,255,3,131,2131
8,0,24897.104,0.96173416,0.024318434,255,3,132,2132
8,0,24748.607,0.97492387,0.024318434,255,3,133,2133
8,0,24744.535,0.97989493,0.024318434,255,3,134,2134
8,0,24471.674,0.98303617,0.024318434,255,3,135,2135
8,0,24894.001,0.82765937999999994,0.024318434,255,3,136,2136
8,0,25344.424,0.95785788,0.024318434,255,3,137,2137
8,0,24962.716,0.98569865,0.024318434,255,3,138,2138
8,0,24975.216,0.9168274,0.024318434,255,3,139,2139
8,0,24942.851,0.97348998,0.024318434,255,3,140,2140
8,0,24757.102,0.98645688,0.024318434,255,3,141,2141
8,0,24780.424,0.89216267,0.024318434,255,3,142,2142
8,0,25059.831,0.9348212,0.024318434,255,3,143,2143
8,0,25244.311,0.98851494,0.024318434,255,3,144,2144
8,0,25775.843,0.99937554,0.024318434,255,3,145,2145
8,0,25741.762,0.95322241,0.024318434,255,3,146,2146
8,0,26004.152,0.9509363,0.024318434,255,3,147,2147
8,0,26106.412,0.91591647,0.024318434,255,3,148,2148
8,0,25763.282,0.98104812,0.024318434,255,3,149,2149
8,0,25248.279,0.89669595,0.024318434,255,3,150,2150
8,0,25154.757,0.92179064,0.024318434,255,3,151,2151
8,0,25148.35,0.99169484,0.024318434,255,3,152,2152
8,0,25181.494,0.8797011,0.024318434,255,3,153,2153
8,0,25172.115,0.99220372,0.024318434,255,3,154,2154
8,0,24775.684,0.99086392,0.024318434,255,3,155,2155
8,0,24884.377,0.99123098,0.024318434,255,3,156,2156
8,0,24870.768,0.94247259,0.024318434,255,3,157,2157
8,0,25252.847,0.91159492,0.024318434,255,3,158,2158
8,0,25483.481,0.92843938,0.024318434,255,3,159,2159
8,0,25593.957,0.9152579,0.024318434,255,3,160,2160
8,0,25959.329,0.99345833,0.024318434,255,3,161,2161
8,0,25812.488,0.78731503,0.024318434,255,3,162,2162
8,0,25904.816,0.94685168,0.024318434,255,3,163,2163
8,0,25404.155,0.9977755,0.024318434,255,3,164,2164
8,0,25194.099,0.87698422,0.024318434,255,3,165,2165
8,0,25524.264,0.94070885,0.024318434,255,3,166,2166
8,0,25351.414,0.99647378,0.024318434,255,3,167,2167
8,0,24999.643,0.91928343,0.024318434,255,3,168,2168
8,0,25608.83,0.99055164,0.024318434,255,3,169,2169
8,0,25313.371,0.96871362,0.024318434,255,3,170,2170
8,0,25221.891,0.99101418,0.024318434,255,3,171,2171
8,0,25252.767,0.92795138,0.024318434,255,3,172,2172
8,0,25857.072,0.855437,0.024318434,255,3,173,2173
8,0,26446.912,0.99234109,0.024318434,255,3,174,2174
8,0,26296.22,0.99413052,0.024318434,255,3,175,2175
8,0,26534.623,0.99447951,0.024318434,255,3,176,2176
8,0,26122.32,0.97448438,0.024318434,255,3,177,2177
8,0,25890.707,0.99064573,0.024318434,255,3,178,2178
8,0,25273.999,0.98532287,0.024318434,255,3,179,2179
8,0,24978.898,0.83889448,0.024318434,255,3,180,2180
8,0,25036.288,0.95912378,0.024318434,255,3,181,2181
8,0,24872.058,0.97453918,0.024318434,255,3,182,2182
8,0,25482.243,0.98340934,0.024318434,255,3,183,2183
8,0,26128.115,0.89854271,0.024318434,255,3,184,2184
8,0,25942.505,0.99029817,0.024318434,255,3,185,2185
8,0,25755.497,0.98501778,0.024318434,255,3,186,2186
8,0,25595.654,0.96998204,0.024318434,255,3,187,2187
8,0,25707.351,0.92157935,0.024318434,255,3,188,2188
8,0,25821.61,0.94748927,0.024318434,255,3,189,2189
8,0,25609.273,0.97118435,0.024318434,255,3,190,2190
8,0,25458.137,0.97280171,0.024318434,255,3,191,2191
8,0,25380.909,0.96147751,0.024318434,255,3,192,2192
8,0,25718.88,0.96199568,0.024318434,255,3,193,2193
8,0,25395.719,0.95389631,0.024318434,255,3,194,2194
8,0,25123.582,0.80164588,0.024318434,255,3,195,2195
8,0,24697.311,0.95740714,0.024318434,255,3,196,2196
8,0,24506.585,0.98939063,0.024318434,255,3,197,2197
8,0,24752.07,0.98209231,0.024318434,255,3,198,2198
8,0,24761.573,0.99774771,0.024318434,255,3,199,2199
8,0,24953.627,0.91398717,0.024318434,255,3,200,2200
8,0,24938.241,0.98804879,0.024318434,255,3,201,2201
8,0,25209.526,0.96163097,0.024318434,255,3,202,2202
8,0,25136.065,0.98826054,0.024318434,255,3,203,2203
8,0,25209.461,0.97016606,0.024318434,255,3,204,2204
8,0,25117.145,0.95433334,0.024318434,255,3,205,2205
8,0,25099.895,0.94982562,0.024318434,255,3,206,2206
8,0,24904.192,0.95294869,0.024318434,255,3,207,2207
8,0,24964.047,0.97590742,0.024318434,255,3,208,2208
8,0,25195.1,0.95130885,0.024318434,255,3,209,2209
8,0,24784.294,0.92787534,0.024318434,255,3,210,2210
8,0,25124.013,0.86893631,0.024318434,255,3,211,2211
8,0,25220.18,0.9683931,0.024318434,255,3,212,2212
8,0,25397.257,0.99038754,0.024318434,255,3,213,2213
8,0,24813.45,0.9735394,0.024318434,255,3,214,2214
8,0,24887.443,0.95874169,0.024318434,255,3,215,2215
8,0,25013.571,0.96919151,0.024318434,255,3,216,2216
8,0,24828.107,0.97540884,0.024318434,255,3,217,2217
8,0,24676.59,0.9950012,0.024318434,255,3,218,2218
8,0,25130.644,0.97438883,0.024318434,255,3,219,2219
8,0,25739.806,0.89981578,0.024318434,255,3,220,2220
8,0,25687.907,0.95592351,0.024318434,255,3,221,2221
8,0,25868.682,0.94553246,0.024318434,255,3,222,2222
8,0,25301.33,0.93783523,0.024318434,255,3,223,2223
8,0,25219.853,0.97957573,0.024318434,255,3,224,2224
8,0,25403.676,0.95207224,0.024318434,255,3,225,2225
8,0,25608.97,0.88729257,0.024318434,255,3,226,2226
8,0,25466.929,0.89120073,0.024318434,255,3,227,2227
8,0,25169.814,0.99252359,0.024318434,255,3,228,2228
8,0,25346.862,0.95720932,0.024318434,255,3,229,2229
8,0,25136.395,0.85053079,0.024318434,255,3,230,2230
8,0,24817.708,0.98886119,0.024318434,255,3,231,2231
8,0,25002.246,0.99635701,0.024318434,255,3,232,2232
8,0,25069.754,0.90737637,0.024318434,255,3,233,2233
8,0,24766.687,0.98523441,0.024318434,255,3,234,2234
8,0,24953.478,0.90226611,0.024318434,255,3,235,2235
8,0,25043.459,0.93461147,0.024318434,255,3,236,2236
8,0,25239.269,0.99529869,0.024318434,255,3,237,2237
8,0,25101.969,0.99029775,0.024318434,255,3,238,2238
8,0,24861.938,0.98628177,0.024318434,255,3,239,2239
8,0,25668.976,0.96367468,0.024318434,255,3,240,2240
8,0,25901.127,0.85042221,0.024318434,255,3,241,2241
8,0,25758.06,0.98761263,0.024318434,255,3,242,2242
8,0,25802.679,0.99899739,0.024318434,255,3,243,2243
8,0,24973.113,0.9965777,0.024318434,255,3,244,2244
8,0,24540.302,0.79568999,0.024318434,255,3,245,2245
8,0,24425.791,0.99000602,0.024318434,255,3,246,2246
8,0,24879.427,0.8518091,0.024318434,255,3,247,2247
8,0,25059.357,0.84964674,0.024318434,255,3,248,2248
8,0,25506.829,0.93817277,0.024318434,255,3,249,2249
8,0,25904.366,0.89762421,0.024318434,255,3,250,2250
8,0,26122.123,0.9984975,0.024318434,255,3,251,2251
8,0,26295.746,0.89994763,0.024318434,255,3,252,2252
8,0,25841.017,0.86392426,0.024318434,255,3,253,2253
8,0,25395.013,0.97727346,0.024318434,255,3,254,2254
8,0,25344.937,0.97420584,0.024318434,255,3,255,2255
8,0,24990.47,0.95146025,0.024318434,255,3,256,2256
8,0,24712.597,0.99064324,0.024318434,255,3,257,2257
8,0,24801.002,0.82370832,0.024318434,255,3,258,2258
8,0,24961.435,0.92854803,0.024318434,255,3,259,2259
8,0,24775.325,0.99422277,0.024318434,255,3,260,2260
8,0,25123.409,0.98557837,0.024318434,255,3,261,2261
8,0,25481.936,0.99224199,0.024318434,255,3,262,2262
8,0,25580.338,0.98422743,0.024318434,255,3,263,2263
8,0,25341.442,0.96262434,0.024318434,255,3,264,2264
8,0,24986.736,0.99885627,0.024318434,255,3,265,2265
8,0,24695.534,0.98095301,0.024318434,255,3,266,2266
8,0,25070.906,0.97552042,0.024318434,255,3,267,2267
8,0,24792.048,0.96649915,0.024318434,255,3,268,2268
8,0,25070.502,0.97019338,0.024318434,255,3,269,2269
8,0,24813.433,0.96735307,0.024318434,255,3,270,2270
8,0,24832.121,0.98709233,0.024318434,255,3,271,2271
8,0,25174.845,0.92806627,0.024318434,255,3,272,2272
8,0,24847.355,0.98557839,0.024318434,255,3,273,2273
8,0,24207.922,0.97804966,0.024318434,255,3,274,2274
8,0,24425.751,0.92711276,0.024318434,255,3,275,2275
8,0,24762.502,0.91541516,0.024318434,255,3,276,2276
8,0,24992.612,0.88406021,0.024318434,255,3,277,2277
8,0,25098.013,0.88977805,0.024318434,255,3,278,2278
8,0,24932.874,0.94228638,0.024318434,255,3,279,2279
8,0,25020.45,0.98347317,0.024318434,255,3,280,2280
8,0,25206.246,0.84819859,0.024318434,255,3,281,2281
8,0,24907.949,0.98602681,0.024318434,255,3,282,2282
8,0,25227.41,0.98683635,0.024318434,255,3,283,2283
8,0,25179.208,0.86466876,0.024318434,255,3,284,2284
8,0,25339.268,0.97412686,0.024318434,255,3,285,2285
8,0,25082.146,0.91205801,0.024318434,255,3,286,2286
8,0,25244.428,0.98716453,0.024318434,255,3,287,2287
8,0,25418.926,0.97179137,0.024318434,255,3,288,2288
8,0,25023.429,0.99156699,0.024318434,255,3,289,2289
8,0,24477.6,0.98817634,0.024318434,255,3,290,2290
8,0,24332.408,0.99770342,0.024318434,255,3,291,2291
8,0,24631.518,0.80274611,0.024318434,255,3,292,2292
8,0,24883.355,0.99384816,0.024318434,255,3,293,2293
8,0,24750.462,0.9487455,0.024318434,255,3,294,2294
8,0,24864.146,0.95461647,0.024318434,255,3,295,2295
8,0,25383.471,0.95145128,0.024318434,255,3,296,2296
8,0,25602.565,0.88496031,0.024318434,255,3,297,2297
8,0,25739.202,0.99113699,0.024318434,255,3,298,2298
8,0,25246.551,0.99169255,0.024318434,255,3,299,2299
8,0,25195.508,0.91115941,0.024318434,255,3,300,2300
8,0,25135.743,0.97404454,0.024318434,255,3,301,2301
8,0,25155.145,0.94461911,0.024318434,255,3,302,2302
8,0,25241.82,0.96070445,0.024318434,255,3,303,2303
8,0,25097.102,0.97364226,0.024318434,255,3,304,2304
8,0,25312.018,0.96575704,0.024318434,255,3,305,2305
8,0,25105.044,0.99394544,0.024318434,255,3,306,2306
8,0,25259.391,0.96611728,0.024318434,255,3,307,2307
8,0,25310.633,0.9758321,0.024318434,255,3,308,2308
8,0,24837.924,0.99718359,0.024318434,255,3,309,2309
8,0,24984.968,0.95172862,0.024318434,255,3,310,2310
8,0,25439.284,0.97755474,0.024318434,255,3,311,2311
8,0,25649.084,0.84150188,0.024318434,255,3,312,2312
8,0,25153.219,0.97552065,0.024318434,255,3,313,2313
8,0,25195.109,0.89198972,0.024318434,255,3,314,2314
8,0,25754.956,0.93212437,0.024318434,255,3,315,2315
8,0,25620.877,0.96552566,0.024318434,255,3,316,2316
8,0,25305.829,0.97236763,0.024318434,255,3,317,2317
8,0,24693.963,0.97793839,0.024318434,255,3,318,2318
8,0,24871.932,0.90616243,0.024318434,255,3,319,2319
8,0,25180.719,0.9587921,0.024318434,255,3,320,2320
8,0,25278.771,0.97448164,0.024318434,255,3,321,2321
8,0,25519.86,0.97661717,0.024318434,255,3,322,2322
8,0,25186.454,0.9140743,0.024318434,255,3,323,2323
8,0,24888.212,0.99904253,0.024318434,255,3,324,2324
8,0,25771.785,0.77809761,0.024318434,255,3,325,2325
8,0,25440.294,0.99845722,0.024318434,255,3,326,2326
8,0,25853.367,0.94326749,0.024318434,255,3,327,2327
8,0,25880.647,0.95950281,0.024318434,255,3,328,2328
8,0,25480.397,0.91006781,0.024318434,255,3,329,2329
8,0,25544.993,0.96305036,0.024318434,255,3,330,2330
8,0,25254.275,0.84185232,0.024318434,255,3,331,2331
8,0,25989.484,0.97341803,0.024318434,255,3,332,2332
8,0,26025.079,0.97025681,0.024318434,255,3,333,2333
8,0,25927.439,0.88007192,0.024318434,255,3,334,2334
8,0,25978.413,0.99803249,0.024318434,255,3,335,2335
8,0,25481.278,0.98769331,0.024318434,255,3,336,2336
8,0,25432.08,0.95923595,0.024318434,255,3,337,2337
8,0,25141.714,0.99457502,0.024318434,255,3,338,2338
8,0,25371.466,0.9940402,0.024318434,255,3,339,2339
8,0,25706.881,0.82934787,0.024318434,255,3,340,2340
8,0,25373.948,0.98498588,0.024318434,255,3,341,2341
8,0,25339.172,0.98484216,0.024318434,255,3,342,2342
8,0,25348.029,0.96388347,0.024318434,255,3,343,2343
8,0,25513.656,0.97311541,0.024318434,255,3,344,2344
8,0,25192.237,0.9470277,0.024318434,255,3,345,2345
8,0,25065.795,0.99441424,0.024318434,255,3,346,2346
8,0,25146.079,0.99135428,0.024318434,255,3,347,2347
8,0,24731.077,0.97080982,0.024318434,255,3,348,2348
8,0,24599.372,0.99270008,0.024318434,255,3,349,2349
8,0,24480.822,0.82151335,0.024318434,255,3,350,2350
8,0,24320,0.99914612,0.024318434,255,3,351,2351
8,0,24491.381,0.95315681,0.024318434,255,3,352,2352
8,0,25080.112,0.7873226,0.024318434,255,3,353,2353
8,0,24676.478,0.96892328,0.024318434,255,3,354,2354
8,0,25146.945,0.95069667,0.024318434,255,3,355,2355
8,0,24898.179,0.87145781,0.024318434,255,3,356,2356
8,0,25121.871,0.97930655,0.024318434,255,3,357,2357
8,0,25259.676,0.95718943,0.024318434,255,3,358,2358
8,0,25037.52,0.77960752,0.024318434,255,3,359,2359
8,0,25199.195,0.99345878,0.024318434,255,3,360,2360
8,0,25171.499,0.97176382,0.024318434,255,3,361,2361
8,0,25270.881,0.99658908,0.024318434,255,3,362,2362
8,0,25205.817,0.90537033,0.024318434,255,3,363,2363
8,0,24926.75,0.97387391,0.024318434,255,3,364,2364
8,0,24816.605,0.99128781,0.024318434,255,3,365,2365
8,0,24735.801,0.86042136,0.024318434,255,3,366,2366
8,0,25071.487,0.93819108,0.024318434,255,3,367,2367
8,0,24934.239,0.97149792,0.024318434,255,3,368,2368
8,0,24856.154,0.93828904,0.024318434,255,3,369,2369
8,0,25132.458,0.96334329,0.024318434,255,3,370,2370
8,0,25017.441,0.86252364,0.024318434,255,3,371,2371
8,0,25713.937,0.87632019,0.024318434,255,3,372,2372
8,0,25322.332,0.99111231,0.024318434,255,3,373,2373
8,0,25475.5,0.97905658,0.024318434,255,3,374,2374
8,0,25096.986,0.99606023,0.024318434,255,3,375,2375
8,0,24526.328,0.99838297,0.024318434,255,3,376,2376
8,0,24177.977,0.9985062,0.024318434,255,3,377,2377
8,0,24829.259,0.85448313,0.024318434,255,3,378,2378
8,0,24793.019,0.98197806,0.024318434,255,3,379,2379
8,0,25114.549,0.91525261,0.024318434,255,3,380,2380
8,0,25050.931,0.93895653,0.024318434,255,3,381,2381
8,0,25554.293,0.94028371,0.024318434,255,3,382,2382
8,0,25073.589,0.99037753,0.024318434,255,3,383,2383
8,0,25138.407,0.86663491,0.024318434,255,3,384,2384
8,0,25271.185,0.93887092,0.024318434,255,3,385,2385
8,0,25032.933,0.98989053,0.024318434,255,3,386,2386
8,0,25113.899,0.99999412,0.024318434,255,3,387,2387
8,0,25267.797,0.98324519,0.024318434,255,3,388,2388
8,0,25235.948,0.99912728,0.024318434,255,3,389,2389
8,0,25163.325,0.84689104,0.024318434,255,3,390,2390
8,0,25429.722,0.94455113,0.024318434,255,3,391,2391
8,0,25485.383,0.96017186,0.024318434,255,3,392,2392
8,0,25663.816,0.95046795,0.024318434,255,3,393,2393
8,0,25301.969,0.97157458,0.024318434,255,3,394,2394
8,0,25042.434,0.9440038,0.024318434,255,3,395,2395
8,0,25062.443,0.99490723,0.024318434,255,3,396,2396
8,0,25562.896,0.78833283,0.024318434,255,3,397,2397
8,0,25399.652,0.98257754,0.024318434,255,3,398,2398
8,0,25349.223,0.85166995,0.024318434,255,3,399,2399
8,0,25012.681,0.98466289,0.024318434,255,3,400,2400
8,0,24927.762,0.98384853,0.024318434,255,3,401,2401
8,0,24772.256,0.92677392,0.024318434,255,3,402,2402
8,0,24928.275,0.98738909,0.024318434,255,3,403,2403
8,0,24810.707,0.89851688,0.024318434,255,3,404,2404
8,0,25012.924,0.91787664,0.024318434,255,3,405,2405
8,0,24913.948,0.98401011,0.024318434,255,3,406,2406
8,0,25279.16,0.97539788,0.024318434,255,3,407,2407
8,0,25552.198,0.82188505,0.024318434,255,3,408,2408
8,0,25585.393,0.98472137,0.024318434,255,3,409,2409
8,0,25170.358,0.93270027,0.024318434,255,3,410,2410
8,0,25210.923,0.87682382,0.024318434,255,3,411,2411
8,0,25119.479,0.96529921,0.024318434,255,3,412,2412
8,0,24818.058,0.99272133,0.024318434,255,3,413,2413
8,0,25361.582,0.96272883,0.024318434,255,3,414,2414
8,0,25170.448,0.96554728,0.024318434,255,3,415,2415
8,0,25167.985,0.99762088,0.024318434,255,3,416,2416
8,0,24923.106,0.96438029,0.024318434,255,3,417,2417
8,0,25347.931,0.95649965,0.024318434,255,3,418,2418
8,0,25302.464,0.93149894,0.024318434,255,3,419,2419
8,0,25471.157,0.99333986,0.024318434,255,3,420,2420
8,0,25144.549,0.96963812,0.024318434,255,3,421,2421
8,0,25195.169,0.91427498,0.024318434,255,3,422,2422
8,0,25117.318,0.90218966,0.024318434,255,3,423,2423
8,0,25011.19,0.944673,0.024318434,255,3,424,2424
8,0,25146.166,0.93823338,0.024318434,255,3,425,2425
8,0,25134.443,0.98675413,0.024318434,255,3,426,2426
8,0,25775.963,0.92787805,0.024318434,255,3,427,2427
8,0,25341.107,0.99649789,0.024318434,255,3,428,2428
8,0,25592.172,0.99038893,0.024318434,255,3,429,2429
8,0,25558.323,0.95221698,0.024318434,255,3,430,2430
8,0,25312.131,0.99202675,0.024318434,255,3,431,2431
8,0,25204.689,0.99583024,0.024318434,255,3,432,2432
8,0,24889.257,0.94082611,0.024318434,255,3,433,2433
8,0,25313.665,0.88455644,0.024318434,255,3,434,2434
8,0,25127.084,0.98534433,0.024318434,255,3,435,2435
8,0,24961.646,0.99842985,0.024318434,255,3,436,2436
8,0,24600.206,0.97117942,0.024318434,255,3,437,2437
8,0,24427.636,0.9459315,0.024318434,255,3,438,2438
8,0,24364.454,0.98715181,0.024318434,255,3,439,2439
8,0,24416.415,0.98447893,0.024318434,255,3,440,2440
8,0,24541.551,0.99997912,0.024318434,255,3,441,2441
8,0,24380.926,0.95278648,0.024318434,255,3,442,2442
8,0,24663.263,0.99770944,0.024318434,255,3,443,2443
8,0,24670.047,0.89933401,0.024318434,255,3,444,2444
8,0,24935.882,0.94892749,0.024318434,255,3,445,2445
8,0,25064.16,0.97530079,0.024318434,255,3,446,2446
8,0,25021.98,0.91395338,0.024318434,255,3,447,2447
8,0,25292.619,0.96208534,0.024318434,255,3,448,2448
8,0,25400.969,0.88690887,0.024318434,255,3,449,2449
8,0,25611.189,0.98457737,0.024318434,255,3,450,2450
8,0,25652.174,0.98399176,0.024318434,255,3,451,2451
8,0,25454.553,0.99025779,0.024318434,255,3,452,2452
8,0,25329.226,0.98131165,0.024318434,255,3,453,2453
8,0,25196.972,0.8750306,0.024318434,255,3,454,2454
8,0,25092.58,0.97382835,0.024318434,255,3,455,2455
8,0,24932.593,0.95759568,0.024318434,255,3,456,2456
8,0,24798.661,0.93743852,0.024318434,255,3,457,2457
8,0,24829.482,0.90757187,0.024318434,255,3,458,2458
8,0,25070.913,0.94194645,0.024318434,255,3,459,2459
8,0,25489.834,0.85018334,0.024318434,255,3,460,2460
8,0,24808.896,0.99989913,0.024318434,255,3,461,2461
8,0,25140.397,0.95713695,0.024318434,255,3,462,2462
8,0,24773.711,0.94734983,0.024318434,255,3,463,2463
8,0,25325.927,0.95492884,0.024318434,255,3,464,2464
8,0,25972.034,0.86318579,0.024318434,255,3,465,2465
8,0,26394.056,0.97264944,0.024318434,255,3,466,2466
8,0,26211.407,0.95634864,0.024318434,255,3,467,2467
8,0,26025.902,0.98925737,0.024318434,255,3,468,2468
8,0,25403.85,0.98412416,0.024318434,255,3,469,2469
8,0,25081.118,0.92790862,0.024318434,255,3,470,2470
8,0,25721.684,0.82052342,0.024318434,255,3,471,2471
8,0,25543.946,0.91596815,0.024318434,255,3,472,2472
8,0,25700.483,0.84930734,0.024318434,255,3,473,2473
8,0,25292.604,0.99842151,0.024318434,255,3,474,2474
8,0,25638.887,0.98084389,0.024318434,255,3,475,2475
8,0,25435.092,0.92803763,0.024318434,255,3,476,2476
8,0,25382.916,0.95860756,0.024318434,255,3,477,2477
8,0,25114.822,0.99307582,0.024318434,255,3,478,2478
8,0,25196.843,0.93933452,0.024318434,255,3,479,2479
8,0,25339.76,0.86796138,0.024318434,255,3,480,2480
8,0,25701.326,0.94958523,0.024318434,255,3,481,2481
8,0,25626.76,0.94147878,0.024318434,255,3,482,2482
8,0,25264.554,0.93010687,0.024318434,255,3,483,2483
8,0,25155.147,0.98914577,0.024318434,255,3,484,2484
8,0,25233.521,0.89406511,0.024318434,255,3,485,2485
8,0,25241.933,0.98707894,0.024318434,255,3,486,2486
8,0,25249.29,0.85833536,0.024318434,255,3,487,2487
8,0,25319.025,0.99882464,0.024318434,255,3,488,2488
8,0,25395.233,0.92946144,0.024318434,255,3,489,2489
8,0,25191.494,0.99694375,0.024318434,255,3,490,2490
8,0,25284.746,0.96240961,0.024318434,255,3,491,2491
8,0,24814.185,0.97782686,0.024318434,255,3,492,2492
8,0,25348.383,0.91786704,0.024318434,255,3,493,2493
8,0,25165.628,0.99799134,0.024318434,255,3,494,2494
8,0,25099.863,0.92665677,0.024318434,255,3,495,2495
8,0,24719.962,0.9540617,0.024318434,255,3,496,2496
8,0,24788.295,0.98100344,0.024318434,255,3,497,2497
8,0,24915.903,0.9660635,0.024318434,255,3,498,2498
8,0,24884.863,0.99222417,0.024318434,255,3,499,2499
8,0,24472.804,0.89672258,0.024318434,255,3,500,2500
8,0,24725.1,0.97715586,0.024318434,255,3,501,2501
8,0,24618.143,0.97666323,0.024318434,255,3,502,2502
8,0,24853.236,0.99291438,0.024318434,255,3,503,2503
8,0,25655.271,0.92650352,0.024318434,255,3,504,2504
8,0,25350.361,0.99385421,0.024318434,255,3,505,2505
8,0,25179.742,0.96514668,0.024318434,255,3,506,2506
8,0,24829.403,0.99877925,0.024318434,255,3,507,2507
8,0,24494.084,0.88378866,0.024318434,255,3,508,2508
8,0,25001.948,0.92371453,0.024318434,255,3,509,2509
8,0,25444.703,0.99945886,0.024318434,255,3,510,2510
8,0,25186.479,0.91001804,0.024318434,255,3,511,2511
8,0,25632.434,0.9398358,0.024318434,255,3,512,2512
8,0,25301.882,0.97873359,0.024318434,255,3,513,2513
8,0,24993.699,0.89700113,0.024318434,255,3,514,2514
8,0,25652.782,0.99779694,0.024318434,255,3,515,2515
8,0,25552.991,0.99581357,0.024318434,255,3,516,2516
8,0,25577.674,0.97239707,0.024318434,255,3,517,2517
8,0,25070.594,0.99642512,0.024318434,255,3,518,2518
8,0,25342.054,0.90011003,0.024318434,255,3,519,2519
8,0,25135.039,0.96116308,0.024318434,255,3,520,2520
8,0,25143.342,0.98430322,0.024318434,255,3,521,2521
8,0,24944.652,0.99435675,0.024318434,255,3,522,2522
8,0,25154.382,0.92987844,0.024318434,255,3,523,2523
8,0,25154.633,0.99904299,0.024318434,255,3,524,2524
8,0,24717.508,0.94825195,0.024318434,255,3,525,2525
8,0,25802.685,0.82930645,0.024318434,255,3,526,2526
8,0,26076.349,0.88717577,0.024318434,255,3,527,2527
8,0,25509.372,0.95630648,0.024318434,255,3,528,2528
8,0,26035.504,0.90304814,0.024318434,255,3,529,2529
8,0,25782.178,0.95279565,0.024318434,255,3,530,2530
8,0,25807.236,0.99230803,0.024318434,255,3,531,2531
8,0,25888.844,0.91062992,0.024318434,255,3,532,2532
8,0,25932.894,0.9854731,0.024318434,255,3,533,2533
8,0,26004.248,0.94378195,0.024318434,255,3,534,2534
8,0,25801.438,0.94716048,0.024318434,255,3,535,2535
8,0,25621.548,0.97228091,0.024318434,255,3,536,2536
8,0,25557.438,0.98715593,0.024318434,255,3,537,2537
8,0,25245.395,0.9238138,0.024318434,255,3,538,2538
8,0,25065.266,0.95236418,0.024318434,255,3,539,2539
8,0,25116.005,0.98076538,0.024318434,255,3,540,2540
8,0,25134.232,0.95676767,0.024318434,255,3,541,2541
8,0,25189.137,0.99872875,0.024318434,255,3,542,2542
8,0,25824.391,0.88180305,0.024318434,255,3,543,2543
8,0,26031.784,0.98263532,0.024318434,255,3,544,2544
8,0,25978.502,0.99060409,0.024318434,255,3,545,2545
8,0,25710.161,0.82966858,0.024318434,255,3,546,2546
8,0,25617.543,0.92546559,0.024318434,255,3,547,2547
8,0,25950.813,0.99253513,0.024318434,255,3,548,2548
8,0,25571.811,0.98287178,0.024318434,255,3,549,2549
8,0,25398.898,0.95077099,0.024318434,255,3,550,2550
8,0,25297.099,0.9444283,0.024318434,255,3,551,2551
8,0,25359.828,0.989434,0.024318434,255,3,552,2552
8,0,25733.734,0.89152692,0.024318434,255,3,553,2553
8,0,25774.701,0.99871695,0.024318434,255,3,554,2554
8,0,25783.317,0.96713913,0.024318434,255,3,555,2555
8,0,25719.192,0.98269983,0.024318434,255,3,556,2556
8,0,25485.284,0.96110597,0.024318434,255,3,557,2557
8,0,25885.207,0.97930388,0.024318434,255,3,558,2558
8,0,25959.159,0.96967794,0.024318434,255,3,559,2559
8,0,25687.439,0.99866804,0.024318434,255,3,560,2560
8,0,25318.338,0.9918691,0.024318434,255,3,561,2561
8,0,24973.205,0.98010592,0.024318434,255,3,562,2562
8,0,24957.66,0.81463071,0.024318434,255,3,563,2563
8,0,25221.051,0.99282759,0.024318434,255,3,564,2564
8,0,25254.433,0.87020628,0.024318434,255,3,565,2565
8,0,25169.09,0.93423308,0.024318434,255,3,566,2566
8,0,25072.5,0.93419444,0.024318434,255,3,567,2567
8,0,25106.179,0.9936354,0.024318434,255,3,568,2568
8,0,25587.702,0.92319316,0.024318434,255,3,569,2569
8,0,25785.512,0.95176585,0.024318434,255,3,570,2570
8,0,25584.507,0.88920441,0.024318434,255,3,571,2571
8,0,25502.659,0.98664441,0.024318434,255,3,572,2572
8,0,25709.169,0.97024116,0.024318434,255,3,573,2573
8,0,25225.264,0.96970301,0.024318434,255,3,574,2574
8,0,25010.338,0.9837375,0.024318434,255,3,575,2575
8,0,25225.475,0.93902964,0.024318434,255,3,576,2576
8,0,24938.948,0.98358895,0.024318434,255,3,577,2577
8,0,24866.128,0.99803168,0.024318434,255,3,578,2578
8,0,24619.145,0.87311639,0.024318434,255,3,579,2579
8,0,24947.694,0.98086517,0.024318434,255,3,580,2580
8,0,25141.064,0.9906144,0.024318434,255,3,581,2581
8,0,25039.514,0.9975331,0.024318434,255,3,582,2582
8,0,25379.589,0.85134264,0.024318434,255,3,583,2583
8,0,25670.885,0.99881273,0.024318434,255,3,584,2584
8,0,25501.828,0.99569655,0.024318434,255,3,585,2585
8,0,25174.734,0.91855272,0.024318434,255,3,586,2586
8,0,24906.999,0.96079691,0.024318434,255,3,587,2587
8,0,25225.878,0.92779447,0.024318434,255,3,588,2588
8,0,25187.579,0.90824782,0.024318434,255,3,589,2589
8,0,24995.033,0.92995206,0.024318434,255,3,590,2590
8,0,24814.335,0.87683239,0.024318434,255,3,591,2591
8,0,25118.412,0.94749447,0.024318434,255,3,592,2592
8,0,25296.308,0.97767167,0.024318434,255,3,593,2593
8,0,25595.553,0.89055884,0.024318434,255,3,594,2594
8,0,25544.338,0.99970263,0.024318434,255,3,595,2595
8,0,25416.349,0.9869555,0.024318434,255,3,596,2596
8,0,25862.623,0.93891069,0.024318434,255,3,597,2597
8,0,26504.265,0.91622138,0.024318434,255,3,598,2598
8,0,26491.014,0.93617334,0.024318434,255,3,599,2599
8,0,26092.799,0.99225013,0.024318434,255,3,600,2600
8,0,25435.754,0.96162459,0.024318434,255,3,601,2601
8,0,25323.423,0.89698774,0.024318434,255,3,602,2602
8,0,25128.005,0.93446805,0.024318434,255,3,603,2603
8,0,24836.341,0.95065023,0.024318434,255,3,604,2604
8,0,24837.418,0.99156371,0.024318434,255,3,605,2605
8,0,25086.551,0.96186847,0.024318434,255,3,606,2606
8,0,24828.524,0.99893464,0.024318434,255,3,607,2607
8,0,24992.449,1,0.024318434,255,3,608,2608
8,0,24675.99,0.82665404,0.024318434,255,3,609,2609
8,0,24064.722,0.98964584,0.024318434,255,3,610,2610
8,0,24417.872,0.92431864,0.024318434,255,3,611,2611
8,0,24560.986,0.93721074,0.024318434,255,3,612,2612
8,0,24655.203,0.96316808,0.024318434,255,3,613,2613
8,0,24835.026,0.973024,0.024318434,255,3,614,2614
8,0,24622.08,0.99783446,0.024318434,255,3,615,2615
8,0,24959.521,0.95309975,0.024318434,255,3,616,2616
8,0,25112.482,0.97983415,0.024318434,255,3,617,2617
8,0,26084.713,0.96513193,0.024318434,255,3,618,2618
8,0,25585.287,0.89679927,0.024318434,255,3,619,2619
8,0,25640.764,0.87704572,0.024318434,255,3,620,2620
8,0,25462.246,0.99826587,0.024318434,255,3,621,2621
8,0,25312.149,0.91240403,0.024318434,255,3,622,2622
8,0,25217.882,0.84879733,0.024318434,255,3,623,2623
8,0,25120.107,0.96099657,0.024318434,255,3,624,2624
8,0,24893.351,0.94978992,0.024318434,255,3,625,2625
8,0,25052.875,0.88229603,0.024318434,255,3,626,2626
8,0,25163.755,0.98989861,0.024318434,255,3,627,2627
8,0,24913.849,0.93150525,0.024318434,255,3,628,2628
8,0,24997.396,0.99642752,0.024318434,255,3,629,2629
8,0,25062.403,0.93565034,0.024318434,255,3,630,2630
8,0,25393.055,0.97530169,0.024318434,255,3,631,2631
8,0,25194.44,0.99595393,0.024318434,255,3,632,2632
8,0,24780.945,0.94649677,0.024318434,255,3,633,2633
8,0,25042.913,0.8604701,0.024318434,255,3,634,2634
8,0,25451.473,0.9977148,0.024318434,255,3,635,2635
8,0,25447.254,0.97147879,0.024318434,255,3,636,2636
8,0,24766.559,0.95007879,0.024318434,255,3,637,2637
8,0,25066.134,0.9764169,0.024318434,255,3,638,2638
8,0,25155.151,0.95346694,0.024318434,255,3,639,2639
8,0,25200.114,0.96290082,0.024318434,255,3,640,2640
8,0,25701.821,0.95893772,0.024318434,255,3,641,2641
8,0,25594.278,1,0.024318434,255,3,642,2642
8,0,26108.971,0.95582805,0.024318434,255,3,643,2643
8,0,26041.681,0.99176362,0.024318434,255,3,644,2644
8,0,25298.68,0.87867317,0.024318434,255,3,645,2645
8,0,24941.087,0.9979345,0.024318434,255,3,646,2646
8,0,25073.299,0.99457675,0.024318434,255,3,647,2647
8,0,25499.643,0.92717278,0.024318434,255,3,648,2648
8,0,25620.311,0.962373,0.024318434,255,3,649,2649
8,0,25574.024,0.89506311,0.024318434,255,3,650,2650
8,0,26045.624,0.98394666,0.024318434,255,3,651,2651
8,0,25863.435,0.98214923,0.024318434,255,3,652,2652
8,0,25885.213,0.95785831,0.024318434,255,3,653,2653
8,0,25756.509,1,0.024318434,255,3,654,2654
8,0,25954.444,0.92707818,0.024318434,255,3,655,2655
8,0,26121.268,0.98779768,0.024318434,255,3,656,2656
8,0,26246.59,0.95935877,0.024318434,255,3,657,2657
8,0,25961.2,0.90444317,0.024318434,255,3,658,2658
8,0,25341.07,0.99213552,0.024318434,255,3,659,2659
8,0,25215.325,0.80022057,0.024318434,255,3,660,2660
8,0,24929.731,0.98191643,0.024318434,255,3,661,2661
8,0,25006.151,0.96612263,0.024318434,255,3,662,2662
8,0,25015.572,0.99507151,0.024318434,255,3,663,2663
8,0,25063.97,0.88284708,0.024318434,255,3,664,2664
8,0,25062.497,0.99219658,0.024318434,255,3,665,2665
8,0,25608.706,0.97066081,0.024318434,255,3,666,2666
8,0,25757.922,0.91030117,0.024318434,255,3,667,2667
8,0,25712.345,0.97813938,0.024318434,255,3,668,2668
8,0,25320.634,0.99061648,0.024318434,255,3,669,2669
8,0,25429.215,0.93830481,0.024318434,255,3,670,2670
8,0,25239.387,0.98603701,0.024318434,255,3,671,2671
8,0,25693.749,0.99236619,0.024318434,255,3,672,2672
8,0,25382.424,0.99030293,0.024318434,255,3,673,2673
8,0,25390.721,0.77921877,0.024318434,255,3,674,2674
8,0,25516.684,0.96101003,0.024318434,255,3,675,2675
8,0,25644.536,0.95214456,0.024318434,255,3,676,2676
8,0,25886.964,0.96625235,0.024318434,255,3,677,2677
8,0,25683.153,0.9716337,0.024318434,255,3,678,2678
8,0,25444.248,0.97431571,0.024318434,255,3,679,2679
8,0,25371.958,0.9525619,0.024318434,255,3,680,2680
8,0,25212.604,0.9258741,0.024318434,255,3,681,2681
8,0,25422.56,0.94552495,0.024318434,255,3,682,2682
8,0,25435.599,0.87636385000000006,0.024318434,255,3,683,2683
8,0,25846.92,0.99173135,0.024318434,255,3,684,2684
8,0,25776.603,0.87170523,0.024318434,255,3,685,2685
8,0,25655.336,0.9922531,0.024318434,255,3,686,2686
8,0,25778.652,0.97530529,0.024318434,255,3,687,2687
8,0,25831.275,0.92145378,0.024318434,255,3,688,2688
8,0,25566.049,0.80953283,0.024318434,255,3,689,2689
8,0,25492.797,0.99265939,0.024318434,255,3,690,2690
8,0,25037.644,0.98753737,0.024318434,255,3,691,2691
8,0,24814.735,0.94574124,0.024318434,255,3,692,2692
8,0,25644.576,0.95194459,0.024318434,255,3,693,2693
8,0,25491.529,0.94474327,0.024318434,255,3,694,2694
8,0,25504.018,0.9900639,0.024318434,255,3,695,2695
8,0,25133.234,0.94768472,0.024318434,255,3,696,2696
8,0,24895.867,0.98271684,0.024318434,255,3,697,2697
8,0,24850.338,0.894133,0.024318434,255,3,698,2698
8,0,25181.363,0.98866334,0.024318434,255,3,699,2699
8,0,25167.273,0.96984824,0.024318434,255,3,700,2700
8,0,25125.348,0.95537339,0.024318434,255,3,701,2701
8,0,24969.357,0.94697015,0.024318434,255,3,702,2702
8,0,24996.463,0.85457322,0.024318434,255,3,703,2703
8,0,24843.267,0.99840751,0.024318434,255,3,704,2704
8,0,24622.138,0.95673576,0.024318434,255,3,705,2705
8,0,24588.194,0.93755483,0.024318434,255,3,706,2706
8,0,24599.197,0.98152028,0.024318434,255,3,707,2707
8,0,24813.004,0.93397575,0.024318434,255,3,708,2708
8,0,24660.747,0.8933147,0.024318434,255,3,709,2709
8,0,24807.214,0.98718983,0.024318434,255,3,710,2710
8,0,24449.796,0.99372655,0.024318434,255,3,711,2711
8,0,24789.18,0.96983395,0.024318434,255,3,712,2712
8,0,24956.648,0.97838962,0.024318434,255,3,713,2713
8,0,25201.812,0.97096981,0.024318434,255,3,714,2714
8,0,24852.629,0.92275325,0.024318434,255,3,715,2715
8,0,25291.105,0.90592851,0.024318434,255,3,716,2716
8,0,25053.325,0.99568038,0.024318434,255,3,717,2717
8,0,25295.697,0.9740793,0.024318434,255,3,718,2718
8,0,25125.677,0.99040457,0.024318434,255,3,719,2719
8,0,25360.059,0.98076998,0.024318434,255,3,720,2720
8,0,25455.862,0.88762088,0.024318434,255,3,721,2721
8,0,24957.611,0.99271805,0.024318434,255,3,722,2722
8,0,24755.126,0.96108537,0.024318434,255,3,723,2723
8,0,24907.787,0.94768998,0.024318434,255,3,724,2724
8,0,24914.057,0.94819483,0.024318434,255,3,725,2725
8,0,24896.295,0.96663881,0.024318434,255,3,726,2726
8,0,25417.58,0.92539473,0.024318434,255,3,727,2727
8,0,25354.025,0.98408859,0.024318434,255,3,728,2728
8,0,25175.268,0.88829629,0.024318434,255,3,729,2729
8,0,25058.42,0.98546806,0.024318434,255,3,730,2730
8,0,25159.772,0.98667815,0.024318434,255,3,731,2731
8,0,24655.105,0.99380566,0.024318434,255,3,732,2732
8,0,24657.489,0.87196113,0.024318434,255,3,733,2733
8,0,24189.304,0.99666398,0.024318434,255,3,734,2734
8,0,24819.97,0.9587945,0.024318434,255,3,735,2735
8,0,25298.277,0.90016373,0.024318434,255,3,736,2736
8,0,25211.041,0.96463222,0.024318434,255,3,737,2737
8,0,24985.569,0.98868559,0.024318434,255,3,738,2738
8,0,25025.054,0.99426807,0.024318434,255,3,739,2739
8,0,25393.913,0.96146187,0.024318434,255,3,740,2740
8,0,25268.92,0.98872164,0.024318434,255,3,741,2741
8,0,25123.879,0.99911059,0.024318434,255,3,742,2742
8,0,24877.503,0.97537185,0.024318434,255,3,743,2743
8,0,25199.709,0.9819419,0.024318434,255,3,744,2744
8,0,25248.921,0.99101056,0.024318434,255,3,745,2745
8,0,25132.761,0.91914418,0.024318434,255,3,746,2746
8,0,25288.935,0.98616074,0.024318434,255,3,747,2747
8,0,24969.757,0.99494367,0.024318434,255,3,748,2748
8,0,24771.209,0.99044861,0.024318434,255,3,749,2749
8,0,25015.797,0.9677462,0.024318434,255,3,750,2750
8,0,25242.195,0.87011485,0.024318434,255,3,751,2751
8,0,24987.662,0.99740377,0.024318434,255,3,752,2752
8,0,24759.947,0.97899475,0.024318434,255,3,753,2753
8,0,25194.056,0.85641113,0.024318434,255,3,754,2754
8,0,25345.173,0.99393,0.024318434,255,3,755,2755
8,0,25730.525,0.99664298,0.024318434,255,3,756,2756
8,0,25742.961,0.96692106,0.024318434,255,3,757,2757
8,0,25749.168,0.94824974,0.024318434,255,3,758,2758
8,0,25589.576,0.99748052,0.024318434,255,3,759,2759
8,0,25078.463,0.97528426,0.024318434,255,3,760,2760
8,0,24708.769,0.94484043,0.024318434,255,3,761,2761
8,0,24949.595,0.99076073,0.024318434,255,3,762,2762
8,0,25295.319,0.98977266,0.024318434,255,3,763,2763
8,0,25377.831,0.99041783,0.024318434,255,3,764,2764
8,0,25117.51,0.97824968,0.024318434,255,3,765,2765
8,0,25366.216,0.87413762,0.024318434,255,3,766,2766
8,0,25508.945,0.90739041,0.024318434,255,3,767,2767
8,0,25593.933,0.90961959,0.024318434,255,3,768,2768
8,0,25697.588,0.8877596,0.024318434,255,3,769,2769
8,0,25668.301,0.99902258,0.024318434,255,3,770,2770
8,0,25684.27,0.98910887,0.024318434,255,3,771,2771
8,0,25559.041,0.94383722,0.024318434,255,3,772,2772
8,0,25397.532,0.89430943,0.024318434,255,3,773,2773
8,0,24911.011,0.98846053,0.024318434,255,3,774,2774
8,0,24709.864,0.99861334,0.024318434,255,3,775,2775
8,0,24492.614,0.9549386,0.024318434,255,3,776,2776
8,0,24627.884,0.97194458,0.024318434,255,3,777,2777
8,0,25234.707,0.98810648,0.024318434,255,3,778,2778
8,0,25450.165,0.80672512,0.024318434,255,3,779,2779
8,0,25586.66,0.94573292,0.024318434,255,3,780,2780
8,0,25368.639,0.99286528,0.024318434,255,3,781,2781
8,0,25609.304,0.95589259,0.024318434,255,3,782,2782
8,0,25554.778,0.98723573,0.024318434,255,3,783,2783
8,0,25708.586,0.97684223,0.024318434,255,3,784,2784
8,0,26231.068,0.92573906,0.024318434,255,3,785,2785
8,0,26132.196,0.98595987,0.024318434,255,3,786,2786
8,0,25768.578,0.99677841,0.024318434,255,3,787,2787
8,0,25969.494,0.94461076,0.024318434,255,3,788,2788
8,0,26194.507,0.99618363,0.024318434,255,3,789,2789
8,0,26020.428,0.97033753,0.024318434,255,3,790,2790
8,0,25723.696,0.94793774,0.024318434,255,3,791,2791
8,0,25775.443,0.83085152,0.024318434,255,3,792,2792
8,0,25588.273,0.97410028,0.024318434,255,3,793,2793
8,0,25638.573,0.95346708,0.024318434,255,3,794,2794
8,0,25450.601,0.99293867,0.024318434,255,3,795,2795
8,0,25377.084,0.95074836,0.024318434,255,3,796,2796
8,0,25536.112,0.98668485,0.024318434,255,3,797,2797
8,0,25869.152,0.94062144,0.024318434,255,3,798,2798
8,0,26141.01,0.87664426,0.024318434,255,3,799,2799
8,0,26017.765,0.99295147,0.024318434,255,3,800,2800
8,0,26011.024,0.98611928,0.024318434,255,3,801,2801
8,0,25818.873,0.96243475,0.024318434,255,3,802,2802
8,0,25461.545,0.94704599,0.024318434,255,3,803,2803
8,0,24966.125,0.99299236,0.024318434,255,3,804,2804
8,0,24885.679,1,0.024318434,255,3,805,2805
8,0,25156.913,0.89066355,0.024318434,255,3,806,2806
8,0,24963.103,0.98688914,0.024318434,255,3,807,2807
8,0,24995.311,0.99384086,0.024318434,255,3,808,2808
8,0,25180.517,0.94191038,0.024318434,255,3,809,2809
8,0,25245.632,0.8873954,0.024318434,255,3,810,2810
8,0,25285.498,0.9284441,0.024318434,255,3,811,2811
8,0,24966.596,0.94807935,0.024318434,255,3,812,2812
8,0,25535.684,0.95147554,0.024318434,255,3,813,2813
8,0,25166.964,0.99221019,0.024318434,255,3,814,2814
8,0,25033.231,0.98481536,0.024318434,255,3,815,2815
8,0,25248.694,0.90950578,0.024318434,255,3,816,2816
8,0,25021.014,0.98628014,0.024318434,255,3,817,2817
8,0,25009.885,0.94846837,0.024318434,255,3,818,2818
8,0,25201.889,0.97836758,0.024318434,255,3,819,2819
8,0,25766.551,0.90230672,0.024318434,255,3,820,2820
8,0,25642.608,0.84886244,0.024318434,255,3,821,2821
8,0,25630.54,0.9820288,0.024318434,255,3,822,2822
8,0,25354.718,0.9677511,0.024318434,255,3,823,2823
8,0,25748.56,0.97572478,0.024318434,255,3,824,2824
8,0,25674.519,0.96718834,0.024318434,255,3,825,2825
8,0,25483.302,0.98023351,0.024318434,255,3,826,2826
8,0,25183.809,0.97281467,0.024318434,255,3,827,2827
8,0,25323.289,0.90709823,0.024318434,255,3,828,2828
8,0,25254.028,0.93192132,0.024318434,255,3,829,2829
8,0,25237.242,0.90499753,0.024318434,255,3,830,2830
8,0,25391.002,0.99277351,0.024318434,255,3,831,2831
8,0,25335.4,0.97094649,0.024318434,255,3,832,2832
8,0,25343.059,0.96002895,0.024318434,255,3,833,2833
8,0,25199.912,0.9371844,0.024318434,255,3,834,2834
8,0,24603.866,0.95841982,0.024318434,255,3,835,2835
8,0,25259.71,0.99272466,0.024318434,255,3,836,2836
8,0,25242.106,0.93054425,0.024318434,255,3,837,2837
8,0,25263.564,0.95823031,0.024318434,255,3,838,2838
8,0,25269.951,0.98134098,0.024318434,255,3,839,2839
8,0,25473.612,0.99598527,0.024318434,255,3,840,2840
8,0,25641.39,0.95306619,0.024318434,255,3,841,2841
8,0,25460.946,0.99956941,0.024318434,255,3,842,2842
8,0,25559.252,0.92291162,0.024318434,255,3,843,2843
8,0,24803.269,0.99883409,0.024318434,255,3,844,2844
8,0,24719.688,0.96303323,0.024318434,255,3,845,2845
8,0,25338.633,0.9427453,0.024318434,255,3,846,2846
8,0,24707.79,0.93611842,0.024318434,255,3,847,2847
8,0,25260.18,0.98036512,0.024318434,255,3,848,2848
8,0,25266.493,0.99191541,0.024318434,255,3,849,2849
8,0,25176.579,0.99470361,0.024318434,255,3,850,2850
8,0,25019.494,0.99466831,0.024318434,255,3,851,2851
8,0,25013.235,0.92467602,0.024318434,255,3,852,2852
8,0,24816.635,0.99878187,0.024318434,255,3,853,2853
8,0,25145.675,0.857118,0.024318434,255,3,854,2854
8,0,25364.203,0.91185403,0.024318434,255,3,855,2855
8,0,25245.317,0.98921873,0.024318434,255,3,856,2856
8,0,25590.6,0.99323803,0.024318434,255,3,857,2857
8,0,24976.465,0.98261957,0.024318434,255,3,858,2858
8,0,24164.539,0.98308809,0.024318434,255,3,859,2859
8,0,24834.215,0.96597122,0.024318434,255,3,860,2860
8,0,25274.187,0.96397771,0.024318434,255,3,861,2861
8,0,25874.622,0.94305689,0.024318434,255,3,862,2862
8,0,25466.302,0.98388601,0.024318434,255,3,863,2863
8,0,25280,0.98843279,0.024318434,255,3,864,2864
8,0,25573.732,0.92043865,0.024318434,255,3,865,2865
8,0,25650.05,0.9345593,0.024318434,255,3,866,2866
8,0,25503.152,0.9900149,0.024318434,255,3,867,2867
8,0,25776.175,0.98621706,0.024318434,255,3,868,2868
8,0,25608.035,0.95152496,0.024318434,255,3,869,2869
8,0,25261.613,0.93310797,0.024318434,255,3,870,2870
8,0,24821.346,0.97658563,0.024318434,255,3,871,2871
8,0,24964.993,0.94052604,0.024318434,255,3,872,2872
8,0,25347.907,0.82031773,0.024318434,255,3,873,2873
8,0,25847.143,0.91100831,0.024318434,255,3,874,2874
8,0,25417.948,0.94638881,0.024318434,255,3,875,2875
8,0,25632.936,0.89851117,0.024318434,255,3,876,2876
8,0,25497.485,0.99788389,0.024318434,255,3,877,2877
8,0,25419.256,0.99816738,0.024318434,255,3,878,2878
8,0,25428.111,0.89091111,0.024318434,255,3,879,2879
8,0,25826.551,0.99061793,0.024318434,255,3,880,2880
8,0,26188.828,0.98709337,0.024318434,255,3,881,2881
8,0,25867.266,0.99062716,0.024318434,255,3,882,2882
8,0,25709.876,0.95965317000000006,0.024318434,255,3,883,2883
8,0,25030.119,0.99541382,0.024318434,255,3,884,2884
8,0,25305.326,0.98661541,0.024318434,255,3,885,2885
8,0,24966.128,0.92509517,0.024318434,255,3,886,2886
8,0,25209.139,0.97256025,0.024318434,255,3,887,2887
8,0,25480.4,0.97140039,0.024318434,255,3,888,2888
8,0,25669.378,0.99099354,0.024318434,255,3,889,2889
8,0,25012.515,0.999977,0.024318434,255,3,890,2890
8,0,25003.717,0.98013189,0.024318434,255,3,891,2891
8,0,25167.916,0.95536647,0.024318434,255,3,892,2892
8,0,25445.741,0.93429153,0.024318434,255,3,893,2893
8,0,25578.045,0.95668855,0.024318434,255,3,894,2894
8,0,24980.104,0.99341606,0.024318434,255,3,895,2895
8,0,25464.507,0.95962053,0.024318434,255,3,896,2896
8,0,25272.916,0.98675013,0.024318434,255,3,897,2897
8,0,25605.229,0.94318829,0.024318434,255,3,898,2898
8,0,25925.716,0.91116628,0.024318434,255,3,899,2899
8,0,25436.816,0.99337487,0.024318434,255,3,900,2900
8,0,25589.724,0.99691561,0.024318434,255,3,901,2901
8,0,25831.497,0.92745949,0.024318434,255,3,902,2902
8,0,26037.972,0.98496813,0.024318434,255,3,903,2903
8,0,25612.978,0.9515155,0.024318434,255,3,904,2904
8,0,25764.317,0.9531034,0.024318434,255,3,905,2905
8,0,25283.777,0.98255331,0.024318434,255,3,906,2906
8,0,24938.659,0.9760696,0.024318434,255,3,907,2907
8,0,25476.56,0.93347315,0.024318434,255,3,908,2908
8,0,25515.501,0.95134347,0.024318434,255,3,909,2909
8,0,25205.442,0.98931277,0.024318434,255,3,910,2910
8,0,25055.59,0.98718229,0.024318434,255,3,911,2911
8,0,25080.074,0.93126974,0.024318434,255,3,912,2912
8,0,25259.795,0.91668539,0.024318434,255,3,913,2913
8,0,25735.78,0.88747374,0.024318434,255,3,914,2914
8,0,25328.729,0.90310292,0.024318434,255,3,915,2915
8,0,25040.049,0.93204323,0.024318434,255,3,916,2916
8,0,25015.411,0.98310205,0.024318434,255,3,917,2917
8,0,25081.76,0.99170711,0.024318434,255,3,918,2918
8,0,25263.037,0.9752325,0.024318434,255,3,919,2919
8,0,25438.794,0.95044346,0.024318434,255,3,920,2920
8,0,25665.768,0.94728406,0.024318434,255,3,921,2921
8,0,25463.445,0.99550424,0.024318434,255,3,922,2922
8,0,25173.405,0.95672101,0.024318434,255,3,923,2923
8,0,25402.181,0.98234238,0.024318434,255,3,924,2924
8,0,25388.473,0.99079505,0.024318434,255,3,925,2925
8,0,25141.209,0.95870711,0.024318434,255,3,926,2926
8,0,24636.812,0.88421347,0.024318434,255,3,927,2927
8,0,25050.697,0.93535444,0.024318434,255,3,928,2928
8,0,25440.547,0.9620172,0.024318434,255,3,929,2929
8,0,24949.067,0.99149718,0.024318434,255,3,930,2930
8,0,24594.152,0.79077002,0.024318434,255,3,931,2931
8,0,24773.144,0.97486581,0.024318434,255,3,932,2932
8,0,24921.831,0.85480157,0.024318434,255,3,933,2933
8,0,25155.261,0.92211163,0.024318434,255,3,934,2934
8,0,24926.683,0.93875971,0.024318434,255,3,935,2935
8,0,26010.068,0.91691192,0.024318434,255,3,936,2936
8,0,25844.256,0.95758174,0.024318434,255,3,937,2937
8,0,25759.143,0.86978238,0.024318434,255,3,938,2938
8,0,25861.147,0.85324199,0.024318434,255,3,939,2939
8,0,25753.084,0.92170483,0.024318434,255,3,940,2940
8,0,25454.993,0.9488873,0.024318434,255,3,941,2941
8,0,25507.213,0.88585107,0.024318434,255,3,942,2942
8,0,25233.054,0.97641561,0.024318434,255,3,943,2943
8,0,24978.204,0.98961508,0.024318434,255,3,944,2944
8,0,24553.731,0.99676767,0.024318434,255,3,945,2945
8,0,24663.563,0.98446177,0.024318434,255,3,946,2946
8,0,24689.392,0.96722509,0.024318434,255,3,947,2947
8,0,24905.892,0.90707979,0.024318434,255,3,948,2948
8,0,25379.587,0.98396882,0.024318434,255,3,949,2949
8,0,25133.323,0.88180008,0.024318434,255,3,950,2950
8,0,25030.109,0.99008525,0.024318434,255,3,951,2951
8,0,25133.08,0.97857748,0.024318434,255,3,952,2952
8,0,25105.959,0.92913152,0.024318434,255,3,953,2953
8,0,25306.797,0.95034557,0.024318434,255,3,954,2954
8,0,25009.826,0.95214332,0.024318434,255,3,955,2955
8,0,25494.125,0.97818471,0.024318434,255,3,956,2956
8,0,25188.803,0.99067675,0.024318434,255,3,957,2957
8,0,24886.339,0.88226386,0.024318434,255,3,958,2958
8,0,24584.292,0.99016098,0.024318434,255,3,959,2959
8,0,24810.173,0.99290586,0.024318434,255,3,960,2960
8,0,24934.238,0.8687557,0.024318434,255,3,961,2961
8,0,25234.499,0.91300383,0.024318434,255,3,962,2962
8,0,25406.087,0.99747372,0.024318434,255,3,963,2963
8,0,25009.689,0.99419058,0.024318434,255,3,964,2964
8,0,25153.105,0.90090513,0.024318434,255,3,965,2965
8,0,25360.319,0.97574936,0.024318434,255,3,966,2966
8,0,25212.126,0.95656673,0.024318434,255,3,967,2967
8,0,25879.209,0.93674039,0.024318434,255,3,968,2968
8,0,25877.782,0.96518006,0.024318434,255,3,969,2969
8,0,25562.11,0.95584254,0.024318434,255,3,970,2970
8,0,25518.83,0.98847867,0.024318434,255,3,971,2971
8,0,25756.919,0.83713686,0.024318434,255,3,972,2972
8,0,25662.658,0.99288152,0.024318434,255,3,973,2973
8,0,25200.499,0.98360252,0.024318434,255,3,974,2974
8,0,25045.893,0.91433339,0.024318434,255,3,975,2975
8,0,24925.262,0.97273795,0.024318434,255,3,976,2976
8,0,24612.832,0.94960209,0.024318434,255,3,977,2977
8,0,24802.2,0.93177983,0.024318434,255,3,978,2978
8,0,25009.225,0.98362576,0.024318434,255,3,979,2979
8,0,25129.68,0.88556108,0.024318434,255,3,980,2980
8,0,24759.751,0.90658135,0.024318434,255,3,981,2981
8,0,24826.146,0.97324209,0.024318434,255,3,982,2982
8,0,24732.839,0.98082075,0.024318434,255,3,983,2983
8,0,24594.433,0.86342156,0.024318434,255,3,984,2984
8,0,24702.348,0.87228051,0.024318434,255,3,985,2985
8,0,24607.075,0.93115423,0.024318434,255,3,986,2986
8,0,24982.925,0.95909368,0.024318434,255,3,987,2987
8,0,24797.492,0.81300087,0.024318434,255,3,988,2988
8,0,24596.581,0.96141064,0.024318434,255,3,989,2989
8,0,24706.702,0.99410966,0.024318434,255,3,990,2990
8,0,25330.622,0.92581749,0.024318434,255,3,991,2991
8,0,25686.481,0.91063968,0.024318434,255,3,992,2992
8,0,25382.039,0.91145112,0.024318434,255,3,993,2993
8,0,25308.772,0.92735377,0.024318434,255,3,994,2994
8,0,25830.738,0.96662457,0.024318434,255,3,995,2995
8,0,25645.847,0.89363258,0.024318434,255,3,996,2996
8,0,25399.113,0.9358027,0.024318434,255,3,997,2997
8,0,25593.58,0.97653578,0.024318434,255,3,998,2998
8,0,25418.81,0.98821901,0.024318434,255,3,999,2999
8,0,25017.479,0.98486674,0.024318434,255,3,1000,3000
8,0,25179.582,0.96079326,0.024540819,255,4,1,3001
8,0,25141.047,0.99249356,0.024540819,255,4,2,3002
8,0,25282.082,0.81054795,0.024540819,255,4,3,3003
8,0,25306.917,0.98380629,0.024540819,255,4,4,3004
8,0,25239.07,0.93888664,0.024540819,255,4,5,3005
8,0,24733.576,0.9488978,0.024540819,255,4,6,3006
8,0,25026.208,0.95060473,0.024540819,255,4,7,3007
8,0,25274.486,0.99050483,0.024540819,255,4,8,3008
8,0,24825.631,0.99849091,0.024540819,255,4,9,3009
8,0,24901.383,0.9472969,0.024540819,255,4,10,3010
8,0,25512.98,0.92135041,0.024540819,255,4,11,3011
8,0,25572.848,0.88130178,0.024540819,255,4,12,3012
8,0,25577.034,0.98456796,0.024540819,255,4,13,3013
8,0,25264.758,0.94948221,0.024540819,255,4,14,3014
8,0,25228.437,0.95679577,0.024540819,255,4,15,3015
8,0,24435.25,0.99508066,0.024540819,255,4,16,3016
8,0,24587.48,0.99116602,0.024540819,255,4,17,3017
8,0,25172.633,0.94859045,0.024540819,255,4,18,3018
8,0,25604.143,0.90317306,0.024540819,255,4,19,3019
8,0,25167.87,0.97102157,0.024540819,255,4,20,3020
8,0,25245.692,0.99996577,0.024540819,255,4,21,3021
8,0,25336.249,0.98375998,0.024540819,255,4,22,3022
8,0,25186.639,0.93438832,0.024540819,255,4,23,3023
8,0,24929.686,0.897242,0.024540819,255,4,24,3024
8,0,24873.495,0.89543684,0.024540819,255,4,25,3025
8,0,24939.17,0.87445053,0.024540819,255,4,26,3026
8,0,25363.433,0.95785815,0.024540819,255,4,27,3027
8,0,25478.073,0.94739245,0.024540819,255,4,28,3028
8,0,25519.075,0.99994196,0.024540819,255,4,29,3029
8,0,25064.695,0.98662532,0.024540819,255,4,30,3030
8,0,25334.413,0.98463143,0.024540819,255,4,31,3031
8,0,25250.947,0.99295151,0.024540819,255,4,32,3032
8,0,25182.735,0.85484946,0.024540819,255,4,33,3033
8,0,25338.826,0.99959426,0.024540819,255,4,34,3034
8,0,25394.871,0.99853453,0.024540819,255,4,35,3035
8,0,25149.682,0.99193857,0.024540819,255,4,36,3036
8,0,25144.287,0.93501035,0.024540819,255,4,37,3037
8,0,25491.424,0.87608647,0.024540819,255,4,38,3038
8,0,25386.174,0.93566392,0.024540819,255,4,39,3039
8,0,25461.666,0.80864976,0.024540819,255,4,40,3040
8,0,25829.76,0.91182814,0.024540819,255,4,41,3041
8,0,26194.899,0.93071307,0.024540819,255,4,42,3042
8,0,25996.33,0.99597268,0.024540819,255,4,43,3043
8,0,26269.36,0.97910204,0.024540819,255,4,44,3044
8,0,26193.779,0.98468536,0.024540819,255,4,45,3045
8,0,25528.228,0.98185631,0.024540819,255,4,46,3046
8,0,25458.67,0.99635356,0.024540819,255,4,47,3047
8,0,25066.737,0.98679429,0.024540819,255,4,48,3048
8,0,24884.98,0.99633253,0.024540819,255,4,49,3049
8,0,25045.472,0.98353689,0.024540819,255,4,50,3050
8,0,24887.397,0.99393391,0.024540819,255,4,51,3051
8,0,24831.175,0.93193177,0.024540819,255,4,52,3052
8,0,25009.913,0.94602057,0.024540819,255,4,53,3053
8,0,25120.975,0.9792516,0.024540819,255,4,54,3054
8,0,25398.726,0.99261786,0.024540819,255,4,55,3055
8,0,25577.837,0.94149937,0.024540819,255,4,56,3056
8,0,25719.913,0.99553726,0.024540819,255,4,57,3057
8,0,25934.301,0.99477457,0.024540819,255,4,58,3058
8,0,26172.865,0.98817123,0.024540819,255,4,59,3059
8,0,26021.996,0.97459953,0.024540819,255,4,60,3060
8,0,25350.783,0.99695878,0.024540819,255,4,61,3061
8,0,25103.818,0.99464032,0.024540819,255,4,62,3062
8,0,24822.161,0.98264754,0.024540819,255,4,63,3063
8,0,24878.312,0.91920851,0.024540819,255,4,64,3064
8,0,24640.304,0.95629003,0.024540819,255,4,65,3065
8,0,24708.583,0.99731822,0.024540819,255,4,66,3066
8,0,24681.78,0.97885061,0.024540819,255,4,67,3067
8,0,25315.32,0.99016551,0.024540819,255,4,68,3068
8,0,25145.744,0.9039952,0.024540819,255,4,69,3069
8,0,25316.274,0.98498988,0.024540819,255,4,70,3070
8,0,25452.628,0.96818873,0.024540819,255,4,71,3071
8,0,25252.861,0.99987054,0.024540819,255,4,72,3072
8,0,24833.844,0.96769676,0.024540819,255,4,73,3073
8,0,25047.575,0.94760752,0.024540819,255,4,74,3074
8,0,25123.97,0.9422718,0.024540819,255,4,75,3075
8,0,25404.06,0.99460099,0.024540819,255,4,76,3076
8,0,25254.207,0.95510138,0.024540819,255,4,77,3077
8,0,24877.375,0.96304969,0.024540819,255,4,78,3078
8,0,24819.995,0.90471832,0.024540819,255,4,79,3079
8,0,25068.042,0.99346642,0.024540819,255,4,80,3080
8,0,24997.974,0.97543754,0.024540819,255,4,81,3081
8,0,25455.73,0.95505708,0.024540819,255,4,82,3082
8,0,25360.257,0.91600286,0.024540819,255,4,83,3083
8,0,25601.867,0.97981494,0.024540819,255,4,84,3084
8,0,25293.518,0.997849,0.024540819,255,4,85,3085
8,0,24671.021,0.98600362,0.024540819,255,4,86,3086
8,0,25296.249,0.98140039,0.024540819,255,4,87,3087
8,0,25429.24,0.99939974,0.024540819,255,4,88,3088
8,0,25901.684,0.99950593,0.024540819,255,4,89,3089
8,0,26376.909,0.99071852,0.024540819,255,4,90,3090
8,0,26457.597,0.9842861,0.024540819,255,4,91,3091
8,0,26329.031,0.98029151,0.024540819,255,4,92,3092
8,0,25699.362,0.99605681,0.024540819,255,4,93,3093
8,0,25295.147,0.96925413,0.024540819,255,4,94,3094
8,0,24978.11,0.83684568,0.024540819,255,4,95,3095
8,0,25182.122,0.98999115,0.024540819,255,4,96,3096
8,0,25087.153,0.99527708,0.024540819,255,4,97,3097
8,0,24794.054,0.91241699,0.024540819,255,4,98,3098
8,0,25108.848,0.96222891,0.024540819,255,4,99,3099
8,0,24913.483,0.98952628,0.024540819,255,4,100,3100
8,0,25096.92,0.87571205,0.024540819,255,4,101,3101
8,0,25240.184,0.89305997,0.024540819,255,4,102,3102
8,0,25296.013,0.85523557,0.024540819,255,4,103,3103
8,0,25752.458,0.92134481,0.024540819,255,4,104,3104
8,0,25344.193,0.98092202,0.024540819,255,4,105,3105
8,0,25188.688,0.99905199,0.024540819,255,4,106,3106
8,0,25442.862,0.90522025,0.024540819,255,4,107,3107
8,0,25835.846,0.92841312,0.024540819,255,4,108,3108
8,0,25839.969,0.9890463,0.024540819,255,4,109,3109
8,0,25935.845,0.99799831,0.024540819,255,4,110,3110
8,0,25551.321,0.94317421,0.024540819,255,4,111,3111
8,0,25289.81,0.98188311,0.024540819,255,4,112,3112
8,0,24945.162,0.89882866,0.024540819,255,4,113,3113
8,0,25076.691,0.90970317,0.024540819,255,4,114,3114
8,0,24941.555,0.92799257,0.024540819,255,4,115,3115
8,0,25372.87,0.94624777,0.024540819,255,4,116,3116
8,0,25101.539,0.89999329,0.024540819,255,4,117,3117
8,0,25328.944,0.9788675,0.024540819,255,4,118,3118
8,0,25534.05,0.94097324,0.024540819,255,4,119,3119
8,0,25649.994,0.95519333,0.024540819,255,4,120,3120
8,0,25632.018,0.981452,0.024540819,255,4,121,3121
8,0,24909.528,0.93633766,0.024540819,255,4,122,3122
8,0,25420.806,0.87817372,0.024540819,255,4,123,3123
8,0,24620.587,0.9797864,0.024540819,255,4,124,3124
8,0,25058.571,0.93167537,0.024540819,255,4,125,3125
8,0,25318.985,0.98597261,0.024540819,255,4,126,3126
8,0,25510.882,0.98787802,0.024540819,255,4,127,3127
8,0,25662.033,0.90192519,0.024540819,255,4,128,3128
8,0,25845.547,0.89061364,0.024540819,255,4,129,3129
8,0,26186.526,0.92397574,0.024540819,255,4,130,3130
8,0,25923.219,0.96675485,0.024540819,255,4,131,3131
8,0,25753.472,0.99995137,0.024540819,255,4,132,3132
8,0,25422.182,0.88956607,0.024540819,255,4,133,3133
8,0,25640.948,0.95984988,0.024540819,255,4,134,3134
8,0,25467.64,0.95937945,0.024540819,255,4,135,3135
8,0,25295.865,0.88090045,0.024540819,255,4,136,3136
8,0,25428.683,0.96071209,0.024540819,255,4,137,3137
8,0,25628.129,0.84961833,0.024540819,255,4,138,3138
8,0,26079.307,0.94416488,0.024540819,255,4,139,3139
8,0,26298.269,0.96986802,0.024540819,255,4,140,3140
8,0,26300.705,0.99615277,0.024540819,255,4,141,3141
8,0,25930.941,0.87378939,0.024540819,255,4,142,3142
8,0,25929.856,0.89777042,0.024540819,255,4,143,3143
8,0,25879.511,0.99993688,0.024540819,255,4,144,3144
8,0,25568.33,0.97013896,0.024540819,255,4,145,3145
8,0,25265.77,0.94996069,0.024540819,255,4,146,3146
8,0,25134.197,0.85741567,0.024540819,255,4,147,3147
8,0,25450.065,0.9688793,0.024540819,255,4,148,3148
8,0,24635.36,0.98754767,0.024540819,255,4,149,3149
8,0,24654.676,0.97527602,0.024540819,255,4,150,3150
8,0,24904.789,0.96295505,0.024540819,255,4,151,3151
8,0,24762.204,0.99928707,0.024540819,255,4,152,3152
8,0,24926.675,0.95515741,0.024540819,255,4,153,3153
8,0,24975.303,0.80667069,0.024540819,255,4,154,3154
8,0,25040.345,0.97727155,0.024540819,255,4,155,3155
8,0,24609.883,0.98130399,0.024540819,255,4,156,3156
8,0,24597.547,0.83585058,0.024540819,255,4,157,3157
8,0,25295.156,0.9674896,0.024540819,255,4,158,3158
8,0,25336.317,0.95035794,0.024540819,255,4,159,3159
8,0,25164.752,0.97850763,0.024540819,255,4,160,3160
8,0,25302.358,0.91545454,0.024540819,255,4,161,3161
8,0,25382.667,0.92226146,0.024540819,255,4,162,3162
8,0,25445.408,0.97447587,0.024540819,255,4,163,3163
8,0,25153.62,0.99884153,0.024540819,255,4,164,3164
8,0,25021.018,0.8989859,0.024540819,255,4,165,3165
8,0,25470.443,0.99681684,0.024540819,255,4,166,3166
8,0,25398.93,0.93164774,0.024540819,255,4,167,3167
8,0,25693.467,0.98352659,0.024540819,255,4,168,3168
8,0,25765.554,0.79058551,0.024540819,255,4,169,3169
8,0,25666.019,0.97825936,0.024540819,255,4,170,3170
8,0,25441.156,0.9768708,0.024540819,255,4,171,3171
8,0,25159.469,0.96619444,0.024540819,255,4,172,3172
8,0,25245.198,0.8813499,0.024540819,255,4,173,3173
8,0,24775.806,0.99775774,0.024540819,255,4,174,3174
8,0,25072.895,0.80688215,0.024540819,255,4,175,3175
8,0,25460.349,0.83042256,0.024540819,255,4,176,3176
8,0,25408.916,0.9923365,0.024540819,255,4,177,3177
8,0,25026.624,0.91772273,0.024540819,255,4,178,3178
8,0,25033.818,0.98690939,0.024540819,255,4,179,3179
8,0,25614.599,0.93635215,0.024540819,255,4,180,3180
8,0,25287.278,0.9231045,0.024540819,255,4,181,3181
8,0,25283.349,0.98376539,0.024540819,255,4,182,3182
8,0,25121.834,0.94075453,0.024540819,255,4,183,3183
8,0,25241.617,0.97472195,0.024540819,255,4,184,3184
8,0,25092.122,0.95962204,0.024540819,255,4,185,3185
8,0,25022.784,0.89011129,0.024540819,255,4,186,3186
8,0,24925.574,0.98186436,0.024540819,255,4,187,3187
8,0,24915.096,0.91227382,0.024540819,255,4,188,3188
8,0,24832.953,0.99851634,0.024540819,255,4,189,3189
8,0,24919.725,0.92583461,0.024540819,255,4,190,3190
8,0,24698.226,0.94875896,0.024540819,255,4,191,3191
8,0,24587.741,0.99595228,0.024540819,255,4,192,3192
8,0,24565.948,0.95804374,0.024540819,255,4,193,3193
8,0,24895.243,0.85979054,0.024540819,255,4,194,3194
8,0,24815.151,0.95828367,0.024540819,255,4,195,3195
8,0,24842.497,0.86762359,0.024540819,255,4,196,3196
8,0,25460.288,0.9761868,0.024540819,255,4,197,3197
8,0,25076.64,0.94635971,0.024540819,255,4,198,3198
8,0,25618.28,0.98848524,0.024540819,255,4,199,3199
8,0,25526.975,0.99370336,0.024540819,255,4,200,3200
8,0,25453.484,0.98249181,0.024540819,255,4,201,3201
8,0,25072.011,0.98247559,0.024540819,255,4,202,3202
8,0,25147.385,0.88829769,0.024540819,255,4,203,3203
8,0,25257.836,0.99982832,0.024540819,255,4,204,3204
8,0,25726.353,0.98158033,0.024540819,255,4,205,3205
8,0,25302.117,0.99045896,0.024540819,255,4,206,3206
8,0,25299.231,0.98072823,0.024540819,255,4,207,3207
8,0,25523.62,0.97529219,0.024540819,255,4,208,3208
8,0,25350.266,0.95218181,0.024540819,255,4,209,3209
8,0,25349.04,0.887771,0.024540819,255,4,210,3210
8,0,25417.677,0.99897083,0.024540819,255,4,211,3211
8,0,25947.125,0.97838911,0.024540819,255,4,212,3212
8,0,25516.467,0.98987366,0.024540819,255,4,213,3213
8,0,25809.589,0.88302443,0.024540819,255,4,214,3214
8,0,26035.395,0.96986902,0.024540819,255,4,215,3215
8,0,26058.463,0.93579132,0.024540819,255,4,216,3216
8,0,25673.194,0.9421367,0.024540819,255,4,217,3217
8,0,26183.016,0.98045152,0.024540819,255,4,218,3218
8,0,26134.338,0.97415467,0.024540819,255,4,219,3219
8,0,25324.499,0.99132635,0.024540819,255,4,220,3220
8,0,25135.623,0.96582894,0.024540819,255,4,221,3221
8,0,25342.111,0.99342202,0.024540819,255,4,222,3222
8,0,25094.087,0.99745725,0.024540819,255,4,223,3223
8,0,25210.236,0.98665897,0.024540819,255,4,224,3224
8,0,25240.513,0.92040692,0.024540819,255,4,225,3225
8,0,25430.183,0.91252672,0.024540819,255,4,226,3226
8,0,25316.676,0.99939044,0.024540819,255,4,227,3227
8,0,25471.813,0.90142615,0.024540819,255,4,228,3228
8,0,25189.417,0.98239939,0.024540819,255,4,229,3229
8,0,25118.904,0.97791665,0.024540819,255,4,230,3230
8,0,25053.088,0.95606322,0.024540819,255,4,231,3231
8,0,25809.917,0.97436276,0.024540819,255,4,232,3232
8,0,25987.084,0.97588139,0.024540819,255,4,233,3233
8,0,25838.832,0.96436842,0.024540819,255,4,234,3234
8,0,25521.508,0.92188059,0.024540819,255,4,235,3235
8,0,25793.368,0.9539503,0.024540819,255,4,236,3236
8,0,25659.221,0.9838685,0.024540819,255,4,237,3237
8,0,25835.341,0.92240597,0.024540819,255,4,238,3238
8,0,25691.016,0.84582912,0.024540819,255,4,239,3239
8,0,25839.282,0.90615113,0.024540819,255,4,240,3240
8,0,25410.746,0.97313588,0.024540819,255,4,241,3241
8,0,25514.299,0.93436518,0.024540819,255,4,242,3242
8,0,25168.402,0.92293929,0.024540819,255,4,243,3243
8,0,24693.406,0.98672444,0.024540819,255,4,244,3244
8,0,24584.723,0.93858726,0.024540819,255,4,245,3245
8,0,25097.865,0.89400917,0.024540819,255,4,246,3246
8,0,25157.479,0.98847892,0.024540819,255,4,247,3247
8,0,25474.517,0.96672485,0.024540819,255,4,248,3248
8,0,25956.306,0.94245658,0.024540819,255,4,249,3249
8,0,25696.637,0.90622655,0.024540819,255,4,250,3250
8,0,25564.967,0.90716861,0.024540819,255,4,251,3251
8,0,25599.602,0.97849312,0.024540819,255,4,252,3252
8,0,25358.906,0.9438633,0.024540819,255,4,253,3253
8,0,25319.864,0.83668358,0.024540819,255,4,254,3254
8,0,25866.38,0.94891793,0.024540819,255,4,255,3255
8,0,25547.148,0.97473301,0.024540819,255,4,256,3256
8,0,25405.614,0.9162465,0.024540819,255,4,257,3257
8,0,25751.681,0.94662417,0.024540819,255,4,258,3258
8,0,25535.224,0.99680479,0.024540819,255,4,259,3259
8,0,25378.095,0.92403059,0.024540819,255,4,260,3260
8,0,25485.876,0.99419545,0.024540819,255,4,261,3261
8,0,25163.201,0.96577681,0.024540819,255,4,262,3262
8,0,25271.511,0.98205221,0.024540819,255,4,263,3263
8,0,25805.853,0.95542309,0.024540819,255,4,264,3264
8,0,25508.571,0.99597275,0.024540819,255,4,265,3265
8,0,26086.836,0.98883843,0.024540819,255,4,266,3266
8,0,26512.518,0.858536,0.024540819,255,4,267,3267
8,0,25761.374,0.98343682,0.024540819,255,4,268,3268
8,0,25432.37,0.93010913,0.024540819,255,4,269,3269
8,0,25488.245,0.93983729,0.024540819,255,4,270,3270
8,0,25248.545,0.99899309,0.024540819,255,4,271,3271
8,0,25035.152,0.86542498,0.024540819,255,4,272,3272
8,0,24681.033,0.94226052,0.024540819,255,4,273,3273
8,0,25040.261,0.93018383,0.024540819,255,4,274,3274
8,0,25597.215,0.96620876,0.024540819,255,4,275,3275
8,0,25602.213,0.98765847,0.024540819,255,4,276,3276
8,0,25530.794,0.9679042,0.024540819,255,4,277,3277
8,0,25615.764,0.989402,0.024540819,255,4,278,3278
8,0,25881.559,0.97111509,0.024540819,255,4,279,3279
8,0,25744.992,0.99650283,0.024540819,255,4,280,3280
8,0,25769.702,0.91638532,0.024540819,255,4,281,3281
8,0,25733.162,0.9682795,0.024540819,255,4,282,3282
8,0,25499.908,0.99639491,0.024540819,255,4,283,3283
8,0,25606.819,0.93147491,0.024540819,255,4,284,3284
8,0,25929.342,0.99622667,0.024540819,255,4,285,3285
8,0,25915.255,0.99690706,0.024540819,255,4,286,3286
8,0,25692.456,0.98345528,0.024540819,255,4,287,3287
8,0,25714.215,0.95556528,0.024540819,255,4,288,3288
8,0,25457.207,0.85333645,0.024540819,255,4,289,3289
8,0,25621.652,0.99524627,0.024540819,255,4,290,3290
8,0,25070.992,0.89482699,0.024540819,255,4,291,3291
8,0,25088.351,0.97771886,0.024540819,255,4,292,3292
8,0,25396.652,0.8731975,0.024540819,255,4,293,3293
8,0,25355.646,0.94639909,0.024540819,255,4,294,3294
8,0,25295.938,0.9528334,0.024540819,255,4,295,3295
8,0,25265.67,0.93879,0.024540819,255,4,296,3296
8,0,25025.432,0.99970313,0.024540819,255,4,297,3297
8,0,24867.178,0.97822638,0.024540819,255,4,298,3298
8,0,25162.761,0.9926168,0.024540819,255,4,299,3299
8,0,24897.439,0.94727687,0.024540819,255,4,300,3300
8,0,25297.87,0.96723026,0.024540819,255,4,301,3301
8,0,25861.178,0.95554108,0.024540819,255,4,302,3302
8,0,25790.408,0.93587794,0.024540819,255,4,303,3303
8,0,25688.491,0.96334037,0.024540819,255,4,304,3304
8,0,25362.417,0.97743652,0.024540819,255,4,305,3305
8,0,25490.216,0.98044557,0.024540819,255,4,306,3306
8,0,25598.896,0.93760385,0.024540819,255,4,307,3307
8,0,25869.74,0.89850032,0.024540819,255,4,308,3308
8,0,25926.93,0.98364642,0.024540819,255,4,309,3309
8,0,25417.083,0.99879731,0.024540819,255,4,310,3310
8,0,25319.311,0.91644938,0.024540819,255,4,311,3311
8,0,25380.761,0.96354369,0.024540819,255,4,312,3312
8,0,25304.741,0.96152373,0.024540819,255,4,313,3313
8,0,25071.645,0.9782661,0.024540819,255,4,314,3314
8,0,25391.856,0.85823602,0.024540819,255,4,315,3315
8,0,25312.963,0.87189658,0.024540819,255,4,316,3316
8,0,24838.753,0.97984354,0.024540819,255,4,317,3317
8,0,24891.057,0.96955039,0.024540819,255,4,318,3318
8,0,24799.2,0.9551645,0.024540819,255,4,319,3319
8,0,24792.181,0.86972439,0.024540819,255,4,320,3320
8,0,24811.206,0.98550572,0.024540819,255,4,321,3321
8,0,25059.094,0.96071398,0.024540819,255,4,322,3322
8,0,25819.857,0.96410247,0.024540819,255,4,323,3323
8,0,25610.808,0.99965868,0.024540819,255,4,324,3324
8,0,25038.539,0.99091196,0.024540819,255,4,325,3325
8,0,24877.209,0.92509458,0.024540819,255,4,326,3326
8,0,25081.573,0.9969257,0.024540819,255,4,327,3327
8,0,24814.513,0.97194522,0.024540819,255,4,328,3328
8,0,24905.76,0.97557107,0.024540819,255,4,329,3329
8,0,25043.099,0.99831979,0.024540819,255,4,330,3330
8,0,24945.514,0.94151492,0.024540819,255,4,331,3331
8,0,25020.674,0.87498714,0.024540819,255,4,332,3332
8,0,25451.4,0.95001987,0.024540819,255,4,333,3333
8,0,25172.368,0.96701416,0.024540819,255,4,334,3334
8,0,25380.225,0.99601534,0.024540819,255,4,335,3335
8,0,25505.212,0.9557724,0.024540819,255,4,336,3336
8,0,25204.464,0.907502,0.024540819,255,4,337,3337
8,0,25226.511,0.94490866,0.024540819,255,4,338,3338
8,0,25719.556,0.87466927,0.024540819,255,4,339,3339
8,0,25906.866,0.98960419,0.024540819,255,4,340,3340
8,0,25720.12,0.95304277,0.024540819,255,4,341,3341
8,0,25703.33,0.97446105,0.024540819,255,4,342,3342
8,0,25720.484,0.97765975,0.024540819,255,4,343,3343
8,0,25926.799,0.72019138,0.024540819,255,4,344,3344
8,0,25564.373,0.98774368,0.024540819,255,4,345,3345
8,0,25532.286,0.8986593,0.024540819,255,4,346,3346
8,0,25329.448,0.99330596,0.024540819,255,4,347,3347
8,0,25418.408,0.99961079,0.024540819,255,4,348,3348
8,0,25197.696,0.96161879,0.024540819,255,4,349,3349
8,0,25230.984,0.8782608,0.024540819,255,4,350,3350
8,0,25233.388,0.96998652,0.024540819,255,4,351,3351
8,0,25553.493,0.9705321,0.024540819,255,4,352,3352
8,0,25520.053,0.97369825,0.024540819,255,4,353,3353
8,0,25721.86,0.92323317,0.024540819,255,4,354,3354
8,0,25655.645,0.87326634,0.024540819,255,4,355,3355
8,0,25698.964,0.9847705,0.024540819,255,4,356,3356
8,0,26047.087,1,0.024540819,255,4,357,3357
8,0,26050.049,0.98458303,0.024540819,255,4,358,3358
8,0,25677.13,1,0.024540819,255,4,359,3359
8,0,26108.621,0.94802331,0.024540819,255,4,360,3360
8,0,25810.995,0.97440822,0.024540819,255,4,361,3361
8,0,26053.934,0.97521499,0.024540819,255,4,362,3362
8,0,25295.169,0.95741802,0.024540819,255,4,363,3363
8,0,25201.56,0.94737853,0.024540819,255,4,364,3364
8,0,25006.762,0.99065012,0.024540819,255,4,365,3365
8,0,24787.705,0.85631108,0.024540819,255,4,366,3366
8,0,25101.307,0.90595784,0.024540819,255,4,367,3367
8,0,25439.773,0.83655654,0.024540819,255,4,368,3368
8,0,25943.588,0.93267717000000006,0.024540819,255,4,369,3369
8,0,25699.19,0.87799216,0.024540819,255,4,370,3370
8,0,25566.29,0.9981854,0.024540819,255,4,371,3371
8,0,25439.896,0.98576,0.024540819,255,4,372,3372
8,0,25626.16,0.8830547,0.024540819,255,4,373,3373
8,0,25317.017,0.99347724,0.024540819,255,4,374,3374
8,0,25112.007,0.97829201,0.024540819,255,4,375,3375
8,0,24721.208,0.9743447,0.024540819,255,4,376,3376
8,0,24715.57,0.91307153,0.024540819,255,4,377,3377
8,0,24730.596,0.95513096,0.024540819,255,4,378,3378
8,0,25146.307,0.84629302,0.024540819,255,4,379,3379
8,0,25081.186,0.93961408,0.024540819,255,4,380,3380
8,0,25601.176,0.99728029,0.024540819,255,4,381,3381
8,0,25293.306,0.945472,0.024540819,255,4,382,3382
8,0,25405.697,0.9545872,0.024540819,255,4,383,3383
8,0,25086.673,0.98209251,0.024540819,255,4,384,3384
8,0,25612.335,0.93358973,0.024540819,255,4,385,3385
8,0,25166.306,0.99763933,0.024540819,255,4,386,3386
8,0,25471.947,0.93658023,0.024540819,255,4,387,3387
8,0,25125.204,0.99060334,0.024540819,255,4,388,3388
8,0,25292.216,0.92691402,0.024540819,255,4,389,3389
8,0,25361.816,0.98088488,0.024540819,255,4,390,3390
8,0,24774.642,0.99447538,0.024540819,255,4,391,3391
8,0,24726.7,0.95043842,0.024540819,255,4,392,3392
8,0,24757.271,0.92326449,0.024540819,255,4,393,3393
8,0,25261.477,0.96599044,0.024540819,255,4,394,3394
8,0,25595.645,0.95501691,0.024540819,255,4,395,3395
8,0,25247.61,0.99875931,0.024540819,255,4,396,3396
8,0,24746.67,0.99098001,0.024540819,255,4,397,3397
8,0,25113.551,0.96762724,0.024540819,255,4,398,3398
8,0,24868.63,0.99608296,0.024540819,255,4,399,3399
8,0,25305.958,0.89294386,0.024540819,255,4,400,3400
8,0,25293.116,0.89616709,0.024540819,255,4,401,3401
8,0,25061.995,0.97995331,0.024540819,255,4,402,3402
8,0,24957.571,0.99081035,0.024540819,255,4,403,3403
8,0,24922.784,0.97041552,0.024540819,255,4,404,3404
8,0,25376.472,0.89422399,0.024540819,255,4,405,3405
8,0,25858.118,0.91018178,0.024540819,255,4,406,3406
8,0,25779.449,0.9688553,0.024540819,255,4,407,3407
8,0,25610.446,0.99489068,0.024540819,255,4,408,3408
8,0,25808.458,0.88237247,0.024540819,255,4,409,3409
8,0,25699.876,0.98791437,0.024540819,255,4,410,3410
8,0,25838.536,0.98202672,0.024540819,255,4,411,3411
8,0,26029.781,0.9988549,0.024540819,255,4,412,3412
8,0,26231.163,0.92793363,0.024540819,255,4,413,3413
8,0,26149.577,0.95300981,0.024540819,255,4,414,3414
8,0,26149.267,0.99216502,0.024540819,255,4,415,3415
8,0,26078.515,0.98621439,0.024540819,255,4,416,3416
8,0,25569.787,0.98967175,0.024540819,255,4,417,3417
8,0,25341.594,0.9953047,0.024540819,255,4,418,3418
8,0,24963.718,0.9812894,0.024540819,255,4,419,3419
8,0,25024.84,0.9932293,0.024540819,255,4,420,3420
8,0,25042.072,0.84912888,0.024540819,255,4,421,3421
8,0,25133.402,0.98983462,0.024540819,255,4,422,3422
8,0,25018.46,0.96614084,0.024540819,255,4,423,3423
8,0,25193.033,0.94505921,0.024540819,255,4,424,3424
8,0,25726.422,0.93602889,0.024540819,255,4,425,3425
8,0,25828.941,0.9672782,0.024540819,255,4,426,3426
8,0,25480.648,0.99951453,0.024540819,255,4,427,3427
8,0,25357.846,0.98896702,0.024540819,255,4,428,3428
8,0,25305.171,0.96041382,0.024540819,255,4,429,3429
8,0,25307.238,0.99789138,0.024540819,255,4,430,3430
8,0,25139.421,0.99480198,0.024540819,255,4,431,3431
8,0,25428.03,0.93290368,0.024540819,255,4,432,3432
8,0,25076.63,0.98631781,0.024540819,255,4,433,3433
8,0,25292.344,0.94602321,0.024540819,255,4,434,3434
8,0,25674.9,0.93527221,0.024540819,255,4,435,3435
8,0,25824.31,0.9993915,0.024540819,255,4,436,3436
8,0,26077.074,0.93528255,0.024540819,255,4,437,3437
8,0,25239.544,0.95328575,0.024540819,255,4,438,3438
8,0,25541.928,0.99608983,0.024540819,255,4,439,3439
8,0,25446.407,0.97554268,0.024540819,255,4,440,3440
8,0,25856.865,0.91698373,0.024540819,255,4,441,3441
8,0,25454.218,0.9790217,0.024540819,255,4,442,3442
8,0,24833.249,0.99068394,0.024540819,255,4,443,3443
8,0,25046.765,0.94740247,0.024540819,255,4,444,3444
8,0,24816.179,0.91355593,0.024540819,255,4,445,3445
8,0,24951.888,0.90519811,0.024540819,255,4,446,3446
8,0,25298.497,0.94203777,0.024540819,255,4,447,3447
8,0,25337.586,0.98354426,0.024540819,255,4,448,3448
8,0,25043.767,0.83202644,0.024540819,255,4,449,3449
8,0,24641.546,0.95774048,0.024540819,255,4,450,3450
8,0,24940.582,0.99449949,0.024540819,255,4,451,3451
8,0,25034.254,0.99292775,0.024540819,255,4,452,3452
8,0,25405.005,0.97225152,0.024540819,255,4,453,3453
8,0,25193.405,0.98974692,0.024540819,255,4,454,3454
8,0,24906.973,0.83595605,0.024540819,255,4,455,3455
8,0,25773.047,0.85302385,0.024540819,255,4,456,3456
8,0,25995.287,0.96821151,0.024540819,255,4,457,3457
8,0,25752.074,0.99565627,0.024540819,255,4,458,3458
8,0,25730.573,0.93260598,0.024540819,255,4,459,3459
8,0,26034.539,0.99942787,0.024540819,255,4,460,3460
8,0,26119.592,0.9291227,0.024540819,255,4,461,3461
8,0,25811.925,0.98447989,0.024540819,255,4,462,3462
8,0,25539.932,0.91931613,0.024540819,255,4,463,3463
8,0,25282.66,0.97529069,0.024540819,255,4,464,3464
8,0,25014.6,0.98867553,0.024540819,255,4,465,3465
8,0,25304.879,0.88243258,0.024540819,255,4,466,3466
8,0,25323.848,0.99115818,0.024540819,255,4,467,3467
8,0,24614.228,0.82622217,0.024540819,255,4,468,3468
8,0,24893.302,0.97536412,0.024540819,255,4,469,3469
8,0,24557.763,0.99917037,0.024540819,255,4,470,3470
8,0,24852.154,0.95355254,0.024540819,255,4,471,3471
8,0,24842.021,0.98508092,0.024540819,255,4,472,3472
8,0,24756.118,0.94782982,0.024540819,255,4,473,3473
8,0,24675.701,0.89415823,0.024540819,255,4,474,3474
8,0,24999.824,0.93015676,0.024540819,255,4,475,3475
8,0,24905.937,0.99910241,0.024540819,255,4,476,3476
8,0,24649.663,0.99478605,0.024540819,255,4,477,3477
8,0,24858.192,0.91405552,0.024540819,255,4,478,3478
8,0,24629.369,0.99341441,0.024540819,255,4,479,3479
8,0,24674.052,0.99753005,0.024540819,255,4,480,3480
8,0,24950.86,0.95575273,0.024540819,255,4,481,3481
8,0,25090.447,0.96317374,0.024540819,255,4,482,3482
8,0,25129.919,0.97150024,0.024540819,255,4,483,3483
8,0,25462.566,0.90941229,0.024540819,255,4,484,3484
8,0,25328.405,0.98516352,0.024540819,255,4,485,3485
8,0,25435.119,0.93790219,0.024540819,255,4,486,3486
8,0,25193.211,0.89590059,0.024540819,255,4,487,3487
8,0,25555.4,0.94385159,0.024540819,255,4,488,3488
8,0,24984.384,0.95692721,0.024540819,255,4,489,3489
8,0,24994.682,0.96393713,0.024540819,255,4,490,3490
8,0,25615.336,0.89938266,0.024540819,255,4,491,3491
8,0,26093.164,0.90627162000000006,0.024540819,255,4,492,3492
8,0,25870.108,0.97295631,0.024540819,255,4,493,3493
8,0,25544.666,0.9864231,0.024540819,255,4,494,3494
8,0,25665.354,0.9862009,0.024540819,255,4,495,3495
8,0,25898.821,0.9626722,0.024540819,255,4,496,3496
8,0,25058.008,0.88765599,0.024540819,255,4,497,3497
8,0,24933.008,0.97962358,0.024540819,255,4,498,3498
8,0,24934.161,0.86685721,0.024540819,255,4,499,3499
8,0,25147.598,0.91278499,0.024540819,255,4,500,3500
8,0,25021.286,0.91073937,0.024540819,255,4,501,3501
8,0,25560.053,0.9442074,0.024540819,255,4,502,3502
8,0,25816.105,1,0.024540819,255,4,503,3503
8,0,25742.671,0.98038696,0.024540819,255,4,504,3504
8,0,25631.168,0.95567007,0.024540819,255,4,505,3505
8,0,25687.236,0.89312233,0.024540819,255,4,506,3506
8,0,26044.115,0.99076369,0.024540819,255,4,507,3507
8,0,25603.864,0.97780851,0.024540819,255,4,508,3508
8,0,25512.291,0.97034494,0.024540819,255,4,509,3509
8,0,25454.277,0.98698107,0.024540819,255,4,510,3510
8,0,25238.728,0.94382056,0.024540819,255,4,511,3511
8,0,25518.638,0.73406023,0.024540819,255,4,512,3512
8,0,24850.812,0.99299651,0.024540819,255,4,513,3513
8,0,25635.64,0.93009363,0.024540819,255,4,514,3514
8,0,25920.421,0.86043716,0.024540819,255,4,515,3515
8,0,26006.872,0.89573664,0.024540819,255,4,516,3516
8,0,25812.376,0.98994624,0.024540819,255,4,517,3517
8,0,25965.225,0.8597195,0.024540819,255,4,518,3518
8,0,25365.723,0.91001427,0.024540819,255,4,519,3519
8,0,25498.12,0.9913298,0.024540819,255,4,520,3520
8,0,25043.232,0.99871738,0.024540819,255,4,521,3521
8,0,24878.536,0.93907722,0.024540819,255,4,522,3522
8,0,25064.582,0.96047363,0.024540819,255,4,523,3523
8,0,25388.074,0.94511462,0.024540819,255,4,524,3524
8,0,25550.234,0.9703613,0.024540819,255,4,525,3525
8,0,25763.223,0.97534256,0.024540819,255,4,526,3526
8,0,25755.801,0.97901142,0.024540819,255,4,527,3527
8,0,25323.796,0.99863108,0.024540819,255,4,528,3528
8,0,25519.18,0.82601583,0.024540819,255,4,529,3529
8,0,25612.519,0.96113823,0.024540819,255,4,530,3530
8,0,25694.018,0.99445859,0.024540819,255,4,531,3531
8,0,26151.74,0.92214597,0.024540819,255,4,532,3532
8,0,26429.36,0.93304657,0.024540819,255,4,533,3533
8,0,26290.101,0.99917265,0.024540819,255,4,534,3534
8,0,26167.086,0.90386465,0.024540819,255,4,535,3535
8,0,26206.076,0.98631365,0.024540819,255,4,536,3536
8,0,25901.822,0.94166466,0.024540819,255,4,537,3537
8,0,25668.449,0.97374459,0.024540819,255,4,538,3538
8,0,25525.308,0.94701962,0.024540819,255,4,539,3539
8,0,25366.391,0.91447483,0.024540819,255,4,540,3540
8,0,25180.366,0.89958353,0.024540819,255,4,541,3541
8,0,25708.118,0.92329972,0.024540819,255,4,542,3542
8,0,25984.891,0.94440544,0.024540819,255,4,543,3543
8,0,25588.732,0.99758691,0.024540819,255,4,544,3544
8,0,25400.979,0.99185192,0.024540819,255,4,545,3545
8,0,24875.044,0.93864831,0.024540819,255,4,546,3546
8,0,25017.132,0.87779683,0.024540819,255,4,547,3547
8,0,25359.986,0.98497943,0.024540819,255,4,548,3548
8,0,25466.499,0.97762634,0.024540819,255,4,549,3549
8,0,25314.169,0.94608125,0.024540819,255,4,550,3550
8,0,25339.175,0.99385617,0.024540819,255,4,551,3551
8,0,25319.026,0.94790833,0.024540819,255,4,552,3552
8,0,25021.82,0.89807238,0.024540819,255,4,553,3553
8,0,25247.961,0.90373865,0.024540819,255,4,554,3554
8,0,24688.232,0.88547608,0.024540819,255,4,555,3555
8,0,24799.52,0.91525326,0.024540819,255,4,556,3556
8,0,25031.35,0.99137668,0.024540819,255,4,557,3557
8,0,24989.259,0.99296048,0.024540819,255,4,558,3558
8,0,24880.515,0.916269,0.024540819,255,4,559,3559
8,0,25177.775,0.92425726,0.024540819,255,4,560,3560
8,0,25136.392,0.99750552,0.024540819,255,4,561,3561
8,0,25377.289,0.94425049,0.024540819,255,4,562,3562
8,0,25180.129,0.88568286,0.024540819,255,4,563,3563
8,0,24740.469,0.9976033,0.024540819,255,4,564,3564
8,0,24892.37,0.94590577,0.024540819,255,4,565,3565
8,0,24846.21,0.97925538,0.024540819,255,4,566,3566
8,0,25063.762,0.9761099,0.024540819,255,4,567,3567
8,0,24986.587,0.96034007,0.024540819,255,4,568,3568
8,0,25047.192,0.89586569,0.024540819,255,4,569,3569
8,0,25050.983,0.83963317,0.024540819,255,4,570,3570
8,0,24860.011,0.97694224,0.024540819,255,4,571,3571
8,0,24478.733,0.97440138,0.024540819,255,4,572,3572
8,0,24734.265,0.97722609,0.024540819,255,4,573,3573
8,0,25075.43,0.74042351,0.024540819,255,4,574,3574
8,0,25421.466,0.84359805,0.024540819,255,4,575,3575
8,0,25654.048,0.9646841,0.024540819,255,4,576,3576
8,0,25886.543,0.98247784,0.024540819,255,4,577,3577
8,0,25898.825,0.95668476,0.024540819,255,4,578,3578
8,0,25901.37,0.95044084,0.024540819,255,4,579,3579
8,0,25590.897,0.91967463,0.024540819,255,4,580,3580
8,0,25282.279,0.94609324,0.024540819,255,4,581,3581
8,0,25216.552,0.99654284,0.024540819,255,4,582,3582
8,0,25114.096,0.99894019,0.024540819,255,4,583,3583
8,0,24955.768,0.91812849,0.024540819,255,4,584,3584
8,0,25399.19,0.99127672,0.024540819,255,4,585,3585
8,0,25223.163,0.97641899,0.024540819,255,4,586,3586
8,0,25098.434,0.95945736,0.024540819,255,4,587,3587
8,0,24972.75,0.89956767,0.024540819,255,4,588,3588
8,0,25171.6,0.96304767,0.024540819,255,4,589,3589
8,0,25583.508,0.94538886,0.024540819,255,4,590,3590
8,0,25797.301,0.98480212,0.024540819,255,4,591,3591
8,0,26272.948,0.91990271,0.024540819,255,4,592,3592
8,0,26335.194,0.93358573,0.024540819,255,4,593,3593
8,0,26216.109,0.99570463,0.024540819,255,4,594,3594
8,0,25614.766,0.99811547,0.024540819,255,4,595,3595
8,0,25848.515,0.9560249,0.024540819,255,4,596,3596
8,0,25877.012,0.99241645,0.024540819,255,4,597,3597
8,0,25857.732,0.99919667,0.024540819,255,4,598,3598
8,0,25400.652,0.82592649,0.024540819,255,4,599,3599
8,0,25841.601,0.96530885,0.024540819,255,4,600,3600
8,0,25459.473,0.999952,0.024540819,255,4,601,3601
8,0,25081.69,0.99993897,0.024540819,255,4,602,3602
8,0,24779.422,0.99069877,0.024540819,255,4,603,3603
8,0,25124.711,0.89988445,0.024540819,255,4,604,3604
8,0,24882.86,0.93422975,0.024540819,255,4,605,3605
8,0,24658.876,0.99921314,0.024540819,255,4,606,3606
8,0,24608.254,0.99752276,0.024540819,255,4,607,3607
8,0,24829.918,0.98813439,0.024540819,255,4,608,3608
8,0,24888.006,0.87547674,0.024540819,255,4,609,3609
8,0,25065.596,0.98816859,0.024540819,255,4,610,3610
8,0,25338.469,0.85147381,0.024540819,255,4,611,3611
8,0,25255.725,0.90723426,0.024540819,255,4,612,3612
8,0,25138.697,0.96333324,0.024540819,255,4,613,3613
8,0,25627.168,0.96840556,0.024540819,255,4,614,3614
8,0,25693.347,0.96703606,0.024540819,255,4,615,3615
8,0,25666.381,0.86683536,0.024540819,255,4,616,3616
8,0,25477.554,0.97852478,0.024540819,255,4,617,3617
8,0,25657.369,0.99120632,0.024540819,255,4,618,3618
8,0,25321.154,0.9582404,0.024540819,255,4,619,3619
8,0,25090.583,0.97109017,0.024540819,255,4,620,3620
8,0,25121.492,0.95085014,0.024540819,255,4,621,3621
8,0,24829.521,0.90862055,0.024540819,255,4,622,3622
8,0,24706.644,0.98941358,0.024540819,255,4,623,3623
8,0,24552.361,0.99601674,0.024540819,255,4,624,3624
8,0,25134.942,0.88455288,0.024540819,255,4,625,3625
8,0,25140.521,0.97049428,0.024540819,255,4,626,3626
8,0,25054.415,0.98182122,0.024540819,255,4,627,3627
8,0,25222.435,0.97157615,0.024540819,255,4,628,3628
8,0,24766.97,0.91184521,0.024540819,255,4,629,3629
8,0,24237.421,0.99408415,0.024540819,255,4,630,3630
8,0,24645.95,0.98648587,0.024540819,255,4,631,3631
8,0,24749.73,0.98326312,0.024540819,255,4,632,3632
8,0,24454.815,0.93614754,0.024540819,255,4,633,3633
8,0,25026.94,0.86560857,0.024540819,255,4,634,3634
8,0,25516.931,0.83870802,0.024540819,255,4,635,3635
8,0,25988.518,0.98763977,0.024540819,255,4,636,3636
8,0,25894.238,0.96812593,0.024540819,255,4,637,3637
8,0,25722.907,0.98242377,0.024540819,255,4,638,3638
8,0,25570.759,0.97795015,0.024540819,255,4,639,3639
8,0,25717.529,0.93966167,0.024540819,255,4,640,3640
8,0,25455.339,0.95084144,0.024540819,255,4,641,3641
8,0,25557.72,0.98130395,0.024540819,255,4,642,3642
8,0,25417.792,0.99473954,0.024540819,255,4,643,3643
8,0,25355.89,0.95645577,0.024540819,255,4,644,3644
8,0,25312.772,0.95520034,0.024540819,255,4,645,3645
8,0,24975.295,0.93667564,0.024540819,255,4,646,3646
8,0,25174.724,0.90997424,0.024540819,255,4,647,3647
8,0,25180.466,0.92682622,0.024540819,255,4,648,3648
8,0,25236.815,0.93650958,0.024540819,255,4,649,3649
8,0,25254.273,0.99202378,0.024540819,255,4,650,3650
8,0,25449.718,0.9319324,0.024540819,255,4,651,3651
8,0,25533.167,0.8889764,0.024540819,255,4,652,3652
8,0,25096.248,0.98025156,0.024540819,255,4,653,3653
8,0,25308.185,0.97305146,0.024540819,255,4,654,3654
8,0,25497.774,0.9931308,0.024540819,255,4,655,3655
8,0,25534.657,0.9982958,0.024540819,255,4,656,3656
8,0,25148.308,0.91273432,0.024540819,255,4,657,3657
8,0,24597.388,0.99247052,0.024540819,255,4,658,3658
8,0,24900.266,0.96503777,0.024540819,255,4,659,3659
8,0,24726.728,0.97827703,0.024540819,255,4,660,3660
8,0,24398.149,0.90767064,0.024540819,255,4,661,3661
8,0,25046.41,0.91750605,0.024540819,255,4,662,3662
8,0,24897.324,0.98949514,0.024540819,255,4,663,3663
8,0,24925.485,0.91947173,0.024540819,255,4,664,3664
8,0,24871.419,0.96462959,0.024540819,255,4,665,3665
8,0,25178.081,0.76848514,0.024540819,255,4,666,3666
8,0,25378.033,0.96645805,0.024540819,255,4,667,3667
8,0,25839.521,0.97605625,0.024540819,255,4,668,3668
8,0,25750.468,0.98797793,0.024540819,255,4,669,3669
8,0,26026.042,0.95370913,0.024540819,255,4,670,3670
8,0,25935.97,0.95294909,0.024540819,255,4,671,3671
8,0,25594.249,0.99853175,0.024540819,255,4,672,3672
8,0,25655.651,0.97676723,0.024540819,255,4,673,3673
8,0,25149.798,0.96661721,0.024540819,255,4,674,3674
8,0,25428.384,0.9866993,0.024540819,255,4,675,3675
8,0,25635.285,0.95369589,0.024540819,255,4,676,3676
8,0,25708.772,0.96576332,0.024540819,255,4,677,3677
8,0,26083.993,0.98656757,0.024540819,255,4,678,3678
8,0,26122.303,0.80510824,0.024540819,255,4,679,3679
8,0,25868.43,0.98880115,0.024540819,255,4,680,3680
8,0,25354.291,0.94635824,0.024540819,255,4,681,3681
8,0,25427.672,0.87606861,0.024540819,255,4,682,3682
8,0,25562.855,0.9244498,0.024540819,255,4,683,3683
8,0,25702.347,0.99307813,0.024540819,255,4,684,3684
8,0,25216.213,0.95403558,0.024540819,255,4,685,3685
8,0,25028.695,0.98731117,0.024540819,255,4,686,3686
8,0,25286.578,0.95087218,0.024540819,255,4,687,3687
8,0,25093.629,0.90703344,0.024540819,255,4,688,3688
8,0,24931.987,0.99932475,0.024540819,255,4,689,3689
8,0,25020.591,0.9991175,0.024540819,255,4,690,3690
8,0,25019.527,0.87282497,0.024540819,255,4,691,3691
8,0,25175.421,0.93367566,0.024540819,255,4,692,3692
8,0,24926.865,0.99185665,0.024540819,255,4,693,3693
8,0,25054.343,0.90843831,0.024540819,255,4,694,3694
8,0,24844.102,0.99864383,0.024540819,255,4,695,3695
8,0,24933.51,0.90486299,0.024540819,255,4,696,3696
8,0,25465.155,0.96866031,0.024540819,255,4,697,3697
8,0,25189.184,0.97311437,0.024540819,255,4,698,3698
8,0,25227.062,0.95342738,0.024540819,255,4,699,3699
8,0,24951.462,0.95730326,0.024540819,255,4,700,3700
8,0,24873.511,0.9158647,0.024540819,255,4,701,3701
8,0,25202.404,0.98169996,0.024540819,255,4,702,3702
8,0,25333.899,0.80109614,0.024540819,255,4,703,3703
8,0,25664.555,0.95443098,0.024540819,255,4,704,3704
8,0,25793.537,0.88067049,0.024540819,255,4,705,3705
8,0,25958.392,0.9137912,0.024540819,255,4,706,3706
8,0,25988.798,0.99928853,0.024540819,255,4,707,3707
8,0,25779.452,0.93375168,0.024540819,255,4,708,3708
8,0,25615.27,0.98879382,0.024540819,255,4,709,3709
8,0,25551.576,0.91997182,0.024540819,255,4,710,3710
8,0,25168.443,0.98319394,0.024540819,255,4,711,3711
8,0,24786.594,0.95011887,0.024540819,255,4,712,3712
8,0,24960.887,0.95745881,0.024540819,255,4,713,3713
8,0,25011.736,0.99755538,0.024540819,255,4,714,3714
8,0,25535.43,0.93160072,0.024540819,255,4,715,3715
8,0,25616.047,0.90510313,0.024540819,255,4,716,3716
8,0,25054.344,0.98461804,0.024540819,255,4,717,3717
8,0,24775.297,0.94647458,0.024540819,255,4,718,3718
8,0,24833.068,0.88775014,0.024540819,255,4,719,3719
8,0,25380.508,0.98344068,0.024540819,255,4,720,3720
8,0,25415.093,0.95936342,0.024540819,255,4,721,3721
8,0,25388.331,0.8502748,0.024540819,255,4,722,3722
8,0,25441.184,0.90671595,0.024540819,255,4,723,3723
8,0,25003.393,0.95020565,0.024540819,255,4,724,3724
8,0,25158.985,0.93387401,0.024540819,255,4,725,3725
8,0,24763.902,0.94937871,0.024540819,255,4,726,3726
8,0,25234.917,0.97226869,0.024540819,255,4,727,3727
8,0,25493.132,0.99981666,0.024540819,255,4,728,3728
8,0,25180.427,0.98697233,0.024540819,255,4,729,3729
8,0,24973.247,0.98762028,0.024540819,255,4,730,3730
8,0,25139.294,0.93506244,0.024540819,255,4,731,3731
8,0,25429.508,0.95922943,0.024540819,255,4,732,3732
8,0,25532.093,0.94132974,0.024540819,255,4,733,3733
8,0,25110.953,0.9393648,0.024540819,255,4,734,3734
8,0,24962.182,0.97131102,0.024540819,255,4,735,3735
8,0,24867.024,0.97055365,0.024540819,255,4,736,3736
8,0,24865.463,0.94458135,0.024540819,255,4,737,3737
8,0,24295.087,0.9971237,0.024540819,255,4,738,3738
8,0,24267.362,0.96633262,0.024540819,255,4,739,3739
8,0,24616.779,0.960134,0.024540819,255,4,740,3740
8,0,25013.075,0.91851223,0.024540819,255,4,741,3741
8,0,24501.442,0.91240746,0.024540819,255,4,742,3742
8,0,24600.242,0.96056982,0.024540819,255,4,743,3743
8,0,24820.546,0.974005,0.024540819,255,4,744,3744
8,0,24849.81,0.88264176,0.024540819,255,4,745,3745
8,0,24630.783,0.97684589,0.024540819,255,4,746,3746
8,0,24785,0.94329431,0.024540819,255,4,747,3747
8,0,24942.291,0.92424568,0.024540819,255,4,748,3748
8,0,25420.765,0.90521452,0.024540819,255,4,749,3749
8,0,25617.914,0.98102785,0.024540819,255,4,750,3750
8,0,25082.368,0.86707098,0.024540819,255,4,751,3751
8,0,24788.785,0.97891316,0.024540819,255,4,752,3752
8,0,24916.339,0.99927837,0.024540819,255,4,753,3753
8,0,24836.948,0.9695305,0.024540819,255,4,754,3754
8,0,25021.645,0.94545649,0.024540819,255,4,755,3755
8,0,25259.967,0.99331921,0.024540819,255,4,756,3756
8,0,25744.32,0.99640196,0.024540819,255,4,757,3757
8,0,25796.98,0.99858494,0.024540819,255,4,758,3758
8,0,25489.225,0.97939703,0.024540819,255,4,759,3759
8,0,25016.438,0.97110801,0.024540819,255,4,760,3760
8,0,24861.166,0.95825515000000006,0.024540819,255,4,761,3761
8,0,25367.717,0.93729929,0.024540819,255,4,762,3762
8,0,25388.759,0.95158316,0.024540819,255,4,763,3763
8,0,25291.661,0.99399346,0.024540819,255,4,764,3764
8,0,25402.361,0.81449622,0.024540819,255,4,765,3765
8,0,25284.184,0.94987296,0.024540819,255,4,766,3766
8,0,25576.174,0.96257066,0.024540819,255,4,767,3767
8,0,25539.884,0.93880652,0.024540819,255,4,768,3768
8,0,25117.428,0.9999908,0.024540819,255,4,769,3769
8,0,24681.352,0.92630505,0.024540819,255,4,770,3770
8,0,24926.219,0.88569022,0.024540819,255,4,771,3771
8,0,25299.58,0.92961201,0.024540819,255,4,772,3772
8,0,25871.72,0.99370931,0.024540819,255,4,773,3773
8,0,25511.064,0.99229889,0.024540819,255,4,774,3774
8,0,24995.161,0.98493009,0.024540819,255,4,775,3775
8,0,25277.987,0.97881545,0.024540819,255,4,776,3776
8,0,25267.042,0.9655892,0.024540819,255,4,777,3777
8,0,24909.521,0.94054895,0.024540819,255,4,778,3778
8,0,24727.064,0.9887345,0.024540819,255,4,779,3779
8,0,25130.127,0.96169933,0.024540819,255,4,780,3780
8,0,24744.207,0.86161834,0.024540819,255,4,781,3781
8,0,25106.684,0.9880622,0.024540819,255,4,782,3782
8,0,25053.762,0.93044972,0.024540819,255,4,783,3783
8,0,24483.643,0.94478453,0.024540819,255,4,784,3784
8,0,25631.284,0.89641688,0.024540819,255,4,785,3785
8,0,25479.891,0.91976133,0.024540819,255,4,786,3786
8,0,25532.647,0.94980167,0.024540819,255,4,787,3787
8,0,25434.384,0.90082989,0.024540819,255,4,788,3788
8,0,25544.203,0.91824464,0.024540819,255,4,789,3789
8,0,25664.998,0.93014257,0.024540819,255,4,790,3790
8,0,25501.645,0.97595644,0.024540819,255,4,791,3791
8,0,25516.324,0.98663607,0.024540819,255,4,792,3792
8,0,25513.067,0.86273407,0.024540819,255,4,793,3793
8,0,24966.525,0.99830527,0.024540819,255,4,794,3794
8,0,25089.38,0.93070959,0.024540819,255,4,795,3795
8,0,24524.776,0.98828056,0.024540819,255,4,796,3796
8,0,24629.293,0.99301215,0.024540819,255,4,797,3797
8,0,25136.541,0.89519928,0.024540819,255,4,798,3798
8,0,25281.168,0.86366254,0.024540819,255,4,799,3799
8,0,25590.716,0.9789744,0.024540819,255,4,800,3800
8,0,25228.515,0.95955011,0.024540819,255,4,801,3801
8,0,24808.56,0.97773457,0.024540819,255,4,802,3802
8,0,24858.659,0.84370741,0.024540819,255,4,803,3803
8,0,25156.801,0.98194245,0.024540819,255,4,804,3804
8,0,24957.435,0.8596191,0.024540819,255,4,805,3805
8,0,25466.47,0.97186341,0.024540819,255,4,806,3806
8,0,25693.552,0.97576633,0.024540819,255,4,807,3807
8,0,25808.448,0.88261202,0.024540819,255,4,808,3808
8,0,25502.186,0.98397561,0.024540819,255,4,809,3809
8,0,25935.925,0.97903902,0.024540819,255,4,810,3810
8,0,26194.401,0.94003123,0.024540819,255,4,811,3811
8,0,25728.287,0.93198469,0.024540819,255,4,812,3812
8,0,25368.674,0.99603923,0.024540819,255,4,813,3813
8,0,25656.094,0.97320673,0.024540819,255,4,814,3814
8,0,25832.877,0.9740503,0.024540819,255,4,815,3815
8,0,25686.538,0.99113256,0.024540819,255,4,816,3816
8,0,25220.198,0.89252236,0.024540819,255,4,817,3817
8,0,25482.124,0.91819568,0.024540819,255,4,818,3818
8,0,24670.642,0.98977162,0.024540819,255,4,819,3819
8,0,24542.993,0.95347042,0.024540819,255,4,820,3820
8,0,24491.285,0.99489111,0.024540819,255,4,821,3821
8,0,24558.346,0.96104324,0.024540819,255,4,822,3822
8,0,25038.928,0.85090653,0.024540819,255,4,823,3823
8,0,24665.755,0.92279067,0.024540819,255,4,824,3824
8,0,24918.559,0.99442067,0.024540819,255,4,825,3825
8,0,25276.539,0.93835739,0.024540819,255,4,826,3826
8,0,25221.317,0.98919759,0.024540819,255,4,827,3827
8,0,25362.062,0.995208,0.024540819,255,4,828,3828
8,0,25012.423,0.91804676,0.024540819,255,4,829,3829
8,0,25155.801,0.91211869,0.024540819,255,4,830,3830
8,0,24908.713,0.92429268,0.024540819,255,4,831,3831
8,0,24920.854,0.94390752,0.024540819,255,4,832,3832
8,0,24992.351,0.92834601,0.024540819,255,4,833,3833
8,0,24839.439,0.98304539,0.024540819,255,4,834,3834
8,0,24512.269,0.9771355,0.024540819,255,4,835,3835
8,0,24622.765,0.99473622,0.024540819,255,4,836,3836
8,0,25276.703,0.94020938,0.024540819,255,4,837,3837
8,0,24977.024,0.99476201,0.024540819,255,4,838,3838
8,0,25037.474,0.91571573,0.024540819,255,4,839,3839
8,0,25146.289,0.85385759,0.024540819,255,4,840,3840
8,0,25032.417,0.9994006,0.024540819,255,4,841,3841
8,0,25016.093,0.98616701,0.024540819,255,4,842,3842
8,0,24596.504,0.99819105,0.024540819,255,4,843,3843
8,0,24997.14,0.94107989,0.024540819,255,4,844,3844
8,0,24954.955,0.96263169,0.024540819,255,4,845,3845
8,0,25062.919,0.99269561,0.024540819,255,4,846,3846
8,0,24589.169,0.99735774,0.024540819,255,4,847,3847
8,0,24536.122,0.94298575,0.024540819,255,4,848,3848
8,0,25199.665,0.9340629,0.024540819,255,4,849,3849
8,0,24950.185,0.96277572,0.024540819,255,4,850,3850
8,0,25453.214,0.93641471,0.024540819,255,4,851,3851
8,0,25299.845,0.94955874,0.024540819,255,4,852,3852
8,0,25413.658,0.95911766,0.024540819,255,4,853,3853
8,0,25508.264,0.98216191,0.024540819,255,4,854,3854
8,0,25032.172,0.98528473,0.024540819,255,4,855,3855
8,0,24673.649,0.99758928,0.024540819,255,4,856,3856
8,0,25482.321,0.88163633,0.024540819,255,4,857,3857
8,0,25776.904,0.96533766,0.024540819,255,4,858,3858
8,0,25304.593,0.99988295,0.024540819,255,4,859,3859
8,0,25489.15,0.9877493,0.024540819,255,4,860,3860
8,0,25607.961,0.99220692,0.024540819,255,4,861,3861
8,0,25492.611,0.89781415,0.024540819,255,4,862,3862
8,0,25339.247,0.92554867,0.024540819,255,4,863,3863
8,0,25370.745,0.97295621,0.024540819,255,4,864,3864
8,0,25572.41,0.91666635,0.024540819,255,4,865,3865
8,0,25746.154,0.92280904,0.024540819,255,4,866,3866
8,0,25512.346,0.9650306,0.024540819,255,4,867,3867
8,0,25055.969,0.9375679,0.024540819,255,4,868,3868
8,0,25080.49,0.96525725,0.024540819,255,4,869,3869
8,0,24982.786,0.96993475,0.024540819,255,4,870,3870
8,0,25168.167,0.99237026,0.024540819,255,4,871,3871
8,0,24961.798,0.92509338,0.024540819,255,4,872,3872
8,0,24950.336,0.90168372,0.024540819,255,4,873,3873
8,0,25198.441,0.99559946,0.024540819,255,4,874,3874
8,0,24863.751,0.97682642,0.024540819,255,4,875,3875
8,0,24996.367,0.98507264,0.024540819,255,4,876,3876
8,0,24875.076,0.88944165,0.024540819,255,4,877,3877
8,0,25315.406,0.85792762,0.024540819,255,4,878,3878
8,0,25200.675,0.98583155,0.024540819,255,4,879,3879
8,0,24681.929,0.95827666,0.024540819,255,4,880,3880
8,0,25241.754,0.8579067,0.024540819,255,4,881,3881
8,0,25276.347,0.93379006,0.024540819,255,4,882,3882
8,0,25170.799,0.96954904,0.024540819,255,4,883,3883
8,0,25110.543,0.99646963,0.024540819,255,4,884,3884
8,0,25351.454,0.97639886,0.024540819,255,4,885,3885
8,0,25379.692,0.89809774,0.024540819,255,4,886,3886
8,0,24951.377,0.97036588,0.024540819,255,4,887,3887
8,0,25125.833,0.90779141,0.024540819,255,4,888,3888
8,0,25058.734,0.87023661,0.024540819,255,4,889,3889
8,0,25313.866,0.99103175,0.024540819,255,4,890,3890
8,0,24988.183,0.9408794,0.024540819,255,4,891,3891
8,0,25359.751,0.90695031,0.024540819,255,4,892,3892
8,0,25480.456,0.99201815,0.024540819,255,4,893,3893
8,0,25074.703,0.90459552,0.024540819,255,4,894,3894
8,0,25160.191,0.96559599,0.024540819,255,4,895,3895
8,0,25950.355,0.90621691,0.024540819,255,4,896,3896
8,0,25918.753,0.99953267,0.024540819,255,4,897,3897
8,0,25436.001,0.93060994,0.024540819,255,4,898,3898
8,0,25962.595,0.90079053,0.024540819,255,4,899,3899
8,0,25827.115,0.90702828,0.024540819,255,4,900,3900
8,0,25777.52,0.94536101,0.024540819,255,4,901,3901
8,0,26350.671,0.89484512,0.024540819,255,4,902,3902
8,0,26063.934,0.99352709,0.024540819,255,4,903,3903
8,0,26004.705,0.96980496,0.024540819,255,4,904,3904
8,0,25843.368,0.89240819,0.024540819,255,4,905,3905
8,0,25288.522,0.99404992,0.024540819,255,4,906,3906
8,0,25342.357,0.97327846,0.024540819,255,4,907,3907
8,0,25408.372,0.98876746,0.024540819,255,4,908,3908
8,0,25958.846,0.96891424,0.024540819,255,4,909,3909
8,0,25680.713,0.85446235,0.024540819,255,4,910,3910
8,0,25378.313,0.98304936,0.024540819,255,4,911,3911
8,0,24958.98,0.9868569,0.024540819,255,4,912,3912
8,0,25056.888,0.92056954,0.024540819,255,4,913,3913
8,0,24938.897,0.98734428,0.024540819,255,4,914,3914
8,0,25649.576,0.81228169,0.024540819,255,4,915,3915
8,0,25635.398,0.98540128,0.024540819,255,4,916,3916
8,0,25279.027,0.94089899,0.024540819,255,4,917,3917
8,0,25639.322,0.99902233,0.024540819,255,4,918,3918
8,0,25592.15,0.97310779,0.024540819,255,4,919,3919
8,0,25280.056,0.95666421,0.024540819,255,4,920,3920
8,0,25027.133,0.98200777,0.024540819,255,4,921,3921
8,0,25103.052,0.95585812,0.024540819,255,4,922,3922
8,0,25432.722,0.9675554,0.024540819,255,4,923,3923
8,0,25601.79,0.97128672,0.024540819,255,4,924,3924
8,0,25363.149,0.9972538,0.024540819,255,4,925,3925
8,0,24931.678,0.97332717,0.024540819,255,4,926,3926
8,0,24774.516,0.86184995,0.024540819,255,4,927,3927
8,0,24997.07,0.99973711,0.024540819,255,4,928,3928
8,0,25126.811,0.85303974,0.024540819,255,4,929,3929
8,0,25800.308,0.89777895,0.024540819,255,4,930,3930
8,0,26155.099,0.99902715,0.024540819,255,4,931,3931
8,0,25971.657,0.95395666,0.024540819,255,4,932,3932
8,0,25695.022,0.99416334,0.024540819,255,4,933,3933
8,0,25865.177,0.95690482,0.024540819,255,4,934,3934
8,0,25440.632,0.9892518,0.024540819,255,4,935,3935
8,0,25434.611,0.97526371,0.024540819,255,4,936,3936
8,0,25142.834,0.99293509,0.024540819,255,4,937,3937
8,0,25436.788,0.91365839,0.024540819,255,4,938,3938
8,0,25668.266,0.78899979,0.024540819,255,4,939,3939
8,0,25267.538,0.98996088,0.024540819,255,4,940,3940
8,0,25468.119,0.97590697,0.024540819,255,4,941,3941
8,0,25588.897,0.9920477,0.024540819,255,4,942,3942
8,0,25578.553,0.97711693,0.024540819,255,4,943,3943
8,0,25851.624,0.96340387,0.024540819,255,4,944,3944
8,0,25574.437,0.94548353,0.024540819,255,4,945,3945
8,0,25213.223,0.98656018,0.024540819,255,4,946,3946
8,0,25014.136,0.97923718,0.024540819,255,4,947,3947
8,0,24862.436,0.98617448,0.024540819,255,4,948,3948
8,0,25158.412,0.9789229,0.024540819,255,4,949,3949
8,0,24965.556,0.97797723,0.024540819,255,4,950,3950
8,0,24536.541,0.917166,0.024540819,255,4,951,3951
8,0,24492.104,0.99897734,0.024540819,255,4,952,3952
8,0,24849.982,0.99367303,0.024540819,255,4,953,3953
8,0,25342.583,0.98576447,0.024540819,255,4,954,3954
8,0,25534.476,0.96087541,0.024540819,255,4,955,3955
8,0,25448.284,0.97477184,0.024540819,255,4,956,3956
8,0,25804.316,0.93044266,0.024540819,255,4,957,3957
8,0,25198.34,0.96154622,0.024540819,255,4,958,3958
8,0,25452.258,0.90302707,0.024540819,255,4,959,3959
8,0,25457.676,0.96567283,0.024540819,255,4,960,3960
8,0,25685.112,0.94213755,0.024540819,255,4,961,3961
8,0,25349.049,0.92003433,0.024540819,255,4,962,3962
8,0,25121.484,0.9872016,0.024540819,255,4,963,3963
8,0,24833.553,0.94836906,0.024540819,255,4,964,3964
8,0,25199.942,0.98930791,0.024540819,255,4,965,3965
8,0,25287.996,0.99533355,0.024540819,255,4,966,3966
8,0,25551.46,0.98213038,0.024540819,255,4,967,3967
8,0,25666.819,0.96657688,0.024540819,255,4,968,3968
8,0,25577.75,0.80438996,0.024540819,255,4,969,3969
8,0,26134.127,0.95893801,0.024540819,255,4,970,3970
8,0,25672.804,0.99334698,0.024540819,255,4,971,3971
8,0,25693.671,0.99080721,0.024540819,255,4,972,3972
8,0,25778.932,0.98960237,0.024540819,255,4,973,3973
8,0,25854.869,0.91648579,0.024540819,255,4,974,3974
8,0,25664.772,0.99720683,0.024540819,255,4,975,3975
8,0,25732.936,0.97911723,0.024540819,255,4,976,3976
8,0,25374.232,0.92448168,0.024540819,255,4,977,3977
8,0,24950.696,0.97797095,0.024540819,255,4,978,3978
8,0,25130,0.92291863,0.024540819,255,4,979,3979
8,0,25262.96,0.92863641,0.024540819,255,4,980,3980
8,0,25697.775,0.98558134,0.024540819,255,4,981,3981
8,0,26177.259,0.89580144,0.024540819,255,4,982,3982
8,0,25926.642,0.88671659,0.024540819,255,4,983,3983
8,0,25491.859,0.99882603,0.024540819,255,4,984,3984
8,0,25344.81,0.9432094,0.024540819,255,4,985,3985
8,0,25401.607,0.98123899,0.024540819,255,4,986,3986
8,0,25405.544,0.99371309,0.024540819,255,4,987,3987
8,0,25869.697,0.87127903,0.024540819,255,4,988,3988
8,0,25566.566,0.99820224,0.024540819,255,4,989,3989
8,0,25830.958,0.97190508,0.024540819,255,4,990,3990
8,0,26021.409,0.94244805,0.024540819,255,4,991,3991
8,0,26013.703,0.93983938,0.024540819,255,4,992,3992
8,0,25977.961,0.91120309,0.024540819,255,4,993,3993
8,0,25864.176,0.97597108,0.024540819,255,4,994,3994
8,0,25684.342,0.97295831,0.024540819,255,4,995,3995
8,0,25079.388,0.95224,0.024540819,255,4,996,3996
8,0,24597.018,0.9953619,0.024540819,255,4,997,3997
8,0,24745.146,0.87475988,0.024540819,255,4,998,3998
8,0,24877.233,0.97116567,0.024540819,255,4,999,3999
8,0,25020.015,0.92920389,0.024540819,255,4,1000,4000
