treedepth__,divergent__,energy__,accept_stat__,stepsize__,n_leapfrog__,.chain,.iteration,.draw
8,0,28885.799,0.99558038,0.016114335,255,1,1,1
8,0,28513.688,0.77201386,0.016114335,255,1,2,2
8,0,28306.739,0.98569134,0.016114335,255,1,3,3
8,0,28350.668,0.94664266,0.016114335,255,1,4,4
8,0,27780.645,0.83461663,0.016114335,255,1,5,5
8,0,27537.005,0.9344677,0.016114335,255,1,6,6
8,0,28141.113,0.97980814,0.016114335,255,1,7,7
8,0,27876.207,0.93979565,0.016114335,255,1,8,8
8,0,27601.625,0.98878541,0.016114335,255,1,9,9
8,0,27623.403,0.87731571,0.016114335,255,1,10,10
8,0,28237.312,0.99907825,0.016114335,255,1,11,11
8,0,27903.114,0.78731111,0.016114335,255,1,12,12
8,0,28217.237,0.98794358,0.016114335,255,1,13,13
8,0,28644.561,0.9909406,0.016114335,255,1,14,14
8,0,28912.515,0.93651142,0.016114335,255,1,15,15
8,0,28692.639,0.94125676,0.016114335,255,1,16,16
8,0,28703.661,0.95314836,0.016114335,255,1,17,17
8,0,28439.662,0.9571068,0.016114335,255,1,18,18
8,0,27937.227,0.98438698,0.016114335,255,1,19,19
8,0,28110.854,0.93555387,0.016114335,255,1,20,20
8,0,28480.637,0.95664939,0.016114335,255,1,21,21
8,0,28137.368,0.97588943,0.016114335,255,1,22,22
8,0,28243.846,0.94837916,0.016114335,255,1,23,23
8,0,27748.666,0.9086809,0.016114335,255,1,24,24
8,0,28003.358,0.92907021,0.016114335,255,1,25,25
8,0,28272.637,0.883005,0.016114335,255,1,26,26
8,0,28021.034,0.90888069,0.016114335,255,1,27,27
8,0,28324.073,0.9837498,0.016114335,255,1,28,28
8,0,28430.164,0.87772929,0.016114335,255,1,29,29
8,0,28658.529,0.98843103,0.016114335,255,1,30,30
8,0,29053.272,0.96334083,0.016114335,255,1,31,31
8,0,28714.756,0.99694236,0.016114335,255,1,32,32
8,0,28634.519,0.94200583,0.016114335,255,1,33,33
8,0,28593.552,0.9765049,0.016114335,255,1,34,34
8,0,28633.623,0.7977183,0.016114335,255,1,35,35
8,0,28644.36,0.87255142,0.016114335,255,1,36,36
8,0,28442.862,0.91432915,0.016114335,255,1,37,37
8,0,28800.116,0.88029714,0.016114335,255,1,38,38
8,0,28372.422,0.99660228,0.016114335,255,1,39,39
8,0,28642.392,0.92555368,0.016114335,255,1,40,40
8,0,28535.723,0.99165042,0.016114335,255,1,41,41
8,0,28682.493,0.97842768,0.016114335,255,1,42,42
8,0,28449.43,0.97629181,0.016114335,255,1,43,43
8,0,28575.041,0.9860521,0.016114335,255,1,44,44
8,0,28428.697,0.95488097,0.016114335,255,1,45,45
8,0,28780.759,0.95080244,0.016114335,255,1,46,46
8,0,28906.035,0.98549817,0.016114335,255,1,47,47
8,0,28808.673,0.99923922,0.016114335,255,1,48,48
8,0,28909.084,0.99361925,0.016114335,255,1,49,49
8,0,28901.658,0.96344044,0.016114335,255,1,50,50
8,0,29099.247,0.97669196,0.016114335,255,1,51,51
8,0,29657.02,0.99949318,0.016114335,255,1,52,52
8,0,28946.734,0.8585832,0.016114335,255,1,53,53
8,0,28997.382,0.89903754,0.016114335,255,1,54,54
8,0,28777.101,0.9078166,0.016114335,255,1,55,55
8,0,28632.268,0.94579196,0.016114335,255,1,56,56
8,0,28673.552,0.8805699,0.016114335,255,1,57,57
8,0,28599.233,0.99388849,0.016114335,255,1,58,58
8,0,28537.885,0.99398074,0.016114335,255,1,59,59
8,0,28318.575,0.98676031,0.016114335,255,1,60,60
8,0,28839.453,0.89230932,0.016114335,255,1,61,61
8,0,28802.368,0.95856827,0.016114335,255,1,62,62
8,0,29177.373,0.99786335,0.016114335,255,1,63,63
8,0,28447.605,0.96352911,0.016114335,255,1,64,64
8,0,28563.716,0.96024328,0.016114335,255,1,65,65
8,0,28471.544,0.99379918,0.016114335,255,1,66,66
8,0,28125.538,0.97521078,0.016114335,255,1,67,67
8,0,27838.707,0.90956303,0.016114335,255,1,68,68
8,0,27861.479,0.99978871,0.016114335,255,1,69,69
8,0,28559.175,0.99971281,0.016114335,255,1,70,70
8,0,28682.465,0.97271006,0.016114335,255,1,71,71
8,0,28668.67,0.97867558,0.016114335,255,1,72,72
8,0,28458.294,0.92985836,0.016114335,255,1,73,73
8,0,28890.472,0.78429237,0.016114335,255,1,74,74
8,0,28613.376,0.99995931,0.016114335,255,1,75,75
8,0,28799.085,0.96305887,0.016114335,255,1,76,76
8,0,28630.699,0.99621707,0.016114335,255,1,77,77
8,0,28973.496,0.99150408,0.016114335,255,1,78,78
8,0,28436.325,0.99153336,0.016114335,255,1,79,79
8,0,28245.568,0.88111863,0.016114335,255,1,80,80
8,0,28402.868,0.98997208,0.016114335,255,1,81,81
8,0,28473.854,0.91141198,0.016114335,255,1,82,82
8,0,28702.377,0.98824149,0.016114335,255,1,83,83
8,0,28618.691,0.93331005,0.016114335,255,1,84,84
8,0,28678.087,0.94023002,0.016114335,255,1,85,85
8,0,28582.475,0.98975565,0.016114335,255,1,86,86
8,0,28938.12,0.99316642,0.016114335,255,1,87,87
8,0,28914.169,0.97936737,0.016114335,255,1,88,88
8,0,28819.474,0.99121993,0.016114335,255,1,89,89
8,0,29116.941,0.9697232,0.016114335,255,1,90,90
8,0,28857.583,0.97956139,0.016114335,255,1,91,91
8,0,28387.316,0.99803041,0.016114335,255,1,92,92
8,0,28042.404,0.97282857,0.016114335,255,1,93,93
8,0,28277.495,0.99606338,0.016114335,255,1,94,94
8,0,28344.421,0.89612897,0.016114335,255,1,95,95
8,0,28169.197,0.94694353,0.016114335,255,1,96,96
8,0,28736.457,0.99960997,0.016114335,255,1,97,97
8,0,28829.116,0.96553602,0.016114335,255,1,98,98
8,0,28400.303,0.92702654,0.016114335,255,1,99,99
8,0,27837.771,0.99636062,0.016114335,255,1,100,100
8,0,28093.433,0.9056059,0.016114335,255,1,101,101
8,0,28504.669,0.93887425,0.016114335,255,1,102,102
8,0,28546.896,0.91133556,0.016114335,255,1,103,103
8,0,28575.283,0.97176265,0.016114335,255,1,104,104
8,0,28536.375,0.91089915,0.016114335,255,1,105,105
8,0,28197.259,0.97651077,0.016114335,255,1,106,106
8,0,28275.275,0.88933547,0.016114335,255,1,107,107
8,0,28512.514,0.89495213,0.016114335,255,1,108,108
8,0,28064.589,0.9724958,0.016114335,255,1,109,109
8,0,28069.939,0.9037779,0.016114335,255,1,110,110
8,0,27902.95,0.95007486,0.016114335,255,1,111,111
8,0,27788.033,0.96200697,0.016114335,255,1,112,112
8,0,27635.226,0.98687735,0.016114335,255,1,113,113
8,0,28161.707,0.97857465,0.016114335,255,1,114,114
8,0,28201.927,0.89544575,0.016114335,255,1,115,115
8,0,28484.758,0.99309935,0.016114335,255,1,116,116
8,0,28906.524,0.98994145,0.016114335,255,1,117,117
8,0,29105.018,0.87625945,0.016114335,255,1,118,118
8,0,29197.122,0.99205772,0.016114335,255,1,119,119
8,0,28793.411,0.92139829,0.016114335,255,1,120,120
8,0,28023.369,0.86652679,0.016114335,255,1,121,121
8,0,28153.609,0.88569849,0.016114335,255,1,122,122
8,0,28035.417,0.97646347,0.016114335,255,1,123,123
8,0,28798.23,0.9502735,0.016114335,255,1,124,124
8,0,28840.079,0.97966575,0.016114335,255,1,125,125
8,0,28665.59,0.99911096,0.016114335,255,1,126,126
8,0,28590.27,0.9256719,0.016114335,255,1,127,127
8,0,28436.836,0.84878846,0.016114335,255,1,128,128
8,0,28085.995,0.96971451,0.016114335,255,1,129,129
8,0,28164.493,0.90509827,0.016114335,255,1,130,130
8,0,28085.211,0.97693161,0.016114335,255,1,131,131
8,0,28323.37,0.99528293,0.016114335,255,1,132,132
8,0,28758.105,0.93533884,0.016114335,255,1,133,133
8,0,28711.379,0.96179384,0.016114335,255,1,134,134
8,0,28809.93,0.95073299,0.016114335,255,1,135,135
8,0,28165.159,0.99161085,0.016114335,255,1,136,136
8,0,28169.042,0.99577462,0.016114335,255,1,137,137
8,0,28120.649,0.96394203,0.016114335,255,1,138,138
8,0,28894.066,0.95623169,0.016114335,255,1,139,139
8,0,28950.016,0.87089278,0.016114335,255,1,140,140
8,0,29007.329,1,0.016114335,255,1,141,141
8,0,29115.416,0.86687635,0.016114335,255,1,142,142
8,0,28612.971,0.99888501,0.016114335,255,1,143,143
8,0,28186.524,0.955221,0.016114335,255,1,144,144
8,0,28250.759,0.97072477,0.016114335,255,1,145,145
8,0,28166.586,0.97244485,0.016114335,255,1,146,146
8,0,28191.827,0.98052892,0.016114335,255,1,147,147
8,0,28596.209,0.76791551,0.016114335,255,1,148,148
8,0,29142.296,0.99894552,0.016114335,255,1,149,149
8,0,28938.109,0.97263474,0.016114335,255,1,150,150
8,0,28959.887,0.93240433,0.016114335,255,1,151,151
8,0,28934.651,0.96962896,0.016114335,255,1,152,152
8,0,29310.934,0.9599164,0.016114335,255,1,153,153
8,0,28726.642,0.9990698,0.016114335,255,1,154,154
8,0,28451.17,0.99639322,0.016114335,255,1,155,155
8,0,28558.453,0.9370605,0.016114335,255,1,156,156
8,0,28430.039,0.99848336,0.016114335,255,1,157,157
8,0,28744.266,0.94185884,0.016114335,255,1,158,158
8,0,28744.15,0.8633907,0.016114335,255,1,159,159
8,0,28108.858,0.9505211,0.016114335,255,1,160,160
8,0,28249.921,0.96092608,0.016114335,255,1,161,161
8,0,28940.294,0.98378248,0.016114335,255,1,162,162
8,0,28436.529,0.9958714,0.016114335,255,1,163,163
8,0,28590.484,0.92579796,0.016114335,255,1,164,164
8,0,29060.012,0.97606531,0.016114335,255,1,165,165
8,0,28735.631,0.95095121,0.016114335,255,1,166,166
8,0,28830.693,0.98371729,0.016114335,255,1,167,167
8,0,28868.448,0.94291614,0.016114335,255,1,168,168
8,0,28411.859,0.99280496,0.016114335,255,1,169,169
8,0,28639.56,0.93948556,0.016114335,255,1,170,170
8,0,28711.356,0.99005569,0.016114335,255,1,171,171
8,0,28637.611,0.86159049,0.016114335,255,1,172,172
8,0,28598.007,0.97467121,0.016114335,255,1,173,173
8,0,28702.415,0.95801135,0.016114335,255,1,174,174
8,0,28622.022,0.99706004,0.016114335,255,1,175,175
8,0,28928.018,1,0.016114335,255,1,176,176
8,0,28243.296,0.97775599,0.016114335,255,1,177,177
8,0,28559.11,0.92860238,0.016114335,255,1,178,178
8,0,28168.6,0.9978863,0.016114335,255,1,179,179
8,0,28541.553,0.93382313,0.016114335,255,1,180,180
8,0,28485.267,0.97226701,0.016114335,255,1,181,181
8,0,28370.217,0.86451473,0.016114335,255,1,182,182
8,0,28413.883,0.91604581,0.016114335,255,1,183,183
8,0,28334.847,0.97351881,0.016114335,255,1,184,184
8,0,28526.111,0.95028858,0.016114335,255,1,185,185
8,0,28988.558,0.95955369,0.016114335,255,1,186,186
8,0,28764.839,0.99278176,0.016114335,255,1,187,187
8,0,28191.433,0.99774163,0.016114335,255,1,188,188
8,0,28581.721,0.95534667,0.016114335,255,1,189,189
8,0,29106.373,0.91810311,0.016114335,255,1,190,190
8,0,29184.874,0.7747855,0.016114335,255,1,191,191
8,0,28958.496,0.97131919,0.016114335,255,1,192,192
8,0,28884.656,0.99423673,0.016114335,255,1,193,193
8,0,28656.095,0.96446837,0.016114335,255,1,194,194
8,0,29150.423,0.94072817,0.016114335,255,1,195,195
8,0,29246.05,0.89527865,0.016114335,255,1,196,196
8,0,28693.929,0.95696415,0.016114335,255,1,197,197
8,0,28523.215,0.86931108,0.016114335,255,1,198,198
8,0,28325.61,0.95275026,0.016114335,255,1,199,199
8,0,28710.563,0.84812493,0.016114335,255,1,200,200
8,0,28920.975,0.9934262,0.016114335,255,1,201,201
8,0,28973.145,0.99148078,0.016114335,255,1,202,202
8,0,29365.309,0.91785197,0.016114335,255,1,203,203
8,0,29164.057,0.99682126,0.016114335,255,1,204,204
8,0,28889.353,0.99087376,0.016114335,255,1,205,205
8,0,28720.757,0.97063158,0.016114335,255,1,206,206
8,0,28766.931,0.99926519,0.016114335,255,1,207,207
8,0,29011.127,0.92290361,0.016114335,255,1,208,208
8,0,28576.171,0.99781224,0.016114335,255,1,209,209
8,0,28510.385,0.99054193,0.016114335,255,1,210,210
8,0,28177.933,0.94142467,0.016114335,255,1,211,211
8,0,28286.342,0.79512883,0.016114335,255,1,212,212
8,0,28257.863,0.94874045,0.016114335,255,1,213,213
8,0,28152.122,0.98647736,0.016114335,255,1,214,214
8,0,28152.641,0.95865799,0.016114335,255,1,215,215
8,0,28225.554,0.91902736,0.016114335,255,1,216,216
8,0,28650.991,0.97744242,0.016114335,255,1,217,217
8,0,28737.596,0.99681984,0.016114335,255,1,218,218
8,0,28529.883,0.91298249,0.016114335,255,1,219,219
8,0,28436.369,0.94849614,0.016114335,255,1,220,220
8,0,28760.726,0.94953788,0.016114335,255,1,221,221
8,0,28719.542,0.94435895,0.016114335,255,1,222,222
8,0,28974.134,0.99399863,0.016114335,255,1,223,223
8,0,28747.776,0.98443678,0.016114335,255,1,224,224
8,0,28749.976,0.97835504,0.016114335,255,1,225,225
8,0,28625.847,0.98784048,0.016114335,255,1,226,226
8,0,28309.05,0.95694465,0.016114335,255,1,227,227
8,0,28070.203,0.99511247,0.016114335,255,1,228,228
8,0,28379.448,0.92549512,0.016114335,255,1,229,229
8,0,28184.53,0.91386598,0.016114335,255,1,230,230
8,0,28243.315,0.97439693,0.016114335,255,1,231,231
8,0,27987.464,0.9346797,0.016114335,255,1,232,232
8,0,28480.477,0.94859866,0.016114335,255,1,233,233
8,0,28601.218,0.89309358,0.016114335,255,1,234,234
8,0,28615.095,0.99428036,0.016114335,255,1,235,235
8,0,28312.434,0.97429975,0.016114335,255,1,236,236
8,0,28341.414,0.9928543,0.016114335,255,1,237,237
8,0,28930.372,0.96718199,0.016114335,255,1,238,238
8,0,28943.67,0.98914921,0.016114335,255,1,239,239
8,0,28764.898,0.86415629,0.016114335,255,1,240,240
8,0,28411.736,0.96783554,0.016114335,255,1,241,241
8,0,28567.417,0.9325637,0.016114335,255,1,242,242
8,0,28869.635,0.98154596,0.016114335,255,1,243,243
8,0,28580.378,0.96760593,0.016114335,255,1,244,244
8,0,28613.027,0.99877513,0.016114335,255,1,245,245
8,0,28052.19,0.92133108,0.016114335,255,1,246,246
8,0,27849.56,0.90893267,0.016114335,255,1,247,247
8,0,28176.838,0.99733853,0.016114335,255,1,248,248
8,0,28608.716,0.9679589,0.016114335,255,1,249,249
8,0,28643.757,0.93919245,0.016114335,255,1,250,250
8,0,29013.756,0.96942309,0.016114335,255,1,251,251
8,0,29035.282,0.99479315,0.016114335,255,1,252,252
8,0,28614.942,0.986295,0.016114335,255,1,253,253
8,0,28365.929,0.87173278,0.016114335,255,1,254,254
8,0,28527.658,0.96308831,0.016114335,255,1,255,255
8,0,28612.317,0.99092979,0.016114335,255,1,256,256
8,0,28574.74,0.97334216,0.016114335,255,1,257,257
8,0,28351.304,0.91101766,0.016114335,255,1,258,258
8,0,28572.073,0.99962096,0.016114335,255,1,259,259
8,0,28856.02,0.97998455,0.016114335,255,1,260,260
8,0,28992.312,0.97682363,0.016114335,255,1,261,261
8,0,29129.652,0.92071388,0.016114335,255,1,262,262
8,0,29118.357,0.99995967,0.016114335,255,1,263,263
8,0,29136.066,0.878268,0.016114335,255,1,264,264
8,0,28841.417,0.96792768,0.016114335,255,1,265,265
8,0,28711.765,0.92991446,0.016114335,255,1,266,266
8,0,28301.312,0.99349625,0.016114335,255,1,267,267
8,0,27852.098,0.80368172,0.016114335,255,1,268,268
8,0,27608.341,0.98987222,0.016114335,255,1,269,269
8,0,27936.887,0.97065883,0.016114335,255,1,270,270
8,0,27987.362,0.94424679,0.016114335,255,1,271,271
8,0,28175.086,0.92765671,0.016114335,255,1,272,272
8,0,28257.708,0.98478402,0.016114335,255,1,273,273
8,0,28579.771,0.97905496,0.016114335,255,1,274,274
8,0,29068.837,0.90727524,0.016114335,255,1,275,275
8,0,28318.945,0.98927214,0.016114335,255,1,276,276
8,0,28159.454,0.98569093,0.016114335,255,1,277,277
8,0,28804.567,0.96833147,0.016114335,255,1,278,278
8,0,28904.069,0.86136252,0.016114335,255,1,279,279
8,0,28552.436,0.98303688,0.016114335,255,1,280,280
8,0,28930.836,0.93366068,0.016114335,255,1,281,281
8,0,28874.452,0.96784019,0.016114335,255,1,282,282
8,0,28430.807,0.84380869,0.016114335,255,1,283,283
8,0,27981.348,0.84818387,0.016114335,255,1,284,284
8,0,27999.61,0.99321078,0.016114335,255,1,285,285
8,0,27854.576,0.99256822,0.016114335,255,1,286,286
8,0,27671.462,0.92680811,0.016114335,255,1,287,287
8,0,27955.116,0.97881254,0.016114335,255,1,288,288
8,0,27971.435,0.9096255,0.016114335,255,1,289,289
8,0,28267.041,0.90906007,0.016114335,255,1,290,290
8,0,28828.281,0.96710311,0.016114335,255,1,291,291
8,0,28397.303,0.99996566,0.016114335,255,1,292,292
8,0,28243.559,0.98207805,0.016114335,255,1,293,293
8,0,28751.963,0.97196063,0.016114335,255,1,294,294
8,0,28472.196,0.99630123,0.016114335,255,1,295,295
8,0,28607.46,0.94583263,0.016114335,255,1,296,296
8,0,28938.54,0.99329399,0.016114335,255,1,297,297
8,0,28959.729,0.98675063,0.016114335,255,1,298,298
8,0,28636.707,0.91289245,0.016114335,255,1,299,299
8,0,28457.285,0.9127866,0.016114335,255,1,300,300
8,0,28593.648,0.95158166,0.016114335,255,1,301,301
8,0,29211.879,0.90766478,0.016114335,255,1,302,302
8,0,29200.136,0.99686261,0.016114335,255,1,303,303
8,0,28751.776,0.90958233,0.016114335,255,1,304,304
8,0,28949.959,0.96448867,0.016114335,255,1,305,305
8,0,29100.748,0.80584416,0.016114335,255,1,306,306
8,0,28866.767,0.99707352,0.016114335,255,1,307,307
8,0,28886.592,0.94651515,0.016114335,255,1,308,308
8,0,28786.508,0.99751137,0.016114335,255,1,309,309
8,0,29121.251,0.92138383,0.016114335,255,1,310,310
8,0,28629.029,0.92079769,0.016114335,255,1,311,311
8,0,28602.681,0.9997765,0.016114335,255,1,312,312
8,0,28363.09,0.99360682,0.016114335,255,1,313,313
8,0,28488.635,0.9534487,0.016114335,255,1,314,314
8,0,28710.903,0.810506,0.016114335,255,1,315,315
8,0,28581.311,0.96045602,0.016114335,255,1,316,316
8,0,28434.437,0.95277823,0.016114335,255,1,317,317
8,0,28168.374,0.90964215,0.016114335,255,1,318,318
8,0,28108.22,0.95929315,0.016114335,255,1,319,319
8,0,28437.059,0.97029444,0.016114335,255,1,320,320
8,0,28308.73,0.98391736,0.016114335,255,1,321,321
8,0,28610.934,0.89339881,0.016114335,255,1,322,322
8,0,28860.902,0.9406219,0.016114335,255,1,323,323
8,0,28735.825,0.99778029,0.016114335,255,1,324,324
8,0,28569.996,0.87053609,0.016114335,255,1,325,325
8,0,27895.067,0.98283102,0.016114335,255,1,326,326
8,0,28891.687,0.96914679,0.016114335,255,1,327,327
8,0,29298.586,0.95805529,0.016114335,255,1,328,328
8,0,29386.292,0.90602984,0.016114335,255,1,329,329
8,0,29369.174,0.90384846,0.016114335,255,1,330,330
8,0,29411.826,0.87851283,0.016114335,255,1,331,331
8,0,28927.023,0.89187255,0.016114335,255,1,332,332
8,0,28706.257,0.9962486,0.016114335,255,1,333,333
8,0,28971.808,0.99734988,0.016114335,255,1,334,334
8,0,28737.505,0.98459198,0.016114335,255,1,335,335
8,0,28549.413,0.90790488,0.016114335,255,1,336,336
8,0,28210.382,0.99336301,0.016114335,255,1,337,337
8,0,28268.667,0.95276876,0.016114335,255,1,338,338
8,0,28230.573,0.99873794,0.016114335,255,1,339,339
8,0,28261.695,0.88031654,0.016114335,255,1,340,340
8,0,28446.809,0.86536139,0.016114335,255,1,341,341
8,0,28685.661,0.99595442,0.016114335,255,1,342,342
8,0,28919.814,0.92170983,0.016114335,255,1,343,343
8,0,28698.599,0.93436841,0.016114335,255,1,344,344
8,0,28051.296,0.99746643,0.016114335,255,1,345,345
8,0,28157.767,0.93544431,0.016114335,255,1,346,346
8,0,27603.151,0.98966835,0.016114335,255,1,347,347
8,0,27704.739,0.8810417,0.016114335,255,1,348,348
8,0,27951.848,0.95558478,0.016114335,255,1,349,349
8,0,28438.503,0.95080801,0.016114335,255,1,350,350
8,0,28186.581,0.96645995,0.016114335,255,1,351,351
8,0,28113.391,0.94430953,0.016114335,255,1,352,352
8,0,28370.743,0.90147123,0.016114335,255,1,353,353
8,0,28978.974,0.92939542,0.016114335,255,1,354,354
8,0,29002.747,0.8378397,0.016114335,255,1,355,355
8,0,28763.136,0.99627891,0.016114335,255,1,356,356
8,0,28458.816,0.96440357,0.016114335,255,1,357,357
8,0,28366.098,0.85690978,0.016114335,255,1,358,358
8,0,28898.143,0.98634423,0.016114335,255,1,359,359
8,0,29072.816,0.86310304,0.016114335,255,1,360,360
8,0,29012.461,0.93208979,0.016114335,255,1,361,361
8,0,28878.74,0.99712672,0.016114335,255,1,362,362
8,0,28320.157,0.97576451,0.016114335,255,1,363,363
8,0,28062.082,0.99489084,0.016114335,255,1,364,364
8,0,28251.221,0.88062341,0.016114335,255,1,365,365
8,0,28011.522,0.96054406,0.016114335,255,1,366,366
8,0,27916.466,0.99471378,0.016114335,255,1,367,367
8,0,27823.555,0.96728046,0.016114335,255,1,368,368
8,0,28386.721,0.93188598,0.016114335,255,1,369,369
8,0,28725.542,0.95940735,0.016114335,255,1,370,370
8,0,28608.481,0.95469345,0.016114335,255,1,371,371
8,0,29024.368,0.98938079,0.016114335,255,1,372,372
8,0,28402.845,0.9957249,0.016114335,255,1,373,373
8,0,28586.17,0.92350874,0.016114335,255,1,374,374
8,0,28177.749,0.99992327,0.016114335,255,1,375,375
8,0,28488.802,0.99921431,0.016114335,255,1,376,376
8,0,28762.235,0.93150522,0.016114335,255,1,377,377
8,0,28508.1,0.96046262,0.016114335,255,1,378,378
8,0,28562.387,0.96413166,0.016114335,255,1,379,379
8,0,28090.358,0.97800503,0.016114335,255,1,380,380
8,0,28113.281,0.9764429,0.016114335,255,1,381,381
8,0,27622.828,0.99462163,0.016114335,255,1,382,382
8,0,27800.584,0.94680855,0.016114335,255,1,383,383
8,0,27789.235,0.96583189,0.016114335,255,1,384,384
8,0,28072.021,0.98436184,0.016114335,255,1,385,385
8,0,28244.735,0.99035668,0.016114335,255,1,386,386
8,0,28278.883,0.9512536,0.016114335,255,1,387,387
8,0,27872.999,0.97688584,0.016114335,255,1,388,388
8,0,28160.598,0.97825414,0.016114335,255,1,389,389
8,0,28451.469,0.92467235,0.016114335,255,1,390,390
8,0,28577.168,0.91669601,0.016114335,255,1,391,391
8,0,28902.994,0.96915962,0.016114335,255,1,392,392
8,0,28906.919,0.94311068,0.016114335,255,1,393,393
8,0,28630.317,0.80053718,0.016114335,255,1,394,394
8,0,28477.022,0.99775637,0.016114335,255,1,395,395
8,0,28549.706,0.98707285,0.016114335,255,1,396,396
8,0,28401.98,0.9854873,0.016114335,255,1,397,397
8,0,28334.842,0.89904272,0.016114335,255,1,398,398
8,0,28769.594,0.96684406,0.016114335,255,1,399,399
8,0,28241.688,0.99777429,0.016114335,255,1,400,400
8,0,28256.547,0.89459135,0.016114335,255,1,401,401
8,0,28560.679,0.94553506,0.016114335,255,1,402,402
8,0,28507.199,0.87857099,0.016114335,255,1,403,403
8,0,28492.12,0.94274796,0.016114335,255,1,404,404
8,0,28416.376,0.9991185,0.016114335,255,1,405,405
8,0,28408.049,0.84454887,0.016114335,255,1,406,406
8,0,28454.071,0.98287225,0.016114335,255,1,407,407
8,0,28523.709,0.89191394,0.016114335,255,1,408,408
8,0,28681.459,0.96376041,0.016114335,255,1,409,409
8,0,29146.47,0.96602312,0.016114335,255,1,410,410
8,0,28781.809,0.9500658,0.016114335,255,1,411,411
8,0,28778.913,0.88774732,0.016114335,255,1,412,412
8,0,29135.058,0.99469778,0.016114335,255,1,413,413
8,0,28647.293,0.99737012,0.016114335,255,1,414,414
8,0,28822.011,0.98762909,0.016114335,255,1,415,415
8,0,28559.611,0.99306069,0.016114335,255,1,416,416
8,0,28442.564,0.99597603,0.016114335,255,1,417,417
8,0,28126.888,0.89250319,0.016114335,255,1,418,418
8,0,28050.996,0.88917968,0.016114335,255,1,419,419
8,0,27971.967,0.99006115,0.016114335,255,1,420,420
8,0,27889.04,0.96923826,0.016114335,255,1,421,421
8,0,28064.775,0.87394515,0.016114335,255,1,422,422
8,0,28466.255,0.99957216,0.016114335,255,1,423,423
8,0,28699.257,0.97182984,0.016114335,255,1,424,424
8,0,28252.834,0.97683638,0.016114335,255,1,425,425
8,0,28866.38,0.89883767,0.016114335,255,1,426,426
8,0,28216.443,0.97452311,0.016114335,255,1,427,427
8,0,28809.924,0.99526996,0.016114335,255,1,428,428
8,0,28652.607,0.97680813,0.016114335,255,1,429,429
8,0,27923.571,0.96349282,0.016114335,255,1,430,430
8,0,27591.633,0.95805977,0.016114335,255,1,431,431
8,0,27428.424,0.99632051,0.016114335,255,1,432,432
8,0,28028.964,0.98113665,0.016114335,255,1,433,433
8,0,28398.733,0.98508234,0.016114335,255,1,434,434
8,0,27945.753,0.99210182,0.016114335,255,1,435,435
8,0,27740.199,0.98158559,0.016114335,255,1,436,436
8,0,27956.258,0.97035393,0.016114335,255,1,437,437
8,0,27746.999,0.85612514,0.016114335,255,1,438,438
8,0,28114.566,0.99565594,0.016114335,255,1,439,439
8,0,28066.091,0.97228816,0.016114335,255,1,440,440
8,0,28041.509,0.98799125,0.016114335,255,1,441,441
8,0,28880.278,0.7917667,0.016114335,255,1,442,442
8,0,28397.022,0.97644268,0.016114335,255,1,443,443
8,0,28055.166,0.97460751,0.016114335,255,1,444,444
8,0,28236.819,0.94607404,0.016114335,255,1,445,445
8,0,28505.259,0.99776904,0.016114335,255,1,446,446
8,0,29146.03,0.96782934,0.016114335,255,1,447,447
8,0,28855.386,0.99450469,0.016114335,255,1,448,448
8,0,28837.441,0.98266669,0.016114335,255,1,449,449
8,0,28942.317,0.96984035,0.016114335,255,1,450,450
8,0,28810.738,0.90938835,0.016114335,255,1,451,451
8,0,28382.86,0.95514866,0.016114335,255,1,452,452
8,0,28734.902,0.97226421,0.016114335,255,1,453,453
8,0,28729.764,0.98613999,0.016114335,255,1,454,454
8,0,28778.447,0.98207386,0.016114335,255,1,455,455
8,0,28584.874,0.90459739,0.016114335,255,1,456,456
8,0,28821.552,0.99381509,0.016114335,255,1,457,457
8,0,28634.753,0.92984031,0.016114335,255,1,458,458
8,0,28677.868,0.96368458,0.016114335,255,1,459,459
8,0,28945.348,0.97168243,0.016114335,255,1,460,460
8,0,28334.74,0.99332436,0.016114335,255,1,461,461
8,0,27799.036,0.91208138,0.016114335,255,1,462,462
8,0,28117.215,0.84043499,0.016114335,255,1,463,463
8,0,28145.681,0.96908375,0.016114335,255,1,464,464
8,0,28069.377,0.91214072,0.016114335,255,1,465,465
8,0,27812.425,0.95277173,0.016114335,255,1,466,466
8,0,27532.043,0.9919095,0.016114335,255,1,467,467
8,0,27874.046,0.97764026,0.016114335,255,1,468,468
8,0,28784.393,0.91424105,0.016114335,255,1,469,469
8,0,28990.651,0.99782745,0.016114335,255,1,470,470
8,0,28883.008,0.87164425,0.016114335,255,1,471,471
8,0,28390.048,0.93230629,0.016114335,255,1,472,472
8,0,28373.376,0.99832075,0.016114335,255,1,473,473
8,0,28170.934,0.99788128,0.016114335,255,1,474,474
8,0,28769.584,0.96839719,0.016114335,255,1,475,475
8,0,27954.058,0.96622229,0.016114335,255,1,476,476
8,0,28264.332,0.95024399,0.016114335,255,1,477,477
8,0,28109.743,0.98632328,0.016114335,255,1,478,478
8,0,28049.812,0.97193087,0.016114335,255,1,479,479
8,0,28082.718,0.9682707,0.016114335,255,1,480,480
8,0,28021.709,0.96806333,0.016114335,255,1,481,481
8,0,27955.37,0.84291301,0.016114335,255,1,482,482
8,0,28019.529,0.99647782,0.016114335,255,1,483,483
8,0,28437.327,0.98120325,0.016114335,255,1,484,484
8,0,28158.328,0.92973369,0.016114335,255,1,485,485
8,0,28385.358,0.97374308,0.016114335,255,1,486,486
8,0,28399.51,0.89431609,0.016114335,255,1,487,487
8,0,28126.219,0.9490533,0.016114335,255,1,488,488
8,0,28078.07,0.99778749,0.016114335,255,1,489,489
8,0,28518.674,1,0.016114335,255,1,490,490
8,0,28742.173,0.85809793,0.016114335,255,1,491,491
8,0,28232.316,0.9654261,0.016114335,255,1,492,492
8,0,28299.766,0.93334632,0.016114335,255,1,493,493
8,0,28439.209,0.94056253,0.016114335,255,1,494,494
8,0,28360.308,0.985883,0.016114335,255,1,495,495
8,0,28663.728,0.99916686,0.016114335,255,1,496,496
8,0,28693.387,0.99825605,0.016114335,255,1,497,497
8,0,29076.087,0.99052686,0.016114335,255,1,498,498
8,0,29140.967,0.91288661,0.016114335,255,1,499,499
8,0,29263.283,0.93573176,0.016114335,255,1,500,500
8,0,28964.886,0.98580363,0.016114335,255,1,501,501
8,0,28769.447,0.99423122,0.016114335,255,1,502,502
8,0,28556.114,0.98338256,0.016114335,255,1,503,503
8,0,28432.827,0.96863697,0.016114335,255,1,504,504
8,0,28388.922,0.83988635,0.016114335,255,1,505,505
8,0,28335.53,0.98857946,0.016114335,255,1,506,506
8,0,28806.193,0.95646176,0.016114335,255,1,507,507
8,0,28821.142,0.90899632,0.016114335,255,1,508,508
8,0,28613.447,0.99667499,0.016114335,255,1,509,509
8,0,29012.801,0.98307825,0.016114335,255,1,510,510
8,0,28902.051,0.99835446,0.016114335,255,1,511,511
8,0,28800.628,0.92303272,0.016114335,255,1,512,512
8,0,28520.851,0.8411206,0.016114335,255,1,513,513
8,0,28708.018,0.96312523,0.016114335,255,1,514,514
8,0,28806.975,0.9913393,0.016114335,255,1,515,515
8,0,28725.714,0.9895119,0.016114335,255,1,516,516
8,0,28692.047,0.85445261,0.016114335,255,1,517,517
8,0,28863.03,0.9898717,0.016114335,255,1,518,518
8,0,28636.744,0.99075322,0.016114335,255,1,519,519
8,0,28576.13,0.97030781,0.016114335,255,1,520,520
8,0,28655.477,0.96271984,0.016114335,255,1,521,521
8,0,28888.964,0.90142885,0.016114335,255,1,522,522
8,0,28646.106,0.99965749,0.016114335,255,1,523,523
8,0,28602.036,0.91633679,0.016114335,255,1,524,524
8,0,28696.094,0.85380777,0.016114335,255,1,525,525
8,0,28755.189,0.96909969,0.016114335,255,1,526,526
8,0,28827.687,0.9917421,0.016114335,255,1,527,527
8,0,28417.067,0.95568188,0.016114335,255,1,528,528
8,0,28863.017,0.97911768,0.016114335,255,1,529,529
8,0,28555.028,0.98754295,0.016114335,255,1,530,530
8,0,28250.676,0.95950587,0.016114335,255,1,531,531
8,0,28320.782,0.87783025,0.016114335,255,1,532,532
8,0,27957.633,0.85159018,0.016114335,255,1,533,533
8,0,27856.707,0.92617038,0.016114335,255,1,534,534
8,0,27742.21,0.92895813,0.016114335,255,1,535,535
8,0,27630.36,0.84762672,0.016114335,255,1,536,536
8,0,28012.832,0.94675593,0.016114335,255,1,537,537
8,0,28347.403,0.92390754,0.016114335,255,1,538,538
8,0,28227.864,0.93287993,0.016114335,255,1,539,539
8,0,28090.542,0.93232097,0.016114335,255,1,540,540
8,0,28123.053,0.90812257,0.016114335,255,1,541,541
8,0,28397.248,0.99707899,0.016114335,255,1,542,542
8,0,28118.076,0.98233273,0.016114335,255,1,543,543
8,0,28214.766,0.98593745,0.016114335,255,1,544,544
8,0,28035.542,0.91686419,0.016114335,255,1,545,545
8,0,27678.667,0.96111206,0.016114335,255,1,546,546
8,0,27632.983,0.89748675,0.016114335,255,1,547,547
8,0,28142.31,0.85542662,0.016114335,255,1,548,548
8,0,28299.06,0.89106144,0.016114335,255,1,549,549
8,0,28279.42,0.94624134,0.016114335,255,1,550,550
8,0,28569.179,0.97975921,0.016114335,255,1,551,551
8,0,28759.003,0.99218849,0.016114335,255,1,552,552
8,0,28918.73,0.86031332,0.016114335,255,1,553,553
8,0,28815.312,0.99958099,0.016114335,255,1,554,554
8,0,28797.958,0.99774628,0.016114335,255,1,555,555
8,0,28612.266,0.93590208,0.016114335,255,1,556,556
8,0,28309.594,0.96591037,0.016114335,255,1,557,557
8,0,28495.601,0.96740701,0.016114335,255,1,558,558
8,0,28679.496,0.93765107,0.016114335,255,1,559,559
8,0,28867.741,0.96420298,0.016114335,255,1,560,560
8,0,29000.61,0.98308896,0.016114335,255,1,561,561
8,0,28897.7,0.97658923,0.016114335,255,1,562,562
8,0,28798.865,0.97304586,0.016114335,255,1,563,563
8,0,29220.474,0.91640705,0.016114335,255,1,564,564
8,0,29215.347,0.97407516,0.016114335,255,1,565,565
8,0,28982.569,0.99356933,0.016114335,255,1,566,566
8,0,28842.925,0.97166438,0.016114335,255,1,567,567
8,0,28943.033,0.91335389,0.016114335,255,1,568,568
8,0,28718.21,0.93104272,0.016114335,255,1,569,569
8,0,28490.545,0.90298227,0.016114335,255,1,570,570
8,0,28842.54,0.94152699,0.016114335,255,1,571,571
8,0,28541.067,0.92225503,0.016114335,255,1,572,572
8,0,28149.874,0.99483178,0.016114335,255,1,573,573
8,0,28119.336,0.87243705,0.016114335,255,1,574,574
8,0,28044.108,0.90400927,0.016114335,255,1,575,575
8,0,28283.891,0.93679222,0.016114335,255,1,576,576
8,0,28175.173,0.99538361,0.016114335,255,1,577,577
8,0,27961.174,0.98641315,0.016114335,255,1,578,578
8,0,28421.97,0.96361984999999994,0.016114335,255,1,579,579
8,0,28427.404,0.97435307,0.016114335,255,1,580,580
8,0,28604.187,0.93581657,0.016114335,255,1,581,581
8,0,29235.457,0.99354031,0.016114335,255,1,582,582
8,0,28814.506,0.99029952,0.016114335,255,1,583,583
8,0,28521.404,0.99927072,0.016114335,255,1,584,584
8,0,28616.126,0.96423156,0.016114335,255,1,585,585
8,0,28772.797,0.98677076,0.016114335,255,1,586,586
8,0,28597.355,0.9130093,0.016114335,255,1,587,587
8,0,28069.411,0.95009318,0.016114335,255,1,588,588
8,0,28584.439,0.93218391,0.016114335,255,1,589,589
8,0,28704.706,0.93739583,0.016114335,255,1,590,590
8,0,28987.387,0.95775003,0.016114335,255,1,591,591
8,0,28784.669,0.97012482,0.016114335,255,1,592,592
8,0,28670.691,0.92332568,0.016114335,255,1,593,593
8,0,28309.826,0.95918572,0.016114335,255,1,594,594
8,0,28559.558,0.96972039,0.016114335,255,1,595,595
8,0,28082.822,0.88051678,0.016114335,255,1,596,596
8,0,28155.354,0.94454841,0.016114335,255,1,597,597
8,0,28697.243,0.94312999,0.016114335,255,1,598,598
8,0,28851.444,0.87661098,0.016114335,255,1,599,599
8,0,28597.687,0.93480562,0.016114335,255,1,600,600
8,0,28490.7,0.958737,0.016114335,255,1,601,601
8,0,28015.303,0.9919614,0.016114335,255,1,602,602
8,0,28482.221,0.9552725,0.016114335,255,1,603,603
8,0,28685.402,0.99277981,0.016114335,255,1,604,604
8,0,28898.702,0.97796517,0.016114335,255,1,605,605
8,0,28908.254,0.99303754,0.016114335,255,1,606,606
8,0,28626.076,0.98693997,0.016114335,255,1,607,607
8,0,28539.091,0.92335816,0.016114335,255,1,608,608
8,0,28885.274,0.91344925,0.016114335,255,1,609,609
8,0,28866.317,0.99450735,0.016114335,255,1,610,610
8,0,28280.521,0.93017934,0.016114335,255,1,611,611
8,0,28141.145,0.98316257,0.016114335,255,1,612,612
8,0,28640.137,0.97098087,0.016114335,255,1,613,613
8,0,29048.795,0.99961023,0.016114335,255,1,614,614
8,0,28515.362,0.99388046,0.016114335,255,1,615,615
8,0,28414.832,0.91211539,0.016114335,255,1,616,616
8,0,28562.64,0.94028966,0.016114335,255,1,617,617
8,0,28764.787,0.98124361,0.016114335,255,1,618,618
8,0,28593.791,0.99491472,0.016114335,255,1,619,619
8,0,29193.56,0.98497537,0.016114335,255,1,620,620
8,0,28711.182,0.8964215,0.016114335,255,1,621,621
8,0,28578.961,0.94642832,0.016114335,255,1,622,622
8,0,29227.646,0.94600154,0.016114335,255,1,623,623
8,0,28957.662,0.99791676,0.016114335,255,1,624,624
8,0,28569.761,0.9935506,0.016114335,255,1,625,625
8,0,28192.135,0.99996813,0.016114335,255,1,626,626
8,0,28694.319,0.90705296,0.016114335,255,1,627,627
8,0,28950.842,0.92661724,0.016114335,255,1,628,628
8,0,28972.427,0.95083436,0.016114335,255,1,629,629
8,0,28722.957,0.99896175,0.016114335,255,1,630,630
8,0,28225.185,0.95613314,0.016114335,255,1,631,631
8,0,28306.478,0.8315585,0.016114335,255,1,632,632
8,0,28261.017,0.94527144,0.016114335,255,1,633,633
8,0,28134.991,0.9966349,0.016114335,255,1,634,634
8,0,28504.907,0.93703557,0.016114335,255,1,635,635
8,0,28842.777,0.99593689,0.016114335,255,1,636,636
8,0,29493.287,0.96502357,0.016114335,255,1,637,637
8,0,29349.921,0.9670492,0.016114335,255,1,638,638
8,0,28479.076,0.94903252,0.016114335,255,1,639,639
8,0,28662.624,0.98235967,0.016114335,255,1,640,640
8,0,28753.165,0.96797338,0.016114335,255,1,641,641
8,0,28360.104,0.97462884,0.016114335,255,1,642,642
8,0,28235.41,0.97725926,0.016114335,255,1,643,643
8,0,28542.739,0.98782896,0.016114335,255,1,644,644
8,0,29187.923,0.88398832,0.016114335,255,1,645,645
8,0,28883.74,0.93298358,0.016114335,255,1,646,646
8,0,28433.82,0.87033862,0.016114335,255,1,647,647
8,0,27998.815,0.99955663,0.016114335,255,1,648,648
8,0,27794.783,0.94168529,0.016114335,255,1,649,649
8,0,27634.31,0.99341369,0.016114335,255,1,650,650
8,0,28040.541,0.99856143,0.016114335,255,1,651,651
8,0,27968.899,1,0.016114335,255,1,652,652
8,0,28516.941,0.92894488,0.016114335,255,1,653,653
8,0,28205.903,0.99785435,0.016114335,255,1,654,654
8,0,28279.166,0.9988723,0.016114335,255,1,655,655
8,0,28696.706,0.93212278,0.016114335,255,1,656,656
8,0,28759.06,0.92690359,0.016114335,255,1,657,657
8,0,29040.891,0.98970628,0.016114335,255,1,658,658
8,0,29094.915,0.98918746,0.016114335,255,1,659,659
8,0,28946.32,0.96199882,0.016114335,255,1,660,660
8,0,28747.061,0.94059986,0.016114335,255,1,661,661
8,0,29114.427,0.9071099,0.016114335,255,1,662,662
8,0,28820.527,0.99443987,0.016114335,255,1,663,663
8,0,28750.015,0.9809933,0.016114335,255,1,664,664
8,0,28123.813,0.93381873,0.016114335,255,1,665,665
8,0,28128.89,0.95841387,0.016114335,255,1,666,666
8,0,28348.4,0.86056649,0.016114335,255,1,667,667
8,0,28898.613,0.90537923,0.016114335,255,1,668,668
8,0,28666.701,0.96639208,0.016114335,255,1,669,669
8,0,28246.516,0.99042049,0.016114335,255,1,670,670
8,0,28820.565,0.93309644,0.016114335,255,1,671,671
8,0,28705.649,0.93246536,0.016114335,255,1,672,672
8,0,28657.613,0.98888803,0.016114335,255,1,673,673
8,0,28292.366,0.91454941,0.016114335,255,1,674,674
8,0,28252.672,0.99888252,0.016114335,255,1,675,675
8,0,28743.675,0.97482006,0.016114335,255,1,676,676
8,0,28536.82,0.91447586,0.016114335,255,1,677,677
8,0,28157.214,0.9530599,0.016114335,255,1,678,678
8,0,28003.026,0.99572175,0.016114335,255,1,679,679
8,0,28340.969,0.88421264,0.016114335,255,1,680,680
8,0,28665.747,0.74237987,0.016114335,255,1,681,681
8,0,28519.685,0.94309131,0.016114335,255,1,682,682
8,0,28617.228,0.95612409,0.016114335,255,1,683,683
8,0,28127,0.99846422,0.016114335,255,1,684,684
8,0,28199.962,0.94139111,0.016114335,255,1,685,685
8,0,29101.627,0.92751913,0.016114335,255,1,686,686
8,0,28881.737,0.90541306,0.016114335,255,1,687,687
8,0,29108.481,0.94223743,0.016114335,255,1,688,688
8,0,29330.689,0.9633085,0.016114335,255,1,689,689
8,0,29394.822,0.89896622,0.016114335,255,1,690,690
8,0,29048.373,0.96543968,0.016114335,255,1,691,691
8,0,29064.771,0.99852369,0.016114335,255,1,692,692
8,0,28881.434,0.9080901,0.016114335,255,1,693,693
8,0,28591.614,0.98077687,0.016114335,255,1,694,694
8,0,28854.209,0.99641208,0.016114335,255,1,695,695
8,0,28632.15,0.90532115,0.016114335,255,1,696,696
8,0,28237.852,0.93528659,0.016114335,255,1,697,697
8,0,28332.909,0.94858183,0.016114335,255,1,698,698
8,0,28367.863,0.93554102,0.016114335,255,1,699,699
8,0,28897.556,0.98786859,0.016114335,255,1,700,700
8,0,28968.172,0.89433257,0.016114335,255,1,701,701
8,0,28875.942,0.99506884,0.016114335,255,1,702,702
8,0,28722.518,0.98986617,0.016114335,255,1,703,703
8,0,28578.32,0.84852998,0.016114335,255,1,704,704
8,0,28372.033,0.99681592,0.016114335,255,1,705,705
8,0,28224.788,0.98015077,0.016114335,255,1,706,706
8,0,28379.991,0.97025306,0.016114335,255,1,707,707
8,0,29071.212,0.88660439,0.016114335,255,1,708,708
8,0,28945.544,0.99047817,0.016114335,255,1,709,709
8,0,28380.943,0.87821745,0.016114335,255,1,710,710
8,0,28269.138,0.91797988,0.016114335,255,1,711,711
8,0,28164.15,0.94350489,0.016114335,255,1,712,712
8,0,28184.902,0.93150516,0.016114335,255,1,713,713
8,0,28354.941,1,0.016114335,255,1,714,714
8,0,28698.485,0.99669604,0.016114335,255,1,715,715
8,0,28563.875,0.99340413,0.016114335,255,1,716,716
8,0,28312.726,0.97973567,0.016114335,255,1,717,717
8,0,28890.868,0.91638408,0.016114335,255,1,718,718
8,0,28614.798,0.97146641,0.016114335,255,1,719,719
8,0,28641.297,0.93862426,0.016114335,255,1,720,720
8,0,28964.428,0.93835397,0.016114335,255,1,721,721
8,0,28729.1,0.98635183,0.016114335,255,1,722,722
8,0,28287.139,0.94763675,0.016114335,255,1,723,723
8,0,28505.318,0.86646149,0.016114335,255,1,724,724
8,0,28388.216,0.98210009,0.016114335,255,1,725,725
8,0,28531.577,0.90135844,0.016114335,255,1,726,726
8,0,28629.387,0.99822006,0.016114335,255,1,727,727
8,0,28902.276,0.94353715,0.016114335,255,1,728,728
8,0,28683.661,0.92010077,0.016114335,255,1,729,729
8,0,28272.621,0.97458097,0.016114335,255,1,730,730
8,0,28594.306,0.90215128,0.016114335,255,1,731,731
8,0,28443.161,0.93069594,0.016114335,255,1,732,732
8,0,28787.854,0.84411628,0.016114335,255,1,733,733
8,0,28413.522,0.97042259,0.016114335,255,1,734,734
8,0,28544.37,0.98226983,0.016114335,255,1,735,735
8,0,28065.388,0.96592898,0.016114335,255,1,736,736
8,0,28203.223,0.94528031,0.016114335,255,1,737,737
8,0,28503.063,0.83819345,0.016114335,255,1,738,738
8,0,28267.219,0.94735073,0.016114335,255,1,739,739
8,0,28370.726,0.88620456,0.016114335,255,1,740,740
8,0,28733.419,0.8887213,0.016114335,255,1,741,741
8,0,28583.165,0.93296842,0.016114335,255,1,742,742
8,0,28191.413,0.99456536,0.016114335,255,1,743,743
8,0,27746.615,0.94553046,0.016114335,255,1,744,744
8,0,27482.858,0.9553693,0.016114335,255,1,745,745
8,0,27724.74,0.99969908,0.016114335,255,1,746,746
8,0,27765.323,0.9736737,0.016114335,255,1,747,747
8,0,28344.707,0.98308994,0.016114335,255,1,748,748
8,0,28514.144,0.9875365,0.016114335,255,1,749,749
8,0,28330.483,0.8792023,0.016114335,255,1,750,750
8,0,28611.699,0.98366024,0.016114335,255,1,751,751
8,0,28611.029,0.97079578,0.016114335,255,1,752,752
8,0,28438.064,0.94191754,0.016114335,255,1,753,753
8,0,28497.854,0.97787015,0.016114335,255,1,754,754
8,0,28407.294,0.99300184,0.016114335,255,1,755,755
8,0,28837.16,0.92350298,0.016114335,255,1,756,756
8,0,29126.617,0.92254471,0.016114335,255,1,757,757
8,0,29062.296,0.98679334,0.016114335,255,1,758,758
8,0,28904.083,0.99441438,0.016114335,255,1,759,759
8,0,28604.823,0.89854875,0.016114335,255,1,760,760
8,0,28732.234,0.93860244,0.016114335,255,1,761,761
8,0,28443.333,0.98679216,0.016114335,255,1,762,762
8,0,28840.761,0.91769807,0.016114335,255,1,763,763
8,0,28692.004,0.99367068,0.016114335,255,1,764,764
8,0,28599.124,0.94861535,0.016114335,255,1,765,765
8,0,28625.256,0.9913077,0.016114335,255,1,766,766
8,0,28754.563,0.94154791,0.016114335,255,1,767,767
8,0,28428.556,0.94088235,0.016114335,255,1,768,768
8,0,28143.437,0.97481735,0.016114335,255,1,769,769
8,0,28714.384,0.8966359,0.016114335,255,1,770,770
8,0,29071.386,0.94073613,0.016114335,255,1,771,771
8,0,29154.66,0.99720499,0.016114335,255,1,772,772
8,0,28689.232,0.82272521,0.016114335,255,1,773,773
8,0,28555.29,0.85520874,0.016114335,255,1,774,774
8,0,28277.086,0.96926256,0.016114335,255,1,775,775
8,0,28461.864,0.96378007,0.016114335,255,1,776,776
8,0,28771.799,0.93376942,0.016114335,255,1,777,777
8,0,28844.062,0.98554448,0.016114335,255,1,778,778
8,0,28925.723,0.96212707,0.016114335,255,1,779,779
8,0,28520.593,0.9639157,0.016114335,255,1,780,780
8,0,28397.895,0.96455966,0.016114335,255,1,781,781
8,0,28044.754,0.98866457,0.016114335,255,1,782,782
8,0,28381.989,0.96648336,0.016114335,255,1,783,783
8,0,28587.234,0.90778704,0.016114335,255,1,784,784
8,0,28920.055,0.92809408,0.016114335,255,1,785,785
8,0,28721.751,0.98853382,0.016114335,255,1,786,786
8,0,28780.881,0.98814924,0.016114335,255,1,787,787
8,0,29099.839,0.9268935,0.016114335,255,1,788,788
8,0,29087.689,0.93578895,0.016114335,255,1,789,789
8,0,29207.45,0.96410335,0.016114335,255,1,790,790
8,0,28906.462,0.92377169,0.016114335,255,1,791,791
8,0,28625.468,0.99849757,0.016114335,255,1,792,792
8,0,28526.916,0.96094941,0.016114335,255,1,793,793
8,0,28324.728,0.97100419,0.016114335,255,1,794,794
8,0,28420.885,0.89039102,0.016114335,255,1,795,795
8,0,28386.943,0.97772504,0.016114335,255,1,796,796
8,0,28225.466,0.9656042,0.016114335,255,1,797,797
8,0,28207.337,0.93586842,0.016114335,255,1,798,798
8,0,28050.889,0.9945693,0.016114335,255,1,799,799
8,0,28462.797,0.95101038,0.016114335,255,1,800,800
8,0,28410.173,0.97370884,0.016114335,255,1,801,801
8,0,28669.005,0.93025238,0.016114335,255,1,802,802
8,0,28785.531,0.91396465,0.016114335,255,1,803,803
8,0,28818.562,0.94007701,0.016114335,255,1,804,804
8,0,28832.693,0.96776476,0.016114335,255,1,805,805
8,0,28644.201,0.96652238,0.016114335,255,1,806,806
8,0,28569.903,0.97947542,0.016114335,255,1,807,807
8,0,28599.825,0.93994635,0.016114335,255,1,808,808
8,0,27845.049,0.93566,0.016114335,255,1,809,809
8,0,27705.913,0.9438363,0.016114335,255,1,810,810
8,0,27849.464,0.97697547,0.016114335,255,1,811,811
8,0,28471.969,0.98214129,0.016114335,255,1,812,812
8,0,28604.837,0.94132635,0.016114335,255,1,813,813
8,0,28710.851,0.98712706,0.016114335,255,1,814,814
8,0,28596.7,0.99081276,0.016114335,255,1,815,815
8,0,28132.699,0.94991166,0.016114335,255,1,816,816
8,0,28251.59,0.70268421,0.016114335,255,1,817,817
8,0,28139.791,0.99751759,0.016114335,255,1,818,818
8,0,28691.549,0.9798167,0.016114335,255,1,819,819
8,0,28747.418,0.98571563,0.016114335,255,1,820,820
8,0,29163.955,0.86254877,0.016114335,255,1,821,821
8,0,29374.028,0.96478188,0.016114335,255,1,822,822
8,0,29179.95,0.99696162,0.016114335,255,1,823,823
8,0,29130.504,0.9550722,0.016114335,255,1,824,824
8,0,28786.798,0.93958371,0.016114335,255,1,825,825
8,0,28823.442,0.91009096,0.016114335,255,1,826,826
8,0,29389.443,0.98051417,0.016114335,255,1,827,827
8,0,29354.711,0.98560972,0.016114335,255,1,828,828
8,0,28930.789,0.92332614,0.016114335,255,1,829,829
8,0,29041.239,0.89230844,0.016114335,255,1,830,830
8,0,28694.457,0.99876109,0.016114335,255,1,831,831
8,0,28330.799,0.95560515,0.016114335,255,1,832,832
8,0,28447.341,0.97991447,0.016114335,255,1,833,833
8,0,28648.847,0.99523551,0.016114335,255,1,834,834
8,0,28805.688,0.99832975,0.016114335,255,1,835,835
8,0,28827.646,0.99582522,0.016114335,255,1,836,836
8,0,28871.496,0.95805676,0.016114335,255,1,837,837
8,0,28333.919,0.97925564,0.016114335,255,1,838,838
8,0,28241.783,0.99896209,0.016114335,255,1,839,839
8,0,27738.569,0.90480972,0.016114335,255,1,840,840
8,0,27707.844,0.93407198,0.016114335,255,1,841,841
8,0,27559.129,0.93166847,0.016114335,255,1,842,842
8,0,28204.835,0.89780873,0.016114335,255,1,843,843
8,0,28523.777,0.8958892,0.016114335,255,1,844,844
8,0,28092.706,0.89959304,0.016114335,255,1,845,845
8,0,28457.2,0.99655429,0.016114335,255,1,846,846
8,0,28449.041,0.94846313,0.016114335,255,1,847,847
8,0,28164.097,0.98464783,0.016114335,255,1,848,848
8,0,28055.336,0.98074656,0.016114335,255,1,849,849
8,0,28030.814,0.97458027,0.016114335,255,1,850,850
8,0,27966.719,0.95691954,0.016114335,255,1,851,851
8,0,28434.849,0.94861418,0.016114335,255,1,852,852
8,0,28292.942,0.98407853,0.016114335,255,1,853,853
8,0,28236.066,0.98908684,0.016114335,255,1,854,854
8,0,28319.55,0.95495004000000006,0.016114335,255,1,855,855
8,0,28832.103,0.99832427,0.016114335,255,1,856,856
8,0,29081.377,0.97105997,0.016114335,255,1,857,857
8,0,28844.084,0.99852925,0.016114335,255,1,858,858
8,0,28494.342,0.98424145,0.016114335,255,1,859,859
8,0,28187.412,0.98654783,0.016114335,255,1,860,860
8,0,28172.36,0.94104865,0.016114335,255,1,861,861
8,0,28248.43,0.99097954,0.016114335,255,1,862,862
8,0,28321.937,0.90913597,0.016114335,255,1,863,863
8,0,28243.465,0.87783902,0.016114335,255,1,864,864
8,0,28116.178,0.96435401,0.016114335,255,1,865,865
8,0,28381.133,0.97945347,0.016114335,255,1,866,866
8,0,28791.387,0.91088614,0.016114335,255,1,867,867
8,0,29215.004,0.85748838,0.016114335,255,1,868,868
8,0,29072.827,0.98411437,0.016114335,255,1,869,869
8,0,28784.312,0.85926082,0.016114335,255,1,870,870
8,0,28806.427,0.95584936,0.016114335,255,1,871,871
8,0,29092.904,0.96202059,0.016114335,255,1,872,872
8,0,29167.816,0.95689786,0.016114335,255,1,873,873
8,0,29396.053,0.85298644,0.016114335,255,1,874,874
8,0,28630.583,0.83594792,0.016114335,255,1,875,875
8,0,28695.351,0.99026869,0.016114335,255,1,876,876
8,0,28314.02,0.94884905,0.016114335,255,1,877,877
8,0,28715.978,0.94666452,0.016114335,255,1,878,878
8,0,28788.028,0.94885076,0.016114335,255,1,879,879
8,0,28381.12,0.99636626,0.016114335,255,1,880,880
8,0,28107.56,0.93343356,0.016114335,255,1,881,881
8,0,28894.4,0.93427895,0.016114335,255,1,882,882
8,0,28678.752,0.9773098,0.016114335,255,1,883,883
8,0,28688.397,0.9665373,0.016114335,255,1,884,884
8,0,29007.189,0.99004291,0.016114335,255,1,885,885
8,0,28306.019,0.99752987,0.016114335,255,1,886,886
8,0,28435.774,0.88930253,0.016114335,255,1,887,887
8,0,28484.356,0.89288882,0.016114335,255,1,888,888
8,0,28212.976,0.97408722,0.016114335,255,1,889,889
8,0,28687.239,0.95754565,0.016114335,255,1,890,890
8,0,28909.949,0.98126824,0.016114335,255,1,891,891
8,0,28673.388,0.99467459,0.016114335,255,1,892,892
8,0,28732.916,0.96662351,0.016114335,255,1,893,893
8,0,28923.205,0.97405205,0.016114335,255,1,894,894
8,0,29112.611,0.89353,0.016114335,255,1,895,895
8,0,28729.664,0.95754705,0.016114335,255,1,896,896
8,0,28715.136,0.91318492,0.016114335,255,1,897,897
8,0,28536.604,0.99873655,0.016114335,255,1,898,898
8,0,28237.023,0.83759988,0.016114335,255,1,899,899
8,0,28317.163,0.99384234,0.016114335,255,1,900,900
8,0,28318.358,0.97723335,0.016114335,255,1,901,901
8,0,28691.869,0.93373568,0.016114335,255,1,902,902
8,0,28571.42,0.96408194,0.016114335,255,1,903,903
8,0,28940.771,0.98792812,0.016114335,255,1,904,904
8,0,29210.294,0.99917297,0.016114335,255,1,905,905
8,0,28985.01,0.97512383,0.016114335,255,1,906,906
8,0,28801.387,0.95348398,0.016114335,255,1,907,907
8,0,28730.068,0.99600444,0.016114335,255,1,908,908
8,0,28895.888,0.97171605,0.016114335,255,1,909,909
8,0,29017.46,0.99859938,0.016114335,255,1,910,910
8,0,28992.137,0.99161886,0.016114335,255,1,911,911
8,0,28925.969,0.99835701,0.016114335,255,1,912,912
8,0,28880.382,0.97162899,0.016114335,255,1,913,913
8,0,29049.312,0.96003121,0.016114335,255,1,914,914
8,0,28885.16,0.9451156,0.016114335,255,1,915,915
8,0,28431.038,0.96829813,0.016114335,255,1,916,916
8,0,28592.964,0.98875266,0.016114335,255,1,917,917
8,0,28366.238,0.71157908,0.016114335,255,1,918,918
8,0,28312.868,0.99572607,0.016114335,255,1,919,919
8,0,28442.189,0.98911591,0.016114335,255,1,920,920
8,0,28685.419,0.99964309,0.016114335,255,1,921,921
8,0,28937.352,0.97509952,0.016114335,255,1,922,922
8,0,29113.779,0.99073428,0.016114335,255,1,923,923
8,0,29071.397,0.99402825,0.016114335,255,1,924,924
8,0,28759.646,0.98766896,0.016114335,255,1,925,925
8,0,28554.216,0.99358689,0.016114335,255,1,926,926
8,0,28443.597,0.86217844,0.016114335,255,1,927,927
8,0,28679.79,0.99195474,0.016114335,255,1,928,928
8,0,28307.205,0.98520326,0.016114335,255,1,929,929
8,0,28354.716,0.9366854,0.016114335,255,1,930,930
8,0,28154.16,0.99905209,0.016114335,255,1,931,931
8,0,28606.609,0.93059593,0.016114335,255,1,932,932
8,0,28748.773,0.83795829,0.016114335,255,1,933,933
8,0,28436.948,0.99373957,0.016114335,255,1,934,934
8,0,28427.323,0.97108388,0.016114335,255,1,935,935
8,0,28538.436,0.83533742,0.016114335,255,1,936,936
8,0,28209.778,0.92973365,0.016114335,255,1,937,937
8,0,28475.068,0.88103769,0.016114335,255,1,938,938
8,0,28603.793,0.99257691,0.016114335,255,1,939,939
8,0,28454.832,0.982645,0.016114335,255,1,940,940
8,0,28592.726,0.99965979,0.016114335,255,1,941,941
8,0,28326.004,0.93720005,0.016114335,255,1,942,942
8,0,28226.28,0.86602551,0.016114335,255,1,943,943
8,0,28093.275,1,0.016114335,255,1,944,944
8,0,28799.724,0.9837505,0.016114335,255,1,945,945
8,0,28791.268,0.94925266,0.016114335,255,1,946,946
8,0,28747.09,0.93975622,0.016114335,255,1,947,947
8,0,28842.825,0.93297951,0.016114335,255,1,948,948
8,0,29081.311,0.99778151,0.016114335,255,1,949,949
8,0,28983.863,0.85409246,0.016114335,255,1,950,950
8,0,29092.635,0.99605616,0.016114335,255,1,951,951
8,0,28691.862,0.93211691,0.016114335,255,1,952,952
8,0,28723.296,0.98983281,0.016114335,255,1,953,953
8,0,28546.311,0.98306817,0.016114335,255,1,954,954
8,0,28533.589,0.97259718,0.016114335,255,1,955,955
8,0,28203.187,0.99447934,0.016114335,255,1,956,956
8,0,28387.582,0.96458444,0.016114335,255,1,957,957
8,0,28618.012,0.99309428,0.016114335,255,1,958,958
8,0,29183.459,0.96437035,0.016114335,255,1,959,959
8,0,29401.316,0.98693503,0.016114335,255,1,960,960
8,0,29865.147,0.97759977,0.016114335,255,1,961,961
8,0,29410.128,0.99665554,0.016114335,255,1,962,962
8,0,28956.899,0.95985906,0.016114335,255,1,963,963
8,0,28946.248,0.89557069,0.016114335,255,1,964,964
8,0,28993.876,0.98063242,0.016114335,255,1,965,965
8,0,29013.69,0.97454495,0.016114335,255,1,966,966
8,0,29395.7,0.81381501,0.016114335,255,1,967,967
8,0,29482.397,0.98186115,0.016114335,255,1,968,968
8,0,28981.333,0.98906233,0.016114335,255,1,969,969
8,0,28590.914,0.99093572,0.016114335,255,1,970,970
8,0,28445.025,0.86435163,0.016114335,255,1,971,971
8,0,28454.624,0.9776401,0.016114335,255,1,972,972
8,0,28474.965,0.9821247,0.016114335,255,1,973,973
8,0,28150.801,0.97923717,0.016114335,255,1,974,974
8,0,28825.333,0.99072121,0.016114335,255,1,975,975
8,0,28536.374,0.97890738,0.016114335,255,1,976,976
8,0,28320.662,1,0.016114335,255,1,977,977
8,0,28246.474,0.82451049,0.016114335,255,1,978,978
8,0,27962.493,0.94557261,0.016114335,255,1,979,979
8,0,28004.45,0.90554296,0.016114335,255,1,980,980
8,0,28531.383,0.9854689,0.016114335,255,1,981,981
8,0,28671.968,0.93901756,0.016114335,255,1,982,982
8,0,28697.606,0.93187032,0.016114335,255,1,983,983
8,0,28909.752,0.90856692,0.016114335,255,1,984,984
8,0,28825.056,0.97369958,0.016114335,255,1,985,985
8,0,28813.17,0.94082246,0.016114335,255,1,986,986
8,0,28964.627,0.99710474,0.016114335,255,1,987,987
8,0,28534.208,0.9933975,0.016114335,255,1,988,988
8,0,28597.904,0.99987142,0.016114335,255,1,989,989
8,0,28349.968,0.98984228,0.016114335,255,1,990,990
8,0,28338.494,0.9524489,0.016114335,255,1,991,991
8,0,28176.345,0.9748401,0.016114335,255,1,992,992
8,0,28731.709,0.97952195,0.016114335,255,1,993,993
8,0,28504.064,0.98105363,0.016114335,255,1,994,994
8,0,28728.929,0.88367903,0.016114335,255,1,995,995
8,0,29246.67,0.99876713,0.016114335,255,1,996,996
8,0,28956.035,0.99061791,0.016114335,255,1,997,997
8,0,28691.974,0.86128936,0.016114335,255,1,998,998
8,0,28738.934,0.99198269,0.016114335,255,1,999,999
8,0,28878.607,0.96005887,0.016114335,255,1,1000,1000
8,0,28232.876,0.9441507,0.017773198,255,2,1,1001
8,0,28369.064,0.97813638,0.017773198,255,2,2,1002
8,0,28172.635,0.86001543,0.017773198,255,2,3,1003
8,0,28531.446,0.95848838,0.017773198,255,2,4,1004
8,0,28569.446,0.9088292,0.017773198,255,2,5,1005
8,0,28564.131,0.96006518,0.017773198,255,2,6,1006
8,0,28783.343,0.95878936,0.017773198,255,2,7,1007
8,0,28747.032,0.92689379,0.017773198,255,2,8,1008
8,0,28672.351,0.98474152,0.017773198,255,2,9,1009
8,0,28751.45,0.9845217,0.017773198,255,2,10,1010
8,0,29005.666,0.99889881,0.017773198,255,2,11,1011
8,0,29287.333,0.99458577,0.017773198,255,2,12,1012
8,0,29003.769,0.92743867,0.017773198,255,2,13,1013
8,0,28822.252,0.97501865,0.017773198,255,2,14,1014
8,0,28739.021,0.87513357,0.017773198,255,2,15,1015
8,0,28528.272,0.96188506,0.017773198,255,2,16,1016
8,0,28084.877,0.95723081,0.017773198,255,2,17,1017
8,0,27823.864,0.96617447,0.017773198,255,2,18,1018
8,0,28333.832,0.9971919,0.017773198,255,2,19,1019
8,0,28487.204,0.9283064,0.017773198,255,2,20,1020
8,0,28508.871,0.99780865,0.017773198,255,2,21,1021
8,0,28457.56,0.98334827,0.017773198,255,2,22,1022
8,0,28320.65,0.99909555,0.017773198,255,2,23,1023
8,0,28239.747,0.98106369,0.017773198,255,2,24,1024
8,0,28434.012,0.97514532,0.017773198,255,2,25,1025
8,0,28600.836,0.99868737,0.017773198,255,2,26,1026
8,0,28309.09,0.97663129,0.017773198,255,2,27,1027
8,0,28781.263,0.97971656,0.017773198,255,2,28,1028
8,0,28372.412,0.96669426,0.017773198,255,2,29,1029
8,0,28719.211,0.94911149,0.017773198,255,2,30,1030
8,0,28842.113,0.89836164,0.017773198,255,2,31,1031
8,0,29127.868,0.96729856,0.017773198,255,2,32,1032
8,0,28713.67,0.99035682,0.017773198,255,2,33,1033
8,0,28751.375,0.96962403,0.017773198,255,2,34,1034
8,0,29065.103,0.94403071,0.017773198,255,2,35,1035
8,0,28891.695,0.99993922,0.017773198,255,2,36,1036
8,0,29443.857,0.92480023,0.017773198,255,2,37,1037
8,0,29414.364,0.97483973,0.017773198,255,2,38,1038
8,0,28973.083,0.91640569,0.017773198,255,2,39,1039
8,0,28534.298,0.97384057,0.017773198,255,2,40,1040
8,0,28772.096,0.87448977,0.017773198,255,2,41,1041
8,0,28438.537,0.94612909,0.017773198,255,2,42,1042
8,0,28798.743,0.83437338,0.017773198,255,2,43,1043
8,0,28645.98,0.89463637,0.017773198,255,2,44,1044
8,0,28261.892,0.98817103,0.017773198,255,2,45,1045
8,0,28172.05,0.98833285,0.017773198,255,2,46,1046
8,0,28140.009,0.877631,0.017773198,255,2,47,1047
8,0,28520.334,0.9589893,0.017773198,255,2,48,1048
8,0,28830.336,0.76647201,0.017773198,255,2,49,1049
8,0,28788.916,0.969594,0.017773198,255,2,50,1050
8,0,28470.401,0.99962718,0.017773198,255,2,51,1051
8,0,28285.663,0.79505441,0.017773198,255,2,52,1052
8,0,28147.666,0.98609482,0.017773198,255,2,53,1053
8,0,28354.634,0.847848,0.017773198,255,2,54,1054
8,0,28291.918,0.85212001,0.017773198,255,2,55,1055
8,0,28432.735,0.99136109,0.017773198,255,2,56,1056
8,0,28498.144,0.9683267,0.017773198,255,2,57,1057
8,0,29131.873,0.9746248,0.017773198,255,2,58,1058
8,0,28976.945,0.99188752,0.017773198,255,2,59,1059
8,0,29061.304,0.97971607,0.017773198,255,2,60,1060
8,0,28867.776,0.96194422,0.017773198,255,2,61,1061
8,0,28251.434,0.94886295,0.017773198,255,2,62,1062
8,0,28071.04,0.95959934,0.017773198,255,2,63,1063
8,0,28682.716,0.85619289,0.017773198,255,2,64,1064
8,0,28070.687,0.97676005,0.017773198,255,2,65,1065
8,0,27963.306,0.97505283,0.017773198,255,2,66,1066
8,0,27713.601,0.93639747,0.017773198,255,2,67,1067
8,0,27722.191,0.77895851,0.017773198,255,2,68,1068
8,0,28330.688,0.99204268,0.017773198,255,2,69,1069
8,0,28244.645,0.88120155,0.017773198,255,2,70,1070
8,0,28228.29,0.74755104000000006,0.017773198,255,2,71,1071
8,0,28199.756,0.95493797,0.017773198,255,2,72,1072
8,0,28256.122,0.97430528,0.017773198,255,2,73,1073
8,0,28236.895,0.83773486,0.017773198,255,2,74,1074
8,0,27896.339,0.97258372,0.017773198,255,2,75,1075
8,0,28451.67,0.99018278,0.017773198,255,2,76,1076
8,0,28507.731,0.95705172,0.017773198,255,2,77,1077
8,0,28782.214,0.97149095,0.017773198,255,2,78,1078
8,0,28710.311,0.90023618,0.017773198,255,2,79,1079
8,0,28519.577,0.8920102,0.017773198,255,2,80,1080
8,0,28414.545,0.91859193,0.017773198,255,2,81,1081
8,0,28628.53,0.97316699,0.017773198,255,2,82,1082
8,0,28887.591,0.94312454,0.017773198,255,2,83,1083
8,0,28435.947,0.98571914,0.017773198,255,2,84,1084
8,0,28773.651,0.99589814,0.017773198,255,2,85,1085
8,0,28232.846,0.9990885,0.017773198,255,2,86,1086
8,0,28489.102,0.91129138,0.017773198,255,2,87,1087
8,0,28394.227,0.90534274,0.017773198,255,2,88,1088
8,0,28749.425,0.87278431,0.017773198,255,2,89,1089
8,0,28650.479,0.90522361,0.017773198,255,2,90,1090
8,0,28247.587,0.96621635,0.017773198,255,2,91,1091
8,0,28311.564,0.90901091999999994,0.017773198,255,2,92,1092
8,0,28116.632,0.90299654,0.017773198,255,2,93,1093
8,0,27930.363,0.963496,0.017773198,255,2,94,1094
8,0,28136.475,0.88422589,0.017773198,255,2,95,1095
8,0,28288.561,0.97862747,0.017773198,255,2,96,1096
8,0,28181.782,0.97478143,0.017773198,255,2,97,1097
8,0,28137.197,0.9339764,0.017773198,255,2,98,1098
8,0,28698.168,0.89905541,0.017773198,255,2,99,1099
8,0,28742.713,0.93588091,0.017773198,255,2,100,1100
8,0,28983.348,0.95596981,0.017773198,255,2,101,1101
8,0,28950.301,0.90806758,0.017773198,255,2,102,1102
8,0,29013.398,0.95263832,0.017773198,255,2,103,1103
8,0,29048.331,0.9043104,0.017773198,255,2,104,1104
8,0,28996.821,0.97706293,0.017773198,255,2,105,1105
8,0,29436.919,0.91071626,0.017773198,255,2,106,1106
8,0,29506.441,0.92741757,0.017773198,255,2,107,1107
8,0,29194.709,0.88771771,0.017773198,255,2,108,1108
8,0,29201.914,0.95507348,0.017773198,255,2,109,1109
8,0,29510.879,0.94260952,0.017773198,255,2,110,1110
8,0,29533.997,0.99351207,0.017773198,255,2,111,1111
8,0,29330.367,0.98985623,0.017773198,255,2,112,1112
8,0,29299.864,0.91937358,0.017773198,255,2,113,1113
8,0,29128.824,0.98959393,0.017773198,255,2,114,1114
8,0,28867.338,0.92713629,0.017773198,255,2,115,1115
8,0,28878.62,0.9485338,0.017773198,255,2,116,1116
8,0,28457.283,0.97183565,0.017773198,255,2,117,1117
8,0,28205.605,0.97707165,0.017773198,255,2,118,1118
8,0,27878.793,0.89993007,0.017773198,255,2,119,1119
8,0,28005.903,0.94085307,0.017773198,255,2,120,1120
8,0,28048.315,0.99052094,0.017773198,255,2,121,1121
8,0,27873.463,0.9761182,0.017773198,255,2,122,1122
8,0,28160.519,0.96408942,0.017773198,255,2,123,1123
8,0,28353.433,0.96186387,0.017773198,255,2,124,1124
8,0,28605.673,0.98906766,0.017773198,255,2,125,1125
8,0,28891.79,0.86623175,0.017773198,255,2,126,1126
8,0,28752.473,0.98236342,0.017773198,255,2,127,1127
8,0,28732.875,0.90102761,0.017773198,255,2,128,1128
8,0,28714.739,0.94602445,0.017773198,255,2,129,1129
8,0,28430.221,0.9926372,0.017773198,255,2,130,1130
8,0,28489.445,0.91810979,0.017773198,255,2,131,1131
8,0,28842.404,0.97785299,0.017773198,255,2,132,1132
8,0,29016.71,0.98033333,0.017773198,255,2,133,1133
8,0,28945.716,0.98526226,0.017773198,255,2,134,1134
8,0,28688.831,0.98159323,0.017773198,255,2,135,1135
8,0,28716.429,0.99843735,0.017773198,255,2,136,1136
8,0,28765.475,0.92855986,0.017773198,255,2,137,1137
8,0,28372.234,0.97391541,0.017773198,255,2,138,1138
8,0,28504.437,0.95765144,0.017773198,255,2,139,1139
8,0,28366.542,0.94051117,0.017773198,255,2,140,1140
8,0,28316.199,0.73015668,0.017773198,255,2,141,1141
8,0,28255.047,0.98439492,0.017773198,255,2,142,1142
8,0,28235.39,0.99719502,0.017773198,255,2,143,1143
8,0,27821.754,0.97561881,0.017773198,255,2,144,1144
8,0,28033.987,0.80150197,0.017773198,255,2,145,1145
8,0,28105.915,0.97987995,0.017773198,255,2,146,1146
8,0,28240.336,0.99448945,0.017773198,255,2,147,1147
8,0,28280.22,0.9438056,0.017773198,255,2,148,1148
8,0,28426.403,0.94794552,0.017773198,255,2,149,1149
8,0,28669.113,0.83681217,0.017773198,255,2,150,1150
8,0,28834.529,0.99793428,0.017773198,255,2,151,1151
8,0,28956.391,0.9191795,0.017773198,255,2,152,1152
8,0,28773.409,0.98989773,0.017773198,255,2,153,1153
8,0,28783.595,0.96572301,0.017773198,255,2,154,1154
8,0,28538.197,0.95908251,0.017773198,255,2,155,1155
8,0,28412.888,0.97341914,0.017773198,255,2,156,1156
8,0,28157.032,0.98711714,0.017773198,255,2,157,1157
8,0,28073.914,0.95677092,0.017773198,255,2,158,1158
8,0,28360.65,0.97568384,0.017773198,255,2,159,1159
8,0,28440.971,0.98713244,0.017773198,255,2,160,1160
8,0,28227.397,0.99332627,0.017773198,255,2,161,1161
8,0,28522.416,0.95317381,0.017773198,255,2,162,1162
8,0,28590.298,0.85193016,0.017773198,255,2,163,1163
8,0,28752.763,0.90385992,0.017773198,255,2,164,1164
8,0,28575.679,0.92003442,0.017773198,255,2,165,1165
8,0,28541.853,0.84221186,0.017773198,255,2,166,1166
8,0,28730.842,0.99050438,0.017773198,255,2,167,1167
8,0,28821.257,0.93024801,0.017773198,255,2,168,1168
8,0,28495.413,0.82821303,0.017773198,255,2,169,1169
8,0,28403.026,0.92240427,0.017773198,255,2,170,1170
8,0,28229.948,0.79007038,0.017773198,255,2,171,1171
8,0,28330.575,0.99091787,0.017773198,255,2,172,1172
8,0,28459.318,0.89232974,0.017773198,255,2,173,1173
8,0,28812.001,0.88060267,0.017773198,255,2,174,1174
8,0,29035.987,0.99832116,0.017773198,255,2,175,1175
8,0,28677.608,0.89581993,0.017773198,255,2,176,1176
8,0,28737.404,0.98569079,0.017773198,255,2,177,1177
8,0,28024.706,0.99641123,0.017773198,255,2,178,1178
8,0,28301.279,0.90568524,0.017773198,255,2,179,1179
8,0,28642.856,0.97166469,0.017773198,255,2,180,1180
8,0,28140.41,0.99838252,0.017773198,255,2,181,1181
8,0,28500.144,0.95257339,0.017773198,255,2,182,1182
8,0,28263.039,0.98392398,0.017773198,255,2,183,1183
8,0,28930.285,0.97057888,0.017773198,255,2,184,1184
8,0,28806.142,0.83584192,0.017773198,255,2,185,1185
8,0,28637.516,0.93011095,0.017773198,255,2,186,1186
8,0,28438.209,0.96367314,0.017773198,255,2,187,1187
8,0,28500.41,0.94966974,0.017773198,255,2,188,1188
8,0,28030.878,0.97453176,0.017773198,255,2,189,1189
8,0,28632.211,0.7977576,0.017773198,255,2,190,1190
8,0,28825.531,0.96705462,0.017773198,255,2,191,1191
8,0,28677.059,0.91733238,0.017773198,255,2,192,1192
8,0,28506.667,0.97492757,0.017773198,255,2,193,1193
8,0,28640.056,0.89717898,0.017773198,255,2,194,1194
8,0,28415.762,0.86797489,0.017773198,255,2,195,1195
8,0,28569.462,0.99435463,0.017773198,255,2,196,1196
8,0,29082.865,0.8940148,0.017773198,255,2,197,1197
8,0,29222.893,0.99833796,0.017773198,255,2,198,1198
8,0,28549.843,0.98893765,0.017773198,255,2,199,1199
8,0,28530.427,0.99312916,0.017773198,255,2,200,1200
8,0,28685.189,0.97524389,0.017773198,255,2,201,1201
8,0,28863.354,0.96123737,0.017773198,255,2,202,1202
8,0,28476.727,0.89866171,0.017773198,255,2,203,1203
8,0,28045.556,0.91426993,0.017773198,255,2,204,1204
8,0,28054.627,0.90416394,0.017773198,255,2,205,1205
8,0,28071.233,0.96764316,0.017773198,255,2,206,1206
8,0,28138.854,0.97142601,0.017773198,255,2,207,1207
8,0,28414.994,0.99914376,0.017773198,255,2,208,1208
8,0,28788.848,0.95051659,0.017773198,255,2,209,1209
8,0,29136.049,0.96361999,0.017773198,255,2,210,1210
8,0,29218.917,0.98692729,0.017773198,255,2,211,1211
8,0,28980.427,0.78407847,0.017773198,255,2,212,1212
8,0,28939.676,0.99789226,0.017773198,255,2,213,1213
8,0,28965.631,0.95487147000000006,0.017773198,255,2,214,1214
8,0,29161.797,0.99689121,0.017773198,255,2,215,1215
8,0,28696.005,0.79301069,0.017773198,255,2,216,1216
8,0,28984.878,0.99961424,0.017773198,255,2,217,1217
8,0,29171.849,0.98612997,0.017773198,255,2,218,1218
8,0,28815.957,0.99603578,0.017773198,255,2,219,1219
8,0,28642.831,0.99883684,0.017773198,255,2,220,1220
8,0,28975.356,0.96373777,0.017773198,255,2,221,1221
8,0,29181.895,0.90127802,0.017773198,255,2,222,1222
8,0,28867.106,0.903016,0.017773198,255,2,223,1223
8,0,28538.379,0.89874674,0.017773198,255,2,224,1224
8,0,28431.606,0.81061151,0.017773198,255,2,225,1225
8,0,28344.322,0.98141101,0.017773198,255,2,226,1226
8,0,28119.061,0.92933436,0.017773198,255,2,227,1227
8,0,28052.02,0.91311518,0.017773198,255,2,228,1228
8,0,28045.789,0.99566407,0.017773198,255,2,229,1229
8,0,28102.458,0.98363727,0.017773198,255,2,230,1230
8,0,28201.641,0.98304886,0.017773198,255,2,231,1231
8,0,28308.124,0.98923261,0.017773198,255,2,232,1232
8,0,28503.655,0.95174578,0.017773198,255,2,233,1233
8,0,28462.413,0.90951102,0.017773198,255,2,234,1234
8,0,28370.596,0.86330108,0.017773198,255,2,235,1235
8,0,28306.08,0.94445207,0.017773198,255,2,236,1236
8,0,28536.6,0.91832314,0.017773198,255,2,237,1237
8,0,28844.269,0.85771691,0.017773198,255,2,238,1238
8,0,28654.367,0.79420262,0.017773198,255,2,239,1239
8,0,28970.815,0.94063502,0.017773198,255,2,240,1240
8,0,29101.137,0.98230211,0.017773198,255,2,241,1241
8,0,28854.671,0.99751529,0.017773198,255,2,242,1242
8,0,28762.56,0.91597698,0.017773198,255,2,243,1243
8,0,28781.699,0.99189514,0.017773198,255,2,244,1244
8,0,28866.302,0.90602148,0.017773198,255,2,245,1245
8,0,28965.093,0.97326214,0.017773198,255,2,246,1246
8,0,28411.196,0.92427309,0.017773198,255,2,247,1247
8,0,28318.519,0.97631276,0.017773198,255,2,248,1248
8,0,28461.561,0.95187053,0.017773198,255,2,249,1249
8,0,28495.146,0.92493327,0.017773198,255,2,250,1250
8,0,28217.603,0.81816589,0.017773198,255,2,251,1251
8,0,28251.608,0.98245523,0.017773198,255,2,252,1252
8,0,27993.705,0.934963,0.017773198,255,2,253,1253
8,0,28549.732,0.97857456,0.017773198,255,2,254,1254
8,0,29001.084,0.96141168,0.017773198,255,2,255,1255
8,0,29200.12,0.99538538,0.017773198,255,2,256,1256
8,0,28800.562,0.9508807,0.017773198,255,2,257,1257
8,0,28042.416,0.94221682,0.017773198,255,2,258,1258
8,0,28326.107,0.91814123,0.017773198,255,2,259,1259
8,0,28720.648,0.94006488,0.017773198,255,2,260,1260
8,0,28664.3,0.84469649,0.017773198,255,2,261,1261
8,0,28370.706,0.99226129,0.017773198,255,2,262,1262
8,0,28117.083,0.9754327,0.017773198,255,2,263,1263
8,0,28518.62,0.99288771,0.017773198,255,2,264,1264
8,0,28726.355,0.79650685,0.017773198,255,2,265,1265
8,0,28866.282,0.94722889,0.017773198,255,2,266,1266
8,0,28776.76,0.99628983,0.017773198,255,2,267,1267
8,0,28673.91,0.98073742,0.017773198,255,2,268,1268
8,0,28652.421,0.8850718,0.017773198,255,2,269,1269
8,0,29067.022,0.93624987,0.017773198,255,2,270,1270
8,0,28902.143,0.84349007,0.017773198,255,2,271,1271
8,0,28151.574,0.92829986,0.017773198,255,2,272,1272
8,0,28133.675,0.95860278,0.017773198,255,2,273,1273
8,0,28238.593,0.99314488,0.017773198,255,2,274,1274
8,0,28624.097,0.97943863,0.017773198,255,2,275,1275
8,0,29046.225,0.99594399,0.017773198,255,2,276,1276
8,0,28963.539,0.97983653,0.017773198,255,2,277,1277
8,0,28983.436,0.95787604,0.017773198,255,2,278,1278
8,0,28467.605,0.93587007,0.017773198,255,2,279,1279
8,0,28478.482,0.94322698,0.017773198,255,2,280,1280
8,0,28802.539,0.92546615,0.017773198,255,2,281,1281
8,0,28654.604,0.98921788,0.017773198,255,2,282,1282
8,0,29004.457,0.88433015,0.017773198,255,2,283,1283
8,0,28988.917,0.98179932,0.017773198,255,2,284,1284
8,0,28661.41,0.98663429,0.017773198,255,2,285,1285
8,0,28892.286,0.98889769,0.017773198,255,2,286,1286
8,0,29100.553,0.88968257,0.017773198,255,2,287,1287
8,0,28738.784,0.93597633,0.017773198,255,2,288,1288
8,0,28088.189,0.93078727000000006,0.017773198,255,2,289,1289
8,0,27823.079,0.95128956,0.017773198,255,2,290,1290
8,0,28196.039,0.9194792,0.017773198,255,2,291,1291
8,0,27975.592,0.94453892,0.017773198,255,2,292,1292
8,0,28475.705,0.98054033,0.017773198,255,2,293,1293
8,0,28447.717,0.99612885,0.017773198,255,2,294,1294
8,0,27919.982,0.97878846,0.017773198,255,2,295,1295
8,0,28394.411,0.98868098,0.017773198,255,2,296,1296
8,0,28469.184,0.93788189,0.017773198,255,2,297,1297
8,0,28337.232,0.88289425,0.017773198,255,2,298,1298
8,0,28221.841,0.97167539,0.017773198,255,2,299,1299
8,0,28082.946,0.98967153,0.017773198,255,2,300,1300
8,0,28478.238,0.99996095,0.017773198,255,2,301,1301
8,0,28691.449,0.98608668,0.017773198,255,2,302,1302
8,0,28487.053,0.8539186,0.017773198,255,2,303,1303
8,0,28777.908,0.98686782,0.017773198,255,2,304,1304
8,0,29039.854,0.9866165,0.017773198,255,2,305,1305
8,0,28259.468,0.99990979,0.017773198,255,2,306,1306
8,0,28548.97,0.93564688,0.017773198,255,2,307,1307
8,0,28553.898,0.9858639,0.017773198,255,2,308,1308
8,0,28245.914,0.96704267,0.017773198,255,2,309,1309
8,0,27871.307,0.94826954,0.017773198,255,2,310,1310
8,0,28104.368,0.98361548,0.017773198,255,2,311,1311
8,0,28430.522,0.89698165,0.017773198,255,2,312,1312
8,0,28600.803,0.87479344,0.017773198,255,2,313,1313
8,0,28970.063,0.87469544,0.017773198,255,2,314,1314
8,0,28823.698,0.9483817,0.017773198,255,2,315,1315
8,0,28289.497,0.98616511,0.017773198,255,2,316,1316
8,0,28199.515,0.97216868,0.017773198,255,2,317,1317
8,0,28510.576,0.95530699,0.017773198,255,2,318,1318
8,0,28255.443,0.93329515,0.017773198,255,2,319,1319
8,0,28507.03,0.96056245,0.017773198,255,2,320,1320
8,0,28765.458,0.76483309,0.017773198,255,2,321,1321
8,0,28837.207,0.9741772,0.017773198,255,2,322,1322
8,0,28924.755,0.99562659,0.017773198,255,2,323,1323
8,0,28764.44,0.97956869,0.017773198,255,2,324,1324
8,0,28205.246,0.86351766,0.017773198,255,2,325,1325
8,0,28628.955,0.96626398,0.017773198,255,2,326,1326
8,0,28810.82,0.9044592,0.017773198,255,2,327,1327
8,0,29236.763,0.95078141,0.017773198,255,2,328,1328
8,0,28949.634,0.84489766,0.017773198,255,2,329,1329
8,0,29245.577,0.9608658,0.017773198,255,2,330,1330
8,0,28889.536,0.91619819,0.017773198,255,2,331,1331
8,0,28807.654,0.79358961,0.017773198,255,2,332,1332
8,0,28606.228,0.99596489,0.017773198,255,2,333,1333
8,0,28329.47,0.92757144,0.017773198,255,2,334,1334
8,0,28055.788,0.99502837,0.017773198,255,2,335,1335
8,0,28503.229,0.97534829,0.017773198,255,2,336,1336
8,0,28490.318,0.9724497,0.017773198,255,2,337,1337
8,0,28481.451,0.96424275,0.017773198,255,2,338,1338
8,0,28629.456,0.89879506,0.017773198,255,2,339,1339
8,0,28261.215,0.96592448,0.017773198,255,2,340,1340
8,0,28293.911,0.9208769,0.017773198,255,2,341,1341
8,0,28319.327,0.92795408,0.017773198,255,2,342,1342
8,0,28450.532,0.99911943,0.017773198,255,2,343,1343
8,0,28131.947,0.96307042,0.017773198,255,2,344,1344
8,0,28175.204,0.84969223,0.017773198,255,2,345,1345
8,0,27909.94,0.94791193,0.017773198,255,2,346,1346
8,0,28198.935,0.95596285,0.017773198,255,2,347,1347
8,0,28411.891,0.91339005,0.017773198,255,2,348,1348
8,0,28711.809,0.98324476,0.017773198,255,2,349,1349
8,0,28750.301,0.99060048,0.017773198,255,2,350,1350
8,0,28900.555,0.97292787,0.017773198,255,2,351,1351
8,0,28916.835,0.87036024,0.017773198,255,2,352,1352
8,0,28961.857,0.98393281,0.017773198,255,2,353,1353
8,0,29067.016,0.85685095,0.017773198,255,2,354,1354
8,0,29136.312,0.99727739,0.017773198,255,2,355,1355
8,0,29575.101,0.9124234,0.017773198,255,2,356,1356
8,0,29201.11,0.99457853,0.017773198,255,2,357,1357
8,0,29109.354,0.89075284,0.017773198,255,2,358,1358
8,0,29426.909,0.97027161,0.017773198,255,2,359,1359
8,0,28862.287,0.87228252,0.017773198,255,2,360,1360
8,0,29012.376,0.87194655,0.017773198,255,2,361,1361
8,0,28584.229,0.9898297,0.017773198,255,2,362,1362
8,0,28448.229,0.95767023,0.017773198,255,2,363,1363
8,0,28736.754,0.97979985,0.017773198,255,2,364,1364
8,0,28497.326,0.88473513,0.017773198,255,2,365,1365
8,0,28508.104,0.98833215,0.017773198,255,2,366,1366
8,0,28393.414,0.81155065,0.017773198,255,2,367,1367
8,0,28254.42,0.99522365,0.017773198,255,2,368,1368
8,0,27680.271,0.94164901,0.017773198,255,2,369,1369
8,0,28667.008,0.95068501,0.017773198,255,2,370,1370
8,0,28266.403,0.97490925,0.017773198,255,2,371,1371
8,0,28078.101,0.80216668,0.017773198,255,2,372,1372
8,0,28125.272,0.99128487,0.017773198,255,2,373,1373
8,0,28158.054,0.98975422,0.017773198,255,2,374,1374
8,0,27921.717,0.98655777,0.017773198,255,2,375,1375
8,0,28028.729,0.93109775,0.017773198,255,2,376,1376
8,0,28287.719,0.93785404000000006,0.017773198,255,2,377,1377
8,0,27908.686,0.89710752,0.017773198,255,2,378,1378
8,0,28277.903,0.98640926,0.017773198,255,2,379,1379
8,0,28056.919,0.98769331,0.017773198,255,2,380,1380
8,0,28316.319,0.99001549,0.017773198,255,2,381,1381
8,0,28585.437,0.99263498,0.017773198,255,2,382,1382
8,0,28920.369,0.9963613,0.017773198,255,2,383,1383
8,0,28697.943,0.8687624,0.017773198,255,2,384,1384
8,0,28432.486,0.91086725,0.017773198,255,2,385,1385
8,0,28512.107,0.86941999,0.017773198,255,2,386,1386
8,0,28509.91,0.95888781,0.017773198,255,2,387,1387
8,0,28159.315,0.88717027,0.017773198,255,2,388,1388
8,0,28448.704,0.9971637,0.017773198,255,2,389,1389
8,0,28227.669,0.96265618,0.017773198,255,2,390,1390
8,0,28270.973,0.85614072,0.017773198,255,2,391,1391
8,0,28463.523,0.96611393,0.017773198,255,2,392,1392
8,0,28530.075,0.94526928,0.017773198,255,2,393,1393
8,0,28671.136,0.98633226,0.017773198,255,2,394,1394
8,0,28852.954,0.98570052,0.017773198,255,2,395,1395
8,0,28640.782,0.93059813,0.017773198,255,2,396,1396
8,0,28280.989,0.99083281,0.017773198,255,2,397,1397
8,0,28670.102,0.93931784,0.017773198,255,2,398,1398
8,0,28918.132,0.84409783,0.017773198,255,2,399,1399
8,0,29042.579,0.97167362,0.017773198,255,2,400,1400
8,0,28768.578,0.86014054,0.017773198,255,2,401,1401
8,0,28994.43,0.85199545,0.017773198,255,2,402,1402
8,0,29192.349,0.99936214,0.017773198,255,2,403,1403
8,0,29099.882,0.99796549,0.017773198,255,2,404,1404
8,0,28998.481,0.83975636,0.017773198,255,2,405,1405
8,0,28691.211,0.90428462,0.017773198,255,2,406,1406
8,0,28179.074,0.99793238,0.017773198,255,2,407,1407
8,0,28056.998,0.96159837,0.017773198,255,2,408,1408
8,0,27748.622,0.99827695,0.017773198,255,2,409,1409
8,0,27880.717,0.78340827,0.017773198,255,2,410,1410
8,0,27563.612,0.88617875,0.017773198,255,2,411,1411
8,0,27774.541,0.98894882,0.017773198,255,2,412,1412
8,0,28160.226,0.90809711,0.017773198,255,2,413,1413
8,0,28136.644,0.90972178,0.017773198,255,2,414,1414
8,0,28135.484,0.97500392,0.017773198,255,2,415,1415
8,0,28605.84,0.77470775,0.017773198,255,2,416,1416
8,0,28962.191,0.82513552,0.017773198,255,2,417,1417
8,0,28676.255,0.85785063,0.017773198,255,2,418,1418
8,0,28599.245,0.99484829,0.017773198,255,2,419,1419
8,0,28763.03,0.83592357,0.017773198,255,2,420,1420
8,0,28987.735,0.85037097,0.017773198,255,2,421,1421
8,0,28752.458,0.92844814,0.017773198,255,2,422,1422
8,0,28821.424,0.7443314,0.017773198,255,2,423,1423
8,0,28957.52,0.92540954,0.017773198,255,2,424,1424
8,0,28565.227,0.96308046,0.017773198,255,2,425,1425
8,0,28416.076,0.976925,0.017773198,255,2,426,1426
8,0,28696.278,0.78803233,0.017773198,255,2,427,1427
8,0,28864.636,0.97748561,0.017773198,255,2,428,1428
8,0,28729.825,0.99675112,0.017773198,255,2,429,1429
8,0,29018.422,0.98873711,0.017773198,255,2,430,1430
8,0,29229.139,0.98603001,0.017773198,255,2,431,1431
8,0,29129.974,0.9896868,0.017773198,255,2,432,1432
8,0,28849.277,0.91893923,0.017773198,255,2,433,1433
8,0,29028.215,0.99925606,0.017773198,255,2,434,1434
8,0,28816.429,0.93165229,0.017773198,255,2,435,1435
8,0,28349.326,0.99065832,0.017773198,255,2,436,1436
8,0,28390.12,0.95583567,0.017773198,255,2,437,1437
8,0,28472.228,0.99158464,0.017773198,255,2,438,1438
8,0,28363.187,0.98887866,0.017773198,255,2,439,1439
8,0,28481.267,0.94168138,0.017773198,255,2,440,1440
8,0,28237.189,0.84723056,0.017773198,255,2,441,1441
8,0,28187.919,0.96005916,0.017773198,255,2,442,1442
8,0,28648.725,0.92006261,0.017773198,255,2,443,1443
8,0,28641.689,0.99654464,0.017773198,255,2,444,1444
8,0,29041.015,0.92023024,0.017773198,255,2,445,1445
8,0,28704.094,0.97638797,0.017773198,255,2,446,1446
8,0,28342.826,0.6568645,0.017773198,255,2,447,1447
8,0,28082.303,0.9373907,0.017773198,255,2,448,1448
8,0,28101.708,0.94210755,0.017773198,255,2,449,1449
8,0,28247.216,0.9974475,0.017773198,255,2,450,1450
8,0,28557.174,0.9681708,0.017773198,255,2,451,1451
8,0,27961.029,0.98245917,0.017773198,255,2,452,1452
8,0,28562.395,0.92576039,0.017773198,255,2,453,1453
8,0,28527.866,0.99628644,0.017773198,255,2,454,1454
8,0,28429.542,0.98921866,0.017773198,255,2,455,1455
8,0,28240.511,0.9283552,0.017773198,255,2,456,1456
8,0,28258.897,0.98661821,0.017773198,255,2,457,1457
8,0,28020.214,0.97493548,0.017773198,255,2,458,1458
8,0,28041.685,0.84186842,0.017773198,255,2,459,1459
8,0,28306.291,0.97336602,0.017773198,255,2,460,1460
8,0,28619.115,0.98778303,0.017773198,255,2,461,1461
8,0,28459.11,0.98938529,0.017773198,255,2,462,1462
8,0,28447.042,0.88825785,0.017773198,255,2,463,1463
8,0,28448.203,0.98408574,0.017773198,255,2,464,1464
8,0,28507.954,0.98576563,0.017773198,255,2,465,1465
8,0,28425.363,0.98380388,0.017773198,255,2,466,1466
8,0,28482.155,0.99786758,0.017773198,255,2,467,1467
8,0,28694.767,0.85629939,0.017773198,255,2,468,1468
8,0,28885.147,0.96031638,0.017773198,255,2,469,1469
8,0,29214.837,0.97160534,0.017773198,255,2,470,1470
8,0,28970.203,0.91504002,0.017773198,255,2,471,1471
8,0,28453.461,0.88670015,0.017773198,255,2,472,1472
8,0,27824.283,0.95029066,0.017773198,255,2,473,1473
8,0,27914.817,0.94163624,0.017773198,255,2,474,1474
8,0,28107.995,0.95293954,0.017773198,255,2,475,1475
8,0,28359.168,0.9896068,0.017773198,255,2,476,1476
8,0,28670.636,0.94189522,0.017773198,255,2,477,1477
8,0,28786.965,0.89839293,0.017773198,255,2,478,1478
8,0,28297.136,0.99398329,0.017773198,255,2,479,1479
8,0,28030.821,0.95729823,0.017773198,255,2,480,1480
8,0,28090.826,0.97127076,0.017773198,255,2,481,1481
8,0,28148.575,0.919338,0.017773198,255,2,482,1482
8,0,27825.936,0.98274252,0.017773198,255,2,483,1483
8,0,27813.652,0.92552344,0.017773198,255,2,484,1484
8,0,27818.731,0.91668899,0.017773198,255,2,485,1485
8,0,28150.788,0.80338569,0.017773198,255,2,486,1486
8,0,28365.603,0.86749864,0.017773198,255,2,487,1487
8,0,28236.205,0.99673439,0.017773198,255,2,488,1488
8,0,28496.775,0.89473159,0.017773198,255,2,489,1489
8,0,28755.923,0.9691058,0.017773198,255,2,490,1490
8,0,28699.478,0.93923659,0.017773198,255,2,491,1491
8,0,28597.462,0.9836977,0.017773198,255,2,492,1492
8,0,28624.049,0.97902913,0.017773198,255,2,493,1493
8,0,29087.361,0.95821088,0.017773198,255,2,494,1494
8,0,29374.401,0.96830046,0.017773198,255,2,495,1495
8,0,29262.425,0.96943876,0.017773198,255,2,496,1496
8,0,28919.787,0.95547292,0.017773198,255,2,497,1497
8,0,29013.633,0.99175121,0.017773198,255,2,498,1498
8,0,28692.441,0.95336722,0.017773198,255,2,499,1499
8,0,28315.318,0.98296069,0.017773198,255,2,500,1500
8,0,28787.815,0.96899156,0.017773198,255,2,501,1501
8,0,28323.908,0.95534949,0.017773198,255,2,502,1502
8,0,28407.74,0.89723359,0.017773198,255,2,503,1503
8,0,28078.941,0.95712744,0.017773198,255,2,504,1504
8,0,28244.382,0.9924125,0.017773198,255,2,505,1505
8,0,28350.83,0.98322752,0.017773198,255,2,506,1506
8,0,28369.046,0.9729612,0.017773198,255,2,507,1507
8,0,29180.24,0.99364297,0.017773198,255,2,508,1508
8,0,28649.276,0.94917971,0.017773198,255,2,509,1509
8,0,28232.051,0.9400391,0.017773198,255,2,510,1510
8,0,28131.919,0.95043407,0.017773198,255,2,511,1511
8,0,28707.855,0.98610064,0.017773198,255,2,512,1512
8,0,28396.952,0.85264942,0.017773198,255,2,513,1513
8,0,28057.116,0.96475354,0.017773198,255,2,514,1514
8,0,28583.838,0.96992584,0.017773198,255,2,515,1515
8,0,28540.328,0.97688715,0.017773198,255,2,516,1516
8,0,28683.369,0.9609455,0.017773198,255,2,517,1517
8,0,28702.377,0.98095136,0.017773198,255,2,518,1518
8,0,28510.375,0.96561282,0.017773198,255,2,519,1519
8,0,28640.776,0.93933231,0.017773198,255,2,520,1520
8,0,28516.031,0.99743291,0.017773198,255,2,521,1521
8,0,28613.513,0.96541807,0.017773198,255,2,522,1522
8,0,28659.156,0.98103765,0.017773198,255,2,523,1523
8,0,28555.512,0.99075333,0.017773198,255,2,524,1524
8,0,28807.523,0.9557456,0.017773198,255,2,525,1525
8,0,29048.815,0.97415285,0.017773198,255,2,526,1526
8,0,28433.961,0.98215678,0.017773198,255,2,527,1527
8,0,28003.91,0.99954005,0.017773198,255,2,528,1528
8,0,28097.237,0.93487938,0.017773198,255,2,529,1529
8,0,28298.364,0.9789813,0.017773198,255,2,530,1530
8,0,27977.771,0.9299235,0.017773198,255,2,531,1531
8,0,27589.673,0.95450792,0.017773198,255,2,532,1532
8,0,28511.624,0.79283974,0.017773198,255,2,533,1533
8,0,28734.711,0.9793838,0.017773198,255,2,534,1534
8,0,28623.221,0.91504526,0.017773198,255,2,535,1535
8,0,28086.141,0.9122007,0.017773198,255,2,536,1536
8,0,28147.692,0.95034936,0.017773198,255,2,537,1537
8,0,28194.634,0.85394075,0.017773198,255,2,538,1538
8,0,28497.336,0.91470299,0.017773198,255,2,539,1539
8,0,28793.907,0.92299132,0.017773198,255,2,540,1540
8,0,28851.001,0.95879369,0.017773198,255,2,541,1541
8,0,28699.041,0.99431749,0.017773198,255,2,542,1542
8,0,28494,0.98254871,0.017773198,255,2,543,1543
8,0,28225.903,0.99294067,0.017773198,255,2,544,1544
8,0,28389.706,0.94214413,0.017773198,255,2,545,1545
8,0,28382.262,0.97077626,0.017773198,255,2,546,1546
8,0,28645.751,0.99244754,0.017773198,255,2,547,1547
8,0,28242.196,0.85751912,0.017773198,255,2,548,1548
8,0,28743.736,0.97103508,0.017773198,255,2,549,1549
8,0,28280.435,0.92928962,0.017773198,255,2,550,1550
8,0,28270.225,0.98257046,0.017773198,255,2,551,1551
8,0,28368.173,0.90987007,0.017773198,255,2,552,1552
8,0,28290.275,0.96295168,0.017773198,255,2,553,1553
8,0,28385.05,0.86819047,0.017773198,255,2,554,1554
8,0,27947.737,0.99468805,0.017773198,255,2,555,1555
8,0,28350.004,0.95494181,0.017773198,255,2,556,1556
8,0,28051.484,0.89609946,0.017773198,255,2,557,1557
8,0,28463.418,0.96742584,0.017773198,255,2,558,1558
8,0,28264.711,0.97801575,0.017773198,255,2,559,1559
8,0,28894.332,0.93747769,0.017773198,255,2,560,1560
8,0,28794.279,0.94389775,0.017773198,255,2,561,1561
8,0,29047.251,0.98553023,0.017773198,255,2,562,1562
8,0,28851.912,0.99184076,0.017773198,255,2,563,1563
8,0,29188.073,0.97531115,0.017773198,255,2,564,1564
8,0,28994.337,0.9598966,0.017773198,255,2,565,1565
8,0,28821.747,0.91429861,0.017773198,255,2,566,1566
8,0,28857.937,0.89226515,0.017773198,255,2,567,1567
8,0,29094.592,0.9761988,0.017773198,255,2,568,1568
8,0,28925.279,0.88295305,0.017773198,255,2,569,1569
8,0,28876.907,0.9935133,0.017773198,255,2,570,1570
8,0,28902.883,0.99045079,0.017773198,255,2,571,1571
8,0,29157.997,0.98061568,0.017773198,255,2,572,1572
8,0,29020.807,0.98171912,0.017773198,255,2,573,1573
8,0,29144.801,0.90817557,0.017773198,255,2,574,1574
8,0,28669.627,0.8144082,0.017773198,255,2,575,1575
8,0,28564.678,0.82697752,0.017773198,255,2,576,1576
8,0,28933.616,0.97435594,0.017773198,255,2,577,1577
8,0,29360.549,0.99398746,0.017773198,255,2,578,1578
8,0,29205.456,0.99255808,0.017773198,255,2,579,1579
8,0,28799.46,0.98446814,0.017773198,255,2,580,1580
8,0,28434.386,0.97708306,0.017773198,255,2,581,1581
8,0,28426.158,0.94343539,0.017773198,255,2,582,1582
8,0,28244.384,0.92936144,0.017773198,255,2,583,1583
8,0,28448.259,0.98060728,0.017773198,255,2,584,1584
8,0,28105.395,0.9962658,0.017773198,255,2,585,1585
8,0,27926.795,0.97776085,0.017773198,255,2,586,1586
8,0,28640.285,0.97181597,0.017773198,255,2,587,1587
8,0,28798.889,0.96892018,0.017773198,255,2,588,1588
8,0,28577.722,0.95519086,0.017773198,255,2,589,1589
8,0,28905.705,0.8469261,0.017773198,255,2,590,1590
8,0,29036.451,0.9996543,0.017773198,255,2,591,1591
8,0,29168.878,0.9141994,0.017773198,255,2,592,1592
8,0,29064.674,0.9616715,0.017773198,255,2,593,1593
8,0,29182.475,0.93921605,0.017773198,255,2,594,1594
8,0,29581.534,0.98396364,0.017773198,255,2,595,1595
8,0,29259.961,0.95139829,0.017773198,255,2,596,1596
8,0,28481.798,0.92947893,0.017773198,255,2,597,1597
8,0,28214.614,0.94115468,0.017773198,255,2,598,1598
8,0,28376.665,0.88223707,0.017773198,255,2,599,1599
8,0,28390.421,0.95715566,0.017773198,255,2,600,1600
8,0,28394.412,0.98835015,0.017773198,255,2,601,1601
8,0,28364.39,0.96513089,0.017773198,255,2,602,1602
8,0,28428.524,0.85283134,0.017773198,255,2,603,1603
8,0,28774.592,0.95703499,0.017773198,255,2,604,1604
8,0,28962.259,0.97443074,0.017773198,255,2,605,1605
8,0,29273.777,0.92868407,0.017773198,255,2,606,1606
8,0,28407.025,0.98988562,0.017773198,255,2,607,1607
8,0,28235.936,0.94551298,0.017773198,255,2,608,1608
8,0,28118.176,0.86656191,0.017773198,255,2,609,1609
8,0,28340.116,0.96823898,0.017773198,255,2,610,1610
8,0,28561.215,0.89912397,0.017773198,255,2,611,1611
8,0,28861.344,0.96253611,0.017773198,255,2,612,1612
8,0,28513.126,0.90048804,0.017773198,255,2,613,1613
8,0,28078.492,0.95615324,0.017773198,255,2,614,1614
8,0,28474.822,0.94059988,0.017773198,255,2,615,1615
8,0,28090.766,0.85398361,0.017773198,255,2,616,1616
8,0,28057.821,0.97099178,0.017773198,255,2,617,1617
8,0,28073.656,0.99643154,0.017773198,255,2,618,1618
8,0,28246.394,0.91849271,0.017773198,255,2,619,1619
8,0,28639.267,0.96310948,0.017773198,255,2,620,1620
8,0,28541.35,0.94272104,0.017773198,255,2,621,1621
8,0,28227.29,0.96271161,0.017773198,255,2,622,1622
8,0,28410.25,0.99896706,0.017773198,255,2,623,1623
8,0,28252.481,0.97043504,0.017773198,255,2,624,1624
8,0,28487.179,0.97698545,0.017773198,255,2,625,1625
8,0,28482.091,0.9744288,0.017773198,255,2,626,1626
8,0,28656.019,0.97629193,0.017773198,255,2,627,1627
8,0,28802.126,0.96938951,0.017773198,255,2,628,1628
8,0,28938.844,0.94863111,0.017773198,255,2,629,1629
8,0,28681.241,0.98047336,0.017773198,255,2,630,1630
8,0,28785.498,0.88710052,0.017773198,255,2,631,1631
8,0,28432.43,0.98701277,0.017773198,255,2,632,1632
8,0,28599.909,0.99172057,0.017773198,255,2,633,1633
8,0,28241.074,0.96063414,0.017773198,255,2,634,1634
8,0,28328.034,0.9952409,0.017773198,255,2,635,1635
8,0,28517.842,0.97464219,0.017773198,255,2,636,1636
8,0,28646.553,0.97914286,0.017773198,255,2,637,1637
8,0,28106.834,0.91098846,0.017773198,255,2,638,1638
8,0,27705.483,0.99531449,0.017773198,255,2,639,1639
8,0,28093.046,0.97474374,0.017773198,255,2,640,1640
8,0,27984.225,0.97907875,0.017773198,255,2,641,1641
8,0,28175.071,0.99105315,0.017773198,255,2,642,1642
8,0,28581.788,0.83276084,0.017773198,255,2,643,1643
8,0,28312.729,0.88327326,0.017773198,255,2,644,1644
8,0,28647.6,0.91839617,0.017773198,255,2,645,1645
8,0,28306.204,0.98279882,0.017773198,255,2,646,1646
8,0,28608.811,0.98150268,0.017773198,255,2,647,1647
8,0,28805.397,0.80262264,0.017773198,255,2,648,1648
8,0,29003.955,0.89720823,0.017773198,255,2,649,1649
8,0,29027.744,0.97958347,0.017773198,255,2,650,1650
8,0,28647.411,0.98432514,0.017773198,255,2,651,1651
8,0,28455.978,0.97184305,0.017773198,255,2,652,1652
8,0,28505.728,0.86063127,0.017773198,255,2,653,1653
8,0,28245.93,0.99612908,0.017773198,255,2,654,1654
8,0,28061.376,0.96762487,0.017773198,255,2,655,1655
8,0,28085.632,0.9303835,0.017773198,255,2,656,1656
8,0,28228.198,0.99469212,0.017773198,255,2,657,1657
8,0,27993.066,0.97394592,0.017773198,255,2,658,1658
8,0,28220.214,0.70944388,0.017773198,255,2,659,1659
8,0,28432.509,0.95750582,0.017773198,255,2,660,1660
8,0,28595.691,0.98671122,0.017773198,255,2,661,1661
8,0,29008.752,0.97646677,0.017773198,255,2,662,1662
8,0,28926.683,0.99621974,0.017773198,255,2,663,1663
8,0,28745.314,0.99964264,0.017773198,255,2,664,1664
8,0,28793.675,0.91469634,0.017773198,255,2,665,1665
8,0,28436.755,0.99809812,0.017773198,255,2,666,1666
8,0,28451.32,0.97545895,0.017773198,255,2,667,1667
8,0,28682.728,0.88173607,0.017773198,255,2,668,1668
8,0,28466.127,0.96161115,0.017773198,255,2,669,1669
8,0,28954.519,0.96686894,0.017773198,255,2,670,1670
8,0,28720.672,0.84006653,0.017773198,255,2,671,1671
8,0,28702.355,0.98917758,0.017773198,255,2,672,1672
8,0,28455.191,0.96437079,0.017773198,255,2,673,1673
8,0,28613.534,0.98478046,0.017773198,255,2,674,1674
8,0,28800.943,0.92198389,0.017773198,255,2,675,1675
8,0,29175.016,0.85899394,0.017773198,255,2,676,1676
8,0,28820.089,0.98032268,0.017773198,255,2,677,1677
8,0,28361.541,0.94907557,0.017773198,255,2,678,1678
8,0,28510.12,0.90897292,0.017773198,255,2,679,1679
8,0,28414.285,0.95449731,0.017773198,255,2,680,1680
8,0,27995.848,0.89847932,0.017773198,255,2,681,1681
8,0,27849.733,0.99988444,0.017773198,255,2,682,1682
8,0,28056.98,0.95839527,0.017773198,255,2,683,1683
8,0,28596.07,0.9623892,0.017773198,255,2,684,1684
8,0,28615.382,0.96298234,0.017773198,255,2,685,1685
8,0,28457.468,0.92552832,0.017773198,255,2,686,1686
8,0,27955.196,0.9377891,0.017773198,255,2,687,1687
8,0,28292.674,0.93931709,0.017773198,255,2,688,1688
8,0,28377.799,0.95807825,0.017773198,255,2,689,1689
8,0,28242.254,0.97385799,0.017773198,255,2,690,1690
8,0,28125.135,0.96021126,0.017773198,255,2,691,1691
8,0,27937.79,0.9925533,0.017773198,255,2,692,1692
8,0,28577.672,0.98282584,0.017773198,255,2,693,1693
8,0,29060.804,0.88140723,0.017773198,255,2,694,1694
8,0,28779.257,0.99326686,0.017773198,255,2,695,1695
8,0,28722.672,0.99106179,0.017773198,255,2,696,1696
8,0,28634.446,0.83042167,0.017773198,255,2,697,1697
8,0,28650.953,0.89439176,0.017773198,255,2,698,1698
8,0,29149.838,0.97320878,0.017773198,255,2,699,1699
8,0,29295.82,0.94750122,0.017773198,255,2,700,1700
8,0,29111.723,0.91218659,0.017773198,255,2,701,1701
8,0,28403.497,0.99810474,0.017773198,255,2,702,1702
8,0,28794.578,0.96567976,0.017773198,255,2,703,1703
8,0,28736.523,0.93668917,0.017773198,255,2,704,1704
8,0,28884.801,0.83686633,0.017773198,255,2,705,1705
8,0,28923.213,0.945186,0.017773198,255,2,706,1706
8,0,28371.092,0.99752128,0.017773198,255,2,707,1707
8,0,28343.372,0.90710072,0.017773198,255,2,708,1708
8,0,28626.454,0.9632431,0.017773198,255,2,709,1709
8,0,29012.058,0.9105619,0.017773198,255,2,710,1710
8,0,29639.068,0.99050378,0.017773198,255,2,711,1711
8,0,29465.489,0.95999173,0.017773198,255,2,712,1712
8,0,28877.929,0.91940483,0.017773198,255,2,713,1713
8,0,29239.654,0.84170216,0.017773198,255,2,714,1714
8,0,29116.079,0.988675,0.017773198,255,2,715,1715
8,0,28854.309,0.99649896,0.017773198,255,2,716,1716
8,0,28455.453,0.99677011,0.017773198,255,2,717,1717
8,0,28698.463,0.9877887,0.017773198,255,2,718,1718
8,0,28396.628,0.99034148,0.017773198,255,2,719,1719
8,0,28297.59,0.96074789,0.017773198,255,2,720,1720
8,0,28261.022,0.83151319,0.017773198,255,2,721,1721
8,0,28658.144,0.88370276,0.017773198,255,2,722,1722
8,0,28774.381,0.97154413,0.017773198,255,2,723,1723
8,0,28593.667,0.91577346,0.017773198,255,2,724,1724
8,0,28434.846,0.92580635,0.017773198,255,2,725,1725
8,0,28919.68,0.98470428,0.017773198,255,2,726,1726
8,0,28659.785,0.96589974,0.017773198,255,2,727,1727
8,0,28200.876,0.9776278,0.017773198,255,2,728,1728
8,0,28015.791,0.9955897,0.017773198,255,2,729,1729
8,0,28102.068,0.95052759,0.017773198,255,2,730,1730
8,0,28440.821,0.94990677,0.017773198,255,2,731,1731
8,0,28177.676,0.93341081,0.017773198,255,2,732,1732
8,0,27781.986,0.91751691,0.017773198,255,2,733,1733
8,0,28205.689,0.89128083,0.017773198,255,2,734,1734
8,0,28192.05,0.98073855,0.017773198,255,2,735,1735
8,0,28408.826,0.93975787,0.017773198,255,2,736,1736
8,0,29145.44,0.95502322,0.017773198,255,2,737,1737
8,0,29005.446,0.90199081,0.017773198,255,2,738,1738
8,0,28541.09,0.98866503,0.017773198,255,2,739,1739
8,0,28336.592,0.90744769,0.017773198,255,2,740,1740
8,0,28741.133,0.89643331,0.017773198,255,2,741,1741
8,0,29238.212,0.97100446,0.017773198,255,2,742,1742
8,0,29173.683,0.95433937,0.017773198,255,2,743,1743
8,0,29262.242,0.97440157,0.017773198,255,2,744,1744
8,0,29200.139,0.77179445,0.017773198,255,2,745,1745
8,0,28968.38,0.99959458,0.017773198,255,2,746,1746
8,0,29160.135,0.94332766,0.017773198,255,2,747,1747
8,0,28740.89,0.86298388,0.017773198,255,2,748,1748
8,0,28443.536,0.99397991,0.017773198,255,2,749,1749
8,0,28208.634,0.73992318,0.017773198,255,2,750,1750
8,0,28153.594,0.95849102,0.017773198,255,2,751,1751
8,0,28161.172,1,0.017773198,255,2,752,1752
8,0,28652.092,0.90867124,0.017773198,255,2,753,1753
8,0,28957.896,0.99749794,0.017773198,255,2,754,1754
8,0,28545.612,0.96087263,0.017773198,255,2,755,1755
8,0,28749.46,0.7841419,0.017773198,255,2,756,1756
8,0,28753.597,0.97198024,0.017773198,255,2,757,1757
8,0,28391.539,0.99444926,0.017773198,255,2,758,1758
8,0,28231.809,0.92254362,0.017773198,255,2,759,1759
8,0,28279.539,0.98787657,0.017773198,255,2,760,1760
8,0,28066.695,0.9942539,0.017773198,255,2,761,1761
8,0,28186.502,0.96808658,0.017773198,255,2,762,1762
8,0,28360.861,0.87575717,0.017773198,255,2,763,1763
8,0,28529.502,0.97713641,0.017773198,255,2,764,1764
8,0,28681.478,0.99333027,0.017773198,255,2,765,1765
8,0,28220.811,0.86927263,0.017773198,255,2,766,1766
8,0,28418.266,0.93920345,0.017773198,255,2,767,1767
8,0,28258.217,1,0.017773198,255,2,768,1768
8,0,28348.707,0.99451306,0.017773198,255,2,769,1769
8,0,28797.095,0.98300587,0.017773198,255,2,770,1770
8,0,28578.043,0.91859152,0.017773198,255,2,771,1771
8,0,28889.624,0.98484971,0.017773198,255,2,772,1772
8,0,29073.553,0.75642133,0.017773198,255,2,773,1773
8,0,28425.767,0.98972073,0.017773198,255,2,774,1774
8,0,28650.935,0.99433776,0.017773198,255,2,775,1775
8,0,28412.808,0.95414469,0.017773198,255,2,776,1776
8,0,28605.059,0.95416307,0.017773198,255,2,777,1777
8,0,28272.475,0.98095665,0.017773198,255,2,778,1778
8,0,28385.349,0.7876809,0.017773198,255,2,779,1779
8,0,28471.415,0.96959535,0.017773198,255,2,780,1780
8,0,28428.152,0.90799522,0.017773198,255,2,781,1781
8,0,28348.54,0.9833346,0.017773198,255,2,782,1782
8,0,28177.032,0.96211251,0.017773198,255,2,783,1783
8,0,28366.997,0.78895202,0.017773198,255,2,784,1784
8,0,28366.268,0.92956577,0.017773198,255,2,785,1785
8,0,28264.393,0.99512681,0.017773198,255,2,786,1786
8,0,28218.509,0.93522495,0.017773198,255,2,787,1787
8,0,28046.474,0.94758522,0.017773198,255,2,788,1788
8,0,27851.377,0.94227937,0.017773198,255,2,789,1789
8,0,27735.171,0.91934384,0.017773198,255,2,790,1790
8,0,27875.4,0.99521913,0.017773198,255,2,791,1791
8,0,27916.854,0.968331,0.017773198,255,2,792,1792
8,0,28347.903,0.97837571,0.017773198,255,2,793,1793
8,0,28870.664,0.89159646,0.017773198,255,2,794,1794
8,0,29248.552,0.97282325,0.017773198,255,2,795,1795
8,0,29128.261,0.99269519,0.017773198,255,2,796,1796
8,0,29578.292,0.88761784,0.017773198,255,2,797,1797
8,0,29558.707,0.90003193,0.017773198,255,2,798,1798
8,0,29362.67,0.97718057,0.017773198,255,2,799,1799
8,0,28436.41,0.99635743,0.017773198,255,2,800,1800
8,0,28774.964,0.84170726,0.017773198,255,2,801,1801
8,0,28133.021,0.80343341,0.017773198,255,2,802,1802
8,0,28383.01,0.97367311,0.017773198,255,2,803,1803
8,0,28326.134,0.86710053,0.017773198,255,2,804,1804
8,0,28082.916,0.94877994,0.017773198,255,2,805,1805
8,0,28170.261,0.97035557,0.017773198,255,2,806,1806
8,0,28099.633,0.9388649,0.017773198,255,2,807,1807
8,0,27660.218,0.87341004,0.017773198,255,2,808,1808
8,0,27294.632,0.89671419,0.017773198,255,2,809,1809
8,0,27701.557,0.95786035,0.017773198,255,2,810,1810
8,0,28012.792,0.9420866,0.017773198,255,2,811,1811
8,0,28420.537,0.81445391,0.017773198,255,2,812,1812
8,0,28946.25,0.9980125,0.017773198,255,2,813,1813
8,0,28510.798,0.9978792,0.017773198,255,2,814,1814
8,0,28190.051,0.96524988,0.017773198,255,2,815,1815
8,0,28277.178,0.99877199,0.017773198,255,2,816,1816
8,0,28437.001,0.89990156,0.017773198,255,2,817,1817
8,0,28559.612,0.88883238,0.017773198,255,2,818,1818
8,0,28050.372,0.98182492,0.017773198,255,2,819,1819
8,0,28308.944,0.95294154,0.017773198,255,2,820,1820
8,0,28645.674,0.99102785,0.017773198,255,2,821,1821
8,0,29135.477,0.99211549,0.017773198,255,2,822,1822
8,0,29202.485,0.99043764,0.017773198,255,2,823,1823
8,0,29290.57,0.94639013,0.017773198,255,2,824,1824
8,0,28876.462,0.98954116,0.017773198,255,2,825,1825
8,0,28519.097,0.95920961,0.017773198,255,2,826,1826
8,0,28728.881,0.92372317,0.017773198,255,2,827,1827
8,0,28616.067,0.93632024,0.017773198,255,2,828,1828
8,0,28929.025,0.90668512,0.017773198,255,2,829,1829
8,0,28936.106,0.98530056,0.017773198,255,2,830,1830
8,0,28633.811,0.95630191,0.017773198,255,2,831,1831
8,0,28483.781,0.985714,0.017773198,255,2,832,1832
8,0,28377.785,0.9587849,0.017773198,255,2,833,1833
8,0,28644.417,0.99218579,0.017773198,255,2,834,1834
8,0,28534.291,0.84865349,0.017773198,255,2,835,1835
8,0,28331.331,0.85324629,0.017773198,255,2,836,1836
8,0,28432.95,0.91879068,0.017773198,255,2,837,1837
8,0,29172.501,0.84674971,0.017773198,255,2,838,1838
8,0,28799.463,0.99561198,0.017773198,255,2,839,1839
8,0,29454.032,0.95312654,0.017773198,255,2,840,1840
8,0,29009.712,0.98766184,0.017773198,255,2,841,1841
8,0,28397.855,0.92577703,0.017773198,255,2,842,1842
8,0,28277.285,0.95021114,0.017773198,255,2,843,1843
8,0,28457.234,0.99267647,0.017773198,255,2,844,1844
8,0,28387.631,0.90681431,0.017773198,255,2,845,1845
8,0,28337.789,0.88629463,0.017773198,255,2,846,1846
8,0,28211.903,0.9280972,0.017773198,255,2,847,1847
8,0,27952.546,0.97174396,0.017773198,255,2,848,1848
8,0,28333.251,0.83190969,0.017773198,255,2,849,1849
8,0,28160.14,0.85436735,0.017773198,255,2,850,1850
8,0,28467.893,0.99915802,0.017773198,255,2,851,1851
8,0,28437.943,0.98998209,0.017773198,255,2,852,1852
8,0,28577.393,0.98513439,0.017773198,255,2,853,1853
8,0,28452.257,0.93224221,0.017773198,255,2,854,1854
8,0,28619.635,0.93395364,0.017773198,255,2,855,1855
8,0,28530.333,0.97852454,0.017773198,255,2,856,1856
8,0,28536.545,0.92857303,0.017773198,255,2,857,1857
8,0,28855.32,0.96003951,0.017773198,255,2,858,1858
8,0,28895.439,0.91446644,0.017773198,255,2,859,1859
8,0,28500.658,0.94559579,0.017773198,255,2,860,1860
8,0,28632.586,0.84369875,0.017773198,255,2,861,1861
8,0,29449.917,0.99497714,0.017773198,255,2,862,1862
8,0,29101.24,0.9650591,0.017773198,255,2,863,1863
8,0,28617.357,0.99801119,0.017773198,255,2,864,1864
8,0,28973.361,0.99577971,0.017773198,255,2,865,1865
8,0,28638.743,0.96946513,0.017773198,255,2,866,1866
8,0,28100.07,0.97220667,0.017773198,255,2,867,1867
8,0,28203.869,0.97580066,0.017773198,255,2,868,1868
8,0,28288.525,0.90591843,0.017773198,255,2,869,1869
8,0,27998.112,0.99849228,0.017773198,255,2,870,1870
8,0,27909.715,0.87776631,0.017773198,255,2,871,1871
8,0,27463.164,0.98792292,0.017773198,255,2,872,1872
8,0,27825.712,0.8230054,0.017773198,255,2,873,1873
8,0,28339.008,0.98560406,0.017773198,255,2,874,1874
8,0,28027.716,0.80513475,0.017773198,255,2,875,1875
8,0,28348.587,0.99237297,0.017773198,255,2,876,1876
8,0,28406.012,0.88895652,0.017773198,255,2,877,1877
8,0,28648.831,0.99622152,0.017773198,255,2,878,1878
8,0,28422.792,0.97495399,0.017773198,255,2,879,1879
8,0,28629.869,0.88932667,0.017773198,255,2,880,1880
8,0,28225.902,0.97403966,0.017773198,255,2,881,1881
8,0,28248.094,0.9815744,0.017773198,255,2,882,1882
8,0,28245.138,0.948126,0.017773198,255,2,883,1883
8,0,28504.597,0.78815471,0.017773198,255,2,884,1884
8,0,28636.389,0.983759,0.017773198,255,2,885,1885
8,0,28278.533,0.90862903,0.017773198,255,2,886,1886
8,0,28313.093,0.98801193,0.017773198,255,2,887,1887
8,0,28234.892,0.72557923,0.017773198,255,2,888,1888
8,0,28968.48,0.93921958,0.017773198,255,2,889,1889
8,0,28734.992,0.94101282,0.017773198,255,2,890,1890
8,0,28735.097,0.9923944,0.017773198,255,2,891,1891
8,0,28921.301,0.98113517,0.017773198,255,2,892,1892
8,0,28452.306,0.9899471,0.017773198,255,2,893,1893
8,0,28560.686,0.98519586,0.017773198,255,2,894,1894
8,0,28521.819,0.98094951,0.017773198,255,2,895,1895
8,0,28834.18,0.95917903,0.017773198,255,2,896,1896
8,0,28964.837,0.96631336,0.017773198,255,2,897,1897
8,0,28846.06,0.99620248,0.017773198,255,2,898,1898
8,0,28183.704,0.97955381,0.017773198,255,2,899,1899
8,0,28214.805,0.98789401,0.017773198,255,2,900,1900
8,0,28275.674,0.86320633,0.017773198,255,2,901,1901
8,0,28239.615,0.97964785,0.017773198,255,2,902,1902
8,0,28201.496,0.94841357,0.017773198,255,2,903,1903
8,0,29017.35,0.94108536,0.017773198,255,2,904,1904
8,0,28876.339,0.99258698,0.017773198,255,2,905,1905
8,0,28602.817,0.98031229,0.017773198,255,2,906,1906
8,0,28590.812,0.82503436,0.017773198,255,2,907,1907
8,0,28473.663,0.97603562,0.017773198,255,2,908,1908
8,0,28518.59,0.989034,0.017773198,255,2,909,1909
8,0,28196.668,0.99568143,0.017773198,255,2,910,1910
8,0,28277.719,0.90324468,0.017773198,255,2,911,1911
8,0,28362.858,0.92322767,0.017773198,255,2,912,1912
8,0,28463.197,0.93613187,0.017773198,255,2,913,1913
8,0,28499.965,0.9231259,0.017773198,255,2,914,1914
8,0,28729.386,0.96982529,0.017773198,255,2,915,1915
8,0,28933.455,0.96794995,0.017773198,255,2,916,1916
8,0,28572.499,0.98197073,0.017773198,255,2,917,1917
8,0,29197.666,0.93669323,0.017773198,255,2,918,1918
8,0,28590.891,0.92905392,0.017773198,255,2,919,1919
8,0,28752.355,0.95802918,0.017773198,255,2,920,1920
8,0,28858.608,0.99447242,0.017773198,255,2,921,1921
8,0,28561.587,0.99675202,0.017773198,255,2,922,1922
8,0,28710.369,0.94024644,0.017773198,255,2,923,1923
8,0,29026.234,0.94748477,0.017773198,255,2,924,1924
8,0,29106.764,0.92740242,0.017773198,255,2,925,1925
8,0,29149.693,0.96525406,0.017773198,255,2,926,1926
8,0,29113.852,0.88069506,0.017773198,255,2,927,1927
8,0,28791.754,0.96592442,0.017773198,255,2,928,1928
8,0,28858.637,0.99989514,0.017773198,255,2,929,1929
8,0,28753.074,0.89200429,0.017773198,255,2,930,1930
8,0,28126.278,0.95917408,0.017773198,255,2,931,1931
8,0,28313.933,0.954304,0.017773198,255,2,932,1932
8,0,28557.869,0.93134859,0.017773198,255,2,933,1933
8,0,28508.216,0.99495251,0.017773198,255,2,934,1934
8,0,28982.974,0.89109209,0.017773198,255,2,935,1935
8,0,29180.718,0.97026173,0.017773198,255,2,936,1936
8,0,29258.305,0.84569844,0.017773198,255,2,937,1937
8,0,29020.802,0.98978206,0.017773198,255,2,938,1938
8,0,28707.391,0.94655763,0.017773198,255,2,939,1939
8,0,28858.068,0.99297269,0.017773198,255,2,940,1940
8,0,28380.713,0.97401707,0.017773198,255,2,941,1941
8,0,28517.387,0.87564717,0.017773198,255,2,942,1942
8,0,28798.203,0.95119322,0.017773198,255,2,943,1943
8,0,28714.783,0.99907994,0.017773198,255,2,944,1944
8,0,28795.353,0.9867242,0.017773198,255,2,945,1945
8,0,28615.524,0.94453039,0.017773198,255,2,946,1946
8,0,29085.369,0.89135526,0.017773198,255,2,947,1947
8,0,29143.588,0.97632968,0.017773198,255,2,948,1948
8,0,28826.334,0.79899201,0.017773198,255,2,949,1949
8,0,28878.38,0.85100777,0.017773198,255,2,950,1950
8,0,29146.099,0.9684095,0.017773198,255,2,951,1951
8,0,28982.576,0.96647575,0.017773198,255,2,952,1952
8,0,28845.921,0.93308704,0.017773198,255,2,953,1953
8,0,28114.744,0.96497035,0.017773198,255,2,954,1954
8,0,28174.568,0.9269145,0.017773198,255,2,955,1955
8,0,28264.78,0.97649156,0.017773198,255,2,956,1956
8,0,28616.523,0.98612175,0.017773198,255,2,957,1957
8,0,28267.403,0.97865646,0.017773198,255,2,958,1958
8,0,28129.776,0.89978226,0.017773198,255,2,959,1959
8,0,28454.845,0.91116484,0.017773198,255,2,960,1960
8,0,28274.173,0.99991955,0.017773198,255,2,961,1961
8,0,28601.265,0.98797969,0.017773198,255,2,962,1962
8,0,28381.813,0.97536658,0.017773198,255,2,963,1963
8,0,28635.689,0.97356565,0.017773198,255,2,964,1964
8,0,28531.366,0.8267902,0.017773198,255,2,965,1965
8,0,28549.934,0.98580758,0.017773198,255,2,966,1966
8,0,28319.087,0.96837118,0.017773198,255,2,967,1967
8,0,28485.696,0.77411069,0.017773198,255,2,968,1968
8,0,29030.206,0.89934703,0.017773198,255,2,969,1969
8,0,28568.842,0.92473458,0.017773198,255,2,970,1970
8,0,28797.461,0.93349396,0.017773198,255,2,971,1971
8,0,28585.618,0.98977809,0.017773198,255,2,972,1972
8,0,28426.704,0.94593543,0.017773198,255,2,973,1973
8,0,28647.383,0.92737453,0.017773198,255,2,974,1974
8,0,28728.394,0.93220794,0.017773198,255,2,975,1975
8,0,28381.005,0.9803435,0.017773198,255,2,976,1976
8,0,28745.11,0.85574095,0.017773198,255,2,977,1977
8,0,28674.968,0.99988485,0.017773198,255,2,978,1978
8,0,27745.32,0.91479756,0.017773198,255,2,979,1979
8,0,27581.644,0.98428844,0.017773198,255,2,980,1980
8,0,27727.426,0.95825844,0.017773198,255,2,981,1981
8,0,28216.497,1,0.017773198,255,2,982,1982
8,0,28268.296,0.91221488,0.017773198,255,2,983,1983
8,0,28337.139,0.97549468,0.017773198,255,2,984,1984
8,0,28922.594,0.81006749,0.017773198,255,2,985,1985
8,0,29223.58,0.96796258,0.017773198,255,2,986,1986
8,0,29076.702,0.99143271,0.017773198,255,2,987,1987
8,0,29492.883,0.97985557,0.017773198,255,2,988,1988
8,0,29227.249,0.90994616,0.017773198,255,2,989,1989
8,0,28971.144,0.97937087,0.017773198,255,2,990,1990
8,0,29124.435,0.98487132,0.017773198,255,2,991,1991
8,0,28655.56,0.99787463,0.017773198,255,2,992,1992
8,0,28479.93,0.87085865,0.017773198,255,2,993,1993
8,0,28407.985,0.98206576,0.017773198,255,2,994,1994
8,0,28342.889,0.86255202,0.017773198,255,2,995,1995
8,0,28601.676,0.8731663,0.017773198,255,2,996,1996
8,0,28402.536,0.96159967,0.017773198,255,2,997,1997
8,0,28460.378,0.90173336,0.017773198,255,2,998,1998
8,0,28551.127,0.8551467,0.017773198,255,2,999,1999
8,0,28507.511,0.81424333,0.017773198,255,2,1000,2000
8,0,28570.579,0.96993873,0.01827655,255,3,1,2001
8,0,28792.88,0.96702562,0.01827655,255,3,2,2002
8,0,28549.821,0.92684139,0.01827655,255,3,3,2003
8,0,28495.117,0.97866243,0.01827655,255,3,4,2004
8,0,28606.537,0.95749608,0.01827655,255,3,5,2005
8,0,28574.497,0.97744095,0.01827655,255,3,6,2006
8,0,28176.463,0.98342154,0.01827655,255,3,7,2007
8,0,28262.356,0.97220081,0.01827655,255,3,8,2008
8,0,28245.812,0.98965704,0.01827655,255,3,9,2009
8,0,28459.374,0.93623406,0.01827655,255,3,10,2010
8,0,28480.363,0.9830996,0.01827655,255,3,11,2011
8,0,28350.6,0.91433758,0.01827655,255,3,12,2012
8,0,28244.132,0.96115113,0.01827655,255,3,13,2013
8,0,28780.05,0.98150817,0.01827655,255,3,14,2014
8,0,28561.464,0.9959749,0.01827655,255,3,15,2015
8,0,28476.827,0.94126966,0.01827655,255,3,16,2016
8,0,28078.476,0.91892197,0.01827655,255,3,17,2017
8,0,28347.274,0.99731525,0.01827655,255,3,18,2018
8,0,28062.702,0.94524475,0.01827655,255,3,19,2019
8,0,28139.18,0.88220021,0.01827655,255,3,20,2020
8,0,28674.271,0.95918773,0.01827655,255,3,21,2021
8,0,28764.411,0.98267734,0.01827655,255,3,22,2022
8,0,28667.325,0.96256978,0.01827655,255,3,23,2023
8,0,28450.64,0.92798271,0.01827655,255,3,24,2024
8,0,28350.521,0.98945951,0.01827655,255,3,25,2025
8,0,28446.171,0.90931738,0.01827655,255,3,26,2026
8,0,28501.022,0.99683094,0.01827655,255,3,27,2027
8,0,28410.442,0.91951103,0.01827655,255,3,28,2028
8,0,28657.891,0.94536893,0.01827655,255,3,29,2029
8,0,28415.118,0.97590109,0.01827655,255,3,30,2030
8,0,28399.161,0.95726539,0.01827655,255,3,31,2031
8,0,28278.513,0.99706327,0.01827655,255,3,32,2032
8,0,28334.022,0.99458075,0.01827655,255,3,33,2033
8,0,28632.834,0.95717141,0.01827655,255,3,34,2034
8,0,28799.045,0.9726033,0.01827655,255,3,35,2035
8,0,29236.75,0.96981368,0.01827655,255,3,36,2036
8,0,29026.668,0.99231844,0.01827655,255,3,37,2037
8,0,29247.926,0.93373155,0.01827655,255,3,38,2038
8,0,28884.92,0.96382592,0.01827655,255,3,39,2039
8,0,29263.357,0.92843191,0.01827655,255,3,40,2040
8,0,29106.901,0.96409917999999994,0.01827655,255,3,41,2041
8,0,29311.622,0.97451042,0.01827655,255,3,42,2042
8,0,29243.163,0.89512191,0.01827655,255,3,43,2043
8,0,29155.095,0.90335215,0.01827655,255,3,44,2044
8,0,28865.747,0.99668585,0.01827655,255,3,45,2045
8,0,28274.421,0.92870039,0.01827655,255,3,46,2046
8,0,28676.71,0.94278091,0.01827655,255,3,47,2047
8,0,28696.423,0.9869103,0.01827655,255,3,48,2048
8,0,28320.934,0.9495166,0.01827655,255,3,49,2049
8,0,28472.894,0.8502338,0.01827655,255,3,50,2050
8,0,28563.031,0.94388052,0.01827655,255,3,51,2051
8,0,28587.574,0.98113728,0.01827655,255,3,52,2052
8,0,29028.038,0.98632174,0.01827655,255,3,53,2053
8,0,28840.006,0.9644791,0.01827655,255,3,54,2054
8,0,28872.299,0.99767219,0.01827655,255,3,55,2055
8,0,28282.313,0.99305274,0.01827655,255,3,56,2056
8,0,28077.774,0.89231725,0.01827655,255,3,57,2057
8,0,28214.469,0.95736573,0.01827655,255,3,58,2058
8,0,27905.026,0.99068813,0.01827655,255,3,59,2059
8,0,28175.299,0.98641473,0.01827655,255,3,60,2060
8,0,28225.758,0.89756375,0.01827655,255,3,61,2061
8,0,28339.833,0.95066022,0.01827655,255,3,62,2062
8,0,28845.828,0.96822241,0.01827655,255,3,63,2063
8,0,28845.959,0.94159849,0.01827655,255,3,64,2064
8,0,29267.443,0.96694018,0.01827655,255,3,65,2065
8,0,28873.259,0.97800582,0.01827655,255,3,66,2066
8,0,28480.675,0.94769254,0.01827655,255,3,67,2067
8,0,28569.318,0.97782273,0.01827655,255,3,68,2068
8,0,28558.803,0.9375584,0.01827655,255,3,69,2069
8,0,28288.688,0.9303887,0.01827655,255,3,70,2070
8,0,28965.468,0.99528389,0.01827655,255,3,71,2071
8,0,29183.215,0.97130337,0.01827655,255,3,72,2072
8,0,28673.436,0.97991821,0.01827655,255,3,73,2073
8,0,27938.504,0.94240546,0.01827655,255,3,74,2074
8,0,28206.417,0.96983119,0.01827655,255,3,75,2075
8,0,28392.139,0.99198528,0.01827655,255,3,76,2076
8,0,28256.844,0.99930788,0.01827655,255,3,77,2077
8,0,28516.142,0.99259848,0.01827655,255,3,78,2078
8,0,28562.53,0.93895021,0.01827655,255,3,79,2079
8,0,29057.565,0.94404611,0.01827655,255,3,80,2080
8,0,28258.179,0.99943413,0.01827655,255,3,81,2081
8,0,28144.293,0.99601769,0.01827655,255,3,82,2082
8,0,28498.239,0.96433305,0.01827655,255,3,83,2083
8,0,28630.938,0.91220187,0.01827655,255,3,84,2084
8,0,28296.239,0.9019877,0.01827655,255,3,85,2085
8,0,28211.598,0.99293783,0.01827655,255,3,86,2086
8,0,27935.795,0.97159856,0.01827655,255,3,87,2087
8,0,27800.178,0.98918772,0.01827655,255,3,88,2088
8,0,28568.662,0.94576837,0.01827655,255,3,89,2089
8,0,28407.637,0.99773601,0.01827655,255,3,90,2090
8,0,28050.223,0.94787087,0.01827655,255,3,91,2091
8,0,28172.446,0.99675588,0.01827655,255,3,92,2092
8,0,28333.026,0.89904286,0.01827655,255,3,93,2093
8,0,28099.142,0.99595347,0.01827655,255,3,94,2094
8,0,28406.868,0.98813713,0.01827655,255,3,95,2095
8,0,28766.761,0.92792447,0.01827655,255,3,96,2096
8,0,29078.056,0.95826098,0.01827655,255,3,97,2097
8,0,28956.229,0.85446333,0.01827655,255,3,98,2098
8,0,28567.167,0.97768828,0.01827655,255,3,99,2099
8,0,28531.44,0.95052893,0.01827655,255,3,100,2100
8,0,28374.418,0.85955444,0.01827655,255,3,101,2101
8,0,28062.49,0.95289395,0.01827655,255,3,102,2102
8,0,28273.717,0.96479046,0.01827655,255,3,103,2103
8,0,28470.594,0.97540428,0.01827655,255,3,104,2104
8,0,28611.096,0.99889307,0.01827655,255,3,105,2105
8,0,28888.055,0.98299331,0.01827655,255,3,106,2106
8,0,28964.36,0.9524424,0.01827655,255,3,107,2107
8,0,28464.834,0.98877214,0.01827655,255,3,108,2108
8,0,28721.246,0.99945237,0.01827655,255,3,109,2109
8,0,28434.515,0.93825453,0.01827655,255,3,110,2110
8,0,27903.031,0.95485308,0.01827655,255,3,111,2111
8,0,27915.582,0.7897393,0.01827655,255,3,112,2112
8,0,28096.591,0.9287853,0.01827655,255,3,113,2113
8,0,28524.891,0.98319059,0.01827655,255,3,114,2114
8,0,29414.407,0.86481351,0.01827655,255,3,115,2115
8,0,29488.739,0.95206845,0.01827655,255,3,116,2116
8,0,29227.514,0.99359211,0.01827655,255,3,117,2117
8,0,28693.258,0.85121598,0.01827655,255,3,118,2118
8,0,28164.203,0.99037051,0.01827655,255,3,119,2119
8,0,28465.539,0.89495231,0.01827655,255,3,120,2120
8,0,28763.342,0.99703954,0.01827655,255,3,121,2121
8,0,28874.459,0.92294303,0.01827655,255,3,122,2122
8,0,29080.303,0.9390521,0.01827655,255,3,123,2123
8,0,29211.474,0.95147971,0.01827655,255,3,124,2124
8,0,29031.674,0.9826444,0.01827655,255,3,125,2125
8,0,28247.144,0.95127597,0.01827655,255,3,126,2126
8,0,28437.34,0.90066192,0.01827655,255,3,127,2127
8,0,28493.184,0.97888719,0.01827655,255,3,128,2128
8,0,28159.014,0.96771595,0.01827655,255,3,129,2129
8,0,28156.986,0.83804849,0.01827655,255,3,130,2130
8,0,28500.408,0.99389801,0.01827655,255,3,131,2131
8,0,28261.327,0.98787264,0.01827655,255,3,132,2132
8,0,28316.712,0.95195985,0.01827655,255,3,133,2133
8,0,28402.939,0.93165893,0.01827655,255,3,134,2134
8,0,28400.127,0.98507921,0.01827655,255,3,135,2135
8,0,27909.129,0.97408782,0.01827655,255,3,136,2136
8,0,28538.616,0.8462196,0.01827655,255,3,137,2137
8,0,28574.675,0.92535447,0.01827655,255,3,138,2138
8,0,28682.876,0.96416914,0.01827655,255,3,139,2139
8,0,29187.876,0.89931512,0.01827655,255,3,140,2140
8,0,29017.051,0.96662578,0.01827655,255,3,141,2141
8,0,28652.704,0.98230688,0.01827655,255,3,142,2142
8,0,28466.608,0.97092217,0.01827655,255,3,143,2143
8,0,28697.186,0.92092568,0.01827655,255,3,144,2144
8,0,28864.537,0.91577243,0.01827655,255,3,145,2145
8,0,28715.269,0.99844007,0.01827655,255,3,146,2146
8,0,28870.413,0.95183409,0.01827655,255,3,147,2147
8,0,28449.756,0.9781578,0.01827655,255,3,148,2148
8,0,28488.638,0.9480785,0.01827655,255,3,149,2149
8,0,28571.819,0.96853575,0.01827655,255,3,150,2150
8,0,28545.714,0.91164939,0.01827655,255,3,151,2151
8,0,27902.211,0.96772374,0.01827655,255,3,152,2152
8,0,27975.366,0.96845843,0.01827655,255,3,153,2153
8,0,28404.214,0.94978133,0.01827655,255,3,154,2154
8,0,28953.919,0.86745586,0.01827655,255,3,155,2155
8,0,29217.976,0.99210649,0.01827655,255,3,156,2156
8,0,28878.636,0.9326852,0.01827655,255,3,157,2157
8,0,28319.25,0.8315607,0.01827655,255,3,158,2158
8,0,28779.691,0.92494777,0.01827655,255,3,159,2159
8,0,29242.899,0.96385587,0.01827655,255,3,160,2160
8,0,28766.913,0.9992777,0.01827655,255,3,161,2161
8,0,28728.821,0.99805789,0.01827655,255,3,162,2162
8,0,28570.354,0.96107776,0.01827655,255,3,163,2163
8,0,28751.297,0.9610185,0.01827655,255,3,164,2164
8,0,28642.151,0.94511957,0.01827655,255,3,165,2165
8,0,28908.928,0.87761225,0.01827655,255,3,166,2166
8,0,29060.457,0.99978019,0.01827655,255,3,167,2167
8,0,29542.773,0.98835151,0.01827655,255,3,168,2168
8,0,29139.046,0.95604507,0.01827655,255,3,169,2169
8,0,28642.369,0.96661823,0.01827655,255,3,170,2170
8,0,28615.232,0.92414954,0.01827655,255,3,171,2171
8,0,28263.248,0.88198733,0.01827655,255,3,172,2172
8,0,28431.086,0.97874033,0.01827655,255,3,173,2173
8,0,28677.353,0.95395798,0.01827655,255,3,174,2174
8,0,28514.97,0.92668414,0.01827655,255,3,175,2175
8,0,28691.289,0.94653965,0.01827655,255,3,176,2176
8,0,28567.415,0.97192656,0.01827655,255,3,177,2177
8,0,28169.747,0.88728338,0.01827655,255,3,178,2178
8,0,28572.553,0.98587789,0.01827655,255,3,179,2179
8,0,28938.389,0.9853626,0.01827655,255,3,180,2180
8,0,29031.443,0.9203118,0.01827655,255,3,181,2181
8,0,29320.695,0.83844499,0.01827655,255,3,182,2182
8,0,29431.507,0.98254969,0.01827655,255,3,183,2183
8,0,28840.047,0.97220174,0.01827655,255,3,184,2184
8,0,28950.46,1,0.01827655,255,3,185,2185
8,0,28739.478,0.908239,0.01827655,255,3,186,2186
8,0,29230.7,0.87408695,0.01827655,255,3,187,2187
8,0,29174.794,0.99427775,0.01827655,255,3,188,2188
8,0,29321.15,0.99719362,0.01827655,255,3,189,2189
8,0,29119.504,0.99924039,0.01827655,255,3,190,2190
8,0,28714.912,0.99660361,0.01827655,255,3,191,2191
8,0,28868.47,0.92536118,0.01827655,255,3,192,2192
8,0,28659.861,0.90283379,0.01827655,255,3,193,2193
8,0,28611.498,0.99592193,0.01827655,255,3,194,2194
8,0,27868.591,0.99346182,0.01827655,255,3,195,2195
8,0,28181.54,0.97454224,0.01827655,255,3,196,2196
8,0,28190.959,0.98171417,0.01827655,255,3,197,2197
8,0,28482.537,0.97768721,0.01827655,255,3,198,2198
8,0,28853.384,0.95239853,0.01827655,255,3,199,2199
8,0,28898.965,0.98139048,0.01827655,255,3,200,2200
8,0,29013.405,0.93376756,0.01827655,255,3,201,2201
8,0,28781.82,0.96219276,0.01827655,255,3,202,2202
8,0,28588.047,0.99810409,0.01827655,255,3,203,2203
8,0,28372.397,0.99002622,0.01827655,255,3,204,2204
8,0,28468.323,0.99339718,0.01827655,255,3,205,2205
8,0,28793.52,0.99439704,0.01827655,255,3,206,2206
8,0,28575.46,0.97436883,0.01827655,255,3,207,2207
8,0,27869.72,0.98065509,0.01827655,255,3,208,2208
8,0,27904.62,0.93079445,0.01827655,255,3,209,2209
8,0,27768.017,0.9878918,0.01827655,255,3,210,2210
8,0,27630.861,0.90635495,0.01827655,255,3,211,2211
8,0,27486.109,0.96534317,0.01827655,255,3,212,2212
8,0,27934.73,0.92579168,0.01827655,255,3,213,2213
8,0,28005.555,0.99988222,0.01827655,255,3,214,2214
8,0,28403.303,0.95951806,0.01827655,255,3,215,2215
8,0,28244.832,0.88076553,0.01827655,255,3,216,2216
8,0,27909.933,0.94889604,0.01827655,255,3,217,2217
8,0,28318.482,0.91787858,0.01827655,255,3,218,2218
8,0,28657.974,0.98441172,0.01827655,255,3,219,2219
8,0,28384.047,0.94478237,0.01827655,255,3,220,2220
8,0,28456.912,0.95360521,0.01827655,255,3,221,2221
8,0,28451.214,0.9716699,0.01827655,255,3,222,2222
8,0,28670.623,0.96862186,0.01827655,255,3,223,2223
8,0,28652.401,0.95127527,0.01827655,255,3,224,2224
8,0,28521.237,0.91799313,0.01827655,255,3,225,2225
8,0,28467.216,0.98035994,0.01827655,255,3,226,2226
8,0,28157.522,0.91703078,0.01827655,255,3,227,2227
8,0,28665.846,0.86634564,0.01827655,255,3,228,2228
8,0,28854.222,0.88796527,0.01827655,255,3,229,2229
8,0,29100.763,0.87670017,0.01827655,255,3,230,2230
8,0,28443.966,0.99554612,0.01827655,255,3,231,2231
8,0,28466.025,0.97921178,0.01827655,255,3,232,2232
8,0,28454.517,0.99978269,0.01827655,255,3,233,2233
8,0,28528.878,0.96202856,0.01827655,255,3,234,2234
8,0,27988.447,0.99453922,0.01827655,255,3,235,2235
8,0,28111.621,0.95926388,0.01827655,255,3,236,2236
8,0,28519.444,0.92269919,0.01827655,255,3,237,2237
8,0,28361.575,0.91622141,0.01827655,255,3,238,2238
8,0,28466.284,0.86756408,0.01827655,255,3,239,2239
8,0,28950.82,0.87342837,0.01827655,255,3,240,2240
8,0,28976.421,0.98444008,0.01827655,255,3,241,2241
8,0,28683.772,0.994984,0.01827655,255,3,242,2242
8,0,28598.953,0.97437498,0.01827655,255,3,243,2243
8,0,28942.036,0.9873069,0.01827655,255,3,244,2244
8,0,28811.627,0.93200198,0.01827655,255,3,245,2245
8,0,28601.64,0.95470051,0.01827655,255,3,246,2246
8,0,28156.422,0.90595397,0.01827655,255,3,247,2247
8,0,27960.681,0.99696582,0.01827655,255,3,248,2248
8,0,27859.861,0.94084236,0.01827655,255,3,249,2249
8,0,28273.527,0.97651366,0.01827655,255,3,250,2250
8,0,28551.505,0.99990307,0.01827655,255,3,251,2251
8,0,28595.045,0.96604701,0.01827655,255,3,252,2252
8,0,28811.276,0.98792592,0.01827655,255,3,253,2253
8,0,28496.257,0.98764924,0.01827655,255,3,254,2254
8,0,28820.03,0.97131168,0.01827655,255,3,255,2255
8,0,28933.113,0.99546892,0.01827655,255,3,256,2256
8,0,28890.824,0.93844708,0.01827655,255,3,257,2257
8,0,28867.071,0.99418694,0.01827655,255,3,258,2258
8,0,28646.609,0.96808541,0.01827655,255,3,259,2259
8,0,29119.833,0.74414507,0.01827655,255,3,260,2260
8,0,28855.185,0.9724683,0.01827655,255,3,261,2261
8,0,28791.085,0.98994407,0.01827655,255,3,262,2262
8,0,28914.193,0.97685694,0.01827655,255,3,263,2263
8,0,29119.187,0.88110482,0.01827655,255,3,264,2264
8,0,29108.978,0.99945354,0.01827655,255,3,265,2265
8,0,29053.879,0.97545079,0.01827655,255,3,266,2266
8,0,29100.826,0.89869384,0.01827655,255,3,267,2267
8,0,28822.249,0.9857138,0.01827655,255,3,268,2268
8,0,28662.701,0.88524446,0.01827655,255,3,269,2269
8,0,28321.366,0.98072743,0.01827655,255,3,270,2270
8,0,28933.528,0.99109643,0.01827655,255,3,271,2271
8,0,28695.52,0.99913316,0.01827655,255,3,272,2272
8,0,29195.451,0.99314084,0.01827655,255,3,273,2273
8,0,29284.617,0.94406435,0.01827655,255,3,274,2274
8,0,28571.527,0.95077148,0.01827655,255,3,275,2275
8,0,28627.202,0.95405543,0.01827655,255,3,276,2276
8,0,28511.756,0.97955272,0.01827655,255,3,277,2277
8,0,28420.555,0.97000477,0.01827655,255,3,278,2278
8,0,28798.808,0.97738154,0.01827655,255,3,279,2279
8,0,28711.415,0.84744097,0.01827655,255,3,280,2280
8,0,28948.748,0.98163116,0.01827655,255,3,281,2281
8,0,28970.137,0.9968555,0.01827655,255,3,282,2282
8,0,28892.622,0.93896024,0.01827655,255,3,283,2283
8,0,28675.872,0.94267285,0.01827655,255,3,284,2284
8,0,28511.471,0.99801802,0.01827655,255,3,285,2285
8,0,28969.96,0.99130509,0.01827655,255,3,286,2286
8,0,29017.314,0.92522317,0.01827655,255,3,287,2287
8,0,28876.442,0.99069314,0.01827655,255,3,288,2288
8,0,29116.23,0.97380589,0.01827655,255,3,289,2289
8,0,29292.953,0.94658031,0.01827655,255,3,290,2290
8,0,29222.339,0.99902897,0.01827655,255,3,291,2291
8,0,29061.639,0.91590629,0.01827655,255,3,292,2292
8,0,28779.331,0.99237201,0.01827655,255,3,293,2293
8,0,28591.638,0.86351778,0.01827655,255,3,294,2294
8,0,28649.446,0.94469293,0.01827655,255,3,295,2295
8,0,28711.706,0.86911089,0.01827655,255,3,296,2296
8,0,28431.457,0.8791589,0.01827655,255,3,297,2297
8,0,27972.213,0.99190917,0.01827655,255,3,298,2298
8,0,28335.036,0.89967083,0.01827655,255,3,299,2299
8,0,28418.209,0.94158647,0.01827655,255,3,300,2300
8,0,28267.843,0.90756504,0.01827655,255,3,301,2301
8,0,28981.62,0.93267851,0.01827655,255,3,302,2302
8,0,29130.228,0.9182582,0.01827655,255,3,303,2303
8,0,28382.695,0.99382148,0.01827655,255,3,304,2304
8,0,28222.801,0.99790193,0.01827655,255,3,305,2305
8,0,28533.331,0.9850624,0.01827655,255,3,306,2306
8,0,28265.313,0.97409423,0.01827655,255,3,307,2307
8,0,28272.764,0.97567774,0.01827655,255,3,308,2308
8,0,28400.578,0.9589049,0.01827655,255,3,309,2309
8,0,28238.242,0.96651891,0.01827655,255,3,310,2310
8,0,28404.177,0.92680684,0.01827655,255,3,311,2311
8,0,28583.051,0.98771815,0.01827655,255,3,312,2312
8,0,28375.846,0.90137889,0.01827655,255,3,313,2313
8,0,28746.786,0.99507677,0.01827655,255,3,314,2314
8,0,28603.468,0.99635835,0.01827655,255,3,315,2315
8,0,28626.429,0.99712013,0.01827655,255,3,316,2316
8,0,28868.006,0.95864701,0.01827655,255,3,317,2317
8,0,28406.941,0.98566645,0.01827655,255,3,318,2318
8,0,28897.741,0.85073598,0.01827655,255,3,319,2319
8,0,28859.08,0.95254646,0.01827655,255,3,320,2320
8,0,28740.674,0.99138009,0.01827655,255,3,321,2321
8,0,28851.005,0.99388068,0.01827655,255,3,322,2322
8,0,28657.449,0.96852079,0.01827655,255,3,323,2323
8,0,28440.409,0.87009679,0.01827655,255,3,324,2324
8,0,28708.101,0.98345355,0.01827655,255,3,325,2325
8,0,28618.169,0.89238499,0.01827655,255,3,326,2326
8,0,28517.858,0.99393962,0.01827655,255,3,327,2327
8,0,28907.703,0.98912564,0.01827655,255,3,328,2328
8,0,28494.139,0.9922723,0.01827655,255,3,329,2329
8,0,28610.916,0.94755673,0.01827655,255,3,330,2330
8,0,28611.93,0.96982663,0.01827655,255,3,331,2331
8,0,28458.367,0.96326674,0.01827655,255,3,332,2332
8,0,28548.72,0.98389117,0.01827655,255,3,333,2333
8,0,28338.114,0.98912792,0.01827655,255,3,334,2334
8,0,28592.508,0.94472509,0.01827655,255,3,335,2335
8,0,28898.901,0.99223944,0.01827655,255,3,336,2336
8,0,28871.227,0.95949194,0.01827655,255,3,337,2337
8,0,28258.234,0.88932134,0.01827655,255,3,338,2338
8,0,27743.209,0.99989415,0.01827655,255,3,339,2339
8,0,27892.757,0.97071893,0.01827655,255,3,340,2340
8,0,28394.08,0.94702173,0.01827655,255,3,341,2341
8,0,28031.186,0.93144349,0.01827655,255,3,342,2342
8,0,28137.244,0.95706849,0.01827655,255,3,343,2343
8,0,28035.059,0.81058135,0.01827655,255,3,344,2344
8,0,27773.612,0.99455134,0.01827655,255,3,345,2345
8,0,28460.235,0.96463097,0.01827655,255,3,346,2346
8,0,28184.043,0.99821094,0.01827655,255,3,347,2347
8,0,28335,0.99642678,0.01827655,255,3,348,2348
8,0,28138.842,0.85022277,0.01827655,255,3,349,2349
8,0,28706.328,0.98034348,0.01827655,255,3,350,2350
8,0,28865.352,0.97522605,0.01827655,255,3,351,2351
8,0,28255.174,0.96547249,0.01827655,255,3,352,2352
8,0,28685.224,0.98137893,0.01827655,255,3,353,2353
8,0,28983.464,0.88151893,0.01827655,255,3,354,2354
8,0,28850.678,0.93887445,0.01827655,255,3,355,2355
8,0,28111.655,0.98398696,0.01827655,255,3,356,2356
8,0,28520.358,0.84689058,0.01827655,255,3,357,2357
8,0,28293.574,0.93687459,0.01827655,255,3,358,2358
8,0,28456.843,0.89693996,0.01827655,255,3,359,2359
8,0,28032.826,0.96864289,0.01827655,255,3,360,2360
8,0,28341.407,0.8916253,0.01827655,255,3,361,2361
8,0,28828.906,0.94026393,0.01827655,255,3,362,2362
8,0,28551.414,0.82217817,0.01827655,255,3,363,2363
8,0,28295.713,0.98473953,0.01827655,255,3,364,2364
8,0,28571.243,0.87179766,0.01827655,255,3,365,2365
8,0,28709.783,0.88906874,0.01827655,255,3,366,2366
8,0,28408.353,0.99646918,0.01827655,255,3,367,2367
8,0,28970.173,0.92438306,0.01827655,255,3,368,2368
8,0,29475.155,0.95699857,0.01827655,255,3,369,2369
8,0,29159.512,0.98559527,0.01827655,255,3,370,2370
8,0,28605.297,0.99367865,0.01827655,255,3,371,2371
8,0,28736.315,0.88645651,0.01827655,255,3,372,2372
8,0,28348.984,0.99991856,0.01827655,255,3,373,2373
8,0,28043.486,0.99914228,0.01827655,255,3,374,2374
8,0,28342.203,0.94778664,0.01827655,255,3,375,2375
8,0,28195.128,0.99386224,0.01827655,255,3,376,2376
8,0,28068.789,0.99067391,0.01827655,255,3,377,2377
8,0,28534.864,0.99019306,0.01827655,255,3,378,2378
8,0,28391.031,0.86830453,0.01827655,255,3,379,2379
8,0,28197.423,0.89019738,0.01827655,255,3,380,2380
8,0,28029.549,0.98146453,0.01827655,255,3,381,2381
8,0,28466.547,0.83914998,0.01827655,255,3,382,2382
8,0,28709.744,0.95688467,0.01827655,255,3,383,2383
8,0,28793.173,0.9590616,0.01827655,255,3,384,2384
8,0,28835.051,0.9814318,0.01827655,255,3,385,2385
8,0,28379.22,0.99298396,0.01827655,255,3,386,2386
8,0,28191.536,0.92690117,0.01827655,255,3,387,2387
8,0,28279.874,0.93596738,0.01827655,255,3,388,2388
8,0,29134.906,0.96128076,0.01827655,255,3,389,2389
8,0,29045.177,0.94232029,0.01827655,255,3,390,2390
8,0,28657.864,0.98423479,0.01827655,255,3,391,2391
8,0,28558.725,0.9203239,0.01827655,255,3,392,2392
8,0,28096.196,0.99913524,0.01827655,255,3,393,2393
8,0,28129.391,0.99816379,0.01827655,255,3,394,2394
8,0,27769.524,0.96362811,0.01827655,255,3,395,2395
8,0,27779.882,0.98030401,0.01827655,255,3,396,2396
8,0,28235.01,0.96720915,0.01827655,255,3,397,2397
8,0,28669.564,0.78359,0.01827655,255,3,398,2398
8,0,28743.649,0.996286,0.01827655,255,3,399,2399
8,0,28584.183,0.99843565,0.01827655,255,3,400,2400
8,0,28586.318,0.96147335,0.01827655,255,3,401,2401
8,0,28513.975,0.97937908,0.01827655,255,3,402,2402
8,0,28887.843,0.91406087,0.01827655,255,3,403,2403
8,0,28691.43,0.97260209,0.01827655,255,3,404,2404
8,0,28256.889,0.97442845,0.01827655,255,3,405,2405
8,0,28445.911,0.9312376,0.01827655,255,3,406,2406
8,0,28289.278,0.9065408,0.01827655,255,3,407,2407
8,0,28265.176,0.98908728,0.01827655,255,3,408,2408
8,0,28303.29,0.96128584,0.01827655,255,3,409,2409
8,0,27946.24,0.98816183,0.01827655,255,3,410,2410
8,0,28510.94,0.98708727,0.01827655,255,3,411,2411
8,0,28974.795,0.91331345,0.01827655,255,3,412,2412
8,0,28441.287,0.93817604,0.01827655,255,3,413,2413
8,0,28231.64,0.9235308,0.01827655,255,3,414,2414
8,0,28254.525,0.94161387,0.01827655,255,3,415,2415
8,0,28313.572,0.967082,0.01827655,255,3,416,2416
8,0,29025.902,0.94844571,0.01827655,255,3,417,2417
8,0,29095.707,0.9737018,0.01827655,255,3,418,2418
8,0,29042.168,0.92181227,0.01827655,255,3,419,2419
8,0,29080.954,0.94884078,0.01827655,255,3,420,2420
8,0,29110.577,0.91849876,0.01827655,255,3,421,2421
8,0,29208.403,0.9665049,0.01827655,255,3,422,2422
8,0,28803.52,0.98963647,0.01827655,255,3,423,2423
8,0,28676.164,0.96630528,0.01827655,255,3,424,2424
8,0,28624.263,0.9552328,0.01827655,255,3,425,2425
8,0,28845.23,0.95382877,0.01827655,255,3,426,2426
8,0,28893.178,0.93663412,0.01827655,255,3,427,2427
8,0,28445.844,0.97356982,0.01827655,255,3,428,2428
8,0,27916.302,0.93852379,0.01827655,255,3,429,2429
8,0,28299.175,0.99246856,0.01827655,255,3,430,2430
8,0,28616.887,0.97727014,0.01827655,255,3,431,2431
8,0,28190.223,0.99814827,0.01827655,255,3,432,2432
8,0,27715.817,0.98413654,0.01827655,255,3,433,2433
8,0,28405.571,0.91799274,0.01827655,255,3,434,2434
8,0,29030.612,0.97173833,0.01827655,255,3,435,2435
8,0,28578.075,0.98508278,0.01827655,255,3,436,2436
8,0,28607.185,0.95937543,0.01827655,255,3,437,2437
8,0,28483.254,0.99746001,0.01827655,255,3,438,2438
8,0,28735.227,0.98368365,0.01827655,255,3,439,2439
8,0,28559.522,0.95640088,0.01827655,255,3,440,2440
8,0,28322.539,0.93569905,0.01827655,255,3,441,2441
8,0,29059.774,0.96381132,0.01827655,255,3,442,2442
8,0,28833.044,0.99744739,0.01827655,255,3,443,2443
8,0,28820.187,0.88065647,0.01827655,255,3,444,2444
8,0,28583.459,0.98833954,0.01827655,255,3,445,2445
8,0,28598.301,0.96544851,0.01827655,255,3,446,2446
8,0,28555.185,0.95459922,0.01827655,255,3,447,2447
8,0,28367.211,0.95834037,0.01827655,255,3,448,2448
8,0,28315.653,0.99037794,0.01827655,255,3,449,2449
8,0,28884.89,0.99440495,0.01827655,255,3,450,2450
8,0,28723.76,0.98198058,0.01827655,255,3,451,2451
8,0,28807.582,0.97149341,0.01827655,255,3,452,2452
8,0,28794.405,0.93387238,0.01827655,255,3,453,2453
8,0,29105.969,0.9158201,0.01827655,255,3,454,2454
8,0,28611.997,0.96584367,0.01827655,255,3,455,2455
8,0,28301.89,0.99060387,0.01827655,255,3,456,2456
8,0,28646.236,0.99760082,0.01827655,255,3,457,2457
8,0,28930.742,0.90180634,0.01827655,255,3,458,2458
8,0,28630.263,0.94284002,0.01827655,255,3,459,2459
8,0,28804.847,0.97147953,0.01827655,255,3,460,2460
8,0,28433.799,0.98915759,0.01827655,255,3,461,2461
8,0,28573.654,0.93176506,0.01827655,255,3,462,2462
8,0,27944.276,0.9551533,0.01827655,255,3,463,2463
8,0,28377.727,0.97236269,0.01827655,255,3,464,2464
8,0,28039.83,0.94505978,0.01827655,255,3,465,2465
8,0,28063.562,0.87647027,0.01827655,255,3,466,2466
8,0,28154.024,0.9919963,0.01827655,255,3,467,2467
8,0,28029.664,0.92294244,0.01827655,255,3,468,2468
8,0,28399.627,0.98894743,0.01827655,255,3,469,2469
8,0,28333.786,0.99204876,0.01827655,255,3,470,2470
8,0,28258.406,0.93546901,0.01827655,255,3,471,2471
8,0,28328,0.96996922,0.01827655,255,3,472,2472
8,0,28293.064,0.98144987,0.01827655,255,3,473,2473
8,0,28281.476,0.97869984,0.01827655,255,3,474,2474
8,0,28729.332,0.95651332,0.01827655,255,3,475,2475
8,0,28713.252,0.98277155,0.01827655,255,3,476,2476
8,0,28596.489,0.99890799,0.01827655,255,3,477,2477
8,0,28444.854,0.98277949,0.01827655,255,3,478,2478
8,0,28118.52,0.90849066,0.01827655,255,3,479,2479
8,0,28060.897,0.96337895,0.01827655,255,3,480,2480
8,0,28392.774,0.99954437,0.01827655,255,3,481,2481
8,0,28623.349,0.91405649,0.01827655,255,3,482,2482
8,0,28369.57,0.99110116,0.01827655,255,3,483,2483
8,0,28455.659,0.9927053,0.01827655,255,3,484,2484
8,0,28601.024,0.9763307,0.01827655,255,3,485,2485
8,0,28589.475,0.89415161,0.01827655,255,3,486,2486
8,0,28413.465,0.96193476,0.01827655,255,3,487,2487
8,0,28873.165,0.98502119,0.01827655,255,3,488,2488
8,0,28730.274,0.9909355,0.01827655,255,3,489,2489
8,0,28296.163,0.99975171,0.01827655,255,3,490,2490
8,0,28549.834,0.97630381,0.01827655,255,3,491,2491
8,0,28336.002,0.99392048,0.01827655,255,3,492,2492
8,0,28420.572,0.99186927,0.01827655,255,3,493,2493
8,0,28182.609,0.97360146,0.01827655,255,3,494,2494
8,0,28188.224,0.99757908,0.01827655,255,3,495,2495
8,0,27798.67,0.99820606,0.01827655,255,3,496,2496
8,0,27737.232,0.98816689,0.01827655,255,3,497,2497
8,0,27823.356,0.94685455,0.01827655,255,3,498,2498
8,0,28273.278,0.96623038000000006,0.01827655,255,3,499,2499
8,0,28344.059,0.88548538,0.01827655,255,3,500,2500
8,0,28022.126,0.96556561,0.01827655,255,3,501,2501
8,0,28051.319,0.90717614,0.01827655,255,3,502,2502
8,0,27736.166,0.96158592,0.01827655,255,3,503,2503
8,0,27450.125,0.91082005,0.01827655,255,3,504,2504
8,0,27715.207,0.8922346,0.01827655,255,3,505,2505
8,0,27743.759,0.97287902,0.01827655,255,3,506,2506
8,0,27770.703,0.97357318,0.01827655,255,3,507,2507
8,0,28015.701,0.99742377,0.01827655,255,3,508,2508
8,0,28487.124,0.87515091,0.01827655,255,3,509,2509
8,0,28030.015,0.99599219,0.01827655,255,3,510,2510
8,0,28520.606,0.98648468,0.01827655,255,3,511,2511
8,0,28681.276,0.96719792,0.01827655,255,3,512,2512
8,0,28639.605,0.92505821,0.01827655,255,3,513,2513
8,0,28888.858,0.95731685,0.01827655,255,3,514,2514
8,0,28548.077,0.98832542,0.01827655,255,3,515,2515
8,0,28612.269,0.99685953,0.01827655,255,3,516,2516
8,0,28457.596,0.96481732,0.01827655,255,3,517,2517
8,0,28817.088,0.9749235,0.01827655,255,3,518,2518
8,0,28279.721,0.97108489,0.01827655,255,3,519,2519
8,0,28451.754,0.81589717,0.01827655,255,3,520,2520
8,0,28580.011,0.8807137,0.01827655,255,3,521,2521
8,0,28948.903,0.99721861999999994,0.01827655,255,3,522,2522
8,0,29037.397,0.97224169,0.01827655,255,3,523,2523
8,0,28573.221,0.99141367,0.01827655,255,3,524,2524
8,0,28385.444,0.98752876,0.01827655,255,3,525,2525
8,0,28288.835,0.99714427,0.01827655,255,3,526,2526
8,0,27712.252,0.87372764,0.01827655,255,3,527,2527
8,0,27868.713,0.98164675,0.01827655,255,3,528,2528
8,0,28364.305,0.85413076,0.01827655,255,3,529,2529
8,0,28536.471,0.88917907,0.01827655,255,3,530,2530
8,0,28212.479,0.99757175,0.01827655,255,3,531,2531
8,0,28061.441,1,0.01827655,255,3,532,2532
8,0,28120.763,0.99502561,0.01827655,255,3,533,2533
8,0,28295.05,0.91927303,0.01827655,255,3,534,2534
8,0,28127.577,0.95507769,0.01827655,255,3,535,2535
8,0,28273.728,0.88550733,0.01827655,255,3,536,2536
8,0,28726.519,0.9452443,0.01827655,255,3,537,2537
8,0,28649.571,0.96125004,0.01827655,255,3,538,2538
8,0,28614.043,0.94602676,0.01827655,255,3,539,2539
8,0,28260.923,0.93555266,0.01827655,255,3,540,2540
8,0,28307.463,0.86654806,0.01827655,255,3,541,2541
8,0,28356.907,0.79825172,0.01827655,255,3,542,2542
8,0,28367.083,0.95195801,0.01827655,255,3,543,2543
8,0,28121.531,0.90181083,0.01827655,255,3,544,2544
8,0,27681.7,0.98560625,0.01827655,255,3,545,2545
8,0,28541.437,0.87088246,0.01827655,255,3,546,2546
8,0,28536.772,0.93804747,0.01827655,255,3,547,2547
8,0,28615.069,0.97884217,0.01827655,255,3,548,2548
8,0,28483.736,0.91657796,0.01827655,255,3,549,2549
8,0,28430.073,0.9986637,0.01827655,255,3,550,2550
8,0,28594.652,0.99970184,0.01827655,255,3,551,2551
8,0,28968.773,0.95147465,0.01827655,255,3,552,2552
8,0,28862.235,0.97503434,0.01827655,255,3,553,2553
8,0,28616.326,0.90294093,0.01827655,255,3,554,2554
8,0,28720.251,0.99563103,0.01827655,255,3,555,2555
8,0,28464.941,0.91922141,0.01827655,255,3,556,2556
8,0,28279.478,0.9894909,0.01827655,255,3,557,2557
8,0,28673.614,0.937024,0.01827655,255,3,558,2558
8,0,28672.004,0.9833458,0.01827655,255,3,559,2559
8,0,28579.019,0.88278502,0.01827655,255,3,560,2560
8,0,28498.121,0.99501319,0.01827655,255,3,561,2561
8,0,28476.093,0.93145027,0.01827655,255,3,562,2562
8,0,28288.644,0.97903588,0.01827655,255,3,563,2563
8,0,28273.906,0.97780023,0.01827655,255,3,564,2564
8,0,28114.262,0.95488155,0.01827655,255,3,565,2565
8,0,27586.763,0.99599666,0.01827655,255,3,566,2566
8,0,27745.882,0.98999828,0.01827655,255,3,567,2567
8,0,27666.046,0.97969016,0.01827655,255,3,568,2568
8,0,27615.201,0.88977894,0.01827655,255,3,569,2569
8,0,28042.527,0.94725969,0.01827655,255,3,570,2570
8,0,28453.2,0.9665158,0.01827655,255,3,571,2571
8,0,28354.19,0.92018346,0.01827655,255,3,572,2572
8,0,28491.082,0.99548665,0.01827655,255,3,573,2573
8,0,28720.19,0.96783644,0.01827655,255,3,574,2574
8,0,29020.179,0.98248527,0.01827655,255,3,575,2575
8,0,28700.916,0.90341816,0.01827655,255,3,576,2576
8,0,28263.669,0.97753675,0.01827655,255,3,577,2577
8,0,28047.387,0.82462786,0.01827655,255,3,578,2578
8,0,28509.897,0.99222983,0.01827655,255,3,579,2579
8,0,28321.724,0.92324905,0.01827655,255,3,580,2580
8,0,28292.56,0.96708748,0.01827655,255,3,581,2581
8,0,28383.805,0.91560293,0.01827655,255,3,582,2582
8,0,28563.759,0.95477513,0.01827655,255,3,583,2583
8,0,28660.895,0.99886634,0.01827655,255,3,584,2584
8,0,27890.97,0.95525504,0.01827655,255,3,585,2585
8,0,27808.533,0.97595256,0.01827655,255,3,586,2586
8,0,28075.92,0.99914593,0.01827655,255,3,587,2587
8,0,28090.955,0.98703777,0.01827655,255,3,588,2588
8,0,28048.032,0.95345702,0.01827655,255,3,589,2589
8,0,28237.404,0.94877507,0.01827655,255,3,590,2590
8,0,28559.556,0.93739047,0.01827655,255,3,591,2591
8,0,28314.257,0.99567631,0.01827655,255,3,592,2592
8,0,28654.431,0.97428474,0.01827655,255,3,593,2593
8,0,29006.59,0.95455936,0.01827655,255,3,594,2594
8,0,28881.823,0.88229657,0.01827655,255,3,595,2595
8,0,28730.144,0.98464619,0.01827655,255,3,596,2596
8,0,28631.552,0.9201077,0.01827655,255,3,597,2597
8,0,28509.571,0.93917273,0.01827655,255,3,598,2598
8,0,28628.993,0.89691515,0.01827655,255,3,599,2599
8,0,28558.517,0.98664773,0.01827655,255,3,600,2600
8,0,28168.902,0.99371546,0.01827655,255,3,601,2601
8,0,28367.939,0.90480542,0.01827655,255,3,602,2602
8,0,28197.975,0.97259782,0.01827655,255,3,603,2603
8,0,28449.234,0.95253999,0.01827655,255,3,604,2604
8,0,28466.603,0.98824429,0.01827655,255,3,605,2605
8,0,28404.559,0.84062817,0.01827655,255,3,606,2606
8,0,28524.767,0.96376506,0.01827655,255,3,607,2607
8,0,28545.931,0.99574388,0.01827655,255,3,608,2608
8,0,28399.126,0.97723813,0.01827655,255,3,609,2609
8,0,28318.85,0.96975865000000006,0.01827655,255,3,610,2610
8,0,28356.005,0.9619264,0.01827655,255,3,611,2611
8,0,28757.844,0.88839373,0.01827655,255,3,612,2612
8,0,28788.476,0.99788666,0.01827655,255,3,613,2613
8,0,28342.606,0.92225703,0.01827655,255,3,614,2614
8,0,28756.272,0.74020962,0.01827655,255,3,615,2615
8,0,28496.029,0.92992623,0.01827655,255,3,616,2616
8,0,28392.783,0.99490605,0.01827655,255,3,617,2617
8,0,28507.272,0.95264523,0.01827655,255,3,618,2618
8,0,28151.273,0.94933208,0.01827655,255,3,619,2619
8,0,28154.314,0.94197066,0.01827655,255,3,620,2620
8,0,28376.963,0.95974954,0.01827655,255,3,621,2621
8,0,28130.219,0.84975886,0.01827655,255,3,622,2622
8,0,28169.285,0.97998343,0.01827655,255,3,623,2623
8,0,28692.788,0.99624181,0.01827655,255,3,624,2624
8,0,28682.699,0.87728756,0.01827655,255,3,625,2625
8,0,28335.722,0.99261053,0.01827655,255,3,626,2626
8,0,28848.103,0.94499586,0.01827655,255,3,627,2627
8,0,29014.486,0.96745436,0.01827655,255,3,628,2628
8,0,29008.65,0.95527211,0.01827655,255,3,629,2629
8,0,29193.831,0.92262291,0.01827655,255,3,630,2630
8,0,28905.85,0.99189392,0.01827655,255,3,631,2631
8,0,29245.026,0.93836264,0.01827655,255,3,632,2632
8,0,28833.239,0.93861811,0.01827655,255,3,633,2633
8,0,28903.577,0.990475,0.01827655,255,3,634,2634
8,0,28690.252,0.88027759,0.01827655,255,3,635,2635
8,0,28997.359,0.89505946,0.01827655,255,3,636,2636
8,0,29615.827,0.93901434,0.01827655,255,3,637,2637
8,0,29183.442,0.97741636,0.01827655,255,3,638,2638
8,0,28703.714,0.98614439,0.01827655,255,3,639,2639
8,0,29083.185,0.96623917,0.01827655,255,3,640,2640
8,0,28667.734,0.9357555,0.01827655,255,3,641,2641
8,0,28685.234,0.7624224,0.01827655,255,3,642,2642
8,0,28828.38,0.96938172,0.01827655,255,3,643,2643
8,0,28875.284,0.97807188,0.01827655,255,3,644,2644
8,0,28573.903,0.99277578,0.01827655,255,3,645,2645
8,0,28228.233,0.97509141,0.01827655,255,3,646,2646
8,0,28376.555,0.90934691,0.01827655,255,3,647,2647
8,0,28604.31,0.93034531,0.01827655,255,3,648,2648
8,0,28346.175,0.99478728,0.01827655,255,3,649,2649
8,0,27968.369,0.9329678,0.01827655,255,3,650,2650
8,0,28101.342,0.96852496,0.01827655,255,3,651,2651
8,0,28429.884,0.97573197,0.01827655,255,3,652,2652
8,0,28594.207,0.93379775,0.01827655,255,3,653,2653
8,0,28488.692,0.74667539,0.01827655,255,3,654,2654
8,0,28302.538,0.89617132,0.01827655,255,3,655,2655
8,0,28256.09,0.99442809,0.01827655,255,3,656,2656
8,0,28185.998,0.99657352,0.01827655,255,3,657,2657
8,0,28372.337,0.99586182,0.01827655,255,3,658,2658
8,0,28709.434,0.96666808,0.01827655,255,3,659,2659
8,0,28908.398,0.94685943,0.01827655,255,3,660,2660
8,0,29020.054,0.9583339,0.01827655,255,3,661,2661
8,0,28130.027,0.99735182,0.01827655,255,3,662,2662
8,0,28374.423,0.98753677,0.01827655,255,3,663,2663
8,0,28545.979,0.93276888,0.01827655,255,3,664,2664
8,0,28596.642,0.94158823,0.01827655,255,3,665,2665
8,0,28351.037,0.97857849,0.01827655,255,3,666,2666
8,0,28636.752,0.95961242,0.01827655,255,3,667,2667
8,0,28270.35,0.97761124,0.01827655,255,3,668,2668
8,0,28235.97,0.98807692,0.01827655,255,3,669,2669
8,0,28503.603,0.98933101,0.01827655,255,3,670,2670
8,0,28187.624,0.97844855,0.01827655,255,3,671,2671
8,0,28413.153,0.94941347,0.01827655,255,3,672,2672
8,0,28659.824,0.9852076,0.01827655,255,3,673,2673
8,0,28402.386,0.99067793,0.01827655,255,3,674,2674
8,0,28781.442,0.86281315,0.01827655,255,3,675,2675
8,0,29191.777,0.97377524,0.01827655,255,3,676,2676
8,0,28735.365,0.98631477,0.01827655,255,3,677,2677
8,0,28364.167,0.98529429,0.01827655,255,3,678,2678
8,0,27899.602,0.97751741,0.01827655,255,3,679,2679
8,0,28072.84,0.96061104,0.01827655,255,3,680,2680
8,0,28310.07,0.93321275,0.01827655,255,3,681,2681
8,0,28364.499,0.89422622,0.01827655,255,3,682,2682
8,0,28229.831,0.99107015,0.01827655,255,3,683,2683
8,0,28200.954,0.96154034,0.01827655,255,3,684,2684
8,0,28251.641,0.97031476,0.01827655,255,3,685,2685
8,0,27670.132,0.91139722,0.01827655,255,3,686,2686
8,0,27579.031,0.9974668,0.01827655,255,3,687,2687
8,0,27763.696,0.98613521,0.01827655,255,3,688,2688
8,0,28112.778,0.8570709,0.01827655,255,3,689,2689
8,0,28428.977,0.90896591,0.01827655,255,3,690,2690
8,0,27905.236,0.96126981,0.01827655,255,3,691,2691
8,0,28553.856,0.88676122,0.01827655,255,3,692,2692
8,0,28808.989,0.99312868,0.01827655,255,3,693,2693
8,0,28663.076,0.99946234,0.01827655,255,3,694,2694
8,0,28727.222,0.99798221,0.01827655,255,3,695,2695
8,0,29102.619,0.97128258,0.01827655,255,3,696,2696
8,0,28662.016,0.96059615,0.01827655,255,3,697,2697
8,0,28558.713,0.96519133,0.01827655,255,3,698,2698
8,0,28274.725,0.98596742,0.01827655,255,3,699,2699
8,0,28856.956,0.82137775,0.01827655,255,3,700,2700
8,0,28763.789,0.99446913,0.01827655,255,3,701,2701
8,0,28525.342,0.91390969,0.01827655,255,3,702,2702
8,0,28456.477,0.9857956,0.01827655,255,3,703,2703
8,0,28549.317,0.97506966,0.01827655,255,3,704,2704
8,0,28848.509,0.87842894,0.01827655,255,3,705,2705
8,0,28910.264,0.94982418,0.01827655,255,3,706,2706
8,0,29330.485,0.83963844,0.01827655,255,3,707,2707
8,0,29163.751,0.99019202,0.01827655,255,3,708,2708
8,0,28856.615,0.92189473,0.01827655,255,3,709,2709
8,0,28621.734,0.98391998,0.01827655,255,3,710,2710
8,0,28141.345,0.98697409,0.01827655,255,3,711,2711
8,0,27763.253,0.9364254,0.01827655,255,3,712,2712
8,0,27858.83,0.87446578,0.01827655,255,3,713,2713
8,0,27645.817,0.98274844,0.01827655,255,3,714,2714
8,0,27494.694,0.96277969,0.01827655,255,3,715,2715
8,0,28167.093,0.8928631,0.01827655,255,3,716,2716
8,0,28740.824,0.97194028,0.01827655,255,3,717,2717
8,0,28434.254,0.96044654,0.01827655,255,3,718,2718
8,0,28602.961,0.90507609,0.01827655,255,3,719,2719
8,0,28448.898,0.98742496,0.01827655,255,3,720,2720
8,0,28595.013,0.99916379,0.01827655,255,3,721,2721
8,0,28605.938,0.97292731,0.01827655,255,3,722,2722
8,0,28527.595,0.89194592,0.01827655,255,3,723,2723
8,0,28479.978,0.97883493,0.01827655,255,3,724,2724
8,0,28357.816,0.9030597,0.01827655,255,3,725,2725
8,0,28164.876,0.9824981,0.01827655,255,3,726,2726
8,0,28338.969,0.98076516,0.01827655,255,3,727,2727
8,0,28576.7,0.98183207,0.01827655,255,3,728,2728
8,0,28661.231,0.99881783,0.01827655,255,3,729,2729
8,0,28837.046,0.9985494,0.01827655,255,3,730,2730
8,0,28917.887,0.97113214,0.01827655,255,3,731,2731
8,0,28846.259,0.8846164,0.01827655,255,3,732,2732
8,0,28729.322,0.93383289,0.01827655,255,3,733,2733
8,0,28651.03,0.93750662,0.01827655,255,3,734,2734
8,0,28597.679,0.99450856,0.01827655,255,3,735,2735
8,0,28456.712,0.92550589,0.01827655,255,3,736,2736
8,0,28519.536,0.96402938,0.01827655,255,3,737,2737
8,0,28509.328,0.98724085,0.01827655,255,3,738,2738
8,0,27972.773,0.96900515,0.01827655,255,3,739,2739
8,0,28000.938,0.95426009,0.01827655,255,3,740,2740
8,0,28211.933,0.99475125,0.01827655,255,3,741,2741
8,0,28269.516,0.99485536,0.01827655,255,3,742,2742
8,0,28242.794,0.95759103,0.01827655,255,3,743,2743
8,0,29041.886,0.99568253,0.01827655,255,3,744,2744
8,0,29113.999,0.99741973,0.01827655,255,3,745,2745
8,0,28888.519,0.96772748,0.01827655,255,3,746,2746
8,0,28979.233,0.99194749,0.01827655,255,3,747,2747
8,0,28831.37,0.84257524,0.01827655,255,3,748,2748
8,0,28693.151,0.99465365,0.01827655,255,3,749,2749
8,0,28848.77,0.99147104,0.01827655,255,3,750,2750
8,0,28766.769,0.96098495,0.01827655,255,3,751,2751
8,0,28631.427,0.86132365,0.01827655,255,3,752,2752
8,0,28857.002,0.98129674,0.01827655,255,3,753,2753
8,0,28617.504,0.96966373,0.01827655,255,3,754,2754
8,0,28511.856,0.96977407,0.01827655,255,3,755,2755
8,0,28306.882,0.94468865,0.01827655,255,3,756,2756
8,0,28683.226,0.91523934,0.01827655,255,3,757,2757
8,0,28798.324,0.99979537,0.01827655,255,3,758,2758
8,0,28809.495,0.97449496,0.01827655,255,3,759,2759
8,0,28960.403,0.97891548,0.01827655,255,3,760,2760
8,0,28266.349,0.94737567,0.01827655,255,3,761,2761
8,0,28357.772,0.97510398,0.01827655,255,3,762,2762
8,0,28304.152,0.93260729,0.01827655,255,3,763,2763
8,0,28185.239,0.98735779,0.01827655,255,3,764,2764
8,0,28146.286,0.97642989,0.01827655,255,3,765,2765
8,0,28522.124,0.96488432,0.01827655,255,3,766,2766
8,0,28578.316,0.99746106,0.01827655,255,3,767,2767
8,0,29234.527,0.89445642,0.01827655,255,3,768,2768
8,0,29103.59,0.99977311,0.01827655,255,3,769,2769
8,0,28886.637,0.97075828,0.01827655,255,3,770,2770
8,0,28317.427,0.99785971,0.01827655,255,3,771,2771
8,0,28168.644,0.89451572,0.01827655,255,3,772,2772
8,0,28671.851,0.9765842,0.01827655,255,3,773,2773
8,0,29425.42,0.99078273,0.01827655,255,3,774,2774
8,0,28819.133,0.91890709,0.01827655,255,3,775,2775
8,0,29158.185,0.95990013,0.01827655,255,3,776,2776
8,0,28503.516,0.98947645,0.01827655,255,3,777,2777
8,0,28409.572,0.99762774,0.01827655,255,3,778,2778
8,0,29037.076,0.88641105,0.01827655,255,3,779,2779
8,0,29183.257,1,0.01827655,255,3,780,2780
8,0,29091.237,0.9501678,0.01827655,255,3,781,2781
8,0,28614.478,0.92567519,0.01827655,255,3,782,2782
8,0,28353.375,0.96841162,0.01827655,255,3,783,2783
8,0,28153.301,0.9265655,0.01827655,255,3,784,2784
8,0,28410.598,0.99700013,0.01827655,255,3,785,2785
8,0,28429.632,0.97448142,0.01827655,255,3,786,2786
8,0,28083.174,0.92814753,0.01827655,255,3,787,2787
8,0,28988.206,0.9900982,0.01827655,255,3,788,2788
8,0,29006.908,0.94703132,0.01827655,255,3,789,2789
8,0,28429.224,0.99827894,0.01827655,255,3,790,2790
8,0,28677.078,0.95544325,0.01827655,255,3,791,2791
8,0,28520.01,0.9938876,0.01827655,255,3,792,2792
8,0,28632.55,0.97209175,0.01827655,255,3,793,2793
8,0,28829.16,0.90547449,0.01827655,255,3,794,2794
8,0,28859.433,0.94027056,0.01827655,255,3,795,2795
8,0,28840.569,0.95758477,0.01827655,255,3,796,2796
8,0,28812.059,0.96250319,0.01827655,255,3,797,2797
8,0,28340.777,0.87917008,0.01827655,255,3,798,2798
8,0,28500.265,0.94834387,0.01827655,255,3,799,2799
8,0,28771.72,0.97797013,0.01827655,255,3,800,2800
8,0,28633.838,0.95008902,0.01827655,255,3,801,2801
8,0,28909.386,0.94840243,0.01827655,255,3,802,2802
8,0,28329.896,0.99065213,0.01827655,255,3,803,2803
8,0,28572.99,0.99633608,0.01827655,255,3,804,2804
8,0,28474.296,0.98970383,0.01827655,255,3,805,2805
8,0,28602.837,0.95114749,0.01827655,255,3,806,2806
8,0,28423.62,0.99843482,0.01827655,255,3,807,2807
8,0,28445.549,0.88889066,0.01827655,255,3,808,2808
8,0,28095.527,0.92267634,0.01827655,255,3,809,2809
8,0,28371.356,0.83622012,0.01827655,255,3,810,2810
8,0,28532.993,0.97940761,0.01827655,255,3,811,2811
8,0,28511.237,0.99788682,0.01827655,255,3,812,2812
8,0,28585.308,0.93716017,0.01827655,255,3,813,2813
8,0,28200.361,0.99658523,0.01827655,255,3,814,2814
8,0,28580.954,0.99934723,0.01827655,255,3,815,2815
8,0,28870.356,0.99768607,0.01827655,255,3,816,2816
8,0,28875.753,0.97569739,0.01827655,255,3,817,2817
8,0,28383.619,0.99193726,0.01827655,255,3,818,2818
8,0,28445.927,0.88447241,0.01827655,255,3,819,2819
8,0,28736.138,0.87368524,0.01827655,255,3,820,2820
8,0,28632.903,0.9904074,0.01827655,255,3,821,2821
8,0,28745.229,0.96267264,0.01827655,255,3,822,2822
8,0,28426.309,0.87729049,0.01827655,255,3,823,2823
8,0,28180.321,0.98124035,0.01827655,255,3,824,2824
8,0,28298.853,0.97055396,0.01827655,255,3,825,2825
8,0,28446.881,0.98773045,0.01827655,255,3,826,2826
8,0,28536.252,0.88147535,0.01827655,255,3,827,2827
8,0,28673.466,0.97491374,0.01827655,255,3,828,2828
8,0,28578.355,0.94855656,0.01827655,255,3,829,2829
8,0,28609.72,0.99339597,0.01827655,255,3,830,2830
8,0,28454.881,0.97784484,0.01827655,255,3,831,2831
8,0,28237.192,0.98836171,0.01827655,255,3,832,2832
8,0,27826.461,0.99201745,0.01827655,255,3,833,2833
8,0,27967.438,0.98678078,0.01827655,255,3,834,2834
8,0,28124.725,0.99827371,0.01827655,255,3,835,2835
8,0,28370.566,0.9072662,0.01827655,255,3,836,2836
8,0,28638.926,0.95303473,0.01827655,255,3,837,2837
8,0,28261.852,0.9278143,0.01827655,255,3,838,2838
8,0,28871.44,0.95925957,0.01827655,255,3,839,2839
8,0,28451.943,0.99912465,0.01827655,255,3,840,2840
8,0,28670.754,0.88560336,0.01827655,255,3,841,2841
8,0,28529.302,0.98194707,0.01827655,255,3,842,2842
8,0,28490.067,0.96752433,0.01827655,255,3,843,2843
8,0,28794.442,0.99597104,0.01827655,255,3,844,2844
8,0,28502.974,0.98416504,0.01827655,255,3,845,2845
8,0,28181.958,0.99908919,0.01827655,255,3,846,2846
8,0,28449.96,0.97338259,0.01827655,255,3,847,2847
8,0,28573.111,0.92891665,0.01827655,255,3,848,2848
8,0,28584.582,0.87674257,0.01827655,255,3,849,2849
8,0,28694.141,0.87265926,0.01827655,255,3,850,2850
8,0,28685.963,0.97000627,0.01827655,255,3,851,2851
8,0,28965.121,0.95902247,0.01827655,255,3,852,2852
8,0,28539.656,0.99652832,0.01827655,255,3,853,2853
8,0,28579.048,0.96621612,0.01827655,255,3,854,2854
8,0,28372.126,0.96791952,0.01827655,255,3,855,2855
8,0,28333.85,0.98554947,0.01827655,255,3,856,2856
8,0,28376.999,0.97435734,0.01827655,255,3,857,2857
8,0,28626.109,0.84194048,0.01827655,255,3,858,2858
8,0,29524.554,0.97394157,0.01827655,255,3,859,2859
8,0,29459.349,0.9976329,0.01827655,255,3,860,2860
8,0,29455.652,0.83143491,0.01827655,255,3,861,2861
8,0,29213.869,0.97896077,0.01827655,255,3,862,2862
8,0,28979.886,0.97260563,0.01827655,255,3,863,2863
8,0,29263.566,0.92154039,0.01827655,255,3,864,2864
8,0,29034.397,0.9741965,0.01827655,255,3,865,2865
8,0,28852.702,0.98199348,0.01827655,255,3,866,2866
8,0,28766.975,0.96885712,0.01827655,255,3,867,2867
8,0,28780.732,0.94271228,0.01827655,255,3,868,2868
8,0,28698.76,0.82542983,0.01827655,255,3,869,2869
8,0,28484.932,0.99513669,0.01827655,255,3,870,2870
8,0,28471.415,0.964432,0.01827655,255,3,871,2871
8,0,28571.33,0.93637262,0.01827655,255,3,872,2872
8,0,28668.596,0.96917387,0.01827655,255,3,873,2873
8,0,28686.438,0.95725628,0.01827655,255,3,874,2874
8,0,28775.389,0.93274856,0.01827655,255,3,875,2875
8,0,28765.151,0.96906924,0.01827655,255,3,876,2876
8,0,29004.268,0.94076975,0.01827655,255,3,877,2877
8,0,28934.465,0.98285716,0.01827655,255,3,878,2878
8,0,28304.959,0.94382324,0.01827655,255,3,879,2879
8,0,28145.94,0.98965356,0.01827655,255,3,880,2880
8,0,28423.461,0.85079173,0.01827655,255,3,881,2881
8,0,28864.156,0.97823907,0.01827655,255,3,882,2882
8,0,28519.973,0.98097646,0.01827655,255,3,883,2883
8,0,28376.092,0.98720215,0.01827655,255,3,884,2884
8,0,28362.506,0.91322983,0.01827655,255,3,885,2885
8,0,28253.147,0.92524949,0.01827655,255,3,886,2886
8,0,28357.291,0.97578079,0.01827655,255,3,887,2887
8,0,28355.958,0.96924647,0.01827655,255,3,888,2888
8,0,28242.416,0.99745719,0.01827655,255,3,889,2889
8,0,28485.087,0.90211222,0.01827655,255,3,890,2890
8,0,28086.33,0.99544934,0.01827655,255,3,891,2891
8,0,28011.372,0.98043562,0.01827655,255,3,892,2892
8,0,28318.765,0.93291258,0.01827655,255,3,893,2893
8,0,28435.144,0.97013339,0.01827655,255,3,894,2894
8,0,28349.583,0.99553598,0.01827655,255,3,895,2895
8,0,27956.562,0.9968424,0.01827655,255,3,896,2896
8,0,27854.471,0.9481806,0.01827655,255,3,897,2897
8,0,28205.779,0.98831304,0.01827655,255,3,898,2898
8,0,28461.711,0.99389033,0.01827655,255,3,899,2899
8,0,28323.4,0.94819822,0.01827655,255,3,900,2900
8,0,28577.291,0.96720788,0.01827655,255,3,901,2901
8,0,28569.925,0.95252173,0.01827655,255,3,902,2902
8,0,28660.719,0.97812425,0.01827655,255,3,903,2903
8,0,28536.155,0.95407536,0.01827655,255,3,904,2904
8,0,28413.577,0.99474918,0.01827655,255,3,905,2905
8,0,28825.036,0.8428501,0.01827655,255,3,906,2906
8,0,28816.682,0.89269738,0.01827655,255,3,907,2907
8,0,28169.117,0.92030781,0.01827655,255,3,908,2908
8,0,28007.697,0.95082967,0.01827655,255,3,909,2909
8,0,28127.924,0.92985573,0.01827655,255,3,910,2910
8,0,28310.649,0.9583546,0.01827655,255,3,911,2911
8,0,28990.547,0.94666989,0.01827655,255,3,912,2912
8,0,29237.913,0.99708072,0.01827655,255,3,913,2913
8,0,29350.14,0.92694653,0.01827655,255,3,914,2914
8,0,29382.12,0.98372738,0.01827655,255,3,915,2915
8,0,28772.514,0.94278753,0.01827655,255,3,916,2916
8,0,28595.61,0.99840776,0.01827655,255,3,917,2917
8,0,28534.714,0.91196593,0.01827655,255,3,918,2918
8,0,28693.355,0.96929406,0.01827655,255,3,919,2919
8,0,28641.579,0.97259564,0.01827655,255,3,920,2920
8,0,28237.765,0.98399846,0.01827655,255,3,921,2921
8,0,28457.297,0.98873265,0.01827655,255,3,922,2922
8,0,28297.65,0.96640687,0.01827655,255,3,923,2923
8,0,28344.226,0.92041603,0.01827655,255,3,924,2924
8,0,28144.292,0.9876481,0.01827655,255,3,925,2925
8,0,28501.008,0.94606571,0.01827655,255,3,926,2926
8,0,28344.072,0.92254433,0.01827655,255,3,927,2927
8,0,28228.324,0.92391386,0.01827655,255,3,928,2928
8,0,28172.73,0.99776863,0.01827655,255,3,929,2929
8,0,28168.457,0.94283534,0.01827655,255,3,930,2930
8,0,28787.395,0.8900362,0.01827655,255,3,931,2931
8,0,28835.855,0.86701991,0.01827655,255,3,932,2932
8,0,28881.592,0.88137005,0.01827655,255,3,933,2933
8,0,28546.843,0.9764103,0.01827655,255,3,934,2934
8,0,28699.39,0.97252157,0.01827655,255,3,935,2935
8,0,28319.277,0.99776421,0.01827655,255,3,936,2936
8,0,27932.344,0.99299751,0.01827655,255,3,937,2937
8,0,28192.143,0.90144398,0.01827655,255,3,938,2938
8,0,28261.09,0.95755238,0.01827655,255,3,939,2939
8,0,28091.516,0.78268928,0.01827655,255,3,940,2940
8,0,28089.643,0.99890797,0.01827655,255,3,941,2941
8,0,28416.445,0.84396696,0.01827655,255,3,942,2942
8,0,28578.318,0.96272391,0.01827655,255,3,943,2943
8,0,28586.16,0.99690841,0.01827655,255,3,944,2944
8,0,28606.924,0.96690572,0.01827655,255,3,945,2945
8,0,28623.082,0.96431332,0.01827655,255,3,946,2946
8,0,28537.995,0.98136601,0.01827655,255,3,947,2947
8,0,28795.953,0.87978063,0.01827655,255,3,948,2948
8,0,28525.599,0.99675073,0.01827655,255,3,949,2949
8,0,28273.106,0.99045833,0.01827655,255,3,950,2950
8,0,28783.346,0.98744488,0.01827655,255,3,951,2951
8,0,29077.324,0.99408951,0.01827655,255,3,952,2952
8,0,28467.155,0.95912274,0.01827655,255,3,953,2953
8,0,28181.314,0.89696256,0.01827655,255,3,954,2954
8,0,28306.559,0.965342,0.01827655,255,3,955,2955
8,0,28237.056,0.98540683,0.01827655,255,3,956,2956
8,0,28105.654,0.98954504,0.01827655,255,3,957,2957
8,0,28038.046,0.99165632,0.01827655,255,3,958,2958
8,0,28355.054,0.89924661,0.01827655,255,3,959,2959
8,0,28763.285,0.92686047,0.01827655,255,3,960,2960
8,0,28957.243,0.98785216,0.01827655,255,3,961,2961
8,0,28944.49,0.90687738,0.01827655,255,3,962,2962
8,0,28490.574,0.95422637,0.01827655,255,3,963,2963
8,0,28239.499,0.95833044,0.01827655,255,3,964,2964
8,0,27893.457,0.92378016,0.01827655,255,3,965,2965
8,0,28455.819,0.94583826,0.01827655,255,3,966,2966
8,0,28528.199,0.97795526,0.01827655,255,3,967,2967
8,0,28361.462,0.96406275,0.01827655,255,3,968,2968
8,0,28525.002,0.9537887,0.01827655,255,3,969,2969
8,0,28542.837,0.97956797,0.01827655,255,3,970,2970
8,0,28611.413,0.97986376,0.01827655,255,3,971,2971
8,0,28320.512,0.88891003,0.01827655,255,3,972,2972
8,0,28050.728,0.99839805,0.01827655,255,3,973,2973
8,0,28035.297,0.97638878,0.01827655,255,3,974,2974
8,0,27676.005,0.92634877,0.01827655,255,3,975,2975
8,0,27694.863,0.90774467,0.01827655,255,3,976,2976
8,0,28511.525,0.94250408,0.01827655,255,3,977,2977
8,0,28800.256,0.90431927,0.01827655,255,3,978,2978
8,0,28988.357,0.90921513,0.01827655,255,3,979,2979
8,0,28613.933,0.98331657,0.01827655,255,3,980,2980
8,0,28560.809,0.97231653,0.01827655,255,3,981,2981
8,0,28890.609,0.96245588,0.01827655,255,3,982,2982
8,0,28984.043,0.91633481,0.01827655,255,3,983,2983
8,0,28971.805,0.99333431,0.01827655,255,3,984,2984
8,0,28857.739,0.92839335,0.01827655,255,3,985,2985
8,0,28352.011,0.98117269,0.01827655,255,3,986,2986
8,0,28489.738,0.98024838,0.01827655,255,3,987,2987
8,0,28421.847,0.97200666,0.01827655,255,3,988,2988
8,0,28898.462,0.92172253,0.01827655,255,3,989,2989
8,0,29243.079,0.99546042,0.01827655,255,3,990,2990
8,0,28659.406,0.99467031,0.01827655,255,3,991,2991
8,0,28951.18,0.9225672,0.01827655,255,3,992,2992
8,0,29036.066,0.92981129,0.01827655,255,3,993,2993
8,0,29049.507,0.82507347,0.01827655,255,3,994,2994
8,0,29262.808,0.99379008,0.01827655,255,3,995,2995
8,0,29212.508,0.92932101,0.01827655,255,3,996,2996
8,0,28479.082,0.97999341,0.01827655,255,3,997,2997
8,0,28068.292,0.99753762,0.01827655,255,3,998,2998
8,0,28143.029,0.96335838,0.01827655,255,3,999,2999
8,0,28865.311,0.85543903,0.01827655,255,3,1000,3000
8,0,28705.124,0.98869553,0.016600598,255,4,1,3001
8,0,28611.653,0.89537725,0.016600598,255,4,2,3002
8,0,28598.832,0.97567099,0.016600598,255,4,3,3003
8,0,28167.299,0.9992297,0.016600598,255,4,4,3004
8,0,27929.37,0.84288834,0.016600598,255,4,5,3005
8,0,28579.161,0.98694429,0.016600598,255,4,6,3006
8,0,28374.721,0.99370837,0.016600598,255,4,7,3007
8,0,28478.355,0.9872683,0.016600598,255,4,8,3008
8,0,28397.634,0.90695576,0.016600598,255,4,9,3009
8,0,27972.561,0.93414883,0.016600598,255,4,10,3010
8,0,27868.071,0.97803365,0.016600598,255,4,11,3011
8,0,28227.577,0.93966665,0.016600598,255,4,12,3012
8,0,28370.504,0.94223266,0.016600598,255,4,13,3013
8,0,28353.284,0.92334433,0.016600598,255,4,14,3014
8,0,28153.854,0.90631515,0.016600598,255,4,15,3015
8,0,28436.874,0.98928248,0.016600598,255,4,16,3016
8,0,27930.877,0.95020846,0.016600598,255,4,17,3017
8,0,27814.235,0.98965262,0.016600598,255,4,18,3018
8,0,27677.784,0.94961785,0.016600598,255,4,19,3019
8,0,28187.038,0.98046734,0.016600598,255,4,20,3020
8,0,28894.622,0.93861522,0.016600598,255,4,21,3021
8,0,28996.319,0.92338616,0.016600598,255,4,22,3022
8,0,28903.133,0.91078751,0.016600598,255,4,23,3023
8,0,29186.065,0.95175065,0.016600598,255,4,24,3024
8,0,29512.307,0.9185602,0.016600598,255,4,25,3025
8,0,29103.41,0.99229159,0.016600598,255,4,26,3026
8,0,28815.453,0.9968992,0.016600598,255,4,27,3027
8,0,28596.989,0.90587045,0.016600598,255,4,28,3028
8,0,27909.272,0.9543677,0.016600598,255,4,29,3029
8,0,28216.237,0.98339033,0.016600598,255,4,30,3030
8,0,28904.248,0.85978002,0.016600598,255,4,31,3031
8,0,28977.343,0.99709011,0.016600598,255,4,32,3032
8,0,29304.447,0.97709143,0.016600598,255,4,33,3033
8,0,29188.656,0.9371167,0.016600598,255,4,34,3034
8,0,29422.108,0.97586833,0.016600598,255,4,35,3035
8,0,29718.745,0.92422076,0.016600598,255,4,36,3036
8,0,28977.395,0.97714714,0.016600598,255,4,37,3037
8,0,28888.477,0.89961721,0.016600598,255,4,38,3038
8,0,28874.558,0.99885181,0.016600598,255,4,39,3039
8,0,28952.285,0.87557284,0.016600598,255,4,40,3040
8,0,29170.961,0.9760246,0.016600598,255,4,41,3041
8,0,28823.063,0.97186042,0.016600598,255,4,42,3042
8,0,28393.734,0.99129676,0.016600598,255,4,43,3043
8,0,28132.913,0.90870088,0.016600598,255,4,44,3044
8,0,28580.89,0.99751164,0.016600598,255,4,45,3045
8,0,28827.606,0.98952925,0.016600598,255,4,46,3046
8,0,28732.833,0.93435413,0.016600598,255,4,47,3047
8,0,28545.006,0.99799384,0.016600598,255,4,48,3048
8,0,28237.207,0.96574222,0.016600598,255,4,49,3049
8,0,28369.047,0.96808859,0.016600598,255,4,50,3050
8,0,28332.166,0.96783398,0.016600598,255,4,51,3051
8,0,28110.488,0.91501571,0.016600598,255,4,52,3052
8,0,28398.013,0.98241839,0.016600598,255,4,53,3053
8,0,28358.004,0.95950697,0.016600598,255,4,54,3054
8,0,28658.513,0.92245416,0.016600598,255,4,55,3055
8,0,28706.694,0.96499736,0.016600598,255,4,56,3056
8,0,28666.207,0.97644075,0.016600598,255,4,57,3057
8,0,28233.365,0.99264064,0.016600598,255,4,58,3058
8,0,28269.859,0.95594779,0.016600598,255,4,59,3059
8,0,28382.298,0.9613115,0.016600598,255,4,60,3060
8,0,28077.177,0.94594804,0.016600598,255,4,61,3061
8,0,28257.255,0.9200821,0.016600598,255,4,62,3062
8,0,28799.622,0.94421332,0.016600598,255,4,63,3063
8,0,28689.454,0.94604993,0.016600598,255,4,64,3064
8,0,28125.491,0.9697986,0.016600598,255,4,65,3065
8,0,27795.352,0.99218459,0.016600598,255,4,66,3066
8,0,27923.717,0.9199242,0.016600598,255,4,67,3067
8,0,28038.459,0.94750349,0.016600598,255,4,68,3068
8,0,28568.274,0.96833086,0.016600598,255,4,69,3069
8,0,28780.022,0.95075274,0.016600598,255,4,70,3070
8,0,28630.487,0.96014768,0.016600598,255,4,71,3071
8,0,28680.17,0.99609119,0.016600598,255,4,72,3072
8,0,28462.327,0.95898257,0.016600598,255,4,73,3073
8,0,28662.983,0.77481016,0.016600598,255,4,74,3074
8,0,28431.747,0.96797594,0.016600598,255,4,75,3075
8,0,28122.943,0.98283811,0.016600598,255,4,76,3076
8,0,28683.191,0.96515034,0.016600598,255,4,77,3077
8,0,28812.857,0.99786817,0.016600598,255,4,78,3078
8,0,28942.205,0.99768961,0.016600598,255,4,79,3079
8,0,29283.916,0.95909452,0.016600598,255,4,80,3080
8,0,29478.507,0.9835883,0.016600598,255,4,81,3081
8,0,29121.529,0.98500034,0.016600598,255,4,82,3082
8,0,28260.851,0.91269447,0.016600598,255,4,83,3083
8,0,28613.423,0.96875267,0.016600598,255,4,84,3084
8,0,28339.694,0.99578188,0.016600598,255,4,85,3085
8,0,28306.554,0.85538455,0.016600598,255,4,86,3086
8,0,28309.113,0.99353004,0.016600598,255,4,87,3087
8,0,28193.033,0.98723629,0.016600598,255,4,88,3088
8,0,28088.58,0.95361035,0.016600598,255,4,89,3089
8,0,27862.258,0.96309464,0.016600598,255,4,90,3090
8,0,28252.142,0.92089938,0.016600598,255,4,91,3091
8,0,28214.321,0.97542263,0.016600598,255,4,92,3092
8,0,28873.469,0.94707928,0.016600598,255,4,93,3093
8,0,28946.119,0.89952018,0.016600598,255,4,94,3094
8,0,28299.109,0.98618061,0.016600598,255,4,95,3095
8,0,28518.249,0.9932254,0.016600598,255,4,96,3096
8,0,28626.792,0.91381969,0.016600598,255,4,97,3097
8,0,29124.693,0.99099576,0.016600598,255,4,98,3098
8,0,28718.786,0.94392238,0.016600598,255,4,99,3099
8,0,28380.21,0.98119355,0.016600598,255,4,100,3100
8,0,28009.741,0.99889374,0.016600598,255,4,101,3101
8,0,28213.04,0.87235292,0.016600598,255,4,102,3102
8,0,28645.262,0.99892767,0.016600598,255,4,103,3103
8,0,28378.397,0.99201939,0.016600598,255,4,104,3104
8,0,28590.949,0.94745415,0.016600598,255,4,105,3105
8,0,29092.114,0.98424522,0.016600598,255,4,106,3106
8,0,28994.889,0.98415559,0.016600598,255,4,107,3107
8,0,28452.523,0.99870808,0.016600598,255,4,108,3108
8,0,28658.804,0.97131704,0.016600598,255,4,109,3109
8,0,27977.125,0.91172288,0.016600598,255,4,110,3110
8,0,28092.352,0.9850454,0.016600598,255,4,111,3111
8,0,28210.621,0.9969824,0.016600598,255,4,112,3112
8,0,28182.006,0.99575619,0.016600598,255,4,113,3113
8,0,28498.491,0.86227835,0.016600598,255,4,114,3114
8,0,28372.152,0.98822217,0.016600598,255,4,115,3115
8,0,28877.217,0.99065018,0.016600598,255,4,116,3116
8,0,28721.117,0.87301629,0.016600598,255,4,117,3117
8,0,28004.005,0.98704394,0.016600598,255,4,118,3118
8,0,28074.806,0.79037839,0.016600598,255,4,119,3119
8,0,28428.64,0.9958048,0.016600598,255,4,120,3120
8,0,28568.805,0.98884932,0.016600598,255,4,121,3121
8,0,28494.008,0.97740803,0.016600598,255,4,122,3122
8,0,28657.357,0.94461128,0.016600598,255,4,123,3123
8,0,28690.183,0.93560951,0.016600598,255,4,124,3124
8,0,28562.838,0.99547117,0.016600598,255,4,125,3125
8,0,28668.651,0.99503217,0.016600598,255,4,126,3126
8,0,29078.39,0.97424258,0.016600598,255,4,127,3127
8,0,28613.356,0.98891503,0.016600598,255,4,128,3128
8,0,28490.66,0.92457817,0.016600598,255,4,129,3129
8,0,29073.778,0.82210447,0.016600598,255,4,130,3130
8,0,28526.535,0.91580479,0.016600598,255,4,131,3131
8,0,28756.5,0.98385142,0.016600598,255,4,132,3132
8,0,28794.027,0.99541597,0.016600598,255,4,133,3133
8,0,28739.381,0.99398504,0.016600598,255,4,134,3134
8,0,28448.462,0.95836088,0.016600598,255,4,135,3135
8,0,28884.698,0.97867693,0.016600598,255,4,136,3136
8,0,28677.692,0.99004351,0.016600598,255,4,137,3137
8,0,28497.608,0.99852231,0.016600598,255,4,138,3138
8,0,27929.251,0.8824148,0.016600598,255,4,139,3139
8,0,28210.551,0.92611136,0.016600598,255,4,140,3140
8,0,27901.874,0.99755281,0.016600598,255,4,141,3141
8,0,28271.289,0.94819273,0.016600598,255,4,142,3142
8,0,28080.259,0.87494044,0.016600598,255,4,143,3143
8,0,28433.186,0.97385149,0.016600598,255,4,144,3144
8,0,28538.418,0.9679408,0.016600598,255,4,145,3145
8,0,28284.532,0.97958601,0.016600598,255,4,146,3146
8,0,28325.673,0.95081722,0.016600598,255,4,147,3147
8,0,28446.626,0.91959427,0.016600598,255,4,148,3148
8,0,27856.699,0.99984684,0.016600598,255,4,149,3149
8,0,28451.422,0.96186647,0.016600598,255,4,150,3150
8,0,28355.371,0.96272222,0.016600598,255,4,151,3151
8,0,28913.902,0.95127674,0.016600598,255,4,152,3152
8,0,28175.937,0.99736706,0.016600598,255,4,153,3153
8,0,28306.482,0.98233377,0.016600598,255,4,154,3154
8,0,28479.054,0.98421477,0.016600598,255,4,155,3155
8,0,28683.46,0.97967829,0.016600598,255,4,156,3156
8,0,28411.882,0.9299526,0.016600598,255,4,157,3157
8,0,28364.416,0.9866903,0.016600598,255,4,158,3158
8,0,28586.227,0.91419134,0.016600598,255,4,159,3159
8,0,28562.602,0.91033873,0.016600598,255,4,160,3160
8,0,28720.775,0.97835664,0.016600598,255,4,161,3161
8,0,28747.58,0.9741004,0.016600598,255,4,162,3162
8,0,28649.094,0.99741684,0.016600598,255,4,163,3163
8,0,28806.369,0.95436581,0.016600598,255,4,164,3164
8,0,28308.321,0.97886745,0.016600598,255,4,165,3165
8,0,28137.974,0.949147,0.016600598,255,4,166,3166
8,0,28587.411,0.8988694,0.016600598,255,4,167,3167
8,0,28215.639,0.99589112,0.016600598,255,4,168,3168
8,0,28506.603,0.93230942000000006,0.016600598,255,4,169,3169
8,0,28208.066,0.97409773,0.016600598,255,4,170,3170
8,0,28376.739,0.97902762,0.016600598,255,4,171,3171
8,0,28790.849,0.88908772,0.016600598,255,4,172,3172
8,0,29115.933,0.97985655,0.016600598,255,4,173,3173
8,0,29133.289,0.98771639,0.016600598,255,4,174,3174
8,0,28849.081,0.96695905,0.016600598,255,4,175,3175
8,0,29456.044,0.97958156,0.016600598,255,4,176,3176
8,0,29475.379,0.9853498,0.016600598,255,4,177,3177
8,0,29649.98,0.98937814,0.016600598,255,4,178,3178
8,0,28906.79,0.88881394,0.016600598,255,4,179,3179
8,0,28505.846,0.98729676,0.016600598,255,4,180,3180
8,0,28489.354,0.92989641,0.016600598,255,4,181,3181
8,0,28274.85,0.99873391,0.016600598,255,4,182,3182
8,0,28226.911,0.94206637,0.016600598,255,4,183,3183
8,0,28213.689,0.98319296,0.016600598,255,4,184,3184
8,0,28212.957,0.92223086,0.016600598,255,4,185,3185
8,0,28743.28,0.96617927,0.016600598,255,4,186,3186
8,0,28778.237,0.95692315,0.016600598,255,4,187,3187
8,0,29224.235,0.92267905,0.016600598,255,4,188,3188
8,0,28954.692,0.94424614,0.016600598,255,4,189,3189
8,0,28661.525,0.95740149,0.016600598,255,4,190,3190
8,0,28456.009,0.99645411,0.016600598,255,4,191,3191
8,0,28580.464,0.95454801,0.016600598,255,4,192,3192
8,0,28559.598,0.99315536,0.016600598,255,4,193,3193
8,0,28146.446,0.92248543,0.016600598,255,4,194,3194
8,0,27776.84,0.95930966,0.016600598,255,4,195,3195
8,0,27799.025,0.96383176,0.016600598,255,4,196,3196
8,0,27876.846,0.84162758,0.016600598,255,4,197,3197
8,0,27925.24,0.9707006,0.016600598,255,4,198,3198
8,0,27863.602,0.98988211,0.016600598,255,4,199,3199
8,0,28554.081,0.97818006,0.016600598,255,4,200,3200
8,0,28791.123,0.93426478,0.016600598,255,4,201,3201
8,0,28760.486,0.86688477,0.016600598,255,4,202,3202
8,0,28541.077,0.88807021,0.016600598,255,4,203,3203
8,0,28794.474,0.99798823,0.016600598,255,4,204,3204
8,0,29018.237,0.96004057,0.016600598,255,4,205,3205
8,0,28915.644,0.97629038,0.016600598,255,4,206,3206
8,0,28773.581,0.9792796,0.016600598,255,4,207,3207
8,0,29132.903,0.81233679,0.016600598,255,4,208,3208
8,0,28959.71,0.99745963,0.016600598,255,4,209,3209
8,0,28355.89,0.97926861,0.016600598,255,4,210,3210
8,0,28386.588,0.99825177,0.016600598,255,4,211,3211
8,0,28943.333,0.86199207,0.016600598,255,4,212,3212
8,0,28550.272,0.89688179,0.016600598,255,4,213,3213
8,0,28544.744,0.96789126,0.016600598,255,4,214,3214
8,0,29071.026,0.97093612,0.016600598,255,4,215,3215
8,0,29023.053,0.99097632,0.016600598,255,4,216,3216
8,0,28365.51,0.88720288,0.016600598,255,4,217,3217
8,0,28206.449,0.97163579,0.016600598,255,4,218,3218
8,0,28498.823,0.98429303,0.016600598,255,4,219,3219
8,0,28478.842,0.94190112,0.016600598,255,4,220,3220
8,0,28160.976,0.97829468,0.016600598,255,4,221,3221
8,0,28337.091,0.99053393,0.016600598,255,4,222,3222
8,0,28194.665,0.97081464,0.016600598,255,4,223,3223
8,0,27761.922,0.96085207,0.016600598,255,4,224,3224
8,0,28148.106,0.88332866,0.016600598,255,4,225,3225
8,0,28387.26,0.99254893,0.016600598,255,4,226,3226
8,0,28414.3,0.95898033,0.016600598,255,4,227,3227
8,0,28567.839,0.97938404,0.016600598,255,4,228,3228
8,0,28435.29,0.93700349,0.016600598,255,4,229,3229
8,0,28634.763,0.9826578,0.016600598,255,4,230,3230
8,0,28802.401,0.92421351,0.016600598,255,4,231,3231
8,0,28832.668,0.95258066,0.016600598,255,4,232,3232
8,0,28681.141,0.99665229,0.016600598,255,4,233,3233
8,0,28583.643,0.89598846,0.016600598,255,4,234,3234
8,0,28378.608,0.98612171,0.016600598,255,4,235,3235
8,0,28060.406,0.9647352,0.016600598,255,4,236,3236
8,0,28107.965,0.91543129,0.016600598,255,4,237,3237
8,0,28228.49,0.98471985,0.016600598,255,4,238,3238
8,0,28580.038,0.96482702,0.016600598,255,4,239,3239
8,0,28280.888,0.97807982,0.016600598,255,4,240,3240
8,0,28355.021,0.98009655,0.016600598,255,4,241,3241
8,0,28218.275,0.96636292,0.016600598,255,4,242,3242
8,0,28430.046,0.98691489,0.016600598,255,4,243,3243
8,0,28001.585,0.99798735,0.016600598,255,4,244,3244
8,0,28766.341,0.98020173,0.016600598,255,4,245,3245
8,0,28887.144,0.98410877,0.016600598,255,4,246,3246
8,0,28867.734,0.96159207,0.016600598,255,4,247,3247
8,0,28607.702,0.99163437,0.016600598,255,4,248,3248
8,0,28666.682,0.90121993,0.016600598,255,4,249,3249
8,0,28738.27,0.99728863,0.016600598,255,4,250,3250
8,0,28970.674,0.98624419,0.016600598,255,4,251,3251
8,0,28483.324,0.73331824,0.016600598,255,4,252,3252
8,0,28480.802,0.99168185,0.016600598,255,4,253,3253
8,0,28208.745,0.96496088,0.016600598,255,4,254,3254
8,0,27996.596,0.99425904,0.016600598,255,4,255,3255
8,0,28010.738,0.95247161,0.016600598,255,4,256,3256
8,0,28160.559,0.99085256,0.016600598,255,4,257,3257
8,0,28138.267,0.95879743,0.016600598,255,4,258,3258
8,0,28847.935,0.99738648,0.016600598,255,4,259,3259
8,0,28576.727,0.85625019,0.016600598,255,4,260,3260
8,0,28586.313,0.9981146,0.016600598,255,4,261,3261
8,0,28420.35,0.9818497,0.016600598,255,4,262,3262
8,0,28705.922,0.97821194,0.016600598,255,4,263,3263
8,0,28684.573,0.99915599,0.016600598,255,4,264,3264
8,0,28576.519,0.99392207,0.016600598,255,4,265,3265
8,0,28512.352,0.97407611,0.016600598,255,4,266,3266
8,0,28934.843,0.96013576,0.016600598,255,4,267,3267
8,0,28621.261,0.97916641,0.016600598,255,4,268,3268
8,0,28665.267,0.90130129,0.016600598,255,4,269,3269
8,0,28784.424,0.9576161,0.016600598,255,4,270,3270
8,0,28756.104,0.98416863,0.016600598,255,4,271,3271
8,0,28878.385,0.99551091,0.016600598,255,4,272,3272
8,0,29277.862,0.96032769,0.016600598,255,4,273,3273
8,0,29108.879,0.91436427,0.016600598,255,4,274,3274
8,0,28506.609,0.95975973,0.016600598,255,4,275,3275
8,0,28977.908,0.99692898,0.016600598,255,4,276,3276
8,0,28590.675,0.99570242,0.016600598,255,4,277,3277
8,0,28887.303,0.92892751,0.016600598,255,4,278,3278
8,0,28742.079,0.87348977,0.016600598,255,4,279,3279
8,0,28815.782,0.88366341,0.016600598,255,4,280,3280
8,0,28616.31,0.98130747,0.016600598,255,4,281,3281
8,0,28087.678,0.98460189,0.016600598,255,4,282,3282
8,0,27713.801,0.94017448,0.016600598,255,4,283,3283
8,0,27509.04,0.98805223,0.016600598,255,4,284,3284
8,0,27718.23,0.93322821,0.016600598,255,4,285,3285
8,0,27757.4,0.91073313,0.016600598,255,4,286,3286
8,0,28021.442,0.98259038,0.016600598,255,4,287,3287
8,0,28015.579,0.94757587,0.016600598,255,4,288,3288
8,0,28368.878,0.97996164,0.016600598,255,4,289,3289
8,0,28572.783,0.91541015,0.016600598,255,4,290,3290
8,0,28868.067,0.99480535,0.016600598,255,4,291,3291
8,0,28488.287,0.87113248,0.016600598,255,4,292,3292
8,0,28644.384,0.99372384,0.016600598,255,4,293,3293
8,0,29173.859,0.85956737,0.016600598,255,4,294,3294
8,0,29431.774,0.99504904,0.016600598,255,4,295,3295
8,0,28475.592,0.97226114,0.016600598,255,4,296,3296
8,0,29172.772,0.99625872,0.016600598,255,4,297,3297
8,0,28386.561,0.92830308,0.016600598,255,4,298,3298
8,0,28526.153,0.88496486,0.016600598,255,4,299,3299
8,0,28086.6,0.99994898,0.016600598,255,4,300,3300
8,0,28276.321,0.97480999,0.016600598,255,4,301,3301
8,0,28252.85,0.985324,0.016600598,255,4,302,3302
8,0,28573.847,0.99830273,0.016600598,255,4,303,3303
8,0,28324.1,0.99836444,0.016600598,255,4,304,3304
8,0,28602.806,0.94826489,0.016600598,255,4,305,3305
8,0,28149.678,0.98860273,0.016600598,255,4,306,3306
8,0,27825.288,0.94324568,0.016600598,255,4,307,3307
8,0,27642.693,0.99272216,0.016600598,255,4,308,3308
8,0,27737.234,0.990398,0.016600598,255,4,309,3309
8,0,27607.077,0.99013251,0.016600598,255,4,310,3310
8,0,28206.302,0.99704452,0.016600598,255,4,311,3311
8,0,28299.574,0.99311048,0.016600598,255,4,312,3312
8,0,28433.373,0.98968057,0.016600598,255,4,313,3313
8,0,28047.832,0.9949222,0.016600598,255,4,314,3314
8,0,28274.271,0.91261988,0.016600598,255,4,315,3315
8,0,28302.105,0.98988446,0.016600598,255,4,316,3316
8,0,28633.998,0.98289909,0.016600598,255,4,317,3317
8,0,28448.947,0.91147075,0.016600598,255,4,318,3318
8,0,28706.616,0.95546199,0.016600598,255,4,319,3319
8,0,27950.721,0.9559338,0.016600598,255,4,320,3320
8,0,27835.236,0.98306833,0.016600598,255,4,321,3321
8,0,28258.712,0.97787285,0.016600598,255,4,322,3322
8,0,28470.908,0.99940173,0.016600598,255,4,323,3323
8,0,28451.963,0.9981228,0.016600598,255,4,324,3324
8,0,28343.774,0.90229005,0.016600598,255,4,325,3325
8,0,28615.937,0.96990881,0.016600598,255,4,326,3326
8,0,28289.913,0.97461753,0.016600598,255,4,327,3327
8,0,28591.573,0.93912293,0.016600598,255,4,328,3328
8,0,28992.526,0.99745498,0.016600598,255,4,329,3329
8,0,29001.629,0.97910289,0.016600598,255,4,330,3330
8,0,28722.415,0.92352206,0.016600598,255,4,331,3331
8,0,28611.567,0.96521534,0.016600598,255,4,332,3332
8,0,28783.601,0.98913545,0.016600598,255,4,333,3333
8,0,28720.133,0.93867321,0.016600598,255,4,334,3334
8,0,28670.748,0.96114358,0.016600598,255,4,335,3335
8,0,28807.913,0.96107519,0.016600598,255,4,336,3336
8,0,28701.361,0.9925084,0.016600598,255,4,337,3337
8,0,29151.444,0.98922507,0.016600598,255,4,338,3338
8,0,29156.955,0.99444254,0.016600598,255,4,339,3339
8,0,28994.947,0.97883528,0.016600598,255,4,340,3340
8,0,28395.109,0.99825426,0.016600598,255,4,341,3341
8,0,28151.04,0.99271898,0.016600598,255,4,342,3342
8,0,28141.4,0.9734016,0.016600598,255,4,343,3343
8,0,28062.644,0.94796832,0.016600598,255,4,344,3344
8,0,28412.246,0.86979879,0.016600598,255,4,345,3345
8,0,28786.809,0.99442111,0.016600598,255,4,346,3346
8,0,29302.546,0.95150198,0.016600598,255,4,347,3347
8,0,28698.172,0.99989098,0.016600598,255,4,348,3348
8,0,28481.326,0.99151269,0.016600598,255,4,349,3349
8,0,27987.716,0.98313214,0.016600598,255,4,350,3350
8,0,28360.954,0.91958437,0.016600598,255,4,351,3351
8,0,29171.999,0.98699275,0.016600598,255,4,352,3352
8,0,29075.863,0.99967442,0.016600598,255,4,353,3353
8,0,29423.064,0.99925187,0.016600598,255,4,354,3354
8,0,29196.712,0.84320729,0.016600598,255,4,355,3355
8,0,28871.54,0.97135199,0.016600598,255,4,356,3356
8,0,28325.684,0.9883669,0.016600598,255,4,357,3357
8,0,28822.147,0.97180711,0.016600598,255,4,358,3358
8,0,28562.335,0.93745013,0.016600598,255,4,359,3359
8,0,28170.173,0.97554658,0.016600598,255,4,360,3360
8,0,28051.172,0.93573836,0.016600598,255,4,361,3361
8,0,28153.442,0.94853843,0.016600598,255,4,362,3362
8,0,28680.501,0.88956503,0.016600598,255,4,363,3363
8,0,28548.83,0.87227548,0.016600598,255,4,364,3364
8,0,28717.074,0.93983051,0.016600598,255,4,365,3365
8,0,28490.884,0.88216627,0.016600598,255,4,366,3366
8,0,28257.896,0.97660843,0.016600598,255,4,367,3367
8,0,28619.862,0.92958421,0.016600598,255,4,368,3368
8,0,28720.798,0.91069382,0.016600598,255,4,369,3369
8,0,28357.105,0.92427031,0.016600598,255,4,370,3370
8,0,28365.438,0.99848351,0.016600598,255,4,371,3371
8,0,29090.789,0.95516445,0.016600598,255,4,372,3372
8,0,28578.604,0.85988894,0.016600598,255,4,373,3373
8,0,28692.319,0.95796681,0.016600598,255,4,374,3374
8,0,28632.478,0.95484252,0.016600598,255,4,375,3375
8,0,28343.988,0.97975108,0.016600598,255,4,376,3376
8,0,28254.784,0.9739351,0.016600598,255,4,377,3377
8,0,28351.137,0.98112347,0.016600598,255,4,378,3378
8,0,28092.946,0.90671143,0.016600598,255,4,379,3379
8,0,27648.547,0.99364138,0.016600598,255,4,380,3380
8,0,28007.168,0.92587032,0.016600598,255,4,381,3381
8,0,27883.661,0.97692722,0.016600598,255,4,382,3382
8,0,28199.606,0.88252356,0.016600598,255,4,383,3383
8,0,28143.331,0.97326864,0.016600598,255,4,384,3384
8,0,28199.468,0.96986031,0.016600598,255,4,385,3385
8,0,28184.336,0.92552433,0.016600598,255,4,386,3386
8,0,27947.336,0.90438626,0.016600598,255,4,387,3387
8,0,28297.794,0.94192428,0.016600598,255,4,388,3388
8,0,28516.387,0.91510999,0.016600598,255,4,389,3389
8,0,28534.433,0.99410707,0.016600598,255,4,390,3390
8,0,28162.956,0.94207769,0.016600598,255,4,391,3391
8,0,28422.51,0.9425731,0.016600598,255,4,392,3392
8,0,28060.805,0.97074132,0.016600598,255,4,393,3393
8,0,28099.576,0.98273916,0.016600598,255,4,394,3394
8,0,28260.234,0.9380439,0.016600598,255,4,395,3395
8,0,28519.608,0.99288066,0.016600598,255,4,396,3396
8,0,28781.354,0.92603018,0.016600598,255,4,397,3397
8,0,28649.701,0.99848991,0.016600598,255,4,398,3398
8,0,28442.942,0.97513793,0.016600598,255,4,399,3399
8,0,28682.345,0.94832442,0.016600598,255,4,400,3400
8,0,28769.028,0.98514499,0.016600598,255,4,401,3401
8,0,28987.93,0.86095305,0.016600598,255,4,402,3402
8,0,28732.24,0.99846472,0.016600598,255,4,403,3403
8,0,28793.496,0.9734055,0.016600598,255,4,404,3404
8,0,28874.949,0.98842958,0.016600598,255,4,405,3405
8,0,28711.188,0.95668509,0.016600598,255,4,406,3406
8,0,28508.653,0.97730816,0.016600598,255,4,407,3407
8,0,28255.296,0.96415125,0.016600598,255,4,408,3408
8,0,28489.175,0.98348219,0.016600598,255,4,409,3409
8,0,28096.439,0.98215601,0.016600598,255,4,410,3410
8,0,27659.593,0.94438431,0.016600598,255,4,411,3411
8,0,28356.196,0.92623548,0.016600598,255,4,412,3412
8,0,28633.251,0.98034193,0.016600598,255,4,413,3413
8,0,28594.089,0.99021673,0.016600598,255,4,414,3414
8,0,28550.688,0.93757234,0.016600598,255,4,415,3415
8,0,28888.383,0.97648884,0.016600598,255,4,416,3416
8,0,28995.869,0.9091182,0.016600598,255,4,417,3417
8,0,28728.649,0.99097493,0.016600598,255,4,418,3418
8,0,28448.814,0.9757817,0.016600598,255,4,419,3419
8,0,28444.387,0.98128558,0.016600598,255,4,420,3420
8,0,28660.272,0.97595486,0.016600598,255,4,421,3421
8,0,28740.904,0.82908186,0.016600598,255,4,422,3422
8,0,28842.55,0.96182761,0.016600598,255,4,423,3423
8,0,28438.817,0.99161603,0.016600598,255,4,424,3424
8,0,28215.668,0.99850233,0.016600598,255,4,425,3425
8,0,28403.22,0.95737666,0.016600598,255,4,426,3426
8,0,28555.355,0.98969347,0.016600598,255,4,427,3427
8,0,28770.588,0.96888735,0.016600598,255,4,428,3428
8,0,28417.085,0.96528244,0.016600598,255,4,429,3429
8,0,28877.04,0.80708311,0.016600598,255,4,430,3430
8,0,28820.797,0.98839943,0.016600598,255,4,431,3431
8,0,29173.932,0.99167589,0.016600598,255,4,432,3432
8,0,28743.277,0.86483988,0.016600598,255,4,433,3433
8,0,28930.216,0.92733661,0.016600598,255,4,434,3434
8,0,29304.447,0.99055173,0.016600598,255,4,435,3435
8,0,29181.973,0.99940938,0.016600598,255,4,436,3436
8,0,28886.026,0.92545775,0.016600598,255,4,437,3437
8,0,28812.321,0.97661475,0.016600598,255,4,438,3438
8,0,28313.619,0.90661385,0.016600598,255,4,439,3439
8,0,29049.715,0.95342876,0.016600598,255,4,440,3440
8,0,29334.045,0.99200925,0.016600598,255,4,441,3441
8,0,29280.743,0.99794293,0.016600598,255,4,442,3442
8,0,28549.643,0.9948858,0.016600598,255,4,443,3443
8,0,28189.844,0.96553202,0.016600598,255,4,444,3444
8,0,28624.034,0.95477446,0.016600598,255,4,445,3445
8,0,28994.539,0.99643416,0.016600598,255,4,446,3446
8,0,28734.818,0.97333269,0.016600598,255,4,447,3447
8,0,28416.695,0.97442294,0.016600598,255,4,448,3448
8,0,27997.176,0.98809693,0.016600598,255,4,449,3449
8,0,28329.083,0.91199083,0.016600598,255,4,450,3450
8,0,28476.118,0.97849207,0.016600598,255,4,451,3451
8,0,28409.2,0.97897798,0.016600598,255,4,452,3452
8,0,28596.272,0.99345883,0.016600598,255,4,453,3453
8,0,28484.268,0.98389754,0.016600598,255,4,454,3454
8,0,29022.687,0.93749826,0.016600598,255,4,455,3455
8,0,28581.994,0.98960541,0.016600598,255,4,456,3456
8,0,29012.568,0.89092585,0.016600598,255,4,457,3457
8,0,28757.183,0.97386512,0.016600598,255,4,458,3458
8,0,28507.153,0.99205624,0.016600598,255,4,459,3459
8,0,28701.039,0.908323,0.016600598,255,4,460,3460
8,0,28748.171,0.95220122,0.016600598,255,4,461,3461
8,0,28675.963,0.99187879,0.016600598,255,4,462,3462
8,0,28847.778,0.98015926,0.016600598,255,4,463,3463
8,0,28455.124,0.97116134,0.016600598,255,4,464,3464
8,0,28195.4,0.91091291,0.016600598,255,4,465,3465
8,0,27899.227,0.99584115,0.016600598,255,4,466,3466
8,0,28334.678,0.97904013,0.016600598,255,4,467,3467
8,0,28574.317,0.96579845,0.016600598,255,4,468,3468
8,0,28698.69,0.99900679,0.016600598,255,4,469,3469
8,0,28566.987,0.96723231,0.016600598,255,4,470,3470
8,0,28555.164,0.99687626,0.016600598,255,4,471,3471
8,0,28119.671,0.98358882,0.016600598,255,4,472,3472
8,0,27948.059,0.93938538,0.016600598,255,4,473,3473
8,0,28057.538,0.9745661,0.016600598,255,4,474,3474
8,0,28622.158,0.89289752,0.016600598,255,4,475,3475
8,0,28712.529,0.95383556,0.016600598,255,4,476,3476
8,0,28424.94,0.97697436,0.016600598,255,4,477,3477
8,0,28482.322,0.96392036,0.016600598,255,4,478,3478
8,0,28351.409,0.89845918,0.016600598,255,4,479,3479
8,0,28191.512,0.95826,0.016600598,255,4,480,3480
8,0,27954.638,0.91883724,0.016600598,255,4,481,3481
8,0,28202.41,0.97859606,0.016600598,255,4,482,3482
8,0,28570.339,0.94808352,0.016600598,255,4,483,3483
8,0,28697.43,0.90715739,0.016600598,255,4,484,3484
8,0,28612.745,0.99228228,0.016600598,255,4,485,3485
8,0,28174.568,0.93489147,0.016600598,255,4,486,3486
8,0,27951.115,0.93995008,0.016600598,255,4,487,3487
8,0,27599.258,0.99587623,0.016600598,255,4,488,3488
8,0,28063.616,0.99480429,0.016600598,255,4,489,3489
8,0,28378.822,0.97356604,0.016600598,255,4,490,3490
8,0,28477.329,0.91948814,0.016600598,255,4,491,3491
8,0,28280.913,0.99202516,0.016600598,255,4,492,3492
8,0,27583.538,0.99902951,0.016600598,255,4,493,3493
8,0,27177.121,0.9684866,0.016600598,255,4,494,3494
8,0,27371.841,0.98663606,0.016600598,255,4,495,3495
8,0,27886.861,0.98588737,0.016600598,255,4,496,3496
8,0,27848.5,0.8642837,0.016600598,255,4,497,3497
8,0,28235.958,0.93232339,0.016600598,255,4,498,3498
8,0,28430.81,0.86596227,0.016600598,255,4,499,3499
8,0,28395.125,0.82345352,0.016600598,255,4,500,3500
8,0,28368.517,0.93885662,0.016600598,255,4,501,3501
8,0,27965.401,0.91779961,0.016600598,255,4,502,3502
8,0,28445.109,0.90095521,0.016600598,255,4,503,3503
8,0,27852.758,0.96139349,0.016600598,255,4,504,3504
8,0,28024.395,0.96743003,0.016600598,255,4,505,3505
8,0,28119.965,0.99869773,0.016600598,255,4,506,3506
8,0,28344.168,0.98601997,0.016600598,255,4,507,3507
8,0,28803.005,0.89839484,0.016600598,255,4,508,3508
8,0,28964.117,0.97691245,0.016600598,255,4,509,3509
8,0,28881.518,0.97872817,0.016600598,255,4,510,3510
8,0,28789.701,0.97178104,0.016600598,255,4,511,3511
8,0,29066.757,0.99710158,0.016600598,255,4,512,3512
8,0,29520.231,0.91900761,0.016600598,255,4,513,3513
8,0,29052.421,0.94357799,0.016600598,255,4,514,3514
8,0,29006.969,0.99989704,0.016600598,255,4,515,3515
8,0,28398.435,0.97894982,0.016600598,255,4,516,3516
8,0,27886.813,0.98760791,0.016600598,255,4,517,3517
8,0,28080.22,0.93752651,0.016600598,255,4,518,3518
8,0,28143.715,0.90974795,0.016600598,255,4,519,3519
8,0,28108.474,0.88121178,0.016600598,255,4,520,3520
8,0,27984.75,0.94117756,0.016600598,255,4,521,3521
8,0,28296.819,0.93568471,0.016600598,255,4,522,3522
8,0,28355.259,0.97565195,0.016600598,255,4,523,3523
8,0,28551.563,0.95889518,0.016600598,255,4,524,3524
8,0,28149.851,0.82978025,0.016600598,255,4,525,3525
8,0,28220.026,0.9529575,0.016600598,255,4,526,3526
8,0,28136.17,0.9665896,0.016600598,255,4,527,3527
8,0,28466.103,0.96171755,0.016600598,255,4,528,3528
8,0,28810.758,0.96889582,0.016600598,255,4,529,3529
8,0,28471.539,0.94669437,0.016600598,255,4,530,3530
8,0,28856.644,0.92835083,0.016600598,255,4,531,3531
8,0,28873.954,0.96293965,0.016600598,255,4,532,3532
8,0,28464.777,0.98933877,0.016600598,255,4,533,3533
8,0,28689.213,0.97478024,0.016600598,255,4,534,3534
8,0,29083.778,0.95234957,0.016600598,255,4,535,3535
8,0,28997.923,0.96623363,0.016600598,255,4,536,3536
8,0,28789.44,0.9822882,0.016600598,255,4,537,3537
8,0,28635.085,0.96454817,0.016600598,255,4,538,3538
8,0,28732.881,0.97696082,0.016600598,255,4,539,3539
8,0,28975.099,0.94915004,0.016600598,255,4,540,3540
8,0,28472.954,0.98663904,0.016600598,255,4,541,3541
8,0,28492.1,0.94481749,0.016600598,255,4,542,3542
8,0,28631.953,0.90816476,0.016600598,255,4,543,3543
8,0,28533.174,0.99948039,0.016600598,255,4,544,3544
8,0,28768.532,0.98984273,0.016600598,255,4,545,3545
8,0,28331.367,0.95953785,0.016600598,255,4,546,3546
8,0,28192.307,0.96735479,0.016600598,255,4,547,3547
8,0,28314.604,0.99978025,0.016600598,255,4,548,3548
8,0,28251.876,0.99966304,0.016600598,255,4,549,3549
8,0,28122.942,0.9703092,0.016600598,255,4,550,3550
8,0,28092.793,0.97145081,0.016600598,255,4,551,3551
8,0,28356.245,0.96397617,0.016600598,255,4,552,3552
8,0,28608.678,0.92372806,0.016600598,255,4,553,3553
8,0,28856.029,0.99935574,0.016600598,255,4,554,3554
8,0,28884.936,0.99986634,0.016600598,255,4,555,3555
8,0,28800.038,0.94987423,0.016600598,255,4,556,3556
8,0,29066.173,0.95614062,0.016600598,255,4,557,3557
8,0,29102.415,0.957708,0.016600598,255,4,558,3558
8,0,29061.864,0.99483483,0.016600598,255,4,559,3559
8,0,29326.047,0.9843447,0.016600598,255,4,560,3560
8,0,29238.595,0.97651512,0.016600598,255,4,561,3561
8,0,28944.627,0.89694153,0.016600598,255,4,562,3562
8,0,28941.503,0.99999758,0.016600598,255,4,563,3563
8,0,29195.122,0.99888939,0.016600598,255,4,564,3564
8,0,28976.951,0.88392242,0.016600598,255,4,565,3565
8,0,28954.149,0.99642175,0.016600598,255,4,566,3566
8,0,29073.056,0.96324021,0.016600598,255,4,567,3567
8,0,29237.088,0.898209,0.016600598,255,4,568,3568
8,0,29097.973,0.94098398,0.016600598,255,4,569,3569
8,0,29190.243,0.99522443,0.016600598,255,4,570,3570
8,0,29368.13,0.98138341,0.016600598,255,4,571,3571
8,0,29104.868,0.96209163,0.016600598,255,4,572,3572
8,0,29004.065,0.89060677,0.016600598,255,4,573,3573
8,0,29246.812,0.98546726,0.016600598,255,4,574,3574
8,0,28933.238,0.9905433,0.016600598,255,4,575,3575
8,0,28790.207,0.83121846,0.016600598,255,4,576,3576
8,0,29278.417,0.86524535,0.016600598,255,4,577,3577
8,0,29463.58,0.99848575,0.016600598,255,4,578,3578
8,0,29414.304,0.99927076,0.016600598,255,4,579,3579
8,0,29598.91,0.92199239,0.016600598,255,4,580,3580
8,0,29383.795,0.82216443,0.016600598,255,4,581,3581
8,0,28981.353,0.99102469,0.016600598,255,4,582,3582
8,0,28971.948,0.94700457,0.016600598,255,4,583,3583
8,0,28958.648,0.97691778,0.016600598,255,4,584,3584
8,0,28250.848,0.91438354,0.016600598,255,4,585,3585
8,0,28193.73,0.984832,0.016600598,255,4,586,3586
8,0,28054.41,0.98347408,0.016600598,255,4,587,3587
8,0,28589.82,0.9168729,0.016600598,255,4,588,3588
8,0,28309.52,0.99397535,0.016600598,255,4,589,3589
8,0,28046.216,0.95414613,0.016600598,255,4,590,3590
8,0,27872.253,0.98677448,0.016600598,255,4,591,3591
8,0,27919.623,0.77618609,0.016600598,255,4,592,3592
8,0,28175.803,0.99566105,0.016600598,255,4,593,3593
8,0,28745.912,0.95238426,0.016600598,255,4,594,3594
8,0,28436.184,0.89879761,0.016600598,255,4,595,3595
8,0,28654.397,0.99617756,0.016600598,255,4,596,3596
8,0,28802.249,0.98671392,0.016600598,255,4,597,3597
8,0,28464.208,0.95106725,0.016600598,255,4,598,3598
8,0,28868.783,0.96768937,0.016600598,255,4,599,3599
8,0,28898.869,0.98129489,0.016600598,255,4,600,3600
8,0,29132.385,0.95364203,0.016600598,255,4,601,3601
8,0,29364.935,0.98089634,0.016600598,255,4,602,3602
8,0,29323.394,0.94889129,0.016600598,255,4,603,3603
8,0,28663.584,0.96470038,0.016600598,255,4,604,3604
8,0,28803.449,0.92006299,0.016600598,255,4,605,3605
8,0,28721.899,0.7995861,0.016600598,255,4,606,3606
8,0,28703.14,0.88658259,0.016600598,255,4,607,3607
8,0,28523.913,0.94370315,0.016600598,255,4,608,3608
8,0,28401.712,0.89832581,0.016600598,255,4,609,3609
8,0,28306.566,0.99128789,0.016600598,255,4,610,3610
8,0,28054.563,0.80731653,0.016600598,255,4,611,3611
8,0,28487.351,1,0.016600598,255,4,612,3612
8,0,28596.492,0.91648429,0.016600598,255,4,613,3613
8,0,28599.268,0.99432942,0.016600598,255,4,614,3614
8,0,28617.872,0.84932797,0.016600598,255,4,615,3615
8,0,28068.466,0.82629021,0.016600598,255,4,616,3616
8,0,28231.295,0.99285578,0.016600598,255,4,617,3617
8,0,28081.866,0.99642587,0.016600598,255,4,618,3618
8,0,28206.662,0.91696435,0.016600598,255,4,619,3619
8,0,28068.808,0.99331332,0.016600598,255,4,620,3620
8,0,27824.795,0.9772082,0.016600598,255,4,621,3621
8,0,27699.806,0.9746507,0.016600598,255,4,622,3622
8,0,27438.491,0.91604457,0.016600598,255,4,623,3623
8,0,27715.262,0.99780358,0.016600598,255,4,624,3624
8,0,27914.803,0.95392754,0.016600598,255,4,625,3625
8,0,27647.458,0.98463311,0.016600598,255,4,626,3626
8,0,28066.122,0.96985958,0.016600598,255,4,627,3627
8,0,27981.911,0.97812615,0.016600598,255,4,628,3628
8,0,27431.555,0.95204588,0.016600598,255,4,629,3629
8,0,27489.505,0.87829495,0.016600598,255,4,630,3630
8,0,27650.892,0.93987205,0.016600598,255,4,631,3631
8,0,27758.394,0.9844633,0.016600598,255,4,632,3632
8,0,28029.946,0.95757702,0.016600598,255,4,633,3633
8,0,28487.435,0.90683828,0.016600598,255,4,634,3634
8,0,28281.924,0.98051035,0.016600598,255,4,635,3635
8,0,28496.696,0.92067494,0.016600598,255,4,636,3636
8,0,28460.629,0.99398397,0.016600598,255,4,637,3637
8,0,28333.832,0.95409828,0.016600598,255,4,638,3638
8,0,28368.986,0.95185086,0.016600598,255,4,639,3639
8,0,28582.329,0.98022379,0.016600598,255,4,640,3640
8,0,28017.162,0.99017156,0.016600598,255,4,641,3641
8,0,28346.226,0.90848029,0.016600598,255,4,642,3642
8,0,28102.145,0.78886785,0.016600598,255,4,643,3643
8,0,28214.891,0.99089063,0.016600598,255,4,644,3644
8,0,28616.799,0.87025772,0.016600598,255,4,645,3645
8,0,28334.73,0.94346762,0.016600598,255,4,646,3646
8,0,28389.061,0.98442186,0.016600598,255,4,647,3647
8,0,28254.898,0.86710906,0.016600598,255,4,648,3648
8,0,28097.663,0.99223748,0.016600598,255,4,649,3649
8,0,27562.642,0.95851097,0.016600598,255,4,650,3650
8,0,27812.332,0.96248207,0.016600598,255,4,651,3651
8,0,28312.345,0.95738943,0.016600598,255,4,652,3652
8,0,28421.688,0.94128605,0.016600598,255,4,653,3653
8,0,28126.19,0.9090294,0.016600598,255,4,654,3654
8,0,28093.449,0.96534327,0.016600598,255,4,655,3655
8,0,28080.433,0.99168135,0.016600598,255,4,656,3656
8,0,28212.848,0.98409767,0.016600598,255,4,657,3657
8,0,28756.219,0.97264926,0.016600598,255,4,658,3658
8,0,29379.382,0.96600882,0.016600598,255,4,659,3659
8,0,28871.485,0.99563961,0.016600598,255,4,660,3660
8,0,28890.888,0.97054023,0.016600598,255,4,661,3661
8,0,28748.243,0.9257254,0.016600598,255,4,662,3662
8,0,28483.097,0.95617586,0.016600598,255,4,663,3663
8,0,28808.802,0.96505058,0.016600598,255,4,664,3664
8,0,28376.23,0.82021177,0.016600598,255,4,665,3665
8,0,28566.073,0.99772812,0.016600598,255,4,666,3666
8,0,28713.325,0.99245977,0.016600598,255,4,667,3667
8,0,28956.812,0.98422191,0.016600598,255,4,668,3668
8,0,28511.878,0.97332834,0.016600598,255,4,669,3669
8,0,28416.674,0.99274219,0.016600598,255,4,670,3670
8,0,28321.599,0.93995294,0.016600598,255,4,671,3671
8,0,28580.741,0.99425632,0.016600598,255,4,672,3672
8,0,29209.355,0.97361869,0.016600598,255,4,673,3673
8,0,28935.921,0.98245914,0.016600598,255,4,674,3674
8,0,28676.843,0.96954536,0.016600598,255,4,675,3675
8,0,28694.263,0.97977003,0.016600598,255,4,676,3676
8,0,28463.026,0.97100332,0.016600598,255,4,677,3677
8,0,28174.566,0.9869954,0.016600598,255,4,678,3678
8,0,28175.48,0.94662212,0.016600598,255,4,679,3679
8,0,27924.404,0.95368311,0.016600598,255,4,680,3680
8,0,27874.256,0.99354014,0.016600598,255,4,681,3681
8,0,28106.484,0.94809767,0.016600598,255,4,682,3682
8,0,28005.616,0.95271987,0.016600598,255,4,683,3683
8,0,28196.527,0.97608103,0.016600598,255,4,684,3684
8,0,28200.103,0.94399427,0.016600598,255,4,685,3685
8,0,28078.069,0.98156338,0.016600598,255,4,686,3686
8,0,28326.057,0.98980062,0.016600598,255,4,687,3687
8,0,28294.824,0.95063247,0.016600598,255,4,688,3688
8,0,28765.578,0.97481998,0.016600598,255,4,689,3689
8,0,28624.086,0.97189845,0.016600598,255,4,690,3690
8,0,29225.712,0.95357183,0.016600598,255,4,691,3691
8,0,28846.683,0.99812607,0.016600598,255,4,692,3692
8,0,28498.858,0.90845985,0.016600598,255,4,693,3693
8,0,28529.242,0.92552995,0.016600598,255,4,694,3694
8,0,28964.654,0.9566359,0.016600598,255,4,695,3695
8,0,28954.515,0.97818431,0.016600598,255,4,696,3696
8,0,29183.733,0.98697006,0.016600598,255,4,697,3697
8,0,28939.946,0.99887528,0.016600598,255,4,698,3698
8,0,29260.719,0.955234,0.016600598,255,4,699,3699
8,0,28609.827,0.92930143,0.016600598,255,4,700,3700
8,0,27882.962,0.99680178,0.016600598,255,4,701,3701
8,0,27997.896,0.992608,0.016600598,255,4,702,3702
8,0,27977.476,0.97810883,0.016600598,255,4,703,3703
8,0,28469.504,0.99795981,0.016600598,255,4,704,3704
8,0,28760.899,0.99840593,0.016600598,255,4,705,3705
8,0,28642.557,0.88994962,0.016600598,255,4,706,3706
8,0,28284.631,0.99900479,0.016600598,255,4,707,3707
8,0,28432.012,0.87835409,0.016600598,255,4,708,3708
8,0,28400.721,0.84698065,0.016600598,255,4,709,3709
8,0,28529.749,0.99126452,0.016600598,255,4,710,3710
8,0,28694.856,0.97263358,0.016600598,255,4,711,3711
8,0,28437.73,0.96168018,0.016600598,255,4,712,3712
8,0,28649.451,0.98318127,0.016600598,255,4,713,3713
8,0,28435.657,0.96530376,0.016600598,255,4,714,3714
8,0,28937,0.98486129,0.016600598,255,4,715,3715
8,0,29202.311,0.96710291,0.016600598,255,4,716,3716
8,0,28672.788,0.99372707,0.016600598,255,4,717,3717
8,0,28176.702,0.98177934,0.016600598,255,4,718,3718
8,0,28067.675,0.83153155,0.016600598,255,4,719,3719
8,0,28171.194,0.95064907,0.016600598,255,4,720,3720
8,0,28504.496,0.9526958,0.016600598,255,4,721,3721
8,0,28766.187,0.96776911,0.016600598,255,4,722,3722
8,0,28671.967,0.9973409,0.016600598,255,4,723,3723
8,0,28161.342,0.90843595,0.016600598,255,4,724,3724
8,0,28066.914,0.94433159,0.016600598,255,4,725,3725
8,0,28505.7,0.99935692,0.016600598,255,4,726,3726
8,0,28250.582,0.97610339,0.016600598,255,4,727,3727
8,0,28245.594,0.97428746,0.016600598,255,4,728,3728
8,0,28803.495,0.98960007,0.016600598,255,4,729,3729
8,0,29009.917,0.93111897,0.016600598,255,4,730,3730
8,0,28822.132,0.9941611,0.016600598,255,4,731,3731
8,0,29100.926,0.96840324,0.016600598,255,4,732,3732
8,0,28380.167,0.99599716,0.016600598,255,4,733,3733
8,0,28205.318,0.97022729,0.016600598,255,4,734,3734
8,0,28729.17,0.99781373,0.016600598,255,4,735,3735
8,0,28313.4,0.99565855,0.016600598,255,4,736,3736
8,0,27926.971,0.94076812,0.016600598,255,4,737,3737
8,0,27579.722,0.87953426,0.016600598,255,4,738,3738
8,0,27870.683,0.96892109,0.016600598,255,4,739,3739
8,0,27625.742,0.96335567,0.016600598,255,4,740,3740
8,0,28354.007,0.96623232,0.016600598,255,4,741,3741
8,0,28579.871,0.97898999,0.016600598,255,4,742,3742
8,0,27949.65,0.93355862,0.016600598,255,4,743,3743
8,0,28127.239,0.96679617,0.016600598,255,4,744,3744
8,0,27923.482,0.72018642,0.016600598,255,4,745,3745
8,0,28068.16,0.99843154,0.016600598,255,4,746,3746
8,0,28058.707,0.99602106,0.016600598,255,4,747,3747
8,0,28440.712,0.9415178,0.016600598,255,4,748,3748
8,0,28446.373,0.99508031,0.016600598,255,4,749,3749
8,0,28905.82,0.99182275,0.016600598,255,4,750,3750
8,0,28815.276,0.97107664,0.016600598,255,4,751,3751
8,0,29054.18,0.97163102,0.016600598,255,4,752,3752
8,0,28887.751,0.99880261,0.016600598,255,4,753,3753
8,0,28690.065,0.93533059,0.016600598,255,4,754,3754
8,0,28041.255,0.99738269,0.016600598,255,4,755,3755
8,0,28009.474,0.98778162,0.016600598,255,4,756,3756
8,0,28102.938,0.96897182,0.016600598,255,4,757,3757
8,0,28101.108,0.922538,0.016600598,255,4,758,3758
8,0,27893.974,0.98864672,0.016600598,255,4,759,3759
8,0,28416.341,0.99450567,0.016600598,255,4,760,3760
8,0,28375.927,0.91964874,0.016600598,255,4,761,3761
8,0,28806.802,0.82449526,0.016600598,255,4,762,3762
8,0,28778.655,0.93979519,0.016600598,255,4,763,3763
8,0,28395.322,0.8470202,0.016600598,255,4,764,3764
8,0,27909.011,0.93718994,0.016600598,255,4,765,3765
8,0,27580.17,0.92283858,0.016600598,255,4,766,3766
8,0,27761.993,0.95013037,0.016600598,255,4,767,3767
8,0,27561.214,0.99515665,0.016600598,255,4,768,3768
8,0,28177.26,0.9439906,0.016600598,255,4,769,3769
8,0,28665.82,0.99294636,0.016600598,255,4,770,3770
8,0,28835.936,0.99998248,0.016600598,255,4,771,3771
8,0,28553.889,0.96920259,0.016600598,255,4,772,3772
8,0,28634.559,0.89830456,0.016600598,255,4,773,3773
8,0,28882.901,0.97269638,0.016600598,255,4,774,3774
8,0,28610.052,0.92792059,0.016600598,255,4,775,3775
8,0,28222.295,0.97602013,0.016600598,255,4,776,3776
8,0,28192.07,0.94673123,0.016600598,255,4,777,3777
8,0,28030.526,0.99195863,0.016600598,255,4,778,3778
8,0,28141.207,0.96056853,0.016600598,255,4,779,3779
8,0,28721.25,0.86174723,0.016600598,255,4,780,3780
8,0,28849.035,0.98343428,0.016600598,255,4,781,3781
8,0,28831.264,0.88070701,0.016600598,255,4,782,3782
8,0,28744.311,0.96497533,0.016600598,255,4,783,3783
8,0,28514.803,0.77053876,0.016600598,255,4,784,3784
8,0,28859.524,0.90081299,0.016600598,255,4,785,3785
8,0,28795.205,0.98944143,0.016600598,255,4,786,3786
8,0,28461.807,0.99820316,0.016600598,255,4,787,3787
8,0,28262.713,0.96248449,0.016600598,255,4,788,3788
8,0,28443.067,0.96568487,0.016600598,255,4,789,3789
8,0,28337.354,0.87239474,0.016600598,255,4,790,3790
8,0,28130.542,0.99075628,0.016600598,255,4,791,3791
8,0,28076.746,0.99435911,0.016600598,255,4,792,3792
8,0,28256.787,0.89231585,0.016600598,255,4,793,3793
8,0,28641.433,0.98040012,0.016600598,255,4,794,3794
8,0,29163.603,0.994385,0.016600598,255,4,795,3795
8,0,28882.905,0.95423592,0.016600598,255,4,796,3796
8,0,28406.105,0.94606686,0.016600598,255,4,797,3797
8,0,28158.149,0.96217096,0.016600598,255,4,798,3798
8,0,28215.898,0.91554204,0.016600598,255,4,799,3799
8,0,28000.912,0.94693487,0.016600598,255,4,800,3800
8,0,28343.363,0.94936689,0.016600598,255,4,801,3801
8,0,28484.232,0.99163655,0.016600598,255,4,802,3802
8,0,28275.642,0.98927523,0.016600598,255,4,803,3803
8,0,28602.307,0.96970444,0.016600598,255,4,804,3804
8,0,28229.603,0.9150141,0.016600598,255,4,805,3805
8,0,28744.792,0.98050019,0.016600598,255,4,806,3806
8,0,28671.647,0.99478488,0.016600598,255,4,807,3807
8,0,28518.573,0.91854687,0.016600598,255,4,808,3808
8,0,28099.896,0.99826294,0.016600598,255,4,809,3809
8,0,28645.613,0.90695914,0.016600598,255,4,810,3810
8,0,28469.403,0.99290176,0.016600598,255,4,811,3811
8,0,28069.014,0.88931449,0.016600598,255,4,812,3812
8,0,28288.104,0.9867883,0.016600598,255,4,813,3813
8,0,28369.518,0.97543552,0.016600598,255,4,814,3814
8,0,28126.776,0.98877519,0.016600598,255,4,815,3815
8,0,27989.155,0.97017999,0.016600598,255,4,816,3816
8,0,28562.975,0.94130271,0.016600598,255,4,817,3817
8,0,28407.274,0.98989536,0.016600598,255,4,818,3818
8,0,28503.767,0.85200779,0.016600598,255,4,819,3819
8,0,28595.845,0.99955207,0.016600598,255,4,820,3820
8,0,28639.715,0.93151404,0.016600598,255,4,821,3821
8,0,29026.377,0.9708084,0.016600598,255,4,822,3822
8,0,28585.826,0.98543035,0.016600598,255,4,823,3823
8,0,28998.98,0.99176328,0.016600598,255,4,824,3824
8,0,29019.337,0.91650306,0.016600598,255,4,825,3825
8,0,28877.928,0.94783014,0.016600598,255,4,826,3826
8,0,28797.561,0.97722365,0.016600598,255,4,827,3827
8,0,28445.326,0.99538125,0.016600598,255,4,828,3828
8,0,28258.342,0.86396135,0.016600598,255,4,829,3829
8,0,28335.984,0.89463318,0.016600598,255,4,830,3830
8,0,28197.196,0.99437102,0.016600598,255,4,831,3831
8,0,28129.836,0.98022425,0.016600598,255,4,832,3832
8,0,28437.983,0.99789692,0.016600598,255,4,833,3833
8,0,28804.735,0.89472873,0.016600598,255,4,834,3834
8,0,28932.72,0.98418937,0.016600598,255,4,835,3835
8,0,28402.807,0.98905025,0.016600598,255,4,836,3836
8,0,28229.242,0.99791303,0.016600598,255,4,837,3837
8,0,28317.785,0.90300571,0.016600598,255,4,838,3838
8,0,28285.735,0.96088363,0.016600598,255,4,839,3839
8,0,28611.411,0.99372922,0.016600598,255,4,840,3840
8,0,28378.203,0.98746687,0.016600598,255,4,841,3841
8,0,28531.279,0.95467785,0.016600598,255,4,842,3842
8,0,28537.376,0.94309602,0.016600598,255,4,843,3843
8,0,28926.568,0.98762056,0.016600598,255,4,844,3844
8,0,28838.48,0.96899857,0.016600598,255,4,845,3845
8,0,28624.299,0.92701816,0.016600598,255,4,846,3846
8,0,28427.816,0.99792848,0.016600598,255,4,847,3847
8,0,28058.88,0.96634786,0.016600598,255,4,848,3848
8,0,28191.093,0.90833689,0.016600598,255,4,849,3849
8,0,27985.01,0.8962833,0.016600598,255,4,850,3850
8,0,27526.62,0.99372685,0.016600598,255,4,851,3851
8,0,27517.871,0.97239438,0.016600598,255,4,852,3852
8,0,27799.65,0.90605574,0.016600598,255,4,853,3853
8,0,28647.09,0.98419885,0.016600598,255,4,854,3854
8,0,28560.549,0.77451719,0.016600598,255,4,855,3855
8,0,28301.354,0.83904793,0.016600598,255,4,856,3856
8,0,28381.551,0.84176837,0.016600598,255,4,857,3857
8,0,28519.283,0.91966065,0.016600598,255,4,858,3858
8,0,28578.565,0.95188788,0.016600598,255,4,859,3859
8,0,28918.672,0.99467405,0.016600598,255,4,860,3860
8,0,28370.254,0.98577016,0.016600598,255,4,861,3861
8,0,28723.931,0.97348887,0.016600598,255,4,862,3862
8,0,28325.786,0.93107865,0.016600598,255,4,863,3863
8,0,28838.6,0.97415834,0.016600598,255,4,864,3864
8,0,28878.531,0.89943143,0.016600598,255,4,865,3865
8,0,28529.226,0.98565783,0.016600598,255,4,866,3866
8,0,28127.471,0.96058543,0.016600598,255,4,867,3867
8,0,28201.358,0.92119339,0.016600598,255,4,868,3868
8,0,28277.038,0.97706019,0.016600598,255,4,869,3869
8,0,28624.442,0.97946431,0.016600598,255,4,870,3870
8,0,28385.087,0.95401785,0.016600598,255,4,871,3871
8,0,28600.571,0.93598778,0.016600598,255,4,872,3872
8,0,28636.038,0.98203616,0.016600598,255,4,873,3873
8,0,28714.861,0.87032968,0.016600598,255,4,874,3874
8,0,28371.503,0.89435934,0.016600598,255,4,875,3875
8,0,28377.962,0.88943026,0.016600598,255,4,876,3876
8,0,28578.327,0.92494629,0.016600598,255,4,877,3877
8,0,28401.516,0.87298165,0.016600598,255,4,878,3878
8,0,28336.884,0.98949599,0.016600598,255,4,879,3879
8,0,28788.998,0.96830345,0.016600598,255,4,880,3880
8,0,28976.332,0.99967163,0.016600598,255,4,881,3881
8,0,28682.58,0.97686223,0.016600598,255,4,882,3882
8,0,28561.243,0.98768027,0.016600598,255,4,883,3883
8,0,28692.738,0.98291223,0.016600598,255,4,884,3884
8,0,28118.459,0.92178704,0.016600598,255,4,885,3885
8,0,27980.149,0.98693627,0.016600598,255,4,886,3886
8,0,28009.09,0.9689073,0.016600598,255,4,887,3887
8,0,28090.392,0.94011021,0.016600598,255,4,888,3888
8,0,28541.927,0.85949988,0.016600598,255,4,889,3889
8,0,28141.583,0.99629915,0.016600598,255,4,890,3890
8,0,27770.868,0.93205718,0.016600598,255,4,891,3891
8,0,27770.267,0.96766614,0.016600598,255,4,892,3892
8,0,28305.472,0.93414666,0.016600598,255,4,893,3893
8,0,28356.977,0.9714883,0.016600598,255,4,894,3894
8,0,28471.362,0.98471311,0.016600598,255,4,895,3895
8,0,28848.866,0.96045654,0.016600598,255,4,896,3896
8,0,28684.916,0.92287127,0.016600598,255,4,897,3897
8,0,28842.02,0.99458691,0.016600598,255,4,898,3898
8,0,29230.005,0.8805667,0.016600598,255,4,899,3899
8,0,29570.167,0.97232611,0.016600598,255,4,900,3900
8,0,29558.096,0.96835367,0.016600598,255,4,901,3901
8,0,29308.787,0.96793282,0.016600598,255,4,902,3902
8,0,29419.649,0.95599239,0.016600598,255,4,903,3903
8,0,28850.086,0.98800308,0.016600598,255,4,904,3904
8,0,28805.75,0.91622726,0.016600598,255,4,905,3905
8,0,28416.107,0.98145417,0.016600598,255,4,906,3906
8,0,28292.628,0.86198929,0.016600598,255,4,907,3907
8,0,27564.866,0.99460949,0.016600598,255,4,908,3908
8,0,28007.685,0.99025444,0.016600598,255,4,909,3909
8,0,27736.783,0.99426496,0.016600598,255,4,910,3910
8,0,27947.001,0.98744651,0.016600598,255,4,911,3911
8,0,28087.201,0.96910451,0.016600598,255,4,912,3912
8,0,28525.783,0.80862852,0.016600598,255,4,913,3913
8,0,28333.438,0.99348404,0.016600598,255,4,914,3914
8,0,28132.238,0.98085035,0.016600598,255,4,915,3915
8,0,28227.317,0.86400589,0.016600598,255,4,916,3916
8,0,28324.586,0.99226358,0.016600598,255,4,917,3917
8,0,28051.091,0.98875431,0.016600598,255,4,918,3918
8,0,28260.172,0.99921025,0.016600598,255,4,919,3919
8,0,28605.383,0.96731398,0.016600598,255,4,920,3920
8,0,28568,0.93767593,0.016600598,255,4,921,3921
8,0,28688.239,0.95135609,0.016600598,255,4,922,3922
8,0,28613.093,0.93832246,0.016600598,255,4,923,3923
8,0,28307.55,0.98765416,0.016600598,255,4,924,3924
8,0,28567.894,0.85930354,0.016600598,255,4,925,3925
8,0,28645.668,0.99699158,0.016600598,255,4,926,3926
8,0,29148.283,0.97975536,0.016600598,255,4,927,3927
8,0,28736.216,0.91782551,0.016600598,255,4,928,3928
8,0,28734.391,0.99989356,0.016600598,255,4,929,3929
8,0,28287.253,0.96904956,0.016600598,255,4,930,3930
8,0,28721.957,0.99591914,0.016600598,255,4,931,3931
8,0,28369.613,0.91169834,0.016600598,255,4,932,3932
8,0,28465.738,0.98704284,0.016600598,255,4,933,3933
8,0,28328.082,0.97967584,0.016600598,255,4,934,3934
8,0,28218.468,0.94464226,0.016600598,255,4,935,3935
8,0,28286.78,0.94668703,0.016600598,255,4,936,3936
8,0,28534.809,0.94264422,0.016600598,255,4,937,3937
8,0,28267.45,0.99565894,0.016600598,255,4,938,3938
8,0,27645.957,0.94036589,0.016600598,255,4,939,3939
8,0,27842.698,0.94288619,0.016600598,255,4,940,3940
8,0,28281.983,0.9807546,0.016600598,255,4,941,3941
8,0,28909.77,0.97228056,0.016600598,255,4,942,3942
8,0,29135.046,0.95086785,0.016600598,255,4,943,3943
8,0,29125.69,0.96157524,0.016600598,255,4,944,3944
8,0,28865.264,0.99893581,0.016600598,255,4,945,3945
8,0,28667.347,0.99983702,0.016600598,255,4,946,3946
8,0,28925.941,0.99201399,0.016600598,255,4,947,3947
8,0,28384.515,0.94670647,0.016600598,255,4,948,3948
8,0,28474.61,0.99847968,0.016600598,255,4,949,3949
8,0,28795.018,0.97303047,0.016600598,255,4,950,3950
8,0,28535.42,0.96547264,0.016600598,255,4,951,3951
8,0,28596.603,0.95231775,0.016600598,255,4,952,3952
8,0,28865.565,0.95967626,0.016600598,255,4,953,3953
8,0,28943.846,0.99453006,0.016600598,255,4,954,3954
8,0,29011.977,0.92457697,0.016600598,255,4,955,3955
8,0,28599.64,0.95209492,0.016600598,255,4,956,3956
8,0,28627.941,0.99054665,0.016600598,255,4,957,3957
8,0,28426.628,0.96050004,0.016600598,255,4,958,3958
8,0,27991.317,0.95085003,0.016600598,255,4,959,3959
8,0,27846.584,0.90569498,0.016600598,255,4,960,3960
8,0,27864.943,0.95386687,0.016600598,255,4,961,3961
8,0,28119.276,0.95768665,0.016600598,255,4,962,3962
8,0,28437.396,0.98070455,0.016600598,255,4,963,3963
8,0,28215.381,0.92223606,0.016600598,255,4,964,3964
8,0,28383.047,0.98698428,0.016600598,255,4,965,3965
8,0,28411.9,0.91488866,0.016600598,255,4,966,3966
8,0,28423.615,0.9976109,0.016600598,255,4,967,3967
8,0,28370.49,0.89962719,0.016600598,255,4,968,3968
8,0,28244.554,0.96749206,0.016600598,255,4,969,3969
8,0,28134.527,0.95755871,0.016600598,255,4,970,3970
8,0,28331.201,0.97154618,0.016600598,255,4,971,3971
8,0,28278.371,0.89966132,0.016600598,255,4,972,3972
8,0,28399.088,0.99925647,0.016600598,255,4,973,3973
8,0,28197.652,0.94229328,0.016600598,255,4,974,3974
8,0,28125.346,0.98490297,0.016600598,255,4,975,3975
8,0,28331.445,0.94576022,0.016600598,255,4,976,3976
8,0,28438.872,0.90423456,0.016600598,255,4,977,3977
8,0,28255.217,0.99636407,0.016600598,255,4,978,3978
8,0,28430.362,0.94736304,0.016600598,255,4,979,3979
8,0,28262.89,0.92328782,0.016600598,255,4,980,3980
8,0,28152.293,0.98372733,0.016600598,255,4,981,3981
8,0,28337.979,0.95796451,0.016600598,255,4,982,3982
8,0,28290.024,0.98719233,0.016600598,255,4,983,3983
8,0,27935.78,0.99041818,0.016600598,255,4,984,3984
8,0,28135.844,0.99610967,0.016600598,255,4,985,3985
8,0,28615.453,0.96863369,0.016600598,255,4,986,3986
8,0,28787.649,0.9333799,0.016600598,255,4,987,3987
8,0,28702.583,0.82719674,0.016600598,255,4,988,3988
8,0,28752.763,0.9599018,0.016600598,255,4,989,3989
8,0,29117.85,0.99604397,0.016600598,255,4,990,3990
8,0,28980.833,0.99767644,0.016600598,255,4,991,3991
8,0,28720.16,0.97307395,0.016600598,255,4,992,3992
8,0,28477.702,0.9786647,0.016600598,255,4,993,3993
8,0,28833.462,0.89584618,0.016600598,255,4,994,3994
8,0,28991.894,0.99949979,0.016600598,255,4,995,3995
8,0,28369.152,0.93507908,0.016600598,255,4,996,3996
8,0,28378.526,0.95546834,0.016600598,255,4,997,3997
8,0,28285.318,0.97436413,0.016600598,255,4,998,3998
8,0,28440.159,0.94967505,0.016600598,255,4,999,3999
8,0,28269.025,0.9363472,0.016600598,255,4,1000,4000
