treedepth__,divergent__,energy__,accept_stat__,stepsize__,n_leapfrog__,.chain,.iteration,.draw
8,0,26896.607,0.93577464,0.023485486,255,1,1,1
8,0,26771.404,0.89349885,0.023485486,255,1,2,2
8,0,26185.966,0.97086109,0.023485486,255,1,3,3
8,0,26089.406,0.97067785,0.023485486,255,1,4,4
8,0,26110.112,0.91835416,0.023485486,255,1,5,5
8,0,26645.739,0.96287379,0.023485486,255,1,6,6
8,0,26488.662,0.98819754,0.023485486,255,1,7,7
8,0,26329.19,0.98661425,0.023485486,255,1,8,8
8,0,26459.353,0.97917697,0.023485486,255,1,9,9
8,0,25919.145,1,0.023485486,255,1,10,10
8,0,26317.853,0.9626406,0.023485486,255,1,11,11
8,0,26724.806,0.99928462,0.023485486,255,1,12,12
8,0,26768.97,0.97896739,0.023485486,255,1,13,13
8,0,26886.065,0.97264589,0.023485486,255,1,14,14
8,0,26813.847,0.92998248,0.023485486,255,1,15,15
8,0,26628.592,0.95041707,0.023485486,255,1,16,16
8,0,26275.004,0.99059592,0.023485486,255,1,17,17
8,0,26015.698,0.97801252,0.023485486,255,1,18,18
8,0,26385.991,0.92959336,0.023485486,255,1,19,19
8,0,26365.948,0.98038336,0.023485486,255,1,20,20
8,0,26552.918,0.9585339,0.023485486,255,1,21,21
8,0,26910.483,0.97258724,0.023485486,255,1,22,22
8,0,26894.267,0.98402242,0.023485486,255,1,23,23
8,0,26556.452,0.99640225,0.023485486,255,1,24,24
8,0,26517.41,0.96094731,0.023485486,255,1,25,25
8,0,26341.589,0.85162528,0.023485486,255,1,26,26
8,0,26281.602,0.94725449,0.023485486,255,1,27,27
8,0,26087.504,0.66632829,0.023485486,255,1,28,28
8,0,26225.689,0.92397829,0.023485486,255,1,29,29
8,0,25975.68,0.97695311,0.023485486,255,1,30,30
8,0,25716.164,0.9350513,0.023485486,255,1,31,31
8,0,25688.274,0.92259657,0.023485486,255,1,32,32
8,0,25854.83,0.90643145,0.023485486,255,1,33,33
8,0,25670.07,0.99989274,0.023485486,255,1,34,34
8,0,25868.316,0.99735145,0.023485486,255,1,35,35
8,0,25541.993,0.99010648,0.023485486,255,1,36,36
8,0,26242.907,0.91710413,0.023485486,255,1,37,37
8,0,26325.117,0.9907773,0.023485486,255,1,38,38
8,0,26484.843,0.97248522,0.023485486,255,1,39,39
8,0,26728.378,0.99447739,0.023485486,255,1,40,40
8,0,27326.479,0.87511311,0.023485486,255,1,41,41
8,0,27614.653,0.91922792,0.023485486,255,1,42,42
8,0,27298.984,0.98524937,0.023485486,255,1,43,43
8,0,26975.076,0.9690945,0.023485486,255,1,44,44
8,0,26937.389,0.94355823,0.023485486,255,1,45,45
8,0,26596.169,0.91783462,0.023485486,255,1,46,46
8,0,26312.276,0.93751864,0.023485486,255,1,47,47
8,0,26903.753,0.99881289,0.023485486,255,1,48,48
8,0,26890.246,0.9918638,0.023485486,255,1,49,49
8,0,26945.475,0.93050074,0.023485486,255,1,50,50
8,0,27028.24,0.99487287,0.023485486,255,1,51,51
8,0,26462.684,0.93248267,0.023485486,255,1,52,52
8,0,26540.254,0.9819232,0.023485486,255,1,53,53
8,0,26056.289,0.94049347,0.023485486,255,1,54,54
8,0,25956.948,0.94359229,0.023485486,255,1,55,55
8,0,26133.631,0.98648998,0.023485486,255,1,56,56
8,0,26296.516,0.92502688,0.023485486,255,1,57,57
8,0,26387.713,0.97709851,0.023485486,255,1,58,58
8,0,26563.587,0.92807622,0.023485486,255,1,59,59
8,0,26221.132,0.9920962,0.023485486,255,1,60,60
8,0,25646.736,0.97110111,0.023485486,255,1,61,61
8,0,25378.106,0.92593377,0.023485486,255,1,62,62
8,0,26118.092,0.81143083,0.023485486,255,1,63,63
8,0,25929.253,0.98398037,0.023485486,255,1,64,64
8,0,26515.558,0.95131935,0.023485486,255,1,65,65
8,0,26099.22,0.95768237,0.023485486,255,1,66,66
8,0,25855.492,0.95644147,0.023485486,255,1,67,67
8,0,25582.78,0.99510459,0.023485486,255,1,68,68
8,0,25558.42,0.90358936,0.023485486,255,1,69,69
8,0,25631.465,0.99159125,0.023485486,255,1,70,70
8,0,26265.371,0.98285988,0.023485486,255,1,71,71
8,0,25955.401,0.96777612,0.023485486,255,1,72,72
8,0,25909.696,0.90295383,0.023485486,255,1,73,73
8,0,26513.91,0.85673599,0.023485486,255,1,74,74
8,0,26928.525,0.99323732,0.023485486,255,1,75,75
8,0,26656.378,0.95770865,0.023485486,255,1,76,76
8,0,26526.452,0.98226003,0.023485486,255,1,77,77
8,0,26446.373,0.98394183,0.023485486,255,1,78,78
8,0,26107.365,0.9651079,0.023485486,255,1,79,79
8,0,26247.791,0.99809428,0.023485486,255,1,80,80
8,0,26168.595,0.99519231,0.023485486,255,1,81,81
8,0,26498.242,0.98781609,0.023485486,255,1,82,82
8,0,26577.368,0.98491233,0.023485486,255,1,83,83
8,0,26496.248,0.95726901,0.023485486,255,1,84,84
8,0,26359.106,0.92549131,0.023485486,255,1,85,85
8,0,26454.798,0.92282329,0.023485486,255,1,86,86
8,0,26517.251,0.81871248,0.023485486,255,1,87,87
8,0,25976.126,0.98677256,0.023485486,255,1,88,88
8,0,26021.306,0.96782139,0.023485486,255,1,89,89
8,0,26742.653,0.9990132,0.023485486,255,1,90,90
8,0,26617.714,0.99540886,0.023485486,255,1,91,91
8,0,25728.844,0.93872151,0.023485486,255,1,92,92
8,0,25788.654,0.87306253,0.023485486,255,1,93,93
8,0,26128.267,0.97333245,0.023485486,255,1,94,94
8,0,26748.282,0.92215728,0.023485486,255,1,95,95
8,0,26852.573,0.99674036,0.023485486,255,1,96,96
8,0,26677.728,0.99994097,0.023485486,255,1,97,97
8,0,26141.208,0.94263826,0.023485486,255,1,98,98
8,0,26258.523,0.97779891,0.023485486,255,1,99,99
8,0,26328.548,0.97420818,0.023485486,255,1,100,100
8,0,26308.4,0.98458335,0.023485486,255,1,101,101
8,0,26252.51,0.99917756,0.023485486,255,1,102,102
8,0,26336.262,0.99151652,0.023485486,255,1,103,103
8,0,26432.762,0.92628874,0.023485486,255,1,104,104
8,0,26322.069,0.97562769,0.023485486,255,1,105,105
8,0,26439.012,0.98780669,0.023485486,255,1,106,106
8,0,26577.873,0.9581658,0.023485486,255,1,107,107
8,0,26428.72,0.92611954,0.023485486,255,1,108,108
8,0,26668.573,0.98520421,0.023485486,255,1,109,109
8,0,26567.368,0.97674456,0.023485486,255,1,110,110
8,0,26627.962,0.99592277,0.023485486,255,1,111,111
8,0,26523.033,0.992483,0.023485486,255,1,112,112
8,0,26277.044,0.99046428,0.023485486,255,1,113,113
8,0,25908.421,0.99780471,0.023485486,255,1,114,114
8,0,26008.461,0.96920315,0.023485486,255,1,115,115
8,0,26201.401,0.89607783,0.023485486,255,1,116,116
8,0,25749.111,0.99815844,0.023485486,255,1,117,117
8,0,26139.211,0.96854737,0.023485486,255,1,118,118
8,0,26085.807,0.94306472,0.023485486,255,1,119,119
8,0,26576.7,0.80577254,0.023485486,255,1,120,120
8,0,26749.677,0.97072128,0.023485486,255,1,121,121
8,0,26762.704,0.96612714,0.023485486,255,1,122,122
8,0,26601.818,0.97304015,0.023485486,255,1,123,123
8,0,26812.526,0.94246907,0.023485486,255,1,124,124
8,0,26558.454,0.93703934,0.023485486,255,1,125,125
8,0,26358.799,0.97880059,0.023485486,255,1,126,126
8,0,26678.622,0.86734071,0.023485486,255,1,127,127
8,0,26988.44,0.96940029,0.023485486,255,1,128,128
8,0,26562.57,0.999781,0.023485486,255,1,129,129
8,0,26178.064,0.89418152,0.023485486,255,1,130,130
8,0,26154.775,0.95770833,0.023485486,255,1,131,131
8,0,26519.943,0.91078844,0.023485486,255,1,132,132
8,0,26692.888,0.97775521,0.023485486,255,1,133,133
8,0,26818.152,0.88696844,0.023485486,255,1,134,134
8,0,26876.782,0.86788947,0.023485486,255,1,135,135
8,0,26643.922,0.98590029,0.023485486,255,1,136,136
8,0,26367.895,0.97193581,0.023485486,255,1,137,137
8,0,25834.309,0.99619989,0.023485486,255,1,138,138
8,0,25684.195,0.906944,0.023485486,255,1,139,139
8,0,26025.758,0.99516795,0.023485486,255,1,140,140
8,0,26588.452,0.94182335,0.023485486,255,1,141,141
8,0,26655.581,0.64040907,0.023485486,255,1,142,142
8,0,26395.319,0.94914836,0.023485486,255,1,143,143
8,0,26535.565,0.99179479,0.023485486,255,1,144,144
8,0,26396.126,0.9546081,0.023485486,255,1,145,145
8,0,26610.136,0.98839227,0.023485486,255,1,146,146
8,0,26249.518,0.88121274,0.023485486,255,1,147,147
8,0,26311.593,0.92692823,0.023485486,255,1,148,148
8,0,26409.449,0.9273308,0.023485486,255,1,149,149
8,0,27057.349,0.92201491,0.023485486,255,1,150,150
8,0,26891.558,0.95865875,0.023485486,255,1,151,151
8,0,26810.248,0.99695271,0.023485486,255,1,152,152
8,0,27038.131,0.99628033,0.023485486,255,1,153,153
8,0,26886.219,0.99120968,0.023485486,255,1,154,154
8,0,27239.158,0.95907071,0.023485486,255,1,155,155
8,0,27219.599,0.97816689,0.023485486,255,1,156,156
8,0,27139.355,0.99017297,0.023485486,255,1,157,157
8,0,26941.346,0.97287834,0.023485486,255,1,158,158
8,0,26930.707,0.9501663,0.023485486,255,1,159,159
8,0,26552.603,0.96298367,0.023485486,255,1,160,160
8,0,26233.406,0.98131663,0.023485486,255,1,161,161
8,0,26096.538,0.95877668,0.023485486,255,1,162,162
8,0,25797.603,0.95798183,0.023485486,255,1,163,163
8,0,25769.275,0.96566681,0.023485486,255,1,164,164
8,0,25980.027,0.94475774,0.023485486,255,1,165,165
8,0,26087.88,0.91813989,0.023485486,255,1,166,166
8,0,26445.715,0.98296059,0.023485486,255,1,167,167
8,0,26580.343,0.89623023,0.023485486,255,1,168,168
8,0,27109.101,0.96873715,0.023485486,255,1,169,169
8,0,26971.625,0.97784413,0.023485486,255,1,170,170
8,0,26842.062,0.94408165,0.023485486,255,1,171,171
8,0,27008.442,0.9946355,0.023485486,255,1,172,172
8,0,26615.975,0.9308277,0.023485486,255,1,173,173
8,0,26643.646,0.94883917,0.023485486,255,1,174,174
8,0,26112.99,0.94478142,0.023485486,255,1,175,175
8,0,26613.6,0.96641292,0.023485486,255,1,176,176
8,0,26817.138,0.96094292,0.023485486,255,1,177,177
8,0,26904.254,0.98411691,0.023485486,255,1,178,178
8,0,26693.379,0.99931688,0.023485486,255,1,179,179
8,0,26816.887,0.9129967,0.023485486,255,1,180,180
8,0,26960.421,0.99729192,0.023485486,255,1,181,181
8,0,26475.028,0.92432852,0.023485486,255,1,182,182
8,0,26298.86,0.96486755,0.023485486,255,1,183,183
8,0,26335.312,0.99198789,0.023485486,255,1,184,184
8,0,26472.786,0.9627385,0.023485486,255,1,185,185
8,0,26867.753,0.97207047,0.023485486,255,1,186,186
8,0,27275.304,0.97329557,0.023485486,255,1,187,187
8,0,26980.165,0.97034611,0.023485486,255,1,188,188
8,0,27387.246,0.94217643,0.023485486,255,1,189,189
8,0,26457.325,0.99392375,0.023485486,255,1,190,190
8,0,26705.172,0.86691483,0.023485486,255,1,191,191
8,0,26549.241,0.98162911,0.023485486,255,1,192,192
8,0,26690.72,0.97575024,0.023485486,255,1,193,193
8,0,26349.157,0.80060309,0.023485486,255,1,194,194
8,0,26330.409,0.97142042,0.023485486,255,1,195,195
8,0,26157.162,0.99213752,0.023485486,255,1,196,196
8,0,25836.028,0.92478433,0.023485486,255,1,197,197
8,0,26190.535,0.97445625,0.023485486,255,1,198,198
8,0,26225.459,0.97781368,0.023485486,255,1,199,199
8,0,25916.885,0.99054203,0.023485486,255,1,200,200
8,0,25864.383,0.87102149,0.023485486,255,1,201,201
8,0,26164.005,0.90896924,0.023485486,255,1,202,202
8,0,26156.321,0.99537446,0.023485486,255,1,203,203
8,0,26702.943,0.91051549,0.023485486,255,1,204,204
8,0,26750.192,0.98540849,0.023485486,255,1,205,205
8,0,26606.71,0.93772433,0.023485486,255,1,206,206
8,0,26492.076,0.76477487,0.023485486,255,1,207,207
8,0,26123.381,0.99790998,0.023485486,255,1,208,208
8,0,26486.567,0.85757854,0.023485486,255,1,209,209
8,0,25833.051,0.9575338,0.023485486,255,1,210,210
8,0,25909.963,0.99493807,0.023485486,255,1,211,211
8,0,26520.935,0.92638526,0.023485486,255,1,212,212
8,0,26746.46,0.99908424,0.023485486,255,1,213,213
8,0,26338.802,0.99177129,0.023485486,255,1,214,214
8,0,26812.998,0.9863692,0.023485486,255,1,215,215
8,0,26519.734,0.98591645000000006,0.023485486,255,1,216,216
8,0,26342.97,0.96222395,0.023485486,255,1,217,217
8,0,26780.414,0.83874213,0.023485486,255,1,218,218
8,0,27214.134,0.9718176,0.023485486,255,1,219,219
8,0,26816.58,0.86244951,0.023485486,255,1,220,220
8,0,26098.508,0.99992024,0.023485486,255,1,221,221
8,0,25933.238,0.97651483,0.023485486,255,1,222,222
8,0,26087.671,0.96652765,0.023485486,255,1,223,223
8,0,26420.899,0.94210665,0.023485486,255,1,224,224
8,0,26083.858,0.98210939,0.023485486,255,1,225,225
8,0,26528.79,0.96787503,0.023485486,255,1,226,226
8,0,26358.02,0.96830707,0.023485486,255,1,227,227
8,0,26711.494,0.95418565,0.023485486,255,1,228,228
8,0,25983.25,0.98190183,0.023485486,255,1,229,229
8,0,25909.308,0.99794523,0.023485486,255,1,230,230
8,0,26619.809,0.86600855,0.023485486,255,1,231,231
8,0,27008.041,0.98375177,0.023485486,255,1,232,232
8,0,26614.187,0.99480873,0.023485486,255,1,233,233
8,0,26722.068,0.94412349,0.023485486,255,1,234,234
8,0,26684.623,0.84643802,0.023485486,255,1,235,235
8,0,26138.368,0.98521478,0.023485486,255,1,236,236
8,0,26020.572,0.99614112,0.023485486,255,1,237,237
8,0,26357.256,0.96254128,0.023485486,255,1,238,238
8,0,26243.298,0.94351783,0.023485486,255,1,239,239
8,0,26231.091,0.9680511,0.023485486,255,1,240,240
8,0,26475.249,0.95639388,0.023485486,255,1,241,241
8,0,26435.686,0.97562333,0.023485486,255,1,242,242
8,0,26022.553,0.99630802,0.023485486,255,1,243,243
8,0,25889.934,0.99922103,0.023485486,255,1,244,244
8,0,26132.52,0.91957091,0.023485486,255,1,245,245
8,0,26209.646,0.99861748,0.023485486,255,1,246,246
8,0,26281.82,0.97498781,0.023485486,255,1,247,247
8,0,26604.985,0.93845754,0.023485486,255,1,248,248
8,0,26937.158,0.89301449,0.023485486,255,1,249,249
8,0,26689.056,0.98483666,0.023485486,255,1,250,250
8,0,26615.372,0.99978098,0.023485486,255,1,251,251
8,0,26583.468,0.9188835,0.023485486,255,1,252,252
8,0,27212.883,0.99526218,0.023485486,255,1,253,253
8,0,27201.077,0.99563971,0.023485486,255,1,254,254
8,0,27003.765,0.99975263,0.023485486,255,1,255,255
8,0,26929.65,0.94872491,0.023485486,255,1,256,256
8,0,26700.839,0.98407463,0.023485486,255,1,257,257
8,0,26338.013,0.92602055,0.023485486,255,1,258,258
8,0,26519.655,0.97359785,0.023485486,255,1,259,259
8,0,26480.911,0.97334227,0.023485486,255,1,260,260
8,0,26280.721,0.99452477,0.023485486,255,1,261,261
8,0,26687.954,0.89183912,0.023485486,255,1,262,262
8,0,26814.234,0.99755219,0.023485486,255,1,263,263
8,0,26889.857,0.90302569,0.023485486,255,1,264,264
8,0,26486.729,0.98560486,0.023485486,255,1,265,265
8,0,26408.866,0.97913,0.023485486,255,1,266,266
8,0,25875.023,0.99196613,0.023485486,255,1,267,267
8,0,26450.606,0.93292571,0.023485486,255,1,268,268
8,0,26479.314,0.97817471,0.023485486,255,1,269,269
8,0,26262.499,0.99665582,0.023485486,255,1,270,270
8,0,25603.596,0.87949894,0.023485486,255,1,271,271
8,0,25775.276,0.94584394,0.023485486,255,1,272,272
8,0,26094.51,0.98669718,0.023485486,255,1,273,273
8,0,26339.453,0.98815981,0.023485486,255,1,274,274
8,0,26282.891,0.86145296,0.023485486,255,1,275,275
8,0,25931.77,0.94305539,0.023485486,255,1,276,276
8,0,26109.032,0.94912017,0.023485486,255,1,277,277
8,0,26147.5,0.96137955,0.023485486,255,1,278,278
8,0,26950.34,0.95235515,0.023485486,255,1,279,279
8,0,27189.221,0.99972558,0.023485486,255,1,280,280
8,0,26785.182,0.98018999,0.023485486,255,1,281,281
8,0,26640.699,0.9408198,0.023485486,255,1,282,282
8,0,26657.001,0.9963794,0.023485486,255,1,283,283
8,0,26263.757,0.99988897,0.023485486,255,1,284,284
8,0,26089.109,0.9434619,0.023485486,255,1,285,285
8,0,26758.658,0.97197851,0.023485486,255,1,286,286
8,0,26717.348,0.99956402,0.023485486,255,1,287,287
8,0,26641.401,0.94683602,0.023485486,255,1,288,288
8,0,26610.376,0.99248781,0.023485486,255,1,289,289
8,0,26704.403,0.98792423,0.023485486,255,1,290,290
8,0,26496.301,0.87459186,0.023485486,255,1,291,291
8,0,26569.622,0.97958904,0.023485486,255,1,292,292
8,0,26593.057,0.94581649,0.023485486,255,1,293,293
8,0,26807.331,0.99651187,0.023485486,255,1,294,294
8,0,26345.303,0.99587275,0.023485486,255,1,295,295
8,0,26260.625,0.99340557,0.023485486,255,1,296,296
8,0,26417.322,0.98635196,0.023485486,255,1,297,297
8,0,26493.004,0.96649278,0.023485486,255,1,298,298
8,0,26545.43,0.98535484,0.023485486,255,1,299,299
8,0,26314.613,0.88078323,0.023485486,255,1,300,300
8,0,26495.949,0.88127997,0.023485486,255,1,301,301
8,0,26305.595,0.99650634,0.023485486,255,1,302,302
8,0,26162.872,0.88736365,0.023485486,255,1,303,303
8,0,26641.607,0.99950666,0.023485486,255,1,304,304
8,0,26185.924,0.9846156,0.023485486,255,1,305,305
8,0,26513.996,0.9974897,0.023485486,255,1,306,306
8,0,25967.504,0.99990888,0.023485486,255,1,307,307
8,0,26069.48,0.99613448,0.023485486,255,1,308,308
8,0,25775.762,0.99993339,0.023485486,255,1,309,309
8,0,25908.836,0.97925031,0.023485486,255,1,310,310
8,0,26400.039,0.98587526,0.023485486,255,1,311,311
8,0,27054.999,0.9592514,0.023485486,255,1,312,312
8,0,26989.132,0.96105885,0.023485486,255,1,313,313
8,0,26909.025,0.96213804,0.023485486,255,1,314,314
8,0,26661.528,0.98414915,0.023485486,255,1,315,315
8,0,26323.151,0.9996827,0.023485486,255,1,316,316
8,0,26602.896,0.91549587,0.023485486,255,1,317,317
8,0,26549.995,0.89842815,0.023485486,255,1,318,318
8,0,26734.369,0.99642363,0.023485486,255,1,319,319
8,0,26723.912,0.96462093,0.023485486,255,1,320,320
8,0,26992.953,0.99321477,0.023485486,255,1,321,321
8,0,27103.34,0.99168822,0.023485486,255,1,322,322
8,0,26947.546,0.99510632,0.023485486,255,1,323,323
8,0,26627.622,0.95111257,0.023485486,255,1,324,324
8,0,26601.803,0.99354089,0.023485486,255,1,325,325
8,0,26132.951,0.99996205,0.023485486,255,1,326,326
8,0,26428.764,0.9771084,0.023485486,255,1,327,327
8,0,26367.612,0.93339506,0.023485486,255,1,328,328
8,0,26502.698,0.93575704,0.023485486,255,1,329,329
8,0,26294.758,0.96272432,0.023485486,255,1,330,330
8,0,25978.899,0.99998581,0.023485486,255,1,331,331
8,0,25910.487,0.96725944,0.023485486,255,1,332,332
8,0,26179.249,0.9532186,0.023485486,255,1,333,333
8,0,26567.651,0.93179745,0.023485486,255,1,334,334
8,0,26479.928,0.86988961,0.023485486,255,1,335,335
8,0,26631.196,0.91497758,0.023485486,255,1,336,336
8,0,26289.588,0.97881543,0.023485486,255,1,337,337
8,0,26415.901,0.99684153,0.023485486,255,1,338,338
8,0,26730.614,0.99291581,0.023485486,255,1,339,339
8,0,26670.434,0.92289938,0.023485486,255,1,340,340
8,0,26653.165,0.94610276,0.023485486,255,1,341,341
8,0,26655.553,0.98086757,0.023485486,255,1,342,342
8,0,26718.81,0.95700899,0.023485486,255,1,343,343
8,0,26693.76,0.9889591,0.023485486,255,1,344,344
8,0,26998.727,0.94700324,0.023485486,255,1,345,345
8,0,26788.299,0.9515253,0.023485486,255,1,346,346
8,0,26944.861,0.96919124,0.023485486,255,1,347,347
8,0,26530.002,0.92940025,0.023485486,255,1,348,348
8,0,26277.316,0.99276513,0.023485486,255,1,349,349
8,0,26084.909,0.95449716,0.023485486,255,1,350,350
8,0,26207.184,0.94241626,0.023485486,255,1,351,351
8,0,26274.317,0.99132543,0.023485486,255,1,352,352
8,0,26301.047,0.93727919,0.023485486,255,1,353,353
8,0,26684.092,0.98933707,0.023485486,255,1,354,354
8,0,26831.163,0.98575221,0.023485486,255,1,355,355
8,0,26700.516,0.99084868,0.023485486,255,1,356,356
8,0,26717.04,0.90589782,0.023485486,255,1,357,357
8,0,26331.977,0.92387283,0.023485486,255,1,358,358
8,0,26831.376,0.97985303,0.023485486,255,1,359,359
8,0,26854.671,0.99500285,0.023485486,255,1,360,360
8,0,26311.826,0.95100964,0.023485486,255,1,361,361
8,0,25856.917,0.97585645,0.023485486,255,1,362,362
8,0,25874.433,0.98551213,0.023485486,255,1,363,363
8,0,25979.169,0.9221063,0.023485486,255,1,364,364
8,0,26206.929,0.92568201,0.023485486,255,1,365,365
8,0,26280.111,0.96267797,0.023485486,255,1,366,366
8,0,26880.515,0.94305846,0.023485486,255,1,367,367
8,0,26564.219,0.98283185,0.023485486,255,1,368,368
8,0,26391.771,0.98816677,0.023485486,255,1,369,369
8,0,26488.858,0.9935675,0.023485486,255,1,370,370
8,0,26565.561,0.99881248,0.023485486,255,1,371,371
8,0,26555.444,0.98624189,0.023485486,255,1,372,372
8,0,26681.064,0.98159483,0.023485486,255,1,373,373
8,0,26522.357,0.94233902,0.023485486,255,1,374,374
8,0,26181.458,0.99405882,0.023485486,255,1,375,375
8,0,25782.486,0.9284868,0.023485486,255,1,376,376
8,0,25882.181,0.93151402,0.023485486,255,1,377,377
8,0,26421.219,0.99029097,0.023485486,255,1,378,378
8,0,26556.025,0.97479485,0.023485486,255,1,379,379
8,0,26799.403,0.91463953,0.023485486,255,1,380,380
8,0,26573.107,0.97452897,0.023485486,255,1,381,381
8,0,26558.16,0.99036644,0.023485486,255,1,382,382
8,0,26873.192,0.97857608,0.023485486,255,1,383,383
8,0,26639.399,0.91705323,0.023485486,255,1,384,384
8,0,26741.426,0.90138202,0.023485486,255,1,385,385
8,0,26539.404,0.99452705,0.023485486,255,1,386,386
8,0,26372.349,0.98241605,0.023485486,255,1,387,387
8,0,26057.391,0.98076609,0.023485486,255,1,388,388
8,0,26066.338,0.98007902,0.023485486,255,1,389,389
8,0,26060.412,0.86037927,0.023485486,255,1,390,390
8,0,26432.821,0.97585158,0.023485486,255,1,391,391
8,0,26897.223,0.94093945,0.023485486,255,1,392,392
8,0,26773.759,0.99769894,0.023485486,255,1,393,393
8,0,26374.167,0.95691758,0.023485486,255,1,394,394
8,0,26054.618,0.97945759,0.023485486,255,1,395,395
8,0,26173.262,0.98759692,0.023485486,255,1,396,396
8,0,26228.83,0.98949017,0.023485486,255,1,397,397
8,0,26349.026,0.91226606,0.023485486,255,1,398,398
8,0,26498.003,0.88967642,0.023485486,255,1,399,399
8,0,26800.512,0.97543865,0.023485486,255,1,400,400
8,0,26666.671,0.99081949,0.023485486,255,1,401,401
8,0,26032.774,0.85566287,0.023485486,255,1,402,402
8,0,25857.499,0.99673359,0.023485486,255,1,403,403
8,0,26134.444,0.89903538,0.023485486,255,1,404,404
8,0,26113.129,0.94853523,0.023485486,255,1,405,405
8,0,26625.166,0.99647564,0.023485486,255,1,406,406
8,0,26663.319,0.9327642,0.023485486,255,1,407,407
8,0,26737.895,0.99692446,0.023485486,255,1,408,408
8,0,26312.363,0.98358898,0.023485486,255,1,409,409
8,0,26608.006,0.98500592,0.023485486,255,1,410,410
8,0,26075.513,0.95453024,0.023485486,255,1,411,411
8,0,26442.852,0.89481566,0.023485486,255,1,412,412
8,0,25778.771,0.99972521,0.023485486,255,1,413,413
8,0,26114.561,0.96977955,0.023485486,255,1,414,414
8,0,26490.695,0.96637547,0.023485486,255,1,415,415
8,0,26146.647,0.99348304,0.023485486,255,1,416,416
8,0,26343.094,0.90674789,0.023485486,255,1,417,417
8,0,26570.319,0.99784119,0.023485486,255,1,418,418
8,0,26190.893,0.98572448,0.023485486,255,1,419,419
8,0,26209.204,0.98068727,0.023485486,255,1,420,420
8,0,26685.891,0.93085115,0.023485486,255,1,421,421
8,0,26788.548,0.8805355,0.023485486,255,1,422,422
8,0,27076.684,0.96744833,0.023485486,255,1,423,423
8,0,27447.354,0.98059747,0.023485486,255,1,424,424
8,0,27190.231,0.92749997,0.023485486,255,1,425,425
8,0,27309.702,0.95938978,0.023485486,255,1,426,426
8,0,26857.28,0.99955962,0.023485486,255,1,427,427
8,0,26853.014,0.99152233,0.023485486,255,1,428,428
8,0,26195.369,0.95223079,0.023485486,255,1,429,429
8,0,26050.251,0.92574573,0.023485486,255,1,430,430
8,0,25894.176,0.92012653,0.023485486,255,1,431,431
8,0,26304.076,0.94814547,0.023485486,255,1,432,432
8,0,25797.458,0.98901569,0.023485486,255,1,433,433
8,0,26093.028,0.92342728,0.023485486,255,1,434,434
8,0,26286.339,0.97390382,0.023485486,255,1,435,435
8,0,26113.389,0.93880618,0.023485486,255,1,436,436
8,0,26568.093,0.93332654,0.023485486,255,1,437,437
8,0,26758.125,0.99114631,0.023485486,255,1,438,438
8,0,26780.85,0.97190491,0.023485486,255,1,439,439
8,0,26775.251,0.98467838,0.023485486,255,1,440,440
8,0,26520.345,0.97851889,0.023485486,255,1,441,441
8,0,26487.067,0.79138388,0.023485486,255,1,442,442
8,0,27140.834,0.91570312,0.023485486,255,1,443,443
8,0,26653.373,0.92641596,0.023485486,255,1,444,444
8,0,26741.469,0.97145713,0.023485486,255,1,445,445
8,0,26678.562,0.86698915,0.023485486,255,1,446,446
8,0,26699.463,0.99981369,0.023485486,255,1,447,447
8,0,26553.044,0.9568977,0.023485486,255,1,448,448
8,0,26593.67,0.98317442,0.023485486,255,1,449,449
8,0,26518.043,0.9840279,0.023485486,255,1,450,450
8,0,26652.266,0.99044581,0.023485486,255,1,451,451
8,0,26884.609,0.91448978,0.023485486,255,1,452,452
8,0,26462.073,0.99613766,0.023485486,255,1,453,453
8,0,26218.686,0.97436627,0.023485486,255,1,454,454
8,0,26214.134,0.99567128,0.023485486,255,1,455,455
8,0,26380.479,0.89553049,0.023485486,255,1,456,456
8,0,26051.389,0.99790999,0.023485486,255,1,457,457
8,0,26207.3,0.89455047,0.023485486,255,1,458,458
8,0,26130.162,0.98788987,0.023485486,255,1,459,459
8,0,25891.442,0.98228843,0.023485486,255,1,460,460
8,0,25885.23,0.99428939,0.023485486,255,1,461,461
8,0,25602.663,0.99646603,0.023485486,255,1,462,462
8,0,25767.147,0.93090538,0.023485486,255,1,463,463
8,0,25517.704,0.94368526,0.023485486,255,1,464,464
8,0,26358.268,0.95827081,0.023485486,255,1,465,465
8,0,26810.943,0.95571742,0.023485486,255,1,466,466
8,0,27226.239,0.83992052,0.023485486,255,1,467,467
8,0,26910.948,0.99318051,0.023485486,255,1,468,468
8,0,26359.183,0.98010752,0.023485486,255,1,469,469
8,0,25783.007,0.9766772,0.023485486,255,1,470,470
8,0,26608.454,0.86929359,0.023485486,255,1,471,471
8,0,26560.348,0.92163933,0.023485486,255,1,472,472
8,0,26656.923,0.91620322,0.023485486,255,1,473,473
8,0,26620.763,0.93775731,0.023485486,255,1,474,474
8,0,26484.534,0.99886418,0.023485486,255,1,475,475
8,0,26230.315,0.94281537,0.023485486,255,1,476,476
8,0,26550.395,0.99186236,0.023485486,255,1,477,477
8,0,26255.101,0.99808337,0.023485486,255,1,478,478
8,0,26368.525,0.95343345,0.023485486,255,1,479,479
8,0,26265.615,0.99971475,0.023485486,255,1,480,480
8,0,26129.331,0.9752123,0.023485486,255,1,481,481
8,0,26371.157,0.99749635,0.023485486,255,1,482,482
8,0,26293.939,0.96402444,0.023485486,255,1,483,483
8,0,26918.731,0.95656248,0.023485486,255,1,484,484
8,0,26870.681,0.96753667,0.023485486,255,1,485,485
8,0,27078.969,0.97237388,0.023485486,255,1,486,486
8,0,26635.591,0.9960701,0.023485486,255,1,487,487
8,0,26527.161,0.98229053,0.023485486,255,1,488,488
8,0,25999.663,0.97930795,0.023485486,255,1,489,489
8,0,26252.862,0.97323803,0.023485486,255,1,490,490
8,0,26155.126,0.96887851,0.023485486,255,1,491,491
8,0,26448.372,0.94284981,0.023485486,255,1,492,492
8,0,26306.724,0.99252454,0.023485486,255,1,493,493
8,0,26242.794,0.93381686,0.023485486,255,1,494,494
8,0,26581.518,0.9191584,0.023485486,255,1,495,495
8,0,26554.002,0.92978751,0.023485486,255,1,496,496
8,0,26961.953,0.93791094,0.023485486,255,1,497,497
8,0,27231.926,0.9377759,0.023485486,255,1,498,498
8,0,26574.939,0.97428142,0.023485486,255,1,499,499
8,0,26713.877,0.98762912,0.023485486,255,1,500,500
8,0,26651.056,0.99768064,0.023485486,255,1,501,501
8,0,26445.443,0.93494451,0.023485486,255,1,502,502
8,0,26293.325,0.94592463,0.023485486,255,1,503,503
8,0,26513.025,0.9714499,0.023485486,255,1,504,504
8,0,26498.145,0.977647,0.023485486,255,1,505,505
8,0,26926.623,0.9103919,0.023485486,255,1,506,506
8,0,27050.591,0.82041305,0.023485486,255,1,507,507
8,0,26453.342,0.99623152,0.023485486,255,1,508,508
8,0,26177.51,0.95147534,0.023485486,255,1,509,509
8,0,26045.313,0.90864505,0.023485486,255,1,510,510
8,0,26327.376,0.99640171,0.023485486,255,1,511,511
8,0,26110.461,0.96024408000000006,0.023485486,255,1,512,512
8,0,26555.695,0.95370842,0.023485486,255,1,513,513
8,0,26893.815,0.9836336,0.023485486,255,1,514,514
8,0,26851.612,0.97700486,0.023485486,255,1,515,515
8,0,26219.764,0.99266505,0.023485486,255,1,516,516
8,0,26629.95,0.89844901,0.023485486,255,1,517,517
8,0,26235.314,0.95225582,0.023485486,255,1,518,518
8,0,26236.613,0.86466589,0.023485486,255,1,519,519
8,0,26082.249,0.96188204,0.023485486,255,1,520,520
8,0,26379.472,0.93178034,0.023485486,255,1,521,521
8,0,26873.803,0.91913183,0.023485486,255,1,522,522
8,0,26675.735,0.94637025,0.023485486,255,1,523,523
8,0,26874.824,0.97824244,0.023485486,255,1,524,524
8,0,26281.211,0.99944867,0.023485486,255,1,525,525
8,0,25571.427,0.99166217,0.023485486,255,1,526,526
8,0,25895.93,0.97702124,0.023485486,255,1,527,527
8,0,25968.619,0.91002754,0.023485486,255,1,528,528
8,0,25815.995,0.98518738,0.023485486,255,1,529,529
8,0,25697.55,0.96826388,0.023485486,255,1,530,530
8,0,26136.818,0.94997576,0.023485486,255,1,531,531
8,0,25769.43,0.90985624,0.023485486,255,1,532,532
8,0,25465.284,0.99361558,0.023485486,255,1,533,533
8,0,25625.77,0.95985558,0.023485486,255,1,534,534
8,0,26047.832,0.97541279,0.023485486,255,1,535,535
8,0,26580.951,0.93649391,0.023485486,255,1,536,536
8,0,26738.798,0.96729779,0.023485486,255,1,537,537
8,0,27061.08,0.95452005,0.023485486,255,1,538,538
8,0,27076.765,0.89312415,0.023485486,255,1,539,539
8,0,26647.645,0.99811414,0.023485486,255,1,540,540
8,0,26838.615,0.97186725,0.023485486,255,1,541,541
8,0,27032.368,0.96592395,0.023485486,255,1,542,542
8,0,26886.336,0.9674514,0.023485486,255,1,543,543
8,0,26191.385,0.98478041,0.023485486,255,1,544,544
8,0,26806.529,0.9735921,0.023485486,255,1,545,545
8,0,26639.091,0.89912669,0.023485486,255,1,546,546
8,0,26050.693,0.95404309,0.023485486,255,1,547,547
8,0,26019.272,0.90900501,0.023485486,255,1,548,548
8,0,25649.101,0.95858689,0.023485486,255,1,549,549
8,0,25777.309,0.96972447,0.023485486,255,1,550,550
8,0,25778.776,0.97826234,0.023485486,255,1,551,551
8,0,26657.14,0.80601138,0.023485486,255,1,552,552
8,0,26278.79,0.99248652,0.023485486,255,1,553,553
8,0,26197.215,0.98698443,0.023485486,255,1,554,554
8,0,26585.853,0.95741861,0.023485486,255,1,555,555
8,0,26289.089,0.98690156,0.023485486,255,1,556,556
8,0,26207.251,0.96754691,0.023485486,255,1,557,557
8,0,26519.4,0.97422658,0.023485486,255,1,558,558
8,0,26937.854,0.91050125,0.023485486,255,1,559,559
8,0,26242.094,0.98672476,0.023485486,255,1,560,560
8,0,26008.009,0.96477579,0.023485486,255,1,561,561
8,0,26374.511,0.93892023,0.023485486,255,1,562,562
8,0,26133.47,0.98127426,0.023485486,255,1,563,563
8,0,25760.466,0.89438139,0.023485486,255,1,564,564
8,0,25832.384,0.94806151,0.023485486,255,1,565,565
8,0,26187.4,0.96703288,0.023485486,255,1,566,566
8,0,26523.578,0.94974724,0.023485486,255,1,567,567
8,0,26459.364,0.99216752,0.023485486,255,1,568,568
8,0,26246.167,0.99905181,0.023485486,255,1,569,569
8,0,26355.874,0.96935684,0.023485486,255,1,570,570
8,0,26163.199,0.96220193,0.023485486,255,1,571,571
8,0,25840.663,0.95950914,0.023485486,255,1,572,572
8,0,26263.665,0.90107711,0.023485486,255,1,573,573
8,0,26540.311,0.99415179,0.023485486,255,1,574,574
8,0,26425.654,0.93286741,0.023485486,255,1,575,575
8,0,26429.381,0.88118169,0.023485486,255,1,576,576
8,0,26314.385,0.99768138,0.023485486,255,1,577,577
8,0,26838.351,0.88315952,0.023485486,255,1,578,578
8,0,26657.751,0.93714964,0.023485486,255,1,579,579
8,0,26203.141,0.98192286,0.023485486,255,1,580,580
8,0,26316.148,0.98952276,0.023485486,255,1,581,581
8,0,26468.076,0.96499641,0.023485486,255,1,582,582
8,0,26647.58,0.98253628,0.023485486,255,1,583,583
8,0,26503.331,0.95447877,0.023485486,255,1,584,584
8,0,26239.309,0.92494835,0.023485486,255,1,585,585
8,0,26794.153,0.96658433,0.023485486,255,1,586,586
8,0,26444.408,0.94819124,0.023485486,255,1,587,587
8,0,26812.171,0.86973641,0.023485486,255,1,588,588
8,0,26428.645,0.98248398,0.023485486,255,1,589,589
8,0,26860.32,0.93395691,0.023485486,255,1,590,590
8,0,26865.601,0.98155324,0.023485486,255,1,591,591
8,0,26335.307,0.99189653,0.023485486,255,1,592,592
8,0,26309.155,0.94187095,0.023485486,255,1,593,593
8,0,26651.929,0.9352914,0.023485486,255,1,594,594
8,0,27159.003,0.94485532,0.023485486,255,1,595,595
8,0,26623.118,0.99891056,0.023485486,255,1,596,596
8,0,26125.806,0.9708632,0.023485486,255,1,597,597
8,0,26361.102,0.97593189,0.023485486,255,1,598,598
8,0,26954.105,0.84896905,0.023485486,255,1,599,599
8,0,27197.562,0.98760259,0.023485486,255,1,600,600
8,0,26980.679,0.99756784,0.023485486,255,1,601,601
8,0,26608.228,0.92946932,0.023485486,255,1,602,602
8,0,26263.67,0.98419244,0.023485486,255,1,603,603
8,0,26547.25,0.97626153,0.023485486,255,1,604,604
8,0,26620.835,0.9611876,0.023485486,255,1,605,605
8,0,26805.194,0.91010527,0.023485486,255,1,606,606
8,0,26635.038,0.92594864,0.023485486,255,1,607,607
8,0,26934.211,0.90519509,0.023485486,255,1,608,608
8,0,27050.458,0.97305568,0.023485486,255,1,609,609
8,0,26870.965,0.95059583,0.023485486,255,1,610,610
8,0,26584.509,0.99835587,0.023485486,255,1,611,611
8,0,26068.562,0.94724931,0.023485486,255,1,612,612
8,0,26234.78,0.9962128,0.023485486,255,1,613,613
8,0,26538.204,0.98892463,0.023485486,255,1,614,614
8,0,26295.835,0.99430423,0.023485486,255,1,615,615
8,0,26546.766,0.96291794,0.023485486,255,1,616,616
8,0,26485.932,0.99813743,0.023485486,255,1,617,617
8,0,26748.964,0.99119909,0.023485486,255,1,618,618
8,0,26815.858,0.99403742,0.023485486,255,1,619,619
8,0,26275.586,0.89085961,0.023485486,255,1,620,620
8,0,25995.479,0.97659727,0.023485486,255,1,621,621
8,0,26158.423,0.97017061,0.023485486,255,1,622,622
8,0,26656.812,0.9276394,0.023485486,255,1,623,623
8,0,26616.266,0.99235781,0.023485486,255,1,624,624
8,0,26706.572,0.93289218,0.023485486,255,1,625,625
8,0,26597.056,0.97993169,0.023485486,255,1,626,626
8,0,26435.043,0.98302504,0.023485486,255,1,627,627
8,0,26338.35,0.96588418,0.023485486,255,1,628,628
8,0,26597.523,0.99237375,0.023485486,255,1,629,629
8,0,26449.71,0.99746563,0.023485486,255,1,630,630
8,0,26654.684,0.9601848,0.023485486,255,1,631,631
8,0,26693.613,0.99641731,0.023485486,255,1,632,632
8,0,26386.4,0.84079857,0.023485486,255,1,633,633
8,0,26502.741,0.99101765,0.023485486,255,1,634,634
8,0,26716.895,0.99785492,0.023485486,255,1,635,635
8,0,26683.956,0.92312751,0.023485486,255,1,636,636
8,0,26808.6,0.94083835,0.023485486,255,1,637,637
8,0,26921.807,0.97277591,0.023485486,255,1,638,638
8,0,27157.973,0.95211115,0.023485486,255,1,639,639
8,0,27115.047,0.96107274,0.023485486,255,1,640,640
8,0,26852.79,0.97445045,0.023485486,255,1,641,641
8,0,26409.527,0.98173185,0.023485486,255,1,642,642
8,0,26467.605,0.99307417,0.023485486,255,1,643,643
8,0,26677.302,0.99034633,0.023485486,255,1,644,644
8,0,26152.218,0.98643021,0.023485486,255,1,645,645
8,0,26519.849,0.97794215,0.023485486,255,1,646,646
8,0,27086.97,0.94085204,0.023485486,255,1,647,647
8,0,26425.907,0.99988664,0.023485486,255,1,648,648
8,0,25836.417,0.90747801,0.023485486,255,1,649,649
8,0,26366.088,0.95754109,0.023485486,255,1,650,650
8,0,26136.628,0.94345215,0.023485486,255,1,651,651
8,0,26140.314,0.97046473,0.023485486,255,1,652,652
8,0,25982.441,0.94993507,0.023485486,255,1,653,653
8,0,25933.878,0.9416275,0.023485486,255,1,654,654
8,0,26315.461,0.93352522,0.023485486,255,1,655,655
8,0,26193.942,0.96603435,0.023485486,255,1,656,656
8,0,26064.373,0.99886406,0.023485486,255,1,657,657
8,0,26185.254,0.90510975,0.023485486,255,1,658,658
8,0,26356.99,0.93760365,0.023485486,255,1,659,659
8,0,26113.967,0.99131812,0.023485486,255,1,660,660
8,0,26275.895,0.87197173,0.023485486,255,1,661,661
8,0,26460.457,0.99324868,0.023485486,255,1,662,662
8,0,26544.986,0.90237216,0.023485486,255,1,663,663
8,0,26602.707,0.89380795,0.023485486,255,1,664,664
8,0,26244.043,0.99867225,0.023485486,255,1,665,665
8,0,26200.735,0.86325751,0.023485486,255,1,666,666
8,0,26724.68,0.90920853,0.023485486,255,1,667,667
8,0,26403.084,0.93628677,0.023485486,255,1,668,668
8,0,25774.002,0.99084238,0.023485486,255,1,669,669
8,0,25890.914,0.94418282,0.023485486,255,1,670,670
8,0,25859.742,0.9786045,0.023485486,255,1,671,671
8,0,25574.857,0.8877629,0.023485486,255,1,672,672
8,0,25447.879,0.93529035,0.023485486,255,1,673,673
8,0,25599.839,0.94757859,0.023485486,255,1,674,674
8,0,25920.878,0.85710374,0.023485486,255,1,675,675
8,0,26032.106,0.95484326,0.023485486,255,1,676,676
8,0,26384.208,0.97048802,0.023485486,255,1,677,677
8,0,26598.967,0.99501975,0.023485486,255,1,678,678
8,0,27196.33,0.95633938,0.023485486,255,1,679,679
8,0,27261.2,0.92288468,0.023485486,255,1,680,680
8,0,26658.124,0.99841545,0.023485486,255,1,681,681
8,0,26263.94,0.87269786,0.023485486,255,1,682,682
8,0,25903.441,0.98129238,0.023485486,255,1,683,683
8,0,25960.113,0.99191869,0.023485486,255,1,684,684
8,0,26588.12,0.83889571,0.023485486,255,1,685,685
8,0,26284.983,0.97930633,0.023485486,255,1,686,686
8,0,26317.173,0.99498964,0.023485486,255,1,687,687
8,0,26427.736,0.93313733,0.023485486,255,1,688,688
8,0,26536.982,0.96029098,0.023485486,255,1,689,689
8,0,26239.557,0.97730704,0.023485486,255,1,690,690
8,0,26364.902,0.90154667,0.023485486,255,1,691,691
8,0,26502.017,0.97331834,0.023485486,255,1,692,692
8,0,26322.974,0.9711062,0.023485486,255,1,693,693
8,0,26174.594,0.96023566,0.023485486,255,1,694,694
8,0,26293.046,0.99614673,0.023485486,255,1,695,695
8,0,26138.437,0.89581324,0.023485486,255,1,696,696
8,0,26097.312,0.99659557,0.023485486,255,1,697,697
8,0,26123.675,0.93113081,0.023485486,255,1,698,698
8,0,26086.292,0.89999592,0.023485486,255,1,699,699
8,0,26143.933,0.95333847,0.023485486,255,1,700,700
8,0,26141.998,0.97105217,0.023485486,255,1,701,701
8,0,26298.656,0.79997924,0.023485486,255,1,702,702
8,0,26239.124,0.99554872,0.023485486,255,1,703,703
8,0,26921.188,0.94746345,0.023485486,255,1,704,704
8,0,27239.669,0.98984873,0.023485486,255,1,705,705
8,0,27073.233,0.9827048,0.023485486,255,1,706,706
8,0,26821.944,0.99937231,0.023485486,255,1,707,707
8,0,26664.144,0.91807366,0.023485486,255,1,708,708
8,0,26226.66,0.97466512,0.023485486,255,1,709,709
8,0,26022.313,0.90000818,0.023485486,255,1,710,710
8,0,26240.626,0.95141948,0.023485486,255,1,711,711
8,0,26086.779,0.98417448,0.023485486,255,1,712,712
8,0,26132.187,0.93403237,0.023485486,255,1,713,713
8,0,26382.296,0.90921824,0.023485486,255,1,714,714
8,0,26639.501,0.99895461,0.023485486,255,1,715,715
8,0,26302.982,0.90987945,0.023485486,255,1,716,716
8,0,26882.673,0.91206111,0.023485486,255,1,717,717
8,0,26548.625,0.95964574,0.023485486,255,1,718,718
8,0,26786.711,0.98160727,0.023485486,255,1,719,719
8,0,26929.935,0.96385318,0.023485486,255,1,720,720
8,0,27138.003,0.9717028,0.023485486,255,1,721,721
8,0,27091.587,0.99938799,0.023485486,255,1,722,722
8,0,27131.081,0.93215377,0.023485486,255,1,723,723
8,0,26873.283,0.9980588,0.023485486,255,1,724,724
8,0,26628.104,0.941876,0.023485486,255,1,725,725
8,0,26884.32,0.99657541,0.023485486,255,1,726,726
8,0,26639.351,0.99519899,0.023485486,255,1,727,727
8,0,26438.193,0.9899731,0.023485486,255,1,728,728
8,0,26376.949,0.9251475,0.023485486,255,1,729,729
8,0,26217.527,0.96757864,0.023485486,255,1,730,730
8,0,26579.699,0.8338428,0.023485486,255,1,731,731
8,0,26362.831,0.96492675000000006,0.023485486,255,1,732,732
8,0,26711.789,0.82278331,0.023485486,255,1,733,733
8,0,26671.532,0.91467716,0.023485486,255,1,734,734
8,0,26501.799,0.99634031,0.023485486,255,1,735,735
8,0,26770.984,0.98351101,0.023485486,255,1,736,736
8,0,26993.216,0.91704532,0.023485486,255,1,737,737
8,0,26330.07,0.99328868,0.023485486,255,1,738,738
8,0,26172.492,0.99182399,0.023485486,255,1,739,739
8,0,26325.705,0.98952222,0.023485486,255,1,740,740
8,0,25925.371,0.96197063,0.023485486,255,1,741,741
8,0,25786.842,0.99350468,0.023485486,255,1,742,742
8,0,26164.128,0.98946036,0.023485486,255,1,743,743
8,0,26488.868,0.96969531,0.023485486,255,1,744,744
8,0,26582.561,0.99996386,0.023485486,255,1,745,745
8,0,26339.12,0.99749161,0.023485486,255,1,746,746
8,0,26314.282,0.94428569,0.023485486,255,1,747,747
8,0,26491.705,0.93601646,0.023485486,255,1,748,748
8,0,26750.395,0.96644554,0.023485486,255,1,749,749
8,0,26464.604,0.98159764,0.023485486,255,1,750,750
8,0,26380.528,0.97307746,0.023485486,255,1,751,751
8,0,26671.493,0.95320188,0.023485486,255,1,752,752
8,0,26893.839,0.95859678,0.023485486,255,1,753,753
8,0,26870.499,0.95789353,0.023485486,255,1,754,754
8,0,26667.117,0.99979043,0.023485486,255,1,755,755
8,0,26189.791,0.97962324,0.023485486,255,1,756,756
8,0,25828.137,0.9556729,0.023485486,255,1,757,757
8,0,26097.216,0.97945145,0.023485486,255,1,758,758
8,0,25899.966,0.97171371,0.023485486,255,1,759,759
8,0,25817.41,0.90406636,0.023485486,255,1,760,760
8,0,26164.052,0.98491664,0.023485486,255,1,761,761
8,0,26297.735,0.98564321,0.023485486,255,1,762,762
8,0,25944.081,0.93794225,0.023485486,255,1,763,763
8,0,26427.598,0.93886399,0.023485486,255,1,764,764
8,0,26967.927,0.96839873,0.023485486,255,1,765,765
8,0,26930.864,0.99037612,0.023485486,255,1,766,766
8,0,26908.747,0.99891213,0.023485486,255,1,767,767
8,0,26762.579,0.98238286,0.023485486,255,1,768,768
8,0,26485.149,0.89747965,0.023485486,255,1,769,769
8,0,26178.149,0.99023142,0.023485486,255,1,770,770
8,0,26235.424,0.88640952,0.023485486,255,1,771,771
8,0,26496.903,0.73911435,0.023485486,255,1,772,772
8,0,25867.945,0.97866902,0.023485486,255,1,773,773
8,0,25850.977,0.95815144,0.023485486,255,1,774,774
8,0,26036.886,0.92542396,0.023485486,255,1,775,775
8,0,25680.152,0.99803906,0.023485486,255,1,776,776
8,0,25715.373,0.97296805,0.023485486,255,1,777,777
8,0,26060.983,0.97899337,0.023485486,255,1,778,778
8,0,26198.64,0.93094583,0.023485486,255,1,779,779
8,0,26081.791,0.80461279,0.023485486,255,1,780,780
8,0,26093.825,0.90438991,0.023485486,255,1,781,781
8,0,26584.963,0.99824255,0.023485486,255,1,782,782
8,0,25908.158,0.99842452,0.023485486,255,1,783,783
8,0,26582.872,0.84842454,0.023485486,255,1,784,784
8,0,26841.979,0.94566949,0.023485486,255,1,785,785
8,0,26612.593,0.96453266,0.023485486,255,1,786,786
8,0,26367.264,0.9981458,0.023485486,255,1,787,787
8,0,26280.951,0.96824074,0.023485486,255,1,788,788
8,0,26776.181,0.98217836,0.023485486,255,1,789,789
8,0,26598.499,0.88271971,0.023485486,255,1,790,790
8,0,26289.409,0.91200863,0.023485486,255,1,791,791
8,0,26360.083,0.99656527,0.023485486,255,1,792,792
8,0,26377.662,0.94839836,0.023485486,255,1,793,793
8,0,26024.376,0.98506326,0.023485486,255,1,794,794
8,0,26304.153,0.95428671,0.023485486,255,1,795,795
8,0,26649.727,0.99969159,0.023485486,255,1,796,796
8,0,26526.75,0.99557848,0.023485486,255,1,797,797
8,0,26735.177,0.94947532,0.023485486,255,1,798,798
8,0,26801.265,0.94278397,0.023485486,255,1,799,799
8,0,26965.472,0.99864233,0.023485486,255,1,800,800
8,0,26815.979,0.9976049,0.023485486,255,1,801,801
8,0,26491.618,0.97416602,0.023485486,255,1,802,802
8,0,26531.873,0.95569548,0.023485486,255,1,803,803
8,0,26685.371,0.99973742,0.023485486,255,1,804,804
8,0,26933.396,0.95312427,0.023485486,255,1,805,805
8,0,27310.654,0.99023454,0.023485486,255,1,806,806
8,0,27555.31,0.86457699,0.023485486,255,1,807,807
8,0,27368.5,0.99618006,0.023485486,255,1,808,808
8,0,27491.279,0.96176159,0.023485486,255,1,809,809
8,0,27035.653,0.97991477,0.023485486,255,1,810,810
8,0,26851.981,0.99776673,0.023485486,255,1,811,811
8,0,26545.23,0.97886761,0.023485486,255,1,812,812
8,0,26647.641,0.99973771,0.023485486,255,1,813,813
8,0,26696.329,0.93644485,0.023485486,255,1,814,814
8,0,26473.566,0.9890163,0.023485486,255,1,815,815
8,0,26324.357,0.92954405,0.023485486,255,1,816,816
8,0,26224.241,0.97798109,0.023485486,255,1,817,817
8,0,26844.543,0.90805898,0.023485486,255,1,818,818
8,0,26640.721,0.99953742,0.023485486,255,1,819,819
8,0,26160.625,0.99221945,0.023485486,255,1,820,820
8,0,26097.431,0.95649679,0.023485486,255,1,821,821
8,0,25971.846,0.9213852,0.023485486,255,1,822,822
8,0,26237.023,0.97950487,0.023485486,255,1,823,823
8,0,26502.744,0.80501708,0.023485486,255,1,824,824
8,0,26273.953,0.91899837,0.023485486,255,1,825,825
8,0,26213.212,0.97825501,0.023485486,255,1,826,826
8,0,26100.533,0.99502106,0.023485486,255,1,827,827
8,0,26301.585,0.99457332,0.023485486,255,1,828,828
8,0,26532.441,0.98770231,0.023485486,255,1,829,829
8,0,26042.348,0.9922778,0.023485486,255,1,830,830
8,0,25868.71,0.99357373,0.023485486,255,1,831,831
8,0,26027.57,0.92127624,0.023485486,255,1,832,832
8,0,26241.061,0.90544052,0.023485486,255,1,833,833
8,0,26603.307,0.89503189,0.023485486,255,1,834,834
8,0,26396.718,0.96778982,0.023485486,255,1,835,835
8,0,26337.888,0.91770507,0.023485486,255,1,836,836
8,0,26692.34,0.94160145,0.023485486,255,1,837,837
8,0,26241.033,0.99371951,0.023485486,255,1,838,838
8,0,26324.927,0.96005327,0.023485486,255,1,839,839
8,0,26392.348,0.87529858,0.023485486,255,1,840,840
8,0,26271.75,0.92737603,0.023485486,255,1,841,841
8,0,26594.42,0.93631801,0.023485486,255,1,842,842
8,0,26783.479,0.90649146,0.023485486,255,1,843,843
8,0,26566.442,0.99706378,0.023485486,255,1,844,844
8,0,26379.471,0.99565242,0.023485486,255,1,845,845
8,0,26887.28,0.87666367,0.023485486,255,1,846,846
8,0,27055.606,0.96270961,0.023485486,255,1,847,847
8,0,26933.803,0.97043821,0.023485486,255,1,848,848
8,0,27024.962,0.92243177,0.023485486,255,1,849,849
8,0,26820.653,0.97790376,0.023485486,255,1,850,850
8,0,26367.895,0.9975204,0.023485486,255,1,851,851
8,0,26467.773,0.99677455,0.023485486,255,1,852,852
8,0,25947.896,0.96379723,0.023485486,255,1,853,853
8,0,26276.023,0.98427563,0.023485486,255,1,854,854
8,0,26011.744,0.84582592,0.023485486,255,1,855,855
8,0,26229.317,0.96834738,0.023485486,255,1,856,856
8,0,26487.773,0.83219082,0.023485486,255,1,857,857
8,0,26324.859,0.9960524,0.023485486,255,1,858,858
8,0,25688.392,0.99011181,0.023485486,255,1,859,859
8,0,26209.152,0.87972098,0.023485486,255,1,860,860
8,0,26270.929,0.9663263,0.023485486,255,1,861,861
8,0,26218.414,0.9760776,0.023485486,255,1,862,862
8,0,26422.199,0.9667406,0.023485486,255,1,863,863
8,0,26430.939,0.98241287,0.023485486,255,1,864,864
8,0,26277.864,0.95499911,0.023485486,255,1,865,865
8,0,26137.496,0.91179069,0.023485486,255,1,866,866
8,0,26388.335,0.97287588,0.023485486,255,1,867,867
8,0,26582.359,0.97239525,0.023485486,255,1,868,868
8,0,26352.123,0.98895366,0.023485486,255,1,869,869
8,0,26659.535,0.97844376,0.023485486,255,1,870,870
8,0,26534.342,0.98698956,0.023485486,255,1,871,871
8,0,26441.22,0.97924887,0.023485486,255,1,872,872
8,0,26576.262,0.99177524,0.023485486,255,1,873,873
8,0,26329.802,0.9982261,0.023485486,255,1,874,874
8,0,26326.311,0.94319472,0.023485486,255,1,875,875
8,0,26446.9,0.96309871,0.023485486,255,1,876,876
8,0,26697.619,0.93760162,0.023485486,255,1,877,877
8,0,26516.773,0.99713511,0.023485486,255,1,878,878
8,0,27221.33,0.93260126,0.023485486,255,1,879,879
8,0,26991.024,0.96876312,0.023485486,255,1,880,880
8,0,26207.946,0.93124915,0.023485486,255,1,881,881
8,0,26350.736,0.9210544,0.023485486,255,1,882,882
8,0,26765.077,0.92740414,0.023485486,255,1,883,883
8,0,27282.026,0.96046928,0.023485486,255,1,884,884
8,0,27376.674,0.98520013,0.023485486,255,1,885,885
8,0,27182.476,0.99492583,0.023485486,255,1,886,886
8,0,26997.701,0.9815737,0.023485486,255,1,887,887
8,0,27046.164,0.93836957,0.023485486,255,1,888,888
8,0,26885.233,0.93621158,0.023485486,255,1,889,889
8,0,26696.203,0.99161851,0.023485486,255,1,890,890
8,0,26477.507,0.96433858,0.023485486,255,1,891,891
8,0,26808.143,0.98840619,0.023485486,255,1,892,892
8,0,26545.877,0.99517072,0.023485486,255,1,893,893
8,0,26404.288,0.87367104,0.023485486,255,1,894,894
8,0,26258.369,0.9980956,0.023485486,255,1,895,895
8,0,26235.193,0.95829786,0.023485486,255,1,896,896
8,0,26118.455,0.99123349,0.023485486,255,1,897,897
8,0,25793.561,0.96236231,0.023485486,255,1,898,898
8,0,25932.561,0.95799133,0.023485486,255,1,899,899
8,0,25943.95,0.96253646,0.023485486,255,1,900,900
8,0,26090.342,0.98382109,0.023485486,255,1,901,901
8,0,25960.446,0.96724457,0.023485486,255,1,902,902
8,0,26425.88,0.90534598,0.023485486,255,1,903,903
8,0,26650.296,0.96011273,0.023485486,255,1,904,904
8,0,26896.214,0.96918366,0.023485486,255,1,905,905
8,0,26409.264,0.95287,0.023485486,255,1,906,906
8,0,25890.595,0.88269334,0.023485486,255,1,907,907
8,0,26211.099,0.99996204,0.023485486,255,1,908,908
8,0,26381.179,0.96643512,0.023485486,255,1,909,909
8,0,26338.251,0.90674843,0.023485486,255,1,910,910
8,0,26353.503,0.9988729,0.023485486,255,1,911,911
8,0,26506.073,0.92110361,0.023485486,255,1,912,912
8,0,26371.328,0.93250072,0.023485486,255,1,913,913
8,0,26325.123,0.98626514,0.023485486,255,1,914,914
8,0,26585.648,0.99200166,0.023485486,255,1,915,915
8,0,26857.795,0.98723647,0.023485486,255,1,916,916
8,0,26116.021,0.94282034,0.023485486,255,1,917,917
8,0,26422.299,0.93182094,0.023485486,255,1,918,918
8,0,26045.205,0.99036358,0.023485486,255,1,919,919
8,0,26074.089,0.89470561,0.023485486,255,1,920,920
8,0,26222.338,0.97045831,0.023485486,255,1,921,921
8,0,26617.62,0.985576,0.023485486,255,1,922,922
8,0,26001.938,0.99664074,0.023485486,255,1,923,923
8,0,26225.836,0.9861124,0.023485486,255,1,924,924
8,0,26379.625,0.96904643,0.023485486,255,1,925,925
8,0,26193.845,0.94843246,0.023485486,255,1,926,926
8,0,26361.211,0.93638773,0.023485486,255,1,927,927
8,0,27020.641,0.94983812,0.023485486,255,1,928,928
8,0,26680.639,0.98476261,0.023485486,255,1,929,929
8,0,26439.729,0.98992422,0.023485486,255,1,930,930
8,0,26320.08,0.88596559,0.023485486,255,1,931,931
8,0,26544.063,1,0.023485486,255,1,932,932
8,0,26597.399,0.97066475,0.023485486,255,1,933,933
8,0,26154.326,0.96129657,0.023485486,255,1,934,934
8,0,26491.89,0.97283548,0.023485486,255,1,935,935
8,0,26761.991,0.98648433,0.023485486,255,1,936,936
8,0,26513.668,0.95510756,0.023485486,255,1,937,937
8,0,26686.256,0.98824681,0.023485486,255,1,938,938
8,0,26408.796,0.99610559,0.023485486,255,1,939,939
8,0,26807.018,0.96952688,0.023485486,255,1,940,940
8,0,26478.575,0.9930778,0.023485486,255,1,941,941
8,0,26218.919,0.94121049,0.023485486,255,1,942,942
8,0,26005.102,0.99826992,0.023485486,255,1,943,943
8,0,26009.725,0.98650709,0.023485486,255,1,944,944
8,0,26094.242,0.996128,0.023485486,255,1,945,945
8,0,25835.977,0.93407061,0.023485486,255,1,946,946
8,0,26082.056,0.93231627,0.023485486,255,1,947,947
8,0,26513.678,0.88921707,0.023485486,255,1,948,948
8,0,26810.234,0.93460736,0.023485486,255,1,949,949
8,0,26640.17,0.98010117,0.023485486,255,1,950,950
8,0,26823.256,0.98714683,0.023485486,255,1,951,951
8,0,27071.078,0.99834899,0.023485486,255,1,952,952
8,0,26804.195,0.97056357,0.023485486,255,1,953,953
8,0,26780.334,0.99986888,0.023485486,255,1,954,954
8,0,26584.664,0.89464438,0.023485486,255,1,955,955
8,0,26520.142,0.98271825,0.023485486,255,1,956,956
8,0,26097.547,0.95847187,0.023485486,255,1,957,957
8,0,26512.587,0.93953807,0.023485486,255,1,958,958
8,0,26160.451,0.970984,0.023485486,255,1,959,959
8,0,25980.305,0.92513309,0.023485486,255,1,960,960
8,0,25532.755,0.95090756,0.023485486,255,1,961,961
8,0,25534.255,0.88711618,0.023485486,255,1,962,962
8,0,25859.413,0.98399876,0.023485486,255,1,963,963
8,0,26305.849,0.91051623,0.023485486,255,1,964,964
8,0,26333.671,0.98388191,0.023485486,255,1,965,965
8,0,26163.756,0.89711807,0.023485486,255,1,966,966
8,0,26163.415,0.86761206,0.023485486,255,1,967,967
8,0,26175.535,0.98237459,0.023485486,255,1,968,968
8,0,25911.02,0.9204789,0.023485486,255,1,969,969
8,0,25622.661,0.97448176,0.023485486,255,1,970,970
8,0,25863.82,0.85155656,0.023485486,255,1,971,971
8,0,26402.871,0.97143425,0.023485486,255,1,972,972
8,0,26567.756,0.98979611,0.023485486,255,1,973,973
8,0,26553.53,0.98907434,0.023485486,255,1,974,974
8,0,26202.88,0.99592179,0.023485486,255,1,975,975
8,0,26569.183,0.99311731,0.023485486,255,1,976,976
8,0,26551.731,0.98005106,0.023485486,255,1,977,977
8,0,26436.682,0.93110478,0.023485486,255,1,978,978
8,0,26605.807,0.9988076,0.023485486,255,1,979,979
8,0,26163.584,0.99623493,0.023485486,255,1,980,980
8,0,26521.863,0.90917796,0.023485486,255,1,981,981
8,0,26654.978,0.99247863,0.023485486,255,1,982,982
8,0,26652.979,0.99178979,0.023485486,255,1,983,983
8,0,26034.21,0.99645305,0.023485486,255,1,984,984
8,0,26471.126,0.89268596,0.023485486,255,1,985,985
8,0,26229.173,0.95224001,0.023485486,255,1,986,986
8,0,26796.283,0.99321349,0.023485486,255,1,987,987
8,0,27001.511,0.95619815,0.023485486,255,1,988,988
8,0,26698.326,0.9769293,0.023485486,255,1,989,989
8,0,26754.71,0.9257904,0.023485486,255,1,990,990
8,0,26370.811,0.98400423,0.023485486,255,1,991,991
8,0,26457.147,0.99367865,0.023485486,255,1,992,992
8,0,26307.497,0.94601674,0.023485486,255,1,993,993
8,0,26236.592,0.94408978,0.023485486,255,1,994,994
8,0,26536.915,0.98766081,0.023485486,255,1,995,995
8,0,26382.763,0.98561539,0.023485486,255,1,996,996
8,0,26226.338,0.89456526,0.023485486,255,1,997,997
8,0,26453.751,0.8348458,0.023485486,255,1,998,998
8,0,26152.525,0.99951292,0.023485486,255,1,999,999
8,0,25935.335,0.91499558,0.023485486,255,1,1000,1000
8,0,26760.101,0.93057691,0.02338708,255,2,1,1001
8,0,26322.321,0.99684246,0.02338708,255,2,2,1002
8,0,26516.853,0.98791042,0.02338708,255,2,3,1003
8,0,26536.046,0.94001075,0.02338708,255,2,4,1004
8,0,26410.574,0.94177418,0.02338708,255,2,5,1005
8,0,26697.587,0.97313093,0.02338708,255,2,6,1006
8,0,26628.989,0.9844081,0.02338708,255,2,7,1007
8,0,26261.68,0.89946753,0.02338708,255,2,8,1008
8,0,26419.025,0.98931087,0.02338708,255,2,9,1009
8,0,26048.149,0.98257202,0.02338708,255,2,10,1010
8,0,26124.828,0.86978301,0.02338708,255,2,11,1011
8,0,26168.62,0.95144097,0.02338708,255,2,12,1012
8,0,25946.814,0.96180622,0.02338708,255,2,13,1013
8,0,26501.981,0.82827586,0.02338708,255,2,14,1014
8,0,26471.29,0.99124837,0.02338708,255,2,15,1015
8,0,26392.374,0.98079055,0.02338708,255,2,16,1016
8,0,26556.561,0.89427736,0.02338708,255,2,17,1017
8,0,26263.554,0.98390338,0.02338708,255,2,18,1018
8,0,26353.794,0.98546922,0.02338708,255,2,19,1019
8,0,25864.375,0.97099309,0.02338708,255,2,20,1020
8,0,26130.477,0.92838045,0.02338708,255,2,21,1021
8,0,25958.091,0.9976192,0.02338708,255,2,22,1022
8,0,25685.994,0.94977249,0.02338708,255,2,23,1023
8,0,26315.97,0.96526183,0.02338708,255,2,24,1024
8,0,26470.735,0.96988961,0.02338708,255,2,25,1025
8,0,26713.216,0.97044224,0.02338708,255,2,26,1026
8,0,26327.69,0.97094904,0.02338708,255,2,27,1027
8,0,26757.392,0.9329943,0.02338708,255,2,28,1028
8,0,26757.443,0.98839807,0.02338708,255,2,29,1029
8,0,26521.205,0.98967829,0.02338708,255,2,30,1030
8,0,26679.257,0.98922566,0.02338708,255,2,31,1031
8,0,26174.897,0.98055034,0.02338708,255,2,32,1032
8,0,26264.63,0.95030773,0.02338708,255,2,33,1033
8,0,26288.714,0.97804376,0.02338708,255,2,34,1034
8,0,26141.791,0.96881719,0.02338708,255,2,35,1035
8,0,26457.244,0.96590829,0.02338708,255,2,36,1036
8,0,26717.726,0.99716665,0.02338708,255,2,37,1037
8,0,26259.381,0.98540879,0.02338708,255,2,38,1038
8,0,25838.962,0.96493602,0.02338708,255,2,39,1039
8,0,25522.512,0.95813659,0.02338708,255,2,40,1040
8,0,25903.636,0.85636229,0.02338708,255,2,41,1041
8,0,26367.736,0.99810616,0.02338708,255,2,42,1042
8,0,26455.669,0.98644781,0.02338708,255,2,43,1043
8,0,26575.63,0.98455331,0.02338708,255,2,44,1044
8,0,26213.865,0.96072667,0.02338708,255,2,45,1045
8,0,26157.21,0.96192881,0.02338708,255,2,46,1046
8,0,26264.284,0.85340896,0.02338708,255,2,47,1047
8,0,26310.571,0.99843042,0.02338708,255,2,48,1048
8,0,25996.271,0.98358449,0.02338708,255,2,49,1049
8,0,26233.196,0.95959572,0.02338708,255,2,50,1050
8,0,26334.958,0.99367492,0.02338708,255,2,51,1051
8,0,26132.025,0.98825773,0.02338708,255,2,52,1052
8,0,26169.789,0.93444125,0.02338708,255,2,53,1053
8,0,26602.97,0.95761519,0.02338708,255,2,54,1054
8,0,26444.394,0.99799042,0.02338708,255,2,55,1055
8,0,26564.7,0.96688601,0.02338708,255,2,56,1056
8,0,26657.166,0.9319883,0.02338708,255,2,57,1057
8,0,26571.168,0.96552207,0.02338708,255,2,58,1058
8,0,26461.095,0.88477729,0.02338708,255,2,59,1059
8,0,26782.92,0.94106656,0.02338708,255,2,60,1060
8,0,26933.953,0.93882567,0.02338708,255,2,61,1061
8,0,26532.705,0.97309789,0.02338708,255,2,62,1062
8,0,26443.643,0.9083966,0.02338708,255,2,63,1063
8,0,26362.295,0.89441602,0.02338708,255,2,64,1064
8,0,26177.811,0.98306695,0.02338708,255,2,65,1065
8,0,26323.515,0.99109899,0.02338708,255,2,66,1066
8,0,26118.637,0.98519394,0.02338708,255,2,67,1067
8,0,26004.034,0.823515,0.02338708,255,2,68,1068
8,0,25913.187,0.95876887,0.02338708,255,2,69,1069
8,0,26121.951,0.97793599,0.02338708,255,2,70,1070
8,0,26267.293,0.90597901,0.02338708,255,2,71,1071
8,0,26797.58,0.98414395,0.02338708,255,2,72,1072
8,0,27009.287,0.87386651,0.02338708,255,2,73,1073
8,0,26410.369,0.99544071,0.02338708,255,2,74,1074
8,0,26523.947,0.98470926,0.02338708,255,2,75,1075
8,0,26252.678,0.98926095,0.02338708,255,2,76,1076
8,0,26204.202,0.99857026,0.02338708,255,2,77,1077
8,0,26421.14,0.94204694,0.02338708,255,2,78,1078
8,0,26847.274,0.96666506,0.02338708,255,2,79,1079
8,0,26668.651,0.99347564,0.02338708,255,2,80,1080
8,0,27126.15,0.93656448,0.02338708,255,2,81,1081
8,0,26962.837,0.98400934,0.02338708,255,2,82,1082
8,0,26825.711,0.98854615,0.02338708,255,2,83,1083
8,0,25885.028,0.99877093,0.02338708,255,2,84,1084
8,0,26144.947,0.99362327,0.02338708,255,2,85,1085
8,0,25990.962,0.97464855,0.02338708,255,2,86,1086
8,0,25921.156,0.9671408,0.02338708,255,2,87,1087
8,0,25871.353,0.96545278,0.02338708,255,2,88,1088
8,0,26489.182,0.83018013,0.02338708,255,2,89,1089
8,0,26798.553,0.98681936,0.02338708,255,2,90,1090
8,0,26447.147,0.99181115,0.02338708,255,2,91,1091
8,0,26650.697,0.96904813,0.02338708,255,2,92,1092
8,0,26525.78,0.98479345,0.02338708,255,2,93,1093
8,0,26329.847,0.9944756,0.02338708,255,2,94,1094
8,0,26159.066,0.96805488,0.02338708,255,2,95,1095
8,0,26952.325,0.9688034,0.02338708,255,2,96,1096
8,0,26771.802,0.98946339,0.02338708,255,2,97,1097
8,0,26872.322,0.9782672,0.02338708,255,2,98,1098
8,0,26687.192,0.9829331,0.02338708,255,2,99,1099
8,0,26594.508,0.99722084,0.02338708,255,2,100,1100
8,0,26534.659,0.9664073,0.02338708,255,2,101,1101
8,0,26276.618,0.99948684,0.02338708,255,2,102,1102
8,0,26324.35,0.97864188,0.02338708,255,2,103,1103
8,0,26572.302,0.95427224,0.02338708,255,2,104,1104
8,0,26466.631,0.9847221,0.02338708,255,2,105,1105
8,0,26529.699,0.93162188,0.02338708,255,2,106,1106
8,0,26421.338,0.98233897,0.02338708,255,2,107,1107
8,0,26949.554,0.89757347,0.02338708,255,2,108,1108
8,0,26879.634,0.99869247,0.02338708,255,2,109,1109
8,0,26681.103,0.91147418,0.02338708,255,2,110,1110
8,0,26641.254,0.97632383,0.02338708,255,2,111,1111
8,0,26314.856,0.99440894,0.02338708,255,2,112,1112
8,0,26253.492,0.95917611,0.02338708,255,2,113,1113
8,0,26197.95,0.97220715,0.02338708,255,2,114,1114
8,0,26092.926,0.99607756,0.02338708,255,2,115,1115
8,0,25950.837,0.99009983,0.02338708,255,2,116,1116
8,0,26087.938,0.97587132,0.02338708,255,2,117,1117
8,0,26482.504,0.99595564,0.02338708,255,2,118,1118
8,0,26567.601,0.91229429,0.02338708,255,2,119,1119
8,0,26589.753,0.96417077,0.02338708,255,2,120,1120
8,0,26610.093,0.99847298,0.02338708,255,2,121,1121
8,0,26527.721,0.99594531,0.02338708,255,2,122,1122
8,0,26658.674,0.99044235,0.02338708,255,2,123,1123
8,0,26248.834,0.98075324,0.02338708,255,2,124,1124
8,0,26798.754,0.93941632,0.02338708,255,2,125,1125
8,0,26541.799,0.92787119,0.02338708,255,2,126,1126
8,0,26717.514,0.99449015,0.02338708,255,2,127,1127
8,0,26085.721,0.985206,0.02338708,255,2,128,1128
8,0,26262.768,0.9964843,0.02338708,255,2,129,1129
8,0,26346.256,0.88866749,0.02338708,255,2,130,1130
8,0,26077.712,0.96505824,0.02338708,255,2,131,1131
8,0,25749.421,0.99486845,0.02338708,255,2,132,1132
8,0,25706.235,0.96283275,0.02338708,255,2,133,1133
8,0,25570.078,0.96431297,0.02338708,255,2,134,1134
8,0,25862.122,0.97694384,0.02338708,255,2,135,1135
8,0,26457.265,0.91126464,0.02338708,255,2,136,1136
8,0,26827.243,0.96239244,0.02338708,255,2,137,1137
8,0,27302.443,0.86444462,0.02338708,255,2,138,1138
8,0,27398.744,0.98951639,0.02338708,255,2,139,1139
8,0,27176.5,0.9986711,0.02338708,255,2,140,1140
8,0,27115.239,0.99248875,0.02338708,255,2,141,1141
8,0,26626.488,0.96589538,0.02338708,255,2,142,1142
8,0,27045.237,0.93147757,0.02338708,255,2,143,1143
8,0,27394.551,0.98040185,0.02338708,255,2,144,1144
8,0,27357.645,0.95934409,0.02338708,255,2,145,1145
8,0,27498.573,0.98991524,0.02338708,255,2,146,1146
8,0,27296.345,0.99252916,0.02338708,255,2,147,1147
8,0,26778.915,0.98857058,0.02338708,255,2,148,1148
8,0,27313.093,0.7651383,0.02338708,255,2,149,1149
8,0,26954.085,0.96566865,0.02338708,255,2,150,1150
8,0,26764.505,0.98352173,0.02338708,255,2,151,1151
8,0,26503.18,0.99196155,0.02338708,255,2,152,1152
8,0,26661.864,0.88360372,0.02338708,255,2,153,1153
8,0,26919.755,0.99464187,0.02338708,255,2,154,1154
8,0,26889.714,0.99876032,0.02338708,255,2,155,1155
8,0,26562.852,0.99886023,0.02338708,255,2,156,1156
8,0,26594.07,0.97175531,0.02338708,255,2,157,1157
8,0,26400.749,0.99994133,0.02338708,255,2,158,1158
8,0,26477.592,0.96689316,0.02338708,255,2,159,1159
8,0,26855.119,0.93643637,0.02338708,255,2,160,1160
8,0,26323.961,0.98810993,0.02338708,255,2,161,1161
8,0,26677.868,0.98217461,0.02338708,255,2,162,1162
8,0,26712.528,0.99124019,0.02338708,255,2,163,1163
8,0,26016.289,0.96463599,0.02338708,255,2,164,1164
8,0,26397.696,0.90714477,0.02338708,255,2,165,1165
8,0,26170.333,0.98160012,0.02338708,255,2,166,1166
8,0,26647.189,0.95541683,0.02338708,255,2,167,1167
8,0,26308.747,0.95001836,0.02338708,255,2,168,1168
8,0,26107.342,0.97618184,0.02338708,255,2,169,1169
8,0,26450.632,0.96535103,0.02338708,255,2,170,1170
8,0,26781.804,0.9778371,0.02338708,255,2,171,1171
8,0,26837.023,0.99384904,0.02338708,255,2,172,1172
8,0,26601.665,0.95772065,0.02338708,255,2,173,1173
8,0,26425.569,0.98493198,0.02338708,255,2,174,1174
8,0,26292.81,0.93989968,0.02338708,255,2,175,1175
8,0,26489.964,0.98100963,0.02338708,255,2,176,1176
8,0,26419.211,0.96177048,0.02338708,255,2,177,1177
8,0,27037.304,0.97387121,0.02338708,255,2,178,1178
8,0,27043.561,0.98061528,0.02338708,255,2,179,1179
8,0,27021.634,0.99915193,0.02338708,255,2,180,1180
8,0,27043.137,0.89236159,0.02338708,255,2,181,1181
8,0,27339.5,0.95268497,0.02338708,255,2,182,1182
8,0,27160.127,0.9938945,0.02338708,255,2,183,1183
8,0,26952.032,0.93982481,0.02338708,255,2,184,1184
8,0,26195.961,0.96373288,0.02338708,255,2,185,1185
8,0,26472.682,0.91048696,0.02338708,255,2,186,1186
8,0,26781.357,0.95394202,0.02338708,255,2,187,1187
8,0,26820.373,0.94838747,0.02338708,255,2,188,1188
8,0,26556.334,0.98052628,0.02338708,255,2,189,1189
8,0,26738.572,0.99509401,0.02338708,255,2,190,1190
8,0,26716.05,0.93014078,0.02338708,255,2,191,1191
8,0,26465.781,0.99292769,0.02338708,255,2,192,1192
8,0,26763.381,0.89015403,0.02338708,255,2,193,1193
8,0,26595.456,0.98768513,0.02338708,255,2,194,1194
8,0,26657.121,0.98521363,0.02338708,255,2,195,1195
8,0,26924.582,0.96204593,0.02338708,255,2,196,1196
8,0,27089.663,0.99389865,0.02338708,255,2,197,1197
8,0,26493.597,0.99882415,0.02338708,255,2,198,1198
8,0,26374.366,0.88317504,0.02338708,255,2,199,1199
8,0,26157.641,0.92763661,0.02338708,255,2,200,1200
8,0,26255.694,0.95483841,0.02338708,255,2,201,1201
8,0,25599.17,0.96910568,0.02338708,255,2,202,1202
8,0,25971.998,0.98799033,0.02338708,255,2,203,1203
8,0,25877.052,0.97947325,0.02338708,255,2,204,1204
8,0,26094.292,0.98736052,0.02338708,255,2,205,1205
8,0,25508.626,0.97320447,0.02338708,255,2,206,1206
8,0,25633.05,0.99936095,0.02338708,255,2,207,1207
8,0,25921.076,0.96559554,0.02338708,255,2,208,1208
8,0,26465.469,0.98663438,0.02338708,255,2,209,1209
8,0,26524.513,0.9989001,0.02338708,255,2,210,1210
8,0,26638.017,0.91695027,0.02338708,255,2,211,1211
8,0,26277.795,0.98526746,0.02338708,255,2,212,1212
8,0,26274.917,0.95374495,0.02338708,255,2,213,1213
8,0,26367.66,0.97262016,0.02338708,255,2,214,1214
8,0,26280.272,0.98874807,0.02338708,255,2,215,1215
8,0,26546.803,0.97644198,0.02338708,255,2,216,1216
8,0,26428.941,0.98502744,0.02338708,255,2,217,1217
8,0,26594.944,0.88419703,0.02338708,255,2,218,1218
8,0,26045.094,0.9858163,0.02338708,255,2,219,1219
8,0,26185.904,0.95779107,0.02338708,255,2,220,1220
8,0,26092.83,0.93720917,0.02338708,255,2,221,1221
8,0,26459.587,0.98984512,0.02338708,255,2,222,1222
8,0,26567.213,0.99278079,0.02338708,255,2,223,1223
8,0,26419.682,0.98956219,0.02338708,255,2,224,1224
8,0,26705.26,0.9144927,0.02338708,255,2,225,1225
8,0,26248.801,0.93962178,0.02338708,255,2,226,1226
8,0,26416.654,0.98681476,0.02338708,255,2,227,1227
8,0,26559.837,0.94419394,0.02338708,255,2,228,1228
8,0,26295.299,0.95485628,0.02338708,255,2,229,1229
8,0,26384.481,0.99663119,0.02338708,255,2,230,1230
8,0,26898.429,0.99200086,0.02338708,255,2,231,1231
8,0,26847.816,0.99699438,0.02338708,255,2,232,1232
8,0,26999.591,0.96610127,0.02338708,255,2,233,1233
8,0,26718.041,0.98042356,0.02338708,255,2,234,1234
8,0,26825.091,0.84973028,0.02338708,255,2,235,1235
8,0,26500.188,0.96558077,0.02338708,255,2,236,1236
8,0,26361.182,0.95800527,0.02338708,255,2,237,1237
8,0,26230.832,0.91365871,0.02338708,255,2,238,1238
8,0,26508.46,0.98533626,0.02338708,255,2,239,1239
8,0,26853.579,0.96162736,0.02338708,255,2,240,1240
8,0,26778.348,0.97581107,0.02338708,255,2,241,1241
8,0,26592.317,0.97234284,0.02338708,255,2,242,1242
8,0,26536.982,0.85100817,0.02338708,255,2,243,1243
8,0,26798.283,0.98613977,0.02338708,255,2,244,1244
8,0,26449.177,0.93557246,0.02338708,255,2,245,1245
8,0,26614.642,0.95894229,0.02338708,255,2,246,1246
8,0,26231.996,0.95643865,0.02338708,255,2,247,1247
8,0,26529.054,0.96891778,0.02338708,255,2,248,1248
8,0,26387.404,0.97261853,0.02338708,255,2,249,1249
8,0,26745.125,0.90533217,0.02338708,255,2,250,1250
8,0,26366.407,0.99736551,0.02338708,255,2,251,1251
8,0,26605.211,0.96042633,0.02338708,255,2,252,1252
8,0,26706.598,0.95522091,0.02338708,255,2,253,1253
8,0,26749.403,0.98841169,0.02338708,255,2,254,1254
8,0,26777.42,0.96601103,0.02338708,255,2,255,1255
8,0,26687.613,0.94370939,0.02338708,255,2,256,1256
8,0,26689.805,0.96595415,0.02338708,255,2,257,1257
8,0,26555.944,0.97600613,0.02338708,255,2,258,1258
8,0,26630.127,0.87132088,0.02338708,255,2,259,1259
8,0,26133.503,0.92931815,0.02338708,255,2,260,1260
8,0,26394.3,0.96375527,0.02338708,255,2,261,1261
8,0,26614.905,0.99241319,0.02338708,255,2,262,1262
8,0,26441.742,0.99961988,0.02338708,255,2,263,1263
8,0,26370.683,0.96868013,0.02338708,255,2,264,1264
8,0,25892.295,0.94331742,0.02338708,255,2,265,1265
8,0,25793.157,0.96616621,0.02338708,255,2,266,1266
8,0,26171.189,0.86004011,0.02338708,255,2,267,1267
8,0,26390.079,0.99012602,0.02338708,255,2,268,1268
8,0,26568.622,0.97573544,0.02338708,255,2,269,1269
8,0,26671.61,0.95628241,0.02338708,255,2,270,1270
8,0,26707.536,0.9428136,0.02338708,255,2,271,1271
8,0,26366.854,0.99522245,0.02338708,255,2,272,1272
8,0,26108.972,0.96237124,0.02338708,255,2,273,1273
8,0,26639.239,0.99570998,0.02338708,255,2,274,1274
8,0,26933.18,0.94349516,0.02338708,255,2,275,1275
8,0,26977.443,0.99414628,0.02338708,255,2,276,1276
8,0,26815.801,0.95545972,0.02338708,255,2,277,1277
8,0,26753.462,0.83203057,0.02338708,255,2,278,1278
8,0,26864.125,0.99004253,0.02338708,255,2,279,1279
8,0,27092.914,0.99855178,0.02338708,255,2,280,1280
8,0,27312.814,0.98592404,0.02338708,255,2,281,1281
8,0,27130.935,0.99752599,0.02338708,255,2,282,1282
8,0,26797.21,0.99908035,0.02338708,255,2,283,1283
8,0,26646.762,0.93293762,0.02338708,255,2,284,1284
8,0,26386.069,0.9546173,0.02338708,255,2,285,1285
8,0,26266.3,0.97469033,0.02338708,255,2,286,1286
8,0,26204.257,0.92257594,0.02338708,255,2,287,1287
8,0,25898.715,0.96456735,0.02338708,255,2,288,1288
8,0,25772.606,0.97889338,0.02338708,255,2,289,1289
8,0,26219.057,0.89466122,0.02338708,255,2,290,1290
8,0,26254.204,0.96767436,0.02338708,255,2,291,1291
8,0,26708.857,0.99979571,0.02338708,255,2,292,1292
8,0,26891.585,0.99399751,0.02338708,255,2,293,1293
8,0,26582.807,0.99713526,0.02338708,255,2,294,1294
8,0,26322.714,0.99978937,0.02338708,255,2,295,1295
8,0,26355.999,0.93762329,0.02338708,255,2,296,1296
8,0,26705.367,0.99724894,0.02338708,255,2,297,1297
8,0,26147.145,0.99693982,0.02338708,255,2,298,1298
8,0,25903.614,0.96699054,0.02338708,255,2,299,1299
8,0,25749.365,0.99889551,0.02338708,255,2,300,1300
8,0,25816.622,0.92039502,0.02338708,255,2,301,1301
8,0,25823.15,0.96212184,0.02338708,255,2,302,1302
8,0,26306.437,0.92441298,0.02338708,255,2,303,1303
8,0,26576.94,0.91668306,0.02338708,255,2,304,1304
8,0,26492.469,0.99735873,0.02338708,255,2,305,1305
8,0,26774.029,0.97471083,0.02338708,255,2,306,1306
8,0,26519.47,0.99906398,0.02338708,255,2,307,1307
8,0,25988.95,0.94987933,0.02338708,255,2,308,1308
8,0,26082.046,0.88657036,0.02338708,255,2,309,1309
8,0,25999.097,0.93608934,0.02338708,255,2,310,1310
8,0,26194.19,0.91151195,0.02338708,255,2,311,1311
8,0,25993.093,0.93807647,0.02338708,255,2,312,1312
8,0,25890.303,0.93440078,0.02338708,255,2,313,1313
8,0,26056,0.93103839,0.02338708,255,2,314,1314
8,0,26409.627,0.82629593,0.02338708,255,2,315,1315
8,0,26756.327,0.99207258,0.02338708,255,2,316,1316
8,0,26458.315,0.96578202,0.02338708,255,2,317,1317
8,0,26201.201,0.97019093,0.02338708,255,2,318,1318
8,0,26774.347,0.96987667,0.02338708,255,2,319,1319
8,0,26000.765,0.99801866,0.02338708,255,2,320,1320
8,0,26168.866,0.99509363,0.02338708,255,2,321,1321
8,0,26288.786,0.95235752,0.02338708,255,2,322,1322
8,0,26229.605,0.96855163,0.02338708,255,2,323,1323
8,0,26245.402,0.96831199,0.02338708,255,2,324,1324
8,0,25634.898,0.9772715,0.02338708,255,2,325,1325
8,0,25664.201,0.95463652,0.02338708,255,2,326,1326
8,0,25913.886,0.9206557,0.02338708,255,2,327,1327
8,0,25706.199,0.98470879,0.02338708,255,2,328,1328
8,0,25898.304,0.92798656,0.02338708,255,2,329,1329
8,0,25987.36,0.91401777,0.02338708,255,2,330,1330
8,0,26285.071,0.85267092,0.02338708,255,2,331,1331
8,0,26546.671,0.99992276,0.02338708,255,2,332,1332
8,0,26215.566,0.98346247,0.02338708,255,2,333,1333
8,0,26037.904,0.95987057,0.02338708,255,2,334,1334
8,0,26168.933,0.94178826,0.02338708,255,2,335,1335
8,0,26703.067,0.95838544,0.02338708,255,2,336,1336
8,0,26614.118,0.95975306,0.02338708,255,2,337,1337
8,0,26162.72,0.98448187,0.02338708,255,2,338,1338
8,0,26022.197,0.96114742,0.02338708,255,2,339,1339
8,0,25899.133,0.97488341,0.02338708,255,2,340,1340
8,0,25677.849,0.94814427,0.02338708,255,2,341,1341
8,0,26484.151,0.95918509,0.02338708,255,2,342,1342
8,0,26403.895,0.99465537,0.02338708,255,2,343,1343
8,0,26564.816,0.95665683,0.02338708,255,2,344,1344
8,0,26330.634,0.9656523,0.02338708,255,2,345,1345
8,0,26406.332,0.94855635,0.02338708,255,2,346,1346
8,0,26476.917,0.88485925,0.02338708,255,2,347,1347
8,0,26409.778,0.97125381,0.02338708,255,2,348,1348
8,0,25617.349,1,0.02338708,255,2,349,1349
8,0,26295.84,0.75934076,0.02338708,255,2,350,1350
8,0,26619.986,0.99991579,0.02338708,255,2,351,1351
8,0,26310.508,0.95718302,0.02338708,255,2,352,1352
8,0,26466.601,0.99376595,0.02338708,255,2,353,1353
8,0,26191.513,0.88136582,0.02338708,255,2,354,1354
8,0,26142.164,0.98431563,0.02338708,255,2,355,1355
8,0,26191.923,0.89672296,0.02338708,255,2,356,1356
8,0,26781.683,0.97759638,0.02338708,255,2,357,1357
8,0,26750.115,0.9877081,0.02338708,255,2,358,1358
8,0,26418.296,0.9902697,0.02338708,255,2,359,1359
8,0,26584.334,0.98861717,0.02338708,255,2,360,1360
8,0,26738.878,0.99935859,0.02338708,255,2,361,1361
8,0,26874.986,0.95661004,0.02338708,255,2,362,1362
8,0,26897.288,0.95489851,0.02338708,255,2,363,1363
8,0,26601.723,0.94015782,0.02338708,255,2,364,1364
8,0,26931.856,0.89252427,0.02338708,255,2,365,1365
8,0,26908.901,0.94435008,0.02338708,255,2,366,1366
8,0,26742.298,0.99812207,0.02338708,255,2,367,1367
8,0,26235.126,0.95358003,0.02338708,255,2,368,1368
8,0,26884.747,0.97947282,0.02338708,255,2,369,1369
8,0,26845.936,0.99997997,0.02338708,255,2,370,1370
8,0,26328.569,0.96604587,0.02338708,255,2,371,1371
8,0,26621.653,0.98955135,0.02338708,255,2,372,1372
8,0,26793.874,0.93106952,0.02338708,255,2,373,1373
8,0,26415.521,0.97258575,0.02338708,255,2,374,1374
8,0,26376.419,0.85224364,0.02338708,255,2,375,1375
8,0,26099.575,0.97433636,0.02338708,255,2,376,1376
8,0,25972.403,0.98873102,0.02338708,255,2,377,1377
8,0,26221.364,0.99996658,0.02338708,255,2,378,1378
8,0,26295.148,0.96728521,0.02338708,255,2,379,1379
8,0,26203.034,0.96140283,0.02338708,255,2,380,1380
8,0,25981.538,0.9955374,0.02338708,255,2,381,1381
8,0,25698.205,0.98686993,0.02338708,255,2,382,1382
8,0,26119.107,0.93688537,0.02338708,255,2,383,1383
8,0,26548.089,0.93591903,0.02338708,255,2,384,1384
8,0,26568.598,0.9850531,0.02338708,255,2,385,1385
8,0,26105.385,0.95140476,0.02338708,255,2,386,1386
8,0,26642.886,0.97210509,0.02338708,255,2,387,1387
8,0,26474.54,0.98430687,0.02338708,255,2,388,1388
8,0,26147.479,0.97179116,0.02338708,255,2,389,1389
8,0,26166.08,0.96463141,0.02338708,255,2,390,1390
8,0,25951.027,0.84284447,0.02338708,255,2,391,1391
8,0,26145.59,0.92677472,0.02338708,255,2,392,1392
8,0,25981.619,0.82536281,0.02338708,255,2,393,1393
8,0,25697.323,0.89448075,0.02338708,255,2,394,1394
8,0,25687.713,0.99799319,0.02338708,255,2,395,1395
8,0,25895.436,0.96704602,0.02338708,255,2,396,1396
8,0,26299.611,0.92024244,0.02338708,255,2,397,1397
8,0,26682.939,0.96535965,0.02338708,255,2,398,1398
8,0,26318.485,0.98920903,0.02338708,255,2,399,1399
8,0,26790.041,0.9723818,0.02338708,255,2,400,1400
8,0,27142.13,0.87220393,0.02338708,255,2,401,1401
8,0,27110.044,0.98090796,0.02338708,255,2,402,1402
8,0,26674.717,0.95064673,0.02338708,255,2,403,1403
8,0,27006.887,0.98103253,0.02338708,255,2,404,1404
8,0,26957.772,0.87746853,0.02338708,255,2,405,1405
8,0,26315.874,0.9683422,0.02338708,255,2,406,1406
8,0,26522.157,0.88682718,0.02338708,255,2,407,1407
8,0,26497.667,0.98212199,0.02338708,255,2,408,1408
8,0,26308.328,0.97692724,0.02338708,255,2,409,1409
8,0,26133.504,0.86634052,0.02338708,255,2,410,1410
8,0,26246.975,0.9183041,0.02338708,255,2,411,1411
8,0,26374.586,0.97658652,0.02338708,255,2,412,1412
8,0,26839.593,0.89464322,0.02338708,255,2,413,1413
8,0,26782.945,0.9559124,0.02338708,255,2,414,1414
8,0,26500.132,0.99172818,0.02338708,255,2,415,1415
8,0,25988.627,0.98391834,0.02338708,255,2,416,1416
8,0,26400.407,0.95559981,0.02338708,255,2,417,1417
8,0,26608.702,0.96822047,0.02338708,255,2,418,1418
8,0,26361.197,0.99686692,0.02338708,255,2,419,1419
8,0,26141.357,0.9554136,0.02338708,255,2,420,1420
8,0,25813.369,0.92727768,0.02338708,255,2,421,1421
8,0,26046.603,0.84701916,0.02338708,255,2,422,1422
8,0,25882.353,0.9758461,0.02338708,255,2,423,1423
8,0,26443.333,0.89101061,0.02338708,255,2,424,1424
8,0,27084.982,0.9736425,0.02338708,255,2,425,1425
8,0,26408.016,0.97266373,0.02338708,255,2,426,1426
8,0,26291.78,0.99783227,0.02338708,255,2,427,1427
8,0,25921.82,0.93306134,0.02338708,255,2,428,1428
8,0,26123.935,0.88021496,0.02338708,255,2,429,1429
8,0,26173.642,0.99385557,0.02338708,255,2,430,1430
8,0,25982.159,0.94552457,0.02338708,255,2,431,1431
8,0,26115.425,0.98792472,0.02338708,255,2,432,1432
8,0,25910.098,0.93223907,0.02338708,255,2,433,1433
8,0,25893.181,0.99826592,0.02338708,255,2,434,1434
8,0,26074.654,0.97269265,0.02338708,255,2,435,1435
8,0,26082.963,0.99098255,0.02338708,255,2,436,1436
8,0,26456.064,0.93342446,0.02338708,255,2,437,1437
8,0,26296.067,0.99270448,0.02338708,255,2,438,1438
8,0,26553.642,0.93754947,0.02338708,255,2,439,1439
8,0,26083.972,0.87208473,0.02338708,255,2,440,1440
8,0,25999.104,0.97953825,0.02338708,255,2,441,1441
8,0,26014.097,0.97184349,0.02338708,255,2,442,1442
8,0,26249.668,0.98983591,0.02338708,255,2,443,1443
8,0,26129.808,0.96036772,0.02338708,255,2,444,1444
8,0,26363.114,0.95593336,0.02338708,255,2,445,1445
8,0,26500.433,0.97192665,0.02338708,255,2,446,1446
8,0,26209.453,0.98378446,0.02338708,255,2,447,1447
8,0,26098.836,0.99721363,0.02338708,255,2,448,1448
8,0,25985.914,0.9575657,0.02338708,255,2,449,1449
8,0,26020.232,0.87330434,0.02338708,255,2,450,1450
8,0,26027.043,0.94983629,0.02338708,255,2,451,1451
8,0,26552.958,0.91193017,0.02338708,255,2,452,1452
8,0,26394.213,0.98376159,0.02338708,255,2,453,1453
8,0,25945.177,0.94529369,0.02338708,255,2,454,1454
8,0,26634.542,0.95653929,0.02338708,255,2,455,1455
8,0,26037.787,0.90585298,0.02338708,255,2,456,1456
8,0,26720.806,0.88278468,0.02338708,255,2,457,1457
8,0,26885.095,0.87161094,0.02338708,255,2,458,1458
8,0,26838.059,0.99183292,0.02338708,255,2,459,1459
8,0,26925.163,0.94183264,0.02338708,255,2,460,1460
8,0,27474.382,0.95557232,0.02338708,255,2,461,1461
8,0,27216.203,0.9721389,0.02338708,255,2,462,1462
8,0,27641.591,0.95994674,0.02338708,255,2,463,1463
8,0,27376.201,0.97374646,0.02338708,255,2,464,1464
8,0,27293.901,0.9992962,0.02338708,255,2,465,1465
8,0,26999.767,0.84704636,0.02338708,255,2,466,1466
8,0,26838.015,0.99973624,0.02338708,255,2,467,1467
8,0,26956.836,0.99092474,0.02338708,255,2,468,1468
8,0,26924.167,0.95777956,0.02338708,255,2,469,1469
8,0,26882.662,0.96791981,0.02338708,255,2,470,1470
8,0,26622.891,0.97054616,0.02338708,255,2,471,1471
8,0,26136.987,0.98123388,0.02338708,255,2,472,1472
8,0,26079.522,0.80491375,0.02338708,255,2,473,1473
8,0,26201.754,0.87878762,0.02338708,255,2,474,1474
8,0,25768.551,0.99010087,0.02338708,255,2,475,1475
8,0,26443.128,0.91292362,0.02338708,255,2,476,1476
8,0,26312.072,0.97201353,0.02338708,255,2,477,1477
8,0,26054.043,0.99408376,0.02338708,255,2,478,1478
8,0,26287.861,0.98498231,0.02338708,255,2,479,1479
8,0,26132.859,0.99878774,0.02338708,255,2,480,1480
8,0,26216.615,0.91356073,0.02338708,255,2,481,1481
8,0,25971.296,0.98912673,0.02338708,255,2,482,1482
8,0,26455.878,0.95252854,0.02338708,255,2,483,1483
8,0,26384.01,0.91693586,0.02338708,255,2,484,1484
8,0,26300.585,0.94698687,0.02338708,255,2,485,1485
8,0,26038.508,0.99997161,0.02338708,255,2,486,1486
8,0,26266.829,0.92538962,0.02338708,255,2,487,1487
8,0,25905.945,0.95737615,0.02338708,255,2,488,1488
8,0,26263.609,0.92867828,0.02338708,255,2,489,1489
8,0,26078.678,0.85841994,0.02338708,255,2,490,1490
8,0,26081.14,0.94854581,0.02338708,255,2,491,1491
8,0,25935.842,0.97247701,0.02338708,255,2,492,1492
8,0,25864.691,0.92785632,0.02338708,255,2,493,1493
8,0,26219.893,0.89523455,0.02338708,255,2,494,1494
8,0,26396.542,0.9497399,0.02338708,255,2,495,1495
8,0,26604.119,0.99833484,0.02338708,255,2,496,1496
8,0,26520.404,0.97452292,0.02338708,255,2,497,1497
8,0,26553.531,0.92671675,0.02338708,255,2,498,1498
8,0,26200.986,0.99397838,0.02338708,255,2,499,1499
8,0,26543.738,0.97669664,0.02338708,255,2,500,1500
8,0,26543.44,0.88929079,0.02338708,255,2,501,1501
8,0,27101.628,0.93155286,0.02338708,255,2,502,1502
8,0,27140.574,0.96943588,0.02338708,255,2,503,1503
8,0,26890.967,0.99451478,0.02338708,255,2,504,1504
8,0,26969.984,0.99019639,0.02338708,255,2,505,1505
8,0,26722.177,0.9978499,0.02338708,255,2,506,1506
8,0,26728.315,0.99196115,0.02338708,255,2,507,1507
8,0,26613.403,0.99403316,0.02338708,255,2,508,1508
8,0,26424.146,0.96580611,0.02338708,255,2,509,1509
8,0,26406.645,0.97397391,0.02338708,255,2,510,1510
8,0,26042.904,0.91246601,0.02338708,255,2,511,1511
8,0,26423.015,0.98750228,0.02338708,255,2,512,1512
8,0,26424.479,0.96370742,0.02338708,255,2,513,1513
8,0,26349.141,0.96891712,0.02338708,255,2,514,1514
8,0,26509.75,0.92238579,0.02338708,255,2,515,1515
8,0,26493.496,0.92845994,0.02338708,255,2,516,1516
8,0,26047.993,0.96691133,0.02338708,255,2,517,1517
8,0,26190.446,0.99224257,0.02338708,255,2,518,1518
8,0,26464.9,0.94695307,0.02338708,255,2,519,1519
8,0,26696.816,1,0.02338708,255,2,520,1520
8,0,26904,0.93457623,0.02338708,255,2,521,1521
8,0,26923.252,0.97705739,0.02338708,255,2,522,1522
8,0,26849.769,0.94990385,0.02338708,255,2,523,1523
8,0,26995.505,0.9344274,0.02338708,255,2,524,1524
8,0,26349.015,0.97658255,0.02338708,255,2,525,1525
8,0,26425.927,0.91157305,0.02338708,255,2,526,1526
8,0,26079.719,0.99574436,0.02338708,255,2,527,1527
8,0,26082.51,0.89461161,0.02338708,255,2,528,1528
8,0,26033.278,0.98680071,0.02338708,255,2,529,1529
8,0,26175.1,0.91094502,0.02338708,255,2,530,1530
8,0,26038.882,0.99895725,0.02338708,255,2,531,1531
8,0,25681.967,0.99980804,0.02338708,255,2,532,1532
8,0,25929.966,0.92567321,0.02338708,255,2,533,1533
8,0,25629.512,0.98088052,0.02338708,255,2,534,1534
8,0,26216.899,0.99935633,0.02338708,255,2,535,1535
8,0,26478.41,0.96042028,0.02338708,255,2,536,1536
8,0,26496.426,0.92214846,0.02338708,255,2,537,1537
8,0,26193.957,0.94493407,0.02338708,255,2,538,1538
8,0,26138.873,0.96769046,0.02338708,255,2,539,1539
8,0,26173.552,0.87141296,0.02338708,255,2,540,1540
8,0,26145.004,0.98599385,0.02338708,255,2,541,1541
8,0,26189.384,0.95918463,0.02338708,255,2,542,1542
8,0,25855.396,0.9990792,0.02338708,255,2,543,1543
8,0,25767.035,0.94616779,0.02338708,255,2,544,1544
8,0,25888.182,0.9579491,0.02338708,255,2,545,1545
8,0,25965.201,0.98894518,0.02338708,255,2,546,1546
8,0,26096.797,0.9413507,0.02338708,255,2,547,1547
8,0,26050.218,0.99977804,0.02338708,255,2,548,1548
8,0,26709.384,0.98415391,0.02338708,255,2,549,1549
8,0,26794.997,0.96918867,0.02338708,255,2,550,1550
8,0,26536.238,0.92883981,0.02338708,255,2,551,1551
8,0,26346.293,0.98757627,0.02338708,255,2,552,1552
8,0,26473.808,0.94804468,0.02338708,255,2,553,1553
8,0,26478.544,0.92650447,0.02338708,255,2,554,1554
8,0,26348.557,0.96379298,0.02338708,255,2,555,1555
8,0,26734.249,0.95083222,0.02338708,255,2,556,1556
8,0,26547.24,0.99322029,0.02338708,255,2,557,1557
8,0,26482.886,0.9621904,0.02338708,255,2,558,1558
8,0,26747.368,0.98926717,0.02338708,255,2,559,1559
8,0,26784.284,0.99310011,0.02338708,255,2,560,1560
8,0,27181.324,0.89833123,0.02338708,255,2,561,1561
8,0,27235.309,0.99977916,0.02338708,255,2,562,1562
8,0,27042.522,0.84437796,0.02338708,255,2,563,1563
8,0,27031.425,0.98534267,0.02338708,255,2,564,1564
8,0,26909.066,0.98601411,0.02338708,255,2,565,1565
8,0,26501.888,0.97885618,0.02338708,255,2,566,1566
8,0,26238.047,0.98792134,0.02338708,255,2,567,1567
8,0,26131.066,0.9527379,0.02338708,255,2,568,1568
8,0,26318.778,0.98978037,0.02338708,255,2,569,1569
8,0,26251.928,0.91037766,0.02338708,255,2,570,1570
8,0,26485.543,0.98788457,0.02338708,255,2,571,1571
8,0,26707.957,0.94292238,0.02338708,255,2,572,1572
8,0,26698.099,0.99122171,0.02338708,255,2,573,1573
8,0,26727.786,0.91840986,0.02338708,255,2,574,1574
8,0,26210.177,0.91048079,0.02338708,255,2,575,1575
8,0,26186.197,0.91972133,0.02338708,255,2,576,1576
8,0,26064.146,0.97531791,0.02338708,255,2,577,1577
8,0,26272.353,0.92886006,0.02338708,255,2,578,1578
8,0,26887.253,0.96170077,0.02338708,255,2,579,1579
8,0,27168.049,0.97569278,0.02338708,255,2,580,1580
8,0,27530.637,0.99064566,0.02338708,255,2,581,1581
8,0,27362.272,0.98745624,0.02338708,255,2,582,1582
8,0,27297.506,0.99488045,0.02338708,255,2,583,1583
8,0,27025.882,0.96554856,0.02338708,255,2,584,1584
8,0,26849.045,0.99939543,0.02338708,255,2,585,1585
8,0,27022.632,0.9985676,0.02338708,255,2,586,1586
8,0,27172.661,0.97617037,0.02338708,255,2,587,1587
8,0,27311.986,0.9041045,0.02338708,255,2,588,1588
8,0,27545.473,0.90260889,0.02338708,255,2,589,1589
8,0,27179.975,0.95807885,0.02338708,255,2,590,1590
8,0,26289.697,0.98824231,0.02338708,255,2,591,1591
8,0,26425.429,0.99650635,0.02338708,255,2,592,1592
8,0,26423.4,0.96676563,0.02338708,255,2,593,1593
8,0,26246.626,0.9695474,0.02338708,255,2,594,1594
8,0,26809.426,0.91967947,0.02338708,255,2,595,1595
8,0,26664.115,0.99908904,0.02338708,255,2,596,1596
8,0,26205.527,0.9875676,0.02338708,255,2,597,1597
8,0,26151.464,0.971643,0.02338708,255,2,598,1598
8,0,26078.303,0.88807501,0.02338708,255,2,599,1599
8,0,26270.893,0.95735006,0.02338708,255,2,600,1600
8,0,26683.765,0.97773878,0.02338708,255,2,601,1601
8,0,26744.278,0.97876772,0.02338708,255,2,602,1602
8,0,26014.858,0.97151614,0.02338708,255,2,603,1603
8,0,26247.79,0.94980872,0.02338708,255,2,604,1604
8,0,26594.788,0.97799266,0.02338708,255,2,605,1605
8,0,27102.458,0.82043079,0.02338708,255,2,606,1606
8,0,26373.492,0.96933772,0.02338708,255,2,607,1607
8,0,26254.495,0.96515801,0.02338708,255,2,608,1608
8,0,26065.557,0.99920023,0.02338708,255,2,609,1609
8,0,25946.311,0.98666628,0.02338708,255,2,610,1610
8,0,25822.56,0.84329302,0.02338708,255,2,611,1611
8,0,26263.008,0.99499466,0.02338708,255,2,612,1612
8,0,26400.426,0.99746575,0.02338708,255,2,613,1613
8,0,26207.374,0.88361461,0.02338708,255,2,614,1614
8,0,26120.167,0.99283126,0.02338708,255,2,615,1615
8,0,26217.865,0.95650949,0.02338708,255,2,616,1616
8,0,26207.272,0.95988337,0.02338708,255,2,617,1617
8,0,26184.169,0.98761317,0.02338708,255,2,618,1618
8,0,26187.317,0.99422878,0.02338708,255,2,619,1619
8,0,26171.321,0.99564426,0.02338708,255,2,620,1620
8,0,26193.224,0.92479293,0.02338708,255,2,621,1621
8,0,26277.352,0.97558323,0.02338708,255,2,622,1622
8,0,25931.744,0.97921255,0.02338708,255,2,623,1623
8,0,26192.647,0.8325918,0.02338708,255,2,624,1624
8,0,26317.771,0.99856998,0.02338708,255,2,625,1625
8,0,26106.115,0.98036018,0.02338708,255,2,626,1626
8,0,26136.293,0.98870168,0.02338708,255,2,627,1627
8,0,26040.441,0.9988384,0.02338708,255,2,628,1628
8,0,26123.777,0.98988381,0.02338708,255,2,629,1629
8,0,26092.991,0.9742022,0.02338708,255,2,630,1630
8,0,26146.423,0.97734467,0.02338708,255,2,631,1631
8,0,25946.948,0.99482766,0.02338708,255,2,632,1632
8,0,25922.783,0.97939139,0.02338708,255,2,633,1633
8,0,26680.863,0.97579929,0.02338708,255,2,634,1634
8,0,26383.797,0.97535374,0.02338708,255,2,635,1635
8,0,25996.715,0.98549457,0.02338708,255,2,636,1636
8,0,26085.948,0.99817723,0.02338708,255,2,637,1637
8,0,25996.052,0.88730066,0.02338708,255,2,638,1638
8,0,26573.001,0.98479021,0.02338708,255,2,639,1639
8,0,26408.362,0.96755313,0.02338708,255,2,640,1640
8,0,26636.586,0.9953765,0.02338708,255,2,641,1641
8,0,26215.625,0.86219123,0.02338708,255,2,642,1642
8,0,26265.715,0.97393442,0.02338708,255,2,643,1643
8,0,26561.046,0.99297418,0.02338708,255,2,644,1644
8,0,26429.92,0.95613802,0.02338708,255,2,645,1645
8,0,26387.141,0.98654072,0.02338708,255,2,646,1646
8,0,26608.256,0.8838423,0.02338708,255,2,647,1647
8,0,26398.139,0.97435796,0.02338708,255,2,648,1648
8,0,26267.174,0.97100763,0.02338708,255,2,649,1649
8,0,26429.11,0.92013424,0.02338708,255,2,650,1650
8,0,26003.533,0.98617015,0.02338708,255,2,651,1651
8,0,26579.02,0.96395801,0.02338708,255,2,652,1652
8,0,26054.101,0.958847,0.02338708,255,2,653,1653
8,0,25924.452,0.92588409,0.02338708,255,2,654,1654
8,0,25831.682,0.93966227,0.02338708,255,2,655,1655
8,0,25816.087,0.83717368,0.02338708,255,2,656,1656
8,0,26367.184,0.99536554,0.02338708,255,2,657,1657
8,0,26383.335,0.94440873,0.02338708,255,2,658,1658
8,0,26317.604,0.99509289,0.02338708,255,2,659,1659
8,0,27003.731,0.98346372,0.02338708,255,2,660,1660
8,0,26924.371,0.97246526,0.02338708,255,2,661,1661
8,0,26510.137,0.97974899,0.02338708,255,2,662,1662
8,0,26302.403,0.97053122,0.02338708,255,2,663,1663
8,0,26747.942,0.85469291,0.02338708,255,2,664,1664
8,0,26528.623,0.99837438,0.02338708,255,2,665,1665
8,0,26254.371,0.96790937,0.02338708,255,2,666,1666
8,0,26502.231,0.9740633,0.02338708,255,2,667,1667
8,0,26549.628,0.99849623,0.02338708,255,2,668,1668
8,0,26525.854,0.98546175,0.02338708,255,2,669,1669
8,0,26524.35,0.92902423,0.02338708,255,2,670,1670
8,0,26562.952,0.99760025,0.02338708,255,2,671,1671
8,0,27111.272,0.95758678,0.02338708,255,2,672,1672
8,0,26857.413,0.9953248,0.02338708,255,2,673,1673
8,0,27029.885,0.87866411,0.02338708,255,2,674,1674
8,0,26524.76,0.99270202,0.02338708,255,2,675,1675
8,0,25966.841,0.90886501,0.02338708,255,2,676,1676
8,0,25658.404,0.99940056,0.02338708,255,2,677,1677
8,0,26108.994,0.93445424,0.02338708,255,2,678,1678
8,0,25944.899,0.97189406,0.02338708,255,2,679,1679
8,0,25945.138,0.95471997,0.02338708,255,2,680,1680
8,0,26185.978,0.92592272,0.02338708,255,2,681,1681
8,0,26420.307,0.96299356,0.02338708,255,2,682,1682
8,0,26501.23,0.91983037,0.02338708,255,2,683,1683
8,0,26052.166,0.93031461,0.02338708,255,2,684,1684
8,0,26046.549,0.99485006,0.02338708,255,2,685,1685
8,0,25845.281,0.95296289,0.02338708,255,2,686,1686
8,0,25889.221,0.99553362,0.02338708,255,2,687,1687
8,0,26103.431,0.97836258,0.02338708,255,2,688,1688
8,0,26408.818,0.97662721,0.02338708,255,2,689,1689
8,0,26379.194,0.95518479,0.02338708,255,2,690,1690
8,0,25842.759,0.85976448,0.02338708,255,2,691,1691
8,0,25831.871,0.89753534,0.02338708,255,2,692,1692
8,0,25779.428,0.95804753,0.02338708,255,2,693,1693
8,0,26013.596,0.97571085,0.02338708,255,2,694,1694
8,0,26254.067,0.93310018,0.02338708,255,2,695,1695
8,0,26449.883,0.99239046,0.02338708,255,2,696,1696
8,0,26522.348,0.98831275,0.02338708,255,2,697,1697
8,0,26553.373,0.99119773,0.02338708,255,2,698,1698
8,0,26531.356,0.94874303,0.02338708,255,2,699,1699
8,0,26469.074,0.97909843,0.02338708,255,2,700,1700
8,0,26716.674,0.79291627,0.02338708,255,2,701,1701
8,0,26111.411,0.98288317,0.02338708,255,2,702,1702
8,0,26308.035,0.99312179,0.02338708,255,2,703,1703
8,0,26412.345,0.94738588,0.02338708,255,2,704,1704
8,0,26240.82,0.99320272,0.02338708,255,2,705,1705
8,0,25880.785,0.97987721,0.02338708,255,2,706,1706
8,0,25970.682,0.84610694,0.02338708,255,2,707,1707
8,0,26093.142,0.95281676,0.02338708,255,2,708,1708
8,0,26282.641,0.88771488,0.02338708,255,2,709,1709
8,0,26553.968,0.95143318,0.02338708,255,2,710,1710
8,0,27017.512,0.97477595,0.02338708,255,2,711,1711
8,0,26836.868,0.90021968,0.02338708,255,2,712,1712
8,0,26370.218,0.99358542,0.02338708,255,2,713,1713
8,0,26702.487,0.98866764,0.02338708,255,2,714,1714
8,0,26454.275,0.99622024,0.02338708,255,2,715,1715
8,0,26448.111,0.97821419,0.02338708,255,2,716,1716
8,0,26588.948,0.8853273,0.02338708,255,2,717,1717
8,0,26216.133,0.98834992,0.02338708,255,2,718,1718
8,0,26101.758,0.85593085,0.02338708,255,2,719,1719
8,0,26663.731,0.92778033,0.02338708,255,2,720,1720
8,0,27053.145,0.88041886,0.02338708,255,2,721,1721
8,0,26400.069,0.99446557,0.02338708,255,2,722,1722
8,0,26296.015,0.85602157,0.02338708,255,2,723,1723
8,0,26596.559,0.91990975,0.02338708,255,2,724,1724
8,0,27061.48,0.98350017,0.02338708,255,2,725,1725
8,0,27041.028,0.9994492,0.02338708,255,2,726,1726
8,0,27091.763,0.96386708,0.02338708,255,2,727,1727
8,0,26923.976,0.93625454,0.02338708,255,2,728,1728
8,0,27039.583,0.97428254,0.02338708,255,2,729,1729
8,0,27127.179,0.94517157,0.02338708,255,2,730,1730
8,0,27167.933,0.96473905,0.02338708,255,2,731,1731
8,0,26455.64,0.93189755,0.02338708,255,2,732,1732
8,0,26446.284,0.96448646,0.02338708,255,2,733,1733
8,0,25722.989,0.97770582,0.02338708,255,2,734,1734
8,0,25695.259,0.87610436,0.02338708,255,2,735,1735
8,0,26210.514,0.88271367,0.02338708,255,2,736,1736
8,0,26267.763,0.99435358,0.02338708,255,2,737,1737
8,0,26053.543,0.94948921,0.02338708,255,2,738,1738
8,0,26476.446,0.96505015,0.02338708,255,2,739,1739
8,0,26709.993,0.89233738,0.02338708,255,2,740,1740
8,0,26395.894,0.77399837,0.02338708,255,2,741,1741
8,0,25841.595,0.99828324,0.02338708,255,2,742,1742
8,0,25871.283,0.88298574,0.02338708,255,2,743,1743
8,0,25948.846,0.96320222,0.02338708,255,2,744,1744
8,0,26695.262,0.96039375,0.02338708,255,2,745,1745
8,0,26774.3,0.86622048,0.02338708,255,2,746,1746
8,0,26685.897,0.94930122,0.02338708,255,2,747,1747
8,0,26853.448,0.99058192,0.02338708,255,2,748,1748
8,0,26859.713,0.93255039,0.02338708,255,2,749,1749
8,0,27176.281,0.97665816,0.02338708,255,2,750,1750
8,0,27061.251,0.88514632,0.02338708,255,2,751,1751
8,0,26773.444,0.99299279,0.02338708,255,2,752,1752
8,0,26682.256,0.95833369,0.02338708,255,2,753,1753
8,0,27003.811,0.99789152,0.02338708,255,2,754,1754
8,0,26330.617,0.91082733,0.02338708,255,2,755,1755
8,0,26738.785,0.95418054,0.02338708,255,2,756,1756
8,0,27028.762,0.99397575,0.02338708,255,2,757,1757
8,0,27459.784,0.96903342,0.02338708,255,2,758,1758
8,0,27135.767,0.93037318,0.02338708,255,2,759,1759
8,0,26918.425,0.93676641,0.02338708,255,2,760,1760
8,0,27072.49,0.92806272,0.02338708,255,2,761,1761
8,0,26874.763,0.99969575,0.02338708,255,2,762,1762
8,0,26179.02,0.99906009,0.02338708,255,2,763,1763
8,0,26739.711,0.96879447,0.02338708,255,2,764,1764
8,0,26995.747,0.97578014,0.02338708,255,2,765,1765
8,0,26488.34,0.98069707,0.02338708,255,2,766,1766
8,0,26163.197,0.98111534,0.02338708,255,2,767,1767
8,0,25984.018,0.90228738,0.02338708,255,2,768,1768
8,0,26031.752,0.95588045,0.02338708,255,2,769,1769
8,0,25882.218,0.96747729,0.02338708,255,2,770,1770
8,0,26785.828,0.8784448,0.02338708,255,2,771,1771
8,0,26794.39,0.99973677,0.02338708,255,2,772,1772
8,0,27141.378,0.99574775,0.02338708,255,2,773,1773
8,0,26609.352,0.99992782,0.02338708,255,2,774,1774
8,0,26494.542,0.94956346,0.02338708,255,2,775,1775
8,0,26607.367,0.91649058,0.02338708,255,2,776,1776
8,0,26328.61,0.97130324,0.02338708,255,2,777,1777
8,0,26203.612,0.98313595,0.02338708,255,2,778,1778
8,0,26619.172,0.9822134,0.02338708,255,2,779,1779
8,0,26430.619,0.98980352,0.02338708,255,2,780,1780
8,0,26472.15,0.98582435,0.02338708,255,2,781,1781
8,0,26288.613,0.99337919,0.02338708,255,2,782,1782
8,0,26234.676,0.98225762,0.02338708,255,2,783,1783
8,0,26457.968,0.99865775,0.02338708,255,2,784,1784
8,0,26439.592,0.85075502,0.02338708,255,2,785,1785
8,0,26565.422,0.98807385,0.02338708,255,2,786,1786
8,0,26603.634,0.85451916000000006,0.02338708,255,2,787,1787
8,0,27023.324,0.94043438,0.02338708,255,2,788,1788
8,0,26830.8,0.97623978,0.02338708,255,2,789,1789
8,0,26792.239,0.99539576,0.02338708,255,2,790,1790
8,0,26004.08,0.97575818,0.02338708,255,2,791,1791
8,0,26377.626,0.9821711,0.02338708,255,2,792,1792
8,0,26295.704,0.98246819,0.02338708,255,2,793,1793
8,0,26622.685,0.99559024,0.02338708,255,2,794,1794
8,0,26736.604,0.93878946,0.02338708,255,2,795,1795
8,0,26623.631,0.98175195,0.02338708,255,2,796,1796
8,0,26471.731,0.99353462,0.02338708,255,2,797,1797
8,0,26652.427,0.98501721,0.02338708,255,2,798,1798
8,0,26683.704,0.98697399,0.02338708,255,2,799,1799
8,0,26147.745,0.96985369,0.02338708,255,2,800,1800
8,0,26564.25,0.99420265,0.02338708,255,2,801,1801
8,0,26414.232,0.99437723,0.02338708,255,2,802,1802
8,0,26374.818,0.89708184,0.02338708,255,2,803,1803
8,0,26880.461,0.80695416,0.02338708,255,2,804,1804
8,0,26554.355,0.99173855,0.02338708,255,2,805,1805
8,0,26740.046,0.82549914,0.02338708,255,2,806,1806
8,0,26431.897,0.98486609,0.02338708,255,2,807,1807
8,0,26352.156,0.98332426,0.02338708,255,2,808,1808
8,0,26243.679,0.97611599,0.02338708,255,2,809,1809
8,0,26079.452,0.98369468,0.02338708,255,2,810,1810
8,0,26463.515,0.94180982,0.02338708,255,2,811,1811
8,0,26675.316,0.9616662,0.02338708,255,2,812,1812
8,0,26466.869,0.99355444,0.02338708,255,2,813,1813
8,0,26825.356,0.94431416,0.02338708,255,2,814,1814
8,0,26593.422,0.96319202,0.02338708,255,2,815,1815
8,0,26855.94,0.9298115,0.02338708,255,2,816,1816
8,0,26754.209,0.8766777,0.02338708,255,2,817,1817
8,0,26750.74,0.99843344,0.02338708,255,2,818,1818
8,0,26854.164,0.99179328,0.02338708,255,2,819,1819
8,0,26772.831,0.86749422,0.02338708,255,2,820,1820
8,0,26715.815,0.92418056,0.02338708,255,2,821,1821
8,0,26777.956,0.94388389,0.02338708,255,2,822,1822
8,0,26624.039,0.99547945,0.02338708,255,2,823,1823
8,0,26205.815,0.98767382,0.02338708,255,2,824,1824
8,0,26246.154,0.96358181,0.02338708,255,2,825,1825
8,0,26579.29,0.89109926,0.02338708,255,2,826,1826
8,0,26683.381,0.99776005,0.02338708,255,2,827,1827
8,0,26749.724,0.82783159,0.02338708,255,2,828,1828
8,0,27154.542,0.98198987,0.02338708,255,2,829,1829
8,0,26716.587,0.99858701,0.02338708,255,2,830,1830
8,0,26543.138,0.95092324,0.02338708,255,2,831,1831
8,0,26517.668,0.99072938,0.02338708,255,2,832,1832
8,0,25995.544,0.99168644,0.02338708,255,2,833,1833
8,0,26016.299,0.99841548,0.02338708,255,2,834,1834
8,0,26734.116,0.85213424,0.02338708,255,2,835,1835
8,0,26499.142,0.99002073,0.02338708,255,2,836,1836
8,0,26535.971,0.99455898,0.02338708,255,2,837,1837
8,0,26924.104,0.95260975,0.02338708,255,2,838,1838
8,0,26823.833,0.98499045,0.02338708,255,2,839,1839
8,0,26598.44,0.96016539,0.02338708,255,2,840,1840
8,0,26530.813,0.96956181,0.02338708,255,2,841,1841
8,0,26371.132,0.97498985,0.02338708,255,2,842,1842
8,0,26220.972,0.9879385,0.02338708,255,2,843,1843
8,0,26262.002,0.92638862,0.02338708,255,2,844,1844
8,0,26235.252,0.96013404,0.02338708,255,2,845,1845
8,0,26126.252,0.99301485,0.02338708,255,2,846,1846
8,0,26127.238,0.99505405,0.02338708,255,2,847,1847
8,0,26119.941,0.84347432,0.02338708,255,2,848,1848
8,0,25945.41,0.87260519,0.02338708,255,2,849,1849
8,0,26097.989,0.9669122,0.02338708,255,2,850,1850
8,0,25887.781,0.96442349,0.02338708,255,2,851,1851
8,0,26682.887,0.95513683,0.02338708,255,2,852,1852
8,0,26592.716,0.99261313,0.02338708,255,2,853,1853
8,0,26592.434,0.96146828,0.02338708,255,2,854,1854
8,0,26374.144,0.99819209,0.02338708,255,2,855,1855
8,0,26275.507,0.93657796,0.02338708,255,2,856,1856
8,0,25964.457,0.98321597,0.02338708,255,2,857,1857
8,0,26347.314,0.89616599,0.02338708,255,2,858,1858
8,0,26479.235,0.97952704,0.02338708,255,2,859,1859
8,0,26247.214,0.86303661,0.02338708,255,2,860,1860
8,0,26767.676,0.98067868,0.02338708,255,2,861,1861
8,0,26681.536,0.93450922,0.02338708,255,2,862,1862
8,0,27122.136,0.9816749,0.02338708,255,2,863,1863
8,0,26769.519,0.99655092,0.02338708,255,2,864,1864
8,0,26804.264,0.9995513,0.02338708,255,2,865,1865
8,0,26552.982,0.99690897,0.02338708,255,2,866,1866
8,0,26645.394,0.98682709,0.02338708,255,2,867,1867
8,0,26655.699,0.96778224,0.02338708,255,2,868,1868
8,0,26298.643,0.99338595,0.02338708,255,2,869,1869
8,0,26913.955,0.98475579,0.02338708,255,2,870,1870
8,0,26713.181,0.99752061,0.02338708,255,2,871,1871
8,0,26623.327,0.98657206,0.02338708,255,2,872,1872
8,0,26744.803,0.91256755,0.02338708,255,2,873,1873
8,0,26424.35,0.99426579,0.02338708,255,2,874,1874
8,0,26508.81,0.84733603,0.02338708,255,2,875,1875
8,0,26611.993,0.93962166,0.02338708,255,2,876,1876
8,0,26735.703,0.97316534,0.02338708,255,2,877,1877
8,0,26913.399,0.87670705,0.02338708,255,2,878,1878
8,0,27420.574,0.99480419,0.02338708,255,2,879,1879
8,0,26820.9,0.98912282,0.02338708,255,2,880,1880
8,0,26217.334,0.97542054,0.02338708,255,2,881,1881
8,0,26009.923,0.94964695,0.02338708,255,2,882,1882
8,0,26590.685,0.98908079,0.02338708,255,2,883,1883
8,0,26768.481,0.96575341,0.02338708,255,2,884,1884
8,0,26314.583,0.98141114,0.02338708,255,2,885,1885
8,0,26528.467,0.95321936,0.02338708,255,2,886,1886
8,0,26501.412,0.80397976,0.02338708,255,2,887,1887
8,0,26221.467,0.98502908,0.02338708,255,2,888,1888
8,0,26186.52,0.99772494,0.02338708,255,2,889,1889
8,0,26148.782,0.91098423,0.02338708,255,2,890,1890
8,0,25972.301,0.84707779,0.02338708,255,2,891,1891
8,0,26447.069,0.95429837,0.02338708,255,2,892,1892
8,0,26075.294,0.93646161000000006,0.02338708,255,2,893,1893
8,0,25971.847,0.99852702,0.02338708,255,2,894,1894
8,0,26228.059,0.87505209,0.02338708,255,2,895,1895
8,0,26583.964,0.99592678,0.02338708,255,2,896,1896
8,0,26411.659,0.99594665,0.02338708,255,2,897,1897
8,0,26284.789,0.97509973,0.02338708,255,2,898,1898
8,0,26350.144,0.99314169,0.02338708,255,2,899,1899
8,0,25981.752,0.99949068,0.02338708,255,2,900,1900
8,0,25658.745,0.94986667,0.02338708,255,2,901,1901
8,0,25883.516,0.92546889,0.02338708,255,2,902,1902
8,0,26533.074,0.89172973,0.02338708,255,2,903,1903
8,0,26575.253,0.99945855,0.02338708,255,2,904,1904
8,0,26756.697,0.98387998,0.02338708,255,2,905,1905
8,0,26445.418,0.98671338,0.02338708,255,2,906,1906
8,0,26251.435,0.97257423,0.02338708,255,2,907,1907
8,0,25842.531,0.85576372,0.02338708,255,2,908,1908
8,0,26090.426,0.98061054,0.02338708,255,2,909,1909
8,0,26145.823,0.86798898,0.02338708,255,2,910,1910
8,0,26524.119,0.99696408,0.02338708,255,2,911,1911
8,0,26268.239,0.99787851,0.02338708,255,2,912,1912
8,0,26042.361,0.99318134,0.02338708,255,2,913,1913
8,0,25697.088,0.91483323,0.02338708,255,2,914,1914
8,0,25848.861,0.91962719,0.02338708,255,2,915,1915
8,0,25824.383,0.94284903,0.02338708,255,2,916,1916
8,0,26173.251,0.95464225,0.02338708,255,2,917,1917
8,0,26042.885,0.92902151,0.02338708,255,2,918,1918
8,0,26199.403,0.99959011,0.02338708,255,2,919,1919
8,0,25740.087,0.98940703,0.02338708,255,2,920,1920
8,0,26306.595,0.87368894,0.02338708,255,2,921,1921
8,0,26566.213,0.99822055,0.02338708,255,2,922,1922
8,0,26493.332,0.87664084,0.02338708,255,2,923,1923
8,0,26394.023,0.95381533,0.02338708,255,2,924,1924
8,0,26420.542,0.96711796,0.02338708,255,2,925,1925
8,0,26250.413,0.98765518,0.02338708,255,2,926,1926
8,0,26189.582,0.97129263,0.02338708,255,2,927,1927
8,0,26557.185,0.96912864,0.02338708,255,2,928,1928
8,0,25816.537,0.92130679,0.02338708,255,2,929,1929
8,0,25988.314,0.97866571,0.02338708,255,2,930,1930
8,0,25642.438,0.94268482,0.02338708,255,2,931,1931
8,0,25792.043,0.98344429,0.02338708,255,2,932,1932
8,0,25681.813,0.91634637,0.02338708,255,2,933,1933
8,0,26201.414,0.96710987,0.02338708,255,2,934,1934
8,0,26287.331,0.97022749,0.02338708,255,2,935,1935
8,0,26207.708,0.89078468,0.02338708,255,2,936,1936
8,0,26445.864,0.90659921,0.02338708,255,2,937,1937
8,0,26162.94,0.99759506,0.02338708,255,2,938,1938
8,0,26097.02,0.98832289,0.02338708,255,2,939,1939
8,0,26003.333,0.9994686,0.02338708,255,2,940,1940
8,0,26422.817,0.99948222,0.02338708,255,2,941,1941
8,0,26629.246,0.96082824,0.02338708,255,2,942,1942
8,0,26596.052,0.90481878,0.02338708,255,2,943,1943
8,0,26857.818,0.96628506,0.02338708,255,2,944,1944
8,0,26979.7,0.98002843,0.02338708,255,2,945,1945
8,0,26984.831,0.9999244,0.02338708,255,2,946,1946
8,0,26631.34,0.98866916,0.02338708,255,2,947,1947
8,0,26515.489,0.92093921,0.02338708,255,2,948,1948
8,0,26514.481,0.94074756,0.02338708,255,2,949,1949
8,0,26178.103,0.9892046,0.02338708,255,2,950,1950
8,0,26306.545,0.95385469,0.02338708,255,2,951,1951
8,0,26151.888,0.86820858,0.02338708,255,2,952,1952
8,0,26356.3,0.98323187,0.02338708,255,2,953,1953
8,0,26597.951,0.99994417,0.02338708,255,2,954,1954
8,0,26633.702,0.9445566,0.02338708,255,2,955,1955
8,0,26653.319,0.96642066,0.02338708,255,2,956,1956
8,0,26410.749,0.98581762,0.02338708,255,2,957,1957
8,0,26251.068,0.98492874,0.02338708,255,2,958,1958
8,0,26120.76,0.9990646,0.02338708,255,2,959,1959
8,0,26275.285,0.97809849,0.02338708,255,2,960,1960
8,0,26252.018,0.90906674,0.02338708,255,2,961,1961
8,0,26161.112,0.99081613,0.02338708,255,2,962,1962
8,0,26953.17,0.96561383,0.02338708,255,2,963,1963
8,0,26636.59,0.96697423,0.02338708,255,2,964,1964
8,0,26385.284,0.94609859,0.02338708,255,2,965,1965
8,0,26140.469,0.97695118,0.02338708,255,2,966,1966
8,0,25894.925,0.96159511,0.02338708,255,2,967,1967
8,0,26409.779,0.96267799,0.02338708,255,2,968,1968
8,0,26278.804,0.83136089,0.02338708,255,2,969,1969
8,0,25933.346,0.9968121,0.02338708,255,2,970,1970
8,0,26204.808,0.95640843,0.02338708,255,2,971,1971
8,0,25835.705,0.99252209,0.02338708,255,2,972,1972
8,0,26012.736,0.85643003,0.02338708,255,2,973,1973
8,0,25583.224,0.99634571,0.02338708,255,2,974,1974
8,0,25939.528,0.88204777,0.02338708,255,2,975,1975
8,0,26230.879,0.99138055,0.02338708,255,2,976,1976
8,0,25854.337,0.95033088,0.02338708,255,2,977,1977
8,0,25579.795,0.97884845,0.02338708,255,2,978,1978
8,0,25922.058,0.90586809,0.02338708,255,2,979,1979
8,0,26655.832,0.94000104,0.02338708,255,2,980,1980
8,0,26659.966,0.90119285,0.02338708,255,2,981,1981
8,0,26443.206,0.92639838,0.02338708,255,2,982,1982
8,0,27137.325,0.91498077,0.02338708,255,2,983,1983
8,0,27609.17,0.99921244,0.02338708,255,2,984,1984
8,0,27355.014,0.9874288,0.02338708,255,2,985,1985
8,0,27167.274,0.9754785,0.02338708,255,2,986,1986
8,0,27503.359,0.90209728,0.02338708,255,2,987,1987
8,0,27394.612,0.9980831,0.02338708,255,2,988,1988
8,0,27150.783,0.99667276,0.02338708,255,2,989,1989
8,0,26924.179,0.9925048,0.02338708,255,2,990,1990
8,0,26568.181,0.96092278,0.02338708,255,2,991,1991
8,0,26875.759,0.97564113,0.02338708,255,2,992,1992
8,0,27312.463,0.94440956,0.02338708,255,2,993,1993
8,0,27103.667,0.98320417,0.02338708,255,2,994,1994
8,0,26939.822,0.98665434,0.02338708,255,2,995,1995
8,0,26861.478,0.94243602,0.02338708,255,2,996,1996
8,0,27106.846,0.99364012,0.02338708,255,2,997,1997
8,0,27013.114,0.88111246,0.02338708,255,2,998,1998
8,0,26858.521,0.97035324,0.02338708,255,2,999,1999
8,0,26799.467,0.99555655,0.02338708,255,2,1000,2000
8,0,26025.533,0.96378144,0.023424638,255,3,1,2001
8,0,26255.679,0.99219688,0.023424638,255,3,2,2002
8,0,26120.051,0.98407116,0.023424638,255,3,3,2003
8,0,25941.438,0.89000645,0.023424638,255,3,4,2004
8,0,25960.19,0.9979074,0.023424638,255,3,5,2005
8,0,26224.153,0.9825391,0.023424638,255,3,6,2006
8,0,26519.171,0.9260864,0.023424638,255,3,7,2007
8,0,26425.287,0.97961345,0.023424638,255,3,8,2008
8,0,26187.12,0.96828312,0.023424638,255,3,9,2009
8,0,26187.904,0.9839518,0.023424638,255,3,10,2010
8,0,26519.158,0.94936999,0.023424638,255,3,11,2011
8,0,26194.213,0.90942328,0.023424638,255,3,12,2012
8,0,26543.991,0.98324676,0.023424638,255,3,13,2013
8,0,26670.633,0.82890698,0.023424638,255,3,14,2014
8,0,27095.262,0.96789896,0.023424638,255,3,15,2015
8,0,26805.548,0.9336368,0.023424638,255,3,16,2016
8,0,26800.831,0.99558228,0.023424638,255,3,17,2017
8,0,26849.934,0.98979791,0.023424638,255,3,18,2018
8,0,26831.245,0.99839515,0.023424638,255,3,19,2019
8,0,26741.242,0.9916597,0.023424638,255,3,20,2020
8,0,26928.641,0.95321821,0.023424638,255,3,21,2021
8,0,26613.813,0.99148042,0.023424638,255,3,22,2022
8,0,26080.839,0.97612123,0.023424638,255,3,23,2023
8,0,26483.421,0.98787278,0.023424638,255,3,24,2024
8,0,26318.459,0.99726956,0.023424638,255,3,25,2025
8,0,26719.033,0.98986921,0.023424638,255,3,26,2026
8,0,26932.731,0.98950873,0.023424638,255,3,27,2027
8,0,26510.863,0.98934764,0.023424638,255,3,28,2028
8,0,26166.181,0.99398558,0.023424638,255,3,29,2029
8,0,25781.819,0.99685131,0.023424638,255,3,30,2030
8,0,26098.259,0.96201523,0.023424638,255,3,31,2031
8,0,26040.818,0.99979905,0.023424638,255,3,32,2032
8,0,26166.838,0.84732204,0.023424638,255,3,33,2033
8,0,26258.27,0.93121934,0.023424638,255,3,34,2034
8,0,26645.374,0.91952463,0.023424638,255,3,35,2035
8,0,26542.125,0.98587955,0.023424638,255,3,36,2036
8,0,26322.036,0.9815716,0.023424638,255,3,37,2037
8,0,26271.548,0.96355791,0.023424638,255,3,38,2038
8,0,26349.469,0.96528129,0.023424638,255,3,39,2039
8,0,26749.272,0.93081286,0.023424638,255,3,40,2040
8,0,26804.92,0.98812069,0.023424638,255,3,41,2041
8,0,26302.564,0.99885829,0.023424638,255,3,42,2042
8,0,26351.945,0.93444503,0.023424638,255,3,43,2043
8,0,26125.932,0.99034908,0.023424638,255,3,44,2044
8,0,26228.733,0.95021314,0.023424638,255,3,45,2045
8,0,26528.936,0.98729485,0.023424638,255,3,46,2046
8,0,26586.598,0.98973914,0.023424638,255,3,47,2047
8,0,26812.487,0.94249047,0.023424638,255,3,48,2048
8,0,27233.211,0.95447091,0.023424638,255,3,49,2049
8,0,27013.589,0.99325367,0.023424638,255,3,50,2050
8,0,27231.979,0.96788964,0.023424638,255,3,51,2051
8,0,26817.963,0.98194848,0.023424638,255,3,52,2052
8,0,26827.026,0.9680944,0.023424638,255,3,53,2053
8,0,26061.926,0.99671242,0.023424638,255,3,54,2054
8,0,26117.374,0.98048378,0.023424638,255,3,55,2055
8,0,25946.769,0.95230145,0.023424638,255,3,56,2056
8,0,26448.942,0.97996003,0.023424638,255,3,57,2057
8,0,26649.961,0.99456404,0.023424638,255,3,58,2058
8,0,26176.847,0.9717529,0.023424638,255,3,59,2059
8,0,26570.34,0.95786023,0.023424638,255,3,60,2060
8,0,26263.7,0.98405814,0.023424638,255,3,61,2061
8,0,26329.893,0.97170502,0.023424638,255,3,62,2062
8,0,26131.379,0.99689549,0.023424638,255,3,63,2063
8,0,26514.053,0.9587266,0.023424638,255,3,64,2064
8,0,26428.013,0.90787711,0.023424638,255,3,65,2065
8,0,26481.439,0.98070544,0.023424638,255,3,66,2066
8,0,26280.331,0.99573457,0.023424638,255,3,67,2067
8,0,26544.232,0.98803656,0.023424638,255,3,68,2068
8,0,26482.992,0.99173668,0.023424638,255,3,69,2069
8,0,26494.355,0.98695264,0.023424638,255,3,70,2070
8,0,26426.23,0.99785791,0.023424638,255,3,71,2071
8,0,26311.641,0.94078198,0.023424638,255,3,72,2072
8,0,26144.074,0.99244123,0.023424638,255,3,73,2073
8,0,26078.758,0.99808207,0.023424638,255,3,74,2074
8,0,25635.214,0.95658478,0.023424638,255,3,75,2075
8,0,25677.458,0.99673456,0.023424638,255,3,76,2076
8,0,25461.009,0.95195837,0.023424638,255,3,77,2077
8,0,25713.318,0.9514603,0.023424638,255,3,78,2078
8,0,26655.291,0.82548671,0.023424638,255,3,79,2079
8,0,26390.016,0.93423613,0.023424638,255,3,80,2080
8,0,25924.849,0.99903539,0.023424638,255,3,81,2081
8,0,25537.507,0.94847883,0.023424638,255,3,82,2082
8,0,25602.544,0.99338301,0.023424638,255,3,83,2083
8,0,25479.916,0.94521211,0.023424638,255,3,84,2084
8,0,26010.618,0.92922944,0.023424638,255,3,85,2085
8,0,26221.972,0.99181704,0.023424638,255,3,86,2086
8,0,26408.823,0.97772665,0.023424638,255,3,87,2087
8,0,26388.752,0.95925372,0.023424638,255,3,88,2088
8,0,26222.965,0.99413699,0.023424638,255,3,89,2089
8,0,25720.774,0.96810439,0.023424638,255,3,90,2090
8,0,25663.101,0.97990446,0.023424638,255,3,91,2091
8,0,25969.804,0.95959178999999994,0.023424638,255,3,92,2092
8,0,26512.964,0.93290925,0.023424638,255,3,93,2093
8,0,26283.257,0.99979244,0.023424638,255,3,94,2094
8,0,26819.042,0.90233611,0.023424638,255,3,95,2095
8,0,26628.54,0.99697416,0.023424638,255,3,96,2096
8,0,26235.38,0.99381283,0.023424638,255,3,97,2097
8,0,26068.154,0.81642473,0.023424638,255,3,98,2098
8,0,26481.795,0.97426901,0.023424638,255,3,99,2099
8,0,26528.02,0.98686433,0.023424638,255,3,100,2100
8,0,26838.672,0.91703951,0.023424638,255,3,101,2101
8,0,27067.803,0.98943761,0.023424638,255,3,102,2102
8,0,27009.161,0.99990054,0.023424638,255,3,103,2103
8,0,26835.794,0.98818992,0.023424638,255,3,104,2104
8,0,26847.331,0.97316807,0.023424638,255,3,105,2105
8,0,26711.068,0.9690857,0.023424638,255,3,106,2106
8,0,26345.358,0.9815942,0.023424638,255,3,107,2107
8,0,26087.025,0.94018076,0.023424638,255,3,108,2108
8,0,26016.688,0.99171273,0.023424638,255,3,109,2109
8,0,26524.595,0.9683149,0.023424638,255,3,110,2110
8,0,26337.872,0.93155417,0.023424638,255,3,111,2111
8,0,26513.379,0.88420308,0.023424638,255,3,112,2112
8,0,25806.601,0.97391102,0.023424638,255,3,113,2113
8,0,26082.03,0.95713007,0.023424638,255,3,114,2114
8,0,26275.725,0.95230791,0.023424638,255,3,115,2115
8,0,26162.929,0.90094258,0.023424638,255,3,116,2116
8,0,26486.438,0.95937559,0.023424638,255,3,117,2117
8,0,26015.124,0.99978711,0.023424638,255,3,118,2118
8,0,25898.412,0.94741035,0.023424638,255,3,119,2119
8,0,26402.969,0.96899154,0.023424638,255,3,120,2120
8,0,26238.859,0.97028488,0.023424638,255,3,121,2121
8,0,26203.577,0.96158475,0.023424638,255,3,122,2122
8,0,26579.839,0.89375667,0.023424638,255,3,123,2123
8,0,26884.82,0.90660472,0.023424638,255,3,124,2124
8,0,26370.614,0.88456929,0.023424638,255,3,125,2125
8,0,26095.16,0.94428905,0.023424638,255,3,126,2126
8,0,26000.941,0.95665515,0.023424638,255,3,127,2127
8,0,26366.718,0.99544825,0.023424638,255,3,128,2128
8,0,26038.375,0.99173304,0.023424638,255,3,129,2129
8,0,26349.271,0.89648618,0.023424638,255,3,130,2130
8,0,26632.967,0.98760987,0.023424638,255,3,131,2131
8,0,26799.692,0.99940817,0.023424638,255,3,132,2132
8,0,26559.37,0.99914391,0.023424638,255,3,133,2133
8,0,26563.613,0.98714789,0.023424638,255,3,134,2134
8,0,26496.917,0.98116015,0.023424638,255,3,135,2135
8,0,26739.303,0.93077046,0.023424638,255,3,136,2136
8,0,26116.378,0.99147849,0.023424638,255,3,137,2137
8,0,26591.267,0.92553207,0.023424638,255,3,138,2138
8,0,26388.978,0.92617268,0.023424638,255,3,139,2139
8,0,26408.436,0.99217099,0.023424638,255,3,140,2140
8,0,26530.939,0.77694881,0.023424638,255,3,141,2141
8,0,26881.614,0.84392781,0.023424638,255,3,142,2142
8,0,26863.586,0.98361222,0.023424638,255,3,143,2143
8,0,26362.894,0.92959167,0.023424638,255,3,144,2144
8,0,26409.317,0.91804737,0.023424638,255,3,145,2145
8,0,26662.994,0.98840726,0.023424638,255,3,146,2146
8,0,26948.395,0.92981085,0.023424638,255,3,147,2147
8,0,26446.141,0.99855209,0.023424638,255,3,148,2148
8,0,26037.785,0.95833177,0.023424638,255,3,149,2149
8,0,25893.967,0.96989332,0.023424638,255,3,150,2150
8,0,26196.88,0.96846746,0.023424638,255,3,151,2151
8,0,26160.284,0.98299005,0.023424638,255,3,152,2152
8,0,25832.87,0.98781746,0.023424638,255,3,153,2153
8,0,26513.937,0.98233788,0.023424638,255,3,154,2154
8,0,26575.889,0.8701336,0.023424638,255,3,155,2155
8,0,25961.806,0.9495683,0.023424638,255,3,156,2156
8,0,26260.446,0.89805142,0.023424638,255,3,157,2157
8,0,26613.487,0.97297491,0.023424638,255,3,158,2158
8,0,26600.412,0.92621343,0.023424638,255,3,159,2159
8,0,26084.762,0.98781864,0.023424638,255,3,160,2160
8,0,25614.533,0.91237144,0.023424638,255,3,161,2161
8,0,25708.884,0.99804329,0.023424638,255,3,162,2162
8,0,25660.695,0.94793292,0.023424638,255,3,163,2163
8,0,25974.88,0.96835207,0.023424638,255,3,164,2164
8,0,25927.872,0.9998116,0.023424638,255,3,165,2165
8,0,26482.077,0.99740597,0.023424638,255,3,166,2166
8,0,26279.658,0.99892808,0.023424638,255,3,167,2167
8,0,25823.205,0.93746157,0.023424638,255,3,168,2168
8,0,25845.464,0.83479653,0.023424638,255,3,169,2169
8,0,26050.779,0.998577,0.023424638,255,3,170,2170
8,0,26368.094,0.97118485,0.023424638,255,3,171,2171
8,0,26483.426,0.94756677,0.023424638,255,3,172,2172
8,0,26059.125,0.9092238,0.023424638,255,3,173,2173
8,0,26470.128,0.76866576,0.023424638,255,3,174,2174
8,0,26265.745,0.9853442,0.023424638,255,3,175,2175
8,0,26393.061,0.9556463,0.023424638,255,3,176,2176
8,0,26311.762,0.95545643,0.023424638,255,3,177,2177
8,0,26407.196,0.9645551,0.023424638,255,3,178,2178
8,0,26063.051,0.94535062,0.023424638,255,3,179,2179
8,0,25771.812,0.99995514,0.023424638,255,3,180,2180
8,0,25688.102,0.94313121,0.023424638,255,3,181,2181
8,0,25735.929,0.97870231,0.023424638,255,3,182,2182
8,0,26117.529,0.93385484,0.023424638,255,3,183,2183
8,0,26094.316,0.99052221,0.023424638,255,3,184,2184
8,0,25882.879,0.9671351,0.023424638,255,3,185,2185
8,0,26135.7,0.99549542,0.023424638,255,3,186,2186
8,0,26286.876,0.89443466,0.023424638,255,3,187,2187
8,0,26475.547,0.98194349,0.023424638,255,3,188,2188
8,0,26728.974,0.96846038,0.023424638,255,3,189,2189
8,0,27227.547,0.92977585,0.023424638,255,3,190,2190
8,0,27265.896,0.93649379,0.023424638,255,3,191,2191
8,0,27323.182,0.98325683,0.023424638,255,3,192,2192
8,0,27363.32,0.98761891,0.023424638,255,3,193,2193
8,0,26908.259,0.9997917,0.023424638,255,3,194,2194
8,0,26583.893,0.99706275,0.023424638,255,3,195,2195
8,0,26621.1,0.93169688,0.023424638,255,3,196,2196
8,0,26100.897,0.98415105,0.023424638,255,3,197,2197
8,0,26242.953,0.88202381,0.023424638,255,3,198,2198
8,0,25914.131,0.96275121,0.023424638,255,3,199,2199
8,0,26141.59,0.98491663,0.023424638,255,3,200,2200
8,0,26226.999,0.93048282,0.023424638,255,3,201,2201
8,0,26490.438,0.98183453,0.023424638,255,3,202,2202
8,0,26868.054,0.9146165,0.023424638,255,3,203,2203
8,0,27025.868,0.88299039,0.023424638,255,3,204,2204
8,0,26906.248,0.96591206,0.023424638,255,3,205,2205
8,0,26514.602,0.92279761,0.023424638,255,3,206,2206
8,0,26664.526,0.97632914,0.023424638,255,3,207,2207
8,0,27531.458,0.95567231,0.023424638,255,3,208,2208
8,0,27048.725,0.86987432,0.023424638,255,3,209,2209
8,0,26911.529,0.97922203,0.023424638,255,3,210,2210
8,0,26882.983,0.94643026,0.023424638,255,3,211,2211
8,0,26863.781,0.90031186,0.023424638,255,3,212,2212
8,0,26938.309,0.96567257,0.023424638,255,3,213,2213
8,0,26880.578,0.95493556,0.023424638,255,3,214,2214
8,0,27031.106,0.99223438,0.023424638,255,3,215,2215
8,0,27163.469,0.97699903,0.023424638,255,3,216,2216
8,0,26915.688,0.99630338,0.023424638,255,3,217,2217
8,0,27102.864,0.96925908,0.023424638,255,3,218,2218
8,0,26808.585,0.99189967,0.023424638,255,3,219,2219
8,0,26685.095,0.88960265,0.023424638,255,3,220,2220
8,0,26703.439,0.97061008,0.023424638,255,3,221,2221
8,0,26839.27,0.97070508,0.023424638,255,3,222,2222
8,0,26089.574,0.97075872,0.023424638,255,3,223,2223
8,0,26098.645,0.93953829,0.023424638,255,3,224,2224
8,0,26036.39,0.97125655,0.023424638,255,3,225,2225
8,0,25893.884,0.96113624,0.023424638,255,3,226,2226
8,0,25981.401,0.88527502,0.023424638,255,3,227,2227
8,0,26367.018,0.98810542,0.023424638,255,3,228,2228
8,0,26004.986,0.92270763,0.023424638,255,3,229,2229
8,0,26299.652,0.82713291,0.023424638,255,3,230,2230
8,0,25975.984,0.98681527,0.023424638,255,3,231,2231
8,0,25897.108,0.9530982,0.023424638,255,3,232,2232
8,0,25845.326,0.98179645,0.023424638,255,3,233,2233
8,0,26286.19,0.90602382,0.023424638,255,3,234,2234
8,0,26390.397,1,0.023424638,255,3,235,2235
8,0,26373.722,0.95276686,0.023424638,255,3,236,2236
8,0,26614.212,0.93189231,0.023424638,255,3,237,2237
8,0,26908.793,0.88397859,0.023424638,255,3,238,2238
8,0,26326.784,0.99985583,0.023424638,255,3,239,2239
8,0,26574.653,0.88148899,0.023424638,255,3,240,2240
8,0,26981.602,0.95633047,0.023424638,255,3,241,2241
8,0,26797.017,0.99690962,0.023424638,255,3,242,2242
8,0,26695.216,0.9920822,0.023424638,255,3,243,2243
8,0,26135.027,0.99978534,0.023424638,255,3,244,2244
8,0,25939.592,0.95394373,0.023424638,255,3,245,2245
8,0,26177.023,0.99998547,0.023424638,255,3,246,2246
8,0,26105.866,0.91632354,0.023424638,255,3,247,2247
8,0,26364.232,0.95867361,0.023424638,255,3,248,2248
8,0,26931.66,0.95997899,0.023424638,255,3,249,2249
8,0,26903.852,0.96311775,0.023424638,255,3,250,2250
8,0,26725.679,0.9993937,0.023424638,255,3,251,2251
8,0,26688.105,0.95349622,0.023424638,255,3,252,2252
8,0,26439.91,0.98822986,0.023424638,255,3,253,2253
8,0,26687.508,0.8753561,0.023424638,255,3,254,2254
8,0,26782.633,0.91014426,0.023424638,255,3,255,2255
8,0,26530.588,0.99379363,0.023424638,255,3,256,2256
8,0,26349.608,0.99932982,0.023424638,255,3,257,2257
8,0,26514.479,0.97424226,0.023424638,255,3,258,2258
8,0,26730.337,0.96736775,0.023424638,255,3,259,2259
8,0,27114.874,0.97559021,0.023424638,255,3,260,2260
8,0,26723.991,0.998778,0.023424638,255,3,261,2261
8,0,26155.193,0.81995772,0.023424638,255,3,262,2262
8,0,26184.956,0.9940883,0.023424638,255,3,263,2263
8,0,26184.506,0.89496966,0.023424638,255,3,264,2264
8,0,26337.412,0.99998097,0.023424638,255,3,265,2265
8,0,26262.062,0.99883497,0.023424638,255,3,266,2266
8,0,26415.215,0.97800958,0.023424638,255,3,267,2267
8,0,26254.008,0.99431691,0.023424638,255,3,268,2268
8,0,26941.125,0.90997201,0.023424638,255,3,269,2269
8,0,26986.812,0.99200986,0.023424638,255,3,270,2270
8,0,26519.424,0.96166841,0.023424638,255,3,271,2271
8,0,26600.677,0.98163908,0.023424638,255,3,272,2272
8,0,26393.883,0.99408399,0.023424638,255,3,273,2273
8,0,26358.463,0.97494173,0.023424638,255,3,274,2274
8,0,26051.82,0.94936814,0.023424638,255,3,275,2275
8,0,25696.261,0.99154974,0.023424638,255,3,276,2276
8,0,26394.25,0.96455643,0.023424638,255,3,277,2277
8,0,26197.52,0.95081763,0.023424638,255,3,278,2278
8,0,26160.736,0.87276775,0.023424638,255,3,279,2279
8,0,26336.414,0.96741886,0.023424638,255,3,280,2280
8,0,26138.647,0.99204678,0.023424638,255,3,281,2281
8,0,26451.923,0.98081938,0.023424638,255,3,282,2282
8,0,26669.607,0.9984854,0.023424638,255,3,283,2283
8,0,26796.689,0.99852464,0.023424638,255,3,284,2284
8,0,26759.289,0.97902844,0.023424638,255,3,285,2285
8,0,26685.425,0.99346417,0.023424638,255,3,286,2286
8,0,26872.582,0.99084281,0.023424638,255,3,287,2287
8,0,26291.828,0.97633356,0.023424638,255,3,288,2288
8,0,25797.815,0.73506107,0.023424638,255,3,289,2289
8,0,25837.456,0.92808276,0.023424638,255,3,290,2290
8,0,25858.732,0.98023622,0.023424638,255,3,291,2291
8,0,26221.102,0.9799805,0.023424638,255,3,292,2292
8,0,26616.197,0.96662655,0.023424638,255,3,293,2293
8,0,27127.997,0.96869885,0.023424638,255,3,294,2294
8,0,27012.327,0.99417701,0.023424638,255,3,295,2295
8,0,26664.839,0.99509082,0.023424638,255,3,296,2296
8,0,26776.57,0.99258615,0.023424638,255,3,297,2297
8,0,26521.865,0.99378559,0.023424638,255,3,298,2298
8,0,26391.871,0.96531546,0.023424638,255,3,299,2299
8,0,26527.285,0.99696438,0.023424638,255,3,300,2300
8,0,25925.292,0.98817752,0.023424638,255,3,301,2301
8,0,25635.037,0.96094217,0.023424638,255,3,302,2302
8,0,25546.203,0.91880279,0.023424638,255,3,303,2303
8,0,25291.617,0.99608481,0.023424638,255,3,304,2304
8,0,25625.104,0.82459688,0.023424638,255,3,305,2305
8,0,25794.778,0.95259838,0.023424638,255,3,306,2306
8,0,25607.451,0.92326562,0.023424638,255,3,307,2307
8,0,25617.533,0.95865639,0.023424638,255,3,308,2308
8,0,25583.657,0.97695273,0.023424638,255,3,309,2309
8,0,25965.092,0.93086035,0.023424638,255,3,310,2310
8,0,26336.6,0.95176561,0.023424638,255,3,311,2311
8,0,26300.797,0.96985205,0.023424638,255,3,312,2312
8,0,26123.951,0.99995889,0.023424638,255,3,313,2313
8,0,26309.992,0.99136423,0.023424638,255,3,314,2314
8,0,26678.546,0.95388942,0.023424638,255,3,315,2315
8,0,26530.402,0.91839967,0.023424638,255,3,316,2316
8,0,26462.032,0.97439956,0.023424638,255,3,317,2317
8,0,26657.725,0.88978362,0.023424638,255,3,318,2318
8,0,26949.448,0.94382807,0.023424638,255,3,319,2319
8,0,26787.493,0.96124111,0.023424638,255,3,320,2320
8,0,26781.044,0.90002878,0.023424638,255,3,321,2321
8,0,26888.205,0.92916611,0.023424638,255,3,322,2322
8,0,26463.793,0.95809384,0.023424638,255,3,323,2323
8,0,26314.847,0.96854039,0.023424638,255,3,324,2324
8,0,26738.376,0.9994467,0.023424638,255,3,325,2325
8,0,26705.447,0.99731826,0.023424638,255,3,326,2326
8,0,26259.66,0.99295168,0.023424638,255,3,327,2327
8,0,26281.397,0.95201277,0.023424638,255,3,328,2328
8,0,26364.007,0.98114841,0.023424638,255,3,329,2329
8,0,25881.861,0.98934609,0.023424638,255,3,330,2330
8,0,26091.999,0.9247422,0.023424638,255,3,331,2331
8,0,25916.861,0.9303022,0.023424638,255,3,332,2332
8,0,26390.561,0.98471742,0.023424638,255,3,333,2333
8,0,26508.638,0.97436497,0.023424638,255,3,334,2334
8,0,26742.978,0.9382492,0.023424638,255,3,335,2335
8,0,26558.925,0.99794397,0.023424638,255,3,336,2336
8,0,26839.933,0.95155257,0.023424638,255,3,337,2337
8,0,26754.171,0.99303601,0.023424638,255,3,338,2338
8,0,26649.386,0.99447171,0.023424638,255,3,339,2339
8,0,26077.943,0.97269994,0.023424638,255,3,340,2340
8,0,25905.328,0.96869057,0.023424638,255,3,341,2341
8,0,26449.358,0.99762651,0.023424638,255,3,342,2342
8,0,26724.769,0.96712054,0.023424638,255,3,343,2343
8,0,26634.299,0.99449201,0.023424638,255,3,344,2344
8,0,25787.31,0.99338878,0.023424638,255,3,345,2345
8,0,25930.139,0.90503243,0.023424638,255,3,346,2346
8,0,25830.365,0.97108814,0.023424638,255,3,347,2347
8,0,25889.738,0.97590527,0.023424638,255,3,348,2348
8,0,26492.186,0.99252441,0.023424638,255,3,349,2349
8,0,26375.935,0.89298596,0.023424638,255,3,350,2350
8,0,26056.538,0.99267372,0.023424638,255,3,351,2351
8,0,26030.027,0.98124402,0.023424638,255,3,352,2352
8,0,25697.398,0.97444661,0.023424638,255,3,353,2353
8,0,25963.355,0.93038924,0.023424638,255,3,354,2354
8,0,25781.352,0.99220206,0.023424638,255,3,355,2355
8,0,26052.739,0.7994917,0.023424638,255,3,356,2356
8,0,26390.547,0.96095715,0.023424638,255,3,357,2357
8,0,26572.202,0.86045401,0.023424638,255,3,358,2358
8,0,26216.361,0.98226364,0.023424638,255,3,359,2359
8,0,26410.374,0.97591066,0.023424638,255,3,360,2360
8,0,26198.796,0.99557018,0.023424638,255,3,361,2361
8,0,26444.433,0.99679102,0.023424638,255,3,362,2362
8,0,26395.181,0.98958617,0.023424638,255,3,363,2363
8,0,26410.483,0.95492673,0.023424638,255,3,364,2364
8,0,26464.993,0.98236628,0.023424638,255,3,365,2365
8,0,26772.673,0.95680563,0.023424638,255,3,366,2366
8,0,26767.029,0.99739294,0.023424638,255,3,367,2367
8,0,26689.601,0.92991013,0.023424638,255,3,368,2368
8,0,26456.932,0.95764399,0.023424638,255,3,369,2369
8,0,26178.064,0.98785089,0.023424638,255,3,370,2370
8,0,26119.52,0.99785773,0.023424638,255,3,371,2371
8,0,26594.912,0.92889304,0.023424638,255,3,372,2372
8,0,26458.78,0.99299102,0.023424638,255,3,373,2373
8,0,26290.246,0.98451355,0.023424638,255,3,374,2374
8,0,26632.858,0.99513178,0.023424638,255,3,375,2375
8,0,26695,0.96804063,0.023424638,255,3,376,2376
8,0,26416.989,0.91201775,0.023424638,255,3,377,2377
8,0,26635.344,0.94249071,0.023424638,255,3,378,2378
8,0,26805.166,0.99960044,0.023424638,255,3,379,2379
8,0,26078.925,0.9999163,0.023424638,255,3,380,2380
8,0,26350.32,0.93935372,0.023424638,255,3,381,2381
8,0,26331.988,0.82209642,0.023424638,255,3,382,2382
8,0,26414.562,0.99992828,0.023424638,255,3,383,2383
8,0,26040.447,0.99331176,0.023424638,255,3,384,2384
8,0,26073.771,0.94864406,0.023424638,255,3,385,2385
8,0,26021.687,0.84787774,0.023424638,255,3,386,2386
8,0,25871.095,0.96161575,0.023424638,255,3,387,2387
8,0,26232.986,0.99335665,0.023424638,255,3,388,2388
8,0,26289.479,0.96868007,0.023424638,255,3,389,2389
8,0,26317.095,0.97573604,0.023424638,255,3,390,2390
8,0,26368.303,0.97054989,0.023424638,255,3,391,2391
8,0,26638.11,0.9016683,0.023424638,255,3,392,2392
8,0,27114.84,0.99975087,0.023424638,255,3,393,2393
8,0,27187.153,0.86422023,0.023424638,255,3,394,2394
8,0,27061.332,0.98164731,0.023424638,255,3,395,2395
8,0,26773.499,0.99798718,0.023424638,255,3,396,2396
8,0,26575.91,0.97671597,0.023424638,255,3,397,2397
8,0,26755.584,0.90872563,0.023424638,255,3,398,2398
8,0,26769.427,0.93904019,0.023424638,255,3,399,2399
8,0,26673.234,0.99983407,0.023424638,255,3,400,2400
8,0,26748.002,0.99962711,0.023424638,255,3,401,2401
8,0,26696.788,0.98727355000000006,0.023424638,255,3,402,2402
8,0,26377.352,0.93279444,0.023424638,255,3,403,2403
8,0,26260.193,0.99186509,0.023424638,255,3,404,2404
8,0,26429.641,0.9622125,0.023424638,255,3,405,2405
8,0,26489.064,0.88910288,0.023424638,255,3,406,2406
8,0,26333.163,0.9727201,0.023424638,255,3,407,2407
8,0,26431.237,0.97807235,0.023424638,255,3,408,2408
8,0,26332.44,0.97368901,0.023424638,255,3,409,2409
8,0,26098.466,0.99598028,0.023424638,255,3,410,2410
8,0,25752.012,0.94530214,0.023424638,255,3,411,2411
8,0,26222.545,0.9727708,0.023424638,255,3,412,2412
8,0,25829.762,0.99892041,0.023424638,255,3,413,2413
8,0,26346.387,0.97218403,0.023424638,255,3,414,2414
8,0,25912.045,0.99155425,0.023424638,255,3,415,2415
8,0,25859.074,0.98448524,0.023424638,255,3,416,2416
8,0,26378.776,0.8795381,0.023424638,255,3,417,2417
8,0,26282.125,0.98045935,0.023424638,255,3,418,2418
8,0,26344.808,0.96711304,0.023424638,255,3,419,2419
8,0,26806.736,0.99153643,0.023424638,255,3,420,2420
8,0,26281.682,0.96473719,0.023424638,255,3,421,2421
8,0,25941.121,0.99646597,0.023424638,255,3,422,2422
8,0,25745.18,0.95034007,0.023424638,255,3,423,2423
8,0,25831.031,0.89864073,0.023424638,255,3,424,2424
8,0,25872.883,0.91361288,0.023424638,255,3,425,2425
8,0,25956.601,0.98491728,0.023424638,255,3,426,2426
8,0,26316.6,0.97865141,0.023424638,255,3,427,2427
8,0,26535.24,0.98308883,0.023424638,255,3,428,2428
8,0,26254.166,0.92671732,0.023424638,255,3,429,2429
8,0,26512.159,0.93445505,0.023424638,255,3,430,2430
8,0,26423.21,0.97423904,0.023424638,255,3,431,2431
8,0,26256.379,0.94808645,0.023424638,255,3,432,2432
8,0,26264.21,0.90701923,0.023424638,255,3,433,2433
8,0,26767.751,0.91450603,0.023424638,255,3,434,2434
8,0,26650.192,0.96805052,0.023424638,255,3,435,2435
8,0,26175.279,0.9713095,0.023424638,255,3,436,2436
8,0,26258.131,0.96055705,0.023424638,255,3,437,2437
8,0,26507.164,0.98574572,0.023424638,255,3,438,2438
8,0,26391.546,0.93045032,0.023424638,255,3,439,2439
8,0,26101.954,0.98820508,0.023424638,255,3,440,2440
8,0,26017.918,0.99808653,0.023424638,255,3,441,2441
8,0,26352.178,0.97050749,0.023424638,255,3,442,2442
8,0,26038.254,0.94818556,0.023424638,255,3,443,2443
8,0,26060.802,0.98750574,0.023424638,255,3,444,2444
8,0,26081.253,0.94029315,0.023424638,255,3,445,2445
8,0,26330.146,0.96669282,0.023424638,255,3,446,2446
8,0,25786.182,0.98111825,0.023424638,255,3,447,2447
8,0,25634.452,0.99018079,0.023424638,255,3,448,2448
8,0,26060.196,0.9495164,0.023424638,255,3,449,2449
8,0,25857.508,0.9183544,0.023424638,255,3,450,2450
8,0,26134.369,0.93499709,0.023424638,255,3,451,2451
8,0,25971.142,0.99950918,0.023424638,255,3,452,2452
8,0,26090.009,0.90500308,0.023424638,255,3,453,2453
8,0,26147.98,0.92430011,0.023424638,255,3,454,2454
8,0,26626.304,0.95406743,0.023424638,255,3,455,2455
8,0,26535.173,0.96259431,0.023424638,255,3,456,2456
8,0,26669.765,0.995699,0.023424638,255,3,457,2457
8,0,26885.138,0.92465491,0.023424638,255,3,458,2458
8,0,26627.43,0.99707391,0.023424638,255,3,459,2459
8,0,26994.418,0.94220003,0.023424638,255,3,460,2460
8,0,26881.81,0.87673822,0.023424638,255,3,461,2461
8,0,26634.109,0.95759499,0.023424638,255,3,462,2462
8,0,26174.548,0.9874676,0.023424638,255,3,463,2463
8,0,26276.781,0.84979762,0.023424638,255,3,464,2464
8,0,26579.301,0.98702909,0.023424638,255,3,465,2465
8,0,26488.793,0.80862926,0.023424638,255,3,466,2466
8,0,26728.36,0.98565593,0.023424638,255,3,467,2467
8,0,26589.128,0.96176176,0.023424638,255,3,468,2468
8,0,26236.41,0.99405512,0.023424638,255,3,469,2469
8,0,26383.614,0.99066439,0.023424638,255,3,470,2470
8,0,26372.257,0.99856504,0.023424638,255,3,471,2471
8,0,26172.719,0.96335846,0.023424638,255,3,472,2472
8,0,26205.353,0.99966527,0.023424638,255,3,473,2473
8,0,26741.267,0.97313796,0.023424638,255,3,474,2474
8,0,26520.48,0.91462895,0.023424638,255,3,475,2475
8,0,26184.684,0.98729128,0.023424638,255,3,476,2476
8,0,26175.966,0.97558963,0.023424638,255,3,477,2477
8,0,25327.077,0.99588453,0.023424638,255,3,478,2478
8,0,25449.169,0.99814215,0.023424638,255,3,479,2479
8,0,26240.7,0.93801926,0.023424638,255,3,480,2480
8,0,26134.819,0.95804438,0.023424638,255,3,481,2481
8,0,26335.575,0.95709195,0.023424638,255,3,482,2482
8,0,26459.413,0.94904333,0.023424638,255,3,483,2483
8,0,26672.376,0.9428359,0.023424638,255,3,484,2484
8,0,26204.54,0.9805711,0.023424638,255,3,485,2485
8,0,26340.525,0.93084889,0.023424638,255,3,486,2486
8,0,26454.297,0.92115445,0.023424638,255,3,487,2487
8,0,26644.75,0.9986924,0.023424638,255,3,488,2488
8,0,26435.226,0.97620216,0.023424638,255,3,489,2489
8,0,26694.503,0.97341684,0.023424638,255,3,490,2490
8,0,27016.713,0.98490616,0.023424638,255,3,491,2491
8,0,26648.246,0.97482265,0.023424638,255,3,492,2492
8,0,26323.944,0.93311191,0.023424638,255,3,493,2493
8,0,26367.639,0.82102894,0.023424638,255,3,494,2494
8,0,26328.756,0.91078943,0.023424638,255,3,495,2495
8,0,26434.748,0.99609577,0.023424638,255,3,496,2496
8,0,26331.213,0.94004793,0.023424638,255,3,497,2497
8,0,26676.629,0.97887846,0.023424638,255,3,498,2498
8,0,26745.964,0.98765891,0.023424638,255,3,499,2499
8,0,25921.014,0.97291473,0.023424638,255,3,500,2500
8,0,26415.564,0.92946163,0.023424638,255,3,501,2501
8,0,26886.863,0.99788208,0.023424638,255,3,502,2502
8,0,27163.165,0.99429141,0.023424638,255,3,503,2503
8,0,26789.359,0.97571415,0.023424638,255,3,504,2504
8,0,26214.568,0.98313312,0.023424638,255,3,505,2505
8,0,26820.403,0.97578904,0.023424638,255,3,506,2506
8,0,26289.482,0.95827944,0.023424638,255,3,507,2507
8,0,25993.383,0.96393727,0.023424638,255,3,508,2508
8,0,26390.963,0.90015877,0.023424638,255,3,509,2509
8,0,26416.535,0.99746072,0.023424638,255,3,510,2510
8,0,26797.133,0.92537765,0.023424638,255,3,511,2511
8,0,26502.976,0.97236904,0.023424638,255,3,512,2512
8,0,27007.107,0.88309805,0.023424638,255,3,513,2513
8,0,27076.4,0.99216922,0.023424638,255,3,514,2514
8,0,27419.806,0.96151004,0.023424638,255,3,515,2515
8,0,27082.982,0.98816973,0.023424638,255,3,516,2516
8,0,27515.483,0.93228257,0.023424638,255,3,517,2517
8,0,26943.742,0.97200691,0.023424638,255,3,518,2518
8,0,26895.602,0.99950546,0.023424638,255,3,519,2519
8,0,26668.054,0.98819404,0.023424638,255,3,520,2520
8,0,26706.319,0.91165007,0.023424638,255,3,521,2521
8,0,26612.8,0.99362119,0.023424638,255,3,522,2522
8,0,26550.424,0.97603912,0.023424638,255,3,523,2523
8,0,26526.38,0.97540395,0.023424638,255,3,524,2524
8,0,26006.972,0.99834249,0.023424638,255,3,525,2525
8,0,25931.902,0.99478644,0.023424638,255,3,526,2526
8,0,25957.527,0.95502408,0.023424638,255,3,527,2527
8,0,26677.038,0.87011859,0.023424638,255,3,528,2528
8,0,26098.122,0.99019364,0.023424638,255,3,529,2529
8,0,26514.957,0.83636531,0.023424638,255,3,530,2530
8,0,26605.258,0.99988459,0.023424638,255,3,531,2531
8,0,27171.296,0.86478776,0.023424638,255,3,532,2532
8,0,26971.3,0.92193388,0.023424638,255,3,533,2533
8,0,27047.489,0.94565263,0.023424638,255,3,534,2534
8,0,26202.045,0.99006686,0.023424638,255,3,535,2535
8,0,26480.764,0.97952423,0.023424638,255,3,536,2536
8,0,27064.358,0.96324698,0.023424638,255,3,537,2537
8,0,26838.795,0.94179887,0.023424638,255,3,538,2538
8,0,25899.817,0.97781366,0.023424638,255,3,539,2539
8,0,25549.783,0.82806577,0.023424638,255,3,540,2540
8,0,26052.033,0.92243411,0.023424638,255,3,541,2541
8,0,26272.311,0.9313093,0.023424638,255,3,542,2542
8,0,26141.081,0.9923085,0.023424638,255,3,543,2543
8,0,25957.862,0.98658023,0.023424638,255,3,544,2544
8,0,25990.11,0.93995445,0.023424638,255,3,545,2545
8,0,25972.013,0.98832448,0.023424638,255,3,546,2546
8,0,25910.792,0.95418213,0.023424638,255,3,547,2547
8,0,26321.079,0.93616004,0.023424638,255,3,548,2548
8,0,25937.219,0.96851272,0.023424638,255,3,549,2549
8,0,26209.401,0.98849299,0.023424638,255,3,550,2550
8,0,26177.072,0.99768183,0.023424638,255,3,551,2551
8,0,26487.795,0.92875353,0.023424638,255,3,552,2552
8,0,26216.471,0.96933435,0.023424638,255,3,553,2553
8,0,26448.828,0.94064026,0.023424638,255,3,554,2554
8,0,25957.473,0.99974171,0.023424638,255,3,555,2555
8,0,26169.119,0.90545936,0.023424638,255,3,556,2556
8,0,26340.409,0.98174711,0.023424638,255,3,557,2557
8,0,25712.275,0.92112982,0.023424638,255,3,558,2558
8,0,26032.534,0.98152645,0.023424638,255,3,559,2559
8,0,25951.21,0.97701091,0.023424638,255,3,560,2560
8,0,25939.823,0.96814819,0.023424638,255,3,561,2561
8,0,26140.104,0.95694721,0.023424638,255,3,562,2562
8,0,26259.693,0.98823912,0.023424638,255,3,563,2563
8,0,26409.63,0.91208222,0.023424638,255,3,564,2564
8,0,26361.315,0.90595016,0.023424638,255,3,565,2565
8,0,26313.708,0.94802565,0.023424638,255,3,566,2566
8,0,26679.06,0.82062689,0.023424638,255,3,567,2567
8,0,26647.121,0.9410517,0.023424638,255,3,568,2568
8,0,27079.849,0.88594855,0.023424638,255,3,569,2569
8,0,27076.324,0.99677141,0.023424638,255,3,570,2570
8,0,26668.809,0.94366764,0.023424638,255,3,571,2571
8,0,26486.361,0.9638265,0.023424638,255,3,572,2572
8,0,26440.623,0.97905858,0.023424638,255,3,573,2573
8,0,26814.399,0.98435835,0.023424638,255,3,574,2574
8,0,26823.989,0.95076425,0.023424638,255,3,575,2575
8,0,26627.961,0.94837815,0.023424638,255,3,576,2576
8,0,26233.83,0.97060839,0.023424638,255,3,577,2577
8,0,26351.466,0.91096681,0.023424638,255,3,578,2578
8,0,26590.222,0.90505719,0.023424638,255,3,579,2579
8,0,26551.137,0.96918326,0.023424638,255,3,580,2580
8,0,26551.185,0.97140961,0.023424638,255,3,581,2581
8,0,26488.029,0.9981336,0.023424638,255,3,582,2582
8,0,26543.958,0.97078799,0.023424638,255,3,583,2583
8,0,26519.595,0.97376672,0.023424638,255,3,584,2584
8,0,26097.008,0.99434102,0.023424638,255,3,585,2585
8,0,25829.083,0.95644456,0.023424638,255,3,586,2586
8,0,25718.418,0.9394599,0.023424638,255,3,587,2587
8,0,26167.279,0.8957522,0.023424638,255,3,588,2588
8,0,25994.328,0.99796962,0.023424638,255,3,589,2589
8,0,25532.557,0.90646567,0.023424638,255,3,590,2590
8,0,25913.152,0.98925701,0.023424638,255,3,591,2591
8,0,26413.233,0.9192846,0.023424638,255,3,592,2592
8,0,26856.745,0.98022758,0.023424638,255,3,593,2593
8,0,26770.472,0.97370338,0.023424638,255,3,594,2594
8,0,26942.553,0.97857025,0.023424638,255,3,595,2595
8,0,26245.789,0.9910816,0.023424638,255,3,596,2596
8,0,26068.535,0.99978834,0.023424638,255,3,597,2597
8,0,26088.406,0.99619209,0.023424638,255,3,598,2598
8,0,25979.641,0.93362384,0.023424638,255,3,599,2599
8,0,26292.992,0.8951397,0.023424638,255,3,600,2600
8,0,26820.747,0.97507623,0.023424638,255,3,601,2601
8,0,26279.152,0.96200105,0.023424638,255,3,602,2602
8,0,26361.707,0.98342254,0.023424638,255,3,603,2603
8,0,26431.493,0.99751569,0.023424638,255,3,604,2604
8,0,26997.126,0.99839366,0.023424638,255,3,605,2605
8,0,26966.458,0.95805014,0.023424638,255,3,606,2606
8,0,27203.408,0.99607691,0.023424638,255,3,607,2607
8,0,27015.633,0.99963819,0.023424638,255,3,608,2608
8,0,26909.363,0.98368047,0.023424638,255,3,609,2609
8,0,27017.307,0.9603155,0.023424638,255,3,610,2610
8,0,26714.264,0.99589791,0.023424638,255,3,611,2611
8,0,26953.187,0.96492218,0.023424638,255,3,612,2612
8,0,26319.211,0.98801659,0.023424638,255,3,613,2613
8,0,26533.525,0.89856587,0.023424638,255,3,614,2614
8,0,26341.307,0.93427142,0.023424638,255,3,615,2615
8,0,26595.071,0.99097151000000006,0.023424638,255,3,616,2616
8,0,26217.635,0.97663511,0.023424638,255,3,617,2617
8,0,26089.653,0.99238396,0.023424638,255,3,618,2618
8,0,26534.8,0.91835299,0.023424638,255,3,619,2619
8,0,26496.967,0.88864132,0.023424638,255,3,620,2620
8,0,26553.211,0.92982388,0.023424638,255,3,621,2621
8,0,26254.983,0.99898442,0.023424638,255,3,622,2622
8,0,26339.127,0.97398729,0.023424638,255,3,623,2623
8,0,26068.396,0.97717886,0.023424638,255,3,624,2624
8,0,26103.31,0.97926591,0.023424638,255,3,625,2625
8,0,26759.345,0.9433136,0.023424638,255,3,626,2626
8,0,26665.01,0.97215324,0.023424638,255,3,627,2627
8,0,26508.886,0.95921292,0.023424638,255,3,628,2628
8,0,26570.897,0.9055313,0.023424638,255,3,629,2629
8,0,26267.963,0.87294371,0.023424638,255,3,630,2630
8,0,25901.328,0.98845639,0.023424638,255,3,631,2631
8,0,25860.637,0.99091527,0.023424638,255,3,632,2632
8,0,25673.287,0.96750475,0.023424638,255,3,633,2633
8,0,26332.242,0.98965406,0.023424638,255,3,634,2634
8,0,26822.153,0.85440991,0.023424638,255,3,635,2635
8,0,26514.755,0.97672651,0.023424638,255,3,636,2636
8,0,26401.535,0.94969909,0.023424638,255,3,637,2637
8,0,26606.259,0.91992039,0.023424638,255,3,638,2638
8,0,26810.21,0.96255221,0.023424638,255,3,639,2639
8,0,26320.837,0.93849431,0.023424638,255,3,640,2640
8,0,26213.709,0.99638015,0.023424638,255,3,641,2641
8,0,26759.439,0.87064585,0.023424638,255,3,642,2642
8,0,26278.114,0.88344737,0.023424638,255,3,643,2643
8,0,25977.456,0.99470374,0.023424638,255,3,644,2644
8,0,25678.408,0.95259681,0.023424638,255,3,645,2645
8,0,25817.117,0.99200075,0.023424638,255,3,646,2646
8,0,26132.387,0.99553419,0.023424638,255,3,647,2647
8,0,26068.633,0.93926013,0.023424638,255,3,648,2648
8,0,26453.139,0.95465398,0.023424638,255,3,649,2649
8,0,25718.463,0.98734633,0.023424638,255,3,650,2650
8,0,25911.827,0.96440678,0.023424638,255,3,651,2651
8,0,26162.901,0.95729272,0.023424638,255,3,652,2652
8,0,26505.656,0.95752391,0.023424638,255,3,653,2653
8,0,26553.868,0.874394,0.023424638,255,3,654,2654
8,0,26271.041,0.96856706,0.023424638,255,3,655,2655
8,0,25782.2,0.98791077,0.023424638,255,3,656,2656
8,0,25531.151,0.98541978,0.023424638,255,3,657,2657
8,0,25476.757,0.88670733,0.023424638,255,3,658,2658
8,0,25549.826,0.916152,0.023424638,255,3,659,2659
8,0,25927.721,0.92092048,0.023424638,255,3,660,2660
8,0,26381.403,0.87921306,0.023424638,255,3,661,2661
8,0,26378.028,0.99568851,0.023424638,255,3,662,2662
8,0,26376.599,0.99804957,0.023424638,255,3,663,2663
8,0,26787.427,0.98687197,0.023424638,255,3,664,2664
8,0,26831.179,0.91707213,0.023424638,255,3,665,2665
8,0,26951.747,0.97778258,0.023424638,255,3,666,2666
8,0,26730.245,0.99970323,0.023424638,255,3,667,2667
8,0,27254.361,0.90208971,0.023424638,255,3,668,2668
8,0,27283.466,0.94404379,0.023424638,255,3,669,2669
8,0,26956.456,0.99617551,0.023424638,255,3,670,2670
8,0,26926.768,0.91078695,0.023424638,255,3,671,2671
8,0,27239.269,0.97745845,0.023424638,255,3,672,2672
8,0,26787.071,0.92670204,0.023424638,255,3,673,2673
8,0,26610.733,0.87857791,0.023424638,255,3,674,2674
8,0,26374.083,0.98593088,0.023424638,255,3,675,2675
8,0,26302.301,0.93931026,0.023424638,255,3,676,2676
8,0,26731.655,0.98362675,0.023424638,255,3,677,2677
8,0,26840.306,0.90788261,0.023424638,255,3,678,2678
8,0,26920.284,0.90052219,0.023424638,255,3,679,2679
8,0,26509.591,0.86104781,0.023424638,255,3,680,2680
8,0,26399.424,0.9926004,0.023424638,255,3,681,2681
8,0,26193.018,0.88820028,0.023424638,255,3,682,2682
8,0,26230.174,0.90648888,0.023424638,255,3,683,2683
8,0,25897.092,0.99346895,0.023424638,255,3,684,2684
8,0,26290.457,0.94077839,0.023424638,255,3,685,2685
8,0,26239.528,0.99635056,0.023424638,255,3,686,2686
8,0,25943.235,0.97422614,0.023424638,255,3,687,2687
8,0,26017.882,0.94711324,0.023424638,255,3,688,2688
8,0,25758.184,0.95873223,0.023424638,255,3,689,2689
8,0,26035.439,0.96750427,0.023424638,255,3,690,2690
8,0,25898.559,0.95978136,0.023424638,255,3,691,2691
8,0,26333.728,0.93570918,0.023424638,255,3,692,2692
8,0,26162.89,0.93576138,0.023424638,255,3,693,2693
8,0,26749.291,0.91213007,0.023424638,255,3,694,2694
8,0,26917.677,0.99515415,0.023424638,255,3,695,2695
8,0,26818.42,0.97248909,0.023424638,255,3,696,2696
8,0,26229.37,0.96427669,0.023424638,255,3,697,2697
8,0,26126.87,0.98547767,0.023424638,255,3,698,2698
8,0,25398.281,0.95491357,0.023424638,255,3,699,2699
8,0,26243.69,0.86348835,0.023424638,255,3,700,2700
8,0,26410.955,0.9519849,0.023424638,255,3,701,2701
8,0,26552.116,0.97741112,0.023424638,255,3,702,2702
8,0,26760.016,0.95771054,0.023424638,255,3,703,2703
8,0,26520.688,1,0.023424638,255,3,704,2704
8,0,26788.428,0.92180084,0.023424638,255,3,705,2705
8,0,26858.494,0.96254164,0.023424638,255,3,706,2706
8,0,26353.975,0.99696026,0.023424638,255,3,707,2707
8,0,26270.373,0.93244976,0.023424638,255,3,708,2708
8,0,26442.012,0.93812792,0.023424638,255,3,709,2709
8,0,26172.521,0.94177645,0.023424638,255,3,710,2710
8,0,26230.081,0.97283362,0.023424638,255,3,711,2711
8,0,25983.653,0.91367127,0.023424638,255,3,712,2712
8,0,26293.016,0.99110686,0.023424638,255,3,713,2713
8,0,26666.056,0.9189505,0.023424638,255,3,714,2714
8,0,26718.544,0.96001648,0.023424638,255,3,715,2715
8,0,26597.375,0.97942565,0.023424638,255,3,716,2716
8,0,26496.719,0.95107039,0.023424638,255,3,717,2717
8,0,26251.079,0.99418593,0.023424638,255,3,718,2718
8,0,26524.352,0.97098942,0.023424638,255,3,719,2719
8,0,26477.412,0.94075372,0.023424638,255,3,720,2720
8,0,26562.517,0.96597607,0.023424638,255,3,721,2721
8,0,26275.372,0.99304353,0.023424638,255,3,722,2722
8,0,26454.435,0.86355393,0.023424638,255,3,723,2723
8,0,26280.816,0.93286763,0.023424638,255,3,724,2724
8,0,26674.508,0.97478372,0.023424638,255,3,725,2725
8,0,26072.115,0.97182418,0.023424638,255,3,726,2726
8,0,26436.12,0.96388476,0.023424638,255,3,727,2727
8,0,26194.726,0.99468107,0.023424638,255,3,728,2728
8,0,25794.529,0.93802363,0.023424638,255,3,729,2729
8,0,26080.52,0.93704037,0.023424638,255,3,730,2730
8,0,25887.904,0.97639647,0.023424638,255,3,731,2731
8,0,26119.075,0.99995665,0.023424638,255,3,732,2732
8,0,26385.28,0.93254181,0.023424638,255,3,733,2733
8,0,25827.703,0.94967168,0.023424638,255,3,734,2734
8,0,25620.813,0.93436382,0.023424638,255,3,735,2735
8,0,25933.225,0.98775648,0.023424638,255,3,736,2736
8,0,26016.894,0.92702047,0.023424638,255,3,737,2737
8,0,26804.566,0.83882728,0.023424638,255,3,738,2738
8,0,26819.602,0.95959814,0.023424638,255,3,739,2739
8,0,26761.584,0.96902371,0.023424638,255,3,740,2740
8,0,27157.685,0.963534,0.023424638,255,3,741,2741
8,0,27254.442,0.95448381,0.023424638,255,3,742,2742
8,0,27001.971,0.97107165,0.023424638,255,3,743,2743
8,0,27138.701,0.90806325,0.023424638,255,3,744,2744
8,0,27262.906,0.93655948,0.023424638,255,3,745,2745
8,0,27160.25,0.97198899,0.023424638,255,3,746,2746
8,0,26913.744,0.99638251,0.023424638,255,3,747,2747
8,0,26798.427,0.99916808,0.023424638,255,3,748,2748
8,0,27024.457,0.97234934,0.023424638,255,3,749,2749
8,0,26771.239,0.99449891,0.023424638,255,3,750,2750
8,0,27138.522,0.89539689,0.023424638,255,3,751,2751
8,0,26739.06,0.99997379,0.023424638,255,3,752,2752
8,0,26312.016,0.97999726,0.023424638,255,3,753,2753
8,0,26293.783,0.98356075,0.023424638,255,3,754,2754
8,0,26393.052,0.94026365,0.023424638,255,3,755,2755
8,0,25851.622,0.99260407,0.023424638,255,3,756,2756
8,0,25868.427,0.97449331,0.023424638,255,3,757,2757
8,0,26204.117,0.95048686,0.023424638,255,3,758,2758
8,0,26067.682,0.99876002,0.023424638,255,3,759,2759
8,0,26021.36,0.91968521,0.023424638,255,3,760,2760
8,0,26124.15,0.97951211,0.023424638,255,3,761,2761
8,0,26227.943,0.99153195,0.023424638,255,3,762,2762
8,0,26395.763,0.97506841,0.023424638,255,3,763,2763
8,0,26401.47,0.99609335,0.023424638,255,3,764,2764
8,0,26857.031,0.96108517,0.023424638,255,3,765,2765
8,0,27115.21,0.99564102,0.023424638,255,3,766,2766
8,0,26993.949,0.94678158,0.023424638,255,3,767,2767
8,0,26805.198,0.95456594,0.023424638,255,3,768,2768
8,0,27199.14,0.99495649,0.023424638,255,3,769,2769
8,0,26759.137,0.94369781,0.023424638,255,3,770,2770
8,0,26170.47,0.89648765,0.023424638,255,3,771,2771
8,0,26163.956,0.94820204,0.023424638,255,3,772,2772
8,0,26605.274,0.9974771,0.023424638,255,3,773,2773
8,0,26802.241,0.91012607,0.023424638,255,3,774,2774
8,0,26491.781,0.98942745,0.023424638,255,3,775,2775
8,0,26486.235,0.97635368,0.023424638,255,3,776,2776
8,0,26732.94,0.88600779,0.023424638,255,3,777,2777
8,0,26405.399,0.99900509,0.023424638,255,3,778,2778
8,0,26278.942,0.96925603,0.023424638,255,3,779,2779
8,0,26112.147,0.94992016,0.023424638,255,3,780,2780
8,0,26629.046,0.90439349,0.023424638,255,3,781,2781
8,0,26967.798,0.98985925,0.023424638,255,3,782,2782
8,0,26702.454,0.94071941,0.023424638,255,3,783,2783
8,0,27098.885,0.97167585,0.023424638,255,3,784,2784
8,0,26688.047,0.98993025,0.023424638,255,3,785,2785
8,0,26267.779,0.99745243,0.023424638,255,3,786,2786
8,0,25954.542,0.93194917,0.023424638,255,3,787,2787
8,0,25959.673,0.9140949,0.023424638,255,3,788,2788
8,0,25712.82,0.96629967,0.023424638,255,3,789,2789
8,0,26041.94,0.93224058,0.023424638,255,3,790,2790
8,0,25912.398,0.97060827,0.023424638,255,3,791,2791
8,0,26065.04,0.99002196,0.023424638,255,3,792,2792
8,0,26090.575,0.98864828,0.023424638,255,3,793,2793
8,0,25747.37,0.9382382,0.023424638,255,3,794,2794
8,0,26327.255,0.85810045,0.023424638,255,3,795,2795
8,0,26507.125,0.95795752,0.023424638,255,3,796,2796
8,0,26446.917,0.84704123,0.023424638,255,3,797,2797
8,0,26083.74,0.95712755,0.023424638,255,3,798,2798
8,0,26186.043,0.98708364,0.023424638,255,3,799,2799
8,0,25900.723,0.99381331,0.023424638,255,3,800,2800
8,0,25693.784,0.99043412,0.023424638,255,3,801,2801
8,0,25866.324,0.98606175,0.023424638,255,3,802,2802
8,0,26009.837,0.98826213,0.023424638,255,3,803,2803
8,0,26853.354,0.86167519,0.023424638,255,3,804,2804
8,0,27108.955,0.99019977,0.023424638,255,3,805,2805
8,0,26887.755,0.98757601,0.023424638,255,3,806,2806
8,0,26875.123,0.94534575,0.023424638,255,3,807,2807
8,0,26555.068,0.9877349,0.023424638,255,3,808,2808
8,0,26819.395,0.9372612,0.023424638,255,3,809,2809
8,0,26731.972,0.92555465,0.023424638,255,3,810,2810
8,0,26827.483,0.99631156,0.023424638,255,3,811,2811
8,0,26564.532,0.98957977,0.023424638,255,3,812,2812
8,0,26698.371,0.99005094,0.023424638,255,3,813,2813
8,0,26651.199,0.98058954,0.023424638,255,3,814,2814
8,0,26667.024,0.99430072,0.023424638,255,3,815,2815
8,0,26270.543,0.97480377,0.023424638,255,3,816,2816
8,0,26095.784,0.97244869,0.023424638,255,3,817,2817
8,0,26329.967,0.98126904,0.023424638,255,3,818,2818
8,0,26373.747,0.93359747,0.023424638,255,3,819,2819
8,0,26360.345,0.97825823,0.023424638,255,3,820,2820
8,0,26419.576,0.96998551,0.023424638,255,3,821,2821
8,0,26500.027,0.98441792,0.023424638,255,3,822,2822
8,0,26441.113,0.96321353,0.023424638,255,3,823,2823
8,0,26306.387,0.9852137,0.023424638,255,3,824,2824
8,0,26875.939,0.93728103,0.023424638,255,3,825,2825
8,0,26822.216,0.88719971,0.023424638,255,3,826,2826
8,0,26725.064,0.97490415,0.023424638,255,3,827,2827
8,0,26496.228,0.97093867,0.023424638,255,3,828,2828
8,0,26355.755,0.9853882,0.023424638,255,3,829,2829
8,0,26374.185,0.98898749,0.023424638,255,3,830,2830
8,0,26232.842,0.97552544,0.023424638,255,3,831,2831
8,0,26220.651,0.96866952,0.023424638,255,3,832,2832
8,0,26422.997,0.85339646,0.023424638,255,3,833,2833
8,0,26403.996,0.99957166,0.023424638,255,3,834,2834
8,0,26560.822,0.78162883,0.023424638,255,3,835,2835
8,0,26445.436,0.99672144,0.023424638,255,3,836,2836
8,0,26984.019,0.97238008,0.023424638,255,3,837,2837
8,0,26972.447,0.96815673,0.023424638,255,3,838,2838
8,0,26929.01,0.99358352,0.023424638,255,3,839,2839
8,0,26428.994,0.99454872,0.023424638,255,3,840,2840
8,0,26188.943,0.90696465,0.023424638,255,3,841,2841
8,0,26392.157,0.96604718999999994,0.023424638,255,3,842,2842
8,0,26317.088,0.98981066,0.023424638,255,3,843,2843
8,0,26720.266,0.96417009,0.023424638,255,3,844,2844
8,0,26505.528,0.95120833,0.023424638,255,3,845,2845
8,0,26690.414,0.99589174,0.023424638,255,3,846,2846
8,0,26829.157,0.9758011,0.023424638,255,3,847,2847
8,0,26757.825,0.87728554,0.023424638,255,3,848,2848
8,0,26397.786,0.97616447,0.023424638,255,3,849,2849
8,0,26004.109,0.94059763,0.023424638,255,3,850,2850
8,0,26574.551,0.99241152,0.023424638,255,3,851,2851
8,0,26784.191,0.94619818,0.023424638,255,3,852,2852
8,0,26868.211,0.99825022,0.023424638,255,3,853,2853
8,0,27432.604,0.94458347,0.023424638,255,3,854,2854
8,0,27031.554,0.98951496,0.023424638,255,3,855,2855
8,0,27142.157,0.95765101,0.023424638,255,3,856,2856
8,0,26985.523,0.9662592,0.023424638,255,3,857,2857
8,0,26279.096,0.99769746,0.023424638,255,3,858,2858
8,0,26340.242,0.97400469,0.023424638,255,3,859,2859
8,0,26236.869,0.96990415,0.023424638,255,3,860,2860
8,0,26550.245,0.99510855,0.023424638,255,3,861,2861
8,0,26499.614,0.87745616,0.023424638,255,3,862,2862
8,0,25894.397,0.93979195,0.023424638,255,3,863,2863
8,0,25128.02,0.9984256,0.023424638,255,3,864,2864
8,0,25921.795,0.94846953,0.023424638,255,3,865,2865
8,0,26771.601,0.84094784,0.023424638,255,3,866,2866
8,0,26713.096,0.97959756,0.023424638,255,3,867,2867
8,0,26456.168,0.95925534,0.023424638,255,3,868,2868
8,0,26652.351,0.97660183,0.023424638,255,3,869,2869
8,0,26839.335,0.93626143,0.023424638,255,3,870,2870
8,0,26848.274,0.98856996,0.023424638,255,3,871,2871
8,0,26524.815,0.99459664,0.023424638,255,3,872,2872
8,0,26892.261,0.92155915,0.023424638,255,3,873,2873
8,0,26661.725,1,0.023424638,255,3,874,2874
8,0,26754.565,0.94072409,0.023424638,255,3,875,2875
8,0,26293.503,0.92509237,0.023424638,255,3,876,2876
8,0,26348.831,0.98001235,0.023424638,255,3,877,2877
8,0,26404.171,0.99563957,0.023424638,255,3,878,2878
8,0,26412.605,0.9334995,0.023424638,255,3,879,2879
8,0,26434.376,0.91802002,0.023424638,255,3,880,2880
8,0,26190.175,0.98885596,0.023424638,255,3,881,2881
8,0,26547.513,0.98356655,0.023424638,255,3,882,2882
8,0,26835.977,0.99189182,0.023424638,255,3,883,2883
8,0,26866.24,0.96812814,0.023424638,255,3,884,2884
8,0,26576.27,0.99154454,0.023424638,255,3,885,2885
8,0,26426.407,0.95990056,0.023424638,255,3,886,2886
8,0,26417.304,0.98633631,0.023424638,255,3,887,2887
8,0,26030.585,0.98191859,0.023424638,255,3,888,2888
8,0,25967.367,0.97891268,0.023424638,255,3,889,2889
8,0,25950.701,0.8565381,0.023424638,255,3,890,2890
8,0,26084.671,0.96646735,0.023424638,255,3,891,2891
8,0,26094.78,0.86907035,0.023424638,255,3,892,2892
8,0,26142.016,0.92474669,0.023424638,255,3,893,2893
8,0,26125.064,0.98532208,0.023424638,255,3,894,2894
8,0,26113.073,0.88402559,0.023424638,255,3,895,2895
8,0,26434.672,0.99044883,0.023424638,255,3,896,2896
8,0,25988.965,0.99832838,0.023424638,255,3,897,2897
8,0,26331.31,0.95083481,0.023424638,255,3,898,2898
8,0,25821.98,0.99520182,0.023424638,255,3,899,2899
8,0,25765.486,0.99947573,0.023424638,255,3,900,2900
8,0,25883.233,0.9547666,0.023424638,255,3,901,2901
8,0,26117.377,0.96487042,0.023424638,255,3,902,2902
8,0,25766.019,0.99958458,0.023424638,255,3,903,2903
8,0,25682.878,0.95523034,0.023424638,255,3,904,2904
8,0,25914.065,0.94053113,0.023424638,255,3,905,2905
8,0,25960.946,0.98280303,0.023424638,255,3,906,2906
8,0,25769.059,0.99121298,0.023424638,255,3,907,2907
8,0,25813.576,0.82918597,0.023424638,255,3,908,2908
8,0,26441.87,0.95126799,0.023424638,255,3,909,2909
8,0,26283.974,0.99968752,0.023424638,255,3,910,2910
8,0,26230.254,0.95804957,0.023424638,255,3,911,2911
8,0,26618.659,0.97724759,0.023424638,255,3,912,2912
8,0,26535.024,0.95364689,0.023424638,255,3,913,2913
8,0,26670.7,0.95446345,0.023424638,255,3,914,2914
8,0,26483.148,0.96213929,0.023424638,255,3,915,2915
8,0,26778.139,0.98725022,0.023424638,255,3,916,2916
8,0,26701.666,0.95910717,0.023424638,255,3,917,2917
8,0,26733.953,0.99311964,0.023424638,255,3,918,2918
8,0,26168.798,0.95840719,0.023424638,255,3,919,2919
8,0,26155.833,0.96061241,0.023424638,255,3,920,2920
8,0,26350.444,0.98653887,0.023424638,255,3,921,2921
8,0,26076.171,0.997692,0.023424638,255,3,922,2922
8,0,26144.454,0.99563755,0.023424638,255,3,923,2923
8,0,26241.442,0.76921879,0.023424638,255,3,924,2924
8,0,26230.655,0.99736895,0.023424638,255,3,925,2925
8,0,26547.795,0.96699504,0.023424638,255,3,926,2926
8,0,26566.897,0.87895716,0.023424638,255,3,927,2927
8,0,26981.329,0.99994999,0.023424638,255,3,928,2928
8,0,26966.799,0.98734448,0.023424638,255,3,929,2929
8,0,26921.315,0.98888561,0.023424638,255,3,930,2930
8,0,26528.056,0.99654266,0.023424638,255,3,931,2931
8,0,26303.54,0.93591112,0.023424638,255,3,932,2932
8,0,25983.184,0.99813947,0.023424638,255,3,933,2933
8,0,26023.05,0.95427877,0.023424638,255,3,934,2934
8,0,26312.963,0.92138928,0.023424638,255,3,935,2935
8,0,26028.483,0.94749261,0.023424638,255,3,936,2936
8,0,26037.13,0.98442445,0.023424638,255,3,937,2937
8,0,26143.152,0.90138056,0.023424638,255,3,938,2938
8,0,25609.969,0.9896499,0.023424638,255,3,939,2939
8,0,25811.801,0.90843567,0.023424638,255,3,940,2940
8,0,26309.32,0.94869994,0.023424638,255,3,941,2941
8,0,26808.843,0.98123023,0.023424638,255,3,942,2942
8,0,26764.156,0.92304319,0.023424638,255,3,943,2943
8,0,26473.158,0.99984973,0.023424638,255,3,944,2944
8,0,25962.661,0.94300384,0.023424638,255,3,945,2945
8,0,26044.25,0.98573062,0.023424638,255,3,946,2946
8,0,25864.059,0.86943382,0.023424638,255,3,947,2947
8,0,26519.706,0.8747481,0.023424638,255,3,948,2948
8,0,27018.287,0.98597798,0.023424638,255,3,949,2949
8,0,26639.532,0.99699595,0.023424638,255,3,950,2950
8,0,27080.864,0.91085615,0.023424638,255,3,951,2951
8,0,26853.288,0.99316555,0.023424638,255,3,952,2952
8,0,26230.237,0.99126785,0.023424638,255,3,953,2953
8,0,26016.446,0.95821938,0.023424638,255,3,954,2954
8,0,26436.486,0.97854699,0.023424638,255,3,955,2955
8,0,26359.984,0.96268375,0.023424638,255,3,956,2956
8,0,26792.586,0.98942446,0.023424638,255,3,957,2957
8,0,26216.891,0.96670838,0.023424638,255,3,958,2958
8,0,26073.721,0.91245466,0.023424638,255,3,959,2959
8,0,26404.003,0.99365894,0.023424638,255,3,960,2960
8,0,26554.681,0.98557942,0.023424638,255,3,961,2961
8,0,26676.104,0.98989256,0.023424638,255,3,962,2962
8,0,26683.861,0.91223427,0.023424638,255,3,963,2963
8,0,26505.053,0.98965058,0.023424638,255,3,964,2964
8,0,26112.809,0.91981126,0.023424638,255,3,965,2965
8,0,25907.61,0.9967675,0.023424638,255,3,966,2966
8,0,26302.119,0.98667027,0.023424638,255,3,967,2967
8,0,26266.22,0.96084193,0.023424638,255,3,968,2968
8,0,26432.954,0.95910724,0.023424638,255,3,969,2969
8,0,26214.503,0.96471309,0.023424638,255,3,970,2970
8,0,26510.552,0.9421701,0.023424638,255,3,971,2971
8,0,27111.851,0.98139111,0.023424638,255,3,972,2972
8,0,26831.955,0.92998711,0.023424638,255,3,973,2973
8,0,26964.794,0.99901024,0.023424638,255,3,974,2974
8,0,26931.081,0.89450671,0.023424638,255,3,975,2975
8,0,26713.386,0.99333878,0.023424638,255,3,976,2976
8,0,26315.169,0.98321274,0.023424638,255,3,977,2977
8,0,25951.023,0.89823966,0.023424638,255,3,978,2978
8,0,26075.153,0.99117888,0.023424638,255,3,979,2979
8,0,26133.447,0.85379991,0.023424638,255,3,980,2980
8,0,26458.073,0.95279026,0.023424638,255,3,981,2981
8,0,26225.073,0.99990994,0.023424638,255,3,982,2982
8,0,26172.56,0.95608251,0.023424638,255,3,983,2983
8,0,26014.542,0.99391654,0.023424638,255,3,984,2984
8,0,26091.551,0.85407568,0.023424638,255,3,985,2985
8,0,25973.732,0.92114327,0.023424638,255,3,986,2986
8,0,26116.038,0.95408191,0.023424638,255,3,987,2987
8,0,26020.108,0.93554615,0.023424638,255,3,988,2988
8,0,26426.977,0.92397059,0.023424638,255,3,989,2989
8,0,26450.663,0.97232774,0.023424638,255,3,990,2990
8,0,26641.051,0.99350206,0.023424638,255,3,991,2991
8,0,26374.566,0.96215576,0.023424638,255,3,992,2992
8,0,26534.607,0.92219125,0.023424638,255,3,993,2993
8,0,26215.033,0.98574601,0.023424638,255,3,994,2994
8,0,26055.865,0.98580329,0.023424638,255,3,995,2995
8,0,26251.229,0.98166389,0.023424638,255,3,996,2996
8,0,26529.567,0.94516894,0.023424638,255,3,997,2997
8,0,26692.055,0.99792643,0.023424638,255,3,998,2998
8,0,27099.706,0.93750992,0.023424638,255,3,999,2999
8,0,26881.643,0.94456634,0.023424638,255,3,1000,3000
7,0,25710.23,0.88256523,0.027307442,127,4,1,3001
7,0,26277.557,0.98458887,0.027307442,127,4,2,3002
7,0,26510.525,0.79372949,0.027307442,127,4,3,3003
7,0,26720.155,0.9614824,0.027307442,127,4,4,3004
7,0,26125.251,0.96386232,0.027307442,127,4,5,3005
7,0,26296.073,0.96672181,0.027307442,127,4,6,3006
7,0,26485.836,0.95344332,0.027307442,127,4,7,3007
7,0,26561.215,0.94796301,0.027307442,127,4,8,3008
7,0,26195.572,0.96988533,0.027307442,127,4,9,3009
7,0,25951.621,0.94205792,0.027307442,127,4,10,3010
7,0,25499.916,0.99465307,0.027307442,127,4,11,3011
7,0,25677.345,0.95713798,0.027307442,127,4,12,3012
7,0,26407.134,0.98057744,0.027307442,127,4,13,3013
7,0,26303.26,0.92259678,0.027307442,127,4,14,3014
7,0,26708.524,0.99890949,0.027307442,127,4,15,3015
7,0,26580.093,0.96865386,0.027307442,127,4,16,3016
7,0,26205.827,0.97628045,0.027307442,127,4,17,3017
7,0,26469.572,0.95794507,0.027307442,127,4,18,3018
7,0,26660.105,0.92178691,0.027307442,127,4,19,3019
7,0,26410.851,0.93783002,0.027307442,127,4,20,3020
7,0,26211.106,0.98139277,0.027307442,127,4,21,3021
7,0,26442.413,0.95709831,0.027307442,127,4,22,3022
7,0,26371.064,0.9199601,0.027307442,127,4,23,3023
7,0,26579.081,0.8862421,0.027307442,127,4,24,3024
7,0,26768.73,0.88827702,0.027307442,127,4,25,3025
7,0,26840.923,0.98040727,0.027307442,127,4,26,3026
7,0,26743.642,0.99633859,0.027307442,127,4,27,3027
7,0,26530.299,0.87293045,0.027307442,127,4,28,3028
7,0,26903.68,0.94110911,0.027307442,127,4,29,3029
7,0,26430.75,0.99700157,0.027307442,127,4,30,3030
7,0,26224.675,0.91301383,0.027307442,127,4,31,3031
7,0,26668.418,0.96838583,0.027307442,127,4,32,3032
7,0,26550.234,0.94790712,0.027307442,127,4,33,3033
7,0,26597.885,0.97102555,0.027307442,127,4,34,3034
7,0,26343.699,0.98270121,0.027307442,127,4,35,3035
7,0,26773.209,0.95875306,0.027307442,127,4,36,3036
7,0,26771.732,0.96706993,0.027307442,127,4,37,3037
7,0,27094.528,0.88138997,0.027307442,127,4,38,3038
7,0,26738.974,0.98468872,0.027307442,127,4,39,3039
7,0,26527.062,0.97607951,0.027307442,127,4,40,3040
7,0,26885.599,0.84512701,0.027307442,127,4,41,3041
7,0,26598.319,0.98892023,0.027307442,127,4,42,3042
7,0,26491.697,0.93054214,0.027307442,127,4,43,3043
7,0,26494.463,0.88387942,0.027307442,127,4,44,3044
7,0,26698.528,0.97021915,0.027307442,127,4,45,3045
7,0,26847.982,0.99472443,0.027307442,127,4,46,3046
7,0,26881.647,0.92272899,0.027307442,127,4,47,3047
7,0,26445.798,0.99999566,0.027307442,127,4,48,3048
7,0,26116.789,0.78792919,0.027307442,127,4,49,3049
7,0,26020.325,0.96396218,0.027307442,127,4,50,3050
7,0,26489.352,0.88831993,0.027307442,127,4,51,3051
7,0,25942.341,0.97939028,0.027307442,127,4,52,3052
7,0,25692.055,0.96605325,0.027307442,127,4,53,3053
7,0,25769.481,0.96462814,0.027307442,127,4,54,3054
7,0,26079.099,0.97755300999999994,0.027307442,127,4,55,3055
7,0,26247.653,0.95154017,0.027307442,127,4,56,3056
7,0,26397.46,0.9357315,0.027307442,127,4,57,3057
7,0,26459.949,0.86625317,0.027307442,127,4,58,3058
7,0,26429.027,0.94455568,0.027307442,127,4,59,3059
7,0,26491.096,0.95574405,0.027307442,127,4,60,3060
7,0,26220.516,0.99725613,0.027307442,127,4,61,3061
7,0,26307.459,0.93524387,0.027307442,127,4,62,3062
7,0,26487.696,0.98044229,0.027307442,127,4,63,3063
7,0,25619.731,0.98660047,0.027307442,127,4,64,3064
7,0,25428.288,0.99830167,0.027307442,127,4,65,3065
7,0,25926.547,0.86770116,0.027307442,127,4,66,3066
7,0,26145.698,0.99570564,0.027307442,127,4,67,3067
7,0,26468.623,0.97555753,0.027307442,127,4,68,3068
7,0,26811.988,0.84935343,0.027307442,127,4,69,3069
7,0,26854.822,0.97835472,0.027307442,127,4,70,3070
7,0,26460.813,0.93050314,0.027307442,127,4,71,3071
7,0,26173.028,0.99004308,0.027307442,127,4,72,3072
7,0,26310.309,0.97050036,0.027307442,127,4,73,3073
7,0,26582.406,0.95607998,0.027307442,127,4,74,3074
7,0,26385.369,0.99026582,0.027307442,127,4,75,3075
7,0,25664.179,0.94178215,0.027307442,127,4,76,3076
7,0,25824.33,0.92905606,0.027307442,127,4,77,3077
7,0,26397.091,0.92933254,0.027307442,127,4,78,3078
7,0,26451.604,0.98838376,0.027307442,127,4,79,3079
7,0,26320.514,0.96754532,0.027307442,127,4,80,3080
7,0,26198.514,0.89828402,0.027307442,127,4,81,3081
7,0,26241.312,0.94892652,0.027307442,127,4,82,3082
7,0,26497.605,0.96678905,0.027307442,127,4,83,3083
7,0,26812.096,0.917618,0.027307442,127,4,84,3084
7,0,26417.214,0.99277041,0.027307442,127,4,85,3085
7,0,26790.555,0.98701751,0.027307442,127,4,86,3086
7,0,27040.804,0.99740425,0.027307442,127,4,87,3087
7,0,27173.035,0.99968654,0.027307442,127,4,88,3088
7,0,26719.832,0.98299757,0.027307442,127,4,89,3089
7,0,26399.346,0.98699957,0.027307442,127,4,90,3090
7,0,26547.06,0.9926786,0.027307442,127,4,91,3091
7,0,26638.333,0.94020896,0.027307442,127,4,92,3092
7,0,26387.709,0.97220257,0.027307442,127,4,93,3093
7,0,26328.532,0.94080203,0.027307442,127,4,94,3094
7,0,26259.974,0.94881638,0.027307442,127,4,95,3095
7,0,26403.048,0.91906655,0.027307442,127,4,96,3096
7,0,26240.929,0.95897816,0.027307442,127,4,97,3097
7,0,26807.851,0.98932415,0.027307442,127,4,98,3098
7,0,26500.447,0.99899508,0.027307442,127,4,99,3099
7,0,26559.375,0.96980642,0.027307442,127,4,100,3100
7,0,26227.077,0.92932202,0.027307442,127,4,101,3101
7,0,26269.797,0.97477872,0.027307442,127,4,102,3102
7,0,25958.2,0.9794055,0.027307442,127,4,103,3103
7,0,25354.988,0.94264477,0.027307442,127,4,104,3104
7,0,25480.417,0.89154555,0.027307442,127,4,105,3105
7,0,25984.455,0.90044942,0.027307442,127,4,106,3106
7,0,26009.828,0.92448369,0.027307442,127,4,107,3107
7,0,25972.608,0.82142466,0.027307442,127,4,108,3108
7,0,26372.365,0.99434586,0.027307442,127,4,109,3109
7,0,26430.061,0.95473584,0.027307442,127,4,110,3110
7,0,26501.359,0.99360965,0.027307442,127,4,111,3111
7,0,26461.827,0.91129806,0.027307442,127,4,112,3112
7,0,26333.6,0.89266714,0.027307442,127,4,113,3113
7,0,25987.869,0.99771896,0.027307442,127,4,114,3114
7,0,26067.912,0.93405027,0.027307442,127,4,115,3115
7,0,26276.399,0.92235009,0.027307442,127,4,116,3116
7,0,25762.356,0.96825135,0.027307442,127,4,117,3117
7,0,25740.336,0.96268119,0.027307442,127,4,118,3118
7,0,26249.223,0.99194449,0.027307442,127,4,119,3119
7,0,26660.442,0.97388028,0.027307442,127,4,120,3120
7,0,26703.612,0.92708474,0.027307442,127,4,121,3121
7,0,26784.623,0.98815106,0.027307442,127,4,122,3122
7,0,26352.528,0.99722246,0.027307442,127,4,123,3123
7,0,26212.262,0.91487947,0.027307442,127,4,124,3124
7,0,26631.032,0.92971403,0.027307442,127,4,125,3125
7,0,26204.003,0.90109599,0.027307442,127,4,126,3126
7,0,25957.757,0.98645236,0.027307442,127,4,127,3127
7,0,26300.181,0.9857504,0.027307442,127,4,128,3128
7,0,26630.593,0.86280205,0.027307442,127,4,129,3129
7,0,26793.902,0.98736456,0.027307442,127,4,130,3130
7,0,26393.493,0.96346831,0.027307442,127,4,131,3131
7,0,26778.809,0.99834763,0.027307442,127,4,132,3132
7,0,27036.901,0.94450365,0.027307442,127,4,133,3133
7,0,27159.159,0.98600786,0.027307442,127,4,134,3134
7,0,26907.808,0.99176021,0.027307442,127,4,135,3135
7,0,26035.003,0.99436348,0.027307442,127,4,136,3136
7,0,26381.986,0.96236662,0.027307442,127,4,137,3137
7,0,26180.661,0.98787229,0.027307442,127,4,138,3138
7,0,26140.913,0.91649398,0.027307442,127,4,139,3139
7,0,26372.093,0.98412337,0.027307442,127,4,140,3140
7,0,26015.025,0.95243392,0.027307442,127,4,141,3141
7,0,26418.46,0.90673127,0.027307442,127,4,142,3142
7,0,26670.267,0.99776999,0.027307442,127,4,143,3143
7,0,26503.533,0.99513697,0.027307442,127,4,144,3144
7,0,26895.453,0.8643628,0.027307442,127,4,145,3145
7,0,26654.927,0.96240168,0.027307442,127,4,146,3146
7,0,26392.04,0.97281887,0.027307442,127,4,147,3147
7,0,26554.542,0.76283929,0.027307442,127,4,148,3148
7,0,26046.38,0.95552848,0.027307442,127,4,149,3149
7,0,26303.197,0.99532975,0.027307442,127,4,150,3150
7,0,26300.09,0.97647586,0.027307442,127,4,151,3151
7,0,26337.148,0.96953201,0.027307442,127,4,152,3152
7,0,26490.743,0.94052142,0.027307442,127,4,153,3153
7,0,25852.66,0.84822839,0.027307442,127,4,154,3154
7,0,26108.593,0.90159218,0.027307442,127,4,155,3155
7,0,26296.575,0.91008134,0.027307442,127,4,156,3156
7,0,25804.553,0.97303709,0.027307442,127,4,157,3157
7,0,25907.941,0.96506107,0.027307442,127,4,158,3158
7,0,26368.186,0.90803287,0.027307442,127,4,159,3159
7,0,26910.326,0.85278614,0.027307442,127,4,160,3160
7,0,26824.304,0.96287899,0.027307442,127,4,161,3161
7,0,26414.624,0.99411763,0.027307442,127,4,162,3162
7,0,26617.717,0.84715288,0.027307442,127,4,163,3163
7,0,26584.568,0.99181956,0.027307442,127,4,164,3164
7,0,26299.997,0.97982756,0.027307442,127,4,165,3165
7,0,26524.938,0.94302031,0.027307442,127,4,166,3166
7,0,26085.027,0.9939279,0.027307442,127,4,167,3167
7,0,26139.977,0.9301295,0.027307442,127,4,168,3168
7,0,26505.74,0.95798243,0.027307442,127,4,169,3169
7,0,26441.069,0.95524126,0.027307442,127,4,170,3170
7,0,26773.555,0.87588148,0.027307442,127,4,171,3171
7,0,26849.986,0.8896115,0.027307442,127,4,172,3172
7,0,26547.68,0.91897458,0.027307442,127,4,173,3173
7,0,27036.729,0.95503125,0.027307442,127,4,174,3174
7,0,26661.916,0.89708053,0.027307442,127,4,175,3175
7,0,26695.986,0.89953721,0.027307442,127,4,176,3176
7,0,27129.832,0.98885883,0.027307442,127,4,177,3177
7,0,27318.167,0.95501292,0.027307442,127,4,178,3178
7,0,26986.255,0.85200542,0.027307442,127,4,179,3179
7,0,27439.269,0.98048292,0.027307442,127,4,180,3180
7,0,27119.101,0.92055249,0.027307442,127,4,181,3181
7,0,27177.222,0.90128868,0.027307442,127,4,182,3182
7,0,26912.658,0.903213,0.027307442,127,4,183,3183
7,0,27152.724,0.94585834,0.027307442,127,4,184,3184
7,0,27172.386,0.85467901,0.027307442,127,4,185,3185
7,0,26928.083,0.9543826,0.027307442,127,4,186,3186
7,0,26425.118,0.97446812,0.027307442,127,4,187,3187
7,0,26352.632,0.98387113,0.027307442,127,4,188,3188
7,0,26300.158,0.96765903,0.027307442,127,4,189,3189
7,0,26555.488,0.947168,0.027307442,127,4,190,3190
7,0,26596.153,0.95388021,0.027307442,127,4,191,3191
7,0,26829.635,0.86663946,0.027307442,127,4,192,3192
7,0,26453.651,0.94292997,0.027307442,127,4,193,3193
7,0,25849.194,0.9448662,0.027307442,127,4,194,3194
7,0,26054.291,0.9156925,0.027307442,127,4,195,3195
7,0,26571.73,0.9271416,0.027307442,127,4,196,3196
7,0,27077.448,0.9954628,0.027307442,127,4,197,3197
7,0,26604.06,0.99761863,0.027307442,127,4,198,3198
7,0,26262.848,0.84826211,0.027307442,127,4,199,3199
7,0,26221.77,0.89077708,0.027307442,127,4,200,3200
7,0,26520.781,0.89485685,0.027307442,127,4,201,3201
7,0,26754.217,0.87866058,0.027307442,127,4,202,3202
7,0,26527.955,0.98041286,0.027307442,127,4,203,3203
7,0,26742.077,0.88936032,0.027307442,127,4,204,3204
7,0,26401.747,0.9100904,0.027307442,127,4,205,3205
7,0,26362.618,0.96949948,0.027307442,127,4,206,3206
7,0,26029.31,0.83482402,0.027307442,127,4,207,3207
7,0,26044.582,0.9618074,0.027307442,127,4,208,3208
7,0,26125.292,0.97530493,0.027307442,127,4,209,3209
7,0,25869.834,0.97776928,0.027307442,127,4,210,3210
7,0,25669.276,0.96736715,0.027307442,127,4,211,3211
7,0,26049.433,0.91257145,0.027307442,127,4,212,3212
7,0,26325.455,0.92434219,0.027307442,127,4,213,3213
7,0,25878.483,0.98952272,0.027307442,127,4,214,3214
7,0,26349.256,0.90534417,0.027307442,127,4,215,3215
7,0,26791.072,0.996142,0.027307442,127,4,216,3216
7,0,26583.826,0.99379806,0.027307442,127,4,217,3217
7,0,26875.947,0.97767045,0.027307442,127,4,218,3218
7,0,26761.07,0.98808512,0.027307442,127,4,219,3219
7,0,26863.559,0.99419792,0.027307442,127,4,220,3220
7,0,26688.672,0.95284746,0.027307442,127,4,221,3221
7,0,26918.965,0.83693831,0.027307442,127,4,222,3222
7,0,26543.636,0.9412651,0.027307442,127,4,223,3223
7,0,26583.779,0.82229989,0.027307442,127,4,224,3224
7,0,26054.947,0.98067626,0.027307442,127,4,225,3225
7,0,25862.736,0.90031013,0.027307442,127,4,226,3226
7,0,26200.741,0.86853617,0.027307442,127,4,227,3227
7,0,26252.695,0.98719857,0.027307442,127,4,228,3228
7,0,26673.832,0.93630958,0.027307442,127,4,229,3229
7,0,26193.924,0.9755373,0.027307442,127,4,230,3230
7,0,26099.459,0.9951287,0.027307442,127,4,231,3231
7,0,26320.22,0.93364463,0.027307442,127,4,232,3232
7,0,26372.967,0.89828656,0.027307442,127,4,233,3233
7,0,26826.04,0.91887302,0.027307442,127,4,234,3234
7,0,26993.126,0.97530638,0.027307442,127,4,235,3235
7,0,26528.064,0.99494014,0.027307442,127,4,236,3236
7,0,26526.436,0.8668505,0.027307442,127,4,237,3237
7,0,26874.232,0.93817535,0.027307442,127,4,238,3238
7,0,27307.844,0.99922889,0.027307442,127,4,239,3239
7,0,26774.42,0.93269166,0.027307442,127,4,240,3240
7,0,26857.051,0.99775735,0.027307442,127,4,241,3241
7,0,26789.042,0.9915144,0.027307442,127,4,242,3242
7,0,26937.459,0.97425747,0.027307442,127,4,243,3243
7,0,27015.479,0.98170325,0.027307442,127,4,244,3244
7,0,27339.28,0.84774868,0.027307442,127,4,245,3245
7,0,27189.203,0.92735746,0.027307442,127,4,246,3246
7,0,26358.996,0.98618103,0.027307442,127,4,247,3247
7,0,26113.915,0.97989348,0.027307442,127,4,248,3248
7,0,26584.136,0.98587618,0.027307442,127,4,249,3249
7,0,26989.859,0.92427338,0.027307442,127,4,250,3250
7,0,26902.954,0.99281789,0.027307442,127,4,251,3251
7,0,26345.206,0.9825345,0.027307442,127,4,252,3252
7,0,26290.298,0.84771647,0.027307442,127,4,253,3253
7,0,25960.975,0.76305624,0.027307442,127,4,254,3254
7,0,26335.049,0.97466389,0.027307442,127,4,255,3255
7,0,25799.705,0.99937438,0.027307442,127,4,256,3256
7,0,26236.525,0.96414674,0.027307442,127,4,257,3257
7,0,26335.819,0.9872044,0.027307442,127,4,258,3258
7,0,26225.108,0.92866562,0.027307442,127,4,259,3259
7,0,26641.957,0.94790952,0.027307442,127,4,260,3260
7,0,26568.166,0.98187425,0.027307442,127,4,261,3261
7,0,26923.197,0.99426897,0.027307442,127,4,262,3262
7,0,26859.607,0.96502007,0.027307442,127,4,263,3263
7,0,26758.204,0.6351306,0.027307442,127,4,264,3264
7,0,26746.695,0.99993015,0.027307442,127,4,265,3265
7,0,26577.867,0.9977052,0.027307442,127,4,266,3266
7,0,26611.356,0.99469042,0.027307442,127,4,267,3267
7,0,26463.928,0.96134719,0.027307442,127,4,268,3268
7,0,26354.245,0.95499285,0.027307442,127,4,269,3269
7,0,26398.909,0.97701319,0.027307442,127,4,270,3270
7,0,27192.277,0.82344823,0.027307442,127,4,271,3271
7,0,26750.45,0.99730294,0.027307442,127,4,272,3272
7,0,26751.664,0.93707375,0.027307442,127,4,273,3273
7,0,26630.012,0.99395225,0.027307442,127,4,274,3274
7,0,26738.016,0.99769608,0.027307442,127,4,275,3275
7,0,26785.947,0.96752237,0.027307442,127,4,276,3276
7,0,26508.596,0.90370534,0.027307442,127,4,277,3277
7,0,27119.024,0.99254363,0.027307442,127,4,278,3278
7,0,27075.73,0.98526412,0.027307442,127,4,279,3279
7,0,26767.267,0.98158116,0.027307442,127,4,280,3280
7,0,27124.142,0.93795187,0.027307442,127,4,281,3281
7,0,26890.138,0.90730879,0.027307442,127,4,282,3282
7,0,25993.982,0.94991574,0.027307442,127,4,283,3283
7,0,26341.44,0.85641142,0.027307442,127,4,284,3284
7,0,26418.636,0.9990855,0.027307442,127,4,285,3285
7,0,26349.311,0.99968258,0.027307442,127,4,286,3286
7,0,26199.895,0.99648613,0.027307442,127,4,287,3287
7,0,26505.553,0.98214352,0.027307442,127,4,288,3288
7,0,26378.797,0.87783443,0.027307442,127,4,289,3289
7,0,26347.865,0.92965742,0.027307442,127,4,290,3290
7,0,26843.589,0.98169645,0.027307442,127,4,291,3291
7,0,26561.79,0.82982302,0.027307442,127,4,292,3292
7,0,26600.632,0.97207606,0.027307442,127,4,293,3293
7,0,26605.172,0.96700095,0.027307442,127,4,294,3294
7,0,26537.605,0.97529851,0.027307442,127,4,295,3295
7,0,26572.926,0.9640657,0.027307442,127,4,296,3296
7,0,26660.045,0.97833704,0.027307442,127,4,297,3297
7,0,26353.702,0.86030111,0.027307442,127,4,298,3298
7,0,26338.162,0.76685216,0.027307442,127,4,299,3299
7,0,26801.304,0.96108078,0.027307442,127,4,300,3300
7,0,26200.134,0.97459693,0.027307442,127,4,301,3301
7,0,26143.375,0.88214821,0.027307442,127,4,302,3302
7,0,26372.8,0.9597382,0.027307442,127,4,303,3303
7,0,26681.065,0.83323289,0.027307442,127,4,304,3304
7,0,26764.106,0.89838591,0.027307442,127,4,305,3305
7,0,26535.141,0.96308544,0.027307442,127,4,306,3306
7,0,27025.983,0.96038149,0.027307442,127,4,307,3307
7,0,27283.251,0.9745527,0.027307442,127,4,308,3308
7,0,27095.078,0.99457307,0.027307442,127,4,309,3309
7,0,27047.387,0.99821418,0.027307442,127,4,310,3310
7,0,27006.016,0.9330123,0.027307442,127,4,311,3311
7,0,26538.651,1,0.027307442,127,4,312,3312
7,0,26312.978,0.86974452,0.027307442,127,4,313,3313
7,0,26653.948,0.90900459,0.027307442,127,4,314,3314
7,0,26553.876,0.97995919,0.027307442,127,4,315,3315
7,0,26502.631,0.88992632,0.027307442,127,4,316,3316
7,0,26139.414,0.98722715,0.027307442,127,4,317,3317
7,0,26373.231,0.9564518,0.027307442,127,4,318,3318
7,0,26214.429,0.88261709,0.027307442,127,4,319,3319
7,0,26121.577,0.98894236,0.027307442,127,4,320,3320
7,0,26388.847,0.9800132,0.027307442,127,4,321,3321
7,0,26604.275,0.93274504,0.027307442,127,4,322,3322
7,0,26986.445,0.98969155,0.027307442,127,4,323,3323
7,0,26812.567,0.93287055,0.027307442,127,4,324,3324
7,0,27096.482,0.99931195,0.027307442,127,4,325,3325
7,0,26646.188,0.99602186,0.027307442,127,4,326,3326
7,0,26673.036,0.995998,0.027307442,127,4,327,3327
7,0,26647.235,0.99623422,0.027307442,127,4,328,3328
7,0,26539.392,0.96037747,0.027307442,127,4,329,3329
7,0,26499.47,0.94980365,0.027307442,127,4,330,3330
7,0,26371.348,0.83767481,0.027307442,127,4,331,3331
7,0,26259.706,0.99953283,0.027307442,127,4,332,3332
7,0,26375.62,0.98075526,0.027307442,127,4,333,3333
7,0,26829.894,0.86696208,0.027307442,127,4,334,3334
7,0,27261.643,0.99289628,0.027307442,127,4,335,3335
7,0,27480.306,0.9876262,0.027307442,127,4,336,3336
7,0,27231.446,0.98334067,0.027307442,127,4,337,3337
7,0,27088.807,0.9974693,0.027307442,127,4,338,3338
7,0,26928.766,0.95273479,0.027307442,127,4,339,3339
7,0,26740.339,0.71529667,0.027307442,127,4,340,3340
7,0,26706.928,0.99404521,0.027307442,127,4,341,3341
7,0,26219.716,0.99742143,0.027307442,127,4,342,3342
7,0,26176.985,0.93980695,0.027307442,127,4,343,3343
7,0,25972.496,0.97988141,0.027307442,127,4,344,3344
7,0,26388.457,0.97718973,0.027307442,127,4,345,3345
7,0,26229.93,0.9574414,0.027307442,127,4,346,3346
7,0,26306.475,0.92086564,0.027307442,127,4,347,3347
7,0,26204.019,0.87865435,0.027307442,127,4,348,3348
7,0,26212.355,0.97831993,0.027307442,127,4,349,3349
7,0,26251.726,0.96626063,0.027307442,127,4,350,3350
7,0,26252.531,0.98695558,0.027307442,127,4,351,3351
7,0,26273.084,0.97294172,0.027307442,127,4,352,3352
7,0,25970.162,0.99229424,0.027307442,127,4,353,3353
7,0,25902.359,0.98803589,0.027307442,127,4,354,3354
7,0,26030.176,0.97864933,0.027307442,127,4,355,3355
7,0,25692.655,0.99706867,0.027307442,127,4,356,3356
7,0,26065.355,0.92347072,0.027307442,127,4,357,3357
7,0,25887.614,0.99161121,0.027307442,127,4,358,3358
7,0,26152.198,0.93027734,0.027307442,127,4,359,3359
7,0,26417.536,0.97750157,0.027307442,127,4,360,3360
7,0,26453.714,0.99121291,0.027307442,127,4,361,3361
7,0,25625.851,1,0.027307442,127,4,362,3362
7,0,25762.895,0.74169636,0.027307442,127,4,363,3363
7,0,26057.98,0.90792506,0.027307442,127,4,364,3364
7,0,25727.302,0.99524711,0.027307442,127,4,365,3365
7,0,25823.085,0.88799735,0.027307442,127,4,366,3366
7,0,26054.653,0.97361611,0.027307442,127,4,367,3367
7,0,26165.265,0.97982783,0.027307442,127,4,368,3368
7,0,26589.527,0.95976169,0.027307442,127,4,369,3369
7,0,26441.43,0.99976924,0.027307442,127,4,370,3370
7,0,26709.215,0.97124996,0.027307442,127,4,371,3371
7,0,26494.264,0.98827335,0.027307442,127,4,372,3372
7,0,26557.873,0.88781047,0.027307442,127,4,373,3373
7,0,26607.775,0.91774231,0.027307442,127,4,374,3374
7,0,26358.51,0.99955857,0.027307442,127,4,375,3375
7,0,26285.897,0.92166795,0.027307442,127,4,376,3376
7,0,26583.365,0.9601781,0.027307442,127,4,377,3377
7,0,26356.774,0.8990439,0.027307442,127,4,378,3378
7,0,26760.514,0.96872189,0.027307442,127,4,379,3379
7,0,26714.993,0.99769792,0.027307442,127,4,380,3380
7,0,27256.913,0.93389545,0.027307442,127,4,381,3381
7,0,27033.379,0.92182462,0.027307442,127,4,382,3382
7,0,26380.216,0.99841709,0.027307442,127,4,383,3383
7,0,26084.993,0.93205851,0.027307442,127,4,384,3384
7,0,26224.065,0.9646967,0.027307442,127,4,385,3385
7,0,26327.48,0.98529536,0.027307442,127,4,386,3386
7,0,26264.607,0.90944201,0.027307442,127,4,387,3387
7,0,26038.4,0.94992292,0.027307442,127,4,388,3388
7,0,26186.028,0.99370463,0.027307442,127,4,389,3389
7,0,26062.642,0.97292509,0.027307442,127,4,390,3390
7,0,26703.76,0.94783673,0.027307442,127,4,391,3391
7,0,26403.107,0.93249581,0.027307442,127,4,392,3392
7,0,26275.797,0.93294526,0.027307442,127,4,393,3393
7,0,26273.338,0.89309783,0.027307442,127,4,394,3394
7,0,25963.159,0.94514199,0.027307442,127,4,395,3395
7,0,26173.931,0.85342652,0.027307442,127,4,396,3396
7,0,25808.699,0.98664843,0.027307442,127,4,397,3397
7,0,25934.31,0.87713523,0.027307442,127,4,398,3398
7,0,26097.248,0.99101523,0.027307442,127,4,399,3399
7,0,26185.95,0.96381816,0.027307442,127,4,400,3400
7,0,25931.073,0.98282301,0.027307442,127,4,401,3401
7,0,26202.09,0.9670106,0.027307442,127,4,402,3402
7,0,26856.221,0.95946137,0.027307442,127,4,403,3403
7,0,27085.697,0.98521968,0.027307442,127,4,404,3404
7,0,27060.539,0.97226022,0.027307442,127,4,405,3405
7,0,26623.459,0.89909105,0.027307442,127,4,406,3406
7,0,26935.335,0.90322543,0.027307442,127,4,407,3407
7,0,26671.396,0.92326567,0.027307442,127,4,408,3408
7,0,27314.368,0.98523238,0.027307442,127,4,409,3409
7,0,26662.127,0.9723964,0.027307442,127,4,410,3410
7,0,26013.773,0.97607204,0.027307442,127,4,411,3411
7,0,26172.307,0.96877357,0.027307442,127,4,412,3412
7,0,26363.853,0.94241573,0.027307442,127,4,413,3413
7,0,26334.543,0.95929456,0.027307442,127,4,414,3414
7,0,26029.722,0.93393533,0.027307442,127,4,415,3415
7,0,25971.265,0.99422537,0.027307442,127,4,416,3416
7,0,25992.109,0.92286582,0.027307442,127,4,417,3417
7,0,25932.719,0.97686421,0.027307442,127,4,418,3418
7,0,26411.712,0.97415376,0.027307442,127,4,419,3419
7,0,26138.246,0.95879628,0.027307442,127,4,420,3420
7,0,26015.119,0.85724052,0.027307442,127,4,421,3421
7,0,25938.036,0.91839284,0.027307442,127,4,422,3422
7,0,26433.03,0.95159611,0.027307442,127,4,423,3423
7,0,26125.726,0.97355583,0.027307442,127,4,424,3424
7,0,26366.655,0.75940606,0.027307442,127,4,425,3425
7,0,26833.838,0.90610547,0.027307442,127,4,426,3426
7,0,26625.047,0.98760805,0.027307442,127,4,427,3427
7,0,26434.26,0.99778752,0.027307442,127,4,428,3428
7,0,26413.064,0.88231648,0.027307442,127,4,429,3429
7,0,26573.512,0.99087068,0.027307442,127,4,430,3430
7,0,26234.616,0.99687115,0.027307442,127,4,431,3431
7,0,26631.458,0.94707057,0.027307442,127,4,432,3432
7,0,26674.918,0.94898420000000006,0.027307442,127,4,433,3433
7,0,26071.792,0.96270531,0.027307442,127,4,434,3434
7,0,26250.794,0.87057276,0.027307442,127,4,435,3435
7,0,26418.947,0.95993294,0.027307442,127,4,436,3436
7,0,26177.036,0.96988221,0.027307442,127,4,437,3437
7,0,26036.971,0.99678532,0.027307442,127,4,438,3438
7,0,25752.836,0.91471896,0.027307442,127,4,439,3439
7,0,25920.213,0.96957192,0.027307442,127,4,440,3440
7,0,26652.949,0.9879937,0.027307442,127,4,441,3441
7,0,26589.07,0.9560005,0.027307442,127,4,442,3442
7,0,26957.408,0.72333495,0.027307442,127,4,443,3443
7,0,26973.556,0.99664296,0.027307442,127,4,444,3444
7,0,27207.385,0.9418506,0.027307442,127,4,445,3445
7,0,26982.411,0.98916662,0.027307442,127,4,446,3446
7,0,26436.126,0.99210812,0.027307442,127,4,447,3447
7,0,26059.004,0.98034968,0.027307442,127,4,448,3448
7,0,26134.734,0.94367481,0.027307442,127,4,449,3449
7,0,26532.326,0.95284691,0.027307442,127,4,450,3450
7,0,26559.199,0.91488275,0.027307442,127,4,451,3451
7,0,26114.378,0.96881304,0.027307442,127,4,452,3452
7,0,25802.263,0.9308949,0.027307442,127,4,453,3453
7,0,26214.404,0.98345725,0.027307442,127,4,454,3454
7,0,26666.29,0.92959705,0.027307442,127,4,455,3455
7,0,26626.519,0.86304315,0.027307442,127,4,456,3456
7,0,26527.135,0.95200848,0.027307442,127,4,457,3457
7,0,26348.682,0.98082552,0.027307442,127,4,458,3458
7,0,26265.509,0.96203969,0.027307442,127,4,459,3459
7,0,26606.887,0.9869303,0.027307442,127,4,460,3460
7,0,26630.065,0.96760268,0.027307442,127,4,461,3461
7,0,26780.92,0.94870401,0.027307442,127,4,462,3462
7,0,26359.619,0.99891433,0.027307442,127,4,463,3463
7,0,26081.055,0.86046239,0.027307442,127,4,464,3464
7,0,26951.398,0.73676174,0.027307442,127,4,465,3465
7,0,26916.357,0.99420217,0.027307442,127,4,466,3466
7,0,26646.657,0.97925892,0.027307442,127,4,467,3467
7,0,26163.485,0.95852759,0.027307442,127,4,468,3468
7,0,26012.075,0.99971665,0.027307442,127,4,469,3469
7,0,26084.361,0.85087854,0.027307442,127,4,470,3470
7,0,25842.902,0.96503968,0.027307442,127,4,471,3471
7,0,26189.961,0.99179898,0.027307442,127,4,472,3472
7,0,26484.865,0.76638666,0.027307442,127,4,473,3473
7,0,26429.085,0.99075275,0.027307442,127,4,474,3474
7,0,26359.863,0.96546524,0.027307442,127,4,475,3475
7,0,26845.012,0.92633708,0.027307442,127,4,476,3476
7,0,26198.986,0.99740202,0.027307442,127,4,477,3477
7,0,25970.213,0.97489178,0.027307442,127,4,478,3478
7,0,26339.452,0.83612305,0.027307442,127,4,479,3479
7,0,26693.89,0.96267249,0.027307442,127,4,480,3480
7,0,26871.314,0.93401137,0.027307442,127,4,481,3481
7,0,27328.198,0.94701163,0.027307442,127,4,482,3482
7,0,26604.928,0.99943444,0.027307442,127,4,483,3483
7,0,27044.274,0.89353786,0.027307442,127,4,484,3484
7,0,26537.092,0.99525315,0.027307442,127,4,485,3485
7,0,26330.571,0.99921733,0.027307442,127,4,486,3486
7,0,26096.539,0.92258547,0.027307442,127,4,487,3487
7,0,25749.119,0.99753243,0.027307442,127,4,488,3488
7,0,25970.124,0.9691811,0.027307442,127,4,489,3489
7,0,25916.302,0.97443596,0.027307442,127,4,490,3490
7,0,25823.603,0.79010079,0.027307442,127,4,491,3491
7,0,25601.912,0.99441459,0.027307442,127,4,492,3492
7,0,25674.297,0.90984159,0.027307442,127,4,493,3493
7,0,25428.416,0.98243236,0.027307442,127,4,494,3494
7,0,25913.17,0.84406234,0.027307442,127,4,495,3495
7,0,26163.82,0.93503017,0.027307442,127,4,496,3496
7,0,25786.937,0.98712135,0.027307442,127,4,497,3497
7,0,25717.177,0.97877929,0.027307442,127,4,498,3498
7,0,26064.309,0.99885016,0.027307442,127,4,499,3499
7,0,26143.286,0.96068083,0.027307442,127,4,500,3500
7,0,26017.422,0.99342179,0.027307442,127,4,501,3501
7,0,26199.213,0.85558995,0.027307442,127,4,502,3502
7,0,26274.495,0.93290364,0.027307442,127,4,503,3503
7,0,26714.856,0.94307449,0.027307442,127,4,504,3504
7,0,26902.172,0.93031204,0.027307442,127,4,505,3505
7,0,26698.711,0.96327651,0.027307442,127,4,506,3506
7,0,26695.767,0.94008894,0.027307442,127,4,507,3507
7,0,26535.983,0.88531557,0.027307442,127,4,508,3508
7,0,26651.88,0.90311505,0.027307442,127,4,509,3509
7,0,26848.528,0.98860964,0.027307442,127,4,510,3510
7,0,26540.107,0.78486833,0.027307442,127,4,511,3511
7,0,26409.017,0.97275902,0.027307442,127,4,512,3512
7,0,26380.018,0.94585163,0.027307442,127,4,513,3513
7,0,26278.84,0.95019675,0.027307442,127,4,514,3514
7,0,26501.939,0.92350292,0.027307442,127,4,515,3515
7,0,26773.245,0.99302929,0.027307442,127,4,516,3516
7,0,26677.927,0.9493806,0.027307442,127,4,517,3517
7,0,27030.842,0.91085749,0.027307442,127,4,518,3518
7,0,26797.285,0.9699965,0.027307442,127,4,519,3519
7,0,26772.856,0.99567177,0.027307442,127,4,520,3520
7,0,26803.8,0.98456406,0.027307442,127,4,521,3521
7,0,26857.588,0.99929357,0.027307442,127,4,522,3522
7,0,26586.226,0.99540675,0.027307442,127,4,523,3523
7,0,26970.966,0.9616522,0.027307442,127,4,524,3524
7,0,26797.7,0.88742745,0.027307442,127,4,525,3525
7,0,26438.216,0.96240196,0.027307442,127,4,526,3526
7,0,26537.152,0.99412036,0.027307442,127,4,527,3527
7,0,26419.212,0.99206271,0.027307442,127,4,528,3528
7,0,26090.038,0.97890963,0.027307442,127,4,529,3529
7,0,25959.17,0.9969003,0.027307442,127,4,530,3530
7,0,25797.972,0.95421093,0.027307442,127,4,531,3531
7,0,25873.731,0.93965505,0.027307442,127,4,532,3532
7,0,26516.404,0.87758191,0.027307442,127,4,533,3533
7,0,26611.66,0.99433131,0.027307442,127,4,534,3534
7,0,26431.482,0.88538393,0.027307442,127,4,535,3535
7,0,26426.339,0.96059473,0.027307442,127,4,536,3536
7,0,26082.538,0.98434482,0.027307442,127,4,537,3537
7,0,26127.191,0.9873755,0.027307442,127,4,538,3538
7,0,25784.303,0.96847974,0.027307442,127,4,539,3539
7,0,26272.892,0.90943879,0.027307442,127,4,540,3540
7,0,25912.54,0.98224781,0.027307442,127,4,541,3541
7,0,25980.809,0.95200064,0.027307442,127,4,542,3542
7,0,26478.257,0.99780615,0.027307442,127,4,543,3543
7,0,26084.143,0.95964277,0.027307442,127,4,544,3544
7,0,26444.34,0.97441017,0.027307442,127,4,545,3545
7,0,26749.773,0.8055824,0.027307442,127,4,546,3546
7,0,26902.75,0.86092991,0.027307442,127,4,547,3547
7,0,26760.792,0.95999474,0.027307442,127,4,548,3548
7,0,26406.061,0.97945549,0.027307442,127,4,549,3549
7,0,26608.634,0.93433105,0.027307442,127,4,550,3550
7,0,26409.336,1,0.027307442,127,4,551,3551
7,0,26419.512,0.96892261,0.027307442,127,4,552,3552
7,0,26591.094,0.97886794,0.027307442,127,4,553,3553
7,0,26517.642,0.97130674,0.027307442,127,4,554,3554
7,0,26867.653,0.94162719,0.027307442,127,4,555,3555
7,0,26968.434,0.93230909,0.027307442,127,4,556,3556
7,0,26912.707,0.99298111,0.027307442,127,4,557,3557
7,0,26547.913,0.93947376,0.027307442,127,4,558,3558
7,0,26162.389,0.96933452,0.027307442,127,4,559,3559
7,0,26245.504,0.98297944,0.027307442,127,4,560,3560
7,0,26416.343,0.86710182,0.027307442,127,4,561,3561
7,0,26712.346,0.92549036,0.027307442,127,4,562,3562
7,0,26062.462,0.995933,0.027307442,127,4,563,3563
7,0,26377.12,0.99084991,0.027307442,127,4,564,3564
7,0,26736.237,0.99436175,0.027307442,127,4,565,3565
7,0,26697.159,0.99965647,0.027307442,127,4,566,3566
7,0,26782.002,0.98695811,0.027307442,127,4,567,3567
7,0,26706.472,0.99168776,0.027307442,127,4,568,3568
7,0,26684.918,0.93490511,0.027307442,127,4,569,3569
7,0,26353.547,0.99808902,0.027307442,127,4,570,3570
7,0,25854.452,0.99664554,0.027307442,127,4,571,3571
7,0,26269.105,0.96867765,0.027307442,127,4,572,3572
7,0,26138.64,0.98062195,0.027307442,127,4,573,3573
7,0,26101.82,0.98547502,0.027307442,127,4,574,3574
7,0,26323.287,0.8003008,0.027307442,127,4,575,3575
7,0,25866.653,0.99519965,0.027307442,127,4,576,3576
7,0,26252.276,0.82727356,0.027307442,127,4,577,3577
7,0,26679.636,0.96750782,0.027307442,127,4,578,3578
7,0,26238.421,0.96059689,0.027307442,127,4,579,3579
7,0,26188.732,0.90403976,0.027307442,127,4,580,3580
7,0,26737.912,0.96240082,0.027307442,127,4,581,3581
7,0,26074.788,0.99373221,0.027307442,127,4,582,3582
7,0,25982.172,0.90969958,0.027307442,127,4,583,3583
7,0,25773.163,0.99788101,0.027307442,127,4,584,3584
7,0,26193.735,0.9309496,0.027307442,127,4,585,3585
7,0,26347.231,0.94415474,0.027307442,127,4,586,3586
7,0,26525.124,0.92706449,0.027307442,127,4,587,3587
7,0,26175.725,0.91329467,0.027307442,127,4,588,3588
7,0,26770.608,0.92673272,0.027307442,127,4,589,3589
7,0,26613.429,0.9966828,0.027307442,127,4,590,3590
7,0,26815.673,0.96618192,0.027307442,127,4,591,3591
7,0,26998.825,0.85530496,0.027307442,127,4,592,3592
7,0,26849.455,0.95088642,0.027307442,127,4,593,3593
7,0,26566.292,0.99911067,0.027307442,127,4,594,3594
7,0,27059.137,0.9683673,0.027307442,127,4,595,3595
7,0,26374.393,0.97975546,0.027307442,127,4,596,3596
7,0,26390.021,0.97920461,0.027307442,127,4,597,3597
7,0,26080.28,0.98691096,0.027307442,127,4,598,3598
7,0,26664.167,0.83956107,0.027307442,127,4,599,3599
7,0,26540.273,0.97125666,0.027307442,127,4,600,3600
7,0,26300.108,0.91927041,0.027307442,127,4,601,3601
7,0,25936.974,0.97012027,0.027307442,127,4,602,3602
7,0,25916.978,0.89821678,0.027307442,127,4,603,3603
7,0,26052.021,0.99933616,0.027307442,127,4,604,3604
7,0,26345.808,0.9866558,0.027307442,127,4,605,3605
7,0,26021.315,0.84435958,0.027307442,127,4,606,3606
7,0,26326.986,0.93871916,0.027307442,127,4,607,3607
7,0,26125.95,0.97686929,0.027307442,127,4,608,3608
7,0,25929.174,0.92503053,0.027307442,127,4,609,3609
7,0,26377.458,0.99195043,0.027307442,127,4,610,3610
7,0,26280.329,0.94036482,0.027307442,127,4,611,3611
7,0,26328.233,0.92788599,0.027307442,127,4,612,3612
7,0,26110.468,0.98172168,0.027307442,127,4,613,3613
7,0,26048.684,0.89538997,0.027307442,127,4,614,3614
7,0,26388.377,0.965579,0.027307442,127,4,615,3615
7,0,26087.763,0.99774138,0.027307442,127,4,616,3616
7,0,25996.414,0.97665927,0.027307442,127,4,617,3617
7,0,26042.486,0.96932399,0.027307442,127,4,618,3618
7,0,26164.795,0.94104696,0.027307442,127,4,619,3619
7,0,26040.509,0.89039998,0.027307442,127,4,620,3620
7,0,25869.078,0.96586618,0.027307442,127,4,621,3621
7,0,26085.636,0.93023752,0.027307442,127,4,622,3622
7,0,26151.487,0.94228624,0.027307442,127,4,623,3623
7,0,26312.988,0.95594043,0.027307442,127,4,624,3624
7,0,26779.961,0.63456579,0.027307442,127,4,625,3625
7,0,26384.255,0.99258923,0.027307442,127,4,626,3626
7,0,26328.526,0.94127325,0.027307442,127,4,627,3627
7,0,26130.753,0.88500984,0.027307442,127,4,628,3628
7,0,25877.584,0.95158747,0.027307442,127,4,629,3629
7,0,25815.127,0.89188214,0.027307442,127,4,630,3630
7,0,26385.518,0.98042691,0.027307442,127,4,631,3631
7,0,26341.574,0.92091692,0.027307442,127,4,632,3632
7,0,26244.216,0.9275721,0.027307442,127,4,633,3633
7,0,26677.542,0.97947542,0.027307442,127,4,634,3634
7,0,26807.228,0.99385405,0.027307442,127,4,635,3635
7,0,26933.556,0.97445013,0.027307442,127,4,636,3636
7,0,26953.426,0.90618175,0.027307442,127,4,637,3637
7,0,27036.711,0.88563789,0.027307442,127,4,638,3638
7,0,26963.901,0.96876171,0.027307442,127,4,639,3639
7,0,27110.822,0.93098672,0.027307442,127,4,640,3640
7,0,26770.331,0.98723706,0.027307442,127,4,641,3641
7,0,27029.883,0.85619631,0.027307442,127,4,642,3642
7,0,27430.629,0.99268575,0.027307442,127,4,643,3643
7,0,27216.176,0.97955745,0.027307442,127,4,644,3644
7,0,27107.295,0.9969013,0.027307442,127,4,645,3645
7,0,26390.512,0.96417671,0.027307442,127,4,646,3646
7,0,26194.777,0.93186863,0.027307442,127,4,647,3647
7,0,26135.158,0.98465155,0.027307442,127,4,648,3648
7,0,26211.424,0.99871954,0.027307442,127,4,649,3649
7,0,26146.23,0.98344048,0.027307442,127,4,650,3650
7,0,26814.192,0.73085036,0.027307442,127,4,651,3651
7,0,26607.396,0.96202839,0.027307442,127,4,652,3652
7,0,26702.994,0.98403969,0.027307442,127,4,653,3653
7,0,26436.113,0.90587581,0.027307442,127,4,654,3654
7,0,26297.05,0.96495757,0.027307442,127,4,655,3655
7,0,26544.826,0.96862525,0.027307442,127,4,656,3656
7,0,26579.802,0.99257633,0.027307442,127,4,657,3657
7,0,26555.191,0.86280374,0.027307442,127,4,658,3658
7,0,27039.526,0.90259735,0.027307442,127,4,659,3659
7,0,26568.574,0.97151301,0.027307442,127,4,660,3660
7,0,26643.104,0.98786672,0.027307442,127,4,661,3661
7,0,26395.558,0.99993502,0.027307442,127,4,662,3662
7,0,26540.319,0.97511356,0.027307442,127,4,663,3663
7,0,26534.065,0.93863333,0.027307442,127,4,664,3664
7,0,26504.936,0.96663096,0.027307442,127,4,665,3665
7,0,26211.541,0.98531128,0.027307442,127,4,666,3666
7,0,26542.915,0.94834385,0.027307442,127,4,667,3667
7,0,26895.528,0.87232838,0.027307442,127,4,668,3668
7,0,27043.287,0.98449702,0.027307442,127,4,669,3669
7,0,26439.578,0.93404961,0.027307442,127,4,670,3670
7,0,26394.483,0.96442274,0.027307442,127,4,671,3671
7,0,26071.455,0.97685651,0.027307442,127,4,672,3672
7,0,26187.902,0.99489287,0.027307442,127,4,673,3673
7,0,25952.554,0.92176293,0.027307442,127,4,674,3674
7,0,25993.821,0.97274438,0.027307442,127,4,675,3675
7,0,25986.864,0.94236786,0.027307442,127,4,676,3676
7,0,27094.714,0.96908356,0.027307442,127,4,677,3677
7,0,26919.821,0.87055248,0.027307442,127,4,678,3678
7,0,27044.874,0.9330348,0.027307442,127,4,679,3679
7,0,26901.075,0.99866356,0.027307442,127,4,680,3680
7,0,27013.132,0.99457885,0.027307442,127,4,681,3681
7,0,26926.312,0.97277803,0.027307442,127,4,682,3682
7,0,26871.088,0.78757102,0.027307442,127,4,683,3683
7,0,27151.147,0.91123056,0.027307442,127,4,684,3684
7,0,27347.767,0.95705276,0.027307442,127,4,685,3685
7,0,26498.106,0.96661300000000006,0.027307442,127,4,686,3686
7,0,26143.575,0.90072347,0.027307442,127,4,687,3687
7,0,26365.847,0.97606145,0.027307442,127,4,688,3688
7,0,26123.242,0.93532196,0.027307442,127,4,689,3689
7,0,26704.875,0.99917374,0.027307442,127,4,690,3690
7,0,26622.952,0.9918795,0.027307442,127,4,691,3691
7,0,26507.777,0.95486298,0.027307442,127,4,692,3692
7,0,26837.525,0.86481657,0.027307442,127,4,693,3693
7,0,26351.301,0.98295456,0.027307442,127,4,694,3694
7,0,26641.07,0.93480222,0.027307442,127,4,695,3695
7,0,26550.067,0.99156795,0.027307442,127,4,696,3696
7,0,26474.062,0.87582556,0.027307442,127,4,697,3697
7,0,26440.131,0.94914868,0.027307442,127,4,698,3698
7,0,26342.615,0.9845547,0.027307442,127,4,699,3699
7,0,26552.747,0.98922152,0.027307442,127,4,700,3700
7,0,26580.823,0.96674864,0.027307442,127,4,701,3701
7,0,26619.491,0.92912014,0.027307442,127,4,702,3702
7,0,26434.031,0.93716242,0.027307442,127,4,703,3703
7,0,26529.645,0.93564735,0.027307442,127,4,704,3704
7,0,26601.031,0.93368651,0.027307442,127,4,705,3705
7,0,27016.752,0.92923585,0.027307442,127,4,706,3706
7,0,26139.718,0.99958166,0.027307442,127,4,707,3707
7,0,25988.56,0.9676322,0.027307442,127,4,708,3708
7,0,26121.183,0.96627847,0.027307442,127,4,709,3709
7,0,26689.342,0.86906164,0.027307442,127,4,710,3710
7,0,25880.364,0.83045767,0.027307442,127,4,711,3711
7,0,25893.746,0.95090474,0.027307442,127,4,712,3712
7,0,26159.812,0.76834634,0.027307442,127,4,713,3713
7,0,26231.086,0.87366825,0.027307442,127,4,714,3714
7,0,26673.89,0.97459507,0.027307442,127,4,715,3715
7,0,26572.106,0.82483848,0.027307442,127,4,716,3716
7,0,26556.284,0.94884777,0.027307442,127,4,717,3717
7,0,26736.54,0.99000168,0.027307442,127,4,718,3718
7,0,26447.077,0.97491361,0.027307442,127,4,719,3719
7,0,26732.559,0.92625842,0.027307442,127,4,720,3720
7,0,26294.573,0.99707871,0.027307442,127,4,721,3721
7,0,26278.755,0.93209373,0.027307442,127,4,722,3722
7,0,26083.771,0.94048068,0.027307442,127,4,723,3723
7,0,26461.843,0.98021435,0.027307442,127,4,724,3724
7,0,26536.243,0.83930433,0.027307442,127,4,725,3725
7,0,26763.356,0.93881134,0.027307442,127,4,726,3726
7,0,26957.238,0.95022353,0.027307442,127,4,727,3727
7,0,26783.654,0.9316877,0.027307442,127,4,728,3728
7,0,26724.829,0.91538929,0.027307442,127,4,729,3729
7,0,27115.474,0.98609635,0.027307442,127,4,730,3730
7,0,26977.584,0.97564157,0.027307442,127,4,731,3731
7,0,26338.436,0.97111308,0.027307442,127,4,732,3732
7,0,26701.371,0.92744114,0.027307442,127,4,733,3733
7,0,26653.011,0.97696838,0.027307442,127,4,734,3734
7,0,26530.439,0.93489209,0.027307442,127,4,735,3735
7,0,26486.886,0.95384577,0.027307442,127,4,736,3736
7,0,26367.329,0.97831728,0.027307442,127,4,737,3737
7,0,26376.831,0.84787016,0.027307442,127,4,738,3738
7,0,26542.771,0.90031834,0.027307442,127,4,739,3739
7,0,26672.128,0.99372726,0.027307442,127,4,740,3740
7,0,26030.004,0.99591415,0.027307442,127,4,741,3741
7,0,25994.696,0.90702944,0.027307442,127,4,742,3742
7,0,26496.874,0.95490337,0.027307442,127,4,743,3743
7,0,26070.323,0.98715925,0.027307442,127,4,744,3744
7,0,26274.544,0.91508746,0.027307442,127,4,745,3745
7,0,26199.354,0.97477144,0.027307442,127,4,746,3746
7,0,26267.04,0.89124912,0.027307442,127,4,747,3747
7,0,26838.453,0.97379309,0.027307442,127,4,748,3748
7,0,26815.76,0.99334096,0.027307442,127,4,749,3749
7,0,26447.916,0.98580832,0.027307442,127,4,750,3750
7,0,26332.665,0.87585164,0.027307442,127,4,751,3751
7,0,26106.393,0.97850331,0.027307442,127,4,752,3752
7,0,26285.808,0.94702484,0.027307442,127,4,753,3753
7,0,26145.091,0.85766078,0.027307442,127,4,754,3754
7,0,25823.786,0.99143552,0.027307442,127,4,755,3755
7,0,25695.872,0.95809718,0.027307442,127,4,756,3756
7,0,26017.488,0.9576197,0.027307442,127,4,757,3757
7,0,26303.884,0.98763658,0.027307442,127,4,758,3758
7,0,26422.333,0.97139009,0.027307442,127,4,759,3759
7,0,26364.52,0.81560829,0.027307442,127,4,760,3760
7,0,25865.826,0.88103071,0.027307442,127,4,761,3761
7,0,26373.996,0.98957811,0.027307442,127,4,762,3762
7,0,26634.347,0.97043789,0.027307442,127,4,763,3763
7,0,26738.049,0.94424192,0.027307442,127,4,764,3764
7,0,26433.956,0.99667781,0.027307442,127,4,765,3765
7,0,26579.396,0.80234475,0.027307442,127,4,766,3766
7,0,26101.989,0.99027254,0.027307442,127,4,767,3767
7,0,26464.453,0.95729644,0.027307442,127,4,768,3768
7,0,27019.554,0.8954569,0.027307442,127,4,769,3769
7,0,27106.443,0.99355951,0.027307442,127,4,770,3770
7,0,26219.598,0.99964186,0.027307442,127,4,771,3771
7,0,26203.129,0.96006342,0.027307442,127,4,772,3772
7,0,26563.694,0.91722806,0.027307442,127,4,773,3773
7,0,25990.268,0.98638333,0.027307442,127,4,774,3774
7,0,26410.861,0.94432706,0.027307442,127,4,775,3775
7,0,27090.95,0.9356015,0.027307442,127,4,776,3776
7,0,26720.858,0.96033196,0.027307442,127,4,777,3777
7,0,26646.355,0.99241853,0.027307442,127,4,778,3778
7,0,26657.355,0.89420912,0.027307442,127,4,779,3779
7,0,26637.264,0.97769218,0.027307442,127,4,780,3780
7,0,26382.558,0.99485881,0.027307442,127,4,781,3781
7,0,26216.139,0.98432985,0.027307442,127,4,782,3782
7,0,26122.818,0.91634411,0.027307442,127,4,783,3783
7,0,25946.356,0.92315713,0.027307442,127,4,784,3784
7,0,26183.548,0.93878206,0.027307442,127,4,785,3785
7,0,26256.06,0.9345899,0.027307442,127,4,786,3786
7,0,26803.612,0.85319247,0.027307442,127,4,787,3787
7,0,26497.047,0.97991111,0.027307442,127,4,788,3788
7,0,26249.759,0.97462642,0.027307442,127,4,789,3789
7,0,26321.259,0.99625908,0.027307442,127,4,790,3790
7,0,26791.449,0.87962164,0.027307442,127,4,791,3791
7,0,26944.886,0.91266441,0.027307442,127,4,792,3792
7,0,26738.973,0.99734354,0.027307442,127,4,793,3793
7,0,25975.659,0.96984793,0.027307442,127,4,794,3794
7,0,26151.855,0.97716811,0.027307442,127,4,795,3795
7,0,25769.237,0.94848482,0.027307442,127,4,796,3796
7,0,25948.054,0.96168273,0.027307442,127,4,797,3797
7,0,25705.541,0.98147249,0.027307442,127,4,798,3798
7,0,25918.436,0.93374809,0.027307442,127,4,799,3799
7,0,25998.844,0.96665533,0.027307442,127,4,800,3800
7,0,26432.366,0.92866898,0.027307442,127,4,801,3801
7,0,26592.326,0.96665194,0.027307442,127,4,802,3802
7,0,26119.017,0.99639059,0.027307442,127,4,803,3803
7,0,26298.68,0.84810903,0.027307442,127,4,804,3804
7,0,26494.612,0.95302104,0.027307442,127,4,805,3805
7,0,26520.924,0.93993682,0.027307442,127,4,806,3806
7,0,26829.046,0.9597449,0.027307442,127,4,807,3807
7,0,26832.255,0.97238522,0.027307442,127,4,808,3808
7,0,26410.507,0.96174379,0.027307442,127,4,809,3809
7,0,26336.832,0.9716852,0.027307442,127,4,810,3810
7,0,26581.854,0.99487439,0.027307442,127,4,811,3811
7,0,25981.411,0.99744899,0.027307442,127,4,812,3812
7,0,26339.304,0.99742351,0.027307442,127,4,813,3813
7,0,26085.51,0.9869083,0.027307442,127,4,814,3814
7,0,25743.571,0.97647997,0.027307442,127,4,815,3815
7,0,25640.923,0.82620353,0.027307442,127,4,816,3816
7,0,25725.32,0.98164702,0.027307442,127,4,817,3817
7,0,25978.65,0.99059353000000006,0.027307442,127,4,818,3818
7,0,26237.925,0.99265462,0.027307442,127,4,819,3819
7,0,26153.206,0.96178517,0.027307442,127,4,820,3820
7,0,26296.023,0.87659478,0.027307442,127,4,821,3821
7,0,26119.131,0.96965044,0.027307442,127,4,822,3822
7,0,26161.431,0.99273116,0.027307442,127,4,823,3823
7,0,26651.653,0.85782914,0.027307442,127,4,824,3824
7,0,25955.171,0.98084516,0.027307442,127,4,825,3825
7,0,26023.523,0.99859269,0.027307442,127,4,826,3826
7,0,26195.176,0.99915885,0.027307442,127,4,827,3827
7,0,25850.613,0.99087008,0.027307442,127,4,828,3828
7,0,25746.016,0.96779305,0.027307442,127,4,829,3829
7,0,26104.01,0.91200325,0.027307442,127,4,830,3830
7,0,26440.946,0.95223165,0.027307442,127,4,831,3831
7,0,26669.519,0.81764027,0.027307442,127,4,832,3832
7,0,26463.16,0.98732083,0.027307442,127,4,833,3833
7,0,26637.097,0.93099105,0.027307442,127,4,834,3834
7,0,26537.454,0.88538043,0.027307442,127,4,835,3835
7,0,26918.527,0.90421516,0.027307442,127,4,836,3836
7,0,26886.49,0.98774889,0.027307442,127,4,837,3837
7,0,26673.17,0.99056881,0.027307442,127,4,838,3838
7,0,26471.518,0.99865606,0.027307442,127,4,839,3839
7,0,26027.516,0.96996519,0.027307442,127,4,840,3840
7,0,26661.186,0.87568403,0.027307442,127,4,841,3841
7,0,27136.296,0.9755598,0.027307442,127,4,842,3842
7,0,26758.682,0.97730815,0.027307442,127,4,843,3843
7,0,26735.883,0.97948224,0.027307442,127,4,844,3844
7,0,26661.658,0.84588291,0.027307442,127,4,845,3845
7,0,26455.043,0.99551135,0.027307442,127,4,846,3846
7,0,26512.834,0.87757736,0.027307442,127,4,847,3847
7,0,26285.744,0.98644448,0.027307442,127,4,848,3848
7,0,26434.718,0.9954911,0.027307442,127,4,849,3849
7,0,26392.75,0.99989666,0.027307442,127,4,850,3850
7,0,26203.056,0.88248212,0.027307442,127,4,851,3851
7,0,26530.415,0.80057267,0.027307442,127,4,852,3852
7,0,26510.64,1,0.027307442,127,4,853,3853
7,0,26653.339,0.93746779,0.027307442,127,4,854,3854
7,0,26563.496,0.97926375,0.027307442,127,4,855,3855
7,0,26766.671,0.98201578,0.027307442,127,4,856,3856
7,0,26288.942,0.95665444,0.027307442,127,4,857,3857
7,0,26550.47,0.87780156,0.027307442,127,4,858,3858
7,0,27061.339,0.88779356,0.027307442,127,4,859,3859
7,0,27367.296,0.97816806,0.027307442,127,4,860,3860
7,0,27451.516,0.89702605,0.027307442,127,4,861,3861
7,0,27259.507,0.99109745,0.027307442,127,4,862,3862
7,0,27243.631,0.98313223,0.027307442,127,4,863,3863
7,0,27004.79,0.99600205,0.027307442,127,4,864,3864
7,0,27195.955,0.94014343,0.027307442,127,4,865,3865
7,0,26652.055,0.98440629,0.027307442,127,4,866,3866
7,0,26245.592,0.85417109,0.027307442,127,4,867,3867
7,0,26059.343,0.99073884,0.027307442,127,4,868,3868
7,0,25728.255,0.93096282,0.027307442,127,4,869,3869
7,0,26145.908,0.93791446,0.027307442,127,4,870,3870
7,0,26373.838,0.96085805,0.027307442,127,4,871,3871
7,0,26409.909,0.92353197,0.027307442,127,4,872,3872
7,0,26234.983,0.9990564,0.027307442,127,4,873,3873
7,0,26625.696,0.89472072,0.027307442,127,4,874,3874
7,0,26568.035,0.9991029,0.027307442,127,4,875,3875
7,0,26290.929,0.97998398,0.027307442,127,4,876,3876
7,0,26079.554,0.99989611,0.027307442,127,4,877,3877
7,0,25942.87,0.79222316,0.027307442,127,4,878,3878
7,0,26019.913,0.95663802,0.027307442,127,4,879,3879
7,0,25782.593,0.84220066,0.027307442,127,4,880,3880
7,0,26071.928,0.93069766,0.027307442,127,4,881,3881
7,0,26195.855,0.99948244,0.027307442,127,4,882,3882
7,0,25557.112,0.99545042,0.027307442,127,4,883,3883
7,0,25838.668,0.94785898,0.027307442,127,4,884,3884
7,0,25854.033,0.9269773,0.027307442,127,4,885,3885
7,0,25747.964,0.9498443,0.027307442,127,4,886,3886
7,0,26008.509,0.8099342,0.027307442,127,4,887,3887
7,0,25746.82,0.98008011,0.027307442,127,4,888,3888
7,0,25746.857,0.9713122,0.027307442,127,4,889,3889
7,0,26126.036,0.99255211,0.027307442,127,4,890,3890
7,0,26861.202,0.98003496,0.027307442,127,4,891,3891
7,0,26713.32,0.91164456,0.027307442,127,4,892,3892
7,0,26454.322,0.99170088,0.027307442,127,4,893,3893
7,0,26573.698,0.96310497,0.027307442,127,4,894,3894
7,0,26742.739,0.92877854,0.027307442,127,4,895,3895
7,0,26450.349,0.99136543,0.027307442,127,4,896,3896
7,0,26969.506,0.94927895,0.027307442,127,4,897,3897
7,0,26628.646,0.97068161,0.027307442,127,4,898,3898
7,0,26149.237,0.9844399,0.027307442,127,4,899,3899
7,0,26345.788,0.89455416,0.027307442,127,4,900,3900
7,0,26619.954,0.90425359,0.027307442,127,4,901,3901
7,0,26460.596,0.97410665,0.027307442,127,4,902,3902
7,0,26381.116,0.88937026,0.027307442,127,4,903,3903
7,0,26115.966,0.97562174,0.027307442,127,4,904,3904
7,0,25941.365,0.97866456,0.027307442,127,4,905,3905
7,0,26099.896,0.92648764,0.027307442,127,4,906,3906
7,0,26130.281,0.9491369,0.027307442,127,4,907,3907
7,0,26530.12,0.99275561,0.027307442,127,4,908,3908
7,0,26477.852,0.99076657,0.027307442,127,4,909,3909
7,0,26866.698,0.88306445,0.027307442,127,4,910,3910
7,0,26811.5,0.96056897,0.027307442,127,4,911,3911
7,0,26781.229,0.95176714,0.027307442,127,4,912,3912
7,0,26596.067,0.92389391,0.027307442,127,4,913,3913
7,0,26453.433,0.95479445,0.027307442,127,4,914,3914
7,0,26300.116,0.98900862,0.027307442,127,4,915,3915
7,0,26897.082,0.9912147,0.027307442,127,4,916,3916
7,0,26564.663,0.99161534,0.027307442,127,4,917,3917
7,0,26479.66,0.90316878,0.027307442,127,4,918,3918
7,0,26760.455,0.95414452,0.027307442,127,4,919,3919
7,0,25951.369,0.92726261,0.027307442,127,4,920,3920
7,0,25673.853,0.94009622,0.027307442,127,4,921,3921
7,0,25633.97,0.98507381,0.027307442,127,4,922,3922
7,0,25839.332,0.90382876,0.027307442,127,4,923,3923
7,0,25851.773,0.79878686,0.027307442,127,4,924,3924
7,0,25840.781,0.91712858,0.027307442,127,4,925,3925
7,0,26003.115,0.98795142,0.027307442,127,4,926,3926
7,0,26326.181,0.99527374,0.027307442,127,4,927,3927
7,0,25992.078,0.99285426,0.027307442,127,4,928,3928
7,0,26061.45,0.9958675,0.027307442,127,4,929,3929
7,0,25927.682,0.90130863,0.027307442,127,4,930,3930
7,0,25693.744,0.91226323,0.027307442,127,4,931,3931
7,0,25594.73,0.98104546,0.027307442,127,4,932,3932
7,0,26020.147,0.82338326,0.027307442,127,4,933,3933
7,0,26208.044,0.96173848,0.027307442,127,4,934,3934
7,0,26424.496,0.99112016,0.027307442,127,4,935,3935
7,0,26379.852,0.93019561,0.027307442,127,4,936,3936
7,0,26930.869,0.91715439,0.027307442,127,4,937,3937
7,0,26082.221,0.86987357,0.027307442,127,4,938,3938
7,0,26063.527,0.97384797,0.027307442,127,4,939,3939
7,0,26634.041,0.8613564,0.027307442,127,4,940,3940
7,0,26303.885,0.72171082,0.027307442,127,4,941,3941
7,0,26245.518,0.96892294,0.027307442,127,4,942,3942
7,0,26183.098,0.99494321,0.027307442,127,4,943,3943
7,0,26504.637,0.90741148,0.027307442,127,4,944,3944
7,0,26487.518,0.94227282,0.027307442,127,4,945,3945
7,0,26614.202,0.88449747,0.027307442,127,4,946,3946
7,0,26839.493,0.97874445,0.027307442,127,4,947,3947
7,0,26546.638,0.99198826,0.027307442,127,4,948,3948
7,0,26958.535,0.96276132,0.027307442,127,4,949,3949
7,0,26789.453,0.86896046,0.027307442,127,4,950,3950
7,0,26651.33,0.88845021,0.027307442,127,4,951,3951
7,0,26818.895,0.99562463,0.027307442,127,4,952,3952
7,0,26785.742,0.9981059,0.027307442,127,4,953,3953
7,0,26522.437,0.88054515,0.027307442,127,4,954,3954
7,0,26916.058,0.92742333,0.027307442,127,4,955,3955
7,0,26563.864,0.98471692,0.027307442,127,4,956,3956
7,0,26718.898,0.93723079,0.027307442,127,4,957,3957
7,0,26729.099,0.98951278,0.027307442,127,4,958,3958
7,0,26559.168,0.98571406,0.027307442,127,4,959,3959
7,0,26251.595,0.87764547,0.027307442,127,4,960,3960
7,0,26391.202,0.97272201,0.027307442,127,4,961,3961
7,0,26319.649,0.84657108,0.027307442,127,4,962,3962
7,0,26744.016,0.98184013,0.027307442,127,4,963,3963
7,0,26548.532,0.96833646,0.027307442,127,4,964,3964
7,0,26375.854,0.94948826,0.027307442,127,4,965,3965
7,0,26617.031,0.90728051,0.027307442,127,4,966,3966
7,0,26526.823,0.9275635,0.027307442,127,4,967,3967
7,0,26792.794,0.97515294,0.027307442,127,4,968,3968
7,0,26807.072,0.94171339,0.027307442,127,4,969,3969
7,0,26909.061,0.97583974,0.027307442,127,4,970,3970
7,0,26655.972,0.98041404,0.027307442,127,4,971,3971
7,0,26508.775,0.96049026,0.027307442,127,4,972,3972
7,0,26712.22,0.97393571,0.027307442,127,4,973,3973
7,0,26646.047,0.97410184,0.027307442,127,4,974,3974
7,0,26527.656,0.7473316,0.027307442,127,4,975,3975
7,0,26897.21,0.91466646,0.027307442,127,4,976,3976
7,0,26666.34,0.99675176,0.027307442,127,4,977,3977
7,0,26712.388,0.9241729,0.027307442,127,4,978,3978
7,0,26759.105,0.97722803,0.027307442,127,4,979,3979
7,0,26556.09,0.99990557,0.027307442,127,4,980,3980
7,0,26361.518,0.99051444,0.027307442,127,4,981,3981
7,0,27096.885,0.96340422,0.027307442,127,4,982,3982
7,0,26677.172,0.99877158,0.027307442,127,4,983,3983
7,0,26748.63,0.99685514,0.027307442,127,4,984,3984
7,0,26917.444,0.99135736,0.027307442,127,4,985,3985
7,0,26585.772,0.96011387,0.027307442,127,4,986,3986
7,0,26522.237,0.88570483,0.027307442,127,4,987,3987
7,0,26378.902,0.97623498,0.027307442,127,4,988,3988
7,0,26449.342,0.98434124,0.027307442,127,4,989,3989
7,0,26430.213,0.98184328,0.027307442,127,4,990,3990
7,0,26894.582,0.90115837,0.027307442,127,4,991,3991
7,0,27213.213,0.96414035,0.027307442,127,4,992,3992
7,0,27183.849,0.99949868,0.027307442,127,4,993,3993
7,0,26795.026,0.97236332,0.027307442,127,4,994,3994
7,0,27352.778,0.89178599,0.027307442,127,4,995,3995
7,0,26923.98,0.99965005,0.027307442,127,4,996,3996
7,0,26831.696,0.91513613,0.027307442,127,4,997,3997
7,0,26809.397,0.93268851,0.027307442,127,4,998,3998
7,0,26727.883,0.95427028,0.027307442,127,4,999,3999
7,0,26631.352,0.91592238,0.027307442,127,4,1000,4000
