treedepth__,divergent__,energy__,accept_stat__,stepsize__,n_leapfrog__,.chain,.iteration,.draw
7,0,104223.81,0.91859205,0.033064191,127,1,1,1
7,0,104575.74,0.9443335,0.033064191,127,1,2,2
7,0,104673.34,0.86887802,0.033064191,127,1,3,3
7,0,104575.4,0.87788662,0.033064191,127,1,4,4
7,0,104668.48,0.99229306,0.033064191,127,1,5,5
7,0,104389.75,0.96913191,0.033064191,127,1,6,6
7,0,104214.81,0.88278552,0.033064191,127,1,7,7
7,0,104730.1,0.99775994,0.033064191,127,1,8,8
7,0,104207.04,0.99976159,0.033064191,127,1,9,9
7,0,103892.89,0.88269299,0.033064191,127,1,10,10
7,0,103841.56,0.99488917,0.033064191,127,1,11,11
7,0,103395.92,0.86554854,0.033064191,127,1,12,12
7,0,103366.36,0.78082072,0.033064191,127,1,13,13
7,0,103554.33,0.639326,0.033064191,127,1,14,14
7,0,103980.04,0.84239984,0.033064191,127,1,15,15
7,0,104093.84,0.92796745,0.033064191,127,1,16,16
7,0,104084.34,0.7771174,0.033064191,127,1,17,17
7,0,104217.86,0.85178414,0.033064191,127,1,18,18
7,0,104157.2,0.81689502,0.033064191,127,1,19,19
7,0,103806.96,0.97374898,0.033064191,127,1,20,20
7,0,103974.44,0.9915608,0.033064191,127,1,21,21
7,0,104258.78,0.84531178,0.033064191,127,1,22,22
7,0,104408.03,0.97250231,0.033064191,127,1,23,23
7,0,103955.47,0.92578709,0.033064191,127,1,24,24
7,0,104478.77,0.47173806,0.033064191,127,1,25,25
7,0,105023.66,0.88415777,0.033064191,127,1,26,26
7,0,105157.32,0.63947091,0.033064191,127,1,27,27
7,0,104842.6,0.76574198,0.033064191,127,1,28,28
7,0,104968.34,0.96199886,0.033064191,127,1,29,29
7,0,105140.01,0.69541558,0.033064191,127,1,30,30
7,0,104999,0.95172882,0.033064191,127,1,31,31
7,0,104670.16,0.95906608,0.033064191,127,1,32,32
7,0,104569.69,0.95995402,0.033064191,127,1,33,33
7,0,104889.68,0.75805756,0.033064191,127,1,34,34
7,0,104705.9,0.97598353,0.033064191,127,1,35,35
7,0,104592.58,0.95893996,0.033064191,127,1,36,36
7,0,104442.28,0.94221037,0.033064191,127,1,37,37
7,0,103867.68,0.85961929,0.033064191,127,1,38,38
7,0,103955.61,0.6665509,0.033064191,127,1,39,39
7,0,103915.21,0.9517916,0.033064191,127,1,40,40
7,0,103649.36,0.90026839,0.033064191,127,1,41,41
7,0,104116.33,0.68924277,0.033064191,127,1,42,42
7,0,104211.87,0.97836443,0.033064191,127,1,43,43
7,0,104480.11,0.84225518,0.033064191,127,1,44,44
7,0,104301.62,0.96749472,0.033064191,127,1,45,45
7,0,104948.68,0.82503711,0.033064191,127,1,46,46
7,0,104660.49,0.67963725,0.033064191,127,1,47,47
7,0,104856.13,0.96403302,0.033064191,127,1,48,48
7,0,105327.12,0.5497401,0.033064191,127,1,49,49
7,0,104368.72,0.99717164,0.033064191,127,1,50,50
7,0,104652.53,0.97542132,0.033064191,127,1,51,51
7,0,104589.72,0.99138207,0.033064191,127,1,52,52
7,0,104320.76,0.93462984,0.033064191,127,1,53,53
7,0,104554.96,0.79014681,0.033064191,127,1,54,54
7,0,104971.67,0.92145484,0.033064191,127,1,55,55
7,0,104879.34,0.95098884,0.033064191,127,1,56,56
7,0,104463.23,0.99895179,0.033064191,127,1,57,57
7,0,104449.13,0.78768556,0.033064191,127,1,58,58
7,0,104606,0.77323477,0.033064191,127,1,59,59
7,0,104613.16,0.98009764,0.033064191,127,1,60,60
7,0,104738.86,0.59719364,0.033064191,127,1,61,61
7,0,104665.24,0.98646563,0.033064191,127,1,62,62
7,0,104292.2,0.98952958,0.033064191,127,1,63,63
7,0,104523.77,0.98675244,0.033064191,127,1,64,64
7,0,104467.43,0.97524404,0.033064191,127,1,65,65
7,0,104798.73,0.77205748,0.033064191,127,1,66,66
7,0,104667.2,0.87658328,0.033064191,127,1,67,67
7,0,104399.41,0.85122965,0.033064191,127,1,68,68
7,0,104073.04,0.8130673,0.033064191,127,1,69,69
7,0,104373.94,0.80558524,0.033064191,127,1,70,70
7,0,103748.52,0.92184749,0.033064191,127,1,71,71
7,0,104058.32,0.76916343,0.033064191,127,1,72,72
7,0,104343.95,0.89521943,0.033064191,127,1,73,73
7,0,104483.24,0.96009526,0.033064191,127,1,74,74
7,0,104240.12,0.92555767,0.033064191,127,1,75,75
7,0,104531.53,0.72688586,0.033064191,127,1,76,76
7,0,104365.77,0.7105465,0.033064191,127,1,77,77
7,0,104254.19,0.84461095,0.033064191,127,1,78,78
7,0,103882.31,0.93029823,0.033064191,127,1,79,79
7,0,103962.9,0.98205852,0.033064191,127,1,80,80
7,0,104026.7,0.64669835,0.033064191,127,1,81,81
7,0,104153.24,0.92962515,0.033064191,127,1,82,82
7,0,103857.69,0.88857014,0.033064191,127,1,83,83
7,0,103984.75,0.94409933,0.033064191,127,1,84,84
7,0,103766.07,0.98235594,0.033064191,127,1,85,85
7,0,103891.39,0.88676141,0.033064191,127,1,86,86
7,0,103960.57,0.92084862,0.033064191,127,1,87,87
7,0,103925.09,0.98413931,0.033064191,127,1,88,88
7,0,103869.7,0.73412909,0.033064191,127,1,89,89
7,0,104235.37,0.95348012,0.033064191,127,1,90,90
7,0,104281.34,0.8448392,0.033064191,127,1,91,91
7,0,104348.95,0.93406471,0.033064191,127,1,92,92
7,0,104142.57,0.90090966,0.033064191,127,1,93,93
7,0,104742.52,0.87230951,0.033064191,127,1,94,94
7,0,104495.08,0.8971349,0.033064191,127,1,95,95
7,0,104373.32,0.7803489,0.033064191,127,1,96,96
7,0,104440.17,0.95513973,0.033064191,127,1,97,97
7,0,104460.35,0.97764893,0.033064191,127,1,98,98
7,0,104629.27,0.71058224,0.033064191,127,1,99,99
7,0,104837.09,0.9755164,0.033064191,127,1,100,100
7,0,104955.37,0.96259894,0.033064191,127,1,101,101
7,0,104974.96,0.70953831,0.033064191,127,1,102,102
7,0,104995.8,0.99142013,0.033064191,127,1,103,103
7,0,104719.25,0.98425819,0.033064191,127,1,104,104
7,0,105323.96,0.77822621,0.033064191,127,1,105,105
7,0,105204.82,0.91561891,0.033064191,127,1,106,106
7,0,104758.26,0.77718898,0.033064191,127,1,107,107
7,0,104902.59,0.99440222,0.033064191,127,1,108,108
7,0,104628.21,0.96097469,0.033064191,127,1,109,109
7,0,104518.22,0.96788523,0.033064191,127,1,110,110
7,0,104502.14,0.85551002,0.033064191,127,1,111,111
7,0,104504.13,0.86977217,0.033064191,127,1,112,112
7,0,104633.4,0.87199297,0.033064191,127,1,113,113
7,0,104494.93,0.86988775,0.033064191,127,1,114,114
7,0,104618.74,0.83976421,0.033064191,127,1,115,115
7,0,104783.55,0.95609227,0.033064191,127,1,116,116
7,0,104910.91,0.75663496,0.033064191,127,1,117,117
7,0,104749.32,0.98155653,0.033064191,127,1,118,118
7,0,104494.47,0.95872742,0.033064191,127,1,119,119
7,0,104496.52,0.86979606,0.033064191,127,1,120,120
7,0,104346.74,0.99892892,0.033064191,127,1,121,121
7,0,103907.02,0.96369638,0.033064191,127,1,122,122
7,0,104181.42,0.82087846,0.033064191,127,1,123,123
7,0,104721.76,0.82008132,0.033064191,127,1,124,124
7,0,104508.06,0.71007631,0.033064191,127,1,125,125
7,0,104443.41,0.75411852,0.033064191,127,1,126,126
7,0,104203.67,0.96532659,0.033064191,127,1,127,127
7,0,104457.53,0.89768291,0.033064191,127,1,128,128
7,0,104556.15,0.79458184,0.033064191,127,1,129,129
7,0,104386.91,0.90935891,0.033064191,127,1,130,130
7,0,104266.57,0.87003067,0.033064191,127,1,131,131
7,0,104153.55,0.79704621,0.033064191,127,1,132,132
7,0,103885.2,0.97171608,0.033064191,127,1,133,133
7,0,103929.23,0.9993398,0.033064191,127,1,134,134
7,0,104079.39,0.85155099,0.033064191,127,1,135,135
7,0,104107.74,0.71133952,0.033064191,127,1,136,136
7,0,104744.36,0.77935621,0.033064191,127,1,137,137
7,0,104912.1,0.75238155,0.033064191,127,1,138,138
7,0,104830.61,0.97236337,0.033064191,127,1,139,139
7,0,105101.87,0.98455406,0.033064191,127,1,140,140
7,0,104960.98,0.70919666,0.033064191,127,1,141,141
7,0,105268.59,0.89328418,0.033064191,127,1,142,142
7,0,105838.7,0.86928877,0.033064191,127,1,143,143
7,0,105360.49,0.81633788,0.033064191,127,1,144,144
7,0,104973.52,0.91271149,0.033064191,127,1,145,145
7,0,104681.11,0.60198292,0.033064191,127,1,146,146
7,0,104808.97,0.99549863,0.033064191,127,1,147,147
7,0,105140.72,0.94157205,0.033064191,127,1,148,148
7,0,105285.18,0.61022811,0.033064191,127,1,149,149
7,0,104857.24,0.98760258,0.033064191,127,1,150,150
7,0,104873.58,0.89300633,0.033064191,127,1,151,151
7,0,104918.68,0.96636513,0.033064191,127,1,152,152
7,0,104652.36,0.84575185,0.033064191,127,1,153,153
7,0,104783.49,0.9995497,0.033064191,127,1,154,154
7,0,104656.34,0.91978696,0.033064191,127,1,155,155
7,0,104603.58,0.97774484,0.033064191,127,1,156,156
7,0,104054.11,0.97100945,0.033064191,127,1,157,157
7,0,103884.06,0.64942875,0.033064191,127,1,158,158
7,0,103817.35,0.64775607,0.033064191,127,1,159,159
7,0,104020.77,0.74489027,0.033064191,127,1,160,160
7,0,104251.99,0.95337143,0.033064191,127,1,161,161
7,0,104282.43,0.94788524,0.033064191,127,1,162,162
7,0,104083.39,0.87398724,0.033064191,127,1,163,163
7,0,103976.46,0.89883555,0.033064191,127,1,164,164
7,0,104225.71,0.87758364,0.033064191,127,1,165,165
7,0,104304.79,0.87209148,0.033064191,127,1,166,166
7,0,104565,0.82391653,0.033064191,127,1,167,167
7,0,104634.21,0.72753456,0.033064191,127,1,168,168
7,0,104851.74,0.82378149,0.033064191,127,1,169,169
7,0,104802.91,0.99412829,0.033064191,127,1,170,170
7,0,104663.68,0.7656124,0.033064191,127,1,171,171
7,0,104966.4,0.91222675,0.033064191,127,1,172,172
7,0,104753.96,0.98269763,0.033064191,127,1,173,173
7,0,104999.82,0.73805498,0.033064191,127,1,174,174
7,0,105018.87,0.87544589,0.033064191,127,1,175,175
7,0,104572.85,0.89845555,0.033064191,127,1,176,176
7,0,104604.24,0.82674951,0.033064191,127,1,177,177
7,0,104999.77,0.99059402,0.033064191,127,1,178,178
7,0,104783.04,0.96754348,0.033064191,127,1,179,179
7,0,104588.95,0.99230739,0.033064191,127,1,180,180
7,0,104836.78,0.85967084,0.033064191,127,1,181,181
7,0,104712.85,0.98881415,0.033064191,127,1,182,182
7,0,104852.58,0.99855902,0.033064191,127,1,183,183
7,0,104685.44,0.85442446,0.033064191,127,1,184,184
7,0,104666.63,0.8651296,0.033064191,127,1,185,185
7,0,104756.57,0.94686445,0.033064191,127,1,186,186
7,0,104591.4,0.99772749,0.033064191,127,1,187,187
7,0,104402.75,0.95090974,0.033064191,127,1,188,188
7,0,104524.23,0.83254698,0.033064191,127,1,189,189
7,0,103987.26,0.89910975,0.033064191,127,1,190,190
7,0,104336.58,0.97147387,0.033064191,127,1,191,191
7,0,104414.45,0.96721943,0.033064191,127,1,192,192
7,0,104454.95,0.88197437,0.033064191,127,1,193,193
7,0,104343.16,0.85182573,0.033064191,127,1,194,194
7,0,104627.85,0.92267746,0.033064191,127,1,195,195
7,0,104645.56,0.74286906,0.033064191,127,1,196,196
7,0,104727.59,0.996161,0.033064191,127,1,197,197
7,0,104567.57,0.9454313,0.033064191,127,1,198,198
7,0,104340.26,0.84822964,0.033064191,127,1,199,199
7,0,104573.99,0.97165121,0.033064191,127,1,200,200
7,0,104682.87,0.78799312,0.033064191,127,1,201,201
7,0,104401.41,0.93154209,0.033064191,127,1,202,202
7,0,104361.31,1,0.033064191,127,1,203,203
7,0,104831.44,0.99339352,0.033064191,127,1,204,204
7,0,104827.59,0.59535887,0.033064191,127,1,205,205
7,0,104595.23,0.88536782,0.033064191,127,1,206,206
7,0,104685.25,0.87357778,0.033064191,127,1,207,207
7,0,104703.92,0.96001839,0.033064191,127,1,208,208
7,0,104804.87,0.94863585,0.033064191,127,1,209,209
7,0,104748.3,0.60894235,0.033064191,127,1,210,210
7,0,104879.11,0.8392078,0.033064191,127,1,211,211
7,0,104544.42,0.92797235,0.033064191,127,1,212,212
7,0,104405.5,0.74817536,0.033064191,127,1,213,213
7,0,104569.55,0.94041796,0.033064191,127,1,214,214
7,0,104596.6,0.97231365,0.033064191,127,1,215,215
7,0,104346.79,0.99138403,0.033064191,127,1,216,216
7,0,104234.76,0.7063257,0.033064191,127,1,217,217
7,0,103815.49,0.75435165,0.033064191,127,1,218,218
7,0,103152.01,0.82765582,0.033064191,127,1,219,219
7,0,103405.32,0.9607557,0.033064191,127,1,220,220
7,0,103684.89,0.93996214,0.033064191,127,1,221,221
7,0,103719.43,0.66399381,0.033064191,127,1,222,222
7,0,103569.82,0.97593082,0.033064191,127,1,223,223
7,0,103758.55,0.97419027,0.033064191,127,1,224,224
7,0,103811.68,0.92559003,0.033064191,127,1,225,225
7,0,103909.5,0.7567945,0.033064191,127,1,226,226
7,0,104016.62,0.93527537,0.033064191,127,1,227,227
7,0,104309.69,0.86635335,0.033064191,127,1,228,228
7,0,104443.04,0.97327535,0.033064191,127,1,229,229
7,0,104328.64,0.82039573,0.033064191,127,1,230,230
7,0,104384.71,0.88018151,0.033064191,127,1,231,231
7,0,104785.57,0.79671108,0.033064191,127,1,232,232
7,0,105084.89,0.95982613,0.033064191,127,1,233,233
7,0,105158.95,0.82953887,0.033064191,127,1,234,234
7,0,104581.81,0.98682296,0.033064191,127,1,235,235
7,0,104451.73,0.99095052,0.033064191,127,1,236,236
7,0,104670.59,0.97124201,0.033064191,127,1,237,237
7,0,104741.77,0.86739549,0.033064191,127,1,238,238
7,0,104867.22,0.85279894,0.033064191,127,1,239,239
7,0,104558.78,0.9892202,0.033064191,127,1,240,240
7,0,104444.37,0.96635095,0.033064191,127,1,241,241
7,0,104041.86,0.69583765,0.033064191,127,1,242,242
7,0,104056.23,0.67746474,0.033064191,127,1,243,243
7,0,104532.19,0.82541245,0.033064191,127,1,244,244
7,0,104805.14,0.63774413,0.033064191,127,1,245,245
7,0,104651.6,0.75778249,0.033064191,127,1,246,246
7,0,104599.05,0.94327036,0.033064191,127,1,247,247
7,0,104680.76,0.83588047,0.033064191,127,1,248,248
7,0,104962.48,0.85116636,0.033064191,127,1,249,249
7,0,104692.85,0.91423931,0.033064191,127,1,250,250
7,0,104436.42,0.92634529,0.033064191,127,1,251,251
7,0,104395.96,0.61494534,0.033064191,127,1,252,252
7,0,104437.17,0.99935568,0.033064191,127,1,253,253
7,0,104328.54,0.9866383,0.033064191,127,1,254,254
7,0,104210.23,0.61605949,0.033064191,127,1,255,255
7,0,104264.49,0.89945095,0.033064191,127,1,256,256
7,0,104335.85,0.94310033,0.033064191,127,1,257,257
7,0,104046.69,0.90143485,0.033064191,127,1,258,258
7,0,104220.77,0.93619918,0.033064191,127,1,259,259
7,0,104629.83,0.72825769,0.033064191,127,1,260,260
7,0,104442.35,0.86265902,0.033064191,127,1,261,261
7,0,104563.5,0.91613683,0.033064191,127,1,262,262
7,0,104502.69,0.90791203,0.033064191,127,1,263,263
7,0,104042.47,0.94567875,0.033064191,127,1,264,264
7,0,104504.84,0.65072461,0.033064191,127,1,265,265
7,0,104526.36,0.94609231,0.033064191,127,1,266,266
7,0,104254.74,0.89211409,0.033064191,127,1,267,267
7,0,104411.28,0.84394055,0.033064191,127,1,268,268
7,0,104357.38,0.95785642,0.033064191,127,1,269,269
7,0,104051.49,0.87340465,0.033064191,127,1,270,270
7,0,104199.22,0.94799571,0.033064191,127,1,271,271
7,0,104359.04,0.96188768,0.033064191,127,1,272,272
7,0,104281.84,0.93195645,0.033064191,127,1,273,273
7,0,104133.5,0.83582088,0.033064191,127,1,274,274
7,0,104251.3,0.83043338,0.033064191,127,1,275,275
7,0,103647.47,0.79046943,0.033064191,127,1,276,276
7,0,104024.68,0.90094869,0.033064191,127,1,277,277
7,0,103865.37,0.84594562,0.033064191,127,1,278,278
7,0,104075.95,0.97052816,0.033064191,127,1,279,279
7,0,104163.85,0.99595785,0.033064191,127,1,280,280
7,0,104189.66,0.90669846,0.033064191,127,1,281,281
7,0,104293.31,0.79366782,0.033064191,127,1,282,282
7,0,104440.32,0.89562397,0.033064191,127,1,283,283
7,0,104599.36,0.83731824,0.033064191,127,1,284,284
7,0,104578.13,0.96656944,0.033064191,127,1,285,285
7,0,104589.93,0.91814651,0.033064191,127,1,286,286
7,0,104189.06,0.89132486,0.033064191,127,1,287,287
7,0,104739.42,0.81058915,0.033064191,127,1,288,288
7,0,104586.38,0.86992676,0.033064191,127,1,289,289
7,0,104646.32,0.87122425,0.033064191,127,1,290,290
7,0,104715.44,0.75162403,0.033064191,127,1,291,291
7,0,104703.25,0.93543815,0.033064191,127,1,292,292
7,0,104443.33,0.71610912,0.033064191,127,1,293,293
7,0,104214.31,0.71002037,0.033064191,127,1,294,294
7,0,104432.21,0.71823013,0.033064191,127,1,295,295
7,0,104254.65,0.99632314,0.033064191,127,1,296,296
7,0,104676.73,0.93258827,0.033064191,127,1,297,297
7,0,104357.65,0.83000176,0.033064191,127,1,298,298
7,0,104470.28,0.9578671,0.033064191,127,1,299,299
7,0,104452.09,0.83943485,0.033064191,127,1,300,300
7,0,104422.49,0.91994855,0.033064191,127,1,301,301
7,0,104176.94,0.57045675,0.033064191,127,1,302,302
7,0,103990.34,0.96105582,0.033064191,127,1,303,303
7,0,103992.8,0.93665186,0.033064191,127,1,304,304
7,0,103635.85,0.90417399,0.033064191,127,1,305,305
7,0,104519.69,0.84093877,0.033064191,127,1,306,306
7,0,104667.91,0.68874756,0.033064191,127,1,307,307
7,0,104332.09,0.95206368,0.033064191,127,1,308,308
7,0,103872.47,0.9425826,0.033064191,127,1,309,309
7,0,104038.14,0.78867646,0.033064191,127,1,310,310
7,0,104315.34,0.73398017,0.033064191,127,1,311,311
7,0,104314.46,0.95627905,0.033064191,127,1,312,312
7,0,104536.55,0.82565445,0.033064191,127,1,313,313
7,0,104546.11,0.97106153,0.033064191,127,1,314,314
7,0,104270.38,0.98471755,0.033064191,127,1,315,315
7,0,104461.39,0.92192902,0.033064191,127,1,316,316
7,0,104382.76,0.86166142,0.033064191,127,1,317,317
7,0,104423.59,0.87726535,0.033064191,127,1,318,318
7,0,104016.4,0.75801649,0.033064191,127,1,319,319
7,0,104209.84,0.7105913,0.033064191,127,1,320,320
7,0,104125.26,0.90789305,0.033064191,127,1,321,321
7,0,104099.2,0.631321,0.033064191,127,1,322,322
7,0,104688,0.93188985,0.033064191,127,1,323,323
7,0,104679.26,0.78551857,0.033064191,127,1,324,324
7,0,104328.52,0.96110214,0.033064191,127,1,325,325
7,0,104430.82,0.86586452,0.033064191,127,1,326,326
7,0,104449.67,0.98429076,0.033064191,127,1,327,327
7,0,104542.04,0.87939801,0.033064191,127,1,328,328
7,0,104020.88,0.99719828,0.033064191,127,1,329,329
7,0,104190.82,0.81596712,0.033064191,127,1,330,330
7,0,104275.69,0.94693926,0.033064191,127,1,331,331
7,0,104408.63,0.94278395,0.033064191,127,1,332,332
7,0,104423.15,0.95087324,0.033064191,127,1,333,333
7,0,104464.86,0.90628876,0.033064191,127,1,334,334
7,0,104422.12,0.9103439,0.033064191,127,1,335,335
7,0,104336.94,0.95729681,0.033064191,127,1,336,336
7,0,104332.5,0.77890631,0.033064191,127,1,337,337
7,0,104641.01,0.60734961,0.033064191,127,1,338,338
7,0,104947.91,0.85199718,0.033064191,127,1,339,339
7,0,104744.72,0.76608579,0.033064191,127,1,340,340
7,0,104642.56,0.86784624,0.033064191,127,1,341,341
7,0,104874.08,0.96960126,0.033064191,127,1,342,342
7,0,104844.03,0.98416554999999994,0.033064191,127,1,343,343
7,0,104361.31,0.86124338,0.033064191,127,1,344,344
7,0,104345.69,0.84318057,0.033064191,127,1,345,345
7,0,104633.75,0.64814143,0.033064191,127,1,346,346
7,0,104627.65,0.91799906,0.033064191,127,1,347,347
7,0,104869.7,0.95861879,0.033064191,127,1,348,348
7,0,104944.15,0.8418408,0.033064191,127,1,349,349
7,0,104996.84,0.94544375,0.033064191,127,1,350,350
7,0,104799.88,0.73002421,0.033064191,127,1,351,351
7,0,105057.81,0.90133062,0.033064191,127,1,352,352
7,0,104835.29,0.58779012,0.033064191,127,1,353,353
7,0,104761.04,0.87268823,0.033064191,127,1,354,354
7,0,104952.97,0.92372193,0.033064191,127,1,355,355
7,0,104950.62,0.98569291,0.033064191,127,1,356,356
7,0,104782.97,0.9002022,0.033064191,127,1,357,357
7,0,104560.13,0.85592366,0.033064191,127,1,358,358
7,0,104245.27,0.88087497,0.033064191,127,1,359,359
7,0,104344.48,0.70575209,0.033064191,127,1,360,360
7,0,104271.06,0.65061837,0.033064191,127,1,361,361
7,0,104148.54,0.98513388,0.033064191,127,1,362,362
7,0,104308.36,0.89615269,0.033064191,127,1,363,363
7,0,104425.5,0.79050097,0.033064191,127,1,364,364
7,0,104585.43,0.95767117,0.033064191,127,1,365,365
7,0,104910.31,0.83698905,0.033064191,127,1,366,366
7,0,104795.52,0.92222808,0.033064191,127,1,367,367
7,0,104564.26,0.76814356,0.033064191,127,1,368,368
7,0,104841.58,0.91202691,0.033064191,127,1,369,369
7,0,104207.29,0.94952467,0.033064191,127,1,370,370
7,0,104302.55,0.4719926,0.033064191,127,1,371,371
7,0,104392.73,0.98977542,0.033064191,127,1,372,372
7,0,104271.11,0.93517499,0.033064191,127,1,373,373
7,0,104597.85,0.99125397,0.033064191,127,1,374,374
7,0,104485.16,0.84072095,0.033064191,127,1,375,375
7,0,104340.04,0.97260651,0.033064191,127,1,376,376
7,0,104206.58,0.91120145,0.033064191,127,1,377,377
7,0,104269.24,0.99729873,0.033064191,127,1,378,378
7,0,103734.6,0.83780316,0.033064191,127,1,379,379
7,0,103859.1,0.92480167,0.033064191,127,1,380,380
7,0,103937.84,0.6849457,0.033064191,127,1,381,381
7,0,103832.74,0.97257195,0.033064191,127,1,382,382
7,0,104360.43,0.77658965,0.033064191,127,1,383,383
7,0,104423.55,0.89222919999999994,0.033064191,127,1,384,384
7,0,104119.64,0.90425895,0.033064191,127,1,385,385
7,0,104319.01,0.96715612,0.033064191,127,1,386,386
7,0,104319.69,0.98100189,0.033064191,127,1,387,387
7,0,104059.18,0.94792178,0.033064191,127,1,388,388
7,0,103967.57,0.94546628,0.033064191,127,1,389,389
7,0,104260.04,0.72851728,0.033064191,127,1,390,390
7,0,104550.05,0.9288064,0.033064191,127,1,391,391
7,0,104528.05,0.91575598,0.033064191,127,1,392,392
7,0,104316.38,0.92326673,0.033064191,127,1,393,393
7,0,104277.38,0.96162619,0.033064191,127,1,394,394
7,0,104515.67,0.65985317,0.033064191,127,1,395,395
7,0,105126.75,0.77005411,0.033064191,127,1,396,396
7,0,105039.27,0.90586838,0.033064191,127,1,397,397
7,0,104685.92,0.99911696,0.033064191,127,1,398,398
7,0,104515.27,0.90559444,0.033064191,127,1,399,399
7,0,104695.57,0.98473883,0.033064191,127,1,400,400
7,0,104330.45,0.90839599,0.033064191,127,1,401,401
7,0,104392.63,0.95170692,0.033064191,127,1,402,402
7,0,104614.59,0.80948621,0.033064191,127,1,403,403
7,0,104757.59,0.94702031,0.033064191,127,1,404,404
7,0,104850.05,0.9889863,0.033064191,127,1,405,405
7,0,104869.01,0.84208805,0.033064191,127,1,406,406
7,0,104199.31,0.99623203,0.033064191,127,1,407,407
7,0,104165.67,0.56902089,0.033064191,127,1,408,408
7,0,104272.48,0.99426652,0.033064191,127,1,409,409
7,0,104327.4,0.98913548,0.033064191,127,1,410,410
7,0,104316.96,0.96390437,0.033064191,127,1,411,411
7,0,103839.14,0.77678816,0.033064191,127,1,412,412
7,0,103653.97,0.95062741,0.033064191,127,1,413,413
7,0,103855.14,0.86500186,0.033064191,127,1,414,414
7,0,104282.62,0.94123519,0.033064191,127,1,415,415
7,0,104515.46,0.83940313,0.033064191,127,1,416,416
7,0,104564.61,0.80003753,0.033064191,127,1,417,417
7,0,104223.67,0.95017703,0.033064191,127,1,418,418
7,0,104357.12,0.84164661,0.033064191,127,1,419,419
7,0,104311.91,0.96250168,0.033064191,127,1,420,420
7,0,104672.35,0.97167023,0.033064191,127,1,421,421
7,0,104118.86,0.79531541,0.033064191,127,1,422,422
7,0,103944.31,0.86558097,0.033064191,127,1,423,423
7,0,103869.08,0.81501951,0.033064191,127,1,424,424
7,0,103795.03,0.93586112,0.033064191,127,1,425,425
7,0,103788.17,0.92151932,0.033064191,127,1,426,426
7,0,103958.02,0.63694871,0.033064191,127,1,427,427
7,0,103959.9,0.60926951,0.033064191,127,1,428,428
7,0,104377.59,0.95126468,0.033064191,127,1,429,429
7,0,103699.41,0.99372597,0.033064191,127,1,430,430
7,0,104079.76,0.87257922,0.033064191,127,1,431,431
7,0,104891.1,0.81960531,0.033064191,127,1,432,432
7,0,104822.55,0.98547403,0.033064191,127,1,433,433
7,0,104358.25,0.97651728,0.033064191,127,1,434,434
7,0,104970.43,0.91262958,0.033064191,127,1,435,435
7,0,104671.2,0.82920784,0.033064191,127,1,436,436
7,0,103898.89,0.9632674,0.033064191,127,1,437,437
7,0,104165.29,0.93909859,0.033064191,127,1,438,438
7,0,103919.74,0.99705815,0.033064191,127,1,439,439
7,0,103980.58,0.89131467,0.033064191,127,1,440,440
7,0,104010.36,0.81211173,0.033064191,127,1,441,441
7,0,104463.92,0.98762882,0.033064191,127,1,442,442
7,0,104374.1,0.81152064,0.033064191,127,1,443,443
7,0,104153.4,0.85279202,0.033064191,127,1,444,444
7,0,104088.5,0.82296112,0.033064191,127,1,445,445
7,0,104091.44,0.95437934,0.033064191,127,1,446,446
7,0,104170.69,0.98587517,0.033064191,127,1,447,447
7,0,103781.64,0.85612427,0.033064191,127,1,448,448
7,0,104092.64,0.80557061,0.033064191,127,1,449,449
7,0,104305.25,0.96348655,0.033064191,127,1,450,450
7,0,104468.35,0.89263856,0.033064191,127,1,451,451
7,0,104305.45,0.96719361,0.033064191,127,1,452,452
7,0,104440.01,0.96667763,0.033064191,127,1,453,453
7,0,103908.62,0.99541435,0.033064191,127,1,454,454
7,0,103677.69,0.98275451,0.033064191,127,1,455,455
7,0,103869.33,0.88433516,0.033064191,127,1,456,456
7,0,103992.64,0.86971422,0.033064191,127,1,457,457
7,0,104484.19,0.94945146,0.033064191,127,1,458,458
7,0,104249.55,0.85694485,0.033064191,127,1,459,459
7,0,104412.54,0.81755078,0.033064191,127,1,460,460
7,0,104441.24,0.74225926,0.033064191,127,1,461,461
7,0,104597.14,0.74415165,0.033064191,127,1,462,462
7,0,105023.98,0.82404913,0.033064191,127,1,463,463
7,0,104938.72,0.9772131,0.033064191,127,1,464,464
7,0,105009.32,0.84891722,0.033064191,127,1,465,465
7,0,105139.32,0.96317125,0.033064191,127,1,466,466
7,0,104697.83,0.99203807,0.033064191,127,1,467,467
7,0,104705.63,0.74652091,0.033064191,127,1,468,468
7,0,104863.86,0.90629499,0.033064191,127,1,469,469
7,0,104457.54,0.87907742,0.033064191,127,1,470,470
7,0,104447.72,0.92880792,0.033064191,127,1,471,471
7,0,104585.06,0.89560737,0.033064191,127,1,472,472
7,0,104606.36,0.94204492,0.033064191,127,1,473,473
7,0,104286.68,0.75477907,0.033064191,127,1,474,474
7,0,104425.21,0.813777,0.033064191,127,1,475,475
7,0,104373.08,0.99211808,0.033064191,127,1,476,476
7,0,104366.96,0.91943553,0.033064191,127,1,477,477
7,0,103932.42,0.86264569,0.033064191,127,1,478,478
7,0,104395.42,0.96772055,0.033064191,127,1,479,479
7,0,104301.97,0.68184869,0.033064191,127,1,480,480
7,0,104307.79,0.81915562,0.033064191,127,1,481,481
7,0,104653.89,0.81132654,0.033064191,127,1,482,482
7,0,104441.56,0.89121046,0.033064191,127,1,483,483
7,0,104229.79,0.9988729,0.033064191,127,1,484,484
7,0,103978.66,0.94585075,0.033064191,127,1,485,485
7,0,104398.25,0.88995757,0.033064191,127,1,486,486
7,0,104172.05,0.72946341,0.033064191,127,1,487,487
7,0,104289.8,0.99675695,0.033064191,127,1,488,488
7,0,104378.3,0.95113008,0.033064191,127,1,489,489
7,0,104641.73,0.86093361,0.033064191,127,1,490,490
7,0,104954.26,0.92231673,0.033064191,127,1,491,491
7,0,104611.48,0.99726886,0.033064191,127,1,492,492
7,0,104062.98,0.94277398,0.033064191,127,1,493,493
7,0,103884.04,0.52460181,0.033064191,127,1,494,494
7,0,104037.02,0.9344728,0.033064191,127,1,495,495
7,0,104441.5,0.98511145,0.033064191,127,1,496,496
7,0,104872.78,0.92382013,0.033064191,127,1,497,497
7,0,105120.48,0.93216826,0.033064191,127,1,498,498
7,0,104618.85,0.98977329,0.033064191,127,1,499,499
7,0,104398.63,0.67042799,0.033064191,127,1,500,500
7,0,104575.72,0.93689991,0.033064191,127,1,501,501
7,0,104229.53,0.83749037,0.033064191,127,1,502,502
7,0,104184.69,0.8921816,0.033064191,127,1,503,503
7,0,104719.57,0.81538646,0.033064191,127,1,504,504
7,0,104596.04,0.99935978,0.033064191,127,1,505,505
7,0,104407.2,0.9653698,0.033064191,127,1,506,506
7,0,104668.8,0.90268074,0.033064191,127,1,507,507
7,0,104517.17,0.51105569,0.033064191,127,1,508,508
7,0,104221.25,0.85530527,0.033064191,127,1,509,509
7,0,104074.44,0.92599094,0.033064191,127,1,510,510
7,0,103998.09,0.89578313,0.033064191,127,1,511,511
7,0,104472.09,0.68864804,0.033064191,127,1,512,512
7,0,104225.42,0.9518792,0.033064191,127,1,513,513
7,0,105055.99,0.83758729,0.033064191,127,1,514,514
7,0,104816.63,0.83299145,0.033064191,127,1,515,515
7,0,104548.8,0.6567685,0.033064191,127,1,516,516
7,0,104752.82,0.91892416,0.033064191,127,1,517,517
7,0,104865.36,0.73625545,0.033064191,127,1,518,518
7,0,105237.29,0.98943427,0.033064191,127,1,519,519
7,0,104307.66,0.95925484,0.033064191,127,1,520,520
7,0,104371.06,0.74918115,0.033064191,127,1,521,521
7,0,104455.61,0.82229806,0.033064191,127,1,522,522
7,0,104400.54,0.86653569,0.033064191,127,1,523,523
7,0,104658.9,0.98906697,0.033064191,127,1,524,524
7,0,104569.3,0.80514314,0.033064191,127,1,525,525
7,0,104535.62,0.87946289,0.033064191,127,1,526,526
7,0,104227.41,0.97622475,0.033064191,127,1,527,527
7,0,104090.61,0.79305018,0.033064191,127,1,528,528
7,0,104322.33,0.77805956,0.033064191,127,1,529,529
7,0,104352.75,0.58851394,0.033064191,127,1,530,530
7,0,104287.89,0.98188011,0.033064191,127,1,531,531
7,0,104368.96,0.85801674000000006,0.033064191,127,1,532,532
7,0,103819.33,0.99215599,0.033064191,127,1,533,533
7,0,104020.06,0.86648977,0.033064191,127,1,534,534
7,0,104383.25,0.86916024,0.033064191,127,1,535,535
7,0,104020.75,0.77752642,0.033064191,127,1,536,536
7,0,104737.09,0.86527488,0.033064191,127,1,537,537
7,0,104178.94,0.8565485,0.033064191,127,1,538,538
7,0,104507.81,0.65761302,0.033064191,127,1,539,539
7,0,104709.8,0.90475233,0.033064191,127,1,540,540
7,0,104186.37,0.85898664,0.033064191,127,1,541,541
7,0,104067.07,0.97728292,0.033064191,127,1,542,542
7,0,104383.74,0.90446075,0.033064191,127,1,543,543
7,0,104221.1,0.91804768,0.033064191,127,1,544,544
7,0,104140.29,0.86988908,0.033064191,127,1,545,545
7,0,104686.46,0.91283386,0.033064191,127,1,546,546
7,0,104430.91,0.96245598,0.033064191,127,1,547,547
7,0,103842.93,0.8024469,0.033064191,127,1,548,548
7,0,104328.66,0.99931378,0.033064191,127,1,549,549
7,0,104446.12,0.9913679,0.033064191,127,1,550,550
7,0,104989.31,0.92938639,0.033064191,127,1,551,551
7,0,104704.69,0.99210624,0.033064191,127,1,552,552
7,0,104439.17,0.94790088,0.033064191,127,1,553,553
7,0,104722.61,0.93708793,0.033064191,127,1,554,554
7,0,104232.99,0.95790653,0.033064191,127,1,555,555
7,0,104418.37,0.9373194,0.033064191,127,1,556,556
7,0,104347.79,0.98051783,0.033064191,127,1,557,557
7,0,104326.22,0.87571972,0.033064191,127,1,558,558
7,0,104342.81,0.70168142,0.033064191,127,1,559,559
7,0,104254.08,0.9254914,0.033064191,127,1,560,560
7,0,104377.53,0.8233773,0.033064191,127,1,561,561
7,0,104444.56,0.79797096,0.033064191,127,1,562,562
7,0,103970.58,0.96543633,0.033064191,127,1,563,563
7,0,104343.82,0.66491912,0.033064191,127,1,564,564
7,0,103866.59,0.76540909,0.033064191,127,1,565,565
7,0,104064.74,0.72073618,0.033064191,127,1,566,566
7,0,104023.36,0.6906657,0.033064191,127,1,567,567
7,0,104311.55,0.95362697,0.033064191,127,1,568,568
7,0,104701,0.92057531,0.033064191,127,1,569,569
7,0,104666.21,0.88586546,0.033064191,127,1,570,570
7,0,104738.47,0.99168058,0.033064191,127,1,571,571
7,0,104906.47,0.9732721,0.033064191,127,1,572,572
7,0,105013.65,0.76881863,0.033064191,127,1,573,573
7,0,105113.62,0.97741299,0.033064191,127,1,574,574
7,0,105398.44,0.74304181,0.033064191,127,1,575,575
7,0,105251.51,0.98318147,0.033064191,127,1,576,576
7,0,105066.06,0.99827544,0.033064191,127,1,577,577
7,0,104728,0.83068562,0.033064191,127,1,578,578
7,0,104501.86,0.94042951,0.033064191,127,1,579,579
7,0,104379.59,0.83893265,0.033064191,127,1,580,580
7,0,104903.06,0.82242753,0.033064191,127,1,581,581
7,0,104684.55,0.82425941,0.033064191,127,1,582,582
7,0,104559.25,0.9784139,0.033064191,127,1,583,583
7,0,104704.55,0.99741105,0.033064191,127,1,584,584
7,0,104505.53,0.97345416,0.033064191,127,1,585,585
7,0,104824.48,0.91449154,0.033064191,127,1,586,586
7,0,103956.19,0.85489647,0.033064191,127,1,587,587
7,0,104086.25,0.73166985,0.033064191,127,1,588,588
7,0,104068.33,1,0.033064191,127,1,589,589
7,0,104019.2,0.78057831,0.033064191,127,1,590,590
7,0,104175.38,0.97865776,0.033064191,127,1,591,591
7,0,104006.64,0.96421527,0.033064191,127,1,592,592
7,0,104250.99,0.97538714,0.033064191,127,1,593,593
7,0,104158.57,0.6411431,0.033064191,127,1,594,594
7,0,104585.64,0.79895457,0.033064191,127,1,595,595
7,0,104748.81,0.92502381,0.033064191,127,1,596,596
7,0,105154.88,0.91143518,0.033064191,127,1,597,597
7,0,104879.07,0.76759546,0.033064191,127,1,598,598
7,0,104821.01,0.91304603,0.033064191,127,1,599,599
7,0,104640.17,0.92198346,0.033064191,127,1,600,600
7,0,105000.65,0.75254087,0.033064191,127,1,601,601
7,0,104754.76,0.97315557,0.033064191,127,1,602,602
7,0,104489.34,0.76411845,0.033064191,127,1,603,603
7,0,104559.62,0.62152461,0.033064191,127,1,604,604
7,0,104148.36,0.99996758,0.033064191,127,1,605,605
7,0,104322.04,0.83673711,0.033064191,127,1,606,606
7,0,104446.55,0.9889586,0.033064191,127,1,607,607
7,0,104132.29,0.85937314,0.033064191,127,1,608,608
7,0,104258.97,0.82055303,0.033064191,127,1,609,609
7,0,104018.73,0.93372664,0.033064191,127,1,610,610
7,0,104553.29,0.97408136,0.033064191,127,1,611,611
7,0,104076.95,0.849479,0.033064191,127,1,612,612
7,0,104368.93,0.9663241,0.033064191,127,1,613,613
7,0,103834.8,0.84264045,0.033064191,127,1,614,614
7,0,103827.79,0.84622594,0.033064191,127,1,615,615
7,0,104065.31,0.88198267,0.033064191,127,1,616,616
7,0,104078.18,0.94617593,0.033064191,127,1,617,617
7,0,104310.21,0.86731725,0.033064191,127,1,618,618
7,0,104524.22,0.86748331,0.033064191,127,1,619,619
7,0,104429.76,0.86051728,0.033064191,127,1,620,620
7,0,104741.55,0.97155512,0.033064191,127,1,621,621
7,0,104560.12,0.9881047,0.033064191,127,1,622,622
7,0,104856.86,0.93796167,0.033064191,127,1,623,623
7,0,104856.45,0.98950328,0.033064191,127,1,624,624
7,0,104528.48,0.84292981,0.033064191,127,1,625,625
7,0,103992.66,0.78258769,0.033064191,127,1,626,626
7,0,104271.75,0.87156938,0.033064191,127,1,627,627
7,0,104149.7,0.96491917,0.033064191,127,1,628,628
7,0,103867.8,0.92633201,0.033064191,127,1,629,629
7,0,104005.35,0.80767825,0.033064191,127,1,630,630
7,0,104463.71,0.84047694,0.033064191,127,1,631,631
7,0,104537.5,0.76025759,0.033064191,127,1,632,632
7,0,104802.97,0.84867693,0.033064191,127,1,633,633
7,0,104795.9,0.99184236,0.033064191,127,1,634,634
7,0,104729.49,0.99692006,0.033064191,127,1,635,635
7,0,104653.23,0.94006604,0.033064191,127,1,636,636
7,0,105018.99,0.98557264,0.033064191,127,1,637,637
7,0,104816.78,0.98119773,0.033064191,127,1,638,638
7,0,104667.3,0.96227438,0.033064191,127,1,639,639
7,0,104765.82,0.7361291,0.033064191,127,1,640,640
7,0,104820.83,0.92306821,0.033064191,127,1,641,641
7,0,104620.26,0.97826464,0.033064191,127,1,642,642
7,0,104566.52,0.96925455,0.033064191,127,1,643,643
7,0,104864.76,0.9384206,0.033064191,127,1,644,644
7,0,105274.72,0.98592744,0.033064191,127,1,645,645
7,0,105074.38,0.94976483,0.033064191,127,1,646,646
7,0,105089.58,0.98911216,0.033064191,127,1,647,647
7,0,105118.4,0.9953415,0.033064191,127,1,648,648
7,0,105051.78,0.9439824,0.033064191,127,1,649,649
7,0,104654.59,0.79149621,0.033064191,127,1,650,650
7,0,104654.2,0.95762363,0.033064191,127,1,651,651
7,0,104683.97,0.88522882,0.033064191,127,1,652,652
7,0,104603.81,0.91751237,0.033064191,127,1,653,653
7,0,104777.54,0.72933992,0.033064191,127,1,654,654
7,0,104313.43,0.99564009,0.033064191,127,1,655,655
7,0,103956.5,0.93044639,0.033064191,127,1,656,656
7,0,104123.4,0.74636234,0.033064191,127,1,657,657
7,0,104123.06,0.9602749,0.033064191,127,1,658,658
7,0,104236.86,0.98166391,0.033064191,127,1,659,659
7,0,103997.41,0.95946101,0.033064191,127,1,660,660
7,0,104204.99,0.96582876,0.033064191,127,1,661,661
7,0,104172.12,0.64818284,0.033064191,127,1,662,662
7,0,104509.79,0.90377159,0.033064191,127,1,663,663
7,0,104128.36,0.95082848,0.033064191,127,1,664,664
7,0,104545.16,0.87454166,0.033064191,127,1,665,665
7,0,104736.77,0.76937469,0.033064191,127,1,666,666
7,0,104447.43,0.87082135,0.033064191,127,1,667,667
7,0,104485.43,0.95673875,0.033064191,127,1,668,668
7,0,103911.69,0.73627449,0.033064191,127,1,669,669
7,0,104368.77,0.80775378,0.033064191,127,1,670,670
7,0,104324.55,0.61524026,0.033064191,127,1,671,671
7,0,104180.5,0.99180564,0.033064191,127,1,672,672
7,0,104017.92,0.79803478,0.033064191,127,1,673,673
7,0,104454.67,0.97790065,0.033064191,127,1,674,674
7,0,104140.68,0.94423379,0.033064191,127,1,675,675
7,0,103585.65,0.97039075,0.033064191,127,1,676,676
7,0,104087.65,0.84153443000000006,0.033064191,127,1,677,677
7,0,104345.01,0.85534535,0.033064191,127,1,678,678
7,0,104082.26,0.93688603,0.033064191,127,1,679,679
7,0,104079.87,0.79901838,0.033064191,127,1,680,680
7,0,104524.92,0.6233804,0.033064191,127,1,681,681
7,0,104571.62,0.8477189,0.033064191,127,1,682,682
7,0,104060.36,0.93804208,0.033064191,127,1,683,683
7,0,103887.96,0.93422809,0.033064191,127,1,684,684
7,0,104439.82,0.89055643,0.033064191,127,1,685,685
7,0,104135.36,0.86427742,0.033064191,127,1,686,686
7,0,103893.92,0.93420329,0.033064191,127,1,687,687
7,0,104269.78,0.97679581,0.033064191,127,1,688,688
7,0,104263.85,0.82358934,0.033064191,127,1,689,689
7,0,104444.21,0.93434307,0.033064191,127,1,690,690
7,0,104104.35,0.92088617,0.033064191,127,1,691,691
7,0,104054.83,0.84249376,0.033064191,127,1,692,692
7,0,104472.86,0.92960614,0.033064191,127,1,693,693
7,0,104499.51,0.99532171,0.033064191,127,1,694,694
7,0,104583.18,0.91546758,0.033064191,127,1,695,695
7,0,104383.97,0.75058208,0.033064191,127,1,696,696
7,0,104745.67,0.84575165,0.033064191,127,1,697,697
7,0,104712.69,0.99825018,0.033064191,127,1,698,698
7,0,104569.16,0.9823677,0.033064191,127,1,699,699
7,0,104607.59,0.86127267,0.033064191,127,1,700,700
7,0,104629.3,0.90628297,0.033064191,127,1,701,701
7,0,104820.84,0.73657756,0.033064191,127,1,702,702
7,0,104449.96,1,0.033064191,127,1,703,703
7,0,104156.15,0.96986758,0.033064191,127,1,704,704
7,0,104235.36,0.91813514,0.033064191,127,1,705,705
7,0,104142.22,0.92973849,0.033064191,127,1,706,706
7,0,104248.32,0.86028588,0.033064191,127,1,707,707
7,0,104085.63,0.96239988,0.033064191,127,1,708,708
7,0,103970.92,0.80323927,0.033064191,127,1,709,709
7,0,103930.62,0.92396061,0.033064191,127,1,710,710
7,0,104581.3,0.98922658,0.033064191,127,1,711,711
7,0,104782.49,0.92089166,0.033064191,127,1,712,712
7,0,104642.25,0.99545992,0.033064191,127,1,713,713
7,0,104721.16,0.92163943,0.033064191,127,1,714,714
7,0,104536.38,0.90909358,0.033064191,127,1,715,715
7,0,104254.38,0.72164263,0.033064191,127,1,716,716
7,0,104347.46,0.97667176,0.033064191,127,1,717,717
7,0,104329.92,0.9712319,0.033064191,127,1,718,718
7,0,103990.27,0.88876787,0.033064191,127,1,719,719
7,0,104219.77,0.99948649,0.033064191,127,1,720,720
7,0,104315.72,0.80810603,0.033064191,127,1,721,721
7,0,104388.45,0.74430362,0.033064191,127,1,722,722
7,0,104678.17,0.97389652,0.033064191,127,1,723,723
7,0,104750.29,0.97958409,0.033064191,127,1,724,724
7,0,104975.14,0.98187836,0.033064191,127,1,725,725
7,0,104955.75,0.86567113,0.033064191,127,1,726,726
7,0,104890.75,0.88203962,0.033064191,127,1,727,727
7,0,104315.31,0.9074105,0.033064191,127,1,728,728
7,0,104423.24,0.97165985,0.033064191,127,1,729,729
7,0,104368.86,0.78261535,0.033064191,127,1,730,730
7,0,104436.48,0.92714562,0.033064191,127,1,731,731
7,0,104670.18,0.89484707,0.033064191,127,1,732,732
7,0,104841.01,0.96205953,0.033064191,127,1,733,733
7,0,104434.23,0.7786589,0.033064191,127,1,734,734
7,0,104512.18,0.88227393,0.033064191,127,1,735,735
7,0,104779.33,0.87033868,0.033064191,127,1,736,736
7,0,104848.81,0.97582372,0.033064191,127,1,737,737
7,0,104886.16,0.97735266,0.033064191,127,1,738,738
7,0,104664.41,0.91985533,0.033064191,127,1,739,739
7,0,104295.5,0.88000552,0.033064191,127,1,740,740
7,0,104615.18,0.91195144,0.033064191,127,1,741,741
7,0,104538.6,0.95464801,0.033064191,127,1,742,742
7,0,104645.61,0.92920619,0.033064191,127,1,743,743
7,0,104815.92,0.96852674,0.033064191,127,1,744,744
7,0,104848.05,0.97679718,0.033064191,127,1,745,745
7,0,104497.37,0.99606344,0.033064191,127,1,746,746
7,0,103774.52,0.75944591,0.033064191,127,1,747,747
7,0,104187.46,0.96505186,0.033064191,127,1,748,748
7,0,104376.5,0.92243163,0.033064191,127,1,749,749
7,0,104577.29,0.93102519,0.033064191,127,1,750,750
7,0,104508.13,0.97849137,0.033064191,127,1,751,751
7,0,104055.33,0.97631798,0.033064191,127,1,752,752
7,0,104194.63,0.90275763,0.033064191,127,1,753,753
7,0,104379.54,0.91828104,0.033064191,127,1,754,754
7,0,104156.79,0.91953437,0.033064191,127,1,755,755
7,0,104189.59,0.98166705,0.033064191,127,1,756,756
7,0,104288.09,0.50981745999999994,0.033064191,127,1,757,757
7,0,104158.51,0.97847929,0.033064191,127,1,758,758
7,0,103789.57,0.81754477,0.033064191,127,1,759,759
7,0,103583.32,0.84407646,0.033064191,127,1,760,760
7,0,103945.69,0.72064208,0.033064191,127,1,761,761
7,0,104535.1,0.98046066,0.033064191,127,1,762,762
7,0,104503.34,0.99010144,0.033064191,127,1,763,763
7,0,104697,0.85247108,0.033064191,127,1,764,764
7,0,104594.58,0.86863846,0.033064191,127,1,765,765
7,0,104418.87,0.99125879,0.033064191,127,1,766,766
7,0,104530.8,0.85047014,0.033064191,127,1,767,767
7,0,104312.92,0.90659597,0.033064191,127,1,768,768
7,0,104087.96,0.85434008,0.033064191,127,1,769,769
7,0,104344.76,0.90738167,0.033064191,127,1,770,770
7,0,104038.3,0.85944465,0.033064191,127,1,771,771
7,0,104515.88,0.98226222,0.033064191,127,1,772,772
7,0,104713.69,0.86148978,0.033064191,127,1,773,773
7,0,104714.66,0.61987458,0.033064191,127,1,774,774
7,0,104795.82,0.85435956,0.033064191,127,1,775,775
7,0,104889.34,0.9117226,0.033064191,127,1,776,776
7,0,104612.88,0.9442046,0.033064191,127,1,777,777
7,0,104348.66,0.9551331,0.033064191,127,1,778,778
7,0,104663.96,0.98254307,0.033064191,127,1,779,779
7,0,104660.91,0.98729686,0.033064191,127,1,780,780
7,0,104755.19,0.99726044,0.033064191,127,1,781,781
7,0,104917.4,0.93830817,0.033064191,127,1,782,782
7,0,104403.36,0.97247178,0.033064191,127,1,783,783
7,0,104867.22,0.91634634,0.033064191,127,1,784,784
7,0,104945.32,0.93924367,0.033064191,127,1,785,785
7,0,104501.23,0.97785282,0.033064191,127,1,786,786
7,0,104758.73,0.8972762,0.033064191,127,1,787,787
7,0,104605.17,0.89572065,0.033064191,127,1,788,788
7,0,104520.69,0.92487659,0.033064191,127,1,789,789
7,0,104467.97,0.9989445,0.033064191,127,1,790,790
7,0,104510.19,0.96679839,0.033064191,127,1,791,791
7,0,104516.4,0.86018568,0.033064191,127,1,792,792
7,0,105220.71,0.79636812,0.033064191,127,1,793,793
7,0,104539.31,0.7021241,0.033064191,127,1,794,794
7,0,104308.11,0.81625129,0.033064191,127,1,795,795
7,0,104464.52,0.98249966,0.033064191,127,1,796,796
7,0,104559.05,0.97231431,0.033064191,127,1,797,797
7,0,104642.91,0.91255857,0.033064191,127,1,798,798
7,0,104406.98,0.4066803,0.033064191,127,1,799,799
7,0,104507.23,0.89898657,0.033064191,127,1,800,800
7,0,104612.39,0.9038257,0.033064191,127,1,801,801
7,0,104401.16,0.74490094,0.033064191,127,1,802,802
7,0,104287.72,0.81677145,0.033064191,127,1,803,803
7,0,104517.27,0.78911238,0.033064191,127,1,804,804
7,0,104365.71,0.87270983,0.033064191,127,1,805,805
7,0,103783.98,0.98689049,0.033064191,127,1,806,806
7,0,104105.4,0.97348957,0.033064191,127,1,807,807
7,0,104175.84,0.99331882,0.033064191,127,1,808,808
7,0,104033.36,0.88455961,0.033064191,127,1,809,809
7,0,104439.24,0.85360061,0.033064191,127,1,810,810
7,0,104657.54,0.96313109,0.033064191,127,1,811,811
7,0,104560.19,0.57391309,0.033064191,127,1,812,812
7,0,104772.52,0.9769909,0.033064191,127,1,813,813
7,0,104701.6,0.86654666,0.033064191,127,1,814,814
7,0,104674.87,0.9927213,0.033064191,127,1,815,815
7,0,104180.68,0.90458118,0.033064191,127,1,816,816
7,0,104034.73,0.74330076,0.033064191,127,1,817,817
7,0,104177.37,0.9461918,0.033064191,127,1,818,818
7,0,104055.58,0.93663628,0.033064191,127,1,819,819
7,0,104266.43,0.82490642,0.033064191,127,1,820,820
7,0,104346.48,0.99296077,0.033064191,127,1,821,821
7,0,104342.25,0.94024388,0.033064191,127,1,822,822
7,0,104136.73,0.95466542,0.033064191,127,1,823,823
7,0,104295.95,0.95031609,0.033064191,127,1,824,824
7,0,104884.67,0.99783695,0.033064191,127,1,825,825
7,0,104761.03,0.67578723,0.033064191,127,1,826,826
7,0,104537.91,0.94102871,0.033064191,127,1,827,827
7,0,104956.88,0.91751773,0.033064191,127,1,828,828
7,0,104955.84,0.98211297,0.033064191,127,1,829,829
7,0,105210.93,0.82042288,0.033064191,127,1,830,830
7,0,104904.46,0.81823738,0.033064191,127,1,831,831
7,0,104625.1,0.98393557,0.033064191,127,1,832,832
7,0,104217.64,0.97630861,0.033064191,127,1,833,833
7,0,104124.87,0.75987995,0.033064191,127,1,834,834
7,0,103957.87,0.89189752,0.033064191,127,1,835,835
7,0,104307.94,0.663618,0.033064191,127,1,836,836
7,0,103896.54,0.91335909,0.033064191,127,1,837,837
7,0,103868.53,0.96660779,0.033064191,127,1,838,838
7,0,104089.87,0.92179045,0.033064191,127,1,839,839
7,0,104220.01,0.88584258,0.033064191,127,1,840,840
7,0,104417.56,0.99300347,0.033064191,127,1,841,841
7,0,104451.6,0.96394978,0.033064191,127,1,842,842
7,0,104327.63,0.88354929,0.033064191,127,1,843,843
7,0,104511.91,0.90916866,0.033064191,127,1,844,844
7,0,104231.49,0.82417011,0.033064191,127,1,845,845
7,0,104394.63,0.87000542,0.033064191,127,1,846,846
7,0,104386.59,0.98976672,0.033064191,127,1,847,847
7,0,104640.37,0.94353559,0.033064191,127,1,848,848
7,0,105058.98,0.82543097,0.033064191,127,1,849,849
7,0,104746.58,0.91247802,0.033064191,127,1,850,850
7,0,104356.57,0.89454529,0.033064191,127,1,851,851
7,0,104196.93,0.88036947,0.033064191,127,1,852,852
7,0,104413.16,0.86934002,0.033064191,127,1,853,853
7,0,104472,0.60198531,0.033064191,127,1,854,854
7,0,104158.71,0.98651454,0.033064191,127,1,855,855
7,0,104138.49,0.98154355,0.033064191,127,1,856,856
7,0,104285.9,0.97901288,0.033064191,127,1,857,857
7,0,104534.95,0.97012087,0.033064191,127,1,858,858
7,0,104643.7,0.92850858,0.033064191,127,1,859,859
7,0,104853.38,0.97319726,0.033064191,127,1,860,860
7,0,104838.99,0.79192391,0.033064191,127,1,861,861
7,0,104539.26,0.98580255,0.033064191,127,1,862,862
7,0,104927.81,0.91737426,0.033064191,127,1,863,863
7,0,104769.98,1,0.033064191,127,1,864,864
7,0,104618.61,0.99075072,0.033064191,127,1,865,865
7,0,104423.1,0.95144182,0.033064191,127,1,866,866
7,0,104191.07,0.91198238,0.033064191,127,1,867,867
7,0,105125.44,0.95789565,0.033064191,127,1,868,868
7,0,104799.37,0.8361587,0.033064191,127,1,869,869
7,0,104900.12,0.98049555,0.033064191,127,1,870,870
7,0,104857.93,0.84081682,0.033064191,127,1,871,871
7,0,104682.16,0.69513626,0.033064191,127,1,872,872
7,0,104985.11,0.91881118,0.033064191,127,1,873,873
7,0,105036.79,0.95686772,0.033064191,127,1,874,874
7,0,104842.2,0.85690343,0.033064191,127,1,875,875
7,0,105102.5,0.66543658000000006,0.033064191,127,1,876,876
7,0,104987.55,0.93439255,0.033064191,127,1,877,877
7,0,105126.14,0.75145838,0.033064191,127,1,878,878
7,0,105068.63,0.99980781,0.033064191,127,1,879,879
7,0,104734.04,0.94991506,0.033064191,127,1,880,880
7,0,104728.43,0.99012529,0.033064191,127,1,881,881
7,0,104750.47,0.90626378,0.033064191,127,1,882,882
7,0,105124.09,0.92431331,0.033064191,127,1,883,883
7,0,104879.93,0.90389675,0.033064191,127,1,884,884
7,0,105352.32,0.64163534,0.033064191,127,1,885,885
7,0,105506.15,0.95175343,0.033064191,127,1,886,886
7,0,105298.22,0.83393523,0.033064191,127,1,887,887
7,0,104639.96,0.73953483,0.033064191,127,1,888,888
7,0,104531.22,0.87950668,0.033064191,127,1,889,889
7,0,104466.92,0.99360284,0.033064191,127,1,890,890
7,0,104482.32,0.89964617,0.033064191,127,1,891,891
7,0,104435.44,0.98632713,0.033064191,127,1,892,892
7,0,104687.65,0.92403962,0.033064191,127,1,893,893
7,0,104595.39,0.7771713,0.033064191,127,1,894,894
7,0,104439.94,0.89812133,0.033064191,127,1,895,895
7,0,104534.82,0.89710755,0.033064191,127,1,896,896
7,0,104233.52,0.97731182,0.033064191,127,1,897,897
7,0,104008.85,0.86715367,0.033064191,127,1,898,898
7,0,104399.73,0.89012418,0.033064191,127,1,899,899
7,0,104844.77,0.92485074,0.033064191,127,1,900,900
7,0,104622.79,0.98998195,0.033064191,127,1,901,901
7,0,104492.7,0.88597674,0.033064191,127,1,902,902
7,0,104445.98,0.90842758,0.033064191,127,1,903,903
7,0,104481.68,0.96281315,0.033064191,127,1,904,904
7,0,104731.65,0.55951871,0.033064191,127,1,905,905
7,0,104774.27,0.82606494,0.033064191,127,1,906,906
7,0,104231.51,0.92111948,0.033064191,127,1,907,907
7,0,104209.07,0.87931237,0.033064191,127,1,908,908
7,0,104169.73,0.68170041,0.033064191,127,1,909,909
7,0,104021.28,0.99051194,0.033064191,127,1,910,910
7,0,104267.32,0.48206801,0.033064191,127,1,911,911
7,0,104779.79,0.99385927,0.033064191,127,1,912,912
7,0,104570.67,0.79410357,0.033064191,127,1,913,913
7,0,104157.49,0.98497114,0.033064191,127,1,914,914
7,0,104384.5,0.69254547,0.033064191,127,1,915,915
7,0,104611.72,0.96731733,0.033064191,127,1,916,916
7,0,104277.37,0.99442812,0.033064191,127,1,917,917
7,0,104220.93,0.97656409,0.033064191,127,1,918,918
7,0,104282.23,0.77661667,0.033064191,127,1,919,919
7,0,104359.32,0.86905505,0.033064191,127,1,920,920
7,0,104493.16,0.94355251,0.033064191,127,1,921,921
7,0,104837.49,0.61442089,0.033064191,127,1,922,922
7,0,104687.32,0.9767456,0.033064191,127,1,923,923
7,0,104788.08,0.84341313,0.033064191,127,1,924,924
7,0,104596.11,0.86369138,0.033064191,127,1,925,925
7,0,104346.06,0.94264027,0.033064191,127,1,926,926
7,0,104307.42,0.76449083,0.033064191,127,1,927,927
7,0,104790.32,0.9854285,0.033064191,127,1,928,928
7,0,105087.41,0.97222499,0.033064191,127,1,929,929
7,0,105170.57,0.72597131,0.033064191,127,1,930,930
7,0,104951.51,0.64040045,0.033064191,127,1,931,931
7,0,105172.34,0.9866538,0.033064191,127,1,932,932
7,0,104948.84,0.90158529,0.033064191,127,1,933,933
7,0,104849.6,0.9986127,0.033064191,127,1,934,934
7,0,104733.16,0.9951762,0.033064191,127,1,935,935
7,0,104833.19,0.87618828,0.033064191,127,1,936,936
7,0,104695.23,0.76439492,0.033064191,127,1,937,937
7,0,104837.16,0.98158821,0.033064191,127,1,938,938
7,0,104660.19,0.98457648,0.033064191,127,1,939,939
7,0,104483.88,0.91790166,0.033064191,127,1,940,940
7,0,104300.88,0.99250456,0.033064191,127,1,941,941
7,0,104790.06,0.84540321,0.033064191,127,1,942,942
7,0,104469.87,0.85995168,0.033064191,127,1,943,943
7,0,104730.09,0.84669153,0.033064191,127,1,944,944
7,0,104274.86,0.99487656,0.033064191,127,1,945,945
7,0,103821.9,0.78141118,0.033064191,127,1,946,946
7,0,104270.54,0.81299694,0.033064191,127,1,947,947
7,0,104309.57,0.99765274,0.033064191,127,1,948,948
7,0,104702.58,0.8545818,0.033064191,127,1,949,949
7,0,104256.44,0.97581238,0.033064191,127,1,950,950
7,0,104244.49,0.6483786,0.033064191,127,1,951,951
7,0,103856.81,0.88384364,0.033064191,127,1,952,952
7,0,103885.12,0.9618555,0.033064191,127,1,953,953
7,0,104074.36,0.76844203,0.033064191,127,1,954,954
7,0,103521.92,0.95285751,0.033064191,127,1,955,955
7,0,103312.67,0.90056788,0.033064191,127,1,956,956
7,0,103585.99,0.9389036,0.033064191,127,1,957,957
7,0,103818.77,0.64897536,0.033064191,127,1,958,958
7,0,103828.4,0.54227264,0.033064191,127,1,959,959
7,0,104248.86,0.95921013,0.033064191,127,1,960,960
7,0,105076.38,0.88201278,0.033064191,127,1,961,961
7,0,105031.4,0.87935827,0.033064191,127,1,962,962
7,0,104487.45,0.99478633,0.033064191,127,1,963,963
7,0,104767.99,0.73481666,0.033064191,127,1,964,964
7,0,104556.7,0.9968985,0.033064191,127,1,965,965
7,0,104462.66,0.88254048,0.033064191,127,1,966,966
7,0,104958.57,0.79514002,0.033064191,127,1,967,967
7,0,104764.16,0.94912645,0.033064191,127,1,968,968
7,0,104820.16,0.96320958,0.033064191,127,1,969,969
7,0,104851.87,0.82698833,0.033064191,127,1,970,970
7,0,104475.78,0.93045115,0.033064191,127,1,971,971
7,0,104106.39,0.96676816,0.033064191,127,1,972,972
7,0,104118.28,0.96872117,0.033064191,127,1,973,973
7,0,103820.23,0.83919231,0.033064191,127,1,974,974
7,0,103798.85,0.99355993,0.033064191,127,1,975,975
7,0,104244.76,0.99201001,0.033064191,127,1,976,976
7,0,104599.01,0.9959258,0.033064191,127,1,977,977
7,0,104324.68,0.61031519,0.033064191,127,1,978,978
7,0,104292.97,0.7469275,0.033064191,127,1,979,979
7,0,103846.44,0.97873672,0.033064191,127,1,980,980
7,0,104444.55,0.73092222,0.033064191,127,1,981,981
7,0,104624.08,0.9203687,0.033064191,127,1,982,982
7,0,104518.96,0.9870612,0.033064191,127,1,983,983
7,0,104264.49,0.91255624,0.033064191,127,1,984,984
7,0,104299.75,0.88576805,0.033064191,127,1,985,985
7,0,104571.72,0.94553857,0.033064191,127,1,986,986
7,0,104624.87,0.73469088,0.033064191,127,1,987,987
7,0,104967.93,0.75899735,0.033064191,127,1,988,988
7,0,104548.66,0.98579442,0.033064191,127,1,989,989
7,0,104397.96,0.94914501,0.033064191,127,1,990,990
7,0,104379.1,0.90798592,0.033064191,127,1,991,991
7,0,104485.13,0.97656463,0.033064191,127,1,992,992
7,0,104381.66,0.82311037,0.033064191,127,1,993,993
7,0,104432.78,0.68375673,0.033064191,127,1,994,994
7,0,104121.43,0.87826839,0.033064191,127,1,995,995
7,0,104302.57,0.73377969,0.033064191,127,1,996,996
7,0,104772.51,0.71438459,0.033064191,127,1,997,997
7,0,104574.17,0.98772109,0.033064191,127,1,998,998
7,0,104610,0.80743865,0.033064191,127,1,999,999
7,0,104577.32,0.92371721,0.033064191,127,1,1000,1000
7,0,104280.19,0.94379821,0.02829144,127,2,1,1001
7,0,104305.91,0.82703656,0.02829144,127,2,2,1002
7,0,104135.49,0.99858008,0.02829144,127,2,3,1003
7,0,103957.92,0.95414676,0.02829144,127,2,4,1004
7,0,103760.65,0.9331285,0.02829144,127,2,5,1005
7,0,104138.73,0.93106878,0.02829144,127,2,6,1006
7,0,104252.27,0.98373997,0.02829144,127,2,7,1007
7,0,104721.44,0.92401006,0.02829144,127,2,8,1008
7,0,104868.14,0.90898694,0.02829144,127,2,9,1009
7,0,104678.61,0.9942086,0.02829144,127,2,10,1010
7,0,104851.38,0.80924073,0.02829144,127,2,11,1011
7,0,104797.43,0.87261851,0.02829144,127,2,12,1012
7,0,105176.03,0.86403421,0.02829144,127,2,13,1013
7,0,105136.96,0.94848187,0.02829144,127,2,14,1014
7,0,105070.07,0.82741426,0.02829144,127,2,15,1015
7,0,104737.33,0.9727864,0.02829144,127,2,16,1016
7,0,104572.08,0.98218471,0.02829144,127,2,17,1017
7,0,104678.41,0.80557023,0.02829144,127,2,18,1018
7,0,104537.91,0.86961863,0.02829144,127,2,19,1019
7,0,104752.41,0.93003,0.02829144,127,2,20,1020
7,0,104849.58,0.98239843,0.02829144,127,2,21,1021
7,0,104354.66,0.90677774,0.02829144,127,2,22,1022
7,0,104077.28,0.96746476,0.02829144,127,2,23,1023
7,0,104333.06,0.88234881,0.02829144,127,2,24,1024
7,0,104384.16,0.92920615,0.02829144,127,2,25,1025
7,0,104226.4,0.82770622,0.02829144,127,2,26,1026
7,0,104488.77,0.97239784,0.02829144,127,2,27,1027
7,0,104190.23,0.85491444,0.02829144,127,2,28,1028
7,0,104244.76,0.98362503,0.02829144,127,2,29,1029
7,0,104178.24,0.96649439,0.02829144,127,2,30,1030
7,0,104433.35,0.88688847,0.02829144,127,2,31,1031
7,0,104400.4,0.8336597,0.02829144,127,2,32,1032
7,0,104313.47,0.99920085,0.02829144,127,2,33,1033
7,0,104404.98,0.9325292,0.02829144,127,2,34,1034
7,0,104314.24,0.9654369,0.02829144,127,2,35,1035
7,0,104504,0.95129497,0.02829144,127,2,36,1036
7,0,104534.24,0.77214389,0.02829144,127,2,37,1037
7,0,104352.71,0.9756317,0.02829144,127,2,38,1038
7,0,103871.26,0.90647997,0.02829144,127,2,39,1039
7,0,103605.41,0.93098126,0.02829144,127,2,40,1040
7,0,103481.53,0.90177389,0.02829144,127,2,41,1041
7,0,104285.69,0.80195227,0.02829144,127,2,42,1042
7,0,104327.87,0.91267535,0.02829144,127,2,43,1043
7,0,104608.13,0.82352049,0.02829144,127,2,44,1044
7,0,104644.33,0.87558028,0.02829144,127,2,45,1045
7,0,104717.58,0.97415125,0.02829144,127,2,46,1046
7,0,104250.38,0.91019226,0.02829144,127,2,47,1047
7,0,104170.92,0.87748343,0.02829144,127,2,48,1048
7,0,103955.71,0.97696534,0.02829144,127,2,49,1049
7,0,104363.08,0.73072387,0.02829144,127,2,50,1050
7,0,103965.75,0.99381959,0.02829144,127,2,51,1051
7,0,104449.19,0.96580494,0.02829144,127,2,52,1052
7,0,104576.71,0.99428555,0.02829144,127,2,53,1053
7,0,105077.02,0.91823478,0.02829144,127,2,54,1054
7,0,105000.71,0.87998459,0.02829144,127,2,55,1055
7,0,105221.65,0.98627607,0.02829144,127,2,56,1056
7,0,105326.82,0.84533216,0.02829144,127,2,57,1057
7,0,105090.45,0.99415292,0.02829144,127,2,58,1058
7,0,104842.63,0.8924799,0.02829144,127,2,59,1059
7,0,104895.79,0.95625255,0.02829144,127,2,60,1060
7,0,104866.96,0.95079072,0.02829144,127,2,61,1061
7,0,105186.18,0.8559749,0.02829144,127,2,62,1062
7,0,104972.3,0.77776697,0.02829144,127,2,63,1063
7,0,104991.75,0.978815,0.02829144,127,2,64,1064
7,0,105066.2,0.98006498,0.02829144,127,2,65,1065
7,0,105361.08,0.97628995,0.02829144,127,2,66,1066
7,0,105196.76,0.99404817,0.02829144,127,2,67,1067
7,0,104913.82,0.8790287,0.02829144,127,2,68,1068
7,0,104995.19,0.99842554,0.02829144,127,2,69,1069
7,0,104646.48,0.99785643,0.02829144,127,2,70,1070
7,0,104287.77,0.99429054,0.02829144,127,2,71,1071
7,0,104259.5,0.90558711,0.02829144,127,2,72,1072
7,0,104205.03,0.94566175,0.02829144,127,2,73,1073
7,0,104188.89,0.9877703,0.02829144,127,2,74,1074
7,0,104337.84,0.88135197,0.02829144,127,2,75,1075
7,0,104437.59,0.93791942,0.02829144,127,2,76,1076
7,0,104214.1,0.85350299,0.02829144,127,2,77,1077
7,0,103892.83,0.96992695,0.02829144,127,2,78,1078
7,0,104156.38,0.92009924,0.02829144,127,2,79,1079
7,0,104078.28,0.91282759,0.02829144,127,2,80,1080
7,0,104522.23,0.91233836,0.02829144,127,2,81,1081
7,0,104568.38,0.88919441,0.02829144,127,2,82,1082
7,0,104396.3,0.80575326,0.02829144,127,2,83,1083
7,0,104346.94,0.83489444,0.02829144,127,2,84,1084
7,0,104892.14,0.88967025,0.02829144,127,2,85,1085
7,0,104708.29,0.93938046,0.02829144,127,2,86,1086
7,0,104823.21,0.96572366,0.02829144,127,2,87,1087
7,0,104870.89,0.82571043,0.02829144,127,2,88,1088
7,0,104729.93,0.88535274,0.02829144,127,2,89,1089
7,0,104631.63,0.98592017,0.02829144,127,2,90,1090
7,0,104511.48,0.91202957,0.02829144,127,2,91,1091
7,0,104149.55,0.93843095,0.02829144,127,2,92,1092
7,0,104592.93,0.96449736,0.02829144,127,2,93,1093
7,0,104937.87,0.99165443,0.02829144,127,2,94,1094
7,0,104586.63,0.98919315,0.02829144,127,2,95,1095
7,0,104297.5,0.94331004,0.02829144,127,2,96,1096
7,0,103948.8,0.91146874,0.02829144,127,2,97,1097
7,0,104305.01,0.92917782,0.02829144,127,2,98,1098
7,0,104838.83,0.947497,0.02829144,127,2,99,1099
7,0,104491.23,0.99879185,0.02829144,127,2,100,1100
7,0,104463.53,0.90176894,0.02829144,127,2,101,1101
7,0,104346.91,0.99502717,0.02829144,127,2,102,1102
7,0,103968.09,0.99090584,0.02829144,127,2,103,1103
7,0,104226.5,0.97168417,0.02829144,127,2,104,1104
7,0,104296.32,0.88792087,0.02829144,127,2,105,1105
7,0,104528.94,0.87759099,0.02829144,127,2,106,1106
7,0,104754.27,0.80329914,0.02829144,127,2,107,1107
7,0,104729.23,0.95491868,0.02829144,127,2,108,1108
7,0,105009.92,0.8585884,0.02829144,127,2,109,1109
7,0,104575.11,0.98855419,0.02829144,127,2,110,1110
7,0,104750.67,0.85833364,0.02829144,127,2,111,1111
7,0,104973.95,0.98411355,0.02829144,127,2,112,1112
7,0,104734.03,0.96090951,0.02829144,127,2,113,1113
7,0,104816.55,0.70648854,0.02829144,127,2,114,1114
7,0,104617.14,0.86993761,0.02829144,127,2,115,1115
7,0,104800.46,0.98736315,0.02829144,127,2,116,1116
7,0,104851.3,0.99152205,0.02829144,127,2,117,1117
7,0,104929.2,0.98062979,0.02829144,127,2,118,1118
7,0,104880.2,0.96709438,0.02829144,127,2,119,1119
7,0,104777.26,0.88587018,0.02829144,127,2,120,1120
7,0,104905.98,0.90019429,0.02829144,127,2,121,1121
7,0,104648.98,0.89223112,0.02829144,127,2,122,1122
7,0,104262.49,0.96026729,0.02829144,127,2,123,1123
7,0,104228.84,0.89908762,0.02829144,127,2,124,1124
7,0,104367.14,0.96979402,0.02829144,127,2,125,1125
7,0,104166.99,0.77505679,0.02829144,127,2,126,1126
7,0,104187.14,0.81850818,0.02829144,127,2,127,1127
7,0,104334.17,0.85609605,0.02829144,127,2,128,1128
7,0,104275.21,0.93624298,0.02829144,127,2,129,1129
7,0,104176.33,0.97373218,0.02829144,127,2,130,1130
7,0,104317.44,0.98848453,0.02829144,127,2,131,1131
7,0,104469.94,0.85636287,0.02829144,127,2,132,1132
7,0,104239.14,0.92189442,0.02829144,127,2,133,1133
7,0,104411.99,0.96420259,0.02829144,127,2,134,1134
7,0,104552.39,0.99700821,0.02829144,127,2,135,1135
7,0,104588.98,0.98268251,0.02829144,127,2,136,1136
7,0,104579.22,0.84420193,0.02829144,127,2,137,1137
7,0,104215.25,0.89216847,0.02829144,127,2,138,1138
7,0,104315.54,0.97078727,0.02829144,127,2,139,1139
7,0,104477.57,0.79629731,0.02829144,127,2,140,1140
7,0,104346.86,0.99994993,0.02829144,127,2,141,1141
7,0,104393.2,0.98489879,0.02829144,127,2,142,1142
7,0,104347.02,0.97743519,0.02829144,127,2,143,1143
7,0,104216.81,0.98619695,0.02829144,127,2,144,1144
7,0,103851.74,0.99332834,0.02829144,127,2,145,1145
7,0,103881.05,0.81531347,0.02829144,127,2,146,1146
7,0,104230.49,0.89343041,0.02829144,127,2,147,1147
7,0,104879.14,0.89795344,0.02829144,127,2,148,1148
7,0,104846.4,0.74472186,0.02829144,127,2,149,1149
7,0,105041.34,0.99650301,0.02829144,127,2,150,1150
7,0,104795.73,0.90466656,0.02829144,127,2,151,1151
7,0,103903.06,0.97517483,0.02829144,127,2,152,1152
7,0,104490.59,0.98035446,0.02829144,127,2,153,1153
7,0,104047.36,0.95332152,0.02829144,127,2,154,1154
7,0,104271.99,0.92373695,0.02829144,127,2,155,1155
7,0,104564.65,0.88332297,0.02829144,127,2,156,1156
7,0,104425.95,0.9929087,0.02829144,127,2,157,1157
7,0,104437.65,0.92888849,0.02829144,127,2,158,1158
7,0,104643.08,0.82439419,0.02829144,127,2,159,1159
7,0,104338.69,0.93443615,0.02829144,127,2,160,1160
7,0,104487.39,0.97016323,0.02829144,127,2,161,1161
7,0,104515.97,0.95336609,0.02829144,127,2,162,1162
7,0,104467.02,0.83755384,0.02829144,127,2,163,1163
7,0,104209.56,0.97138332,0.02829144,127,2,164,1164
7,0,104087.41,0.98101408,0.02829144,127,2,165,1165
7,0,104694.77,0.99494569,0.02829144,127,2,166,1166
7,0,104702.51,0.93241177,0.02829144,127,2,167,1167
7,0,104546.04,0.92001163,0.02829144,127,2,168,1168
7,0,104561.88,0.93862975,0.02829144,127,2,169,1169
7,0,104441.83,0.97599547,0.02829144,127,2,170,1170
7,0,104128.53,0.91547837,0.02829144,127,2,171,1171
7,0,103997.05,0.90807998,0.02829144,127,2,172,1172
7,0,104029.67,0.99375596,0.02829144,127,2,173,1173
7,0,104032.79,0.86431275,0.02829144,127,2,174,1174
7,0,104342.24,0.97712631,0.02829144,127,2,175,1175
7,0,104179.93,0.96971248,0.02829144,127,2,176,1176
7,0,103936.18,0.99614127,0.02829144,127,2,177,1177
7,0,103852,0.915542,0.02829144,127,2,178,1178
7,0,103917.04,0.75546647,0.02829144,127,2,179,1179
7,0,104446.33,0.98515728,0.02829144,127,2,180,1180
7,0,104229.56,0.95534955,0.02829144,127,2,181,1181
7,0,104036.49,0.99445252,0.02829144,127,2,182,1182
7,0,103740.06,0.77910396,0.02829144,127,2,183,1183
7,0,103795.49,0.95900683,0.02829144,127,2,184,1184
7,0,104269.6,0.83480923,0.02829144,127,2,185,1185
7,0,104516.83,0.98180125,0.02829144,127,2,186,1186
7,0,104398.32,0.98452972,0.02829144,127,2,187,1187
7,0,104017.87,0.80824313,0.02829144,127,2,188,1188
7,0,103934.86,0.94510587,0.02829144,127,2,189,1189
7,0,103820.94,0.9720942,0.02829144,127,2,190,1190
7,0,104269.21,0.9277123,0.02829144,127,2,191,1191
7,0,104369.97,0.97228864,0.02829144,127,2,192,1192
7,0,104433.87,0.92437622,0.02829144,127,2,193,1193
7,0,104807.25,0.97072154,0.02829144,127,2,194,1194
7,0,104680.08,0.99640955,0.02829144,127,2,195,1195
7,0,104317.3,0.96500271,0.02829144,127,2,196,1196
7,0,104420.77,0.96386121,0.02829144,127,2,197,1197
7,0,104423.1,0.85028635,0.02829144,127,2,198,1198
7,0,104674.85,0.82286839,0.02829144,127,2,199,1199
7,0,104212.75,0.98485123,0.02829144,127,2,200,1200
7,0,104154.52,0.93845295,0.02829144,127,2,201,1201
7,0,104400.71,0.96101341,0.02829144,127,2,202,1202
7,0,104079.71,0.98884284,0.02829144,127,2,203,1203
7,0,103914.34,0.98139967,0.02829144,127,2,204,1204
7,0,103930.8,0.88694714,0.02829144,127,2,205,1205
7,0,104139.89,0.9575278,0.02829144,127,2,206,1206
7,0,103946.79,0.95904106,0.02829144,127,2,207,1207
7,0,104065.74,0.9032783,0.02829144,127,2,208,1208
7,0,104492.62,0.96995233,0.02829144,127,2,209,1209
7,0,104317.11,0.90878534,0.02829144,127,2,210,1210
7,0,104615.62,0.96157709,0.02829144,127,2,211,1211
7,0,104753.05,0.99727956,0.02829144,127,2,212,1212
7,0,104175.31,0.87217494,0.02829144,127,2,213,1213
7,0,104073.8,0.90819667,0.02829144,127,2,214,1214
7,0,104201.81,0.92832322,0.02829144,127,2,215,1215
7,0,104454.03,0.98841863,0.02829144,127,2,216,1216
7,0,104505,0.97859864,0.02829144,127,2,217,1217
7,0,104078.13,0.94932187,0.02829144,127,2,218,1218
7,0,104200.31,0.885868,0.02829144,127,2,219,1219
7,0,104557.32,0.76037352,0.02829144,127,2,220,1220
7,0,104700.14,0.85265441,0.02829144,127,2,221,1221
7,0,104376.29,0.85747927,0.02829144,127,2,222,1222
7,0,104566.48,0.96211223,0.02829144,127,2,223,1223
7,0,104774.36,0.87588473,0.02829144,127,2,224,1224
7,0,104441.38,0.84438043,0.02829144,127,2,225,1225
7,0,104735.53,0.95301916,0.02829144,127,2,226,1226
7,0,104768.13,0.99342837,0.02829144,127,2,227,1227
7,0,104624.23,0.92475161,0.02829144,127,2,228,1228
7,0,104550.91,0.99616632,0.02829144,127,2,229,1229
7,0,104457.28,0.96777125,0.02829144,127,2,230,1230
7,0,104431.38,0.95692222,0.02829144,127,2,231,1231
7,0,104299.18,0.97472366,0.02829144,127,2,232,1232
7,0,104489.29,0.84463483,0.02829144,127,2,233,1233
7,0,104109.5,0.87868337,0.02829144,127,2,234,1234
7,0,103703.27,0.87613615,0.02829144,127,2,235,1235
7,0,103935.03,0.77779908,0.02829144,127,2,236,1236
7,0,104009.95,0.99116497,0.02829144,127,2,237,1237
7,0,103487.94,0.89911408,0.02829144,127,2,238,1238
7,0,103706.47,0.99607471,0.02829144,127,2,239,1239
7,0,103803.33,0.74651353,0.02829144,127,2,240,1240
7,0,104164.88,0.97942187,0.02829144,127,2,241,1241
7,0,104038.59,0.96240031,0.02829144,127,2,242,1242
7,0,103890.4,0.87518322,0.02829144,127,2,243,1243
7,0,103943.1,0.94420726,0.02829144,127,2,244,1244
7,0,104065.37,0.9351554,0.02829144,127,2,245,1245
7,0,104041.67,0.99100252,0.02829144,127,2,246,1246
7,0,104409.89,0.97276744,0.02829144,127,2,247,1247
7,0,104589.39,0.88829235,0.02829144,127,2,248,1248
7,0,104844.04,0.98590849,0.02829144,127,2,249,1249
7,0,105466.88,0.94721318,0.02829144,127,2,250,1250
7,0,105027.63,0.99610132,0.02829144,127,2,251,1251
7,0,104836.08,0.99633874,0.02829144,127,2,252,1252
7,0,104607.02,0.97229024,0.02829144,127,2,253,1253
7,0,104457.69,0.97606737,0.02829144,127,2,254,1254
7,0,104372.02,0.91362197,0.02829144,127,2,255,1255
7,0,104319.01,0.95548763,0.02829144,127,2,256,1256
7,0,104259.75,0.98578932,0.02829144,127,2,257,1257
7,0,104309.57,0.9910683,0.02829144,127,2,258,1258
7,0,104623.61,0.8969171,0.02829144,127,2,259,1259
7,0,104496.48,0.94550398,0.02829144,127,2,260,1260
7,0,104205.43,0.99515655,0.02829144,127,2,261,1261
7,0,104687.62,0.98612481,0.02829144,127,2,262,1262
7,0,104796.65,0.96743725,0.02829144,127,2,263,1263
7,0,104488.2,0.79317433,0.02829144,127,2,264,1264
7,0,104488.82,0.86494438,0.02829144,127,2,265,1265
7,0,104689.2,0.80832447,0.02829144,127,2,266,1266
7,0,104743.55,0.92718503,0.02829144,127,2,267,1267
7,0,105052.45,0.9660779,0.02829144,127,2,268,1268
7,0,105294.94,0.99597375,0.02829144,127,2,269,1269
7,0,105227.54,0.86734187,0.02829144,127,2,270,1270
7,0,105699.11,0.9310959,0.02829144,127,2,271,1271
7,0,105619.12,0.98215244,0.02829144,127,2,272,1272
7,0,105059.63,0.97180392,0.02829144,127,2,273,1273
7,0,105210.43,0.91973853,0.02829144,127,2,274,1274
7,0,104515.72,0.99945324,0.02829144,127,2,275,1275
7,0,103939.15,0.89870804,0.02829144,127,2,276,1276
7,0,103760.81,0.9178226,0.02829144,127,2,277,1277
7,0,104080.26,0.88073247,0.02829144,127,2,278,1278
7,0,104087.94,0.85371199,0.02829144,127,2,279,1279
7,0,104195.29,0.85937302,0.02829144,127,2,280,1280
7,0,103953.52,0.99036438,0.02829144,127,2,281,1281
7,0,103869.38,0.89301729,0.02829144,127,2,282,1282
7,0,104113.2,0.9793104,0.02829144,127,2,283,1283
7,0,104390.56,0.77761472,0.02829144,127,2,284,1284
7,0,104169.12,0.93690268,0.02829144,127,2,285,1285
7,0,104824.58,0.94609918,0.02829144,127,2,286,1286
7,0,104441.66,0.99711379,0.02829144,127,2,287,1287
7,0,104321.67,0.93833115,0.02829144,127,2,288,1288
7,0,104492.1,0.99493192,0.02829144,127,2,289,1289
7,0,104524.03,0.94854449,0.02829144,127,2,290,1290
7,0,104405.65,0.96492211,0.02829144,127,2,291,1291
7,0,104597.19,0.99271682000000006,0.02829144,127,2,292,1292
7,0,104318.46,0.9465786,0.02829144,127,2,293,1293
7,0,104113.11,0.94680949,0.02829144,127,2,294,1294
7,0,104452.66,0.8467261,0.02829144,127,2,295,1295
7,0,104790.04,0.93219896,0.02829144,127,2,296,1296
7,0,104852.54,0.95855001,0.02829144,127,2,297,1297
7,0,104561.12,0.98838324,0.02829144,127,2,298,1298
7,0,104376.84,0.96897016,0.02829144,127,2,299,1299
7,0,104466,0.84351153,0.02829144,127,2,300,1300
7,0,104572.39,0.94211355,0.02829144,127,2,301,1301
7,0,104327.44,0.96575461,0.02829144,127,2,302,1302
7,0,104269.57,0.93670115,0.02829144,127,2,303,1303
7,0,104144.66,0.82622673,0.02829144,127,2,304,1304
7,0,104183.81,0.99081103,0.02829144,127,2,305,1305
7,0,104187.33,0.95423311,0.02829144,127,2,306,1306
7,0,103769.41,0.80681302,0.02829144,127,2,307,1307
7,0,103823.81,0.93621752,0.02829144,127,2,308,1308
7,0,104246.52,0.99539524,0.02829144,127,2,309,1309
7,0,104477.71,0.9613659,0.02829144,127,2,310,1310
7,0,104222.12,0.94098365,0.02829144,127,2,311,1311
7,0,104120.04,0.98427821,0.02829144,127,2,312,1312
7,0,104159.77,0.93973258,0.02829144,127,2,313,1313
7,0,103781.49,0.99301342,0.02829144,127,2,314,1314
7,0,103758.79,0.89015098,0.02829144,127,2,315,1315
7,0,104152.32,0.904565,0.02829144,127,2,316,1316
7,0,103802.45,0.95700082,0.02829144,127,2,317,1317
7,0,104181.89,0.80959567,0.02829144,127,2,318,1318
7,0,104530.52,0.87026679,0.02829144,127,2,319,1319
7,0,104695.19,0.95289433,0.02829144,127,2,320,1320
7,0,104657.21,0.96198502,0.02829144,127,2,321,1321
7,0,104701.51,0.91298393,0.02829144,127,2,322,1322
7,0,104581.48,0.94116899,0.02829144,127,2,323,1323
7,0,104695.73,0.94694617,0.02829144,127,2,324,1324
7,0,104790.23,0.99391125,0.02829144,127,2,325,1325
7,0,104362.05,0.81428494,0.02829144,127,2,326,1326
7,0,104159.44,0.97857529,0.02829144,127,2,327,1327
7,0,104451.11,0.96287318,0.02829144,127,2,328,1328
7,0,104658.4,0.9718294,0.02829144,127,2,329,1329
7,0,104669.3,0.94851738,0.02829144,127,2,330,1330
7,0,104355.05,0.81177519,0.02829144,127,2,331,1331
7,0,104440.48,0.99158626,0.02829144,127,2,332,1332
7,0,104372.63,0.98881047,0.02829144,127,2,333,1333
7,0,104572.67,0.78877717,0.02829144,127,2,334,1334
7,0,104579.83,0.98325646,0.02829144,127,2,335,1335
7,0,104352.91,0.77935809,0.02829144,127,2,336,1336
7,0,104249.24,0.91381805,0.02829144,127,2,337,1337
7,0,104009.55,0.88861701,0.02829144,127,2,338,1338
7,0,104171.3,0.92689073,0.02829144,127,2,339,1339
7,0,104632.3,0.77740288,0.02829144,127,2,340,1340
7,0,104751.98,0.98700571,0.02829144,127,2,341,1341
7,0,104722.72,0.77990716,0.02829144,127,2,342,1342
7,0,105062.25,0.94466839,0.02829144,127,2,343,1343
7,0,104820.48,0.97880223,0.02829144,127,2,344,1344
7,0,104272.34,0.99192174,0.02829144,127,2,345,1345
7,0,104329.11,0.77955824,0.02829144,127,2,346,1346
7,0,104277.01,0.8517405,0.02829144,127,2,347,1347
7,0,104012.82,0.84164761,0.02829144,127,2,348,1348
7,0,104427.12,0.89392606,0.02829144,127,2,349,1349
7,0,104312.45,0.98896288,0.02829144,127,2,350,1350
7,0,104237.49,0.97235465,0.02829144,127,2,351,1351
7,0,104218.79,0.8693344,0.02829144,127,2,352,1352
7,0,104506.11,0.96105152,0.02829144,127,2,353,1353
7,0,104477.42,0.91527661,0.02829144,127,2,354,1354
7,0,104400.49,0.94442224,0.02829144,127,2,355,1355
7,0,104025.71,0.99076391,0.02829144,127,2,356,1356
7,0,103956.23,0.98688143,0.02829144,127,2,357,1357
7,0,104483.09,0.78157456,0.02829144,127,2,358,1358
7,0,104343.06,0.93563174,0.02829144,127,2,359,1359
7,0,104481.36,0.88461834,0.02829144,127,2,360,1360
7,0,104177.29,0.80264365,0.02829144,127,2,361,1361
7,0,104200.36,0.96852235,0.02829144,127,2,362,1362
7,0,104189.54,0.97328492,0.02829144,127,2,363,1363
7,0,104027.17,0.91265524,0.02829144,127,2,364,1364
7,0,104303.69,0.92649936,0.02829144,127,2,365,1365
7,0,104334.85,0.9976425,0.02829144,127,2,366,1366
7,0,103954.93,0.99051153,0.02829144,127,2,367,1367
7,0,104201.38,0.84039311,0.02829144,127,2,368,1368
7,0,103663.48,0.95899661,0.02829144,127,2,369,1369
7,0,103993.4,0.88835247,0.02829144,127,2,370,1370
7,0,104058.28,0.99731197,0.02829144,127,2,371,1371
7,0,104489.6,1,0.02829144,127,2,372,1372
7,0,104490.82,0.85093844,0.02829144,127,2,373,1373
7,0,104113.72,0.96516558,0.02829144,127,2,374,1374
7,0,104269.59,0.78134586,0.02829144,127,2,375,1375
7,0,104556.44,0.94976512,0.02829144,127,2,376,1376
7,0,104272.72,0.99837469,0.02829144,127,2,377,1377
7,0,104535.96,0.9651678,0.02829144,127,2,378,1378
7,0,104591.57,0.98259702,0.02829144,127,2,379,1379
7,0,104833.37,0.84155019,0.02829144,127,2,380,1380
7,0,104590.51,0.98554097,0.02829144,127,2,381,1381
7,0,104749.55,0.99736946,0.02829144,127,2,382,1382
7,0,104117.73,0.92037136,0.02829144,127,2,383,1383
7,0,104089.36,0.91475559,0.02829144,127,2,384,1384
7,0,104504.17,0.84946751,0.02829144,127,2,385,1385
7,0,104506.89,0.99302561,0.02829144,127,2,386,1386
7,0,104321.27,0.92729251,0.02829144,127,2,387,1387
7,0,104489.03,0.99407869,0.02829144,127,2,388,1388
7,0,104293.35,0.90542048,0.02829144,127,2,389,1389
7,0,104335.47,0.88829738,0.02829144,127,2,390,1390
7,0,103817.81,0.83575741,0.02829144,127,2,391,1391
7,0,103864.62,0.74272431,0.02829144,127,2,392,1392
7,0,104158.2,0.99164974,0.02829144,127,2,393,1393
7,0,104737.19,0.80118295,0.02829144,127,2,394,1394
7,0,104700.74,0.89883572,0.02829144,127,2,395,1395
7,0,105402.37,0.88459184,0.02829144,127,2,396,1396
7,0,105438.84,0.95307333,0.02829144,127,2,397,1397
7,0,105212.92,0.920786,0.02829144,127,2,398,1398
7,0,105556.39,0.9551657,0.02829144,127,2,399,1399
7,0,105437.38,0.9786301,0.02829144,127,2,400,1400
7,0,105090.47,0.9832718,0.02829144,127,2,401,1401
7,0,104688.33,0.99076067,0.02829144,127,2,402,1402
7,0,105121.6,0.97979041,0.02829144,127,2,403,1403
7,0,104609.87,0.97929531,0.02829144,127,2,404,1404
7,0,104935.18,0.83809183,0.02829144,127,2,405,1405
7,0,105036.04,0.89790005,0.02829144,127,2,406,1406
7,0,104838.04,0.92165327,0.02829144,127,2,407,1407
7,0,105260.33,0.8937554,0.02829144,127,2,408,1408
7,0,105509.48,0.90396788,0.02829144,127,2,409,1409
7,0,105401.28,0.97263903,0.02829144,127,2,410,1410
7,0,104997.91,0.89631171,0.02829144,127,2,411,1411
7,0,105353.82,0.89385028,0.02829144,127,2,412,1412
7,0,105068.05,0.97665432,0.02829144,127,2,413,1413
7,0,104559.66,0.92635499,0.02829144,127,2,414,1414
7,0,104608.8,0.98559598,0.02829144,127,2,415,1415
7,0,104444.92,0.98173665,0.02829144,127,2,416,1416
7,0,104077.04,0.99213161,0.02829144,127,2,417,1417
7,0,104232.59,0.98916034,0.02829144,127,2,418,1418
7,0,103855.52,0.99055584,0.02829144,127,2,419,1419
7,0,104257.9,0.87198607,0.02829144,127,2,420,1420
7,0,104512.49,0.9468463,0.02829144,127,2,421,1421
7,0,104434,0.88620555,0.02829144,127,2,422,1422
7,0,104557.99,0.98176891,0.02829144,127,2,423,1423
7,0,104972.78,0.80337281,0.02829144,127,2,424,1424
7,0,105076.65,0.98909989,0.02829144,127,2,425,1425
7,0,105038.6,0.9996163,0.02829144,127,2,426,1426
7,0,104915.63,0.97596767,0.02829144,127,2,427,1427
7,0,104971.79,0.8923223,0.02829144,127,2,428,1428
7,0,104998.67,0.96113929,0.02829144,127,2,429,1429
7,0,104843.13,0.95866528,0.02829144,127,2,430,1430
7,0,105138.07,0.99046096,0.02829144,127,2,431,1431
7,0,105133.12,0.94209072,0.02829144,127,2,432,1432
7,0,104933.34,0.62899218,0.02829144,127,2,433,1433
7,0,104943.69,1,0.02829144,127,2,434,1434
7,0,105126.61,0.9755683,0.02829144,127,2,435,1435
7,0,105503.76,0.9037349,0.02829144,127,2,436,1436
7,0,105299.35,0.97749998,0.02829144,127,2,437,1437
7,0,104984.59,0.94708138,0.02829144,127,2,438,1438
7,0,104976.32,0.95413172,0.02829144,127,2,439,1439
7,0,104787.16,0.97320513,0.02829144,127,2,440,1440
7,0,105127.87,0.82554802,0.02829144,127,2,441,1441
7,0,104949.17,0.99968112,0.02829144,127,2,442,1442
7,0,104820.65,0.96290578,0.02829144,127,2,443,1443
7,0,104874.9,0.9115578,0.02829144,127,2,444,1444
7,0,104622.27,0.91897158,0.02829144,127,2,445,1445
7,0,104490.46,0.92011321,0.02829144,127,2,446,1446
7,0,104237.68,0.95150666,0.02829144,127,2,447,1447
7,0,104474.51,0.92694295,0.02829144,127,2,448,1448
7,0,103964.57,0.98674345,0.02829144,127,2,449,1449
7,0,104193.28,0.66056524,0.02829144,127,2,450,1450
7,0,104098.74,0.97714518,0.02829144,127,2,451,1451
7,0,104140.77,0.79943469,0.02829144,127,2,452,1452
7,0,104028.41,0.99598341,0.02829144,127,2,453,1453
7,0,104189.27,0.95265026,0.02829144,127,2,454,1454
7,0,104278.25,0.92360775,0.02829144,127,2,455,1455
7,0,104583.59,0.76148238,0.02829144,127,2,456,1456
7,0,104847.56,0.92649645,0.02829144,127,2,457,1457
7,0,104905.08,0.93844051,0.02829144,127,2,458,1458
7,0,104841.32,0.98730374,0.02829144,127,2,459,1459
7,0,104722.32,0.77692624,0.02829144,127,2,460,1460
7,0,104555.5,0.8426016,0.02829144,127,2,461,1461
7,0,104462.61,0.95109911,0.02829144,127,2,462,1462
7,0,104026.99,0.97999025,0.02829144,127,2,463,1463
7,0,104088.93,0.72324621,0.02829144,127,2,464,1464
7,0,104295.36,0.9836091,0.02829144,127,2,465,1465
7,0,104146.23,0.9997084,0.02829144,127,2,466,1466
7,0,103825.16,0.80150017,0.02829144,127,2,467,1467
7,0,104039.31,0.9429716,0.02829144,127,2,468,1468
7,0,104202.03,0.92514612,0.02829144,127,2,469,1469
7,0,104670.18,0.94947121,0.02829144,127,2,470,1470
7,0,105020.84,0.9656063,0.02829144,127,2,471,1471
7,0,104744.7,0.71387169,0.02829144,127,2,472,1472
7,0,104725.78,0.96455569,0.02829144,127,2,473,1473
7,0,104529.04,0.98884231,0.02829144,127,2,474,1474
7,0,104575.51,0.99804249,0.02829144,127,2,475,1475
7,0,104237.19,0.93164785,0.02829144,127,2,476,1476
7,0,104471.13,0.99906529,0.02829144,127,2,477,1477
7,0,104228.87,0.99360044,0.02829144,127,2,478,1478
7,0,104287.06,0.92799234,0.02829144,127,2,479,1479
7,0,104250.11,0.99596798,0.02829144,127,2,480,1480
7,0,103972.6,0.95773335,0.02829144,127,2,481,1481
7,0,103973.54,0.78873552,0.02829144,127,2,482,1482
7,0,104541.82,0.98776574,0.02829144,127,2,483,1483
7,0,104296.52,0.97834504,0.02829144,127,2,484,1484
7,0,104073.02,0.99427067,0.02829144,127,2,485,1485
7,0,104028.81,0.99757789,0.02829144,127,2,486,1486
7,0,103957.1,0.98289959,0.02829144,127,2,487,1487
7,0,104344.68,0.83540504,0.02829144,127,2,488,1488
7,0,104622.79,0.99584802,0.02829144,127,2,489,1489
7,0,105072.88,0.92718882,0.02829144,127,2,490,1490
7,0,105016.43,0.99402431,0.02829144,127,2,491,1491
7,0,104657.41,0.90092568,0.02829144,127,2,492,1492
7,0,104791.56,0.99690745,0.02829144,127,2,493,1493
7,0,104897.82,0.96380139,0.02829144,127,2,494,1494
7,0,104787.49,0.77141731,0.02829144,127,2,495,1495
7,0,104714.41,0.79168915,0.02829144,127,2,496,1496
7,0,104530.29,0.98779938,0.02829144,127,2,497,1497
7,0,104243.21,0.98718692,0.02829144,127,2,498,1498
7,0,104227.28,0.75861868,0.02829144,127,2,499,1499
7,0,104580.59,0.97158741,0.02829144,127,2,500,1500
7,0,104687.08,0.98566349,0.02829144,127,2,501,1501
7,0,104914.72,0.8800324,0.02829144,127,2,502,1502
7,0,105013.9,0.96381229,0.02829144,127,2,503,1503
7,0,104426.86,0.9786645,0.02829144,127,2,504,1504
7,0,104942.68,0.93187891,0.02829144,127,2,505,1505
7,0,104989.23,0.9443828,0.02829144,127,2,506,1506
7,0,104682.29,0.8767291,0.02829144,127,2,507,1507
7,0,104719.66,0.99441453,0.02829144,127,2,508,1508
7,0,104674.75,0.99048055,0.02829144,127,2,509,1509
7,0,105067.24,0.8766323,0.02829144,127,2,510,1510
7,0,104636.39,0.94864624,0.02829144,127,2,511,1511
7,0,104734.89,0.80788034,0.02829144,127,2,512,1512
7,0,103933.56,0.99040029,0.02829144,127,2,513,1513
7,0,103694.81,0.97128812,0.02829144,127,2,514,1514
7,0,103886.31,0.87731681,0.02829144,127,2,515,1515
7,0,103996.26,0.77160565,0.02829144,127,2,516,1516
7,0,103985,0.96842649,0.02829144,127,2,517,1517
7,0,104133.68,0.65859929,0.02829144,127,2,518,1518
7,0,104273.55,0.85396694,0.02829144,127,2,519,1519
7,0,104110.61,0.80682258,0.02829144,127,2,520,1520
7,0,104485.23,0.84899616,0.02829144,127,2,521,1521
7,0,104265.45,0.98899568,0.02829144,127,2,522,1522
7,0,104156.2,0.93789738,0.02829144,127,2,523,1523
7,0,104092.63,0.90777661,0.02829144,127,2,524,1524
7,0,104812.58,0.82206076,0.02829144,127,2,525,1525
7,0,104826.26,0.80364407,0.02829144,127,2,526,1526
7,0,104778.51,0.90749307,0.02829144,127,2,527,1527
7,0,104775.25,0.96608039,0.02829144,127,2,528,1528
7,0,104194.77,0.99677325,0.02829144,127,2,529,1529
7,0,104365.24,0.9978358,0.02829144,127,2,530,1530
7,0,104197.9,0.96350891,0.02829144,127,2,531,1531
7,0,104014.61,0.79225621,0.02829144,127,2,532,1532
7,0,103934.59,0.82740577,0.02829144,127,2,533,1533
7,0,103866.07,0.89925194,0.02829144,127,2,534,1534
7,0,104049.63,0.99888748,0.02829144,127,2,535,1535
7,0,103866.55,0.88512677,0.02829144,127,2,536,1536
7,0,104070.24,0.98496444,0.02829144,127,2,537,1537
7,0,104202.41,0.98416038,0.02829144,127,2,538,1538
7,0,104400.57,0.59815422,0.02829144,127,2,539,1539
7,0,104251.3,0.96690921,0.02829144,127,2,540,1540
7,0,104516.05,0.98665684,0.02829144,127,2,541,1541
7,0,104609.19,0.94845407,0.02829144,127,2,542,1542
7,0,104729.51,0.85477523,0.02829144,127,2,543,1543
7,0,105080.48,0.97396733,0.02829144,127,2,544,1544
7,0,105071.82,0.9625157,0.02829144,127,2,545,1545
7,0,104380.29,0.97238671,0.02829144,127,2,546,1546
7,0,103956.4,0.99606556,0.02829144,127,2,547,1547
7,0,104539.23,0.88703261,0.02829144,127,2,548,1548
7,0,104402.26,0.93766924,0.02829144,127,2,549,1549
7,0,104386.57,0.96179415,0.02829144,127,2,550,1550
7,0,104671.24,0.97025547,0.02829144,127,2,551,1551
7,0,104425.72,0.97827207,0.02829144,127,2,552,1552
7,0,104532.9,0.95579676,0.02829144,127,2,553,1553
7,0,104770.44,0.98331274,0.02829144,127,2,554,1554
7,0,104632.88,0.99777829,0.02829144,127,2,555,1555
7,0,104566.78,0.84426505,0.02829144,127,2,556,1556
7,0,104819.86,0.9827092,0.02829144,127,2,557,1557
7,0,104389.77,0.95668759,0.02829144,127,2,558,1558
7,0,104048.94,0.99530103,0.02829144,127,2,559,1559
7,0,103993.56,0.98660799,0.02829144,127,2,560,1560
7,0,104438.34,0.94749412,0.02829144,127,2,561,1561
7,0,104121.17,0.88835265,0.02829144,127,2,562,1562
7,0,103857.1,0.80650887,0.02829144,127,2,563,1563
7,0,103775.74,0.88127284,0.02829144,127,2,564,1564
7,0,103665.29,0.94892339,0.02829144,127,2,565,1565
7,0,103575.3,0.92797949,0.02829144,127,2,566,1566
7,0,103968.36,0.9487657,0.02829144,127,2,567,1567
7,0,104393.85,0.92022124,0.02829144,127,2,568,1568
7,0,104669.06,0.97330582,0.02829144,127,2,569,1569
7,0,104764.82,0.90351627,0.02829144,127,2,570,1570
7,0,105208.61,0.94850341,0.02829144,127,2,571,1571
7,0,105053.13,0.86820949,0.02829144,127,2,572,1572
7,0,105498.74,0.84543245,0.02829144,127,2,573,1573
7,0,105698.53,0.96433624,0.02829144,127,2,574,1574
7,0,105339.73,0.97848989,0.02829144,127,2,575,1575
7,0,105360.88,0.98866919,0.02829144,127,2,576,1576
7,0,105052.73,0.92121758,0.02829144,127,2,577,1577
7,0,104721.7,0.83801079,0.02829144,127,2,578,1578
7,0,104957.55,0.98215763,0.02829144,127,2,579,1579
7,0,105132.59,0.95964133,0.02829144,127,2,580,1580
7,0,104728.04,0.96250961,0.02829144,127,2,581,1581
7,0,104778.58,0.99718343,0.02829144,127,2,582,1582
7,0,104716.89,0.895407,0.02829144,127,2,583,1583
7,0,105230.22,0.98918216,0.02829144,127,2,584,1584
7,0,105186,0.85506574,0.02829144,127,2,585,1585
7,0,105322.6,0.8512564,0.02829144,127,2,586,1586
7,0,105221.33,0.94839893,0.02829144,127,2,587,1587
7,0,105089.99,0.91353645000000006,0.02829144,127,2,588,1588
7,0,105135.67,0.92192303,0.02829144,127,2,589,1589
7,0,105250.13,0.93686952,0.02829144,127,2,590,1590
7,0,105025.16,0.95931919,0.02829144,127,2,591,1591
7,0,104775.71,0.9514665,0.02829144,127,2,592,1592
7,0,104429.24,0.96851679,0.02829144,127,2,593,1593
7,0,103836.96,0.95664512,0.02829144,127,2,594,1594
7,0,103969.54,0.82103208,0.02829144,127,2,595,1595
7,0,103853.51,0.98705912,0.02829144,127,2,596,1596
7,0,104184.18,0.90792518,0.02829144,127,2,597,1597
7,0,104359.63,0.91553854,0.02829144,127,2,598,1598
7,0,104149.43,0.97211258,0.02829144,127,2,599,1599
7,0,104297.53,0.85567409,0.02829144,127,2,600,1600
7,0,104565.81,0.92920184,0.02829144,127,2,601,1601
7,0,104284.3,0.96028154,0.02829144,127,2,602,1602
7,0,103753.86,0.98970981,0.02829144,127,2,603,1603
7,0,103971.72,0.82698183,0.02829144,127,2,604,1604
7,0,104195.24,0.89680507,0.02829144,127,2,605,1605
7,0,103916.95,0.77088549,0.02829144,127,2,606,1606
7,0,104124.6,0.91927269,0.02829144,127,2,607,1607
7,0,104385.81,0.94452645,0.02829144,127,2,608,1608
7,0,104604.52,0.98693902,0.02829144,127,2,609,1609
7,0,104799.75,0.99926573,0.02829144,127,2,610,1610
7,0,104943.04,0.91324901,0.02829144,127,2,611,1611
7,0,104851.19,0.9007691,0.02829144,127,2,612,1612
7,0,104731.4,0.99769488,0.02829144,127,2,613,1613
7,0,105008.19,0.99711694,0.02829144,127,2,614,1614
7,0,104711.8,0.9017342,0.02829144,127,2,615,1615
7,0,104603.95,0.9693187,0.02829144,127,2,616,1616
7,0,104329.95,0.92925135,0.02829144,127,2,617,1617
7,0,104649.46,0.94568237,0.02829144,127,2,618,1618
7,0,104996.45,0.85919215,0.02829144,127,2,619,1619
7,0,104793.33,0.98866747,0.02829144,127,2,620,1620
7,0,104356.15,0.94637529,0.02829144,127,2,621,1621
7,0,104264.34,0.9451499,0.02829144,127,2,622,1622
7,0,103906.39,0.96723617,0.02829144,127,2,623,1623
7,0,103916.13,0.97831494,0.02829144,127,2,624,1624
7,0,104468.91,0.92982167,0.02829144,127,2,625,1625
7,0,104766.25,0.84479897,0.02829144,127,2,626,1626
7,0,104674.5,0.96785982,0.02829144,127,2,627,1627
7,0,104962.64,0.92068578,0.02829144,127,2,628,1628
7,0,104469.39,0.88550624,0.02829144,127,2,629,1629
7,0,104235.84,0.97266616,0.02829144,127,2,630,1630
7,0,104453.43,0.98383341,0.02829144,127,2,631,1631
7,0,104654.14,0.78540688,0.02829144,127,2,632,1632
7,0,104693.26,0.99948132,0.02829144,127,2,633,1633
7,0,105064.74,0.85150687,0.02829144,127,2,634,1634
7,0,104720.74,0.89113518,0.02829144,127,2,635,1635
7,0,104980.16,0.89814757,0.02829144,127,2,636,1636
7,0,104713.31,0.99986549,0.02829144,127,2,637,1637
7,0,104792.49,0.82781003,0.02829144,127,2,638,1638
7,0,104998.3,0.98984076,0.02829144,127,2,639,1639
7,0,105119.88,0.96061246,0.02829144,127,2,640,1640
7,0,104727.41,0.99694174,0.02829144,127,2,641,1641
7,0,104944.74,0.70837814,0.02829144,127,2,642,1642
7,0,104881.97,0.85488458,0.02829144,127,2,643,1643
7,0,104924.13,0.9822864,0.02829144,127,2,644,1644
7,0,105070.87,0.7618975,0.02829144,127,2,645,1645
7,0,105325.85,0.96083278,0.02829144,127,2,646,1646
7,0,104874.61,0.97642053,0.02829144,127,2,647,1647
7,0,104980.65,0.96298266,0.02829144,127,2,648,1648
7,0,105218.76,0.93007226,0.02829144,127,2,649,1649
7,0,104740.85,0.98826341,0.02829144,127,2,650,1650
7,0,104548.97,0.99724449,0.02829144,127,2,651,1651
7,0,104246.39,0.96221678,0.02829144,127,2,652,1652
7,0,104045.71,0.80563997,0.02829144,127,2,653,1653
7,0,104497.2,0.93494257,0.02829144,127,2,654,1654
7,0,104632.72,0.88798948,0.02829144,127,2,655,1655
7,0,104939.11,0.91419941,0.02829144,127,2,656,1656
7,0,105664.4,0.94279519,0.02829144,127,2,657,1657
7,0,105062.24,0.98714052,0.02829144,127,2,658,1658
7,0,104374.59,0.98700753,0.02829144,127,2,659,1659
7,0,104527.46,0.79668168,0.02829144,127,2,660,1660
7,0,104528.41,0.89933294,0.02829144,127,2,661,1661
7,0,104449.91,0.95975094,0.02829144,127,2,662,1662
7,0,104223.32,0.84935128,0.02829144,127,2,663,1663
7,0,104778.19,0.92920101,0.02829144,127,2,664,1664
7,0,104414.8,0.99140963,0.02829144,127,2,665,1665
7,0,104204.2,0.95427655,0.02829144,127,2,666,1666
7,0,105146.54,0.80214093,0.02829144,127,2,667,1667
7,0,104566.4,0.90048953,0.02829144,127,2,668,1668
7,0,104338.62,0.89504469,0.02829144,127,2,669,1669
7,0,104125.63,0.95924465,0.02829144,127,2,670,1670
7,0,103914.24,0.98976995,0.02829144,127,2,671,1671
7,0,103805.65,0.78794424,0.02829144,127,2,672,1672
7,0,104247.85,0.9677496,0.02829144,127,2,673,1673
7,0,104070.46,0.96182067,0.02829144,127,2,674,1674
7,0,103910.81,0.90830984,0.02829144,127,2,675,1675
7,0,103960.49,0.87153441,0.02829144,127,2,676,1676
7,0,104282.99,0.90549269,0.02829144,127,2,677,1677
7,0,104635.86,0.87697896,0.02829144,127,2,678,1678
7,0,104461.62,0.99863945,0.02829144,127,2,679,1679
7,0,104714.58,0.90582636,0.02829144,127,2,680,1680
7,0,104689.48,0.93351066,0.02829144,127,2,681,1681
7,0,104650.15,0.81305123,0.02829144,127,2,682,1682
7,0,104377.18,0.99595128,0.02829144,127,2,683,1683
7,0,104371.66,0.94321395,0.02829144,127,2,684,1684
7,0,104601.75,0.73634559,0.02829144,127,2,685,1685
7,0,105038.63,0.95658481,0.02829144,127,2,686,1686
7,0,105230.34,0.95723475,0.02829144,127,2,687,1687
7,0,105129.86,0.96085482,0.02829144,127,2,688,1688
7,0,104839.99,0.99920025,0.02829144,127,2,689,1689
7,0,104789.74,0.84304312,0.02829144,127,2,690,1690
7,0,104623.43,0.9915981,0.02829144,127,2,691,1691
7,0,104629.96,0.73694204,0.02829144,127,2,692,1692
7,0,104920.47,0.85649698,0.02829144,127,2,693,1693
7,0,104697.33,0.98341664,0.02829144,127,2,694,1694
7,0,104697.38,0.97955206,0.02829144,127,2,695,1695
7,0,104979.38,0.8812773,0.02829144,127,2,696,1696
7,0,105174.97,0.8086079,0.02829144,127,2,697,1697
7,0,105098.24,0.97798762,0.02829144,127,2,698,1698
7,0,105003.16,0.9381355,0.02829144,127,2,699,1699
7,0,104658.07,0.99247886,0.02829144,127,2,700,1700
7,0,104775.02,0.97070299,0.02829144,127,2,701,1701
7,0,104666.98,0.91828523,0.02829144,127,2,702,1702
7,0,104565.35,0.94647219,0.02829144,127,2,703,1703
7,0,104461.04,0.9915684,0.02829144,127,2,704,1704
7,0,104017.49,0.99748317,0.02829144,127,2,705,1705
7,0,103575.99,0.96962462,0.02829144,127,2,706,1706
7,0,103859.72,0.93762828,0.02829144,127,2,707,1707
7,0,103921.34,0.85167618,0.02829144,127,2,708,1708
7,0,104222.72,0.97298575,0.02829144,127,2,709,1709
7,0,104631.45,0.91646843,0.02829144,127,2,710,1710
7,0,104778.07,0.93124595,0.02829144,127,2,711,1711
7,0,104736.01,0.95209001,0.02829144,127,2,712,1712
7,0,104563.65,0.97572998,0.02829144,127,2,713,1713
7,0,104173.04,0.93584695,0.02829144,127,2,714,1714
7,0,104489.08,0.99826948,0.02829144,127,2,715,1715
7,0,104260.1,0.91385243,0.02829144,127,2,716,1716
7,0,104405.04,0.93227316,0.02829144,127,2,717,1717
7,0,104903.43,0.90375591,0.02829144,127,2,718,1718
7,0,104562.09,0.96200517,0.02829144,127,2,719,1719
7,0,104340.79,0.91349557,0.02829144,127,2,720,1720
7,0,104332.8,0.96033527,0.02829144,127,2,721,1721
7,0,104235.98,0.85596503,0.02829144,127,2,722,1722
7,0,104426.56,0.88125969,0.02829144,127,2,723,1723
7,0,104401.04,0.99663791,0.02829144,127,2,724,1724
7,0,103970.46,0.79719797,0.02829144,127,2,725,1725
7,0,104227.19,0.9687211,0.02829144,127,2,726,1726
7,0,104101.37,0.87899357,0.02829144,127,2,727,1727
7,0,104159.21,0.85475566,0.02829144,127,2,728,1728
7,0,104156.98,0.81040119,0.02829144,127,2,729,1729
7,0,104545.46,0.97070844,0.02829144,127,2,730,1730
7,0,104732.76,0.93096603,0.02829144,127,2,731,1731
7,0,104462.77,0.98690307,0.02829144,127,2,732,1732
7,0,103949.59,0.80279009,0.02829144,127,2,733,1733
7,0,104349.74,0.94349918,0.02829144,127,2,734,1734
7,0,104398.86,0.99833223,0.02829144,127,2,735,1735
7,0,104627.65,0.94765457,0.02829144,127,2,736,1736
7,0,104884.87,0.91807979,0.02829144,127,2,737,1737
7,0,105192.49,0.99682873,0.02829144,127,2,738,1738
7,0,104905.07,0.82421517,0.02829144,127,2,739,1739
7,0,104907,0.97967282,0.02829144,127,2,740,1740
7,0,104458.61,0.97104954,0.02829144,127,2,741,1741
7,0,103948.38,0.87990975,0.02829144,127,2,742,1742
7,0,104237.97,0.86133662,0.02829144,127,2,743,1743
7,0,104172.95,0.97748684,0.02829144,127,2,744,1744
7,0,104381.9,0.76698351,0.02829144,127,2,745,1745
7,0,104701.44,0.9708475,0.02829144,127,2,746,1746
7,0,104010.94,0.94979013,0.02829144,127,2,747,1747
7,0,104181.04,0.71642277,0.02829144,127,2,748,1748
7,0,104174.25,0.92705996,0.02829144,127,2,749,1749
7,0,104121.54,0.74732389,0.02829144,127,2,750,1750
7,0,103900.58,0.94945581,0.02829144,127,2,751,1751
7,0,104256.51,0.99124268,0.02829144,127,2,752,1752
7,0,104514.16,0.97332484,0.02829144,127,2,753,1753
7,0,104628.46,0.99298602,0.02829144,127,2,754,1754
7,0,104293.69,0.98284379,0.02829144,127,2,755,1755
7,0,104165.61,0.95732619,0.02829144,127,2,756,1756
7,0,104210.72,0.92588332,0.02829144,127,2,757,1757
7,0,104057.04,0.94493127,0.02829144,127,2,758,1758
7,0,104367.15,0.9525079,0.02829144,127,2,759,1759
7,0,104086.31,0.9370403,0.02829144,127,2,760,1760
7,0,104331.66,0.67332424,0.02829144,127,2,761,1761
7,0,104345.6,0.94736492,0.02829144,127,2,762,1762
7,0,103952.27,0.98754411,0.02829144,127,2,763,1763
7,0,104559.1,0.97056919,0.02829144,127,2,764,1764
7,0,104363.52,0.98803345,0.02829144,127,2,765,1765
7,0,104412.7,0.90948143,0.02829144,127,2,766,1766
7,0,104774.79,0.9920934,0.02829144,127,2,767,1767
7,0,104662.97,0.8485653,0.02829144,127,2,768,1768
7,0,104752.25,0.93450493,0.02829144,127,2,769,1769
7,0,104964.5,0.9602532,0.02829144,127,2,770,1770
7,0,104325.54,0.99044769,0.02829144,127,2,771,1771
7,0,104633.31,0.80834174,0.02829144,127,2,772,1772
7,0,104881.6,0.87869095,0.02829144,127,2,773,1773
7,0,104897.35,0.9975803,0.02829144,127,2,774,1774
7,0,104744.63,0.91324908,0.02829144,127,2,775,1775
7,0,105339.04,0.97527046,0.02829144,127,2,776,1776
7,0,105430.66,0.89768297,0.02829144,127,2,777,1777
7,0,105020.66,0.90173895,0.02829144,127,2,778,1778
7,0,105060.33,0.88834746,0.02829144,127,2,779,1779
7,0,104926.76,0.98433784,0.02829144,127,2,780,1780
7,0,104600.6,0.8535226,0.02829144,127,2,781,1781
7,0,104250.5,0.99873551,0.02829144,127,2,782,1782
7,0,103861.95,0.94661142,0.02829144,127,2,783,1783
7,0,103873.43,0.94781851,0.02829144,127,2,784,1784
7,0,103904.68,0.87501778,0.02829144,127,2,785,1785
7,0,104147.16,0.95139961,0.02829144,127,2,786,1786
7,0,104504.11,0.74524365,0.02829144,127,2,787,1787
7,0,104647.11,0.96665234,0.02829144,127,2,788,1788
7,0,105044.77,0.82522109,0.02829144,127,2,789,1789
7,0,104817.89,0.85645475,0.02829144,127,2,790,1790
7,0,104588.6,0.98478744,0.02829144,127,2,791,1791
7,0,104416.11,0.92885568,0.02829144,127,2,792,1792
7,0,104227.42,0.71848812,0.02829144,127,2,793,1793
7,0,104464.18,0.99194631,0.02829144,127,2,794,1794
7,0,104360.11,0.97797301,0.02829144,127,2,795,1795
7,0,104372.37,0.85796832,0.02829144,127,2,796,1796
7,0,104612.55,0.99135318,0.02829144,127,2,797,1797
7,0,104119.73,0.99244553,0.02829144,127,2,798,1798
7,0,103803.4,0.99135682,0.02829144,127,2,799,1799
7,0,103951.64,0.88130245,0.02829144,127,2,800,1800
7,0,103995.59,0.8161722,0.02829144,127,2,801,1801
7,0,103994.83,0.96165172,0.02829144,127,2,802,1802
7,0,104089.34,0.99717637,0.02829144,127,2,803,1803
7,0,103619.59,0.89626799,0.02829144,127,2,804,1804
7,0,104149.85,0.94944895,0.02829144,127,2,805,1805
7,0,104758.36,0.97121536,0.02829144,127,2,806,1806
7,0,104663.77,0.96976708,0.02829144,127,2,807,1807
7,0,104122.55,0.96612549,0.02829144,127,2,808,1808
7,0,103965.95,0.96808731,0.02829144,127,2,809,1809
7,0,103902.1,0.99997029,0.02829144,127,2,810,1810
7,0,104126.01,0.81306236,0.02829144,127,2,811,1811
7,0,104295.49,0.92453948,0.02829144,127,2,812,1812
7,0,104123.65,0.92350584,0.02829144,127,2,813,1813
7,0,103836.75,0.99784722,0.02829144,127,2,814,1814
7,0,103768.62,0.81597539,0.02829144,127,2,815,1815
7,0,103643.74,0.84740218,0.02829144,127,2,816,1816
7,0,103443.43,0.86513343,0.02829144,127,2,817,1817
7,0,103960.19,0.89151764,0.02829144,127,2,818,1818
7,0,104113.38,0.97216516,0.02829144,127,2,819,1819
7,0,104551.08,0.65093695,0.02829144,127,2,820,1820
7,0,104475.26,0.99758484,0.02829144,127,2,821,1821
7,0,104185.74,0.95000293,0.02829144,127,2,822,1822
7,0,104038.67,0.97106061,0.02829144,127,2,823,1823
7,0,104182.35,0.84008286,0.02829144,127,2,824,1824
7,0,104151.44,0.98110603,0.02829144,127,2,825,1825
7,0,104161.59,0.87165923,0.02829144,127,2,826,1826
7,0,104177.8,0.98718035,0.02829144,127,2,827,1827
7,0,104056.95,0.97899466,0.02829144,127,2,828,1828
7,0,104087.85,0.99993488,0.02829144,127,2,829,1829
7,0,104246.67,0.96810551,0.02829144,127,2,830,1830
7,0,104394.66,0.87983437,0.02829144,127,2,831,1831
7,0,104037.96,0.85314782,0.02829144,127,2,832,1832
7,0,104045.55,0.80055251,0.02829144,127,2,833,1833
7,0,104321.68,0.94402565,0.02829144,127,2,834,1834
7,0,104689.78,0.99358543,0.02829144,127,2,835,1835
7,0,104184.77,0.96780815,0.02829144,127,2,836,1836
7,0,104417.44,0.95724225,0.02829144,127,2,837,1837
7,0,104938.65,0.82126082,0.02829144,127,2,838,1838
7,0,104841.74,0.99496621,0.02829144,127,2,839,1839
7,0,104563.42,0.96852104,0.02829144,127,2,840,1840
7,0,104743.87,0.91149374,0.02829144,127,2,841,1841
7,0,104463.39,0.99825337,0.02829144,127,2,842,1842
7,0,104246.8,0.96208504,0.02829144,127,2,843,1843
7,0,104323.08,0.86223718,0.02829144,127,2,844,1844
7,0,104322.52,0.91755398,0.02829144,127,2,845,1845
7,0,104117.45,0.94567193,0.02829144,127,2,846,1846
7,0,104380.01,0.97998772,0.02829144,127,2,847,1847
7,0,104480.45,0.97495611,0.02829144,127,2,848,1848
7,0,104353.89,0.73517363,0.02829144,127,2,849,1849
7,0,104390.33,0.98111529,0.02829144,127,2,850,1850
7,0,104070.98,0.99638169,0.02829144,127,2,851,1851
7,0,104495.79,0.92070785,0.02829144,127,2,852,1852
7,0,104293.29,0.89124969,0.02829144,127,2,853,1853
7,0,104956.43,0.89033585,0.02829144,127,2,854,1854
7,0,104669.95,0.98631009,0.02829144,127,2,855,1855
7,0,104388.44,0.98775734,0.02829144,127,2,856,1856
7,0,104321.87,0.80350725,0.02829144,127,2,857,1857
7,0,104663.66,0.94244767,0.02829144,127,2,858,1858
7,0,104128.02,0.85158425,0.02829144,127,2,859,1859
7,0,104174.51,0.97182863,0.02829144,127,2,860,1860
7,0,104834.92,0.98146503,0.02829144,127,2,861,1861
7,0,104797.68,0.92211074,0.02829144,127,2,862,1862
7,0,104607.08,0.9737478,0.02829144,127,2,863,1863
7,0,104333.57,0.99921338,0.02829144,127,2,864,1864
7,0,104579.13,0.73738392,0.02829144,127,2,865,1865
7,0,104744.69,0.9091003,0.02829144,127,2,866,1866
7,0,105075.72,0.99947344,0.02829144,127,2,867,1867
7,0,104801.21,0.98474141,0.02829144,127,2,868,1868
7,0,104465.76,0.91518281,0.02829144,127,2,869,1869
7,0,105020.96,0.92556076,0.02829144,127,2,870,1870
7,0,105190.93,0.98340098,0.02829144,127,2,871,1871
7,0,104636.76,0.99717104,0.02829144,127,2,872,1872
7,0,104704.62,0.99982205,0.02829144,127,2,873,1873
7,0,104981.67,0.94254711,0.02829144,127,2,874,1874
7,0,104716.67,0.96880998,0.02829144,127,2,875,1875
7,0,104549.4,0.90173604,0.02829144,127,2,876,1876
7,0,104616.61,0.81812999,0.02829144,127,2,877,1877
7,0,104370.55,0.94978657,0.02829144,127,2,878,1878
7,0,104540.22,0.91150129,0.02829144,127,2,879,1879
7,0,104493.25,0.84866992,0.02829144,127,2,880,1880
7,0,104297.1,0.92589371,0.02829144,127,2,881,1881
7,0,103914.51,0.639726,0.02829144,127,2,882,1882
7,0,104441.2,0.97001185,0.02829144,127,2,883,1883
7,0,103987.43,0.96491761,0.02829144,127,2,884,1884
7,0,104482.08,0.76329008,0.02829144,127,2,885,1885
7,0,104923.37,0.87253465,0.02829144,127,2,886,1886
7,0,104529.96,0.77673136,0.02829144,127,2,887,1887
7,0,104094.58,0.98898196,0.02829144,127,2,888,1888
7,0,104458.17,0.97688375,0.02829144,127,2,889,1889
7,0,104494,0.96743263,0.02829144,127,2,890,1890
7,0,104203.46,0.96078302,0.02829144,127,2,891,1891
7,0,104165.37,0.80827202,0.02829144,127,2,892,1892
7,0,104229.85,0.91209046,0.02829144,127,2,893,1893
7,0,104524.54,0.85469383,0.02829144,127,2,894,1894
7,0,104841.84,0.9358886,0.02829144,127,2,895,1895
7,0,104173.09,0.94561018,0.02829144,127,2,896,1896
7,0,103559.45,0.88597274,0.02829144,127,2,897,1897
7,0,104219.79,0.89966275,0.02829144,127,2,898,1898
7,0,104225.97,0.83512167,0.02829144,127,2,899,1899
7,0,104066.43,0.9918612,0.02829144,127,2,900,1900
7,0,104162.23,0.96047775,0.02829144,127,2,901,1901
7,0,104408.1,0.94751251,0.02829144,127,2,902,1902
7,0,104252.96,0.95971622,0.02829144,127,2,903,1903
7,0,104318.01,0.90927688,0.02829144,127,2,904,1904
7,0,104662.66,0.94000852,0.02829144,127,2,905,1905
7,0,104666.58,0.83983686,0.02829144,127,2,906,1906
7,0,104946.41,0.87632555,0.02829144,127,2,907,1907
7,0,104756.84,0.98938896,0.02829144,127,2,908,1908
7,0,104826.12,0.79780251,0.02829144,127,2,909,1909
7,0,104340.85,0.98786927,0.02829144,127,2,910,1910
7,0,104029.29,0.91158446,0.02829144,127,2,911,1911
7,0,103844.68,0.92358373,0.02829144,127,2,912,1912
7,0,104171.1,0.87985301,0.02829144,127,2,913,1913
7,0,103897.05,0.97402537,0.02829144,127,2,914,1914
7,0,104154.26,0.99202826,0.02829144,127,2,915,1915
7,0,104620.37,0.79802778,0.02829144,127,2,916,1916
7,0,104642.35,0.99788996,0.02829144,127,2,917,1917
7,0,104206.49,0.9157449,0.02829144,127,2,918,1918
7,0,104110.46,0.99896094,0.02829144,127,2,919,1919
7,0,103821.15,0.95873732,0.02829144,127,2,920,1920
7,0,103885.87,0.96245733,0.02829144,127,2,921,1921
7,0,103911.61,0.95955361,0.02829144,127,2,922,1922
7,0,103575.66,0.9154386,0.02829144,127,2,923,1923
7,0,103794.85,0.79752273,0.02829144,127,2,924,1924
7,0,103775.51,0.86524323,0.02829144,127,2,925,1925
7,0,104285.59,0.9856884,0.02829144,127,2,926,1926
7,0,104256.23,0.94516678,0.02829144,127,2,927,1927
7,0,104471.69,0.91171626,0.02829144,127,2,928,1928
7,0,104305.07,0.99636876,0.02829144,127,2,929,1929
7,0,103853.1,0.88645665,0.02829144,127,2,930,1930
7,0,104191.01,0.90721962,0.02829144,127,2,931,1931
7,0,104391.76,0.98817553,0.02829144,127,2,932,1932
7,0,104321.01,0.95421052,0.02829144,127,2,933,1933
7,0,104399.78,0.79999698,0.02829144,127,2,934,1934
7,0,104572.18,0.99555214,0.02829144,127,2,935,1935
7,0,104642.61,0.9073139,0.02829144,127,2,936,1936
7,0,104646.86,0.93708678,0.02829144,127,2,937,1937
7,0,104649.83,0.92966078,0.02829144,127,2,938,1938
7,0,104561.31,0.99335191,0.02829144,127,2,939,1939
7,0,104626.54,0.95557238,0.02829144,127,2,940,1940
7,0,104716.98,0.95215331,0.02829144,127,2,941,1941
7,0,104353.76,0.98423601,0.02829144,127,2,942,1942
7,0,104490.37,0.72370674,0.02829144,127,2,943,1943
7,0,104428.25,0.9712328,0.02829144,127,2,944,1944
7,0,104182.35,0.96044323,0.02829144,127,2,945,1945
7,0,104204.89,0.96960708,0.02829144,127,2,946,1946
7,0,104506.36,0.95190838,0.02829144,127,2,947,1947
7,0,104533.2,0.94742368,0.02829144,127,2,948,1948
7,0,104363,0.79713391,0.02829144,127,2,949,1949
7,0,104639.24,0.83344233,0.02829144,127,2,950,1950
7,0,104527.92,0.93227405,0.02829144,127,2,951,1951
7,0,104520.83,0.98988517,0.02829144,127,2,952,1952
7,0,104803.4,0.9930333,0.02829144,127,2,953,1953
7,0,104468.92,0.77437837,0.02829144,127,2,954,1954
7,0,104380.4,0.93475505,0.02829144,127,2,955,1955
7,0,104845.63,0.93408045,0.02829144,127,2,956,1956
7,0,104458.15,0.94523669,0.02829144,127,2,957,1957
7,0,104453.37,0.93771287,0.02829144,127,2,958,1958
7,0,104300.41,0.99244896,0.02829144,127,2,959,1959
7,0,103923.42,0.98617927,0.02829144,127,2,960,1960
7,0,104045.66,0.92417513,0.02829144,127,2,961,1961
7,0,104173.6,0.70112617,0.02829144,127,2,962,1962
7,0,103943.17,0.81107973,0.02829144,127,2,963,1963
7,0,104118.88,0.98796669,0.02829144,127,2,964,1964
7,0,104099.7,0.96369001,0.02829144,127,2,965,1965
7,0,104348.3,0.74923553,0.02829144,127,2,966,1966
7,0,104273.97,0.99074178,0.02829144,127,2,967,1967
7,0,104381.02,0.96002847,0.02829144,127,2,968,1968
7,0,105145.54,0.97155633,0.02829144,127,2,969,1969
7,0,105240.84,0.83023874,0.02829144,127,2,970,1970
7,0,104840.12,0.99982808,0.02829144,127,2,971,1971
7,0,104681.77,0.98729888,0.02829144,127,2,972,1972
7,0,104817.49,0.69970788,0.02829144,127,2,973,1973
7,0,104703.73,0.95017197,0.02829144,127,2,974,1974
7,0,104447.34,0.85627054,0.02829144,127,2,975,1975
7,0,104183.15,0.94744233,0.02829144,127,2,976,1976
7,0,104031.72,0.85728883,0.02829144,127,2,977,1977
7,0,104619.58,0.86651825,0.02829144,127,2,978,1978
7,0,104499.75,0.92018968,0.02829144,127,2,979,1979
7,0,104355.09,0.93103805,0.02829144,127,2,980,1980
7,0,103831.76,0.92101775,0.02829144,127,2,981,1981
7,0,104191.62,0.83510495,0.02829144,127,2,982,1982
7,0,104060.58,0.9935401,0.02829144,127,2,983,1983
7,0,104323.75,0.95945291,0.02829144,127,2,984,1984
7,0,104173.47,0.99883681,0.02829144,127,2,985,1985
7,0,104102.08,0.9011474,0.02829144,127,2,986,1986
7,0,104059.24,0.95227465,0.02829144,127,2,987,1987
7,0,104747.86,0.9470899,0.02829144,127,2,988,1988
7,0,104642.14,0.84687633,0.02829144,127,2,989,1989
7,0,103948.37,0.9781324,0.02829144,127,2,990,1990
7,0,104525.81,0.95872468,0.02829144,127,2,991,1991
7,0,104633.94,0.90777755,0.02829144,127,2,992,1992
7,0,104398.53,0.9723865,0.02829144,127,2,993,1993
7,0,104518.93,0.9407292,0.02829144,127,2,994,1994
7,0,104668.12,0.98641372,0.02829144,127,2,995,1995
7,0,104486.47,0.79862233,0.02829144,127,2,996,1996
7,0,104493.79,0.99313766,0.02829144,127,2,997,1997
7,0,104643.45,0.93581777,0.02829144,127,2,998,1998
7,0,104615.21,0.92905955,0.02829144,127,2,999,1999
7,0,104297.72,0.99778973,0.02829144,127,2,1000,2000
8,0,104393.79,0.8997408,0.022028433,255,3,1,2001
8,0,104793.09,0.94996957,0.022028433,255,3,2,2002
8,0,104522.9,0.99868346,0.022028433,255,3,3,2003
8,0,104052.25,0.84173433,0.022028433,255,3,4,2004
8,0,104800.84,0.87695059,0.022028433,255,3,5,2005
8,0,105036.78,0.89937155,0.022028433,255,3,6,2006
8,0,104664.6,0.91706518,0.022028433,255,3,7,2007
8,0,104014.16,0.97933854,0.022028433,255,3,8,2008
8,0,104020.63,0.94782743,0.022028433,255,3,9,2009
8,0,105055.04,0.85646968,0.022028433,255,3,10,2010
8,0,104785.31,0.98628152,0.022028433,255,3,11,2011
8,0,104840.29,0.88101266,0.022028433,255,3,12,2012
8,0,104847.39,0.96459232,0.022028433,255,3,13,2013
8,0,104701.83,0.90368062,0.022028433,255,3,14,2014
8,0,104279.23,0.98999934,0.022028433,255,3,15,2015
8,0,104296.21,0.95267306,0.022028433,255,3,16,2016
8,0,105061.61,0.91998653,0.022028433,255,3,17,2017
8,0,105140.03,0.85512909,0.022028433,255,3,18,2018
8,0,105313.54,0.85323344,0.022028433,255,3,19,2019
8,0,104724.3,0.99466148,0.022028433,255,3,20,2020
8,0,104195.07,0.9920387,0.022028433,255,3,21,2021
8,0,104336.52,0.95619805,0.022028433,255,3,22,2022
8,0,104183.99,0.97009144,0.022028433,255,3,23,2023
8,0,104290.99,0.92163245,0.022028433,255,3,24,2024
8,0,104007.39,0.90691504,0.022028433,255,3,25,2025
8,0,103955.4,0.82908242,0.022028433,255,3,26,2026
8,0,104088.38,0.92892661,0.022028433,255,3,27,2027
8,0,104089.9,0.93158079,0.022028433,255,3,28,2028
8,0,103644.99,0.98655643,0.022028433,255,3,29,2029
8,0,104212.35,0.91966095,0.022028433,255,3,30,2030
8,0,104762.97,0.9506123,0.022028433,255,3,31,2031
8,0,104615.63,0.86415419,0.022028433,255,3,32,2032
8,0,104274.08,0.97771305,0.022028433,255,3,33,2033
8,0,103928.66,0.96591793,0.022028433,255,3,34,2034
8,0,104020.23,0.95320634,0.022028433,255,3,35,2035
8,0,103990.8,0.77079041,0.022028433,255,3,36,2036
8,0,104229.36,0.97418828,0.022028433,255,3,37,2037
8,0,104193.23,0.84644129,0.022028433,255,3,38,2038
8,0,104121.27,0.97989277,0.022028433,255,3,39,2039
8,0,104078.35,0.99191837,0.022028433,255,3,40,2040
8,0,103935.79,0.9755696,0.022028433,255,3,41,2041
8,0,103783.14,0.9643252,0.022028433,255,3,42,2042
8,0,103978.27,0.98360916,0.022028433,255,3,43,2043
8,0,104147.53,0.79121633,0.022028433,255,3,44,2044
8,0,104373.81,0.98643571,0.022028433,255,3,45,2045
8,0,104393.34,0.83679429,0.022028433,255,3,46,2046
8,0,104684.24,0.95412798,0.022028433,255,3,47,2047
8,0,104682.17,0.98758069,0.022028433,255,3,48,2048
8,0,104901.82,0.96137291,0.022028433,255,3,49,2049
8,0,104762.87,0.97601994,0.022028433,255,3,50,2050
8,0,104445.63,0.95665343,0.022028433,255,3,51,2051
8,0,104577.97,0.9600645,0.022028433,255,3,52,2052
8,0,104512.58,0.88500437,0.022028433,255,3,53,2053
8,0,104139.16,0.9497759,0.022028433,255,3,54,2054
8,0,104269.89,0.9811234,0.022028433,255,3,55,2055
8,0,104273.6,0.89658898,0.022028433,255,3,56,2056
8,0,104393.14,0.98367165,0.022028433,255,3,57,2057
8,0,104749.84,0.98034386,0.022028433,255,3,58,2058
8,0,104856.98,0.97394742,0.022028433,255,3,59,2059
8,0,105264.84,0.9407815,0.022028433,255,3,60,2060
8,0,105337.01,0.93115454,0.022028433,255,3,61,2061
8,0,105114.26,0.9895516,0.022028433,255,3,62,2062
8,0,104402.01,0.91795691,0.022028433,255,3,63,2063
8,0,104199.22,0.88562337,0.022028433,255,3,64,2064
8,0,104502.59,0.97309334,0.022028433,255,3,65,2065
8,0,104787.8,0.84681907,0.022028433,255,3,66,2066
8,0,104541.38,0.91330993,0.022028433,255,3,67,2067
8,0,104237.44,0.96445826,0.022028433,255,3,68,2068
8,0,103828.61,0.99610519,0.022028433,255,3,69,2069
8,0,104054.87,0.88610022,0.022028433,255,3,70,2070
8,0,103929.63,0.94693996,0.022028433,255,3,71,2071
8,0,103896.85,0.99023087,0.022028433,255,3,72,2072
8,0,104136.52,0.94595313,0.022028433,255,3,73,2073
8,0,103614.37,0.89124506,0.022028433,255,3,74,2074
8,0,103811.09,0.95596484,0.022028433,255,3,75,2075
8,0,104265.62,0.98338789,0.022028433,255,3,76,2076
8,0,104085.49,0.9827933,0.022028433,255,3,77,2077
8,0,104010.77,0.98280768,0.022028433,255,3,78,2078
8,0,104051.83,0.99941795,0.022028433,255,3,79,2079
8,0,104038.11,0.90507049,0.022028433,255,3,80,2080
8,0,103979.51,0.98455314,0.022028433,255,3,81,2081
8,0,104276.37,0.85070031,0.022028433,255,3,82,2082
8,0,104681.52,0.74928492,0.022028433,255,3,83,2083
8,0,104874.16,0.95230302,0.022028433,255,3,84,2084
8,0,104342.55,0.96460715,0.022028433,255,3,85,2085
8,0,104109.48,0.83452408,0.022028433,255,3,86,2086
8,0,104483.82,0.77902442,0.022028433,255,3,87,2087
8,0,104593.63,0.9126948,0.022028433,255,3,88,2088
8,0,104140.51,0.99372408,0.022028433,255,3,89,2089
8,0,104203.54,0.91425516,0.022028433,255,3,90,2090
8,0,103852.73,0.89323112,0.022028433,255,3,91,2091
8,0,103945.16,0.89845464,0.022028433,255,3,92,2092
8,0,104070.47,0.96944452,0.022028433,255,3,93,2093
8,0,103715.97,0.99997519,0.022028433,255,3,94,2094
8,0,103827.64,0.79979594,0.022028433,255,3,95,2095
8,0,103592.67,0.99109997,0.022028433,255,3,96,2096
8,0,103542.54,0.93650118,0.022028433,255,3,97,2097
8,0,104315.49,0.6496949,0.022028433,255,3,98,2098
8,0,104171.87,0.75324418,0.022028433,255,3,99,2099
8,0,103649.31,0.95256131,0.022028433,255,3,100,2100
8,0,103564.27,0.93599358,0.022028433,255,3,101,2101
8,0,103907.39,0.94553129,0.022028433,255,3,102,2102
8,0,103844.84,0.86485741,0.022028433,255,3,103,2103
8,0,103954.17,0.99105879,0.022028433,255,3,104,2104
8,0,104048.31,0.94463829,0.022028433,255,3,105,2105
8,0,103763.01,0.85013869,0.022028433,255,3,106,2106
8,0,103959.2,0.99772552,0.022028433,255,3,107,2107
8,0,103906,0.9575872,0.022028433,255,3,108,2108
8,0,104138.46,0.93232937,0.022028433,255,3,109,2109
8,0,104579.54,0.93424106,0.022028433,255,3,110,2110
8,0,104444.14,0.84064299,0.022028433,255,3,111,2111
8,0,104694.95,0.88223731,0.022028433,255,3,112,2112
8,0,104031.97,0.95957438,0.022028433,255,3,113,2113
8,0,103921.04,0.96245069,0.022028433,255,3,114,2114
8,0,103802.48,0.90753323,0.022028433,255,3,115,2115
8,0,104096.21,0.95747629,0.022028433,255,3,116,2116
8,0,104014.26,0.92927529,0.022028433,255,3,117,2117
8,0,104431.85,0.97788851,0.022028433,255,3,118,2118
8,0,104372.95,0.95278214,0.022028433,255,3,119,2119
8,0,104403.35,0.95096395,0.022028433,255,3,120,2120
8,0,104388.93,0.87916366,0.022028433,255,3,121,2121
8,0,104362.84,0.94942866,0.022028433,255,3,122,2122
8,0,104798.51,0.90154277,0.022028433,255,3,123,2123
8,0,104638.17,0.87656576,0.022028433,255,3,124,2124
8,0,104447.8,0.97713575,0.022028433,255,3,125,2125
8,0,104355.62,0.99796499,0.022028433,255,3,126,2126
8,0,104020.29,0.94352725,0.022028433,255,3,127,2127
8,0,104302.18,0.91185473,0.022028433,255,3,128,2128
8,0,104648.3,0.85050901,0.022028433,255,3,129,2129
8,0,104941.94,0.84881209,0.022028433,255,3,130,2130
8,0,105367.78,0.89522681,0.022028433,255,3,131,2131
8,0,104897.01,0.99129349,0.022028433,255,3,132,2132
8,0,104383.88,0.9972356,0.022028433,255,3,133,2133
8,0,104360.79,0.98792257000000006,0.022028433,255,3,134,2134
8,0,104582.01,0.96570248,0.022028433,255,3,135,2135
8,0,104867.52,0.95086404,0.022028433,255,3,136,2136
8,0,104698.87,0.88051044999999994,0.022028433,255,3,137,2137
8,0,104484.72,0.96428777,0.022028433,255,3,138,2138
8,0,104462.58,0.98128856,0.022028433,255,3,139,2139
8,0,104504.49,0.94659219000000006,0.022028433,255,3,140,2140
8,0,104870.3,0.97906075,0.022028433,255,3,141,2141
8,0,105314.79,0.7709594,0.022028433,255,3,142,2142
8,0,105109.72,0.96257976,0.022028433,255,3,143,2143
8,0,105266.31,0.91214739,0.022028433,255,3,144,2144
8,0,105521.07,0.96925673,0.022028433,255,3,145,2145
8,0,105467.35,0.95253333,0.022028433,255,3,146,2146
8,0,105009.92,0.96152507,0.022028433,255,3,147,2147
8,0,104923,0.98085824,0.022028433,255,3,148,2148
8,0,104512.39,0.95543234,0.022028433,255,3,149,2149
8,0,104669.3,0.9522431,0.022028433,255,3,150,2150
8,0,104388.49,0.97003971,0.022028433,255,3,151,2151
8,0,104528.44,0.99965632,0.022028433,255,3,152,2152
8,0,104403.25,0.976576,0.022028433,255,3,153,2153
8,0,104529.72,0.92974465,0.022028433,255,3,154,2154
8,0,104289.75,0.89214829,0.022028433,255,3,155,2155
8,0,104856.07,0.97745339,0.022028433,255,3,156,2156
8,0,104482.43,0.92462345,0.022028433,255,3,157,2157
8,0,104866.72,0.75402965,0.022028433,255,3,158,2158
8,0,104809.54,0.95711057,0.022028433,255,3,159,2159
8,0,104528.83,0.95806628,0.022028433,255,3,160,2160
8,0,104724.06,0.93987895,0.022028433,255,3,161,2161
8,0,104159.13,0.97560632,0.022028433,255,3,162,2162
8,0,104080.88,0.9929599,0.022028433,255,3,163,2163
8,0,104088.62,0.85952058,0.022028433,255,3,164,2164
8,0,103973.02,0.98963098,0.022028433,255,3,165,2165
8,0,104214.73,0.82975577,0.022028433,255,3,166,2166
8,0,103873.59,0.99248547,0.022028433,255,3,167,2167
8,0,103796.1,0.91108453,0.022028433,255,3,168,2168
8,0,103700.98,0.98125596,0.022028433,255,3,169,2169
8,0,103703.98,0.89787171,0.022028433,255,3,170,2170
8,0,103731.15,0.86903801,0.022028433,255,3,171,2171
8,0,103751.71,0.99259146,0.022028433,255,3,172,2172
8,0,103414.26,0.94315327,0.022028433,255,3,173,2173
8,0,103554.1,0.99790048,0.022028433,255,3,174,2174
8,0,103496.07,0.830405,0.022028433,255,3,175,2175
8,0,103896.92,0.89480674,0.022028433,255,3,176,2176
8,0,104056.56,0.9929579,0.022028433,255,3,177,2177
8,0,104071.97,0.93554085,0.022028433,255,3,178,2178
8,0,104403.09,0.89568571,0.022028433,255,3,179,2179
8,0,104154.83,0.99761439,0.022028433,255,3,180,2180
8,0,104307.62,0.91889795,0.022028433,255,3,181,2181
8,0,104467.06,0.99632454,0.022028433,255,3,182,2182
8,0,104143.28,0.88093724,0.022028433,255,3,183,2183
8,0,104488.92,0.97907804,0.022028433,255,3,184,2184
8,0,104884.04,0.87136164,0.022028433,255,3,185,2185
8,0,104794.31,0.96227058,0.022028433,255,3,186,2186
8,0,105137.63,0.9349167,0.022028433,255,3,187,2187
8,0,104712.35,0.87516271,0.022028433,255,3,188,2188
8,0,104363.72,0.95882543,0.022028433,255,3,189,2189
8,0,103958.87,0.90411409,0.022028433,255,3,190,2190
8,0,104281.42,0.9864792,0.022028433,255,3,191,2191
8,0,104407.27,0.9844186,0.022028433,255,3,192,2192
8,0,104246.61,0.90013333,0.022028433,255,3,193,2193
8,0,104031.41,0.981851,0.022028433,255,3,194,2194
8,0,104201.3,0.81901764,0.022028433,255,3,195,2195
8,0,104429.04,0.86827142,0.022028433,255,3,196,2196
8,0,104520.01,0.94513357,0.022028433,255,3,197,2197
8,0,104361.81,0.99623349,0.022028433,255,3,198,2198
8,0,104663.1,0.98044876,0.022028433,255,3,199,2199
8,0,104546.94,0.88004492,0.022028433,255,3,200,2200
8,0,104316.84,0.97566872,0.022028433,255,3,201,2201
8,0,104527.5,0.86574725,0.022028433,255,3,202,2202
8,0,103941.62,0.99872666,0.022028433,255,3,203,2203
8,0,103968.43,0.98095653,0.022028433,255,3,204,2204
8,0,103975.89,0.98360759,0.022028433,255,3,205,2205
8,0,104115.48,0.99513216,0.022028433,255,3,206,2206
8,0,104385.47,0.99970695,0.022028433,255,3,207,2207
8,0,104411.08,0.89265042000000006,0.022028433,255,3,208,2208
8,0,104339.97,0.91742879,0.022028433,255,3,209,2209
8,0,104627.82,0.98772528,0.022028433,255,3,210,2210
8,0,104702.92,0.99941452,0.022028433,255,3,211,2211
8,0,104453.53,0.78955192,0.022028433,255,3,212,2212
8,0,104043.84,0.96540801,0.022028433,255,3,213,2213
8,0,103973.59,0.9638413,0.022028433,255,3,214,2214
8,0,103478.71,0.95196953,0.022028433,255,3,215,2215
8,0,103903.28,0.92564449,0.022028433,255,3,216,2216
8,0,103468.05,0.97605724,0.022028433,255,3,217,2217
8,0,103943.99,0.94506851,0.022028433,255,3,218,2218
8,0,104109.4,0.88960643,0.022028433,255,3,219,2219
8,0,103937.99,0.9494751,0.022028433,255,3,220,2220
8,0,104292.34,0.99834148,0.022028433,255,3,221,2221
8,0,104067.28,0.96402181,0.022028433,255,3,222,2222
8,0,104213.81,0.99508938,0.022028433,255,3,223,2223
8,0,104115.42,0.92738153,0.022028433,255,3,224,2224
8,0,103933.78,0.91788016,0.022028433,255,3,225,2225
8,0,104173.59,0.97900311,0.022028433,255,3,226,2226
8,0,104149.27,0.99148074,0.022028433,255,3,227,2227
8,0,104449.09,0.95280114,0.022028433,255,3,228,2228
8,0,104305.03,0.99214219,0.022028433,255,3,229,2229
8,0,103632.53,0.99028061,0.022028433,255,3,230,2230
8,0,103542.05,0.96394936,0.022028433,255,3,231,2231
8,0,103473.37,0.98193058,0.022028433,255,3,232,2232
8,0,103881.32,0.98505441,0.022028433,255,3,233,2233
8,0,103806.45,0.99712629,0.022028433,255,3,234,2234
8,0,104062.75,0.8295598,0.022028433,255,3,235,2235
8,0,104160.84,0.95745297,0.022028433,255,3,236,2236
8,0,103704.94,0.90552839,0.022028433,255,3,237,2237
8,0,103703.73,0.97319297,0.022028433,255,3,238,2238
8,0,103770.43,0.76622657,0.022028433,255,3,239,2239
8,0,103845.2,0.85187978,0.022028433,255,3,240,2240
8,0,103812.37,0.94963679,0.022028433,255,3,241,2241
8,0,104237.47,0.98974281,0.022028433,255,3,242,2242
8,0,103952.65,0.99943078,0.022028433,255,3,243,2243
8,0,104121.78,0.97244913,0.022028433,255,3,244,2244
8,0,104160.64,0.98580444,0.022028433,255,3,245,2245
8,0,104073.04,0.9407024,0.022028433,255,3,246,2246
8,0,104663.46,0.91846965,0.022028433,255,3,247,2247
8,0,104685.43,0.9900731,0.022028433,255,3,248,2248
8,0,104033.21,0.99838851,0.022028433,255,3,249,2249
8,0,103977.66,0.96290156,0.022028433,255,3,250,2250
8,0,104264.28,0.9070717,0.022028433,255,3,251,2251
8,0,104190.81,0.99663201,0.022028433,255,3,252,2252
8,0,104455.78,0.96932088,0.022028433,255,3,253,2253
8,0,104115.04,0.88708531,0.022028433,255,3,254,2254
8,0,103463.97,0.96994448,0.022028433,255,3,255,2255
8,0,103785.01,0.79518152,0.022028433,255,3,256,2256
8,0,104129.79,0.82379048,0.022028433,255,3,257,2257
8,0,103973.71,0.94156054,0.022028433,255,3,258,2258
8,0,104372.53,0.97375866,0.022028433,255,3,259,2259
8,0,103959.92,0.91351742,0.022028433,255,3,260,2260
8,0,104148.17,0.98137258,0.022028433,255,3,261,2261
8,0,104012.81,0.9992253,0.022028433,255,3,262,2262
8,0,104617.02,0.83382581,0.022028433,255,3,263,2263
8,0,104804.8,1,0.022028433,255,3,264,2264
8,0,104585.61,0.99775166,0.022028433,255,3,265,2265
8,0,104869.64,0.97603882,0.022028433,255,3,266,2266
8,0,104259.39,0.90697313,0.022028433,255,3,267,2267
8,0,104523.05,0.67267715,0.022028433,255,3,268,2268
8,0,104655.16,0.95754192,0.022028433,255,3,269,2269
8,0,104438.13,0.96008016,0.022028433,255,3,270,2270
8,0,104410.06,0.97573863,0.022028433,255,3,271,2271
8,0,104511.75,1,0.022028433,255,3,272,2272
8,0,104445.99,0.95510261,0.022028433,255,3,273,2273
8,0,104459.14,0.8260478,0.022028433,255,3,274,2274
8,0,104762.26,0.95813894,0.022028433,255,3,275,2275
8,0,104781.41,0.93337321,0.022028433,255,3,276,2276
8,0,105208.76,0.92875798,0.022028433,255,3,277,2277
8,0,105049.15,0.95587643,0.022028433,255,3,278,2278
8,0,104789,0.97835636,0.022028433,255,3,279,2279
8,0,104340.65,0.98680206,0.022028433,255,3,280,2280
8,0,104119.49,0.74334601,0.022028433,255,3,281,2281
8,0,104124.38,0.96979552,0.022028433,255,3,282,2282
8,0,103953.84,0.97129901,0.022028433,255,3,283,2283
8,0,104155.45,0.99924301,0.022028433,255,3,284,2284
8,0,104187.87,0.98134405,0.022028433,255,3,285,2285
8,0,104553.73,0.85718767,0.022028433,255,3,286,2286
8,0,104372.99,0.96753789,0.022028433,255,3,287,2287
8,0,104299.16,0.93843008000000006,0.022028433,255,3,288,2288
8,0,104418.45,0.88692063,0.022028433,255,3,289,2289
8,0,104335.97,0.80016454,0.022028433,255,3,290,2290
8,0,104259.31,0.99717153,0.022028433,255,3,291,2291
8,0,104595,0.96629711,0.022028433,255,3,292,2292
8,0,104756.25,0.86301868,0.022028433,255,3,293,2293
8,0,104549.44,0.94846388,0.022028433,255,3,294,2294
8,0,104222.27,0.95714752,0.022028433,255,3,295,2295
8,0,103964.05,0.93113995,0.022028433,255,3,296,2296
8,0,104259.65,0.81003846,0.022028433,255,3,297,2297
8,0,104508.98,0.94898473,0.022028433,255,3,298,2298
8,0,104249.25,0.99402681,0.022028433,255,3,299,2299
8,0,103937.01,0.9876013,0.022028433,255,3,300,2300
8,0,104583.79,0.9552041,0.022028433,255,3,301,2301
8,0,104756.51,0.94859607,0.022028433,255,3,302,2302
8,0,104418.01,0.89444739,0.022028433,255,3,303,2303
8,0,104420.89,0.99248732,0.022028433,255,3,304,2304
8,0,104528.42,0.84407224,0.022028433,255,3,305,2305
8,0,104450.9,0.96296548,0.022028433,255,3,306,2306
8,0,104379.77,0.97046553,0.022028433,255,3,307,2307
8,0,104247.65,0.95705745,0.022028433,255,3,308,2308
8,0,104826.89,0.91292578,0.022028433,255,3,309,2309
8,0,104639.84,0.93032257,0.022028433,255,3,310,2310
8,0,104764.47,0.89946202,0.022028433,255,3,311,2311
8,0,104166.94,0.98406991,0.022028433,255,3,312,2312
8,0,103975.18,0.82583382,0.022028433,255,3,313,2313
8,0,104075.11,0.94374166,0.022028433,255,3,314,2314
8,0,104124.02,0.99067675,0.022028433,255,3,315,2315
8,0,103880.67,0.98582102,0.022028433,255,3,316,2316
8,0,103845.07,0.9690111,0.022028433,255,3,317,2317
8,0,104468.74,0.85247,0.022028433,255,3,318,2318
8,0,103941.96,0.96515558,0.022028433,255,3,319,2319
8,0,104080,0.92584404,0.022028433,255,3,320,2320
8,0,104475.68,0.9590422,0.022028433,255,3,321,2321
8,0,104362.78,0.82107675,0.022028433,255,3,322,2322
8,0,104873.01,0.97279799,0.022028433,255,3,323,2323
8,0,104825.76,0.94708352,0.022028433,255,3,324,2324
8,0,104833.15,0.98255544,0.022028433,255,3,325,2325
8,0,104272.28,0.91013608,0.022028433,255,3,326,2326
8,0,104286.76,0.80036512,0.022028433,255,3,327,2327
8,0,104486.44,0.99244866,0.022028433,255,3,328,2328
8,0,104319.6,0.99063661,0.022028433,255,3,329,2329
8,0,104751.35,0.99910968,0.022028433,255,3,330,2330
8,0,104689.08,0.96607675,0.022028433,255,3,331,2331
8,0,104542.61,0.99884565,0.022028433,255,3,332,2332
8,0,104664.09,0.99838085,0.022028433,255,3,333,2333
8,0,104963.16,0.8574614,0.022028433,255,3,334,2334
8,0,104370.92,0.97962294,0.022028433,255,3,335,2335
8,0,104763.34,0.91807756,0.022028433,255,3,336,2336
8,0,104818.31,0.93923266,0.022028433,255,3,337,2337
8,0,104388.68,0.92899053,0.022028433,255,3,338,2338
8,0,104518,0.83242336,0.022028433,255,3,339,2339
8,0,104327.42,0.97926022,0.022028433,255,3,340,2340
8,0,104018.19,0.95399552,0.022028433,255,3,341,2341
8,0,104190.55,0.90064612,0.022028433,255,3,342,2342
8,0,103898.3,0.95883218,0.022028433,255,3,343,2343
8,0,103908.7,0.99757296,0.022028433,255,3,344,2344
8,0,103877.71,0.99609328,0.022028433,255,3,345,2345
8,0,103917.4,0.96857128,0.022028433,255,3,346,2346
8,0,104270.72,0.8985828,0.022028433,255,3,347,2347
8,0,104246.29,0.91504065,0.022028433,255,3,348,2348
8,0,104180.06,0.99730443,0.022028433,255,3,349,2349
8,0,104124,0.99125102,0.022028433,255,3,350,2350
8,0,103899.64,0.96745041,0.022028433,255,3,351,2351
8,0,104212.05,0.88727527,0.022028433,255,3,352,2352
8,0,103947.66,0.98373562,0.022028433,255,3,353,2353
8,0,104262.5,0.96518712,0.022028433,255,3,354,2354
8,0,103954.98,0.99862365,0.022028433,255,3,355,2355
8,0,104050.2,0.93913575,0.022028433,255,3,356,2356
8,0,104402.34,0.95318172,0.022028433,255,3,357,2357
8,0,104450.8,0.9206097,0.022028433,255,3,358,2358
8,0,104104.72,0.9684213,0.022028433,255,3,359,2359
8,0,104231,0.96769913,0.022028433,255,3,360,2360
8,0,104313.27,0.87417767,0.022028433,255,3,361,2361
8,0,104555.28,0.96735821,0.022028433,255,3,362,2362
8,0,104336.05,0.99421931,0.022028433,255,3,363,2363
8,0,104040.1,0.87265491,0.022028433,255,3,364,2364
8,0,104394.96,0.90482315,0.022028433,255,3,365,2365
8,0,104865.03,0.99449666,0.022028433,255,3,366,2366
8,0,104892.15,0.99879439,0.022028433,255,3,367,2367
8,0,105043.42,0.88663882,0.022028433,255,3,368,2368
8,0,104928.73,0.99367003,0.022028433,255,3,369,2369
8,0,104808.24,0.9836549,0.022028433,255,3,370,2370
8,0,104959.55,0.92302938,0.022028433,255,3,371,2371
8,0,104517.02,0.93097643,0.022028433,255,3,372,2372
8,0,104694.88,0.99367556,0.022028433,255,3,373,2373
8,0,104509.31,0.98893365,0.022028433,255,3,374,2374
8,0,104580.97,0.8824538,0.022028433,255,3,375,2375
8,0,105000.49,0.93255313,0.022028433,255,3,376,2376
8,0,105066.06,0.87960436,0.022028433,255,3,377,2377
8,0,105145.69,0.78910798,0.022028433,255,3,378,2378
8,0,104784.51,0.96524815,0.022028433,255,3,379,2379
8,0,104886.36,0.89642711,0.022028433,255,3,380,2380
8,0,104673.94,0.98953358,0.022028433,255,3,381,2381
8,0,104185.04,0.82230032,0.022028433,255,3,382,2382
8,0,104076.15,0.90018919,0.022028433,255,3,383,2383
8,0,104643.69,0.92774487,0.022028433,255,3,384,2384
8,0,104394.87,0.97952814,0.022028433,255,3,385,2385
8,0,104079.31,0.98280516,0.022028433,255,3,386,2386
8,0,104640.38,0.99064023,0.022028433,255,3,387,2387
8,0,104388.15,0.98993213,0.022028433,255,3,388,2388
8,0,104763.77,0.88101311,0.022028433,255,3,389,2389
8,0,104588.28,0.91086765,0.022028433,255,3,390,2390
8,0,104752.11,0.82301037,0.022028433,255,3,391,2391
8,0,104935.38,0.97392453,0.022028433,255,3,392,2392
8,0,104865.16,0.93706657,0.022028433,255,3,393,2393
8,0,104568.3,0.95150601,0.022028433,255,3,394,2394
8,0,104345.83,0.97240905,0.022028433,255,3,395,2395
8,0,104434.06,0.9561623,0.022028433,255,3,396,2396
8,0,104755,0.98702396,0.022028433,255,3,397,2397
8,0,104616.05,0.97679193,0.022028433,255,3,398,2398
8,0,104246.4,0.98515146,0.022028433,255,3,399,2399
8,0,104144.82,0.96378636,0.022028433,255,3,400,2400
8,0,104241.03,0.96711215,0.022028433,255,3,401,2401
8,0,104176.27,0.88106278,0.022028433,255,3,402,2402
8,0,103978.97,0.8443547,0.022028433,255,3,403,2403
8,0,104251.89,0.90688098,0.022028433,255,3,404,2404
8,0,104549.26,0.96516445,0.022028433,255,3,405,2405
8,0,104636.58,0.9120541,0.022028433,255,3,406,2406
8,0,104586.51,0.99160156,0.022028433,255,3,407,2407
8,0,104790.81,0.84954003,0.022028433,255,3,408,2408
8,0,104231.36,0.87427252,0.022028433,255,3,409,2409
8,0,103943.47,0.98672312,0.022028433,255,3,410,2410
8,0,104159.4,0.92158985,0.022028433,255,3,411,2411
8,0,103848.32,0.89246301,0.022028433,255,3,412,2412
8,0,104221.27,0.97365542,0.022028433,255,3,413,2413
8,0,103924.94,0.94178752,0.022028433,255,3,414,2414
8,0,103841.99,0.95064481,0.022028433,255,3,415,2415
8,0,104162.5,0.9162945,0.022028433,255,3,416,2416
8,0,103715.75,0.96480022,0.022028433,255,3,417,2417
8,0,103693.26,0.96912395,0.022028433,255,3,418,2418
8,0,103791.75,0.80469124,0.022028433,255,3,419,2419
8,0,104035.26,0.99805822,0.022028433,255,3,420,2420
8,0,104518.58,0.996013,0.022028433,255,3,421,2421
8,0,104804.39,0.88830674,0.022028433,255,3,422,2422
8,0,104484.14,0.94965316,0.022028433,255,3,423,2423
8,0,104337.38,0.98969527,0.022028433,255,3,424,2424
8,0,104621,0.80193702,0.022028433,255,3,425,2425
8,0,104796.78,0.94514235,0.022028433,255,3,426,2426
8,0,104598.54,0.96162912,0.022028433,255,3,427,2427
8,0,104423.15,0.99166342,0.022028433,255,3,428,2428
8,0,104125.87,0.98046445,0.022028433,255,3,429,2429
8,0,104280.82,0.84340581,0.022028433,255,3,430,2430
8,0,104413.84,0.99893181,0.022028433,255,3,431,2431
8,0,104564.06,0.9284103,0.022028433,255,3,432,2432
8,0,104433.33,0.96649056,0.022028433,255,3,433,2433
8,0,104399.55,0.80102184,0.022028433,255,3,434,2434
8,0,104441.45,0.99624377,0.022028433,255,3,435,2435
8,0,104648.09,0.91706763,0.022028433,255,3,436,2436
8,0,104289.98,0.97050189,0.022028433,255,3,437,2437
8,0,103884.33,0.99004993,0.022028433,255,3,438,2438
8,0,104380.02,0.89162747,0.022028433,255,3,439,2439
8,0,104312.55,0.8540172,0.022028433,255,3,440,2440
8,0,104404.62,0.88957592,0.022028433,255,3,441,2441
8,0,104178.73,0.98834938,0.022028433,255,3,442,2442
8,0,104448.42,0.97250365,0.022028433,255,3,443,2443
8,0,104582.47,0.94033437,0.022028433,255,3,444,2444
8,0,104124.4,0.98828145,0.022028433,255,3,445,2445
8,0,103801.96,0.98196168,0.022028433,255,3,446,2446
8,0,103913.65,0.85649865,0.022028433,255,3,447,2447
8,0,104249.97,0.97603884,0.022028433,255,3,448,2448
8,0,104629.75,0.96623394,0.022028433,255,3,449,2449
8,0,104467.98,0.96966218,0.022028433,255,3,450,2450
8,0,104309.05,0.90744954,0.022028433,255,3,451,2451
8,0,104228.5,0.95679059,0.022028433,255,3,452,2452
8,0,104615.5,0.99943675,0.022028433,255,3,453,2453
8,0,104394.11,0.9962929,0.022028433,255,3,454,2454
8,0,103863.54,0.94653922,0.022028433,255,3,455,2455
8,0,104375.18,0.9437048,0.022028433,255,3,456,2456
8,0,104263.13,0.83058854,0.022028433,255,3,457,2457
8,0,104076.87,0.98140474,0.022028433,255,3,458,2458
8,0,104166.56,0.99431009,0.022028433,255,3,459,2459
8,0,104165.77,0.82498519,0.022028433,255,3,460,2460
8,0,104090.5,0.96959813,0.022028433,255,3,461,2461
8,0,104415.62,0.97863309,0.022028433,255,3,462,2462
8,0,104368.01,0.98420833,0.022028433,255,3,463,2463
8,0,103983.7,0.93715862,0.022028433,255,3,464,2464
8,0,104699.11,0.91743465,0.022028433,255,3,465,2465
8,0,104631.45,0.99342089,0.022028433,255,3,466,2466
8,0,104456.56,0.9462791,0.022028433,255,3,467,2467
8,0,104270.91,0.99034074,0.022028433,255,3,468,2468
8,0,104532.47,0.8513167,0.022028433,255,3,469,2469
8,0,104925.22,0.88540249,0.022028433,255,3,470,2470
8,0,104500.56,0.95652427,0.022028433,255,3,471,2471
8,0,104589.05,0.96537223,0.022028433,255,3,472,2472
8,0,104445.4,0.95895705,0.022028433,255,3,473,2473
8,0,104743.74,0.89006006,0.022028433,255,3,474,2474
8,0,104399.34,0.9195536,0.022028433,255,3,475,2475
8,0,104329.24,0.95025885,0.022028433,255,3,476,2476
8,0,104455.73,0.87918599,0.022028433,255,3,477,2477
8,0,104291.06,0.973064,0.022028433,255,3,478,2478
8,0,104480.72,0.98327559,0.022028433,255,3,479,2479
8,0,104737.21,0.99297855,0.022028433,255,3,480,2480
8,0,104652.2,0.99200756,0.022028433,255,3,481,2481
8,0,104499.15,0.99113707,0.022028433,255,3,482,2482
8,0,104569.67,0.91774629,0.022028433,255,3,483,2483
8,0,104480.45,0.84282686,0.022028433,255,3,484,2484
8,0,104626.94,0.90214978,0.022028433,255,3,485,2485
8,0,105099.9,0.9259755,0.022028433,255,3,486,2486
8,0,105027.85,0.93691061,0.022028433,255,3,487,2487
8,0,104994.83,0.997777,0.022028433,255,3,488,2488
8,0,104855.72,0.97506825,0.022028433,255,3,489,2489
8,0,104606.09,0.82226381,0.022028433,255,3,490,2490
8,0,104274.62,0.97889169,0.022028433,255,3,491,2491
8,0,104247.15,0.95734398,0.022028433,255,3,492,2492
8,0,104456.25,0.87003093,0.022028433,255,3,493,2493
8,0,104371.27,0.97391594,0.022028433,255,3,494,2494
8,0,104336.89,0.9279692,0.022028433,255,3,495,2495
8,0,104614.87,0.95331314,0.022028433,255,3,496,2496
8,0,104660.82,0.95066915,0.022028433,255,3,497,2497
8,0,104348.67,0.93164002,0.022028433,255,3,498,2498
8,0,104496.2,0.84933102,0.022028433,255,3,499,2499
8,0,104447.22,0.83835548,0.022028433,255,3,500,2500
8,0,104437.32,0.95950133,0.022028433,255,3,501,2501
8,0,104513.28,0.88485119,0.022028433,255,3,502,2502
8,0,104845.32,0.97003352,0.022028433,255,3,503,2503
8,0,104428.52,0.98099689,0.022028433,255,3,504,2504
8,0,104793.87,0.92228539,0.022028433,255,3,505,2505
8,0,104699.6,0.88761895,0.022028433,255,3,506,2506
8,0,104192.63,1,0.022028433,255,3,507,2507
8,0,104268.08,0.96076466,0.022028433,255,3,508,2508
8,0,103937.8,0.85206859,0.022028433,255,3,509,2509
8,0,104158.19,0.98664048,0.022028433,255,3,510,2510
8,0,104167.67,0.87936732,0.022028433,255,3,511,2511
8,0,104572.32,0.99874238,0.022028433,255,3,512,2512
8,0,104617.61,0.94386013,0.022028433,255,3,513,2513
8,0,104671.81,0.80828472,0.022028433,255,3,514,2514
8,0,104315.7,0.99358494,0.022028433,255,3,515,2515
8,0,104415.4,0.88125582,0.022028433,255,3,516,2516
8,0,103980.08,0.9743461,0.022028433,255,3,517,2517
8,0,103730.02,0.95482426,0.022028433,255,3,518,2518
8,0,103854.9,0.98310425,0.022028433,255,3,519,2519
8,0,104084.62,0.97687507,0.022028433,255,3,520,2520
8,0,103792.12,0.94667098,0.022028433,255,3,521,2521
8,0,103798.97,0.93018107,0.022028433,255,3,522,2522
8,0,104050.22,0.91764315,0.022028433,255,3,523,2523
8,0,104502.13,0.97022896,0.022028433,255,3,524,2524
8,0,104684,0.97616838,0.022028433,255,3,525,2525
8,0,104483.85,0.96478761,0.022028433,255,3,526,2526
8,0,104374.66,0.98171316,0.022028433,255,3,527,2527
8,0,103724.73,0.83504391,0.022028433,255,3,528,2528
8,0,103657.45,0.98866149,0.022028433,255,3,529,2529
8,0,104096.05,0.92902182,0.022028433,255,3,530,2530
8,0,104338.82,0.99287034,0.022028433,255,3,531,2531
8,0,103880.79,0.91451413,0.022028433,255,3,532,2532
8,0,104161.65,0.99162789,0.022028433,255,3,533,2533
8,0,104471.82,0.81235694,0.022028433,255,3,534,2534
8,0,104560.99,0.97014126,0.022028433,255,3,535,2535
8,0,104719.85,0.99629516,0.022028433,255,3,536,2536
8,0,105225.18,0.95940079,0.022028433,255,3,537,2537
8,0,104880.52,0.9724129,0.022028433,255,3,538,2538
8,0,104798.3,0.98592517,0.022028433,255,3,539,2539
8,0,104108.54,0.86299874,0.022028433,255,3,540,2540
8,0,104202.63,0.97974865,0.022028433,255,3,541,2541
8,0,104531.07,0.97944819,0.022028433,255,3,542,2542
8,0,105018.98,0.9981032,0.022028433,255,3,543,2543
8,0,104993.63,0.90090029,0.022028433,255,3,544,2544
8,0,104778.5,0.97924466,0.022028433,255,3,545,2545
8,0,105124.12,0.9616649,0.022028433,255,3,546,2546
8,0,104804.89,0.89011143,0.022028433,255,3,547,2547
8,0,104429.63,0.96147173,0.022028433,255,3,548,2548
8,0,104286.81,0.87974744,0.022028433,255,3,549,2549
8,0,104037.82,0.87508203,0.022028433,255,3,550,2550
8,0,104229.24,0.97334054,0.022028433,255,3,551,2551
8,0,104356.1,0.99087999,0.022028433,255,3,552,2552
8,0,104388.04,0.71700742,0.022028433,255,3,553,2553
8,0,104396.2,0.98149083,0.022028433,255,3,554,2554
8,0,104386.28,0.88109017,0.022028433,255,3,555,2555
8,0,104413.25,0.89180214,0.022028433,255,3,556,2556
8,0,104336.67,0.95818804,0.022028433,255,3,557,2557
8,0,104587,0.96414772,0.022028433,255,3,558,2558
8,0,104808.4,0.90125826,0.022028433,255,3,559,2559
8,0,105049.5,0.91937091,0.022028433,255,3,560,2560
8,0,104660.7,0.93207089,0.022028433,255,3,561,2561
8,0,104714.57,0.94440127,0.022028433,255,3,562,2562
8,0,104943.66,0.83463376,0.022028433,255,3,563,2563
8,0,104947.23,0.96052899,0.022028433,255,3,564,2564
8,0,104340.81,0.90063493,0.022028433,255,3,565,2565
8,0,104250.71,0.93748185,0.022028433,255,3,566,2566
8,0,104371,0.94343959,0.022028433,255,3,567,2567
8,0,104159.7,0.85206139,0.022028433,255,3,568,2568
8,0,104254.1,0.87474279,0.022028433,255,3,569,2569
8,0,104763.1,0.82212832,0.022028433,255,3,570,2570
8,0,104584.98,0.96877151,0.022028433,255,3,571,2571
8,0,104385.56,0.94922459,0.022028433,255,3,572,2572
8,0,104309.84,0.98257426,0.022028433,255,3,573,2573
8,0,104370.4,0.94427241,0.022028433,255,3,574,2574
8,0,104388.35,0.92182194,0.022028433,255,3,575,2575
8,0,104657.96,0.99763998,0.022028433,255,3,576,2576
8,0,104019.08,0.97453161,0.022028433,255,3,577,2577
8,0,104270.83,0.97249103,0.022028433,255,3,578,2578
8,0,104125.5,0.95075852,0.022028433,255,3,579,2579
8,0,104144.78,0.99535841,0.022028433,255,3,580,2580
8,0,104348.47,0.96444064,0.022028433,255,3,581,2581
8,0,103932.67,0.98820733,0.022028433,255,3,582,2582
8,0,104392.19,0.97722818,0.022028433,255,3,583,2583
8,0,104139.1,0.93305433,0.022028433,255,3,584,2584
8,0,104156.2,0.89556595,0.022028433,255,3,585,2585
8,0,104202.32,0.97407963,0.022028433,255,3,586,2586
8,0,104023.71,0.87238737,0.022028433,255,3,587,2587
8,0,104365.46,0.97203271,0.022028433,255,3,588,2588
8,0,104630.83,0.99250691,0.022028433,255,3,589,2589
8,0,104451.14,0.97359073,0.022028433,255,3,590,2590
8,0,104340.78,0.98516163,0.022028433,255,3,591,2591
8,0,104733.92,0.91582745,0.022028433,255,3,592,2592
8,0,105083.7,0.92968943,0.022028433,255,3,593,2593
8,0,104892.27,0.99911541,0.022028433,255,3,594,2594
8,0,104682.54,0.96004358,0.022028433,255,3,595,2595
8,0,104887.79,0.94714117,0.022028433,255,3,596,2596
8,0,104473.2,0.99988752,0.022028433,255,3,597,2597
8,0,104304.21,0.83262049,0.022028433,255,3,598,2598
8,0,104216.32,0.96946993,0.022028433,255,3,599,2599
8,0,104149.89,0.92244547,0.022028433,255,3,600,2600
8,0,104183.23,0.99321984,0.022028433,255,3,601,2601
8,0,104421.26,0.82101107,0.022028433,255,3,602,2602
8,0,104694.15,0.97930268,0.022028433,255,3,603,2603
8,0,104902.22,0.86479442,0.022028433,255,3,604,2604
8,0,105047.07,0.90631331,0.022028433,255,3,605,2605
8,0,104714.42,0.99302084,0.022028433,255,3,606,2606
8,0,104444.01,0.94491307,0.022028433,255,3,607,2607
8,0,104162.37,0.97152591,0.022028433,255,3,608,2608
8,0,104137.58,0.95127843,0.022028433,255,3,609,2609
8,0,104141.66,0.77821606,0.022028433,255,3,610,2610
8,0,104404.71,0.96613666,0.022028433,255,3,611,2611
8,0,104506.61,0.91465229,0.022028433,255,3,612,2612
8,0,104258.73,0.99211295,0.022028433,255,3,613,2613
8,0,104394.98,0.88807176,0.022028433,255,3,614,2614
8,0,104625.59,0.97458574,0.022028433,255,3,615,2615
8,0,104569.25,0.95204636,0.022028433,255,3,616,2616
8,0,104291.16,0.97820058,0.022028433,255,3,617,2617
8,0,104612.68,0.99219473,0.022028433,255,3,618,2618
8,0,104604.96,0.90686157,0.022028433,255,3,619,2619
8,0,104359.43,0.91468672,0.022028433,255,3,620,2620
8,0,104611.65,0.95529133,0.022028433,255,3,621,2621
8,0,104663.21,0.81892622,0.022028433,255,3,622,2622
8,0,104956.65,0.89851727,0.022028433,255,3,623,2623
8,0,104432.08,0.92630679,0.022028433,255,3,624,2624
8,0,104488.36,0.99425547,0.022028433,255,3,625,2625
8,0,104362.38,0.98432779,0.022028433,255,3,626,2626
8,0,104657.65,0.88606982,0.022028433,255,3,627,2627
8,0,104568.84,0.99997506,0.022028433,255,3,628,2628
8,0,104395.35,0.85537461,0.022028433,255,3,629,2629
8,0,104148.89,0.96095329,0.022028433,255,3,630,2630
8,0,103917.93,0.887565,0.022028433,255,3,631,2631
8,0,103603.37,0.85724707,0.022028433,255,3,632,2632
8,0,104212.72,0.88147337,0.022028433,255,3,633,2633
8,0,104386.46,0.76763269,0.022028433,255,3,634,2634
8,0,104184.23,0.9158864,0.022028433,255,3,635,2635
8,0,104564.38,0.99438072,0.022028433,255,3,636,2636
8,0,104625.1,0.99922945,0.022028433,255,3,637,2637
8,0,104732.35,0.93391108,0.022028433,255,3,638,2638
8,0,104882.1,0.82737482,0.022028433,255,3,639,2639
8,0,104682.69,0.99610449,0.022028433,255,3,640,2640
8,0,104724.21,0.99878116,0.022028433,255,3,641,2641
8,0,105029.04,0.93514532,0.022028433,255,3,642,2642
8,0,105169.82,0.93319896,0.022028433,255,3,643,2643
8,0,104796.58,0.86923713,0.022028433,255,3,644,2644
8,0,104678.36,0.96683857,0.022028433,255,3,645,2645
8,0,104952.23,0.94587171,0.022028433,255,3,646,2646
8,0,104691.47,0.94013945,0.022028433,255,3,647,2647
8,0,104672.97,0.95893141,0.022028433,255,3,648,2648
8,0,104417.24,0.95098169,0.022028433,255,3,649,2649
8,0,103676.23,0.98649612,0.022028433,255,3,650,2650
8,0,104209.9,0.94571164,0.022028433,255,3,651,2651
8,0,104302.14,0.84148593,0.022028433,255,3,652,2652
8,0,104133.53,0.98632321,0.022028433,255,3,653,2653
8,0,103875.48,0.92748608,0.022028433,255,3,654,2654
8,0,103534,0.96808177,0.022028433,255,3,655,2655
8,0,103769.6,0.80586592,0.022028433,255,3,656,2656
8,0,103763.66,0.94051262,0.022028433,255,3,657,2657
8,0,104045.16,0.9685772,0.022028433,255,3,658,2658
8,0,104302.17,0.94162647,0.022028433,255,3,659,2659
8,0,105207.18,0.95418488,0.022028433,255,3,660,2660
8,0,104867.73,0.92909592,0.022028433,255,3,661,2661
8,0,104974.89,0.9919386,0.022028433,255,3,662,2662
8,0,104145.84,0.92554521,0.022028433,255,3,663,2663
8,0,103580.45,0.99733665,0.022028433,255,3,664,2664
8,0,103841.23,0.95751934,0.022028433,255,3,665,2665
8,0,104072.28,0.98282998,0.022028433,255,3,666,2666
8,0,104478.77,0.94993226,0.022028433,255,3,667,2667
8,0,104337.05,0.99867023,0.022028433,255,3,668,2668
8,0,104368.86,0.83126981,0.022028433,255,3,669,2669
8,0,104191.38,0.78831126,0.022028433,255,3,670,2670
8,0,104263.05,0.99347794,0.022028433,255,3,671,2671
8,0,104312.52,0.971731,0.022028433,255,3,672,2672
8,0,104355.68,0.96785459,0.022028433,255,3,673,2673
8,0,104121.18,0.98507957,0.022028433,255,3,674,2674
8,0,103928.97,0.99307452,0.022028433,255,3,675,2675
8,0,104144.42,0.84975685,0.022028433,255,3,676,2676
8,0,103738.99,0.95736854,0.022028433,255,3,677,2677
8,0,103929.95,0.89249053,0.022028433,255,3,678,2678
8,0,104047.32,0.98409578,0.022028433,255,3,679,2679
8,0,103883.75,0.98647547,0.022028433,255,3,680,2680
8,0,104787.27,0.92493578,0.022028433,255,3,681,2681
8,0,104392.77,0.99894042,0.022028433,255,3,682,2682
8,0,104360.08,0.98006294,0.022028433,255,3,683,2683
8,0,104405.08,0.92309344,0.022028433,255,3,684,2684
8,0,104582.24,0.86230553,0.022028433,255,3,685,2685
8,0,104350.55,0.96520832,0.022028433,255,3,686,2686
8,0,104358.8,0.946536,0.022028433,255,3,687,2687
8,0,104209.8,0.99855737,0.022028433,255,3,688,2688
8,0,104791.08,0.89582531,0.022028433,255,3,689,2689
8,0,105044.56,0.98344997,0.022028433,255,3,690,2690
8,0,104733.99,0.96855611,0.022028433,255,3,691,2691
8,0,104769.61,0.91601942,0.022028433,255,3,692,2692
8,0,104552.44,0.9871314,0.022028433,255,3,693,2693
8,0,104183.15,0.88141263,0.022028433,255,3,694,2694
8,0,103967.31,0.93750179,0.022028433,255,3,695,2695
8,0,104405.41,0.99760072,0.022028433,255,3,696,2696
8,0,104737.3,0.97672329,0.022028433,255,3,697,2697
8,0,104365.08,0.98363515,0.022028433,255,3,698,2698
8,0,104095.78,0.99429732,0.022028433,255,3,699,2699
8,0,104151.45,0.70622841,0.022028433,255,3,700,2700
8,0,104614.7,0.91667892,0.022028433,255,3,701,2701
8,0,105233.72,0.90331448,0.022028433,255,3,702,2702
8,0,105219.14,0.89325842,0.022028433,255,3,703,2703
8,0,104914.97,0.93209191,0.022028433,255,3,704,2704
8,0,104866.55,0.96049068,0.022028433,255,3,705,2705
8,0,104482.48,0.97504258,0.022028433,255,3,706,2706
8,0,104784.73,0.97795333,0.022028433,255,3,707,2707
8,0,104905.96,0.85287467,0.022028433,255,3,708,2708
8,0,104441.31,0.96502299,0.022028433,255,3,709,2709
8,0,104216.82,0.99129023,0.022028433,255,3,710,2710
8,0,104171.98,0.93569879,0.022028433,255,3,711,2711
8,0,104128.98,0.91913707,0.022028433,255,3,712,2712
8,0,104440.54,0.92098031,0.022028433,255,3,713,2713
8,0,104221.21,0.9145966,0.022028433,255,3,714,2714
8,0,104091.79,0.82651218,0.022028433,255,3,715,2715
8,0,104396.69,0.941677,0.022028433,255,3,716,2716
8,0,104405.89,1,0.022028433,255,3,717,2717
8,0,104230.9,0.92565812,0.022028433,255,3,718,2718
8,0,104253.53,0.99267228,0.022028433,255,3,719,2719
8,0,104035.23,0.76314056,0.022028433,255,3,720,2720
8,0,103668.85,0.99642346,0.022028433,255,3,721,2721
8,0,103961.62,0.98422737,0.022028433,255,3,722,2722
8,0,104591.59,0.99397799,0.022028433,255,3,723,2723
8,0,104413.53,0.94852035,0.022028433,255,3,724,2724
8,0,104203.87,0.9892328,0.022028433,255,3,725,2725
8,0,104259.21,0.86819918,0.022028433,255,3,726,2726
8,0,103947.55,0.97900803,0.022028433,255,3,727,2727
8,0,104072.04,0.80538048,0.022028433,255,3,728,2728
8,0,104255.1,0.9265173,0.022028433,255,3,729,2729
8,0,104029.52,0.99529603,0.022028433,255,3,730,2730
8,0,103951.7,0.98390053,0.022028433,255,3,731,2731
8,0,103921.8,0.99869959,0.022028433,255,3,732,2732
8,0,104354.48,0.96519793,0.022028433,255,3,733,2733
8,0,104623.58,0.87292615,0.022028433,255,3,734,2734
8,0,104430.77,0.99149726,0.022028433,255,3,735,2735
8,0,104189.25,0.99061633,0.022028433,255,3,736,2736
8,0,103935.15,0.99924573,0.022028433,255,3,737,2737
8,0,103966.13,0.80928494,0.022028433,255,3,738,2738
8,0,104644.19,0.99585413,0.022028433,255,3,739,2739
8,0,104804.88,0.99531534,0.022028433,255,3,740,2740
8,0,104633.05,0.94803747,0.022028433,255,3,741,2741
8,0,104014.42,0.9950521,0.022028433,255,3,742,2742
8,0,104395.64,0.95455217,0.022028433,255,3,743,2743
8,0,103917.36,0.97114363,0.022028433,255,3,744,2744
8,0,104059.88,0.91596424,0.022028433,255,3,745,2745
8,0,104318.51,0.9482496,0.022028433,255,3,746,2746
8,0,104635.49,0.81059237,0.022028433,255,3,747,2747
8,0,104768.27,0.99656984,0.022028433,255,3,748,2748
8,0,104287.94,0.96058267,0.022028433,255,3,749,2749
8,0,104084.91,0.99228321,0.022028433,255,3,750,2750
8,0,104523.32,0.7745542,0.022028433,255,3,751,2751
8,0,104422.99,0.95868192,0.022028433,255,3,752,2752
8,0,104454.22,0.96863183,0.022028433,255,3,753,2753
8,0,104348.16,0.95680779,0.022028433,255,3,754,2754
8,0,104457.08,0.88625239,0.022028433,255,3,755,2755
8,0,104263.72,0.94036762,0.022028433,255,3,756,2756
8,0,104623.56,0.96446505,0.022028433,255,3,757,2757
8,0,104328.99,0.97414488,0.022028433,255,3,758,2758
8,0,104122.08,0.99840748,0.022028433,255,3,759,2759
8,0,104069.54,0.70771535,0.022028433,255,3,760,2760
8,0,104088.41,0.97794202,0.022028433,255,3,761,2761
8,0,103732.44,0.99740168,0.022028433,255,3,762,2762
8,0,103973.85,0.94047305,0.022028433,255,3,763,2763
8,0,104118.05,0.91540077,0.022028433,255,3,764,2764
8,0,104271.19,0.91712549,0.022028433,255,3,765,2765
8,0,104505.01,0.86071158,0.022028433,255,3,766,2766
8,0,104592.17,0.99111536,0.022028433,255,3,767,2767
8,0,104529.65,0.88288317,0.022028433,255,3,768,2768
8,0,104278.1,0.96101116,0.022028433,255,3,769,2769
8,0,103934.04,0.99287978,0.022028433,255,3,770,2770
8,0,103502.24,0.97740267,0.022028433,255,3,771,2771
8,0,103696.5,0.97523838,0.022028433,255,3,772,2772
8,0,103800.13,0.94010157,0.022028433,255,3,773,2773
8,0,103909.93,0.99687611,0.022028433,255,3,774,2774
8,0,103835.43,0.99245853,0.022028433,255,3,775,2775
8,0,104249.88,0.99958803,0.022028433,255,3,776,2776
8,0,104619.58,0.86742472,0.022028433,255,3,777,2777
8,0,104738.45,0.86677822,0.022028433,255,3,778,2778
8,0,104422.14,0.89185636,0.022028433,255,3,779,2779
8,0,104371.5,0.80006748,0.022028433,255,3,780,2780
8,0,103997.36,0.9607448,0.022028433,255,3,781,2781
8,0,104593.26,0.90558563,0.022028433,255,3,782,2782
8,0,104895.83,0.95905553,0.022028433,255,3,783,2783
8,0,105230.78,0.90144572,0.022028433,255,3,784,2784
8,0,105122.93,0.89353735,0.022028433,255,3,785,2785
8,0,105198.59,0.85152457,0.022028433,255,3,786,2786
8,0,105172.57,0.96392859,0.022028433,255,3,787,2787
8,0,105235.06,0.97644463,0.022028433,255,3,788,2788
8,0,105075.1,0.9318427,0.022028433,255,3,789,2789
8,0,105383.91,0.93342772,0.022028433,255,3,790,2790
8,0,105166.14,0.86543653,0.022028433,255,3,791,2791
8,0,105232.75,0.94122143,0.022028433,255,3,792,2792
8,0,104961.71,0.97075349,0.022028433,255,3,793,2793
8,0,104613.26,0.99069817,0.022028433,255,3,794,2794
8,0,104241.34,0.95725184,0.022028433,255,3,795,2795
8,0,104215.11,0.96183689000000006,0.022028433,255,3,796,2796
8,0,104433.87,0.97318688,0.022028433,255,3,797,2797
8,0,104141.62,0.95965156,0.022028433,255,3,798,2798
8,0,104525.64,0.86314767,0.022028433,255,3,799,2799
8,0,104292.09,0.93857311,0.022028433,255,3,800,2800
8,0,104309.02,0.87387149,0.022028433,255,3,801,2801
8,0,104274.8,0.93175909,0.022028433,255,3,802,2802
8,0,104482.11,0.87489074,0.022028433,255,3,803,2803
8,0,104343.59,0.91661323,0.022028433,255,3,804,2804
8,0,104234.83,0.88316422000000006,0.022028433,255,3,805,2805
8,0,103972.82,0.9549425,0.022028433,255,3,806,2806
8,0,104609.65,0.9191782,0.022028433,255,3,807,2807
8,0,104803.62,0.98277277,0.022028433,255,3,808,2808
8,0,104659.95,0.9148525,0.022028433,255,3,809,2809
8,0,104472.49,0.97521207,0.022028433,255,3,810,2810
8,0,104381.65,0.70470498,0.022028433,255,3,811,2811
8,0,104524.15,0.93757715,0.022028433,255,3,812,2812
8,0,104057.7,0.85248115,0.022028433,255,3,813,2813
8,0,104048.72,0.9229801,0.022028433,255,3,814,2814
8,0,104383.17,0.95938986,0.022028433,255,3,815,2815
8,0,104409.53,0.95248649,0.022028433,255,3,816,2816
8,0,104472.38,0.8518914,0.022028433,255,3,817,2817
8,0,104425.87,0.94323619,0.022028433,255,3,818,2818
8,0,104085.82,0.79068147,0.022028433,255,3,819,2819
8,0,104111.1,0.98980882,0.022028433,255,3,820,2820
8,0,104214.54,0.96463046,0.022028433,255,3,821,2821
8,0,104241.18,0.95911682,0.022028433,255,3,822,2822
8,0,104264.07,0.90950603,0.022028433,255,3,823,2823
8,0,104417.75,0.91169293,0.022028433,255,3,824,2824
8,0,104523.47,0.83376545,0.022028433,255,3,825,2825
8,0,104210.05,0.99223887,0.022028433,255,3,826,2826
8,0,103671.58,0.93381633,0.022028433,255,3,827,2827
8,0,103784.57,0.87384746,0.022028433,255,3,828,2828
8,0,103667.09,0.94558166,0.022028433,255,3,829,2829
8,0,103593.93,0.85827439,0.022028433,255,3,830,2830
8,0,103766.18,0.99313702,0.022028433,255,3,831,2831
8,0,103876.15,0.96133782,0.022028433,255,3,832,2832
8,0,103918.63,0.87293333,0.022028433,255,3,833,2833
8,0,103974.46,0.9876263,0.022028433,255,3,834,2834
8,0,103974.95,0.93800852,0.022028433,255,3,835,2835
8,0,104151.03,0.95558625,0.022028433,255,3,836,2836
8,0,104330.9,0.92013297,0.022028433,255,3,837,2837
8,0,105067.66,0.95892772,0.022028433,255,3,838,2838
8,0,104877.1,0.98241355,0.022028433,255,3,839,2839
8,0,105164.69,0.7491859,0.022028433,255,3,840,2840
8,0,104794.14,0.94736877,0.022028433,255,3,841,2841
8,0,105370.78,0.96089799,0.022028433,255,3,842,2842
8,0,105200.48,0.95006531,0.022028433,255,3,843,2843
8,0,105304.81,0.99990205,0.022028433,255,3,844,2844
8,0,105203.13,0.97967864,0.022028433,255,3,845,2845
8,0,104496.79,0.99079238,0.022028433,255,3,846,2846
8,0,104329.44,0.90051046,0.022028433,255,3,847,2847
8,0,104411.54,0.99145046,0.022028433,255,3,848,2848
8,0,104362.48,0.88045646,0.022028433,255,3,849,2849
8,0,104596.49,0.89191723,0.022028433,255,3,850,2850
8,0,104664.8,0.89676897,0.022028433,255,3,851,2851
8,0,104687.22,0.98125392,0.022028433,255,3,852,2852
8,0,104935.48,0.99001696,0.022028433,255,3,853,2853
8,0,105351.59,0.97397324,0.022028433,255,3,854,2854
8,0,105054.36,0.97997786,0.022028433,255,3,855,2855
8,0,105019.26,0.96557939,0.022028433,255,3,856,2856
8,0,105001.34,0.96428862,0.022028433,255,3,857,2857
8,0,105006.16,0.9999558,0.022028433,255,3,858,2858
8,0,105079.31,0.78029518,0.022028433,255,3,859,2859
8,0,104438.43,0.99942847,0.022028433,255,3,860,2860
8,0,104329.17,0.99868287,0.022028433,255,3,861,2861
8,0,104575.91,0.87184251,0.022028433,255,3,862,2862
8,0,104427.45,0.93300082,0.022028433,255,3,863,2863
8,0,104519.17,0.97759925,0.022028433,255,3,864,2864
8,0,104790,0.95649508,0.022028433,255,3,865,2865
8,0,104938.38,0.98083468,0.022028433,255,3,866,2866
8,0,104960.53,0.98678604,0.022028433,255,3,867,2867
8,0,104876.51,0.97431656,0.022028433,255,3,868,2868
8,0,104704.58,0.77050446,0.022028433,255,3,869,2869
8,0,104612.66,0.96596719,0.022028433,255,3,870,2870
8,0,104190.01,0.98707325,0.022028433,255,3,871,2871
8,0,104346.1,0.93370419,0.022028433,255,3,872,2872
8,0,104612.37,0.9994038,0.022028433,255,3,873,2873
8,0,104819.89,0.89721449,0.022028433,255,3,874,2874
8,0,104751.29,0.98880334,0.022028433,255,3,875,2875
8,0,104351.26,0.90086415,0.022028433,255,3,876,2876
8,0,104083.3,0.89498203,0.022028433,255,3,877,2877
8,0,103937.83,0.77233312,0.022028433,255,3,878,2878
8,0,104074.68,0.9302281,0.022028433,255,3,879,2879
8,0,104281.1,0.91908943,0.022028433,255,3,880,2880
8,0,104172.68,0.81478979,0.022028433,255,3,881,2881
8,0,104413.13,0.8605897,0.022028433,255,3,882,2882
8,0,104111.84,0.9999277,0.022028433,255,3,883,2883
8,0,103885.35,0.86063456,0.022028433,255,3,884,2884
8,0,104293.58,0.95124614,0.022028433,255,3,885,2885
8,0,104510.45,0.96125634,0.022028433,255,3,886,2886
8,0,104502.48,0.97575904,0.022028433,255,3,887,2887
8,0,104505.69,0.93199458,0.022028433,255,3,888,2888
8,0,104373.03,0.99087138,0.022028433,255,3,889,2889
8,0,104202.67,0.94086645,0.022028433,255,3,890,2890
8,0,104074.11,0.91787957,0.022028433,255,3,891,2891
8,0,104102.11,0.98990233,0.022028433,255,3,892,2892
8,0,104509.38,0.95512395,0.022028433,255,3,893,2893
8,0,104367.05,0.94042794,0.022028433,255,3,894,2894
8,0,104814.64,0.98020592,0.022028433,255,3,895,2895
8,0,104669.14,0.98324598,0.022028433,255,3,896,2896
8,0,103956.45,0.98882524,0.022028433,255,3,897,2897
8,0,103989.65,0.9142037,0.022028433,255,3,898,2898
8,0,104400.21,0.97858779,0.022028433,255,3,899,2899
8,0,104035.77,0.99846561,0.022028433,255,3,900,2900
8,0,103986.84,0.99679705,0.022028433,255,3,901,2901
8,0,103983.36,0.963897,0.022028433,255,3,902,2902
8,0,104416.52,0.98328967,0.022028433,255,3,903,2903
8,0,104825.56,0.82064768,0.022028433,255,3,904,2904
8,0,105045.41,0.97724455,0.022028433,255,3,905,2905
8,0,104904.55,0.96189068,0.022028433,255,3,906,2906
8,0,105035.64,0.93744689,0.022028433,255,3,907,2907
8,0,104798.31,0.9495751,0.022028433,255,3,908,2908
8,0,104608.11,0.85819587,0.022028433,255,3,909,2909
8,0,104322.85,0.82186545,0.022028433,255,3,910,2910
8,0,103738.04,0.87550203,0.022028433,255,3,911,2911
8,0,103680.52,0.99415411,0.022028433,255,3,912,2912
8,0,103816.67,0.98807207,0.022028433,255,3,913,2913
8,0,103503.46,0.9334143,0.022028433,255,3,914,2914
8,0,103299.7,0.85236801,0.022028433,255,3,915,2915
8,0,103863.44,0.91343482,0.022028433,255,3,916,2916
8,0,104196.98,0.98087598,0.022028433,255,3,917,2917
8,0,103961.61,0.81618972,0.022028433,255,3,918,2918
8,0,104058.36,0.86976998,0.022028433,255,3,919,2919
8,0,104018.16,0.84647108,0.022028433,255,3,920,2920
8,0,104155.92,0.97480681,0.022028433,255,3,921,2921
8,0,104177.23,0.97531821,0.022028433,255,3,922,2922
8,0,104193.74,0.9994329,0.022028433,255,3,923,2923
8,0,104654.18,0.93687473,0.022028433,255,3,924,2924
8,0,104281.89,0.9556371,0.022028433,255,3,925,2925
8,0,104043.32,0.9652601,0.022028433,255,3,926,2926
8,0,104432.71,0.99005146,0.022028433,255,3,927,2927
8,0,104465.73,0.93171414,0.022028433,255,3,928,2928
8,0,104311.14,0.9683028,0.022028433,255,3,929,2929
8,0,104567.64,0.87631897,0.022028433,255,3,930,2930
8,0,104533.71,0.94419866,0.022028433,255,3,931,2931
8,0,105141.28,0.9876716,0.022028433,255,3,932,2932
8,0,104622.09,0.99967754,0.022028433,255,3,933,2933
8,0,104421.73,0.84266645,0.022028433,255,3,934,2934
8,0,104865.04,0.91347843,0.022028433,255,3,935,2935
8,0,104517.63,0.9902004,0.022028433,255,3,936,2936
8,0,104852.12,0.96253549,0.022028433,255,3,937,2937
8,0,104733.18,0.99066654,0.022028433,255,3,938,2938
8,0,104756.02,0.98866985,0.022028433,255,3,939,2939
8,0,104827.74,0.90353259,0.022028433,255,3,940,2940
8,0,104650.47,0.91354788,0.022028433,255,3,941,2941
8,0,104610.59,0.81697629,0.022028433,255,3,942,2942
8,0,104126.38,0.97545278,0.022028433,255,3,943,2943
8,0,104073.39,0.9836124,0.022028433,255,3,944,2944
8,0,104070.11,0.77006849,0.022028433,255,3,945,2945
8,0,103793.83,0.82568471,0.022028433,255,3,946,2946
8,0,103928.32,0.97295827,0.022028433,255,3,947,2947
8,0,104298.29,0.96944692,0.022028433,255,3,948,2948
8,0,104174.05,0.91740145,0.022028433,255,3,949,2949
8,0,104608.76,0.91736115,0.022028433,255,3,950,2950
8,0,104399.83,0.98094342,0.022028433,255,3,951,2951
8,0,104328.41,0.95488026,0.022028433,255,3,952,2952
8,0,104332.64,0.99562953,0.022028433,255,3,953,2953
8,0,104297.64,0.90541808,0.022028433,255,3,954,2954
8,0,103876.06,0.97639058,0.022028433,255,3,955,2955
8,0,103578.11,0.94067984,0.022028433,255,3,956,2956
8,0,103598.65,0.95295367,0.022028433,255,3,957,2957
8,0,104173.57,0.91460779,0.022028433,255,3,958,2958
8,0,104151.88,0.97081696,0.022028433,255,3,959,2959
8,0,104301.52,0.95499215,0.022028433,255,3,960,2960
8,0,104355.22,0.99857486,0.022028433,255,3,961,2961
8,0,104839.16,0.95268264,0.022028433,255,3,962,2962
8,0,104491.34,0.86406922,0.022028433,255,3,963,2963
8,0,104383.7,0.96463086,0.022028433,255,3,964,2964
8,0,104284.88,0.93860564,0.022028433,255,3,965,2965
8,0,104630.5,0.99409233,0.022028433,255,3,966,2966
8,0,104629.02,0.94456749,0.022028433,255,3,967,2967
8,0,104349.23,0.79576772,0.022028433,255,3,968,2968
8,0,104805.29,0.90881953,0.022028433,255,3,969,2969
8,0,104580.47,0.92285425,0.022028433,255,3,970,2970
8,0,104527.83,0.99778359,0.022028433,255,3,971,2971
8,0,104208.47,0.57690708,0.022028433,255,3,972,2972
8,0,104290.13,0.93438763,0.022028433,255,3,973,2973
8,0,104516.43,0.97080817,0.022028433,255,3,974,2974
8,0,104649.5,0.90536791,0.022028433,255,3,975,2975
8,0,104346.38,0.9721129,0.022028433,255,3,976,2976
8,0,103716.03,0.98577936,0.022028433,255,3,977,2977
8,0,104074.42,0.84736746,0.022028433,255,3,978,2978
8,0,104505.8,0.87711518,0.022028433,255,3,979,2979
8,0,104362.84,0.91734059,0.022028433,255,3,980,2980
8,0,104318.54,0.95088403,0.022028433,255,3,981,2981
8,0,103701.1,0.84951199,0.022028433,255,3,982,2982
8,0,104144.94,0.96316292,0.022028433,255,3,983,2983
8,0,104281.24,0.948235,0.022028433,255,3,984,2984
8,0,104189.32,0.91637888,0.022028433,255,3,985,2985
8,0,104637.12,0.91710903,0.022028433,255,3,986,2986
8,0,104325.53,0.99077526,0.022028433,255,3,987,2987
8,0,104321.12,0.96205455,0.022028433,255,3,988,2988
8,0,104408.05,0.82140944,0.022028433,255,3,989,2989
8,0,104328.26,0.97155685,0.022028433,255,3,990,2990
8,0,104622.96,0.99920858,0.022028433,255,3,991,2991
8,0,104337.7,0.95860616,0.022028433,255,3,992,2992
8,0,104116.68,0.96349781,0.022028433,255,3,993,2993
8,0,104366.56,0.99246543,0.022028433,255,3,994,2994
8,0,104456.87,0.89099164,0.022028433,255,3,995,2995
8,0,104330.55,0.95344895,0.022028433,255,3,996,2996
8,0,104121.45,0.9992134,0.022028433,255,3,997,2997
8,0,104290.72,0.96825714,0.022028433,255,3,998,2998
8,0,104656.26,0.91582208,0.022028433,255,3,999,2999
8,0,104680.64,0.97003902,0.022028433,255,3,1000,3000
7,0,104255.09,0.99733132,0.026740101,127,4,1,3001
7,0,104270.77,0.69134826,0.026740101,127,4,2,3002
7,0,104435.94,0.9506907,0.026740101,127,4,3,3003
7,0,104024.04,0.9850122,0.026740101,127,4,4,3004
7,0,104369.15,0.72366572,0.026740101,127,4,5,3005
7,0,104663.43,0.90298686,0.026740101,127,4,6,3006
7,0,104837.48,0.82905012,0.026740101,127,4,7,3007
7,0,104733.95,0.81129731,0.026740101,127,4,8,3008
7,0,104754.15,0.98106394,0.026740101,127,4,9,3009
7,0,105007.64,0.93783861,0.026740101,127,4,10,3010
7,0,104795.54,0.9887871,0.026740101,127,4,11,3011
7,0,104690.36,0.99471709,0.026740101,127,4,12,3012
7,0,104346.49,0.97460871,0.026740101,127,4,13,3013
7,0,104071.94,0.96260697,0.026740101,127,4,14,3014
7,0,104160.97,0.99641796,0.026740101,127,4,15,3015
7,0,104154.79,0.7999431,0.026740101,127,4,16,3016
7,0,104349.5,0.9566267,0.026740101,127,4,17,3017
7,0,104285.17,0.90334449000000006,0.026740101,127,4,18,3018
7,0,104077.93,0.98473449,0.026740101,127,4,19,3019
7,0,103737.19,0.86652329,0.026740101,127,4,20,3020
7,0,103991.19,0.9864268,0.026740101,127,4,21,3021
7,0,103877.39,0.99008955,0.026740101,127,4,22,3022
7,0,103257.01,0.92707575,0.026740101,127,4,23,3023
7,0,103666.1,0.77724156,0.026740101,127,4,24,3024
7,0,103726.7,0.93189042,0.026740101,127,4,25,3025
7,0,103764.74,0.99298924,0.026740101,127,4,26,3026
7,0,103540.19,0.97030873,0.026740101,127,4,27,3027
7,0,103968.26,0.95254988,0.026740101,127,4,28,3028
7,0,104017.47,0.8990227,0.026740101,127,4,29,3029
7,0,104132.48,0.8776445,0.026740101,127,4,30,3030
7,0,103999.87,0.76388561,0.026740101,127,4,31,3031
7,0,104354.72,0.85533034,0.026740101,127,4,32,3032
7,0,104814.51,0.92001176,0.026740101,127,4,33,3033
7,0,104583.89,0.65077405,0.026740101,127,4,34,3034
7,0,104522.6,0.97409828,0.026740101,127,4,35,3035
7,0,104516.06,0.8838239,0.026740101,127,4,36,3036
7,0,104302.48,0.9737724,0.026740101,127,4,37,3037
7,0,104504.56,0.9812829,0.026740101,127,4,38,3038
7,0,104712.8,0.98878512,0.026740101,127,4,39,3039
7,0,104488.92,0.99980858,0.026740101,127,4,40,3040
7,0,104512.92,0.82794097,0.026740101,127,4,41,3041
7,0,104569.52,0.94046277,0.026740101,127,4,42,3042
7,0,104948.88,0.97093672,0.026740101,127,4,43,3043
7,0,104786.19,0.72404852,0.026740101,127,4,44,3044
7,0,105037.4,0.87791906,0.026740101,127,4,45,3045
7,0,104890.9,0.94343699,0.026740101,127,4,46,3046
7,0,104870.03,0.7172461,0.026740101,127,4,47,3047
7,0,105101.26,0.98667227,0.026740101,127,4,48,3048
7,0,105007.3,0.91838678,0.026740101,127,4,49,3049
7,0,104914.72,0.99258466,0.026740101,127,4,50,3050
7,0,105098.73,0.90143304,0.026740101,127,4,51,3051
7,0,105104,0.97183774,0.026740101,127,4,52,3052
7,0,104590.58,0.96824806,0.026740101,127,4,53,3053
7,0,104183.33,0.7490642,0.026740101,127,4,54,3054
7,0,104382.69,0.97236833,0.026740101,127,4,55,3055
7,0,104651.52,0.94983438,0.026740101,127,4,56,3056
7,0,104270.73,0.92541499,0.026740101,127,4,57,3057
7,0,104706.66,0.81226922,0.026740101,127,4,58,3058
7,0,104712.95,0.91738953,0.026740101,127,4,59,3059
7,0,104224.85,0.95103799,0.026740101,127,4,60,3060
7,0,104423.53,0.88425582,0.026740101,127,4,61,3061
7,0,104550.41,0.92160171,0.026740101,127,4,62,3062
7,0,104186.99,0.90635496,0.026740101,127,4,63,3063
7,0,104184.29,0.90917417,0.026740101,127,4,64,3064
7,0,104508.04,0.94143759,0.026740101,127,4,65,3065
7,0,104727.48,0.92865985,0.026740101,127,4,66,3066
7,0,104386.94,0.892151,0.026740101,127,4,67,3067
7,0,104068.88,0.94318636,0.026740101,127,4,68,3068
7,0,103997.8,0.80888157,0.026740101,127,4,69,3069
7,0,103800.09,0.88072607,0.026740101,127,4,70,3070
7,0,104257.5,0.95441491,0.026740101,127,4,71,3071
7,0,104468.37,0.98236441,0.026740101,127,4,72,3072
7,0,104072.25,0.80488244,0.026740101,127,4,73,3073
7,0,104028.48,0.9491502,0.026740101,127,4,74,3074
7,0,104553.82,0.8302948,0.026740101,127,4,75,3075
7,0,104512.35,0.99808907,0.026740101,127,4,76,3076
7,0,104097.42,0.95556469,0.026740101,127,4,77,3077
7,0,104165.5,0.94719695,0.026740101,127,4,78,3078
7,0,104472.06,0.92345797,0.026740101,127,4,79,3079
7,0,104255.5,0.90396534,0.026740101,127,4,80,3080
7,0,103971.68,0.71824226,0.026740101,127,4,81,3081
7,0,103850.03,0.95639115,0.026740101,127,4,82,3082
7,0,103752.17,0.8952085,0.026740101,127,4,83,3083
7,0,104030.26,0.99455647,0.026740101,127,4,84,3084
7,0,104010.03,0.98962414,0.026740101,127,4,85,3085
7,0,104403.63,0.67500362,0.026740101,127,4,86,3086
7,0,104862.73,0.92341561,0.026740101,127,4,87,3087
7,0,104364.71,0.77679028,0.026740101,127,4,88,3088
7,0,104584.04,0.83104542,0.026740101,127,4,89,3089
7,0,103916.38,0.96977908,0.026740101,127,4,90,3090
7,0,104794.02,0.92518598,0.026740101,127,4,91,3091
7,0,104632.12,0.91375821,0.026740101,127,4,92,3092
7,0,104126.25,0.97822697,0.026740101,127,4,93,3093
7,0,104184.57,0.98087456,0.026740101,127,4,94,3094
7,0,104293.68,0.92715186,0.026740101,127,4,95,3095
7,0,104358.49,0.9559393,0.026740101,127,4,96,3096
7,0,104307.5,0.95274738,0.026740101,127,4,97,3097
7,0,104517.98,0.97908825,0.026740101,127,4,98,3098
7,0,104097.66,0.97846834,0.026740101,127,4,99,3099
7,0,104433.93,0.94611902,0.026740101,127,4,100,3100
7,0,104279.02,0.954689,0.026740101,127,4,101,3101
7,0,104008.8,0.90073108,0.026740101,127,4,102,3102
7,0,104057.17,0.91740514,0.026740101,127,4,103,3103
7,0,103967.82,0.95168693,0.026740101,127,4,104,3104
7,0,104587.53,0.90929502,0.026740101,127,4,105,3105
7,0,104371.94,0.9500213,0.026740101,127,4,106,3106
7,0,103674.91,0.99905747,0.026740101,127,4,107,3107
7,0,103851.96,0.70805346,0.026740101,127,4,108,3108
7,0,103780.39,0.98090884,0.026740101,127,4,109,3109
7,0,104002.19,0.95938361,0.026740101,127,4,110,3110
7,0,104130.87,0.98027039,0.026740101,127,4,111,3111
7,0,104596.86,0.95669096,0.026740101,127,4,112,3112
7,0,104346.81,0.96804944,0.026740101,127,4,113,3113
7,0,104400.43,0.99956339,0.026740101,127,4,114,3114
7,0,104396.19,0.94742964,0.026740101,127,4,115,3115
7,0,104336.07,0.95012786,0.026740101,127,4,116,3116
7,0,104018.55,0.9212327,0.026740101,127,4,117,3117
7,0,104315.14,0.6873541,0.026740101,127,4,118,3118
7,0,104613.86,0.94886456,0.026740101,127,4,119,3119
7,0,104403.18,0.98063134,0.026740101,127,4,120,3120
7,0,104578.25,0.9377868,0.026740101,127,4,121,3121
7,0,104227.07,0.95276038,0.026740101,127,4,122,3122
7,0,104682.53,0.88348886,0.026740101,127,4,123,3123
7,0,104757.91,0.92691961,0.026740101,127,4,124,3124
7,0,104553.33,0.93155542,0.026740101,127,4,125,3125
7,0,104732.6,0.75198882,0.026740101,127,4,126,3126
7,0,104413.16,0.93876978,0.026740101,127,4,127,3127
7,0,104556.12,0.95926591,0.026740101,127,4,128,3128
7,0,104277.22,0.82195337,0.026740101,127,4,129,3129
7,0,104283.47,0.99379371,0.026740101,127,4,130,3130
7,0,104506.24,0.90336873,0.026740101,127,4,131,3131
7,0,104438.79,0.99925375,0.026740101,127,4,132,3132
7,0,104232.41,0.9861496,0.026740101,127,4,133,3133
7,0,104044.09,0.99107854,0.026740101,127,4,134,3134
7,0,104128.02,0.93784535,0.026740101,127,4,135,3135
7,0,104079.72,0.93817533,0.026740101,127,4,136,3136
7,0,104388.69,0.8446601,0.026740101,127,4,137,3137
7,0,104164.31,0.99380384,0.026740101,127,4,138,3138
7,0,104142.45,0.94991212,0.026740101,127,4,139,3139
7,0,104059.98,0.97726791,0.026740101,127,4,140,3140
7,0,103774.04,0.82527179,0.026740101,127,4,141,3141
7,0,104279.04,0.8536561,0.026740101,127,4,142,3142
7,0,103870.82,0.96365761,0.026740101,127,4,143,3143
7,0,103749.19,0.9921591,0.026740101,127,4,144,3144
7,0,104286.49,0.8149683,0.026740101,127,4,145,3145
7,0,104609.98,0.97534955,0.026740101,127,4,146,3146
7,0,103897.67,0.98715519,0.026740101,127,4,147,3147
7,0,104082.19,0.81224502,0.026740101,127,4,148,3148
7,0,104360.86,0.7897219,0.026740101,127,4,149,3149
7,0,104885.3,0.97575017,0.026740101,127,4,150,3150
7,0,105144.16,0.99569124,0.026740101,127,4,151,3151
7,0,104972.58,0.98738489,0.026740101,127,4,152,3152
7,0,105243.96,0.99865746,0.026740101,127,4,153,3153
7,0,105211.09,0.99055069,0.026740101,127,4,154,3154
7,0,105296.13,0.96298588,0.026740101,127,4,155,3155
7,0,105285.62,0.79013511,0.026740101,127,4,156,3156
7,0,104790.34,0.99842817,0.026740101,127,4,157,3157
7,0,104684.92,0.97889653,0.026740101,127,4,158,3158
7,0,104811.12,0.85119945,0.026740101,127,4,159,3159
7,0,104346.75,0.85605885,0.026740101,127,4,160,3160
7,0,104343.35,0.92375572,0.026740101,127,4,161,3161
7,0,103967.62,0.87025831,0.026740101,127,4,162,3162
7,0,104439.85,0.91492443,0.026740101,127,4,163,3163
7,0,104397.16,0.98565875,0.026740101,127,4,164,3164
7,0,104260.04,0.89824144,0.026740101,127,4,165,3165
7,0,104419.43,0.90833439,0.026740101,127,4,166,3166
7,0,105032.32,0.87961518,0.026740101,127,4,167,3167
7,0,104871.33,0.78099891,0.026740101,127,4,168,3168
7,0,104602.86,0.98857756,0.026740101,127,4,169,3169
7,0,104718.89,0.94139397,0.026740101,127,4,170,3170
7,0,104508.39,0.9995512,0.026740101,127,4,171,3171
7,0,104384.05,0.88784014,0.026740101,127,4,172,3172
7,0,104498.67,0.99597918,0.026740101,127,4,173,3173
7,0,104840.71,0.93268392,0.026740101,127,4,174,3174
7,0,105169.31,0.81259485,0.026740101,127,4,175,3175
7,0,104756.57,0.97456382,0.026740101,127,4,176,3176
7,0,104297.79,0.90844991,0.026740101,127,4,177,3177
7,0,104483.62,0.89901413,0.026740101,127,4,178,3178
7,0,104935.52,0.93820726,0.026740101,127,4,179,3179
7,0,104855.49,0.91979138,0.026740101,127,4,180,3180
7,0,104625.34,0.94029442,0.026740101,127,4,181,3181
7,0,104587.11,0.88670074,0.026740101,127,4,182,3182
7,0,104491.99,0.99314084,0.026740101,127,4,183,3183
7,0,104827.52,0.90915486,0.026740101,127,4,184,3184
7,0,104743.78,0.92849738,0.026740101,127,4,185,3185
7,0,104481.27,0.97251401,0.026740101,127,4,186,3186
7,0,104740.63,0.87097661,0.026740101,127,4,187,3187
7,0,104865.45,0.89566245,0.026740101,127,4,188,3188
7,0,104664.55,0.95450323,0.026740101,127,4,189,3189
7,0,104803.53,0.88138496,0.026740101,127,4,190,3190
7,0,104548.97,0.99388835,0.026740101,127,4,191,3191
7,0,104783.75,0.95643126999999994,0.026740101,127,4,192,3192
7,0,104760.12,0.85037737,0.026740101,127,4,193,3193
7,0,104205.85,0.94005125,0.026740101,127,4,194,3194
7,0,104636.58,0.82464224,0.026740101,127,4,195,3195
7,0,105010.39,0.88251073,0.026740101,127,4,196,3196
7,0,104979.67,0.74785294,0.026740101,127,4,197,3197
7,0,104711.89,0.90443676,0.026740101,127,4,198,3198
7,0,104843.96,0.99867885,0.026740101,127,4,199,3199
7,0,104736.58,0.98172198,0.026740101,127,4,200,3200
7,0,104106.69,0.9682213,0.026740101,127,4,201,3201
7,0,104071.37,0.92993376,0.026740101,127,4,202,3202
7,0,104349.32,0.951064,0.026740101,127,4,203,3203
7,0,104288.28,0.95278075,0.026740101,127,4,204,3204
7,0,103993.99,0.99501118,0.026740101,127,4,205,3205
7,0,103915.87,0.71456083,0.026740101,127,4,206,3206
7,0,104486.87,0.95244036,0.026740101,127,4,207,3207
7,0,104507.15,0.99144934,0.026740101,127,4,208,3208
7,0,104660.73,0.99114755,0.026740101,127,4,209,3209
7,0,104680.38,0.98846055,0.026740101,127,4,210,3210
7,0,104659.31,0.97542138,0.026740101,127,4,211,3211
7,0,104990.53,0.97894494,0.026740101,127,4,212,3212
7,0,104967.87,0.90161443,0.026740101,127,4,213,3213
7,0,104552.1,0.95728226,0.026740101,127,4,214,3214
7,0,104392.09,0.97186023,0.026740101,127,4,215,3215
7,0,104681.59,0.79471676,0.026740101,127,4,216,3216
7,0,104775.56,0.97313482,0.026740101,127,4,217,3217
7,0,104255.44,0.86672513,0.026740101,127,4,218,3218
7,0,104394.38,0.94055358,0.026740101,127,4,219,3219
7,0,104476.15,0.93893326,0.026740101,127,4,220,3220
7,0,104014.36,0.79838831,0.026740101,127,4,221,3221
7,0,103914.1,0.97549176,0.026740101,127,4,222,3222
7,0,103984.15,0.87468531,0.026740101,127,4,223,3223
7,0,104466.37,0.8839568,0.026740101,127,4,224,3224
7,0,104859.09,0.97746616,0.026740101,127,4,225,3225
7,0,104992.54,0.95902253,0.026740101,127,4,226,3226
7,0,104234.36,0.99934381,0.026740101,127,4,227,3227
7,0,104321.86,0.84068371,0.026740101,127,4,228,3228
7,0,104180.23,0.89883153,0.026740101,127,4,229,3229
7,0,104135.02,0.96890121,0.026740101,127,4,230,3230
7,0,104326.58,0.82892824,0.026740101,127,4,231,3231
7,0,103967.08,0.96204199,0.026740101,127,4,232,3232
7,0,104203.75,0.95900592,0.026740101,127,4,233,3233
7,0,104202.41,0.9488619,0.026740101,127,4,234,3234
7,0,104172.86,0.92962403,0.026740101,127,4,235,3235
7,0,104152.08,0.91947886,0.026740101,127,4,236,3236
7,0,104171.74,0.8609913,0.026740101,127,4,237,3237
7,0,104149.03,0.89055154,0.026740101,127,4,238,3238
7,0,104757.03,0.97337945,0.026740101,127,4,239,3239
7,0,105030.74,0.78362911,0.026740101,127,4,240,3240
7,0,104959.07,0.99419497,0.026740101,127,4,241,3241
7,0,104984.02,0.91635049,0.026740101,127,4,242,3242
7,0,105071.97,0.92858862,0.026740101,127,4,243,3243
7,0,104752.23,0.98816904,0.026740101,127,4,244,3244
7,0,104440.57,0.9731031,0.026740101,127,4,245,3245
7,0,104082.24,0.90757216,0.026740101,127,4,246,3246
7,0,104452.5,0.93377098,0.026740101,127,4,247,3247
7,0,104183.49,0.96763654,0.026740101,127,4,248,3248
7,0,104555.12,0.91371277,0.026740101,127,4,249,3249
7,0,104063.82,0.92456209,0.026740101,127,4,250,3250
7,0,104461.67,0.91463594,0.026740101,127,4,251,3251
7,0,104415.18,0.97237577,0.026740101,127,4,252,3252
7,0,104768.88,0.97117464,0.026740101,127,4,253,3253
7,0,104725.58,0.9294028,0.026740101,127,4,254,3254
7,0,104497.15,0.81412326,0.026740101,127,4,255,3255
7,0,104030.94,0.97489028,0.026740101,127,4,256,3256
7,0,104195.18,0.99584884,0.026740101,127,4,257,3257
7,0,104569.87,0.96664889,0.026740101,127,4,258,3258
7,0,104608.81,0.89983532,0.026740101,127,4,259,3259
7,0,105023.18,0.98906723,0.026740101,127,4,260,3260
7,0,104637.24,0.99551011,0.026740101,127,4,261,3261
7,0,104607.15,0.98297869,0.026740101,127,4,262,3262
7,0,104457.23,0.93233814,0.026740101,127,4,263,3263
7,0,104600.55,0.80258126,0.026740101,127,4,264,3264
7,0,104328.96,0.94250415,0.026740101,127,4,265,3265
7,0,104220.87,0.92014417,0.026740101,127,4,266,3266
7,0,104575.83,0.90912368,0.026740101,127,4,267,3267
7,0,104737.72,0.96573973,0.026740101,127,4,268,3268
7,0,104462.56,0.99184158,0.026740101,127,4,269,3269
7,0,104041.93,0.98527064,0.026740101,127,4,270,3270
7,0,104044.37,0.88454642000000006,0.026740101,127,4,271,3271
7,0,104546.73,0.91699798,0.026740101,127,4,272,3272
7,0,104244.43,0.9931095,0.026740101,127,4,273,3273
7,0,104260.36,0.93436454,0.026740101,127,4,274,3274
7,0,104273.43,0.91113134,0.026740101,127,4,275,3275
7,0,104564.06,0.76677662,0.026740101,127,4,276,3276
7,0,104159.93,0.91445134,0.026740101,127,4,277,3277
7,0,104465.99,0.92710906,0.026740101,127,4,278,3278
7,0,104624.65,0.97389449,0.026740101,127,4,279,3279
7,0,104753.98,0.98678826,0.026740101,127,4,280,3280
7,0,104722.75,0.87974062,0.026740101,127,4,281,3281
7,0,104496.59,0.76825806,0.026740101,127,4,282,3282
7,0,104114.64,0.91398753,0.026740101,127,4,283,3283
7,0,104463.25,0.98556899,0.026740101,127,4,284,3284
7,0,104594.39,0.96324056,0.026740101,127,4,285,3285
7,0,104474.71,0.99993028,0.026740101,127,4,286,3286
7,0,104364,0.61235385,0.026740101,127,4,287,3287
7,0,104689.48,0.95748262,0.026740101,127,4,288,3288
7,0,104168.49,0.93226747,0.026740101,127,4,289,3289
7,0,104072.39,0.87933895,0.026740101,127,4,290,3290
7,0,104049.07,0.88833487,0.026740101,127,4,291,3291
7,0,104082.1,0.9677688,0.026740101,127,4,292,3292
7,0,104063.76,0.9663669,0.026740101,127,4,293,3293
7,0,103957.63,0.98134526,0.026740101,127,4,294,3294
7,0,104090.07,0.97826548,0.026740101,127,4,295,3295
7,0,104157.57,0.89148343,0.026740101,127,4,296,3296
7,0,104175.39,0.8452136,0.026740101,127,4,297,3297
7,0,104091.46,0.9704251,0.026740101,127,4,298,3298
7,0,104288.47,0.92404798,0.026740101,127,4,299,3299
7,0,104489.22,0.96671046,0.026740101,127,4,300,3300
7,0,104586.49,0.86883336,0.026740101,127,4,301,3301
7,0,104725.5,0.94233321,0.026740101,127,4,302,3302
7,0,104346.81,0.94823354,0.026740101,127,4,303,3303
7,0,103739.99,0.79860822,0.026740101,127,4,304,3304
7,0,104416.45,0.94994797,0.026740101,127,4,305,3305
7,0,104837.82,0.99187396,0.026740101,127,4,306,3306
7,0,104346.02,1,0.026740101,127,4,307,3307
7,0,104420.55,0.95282635,0.026740101,127,4,308,3308
7,0,104500.7,0.99821086,0.026740101,127,4,309,3309
7,0,104823.84,0.87579077,0.026740101,127,4,310,3310
7,0,104452.24,0.99725161,0.026740101,127,4,311,3311
7,0,103969.23,0.99604439,0.026740101,127,4,312,3312
7,0,104242.02,0.96788552,0.026740101,127,4,313,3313
7,0,104259.65,0.8743954,0.026740101,127,4,314,3314
7,0,104301.61,0.78398418,0.026740101,127,4,315,3315
7,0,103924.19,0.94141669,0.026740101,127,4,316,3316
7,0,104119.74,0.93050801,0.026740101,127,4,317,3317
7,0,103833.46,0.8626498,0.026740101,127,4,318,3318
7,0,103597.27,0.97852652,0.026740101,127,4,319,3319
7,0,104224.84,0.95111861,0.026740101,127,4,320,3320
7,0,104202.5,0.96830114,0.026740101,127,4,321,3321
7,0,104250.64,0.96339898,0.026740101,127,4,322,3322
7,0,104209.61,0.99423671,0.026740101,127,4,323,3323
7,0,104320.31,0.88191164,0.026740101,127,4,324,3324
7,0,104363.75,0.94722094,0.026740101,127,4,325,3325
7,0,104381.18,0.84192997,0.026740101,127,4,326,3326
7,0,104188.65,0.87995576,0.026740101,127,4,327,3327
7,0,104286.88,0.98178205,0.026740101,127,4,328,3328
7,0,104347.81,0.93307783,0.026740101,127,4,329,3329
7,0,104089.74,0.89970759,0.026740101,127,4,330,3330
7,0,103799.08,0.97862069,0.026740101,127,4,331,3331
7,0,103888.54,0.94144978,0.026740101,127,4,332,3332
7,0,104283.73,0.81655395,0.026740101,127,4,333,3333
7,0,104460.17,0.98592004,0.026740101,127,4,334,3334
7,0,104457.61,0.93914463,0.026740101,127,4,335,3335
7,0,104451.64,0.81290128,0.026740101,127,4,336,3336
7,0,104112.92,0.84809388,0.026740101,127,4,337,3337
7,0,104704.4,0.97245387,0.026740101,127,4,338,3338
7,0,104917.42,0.88952302,0.026740101,127,4,339,3339
7,0,104911.68,0.99865082,0.026740101,127,4,340,3340
7,0,104920.74,0.92207943,0.026740101,127,4,341,3341
7,0,105277.39,0.9859924,0.026740101,127,4,342,3342
7,0,105285.52,0.94263906,0.026740101,127,4,343,3343
7,0,104773.76,0.99780028,0.026740101,127,4,344,3344
7,0,104418.91,0.9925884,0.026740101,127,4,345,3345
7,0,104307.63,0.98603507,0.026740101,127,4,346,3346
7,0,103953.62,0.95845053,0.026740101,127,4,347,3347
7,0,104074.32,0.86247684,0.026740101,127,4,348,3348
7,0,104259.06,0.93556623,0.026740101,127,4,349,3349
7,0,104449.08,0.81885152,0.026740101,127,4,350,3350
7,0,104586.65,0.76696991,0.026740101,127,4,351,3351
7,0,104618.05,0.94660857,0.026740101,127,4,352,3352
7,0,104242.85,0.99520946,0.026740101,127,4,353,3353
7,0,103802.61,0.96776097,0.026740101,127,4,354,3354
7,0,103763.89,0.89567765,0.026740101,127,4,355,3355
7,0,104077.89,0.87399647,0.026740101,127,4,356,3356
7,0,104079.02,0.8552828,0.026740101,127,4,357,3357
7,0,103909.7,0.88465284,0.026740101,127,4,358,3358
7,0,103947.59,0.99968331,0.026740101,127,4,359,3359
7,0,103773.5,0.87772657,0.026740101,127,4,360,3360
7,0,103724.27,0.98975904,0.026740101,127,4,361,3361
7,0,104184.25,0.95082888,0.026740101,127,4,362,3362
7,0,104165.44,0.89431581,0.026740101,127,4,363,3363
7,0,104461.18,0.90718198,0.026740101,127,4,364,3364
7,0,104682.77,0.98907773,0.026740101,127,4,365,3365
7,0,104390.69,0.98483297,0.026740101,127,4,366,3366
7,0,104026.68,0.96519079,0.026740101,127,4,367,3367
7,0,104056.76,0.9548957,0.026740101,127,4,368,3368
7,0,104170.95,0.83253443,0.026740101,127,4,369,3369
7,0,104268.15,0.9684074,0.026740101,127,4,370,3370
7,0,104274.14,0.98847704,0.026740101,127,4,371,3371
7,0,103902.88,0.89344454,0.026740101,127,4,372,3372
7,0,103705.88,0.84660898,0.026740101,127,4,373,3373
7,0,103826.8,0.97087171,0.026740101,127,4,374,3374
7,0,104077.26,0.98513624,0.026740101,127,4,375,3375
7,0,104428.41,0.92756437,0.026740101,127,4,376,3376
7,0,104552.22,0.97883389,0.026740101,127,4,377,3377
7,0,104964.39,0.83905765,0.026740101,127,4,378,3378
7,0,104739.8,0.82855701,0.026740101,127,4,379,3379
7,0,104459.22,0.85236716,0.026740101,127,4,380,3380
7,0,104493,0.99552668,0.026740101,127,4,381,3381
7,0,104479.89,0.96904854,0.026740101,127,4,382,3382
7,0,104519.36,0.97757553,0.026740101,127,4,383,3383
7,0,104680.04,0.95276971,0.026740101,127,4,384,3384
7,0,105122.24,0.86156896,0.026740101,127,4,385,3385
7,0,104710.84,0.9446947,0.026740101,127,4,386,3386
7,0,104377.37,0.97398668,0.026740101,127,4,387,3387
7,0,104324.36,0.8901037,0.026740101,127,4,388,3388
7,0,104347.98,0.95290066,0.026740101,127,4,389,3389
7,0,104001.67,0.97973019,0.026740101,127,4,390,3390
7,0,104095.35,0.88859913,0.026740101,127,4,391,3391
7,0,104086.06,0.9787135,0.026740101,127,4,392,3392
7,0,103923.41,0.96782072,0.026740101,127,4,393,3393
7,0,103916.54,0.9917142,0.026740101,127,4,394,3394
7,0,103749.88,0.97624881,0.026740101,127,4,395,3395
7,0,103728.34,0.82420058,0.026740101,127,4,396,3396
7,0,104206.85,0.93976527,0.026740101,127,4,397,3397
7,0,104195.64,0.8818255,0.026740101,127,4,398,3398
7,0,104239.3,0.93015174,0.026740101,127,4,399,3399
7,0,104364.73,0.93926724,0.026740101,127,4,400,3400
7,0,104273.23,0.9848947,0.026740101,127,4,401,3401
7,0,104571.67,0.91557016,0.026740101,127,4,402,3402
7,0,104228.82,0.98868426,0.026740101,127,4,403,3403
7,0,104403.34,0.93487818,0.026740101,127,4,404,3404
7,0,104372.41,0.99021341,0.026740101,127,4,405,3405
7,0,104562.47,0.92171312,0.026740101,127,4,406,3406
7,0,104572.99,0.93405047,0.026740101,127,4,407,3407
7,0,104503.08,0.97679253,0.026740101,127,4,408,3408
7,0,104396.26,0.95637229,0.026740101,127,4,409,3409
7,0,104578.22,0.96646039,0.026740101,127,4,410,3410
7,0,104341.94,0.88465945,0.026740101,127,4,411,3411
7,0,104621.25,0.68814102,0.026740101,127,4,412,3412
7,0,104772.57,0.9985426,0.026740101,127,4,413,3413
7,0,104611.58,0.98584374,0.026740101,127,4,414,3414
7,0,104665.17,0.94929277,0.026740101,127,4,415,3415
7,0,104866.03,0.9685661,0.026740101,127,4,416,3416
7,0,104703.96,0.89251389,0.026740101,127,4,417,3417
7,0,104347.95,0.97545783,0.026740101,127,4,418,3418
7,0,104347.44,0.91501436,0.026740101,127,4,419,3419
7,0,104222.18,0.96694716,0.026740101,127,4,420,3420
7,0,104475.37,0.94102801,0.026740101,127,4,421,3421
7,0,104821.47,0.83787103,0.026740101,127,4,422,3422
7,0,104984.76,0.98173188,0.026740101,127,4,423,3423
7,0,104962.31,0.96351142,0.026740101,127,4,424,3424
7,0,104699.15,0.93638636,0.026740101,127,4,425,3425
7,0,104458.72,0.8608343,0.026740101,127,4,426,3426
7,0,104467.17,0.89915131,0.026740101,127,4,427,3427
7,0,104271.51,0.94229664,0.026740101,127,4,428,3428
7,0,104476.29,0.94502176,0.026740101,127,4,429,3429
7,0,104304.98,0.99301364,0.026740101,127,4,430,3430
7,0,104212.89,0.84328269,0.026740101,127,4,431,3431
7,0,104265.4,0.93569395,0.026740101,127,4,432,3432
7,0,104315.22,0.97516402,0.026740101,127,4,433,3433
7,0,104084.8,0.82423083,0.026740101,127,4,434,3434
7,0,103896.02,0.91640014,0.026740101,127,4,435,3435
7,0,104200.27,0.97130287,0.026740101,127,4,436,3436
7,0,104289.51,0.89995629,0.026740101,127,4,437,3437
7,0,104379.71,0.93262504,0.026740101,127,4,438,3438
7,0,104754.1,0.98937698,0.026740101,127,4,439,3439
7,0,104769.52,0.93124191,0.026740101,127,4,440,3440
7,0,104563.33,0.98090871,0.026740101,127,4,441,3441
7,0,104585.24,0.81940031,0.026740101,127,4,442,3442
7,0,104556.92,0.89254866,0.026740101,127,4,443,3443
7,0,104721.79,0.96748363,0.026740101,127,4,444,3444
7,0,104855.85,0.97709641,0.026740101,127,4,445,3445
7,0,104957.33,0.79109778,0.026740101,127,4,446,3446
7,0,104853.85,0.95879842,0.026740101,127,4,447,3447
7,0,104328.32,0.91821741,0.026740101,127,4,448,3448
7,0,104013.01,0.99617595,0.026740101,127,4,449,3449
7,0,104002.83,0.92208485,0.026740101,127,4,450,3450
7,0,104407.53,0.95024967,0.026740101,127,4,451,3451
7,0,104303.9,0.9491693,0.026740101,127,4,452,3452
7,0,104274.81,0.94963187,0.026740101,127,4,453,3453
7,0,104358.53,0.93343554,0.026740101,127,4,454,3454
7,0,104526.4,0.89352259,0.026740101,127,4,455,3455
7,0,104303.27,0.91494277,0.026740101,127,4,456,3456
7,0,104302.89,0.97103479,0.026740101,127,4,457,3457
7,0,104259.7,0.91712038,0.026740101,127,4,458,3458
7,0,104737.43,0.86467712,0.026740101,127,4,459,3459
7,0,104592.26,0.99681172,0.026740101,127,4,460,3460
7,0,104777.96,0.84110566,0.026740101,127,4,461,3461
7,0,104714.5,0.99206135,0.026740101,127,4,462,3462
7,0,104735.49,0.85043272,0.026740101,127,4,463,3463
7,0,104589.65,0.85844376,0.026740101,127,4,464,3464
7,0,104235.38,0.85909934,0.026740101,127,4,465,3465
7,0,104293.32,0.86451869,0.026740101,127,4,466,3466
7,0,104319.52,0.82230125,0.026740101,127,4,467,3467
7,0,104203.35,0.93326006,0.026740101,127,4,468,3468
7,0,104281.69,0.75828189,0.026740101,127,4,469,3469
7,0,104166.28,0.97923151,0.026740101,127,4,470,3470
7,0,103638.94,0.96550795,0.026740101,127,4,471,3471
7,0,103834.31,0.86466383,0.026740101,127,4,472,3472
7,0,103943.16,0.96977782,0.026740101,127,4,473,3473
7,0,104299.74,0.87460823,0.026740101,127,4,474,3474
7,0,104081.73,0.90467878,0.026740101,127,4,475,3475
7,0,104271.21,0.91137163,0.026740101,127,4,476,3476
7,0,104236.5,0.97651172,0.026740101,127,4,477,3477
7,0,104219.58,0.9638355,0.026740101,127,4,478,3478
7,0,105220.14,0.72469557,0.026740101,127,4,479,3479
7,0,105093.28,0.87364318,0.026740101,127,4,480,3480
7,0,104769.67,0.99995263,0.026740101,127,4,481,3481
7,0,104581.44,0.93865374,0.026740101,127,4,482,3482
7,0,104545.46,0.9442809,0.026740101,127,4,483,3483
7,0,104106.41,1,0.026740101,127,4,484,3484
7,0,104749.47,0.94464456,0.026740101,127,4,485,3485
7,0,104541.89,0.87825485,0.026740101,127,4,486,3486
7,0,104285.06,0.98633002,0.026740101,127,4,487,3487
7,0,104377.92,0.96715347,0.026740101,127,4,488,3488
7,0,104136.45,0.92915129,0.026740101,127,4,489,3489
7,0,104148.6,0.91254106,0.026740101,127,4,490,3490
7,0,103842.21,0.99292775,0.026740101,127,4,491,3491
7,0,104094.4,0.74377221,0.026740101,127,4,492,3492
7,0,103998.89,0.91551392,0.026740101,127,4,493,3493
7,0,103955.17,0.98336235,0.026740101,127,4,494,3494
7,0,104040.26,0.92626204,0.026740101,127,4,495,3495
7,0,103723.42,0.86199942,0.026740101,127,4,496,3496
7,0,103476.42,0.85545814,0.026740101,127,4,497,3497
7,0,103832.84,0.98972849,0.026740101,127,4,498,3498
7,0,104339.47,0.87949188,0.026740101,127,4,499,3499
7,0,104677.95,0.96601154,0.026740101,127,4,500,3500
7,0,104696.42,0.98790046,0.026740101,127,4,501,3501
7,0,105211.48,0.91117956,0.026740101,127,4,502,3502
7,0,104577.4,0.99783271,0.026740101,127,4,503,3503
7,0,104271.02,0.92279364,0.026740101,127,4,504,3504
7,0,104484.73,0.99463896,0.026740101,127,4,505,3505
7,0,104572.47,0.90304962,0.026740101,127,4,506,3506
7,0,104711.15,0.99052947,0.026740101,127,4,507,3507
7,0,104403.79,0.9611003,0.026740101,127,4,508,3508
7,0,104315.7,0.97930536,0.026740101,127,4,509,3509
7,0,104584.86,0.81923729,0.026740101,127,4,510,3510
7,0,104361.18,0.75460791,0.026740101,127,4,511,3511
7,0,103893.02,0.9399006,0.026740101,127,4,512,3512
7,0,104326.74,0.98385905,0.026740101,127,4,513,3513
7,0,104648.57,0.98062729,0.026740101,127,4,514,3514
7,0,104410.33,0.99848015,0.026740101,127,4,515,3515
7,0,104353.16,0.99538335,0.026740101,127,4,516,3516
7,0,104791.72,0.9248579,0.026740101,127,4,517,3517
7,0,104645.28,0.91988167,0.026740101,127,4,518,3518
7,0,104608.63,0.99002554,0.026740101,127,4,519,3519
7,0,104149.46,0.66232994,0.026740101,127,4,520,3520
7,0,103838.08,0.95584761,0.026740101,127,4,521,3521
7,0,103884.97,0.96503915,0.026740101,127,4,522,3522
7,0,104259.64,0.89175973,0.026740101,127,4,523,3523
7,0,104518.7,0.99818043,0.026740101,127,4,524,3524
7,0,104279.93,0.90655944,0.026740101,127,4,525,3525
7,0,104797.72,0.86022122,0.026740101,127,4,526,3526
7,0,104700.79,0.76518314,0.026740101,127,4,527,3527
7,0,105041.83,0.94217213,0.026740101,127,4,528,3528
7,0,104522.16,0.93403794,0.026740101,127,4,529,3529
7,0,104840.13,0.98413835,0.026740101,127,4,530,3530
7,0,104381.53,0.99131278,0.026740101,127,4,531,3531
7,0,104057.32,0.73900227,0.026740101,127,4,532,3532
7,0,104156.01,0.9947584,0.026740101,127,4,533,3533
7,0,103871.25,0.91439057,0.026740101,127,4,534,3534
7,0,104053.63,0.75627598,0.026740101,127,4,535,3535
7,0,103947.58,0.91639026,0.026740101,127,4,536,3536
7,0,104376.13,0.73891414,0.026740101,127,4,537,3537
7,0,104406.78,0.98512251,0.026740101,127,4,538,3538
7,0,104264.61,0.85563936,0.026740101,127,4,539,3539
7,0,104233.38,0.84600633,0.026740101,127,4,540,3540
7,0,104218.12,0.85116883,0.026740101,127,4,541,3541
7,0,104526.68,0.99603458,0.026740101,127,4,542,3542
7,0,104729.36,0.96239496,0.026740101,127,4,543,3543
7,0,104771.34,0.97274847,0.026740101,127,4,544,3544
7,0,104357.2,0.88443969,0.026740101,127,4,545,3545
7,0,104433.2,0.78834348,0.026740101,127,4,546,3546
7,0,104616.49,0.91661986,0.026740101,127,4,547,3547
7,0,104369.87,0.99035521,0.026740101,127,4,548,3548
7,0,104066.69,0.90520766,0.026740101,127,4,549,3549
7,0,103936.15,0.98040792,0.026740101,127,4,550,3550
7,0,104137.38,0.84338476,0.026740101,127,4,551,3551
7,0,104309.7,0.76314673,0.026740101,127,4,552,3552
7,0,104100.42,0.94979075,0.026740101,127,4,553,3553
7,0,104165.8,0.91520775,0.026740101,127,4,554,3554
7,0,104124.67,0.99787969,0.026740101,127,4,555,3555
7,0,104037.96,0.95560991,0.026740101,127,4,556,3556
7,0,103735.91,0.96797862,0.026740101,127,4,557,3557
7,0,104111.42,0.86380109,0.026740101,127,4,558,3558
7,0,103849.78,0.98417555,0.026740101,127,4,559,3559
7,0,104174.33,0.98552785,0.026740101,127,4,560,3560
7,0,104169.14,0.83745937,0.026740101,127,4,561,3561
7,0,103878.38,0.73475267,0.026740101,127,4,562,3562
7,0,103979.6,0.98831767,0.026740101,127,4,563,3563
7,0,104149.03,0.94920168,0.026740101,127,4,564,3564
7,0,104641.36,0.83029465,0.026740101,127,4,565,3565
7,0,104134.22,0.98794253,0.026740101,127,4,566,3566
7,0,104399.68,0.86089141,0.026740101,127,4,567,3567
7,0,104312.63,0.80841919,0.026740101,127,4,568,3568
7,0,104324.98,0.77082692,0.026740101,127,4,569,3569
7,0,104025.14,0.99740543,0.026740101,127,4,570,3570
7,0,103777.1,0.99829226,0.026740101,127,4,571,3571
7,0,104260.99,0.93318079,0.026740101,127,4,572,3572
7,0,103766.36,0.84904861,0.026740101,127,4,573,3573
7,0,103840.42,0.99245906,0.026740101,127,4,574,3574
7,0,104256.86,0.70915075,0.026740101,127,4,575,3575
7,0,104514.63,0.9543539,0.026740101,127,4,576,3576
7,0,104142.32,0.86806974,0.026740101,127,4,577,3577
7,0,104848.66,0.9976966,0.026740101,127,4,578,3578
7,0,104536.85,0.94405205,0.026740101,127,4,579,3579
7,0,104930.2,0.72004938,0.026740101,127,4,580,3580
7,0,104951.23,0.95578574,0.026740101,127,4,581,3581
7,0,105007.26,0.85914898,0.026740101,127,4,582,3582
7,0,104974.58,0.86659138,0.026740101,127,4,583,3583
7,0,104550.99,0.92923545,0.026740101,127,4,584,3584
7,0,104119.41,0.99318388,0.026740101,127,4,585,3585
7,0,104202.33,0.95981078,0.026740101,127,4,586,3586
7,0,103919.56,0.92787539,0.026740101,127,4,587,3587
7,0,104229.53,0.92960496,0.026740101,127,4,588,3588
7,0,103829.04,0.98758699,0.026740101,127,4,589,3589
7,0,103795.27,0.92939159,0.026740101,127,4,590,3590
7,0,104462.42,0.92530879,0.026740101,127,4,591,3591
7,0,104520.42,0.85085276,0.026740101,127,4,592,3592
7,0,104310.85,0.97775699,0.026740101,127,4,593,3593
7,0,104013.74,0.98242365,0.026740101,127,4,594,3594
7,0,103769.31,0.84556137,0.026740101,127,4,595,3595
7,0,103754.71,0.8970739,0.026740101,127,4,596,3596
7,0,104018.77,0.92768811,0.026740101,127,4,597,3597
7,0,103729.52,0.97637621,0.026740101,127,4,598,3598
7,0,103841.8,0.84143843,0.026740101,127,4,599,3599
7,0,104230.98,0.95837812,0.026740101,127,4,600,3600
7,0,104634.29,0.93538812,0.026740101,127,4,601,3601
7,0,104265.66,0.8312757,0.026740101,127,4,602,3602
7,0,104588.06,0.96557933,0.026740101,127,4,603,3603
7,0,104496.16,0.98244343,0.026740101,127,4,604,3604
7,0,104310.1,0.98186735,0.026740101,127,4,605,3605
7,0,104160.34,0.80054664,0.026740101,127,4,606,3606
7,0,104327.75,0.99958014,0.026740101,127,4,607,3607
7,0,104190.19,0.84673582,0.026740101,127,4,608,3608
7,0,104266.36,0.94860966,0.026740101,127,4,609,3609
7,0,104343.47,0.96508532,0.026740101,127,4,610,3610
7,0,104351.45,0.80422261,0.026740101,127,4,611,3611
7,0,104334.73,0.98665597,0.026740101,127,4,612,3612
7,0,104343.76,0.94070809,0.026740101,127,4,613,3613
7,0,104366.24,0.86925353,0.026740101,127,4,614,3614
7,0,104528.78,0.8575212,0.026740101,127,4,615,3615
7,0,104539.94,0.85539853,0.026740101,127,4,616,3616
7,0,104298.96,0.94439341,0.026740101,127,4,617,3617
7,0,104601.29,0.91654572,0.026740101,127,4,618,3618
7,0,104546.63,0.85031417,0.026740101,127,4,619,3619
7,0,104502.87,0.9840489,0.026740101,127,4,620,3620
7,0,104359.94,0.97481192,0.026740101,127,4,621,3621
7,0,103978.76,0.83686453,0.026740101,127,4,622,3622
7,0,103920.56,0.94755028,0.026740101,127,4,623,3623
7,0,103735.62,0.93222345,0.026740101,127,4,624,3624
7,0,103689.62,0.91464284,0.026740101,127,4,625,3625
7,0,104429.81,0.91243851,0.026740101,127,4,626,3626
7,0,104584.96,0.99078381,0.026740101,127,4,627,3627
7,0,104526.98,0.93249672,0.026740101,127,4,628,3628
7,0,104622.91,0.96529812,0.026740101,127,4,629,3629
7,0,104781.57,0.91149647,0.026740101,127,4,630,3630
7,0,104486.82,0.99722404,0.026740101,127,4,631,3631
7,0,104062.58,0.99874579,0.026740101,127,4,632,3632
7,0,104002.05,0.94876582,0.026740101,127,4,633,3633
7,0,104089.11,0.99286365,0.026740101,127,4,634,3634
7,0,104609.65,0.88131465,0.026740101,127,4,635,3635
7,0,105267.43,0.73008318,0.026740101,127,4,636,3636
7,0,104635.33,0.86300439,0.026740101,127,4,637,3637
7,0,104729.18,0.94821817,0.026740101,127,4,638,3638
7,0,104527.23,0.99230955,0.026740101,127,4,639,3639
7,0,104360.47,0.96257775,0.026740101,127,4,640,3640
7,0,104409.72,0.99807228,0.026740101,127,4,641,3641
7,0,104337.36,0.97250974,0.026740101,127,4,642,3642
7,0,104296.26,0.72313372,0.026740101,127,4,643,3643
7,0,104299.16,0.99711747,0.026740101,127,4,644,3644
7,0,103781.65,0.9721555,0.026740101,127,4,645,3645
7,0,103947.72,0.85632937,0.026740101,127,4,646,3646
7,0,104120.7,0.88107839,0.026740101,127,4,647,3647
7,0,104506.19,0.99944718,0.026740101,127,4,648,3648
7,0,105052.1,0.95465254,0.026740101,127,4,649,3649
7,0,104851.84,0.9139415,0.026740101,127,4,650,3650
7,0,104643.36,0.89915168,0.026740101,127,4,651,3651
7,0,104800.78,0.98779454,0.026740101,127,4,652,3652
7,0,104770.75,0.92097053,0.026740101,127,4,653,3653
7,0,104353.91,0.99467142,0.026740101,127,4,654,3654
7,0,104538.51,0.92992626,0.026740101,127,4,655,3655
7,0,104505.68,0.97348358,0.026740101,127,4,656,3656
7,0,104318.75,0.96548131,0.026740101,127,4,657,3657
7,0,104268.32,0.94641975,0.026740101,127,4,658,3658
7,0,104482.14,0.84538239,0.026740101,127,4,659,3659
7,0,104183.91,0.97613993,0.026740101,127,4,660,3660
7,0,103983.47,0.80015234,0.026740101,127,4,661,3661
7,0,103723.7,0.9460216,0.026740101,127,4,662,3662
7,0,103806.91,0.89347227,0.026740101,127,4,663,3663
7,0,104319,0.75609704,0.026740101,127,4,664,3664
7,0,104061.78,0.87309683,0.026740101,127,4,665,3665
7,0,104579.83,0.97629212,0.026740101,127,4,666,3666
7,0,105111.74,0.95283964,0.026740101,127,4,667,3667
7,0,105097.07,0.98698217,0.026740101,127,4,668,3668
7,0,104706.33,0.99456082,0.026740101,127,4,669,3669
7,0,104563.58,0.98267787,0.026740101,127,4,670,3670
7,0,104641.78,0.83193898,0.026740101,127,4,671,3671
7,0,104165.84,0.90151259,0.026740101,127,4,672,3672
7,0,104434.66,0.80612465,0.026740101,127,4,673,3673
7,0,104580.07,0.57151415,0.026740101,127,4,674,3674
7,0,104511.68,0.91515125,0.026740101,127,4,675,3675
7,0,104183.15,0.97436653,0.026740101,127,4,676,3676
7,0,104177.33,0.98073788,0.026740101,127,4,677,3677
7,0,104307.47,0.77053374,0.026740101,127,4,678,3678
7,0,104273.13,0.83308829,0.026740101,127,4,679,3679
7,0,104130.91,0.78964496,0.026740101,127,4,680,3680
7,0,104452.59,0.9931486,0.026740101,127,4,681,3681
7,0,104055.69,0.96833639,0.026740101,127,4,682,3682
7,0,104347.99,0.85509846,0.026740101,127,4,683,3683
7,0,104422.3,0.96373194,0.026740101,127,4,684,3684
7,0,104378.29,0.88272657,0.026740101,127,4,685,3685
7,0,104850.49,0.93243366,0.026740101,127,4,686,3686
7,0,104692.49,0.9853525,0.026740101,127,4,687,3687
7,0,104259.52,0.99275916,0.026740101,127,4,688,3688
7,0,104495.32,0.97293021,0.026740101,127,4,689,3689
7,0,104432.48,0.8987859,0.026740101,127,4,690,3690
7,0,104872.17,0.9720696,0.026740101,127,4,691,3691
7,0,104697.17,0.9901497,0.026740101,127,4,692,3692
7,0,104697.63,0.95294197,0.026740101,127,4,693,3693
7,0,104799.35,0.89936987,0.026740101,127,4,694,3694
7,0,104507.99,0.99204661,0.026740101,127,4,695,3695
7,0,104739.47,0.7854788,0.026740101,127,4,696,3696
7,0,104545.31,0.99314066,0.026740101,127,4,697,3697
7,0,104264.08,0.83381261,0.026740101,127,4,698,3698
7,0,104519.72,0.97745193,0.026740101,127,4,699,3699
7,0,104182.01,0.99237926,0.026740101,127,4,700,3700
7,0,104054.3,0.9910797,0.026740101,127,4,701,3701
7,0,104296.37,0.98238164,0.026740101,127,4,702,3702
7,0,104718.3,0.92156999,0.026740101,127,4,703,3703
7,0,104636.37,0.94337203,0.026740101,127,4,704,3704
7,0,104546.41,0.63126712,0.026740101,127,4,705,3705
7,0,104266.14,0.938982,0.026740101,127,4,706,3706
7,0,104237.2,0.98727952,0.026740101,127,4,707,3707
7,0,104466.42,0.98159256,0.026740101,127,4,708,3708
7,0,104473.26,0.7964205,0.026740101,127,4,709,3709
7,0,104489.03,0.98184514,0.026740101,127,4,710,3710
7,0,104802.25,0.99918188,0.026740101,127,4,711,3711
7,0,104369.9,0.96554807,0.026740101,127,4,712,3712
7,0,104356.7,0.92675015,0.026740101,127,4,713,3713
7,0,104665.79,0.83353582,0.026740101,127,4,714,3714
7,0,104330.42,0.89491442,0.026740101,127,4,715,3715
7,0,104197.66,0.83299959,0.026740101,127,4,716,3716
7,0,104260.8,0.91323823,0.026740101,127,4,717,3717
7,0,104511.29,0.92003575,0.026740101,127,4,718,3718
7,0,104560.34,0.79232181,0.026740101,127,4,719,3719
7,0,104512.96,0.84355488,0.026740101,127,4,720,3720
7,0,104586.63,0.84049003,0.026740101,127,4,721,3721
7,0,104835.51,0.78322407,0.026740101,127,4,722,3722
7,0,104623.52,0.91919607,0.026740101,127,4,723,3723
7,0,104572.48,0.97441247,0.026740101,127,4,724,3724
7,0,104406,0.90185833,0.026740101,127,4,725,3725
7,0,104370.34,0.8785489,0.026740101,127,4,726,3726
7,0,104363.47,0.82588676,0.026740101,127,4,727,3727
7,0,104435.38,0.9424022,0.026740101,127,4,728,3728
7,0,104531,0.99623793,0.026740101,127,4,729,3729
7,0,104853.01,0.84042358,0.026740101,127,4,730,3730
7,0,104437.24,0.99893376,0.026740101,127,4,731,3731
7,0,104086.93,0.83013126,0.026740101,127,4,732,3732
7,0,104388.08,0.94232572,0.026740101,127,4,733,3733
7,0,104468.09,0.9277268,0.026740101,127,4,734,3734
7,0,104729.01,0.89469988,0.026740101,127,4,735,3735
7,0,105034.09,0.99458201,0.026740101,127,4,736,3736
7,0,104730.08,0.97043659,0.026740101,127,4,737,3737
7,0,104616.46,0.67666185,0.026740101,127,4,738,3738
7,0,104392.92,0.97728915,0.026740101,127,4,739,3739
7,0,104529.18,0.86250677,0.026740101,127,4,740,3740
7,0,104629.92,0.985917,0.026740101,127,4,741,3741
7,0,105136.75,0.9057416,0.026740101,127,4,742,3742
7,0,104849.87,0.98640515,0.026740101,127,4,743,3743
7,0,104564.93,0.95232028,0.026740101,127,4,744,3744
7,0,104612.98,0.87771574,0.026740101,127,4,745,3745
7,0,104593.08,0.98058103,0.026740101,127,4,746,3746
7,0,104189.72,0.99557021,0.026740101,127,4,747,3747
7,0,104175.65,0.87633734,0.026740101,127,4,748,3748
7,0,104140.68,0.95520489,0.026740101,127,4,749,3749
7,0,103679.33,0.86708244,0.026740101,127,4,750,3750
7,0,103361.77,0.87390935,0.026740101,127,4,751,3751
7,0,103613.21,0.92676025,0.026740101,127,4,752,3752
7,0,103225.82,0.9791917,0.026740101,127,4,753,3753
7,0,103629.25,0.93645373,0.026740101,127,4,754,3754
7,0,103971.11,0.83092916000000006,0.026740101,127,4,755,3755
7,0,104411.43,0.83700638,0.026740101,127,4,756,3756
7,0,104234.83,0.98204837,0.026740101,127,4,757,3757
7,0,104100.98,0.89851691,0.026740101,127,4,758,3758
7,0,104084.57,0.80047717,0.026740101,127,4,759,3759
7,0,104407.42,0.97027855,0.026740101,127,4,760,3760
7,0,104340.74,0.81319795,0.026740101,127,4,761,3761
7,0,104198.39,0.99140638,0.026740101,127,4,762,3762
7,0,104658.87,0.91519147,0.026740101,127,4,763,3763
7,0,104968.93,0.99565154,0.026740101,127,4,764,3764
7,0,105051.47,0.92039131,0.026740101,127,4,765,3765
7,0,104831.02,0.95906332,0.026740101,127,4,766,3766
7,0,105096.18,0.89314821,0.026740101,127,4,767,3767
7,0,104823.14,0.99424965,0.026740101,127,4,768,3768
7,0,104706.62,0.89530702,0.026740101,127,4,769,3769
7,0,105135.49,0.63567882,0.026740101,127,4,770,3770
7,0,105069.67,0.99427379,0.026740101,127,4,771,3771
7,0,105006.75,0.9690238,0.026740101,127,4,772,3772
7,0,104934.91,0.86559228,0.026740101,127,4,773,3773
7,0,105075.39,0.96927694,0.026740101,127,4,774,3774
7,0,104726.37,0.96158201,0.026740101,127,4,775,3775
7,0,104604.51,0.92335861,0.026740101,127,4,776,3776
7,0,104754.74,0.98614812,0.026740101,127,4,777,3777
7,0,105192.52,0.95658111,0.026740101,127,4,778,3778
7,0,105484.26,0.99730312,0.026740101,127,4,779,3779
7,0,105145.59,0.98828195,0.026740101,127,4,780,3780
7,0,104512.04,0.98449152,0.026740101,127,4,781,3781
7,0,105013.39,0.8179058,0.026740101,127,4,782,3782
7,0,105074.6,0.95852493,0.026740101,127,4,783,3783
7,0,105133.15,0.98803719,0.026740101,127,4,784,3784
7,0,105175.77,0.94205883,0.026740101,127,4,785,3785
7,0,105257.59,0.92645141,0.026740101,127,4,786,3786
7,0,104689.93,0.99001868,0.026740101,127,4,787,3787
7,0,104542.56,0.808799,0.026740101,127,4,788,3788
7,0,104901.97,0.92494312,0.026740101,127,4,789,3789
7,0,104641.43,0.99840844,0.026740101,127,4,790,3790
7,0,104354.41,0.96554809,0.026740101,127,4,791,3791
7,0,104544.92,0.98906251,0.026740101,127,4,792,3792
7,0,105091.79,0.85468587,0.026740101,127,4,793,3793
7,0,104617.84,0.92127686,0.026740101,127,4,794,3794
7,0,104547.11,0.94826552,0.026740101,127,4,795,3795
7,0,104707.05,0.6766431,0.026740101,127,4,796,3796
7,0,104759.79,0.91185048,0.026740101,127,4,797,3797
7,0,104533.76,0.90261004,0.026740101,127,4,798,3798
7,0,104729.63,0.91620142,0.026740101,127,4,799,3799
7,0,104432.25,0.98395209,0.026740101,127,4,800,3800
7,0,104500.13,0.98978844,0.026740101,127,4,801,3801
7,0,104305.99,0.93663802,0.026740101,127,4,802,3802
7,0,104703.54,0.99414255,0.026740101,127,4,803,3803
7,0,104964.2,0.85897516,0.026740101,127,4,804,3804
7,0,104740.51,0.99943175,0.026740101,127,4,805,3805
7,0,104961.94,0.99200766,0.026740101,127,4,806,3806
7,0,104830.98,0.97141732,0.026740101,127,4,807,3807
7,0,104736.24,0.87197543,0.026740101,127,4,808,3808
7,0,104972.22,0.70236542,0.026740101,127,4,809,3809
7,0,104912.17,0.8712378,0.026740101,127,4,810,3810
7,0,104886.75,0.99692446,0.026740101,127,4,811,3811
7,0,104891.57,0.88581134,0.026740101,127,4,812,3812
7,0,104914.13,0.88302893,0.026740101,127,4,813,3813
7,0,104875.66,0.95990426,0.026740101,127,4,814,3814
7,0,104623.36,0.87262947,0.026740101,127,4,815,3815
7,0,104926.91,0.90067204,0.026740101,127,4,816,3816
7,0,104648.46,0.99980908,0.026740101,127,4,817,3817
7,0,104647.75,0.77748697,0.026740101,127,4,818,3818
7,0,104863.94,0.8946311,0.026740101,127,4,819,3819
7,0,105076.77,0.98659666,0.026740101,127,4,820,3820
7,0,104358.37,0.98263287,0.026740101,127,4,821,3821
7,0,104049.81,0.81449974,0.026740101,127,4,822,3822
7,0,104111.02,0.98472812,0.026740101,127,4,823,3823
7,0,103443.89,0.98266323,0.026740101,127,4,824,3824
7,0,103755.59,0.85568509,0.026740101,127,4,825,3825
7,0,103770.27,0.99260845,0.026740101,127,4,826,3826
7,0,104108.74,0.90690493,0.026740101,127,4,827,3827
7,0,104340.71,0.97308755,0.026740101,127,4,828,3828
7,0,104290.1,0.75905234,0.026740101,127,4,829,3829
7,0,104004.21,0.99486542,0.026740101,127,4,830,3830
7,0,104025.82,0.75606422,0.026740101,127,4,831,3831
7,0,103916.4,1,0.026740101,127,4,832,3832
7,0,104042.39,0.94083387,0.026740101,127,4,833,3833
7,0,103867.48,0.93869301,0.026740101,127,4,834,3834
7,0,104176.68,0.95387559,0.026740101,127,4,835,3835
7,0,104373.2,0.98943655,0.026740101,127,4,836,3836
7,0,104634.26,0.91206403,0.026740101,127,4,837,3837
7,0,104013.99,0.94399041,0.026740101,127,4,838,3838
7,0,103756.13,0.91123332,0.026740101,127,4,839,3839
7,0,104324.43,0.78897729,0.026740101,127,4,840,3840
7,0,104598.39,0.94044051,0.026740101,127,4,841,3841
7,0,104379.93,0.99991326,0.026740101,127,4,842,3842
7,0,104351.86,0.93700954,0.026740101,127,4,843,3843
7,0,104514.42,0.96004283,0.026740101,127,4,844,3844
7,0,104781.33,0.93769749,0.026740101,127,4,845,3845
7,0,104618.33,0.99429921,0.026740101,127,4,846,3846
7,0,104794.29,0.93222182,0.026740101,127,4,847,3847
7,0,104542.37,0.93565827,0.026740101,127,4,848,3848
7,0,104794.8,0.85382873,0.026740101,127,4,849,3849
7,0,105209.1,0.96408488,0.026740101,127,4,850,3850
7,0,105312.37,0.98667097,0.026740101,127,4,851,3851
7,0,104849.42,0.99184131,0.026740101,127,4,852,3852
7,0,104894.2,0.81115763,0.026740101,127,4,853,3853
7,0,104829.09,0.9596931,0.026740101,127,4,854,3854
7,0,105313.69,0.98842956,0.026740101,127,4,855,3855
7,0,105352.84,0.99292423,0.026740101,127,4,856,3856
7,0,105046.21,0.98107133,0.026740101,127,4,857,3857
7,0,104988.29,0.89372908,0.026740101,127,4,858,3858
7,0,104767.03,0.97260543,0.026740101,127,4,859,3859
7,0,104325.65,0.97508198,0.026740101,127,4,860,3860
7,0,104523.14,0.90026545,0.026740101,127,4,861,3861
7,0,104709.85,0.89168287,0.026740101,127,4,862,3862
7,0,104811.44,0.87786798,0.026740101,127,4,863,3863
7,0,104393.07,0.98463473,0.026740101,127,4,864,3864
7,0,104578.06,0.99252101,0.026740101,127,4,865,3865
7,0,104703.37,0.90051059,0.026740101,127,4,866,3866
7,0,104722.21,0.9940682,0.026740101,127,4,867,3867
7,0,104584.76,0.9721047,0.026740101,127,4,868,3868
7,0,104432.55,0.94127994,0.026740101,127,4,869,3869
7,0,104616.84,0.92328145,0.026740101,127,4,870,3870
7,0,104738.1,0.88978961,0.026740101,127,4,871,3871
7,0,104769.45,0.9230905,0.026740101,127,4,872,3872
7,0,104731.18,0.95923329,0.026740101,127,4,873,3873
7,0,104671.13,0.88691549,0.026740101,127,4,874,3874
7,0,104097.06,0.90257163,0.026740101,127,4,875,3875
7,0,104503.22,0.98920545,0.026740101,127,4,876,3876
7,0,104771.04,0.98732258,0.026740101,127,4,877,3877
7,0,104503.23,0.91445257,0.026740101,127,4,878,3878
7,0,104623.28,0.84361468,0.026740101,127,4,879,3879
7,0,104677.79,0.88435694,0.026740101,127,4,880,3880
7,0,104128.45,0.93461305,0.026740101,127,4,881,3881
7,0,103926.01,0.95869035,0.026740101,127,4,882,3882
7,0,103939.46,0.94738482,0.026740101,127,4,883,3883
7,0,103852.91,0.965661,0.026740101,127,4,884,3884
7,0,104163.7,0.76965885,0.026740101,127,4,885,3885
7,0,104156.05,0.91600606,0.026740101,127,4,886,3886
7,0,104597.92,0.96024634,0.026740101,127,4,887,3887
7,0,103819.55,0.98054732,0.026740101,127,4,888,3888
7,0,103778.03,0.97327152,0.026740101,127,4,889,3889
7,0,103588.51,0.87004626,0.026740101,127,4,890,3890
7,0,103202.51,0.99624638,0.026740101,127,4,891,3891
7,0,103994.52,0.79891751,0.026740101,127,4,892,3892
7,0,104380.94,0.91297896,0.026740101,127,4,893,3893
7,0,104214.09,0.85845275,0.026740101,127,4,894,3894
7,0,104241.2,0.98700087,0.026740101,127,4,895,3895
7,0,104217.79,0.89117246,0.026740101,127,4,896,3896
7,0,104102.32,0.8401527,0.026740101,127,4,897,3897
7,0,104593.54,0.85574634,0.026740101,127,4,898,3898
7,0,104869.63,0.83375452,0.026740101,127,4,899,3899
7,0,104552.74,0.96863712,0.026740101,127,4,900,3900
7,0,104419.86,0.9254402,0.026740101,127,4,901,3901
7,0,104813.92,0.98690369,0.026740101,127,4,902,3902
7,0,104653.63,0.98431141,0.026740101,127,4,903,3903
7,0,104226.01,0.95550388,0.026740101,127,4,904,3904
7,0,104129.91,1,0.026740101,127,4,905,3905
7,0,103895.82,0.9566424,0.026740101,127,4,906,3906
7,0,104251.39,0.78825124,0.026740101,127,4,907,3907
7,0,104113.05,0.9792337,0.026740101,127,4,908,3908
7,0,104035.86,0.84522734,0.026740101,127,4,909,3909
7,0,104104.45,0.94454668,0.026740101,127,4,910,3910
7,0,104879.34,0.79344394,0.026740101,127,4,911,3911
7,0,104749.31,0.93564068,0.026740101,127,4,912,3912
7,0,104718.53,0.95483145,0.026740101,127,4,913,3913
7,0,104451.36,0.99550563,0.026740101,127,4,914,3914
7,0,104943.17,0.89690699,0.026740101,127,4,915,3915
7,0,104389.85,0.90734578,0.026740101,127,4,916,3916
7,0,104362.43,0.94241047,0.026740101,127,4,917,3917
7,0,104543.98,0.89662928,0.026740101,127,4,918,3918
7,0,104649.91,0.99959829,0.026740101,127,4,919,3919
7,0,104804.63,0.9385193,0.026740101,127,4,920,3920
7,0,104771.74,0.82906024,0.026740101,127,4,921,3921
7,0,104480.61,0.9373756,0.026740101,127,4,922,3922
7,0,104098.9,0.79599172,0.026740101,127,4,923,3923
7,0,104495.33,0.78116845,0.026740101,127,4,924,3924
7,0,103879.64,0.87674376,0.026740101,127,4,925,3925
7,0,103698.78,0.90939361,0.026740101,127,4,926,3926
7,0,104040.95,0.8395308,0.026740101,127,4,927,3927
7,0,104492.04,0.79272664,0.026740101,127,4,928,3928
7,0,104617.87,0.96155079,0.026740101,127,4,929,3929
7,0,104395.53,0.99266352,0.026740101,127,4,930,3930
7,0,104410.83,0.88204212,0.026740101,127,4,931,3931
7,0,104408.61,0.96709049,0.026740101,127,4,932,3932
7,0,104345.33,0.77012381,0.026740101,127,4,933,3933
7,0,104266.1,0.86187914,0.026740101,127,4,934,3934
7,0,104432.63,0.96138047,0.026740101,127,4,935,3935
7,0,104557.55,0.75305515,0.026740101,127,4,936,3936
7,0,104421.35,0.87342424,0.026740101,127,4,937,3937
7,0,104605.45,0.9716799,0.026740101,127,4,938,3938
7,0,104919.53,0.82212954,0.026740101,127,4,939,3939
7,0,104571.09,0.98177929,0.026740101,127,4,940,3940
7,0,104577.55,0.94683693,0.026740101,127,4,941,3941
7,0,104325.39,0.99846032,0.026740101,127,4,942,3942
7,0,104112.26,0.6436657,0.026740101,127,4,943,3943
7,0,104138.08,0.95226102,0.026740101,127,4,944,3944
7,0,104032.03,0.98150249,0.026740101,127,4,945,3945
7,0,104224.49,0.87992613,0.026740101,127,4,946,3946
7,0,104422.02,0.68088598,0.026740101,127,4,947,3947
7,0,104806.77,0.97665553,0.026740101,127,4,948,3948
7,0,105226.72,0.9445436,0.026740101,127,4,949,3949
7,0,105244.31,0.99630225,0.026740101,127,4,950,3950
7,0,105114.56,0.92146709,0.026740101,127,4,951,3951
7,0,105063.56,0.99294523,0.026740101,127,4,952,3952
7,0,105096.18,0.95535093,0.026740101,127,4,953,3953
7,0,104950.87,0.9909946,0.026740101,127,4,954,3954
7,0,105302.64,0.94915713,0.026740101,127,4,955,3955
7,0,104852.35,0.98216025,0.026740101,127,4,956,3956
7,0,104418.2,0.80021093,0.026740101,127,4,957,3957
7,0,104604.31,0.97252994,0.026740101,127,4,958,3958
7,0,104405.44,0.99519464,0.026740101,127,4,959,3959
7,0,104335.12,0.99465703,0.026740101,127,4,960,3960
7,0,104613.06,0.92387904,0.026740101,127,4,961,3961
7,0,104758.1,0.94891421,0.026740101,127,4,962,3962
7,0,104956.36,0.9756847,0.026740101,127,4,963,3963
7,0,105169.28,0.9186583,0.026740101,127,4,964,3964
7,0,105326.13,0.89721674,0.026740101,127,4,965,3965
7,0,105117.44,0.93114044,0.026740101,127,4,966,3966
7,0,105046.48,0.88054943,0.026740101,127,4,967,3967
7,0,104866.8,0.86320542,0.026740101,127,4,968,3968
7,0,104700.96,0.96150212,0.026740101,127,4,969,3969
7,0,104745.99,0.99820327,0.026740101,127,4,970,3970
7,0,105151.79,0.9768897,0.026740101,127,4,971,3971
7,0,104943.7,0.99598443,0.026740101,127,4,972,3972
7,0,104770.66,0.9603973,0.026740101,127,4,973,3973
7,0,105047.74,0.98925408,0.026740101,127,4,974,3974
7,0,104886.16,0.97344731,0.026740101,127,4,975,3975
7,0,104528.74,0.95853549,0.026740101,127,4,976,3976
7,0,104735.9,0.80722952,0.026740101,127,4,977,3977
7,0,104716.03,0.93199842,0.026740101,127,4,978,3978
7,0,104504.56,0.97792923,0.026740101,127,4,979,3979
7,0,104450.04,0.95874177,0.026740101,127,4,980,3980
7,0,104239.29,0.94662384,0.026740101,127,4,981,3981
7,0,104000.18,0.80630447,0.026740101,127,4,982,3982
7,0,103703.44,0.94177566,0.026740101,127,4,983,3983
7,0,103839.13,0.88644436,0.026740101,127,4,984,3984
7,0,104176.49,0.99895292,0.026740101,127,4,985,3985
7,0,104395.88,0.91902705,0.026740101,127,4,986,3986
7,0,104252.68,0.93999859,0.026740101,127,4,987,3987
7,0,104053.33,0.93462711,0.026740101,127,4,988,3988
7,0,104164.58,0.81142649,0.026740101,127,4,989,3989
7,0,104221.46,0.85379913,0.026740101,127,4,990,3990
7,0,104161.91,0.97449758,0.026740101,127,4,991,3991
7,0,104473.94,0.88680257,0.026740101,127,4,992,3992
7,0,104364.23,0.91479613,0.026740101,127,4,993,3993
7,0,104287.63,0.93715286,0.026740101,127,4,994,3994
7,0,104084.52,0.99102431,0.026740101,127,4,995,3995
7,0,103981.16,0.94472424,0.026740101,127,4,996,3996
7,0,104651.42,0.84706646,0.026740101,127,4,997,3997
7,0,104348.7,0.92033487,0.026740101,127,4,998,3998
7,0,104297.39,0.99081792,0.026740101,127,4,999,3999
7,0,104496.66,0.93720602,0.026740101,127,4,1000,4000
