treedepth__,divergent__,energy__,accept_stat__,stepsize__,n_leapfrog__,.chain,.iteration,.draw
8,0,101246.83,0.97974232000000006,0.022848969,255,1,1,1
8,0,101110.59,0.91484936,0.022848969,255,1,2,2
8,0,101277.49,0.97399859,0.022848969,255,1,3,3
8,0,101544.29,0.96252083,0.022848969,255,1,4,4
8,0,101569.25,0.99756285,0.022848969,255,1,5,5
8,0,101332.44,0.98096023,0.022848969,255,1,6,6
8,0,101650.63,0.98382134,0.022848969,255,1,7,7
8,0,101569.99,0.99818033,0.022848969,255,1,8,8
8,0,100913.22,0.98710025,0.022848969,255,1,9,9
8,0,101033.82,0.91217883,0.022848969,255,1,10,10
8,0,101358.35,0.97806767,0.022848969,255,1,11,11
8,0,100849.33,0.97534981,0.022848969,255,1,12,12
8,0,100704.49,0.96277219,0.022848969,255,1,13,13
8,0,100984.48,0.93593201,0.022848969,255,1,14,14
8,0,101395.39,0.94926393,0.022848969,255,1,15,15
8,0,101212.99,0.83126539,0.022848969,255,1,16,16
8,0,100738.28,0.97476933,0.022848969,255,1,17,17
8,0,100651.82,0.84951138,0.022848969,255,1,18,18
8,0,100896.67,0.98305138,0.022848969,255,1,19,19
8,0,100719.14,0.93472238,0.022848969,255,1,20,20
8,0,100621.49,0.94865997,0.022848969,255,1,21,21
8,0,100396.38,0.96737395,0.022848969,255,1,22,22
8,0,100356.33,0.95662296,0.022848969,255,1,23,23
8,0,100456.31,0.90030658,0.022848969,255,1,24,24
8,0,100658.36,0.97818235,0.022848969,255,1,25,25
8,0,100649.07,0.97009027,0.022848969,255,1,26,26
8,0,101115.22,0.91706221,0.022848969,255,1,27,27
8,0,100852.97,0.94562513,0.022848969,255,1,28,28
8,0,100777.51,0.99333197,0.022848969,255,1,29,29
8,0,101151.08,0.95266795,0.022848969,255,1,30,30
8,0,100917.88,0.96997924,0.022848969,255,1,31,31
8,0,100597.19,0.91868348,0.022848969,255,1,32,32
8,0,100571.68,0.91338753,0.022848969,255,1,33,33
8,0,100521.56,0.9810703,0.022848969,255,1,34,34
8,0,100483.13,0.99851472,0.022848969,255,1,35,35
8,0,100959.72,0.9122681,0.022848969,255,1,36,36
8,0,101055.02,0.94358098,0.022848969,255,1,37,37
8,0,101015.31,0.92641937,0.022848969,255,1,38,38
8,0,101384.07,0.99251021,0.022848969,255,1,39,39
8,0,100993.81,0.96135539,0.022848969,255,1,40,40
8,0,100500.4,0.96527856,0.022848969,255,1,41,41
8,0,100733.49,0.95403578,0.022848969,255,1,42,42
8,0,100527.56,0.98491222,0.022848969,255,1,43,43
8,0,100952.21,0.9363548,0.022848969,255,1,44,44
8,0,100746.25,0.9940309,0.022848969,255,1,45,45
8,0,101050.46,0.97098645,0.022848969,255,1,46,46
8,0,101455.79,0.78740435,0.022848969,255,1,47,47
8,0,101251.03,0.9433575,0.022848969,255,1,48,48
8,0,101340.03,0.89930433,0.022848969,255,1,49,49
8,0,100871.5,0.9625991,0.022848969,255,1,50,50
8,0,100815.15,0.98169797,0.022848969,255,1,51,51
8,0,101026.94,0.94962166,0.022848969,255,1,52,52
8,0,101283.1,0.92335703,0.022848969,255,1,53,53
8,0,100908.61,0.91093402,0.022848969,255,1,54,54
8,0,100968.01,0.99868515,0.022848969,255,1,55,55
8,0,100711.22,0.86424514,0.022848969,255,1,56,56
8,0,100389.44,0.87617954,0.022848969,255,1,57,57
8,0,100781.41,0.99221376,0.022848969,255,1,58,58
8,0,100931.39,0.91498667,0.022848969,255,1,59,59
8,0,100803.07,0.97512174,0.022848969,255,1,60,60
8,0,100920.2,0.98975094,0.022848969,255,1,61,61
8,0,100933.66,0.86415209,0.022848969,255,1,62,62
8,0,100877.64,0.9977941,0.022848969,255,1,63,63
8,0,100780.87,0.98131661,0.022848969,255,1,64,64
8,0,100647.52,0.93772029,0.022848969,255,1,65,65
8,0,100696.32,0.98397722,0.022848969,255,1,66,66
8,0,100787.28,0.97904391,0.022848969,255,1,67,67
8,0,101126.42,0.89268222,0.022848969,255,1,68,68
8,0,101040.32,0.95343048,0.022848969,255,1,69,69
8,0,101046.79,0.98105734,0.022848969,255,1,70,70
8,0,101057.5,0.99198296,0.022848969,255,1,71,71
8,0,101344.26,0.98686506,0.022848969,255,1,72,72
8,0,101316.11,0.97899774,0.022848969,255,1,73,73
8,0,101473.21,0.9247387,0.022848969,255,1,74,74
8,0,101451.76,0.93151508,0.022848969,255,1,75,75
8,0,101140.19,0.94427774,0.022848969,255,1,76,76
8,0,101246.85,0.94509684,0.022848969,255,1,77,77
8,0,100906.27,0.85042962,0.022848969,255,1,78,78
8,0,100600.96,0.99700044,0.022848969,255,1,79,79
8,0,100929.93,0.91151942,0.022848969,255,1,80,80
8,0,100893.22,0.93543226,0.022848969,255,1,81,81
8,0,101180.15,0.90516644,0.022848969,255,1,82,82
8,0,101093.56,0.99297221,0.022848969,255,1,83,83
8,0,100947.18,0.99640588,0.022848969,255,1,84,84
8,0,101065.83,0.90279993,0.022848969,255,1,85,85
8,0,101241.01,0.89921396,0.022848969,255,1,86,86
8,0,101162.87,0.97162643,0.022848969,255,1,87,87
8,0,100845.9,0.87299528,0.022848969,255,1,88,88
8,0,100343.44,0.9680815,0.022848969,255,1,89,89
8,0,100428.11,0.93848237,0.022848969,255,1,90,90
8,0,100671.01,0.95986986,0.022848969,255,1,91,91
8,0,100769.62,0.96792409,0.022848969,255,1,92,92
8,0,101130.34,0.96109629,0.022848969,255,1,93,93
8,0,101149.89,0.87048383,0.022848969,255,1,94,94
8,0,101036.56,0.95133937,0.022848969,255,1,95,95
8,0,100304.83,0.9997731,0.022848969,255,1,96,96
8,0,100411.93,0.95909548,0.022848969,255,1,97,97
8,0,100557.77,0.96228422,0.022848969,255,1,98,98
8,0,100573.97,0.94722573,0.022848969,255,1,99,99
8,0,100378.73,0.98573571,0.022848969,255,1,100,100
8,0,100512.34,0.95901028,0.022848969,255,1,101,101
8,0,100440.29,0.94899274,0.022848969,255,1,102,102
8,0,100625.93,0.99996445,0.022848969,255,1,103,103
8,0,100490.55,0.90896379,0.022848969,255,1,104,104
8,0,100619.92,0.97857726,0.022848969,255,1,105,105
8,0,100887.12,0.91036226,0.022848969,255,1,106,106
8,0,101476.11,0.86924367,0.022848969,255,1,107,107
8,0,101180.08,0.99480932,0.022848969,255,1,108,108
8,0,101188.61,0.91725864,0.022848969,255,1,109,109
8,0,101056.05,0.99950438,0.022848969,255,1,110,110
8,0,101277,0.93823862,0.022848969,255,1,111,111
8,0,101403.41,0.96479929,0.022848969,255,1,112,112
8,0,101261.09,0.85523538,0.022848969,255,1,113,113
8,0,101541.27,0.98810462,0.022848969,255,1,114,114
8,0,101098.26,0.99722724,0.022848969,255,1,115,115
8,0,101489.35,0.92063114,0.022848969,255,1,116,116
8,0,101859.11,0.97320459,0.022848969,255,1,117,117
8,0,101514.53,0.892932,0.022848969,255,1,118,118
8,0,101482.14,0.96546608,0.022848969,255,1,119,119
8,0,101402.42,0.98611322,0.022848969,255,1,120,120
8,0,101324.1,0.89260553,0.022848969,255,1,121,121
8,0,101551.89,0.9853995,0.022848969,255,1,122,122
8,0,101448.03,0.95231719,0.022848969,255,1,123,123
8,0,101165.88,0.96045172,0.022848969,255,1,124,124
8,0,101001.39,0.9873608,0.022848969,255,1,125,125
8,0,101261.4,0.99867076,0.022848969,255,1,126,126
8,0,100833.25,0.98187144,0.022848969,255,1,127,127
8,0,101019.56,0.85665269,0.022848969,255,1,128,128
8,0,101146.51,0.87298963,0.022848969,255,1,129,129
8,0,101303.36,0.99414136,0.022848969,255,1,130,130
8,0,101174.77,0.93904569,0.022848969,255,1,131,131
8,0,101263.29,0.96363912,0.022848969,255,1,132,132
8,0,101300.27,0.98592702,0.022848969,255,1,133,133
8,0,100881.89,0.8863394,0.022848969,255,1,134,134
8,0,100866.04,0.98649913,0.022848969,255,1,135,135
8,0,100984.95,0.99238501,0.022848969,255,1,136,136
8,0,101208.12,0.97221449,0.022848969,255,1,137,137
8,0,100838.77,0.99193183,0.022848969,255,1,138,138
8,0,101252.68,0.97125693,0.022848969,255,1,139,139
8,0,101346.06,0.99786304,0.022848969,255,1,140,140
8,0,101241.29,0.99519818,0.022848969,255,1,141,141
8,0,100810.97,0.88745319,0.022848969,255,1,142,142
8,0,100748.12,0.98615949,0.022848969,255,1,143,143
8,0,100668.49,0.71863305,0.022848969,255,1,144,144
8,0,100833.18,0.99037012,0.022848969,255,1,145,145
8,0,100799.02,0.9271912,0.022848969,255,1,146,146
8,0,101371.2,0.99889043,0.022848969,255,1,147,147
8,0,101314.35,0.98830503,0.022848969,255,1,148,148
8,0,100895.93,0.99756314,0.022848969,255,1,149,149
8,0,101153.44,0.84724503,0.022848969,255,1,150,150
8,0,101856.25,0.88712548,0.022848969,255,1,151,151
8,0,101238.74,0.97175138,0.022848969,255,1,152,152
8,0,100864.16,0.93076703,0.022848969,255,1,153,153
8,0,100551.64,0.97650578,0.022848969,255,1,154,154
8,0,100575.65,0.86411186,0.022848969,255,1,155,155
8,0,100651.23,0.98787541,0.022848969,255,1,156,156
8,0,101018.08,0.93448831,0.022848969,255,1,157,157
8,0,101270.28,0.94408743,0.022848969,255,1,158,158
8,0,101479.07,0.99852744,0.022848969,255,1,159,159
8,0,101361.65,0.95275019,0.022848969,255,1,160,160
8,0,100768.59,0.9982619,0.022848969,255,1,161,161
8,0,100625.06,0.98728734,0.022848969,255,1,162,162
8,0,100743.51,0.97416569,0.022848969,255,1,163,163
8,0,100452.19,0.98773317,0.022848969,255,1,164,164
8,0,100389.82,0.99941225,0.022848969,255,1,165,165
8,0,100431.23,0.96141238,0.022848969,255,1,166,166
8,0,100765.62,0.91326394,0.022848969,255,1,167,167
8,0,100529.77,0.87148481,0.022848969,255,1,168,168
8,0,100652.99,0.95497043,0.022848969,255,1,169,169
8,0,101225.14,0.92126354,0.022848969,255,1,170,170
8,0,101273.83,0.99076169,0.022848969,255,1,171,171
8,0,101334.28,0.90370081,0.022848969,255,1,172,172
8,0,100996.86,0.88099069,0.022848969,255,1,173,173
8,0,100618.75,0.9272446,0.022848969,255,1,174,174
8,0,100950.64,0.95078305,0.022848969,255,1,175,175
8,0,100949.76,0.98671143,0.022848969,255,1,176,176
8,0,100435.44,0.90848461,0.022848969,255,1,177,177
8,0,100884.06,0.84399916,0.022848969,255,1,178,178
8,0,100679.34,0.991385,0.022848969,255,1,179,179
8,0,101096.15,0.91777056,0.022848969,255,1,180,180
8,0,100817.74,0.95412137,0.022848969,255,1,181,181
8,0,100683.58,0.95803834,0.022848969,255,1,182,182
8,0,100480.95,0.95128011,0.022848969,255,1,183,183
8,0,100295.49,0.95865018,0.022848969,255,1,184,184
8,0,100873.86,0.93677906,0.022848969,255,1,185,185
8,0,100949.55,0.98027434,0.022848969,255,1,186,186
8,0,101323.48,0.99832655,0.022848969,255,1,187,187
8,0,101165.89,0.97132789,0.022848969,255,1,188,188
8,0,101013.38,0.97640234,0.022848969,255,1,189,189
8,0,101072.06,0.98565872,0.022848969,255,1,190,190
8,0,101704.83,0.98326804,0.022848969,255,1,191,191
8,0,101293.74,0.9898232,0.022848969,255,1,192,192
8,0,101497.9,0.96480901,0.022848969,255,1,193,193
8,0,101348.52,0.97059351,0.022848969,255,1,194,194
8,0,101038.52,0.92551888,0.022848969,255,1,195,195
8,0,100976.32,0.92936043,0.022848969,255,1,196,196
8,0,101254.07,0.99889186,0.022848969,255,1,197,197
8,0,100881.16,0.98959725,0.022848969,255,1,198,198
8,0,101174.75,0.93424214,0.022848969,255,1,199,199
8,0,100724.31,0.96953361,0.022848969,255,1,200,200
8,0,101054.51,0.91756163,0.022848969,255,1,201,201
8,0,101534.51,0.9558436,0.022848969,255,1,202,202
8,0,101529.82,0.99468027,0.022848969,255,1,203,203
8,0,101050.53,0.96421086,0.022848969,255,1,204,204
8,0,101414.99,0.92527153,0.022848969,255,1,205,205
8,0,101190.07,0.95081939,0.022848969,255,1,206,206
8,0,101608.07,0.90484325,0.022848969,255,1,207,207
8,0,101483.73,0.92018417,0.022848969,255,1,208,208
8,0,101357.75,0.96821565,0.022848969,255,1,209,209
8,0,101513.91,0.94574488,0.022848969,255,1,210,210
8,0,101358.82,0.92593761,0.022848969,255,1,211,211
8,0,101777.34,0.9455697,0.022848969,255,1,212,212
8,0,101434.48,0.80705745,0.022848969,255,1,213,213
8,0,101432.21,0.98294697,0.022848969,255,1,214,214
8,0,100847.37,0.94663807,0.022848969,255,1,215,215
8,0,100906.41,0.87830541,0.022848969,255,1,216,216
8,0,100886.59,0.98086671,0.022848969,255,1,217,217
8,0,100935.4,0.90213349,0.022848969,255,1,218,218
8,0,100916.04,0.98565104,0.022848969,255,1,219,219
8,0,101084.45,0.92701627,0.022848969,255,1,220,220
8,0,100914.81,0.8922161,0.022848969,255,1,221,221
8,0,100731.75,0.87317649,0.022848969,255,1,222,222
8,0,100981.8,0.8564714,0.022848969,255,1,223,223
8,0,100805.58,0.93392961,0.022848969,255,1,224,224
8,0,101102.97,0.94167763,0.022848969,255,1,225,225
8,0,101182.53,0.99802408,0.022848969,255,1,226,226
8,0,101184.45,0.98120471,0.022848969,255,1,227,227
8,0,101036.6,0.8746504,0.022848969,255,1,228,228
8,0,101176.43,0.93902775,0.022848969,255,1,229,229
8,0,101454.28,0.95322349,0.022848969,255,1,230,230
8,0,101241.91,0.9982432,0.022848969,255,1,231,231
8,0,101141.39,0.9316041,0.022848969,255,1,232,232
8,0,101383.88,0.89976664,0.022848969,255,1,233,233
8,0,101796.94,0.98058235,0.022848969,255,1,234,234
8,0,102073.2,0.90211145,0.022848969,255,1,235,235
8,0,101973.81,0.94705342,0.022848969,255,1,236,236
8,0,101597.8,0.9977282,0.022848969,255,1,237,237
8,0,101608.97,0.98494009,0.022848969,255,1,238,238
8,0,101248.1,0.99312478,0.022848969,255,1,239,239
8,0,101368.95,0.99112543,0.022848969,255,1,240,240
8,0,101465.06,0.9473822,0.022848969,255,1,241,241
8,0,101449.56,0.85569303,0.022848969,255,1,242,242
8,0,101146.67,0.82276897,0.022848969,255,1,243,243
8,0,101449.53,0.92293995,0.022848969,255,1,244,244
8,0,101194.8,0.99245417,0.022848969,255,1,245,245
8,0,100944.37,0.95986869,0.022848969,255,1,246,246
8,0,101033.44,0.90696258,0.022848969,255,1,247,247
8,0,101119.08,0.96969788,0.022848969,255,1,248,248
8,0,100978.38,0.80390936,0.022848969,255,1,249,249
8,0,100341.35,0.97252803,0.022848969,255,1,250,250
8,0,100523.49,0.98781822,0.022848969,255,1,251,251
8,0,100581.32,0.96070045,0.022848969,255,1,252,252
8,0,100710.05,0.97258847,0.022848969,255,1,253,253
8,0,100502.77,0.96496395,0.022848969,255,1,254,254
8,0,100691.6,0.85252542,0.022848969,255,1,255,255
8,0,100776.05,0.96561474,0.022848969,255,1,256,256
8,0,100861.67,0.9676337,0.022848969,255,1,257,257
8,0,101073.53,0.95225959,0.022848969,255,1,258,258
8,0,101017.77,0.85588893,0.022848969,255,1,259,259
8,0,100890.31,0.94082533,0.022848969,255,1,260,260
8,0,101032.03,0.98648514,0.022848969,255,1,261,261
8,0,100783.71,0.90661671,0.022848969,255,1,262,262
8,0,100930.09,0.87276405,0.022848969,255,1,263,263
8,0,100823.71,0.99964584,0.022848969,255,1,264,264
8,0,100936.12,0.9735317,0.022848969,255,1,265,265
8,0,100946.29,0.96787271,0.022848969,255,1,266,266
8,0,101066.21,0.96110182,0.022848969,255,1,267,267
8,0,101172.63,0.9769718,0.022848969,255,1,268,268
8,0,100995.72,0.97078315,0.022848969,255,1,269,269
8,0,100319.98,0.96170318,0.022848969,255,1,270,270
8,0,100642.39,0.96819221,0.022848969,255,1,271,271
8,0,100661.62,0.93442015,0.022848969,255,1,272,272
8,0,100607.45,0.97458288,0.022848969,255,1,273,273
8,0,100906.5,0.85414425,0.022848969,255,1,274,274
8,0,100301.03,0.9932933,0.022848969,255,1,275,275
8,0,100865.46,0.88298093,0.022848969,255,1,276,276
8,0,100943.73,0.96596821,0.022848969,255,1,277,277
8,0,101018.86,0.99227293,0.022848969,255,1,278,278
8,0,100699.59,0.98248815,0.022848969,255,1,279,279
8,0,100536.21,0.98834788,0.022848969,255,1,280,280
8,0,100279.13,0.98146221,0.022848969,255,1,281,281
8,0,100233.89,0.99613586,0.022848969,255,1,282,282
8,0,101087.96,0.97221701,0.022848969,255,1,283,283
8,0,100792.95,0.93168314,0.022848969,255,1,284,284
8,0,101356.68,0.86067349,0.022848969,255,1,285,285
8,0,101394.29,0.94696578,0.022848969,255,1,286,286
8,0,101368.74,0.95251414,0.022848969,255,1,287,287
8,0,101089.36,0.93969946,0.022848969,255,1,288,288
8,0,101666.32,0.93701825,0.022848969,255,1,289,289
8,0,101232.51,0.9799489,0.022848969,255,1,290,290
8,0,100955.65,0.97356865,0.022848969,255,1,291,291
8,0,101122.8,0.83830386,0.022848969,255,1,292,292
8,0,100896.3,0.98357658,0.022848969,255,1,293,293
8,0,100717.08,0.866696,0.022848969,255,1,294,294
8,0,101320.28,0.93951293,0.022848969,255,1,295,295
8,0,101206.07,0.91806623,0.022848969,255,1,296,296
8,0,100883.07,0.95719952,0.022848969,255,1,297,297
8,0,100667.69,0.95539792,0.022848969,255,1,298,298
8,0,101059.24,0.87280334,0.022848969,255,1,299,299
8,0,101005.22,0.9591922,0.022848969,255,1,300,300
8,0,100633.85,0.9893946,0.022848969,255,1,301,301
8,0,100367.73,0.84681864,0.022848969,255,1,302,302
8,0,100472.16,0.87472146,0.022848969,255,1,303,303
8,0,100773.34,0.98775422,0.022848969,255,1,304,304
8,0,100784.52,0.89280792,0.022848969,255,1,305,305
8,0,100886.7,0.89380557,0.022848969,255,1,306,306
8,0,101013.1,0.96327241,0.022848969,255,1,307,307
8,0,101157.18,0.95525554,0.022848969,255,1,308,308
8,0,101379.42,0.99404549,0.022848969,255,1,309,309
8,0,101237.99,0.98245894,0.022848969,255,1,310,310
8,0,101274.71,0.99995473,0.022848969,255,1,311,311
8,0,101239.89,0.98073678,0.022848969,255,1,312,312
8,0,100977.24,0.91489262,0.022848969,255,1,313,313
8,0,100672,0.96877832,0.022848969,255,1,314,314
8,0,100718.22,0.99629466,0.022848969,255,1,315,315
8,0,101163.44,0.86691394,0.022848969,255,1,316,316
8,0,101040.67,0.79336783,0.022848969,255,1,317,317
8,0,101332.18,0.99891786,0.022848969,255,1,318,318
8,0,101221.48,0.75516486,0.022848969,255,1,319,319
8,0,101022.91,0.88008615,0.022848969,255,1,320,320
8,0,101318.67,0.98803864,0.022848969,255,1,321,321
8,0,101147.79,0.90295513,0.022848969,255,1,322,322
8,0,101049.87,0.8996216,0.022848969,255,1,323,323
8,0,100979.39,0.90183049,0.022848969,255,1,324,324
8,0,100906.84,0.97193813,0.022848969,255,1,325,325
8,0,101037.05,0.89761077,0.022848969,255,1,326,326
8,0,100976.68,0.9484034,0.022848969,255,1,327,327
8,0,101102.77,0.99965276,0.022848969,255,1,328,328
8,0,101272.48,0.99439714,0.022848969,255,1,329,329
8,0,101043.56,0.95426856,0.022848969,255,1,330,330
8,0,100971.77,0.96450686,0.022848969,255,1,331,331
8,0,101143.23,0.93143311,0.022848969,255,1,332,332
8,0,101564.97,0.97745227,0.022848969,255,1,333,333
8,0,101250.06,0.98999757,0.022848969,255,1,334,334
8,0,101249.95,0.95929067,0.022848969,255,1,335,335
8,0,100951.03,0.90223874,0.022848969,255,1,336,336
8,0,100489.39,0.99371495,0.022848969,255,1,337,337
8,0,100917.36,0.98426001,0.022848969,255,1,338,338
8,0,100916.95,0.96861422,0.022848969,255,1,339,339
8,0,101376.52,0.91441277,0.022848969,255,1,340,340
8,0,100950.93,0.97801946,0.022848969,255,1,341,341
8,0,101170.41,0.90765446,0.022848969,255,1,342,342
8,0,101171.78,0.95105339,0.022848969,255,1,343,343
8,0,100764.2,0.96374493,0.022848969,255,1,344,344
8,0,100745.92,0.96641342,0.022848969,255,1,345,345
8,0,100705.47,0.94664188,0.022848969,255,1,346,346
8,0,100325.1,0.97226465,0.022848969,255,1,347,347
8,0,100507.91,0.92235949,0.022848969,255,1,348,348
8,0,100696.11,0.98293176,0.022848969,255,1,349,349
8,0,101084.71,0.96403372,0.022848969,255,1,350,350
8,0,101799.69,0.98901193,0.022848969,255,1,351,351
8,0,101385.27,0.89766843,0.022848969,255,1,352,352
8,0,100995.85,0.98099599,0.022848969,255,1,353,353
8,0,100880.48,0.97668455,0.022848969,255,1,354,354
8,0,100518.06,0.92768735,0.022848969,255,1,355,355
8,0,100594.05,0.95026356,0.022848969,255,1,356,356
8,0,100506.85,0.99730718,0.022848969,255,1,357,357
8,0,100361.19,0.97388548,0.022848969,255,1,358,358
8,0,100593.55,0.99410131,0.022848969,255,1,359,359
8,0,101003.43,0.99862599,0.022848969,255,1,360,360
8,0,100956.31,0.87152118,0.022848969,255,1,361,361
8,0,100659.81,0.93661601,0.022848969,255,1,362,362
8,0,100591.84,0.85702056,0.022848969,255,1,363,363
8,0,101035.64,0.95893354,0.022848969,255,1,364,364
8,0,100589.04,0.9707614,0.022848969,255,1,365,365
8,0,100512.97,0.96541367,0.022848969,255,1,366,366
8,0,100781.41,0.96625358,0.022848969,255,1,367,367
8,0,100857.23,0.99595783,0.022848969,255,1,368,368
8,0,100713.04,0.99411367,0.022848969,255,1,369,369
8,0,100981.06,0.67597411,0.022848969,255,1,370,370
8,0,100842.19,0.88053198,0.022848969,255,1,371,371
8,0,101107.81,0.85902345,0.022848969,255,1,372,372
8,0,101545.95,0.9554366,0.022848969,255,1,373,373
8,0,101237.64,0.99414489,0.022848969,255,1,374,374
8,0,101457.17,0.98156197,0.022848969,255,1,375,375
8,0,101431.77,0.90269111,0.022848969,255,1,376,376
8,0,101886.3,0.93495447,0.022848969,255,1,377,377
8,0,101386.93,0.99490472,0.022848969,255,1,378,378
8,0,101415.5,0.84282326,0.022848969,255,1,379,379
8,0,101369.77,0.91530837,0.022848969,255,1,380,380
8,0,101220.72,0.99381153,0.022848969,255,1,381,381
8,0,100815.25,0.99549384,0.022848969,255,1,382,382
8,0,101182.35,0.95616758,0.022848969,255,1,383,383
8,0,101282.89,0.99443836,0.022848969,255,1,384,384
8,0,101080.15,0.99386898,0.022848969,255,1,385,385
8,0,101528.5,0.74062909,0.022848969,255,1,386,386
8,0,101551.31,0.97698578,0.022848969,255,1,387,387
8,0,101285.36,0.95981454,0.022848969,255,1,388,388
8,0,101223.63,0.9757019,0.022848969,255,1,389,389
8,0,101095.47,0.89498797,0.022848969,255,1,390,390
8,0,101182.21,0.98190188,0.022848969,255,1,391,391
8,0,100710.48,0.95031395,0.022848969,255,1,392,392
8,0,100445.19,0.94945384,0.022848969,255,1,393,393
8,0,100306.95,0.98693552,0.022848969,255,1,394,394
8,0,100425.03,0.9509063,0.022848969,255,1,395,395
8,0,100027.86,0.96063968,0.022848969,255,1,396,396
8,0,100927.02,0.82426109,0.022848969,255,1,397,397
8,0,100712.6,0.99692397,0.022848969,255,1,398,398
8,0,100832.85,0.85501553,0.022848969,255,1,399,399
8,0,100734.64,0.97957105,0.022848969,255,1,400,400
8,0,100814.22,0.95616416,0.022848969,255,1,401,401
8,0,100848.42,0.84552648,0.022848969,255,1,402,402
8,0,100875.35,0.97920857,0.022848969,255,1,403,403
8,0,100289.85,0.84540158,0.022848969,255,1,404,404
8,0,100511.89,0.8963378,0.022848969,255,1,405,405
8,0,100805.63,0.82307352,0.022848969,255,1,406,406
8,0,101092.78,0.89201351,0.022848969,255,1,407,407
8,0,100997.32,0.96588657,0.022848969,255,1,408,408
8,0,100505.9,0.95000615,0.022848969,255,1,409,409
8,0,100648.15,0.98741267,0.022848969,255,1,410,410
8,0,101021.39,0.88189291,0.022848969,255,1,411,411
8,0,100993.23,0.97495214,0.022848969,255,1,412,412
8,0,100793.56,0.94666019,0.022848969,255,1,413,413
8,0,100902.97,0.96944484,0.022848969,255,1,414,414
8,0,101537.31,0.96174623,0.022848969,255,1,415,415
8,0,102047.05,0.90916266,0.022848969,255,1,416,416
8,0,101916.43,0.99865499,0.022848969,255,1,417,417
8,0,101276.4,0.99849423,0.022848969,255,1,418,418
8,0,101175.65,0.87178105,0.022848969,255,1,419,419
8,0,101874.48,0.9263124,0.022848969,255,1,420,420
8,0,101491.41,0.90665518,0.022848969,255,1,421,421
8,0,100593.74,0.97640777,0.022848969,255,1,422,422
8,0,100965.7,0.9966489,0.022848969,255,1,423,423
8,0,100716.19,0.98213553,0.022848969,255,1,424,424
8,0,101143.99,0.80843111,0.022848969,255,1,425,425
8,0,100970.55,0.94161157,0.022848969,255,1,426,426
8,0,100630.62,0.86183085,0.022848969,255,1,427,427
8,0,100767.02,0.88168783,0.022848969,255,1,428,428
8,0,100502.29,0.8887019,0.022848969,255,1,429,429
8,0,100719.73,0.96795523000000006,0.022848969,255,1,430,430
8,0,100420.16,0.98898303,0.022848969,255,1,431,431
8,0,101199.59,0.87672338,0.022848969,255,1,432,432
8,0,101506.77,0.94775939,0.022848969,255,1,433,433
8,0,101173.3,0.97507746,0.022848969,255,1,434,434
8,0,101454.75,0.86588107,0.022848969,255,1,435,435
8,0,101619.34,0.95518391,0.022848969,255,1,436,436
8,0,101145.05,0.92653871,0.022848969,255,1,437,437
8,0,101182.91,0.90097707,0.022848969,255,1,438,438
8,0,101203.22,0.96487947,0.022848969,255,1,439,439
8,0,100971.08,0.99235669,0.022848969,255,1,440,440
8,0,100746.53,0.99586174,0.022848969,255,1,441,441
8,0,101109.8,0.79019279,0.022848969,255,1,442,442
8,0,100469.94,0.90476403,0.022848969,255,1,443,443
8,0,100956.07,0.9865982,0.022848969,255,1,444,444
8,0,101023.51,0.986811,0.022848969,255,1,445,445
8,0,101159.03,0.97133283,0.022848969,255,1,446,446
8,0,101357.64,0.79391608,0.022848969,255,1,447,447
8,0,101320.44,0.86794703,0.022848969,255,1,448,448
8,0,101293.97,0.9236074,0.022848969,255,1,449,449
8,0,101135.84,0.986791,0.022848969,255,1,450,450
8,0,100840.18,0.94479735,0.022848969,255,1,451,451
8,0,100709.41,0.9805202,0.022848969,255,1,452,452
8,0,100527.38,0.9155334,0.022848969,255,1,453,453
8,0,100831.41,0.96949021,0.022848969,255,1,454,454
8,0,100710.62,0.87992871,0.022848969,255,1,455,455
8,0,101061.14,0.99690586,0.022848969,255,1,456,456
8,0,101244.86,0.85188094,0.022848969,255,1,457,457
8,0,101117.19,0.9923608,0.022848969,255,1,458,458
8,0,101029.32,0.99390941,0.022848969,255,1,459,459
8,0,100551.75,0.94556608,0.022848969,255,1,460,460
8,0,101079.5,0.85072488,0.022848969,255,1,461,461
8,0,101107.91,0.98541153,0.022848969,255,1,462,462
8,0,100721.13,0.98533907,0.022848969,255,1,463,463
8,0,100661.24,0.99260687,0.022848969,255,1,464,464
8,0,100962.15,0.99922866,0.022848969,255,1,465,465
8,0,100768.8,0.97696723,0.022848969,255,1,466,466
8,0,101208.91,0.96479682,0.022848969,255,1,467,467
8,0,101158.03,0.84165526,0.022848969,255,1,468,468
8,0,101242.82,0.83504318,0.022848969,255,1,469,469
8,0,101538.73,0.90093212,0.022848969,255,1,470,470
8,0,101383.72,0.99700229,0.022848969,255,1,471,471
8,0,101409.23,0.98696187,0.022848969,255,1,472,472
8,0,101068.38,0.89506973,0.022848969,255,1,473,473
8,0,101044.6,0.94598618,0.022848969,255,1,474,474
8,0,100931.33,0.97634898,0.022848969,255,1,475,475
8,0,101129.21,0.89884672,0.022848969,255,1,476,476
8,0,101315.39,0.98967681,0.022848969,255,1,477,477
8,0,101087.36,0.98973302,0.022848969,255,1,478,478
8,0,100813.41,0.99612872,0.022848969,255,1,479,479
8,0,100968.61,0.94721888,0.022848969,255,1,480,480
8,0,101394.76,0.94267666,0.022848969,255,1,481,481
8,0,101097.14,0.98812605,0.022848969,255,1,482,482
8,0,101435.65,0.96189026,0.022848969,255,1,483,483
8,0,101174.43,0.92561416,0.022848969,255,1,484,484
8,0,101034.5,0.95534447,0.022848969,255,1,485,485
8,0,101051.42,0.97444041,0.022848969,255,1,486,486
8,0,100605.12,0.99971325,0.022848969,255,1,487,487
8,0,101003.14,0.94259187,0.022848969,255,1,488,488
8,0,100950.41,0.81214242,0.022848969,255,1,489,489
8,0,100786.91,0.9529695,0.022848969,255,1,490,490
8,0,100975.02,0.94436714,0.022848969,255,1,491,491
8,0,100933.33,0.95470813,0.022848969,255,1,492,492
8,0,100950.49,0.97673265,0.022848969,255,1,493,493
8,0,101037.33,0.95423352,0.022848969,255,1,494,494
8,0,101162.81,0.9151028,0.022848969,255,1,495,495
8,0,100968.57,0.99566187,0.022848969,255,1,496,496
8,0,101000.84,0.87587073,0.022848969,255,1,497,497
8,0,100424.67,0.99684256,0.022848969,255,1,498,498
8,0,100875.05,0.93880678,0.022848969,255,1,499,499
8,0,100538.1,0.98498163,0.022848969,255,1,500,500
8,0,100256.6,0.95869973,0.022848969,255,1,501,501
8,0,100806.43,0.99604116,0.022848969,255,1,502,502
8,0,101459,0.94176177,0.022848969,255,1,503,503
8,0,101126.26,0.89431318,0.022848969,255,1,504,504
8,0,101274.18,0.9760205,0.022848969,255,1,505,505
8,0,101408.61,0.94638072,0.022848969,255,1,506,506
8,0,100658.62,0.9316415,0.022848969,255,1,507,507
8,0,100248.13,0.97817464,0.022848969,255,1,508,508
8,0,99985.14,0.97486106,0.022848969,255,1,509,509
8,0,100215.78,0.90191859,0.022848969,255,1,510,510
8,0,100498.24,0.91307632,0.022848969,255,1,511,511
8,0,100694.32,0.98290428,0.022848969,255,1,512,512
8,0,100614.93,0.98968916,0.022848969,255,1,513,513
8,0,101208.37,0.83218005,0.022848969,255,1,514,514
8,0,101029.91,0.90928732,0.022848969,255,1,515,515
8,0,100888.32,0.9375841,0.022848969,255,1,516,516
8,0,100963.48,0.9915766,0.022848969,255,1,517,517
8,0,101486.44,0.6900141,0.022848969,255,1,518,518
8,0,101290.79,0.99696023,0.022848969,255,1,519,519
8,0,101513.87,0.94760829,0.022848969,255,1,520,520
8,0,101348.64,0.99564806,0.022848969,255,1,521,521
8,0,101413.01,0.95518173,0.022848969,255,1,522,522
8,0,101423.53,0.94020223,0.022848969,255,1,523,523
8,0,101056,0.96368345,0.022848969,255,1,524,524
8,0,100933.16,0.89818592,0.022848969,255,1,525,525
8,0,100643.27,0.97636901,0.022848969,255,1,526,526
8,0,100526.65,0.97429013,0.022848969,255,1,527,527
8,0,100084.82,0.97297212,0.022848969,255,1,528,528
8,0,100475.15,0.95831075,0.022848969,255,1,529,529
8,0,100945.14,0.92765015,0.022848969,255,1,530,530
8,0,101416.18,0.92165493,0.022848969,255,1,531,531
8,0,101379.45,0.93480371,0.022848969,255,1,532,532
8,0,101041.21,0.97204707,0.022848969,255,1,533,533
8,0,100899.43,0.70826193,0.022848969,255,1,534,534
8,0,100621.68,0.87541699,0.022848969,255,1,535,535
8,0,100420.69,0.94205352,0.022848969,255,1,536,536
8,0,100632.35,0.87523716,0.022848969,255,1,537,537
8,0,100863.38,0.85117589,0.022848969,255,1,538,538
8,0,100906.47,0.90341303,0.022848969,255,1,539,539
8,0,101043.16,0.88263971,0.022848969,255,1,540,540
8,0,101152.26,0.90977304,0.022848969,255,1,541,541
8,0,100833.4,0.87296603,0.022848969,255,1,542,542
8,0,100907.5,0.99178974,0.022848969,255,1,543,543
8,0,101312.98,0.93130251,0.022848969,255,1,544,544
8,0,101270.34,0.88344719,0.022848969,255,1,545,545
8,0,100969.58,0.92225206,0.022848969,255,1,546,546
8,0,100751.51,0.99959477,0.022848969,255,1,547,547
8,0,101057.99,0.98246576,0.022848969,255,1,548,548
8,0,101335.79,0.86496148,0.022848969,255,1,549,549
8,0,101222.31,0.95278,0.022848969,255,1,550,550
8,0,100946,0.97647221,0.022848969,255,1,551,551
8,0,101182.69,0.98248552,0.022848969,255,1,552,552
8,0,101112.59,0.98527549,0.022848969,255,1,553,553
8,0,100983.77,0.99804514,0.022848969,255,1,554,554
8,0,100975.93,0.98633026,0.022848969,255,1,555,555
8,0,101091.59,0.96489701,0.022848969,255,1,556,556
8,0,101063.83,0.94367952,0.022848969,255,1,557,557
8,0,100786.2,0.97611096,0.022848969,255,1,558,558
8,0,100880.25,0.92829593,0.022848969,255,1,559,559
8,0,100975.44,0.91679063,0.022848969,255,1,560,560
8,0,101247.34,0.90104438,0.022848969,255,1,561,561
8,0,100851.82,0.90338236,0.022848969,255,1,562,562
8,0,100677.88,0.98313373,0.022848969,255,1,563,563
8,0,101031.25,0.99958886,0.022848969,255,1,564,564
8,0,100864.3,0.87056115,0.022848969,255,1,565,565
8,0,100270.41,0.98689567,0.022848969,255,1,566,566
8,0,100999.66,0.84474201,0.022848969,255,1,567,567
8,0,101191.54,0.98052602,0.022848969,255,1,568,568
8,0,100875.11,0.87916888,0.022848969,255,1,569,569
8,0,100607.62,0.9780017,0.022848969,255,1,570,570
8,0,100835.7,0.95831803,0.022848969,255,1,571,571
8,0,101051.73,0.98697131,0.022848969,255,1,572,572
8,0,101090.8,0.9802147,0.022848969,255,1,573,573
8,0,100747.36,0.99931475,0.022848969,255,1,574,574
8,0,101402.28,0.89707059,0.022848969,255,1,575,575
8,0,101242.09,0.92356548,0.022848969,255,1,576,576
8,0,100842.58,0.97317493,0.022848969,255,1,577,577
8,0,101047.59,0.96103898,0.022848969,255,1,578,578
8,0,101144.53,0.78364251,0.022848969,255,1,579,579
8,0,100830.66,0.97813515,0.022848969,255,1,580,580
8,0,100847.82,0.93108395,0.022848969,255,1,581,581
8,0,100820.44,0.97494672,0.022848969,255,1,582,582
8,0,101014.83,0.93739887,0.022848969,255,1,583,583
8,0,101253.98,0.9180988,0.022848969,255,1,584,584
8,0,101393.64,0.96382431,0.022848969,255,1,585,585
8,0,101366.91,0.89824037,0.022848969,255,1,586,586
8,0,101544.11,0.97436609,0.022848969,255,1,587,587
8,0,101493.29,0.99141816,0.022848969,255,1,588,588
8,0,101032.96,0.99854994,0.022848969,255,1,589,589
8,0,100879.9,0.96450362,0.022848969,255,1,590,590
8,0,100661.82,0.95855269,0.022848969,255,1,591,591
8,0,101304.95,0.83220161,0.022848969,255,1,592,592
8,0,101680.07,0.88024335,0.022848969,255,1,593,593
8,0,101285.81,0.98135696,0.022848969,255,1,594,594
8,0,101298.5,0.82912982,0.022848969,255,1,595,595
8,0,101146.7,0.92748618,0.022848969,255,1,596,596
8,0,100646.43,0.9552477,0.022848969,255,1,597,597
8,0,100584.11,0.94960138,0.022848969,255,1,598,598
8,0,100909.41,0.93043382,0.022848969,255,1,599,599
8,0,100889.19,0.83558224,0.022848969,255,1,600,600
8,0,100823.22,0.99708723,0.022848969,255,1,601,601
8,0,100402.87,0.97057043,0.022848969,255,1,602,602
8,0,100214.73,0.94980638,0.022848969,255,1,603,603
8,0,100233.8,0.99752442,0.022848969,255,1,604,604
8,0,100339.65,0.9501523,0.022848969,255,1,605,605
8,0,100812.61,0.81104265,0.022848969,255,1,606,606
8,0,100693.71,0.9794933,0.022848969,255,1,607,607
8,0,101067.79,0.87619227,0.022848969,255,1,608,608
8,0,100774.93,0.96927822,0.022848969,255,1,609,609
8,0,100852.21,0.94933234,0.022848969,255,1,610,610
8,0,100516.27,0.98103176,0.022848969,255,1,611,611
8,0,100997.09,0.91600156,0.022848969,255,1,612,612
8,0,100902.04,0.98960395,0.022848969,255,1,613,613
8,0,100805.63,0.92367994,0.022848969,255,1,614,614
8,0,101086.72,0.92264894,0.022848969,255,1,615,615
8,0,100960.03,0.84152055,0.022848969,255,1,616,616
8,0,100660.54,0.99194361,0.022848969,255,1,617,617
8,0,100796.97,0.90672675,0.022848969,255,1,618,618
8,0,100790.51,0.95057196,0.022848969,255,1,619,619
8,0,101091.1,0.86703806,0.022848969,255,1,620,620
8,0,100968.95,0.99585949,0.022848969,255,1,621,621
8,0,100950.19,0.90168063,0.022848969,255,1,622,622
8,0,100892.3,0.88067975,0.022848969,255,1,623,623
8,0,100607.97,0.99054851,0.022848969,255,1,624,624
8,0,100769.59,0.95220435,0.022848969,255,1,625,625
8,0,100992.48,0.92455118,0.022848969,255,1,626,626
8,0,101329.07,0.991448,0.022848969,255,1,627,627
8,0,101260.32,0.99510516,0.022848969,255,1,628,628
8,0,101374.43,0.97285922,0.022848969,255,1,629,629
8,0,101245.25,0.97597595,0.022848969,255,1,630,630
8,0,101069.88,0.91743756,0.022848969,255,1,631,631
8,0,100697.95,0.97614187,0.022848969,255,1,632,632
8,0,100707.39,0.83849129,0.022848969,255,1,633,633
8,0,100977.99,0.94380526,0.022848969,255,1,634,634
8,0,100687.63,0.99483034,0.022848969,255,1,635,635
8,0,100357.65,0.97518503,0.022848969,255,1,636,636
8,0,101221.78,0.86746232,0.022848969,255,1,637,637
8,0,101163.01,0.9163607,0.022848969,255,1,638,638
8,0,101310.54,0.94480027,0.022848969,255,1,639,639
8,0,101451.04,0.81049293,0.022848969,255,1,640,640
8,0,101210.62,0.98016924,0.022848969,255,1,641,641
8,0,100812.63,0.95407855,0.022848969,255,1,642,642
8,0,100500.9,0.94837401,0.022848969,255,1,643,643
8,0,100276.16,0.96352194,0.022848969,255,1,644,644
8,0,100389.06,0.87131987,0.022848969,255,1,645,645
8,0,100328.64,0.96845271,0.022848969,255,1,646,646
8,0,100314.62,0.99786814,0.022848969,255,1,647,647
8,0,100444.98,0.89266911,0.022848969,255,1,648,648
8,0,100758.91,0.70503456,0.022848969,255,1,649,649
8,0,101008.92,0.97565299,0.022848969,255,1,650,650
8,0,100796.43,0.89446337,0.022848969,255,1,651,651
8,0,100924.87,0.78762138,0.022848969,255,1,652,652
8,0,101294.89,0.78791735,0.022848969,255,1,653,653
8,0,101129.22,0.97416788,0.022848969,255,1,654,654
8,0,101145.75,0.94516687,0.022848969,255,1,655,655
8,0,100829.37,0.92699376,0.022848969,255,1,656,656
8,0,101196.72,0.99732157,0.022848969,255,1,657,657
8,0,100606.04,0.87291708,0.022848969,255,1,658,658
8,0,100557.95,0.94564899,0.022848969,255,1,659,659
8,0,101016.35,0.89895193,0.022848969,255,1,660,660
8,0,100618.5,0.92069471,0.022848969,255,1,661,661
8,0,100753.92,0.9982702,0.022848969,255,1,662,662
8,0,100709.51,0.99353091,0.022848969,255,1,663,663
8,0,100665.76,0.97763138,0.022848969,255,1,664,664
8,0,100203.61,0.92093245,0.022848969,255,1,665,665
8,0,101062.85,0.97834154,0.022848969,255,1,666,666
8,0,100987.98,0.82002904,0.022848969,255,1,667,667
8,0,100518.76,0.99087212,0.022848969,255,1,668,668
8,0,100253.56,0.99214812,0.022848969,255,1,669,669
8,0,100773.39,0.79533073,0.022848969,255,1,670,670
8,0,100988.39,0.90128085,0.022848969,255,1,671,671
8,0,101748.96,0.99405586,0.022848969,255,1,672,672
8,0,101477.63,0.99538703,0.022848969,255,1,673,673
8,0,100859.79,0.80055194,0.022848969,255,1,674,674
8,0,101073.19,0.99133179,0.022848969,255,1,675,675
8,0,101065.64,0.93763285,0.022848969,255,1,676,676
8,0,101129.24,0.97807536,0.022848969,255,1,677,677
8,0,100931.39,0.9689309,0.022848969,255,1,678,678
8,0,100948.48,0.92848341,0.022848969,255,1,679,679
8,0,101120.51,0.93053748,0.022848969,255,1,680,680
8,0,100824.08,0.96824088,0.022848969,255,1,681,681
8,0,100929.17,0.96385304,0.022848969,255,1,682,682
8,0,100690.61,0.99664287,0.022848969,255,1,683,683
8,0,100847.95,0.91662101,0.022848969,255,1,684,684
8,0,101134.51,0.91412857,0.022848969,255,1,685,685
8,0,101141.09,0.9593016,0.022848969,255,1,686,686
8,0,100739.95,0.94921411,0.022848969,255,1,687,687
8,0,100165.57,0.99505296,0.022848969,255,1,688,688
8,0,100371.91,0.9924433,0.022848969,255,1,689,689
8,0,101069.58,0.98560354,0.022848969,255,1,690,690
8,0,101539.6,0.88651572,0.022848969,255,1,691,691
8,0,101230.85,0.9229365,0.022848969,255,1,692,692
8,0,101349.91,0.92169683,0.022848969,255,1,693,693
8,0,101306.43,0.95372882,0.022848969,255,1,694,694
8,0,101175.12,0.87681153,0.022848969,255,1,695,695
8,0,101110.08,0.98539793,0.022848969,255,1,696,696
8,0,101163.14,0.87738902,0.022848969,255,1,697,697
8,0,101302.62,0.94141502,0.022848969,255,1,698,698
8,0,101097.32,0.8444573,0.022848969,255,1,699,699
8,0,101343.45,0.96458674,0.022848969,255,1,700,700
8,0,101324.39,0.91295026,0.022848969,255,1,701,701
8,0,101392.52,0.99036074,0.022848969,255,1,702,702
8,0,101044.9,0.91642401,0.022848969,255,1,703,703
8,0,100883.83,0.94680568,0.022848969,255,1,704,704
8,0,101068.88,0.82799015,0.022848969,255,1,705,705
8,0,101178.75,0.91312055,0.022848969,255,1,706,706
8,0,101295.73,0.94939282,0.022848969,255,1,707,707
8,0,100773.03,0.87333276,0.022848969,255,1,708,708
8,0,100837.49,0.91176331,0.022848969,255,1,709,709
8,0,100952.86,0.89410525,0.022848969,255,1,710,710
8,0,100765.34,0.98359097,0.022848969,255,1,711,711
8,0,100417.81,0.98258438,0.022848969,255,1,712,712
8,0,100416.17,0.93420302,0.022848969,255,1,713,713
8,0,100205.15,0.99427434,0.022848969,255,1,714,714
8,0,100334.3,0.93420687,0.022848969,255,1,715,715
8,0,100552.69,0.9182234,0.022848969,255,1,716,716
8,0,100981.91,0.96265242,0.022848969,255,1,717,717
8,0,100936.03,0.97062048,0.022848969,255,1,718,718
8,0,101097.57,0.93543082,0.022848969,255,1,719,719
8,0,101254.52,0.90655901,0.022848969,255,1,720,720
8,0,101222.76,0.79501316,0.022848969,255,1,721,721
8,0,101285.92,0.89464283,0.022848969,255,1,722,722
8,0,101251.03,0.97503099,0.022848969,255,1,723,723
8,0,101586.66,0.96462533,0.022848969,255,1,724,724
8,0,101719.32,0.85607049,0.022848969,255,1,725,725
8,0,101518.75,0.98652624,0.022848969,255,1,726,726
8,0,101247.5,0.99781285,0.022848969,255,1,727,727
8,0,101008.51,0.95114323,0.022848969,255,1,728,728
8,0,100791.56,0.96271332,0.022848969,255,1,729,729
8,0,100801.5,0.93152729,0.022848969,255,1,730,730
8,0,100674.94,0.98567888,0.022848969,255,1,731,731
8,0,101036.52,0.83624272,0.022848969,255,1,732,732
8,0,100792.56,0.99327435,0.022848969,255,1,733,733
8,0,101149.81,0.93649454,0.022848969,255,1,734,734
8,0,100923.02,0.91383644,0.022848969,255,1,735,735
8,0,100170.29,0.99315446,0.022848969,255,1,736,736
8,0,100898.03,0.87630631,0.022848969,255,1,737,737
8,0,101027.73,1,0.022848969,255,1,738,738
8,0,101161.8,0.93672244,0.022848969,255,1,739,739
8,0,101028.68,0.92722101,0.022848969,255,1,740,740
8,0,101019.96,0.89389594000000006,0.022848969,255,1,741,741
8,0,100925.15,0.91684114,0.022848969,255,1,742,742
8,0,100817.97,0.99377533,0.022848969,255,1,743,743
8,0,100598.42,0.97823716,0.022848969,255,1,744,744
8,0,100392.65,0.87213991,0.022848969,255,1,745,745
8,0,100966.81,0.98219783,0.022848969,255,1,746,746
8,0,101304.23,0.99624911,0.022848969,255,1,747,747
8,0,101182.65,0.99061894,0.022848969,255,1,748,748
8,0,101507.23,0.92905269,0.022848969,255,1,749,749
8,0,101532.44,0.9395344,0.022848969,255,1,750,750
8,0,101634.77,0.99416749,0.022848969,255,1,751,751
8,0,101019.09,0.97931507,0.022848969,255,1,752,752
8,0,101017.42,0.92013529,0.022848969,255,1,753,753
8,0,100934.2,0.77887485,0.022848969,255,1,754,754
8,0,100841.87,0.98377419,0.022848969,255,1,755,755
8,0,100739.74,0.92905437,0.022848969,255,1,756,756
8,0,101055.94,0.99787745,0.022848969,255,1,757,757
8,0,100986.89,0.9093177,0.022848969,255,1,758,758
8,0,100999.06,0.9453653,0.022848969,255,1,759,759
8,0,100868.39,0.81523624,0.022848969,255,1,760,760
8,0,101081.14,0.90797993,0.022848969,255,1,761,761
8,0,101216.98,0.93538668,0.022848969,255,1,762,762
8,0,101054.93,0.99205136,0.022848969,255,1,763,763
8,0,101229.15,0.97174976,0.022848969,255,1,764,764
8,0,101335.37,0.97152831,0.022848969,255,1,765,765
8,0,101410.3,0.99894264,0.022848969,255,1,766,766
8,0,101068.45,0.91891785,0.022848969,255,1,767,767
8,0,101088.19,0.93440503,0.022848969,255,1,768,768
8,0,101006.18,0.96332697,0.022848969,255,1,769,769
8,0,101239.73,0.99782825,0.022848969,255,1,770,770
8,0,100769.84,0.94400488,0.022848969,255,1,771,771
8,0,100798.34,0.92788792,0.022848969,255,1,772,772
8,0,100649.85,0.9741627,0.022848969,255,1,773,773
8,0,100816.4,0.95563073,0.022848969,255,1,774,774
8,0,100941.94,0.97730856,0.022848969,255,1,775,775
8,0,100591.15,0.91720479,0.022848969,255,1,776,776
8,0,100867.07,0.94310622,0.022848969,255,1,777,777
8,0,100943.53,0.91240972,0.022848969,255,1,778,778
8,0,100781.3,0.95856045,0.022848969,255,1,779,779
8,0,100768.7,0.94637615,0.022848969,255,1,780,780
8,0,100928.85,0.94862486,0.022848969,255,1,781,781
8,0,101257.69,0.96227459,0.022848969,255,1,782,782
8,0,101240.49,0.94045451,0.022848969,255,1,783,783
8,0,100700.41,0.95132452,0.022848969,255,1,784,784
8,0,101184.75,0.95240975,0.022848969,255,1,785,785
8,0,101738.46,0.79239942,0.022848969,255,1,786,786
8,0,101752.06,0.95200884,0.022848969,255,1,787,787
8,0,101692.29,0.94083708,0.022848969,255,1,788,788
8,0,101311.66,0.94335649,0.022848969,255,1,789,789
8,0,101007.11,0.96495556,0.022848969,255,1,790,790
8,0,100962.73,0.96561287,0.022848969,255,1,791,791
8,0,101175.72,0.918006,0.022848969,255,1,792,792
8,0,100761.86,0.99778769,0.022848969,255,1,793,793
8,0,100867.48,0.93122182,0.022848969,255,1,794,794
8,0,100769.18,0.96079074,0.022848969,255,1,795,795
8,0,100973.35,0.94029711,0.022848969,255,1,796,796
8,0,101004.03,0.95915664,0.022848969,255,1,797,797
8,0,101119.75,0.95822402,0.022848969,255,1,798,798
8,0,100840.18,0.99954884,0.022848969,255,1,799,799
8,0,100318.28,0.95381961,0.022848969,255,1,800,800
8,0,100541.25,0.95886657,0.022848969,255,1,801,801
8,0,100405.53,0.87983897,0.022848969,255,1,802,802
8,0,100572.45,0.94083157,0.022848969,255,1,803,803
8,0,100683.15,0.91563533,0.022848969,255,1,804,804
8,0,100719.58,0.89919042,0.022848969,255,1,805,805
8,0,100694.18,0.99125867,0.022848969,255,1,806,806
8,0,100978.43,0.76197649,0.022848969,255,1,807,807
8,0,100950.1,0.95808929,0.022848969,255,1,808,808
8,0,101229.1,0.89113231,0.022848969,255,1,809,809
8,0,101492.61,0.912445,0.022848969,255,1,810,810
8,0,101267.61,0.99560708,0.022848969,255,1,811,811
8,0,101450.13,0.84840143,0.022848969,255,1,812,812
8,0,101363.04,0.88127528,0.022848969,255,1,813,813
8,0,101541.85,0.83062552,0.022848969,255,1,814,814
8,0,101628.27,0.87891229,0.022848969,255,1,815,815
8,0,101292.97,0.93562954,0.022848969,255,1,816,816
8,0,101317.54,0.99669019,0.022848969,255,1,817,817
8,0,101113.4,0.99835474,0.022848969,255,1,818,818
8,0,100731.63,0.99208813,0.022848969,255,1,819,819
8,0,100905.68,0.93955358,0.022848969,255,1,820,820
8,0,100674.65,0.9980902,0.022848969,255,1,821,821
8,0,100612.04,0.96105661,0.022848969,255,1,822,822
8,0,100656.4,0.93927316,0.022848969,255,1,823,823
8,0,100979.63,0.98493115,0.022848969,255,1,824,824
8,0,101080.74,0.99786654,0.022848969,255,1,825,825
8,0,100940.75,0.91943945,0.022848969,255,1,826,826
8,0,100964.94,0.96370526,0.022848969,255,1,827,827
8,0,101048.65,0.9021433,0.022848969,255,1,828,828
8,0,100671.57,0.99179353,0.022848969,255,1,829,829
8,0,100728.72,0.95083018,0.022848969,255,1,830,830
8,0,100723.64,0.92941811,0.022848969,255,1,831,831
8,0,100875.5,0.79111635,0.022848969,255,1,832,832
8,0,101850.16,0.84712115,0.022848969,255,1,833,833
8,0,101869.98,0.99866282,0.022848969,255,1,834,834
8,0,102105.84,0.96143207,0.022848969,255,1,835,835
8,0,101549.74,0.99677319,0.022848969,255,1,836,836
8,0,101567.38,0.8628105,0.022848969,255,1,837,837
8,0,101448.01,0.98937976,0.022848969,255,1,838,838
8,0,101301.32,0.99848616,0.022848969,255,1,839,839
8,0,101317.89,0.95554208,0.022848969,255,1,840,840
8,0,101556.53,0.99781068,0.022848969,255,1,841,841
8,0,101688.66,0.92359593,0.022848969,255,1,842,842
8,0,101281.97,0.96304004,0.022848969,255,1,843,843
8,0,101025.04,0.99566879,0.022848969,255,1,844,844
8,0,101132.23,0.86344525,0.022848969,255,1,845,845
8,0,100919.45,0.92701279,0.022848969,255,1,846,846
8,0,100707.16,0.99794008,0.022848969,255,1,847,847
8,0,100503.77,0.98203915,0.022848969,255,1,848,848
8,0,100456.09,0.96803366,0.022848969,255,1,849,849
8,0,100639.93,0.92062843,0.022848969,255,1,850,850
8,0,100912.66,0.94160171,0.022848969,255,1,851,851
8,0,100978.28,0.9284562,0.022848969,255,1,852,852
8,0,100738.02,0.9142207,0.022848969,255,1,853,853
8,0,100999.06,0.96297069,0.022848969,255,1,854,854
8,0,101095.45,0.97251745,0.022848969,255,1,855,855
8,0,100858.47,0.99357377,0.022848969,255,1,856,856
8,0,101202.18,0.87305419,0.022848969,255,1,857,857
8,0,101120.05,0.94794936,0.022848969,255,1,858,858
8,0,101137.91,0.9940013,0.022848969,255,1,859,859
8,0,101067.39,0.96757243,0.022848969,255,1,860,860
8,0,100798.94,0.93868083,0.022848969,255,1,861,861
8,0,100983.2,0.99945306,0.022848969,255,1,862,862
8,0,100401.01,0.85606386,0.022848969,255,1,863,863
8,0,100677.92,0.9509239,0.022848969,255,1,864,864
8,0,100764.77,0.93063219,0.022848969,255,1,865,865
8,0,101083.12,0.93095628,0.022848969,255,1,866,866
8,0,100930.63,0.99580474,0.022848969,255,1,867,867
8,0,100940.09,0.91145406,0.022848969,255,1,868,868
8,0,101262.36,0.95460527,0.022848969,255,1,869,869
8,0,100926.12,0.9989832,0.022848969,255,1,870,870
8,0,100790.79,0.95954347,0.022848969,255,1,871,871
8,0,100568.42,0.99320614,0.022848969,255,1,872,872
8,0,100437.5,0.97747195,0.022848969,255,1,873,873
8,0,100961.67,0.97436696,0.022848969,255,1,874,874
8,0,101219.6,0.94715041,0.022848969,255,1,875,875
8,0,101357.08,0.98818992,0.022848969,255,1,876,876
8,0,101536.59,0.96618775,0.022848969,255,1,877,877
8,0,102102.37,0.86401004,0.022848969,255,1,878,878
8,0,101693.41,0.91796373,0.022848969,255,1,879,879
8,0,101104.46,0.9861199,0.022848969,255,1,880,880
8,0,100945.83,0.98654055,0.022848969,255,1,881,881
8,0,100953.25,0.99202604,0.022848969,255,1,882,882
8,0,100946.67,0.94615388,0.022848969,255,1,883,883
8,0,100691.69,0.99988988,0.022848969,255,1,884,884
8,0,100816.47,0.93908099,0.022848969,255,1,885,885
8,0,100665.74,0.81369528,0.022848969,255,1,886,886
8,0,100474.23,0.97582021,0.022848969,255,1,887,887
8,0,100536.61,0.97105838,0.022848969,255,1,888,888
8,0,100877.88,0.99066558,0.022848969,255,1,889,889
8,0,100673.71,0.83387643,0.022848969,255,1,890,890
8,0,100849.92,0.9837997,0.022848969,255,1,891,891
8,0,100943.13,0.96337352,0.022848969,255,1,892,892
8,0,101060.15,0.9760994,0.022848969,255,1,893,893
8,0,100719.85,0.99830222,0.022848969,255,1,894,894
8,0,100633.2,0.98952486,0.022848969,255,1,895,895
8,0,101128.16,0.965359,0.022848969,255,1,896,896
8,0,101254.79,0.93095023,0.022848969,255,1,897,897
8,0,101213.93,0.99822511,0.022848969,255,1,898,898
8,0,101323.27,0.94618265,0.022848969,255,1,899,899
8,0,100979.08,0.98056342,0.022848969,255,1,900,900
8,0,100856.58,0.99225862,0.022848969,255,1,901,901
8,0,100616.15,0.99969746,0.022848969,255,1,902,902
8,0,100883.51,0.9328152,0.022848969,255,1,903,903
8,0,100657.73,0.98883536,0.022848969,255,1,904,904
8,0,100872.5,0.96155261,0.022848969,255,1,905,905
8,0,100918.61,0.84056832,0.022848969,255,1,906,906
8,0,101371.13,0.98618248,0.022848969,255,1,907,907
8,0,101558.11,0.97869016,0.022848969,255,1,908,908
8,0,101088.11,0.93553674,0.022848969,255,1,909,909
8,0,101078.08,0.96431128,0.022848969,255,1,910,910
8,0,101204.63,0.96312872,0.022848969,255,1,911,911
8,0,101503.86,0.97450346,0.022848969,255,1,912,912
8,0,101126.33,0.97726541,0.022848969,255,1,913,913
8,0,101504.16,0.9391996,0.022848969,255,1,914,914
8,0,101197.34,0.90563129,0.022848969,255,1,915,915
8,0,101007.94,0.99472217,0.022848969,255,1,916,916
8,0,100659.78,0.98656319,0.022848969,255,1,917,917
8,0,100828.94,0.97328792,0.022848969,255,1,918,918
8,0,100513.43,0.96285293,0.022848969,255,1,919,919
8,0,100699.09,0.98070679,0.022848969,255,1,920,920
8,0,101123.25,0.87228341,0.022848969,255,1,921,921
8,0,101235.91,0.99298367,0.022848969,255,1,922,922
8,0,101184.61,0.96880492,0.022848969,255,1,923,923
8,0,100947.72,0.97950887,0.022848969,255,1,924,924
8,0,101277.26,0.75079683,0.022848969,255,1,925,925
8,0,101347.84,0.99956749,0.022848969,255,1,926,926
8,0,101175.74,0.86952613,0.022848969,255,1,927,927
8,0,101199.16,0.98480189,0.022848969,255,1,928,928
8,0,101345.99,0.92987631,0.022848969,255,1,929,929
8,0,101186.62,0.99039912,0.022848969,255,1,930,930
8,0,101050.64,0.9686207,0.022848969,255,1,931,931
8,0,101206.57,0.97686678,0.022848969,255,1,932,932
8,0,101294,0.94583566,0.022848969,255,1,933,933
8,0,101528.96,0.86355397,0.022848969,255,1,934,934
8,0,101670.6,0.9169837,0.022848969,255,1,935,935
8,0,101564.15,0.99498467,0.022848969,255,1,936,936
8,0,101442.85,0.9247241,0.022848969,255,1,937,937
8,0,100849.27,0.81193333,0.022848969,255,1,938,938
8,0,101074.56,0.87910069,0.022848969,255,1,939,939
8,0,101382.25,0.95898752,0.022848969,255,1,940,940
8,0,101033.93,0.97501306,0.022848969,255,1,941,941
8,0,100857.68,0.9035256,0.022848969,255,1,942,942
8,0,101463.14,0.99695871,0.022848969,255,1,943,943
8,0,101098.65,0.926117,0.022848969,255,1,944,944
8,0,101219.12,0.96421706,0.022848969,255,1,945,945
8,0,100892.83,0.99678792,0.022848969,255,1,946,946
8,0,101079.76,0.95103387,0.022848969,255,1,947,947
8,0,101005.89,0.94250359,0.022848969,255,1,948,948
8,0,100969.31,0.99711584,0.022848969,255,1,949,949
8,0,100926.46,0.99885122,0.022848969,255,1,950,950
8,0,100838.04,0.93759694,0.022848969,255,1,951,951
8,0,100874.37,0.84397734,0.022848969,255,1,952,952
8,0,101000.74,0.9479941,0.022848969,255,1,953,953
8,0,101134.8,0.87620759,0.022848969,255,1,954,954
8,0,100621.86,0.86377726,0.022848969,255,1,955,955
8,0,100381.77,0.96888538,0.022848969,255,1,956,956
8,0,101081.83,0.87401086,0.022848969,255,1,957,957
8,0,100864.48,0.9596267,0.022848969,255,1,958,958
8,0,100806.56,0.98167566,0.022848969,255,1,959,959
8,0,101159.78,0.99230253,0.022848969,255,1,960,960
8,0,100933.1,0.98458214,0.022848969,255,1,961,961
8,0,101134.09,0.87607705,0.022848969,255,1,962,962
8,0,101553.04,0.9735196,0.022848969,255,1,963,963
8,0,100984.67,0.99201861,0.022848969,255,1,964,964
8,0,100413.25,0.93958924,0.022848969,255,1,965,965
8,0,100489.6,0.95060051,0.022848969,255,1,966,966
8,0,100652.8,0.94017605,0.022848969,255,1,967,967
8,0,100903.87,0.90424251,0.022848969,255,1,968,968
8,0,100687.23,0.94538499,0.022848969,255,1,969,969
8,0,100586.1,0.99943133,0.022848969,255,1,970,970
8,0,100345.59,0.99419946,0.022848969,255,1,971,971
8,0,100585.05,0.86603379,0.022848969,255,1,972,972
8,0,100678.6,0.96427198,0.022848969,255,1,973,973
8,0,100777.07,0.92441771,0.022848969,255,1,974,974
8,0,100715.8,0.99088598,0.022848969,255,1,975,975
8,0,100128.67,0.99991319,0.022848969,255,1,976,976
8,0,100229.53,0.99574869,0.022848969,255,1,977,977
8,0,100609.26,0.96147477,0.022848969,255,1,978,978
8,0,100616.56,0.95979899,0.022848969,255,1,979,979
8,0,101024.15,0.96276471,0.022848969,255,1,980,980
8,0,101162.89,0.9848932,0.022848969,255,1,981,981
8,0,100817.79,0.92442896,0.022848969,255,1,982,982
8,0,101085.06,0.93018732,0.022848969,255,1,983,983
8,0,101089.38,0.9839226,0.022848969,255,1,984,984
8,0,101573.99,0.78113619,0.022848969,255,1,985,985
8,0,101089.98,0.95987843,0.022848969,255,1,986,986
8,0,100810,0.95330487,0.022848969,255,1,987,987
8,0,100866.27,0.81014382,0.022848969,255,1,988,988
8,0,101272.1,0.99885868,0.022848969,255,1,989,989
8,0,100799.59,0.98859386,0.022848969,255,1,990,990
8,0,100804.52,0.73048579,0.022848969,255,1,991,991
8,0,101152.33,0.96861416,0.022848969,255,1,992,992
8,0,100873.79,0.98080878,0.022848969,255,1,993,993
8,0,100423.22,0.95964834,0.022848969,255,1,994,994
8,0,100210.27,0.89034064,0.022848969,255,1,995,995
8,0,100258.34,0.98134337,0.022848969,255,1,996,996
8,0,100184.23,0.99792436,0.022848969,255,1,997,997
8,0,100404.79,0.9490448,0.022848969,255,1,998,998
8,0,100141.29,0.81370162,0.022848969,255,1,999,999
8,0,100326.29,0.94998105,0.022848969,255,1,1000,1000
8,0,100594.61,0.97775249,0.022912936,255,2,1,1001
8,0,101031.8,0.95316445,0.022912936,255,2,2,1002
8,0,101263.9,0.97675877,0.022912936,255,2,3,1003
8,0,101323.12,0.91618042,0.022912936,255,2,4,1004
8,0,101412.84,0.98720924,0.022912936,255,2,5,1005
8,0,101023.63,0.99524141,0.022912936,255,2,6,1006
8,0,100929.75,0.98486783,0.022912936,255,2,7,1007
8,0,101010.14,0.99862231,0.022912936,255,2,8,1008
8,0,101229.45,0.93780457,0.022912936,255,2,9,1009
8,0,101507.93,0.96983132,0.022912936,255,2,10,1010
8,0,101346.39,0.9982408,0.022912936,255,2,11,1011
8,0,101752.47,0.92560348,0.022912936,255,2,12,1012
8,0,101712,0.95709946,0.022912936,255,2,13,1013
8,0,101354.7,0.96561781,0.022912936,255,2,14,1014
8,0,101223.43,0.96125347,0.022912936,255,2,15,1015
8,0,101062.47,0.90017634,0.022912936,255,2,16,1016
8,0,101043.65,0.98997456,0.022912936,255,2,17,1017
8,0,101022.25,0.99678791,0.022912936,255,2,18,1018
8,0,101053.43,0.96075588,0.022912936,255,2,19,1019
8,0,100797.1,0.90687728,0.022912936,255,2,20,1020
8,0,100891.71,0.96202283,0.022912936,255,2,21,1021
8,0,100814.19,0.89411969,0.022912936,255,2,22,1022
8,0,100812.76,0.98689644,0.022912936,255,2,23,1023
8,0,100648.89,0.9814233,0.022912936,255,2,24,1024
8,0,100475.95,0.9699877,0.022912936,255,2,25,1025
8,0,100501.64,0.94371804,0.022912936,255,2,26,1026
8,0,100509,0.94315396,0.022912936,255,2,27,1027
8,0,100156.98,0.94234795,0.022912936,255,2,28,1028
8,0,100394.09,0.96206359,0.022912936,255,2,29,1029
8,0,100774.14,0.88722874,0.022912936,255,2,30,1030
8,0,100920.37,0.95204934,0.022912936,255,2,31,1031
8,0,100723.59,0.97871071,0.022912936,255,2,32,1032
8,0,100938.67,0.80041062,0.022912936,255,2,33,1033
8,0,101071.25,0.97424686,0.022912936,255,2,34,1034
8,0,100776.95,0.99157162,0.022912936,255,2,35,1035
8,0,100540.05,0.980284,0.022912936,255,2,36,1036
8,0,100670.85,0.96906266,0.022912936,255,2,37,1037
8,0,100834.47,0.9819312,0.022912936,255,2,38,1038
8,0,100679.48,0.97776953,0.022912936,255,2,39,1039
8,0,101066.14,0.99697461,0.022912936,255,2,40,1040
8,0,101203.99,0.93005808,0.022912936,255,2,41,1041
8,0,101033.68,0.96991557,0.022912936,255,2,42,1042
8,0,100851.35,0.82672067,0.022912936,255,2,43,1043
8,0,100373.19,0.97524975,0.022912936,255,2,44,1044
8,0,100278.87,0.93842485,0.022912936,255,2,45,1045
8,0,100427.77,0.93272665,0.022912936,255,2,46,1046
8,0,100337.13,0.76078604,0.022912936,255,2,47,1047
8,0,100590.81,0.98570724,0.022912936,255,2,48,1048
8,0,100488.9,0.99998652,0.022912936,255,2,49,1049
8,0,100635.18,0.84057018,0.022912936,255,2,50,1050
8,0,101040.46,0.95359054,0.022912936,255,2,51,1051
8,0,101239.56,0.90780877,0.022912936,255,2,52,1052
8,0,101284.88,0.83320683,0.022912936,255,2,53,1053
8,0,100666.86,0.99876055,0.022912936,255,2,54,1054
8,0,100401.92,0.98819021,0.022912936,255,2,55,1055
8,0,100447.18,0.95429024,0.022912936,255,2,56,1056
8,0,100248.11,0.88047269,0.022912936,255,2,57,1057
8,0,100353.28,0.97582142,0.022912936,255,2,58,1058
8,0,100558.68,0.95607075,0.022912936,255,2,59,1059
8,0,100691.2,0.95660387,0.022912936,255,2,60,1060
8,0,100535.61,0.92048796,0.022912936,255,2,61,1061
8,0,100298.75,0.88158833,0.022912936,255,2,62,1062
8,0,100453.83,0.80665659,0.022912936,255,2,63,1063
8,0,100642.7,0.99521948,0.022912936,255,2,64,1064
8,0,101020.37,0.90168072,0.022912936,255,2,65,1065
8,0,101236.88,0.86276526,0.022912936,255,2,66,1066
8,0,101231.99,0.8340899,0.022912936,255,2,67,1067
8,0,100725.95,0.99672178,0.022912936,255,2,68,1068
8,0,100802.26,0.94470242,0.022912936,255,2,69,1069
8,0,100945.49,0.98561525,0.022912936,255,2,70,1070
8,0,100944.72,0.97246196,0.022912936,255,2,71,1071
8,0,101034.61,0.97882622,0.022912936,255,2,72,1072
8,0,100835.38,0.96728862,0.022912936,255,2,73,1073
8,0,101291.29,0.99333236,0.022912936,255,2,74,1074
8,0,101322.66,0.92999236,0.022912936,255,2,75,1075
8,0,101562.22,0.98742891,0.022912936,255,2,76,1076
8,0,101599.2,0.92062074,0.022912936,255,2,77,1077
8,0,101351,0.9659373,0.022912936,255,2,78,1078
8,0,100667.94,0.98897058,0.022912936,255,2,79,1079
8,0,100671.86,0.97985707,0.022912936,255,2,80,1080
8,0,100256.43,0.92978979,0.022912936,255,2,81,1081
8,0,100519.61,0.92554706,0.022912936,255,2,82,1082
8,0,100624.93,0.94895919,0.022912936,255,2,83,1083
8,0,100781.26,0.98488877,0.022912936,255,2,84,1084
8,0,100827.31,0.97968546,0.022912936,255,2,85,1085
8,0,100692.88,0.99571659,0.022912936,255,2,86,1086
8,0,100825.61,0.96626348,0.022912936,255,2,87,1087
8,0,100737.87,0.9896049,0.022912936,255,2,88,1088
8,0,100809.37,0.93428998,0.022912936,255,2,89,1089
8,0,100740.62,0.96666112,0.022912936,255,2,90,1090
8,0,100970.76,0.93913542,0.022912936,255,2,91,1091
8,0,101243.14,0.93093168,0.022912936,255,2,92,1092
8,0,101221.9,0.96820793,0.022912936,255,2,93,1093
8,0,101660.34,0.97834779,0.022912936,255,2,94,1094
8,0,101230.91,0.98366041,0.022912936,255,2,95,1095
8,0,101300.35,0.95542564,0.022912936,255,2,96,1096
8,0,101147.64,0.97702824,0.022912936,255,2,97,1097
8,0,101329.65,0.8784285,0.022912936,255,2,98,1098
8,0,101510.89,0.99774642,0.022912936,255,2,99,1099
8,0,101767.77,0.90794618,0.022912936,255,2,100,1100
8,0,101848.65,0.97235463,0.022912936,255,2,101,1101
8,0,101866.71,0.91605137,0.022912936,255,2,102,1102
8,0,101444.28,0.93833624,0.022912936,255,2,103,1103
8,0,100914.01,0.99202036,0.022912936,255,2,104,1104
8,0,100989.4,0.71394668,0.022912936,255,2,105,1105
8,0,100270.26,0.91985798,0.022912936,255,2,106,1106
8,0,100037.53,0.94603356,0.022912936,255,2,107,1107
8,0,100561.94,0.93266584,0.022912936,255,2,108,1108
8,0,100770.87,0.9899879,0.022912936,255,2,109,1109
8,0,100855.15,0.97002536,0.022912936,255,2,110,1110
8,0,100573.27,0.94808307,0.022912936,255,2,111,1111
8,0,100689.14,0.95641313,0.022912936,255,2,112,1112
8,0,101273.69,0.86107766,0.022912936,255,2,113,1113
8,0,101008.37,0.98574369,0.022912936,255,2,114,1114
8,0,100776.93,0.99811404,0.022912936,255,2,115,1115
8,0,101083.48,0.97350508,0.022912936,255,2,116,1116
8,0,101007.49,0.89761899,0.022912936,255,2,117,1117
8,0,100925.01,0.94698432,0.022912936,255,2,118,1118
8,0,101151.82,0.88833478,0.022912936,255,2,119,1119
8,0,100896.13,0.95065377,0.022912936,255,2,120,1120
8,0,101070.27,0.85404022,0.022912936,255,2,121,1121
8,0,101033.51,0.94169699,0.022912936,255,2,122,1122
8,0,100981.75,0.89552314,0.022912936,255,2,123,1123
8,0,101326.73,0.95920944,0.022912936,255,2,124,1124
8,0,100949.66,0.89666248,0.022912936,255,2,125,1125
8,0,100656.4,0.94897269,0.022912936,255,2,126,1126
8,0,100759.59,0.98157248,0.022912936,255,2,127,1127
8,0,100861.2,0.97717405,0.022912936,255,2,128,1128
8,0,101191.97,0.93865405,0.022912936,255,2,129,1129
8,0,101198.79,0.89359357,0.022912936,255,2,130,1130
8,0,101098.32,0.88201146,0.022912936,255,2,131,1131
8,0,100675.78,0.92616203,0.022912936,255,2,132,1132
8,0,100866.9,0.81002902,0.022912936,255,2,133,1133
8,0,100975.66,0.99783892,0.022912936,255,2,134,1134
8,0,100721.15,0.99806217,0.022912936,255,2,135,1135
8,0,100494.25,0.92210455,0.022912936,255,2,136,1136
8,0,100938.13,0.98651506,0.022912936,255,2,137,1137
8,0,101030.74,0.92167006,0.022912936,255,2,138,1138
8,0,101210.72,0.91587542,0.022912936,255,2,139,1139
8,0,101368.48,0.94075058,0.022912936,255,2,140,1140
8,0,101357.81,0.97693259,0.022912936,255,2,141,1141
8,0,101157.12,0.88890406,0.022912936,255,2,142,1142
8,0,101034.16,0.98110182,0.022912936,255,2,143,1143
8,0,101544.94,0.99266056,0.022912936,255,2,144,1144
8,0,101342.83,0.90401132,0.022912936,255,2,145,1145
8,0,101326,0.96155764,0.022912936,255,2,146,1146
8,0,101086.54,0.96276868,0.022912936,255,2,147,1147
8,0,101172.31,0.98523831,0.022912936,255,2,148,1148
8,0,101307.4,0.9601941,0.022912936,255,2,149,1149
8,0,101170.62,0.99212029,0.022912936,255,2,150,1150
8,0,101060.27,0.91303141,0.022912936,255,2,151,1151
8,0,100913.22,0.95231662,0.022912936,255,2,152,1152
8,0,100922.12,0.95860318,0.022912936,255,2,153,1153
8,0,100720.77,0.99857376,0.022912936,255,2,154,1154
8,0,100572.7,0.99483074,0.022912936,255,2,155,1155
8,0,100778.66,0.93182666,0.022912936,255,2,156,1156
8,0,101036.28,0.98462995,0.022912936,255,2,157,1157
8,0,101064.69,0.89042781,0.022912936,255,2,158,1158
8,0,101219.48,0.95908536,0.022912936,255,2,159,1159
8,0,101530.33,0.87683129,0.022912936,255,2,160,1160
8,0,101490.72,0.87968111,0.022912936,255,2,161,1161
8,0,101565.03,0.93405162,0.022912936,255,2,162,1162
8,0,101205.19,0.98010513,0.022912936,255,2,163,1163
8,0,101261.72,0.97482034,0.022912936,255,2,164,1164
8,0,101227.58,0.9581532,0.022912936,255,2,165,1165
8,0,101232.71,0.97124375,0.022912936,255,2,166,1166
8,0,101277.76,0.96482873,0.022912936,255,2,167,1167
8,0,101243.9,0.98220337,0.022912936,255,2,168,1168
8,0,101530.59,0.92831178,0.022912936,255,2,169,1169
8,0,101039.51,0.99664025,0.022912936,255,2,170,1170
8,0,101184.02,0.9809025,0.022912936,255,2,171,1171
8,0,101334.72,0.96915311,0.022912936,255,2,172,1172
8,0,101330.42,0.99702954,0.022912936,255,2,173,1173
8,0,101277.35,0.88684897,0.022912936,255,2,174,1174
8,0,101410.39,0.94204736,0.022912936,255,2,175,1175
8,0,101718.87,0.77496803,0.022912936,255,2,176,1176
8,0,101252.71,0.94188601,0.022912936,255,2,177,1177
8,0,100747.92,0.94912806,0.022912936,255,2,178,1178
8,0,100832.93,0.9458116,0.022912936,255,2,179,1179
8,0,100734.35,0.90037983,0.022912936,255,2,180,1180
8,0,101010.94,0.83700605,0.022912936,255,2,181,1181
8,0,101487.76,0.96880505,0.022912936,255,2,182,1182
8,0,101239.94,0.996361,0.022912936,255,2,183,1183
8,0,101210.39,0.9238207,0.022912936,255,2,184,1184
8,0,100860.62,0.93799266,0.022912936,255,2,185,1185
8,0,100719.53,0.92060904,0.022912936,255,2,186,1186
8,0,100814.53,0.9132193,0.022912936,255,2,187,1187
8,0,100375.82,0.91779744,0.022912936,255,2,188,1188
8,0,99953.94,0.99784581,0.022912936,255,2,189,1189
8,0,99588.78,0.9031115,0.022912936,255,2,190,1190
8,0,99705.827,0.90112096,0.022912936,255,2,191,1191
8,0,100015.56,0.89982916,0.022912936,255,2,192,1192
8,0,99871.465,0.93616675,0.022912936,255,2,193,1193
8,0,100150.82,0.99165071,0.022912936,255,2,194,1194
8,0,100689.09,0.94756074,0.022912936,255,2,195,1195
8,0,100497.51,0.96268279,0.022912936,255,2,196,1196
8,0,100530.76,0.84084256,0.022912936,255,2,197,1197
8,0,100494.97,0.98306889,0.022912936,255,2,198,1198
8,0,100601.77,0.89741247,0.022912936,255,2,199,1199
8,0,101359.49,0.95299918,0.022912936,255,2,200,1200
8,0,101374.42,0.85272091,0.022912936,255,2,201,1201
8,0,100891.29,0.99719375,0.022912936,255,2,202,1202
8,0,101366.56,0.92122824,0.022912936,255,2,203,1203
8,0,101506.32,0.93189692,0.022912936,255,2,204,1204
8,0,101655.45,0.97621073,0.022912936,255,2,205,1205
8,0,101422.65,0.98349323,0.022912936,255,2,206,1206
8,0,101119.11,0.98324579,0.022912936,255,2,207,1207
8,0,101329.41,0.99104569,0.022912936,255,2,208,1208
8,0,101504.21,0.9735273,0.022912936,255,2,209,1209
8,0,101230.14,1,0.022912936,255,2,210,1210
8,0,101165.74,0.97476603,0.022912936,255,2,211,1211
8,0,101419.92,0.89617909,0.022912936,255,2,212,1212
8,0,101244.85,0.96270244,0.022912936,255,2,213,1213
8,0,100989.42,0.99640114,0.022912936,255,2,214,1214
8,0,101698.29,0.91626283,0.022912936,255,2,215,1215
8,0,101691.26,0.96661677,0.022912936,255,2,216,1216
8,0,101507.8,0.97597279,0.022912936,255,2,217,1217
8,0,101614.21,0.97048287,0.022912936,255,2,218,1218
8,0,101100.73,0.99665358,0.022912936,255,2,219,1219
8,0,101392.49,0.98915506,0.022912936,255,2,220,1220
8,0,101438.83,0.96075667,0.022912936,255,2,221,1221
8,0,100949.33,0.98943386,0.022912936,255,2,222,1222
8,0,100896.17,0.93916441,0.022912936,255,2,223,1223
8,0,101234.25,0.86742746,0.022912936,255,2,224,1224
8,0,101800.56,0.9994553,0.022912936,255,2,225,1225
8,0,101908.13,0.90724272,0.022912936,255,2,226,1226
8,0,101696.19,0.98048193,0.022912936,255,2,227,1227
8,0,101853.95,0.89445619,0.022912936,255,2,228,1228
8,0,101580.72,0.99197545,0.022912936,255,2,229,1229
8,0,101230.58,0.99985214,0.022912936,255,2,230,1230
8,0,101080,0.95906652,0.022912936,255,2,231,1231
8,0,100824.49,0.98855655,0.022912936,255,2,232,1232
8,0,100897.6,0.94043498,0.022912936,255,2,233,1233
8,0,100860.2,0.99525074,0.022912936,255,2,234,1234
8,0,100634.52,0.96664604,0.022912936,255,2,235,1235
8,0,100679.23,0.93344999,0.022912936,255,2,236,1236
8,0,100582.03,0.94943612,0.022912936,255,2,237,1237
8,0,101069.1,0.81438621,0.022912936,255,2,238,1238
8,0,100474.44,0.92933719,0.022912936,255,2,239,1239
8,0,100648.9,0.91290795,0.022912936,255,2,240,1240
8,0,100938.59,0.82635942,0.022912936,255,2,241,1241
8,0,101304.12,0.90095282,0.022912936,255,2,242,1242
8,0,101119.38,0.99681471,0.022912936,255,2,243,1243
8,0,101530.44,0.90328663,0.022912936,255,2,244,1244
8,0,101596.58,0.96138516,0.022912936,255,2,245,1245
8,0,101639.34,0.92672608,0.022912936,255,2,246,1246
8,0,101561.98,0.94274008,0.022912936,255,2,247,1247
8,0,101295.1,0.99506052,0.022912936,255,2,248,1248
8,0,100806.24,0.99701093,0.022912936,255,2,249,1249
8,0,100841.82,0.97680305,0.022912936,255,2,250,1250
8,0,100663.73,0.9001726,0.022912936,255,2,251,1251
8,0,100950.23,0.79781306,0.022912936,255,2,252,1252
8,0,100576.61,0.97469931,0.022912936,255,2,253,1253
8,0,100874.77,0.93431594,0.022912936,255,2,254,1254
8,0,100994.23,0.94213805,0.022912936,255,2,255,1255
8,0,101316.72,0.97727807,0.022912936,255,2,256,1256
8,0,101058.65,0.99192602,0.022912936,255,2,257,1257
8,0,100803.5,0.9964787,0.022912936,255,2,258,1258
8,0,100509.38,0.90033922,0.022912936,255,2,259,1259
8,0,100762.86,0.97454553,0.022912936,255,2,260,1260
8,0,100973.57,0.98664262,0.022912936,255,2,261,1261
8,0,100838.11,0.86306727,0.022912936,255,2,262,1262
8,0,100690.35,0.99887539,0.022912936,255,2,263,1263
8,0,100959.89,0.92656018,0.022912936,255,2,264,1264
8,0,100900.63,0.85631757,0.022912936,255,2,265,1265
8,0,100512.85,0.97404919,0.022912936,255,2,266,1266
8,0,100785.39,0.98613087,0.022912936,255,2,267,1267
8,0,100481.91,0.97605108,0.022912936,255,2,268,1268
8,0,100312.05,0.96613245,0.022912936,255,2,269,1269
8,0,100864.75,0.88508438,0.022912936,255,2,270,1270
8,0,101007.85,0.93149812,0.022912936,255,2,271,1271
8,0,100970.51,0.99793775,0.022912936,255,2,272,1272
8,0,101046.07,0.81899055,0.022912936,255,2,273,1273
8,0,101193.95,0.98201752,0.022912936,255,2,274,1274
8,0,100596.84,0.89799938,0.022912936,255,2,275,1275
8,0,100415.49,0.9603754,0.022912936,255,2,276,1276
8,0,100392.67,0.95794089,0.022912936,255,2,277,1277
8,0,100893.69,0.96621572,0.022912936,255,2,278,1278
8,0,101014.26,0.96559652,0.022912936,255,2,279,1279
8,0,101271.01,0.97441196,0.022912936,255,2,280,1280
8,0,101082.97,0.89947844,0.022912936,255,2,281,1281
8,0,101069.64,0.97117251,0.022912936,255,2,282,1282
8,0,101273.57,0.881197,0.022912936,255,2,283,1283
8,0,101210.6,0.97868308,0.022912936,255,2,284,1284
8,0,101037.4,0.96839083,0.022912936,255,2,285,1285
8,0,100999.58,0.98556966,0.022912936,255,2,286,1286
8,0,101148.14,0.97427224,0.022912936,255,2,287,1287
8,0,101207.33,0.95497745,0.022912936,255,2,288,1288
8,0,101137.1,0.9452584,0.022912936,255,2,289,1289
8,0,101269.38,0.95677676,0.022912936,255,2,290,1290
8,0,101265.29,0.98616438,0.022912936,255,2,291,1291
8,0,100811.06,0.97033406,0.022912936,255,2,292,1292
8,0,100685.7,0.89671348,0.022912936,255,2,293,1293
8,0,100701.78,0.93288152,0.022912936,255,2,294,1294
8,0,101072.3,0.92126744,0.022912936,255,2,295,1295
8,0,101067.24,0.83771121,0.022912936,255,2,296,1296
8,0,100711.8,0.83322154,0.022912936,255,2,297,1297
8,0,100680.91,0.98213377,0.022912936,255,2,298,1298
8,0,100928.52,0.83981338,0.022912936,255,2,299,1299
8,0,100970.09,0.99294314,0.022912936,255,2,300,1300
8,0,101236.78,0.99381752,0.022912936,255,2,301,1301
8,0,101442.76,0.98711117,0.022912936,255,2,302,1302
8,0,101381.36,0.94548563,0.022912936,255,2,303,1303
8,0,101483.7,0.99943497,0.022912936,255,2,304,1304
8,0,101245.54,1,0.022912936,255,2,305,1305
8,0,100871.06,0.93575177,0.022912936,255,2,306,1306
8,0,100744.01,0.99057553,0.022912936,255,2,307,1307
8,0,100850.95,0.89917872,0.022912936,255,2,308,1308
8,0,101348.12,0.93068855,0.022912936,255,2,309,1309
8,0,101465.83,0.69064068,0.022912936,255,2,310,1310
8,0,101245.38,0.9366084,0.022912936,255,2,311,1311
8,0,101029.55,0.99009383,0.022912936,255,2,312,1312
8,0,101237.32,0.97865795,0.022912936,255,2,313,1313
8,0,100956.89,0.98274666,0.022912936,255,2,314,1314
8,0,100845.43,0.92541726,0.022912936,255,2,315,1315
8,0,100931.09,0.94202644,0.022912936,255,2,316,1316
8,0,101283.21,0.95251671,0.022912936,255,2,317,1317
8,0,101018.44,0.90137114,0.022912936,255,2,318,1318
8,0,101463.82,0.963852,0.022912936,255,2,319,1319
8,0,101275.75,0.97605566,0.022912936,255,2,320,1320
8,0,100902.65,1,0.022912936,255,2,321,1321
8,0,101004.11,0.95511667,0.022912936,255,2,322,1322
8,0,100906.23,0.99748579,0.022912936,255,2,323,1323
8,0,101031.06,0.93392836,0.022912936,255,2,324,1324
8,0,100821.58,0.95216414,0.022912936,255,2,325,1325
8,0,101010.13,0.91451524,0.022912936,255,2,326,1326
8,0,101085.05,0.94099657,0.022912936,255,2,327,1327
8,0,101056.96,0.93323419,0.022912936,255,2,328,1328
8,0,100900.25,0.98060828,0.022912936,255,2,329,1329
8,0,100701.1,0.99505138,0.022912936,255,2,330,1330
8,0,101119.76,0.99249114,0.022912936,255,2,331,1331
8,0,100741.28,0.97456604,0.022912936,255,2,332,1332
8,0,100506.83,0.7985089,0.022912936,255,2,333,1333
8,0,100892.48,0.96247006,0.022912936,255,2,334,1334
8,0,101175.62,0.98550588,0.022912936,255,2,335,1335
8,0,101302.1,0.96980961,0.022912936,255,2,336,1336
8,0,101123.93,0.98649622,0.022912936,255,2,337,1337
8,0,101086.09,0.99821212,0.022912936,255,2,338,1338
8,0,101133.44,0.90319232,0.022912936,255,2,339,1339
8,0,100955.98,0.90234122,0.022912936,255,2,340,1340
8,0,100940.74,0.99904467,0.022912936,255,2,341,1341
8,0,100859.82,0.94342727,0.022912936,255,2,342,1342
8,0,101177.73,0.98388379,0.022912936,255,2,343,1343
8,0,101070.75,0.99439195,0.022912936,255,2,344,1344
8,0,100608.98,0.85570638,0.022912936,255,2,345,1345
8,0,100941.35,0.98805729,0.022912936,255,2,346,1346
8,0,100843.71,0.99510136,0.022912936,255,2,347,1347
8,0,101660.28,0.78368012,0.022912936,255,2,348,1348
8,0,101769.01,0.87149856,0.022912936,255,2,349,1349
8,0,101477.95,0.99815846,0.022912936,255,2,350,1350
8,0,101775.15,0.97690139,0.022912936,255,2,351,1351
8,0,101636.79,0.95306332,0.022912936,255,2,352,1352
8,0,101517.73,0.97513444,0.022912936,255,2,353,1353
8,0,101115.44,0.94885896,0.022912936,255,2,354,1354
8,0,100920.3,0.93115674,0.022912936,255,2,355,1355
8,0,100920.81,0.96588187,0.022912936,255,2,356,1356
8,0,101468.03,0.9112235,0.022912936,255,2,357,1357
8,0,101440.51,0.86667594,0.022912936,255,2,358,1358
8,0,101086.46,0.94212786,0.022912936,255,2,359,1359
8,0,100896.16,0.99415241,0.022912936,255,2,360,1360
8,0,100727.79,0.90991582,0.022912936,255,2,361,1361
8,0,100981.69,0.99346414,0.022912936,255,2,362,1362
8,0,101118.47,0.92967705,0.022912936,255,2,363,1363
8,0,101511.43,0.97220935,0.022912936,255,2,364,1364
8,0,101406.49,0.99939571,0.022912936,255,2,365,1365
8,0,101491.26,0.97075092,0.022912936,255,2,366,1366
8,0,101146.75,0.99248435,0.022912936,255,2,367,1367
8,0,101229.14,0.91241946,0.022912936,255,2,368,1368
8,0,100900.67,0.99233603,0.022912936,255,2,369,1369
8,0,100620.17,0.99603777,0.022912936,255,2,370,1370
8,0,100797.42,0.94991751,0.022912936,255,2,371,1371
8,0,101222.11,0.9246817,0.022912936,255,2,372,1372
8,0,100791.69,0.96370426,0.022912936,255,2,373,1373
8,0,100943.15,0.94018568,0.022912936,255,2,374,1374
8,0,101024.93,0.9460925,0.022912936,255,2,375,1375
8,0,100786.2,0.97017351,0.022912936,255,2,376,1376
8,0,100760.09,0.84048008,0.022912936,255,2,377,1377
8,0,100627.08,0.9665098,0.022912936,255,2,378,1378
8,0,101089.97,0.96494997,0.022912936,255,2,379,1379
8,0,100815.39,0.84037928,0.022912936,255,2,380,1380
8,0,100664.71,0.92319487,0.022912936,255,2,381,1381
8,0,100842.24,0.87191449,0.022912936,255,2,382,1382
8,0,100966.79,0.97382261,0.022912936,255,2,383,1383
8,0,100814.87,0.92122824,0.022912936,255,2,384,1384
8,0,100829.12,0.96672583,0.022912936,255,2,385,1385
8,0,100718.94,0.85618825,0.022912936,255,2,386,1386
8,0,101301.31,0.99779553,0.022912936,255,2,387,1387
8,0,101568.5,0.97773224,0.022912936,255,2,388,1388
8,0,101010.28,0.8986322,0.022912936,255,2,389,1389
8,0,100816.21,0.98523055,0.022912936,255,2,390,1390
8,0,100833.15,0.99350825,0.022912936,255,2,391,1391
8,0,100751.6,0.99586007,0.022912936,255,2,392,1392
8,0,100909.71,0.97536236,0.022912936,255,2,393,1393
8,0,101249.74,0.92709559,0.022912936,255,2,394,1394
8,0,101393.7,0.96568165,0.022912936,255,2,395,1395
8,0,100872.5,0.96259165,0.022912936,255,2,396,1396
8,0,100629.64,0.82127584,0.022912936,255,2,397,1397
8,0,101163.19,0.96412422,0.022912936,255,2,398,1398
8,0,101370.87,0.9969052,0.022912936,255,2,399,1399
8,0,101495.77,0.96179379,0.022912936,255,2,400,1400
8,0,101602.91,0.99852191,0.022912936,255,2,401,1401
8,0,101299.47,0.99616551,0.022912936,255,2,402,1402
8,0,100988.35,0.99998896,0.022912936,255,2,403,1403
8,0,101069.84,0.98723875,0.022912936,255,2,404,1404
8,0,100834.49,0.92195984,0.022912936,255,2,405,1405
8,0,100845.96,0.99261778,0.022912936,255,2,406,1406
8,0,101366.88,0.98794681,0.022912936,255,2,407,1407
8,0,101294.3,0.9879875,0.022912936,255,2,408,1408
8,0,101572.5,0.85818989,0.022912936,255,2,409,1409
8,0,101136.59,0.9378761,0.022912936,255,2,410,1410
8,0,101205.92,0.93637094,0.022912936,255,2,411,1411
8,0,101931.12,0.95428063,0.022912936,255,2,412,1412
8,0,101708.77,0.99845366,0.022912936,255,2,413,1413
8,0,101623.18,0.96189802,0.022912936,255,2,414,1414
8,0,101329.9,0.9818363,0.022912936,255,2,415,1415
8,0,100783.1,0.95743245,0.022912936,255,2,416,1416
8,0,101221.03,0.98931703,0.022912936,255,2,417,1417
8,0,101106.22,0.94318711,0.022912936,255,2,418,1418
8,0,100767.95,0.95583649,0.022912936,255,2,419,1419
8,0,100910.29,0.93931533,0.022912936,255,2,420,1420
8,0,100958.36,0.9869683,0.022912936,255,2,421,1421
8,0,100813.71,0.95951337,0.022912936,255,2,422,1422
8,0,101063.8,0.97931593,0.022912936,255,2,423,1423
8,0,101374.64,0.93858444,0.022912936,255,2,424,1424
8,0,101353.25,0.98194944,0.022912936,255,2,425,1425
8,0,101365.84,0.99949169,0.022912936,255,2,426,1426
8,0,100839.5,0.94794254,0.022912936,255,2,427,1427
8,0,100811.9,0.92014039,0.022912936,255,2,428,1428
8,0,100802.38,0.98364142,0.022912936,255,2,429,1429
8,0,100922.68,0.92303263,0.022912936,255,2,430,1430
8,0,100949.7,0.97506289,0.022912936,255,2,431,1431
8,0,100726.95,0.87081515,0.022912936,255,2,432,1432
8,0,100765.95,0.98770899,0.022912936,255,2,433,1433
8,0,101126.89,0.98990495,0.022912936,255,2,434,1434
8,0,100654.02,0.76122658,0.022912936,255,2,435,1435
8,0,100959.87,0.98173416,0.022912936,255,2,436,1436
8,0,101163.77,0.82395497,0.022912936,255,2,437,1437
8,0,100807.37,0.99351572,0.022912936,255,2,438,1438
8,0,101550.15,0.87871684,0.022912936,255,2,439,1439
8,0,101271.61,0.97960055,0.022912936,255,2,440,1440
8,0,101163.31,0.97849204,0.022912936,255,2,441,1441
8,0,100981.13,0.9740266,0.022912936,255,2,442,1442
8,0,101069.26,0.91557165,0.022912936,255,2,443,1443
8,0,101636.02,0.97598735,0.022912936,255,2,444,1444
8,0,101457.7,0.98589713,0.022912936,255,2,445,1445
8,0,101518.06,0.86239759,0.022912936,255,2,446,1446
8,0,101168.37,0.96784896,0.022912936,255,2,447,1447
8,0,101387.77,0.99006971,0.022912936,255,2,448,1448
8,0,101227.43,0.85823975,0.022912936,255,2,449,1449
8,0,101510.01,0.89024972,0.022912936,255,2,450,1450
8,0,101152.21,0.98982085,0.022912936,255,2,451,1451
8,0,101129.11,0.99419545,0.022912936,255,2,452,1452
8,0,101185.4,0.95562777,0.022912936,255,2,453,1453
8,0,101821.42,0.95710751,0.022912936,255,2,454,1454
8,0,101433.06,0.95352772,0.022912936,255,2,455,1455
8,0,101120.42,0.9741181,0.022912936,255,2,456,1456
8,0,100996.03,0.99491688,0.022912936,255,2,457,1457
8,0,101410.93,0.84160096,0.022912936,255,2,458,1458
8,0,101316.15,0.87512641,0.022912936,255,2,459,1459
8,0,100916.63,0.99766466,0.022912936,255,2,460,1460
8,0,100667.48,0.92542372,0.022912936,255,2,461,1461
8,0,100644.54,0.96165339,0.022912936,255,2,462,1462
8,0,100427.05,0.98537159,0.022912936,255,2,463,1463
8,0,101015.19,0.95565192,0.022912936,255,2,464,1464
8,0,100874.42,0.94840497,0.022912936,255,2,465,1465
8,0,100725.95,0.97392165,0.022912936,255,2,466,1466
8,0,100920.87,0.99929293,0.022912936,255,2,467,1467
8,0,101291.54,0.9337746,0.022912936,255,2,468,1468
8,0,101237.34,0.97300369,0.022912936,255,2,469,1469
8,0,100983.45,0.98216923,0.022912936,255,2,470,1470
8,0,101319.81,0.97086819,0.022912936,255,2,471,1471
8,0,100838.97,0.95025403,0.022912936,255,2,472,1472
8,0,100579.28,0.96817682,0.022912936,255,2,473,1473
8,0,100905.36,0.78273787,0.022912936,255,2,474,1474
8,0,100899.98,0.99780324,0.022912936,255,2,475,1475
8,0,101004.42,0.95956224,0.022912936,255,2,476,1476
8,0,101370.97,0.95191113,0.022912936,255,2,477,1477
8,0,101485.67,0.97628002,0.022912936,255,2,478,1478
8,0,101043.83,0.96824348,0.022912936,255,2,479,1479
8,0,100634.3,0.9750154,0.022912936,255,2,480,1480
8,0,100658.86,0.99118257,0.022912936,255,2,481,1481
8,0,100559.97,0.93044952,0.022912936,255,2,482,1482
8,0,100674.79,0.9213437,0.022912936,255,2,483,1483
8,0,100853.06,0.99673812,0.022912936,255,2,484,1484
8,0,101352.12,0.92732591,0.022912936,255,2,485,1485
8,0,101125.54,0.99592008,0.022912936,255,2,486,1486
8,0,100868.55,0.98993197,0.022912936,255,2,487,1487
8,0,101115.42,0.93691714,0.022912936,255,2,488,1488
8,0,101166.2,0.94579514,0.022912936,255,2,489,1489
8,0,101342.01,0.91620341,0.022912936,255,2,490,1490
8,0,101245.64,0.99248581,0.022912936,255,2,491,1491
8,0,101654.73,0.90013203,0.022912936,255,2,492,1492
8,0,101144.94,0.9461821,0.022912936,255,2,493,1493
8,0,101227.41,0.9960952,0.022912936,255,2,494,1494
8,0,101256.4,0.97159642,0.022912936,255,2,495,1495
8,0,101275.02,0.90739903,0.022912936,255,2,496,1496
8,0,101316.02,0.97940082,0.022912936,255,2,497,1497
8,0,101338.4,0.94494611,0.022912936,255,2,498,1498
8,0,101497.29,0.8216627,0.022912936,255,2,499,1499
8,0,101550,0.99835977,0.022912936,255,2,500,1500
8,0,101478.6,0.9146581,0.022912936,255,2,501,1501
8,0,100877.13,0.96410543,0.022912936,255,2,502,1502
8,0,100942.19,0.8864532,0.022912936,255,2,503,1503
8,0,100969.29,0.86469454,0.022912936,255,2,504,1504
8,0,101295.84,0.90089501,0.022912936,255,2,505,1505
8,0,101431.75,0.94208841,0.022912936,255,2,506,1506
8,0,101743.79,0.88203634,0.022912936,255,2,507,1507
8,0,102122.58,0.99925496,0.022912936,255,2,508,1508
8,0,101520.36,0.98606458,0.022912936,255,2,509,1509
8,0,101305.32,0.93765496,0.022912936,255,2,510,1510
8,0,101398.57,0.95893326,0.022912936,255,2,511,1511
8,0,101621.72,0.91396137,0.022912936,255,2,512,1512
8,0,101525.24,0.99487722,0.022912936,255,2,513,1513
8,0,101121.04,0.95154902,0.022912936,255,2,514,1514
8,0,101237.19,0.98236161,0.022912936,255,2,515,1515
8,0,101178.19,0.8898488,0.022912936,255,2,516,1516
8,0,101154.04,0.90578777,0.022912936,255,2,517,1517
8,0,101293.94,0.93095531,0.022912936,255,2,518,1518
8,0,101428.3,0.9098084,0.022912936,255,2,519,1519
8,0,101464.45,0.98744636,0.022912936,255,2,520,1520
8,0,101522.41,0.9406395,0.022912936,255,2,521,1521
8,0,101355.25,0.98851096,0.022912936,255,2,522,1522
8,0,101226.1,0.90266357,0.022912936,255,2,523,1523
8,0,101233.05,0.96448488,0.022912936,255,2,524,1524
8,0,100974.39,0.99024855,0.022912936,255,2,525,1525
8,0,101039.07,0.95706728,0.022912936,255,2,526,1526
8,0,101112.37,0.91047755,0.022912936,255,2,527,1527
8,0,101326.04,0.92558183,0.022912936,255,2,528,1528
8,0,101090.82,0.99730179,0.022912936,255,2,529,1529
8,0,100796.8,0.97683468,0.022912936,255,2,530,1530
8,0,100984.04,0.94824412,0.022912936,255,2,531,1531
8,0,101288.84,0.97052296,0.022912936,255,2,532,1532
8,0,101371.98,0.95083822,0.022912936,255,2,533,1533
8,0,101427.52,0.97385929,0.022912936,255,2,534,1534
8,0,101496.76,0.96300424,0.022912936,255,2,535,1535
8,0,101245.94,0.99773784,0.022912936,255,2,536,1536
8,0,101325.16,0.98005432,0.022912936,255,2,537,1537
8,0,101109.37,0.98260256,0.022912936,255,2,538,1538
8,0,100937.04,0.99644815,0.022912936,255,2,539,1539
8,0,100903.55,0.96731398,0.022912936,255,2,540,1540
8,0,100614.09,0.97993584,0.022912936,255,2,541,1541
8,0,100478.13,0.97171502,0.022912936,255,2,542,1542
8,0,100645.06,0.91312993,0.022912936,255,2,543,1543
8,0,100948.83,0.99143391,0.022912936,255,2,544,1544
8,0,100777.43,0.98063128,0.022912936,255,2,545,1545
8,0,100726.96,0.98609901,0.022912936,255,2,546,1546
8,0,101315.47,0.98303162,0.022912936,255,2,547,1547
8,0,100696.91,0.99022771,0.022912936,255,2,548,1548
8,0,101060.18,0.75768152,0.022912936,255,2,549,1549
8,0,101127.6,0.98912434,0.022912936,255,2,550,1550
8,0,101209.92,0.93419342,0.022912936,255,2,551,1551
8,0,101198.2,0.95442814,0.022912936,255,2,552,1552
8,0,101158.64,0.85689624,0.022912936,255,2,553,1553
8,0,100765.36,0.9671096,0.022912936,255,2,554,1554
8,0,100754.3,0.96621313,0.022912936,255,2,555,1555
8,0,101232.84,0.94864482,0.022912936,255,2,556,1556
8,0,100959.98,0.97760379,0.022912936,255,2,557,1557
8,0,100524.14,0.95930515,0.022912936,255,2,558,1558
8,0,100813.45,0.95682441,0.022912936,255,2,559,1559
8,0,101326.51,0.89633794,0.022912936,255,2,560,1560
8,0,101133.84,0.96669153,0.022912936,255,2,561,1561
8,0,100806.94,0.97286655,0.022912936,255,2,562,1562
8,0,100922.78,0.93859917,0.022912936,255,2,563,1563
8,0,100457.18,0.99981003,0.022912936,255,2,564,1564
8,0,100120.45,0.86974441,0.022912936,255,2,565,1565
8,0,100469.49,0.96245438,0.022912936,255,2,566,1566
8,0,100398.8,0.99926611,0.022912936,255,2,567,1567
8,0,100525.51,0.99857765,0.022912936,255,2,568,1568
8,0,100669.11,0.99513845,0.022912936,255,2,569,1569
8,0,100642.69,0.92097007,0.022912936,255,2,570,1570
8,0,101301.5,0.94197297,0.022912936,255,2,571,1571
8,0,101405.51,0.99136281,0.022912936,255,2,572,1572
8,0,101099.63,0.99390363,0.022912936,255,2,573,1573
8,0,100655.59,0.88112886,0.022912936,255,2,574,1574
8,0,101028.9,0.87226753,0.022912936,255,2,575,1575
8,0,100660.08,0.99402728,0.022912936,255,2,576,1576
8,0,100929.15,0.83340641,0.022912936,255,2,577,1577
8,0,101015.72,0.94150696,0.022912936,255,2,578,1578
8,0,101057.73,0.9995381,0.022912936,255,2,579,1579
8,0,100969.91,0.99895711,0.022912936,255,2,580,1580
8,0,101088.96,0.97228603,0.022912936,255,2,581,1581
8,0,101164.58,0.99349577,0.022912936,255,2,582,1582
8,0,100988.59,0.8870257,0.022912936,255,2,583,1583
8,0,101058.36,0.89622684,0.022912936,255,2,584,1584
8,0,101275.69,0.9984589,0.022912936,255,2,585,1585
8,0,100935.15,0.97745777,0.022912936,255,2,586,1586
8,0,100629.16,0.97766112,0.022912936,255,2,587,1587
8,0,100333.4,0.99819838,0.022912936,255,2,588,1588
8,0,100792.43,0.97709743,0.022912936,255,2,589,1589
8,0,101282.16,0.9746604,0.022912936,255,2,590,1590
8,0,100963.14,0.99274862,0.022912936,255,2,591,1591
8,0,101299.02,0.88922895,0.022912936,255,2,592,1592
8,0,101600.6,0.98756667,0.022912936,255,2,593,1593
8,0,101340.97,0.91703883,0.022912936,255,2,594,1594
8,0,101664.21,0.99622216,0.022912936,255,2,595,1595
8,0,100890.23,0.97308679,0.022912936,255,2,596,1596
8,0,101030.39,0.97886362,0.022912936,255,2,597,1597
8,0,100842.25,0.9930191,0.022912936,255,2,598,1598
8,0,100587.77,0.9190139,0.022912936,255,2,599,1599
8,0,100929.21,0.77583589,0.022912936,255,2,600,1600
8,0,101141.07,0.94837081,0.022912936,255,2,601,1601
8,0,101379.18,0.85894454,0.022912936,255,2,602,1602
8,0,101295,0.98822468,0.022912936,255,2,603,1603
8,0,101327.74,0.95303368,0.022912936,255,2,604,1604
8,0,100924.31,0.97257596,0.022912936,255,2,605,1605
8,0,100907.28,0.96173961,0.022912936,255,2,606,1606
8,0,100748.38,0.91605094,0.022912936,255,2,607,1607
8,0,100528.4,0.8950555,0.022912936,255,2,608,1608
8,0,101095.2,0.93128067,0.022912936,255,2,609,1609
8,0,100908.75,0.87880392,0.022912936,255,2,610,1610
8,0,100614.51,0.96620716,0.022912936,255,2,611,1611
8,0,100429.61,0.97384694,0.022912936,255,2,612,1612
8,0,101062.77,0.96606918,0.022912936,255,2,613,1613
8,0,101043.72,0.92685146,0.022912936,255,2,614,1614
8,0,100906.24,0.93990397,0.022912936,255,2,615,1615
8,0,101240.06,0.91862511,0.022912936,255,2,616,1616
8,0,101527.39,0.87569865,0.022912936,255,2,617,1617
8,0,101117.06,0.98253372,0.022912936,255,2,618,1618
8,0,101489.6,0.8504442,0.022912936,255,2,619,1619
8,0,101633.71,0.96463758,0.022912936,255,2,620,1620
8,0,101832.06,0.99354373,0.022912936,255,2,621,1621
8,0,101327.07,0.99594576,0.022912936,255,2,622,1622
8,0,101007.42,0.97935758,0.022912936,255,2,623,1623
8,0,100885.87,0.95235177,0.022912936,255,2,624,1624
8,0,100398.96,0.95274286,0.022912936,255,2,625,1625
8,0,100674.48,0.95625287,0.022912936,255,2,626,1626
8,0,100905.69,0.99972396,0.022912936,255,2,627,1627
8,0,100647.64,0.88787988,0.022912936,255,2,628,1628
8,0,100907.43,0.90476901,0.022912936,255,2,629,1629
8,0,100771.19,0.92367675,0.022912936,255,2,630,1630
8,0,100547.87,0.99214412,0.022912936,255,2,631,1631
8,0,101068.1,0.7586239,0.022912936,255,2,632,1632
8,0,101793.63,0.83949434,0.022912936,255,2,633,1633
8,0,101511.86,0.99028138,0.022912936,255,2,634,1634
8,0,101757.93,0.96346641,0.022912936,255,2,635,1635
8,0,101468.12,0.99912015,0.022912936,255,2,636,1636
8,0,101295.97,0.88227851,0.022912936,255,2,637,1637
8,0,101452.92,0.9343625,0.022912936,255,2,638,1638
8,0,101662.65,0.92298013,0.022912936,255,2,639,1639
8,0,101774.08,0.95613857,0.022912936,255,2,640,1640
8,0,101786.21,0.81439225,0.022912936,255,2,641,1641
8,0,101327.63,0.95881217,0.022912936,255,2,642,1642
8,0,101565.95,0.96118018,0.022912936,255,2,643,1643
8,0,101455.4,0.92078412,0.022912936,255,2,644,1644
8,0,101391.44,0.9930645,0.022912936,255,2,645,1645
8,0,101223.02,0.99448056,0.022912936,255,2,646,1646
8,0,101219.82,0.92327213,0.022912936,255,2,647,1647
8,0,101170.28,0.90856928,0.022912936,255,2,648,1648
8,0,101432.02,0.9185485,0.022912936,255,2,649,1649
8,0,101178.4,0.99493524,0.022912936,255,2,650,1650
8,0,100979.63,0.99088696,0.022912936,255,2,651,1651
8,0,100824.85,0.97696495,0.022912936,255,2,652,1652
8,0,100964.66,0.78816913,0.022912936,255,2,653,1653
8,0,100889.27,0.99309527,0.022912936,255,2,654,1654
8,0,100841.08,0.87547741,0.022912936,255,2,655,1655
8,0,100347.58,0.99609939,0.022912936,255,2,656,1656
8,0,99965.456,0.98040085,0.022912936,255,2,657,1657
8,0,99934.254,0.92305647,0.022912936,255,2,658,1658
8,0,100201.78,0.99419688,0.022912936,255,2,659,1659
8,0,100739.44,0.99739359,0.022912936,255,2,660,1660
8,0,101266.09,0.95490918,0.022912936,255,2,661,1661
8,0,101276.81,0.99479544,0.022912936,255,2,662,1662
8,0,101352.86,0.95689612,0.022912936,255,2,663,1663
8,0,101871.82,0.98564296,0.022912936,255,2,664,1664
8,0,101811.71,0.96651199,0.022912936,255,2,665,1665
8,0,101246.54,0.98944183,0.022912936,255,2,666,1666
8,0,101001.53,0.95427879,0.022912936,255,2,667,1667
8,0,100766.36,0.99976772,0.022912936,255,2,668,1668
8,0,101099.08,0.94122142,0.022912936,255,2,669,1669
8,0,100850.27,0.99293785,0.022912936,255,2,670,1670
8,0,100516.78,0.98716228,0.022912936,255,2,671,1671
8,0,100099.54,0.96337849,0.022912936,255,2,672,1672
8,0,100186.72,0.85009356,0.022912936,255,2,673,1673
8,0,100554.24,0.84536449,0.022912936,255,2,674,1674
8,0,100693.55,0.98185639,0.022912936,255,2,675,1675
8,0,100612.13,0.9852941,0.022912936,255,2,676,1676
8,0,100683.99,0.92448811,0.022912936,255,2,677,1677
8,0,100969.26,0.97551121,0.022912936,255,2,678,1678
8,0,100980.35,0.99977581,0.022912936,255,2,679,1679
8,0,100821.19,0.99362669,0.022912936,255,2,680,1680
8,0,100585.71,0.97636587,0.022912936,255,2,681,1681
8,0,100561.61,0.95065063,0.022912936,255,2,682,1682
8,0,100647.96,0.97849126,0.022912936,255,2,683,1683
8,0,100811.31,0.96157857,0.022912936,255,2,684,1684
8,0,100790.99,0.82375704,0.022912936,255,2,685,1685
8,0,100923.15,0.99698403,0.022912936,255,2,686,1686
8,0,101072.11,0.88256972,0.022912936,255,2,687,1687
8,0,100933.66,0.98269946,0.022912936,255,2,688,1688
8,0,100711.29,0.9886356,0.022912936,255,2,689,1689
8,0,100476.21,0.99920959,0.022912936,255,2,690,1690
8,0,99988.029,0.93136918,0.022912936,255,2,691,1691
8,0,99940.083,0.98614276,0.022912936,255,2,692,1692
8,0,100242.42,0.89944185,0.022912936,255,2,693,1693
8,0,100397.64,0.99748014,0.022912936,255,2,694,1694
8,0,100951.26,0.87178299,0.022912936,255,2,695,1695
8,0,101106.8,0.94144156,0.022912936,255,2,696,1696
8,0,101228.68,0.95718293,0.022912936,255,2,697,1697
8,0,101161.91,0.99162925,0.022912936,255,2,698,1698
8,0,101361.65,0.92239519,0.022912936,255,2,699,1699
8,0,100970.81,0.81662354,0.022912936,255,2,700,1700
8,0,101133.25,0.99444138,0.022912936,255,2,701,1701
8,0,100621.57,0.94560881,0.022912936,255,2,702,1702
8,0,100815.48,0.96832224,0.022912936,255,2,703,1703
8,0,100538.23,0.97919601,0.022912936,255,2,704,1704
8,0,100422.42,0.96774228,0.022912936,255,2,705,1705
8,0,101267.36,0.78513829,0.022912936,255,2,706,1706
8,0,101344.52,0.95764842,0.022912936,255,2,707,1707
8,0,101195.5,0.96029629,0.022912936,255,2,708,1708
8,0,101045.43,0.98617752,0.022912936,255,2,709,1709
8,0,100847.79,0.91415531,0.022912936,255,2,710,1710
8,0,100899.13,0.97083051,0.022912936,255,2,711,1711
8,0,100958.89,0.9472134,0.022912936,255,2,712,1712
8,0,101377.86,0.97618516,0.022912936,255,2,713,1713
8,0,101336.34,0.98643327,0.022912936,255,2,714,1714
8,0,100918.27,0.93845577,0.022912936,255,2,715,1715
8,0,101150.68,0.97182822,0.022912936,255,2,716,1716
8,0,100936.64,0.99363179,0.022912936,255,2,717,1717
8,0,100832.2,0.94370954,0.022912936,255,2,718,1718
8,0,100968.49,0.73388494,0.022912936,255,2,719,1719
8,0,100826.72,0.99616328,0.022912936,255,2,720,1720
8,0,100649.47,0.99833452,0.022912936,255,2,721,1721
8,0,100653.65,0.94242502,0.022912936,255,2,722,1722
8,0,100383.56,0.97335456,0.022912936,255,2,723,1723
8,0,100789.25,0.96617022,0.022912936,255,2,724,1724
8,0,100614.98,0.97711967,0.022912936,255,2,725,1725
8,0,101190.94,0.99029012,0.022912936,255,2,726,1726
8,0,101328.97,0.99742467,0.022912936,255,2,727,1727
8,0,101390.27,0.96124479,0.022912936,255,2,728,1728
8,0,101424.79,0.97794563,0.022912936,255,2,729,1729
8,0,100994.1,0.99453569,0.022912936,255,2,730,1730
8,0,101030.57,0.99655895,0.022912936,255,2,731,1731
8,0,101266.57,0.94572086,0.022912936,255,2,732,1732
8,0,100803.48,0.98309254,0.022912936,255,2,733,1733
8,0,100637.1,0.85785737,0.022912936,255,2,734,1734
8,0,100862.41,0.86300439,0.022912936,255,2,735,1735
8,0,100817.48,0.89271948,0.022912936,255,2,736,1736
8,0,100644.32,0.99862354,0.022912936,255,2,737,1737
8,0,100239.15,0.98410179,0.022912936,255,2,738,1738
8,0,100775.47,0.88213593,0.022912936,255,2,739,1739
8,0,100815.99,0.9688163,0.022912936,255,2,740,1740
8,0,100661.97,0.9247287,0.022912936,255,2,741,1741
8,0,100580.02,0.90050959,0.022912936,255,2,742,1742
8,0,100683.17,0.97653684,0.022912936,255,2,743,1743
8,0,100610.3,0.87143022,0.022912936,255,2,744,1744
8,0,100355.6,0.99735292,0.022912936,255,2,745,1745
8,0,100374.45,0.99207301,0.022912936,255,2,746,1746
8,0,100796.01,0.98155575,0.022912936,255,2,747,1747
8,0,100767.57,0.86735592,0.022912936,255,2,748,1748
8,0,101023.58,0.93874121,0.022912936,255,2,749,1749
8,0,101233.39,0.89959318,0.022912936,255,2,750,1750
8,0,101087.42,0.99576666,0.022912936,255,2,751,1751
8,0,100527.41,0.79255660000000006,0.022912936,255,2,752,1752
8,0,101236.27,0.93866225,0.022912936,255,2,753,1753
8,0,101155.59,0.94680263,0.022912936,255,2,754,1754
8,0,101032.63,0.98311936,0.022912936,255,2,755,1755
8,0,100934.65,0.939079,0.022912936,255,2,756,1756
8,0,100768.89,0.96622859,0.022912936,255,2,757,1757
8,0,101019.95,0.9760683,0.022912936,255,2,758,1758
8,0,100592.02,0.87618987,0.022912936,255,2,759,1759
8,0,100576.93,0.83269675,0.022912936,255,2,760,1760
8,0,100785.55,0.97976245,0.022912936,255,2,761,1761
8,0,100832.47,0.99369424,0.022912936,255,2,762,1762
8,0,101050.47,0.96460995,0.022912936,255,2,763,1763
8,0,101431.99,0.96972641,0.022912936,255,2,764,1764
8,0,101222.77,0.98337322,0.022912936,255,2,765,1765
8,0,100903.64,0.98501514,0.022912936,255,2,766,1766
8,0,101033.96,0.95562978,0.022912936,255,2,767,1767
8,0,100947.85,0.98712136,0.022912936,255,2,768,1768
8,0,101077.5,0.90923048,0.022912936,255,2,769,1769
8,0,101177.6,0.96914167,0.022912936,255,2,770,1770
8,0,101087.65,0.90135853,0.022912936,255,2,771,1771
8,0,101505.04,0.94400911,0.022912936,255,2,772,1772
8,0,100993.94,0.97449876,0.022912936,255,2,773,1773
8,0,101094.4,0.95866959,0.022912936,255,2,774,1774
8,0,100538.62,0.9913823,0.022912936,255,2,775,1775
8,0,100374.58,0.9925793,0.022912936,255,2,776,1776
8,0,100276.87,0.96168652,0.022912936,255,2,777,1777
8,0,100523.23,0.93688468,0.022912936,255,2,778,1778
8,0,100984.5,0.82007212,0.022912936,255,2,779,1779
8,0,101037.28,0.9623647,0.022912936,255,2,780,1780
8,0,101249.33,0.89550041,0.022912936,255,2,781,1781
8,0,101061.33,0.95785126,0.022912936,255,2,782,1782
8,0,101592.2,0.92699693,0.022912936,255,2,783,1783
8,0,101335.58,0.99951142,0.022912936,255,2,784,1784
8,0,101108.63,0.97133932,0.022912936,255,2,785,1785
8,0,101573.34,0.94446022,0.022912936,255,2,786,1786
8,0,101418.7,0.99720978,0.022912936,255,2,787,1787
8,0,100956.51,0.97548528,0.022912936,255,2,788,1788
8,0,101038.45,0.93447965,0.022912936,255,2,789,1789
8,0,100842.97,0.99722377,0.022912936,255,2,790,1790
8,0,100586.55,0.99669673,0.022912936,255,2,791,1791
8,0,100981.3,0.97130078,0.022912936,255,2,792,1792
8,0,101094.01,0.92476378,0.022912936,255,2,793,1793
8,0,100383.71,0.94687415,0.022912936,255,2,794,1794
8,0,100333.28,0.97402041,0.022912936,255,2,795,1795
8,0,100782.19,0.94680051,0.022912936,255,2,796,1796
8,0,100728.11,0.98504488,0.022912936,255,2,797,1797
8,0,101087.89,0.9360685,0.022912936,255,2,798,1798
8,0,101143.62,0.90124953,0.022912936,255,2,799,1799
8,0,101085.14,0.97176482,0.022912936,255,2,800,1800
8,0,101067.64,0.96769219,0.022912936,255,2,801,1801
8,0,100412.39,0.99875566,0.022912936,255,2,802,1802
8,0,100920.69,0.97497917,0.022912936,255,2,803,1803
8,0,100921.7,0.90839541,0.022912936,255,2,804,1804
8,0,100758.38,0.94449419,0.022912936,255,2,805,1805
8,0,100931.68,0.93623307,0.022912936,255,2,806,1806
8,0,101343.78,0.90641725,0.022912936,255,2,807,1807
8,0,101047.64,0.99785307,0.022912936,255,2,808,1808
8,0,100708.75,0.98789642,0.022912936,255,2,809,1809
8,0,100687.78,0.97952472,0.022912936,255,2,810,1810
8,0,100829.77,0.91604507,0.022912936,255,2,811,1811
8,0,100874.37,0.8569502,0.022912936,255,2,812,1812
8,0,100286.25,0.99815766,0.022912936,255,2,813,1813
8,0,100548.35,0.93499862,0.022912936,255,2,814,1814
8,0,100761.62,0.98549258,0.022912936,255,2,815,1815
8,0,100927.98,0.83464107,0.022912936,255,2,816,1816
8,0,100474.82,0.9307111,0.022912936,255,2,817,1817
8,0,100227.38,0.99610196,0.022912936,255,2,818,1818
8,0,100206.99,0.94040722,0.022912936,255,2,819,1819
8,0,100268.96,0.98855145,0.022912936,255,2,820,1820
8,0,100887.21,0.82817328,0.022912936,255,2,821,1821
8,0,100890.27,0.98994261,0.022912936,255,2,822,1822
8,0,101264.22,0.98632313,0.022912936,255,2,823,1823
8,0,100848.5,0.98182512,0.022912936,255,2,824,1824
8,0,100427.63,0.96361814,0.022912936,255,2,825,1825
8,0,100600.99,0.93180846,0.022912936,255,2,826,1826
8,0,101129.37,0.85014401,0.022912936,255,2,827,1827
8,0,101119.58,0.96762778,0.022912936,255,2,828,1828
8,0,100995.21,0.97253067,0.022912936,255,2,829,1829
8,0,101013.47,0.97996959,0.022912936,255,2,830,1830
8,0,100592.56,0.93119434,0.022912936,255,2,831,1831
8,0,101243.24,0.9175537,0.022912936,255,2,832,1832
8,0,101433.28,0.99378552,0.022912936,255,2,833,1833
8,0,101119.72,0.9540778,0.022912936,255,2,834,1834
8,0,101333.76,0.98979812,0.022912936,255,2,835,1835
8,0,101089.54,0.95134649,0.022912936,255,2,836,1836
8,0,101054.7,0.9336355,0.022912936,255,2,837,1837
8,0,101063.22,0.99386994,0.022912936,255,2,838,1838
8,0,101291.5,0.92871789,0.022912936,255,2,839,1839
8,0,100985.51,0.95553962,0.022912936,255,2,840,1840
8,0,101045.74,0.89429531,0.022912936,255,2,841,1841
8,0,101282.49,0.96638527,0.022912936,255,2,842,1842
8,0,100902.97,0.99131801,0.022912936,255,2,843,1843
8,0,101182.86,0.94813872,0.022912936,255,2,844,1844
8,0,101571.4,0.88975822,0.022912936,255,2,845,1845
8,0,101222.63,0.94148148,0.022912936,255,2,846,1846
8,0,101194.6,0.91977254,0.022912936,255,2,847,1847
8,0,100896.44,0.93509112,0.022912936,255,2,848,1848
8,0,100547.01,0.96658342,0.022912936,255,2,849,1849
8,0,100686.86,0.92753324,0.022912936,255,2,850,1850
8,0,100928.04,0.97973777,0.022912936,255,2,851,1851
8,0,100539.48,0.99618734,0.022912936,255,2,852,1852
8,0,100426.12,0.9845453,0.022912936,255,2,853,1853
8,0,100416.38,0.99970117,0.022912936,255,2,854,1854
8,0,100718.59,0.93991217,0.022912936,255,2,855,1855
8,0,100605.89,0.9713293,0.022912936,255,2,856,1856
8,0,101031.22,0.93720116,0.022912936,255,2,857,1857
8,0,101102.4,0.99840771,0.022912936,255,2,858,1858
8,0,100739.63,0.99427973,0.022912936,255,2,859,1859
8,0,100652.01,0.98032624,0.022912936,255,2,860,1860
8,0,101123.08,0.99517121,0.022912936,255,2,861,1861
8,0,101421.81,0.97290279,0.022912936,255,2,862,1862
8,0,101091.95,0.75344016,0.022912936,255,2,863,1863
8,0,100937.53,0.97527166,0.022912936,255,2,864,1864
8,0,100814.94,0.93129509,0.022912936,255,2,865,1865
8,0,100972.92,0.99014972,0.022912936,255,2,866,1866
8,0,101069.03,0.93607819,0.022912936,255,2,867,1867
8,0,101046.64,0.94770407,0.022912936,255,2,868,1868
8,0,101423.79,0.99689468,0.022912936,255,2,869,1869
8,0,101055.83,0.96139938,0.022912936,255,2,870,1870
8,0,100948.64,0.94712716,0.022912936,255,2,871,1871
8,0,101102.36,0.97747739,0.022912936,255,2,872,1872
8,0,100961.64,0.96775017,0.022912936,255,2,873,1873
8,0,101315.86,0.93634428,0.022912936,255,2,874,1874
8,0,101491.58,0.96815153,0.022912936,255,2,875,1875
8,0,101471.45,0.99623436,0.022912936,255,2,876,1876
8,0,101134.78,0.92214112,0.022912936,255,2,877,1877
8,0,100456.46,0.95605003,0.022912936,255,2,878,1878
8,0,100622.13,0.9923936,0.022912936,255,2,879,1879
8,0,101131.38,0.9759515,0.022912936,255,2,880,1880
8,0,101108.67,0.9759737,0.022912936,255,2,881,1881
8,0,100949.97,0.99753209,0.022912936,255,2,882,1882
8,0,101070.45,0.98806095,0.022912936,255,2,883,1883
8,0,100860.67,0.93224275,0.022912936,255,2,884,1884
8,0,100759.88,0.92222886,0.022912936,255,2,885,1885
8,0,100707.02,0.98738227,0.022912936,255,2,886,1886
8,0,100974.22,0.98773207,0.022912936,255,2,887,1887
8,0,101103.55,0.66350971,0.022912936,255,2,888,1888
8,0,100811.62,0.92723144,0.022912936,255,2,889,1889
8,0,100019.64,0.96273833,0.022912936,255,2,890,1890
8,0,100118.59,0.9856714,0.022912936,255,2,891,1891
8,0,100639.07,0.90059574,0.022912936,255,2,892,1892
8,0,100675.03,0.91617183,0.022912936,255,2,893,1893
8,0,100541.06,0.96565328,0.022912936,255,2,894,1894
8,0,101097.76,0.91036847,0.022912936,255,2,895,1895
8,0,100689.92,0.9953094,0.022912936,255,2,896,1896
8,0,100837.4,0.91665392,0.022912936,255,2,897,1897
8,0,100445.29,0.95414423,0.022912936,255,2,898,1898
8,0,101000.18,0.92847723,0.022912936,255,2,899,1899
8,0,101255.17,0.98656832,0.022912936,255,2,900,1900
8,0,101357.8,0.88112834,0.022912936,255,2,901,1901
8,0,101317.2,0.93371148,0.022912936,255,2,902,1902
8,0,101424.27,0.9913221,0.022912936,255,2,903,1903
8,0,101053.99,0.96191686,0.022912936,255,2,904,1904
8,0,101041.6,0.98835755,0.022912936,255,2,905,1905
8,0,101391.85,0.83031777,0.022912936,255,2,906,1906
8,0,101199.75,0.98953574,0.022912936,255,2,907,1907
8,0,101472.05,0.96929552,0.022912936,255,2,908,1908
8,0,101244.84,0.88945851,0.022912936,255,2,909,1909
8,0,101484.75,0.96182032,0.022912936,255,2,910,1910
8,0,101583.99,0.99329882,0.022912936,255,2,911,1911
8,0,101119.31,0.94491545,0.022912936,255,2,912,1912
8,0,101015.82,0.99945204,0.022912936,255,2,913,1913
8,0,100573.25,0.92996707,0.022912936,255,2,914,1914
8,0,100426.59,0.95467571,0.022912936,255,2,915,1915
8,0,100614.5,0.91393375,0.022912936,255,2,916,1916
8,0,100233.23,0.9683403,0.022912936,255,2,917,1917
8,0,100409.84,0.90890074,0.022912936,255,2,918,1918
8,0,100482.45,0.97075448,0.022912936,255,2,919,1919
8,0,100639.4,0.9848385,0.022912936,255,2,920,1920
8,0,100385.98,0.99588308,0.022912936,255,2,921,1921
8,0,101027.25,0.99994544,0.022912936,255,2,922,1922
8,0,101144.52,0.92230307,0.022912936,255,2,923,1923
8,0,100949.35,0.95037391,0.022912936,255,2,924,1924
8,0,100948.48,0.9856217,0.022912936,255,2,925,1925
8,0,101247.84,0.95385785,0.022912936,255,2,926,1926
8,0,101293.08,0.83801988,0.022912936,255,2,927,1927
8,0,101233.74,0.92417802,0.022912936,255,2,928,1928
8,0,101169.06,0.99172502,0.022912936,255,2,929,1929
8,0,100823.29,0.99715103,0.022912936,255,2,930,1930
8,0,100561.04,0.9330996,0.022912936,255,2,931,1931
8,0,100514.5,0.98145088,0.022912936,255,2,932,1932
8,0,100416.26,0.91345292,0.022912936,255,2,933,1933
8,0,100951.95,0.96659197,0.022912936,255,2,934,1934
8,0,101090.81,0.88246203,0.022912936,255,2,935,1935
8,0,100774.82,0.96025544,0.022912936,255,2,936,1936
8,0,100841.03,0.92600092,0.022912936,255,2,937,1937
8,0,101067.16,0.8452919,0.022912936,255,2,938,1938
8,0,101128.3,0.98783131,0.022912936,255,2,939,1939
8,0,101450.23,0.96815869,0.022912936,255,2,940,1940
8,0,101480.89,0.90901063,0.022912936,255,2,941,1941
8,0,101764.95,0.903247,0.022912936,255,2,942,1942
8,0,101687.15,0.95891652,0.022912936,255,2,943,1943
8,0,101152.96,0.99397322,0.022912936,255,2,944,1944
8,0,100924.39,0.97827408,0.022912936,255,2,945,1945
8,0,101015.2,0.91690043,0.022912936,255,2,946,1946
8,0,101031.5,0.83241146,0.022912936,255,2,947,1947
8,0,101162.72,0.95000797,0.022912936,255,2,948,1948
8,0,100840.42,0.99268243,0.022912936,255,2,949,1949
8,0,100554.76,0.97888614,0.022912936,255,2,950,1950
8,0,100775.37,0.95242221,0.022912936,255,2,951,1951
8,0,101175.32,0.99029042,0.022912936,255,2,952,1952
8,0,101159.6,0.88085353,0.022912936,255,2,953,1953
8,0,101331.91,0.91361001,0.022912936,255,2,954,1954
8,0,101390.96,0.98285504,0.022912936,255,2,955,1955
8,0,101180.72,0.98668186,0.022912936,255,2,956,1956
8,0,101393.01,0.90425275,0.022912936,255,2,957,1957
8,0,101536.63,0.96932047,0.022912936,255,2,958,1958
8,0,101102.61,0.98822364,0.022912936,255,2,959,1959
8,0,101182.71,0.97255009,0.022912936,255,2,960,1960
8,0,100652.39,0.98831,0.022912936,255,2,961,1961
8,0,100988.89,0.75302693,0.022912936,255,2,962,1962
8,0,101183.7,0.96815979,0.022912936,255,2,963,1963
8,0,101177.22,0.98703113,0.022912936,255,2,964,1964
8,0,101447.4,0.9680198,0.022912936,255,2,965,1965
8,0,100965.1,0.9520523,0.022912936,255,2,966,1966
8,0,100956.15,0.99552191,0.022912936,255,2,967,1967
8,0,100982.62,0.93486824,0.022912936,255,2,968,1968
8,0,100812.14,0.96305244,0.022912936,255,2,969,1969
8,0,100932.42,0.85153849,0.022912936,255,2,970,1970
8,0,101138.61,0.93619359,0.022912936,255,2,971,1971
8,0,101500.75,0.87325314,0.022912936,255,2,972,1972
8,0,101384.24,0.96283,0.022912936,255,2,973,1973
8,0,101448.01,0.93144777,0.022912936,255,2,974,1974
8,0,101409.47,1,0.022912936,255,2,975,1975
8,0,101360.05,0.93253677,0.022912936,255,2,976,1976
8,0,101147.56,0.91557963,0.022912936,255,2,977,1977
8,0,100866.49,0.98785413,0.022912936,255,2,978,1978
8,0,100906.84,0.96384011,0.022912936,255,2,979,1979
8,0,100761.62,0.92322899,0.022912936,255,2,980,1980
8,0,100861.41,0.98788648,0.022912936,255,2,981,1981
8,0,100978.06,0.94834705,0.022912936,255,2,982,1982
8,0,101137.52,0.84918859,0.022912936,255,2,983,1983
8,0,101031.71,0.88573829,0.022912936,255,2,984,1984
8,0,100750.24,0.99389442,0.022912936,255,2,985,1985
8,0,100678.2,0.93972057,0.022912936,255,2,986,1986
8,0,100561.4,1,0.022912936,255,2,987,1987
8,0,100831.83,0.98779715,0.022912936,255,2,988,1988
8,0,100722.71,0.99823984,0.022912936,255,2,989,1989
8,0,100933.93,0.99776692,0.022912936,255,2,990,1990
8,0,101069.56,0.98427316,0.022912936,255,2,991,1991
8,0,100921.6,0.80162102,0.022912936,255,2,992,1992
8,0,100739.67,0.98569667,0.022912936,255,2,993,1993
8,0,100727.76,0.85073871,0.022912936,255,2,994,1994
8,0,100395.95,0.97826905,0.022912936,255,2,995,1995
8,0,100658.25,0.93227135,0.022912936,255,2,996,1996
8,0,100708.84,0.97295634,0.022912936,255,2,997,1997
8,0,100983.31,0.97450591,0.022912936,255,2,998,1998
8,0,100575.24,0.88028426,0.022912936,255,2,999,1999
8,0,101141.88,0.8906989,0.022912936,255,2,1000,2000
8,0,101219.48,0.99534236,0.021806689,255,3,1,2001
8,0,100943.57,0.99948228,0.021806689,255,3,2,2002
8,0,101055.37,0.96966991,0.021806689,255,3,3,2003
8,0,101199.98,0.98576842,0.021806689,255,3,4,2004
8,0,101215.51,0.81126503,0.021806689,255,3,5,2005
8,0,100947.05,0.97746053,0.021806689,255,3,6,2006
8,0,101273.29,0.97754816,0.021806689,255,3,7,2007
8,0,100871.76,0.98759713,0.021806689,255,3,8,2008
8,0,101284,0.87955826,0.021806689,255,3,9,2009
8,0,101188.15,0.9870029,0.021806689,255,3,10,2010
8,0,101283.23,0.90041592,0.021806689,255,3,11,2011
8,0,101198.8,0.98326158,0.021806689,255,3,12,2012
8,0,101748.13,0.97500701,0.021806689,255,3,13,2013
8,0,101405.78,0.9975978,0.021806689,255,3,14,2014
8,0,100994.46,0.94016408,0.021806689,255,3,15,2015
8,0,101144.66,0.99163326,0.021806689,255,3,16,2016
8,0,100875.09,0.79480351,0.021806689,255,3,17,2017
8,0,101199.42,0.89575794,0.021806689,255,3,18,2018
8,0,100782.25,0.93568487,0.021806689,255,3,19,2019
8,0,100724.76,0.79480852,0.021806689,255,3,20,2020
8,0,100839.1,0.98508302,0.021806689,255,3,21,2021
8,0,100840.59,0.95772323,0.021806689,255,3,22,2022
8,0,100307.5,0.97654784,0.021806689,255,3,23,2023
8,0,100659.3,0.99588046,0.021806689,255,3,24,2024
8,0,100644.02,0.91134122,0.021806689,255,3,25,2025
8,0,100675.02,0.94495319,0.021806689,255,3,26,2026
8,0,101142.78,0.86154339,0.021806689,255,3,27,2027
8,0,101385.4,0.93352736,0.021806689,255,3,28,2028
8,0,100410.21,0.95352374,0.021806689,255,3,29,2029
8,0,100710.6,0.92930468,0.021806689,255,3,30,2030
8,0,100789.44,0.96582613,0.021806689,255,3,31,2031
8,0,100781.16,0.94293464,0.021806689,255,3,32,2032
8,0,101141.82,0.83803407,0.021806689,255,3,33,2033
8,0,101151.94,0.97860248,0.021806689,255,3,34,2034
8,0,100971.84,0.90421691,0.021806689,255,3,35,2035
8,0,100669.9,0.98781042,0.021806689,255,3,36,2036
8,0,101046.14,0.95734399,0.021806689,255,3,37,2037
8,0,101079.99,0.94870133,0.021806689,255,3,38,2038
8,0,100920.48,0.95440089,0.021806689,255,3,39,2039
8,0,101212.32,0.9795198,0.021806689,255,3,40,2040
8,0,100927.86,0.96083696,0.021806689,255,3,41,2041
8,0,100612.23,0.95642655,0.021806689,255,3,42,2042
8,0,100637.75,0.96533992,0.021806689,255,3,43,2043
8,0,100901.86,0.95608209,0.021806689,255,3,44,2044
8,0,101085.76,0.9955017,0.021806689,255,3,45,2045
8,0,101270.17,0.959023,0.021806689,255,3,46,2046
8,0,101003.82,0.99531104,0.021806689,255,3,47,2047
8,0,100747.13,0.93919022,0.021806689,255,3,48,2048
8,0,100750.81,0.97545261,0.021806689,255,3,49,2049
8,0,100936.09,0.96911846,0.021806689,255,3,50,2050
8,0,101161.88,0.9855331,0.021806689,255,3,51,2051
8,0,101160.16,0.99841957,0.021806689,255,3,52,2052
8,0,101035.72,0.9785374,0.021806689,255,3,53,2053
8,0,101094.45,0.88088741,0.021806689,255,3,54,2054
8,0,100401.6,0.98596177,0.021806689,255,3,55,2055
8,0,100771.22,0.79573378,0.021806689,255,3,56,2056
8,0,100842.66,0.96778164,0.021806689,255,3,57,2057
8,0,100829.99,0.96029401,0.021806689,255,3,58,2058
8,0,100770.24,0.97239288,0.021806689,255,3,59,2059
8,0,100730.07,0.88717407,0.021806689,255,3,60,2060
8,0,100877.02,0.97989143,0.021806689,255,3,61,2061
8,0,100937.47,0.91503987,0.021806689,255,3,62,2062
8,0,101040.49,0.90534036,0.021806689,255,3,63,2063
8,0,101398.43,0.81674081,0.021806689,255,3,64,2064
8,0,101199.83,0.98063235,0.021806689,255,3,65,2065
8,0,101176.06,0.98001178,0.021806689,255,3,66,2066
8,0,100817.49,0.84227687,0.021806689,255,3,67,2067
8,0,100935.83,0.95137098,0.021806689,255,3,68,2068
8,0,101007.77,0.95250706,0.021806689,255,3,69,2069
8,0,101095.08,0.95172895,0.021806689,255,3,70,2070
8,0,100917.26,0.99435931,0.021806689,255,3,71,2071
8,0,100955.59,0.97635124,0.021806689,255,3,72,2072
8,0,101140.45,0.96364996,0.021806689,255,3,73,2073
8,0,100969.19,0.99374057,0.021806689,255,3,74,2074
8,0,100744.42,0.9735248,0.021806689,255,3,75,2075
8,0,100588.6,0.9096704,0.021806689,255,3,76,2076
8,0,100801.1,0.87236856,0.021806689,255,3,77,2077
8,0,101112.02,0.92893094,0.021806689,255,3,78,2078
8,0,101107.35,0.93987648,0.021806689,255,3,79,2079
8,0,101440.31,0.97673228,0.021806689,255,3,80,2080
8,0,101622.88,0.99708985000000006,0.021806689,255,3,81,2081
8,0,101851.04,0.84883232,0.021806689,255,3,82,2082
8,0,101698.81,0.96445789,0.021806689,255,3,83,2083
8,0,101192.98,0.99556997,0.021806689,255,3,84,2084
8,0,101212.71,0.90112723,0.021806689,255,3,85,2085
8,0,100780.55,0.96945773,0.021806689,255,3,86,2086
8,0,100833.37,0.96496913,0.021806689,255,3,87,2087
8,0,101085.54,0.99057799,0.021806689,255,3,88,2088
8,0,100664.13,0.95696668,0.021806689,255,3,89,2089
8,0,100967.27,0.93152583,0.021806689,255,3,90,2090
8,0,100789.62,0.97289303,0.021806689,255,3,91,2091
8,0,100719.07,0.99792375,0.021806689,255,3,92,2092
8,0,101355.97,0.94476299,0.021806689,255,3,93,2093
8,0,100932.17,0.95190164,0.021806689,255,3,94,2094
8,0,101041.4,0.92504431,0.021806689,255,3,95,2095
8,0,101069.43,0.99533445,0.021806689,255,3,96,2096
8,0,101187.8,0.98337772,0.021806689,255,3,97,2097
8,0,101237.81,0.97353131,0.021806689,255,3,98,2098
8,0,101317.06,0.99132403,0.021806689,255,3,99,2099
8,0,101025.53,0.87155272,0.021806689,255,3,100,2100
8,0,101357.28,0.92979527,0.021806689,255,3,101,2101
8,0,101355.48,0.9604568,0.021806689,255,3,102,2102
8,0,100898.7,0.88779416,0.021806689,255,3,103,2103
8,0,100993.17,0.91199493,0.021806689,255,3,104,2104
8,0,101127.3,0.9341131,0.021806689,255,3,105,2105
8,0,100639.21,0.9918287,0.021806689,255,3,106,2106
8,0,100929.95,0.84473289,0.021806689,255,3,107,2107
8,0,101105.79,0.85134787,0.021806689,255,3,108,2108
8,0,101133.49,0.91747335,0.021806689,255,3,109,2109
8,0,101060.56,0.94575437,0.021806689,255,3,110,2110
8,0,100969.19,0.92333417,0.021806689,255,3,111,2111
8,0,100832.92,0.97826187,0.021806689,255,3,112,2112
8,0,100949.63,0.98371809,0.021806689,255,3,113,2113
8,0,100912.02,0.99747079,0.021806689,255,3,114,2114
8,0,100442.54,0.95963563,0.021806689,255,3,115,2115
8,0,100394.9,0.88881713,0.021806689,255,3,116,2116
8,0,100435.76,0.99633652,0.021806689,255,3,117,2117
8,0,100760.11,0.99988823,0.021806689,255,3,118,2118
8,0,100844.61,0.98349726,0.021806689,255,3,119,2119
8,0,100616.88,0.97188543,0.021806689,255,3,120,2120
8,0,100003.51,0.98974501,0.021806689,255,3,121,2121
8,0,100300.24,0.96099742,0.021806689,255,3,122,2122
8,0,100284.38,0.95892131,0.021806689,255,3,123,2123
8,0,100763.49,0.94977238,0.021806689,255,3,124,2124
8,0,101007.57,0.99913828,0.021806689,255,3,125,2125
8,0,101237.21,0.97687578,0.021806689,255,3,126,2126
8,0,100813.76,0.99446266,0.021806689,255,3,127,2127
8,0,100773.65,0.84808674,0.021806689,255,3,128,2128
8,0,100956.42,0.93200801,0.021806689,255,3,129,2129
8,0,101102.46,0.91213734,0.021806689,255,3,130,2130
8,0,100889.76,0.96907288,0.021806689,255,3,131,2131
8,0,100889.21,0.9823324,0.021806689,255,3,132,2132
8,0,101095.79,0.9495578,0.021806689,255,3,133,2133
8,0,100931.9,0.99279284,0.021806689,255,3,134,2134
8,0,100653.89,0.99615107,0.021806689,255,3,135,2135
8,0,100482.79,0.8228392,0.021806689,255,3,136,2136
8,0,101016.68,0.83306591,0.021806689,255,3,137,2137
8,0,101056.44,0.92588515,0.021806689,255,3,138,2138
8,0,101265.41,0.90300328,0.021806689,255,3,139,2139
8,0,101227.48,0.99770125,0.021806689,255,3,140,2140
8,0,100849.78,0.98827468,0.021806689,255,3,141,2141
8,0,100701.73,0.99929005,0.021806689,255,3,142,2142
8,0,100477.05,0.99126591,0.021806689,255,3,143,2143
8,0,100326.74,0.86075142,0.021806689,255,3,144,2144
8,0,100407.51,0.91619008,0.021806689,255,3,145,2145
8,0,100809.41,0.99563354,0.021806689,255,3,146,2146
8,0,101240.64,0.95752596,0.021806689,255,3,147,2147
8,0,100920.38,0.89506367,0.021806689,255,3,148,2148
8,0,101287.49,0.94435726,0.021806689,255,3,149,2149
8,0,100923.9,0.98493073,0.021806689,255,3,150,2150
8,0,100837.38,0.9667836,0.021806689,255,3,151,2151
8,0,100744.5,0.9772175,0.021806689,255,3,152,2152
8,0,100822.59,0.87984632,0.021806689,255,3,153,2153
8,0,101217.59,0.94528853,0.021806689,255,3,154,2154
8,0,101568.37,0.99908324,0.021806689,255,3,155,2155
8,0,101232.88,0.88116115,0.021806689,255,3,156,2156
8,0,101787.85,0.71818983,0.021806689,255,3,157,2157
8,0,101739.72,0.96812069,0.021806689,255,3,158,2158
8,0,101212.35,0.99753693,0.021806689,255,3,159,2159
8,0,101122.66,0.78094343,0.021806689,255,3,160,2160
8,0,101134.35,0.99785981,0.021806689,255,3,161,2161
8,0,101381.92,0.88780228,0.021806689,255,3,162,2162
8,0,101344.03,0.99988576,0.021806689,255,3,163,2163
8,0,100917.65,0.98757839,0.021806689,255,3,164,2164
8,0,101059.81,0.85903439,0.021806689,255,3,165,2165
8,0,101631.3,0.97131794,0.021806689,255,3,166,2166
8,0,101467.33,0.95045804,0.021806689,255,3,167,2167
8,0,101690.21,0.97292026,0.021806689,255,3,168,2168
8,0,101207.46,0.99907181,0.021806689,255,3,169,2169
8,0,100776.55,0.93793632,0.021806689,255,3,170,2170
8,0,100953.39,0.98152688,0.021806689,255,3,171,2171
8,0,100850.58,0.98112813,0.021806689,255,3,172,2172
8,0,101298.04,0.89004374,0.021806689,255,3,173,2173
8,0,101414.53,0.8839009,0.021806689,255,3,174,2174
8,0,101393.54,0.99436834,0.021806689,255,3,175,2175
8,0,101235.11,0.94667213,0.021806689,255,3,176,2176
8,0,101220.54,0.95031797,0.021806689,255,3,177,2177
8,0,101484.85,0.9472033,0.021806689,255,3,178,2178
8,0,101214.88,0.90224427,0.021806689,255,3,179,2179
8,0,101091.44,0.94088444,0.021806689,255,3,180,2180
8,0,101338.04,0.90634794,0.021806689,255,3,181,2181
8,0,100824.67,0.94266022,0.021806689,255,3,182,2182
8,0,100643.66,0.98445363,0.021806689,255,3,183,2183
8,0,100812.54,0.96827388,0.021806689,255,3,184,2184
8,0,100805.86,0.94543661,0.021806689,255,3,185,2185
8,0,100649.77,0.92251647,0.021806689,255,3,186,2186
8,0,101058.46,0.93986598,0.021806689,255,3,187,2187
8,0,100616.06,0.98974206,0.021806689,255,3,188,2188
8,0,100719.45,0.92194619,0.021806689,255,3,189,2189
8,0,101066.93,0.92999563,0.021806689,255,3,190,2190
8,0,101063.1,0.85312586,0.021806689,255,3,191,2191
8,0,100987.78,0.97302621,0.021806689,255,3,192,2192
8,0,101270.7,0.9872545,0.021806689,255,3,193,2193
8,0,101185.4,0.94726736,0.021806689,255,3,194,2194
8,0,101550.94,0.97771184,0.021806689,255,3,195,2195
8,0,100867.5,0.99421519,0.021806689,255,3,196,2196
8,0,101150.28,0.99591282,0.021806689,255,3,197,2197
8,0,100915.08,0.99998684,0.021806689,255,3,198,2198
8,0,100485,0.94949505,0.021806689,255,3,199,2199
8,0,100619.77,0.9907411,0.021806689,255,3,200,2200
8,0,100592.15,0.9345006,0.021806689,255,3,201,2201
8,0,100622.78,0.95050678,0.021806689,255,3,202,2202
8,0,100284.22,0.99244532,0.021806689,255,3,203,2203
8,0,100851.3,0.98819503,0.021806689,255,3,204,2204
8,0,101280.29,0.96988611,0.021806689,255,3,205,2205
8,0,101345.45,0.99475901,0.021806689,255,3,206,2206
8,0,100939.97,0.94772039,0.021806689,255,3,207,2207
8,0,100663.26,0.94385949,0.021806689,255,3,208,2208
8,0,100881.82,0.96874382,0.021806689,255,3,209,2209
8,0,100635.29,0.83987777,0.021806689,255,3,210,2210
8,0,100699.96,0.92321602,0.021806689,255,3,211,2211
8,0,100391.58,0.90285439,0.021806689,255,3,212,2212
8,0,100229.42,0.90431322,0.021806689,255,3,213,2213
8,0,100440.41,0.95958514,0.021806689,255,3,214,2214
8,0,100505.87,0.89450007,0.021806689,255,3,215,2215
8,0,100507.84,0.97273349,0.021806689,255,3,216,2216
8,0,100452.8,0.94300213,0.021806689,255,3,217,2217
8,0,100716.98,0.79244272,0.021806689,255,3,218,2218
8,0,101139.47,0.98002842,0.021806689,255,3,219,2219
8,0,101050.3,0.97761618,0.021806689,255,3,220,2220
8,0,101233.51,0.94377047,0.021806689,255,3,221,2221
8,0,100641.5,0.99487363,0.021806689,255,3,222,2222
8,0,101037.07,0.98311422,0.021806689,255,3,223,2223
8,0,100972.84,0.99240432,0.021806689,255,3,224,2224
8,0,100976.95,0.99132058,0.021806689,255,3,225,2225
8,0,100869.29,0.97221739,0.021806689,255,3,226,2226
8,0,100842.72,0.97734718,0.021806689,255,3,227,2227
8,0,100675.4,0.96906213,0.021806689,255,3,228,2228
8,0,101021.54,0.87627271,0.021806689,255,3,229,2229
8,0,101018.24,0.98972621,0.021806689,255,3,230,2230
8,0,100351.1,0.92845641,0.021806689,255,3,231,2231
8,0,100363.07,0.97558702,0.021806689,255,3,232,2232
8,0,100398.32,0.99184457,0.021806689,255,3,233,2233
8,0,101165.86,0.96171325,0.021806689,255,3,234,2234
8,0,100934.62,0.97902686,0.021806689,255,3,235,2235
8,0,100858,0.8978458,0.021806689,255,3,236,2236
8,0,100705.52,0.92102892,0.021806689,255,3,237,2237
8,0,101218.73,0.97229131,0.021806689,255,3,238,2238
8,0,101204.43,0.95861887,0.021806689,255,3,239,2239
8,0,100998.87,0.99454811,0.021806689,255,3,240,2240
8,0,100924.89,0.97053275,0.021806689,255,3,241,2241
8,0,100679.74,0.97083897,0.021806689,255,3,242,2242
8,0,100731.45,0.91412372,0.021806689,255,3,243,2243
8,0,100999.8,0.95806217,0.021806689,255,3,244,2244
8,0,101114.84,0.95472522,0.021806689,255,3,245,2245
8,0,101356.52,0.92752986,0.021806689,255,3,246,2246
8,0,101396.11,0.9369471,0.021806689,255,3,247,2247
8,0,100889.37,0.99617232,0.021806689,255,3,248,2248
8,0,100912.28,0.99229298,0.021806689,255,3,249,2249
8,0,101560.01,0.86317013,0.021806689,255,3,250,2250
8,0,101138.84,0.99784988,0.021806689,255,3,251,2251
8,0,100973.99,0.96377209,0.021806689,255,3,252,2252
8,0,101036.12,0.9940529,0.021806689,255,3,253,2253
8,0,101312.97,0.77291257,0.021806689,255,3,254,2254
8,0,101106.09,0.8868499,0.021806689,255,3,255,2255
8,0,101549.63,0.94524412,0.021806689,255,3,256,2256
8,0,101038.17,0.96790135,0.021806689,255,3,257,2257
8,0,100712.5,0.99740168,0.021806689,255,3,258,2258
8,0,100860.11,0.98463225,0.021806689,255,3,259,2259
8,0,101189.68,0.98753198,0.021806689,255,3,260,2260
8,0,101355.58,0.97052255,0.021806689,255,3,261,2261
8,0,100990.5,0.98611602,0.021806689,255,3,262,2262
8,0,100961.37,0.91530734,0.021806689,255,3,263,2263
8,0,100964.73,0.86712063,0.021806689,255,3,264,2264
8,0,100827.35,0.99524958,0.021806689,255,3,265,2265
8,0,101076.84,0.85452712,0.021806689,255,3,266,2266
8,0,101085.21,0.90171486,0.021806689,255,3,267,2267
8,0,101215.15,0.96252272,0.021806689,255,3,268,2268
8,0,101193.75,0.97959219,0.021806689,255,3,269,2269
8,0,101121.85,0.99047529,0.021806689,255,3,270,2270
8,0,100835.69,0.98311762,0.021806689,255,3,271,2271
8,0,100682.93,0.98730134,0.021806689,255,3,272,2272
8,0,100905.74,0.81783297,0.021806689,255,3,273,2273
8,0,100614.82,0.97457435,0.021806689,255,3,274,2274
8,0,100677.54,0.92502469,0.021806689,255,3,275,2275
8,0,100929.04,0.89383231,0.021806689,255,3,276,2276
8,0,101125.49,0.97757417,0.021806689,255,3,277,2277
8,0,101215.74,0.97452984,0.021806689,255,3,278,2278
8,0,101140.31,0.97981583,0.021806689,255,3,279,2279
8,0,100894.01,0.93395941,0.021806689,255,3,280,2280
8,0,100834.59,0.94460321,0.021806689,255,3,281,2281
8,0,101208.37,0.94196692,0.021806689,255,3,282,2282
8,0,100853.57,0.91977963,0.021806689,255,3,283,2283
8,0,100643.8,0.98231361,0.021806689,255,3,284,2284
8,0,100703.4,0.98837425,0.021806689,255,3,285,2285
8,0,100829.61,0.8054731,0.021806689,255,3,286,2286
8,0,100782.28,0.99273492,0.021806689,255,3,287,2287
8,0,100699.71,0.97242555,0.021806689,255,3,288,2288
8,0,100720.52,0.85776825,0.021806689,255,3,289,2289
8,0,101078.85,0.93719978,0.021806689,255,3,290,2290
8,0,100721.21,0.98893779,0.021806689,255,3,291,2291
8,0,100951.14,0.99760353,0.021806689,255,3,292,2292
8,0,100785.08,0.92480443,0.021806689,255,3,293,2293
8,0,100546.17,0.96804826,0.021806689,255,3,294,2294
8,0,100592.17,0.85913882,0.021806689,255,3,295,2295
8,0,100916.99,0.86720003,0.021806689,255,3,296,2296
8,0,101121.87,0.93290648,0.021806689,255,3,297,2297
8,0,101409.01,0.93008673,0.021806689,255,3,298,2298
8,0,101077.76,0.98604783,0.021806689,255,3,299,2299
8,0,100916.98,0.97315488000000006,0.021806689,255,3,300,2300
8,0,101043.41,0.97358215,0.021806689,255,3,301,2301
8,0,100882,0.94253239,0.021806689,255,3,302,2302
8,0,100889.42,0.8281852,0.021806689,255,3,303,2303
8,0,101143.72,0.86656385,0.021806689,255,3,304,2304
8,0,101091.36,0.89311931,0.021806689,255,3,305,2305
8,0,101101.9,0.96496173,0.021806689,255,3,306,2306
8,0,101482.26,0.95865374,0.021806689,255,3,307,2307
8,0,101029.83,0.93999086,0.021806689,255,3,308,2308
8,0,101333.43,0.99090764,0.021806689,255,3,309,2309
8,0,101425.72,0.99711424,0.021806689,255,3,310,2310
8,0,101446.25,0.91377935,0.021806689,255,3,311,2311
8,0,100792.7,0.94714291,0.021806689,255,3,312,2312
8,0,101035.37,0.86198077,0.021806689,255,3,313,2313
8,0,101273.56,0.95101762,0.021806689,255,3,314,2314
8,0,100891.73,0.99587168,0.021806689,255,3,315,2315
8,0,101054.68,0.90109073,0.021806689,255,3,316,2316
8,0,101224.67,0.9853232,0.021806689,255,3,317,2317
8,0,100803.65,0.95707489,0.021806689,255,3,318,2318
8,0,100805.15,0.97552818,0.021806689,255,3,319,2319
8,0,100708.91,0.93261147,0.021806689,255,3,320,2320
8,0,100495.11,0.97776478,0.021806689,255,3,321,2321
8,0,100612.04,0.95218664,0.021806689,255,3,322,2322
8,0,100754.8,0.97318598,0.021806689,255,3,323,2323
8,0,100525.75,0.9043433,0.021806689,255,3,324,2324
8,0,100704.34,0.92908482,0.021806689,255,3,325,2325
8,0,101030.24,0.96249724,0.021806689,255,3,326,2326
8,0,101211.7,0.99098156,0.021806689,255,3,327,2327
8,0,101477.15,0.95655557,0.021806689,255,3,328,2328
8,0,101410.95,0.92335506,0.021806689,255,3,329,2329
8,0,101341.3,0.94746581,0.021806689,255,3,330,2330
8,0,101354.16,0.99858824,0.021806689,255,3,331,2331
8,0,101338.39,0.97985093,0.021806689,255,3,332,2332
8,0,101088.15,0.97153206,0.021806689,255,3,333,2333
8,0,101174.42,0.99660375,0.021806689,255,3,334,2334
8,0,101113.16,0.98570167,0.021806689,255,3,335,2335
8,0,101069.23,0.98896965,0.021806689,255,3,336,2336
8,0,100828.69,0.81868598,0.021806689,255,3,337,2337
8,0,100602.72,0.99494456,0.021806689,255,3,338,2338
8,0,100589.61,0.98592073,0.021806689,255,3,339,2339
8,0,100174.19,0.99784449,0.021806689,255,3,340,2340
8,0,100686.72,0.84257239,0.021806689,255,3,341,2341
8,0,100794.76,0.97968743,0.021806689,255,3,342,2342
8,0,100618.45,0.96015245,0.021806689,255,3,343,2343
8,0,100725.57,0.95154983,0.021806689,255,3,344,2344
8,0,100738.79,0.99667199,0.021806689,255,3,345,2345
8,0,101052.22,0.97140143,0.021806689,255,3,346,2346
8,0,100456.9,0.95161382,0.021806689,255,3,347,2347
8,0,100414.19,0.89522859,0.021806689,255,3,348,2348
8,0,100465.99,0.94634054,0.021806689,255,3,349,2349
8,0,100297.03,0.94412331,0.021806689,255,3,350,2350
8,0,100520.61,0.9448922,0.021806689,255,3,351,2351
8,0,100635.52,0.91474395,0.021806689,255,3,352,2352
8,0,100701.8,0.91070344,0.021806689,255,3,353,2353
8,0,100586.71,0.92193502,0.021806689,255,3,354,2354
8,0,100878.95,0.8900994,0.021806689,255,3,355,2355
8,0,101016.2,0.93988945,0.021806689,255,3,356,2356
8,0,101248.58,0.96180245,0.021806689,255,3,357,2357
8,0,100990.16,0.9940415,0.021806689,255,3,358,2358
8,0,100679.02,0.9978618,0.021806689,255,3,359,2359
8,0,100445.28,0.95397539,0.021806689,255,3,360,2360
8,0,100390.71,0.9086785,0.021806689,255,3,361,2361
8,0,100878.43,0.97061619,0.021806689,255,3,362,2362
8,0,100713.7,0.96897819,0.021806689,255,3,363,2363
8,0,100820.83,0.92809909,0.021806689,255,3,364,2364
8,0,100509.84,0.99638731,0.021806689,255,3,365,2365
8,0,100679.22,0.96818234,0.021806689,255,3,366,2366
8,0,100876.68,0.98703755,0.021806689,255,3,367,2367
8,0,100791.16,0.99809281,0.021806689,255,3,368,2368
8,0,100627.58,0.9731387,0.021806689,255,3,369,2369
8,0,101032.04,0.97217317,0.021806689,255,3,370,2370
8,0,101051.7,0.91050961,0.021806689,255,3,371,2371
8,0,100771.18,0.97494288,0.021806689,255,3,372,2372
8,0,100949.1,0.99211039,0.021806689,255,3,373,2373
8,0,100224.63,0.98164816,0.021806689,255,3,374,2374
8,0,99853.615,0.97563963,0.021806689,255,3,375,2375
8,0,100293.62,0.92953672,0.021806689,255,3,376,2376
8,0,100446.26,0.96938608,0.021806689,255,3,377,2377
8,0,100611.55,0.99842311,0.021806689,255,3,378,2378
8,0,100927.87,0.99178235,0.021806689,255,3,379,2379
8,0,100902.33,0.90875285,0.021806689,255,3,380,2380
8,0,101050.29,0.95419738,0.021806689,255,3,381,2381
8,0,100608.26,0.94428566,0.021806689,255,3,382,2382
8,0,100375.84,0.97710432,0.021806689,255,3,383,2383
8,0,101066.75,0.89766021,0.021806689,255,3,384,2384
8,0,101518.16,0.90451951,0.021806689,255,3,385,2385
8,0,101322.55,0.94813309,0.021806689,255,3,386,2386
8,0,101356.89,0.84055075,0.021806689,255,3,387,2387
8,0,101335.7,0.99911931,0.021806689,255,3,388,2388
8,0,101641.87,0.96569233,0.021806689,255,3,389,2389
8,0,101459.62,0.9757381,0.021806689,255,3,390,2390
8,0,101466.08,0.97794619,0.021806689,255,3,391,2391
8,0,101247.34,0.99637335,0.021806689,255,3,392,2392
8,0,101263.27,0.92151971,0.021806689,255,3,393,2393
8,0,101209.47,0.92175533,0.021806689,255,3,394,2394
8,0,100654.09,0.95235471,0.021806689,255,3,395,2395
8,0,100939.55,0.96943953,0.021806689,255,3,396,2396
8,0,100735.1,0.94606048,0.021806689,255,3,397,2397
8,0,100249.16,0.96773375,0.021806689,255,3,398,2398
8,0,100054.48,0.97584629,0.021806689,255,3,399,2399
8,0,100553.73,0.91082903,0.021806689,255,3,400,2400
8,0,100810.29,0.95021813,0.021806689,255,3,401,2401
8,0,101047.71,0.9910876,0.021806689,255,3,402,2402
8,0,100854.14,0.98720836,0.021806689,255,3,403,2403
8,0,101008.97,0.95691097,0.021806689,255,3,404,2404
8,0,101145.19,0.90304557,0.021806689,255,3,405,2405
8,0,100644.95,0.9851079,0.021806689,255,3,406,2406
8,0,100450.39,0.97386471,0.021806689,255,3,407,2407
8,0,100754.24,0.85367688,0.021806689,255,3,408,2408
8,0,100751.96,0.96570279,0.021806689,255,3,409,2409
8,0,100871.48,0.96232272,0.021806689,255,3,410,2410
8,0,100745.22,0.90570309,0.021806689,255,3,411,2411
8,0,100775.78,0.97513529,0.021806689,255,3,412,2412
8,0,100939.85,0.94913911,0.021806689,255,3,413,2413
8,0,101593.57,0.99903914,0.021806689,255,3,414,2414
8,0,101316.75,0.95964451,0.021806689,255,3,415,2415
8,0,101725.71,0.96988589,0.021806689,255,3,416,2416
8,0,101689.31,0.98153644,0.021806689,255,3,417,2417
8,0,102086.5,0.97601396,0.021806689,255,3,418,2418
8,0,101668.22,0.85224818,0.021806689,255,3,419,2419
8,0,101872.64,0.961297,0.021806689,255,3,420,2420
8,0,101748.21,0.9976675,0.021806689,255,3,421,2421
8,0,101624.08,0.86766529,0.021806689,255,3,422,2422
8,0,101111.8,0.99977727,0.021806689,255,3,423,2423
8,0,100974.51,0.97797635,0.021806689,255,3,424,2424
8,0,100799.61,0.84896986,0.021806689,255,3,425,2425
8,0,101038.06,0.96361674,0.021806689,255,3,426,2426
8,0,101253.63,0.95034315,0.021806689,255,3,427,2427
8,0,101196.74,0.91324696,0.021806689,255,3,428,2428
8,0,101273.18,0.99919813,0.021806689,255,3,429,2429
8,0,101563.74,0.97365029,0.021806689,255,3,430,2430
8,0,101242.72,0.9992181,0.021806689,255,3,431,2431
8,0,101128.09,0.88037319,0.021806689,255,3,432,2432
8,0,101143.18,0.99917046,0.021806689,255,3,433,2433
8,0,101088.49,0.89568835,0.021806689,255,3,434,2434
8,0,101154.95,0.99952675,0.021806689,255,3,435,2435
8,0,101056.28,0.97985242,0.021806689,255,3,436,2436
8,0,100969.51,0.98936531,0.021806689,255,3,437,2437
8,0,101293.26,0.89985509,0.021806689,255,3,438,2438
8,0,101230.08,0.9024634,0.021806689,255,3,439,2439
8,0,101446.69,0.92618177,0.021806689,255,3,440,2440
8,0,101402.68,0.88402148,0.021806689,255,3,441,2441
8,0,101288.96,0.93594469,0.021806689,255,3,442,2442
8,0,101001.38,0.97568885,0.021806689,255,3,443,2443
8,0,101072.07,0.90074292,0.021806689,255,3,444,2444
8,0,100740.37,0.99147684,0.021806689,255,3,445,2445
8,0,100769.6,0.99873926,0.021806689,255,3,446,2446
8,0,100665.9,0.98021022,0.021806689,255,3,447,2447
8,0,100974.59,0.98964743,0.021806689,255,3,448,2448
8,0,101224.67,0.92259802,0.021806689,255,3,449,2449
8,0,101229.94,0.90101403,0.021806689,255,3,450,2450
8,0,101343.07,0.95373989,0.021806689,255,3,451,2451
8,0,101220.44,0.96849221,0.021806689,255,3,452,2452
8,0,101266.15,0.99628517,0.021806689,255,3,453,2453
8,0,101124.43,0.97655461,0.021806689,255,3,454,2454
8,0,100783.7,0.99809573,0.021806689,255,3,455,2455
8,0,100975.5,0.96442135,0.021806689,255,3,456,2456
8,0,100940.15,0.91701676,0.021806689,255,3,457,2457
8,0,100913.68,0.81027683,0.021806689,255,3,458,2458
8,0,101285.41,0.99140696,0.021806689,255,3,459,2459
8,0,101268.53,0.96974766,0.021806689,255,3,460,2460
8,0,101276.46,0.98996947,0.021806689,255,3,461,2461
8,0,100940.9,0.99931828,0.021806689,255,3,462,2462
8,0,100889.98,0.93933596,0.021806689,255,3,463,2463
8,0,100717.65,0.94517934,0.021806689,255,3,464,2464
8,0,100753.12,0.82975383,0.021806689,255,3,465,2465
8,0,99974.846,0.96054884,0.021806689,255,3,466,2466
8,0,100550.34,0.92830715,0.021806689,255,3,467,2467
8,0,100658.02,0.87649817,0.021806689,255,3,468,2468
8,0,100576.97,0.97789373,0.021806689,255,3,469,2469
8,0,100789.76,0.98075092,0.021806689,255,3,470,2470
8,0,100880.86,0.99150703,0.021806689,255,3,471,2471
8,0,101257.1,0.98840264,0.021806689,255,3,472,2472
8,0,101523.58,0.95685608,0.021806689,255,3,473,2473
8,0,101073.27,0.96427076,0.021806689,255,3,474,2474
8,0,101030.75,0.98936606,0.021806689,255,3,475,2475
8,0,101163.07,0.90639629,0.021806689,255,3,476,2476
8,0,100957.45,0.96547708,0.021806689,255,3,477,2477
8,0,100609.81,0.98095311,0.021806689,255,3,478,2478
8,0,100581,0.99995305,0.021806689,255,3,479,2479
8,0,100648.25,0.98847381,0.021806689,255,3,480,2480
8,0,100601.96,0.92769024,0.021806689,255,3,481,2481
8,0,100340.7,0.94180487,0.021806689,255,3,482,2482
8,0,100456.8,0.95226105,0.021806689,255,3,483,2483
8,0,100682.94,0.99050889,0.021806689,255,3,484,2484
8,0,100667.77,0.96588804,0.021806689,255,3,485,2485
8,0,100526.88,0.96262424,0.021806689,255,3,486,2486
8,0,100120.19,0.91353461,0.021806689,255,3,487,2487
8,0,100553.88,0.93251439,0.021806689,255,3,488,2488
8,0,100618.24,0.93962847,0.021806689,255,3,489,2489
8,0,101159.32,0.96456467,0.021806689,255,3,490,2490
8,0,101132.94,0.91095552,0.021806689,255,3,491,2491
8,0,100720.84,0.93552353,0.021806689,255,3,492,2492
8,0,101138.97,0.97951868,0.021806689,255,3,493,2493
8,0,101024.49,0.85795574,0.021806689,255,3,494,2494
8,0,100703.11,0.99034013,0.021806689,255,3,495,2495
8,0,100436.08,0.92125332,0.021806689,255,3,496,2496
8,0,100785.32,0.94740932,0.021806689,255,3,497,2497
8,0,100705.88,0.97717146,0.021806689,255,3,498,2498
8,0,101204.51,0.99911175,0.021806689,255,3,499,2499
8,0,100842.21,0.93575533,0.021806689,255,3,500,2500
8,0,100626.22,0.9486418,0.021806689,255,3,501,2501
8,0,100468.12,0.92363866,0.021806689,255,3,502,2502
8,0,100091.55,0.80749141,0.021806689,255,3,503,2503
8,0,99984.073,0.99920847,0.021806689,255,3,504,2504
8,0,100760.68,0.91137313,0.021806689,255,3,505,2505
8,0,100815.1,0.96435375,0.021806689,255,3,506,2506
8,0,101212.13,0.96305203,0.021806689,255,3,507,2507
8,0,100938.63,0.97184534,0.021806689,255,3,508,2508
8,0,100967.59,0.99973984,0.021806689,255,3,509,2509
8,0,101251.6,0.847831,0.021806689,255,3,510,2510
8,0,100707.91,0.972254,0.021806689,255,3,511,2511
8,0,100385.52,0.99855376,0.021806689,255,3,512,2512
8,0,99993.512,0.99496041,0.021806689,255,3,513,2513
8,0,100221.1,0.94692076,0.021806689,255,3,514,2514
8,0,100400.23,0.99192251,0.021806689,255,3,515,2515
8,0,100518.28,0.87877842,0.021806689,255,3,516,2516
8,0,100804.15,0.80539662,0.021806689,255,3,517,2517
8,0,101045.33,0.96559533,0.021806689,255,3,518,2518
8,0,100869.92,0.91796624,0.021806689,255,3,519,2519
8,0,101169.33,0.88821014,0.021806689,255,3,520,2520
8,0,101338.65,0.99889058,0.021806689,255,3,521,2521
8,0,101275.39,0.90210919,0.021806689,255,3,522,2522
8,0,101330.51,0.98223675,0.021806689,255,3,523,2523
8,0,101240.94,0.99474102,0.021806689,255,3,524,2524
8,0,100997.76,0.99786812,0.021806689,255,3,525,2525
8,0,101223.26,0.93096412,0.021806689,255,3,526,2526
8,0,100806.28,0.89819004,0.021806689,255,3,527,2527
8,0,100670.91,0.97445716,0.021806689,255,3,528,2528
8,0,100509.29,0.93180625,0.021806689,255,3,529,2529
8,0,100752.96,0.88727068,0.021806689,255,3,530,2530
8,0,101159.77,0.9547842,0.021806689,255,3,531,2531
8,0,101407.55,0.90361618,0.021806689,255,3,532,2532
8,0,101360.3,0.95885812,0.021806689,255,3,533,2533
8,0,100799,0.99886721,0.021806689,255,3,534,2534
8,0,100862.89,0.83270676,0.021806689,255,3,535,2535
8,0,101236.22,0.98661437,0.021806689,255,3,536,2536
8,0,101091.45,0.94529601,0.021806689,255,3,537,2537
8,0,100891.41,0.99406121,0.021806689,255,3,538,2538
8,0,100964.25,0.89490915,0.021806689,255,3,539,2539
8,0,101059.76,0.97208954,0.021806689,255,3,540,2540
8,0,101009.17,0.86310238,0.021806689,255,3,541,2541
8,0,101391.41,0.99573939,0.021806689,255,3,542,2542
8,0,101543.23,0.87245903,0.021806689,255,3,543,2543
8,0,101394.13,0.9772639,0.021806689,255,3,544,2544
8,0,101296.91,0.9999628,0.021806689,255,3,545,2545
8,0,101209.08,0.9576979,0.021806689,255,3,546,2546
8,0,100694.74,0.99805428,0.021806689,255,3,547,2547
8,0,100559.92,0.98608081,0.021806689,255,3,548,2548
8,0,100756.46,0.99105024,0.021806689,255,3,549,2549
8,0,100581.99,0.97984478,0.021806689,255,3,550,2550
8,0,100776.9,0.87224243,0.021806689,255,3,551,2551
8,0,100812.81,0.96185511,0.021806689,255,3,552,2552
8,0,100484.06,0.86563913,0.021806689,255,3,553,2553
8,0,100743.8,0.88321725,0.021806689,255,3,554,2554
8,0,100801.13,0.99851077,0.021806689,255,3,555,2555
8,0,101068.51,0.99803765,0.021806689,255,3,556,2556
8,0,100951.91,0.99891412,0.021806689,255,3,557,2557
8,0,101312.21,0.88720248,0.021806689,255,3,558,2558
8,0,100965.62,0.96190159,0.021806689,255,3,559,2559
8,0,101003.25,0.80597493,0.021806689,255,3,560,2560
8,0,101002.92,0.88064331,0.021806689,255,3,561,2561
8,0,101302.92,0.96752799,0.021806689,255,3,562,2562
8,0,101053.96,0.97790736,0.021806689,255,3,563,2563
8,0,101146.32,0.94685066,0.021806689,255,3,564,2564
8,0,101344.95,0.99650739,0.021806689,255,3,565,2565
8,0,101330.56,0.83414377,0.021806689,255,3,566,2566
8,0,101763.04,0.97872479,0.021806689,255,3,567,2567
8,0,101496.55,0.96315629,0.021806689,255,3,568,2568
8,0,101232.85,0.89953449,0.021806689,255,3,569,2569
8,0,101194.56,0.99950066,0.021806689,255,3,570,2570
8,0,100596.99,0.99679559,0.021806689,255,3,571,2571
8,0,100500.18,0.99440632,0.021806689,255,3,572,2572
8,0,100226.67,0.97093217,0.021806689,255,3,573,2573
8,0,100294.76,0.94423289,0.021806689,255,3,574,2574
8,0,100682.35,0.89323703,0.021806689,255,3,575,2575
8,0,100523.44,0.99881221,0.021806689,255,3,576,2576
8,0,100606.39,0.98542267,0.021806689,255,3,577,2577
8,0,101100.93,0.91505703,0.021806689,255,3,578,2578
8,0,101106.37,0.96414952,0.021806689,255,3,579,2579
8,0,101178.32,0.86028834,0.021806689,255,3,580,2580
8,0,101302.06,0.76953006,0.021806689,255,3,581,2581
8,0,101187.52,0.99674124,0.021806689,255,3,582,2582
8,0,101495.85,0.96188393,0.021806689,255,3,583,2583
8,0,101121.93,0.9137945,0.021806689,255,3,584,2584
8,0,101174.06,0.99994519,0.021806689,255,3,585,2585
8,0,101010.2,0.93521087,0.021806689,255,3,586,2586
8,0,100467.25,0.99941008,0.021806689,255,3,587,2587
8,0,100355.03,0.98367286,0.021806689,255,3,588,2588
8,0,100794.4,0.99323625,0.021806689,255,3,589,2589
8,0,101109.97,0.99045691,0.021806689,255,3,590,2590
8,0,101669.23,0.82967792,0.021806689,255,3,591,2591
8,0,101769.05,0.97643039,0.021806689,255,3,592,2592
8,0,101692.45,0.94882451,0.021806689,255,3,593,2593
8,0,101919.49,0.92873146,0.021806689,255,3,594,2594
8,0,101799.85,0.9711993,0.021806689,255,3,595,2595
8,0,101792.82,0.85143216,0.021806689,255,3,596,2596
8,0,101424.57,0.90328819,0.021806689,255,3,597,2597
8,0,101418.64,0.89785669,0.021806689,255,3,598,2598
8,0,101328.41,0.9884232,0.021806689,255,3,599,2599
8,0,100980.49,0.99709035,0.021806689,255,3,600,2600
8,0,100704.57,0.89113901,0.021806689,255,3,601,2601
8,0,100469.79,0.98143737,0.021806689,255,3,602,2602
8,0,100696.89,0.97473374,0.021806689,255,3,603,2603
8,0,100898.87,0.98595919,0.021806689,255,3,604,2604
8,0,101073.96,0.99344658,0.021806689,255,3,605,2605
8,0,100586.77,0.98964825,0.021806689,255,3,606,2606
8,0,101098.12,0.95339363,0.021806689,255,3,607,2607
8,0,101405.07,0.99042129,0.021806689,255,3,608,2608
8,0,101589.02,0.9244073,0.021806689,255,3,609,2609
8,0,101500.72,0.95433262,0.021806689,255,3,610,2610
8,0,101165.48,0.98386024,0.021806689,255,3,611,2611
8,0,101097.81,0.95000145,0.021806689,255,3,612,2612
8,0,100956.51,0.93720208,0.021806689,255,3,613,2613
8,0,100773.38,0.93461148,0.021806689,255,3,614,2614
8,0,100395.49,0.87482127,0.021806689,255,3,615,2615
8,0,100230.67,0.97581242,0.021806689,255,3,616,2616
8,0,100118.23,0.98792457,0.021806689,255,3,617,2617
8,0,100504.84,0.89856539,0.021806689,255,3,618,2618
8,0,100927.66,0.97994027,0.021806689,255,3,619,2619
8,0,101002.46,0.88956542,0.021806689,255,3,620,2620
8,0,101254.69,0.79747234,0.021806689,255,3,621,2621
8,0,101018.53,0.95680544,0.021806689,255,3,622,2622
8,0,100674.03,0.99333875,0.021806689,255,3,623,2623
8,0,100837.55,0.98673697,0.021806689,255,3,624,2624
8,0,100761.68,0.99203814,0.021806689,255,3,625,2625
8,0,100325.99,0.98017493,0.021806689,255,3,626,2626
8,0,100291.64,0.9559683,0.021806689,255,3,627,2627
8,0,100144.97,0.98359518,0.021806689,255,3,628,2628
8,0,100959.45,0.94756916,0.021806689,255,3,629,2629
8,0,100628.4,0.95561809,0.021806689,255,3,630,2630
8,0,100753.15,0.86583731,0.021806689,255,3,631,2631
8,0,101379.49,0.96018628,0.021806689,255,3,632,2632
8,0,100981.05,0.96302966,0.021806689,255,3,633,2633
8,0,101248.32,0.96870842,0.021806689,255,3,634,2634
8,0,101266.64,0.96202559,0.021806689,255,3,635,2635
8,0,101484,0.96008764,0.021806689,255,3,636,2636
8,0,101411.7,0.97131558,0.021806689,255,3,637,2637
8,0,100913.66,0.99971088,0.021806689,255,3,638,2638
8,0,101315.9,0.96865361,0.021806689,255,3,639,2639
8,0,101161.03,0.98333714,0.021806689,255,3,640,2640
8,0,101148.44,0.99802867,0.021806689,255,3,641,2641
8,0,101200.85,0.99398069,0.021806689,255,3,642,2642
8,0,101185.24,0.82055117,0.021806689,255,3,643,2643
8,0,101478.35,0.99233264,0.021806689,255,3,644,2644
8,0,101685.96,0.98648377,0.021806689,255,3,645,2645
8,0,101444.6,0.9990965,0.021806689,255,3,646,2646
8,0,101477.65,0.98613401,0.021806689,255,3,647,2647
8,0,101352.73,0.917087,0.021806689,255,3,648,2648
8,0,101327.75,0.9450282,0.021806689,255,3,649,2649
8,0,101153.76,0.98426428,0.021806689,255,3,650,2650
8,0,101169.72,0.94867658,0.021806689,255,3,651,2651
8,0,100661.43,0.99103174,0.021806689,255,3,652,2652
8,0,100207.78,0.90807394,0.021806689,255,3,653,2653
8,0,100371.35,0.96460378,0.021806689,255,3,654,2654
8,0,100831.04,0.95538499,0.021806689,255,3,655,2655
8,0,100828.72,0.98195703,0.021806689,255,3,656,2656
8,0,101198.36,0.7941967,0.021806689,255,3,657,2657
8,0,101018.77,0.96792929,0.021806689,255,3,658,2658
8,0,100932.08,0.93464022,0.021806689,255,3,659,2659
8,0,100983.59,0.98338237,0.021806689,255,3,660,2660
8,0,100729.48,0.96753212,0.021806689,255,3,661,2661
8,0,101268.59,0.78354338,0.021806689,255,3,662,2662
8,0,101019.28,0.98268472,0.021806689,255,3,663,2663
8,0,101283.79,0.95153916,0.021806689,255,3,664,2664
8,0,100933.22,0.951007,0.021806689,255,3,665,2665
8,0,101131.31,0.92652709,0.021806689,255,3,666,2666
8,0,101019.79,0.94883495,0.021806689,255,3,667,2667
8,0,100910.5,0.99897767,0.021806689,255,3,668,2668
8,0,100429.02,0.98217668,0.021806689,255,3,669,2669
8,0,100474.59,0.98636411,0.021806689,255,3,670,2670
8,0,100002.82,0.94412679,0.021806689,255,3,671,2671
8,0,99858.736,0.96461956,0.021806689,255,3,672,2672
8,0,99929.502,0.92981026,0.021806689,255,3,673,2673
8,0,100476.4,0.77822715,0.021806689,255,3,674,2674
8,0,100519.09,0.94319843,0.021806689,255,3,675,2675
8,0,100268.03,0.99372008,0.021806689,255,3,676,2676
8,0,100565.45,0.94422514,0.021806689,255,3,677,2677
8,0,100687.62,0.96961675,0.021806689,255,3,678,2678
8,0,100779.34,0.87266952,0.021806689,255,3,679,2679
8,0,100728.58,0.99156884,0.021806689,255,3,680,2680
8,0,100884.81,0.93476743,0.021806689,255,3,681,2681
8,0,101068.46,0.98974923,0.021806689,255,3,682,2682
8,0,100986.32,0.98651749,0.021806689,255,3,683,2683
8,0,100978.14,0.99334701,0.021806689,255,3,684,2684
8,0,101096.43,0.92818002,0.021806689,255,3,685,2685
8,0,100851.3,0.99484469,0.021806689,255,3,686,2686
8,0,100989.3,0.94924738,0.021806689,255,3,687,2687
8,0,101001.15,0.88607509,0.021806689,255,3,688,2688
8,0,101093.32,0.98793752,0.021806689,255,3,689,2689
8,0,101114.42,0.88194101,0.021806689,255,3,690,2690
8,0,101142.44,0.84100673,0.021806689,255,3,691,2691
8,0,101229.74,0.93684027,0.021806689,255,3,692,2692
8,0,101350.73,0.95328753,0.021806689,255,3,693,2693
8,0,100927.53,0.99587661,0.021806689,255,3,694,2694
8,0,100902.18,0.95193453,0.021806689,255,3,695,2695
8,0,101237.27,0.96744939,0.021806689,255,3,696,2696
8,0,100818.39,0.99880533,0.021806689,255,3,697,2697
8,0,100937.93,0.93169316,0.021806689,255,3,698,2698
8,0,100827.27,0.9921712,0.021806689,255,3,699,2699
8,0,100691.08,0.94331235,0.021806689,255,3,700,2700
8,0,100944.73,0.97207687,0.021806689,255,3,701,2701
8,0,100946.26,0.92066017,0.021806689,255,3,702,2702
8,0,101107.23,0.98188563,0.021806689,255,3,703,2703
8,0,101015.45,0.98977222,0.021806689,255,3,704,2704
8,0,101104.03,0.99636883,0.021806689,255,3,705,2705
8,0,100894.54,0.99490688,0.021806689,255,3,706,2706
8,0,101194.33,0.96845475,0.021806689,255,3,707,2707
8,0,101318.57,0.96215018,0.021806689,255,3,708,2708
8,0,101038.36,0.8615342,0.021806689,255,3,709,2709
8,0,101146.72,0.97199216,0.021806689,255,3,710,2710
8,0,101159.7,0.92360474,0.021806689,255,3,711,2711
8,0,100974.71,0.91805525,0.021806689,255,3,712,2712
8,0,100498.19,0.98109097,0.021806689,255,3,713,2713
8,0,100312.47,0.90336911,0.021806689,255,3,714,2714
8,0,100655.02,0.99395328,0.021806689,255,3,715,2715
8,0,100645.63,0.9796592,0.021806689,255,3,716,2716
8,0,100658.75,0.99408417,0.021806689,255,3,717,2717
8,0,100700.79,0.8613099,0.021806689,255,3,718,2718
8,0,100749.32,0.9743183,0.021806689,255,3,719,2719
8,0,101039.84,0.97087638,0.021806689,255,3,720,2720
8,0,101060.09,0.94216915,0.021806689,255,3,721,2721
8,0,101155.55,0.89542721,0.021806689,255,3,722,2722
8,0,100961.8,0.99386019,0.021806689,255,3,723,2723
8,0,100942.79,0.90251832,0.021806689,255,3,724,2724
8,0,100322.55,0.97210845,0.021806689,255,3,725,2725
8,0,100122.21,0.96625382,0.021806689,255,3,726,2726
8,0,100133.2,0.92512978,0.021806689,255,3,727,2727
8,0,100516.3,0.98042526,0.021806689,255,3,728,2728
8,0,100860.42,0.91711706,0.021806689,255,3,729,2729
8,0,101102.44,0.87542735,0.021806689,255,3,730,2730
8,0,101226.04,0.95889224,0.021806689,255,3,731,2731
8,0,100999.07,0.99570009,0.021806689,255,3,732,2732
8,0,100883.78,0.89063463,0.021806689,255,3,733,2733
8,0,100945.02,0.96790294,0.021806689,255,3,734,2734
8,0,100529.06,0.98731464,0.021806689,255,3,735,2735
8,0,100954.28,0.8716652,0.021806689,255,3,736,2736
8,0,100945.17,0.9936945,0.021806689,255,3,737,2737
8,0,100826.14,0.96705662,0.021806689,255,3,738,2738
8,0,100639.7,0.96421716,0.021806689,255,3,739,2739
8,0,100795.53,0.9981923,0.021806689,255,3,740,2740
8,0,100980.49,0.98730216,0.021806689,255,3,741,2741
8,0,100694.47,0.98690776,0.021806689,255,3,742,2742
8,0,100547.79,0.9045007,0.021806689,255,3,743,2743
8,0,100577.98,0.90241134,0.021806689,255,3,744,2744
8,0,100746.49,0.90478075,0.021806689,255,3,745,2745
8,0,101044.75,0.94018033,0.021806689,255,3,746,2746
8,0,101415.74,0.98205146,0.021806689,255,3,747,2747
8,0,101546.66,0.95605628,0.021806689,255,3,748,2748
8,0,101734.88,0.93993838,0.021806689,255,3,749,2749
8,0,101861.26,0.99126722,0.021806689,255,3,750,2750
8,0,101491.67,0.94623374,0.021806689,255,3,751,2751
8,0,100953.51,0.96287245,0.021806689,255,3,752,2752
8,0,101231.46,0.99489722,0.021806689,255,3,753,2753
8,0,101657.39,0.90885723,0.021806689,255,3,754,2754
8,0,101135.88,0.99596163,0.021806689,255,3,755,2755
8,0,100699.44,0.98734053,0.021806689,255,3,756,2756
8,0,101026.57,0.90516587,0.021806689,255,3,757,2757
8,0,100898.94,0.98281543,0.021806689,255,3,758,2758
8,0,101185.77,0.9363577,0.021806689,255,3,759,2759
8,0,101152.07,0.87060225,0.021806689,255,3,760,2760
8,0,101265.56,0.96367659,0.021806689,255,3,761,2761
8,0,100912.98,0.95727933,0.021806689,255,3,762,2762
8,0,101018.02,0.98106758,0.021806689,255,3,763,2763
8,0,101322.42,0.94072504,0.021806689,255,3,764,2764
8,0,101288,0.85037005,0.021806689,255,3,765,2765
8,0,101561.83,0.99928638,0.021806689,255,3,766,2766
8,0,101602.45,0.92525542,0.021806689,255,3,767,2767
8,0,101629.69,0.99535967,0.021806689,255,3,768,2768
8,0,101252.46,0.93105642,0.021806689,255,3,769,2769
8,0,101123.08,0.99068013,0.021806689,255,3,770,2770
8,0,100982.15,0.9318844,0.021806689,255,3,771,2771
8,0,101045.66,0.98844775,0.021806689,255,3,772,2772
8,0,101120.28,0.98042304,0.021806689,255,3,773,2773
8,0,101056.43,0.98018425,0.021806689,255,3,774,2774
8,0,101137.08,0.96220201,0.021806689,255,3,775,2775
8,0,101153.52,0.98735594,0.021806689,255,3,776,2776
8,0,101340.62,0.94421935,0.021806689,255,3,777,2777
8,0,100967.36,0.92155657,0.021806689,255,3,778,2778
8,0,101224.34,0.96749262,0.021806689,255,3,779,2779
8,0,101410.06,0.92512444,0.021806689,255,3,780,2780
8,0,101443.53,0.9884432,0.021806689,255,3,781,2781
8,0,101512.46,0.90321072,0.021806689,255,3,782,2782
8,0,101648.46,0.9307669,0.021806689,255,3,783,2783
8,0,101298.19,0.93748436,0.021806689,255,3,784,2784
8,0,101421.93,0.96742853,0.021806689,255,3,785,2785
8,0,101584.64,0.92254585,0.021806689,255,3,786,2786
8,0,101414.7,0.97423574,0.021806689,255,3,787,2787
8,0,100999.73,0.98524887,0.021806689,255,3,788,2788
8,0,101185.22,0.90608432,0.021806689,255,3,789,2789
8,0,101628.34,0.81429612,0.021806689,255,3,790,2790
8,0,101578.68,0.98460184,0.021806689,255,3,791,2791
8,0,101374.37,0.99177819,0.021806689,255,3,792,2792
8,0,100698.48,0.99959502,0.021806689,255,3,793,2793
8,0,100740.54,0.95186476,0.021806689,255,3,794,2794
8,0,100638.92,0.98451994,0.021806689,255,3,795,2795
8,0,100639.74,0.98667695,0.021806689,255,3,796,2796
8,0,100699.62,0.94015868,0.021806689,255,3,797,2797
8,0,100832.62,0.96894467,0.021806689,255,3,798,2798
8,0,101025.86,0.95964739,0.021806689,255,3,799,2799
8,0,101165.26,0.95299574,0.021806689,255,3,800,2800
8,0,100698.47,0.80990904,0.021806689,255,3,801,2801
8,0,101024.64,0.90991176,0.021806689,255,3,802,2802
8,0,100831.95,0.87734732,0.021806689,255,3,803,2803
8,0,100880.16,0.95019565,0.021806689,255,3,804,2804
8,0,100742.33,0.99571112,0.021806689,255,3,805,2805
8,0,100289.95,0.96592178,0.021806689,255,3,806,2806
8,0,100750.51,0.96147124,0.021806689,255,3,807,2807
8,0,101076.89,0.98695578,0.021806689,255,3,808,2808
8,0,101389.16,0.97042133,0.021806689,255,3,809,2809
8,0,101825.32,0.90959801,0.021806689,255,3,810,2810
8,0,101945.2,0.98837095,0.021806689,255,3,811,2811
8,0,101692.15,0.99899914,0.021806689,255,3,812,2812
8,0,101152.98,0.99441404,0.021806689,255,3,813,2813
8,0,101498.65,0.94506928,0.021806689,255,3,814,2814
8,0,101219.39,0.98397879,0.021806689,255,3,815,2815
8,0,101046.39,0.97395002,0.021806689,255,3,816,2816
8,0,100971.84,0.9323407,0.021806689,255,3,817,2817
8,0,101126.5,0.91139912,0.021806689,255,3,818,2818
8,0,101039.27,0.89633379,0.021806689,255,3,819,2819
8,0,101051.78,0.97653256,0.021806689,255,3,820,2820
8,0,101184.95,0.97757112,0.021806689,255,3,821,2821
8,0,100981.89,0.99189677,0.021806689,255,3,822,2822
8,0,101074.58,0.94346512,0.021806689,255,3,823,2823
8,0,100805.35,0.94568999,0.021806689,255,3,824,2824
8,0,100544.71,0.97704934,0.021806689,255,3,825,2825
8,0,101071.67,0.88779602,0.021806689,255,3,826,2826
8,0,101431.81,0.93190589,0.021806689,255,3,827,2827
8,0,101571.79,0.87098676,0.021806689,255,3,828,2828
8,0,101345.14,0.98421573,0.021806689,255,3,829,2829
8,0,101934.05,0.98824768,0.021806689,255,3,830,2830
8,0,101450.81,0.87958198,0.021806689,255,3,831,2831
8,0,101635.09,0.96336905,0.021806689,255,3,832,2832
8,0,101449.83,0.85942383,0.021806689,255,3,833,2833
8,0,101049.11,0.97916129,0.021806689,255,3,834,2834
8,0,101006.5,0.98876018,0.021806689,255,3,835,2835
8,0,101367.29,0.90583612,0.021806689,255,3,836,2836
8,0,101168.27,0.96538488,0.021806689,255,3,837,2837
8,0,101560.43,0.96546733,0.021806689,255,3,838,2838
8,0,100986.74,0.9957244,0.021806689,255,3,839,2839
8,0,100896.31,0.95092773,0.021806689,255,3,840,2840
8,0,101201.14,0.99647205,0.021806689,255,3,841,2841
8,0,101310.65,0.96201248,0.021806689,255,3,842,2842
8,0,101167.45,0.99673295,0.021806689,255,3,843,2843
8,0,101231,0.94257294,0.021806689,255,3,844,2844
8,0,101265.03,0.93979789,0.021806689,255,3,845,2845
8,0,101164.42,1,0.021806689,255,3,846,2846
8,0,101214.85,0.98221475,0.021806689,255,3,847,2847
8,0,100968.25,0.99403921,0.021806689,255,3,848,2848
8,0,100812.76,0.91543487,0.021806689,255,3,849,2849
8,0,100490.62,0.95807893,0.021806689,255,3,850,2850
8,0,100929.48,0.88907773,0.021806689,255,3,851,2851
8,0,100554.21,0.95080501,0.021806689,255,3,852,2852
8,0,100630.43,0.98957731,0.021806689,255,3,853,2853
8,0,100766.53,0.95604218,0.021806689,255,3,854,2854
8,0,100766.28,0.94843722,0.021806689,255,3,855,2855
8,0,101361.61,0.91751683,0.021806689,255,3,856,2856
8,0,101300.82,0.9764817,0.021806689,255,3,857,2857
8,0,100985.8,0.95589274,0.021806689,255,3,858,2858
8,0,100871.12,0.93491577,0.021806689,255,3,859,2859
8,0,101251.38,0.92200249,0.021806689,255,3,860,2860
8,0,101175.08,0.93312998,0.021806689,255,3,861,2861
8,0,101093.62,0.99159543000000006,0.021806689,255,3,862,2862
8,0,101068.95,0.99188216,0.021806689,255,3,863,2863
8,0,101238.17,0.99368136,0.021806689,255,3,864,2864
8,0,101358.85,0.96900713,0.021806689,255,3,865,2865
8,0,100910.26,0.82362588,0.021806689,255,3,866,2866
8,0,101395.64,0.99116524,0.021806689,255,3,867,2867
8,0,101100.05,0.94282467,0.021806689,255,3,868,2868
8,0,101156.94,0.98532116,0.021806689,255,3,869,2869
8,0,101104.17,0.97363597,0.021806689,255,3,870,2870
8,0,100684.92,0.98203859,0.021806689,255,3,871,2871
8,0,101098.33,0.9372156,0.021806689,255,3,872,2872
8,0,100995.63,0.8586504,0.021806689,255,3,873,2873
8,0,100771.73,0.99155499,0.021806689,255,3,874,2874
8,0,100619.4,0.97760916,0.021806689,255,3,875,2875
8,0,100953.19,0.94227421,0.021806689,255,3,876,2876
8,0,101042.57,0.95067089,0.021806689,255,3,877,2877
8,0,101536.65,0.99883213,0.021806689,255,3,878,2878
8,0,101692.71,0.88894116,0.021806689,255,3,879,2879
8,0,101416.68,0.95263514,0.021806689,255,3,880,2880
8,0,101514.83,0.9383546,0.021806689,255,3,881,2881
8,0,101655.03,0.98037505,0.021806689,255,3,882,2882
8,0,101609.66,0.89821171,0.021806689,255,3,883,2883
8,0,101296.44,0.97027941,0.021806689,255,3,884,2884
8,0,101135.87,0.95883515,0.021806689,255,3,885,2885
8,0,101117.36,0.87889132,0.021806689,255,3,886,2886
8,0,101315.56,0.91141246,0.021806689,255,3,887,2887
8,0,101349.12,0.90790057,0.021806689,255,3,888,2888
8,0,101348.1,0.96549213,0.021806689,255,3,889,2889
8,0,101386.13,0.96148498,0.021806689,255,3,890,2890
8,0,101515.01,0.89820707,0.021806689,255,3,891,2891
8,0,101552.3,0.98027724,0.021806689,255,3,892,2892
8,0,101323.27,0.91278465,0.021806689,255,3,893,2893
8,0,101478.14,0.98827181,0.021806689,255,3,894,2894
8,0,101047.02,0.88151423,0.021806689,255,3,895,2895
8,0,101327.52,0.98514601,0.021806689,255,3,896,2896
8,0,101800.51,0.99506635,0.021806689,255,3,897,2897
8,0,101308.26,0.80900549,0.021806689,255,3,898,2898
8,0,101203.84,0.96570107,0.021806689,255,3,899,2899
8,0,101166.56,0.98545445,0.021806689,255,3,900,2900
8,0,100586.04,0.99555269,0.021806689,255,3,901,2901
8,0,100866.3,0.88256779,0.021806689,255,3,902,2902
8,0,100961.84,0.99686653,0.021806689,255,3,903,2903
8,0,100849.88,0.98068858,0.021806689,255,3,904,2904
8,0,100846.83,0.91086964,0.021806689,255,3,905,2905
8,0,100824.51,0.94054285,0.021806689,255,3,906,2906
8,0,100832.89,0.95909586,0.021806689,255,3,907,2907
8,0,101228.42,0.92166165,0.021806689,255,3,908,2908
8,0,101447.69,0.95964458,0.021806689,255,3,909,2909
8,0,101328.94,0.89161201,0.021806689,255,3,910,2910
8,0,101999.69,0.99659278,0.021806689,255,3,911,2911
8,0,101916.03,0.96728742,0.021806689,255,3,912,2912
8,0,101733.6,0.98459946,0.021806689,255,3,913,2913
8,0,101706.51,0.84258604,0.021806689,255,3,914,2914
8,0,101349.92,0.95174678,0.021806689,255,3,915,2915
8,0,101537.34,0.97923091,0.021806689,255,3,916,2916
8,0,101357.08,0.80838862,0.021806689,255,3,917,2917
8,0,101403.78,0.95308798,0.021806689,255,3,918,2918
8,0,101396.02,0.97305882,0.021806689,255,3,919,2919
8,0,101001.24,0.92706807,0.021806689,255,3,920,2920
8,0,101125.27,0.82318503,0.021806689,255,3,921,2921
8,0,100865.81,0.87988628,0.021806689,255,3,922,2922
8,0,100790.29,0.99740012,0.021806689,255,3,923,2923
8,0,100711.85,0.91668614,0.021806689,255,3,924,2924
8,0,100959.01,0.9958847,0.021806689,255,3,925,2925
8,0,100829.39,0.94200676,0.021806689,255,3,926,2926
8,0,100476.63,0.93980626,0.021806689,255,3,927,2927
8,0,101189.27,0.8806619,0.021806689,255,3,928,2928
8,0,101545.23,0.95076695,0.021806689,255,3,929,2929
8,0,101102.85,0.96196154,0.021806689,255,3,930,2930
8,0,100670.47,0.99818085,0.021806689,255,3,931,2931
8,0,100932.93,0.96562433,0.021806689,255,3,932,2932
8,0,100810.77,0.99781142,0.021806689,255,3,933,2933
8,0,100870.01,0.96388254,0.021806689,255,3,934,2934
8,0,100808.1,0.94619726,0.021806689,255,3,935,2935
8,0,101166.21,0.97888229,0.021806689,255,3,936,2936
8,0,101396.12,0.97499887,0.021806689,255,3,937,2937
8,0,101060.74,0.93112431,0.021806689,255,3,938,2938
8,0,100868.37,0.9592478,0.021806689,255,3,939,2939
8,0,100900.96,0.9737816,0.021806689,255,3,940,2940
8,0,101027.8,0.96452006,0.021806689,255,3,941,2941
8,0,100883.84,0.99853885,0.021806689,255,3,942,2942
8,0,101190.23,0.95475007,0.021806689,255,3,943,2943
8,0,101007.75,0.98198706,0.021806689,255,3,944,2944
8,0,100973.06,0.90539624,0.021806689,255,3,945,2945
8,0,100973.62,0.9559823,0.021806689,255,3,946,2946
8,0,100772.8,0.93873408,0.021806689,255,3,947,2947
8,0,101103.32,0.99570727,0.021806689,255,3,948,2948
8,0,100920.09,0.90522917,0.021806689,255,3,949,2949
8,0,100652.1,0.93348134,0.021806689,255,3,950,2950
8,0,100882.88,0.96441686,0.021806689,255,3,951,2951
8,0,100989.71,0.99565757,0.021806689,255,3,952,2952
8,0,100703.15,0.99919625,0.021806689,255,3,953,2953
8,0,100489.09,0.95337399,0.021806689,255,3,954,2954
8,0,100912.2,0.90403485,0.021806689,255,3,955,2955
8,0,101120.36,0.93777233,0.021806689,255,3,956,2956
8,0,101179.15,0.82077072,0.021806689,255,3,957,2957
8,0,100900.64,0.94776061,0.021806689,255,3,958,2958
8,0,100788.02,0.98921073,0.021806689,255,3,959,2959
8,0,101354.83,0.83348819,0.021806689,255,3,960,2960
8,0,101296.41,0.98972982,0.021806689,255,3,961,2961
8,0,101272.2,0.98975385,0.021806689,255,3,962,2962
8,0,101328.54,0.94783093,0.021806689,255,3,963,2963
8,0,101341.28,0.99357457,0.021806689,255,3,964,2964
8,0,101019.26,0.96575237,0.021806689,255,3,965,2965
8,0,100662.41,0.92977853,0.021806689,255,3,966,2966
8,0,100321.93,0.99180097,0.021806689,255,3,967,2967
8,0,100579.58,0.99797362,0.021806689,255,3,968,2968
8,0,100723.15,0.96402393,0.021806689,255,3,969,2969
8,0,100772.68,0.96710383,0.021806689,255,3,970,2970
8,0,101437.64,0.92119825,0.021806689,255,3,971,2971
8,0,101568.54,0.93083159,0.021806689,255,3,972,2972
8,0,101224.62,0.94064799,0.021806689,255,3,973,2973
8,0,100962.89,0.99721478,0.021806689,255,3,974,2974
8,0,100735.36,0.99209184,0.021806689,255,3,975,2975
8,0,100859.23,0.93956796,0.021806689,255,3,976,2976
8,0,100887.31,0.98857432,0.021806689,255,3,977,2977
8,0,101126.28,0.92085056,0.021806689,255,3,978,2978
8,0,101092.8,0.96041478,0.021806689,255,3,979,2979
8,0,101029.36,0.90685806,0.021806689,255,3,980,2980
8,0,101060.43,0.98681845,0.021806689,255,3,981,2981
8,0,101169.12,0.99641172,0.021806689,255,3,982,2982
8,0,101044.97,0.91970939,0.021806689,255,3,983,2983
8,0,101379.45,0.99109641,0.021806689,255,3,984,2984
8,0,100973.06,0.96642114,0.021806689,255,3,985,2985
8,0,101171.42,0.95831655,0.021806689,255,3,986,2986
8,0,100947.84,0.90876353,0.021806689,255,3,987,2987
8,0,100484.96,0.98637185,0.021806689,255,3,988,2988
8,0,100619.4,0.95476159,0.021806689,255,3,989,2989
8,0,100718.94,0.89537509,0.021806689,255,3,990,2990
8,0,100670.74,0.95668451,0.021806689,255,3,991,2991
8,0,100980.19,0.92351906,0.021806689,255,3,992,2992
8,0,100427.86,0.93623763,0.021806689,255,3,993,2993
8,0,100941.63,0.77113879,0.021806689,255,3,994,2994
8,0,101080.83,0.98689734,0.021806689,255,3,995,2995
8,0,101018.12,0.98115742,0.021806689,255,3,996,2996
8,0,101270.49,0.91995356,0.021806689,255,3,997,2997
8,0,101240.5,0.97105467,0.021806689,255,3,998,2998
8,0,100721.48,0.98613655,0.021806689,255,3,999,2999
8,0,101488.17,0.94707711000000006,0.021806689,255,3,1000,3000
8,0,101148.59,0.98190787,0.021494843,255,4,1,3001
8,0,101152.56,0.94181733,0.021494843,255,4,2,3002
8,0,100807.46,0.97377722,0.021494843,255,4,3,3003
8,0,100823.63,0.92478496,0.021494843,255,4,4,3004
8,0,100669.32,0.92023288,0.021494843,255,4,5,3005
8,0,100688.81,0.98529648,0.021494843,255,4,6,3006
8,0,101239,0.94234197,0.021494843,255,4,7,3007
8,0,101420.35,0.98285006,0.021494843,255,4,8,3008
8,0,101430.47,0.97540782,0.021494843,255,4,9,3009
8,0,101430.28,0.98343993,0.021494843,255,4,10,3010
8,0,101321.48,0.98777828,0.021494843,255,4,11,3011
8,0,100991.66,0.90455089,0.021494843,255,4,12,3012
8,0,100964.95,0.956014,0.021494843,255,4,13,3013
8,0,100731.91,0.96587695,0.021494843,255,4,14,3014
8,0,100337.08,0.96229562,0.021494843,255,4,15,3015
8,0,100663.59,0.99841655,0.021494843,255,4,16,3016
8,0,100683.1,0.99972313,0.021494843,255,4,17,3017
8,0,100784.48,0.99502997,0.021494843,255,4,18,3018
8,0,100941.94,0.998231,0.021494843,255,4,19,3019
8,0,101276.11,0.96550605,0.021494843,255,4,20,3020
8,0,100932.18,0.99557676,0.021494843,255,4,21,3021
8,0,101047.27,0.93720224,0.021494843,255,4,22,3022
8,0,101113.02,0.95201636,0.021494843,255,4,23,3023
8,0,101276.74,0.98279465,0.021494843,255,4,24,3024
8,0,101246.84,0.96161278,0.021494843,255,4,25,3025
8,0,101539.69,0.98649764,0.021494843,255,4,26,3026
8,0,101191.11,0.97116084,0.021494843,255,4,27,3027
8,0,101266.22,0.90599043,0.021494843,255,4,28,3028
8,0,101516.74,0.99093136,0.021494843,255,4,29,3029
8,0,101318.82,0.97641551,0.021494843,255,4,30,3030
8,0,101133.1,0.98206844,0.021494843,255,4,31,3031
8,0,100758.29,0.8514423,0.021494843,255,4,32,3032
8,0,100810.07,0.95622425,0.021494843,255,4,33,3033
8,0,101142.21,0.93213134,0.021494843,255,4,34,3034
8,0,101345.35,0.81222127,0.021494843,255,4,35,3035
8,0,101669.08,0.89073147,0.021494843,255,4,36,3036
8,0,101326.64,0.8299757,0.021494843,255,4,37,3037
8,0,100797.23,0.97745457,0.021494843,255,4,38,3038
8,0,100985.79,0.88591264,0.021494843,255,4,39,3039
8,0,101113.74,0.94825681,0.021494843,255,4,40,3040
8,0,101042.66,0.99655424,0.021494843,255,4,41,3041
8,0,101160.54,0.8427919,0.021494843,255,4,42,3042
8,0,100619.56,0.99745521,0.021494843,255,4,43,3043
8,0,100541.68,0.96668039,0.021494843,255,4,44,3044
8,0,100348.14,0.97995786,0.021494843,255,4,45,3045
8,0,100755.64,0.89224212,0.021494843,255,4,46,3046
8,0,100879.07,0.9677631,0.021494843,255,4,47,3047
8,0,100722.73,0.91399529,0.021494843,255,4,48,3048
8,0,100701.07,0.99596373,0.021494843,255,4,49,3049
8,0,101561.08,0.96627592,0.021494843,255,4,50,3050
8,0,101506.14,0.92506297,0.021494843,255,4,51,3051
8,0,101016.06,0.99879109,0.021494843,255,4,52,3052
8,0,100449.81,0.99665161,0.021494843,255,4,53,3053
8,0,100434.9,0.95646712,0.021494843,255,4,54,3054
8,0,100452.1,0.97000769,0.021494843,255,4,55,3055
8,0,100792.13,0.93726822,0.021494843,255,4,56,3056
8,0,100931.52,0.98698275,0.021494843,255,4,57,3057
8,0,100872.59,0.98148795,0.021494843,255,4,58,3058
8,0,100692.02,0.98614532,0.021494843,255,4,59,3059
8,0,100737.42,0.93178249,0.021494843,255,4,60,3060
8,0,100851.02,0.89771117,0.021494843,255,4,61,3061
8,0,101076.31,0.9982915,0.021494843,255,4,62,3062
8,0,100605.75,0.97917231,0.021494843,255,4,63,3063
8,0,100506.84,0.87205933,0.021494843,255,4,64,3064
8,0,100489.36,0.97831693,0.021494843,255,4,65,3065
8,0,100749.35,0.97388522,0.021494843,255,4,66,3066
8,0,100670.26,0.97468614,0.021494843,255,4,67,3067
8,0,100895.36,0.94633861,0.021494843,255,4,68,3068
8,0,101264.93,0.87834418,0.021494843,255,4,69,3069
8,0,101206.58,0.92568101,0.021494843,255,4,70,3070
8,0,101198.05,0.97145282,0.021494843,255,4,71,3071
8,0,100957.67,0.99999856,0.021494843,255,4,72,3072
8,0,100453.11,0.97186468,0.021494843,255,4,73,3073
8,0,100808.02,0.9193459,0.021494843,255,4,74,3074
8,0,101057.78,0.89832144,0.021494843,255,4,75,3075
8,0,101151.88,0.96656512000000006,0.021494843,255,4,76,3076
8,0,100862.09,0.96899562,0.021494843,255,4,77,3077
8,0,100979.35,0.91580378,0.021494843,255,4,78,3078
8,0,100824.07,0.93697971,0.021494843,255,4,79,3079
8,0,100814.7,0.95851909,0.021494843,255,4,80,3080
8,0,100552.01,0.99584636,0.021494843,255,4,81,3081
8,0,100451.84,0.96623721,0.021494843,255,4,82,3082
8,0,100632.94,0.93314116,0.021494843,255,4,83,3083
8,0,100428.52,0.99230774,0.021494843,255,4,84,3084
8,0,100539.04,0.97194167,0.021494843,255,4,85,3085
8,0,100811.71,0.95943651,0.021494843,255,4,86,3086
8,0,100663.81,0.96239178,0.021494843,255,4,87,3087
8,0,100577.56,0.97083569,0.021494843,255,4,88,3088
8,0,100411.56,0.99891622,0.021494843,255,4,89,3089
8,0,100715.73,0.83927029,0.021494843,255,4,90,3090
8,0,100965.53,0.97196678,0.021494843,255,4,91,3091
8,0,101597.94,0.76849197,0.021494843,255,4,92,3092
8,0,101064.65,0.88736077,0.021494843,255,4,93,3093
8,0,101207.46,0.93286438,0.021494843,255,4,94,3094
8,0,100746.62,0.97228655,0.021494843,255,4,95,3095
8,0,100816.69,0.8958312,0.021494843,255,4,96,3096
8,0,101074.54,0.98453255,0.021494843,255,4,97,3097
8,0,100961.95,0.99837153,0.021494843,255,4,98,3098
8,0,100809.58,0.99214817,0.021494843,255,4,99,3099
8,0,101355.64,0.88593057,0.021494843,255,4,100,3100
8,0,101684.96,0.90039586,0.021494843,255,4,101,3101
8,0,100928.31,0.99433655,0.021494843,255,4,102,3102
8,0,100950.69,0.95199221,0.021494843,255,4,103,3103
8,0,101034.25,0.95718508,0.021494843,255,4,104,3104
8,0,101069.61,0.91346647,0.021494843,255,4,105,3105
8,0,101179.72,0.97975838,0.021494843,255,4,106,3106
8,0,101531.37,0.93692677,0.021494843,255,4,107,3107
8,0,101669.07,0.95517396,0.021494843,255,4,108,3108
8,0,101557.92,0.99734319,0.021494843,255,4,109,3109
8,0,101624.17,0.99914361,0.021494843,255,4,110,3110
8,0,102075.25,0.98501641,0.021494843,255,4,111,3111
8,0,101737.25,0.99609064,0.021494843,255,4,112,3112
8,0,101645.91,0.94545964,0.021494843,255,4,113,3113
8,0,101835.9,0.99407749,0.021494843,255,4,114,3114
8,0,101497.53,0.85741216,0.021494843,255,4,115,3115
8,0,101413.11,0.99368312,0.021494843,255,4,116,3116
8,0,101329.65,0.83055186,0.021494843,255,4,117,3117
8,0,101156.79,0.95746281,0.021494843,255,4,118,3118
8,0,100655.89,0.917719,0.021494843,255,4,119,3119
8,0,100319.06,0.9935562,0.021494843,255,4,120,3120
8,0,100568.28,0.96473663,0.021494843,255,4,121,3121
8,0,100297.68,0.88293854,0.021494843,255,4,122,3122
8,0,100713.76,0.8275579,0.021494843,255,4,123,3123
8,0,100439.35,0.92949873,0.021494843,255,4,124,3124
8,0,101073.43,0.90967904,0.021494843,255,4,125,3125
8,0,101009.98,0.82608463,0.021494843,255,4,126,3126
8,0,100455.71,0.93568918,0.021494843,255,4,127,3127
8,0,100517.52,0.99922206,0.021494843,255,4,128,3128
8,0,100704.31,0.96938302,0.021494843,255,4,129,3129
8,0,100277.88,0.99737226,0.021494843,255,4,130,3130
8,0,100571.35,0.97716682,0.021494843,255,4,131,3131
8,0,100299.1,0.89775342,0.021494843,255,4,132,3132
8,0,100876.61,0.9901559,0.021494843,255,4,133,3133
8,0,101255.65,0.98164809,0.021494843,255,4,134,3134
8,0,101050.89,0.95798211,0.021494843,255,4,135,3135
8,0,101450.07,0.90385608,0.021494843,255,4,136,3136
8,0,101435.65,0.9867184,0.021494843,255,4,137,3137
8,0,101042.98,0.96794052,0.021494843,255,4,138,3138
8,0,101486.95,0.92215643,0.021494843,255,4,139,3139
8,0,101264.56,0.99220927,0.021494843,255,4,140,3140
8,0,101249.8,0.89505773,0.021494843,255,4,141,3141
8,0,101548.67,0.90669719,0.021494843,255,4,142,3142
8,0,101191.64,0.98421431,0.021494843,255,4,143,3143
8,0,100828.11,0.98454173,0.021494843,255,4,144,3144
8,0,100665.52,0.96087573,0.021494843,255,4,145,3145
8,0,100749.73,0.87612373,0.021494843,255,4,146,3146
8,0,101159.67,0.88119626,0.021494843,255,4,147,3147
8,0,100960.15,0.96461565,0.021494843,255,4,148,3148
8,0,100779.4,0.96049902,0.021494843,255,4,149,3149
8,0,100649.77,0.9750949,0.021494843,255,4,150,3150
8,0,101019.06,0.97354452,0.021494843,255,4,151,3151
8,0,100782.62,0.98769095,0.021494843,255,4,152,3152
8,0,100948.42,0.8964166,0.021494843,255,4,153,3153
8,0,100848.92,0.959722,0.021494843,255,4,154,3154
8,0,101108.04,0.9755642,0.021494843,255,4,155,3155
8,0,100920.46,0.99970575,0.021494843,255,4,156,3156
8,0,101345.3,0.97712377,0.021494843,255,4,157,3157
8,0,100962.37,0.95170205,0.021494843,255,4,158,3158
8,0,101089.27,0.99944836,0.021494843,255,4,159,3159
8,0,100611.38,0.91805901,0.021494843,255,4,160,3160
8,0,100458.8,0.98145095,0.021494843,255,4,161,3161
8,0,100485.67,0.92964763,0.021494843,255,4,162,3162
8,0,100919.16,0.89139995,0.021494843,255,4,163,3163
8,0,100871.19,1,0.021494843,255,4,164,3164
8,0,100904.04,0.99276916,0.021494843,255,4,165,3165
8,0,100383.83,0.983683,0.021494843,255,4,166,3166
8,0,100352.05,0.78008747,0.021494843,255,4,167,3167
8,0,100616.8,0.96987254,0.021494843,255,4,168,3168
8,0,100636.99,0.95365284,0.021494843,255,4,169,3169
8,0,101236.57,0.97574091,0.021494843,255,4,170,3170
8,0,101308.54,0.92634218,0.021494843,255,4,171,3171
8,0,101267.98,0.94044444,0.021494843,255,4,172,3172
8,0,101296.88,0.98822743,0.021494843,255,4,173,3173
8,0,101055.16,0.99912465,0.021494843,255,4,174,3174
8,0,101480.94,0.94737667,0.021494843,255,4,175,3175
8,0,101315.93,0.94037083,0.021494843,255,4,176,3176
8,0,101373.43,0.92307328,0.021494843,255,4,177,3177
8,0,101623.76,0.81240764,0.021494843,255,4,178,3178
8,0,101837.16,0.99668812,0.021494843,255,4,179,3179
8,0,101152.34,0.99315414,0.021494843,255,4,180,3180
8,0,101190.04,0.96310765,0.021494843,255,4,181,3181
8,0,101433.9,0.98910036,0.021494843,255,4,182,3182
8,0,101206.03,0.98057729,0.021494843,255,4,183,3183
8,0,101094.62,0.96453108,0.021494843,255,4,184,3184
8,0,101435.24,0.92038541,0.021494843,255,4,185,3185
8,0,101046.65,0.97233362,0.021494843,255,4,186,3186
8,0,101160.25,0.88679406,0.021494843,255,4,187,3187
8,0,101100.73,0.98878296,0.021494843,255,4,188,3188
8,0,100808.27,0.98997574,0.021494843,255,4,189,3189
8,0,100939.21,0.93501494,0.021494843,255,4,190,3190
8,0,100675.7,0.88926877,0.021494843,255,4,191,3191
8,0,101032.8,0.88840406,0.021494843,255,4,192,3192
8,0,101038.7,0.88981848,0.021494843,255,4,193,3193
8,0,101357.04,0.95190575,0.021494843,255,4,194,3194
8,0,101447.01,0.98639869,0.021494843,255,4,195,3195
8,0,101072.49,0.9906552,0.021494843,255,4,196,3196
8,0,101093.99,0.84579756,0.021494843,255,4,197,3197
8,0,100936.96,0.95791666,0.021494843,255,4,198,3198
8,0,101423.16,0.93486325,0.021494843,255,4,199,3199
8,0,101150.69,0.99037888,0.021494843,255,4,200,3200
8,0,101434.83,0.99438326,0.021494843,255,4,201,3201
8,0,101236.07,0.99996344,0.021494843,255,4,202,3202
8,0,101627.41,0.94831401,0.021494843,255,4,203,3203
8,0,101202.76,0.99948007,0.021494843,255,4,204,3204
8,0,101080.92,0.97142427,0.021494843,255,4,205,3205
8,0,100846.09,0.98835864,0.021494843,255,4,206,3206
8,0,100945.75,0.86684898,0.021494843,255,4,207,3207
8,0,100954.29,0.99992903,0.021494843,255,4,208,3208
8,0,100537.18,0.84122813,0.021494843,255,4,209,3209
8,0,100926.41,0.98936809,0.021494843,255,4,210,3210
8,0,101182.47,0.9464514,0.021494843,255,4,211,3211
8,0,101359.82,0.96785282,0.021494843,255,4,212,3212
8,0,101031.31,0.94147103,0.021494843,255,4,213,3213
8,0,100951.01,0.98449953,0.021494843,255,4,214,3214
8,0,100779.68,0.97989433,0.021494843,255,4,215,3215
8,0,101171.89,0.98617671,0.021494843,255,4,216,3216
8,0,101321.58,0.9801854,0.021494843,255,4,217,3217
8,0,101018.19,0.90486137,0.021494843,255,4,218,3218
8,0,100624.05,0.92268801,0.021494843,255,4,219,3219
8,0,100529.06,0.88351398,0.021494843,255,4,220,3220
8,0,100473.26,0.98777328,0.021494843,255,4,221,3221
8,0,100803.72,0.8856644,0.021494843,255,4,222,3222
8,0,100431.12,0.88632882,0.021494843,255,4,223,3223
8,0,101056.19,0.99157768,0.021494843,255,4,224,3224
8,0,101181.4,0.98818335,0.021494843,255,4,225,3225
8,0,101072.74,0.99393734,0.021494843,255,4,226,3226
8,0,101344.12,0.98767319,0.021494843,255,4,227,3227
8,0,101291.2,0.97103153,0.021494843,255,4,228,3228
8,0,100815.33,0.98449448,0.021494843,255,4,229,3229
8,0,101094.64,0.98908912,0.021494843,255,4,230,3230
8,0,101330.99,0.9822283,0.021494843,255,4,231,3231
8,0,101192.72,0.98748985,0.021494843,255,4,232,3232
8,0,100360.45,0.90090815,0.021494843,255,4,233,3233
8,0,100973.86,0.9641802,0.021494843,255,4,234,3234
8,0,100704.82,0.99885145,0.021494843,255,4,235,3235
8,0,100690.69,0.98944759,0.021494843,255,4,236,3236
8,0,101201.08,0.98575373,0.021494843,255,4,237,3237
8,0,101337.91,0.99810734,0.021494843,255,4,238,3238
8,0,100906.43,0.95310987,0.021494843,255,4,239,3239
8,0,100778.23,0.98256053,0.021494843,255,4,240,3240
8,0,100947.64,0.99845921,0.021494843,255,4,241,3241
8,0,100939.51,0.97804973,0.021494843,255,4,242,3242
8,0,100876.05,0.9988372,0.021494843,255,4,243,3243
8,0,101072.19,0.90385695,0.021494843,255,4,244,3244
8,0,101150.94,0.90721686,0.021494843,255,4,245,3245
8,0,100885.32,0.90126449,0.021494843,255,4,246,3246
8,0,100963.95,0.8988828,0.021494843,255,4,247,3247
8,0,100550.38,0.99640374,0.021494843,255,4,248,3248
8,0,100264.19,0.99418421,0.021494843,255,4,249,3249
8,0,99972.613,0.91391669,0.021494843,255,4,250,3250
8,0,100494.48,0.98569788,0.021494843,255,4,251,3251
8,0,100646.78,0.92430254,0.021494843,255,4,252,3252
8,0,100426.83,0.99752368,0.021494843,255,4,253,3253
8,0,100900.34,0.91781105,0.021494843,255,4,254,3254
8,0,100981,0.94748766,0.021494843,255,4,255,3255
8,0,100711.16,0.99864078,0.021494843,255,4,256,3256
8,0,100241.85,0.96383806,0.021494843,255,4,257,3257
8,0,100537.02,0.9122842,0.021494843,255,4,258,3258
8,0,100436.15,0.9978507,0.021494843,255,4,259,3259
8,0,100789.83,0.97568788,0.021494843,255,4,260,3260
8,0,100596.4,0.94823226,0.021494843,255,4,261,3261
8,0,101180.69,0.88332147,0.021494843,255,4,262,3262
8,0,101016.43,0.9840034,0.021494843,255,4,263,3263
8,0,100933.04,0.92689047,0.021494843,255,4,264,3264
8,0,100846.39,0.88846655,0.021494843,255,4,265,3265
8,0,100661.51,0.98021348,0.021494843,255,4,266,3266
8,0,100874.62,0.97891665,0.021494843,255,4,267,3267
8,0,101015.06,0.87322526,0.021494843,255,4,268,3268
8,0,100914.87,0.99376841,0.021494843,255,4,269,3269
8,0,101020.89,0.87175779,0.021494843,255,4,270,3270
8,0,100771.56,0.96568113,0.021494843,255,4,271,3271
8,0,101158.98,0.95329379,0.021494843,255,4,272,3272
8,0,101020.68,0.86797797,0.021494843,255,4,273,3273
8,0,100349.39,0.96419431,0.021494843,255,4,274,3274
8,0,100834.57,0.98270455,0.021494843,255,4,275,3275
8,0,100723.62,0.93428079,0.021494843,255,4,276,3276
8,0,101037.48,0.96373883,0.021494843,255,4,277,3277
8,0,101163.81,0.9213274,0.021494843,255,4,278,3278
8,0,101025.25,0.95505652,0.021494843,255,4,279,3279
8,0,101354.34,0.94232988,0.021494843,255,4,280,3280
8,0,101212.83,0.99058389,0.021494843,255,4,281,3281
8,0,101077.31,0.75626657,0.021494843,255,4,282,3282
8,0,100772.37,0.98834007,0.021494843,255,4,283,3283
8,0,101006.16,0.84745485,0.021494843,255,4,284,3284
8,0,100697.97,0.98989417,0.021494843,255,4,285,3285
8,0,101199.34,0.96975006,0.021494843,255,4,286,3286
8,0,100609.61,0.99683608,0.021494843,255,4,287,3287
8,0,100717.39,0.89807209,0.021494843,255,4,288,3288
8,0,100684.79,0.96196225,0.021494843,255,4,289,3289
8,0,100942.99,0.95785404,0.021494843,255,4,290,3290
8,0,100713.45,0.95539003,0.021494843,255,4,291,3291
8,0,100478.42,0.90202036,0.021494843,255,4,292,3292
8,0,100758.43,0.99284218,0.021494843,255,4,293,3293
8,0,101212.47,0.94099028,0.021494843,255,4,294,3294
8,0,101204.48,0.9937303,0.021494843,255,4,295,3295
8,0,100949.52,0.97347398,0.021494843,255,4,296,3296
8,0,100981.28,0.87193889,0.021494843,255,4,297,3297
8,0,101145.51,0.88017148,0.021494843,255,4,298,3298
8,0,101060.96,0.98118385,0.021494843,255,4,299,3299
8,0,101461.35,0.89862038,0.021494843,255,4,300,3300
8,0,101109.61,0.9999647,0.021494843,255,4,301,3301
8,0,101166.7,0.9861502,0.021494843,255,4,302,3302
8,0,100694.84,0.97657502,0.021494843,255,4,303,3303
8,0,100463.79,0.86419966,0.021494843,255,4,304,3304
8,0,100153.41,0.9697909,0.021494843,255,4,305,3305
8,0,100215.94,0.85860332,0.021494843,255,4,306,3306
8,0,100359.94,0.94789988,0.021494843,255,4,307,3307
8,0,100342.89,0.76388861,0.021494843,255,4,308,3308
8,0,100939.43,0.99044199,0.021494843,255,4,309,3309
8,0,101441.24,0.99179886,0.021494843,255,4,310,3310
8,0,100925.86,0.88890501,0.021494843,255,4,311,3311
8,0,100766.8,0.91958352,0.021494843,255,4,312,3312
8,0,101083.73,0.98159182,0.021494843,255,4,313,3313
8,0,100931.88,0.99046806,0.021494843,255,4,314,3314
8,0,101067.2,0.85021152,0.021494843,255,4,315,3315
8,0,100889.19,0.93347577,0.021494843,255,4,316,3316
8,0,100798.52,0.98332903,0.021494843,255,4,317,3317
8,0,100784.06,0.94114422,0.021494843,255,4,318,3318
8,0,100862.07,0.91957941,0.021494843,255,4,319,3319
8,0,101341.75,0.85434036,0.021494843,255,4,320,3320
8,0,101277.37,0.95033539,0.021494843,255,4,321,3321
8,0,100649.5,0.98706043,0.021494843,255,4,322,3322
8,0,100648.9,0.96313372,0.021494843,255,4,323,3323
8,0,100629.54,0.8153293,0.021494843,255,4,324,3324
8,0,100561.24,0.92975333,0.021494843,255,4,325,3325
8,0,101036.24,0.94573428,0.021494843,255,4,326,3326
8,0,100654.46,0.97686936,0.021494843,255,4,327,3327
8,0,100609.47,0.9863873,0.021494843,255,4,328,3328
8,0,100718.39,0.91597873,0.021494843,255,4,329,3329
8,0,100666.46,0.92027083,0.021494843,255,4,330,3330
8,0,100427.09,0.99694404,0.021494843,255,4,331,3331
8,0,100493.64,0.81811513,0.021494843,255,4,332,3332
8,0,100388.87,0.94822642,0.021494843,255,4,333,3333
8,0,100594.77,0.97932814,0.021494843,255,4,334,3334
8,0,100468.71,0.98702819,0.021494843,255,4,335,3335
8,0,101096.05,0.95262306,0.021494843,255,4,336,3336
8,0,101321.35,0.98414828,0.021494843,255,4,337,3337
8,0,101058.8,0.9723898,0.021494843,255,4,338,3338
8,0,100788.77,0.97772801,0.021494843,255,4,339,3339
8,0,100795.78,0.88024752,0.021494843,255,4,340,3340
8,0,100822.14,0.81575631,0.021494843,255,4,341,3341
8,0,100686.74,0.93026933,0.021494843,255,4,342,3342
8,0,100741.36,0.97412234,0.021494843,255,4,343,3343
8,0,100525.99,0.98249847,0.021494843,255,4,344,3344
8,0,100559.91,0.93213084,0.021494843,255,4,345,3345
8,0,100788.42,0.982225,0.021494843,255,4,346,3346
8,0,101392.44,0.98594756,0.021494843,255,4,347,3347
8,0,101102.51,0.93086778,0.021494843,255,4,348,3348
8,0,101057.45,0.7809326,0.021494843,255,4,349,3349
8,0,101194.81,0.96645273,0.021494843,255,4,350,3350
8,0,100985.59,0.97588716,0.021494843,255,4,351,3351
8,0,100577.03,0.89810586,0.021494843,255,4,352,3352
8,0,100665.44,0.98105294,0.021494843,255,4,353,3353
8,0,100560.11,0.97703347,0.021494843,255,4,354,3354
8,0,100740.64,0.93324436,0.021494843,255,4,355,3355
8,0,100249.9,0.99904189,0.021494843,255,4,356,3356
8,0,100782.47,0.85774119,0.021494843,255,4,357,3357
8,0,100943.42,0.97307213,0.021494843,255,4,358,3358
8,0,100799.97,0.85622931,0.021494843,255,4,359,3359
8,0,100821.57,0.93706952,0.021494843,255,4,360,3360
8,0,100947.97,0.99797962,0.021494843,255,4,361,3361
8,0,100941.51,0.89599489,0.021494843,255,4,362,3362
8,0,100600.46,0.94432087,0.021494843,255,4,363,3363
8,0,100595.31,0.96408408,0.021494843,255,4,364,3364
8,0,100630.52,0.982246,0.021494843,255,4,365,3365
8,0,100400.89,0.9377827,0.021494843,255,4,366,3366
8,0,100675.03,0.93257823,0.021494843,255,4,367,3367
8,0,100943.95,0.91969579,0.021494843,255,4,368,3368
8,0,101036.76,0.99338543,0.021494843,255,4,369,3369
8,0,101115.33,0.98572915,0.021494843,255,4,370,3370
8,0,100753.28,0.95111317,0.021494843,255,4,371,3371
8,0,100878.56,0.91739216,0.021494843,255,4,372,3372
8,0,100911.33,0.94806687,0.021494843,255,4,373,3373
8,0,100688.21,0.93731114,0.021494843,255,4,374,3374
8,0,100765,0.98801373,0.021494843,255,4,375,3375
8,0,100435.61,0.98809506,0.021494843,255,4,376,3376
8,0,100725.19,0.85523272,0.021494843,255,4,377,3377
8,0,100599.79,0.96843486,0.021494843,255,4,378,3378
8,0,100860.66,0.99078834,0.021494843,255,4,379,3379
8,0,100925.96,0.9361529,0.021494843,255,4,380,3380
8,0,100674.29,0.94193657,0.021494843,255,4,381,3381
8,0,100628.23,0.93997594,0.021494843,255,4,382,3382
8,0,100959.29,0.98949971,0.021494843,255,4,383,3383
8,0,100929.98,0.91538766,0.021494843,255,4,384,3384
8,0,101117.26,0.97366506,0.021494843,255,4,385,3385
8,0,101364.38,0.98141038,0.021494843,255,4,386,3386
8,0,101222.08,0.96650599,0.021494843,255,4,387,3387
8,0,101255.3,0.99823499,0.021494843,255,4,388,3388
8,0,100773.06,0.97788537,0.021494843,255,4,389,3389
8,0,100977.24,0.96647385,0.021494843,255,4,390,3390
8,0,100685.47,0.97800101,0.021494843,255,4,391,3391
8,0,101039.86,0.95079561,0.021494843,255,4,392,3392
8,0,100973.41,1,0.021494843,255,4,393,3393
8,0,100829.95,0.97753735,0.021494843,255,4,394,3394
8,0,101128.2,0.85553124,0.021494843,255,4,395,3395
8,0,101630.68,0.98016702,0.021494843,255,4,396,3396
8,0,101592.3,0.98728214,0.021494843,255,4,397,3397
8,0,101352.29,0.97103609,0.021494843,255,4,398,3398
8,0,101486.35,0.97377069,0.021494843,255,4,399,3399
8,0,101161.88,0.97507671,0.021494843,255,4,400,3400
8,0,100627.21,0.95839333,0.021494843,255,4,401,3401
8,0,101013.98,0.88551071,0.021494843,255,4,402,3402
8,0,101281.61,0.90888538,0.021494843,255,4,403,3403
8,0,100684.74,0.96297804,0.021494843,255,4,404,3404
8,0,101028.36,0.98922125,0.021494843,255,4,405,3405
8,0,100953.79,0.98142486,0.021494843,255,4,406,3406
8,0,100547.22,0.98060134,0.021494843,255,4,407,3407
8,0,100597.05,0.96134751,0.021494843,255,4,408,3408
8,0,100950.19,0.91088031,0.021494843,255,4,409,3409
8,0,100851.89,0.98735406,0.021494843,255,4,410,3410
8,0,100759.44,0.9836015,0.021494843,255,4,411,3411
8,0,100786.66,0.92567198,0.021494843,255,4,412,3412
8,0,100719.85,0.96406337,0.021494843,255,4,413,3413
8,0,100559.99,0.95192558,0.021494843,255,4,414,3414
8,0,100451.08,0.93757447,0.021494843,255,4,415,3415
8,0,100812.07,0.95301752,0.021494843,255,4,416,3416
8,0,100805.77,0.95418017,0.021494843,255,4,417,3417
8,0,100654.5,0.99356716,0.021494843,255,4,418,3418
8,0,100643.75,0.99518843,0.021494843,255,4,419,3419
8,0,100678.84,0.96953126,0.021494843,255,4,420,3420
8,0,100411.05,0.96083828,0.021494843,255,4,421,3421
8,0,100569.27,0.96291793,0.021494843,255,4,422,3422
8,0,100458.49,0.96649681,0.021494843,255,4,423,3423
8,0,100746.14,0.8817077,0.021494843,255,4,424,3424
8,0,100589.97,0.99272718,0.021494843,255,4,425,3425
8,0,100635.84,0.97558594,0.021494843,255,4,426,3426
8,0,100739.65,0.99320859,0.021494843,255,4,427,3427
8,0,100841.81,0.98884761,0.021494843,255,4,428,3428
8,0,100779.76,0.97199447,0.021494843,255,4,429,3429
8,0,100324.52,0.99582154,0.021494843,255,4,430,3430
8,0,100795.26,0.96792512,0.021494843,255,4,431,3431
8,0,100824.5,0.86203784,0.021494843,255,4,432,3432
8,0,101026.47,0.9591474,0.021494843,255,4,433,3433
8,0,100899.98,0.91323946,0.021494843,255,4,434,3434
8,0,100928.54,0.9691408,0.021494843,255,4,435,3435
8,0,100845.02,0.92916782,0.021494843,255,4,436,3436
8,0,101396.18,0.92095304,0.021494843,255,4,437,3437
8,0,101451.24,0.97746567,0.021494843,255,4,438,3438
8,0,101219.31,0.99941396,0.021494843,255,4,439,3439
8,0,101507.18,0.92874265,0.021494843,255,4,440,3440
8,0,101046.96,0.93543058,0.021494843,255,4,441,3441
8,0,100989.3,0.9947323,0.021494843,255,4,442,3442
8,0,100806.34,0.99376693,0.021494843,255,4,443,3443
8,0,100847.44,0.95839093,0.021494843,255,4,444,3444
8,0,101327.71,0.99880964,0.021494843,255,4,445,3445
8,0,101223.62,0.97146801,0.021494843,255,4,446,3446
8,0,101815.59,0.97813227,0.021494843,255,4,447,3447
8,0,101941.81,0.98673934,0.021494843,255,4,448,3448
8,0,102008.7,0.91672492,0.021494843,255,4,449,3449
8,0,101938.28,0.93850003,0.021494843,255,4,450,3450
8,0,101622.31,0.8770681,0.021494843,255,4,451,3451
8,0,101588.22,0.91883755,0.021494843,255,4,452,3452
8,0,101495.06,0.99376906,0.021494843,255,4,453,3453
8,0,101403.37,0.93242692,0.021494843,255,4,454,3454
8,0,100714.2,0.96312206,0.021494843,255,4,455,3455
8,0,100795.92,0.97483842,0.021494843,255,4,456,3456
8,0,101246.17,0.86484215,0.021494843,255,4,457,3457
8,0,101313.06,0.98946132,0.021494843,255,4,458,3458
8,0,101046.44,0.99616133,0.021494843,255,4,459,3459
8,0,101268.28,0.93933862,0.021494843,255,4,460,3460
8,0,101129.98,0.9555679,0.021494843,255,4,461,3461
8,0,101329,0.95996857,0.021494843,255,4,462,3462
8,0,101053.49,0.98341236,0.021494843,255,4,463,3463
8,0,101071.71,0.9424712,0.021494843,255,4,464,3464
8,0,101434.07,0.99264624,0.021494843,255,4,465,3465
8,0,100995.92,0.97770848,0.021494843,255,4,466,3466
8,0,100593.27,0.99802323,0.021494843,255,4,467,3467
8,0,100444.42,0.99782097,0.021494843,255,4,468,3468
8,0,100583.15,0.98559538,0.021494843,255,4,469,3469
8,0,100883.76,0.97766934,0.021494843,255,4,470,3470
8,0,101118.41,0.96563603,0.021494843,255,4,471,3471
8,0,101171.09,0.97223678,0.021494843,255,4,472,3472
8,0,100624.82,0.97183543,0.021494843,255,4,473,3473
8,0,100363.07,0.92031167,0.021494843,255,4,474,3474
8,0,100652.99,0.99968585,0.021494843,255,4,475,3475
8,0,100611.94,0.94717372,0.021494843,255,4,476,3476
8,0,100377.43,0.9876726,0.021494843,255,4,477,3477
8,0,100706.25,0.98310081,0.021494843,255,4,478,3478
8,0,100644.92,0.95037297,0.021494843,255,4,479,3479
8,0,100924.57,0.94274665,0.021494843,255,4,480,3480
8,0,100745.03,0.97089668,0.021494843,255,4,481,3481
8,0,101058.19,0.9195131,0.021494843,255,4,482,3482
8,0,101383.15,0.96962469,0.021494843,255,4,483,3483
8,0,101551.55,0.96363089,0.021494843,255,4,484,3484
8,0,101676.04,0.99396189,0.021494843,255,4,485,3485
8,0,101756.8,0.9709421,0.021494843,255,4,486,3486
8,0,101173.31,0.87364314,0.021494843,255,4,487,3487
8,0,101346.83,0.97499902,0.021494843,255,4,488,3488
8,0,101531.24,0.85965918,0.021494843,255,4,489,3489
8,0,101165.06,0.98985447,0.021494843,255,4,490,3490
8,0,100953.79,0.99988399,0.021494843,255,4,491,3491
8,0,100675.77,0.99993443,0.021494843,255,4,492,3492
8,0,101166.92,0.87814318,0.021494843,255,4,493,3493
8,0,100813.46,0.94431787,0.021494843,255,4,494,3494
8,0,101411,0.91434246,0.021494843,255,4,495,3495
8,0,101012.26,0.99036351,0.021494843,255,4,496,3496
8,0,101085.36,0.95225775,0.021494843,255,4,497,3497
8,0,101332,0.95782613,0.021494843,255,4,498,3498
8,0,100939.26,0.96930132,0.021494843,255,4,499,3499
8,0,100825.36,0.86134274,0.021494843,255,4,500,3500
8,0,100824.97,0.93262266,0.021494843,255,4,501,3501
8,0,100561,0.95852844,0.021494843,255,4,502,3502
8,0,100088.62,0.91538569,0.021494843,255,4,503,3503
8,0,100601.99,0.91070592,0.021494843,255,4,504,3504
8,0,100903.82,0.97851149,0.021494843,255,4,505,3505
8,0,101131.22,0.97279249,0.021494843,255,4,506,3506
8,0,101109.87,0.91259296,0.021494843,255,4,507,3507
8,0,101230.94,0.9664597,0.021494843,255,4,508,3508
8,0,100762.59,0.98163252,0.021494843,255,4,509,3509
8,0,100894.07,0.82750029,0.021494843,255,4,510,3510
8,0,100961.34,0.90613147,0.021494843,255,4,511,3511
8,0,101403.18,0.82227357,0.021494843,255,4,512,3512
8,0,100756.27,0.99644888,0.021494843,255,4,513,3513
8,0,100559.04,0.84289553,0.021494843,255,4,514,3514
8,0,100783.38,0.96049975,0.021494843,255,4,515,3515
8,0,100876.15,0.98966732,0.021494843,255,4,516,3516
8,0,100856.03,0.90493903,0.021494843,255,4,517,3517
8,0,101028.11,0.93353078,0.021494843,255,4,518,3518
8,0,100799.67,0.95685179,0.021494843,255,4,519,3519
8,0,101078.6,0.94657567,0.021494843,255,4,520,3520
8,0,101370.18,0.97287605,0.021494843,255,4,521,3521
8,0,101337.03,0.99253863,0.021494843,255,4,522,3522
8,0,100908.92,0.96862572,0.021494843,255,4,523,3523
8,0,100874.74,0.98035184,0.021494843,255,4,524,3524
8,0,101390.65,0.94786277,0.021494843,255,4,525,3525
8,0,101047.33,0.99664644,0.021494843,255,4,526,3526
8,0,101429.03,0.88548347,0.021494843,255,4,527,3527
8,0,101225.55,0.98635645,0.021494843,255,4,528,3528
8,0,101222.71,0.92274927,0.021494843,255,4,529,3529
8,0,101094.52,0.99709028,0.021494843,255,4,530,3530
8,0,101089.93,0.90589524,0.021494843,255,4,531,3531
8,0,101460.09,0.9689523,0.021494843,255,4,532,3532
8,0,101560.08,0.97571492,0.021494843,255,4,533,3533
8,0,101559.78,0.88469606,0.021494843,255,4,534,3534
8,0,101351.62,0.99789194,0.021494843,255,4,535,3535
8,0,101144.43,0.91143486,0.021494843,255,4,536,3536
8,0,101323.94,0.99872511,0.021494843,255,4,537,3537
8,0,101167.75,0.96632078,0.021494843,255,4,538,3538
8,0,101486.03,0.92073371,0.021494843,255,4,539,3539
8,0,101591.74,0.97345188,0.021494843,255,4,540,3540
8,0,101656.57,0.99233377,0.021494843,255,4,541,3541
8,0,101532.37,0.99247103,0.021494843,255,4,542,3542
8,0,101743.29,0.97338444,0.021494843,255,4,543,3543
8,0,101477.57,0.94276246,0.021494843,255,4,544,3544
8,0,101083.54,0.95185744,0.021494843,255,4,545,3545
8,0,100939.02,0.97553111,0.021494843,255,4,546,3546
8,0,101069.52,0.93558012,0.021494843,255,4,547,3547
8,0,101205.64,0.94573993,0.021494843,255,4,548,3548
8,0,101204.84,0.9247075,0.021494843,255,4,549,3549
8,0,100795.38,0.89467224,0.021494843,255,4,550,3550
8,0,100781.17,0.98093733,0.021494843,255,4,551,3551
8,0,100960.3,0.85492971,0.021494843,255,4,552,3552
8,0,101452.12,0.85678597,0.021494843,255,4,553,3553
8,0,101217.32,0.98883923,0.021494843,255,4,554,3554
8,0,101091.56,0.90543656,0.021494843,255,4,555,3555
8,0,100842.76,0.93101576,0.021494843,255,4,556,3556
8,0,100889.05,0.99593259,0.021494843,255,4,557,3557
8,0,100885,0.85495519,0.021494843,255,4,558,3558
8,0,101203.8,0.88648524,0.021494843,255,4,559,3559
8,0,100666.87,0.99303617,0.021494843,255,4,560,3560
8,0,101304.88,0.97369195,0.021494843,255,4,561,3561
8,0,101748.27,0.82872166,0.021494843,255,4,562,3562
8,0,101474.32,0.98696228,0.021494843,255,4,563,3563
8,0,101134.99,0.99834777,0.021494843,255,4,564,3564
8,0,101285.13,0.94650937,0.021494843,255,4,565,3565
8,0,101433.89,0.97505932,0.021494843,255,4,566,3566
8,0,101370.73,0.9794985,0.021494843,255,4,567,3567
8,0,101871.01,0.96771965,0.021494843,255,4,568,3568
8,0,101505.18,0.99978846,0.021494843,255,4,569,3569
8,0,101162.68,0.97292695,0.021494843,255,4,570,3570
8,0,101288.8,0.97718146,0.021494843,255,4,571,3571
8,0,101451.82,0.98648961,0.021494843,255,4,572,3572
8,0,101719.47,0.98132889,0.021494843,255,4,573,3573
8,0,101423.74,0.9924904,0.021494843,255,4,574,3574
8,0,101504.76,0.8245736,0.021494843,255,4,575,3575
8,0,101465.87,0.96824328,0.021494843,255,4,576,3576
8,0,101632.65,0.86821009,0.021494843,255,4,577,3577
8,0,101931.16,0.9946618,0.021494843,255,4,578,3578
8,0,101593.05,0.97288621,0.021494843,255,4,579,3579
8,0,101138.61,0.97477924,0.021494843,255,4,580,3580
8,0,101198.86,0.95088622,0.021494843,255,4,581,3581
8,0,101219.5,0.90548427,0.021494843,255,4,582,3582
8,0,101297.69,0.97623386,0.021494843,255,4,583,3583
8,0,101225.79,0.97005901,0.021494843,255,4,584,3584
8,0,101282.41,0.90446221,0.021494843,255,4,585,3585
8,0,101755.8,0.95617378,0.021494843,255,4,586,3586
8,0,101516.05,0.9770259,0.021494843,255,4,587,3587
8,0,101244.73,0.99443491,0.021494843,255,4,588,3588
8,0,101533.38,0.98745977,0.021494843,255,4,589,3589
8,0,101106.3,0.98098986,0.021494843,255,4,590,3590
8,0,101127.05,0.88772277,0.021494843,255,4,591,3591
8,0,101088.62,0.9752105,0.021494843,255,4,592,3592
8,0,101464.5,0.90294361,0.021494843,255,4,593,3593
8,0,101294.96,0.99572729,0.021494843,255,4,594,3594
8,0,100881.25,0.79454004,0.021494843,255,4,595,3595
8,0,101038.22,0.99983126,0.021494843,255,4,596,3596
8,0,100991.76,0.87920621,0.021494843,255,4,597,3597
8,0,100552.6,0.97703608,0.021494843,255,4,598,3598
8,0,100876.23,0.84561961,0.021494843,255,4,599,3599
8,0,100586.94,0.96815016,0.021494843,255,4,600,3600
8,0,100786.05,0.97777197,0.021494843,255,4,601,3601
8,0,101385,0.94684748,0.021494843,255,4,602,3602
8,0,100940.34,0.9701992,0.021494843,255,4,603,3603
8,0,100958.34,0.98414249,0.021494843,255,4,604,3604
8,0,101309.38,0.96482476,0.021494843,255,4,605,3605
8,0,101481.66,0.97330106,0.021494843,255,4,606,3606
8,0,101649.37,0.97513945,0.021494843,255,4,607,3607
8,0,102069.93,0.95103269,0.021494843,255,4,608,3608
8,0,101138.26,0.80225468,0.021494843,255,4,609,3609
8,0,100613.42,0.98372771,0.021494843,255,4,610,3610
8,0,100763.44,0.99281143,0.021494843,255,4,611,3611
8,0,100967.1,0.98913681,0.021494843,255,4,612,3612
8,0,100957,0.96921905,0.021494843,255,4,613,3613
8,0,100574.25,0.95739165,0.021494843,255,4,614,3614
8,0,100974.65,0.87157404,0.021494843,255,4,615,3615
8,0,100673.98,0.96033447,0.021494843,255,4,616,3616
8,0,101038.02,0.96953937,0.021494843,255,4,617,3617
8,0,101018.91,0.95345515,0.021494843,255,4,618,3618
8,0,100696.2,0.92399405,0.021494843,255,4,619,3619
8,0,100794.68,0.99609251,0.021494843,255,4,620,3620
8,0,101295.15,0.98308208,0.021494843,255,4,621,3621
8,0,100941.74,0.99277702,0.021494843,255,4,622,3622
8,0,100892.68,0.96167923,0.021494843,255,4,623,3623
8,0,100723.34,0.81491121,0.021494843,255,4,624,3624
8,0,100463.53,0.94397531,0.021494843,255,4,625,3625
8,0,100571.52,0.92982101,0.021494843,255,4,626,3626
8,0,100670.5,0.94457755,0.021494843,255,4,627,3627
8,0,100841.34,0.91597298,0.021494843,255,4,628,3628
8,0,100623.48,0.97410659,0.021494843,255,4,629,3629
8,0,100695.85,0.99045765,0.021494843,255,4,630,3630
8,0,100695.75,0.98083167,0.021494843,255,4,631,3631
8,0,100767.66,0.94839418,0.021494843,255,4,632,3632
8,0,101024.89,0.99002825,0.021494843,255,4,633,3633
8,0,100995.26,0.95589109,0.021494843,255,4,634,3634
8,0,100556.07,0.9316622,0.021494843,255,4,635,3635
8,0,100660.05,0.90618488,0.021494843,255,4,636,3636
8,0,100888.02,0.97585506,0.021494843,255,4,637,3637
8,0,100908.49,0.99440344,0.021494843,255,4,638,3638
8,0,100546.25,0.97980812,0.021494843,255,4,639,3639
8,0,100548.27,0.9667138,0.021494843,255,4,640,3640
8,0,100447.53,0.99318025,0.021494843,255,4,641,3641
8,0,100661.35,0.99101777,0.021494843,255,4,642,3642
8,0,100790.27,0.96029516,0.021494843,255,4,643,3643
8,0,100052.29,0.97908508,0.021494843,255,4,644,3644
8,0,100255.66,0.8981507,0.021494843,255,4,645,3645
8,0,100286.09,0.86386404,0.021494843,255,4,646,3646
8,0,100861.65,0.99144051,0.021494843,255,4,647,3647
8,0,101060.84,0.97435554,0.021494843,255,4,648,3648
8,0,100787.2,0.92848087,0.021494843,255,4,649,3649
8,0,100910.61,0.95159696,0.021494843,255,4,650,3650
8,0,101246.37,0.92657805,0.021494843,255,4,651,3651
8,0,100989.27,0.96703313,0.021494843,255,4,652,3652
8,0,100910.08,0.96675494,0.021494843,255,4,653,3653
8,0,101062.82,0.9499564,0.021494843,255,4,654,3654
8,0,100862.4,0.98612124,0.021494843,255,4,655,3655
8,0,100962.04,0.99336348,0.021494843,255,4,656,3656
8,0,100815.57,0.89625894,0.021494843,255,4,657,3657
8,0,101112.34,0.89578653,0.021494843,255,4,658,3658
8,0,100994.83,0.97160461,0.021494843,255,4,659,3659
8,0,101410,0.90069942,0.021494843,255,4,660,3660
8,0,101842.94,0.94653499,0.021494843,255,4,661,3661
8,0,101528.89,0.99399072,0.021494843,255,4,662,3662
8,0,100944.19,0.99611967,0.021494843,255,4,663,3663
8,0,100543.07,0.89202739,0.021494843,255,4,664,3664
8,0,100838.8,0.81175104,0.021494843,255,4,665,3665
8,0,100820.89,0.97007986,0.021494843,255,4,666,3666
8,0,100533.77,0.99916299,0.021494843,255,4,667,3667
8,0,101092.41,0.94747424,0.021494843,255,4,668,3668
8,0,100722.38,0.90587373,0.021494843,255,4,669,3669
8,0,101047.95,0.98554736,0.021494843,255,4,670,3670
8,0,101238.97,0.97119403,0.021494843,255,4,671,3671
8,0,101120.37,0.91927459,0.021494843,255,4,672,3672
8,0,101023.08,0.91775524,0.021494843,255,4,673,3673
8,0,100863.45,0.98771384,0.021494843,255,4,674,3674
8,0,100789.33,0.97367652,0.021494843,255,4,675,3675
8,0,100967.89,0.93490031,0.021494843,255,4,676,3676
8,0,101079.06,0.96864196,0.021494843,255,4,677,3677
8,0,100851.04,0.99323004,0.021494843,255,4,678,3678
8,0,100829.2,0.99309231,0.021494843,255,4,679,3679
8,0,101101.59,0.87865742,0.021494843,255,4,680,3680
8,0,101268.16,0.7703296,0.021494843,255,4,681,3681
8,0,100944.72,0.91360352,0.021494843,255,4,682,3682
8,0,100757.47,0.99462813,0.021494843,255,4,683,3683
8,0,100978.83,0.99577823,0.021494843,255,4,684,3684
8,0,101381.77,0.99225058,0.021494843,255,4,685,3685
8,0,101531.37,0.97961692,0.021494843,255,4,686,3686
8,0,101898.95,0.9752069,0.021494843,255,4,687,3687
8,0,101638.16,0.99100983,0.021494843,255,4,688,3688
8,0,101433.26,0.73689673,0.021494843,255,4,689,3689
8,0,101238.14,0.96479737,0.021494843,255,4,690,3690
8,0,101254.12,0.99844327,0.021494843,255,4,691,3691
8,0,101437.07,0.94292833,0.021494843,255,4,692,3692
8,0,101584.65,0.91665381,0.021494843,255,4,693,3693
8,0,101329.09,0.97877839,0.021494843,255,4,694,3694
8,0,101235.7,0.99111608,0.021494843,255,4,695,3695
8,0,101655.26,0.85511945,0.021494843,255,4,696,3696
8,0,101487.19,0.89884178,0.021494843,255,4,697,3697
8,0,100864.9,0.92977308,0.021494843,255,4,698,3698
8,0,100825.17,0.94816006,0.021494843,255,4,699,3699
8,0,100723.7,0.97423876,0.021494843,255,4,700,3700
8,0,100569.86,0.97939637,0.021494843,255,4,701,3701
8,0,100923.31,0.99770593,0.021494843,255,4,702,3702
8,0,100729.25,0.95483327,0.021494843,255,4,703,3703
8,0,101093.28,0.93093462,0.021494843,255,4,704,3704
8,0,101251.59,0.92048872,0.021494843,255,4,705,3705
8,0,101164.46,0.9389591,0.021494843,255,4,706,3706
8,0,101089.11,0.88940429,0.021494843,255,4,707,3707
8,0,101001.15,0.93290573,0.021494843,255,4,708,3708
8,0,100622.6,0.84242747,0.021494843,255,4,709,3709
8,0,100650.99,0.87407878,0.021494843,255,4,710,3710
8,0,100550.57,0.92477468,0.021494843,255,4,711,3711
8,0,100885.09,0.96929982,0.021494843,255,4,712,3712
8,0,101093.7,0.99238914,0.021494843,255,4,713,3713
8,0,101102.61,0.95619401,0.021494843,255,4,714,3714
8,0,101121.84,0.99734027,0.021494843,255,4,715,3715
8,0,101157.98,0.94102598,0.021494843,255,4,716,3716
8,0,101158.92,0.89746344,0.021494843,255,4,717,3717
8,0,101333.47,0.96052382,0.021494843,255,4,718,3718
8,0,101400.78,0.95173734,0.021494843,255,4,719,3719
8,0,101237.24,0.98263524,0.021494843,255,4,720,3720
8,0,100946.98,0.99309767,0.021494843,255,4,721,3721
8,0,100759.32,0.99300989,0.021494843,255,4,722,3722
8,0,101134.52,0.61832017,0.021494843,255,4,723,3723
8,0,101602.09,0.8905954,0.021494843,255,4,724,3724
8,0,101059.88,0.98872774,0.021494843,255,4,725,3725
8,0,101220.19,0.97818148,0.021494843,255,4,726,3726
8,0,100623.58,0.9092954,0.021494843,255,4,727,3727
8,0,100850.3,0.96050545,0.021494843,255,4,728,3728
8,0,100781.15,0.9985928,0.021494843,255,4,729,3729
8,0,101215.83,0.81096392,0.021494843,255,4,730,3730
8,0,101619.25,0.90263675,0.021494843,255,4,731,3731
8,0,100937.38,0.99923134,0.021494843,255,4,732,3732
8,0,100724.53,0.98928562,0.021494843,255,4,733,3733
8,0,101029.26,0.95258245,0.021494843,255,4,734,3734
8,0,100883.15,0.98278911,0.021494843,255,4,735,3735
8,0,101133.04,0.95436646,0.021494843,255,4,736,3736
8,0,101028.92,0.9999176,0.021494843,255,4,737,3737
8,0,100840.21,0.90377391,0.021494843,255,4,738,3738
8,0,100768.61,0.98531707,0.021494843,255,4,739,3739
8,0,100570.18,0.99450107,0.021494843,255,4,740,3740
8,0,100632.3,0.96171466,0.021494843,255,4,741,3741
8,0,100701.72,0.97436879,0.021494843,255,4,742,3742
8,0,100605.97,0.99353115,0.021494843,255,4,743,3743
8,0,101016.18,0.95652534,0.021494843,255,4,744,3744
8,0,101040.78,0.99851153,0.021494843,255,4,745,3745
8,0,100879.56,0.98017069,0.021494843,255,4,746,3746
8,0,101435.23,0.9949228,0.021494843,255,4,747,3747
8,0,100729.16,0.99756271,0.021494843,255,4,748,3748
8,0,101134.75,0.98273766,0.021494843,255,4,749,3749
8,0,100702.54,0.99991895,0.021494843,255,4,750,3750
8,0,100562.86,0.91228928,0.021494843,255,4,751,3751
8,0,100761.89,0.91099758,0.021494843,255,4,752,3752
8,0,100789.53,0.95869678,0.021494843,255,4,753,3753
8,0,100685.47,0.95025405,0.021494843,255,4,754,3754
8,0,100989.4,0.95430744,0.021494843,255,4,755,3755
8,0,100711.77,0.99875502,0.021494843,255,4,756,3756
8,0,100733.43,0.98356425,0.021494843,255,4,757,3757
8,0,100719.18,0.91774581,0.021494843,255,4,758,3758
8,0,100250.41,0.82590598,0.021494843,255,4,759,3759
8,0,100361.68,0.99683382,0.021494843,255,4,760,3760
8,0,100642.18,0.96361925,0.021494843,255,4,761,3761
8,0,101077.31,0.90867078,0.021494843,255,4,762,3762
8,0,100788.03,0.92841596,0.021494843,255,4,763,3763
8,0,101070.73,0.96645618,0.021494843,255,4,764,3764
8,0,101186.85,0.96767088,0.021494843,255,4,765,3765
8,0,101294.94,0.95117956,0.021494843,255,4,766,3766
8,0,100618.32,0.9684067,0.021494843,255,4,767,3767
8,0,100518.76,0.92309623,0.021494843,255,4,768,3768
8,0,100595.64,0.99737486,0.021494843,255,4,769,3769
8,0,101268.01,0.94939418,0.021494843,255,4,770,3770
8,0,101719.68,0.99697603,0.021494843,255,4,771,3771
8,0,101476.04,0.99739355,0.021494843,255,4,772,3772
8,0,101685.43,0.95235217,0.021494843,255,4,773,3773
8,0,101399.98,0.90315887,0.021494843,255,4,774,3774
8,0,101490.35,0.93338783,0.021494843,255,4,775,3775
8,0,101436.91,0.9606774,0.021494843,255,4,776,3776
8,0,101409.88,0.99779269,0.021494843,255,4,777,3777
8,0,101233.56,0.88144645,0.021494843,255,4,778,3778
8,0,101533.54,0.96164458,0.021494843,255,4,779,3779
8,0,101547.17,0.96979307,0.021494843,255,4,780,3780
8,0,101273.22,0.98292906,0.021494843,255,4,781,3781
8,0,101014.87,0.996425,0.021494843,255,4,782,3782
8,0,101003.21,0.98328756,0.021494843,255,4,783,3783
8,0,101251.33,0.93322087,0.021494843,255,4,784,3784
8,0,101301.14,0.96585608,0.021494843,255,4,785,3785
8,0,101060.2,0.90628069,0.021494843,255,4,786,3786
8,0,100904.45,0.97773609,0.021494843,255,4,787,3787
8,0,100258.83,0.98938825,0.021494843,255,4,788,3788
8,0,100411.65,0.9826619,0.021494843,255,4,789,3789
8,0,100465.44,0.96810773,0.021494843,255,4,790,3790
8,0,100576.41,0.99468611,0.021494843,255,4,791,3791
8,0,100807.43,0.97750738,0.021494843,255,4,792,3792
8,0,100717.41,0.93965584,0.021494843,255,4,793,3793
8,0,100927.64,0.90076625,0.021494843,255,4,794,3794
8,0,100738.73,0.99230099,0.021494843,255,4,795,3795
8,0,100555.34,0.99978241,0.021494843,255,4,796,3796
8,0,100749.83,0.98363292,0.021494843,255,4,797,3797
8,0,100814.37,0.96773151,0.021494843,255,4,798,3798
8,0,101012.29,0.99672697,0.021494843,255,4,799,3799
8,0,101168.04,0.98341469,0.021494843,255,4,800,3800
8,0,101254.89,0.94721093,0.021494843,255,4,801,3801
8,0,100993.65,0.99235579,0.021494843,255,4,802,3802
8,0,100497.36,0.97086943,0.021494843,255,4,803,3803
8,0,100031.76,0.97289079,0.021494843,255,4,804,3804
8,0,100211.4,0.87439469,0.021494843,255,4,805,3805
8,0,100559.5,0.9611952,0.021494843,255,4,806,3806
8,0,100135.24,0.98676267,0.021494843,255,4,807,3807
8,0,100394.39,0.99884645,0.021494843,255,4,808,3808
8,0,100787.3,0.99575965,0.021494843,255,4,809,3809
8,0,100614.3,0.91902975,0.021494843,255,4,810,3810
8,0,100489.04,0.99615351,0.021494843,255,4,811,3811
8,0,100726.48,0.98860338,0.021494843,255,4,812,3812
8,0,100506.33,0.92177953,0.021494843,255,4,813,3813
8,0,100404.42,0.97579421,0.021494843,255,4,814,3814
8,0,100411.67,0.8602746,0.021494843,255,4,815,3815
8,0,100151.51,0.99438656,0.021494843,255,4,816,3816
8,0,100505.11,0.92144916,0.021494843,255,4,817,3817
8,0,101104.42,0.98490456,0.021494843,255,4,818,3818
8,0,101154.94,0.94111109,0.021494843,255,4,819,3819
8,0,101141.29,0.99168036,0.021494843,255,4,820,3820
8,0,100943.62,0.99995423,0.021494843,255,4,821,3821
8,0,101278.79,0.95085788,0.021494843,255,4,822,3822
8,0,100881.89,0.98621288,0.021494843,255,4,823,3823
8,0,101030.93,0.99800088,0.021494843,255,4,824,3824
8,0,101344.4,0.96080085,0.021494843,255,4,825,3825
8,0,100914.31,0.98561633,0.021494843,255,4,826,3826
8,0,101073.46,0.97729438,0.021494843,255,4,827,3827
8,0,100560.71,0.9203868,0.021494843,255,4,828,3828
8,0,100501.11,0.96545914,0.021494843,255,4,829,3829
8,0,100611.78,0.93815828,0.021494843,255,4,830,3830
8,0,101057.88,0.96978481,0.021494843,255,4,831,3831
8,0,100420.61,0.97333162,0.021494843,255,4,832,3832
8,0,100766.4,0.99740318,0.021494843,255,4,833,3833
8,0,100397.86,0.96766038,0.021494843,255,4,834,3834
8,0,100815.13,0.94372922,0.021494843,255,4,835,3835
8,0,100926.48,0.97357997,0.021494843,255,4,836,3836
8,0,100976.12,0.95374121,0.021494843,255,4,837,3837
8,0,100870.07,0.98315056,0.021494843,255,4,838,3838
8,0,100738.18,0.89528622,0.021494843,255,4,839,3839
8,0,100963.68,0.98655885,0.021494843,255,4,840,3840
8,0,100820.55,0.9325343,0.021494843,255,4,841,3841
8,0,100964.29,0.97655148,0.021494843,255,4,842,3842
8,0,101091.86,0.82911427,0.021494843,255,4,843,3843
8,0,101181.83,0.96831072,0.021494843,255,4,844,3844
8,0,101314.13,0.98461884,0.021494843,255,4,845,3845
8,0,101175.48,0.97631167,0.021494843,255,4,846,3846
8,0,100665.81,0.95572891,0.021494843,255,4,847,3847
8,0,100696.45,0.99318118,0.021494843,255,4,848,3848
8,0,100771.31,0.98452991,0.021494843,255,4,849,3849
8,0,100661.14,0.96500387,0.021494843,255,4,850,3850
8,0,100876.05,0.83084182,0.021494843,255,4,851,3851
8,0,101056.47,0.9676995,0.021494843,255,4,852,3852
8,0,101860.05,0.85564841,0.021494843,255,4,853,3853
8,0,102001.72,0.95705982,0.021494843,255,4,854,3854
8,0,101523.64,0.99334036,0.021494843,255,4,855,3855
8,0,101772.27,0.97683383,0.021494843,255,4,856,3856
8,0,101483.54,0.98693007,0.021494843,255,4,857,3857
8,0,101138.31,0.90864128,0.021494843,255,4,858,3858
8,0,101069.09,0.9567097,0.021494843,255,4,859,3859
8,0,101113.94,0.96271659,0.021494843,255,4,860,3860
8,0,101068.69,0.9477146,0.021494843,255,4,861,3861
8,0,101093.16,0.96539898,0.021494843,255,4,862,3862
8,0,100971.1,0.99210004,0.021494843,255,4,863,3863
8,0,100885.03,0.99453829,0.021494843,255,4,864,3864
8,0,101116.12,0.9168524,0.021494843,255,4,865,3865
8,0,101060.19,0.89406749,0.021494843,255,4,866,3866
8,0,100966.12,0.95943701,0.021494843,255,4,867,3867
8,0,100962.64,0.9507671,0.021494843,255,4,868,3868
8,0,101522.65,0.96690069,0.021494843,255,4,869,3869
8,0,101869.14,0.902745,0.021494843,255,4,870,3870
8,0,101332.97,0.87774893,0.021494843,255,4,871,3871
8,0,101686.71,0.99072777,0.021494843,255,4,872,3872
8,0,101430.56,0.85208751,0.021494843,255,4,873,3873
8,0,101549.32,0.99171114,0.021494843,255,4,874,3874
8,0,101613.99,0.9929808,0.021494843,255,4,875,3875
8,0,101300.58,0.91853685,0.021494843,255,4,876,3876
8,0,101065.46,0.95874092,0.021494843,255,4,877,3877
8,0,100605.16,0.97224394,0.021494843,255,4,878,3878
8,0,100645.73,0.86988036,0.021494843,255,4,879,3879
8,0,100823.19,0.90952833,0.021494843,255,4,880,3880
8,0,100783.79,0.99480268,0.021494843,255,4,881,3881
8,0,101338.91,0.95567574,0.021494843,255,4,882,3882
8,0,101104.96,0.96361839,0.021494843,255,4,883,3883
8,0,101262.21,0.98607945,0.021494843,255,4,884,3884
8,0,100941.76,0.97415339,0.021494843,255,4,885,3885
8,0,100882.93,0.99322087,0.021494843,255,4,886,3886
8,0,101165.05,0.95288941,0.021494843,255,4,887,3887
8,0,101274.83,0.82369105,0.021494843,255,4,888,3888
8,0,101668.68,0.80495699,0.021494843,255,4,889,3889
8,0,101567.13,0.99944408,0.021494843,255,4,890,3890
8,0,101545.06,0.99593799,0.021494843,255,4,891,3891
8,0,101250.83,0.96765259,0.021494843,255,4,892,3892
8,0,101024.18,0.97161354,0.021494843,255,4,893,3893
8,0,100605.79,0.98565464,0.021494843,255,4,894,3894
8,0,100806.4,0.97057484,0.021494843,255,4,895,3895
8,0,100527.9,0.96561876,0.021494843,255,4,896,3896
8,0,100365.23,0.93337599,0.021494843,255,4,897,3897
8,0,100466.91,0.95886811,0.021494843,255,4,898,3898
8,0,100780.8,0.92683391,0.021494843,255,4,899,3899
8,0,101166.44,0.9821694,0.021494843,255,4,900,3900
8,0,100853.05,0.97148652,0.021494843,255,4,901,3901
8,0,100570.41,0.99821289,0.021494843,255,4,902,3902
8,0,100896.9,0.96985763,0.021494843,255,4,903,3903
8,0,100362.69,0.98066408,0.021494843,255,4,904,3904
8,0,100580.12,0.99815099,0.021494843,255,4,905,3905
8,0,100890.9,0.94769706,0.021494843,255,4,906,3906
8,0,100446.03,0.93957862,0.021494843,255,4,907,3907
8,0,100561.21,0.9907669,0.021494843,255,4,908,3908
8,0,100754.27,0.94100332,0.021494843,255,4,909,3909
8,0,100664.33,0.95952341,0.021494843,255,4,910,3910
8,0,100710.04,0.8256647,0.021494843,255,4,911,3911
8,0,100217.75,0.99978246,0.021494843,255,4,912,3912
8,0,99993.218,0.81266161,0.021494843,255,4,913,3913
8,0,100774.03,0.94655839,0.021494843,255,4,914,3914
8,0,100910.57,0.97589192,0.021494843,255,4,915,3915
8,0,101425,0.98148112,0.021494843,255,4,916,3916
8,0,101237.83,0.95391347,0.021494843,255,4,917,3917
8,0,101538.5,0.94317713,0.021494843,255,4,918,3918
8,0,101202.76,0.94179124,0.021494843,255,4,919,3919
8,0,101192.21,0.98542012,0.021494843,255,4,920,3920
8,0,101335.37,0.995555,0.021494843,255,4,921,3921
8,0,101385.1,0.95795805,0.021494843,255,4,922,3922
8,0,101415.08,0.9660275,0.021494843,255,4,923,3923
8,0,101428.45,0.95783843,0.021494843,255,4,924,3924
8,0,101203.62,0.94582623,0.021494843,255,4,925,3925
8,0,101456.76,0.98412017,0.021494843,255,4,926,3926
8,0,101704.25,0.95308187,0.021494843,255,4,927,3927
8,0,101567.36,0.98033843,0.021494843,255,4,928,3928
8,0,101430.16,0.87402368,0.021494843,255,4,929,3929
8,0,101224.39,0.96186724,0.021494843,255,4,930,3930
8,0,101464.65,0.90080812,0.021494843,255,4,931,3931
8,0,101188.94,0.99210729,0.021494843,255,4,932,3932
8,0,100862.01,0.97365838,0.021494843,255,4,933,3933
8,0,100775.48,0.85229366,0.021494843,255,4,934,3934
8,0,100848.41,0.99997401,0.021494843,255,4,935,3935
8,0,100699.66,0.96318558,0.021494843,255,4,936,3936
8,0,100781.82,0.98369553,0.021494843,255,4,937,3937
8,0,100626.24,0.96217519,0.021494843,255,4,938,3938
8,0,100715.46,0.97319816,0.021494843,255,4,939,3939
8,0,100917.06,0.96988689,0.021494843,255,4,940,3940
8,0,100667.49,0.94689404,0.021494843,255,4,941,3941
8,0,100820.8,0.95208961,0.021494843,255,4,942,3942
8,0,100896.37,0.98802167,0.021494843,255,4,943,3943
8,0,100918.07,0.95031909,0.021494843,255,4,944,3944
8,0,101209.44,0.92675286,0.021494843,255,4,945,3945
8,0,101290.16,0.90845388,0.021494843,255,4,946,3946
8,0,101190.97,0.99545014,0.021494843,255,4,947,3947
8,0,101117.01,0.90328838,0.021494843,255,4,948,3948
8,0,101028.79,0.97489664,0.021494843,255,4,949,3949
8,0,100664.05,0.94551137,0.021494843,255,4,950,3950
8,0,101203.85,0.85121466,0.021494843,255,4,951,3951
8,0,101018.82,0.96957574,0.021494843,255,4,952,3952
8,0,100904.24,0.95492762,0.021494843,255,4,953,3953
8,0,100898.19,0.93268714,0.021494843,255,4,954,3954
8,0,101375.58,0.9859225,0.021494843,255,4,955,3955
8,0,101148.21,0.99144325,0.021494843,255,4,956,3956
8,0,101195.29,0.9054885,0.021494843,255,4,957,3957
8,0,101198.39,0.96929794,0.021494843,255,4,958,3958
8,0,101221.82,0.83234096,0.021494843,255,4,959,3959
8,0,101126.55,0.88259029,0.021494843,255,4,960,3960
8,0,101239.5,0.9854861,0.021494843,255,4,961,3961
8,0,101200.35,0.98869806,0.021494843,255,4,962,3962
8,0,101232.33,0.99299901,0.021494843,255,4,963,3963
8,0,101280.33,0.97577676,0.021494843,255,4,964,3964
8,0,101267.55,0.95230981,0.021494843,255,4,965,3965
8,0,101202.74,0.95342707,0.021494843,255,4,966,3966
8,0,101333.53,0.98774322,0.021494843,255,4,967,3967
8,0,101399.84,0.99314196,0.021494843,255,4,968,3968
8,0,101585.69,0.94424412,0.021494843,255,4,969,3969
8,0,101363.67,0.95243593,0.021494843,255,4,970,3970
8,0,101365.76,0.9197253,0.021494843,255,4,971,3971
8,0,101505.36,0.96234079,0.021494843,255,4,972,3972
8,0,100716.08,0.96004702,0.021494843,255,4,973,3973
8,0,100716.63,0.96897103,0.021494843,255,4,974,3974
8,0,100815.43,0.96736727,0.021494843,255,4,975,3975
8,0,101250.15,0.85556065,0.021494843,255,4,976,3976
8,0,101262.31,0.90610148,0.021494843,255,4,977,3977
8,0,100783.73,0.97782248,0.021494843,255,4,978,3978
8,0,100776.82,0.79299119,0.021494843,255,4,979,3979
8,0,100868.43,0.90598342,0.021494843,255,4,980,3980
8,0,101133.29,0.95042081,0.021494843,255,4,981,3981
8,0,100925.48,0.9567055,0.021494843,255,4,982,3982
8,0,101301.54,0.98572003,0.021494843,255,4,983,3983
8,0,101599.17,0.92699098,0.021494843,255,4,984,3984
8,0,101283.84,0.99878092,0.021494843,255,4,985,3985
8,0,100916.88,0.84056388,0.021494843,255,4,986,3986
8,0,100843.27,0.97825899,0.021494843,255,4,987,3987
8,0,101038.52,0.96402122,0.021494843,255,4,988,3988
8,0,101441.49,0.87141602,0.021494843,255,4,989,3989
8,0,101589.62,0.91808033,0.021494843,255,4,990,3990
8,0,100976.69,0.99794728,0.021494843,255,4,991,3991
8,0,100799.89,0.99960734,0.021494843,255,4,992,3992
8,0,100586.11,0.98986128,0.021494843,255,4,993,3993
8,0,100596.75,0.93081562,0.021494843,255,4,994,3994
8,0,100458.71,0.88832756,0.021494843,255,4,995,3995
8,0,100476.28,0.86648625,0.021494843,255,4,996,3996
8,0,100625.05,0.99067873,0.021494843,255,4,997,3997
8,0,100739.26,0.8062088,0.021494843,255,4,998,3998
8,0,101057.02,0.97706921,0.021494843,255,4,999,3999
8,0,100944.57,0.95425321,0.021494843,255,4,1000,4000
