treedepth__,divergent__,energy__,accept_stat__,stepsize__,n_leapfrog__,.chain,.iteration,.draw
8,0,100321.77,0.99245451,0.021595534,255,1,1,1
8,0,100747.06,0.98792602,0.021595534,255,1,2,2
8,0,100847.48,0.95873346,0.021595534,255,1,3,3
8,0,100437.3,0.97514201,0.021595534,255,1,4,4
8,0,100031.1,0.9819438,0.021595534,255,1,5,5
8,0,99466.254,0.9895652,0.021595534,255,1,6,6
8,0,98990.606,0.9918961,0.021595534,255,1,7,7
8,0,98889.133,0.93849455,0.021595534,255,1,8,8
8,0,99002.371,0.86656123,0.021595534,255,1,9,9
8,0,99296.402,0.9775809,0.021595534,255,1,10,10
8,0,99619.273,0.89667096,0.021595534,255,1,11,11
8,0,99625.391,0.95051632,0.021595534,255,1,12,12
8,0,100086.34,0.88448364,0.021595534,255,1,13,13
8,0,100365.9,0.89056478,0.021595534,255,1,14,14
8,0,100260.41,0.97710826,0.021595534,255,1,15,15
8,0,100266.5,0.92380206,0.021595534,255,1,16,16
8,0,100439.83,0.99406025,0.021595534,255,1,17,17
8,0,100388.67,0.9889693,0.021595534,255,1,18,18
8,0,100532.22,0.98963394,0.021595534,255,1,19,19
8,0,100769.49,0.96271823,0.021595534,255,1,20,20
8,0,100761.55,0.98924163,0.021595534,255,1,21,21
8,0,100495.81,0.99882299,0.021595534,255,1,22,22
8,0,100645.05,0.89827946,0.021595534,255,1,23,23
8,0,100590.79,0.91772837,0.021595534,255,1,24,24
8,0,100941.69,0.99649997,0.021595534,255,1,25,25
8,0,100803.61,0.95279446,0.021595534,255,1,26,26
8,0,100633.65,0.92778435,0.021595534,255,1,27,27
8,0,100270.36,0.99295716,0.021595534,255,1,28,28
8,0,100445.47,0.94017231,0.021595534,255,1,29,29
8,0,100604.72,0.89893939,0.021595534,255,1,30,30
8,0,100270.24,0.97539979,0.021595534,255,1,31,31
8,0,100091.5,0.98975134,0.021595534,255,1,32,32
8,0,100536.02,0.87115921,0.021595534,255,1,33,33
8,0,100453.55,0.97282397,0.021595534,255,1,34,34
8,0,100245.82,0.99444139,0.021595534,255,1,35,35
8,0,100299.75,0.95865714,0.021595534,255,1,36,36
8,0,100888.02,0.9786068,0.021595534,255,1,37,37
8,0,100563.64,0.86799312,0.021595534,255,1,38,38
8,0,100645.24,0.99590328,0.021595534,255,1,39,39
8,0,100362.98,0.99124687,0.021595534,255,1,40,40
8,0,100222.84,0.99832919,0.021595534,255,1,41,41
8,0,100032.3,0.98737288,0.021595534,255,1,42,42
8,0,100121.01,0.94479658,0.021595534,255,1,43,43
8,0,99859.71,0.91757156,0.021595534,255,1,44,44
8,0,99932.855,0.98902644,0.021595534,255,1,45,45
8,0,99999.226,0.99889639,0.021595534,255,1,46,46
8,0,99774.401,0.97589803,0.021595534,255,1,47,47
8,0,99984.153,0.93775719,0.021595534,255,1,48,48
8,0,99793.55,0.99272108,0.021595534,255,1,49,49
8,0,100056.78,0.99603031,0.021595534,255,1,50,50
8,0,100273.67,0.93546413,0.021595534,255,1,51,51
8,0,99988.215,0.96287938,0.021595534,255,1,52,52
8,0,100052.07,0.95550172,0.021595534,255,1,53,53
8,0,100027.56,0.94627253,0.021595534,255,1,54,54
8,0,99906.751,0.9987941,0.021595534,255,1,55,55
8,0,99395.944,0.95394287,0.021595534,255,1,56,56
8,0,99629.476,0.83049008,0.021595534,255,1,57,57
8,0,99635.366,0.94129825,0.021595534,255,1,58,58
8,0,99760.472,0.98528053,0.021595534,255,1,59,59
8,0,99865.624,0.98316928,0.021595534,255,1,60,60
8,0,99972.757,0.89809397,0.021595534,255,1,61,61
8,0,99903.642,0.96046549,0.021595534,255,1,62,62
8,0,100088.37,0.99861504,0.021595534,255,1,63,63
8,0,99559.536,0.98801017,0.021595534,255,1,64,64
8,0,99889.95,0.8637613,0.021595534,255,1,65,65
8,0,99895.228,0.96563321,0.021595534,255,1,66,66
8,0,100142.75,0.97156147,0.021595534,255,1,67,67
8,0,99965.102,0.86415667,0.021595534,255,1,68,68
8,0,100221.86,0.91947943,0.021595534,255,1,69,69
8,0,100511.96,0.99384146,0.021595534,255,1,70,70
8,0,100473.88,0.86947862,0.021595534,255,1,71,71
8,0,100731.93,0.98814377,0.021595534,255,1,72,72
8,0,100485.25,0.9395344,0.021595534,255,1,73,73
8,0,100093.11,0.99974217,0.021595534,255,1,74,74
8,0,100111.01,0.92470485,0.021595534,255,1,75,75
8,0,100268.76,0.99592315,0.021595534,255,1,76,76
8,0,100308.88,0.97004094,0.021595534,255,1,77,77
8,0,100046.51,0.96857749,0.021595534,255,1,78,78
8,0,100267.13,0.91551252,0.021595534,255,1,79,79
8,0,100278,0.87647914,0.021595534,255,1,80,80
8,0,100123.24,0.88603089,0.021595534,255,1,81,81
8,0,100468.8,0.90485239,0.021595534,255,1,82,82
8,0,100498.05,0.98560458,0.021595534,255,1,83,83
8,0,100330.43,0.97803389,0.021595534,255,1,84,84
8,0,100019.56,0.91934687,0.021595534,255,1,85,85
8,0,100154.41,0.98404057,0.021595534,255,1,86,86
8,0,100243.37,0.99423484,0.021595534,255,1,87,87
8,0,100083.04,0.93481862,0.021595534,255,1,88,88
8,0,100365.01,0.9571388,0.021595534,255,1,89,89
8,0,100162.21,0.98668352,0.021595534,255,1,90,90
8,0,100243.81,0.98794361,0.021595534,255,1,91,91
8,0,100583.44,0.98987399,0.021595534,255,1,92,92
8,0,100121.17,0.98401094,0.021595534,255,1,93,93
8,0,100139.02,0.86016994,0.021595534,255,1,94,94
8,0,100154.41,0.98303018,0.021595534,255,1,95,95
8,0,100212.76,0.95197949,0.021595534,255,1,96,96
8,0,100552.84,0.94583648,0.021595534,255,1,97,97
8,0,100600.95,0.99885708,0.021595534,255,1,98,98
8,0,100652.61,0.84853218,0.021595534,255,1,99,99
8,0,100628.66,0.9930102,0.021595534,255,1,100,100
8,0,100794.56,0.8520722,0.021595534,255,1,101,101
8,0,100500.09,0.99720797,0.021595534,255,1,102,102
8,0,99822.596,0.99154783,0.021595534,255,1,103,103
8,0,99879.819,0.95043478,0.021595534,255,1,104,104
8,0,100041.3,0.96094792,0.021595534,255,1,105,105
8,0,100142.42,0.94749051,0.021595534,255,1,106,106
8,0,100187.02,0.95279068,0.021595534,255,1,107,107
8,0,100027.17,0.96909813,0.021595534,255,1,108,108
8,0,99783.969,0.99999326,0.021595534,255,1,109,109
8,0,100076.37,0.89933647,0.021595534,255,1,110,110
8,0,100486.57,0.99118335,0.021595534,255,1,111,111
8,0,100261.32,0.98278878,0.021595534,255,1,112,112
8,0,100129.46,0.85873279,0.021595534,255,1,113,113
8,0,99824.124,0.97154424,0.021595534,255,1,114,114
8,0,100016.24,0.95857034,0.021595534,255,1,115,115
8,0,100004.49,0.89981492,0.021595534,255,1,116,116
8,0,100072.77,0.93737646,0.021595534,255,1,117,117
8,0,100217.76,0.93718153,0.021595534,255,1,118,118
8,0,99919.323,0.97734226,0.021595534,255,1,119,119
8,0,99612.638,0.95524919,0.021595534,255,1,120,120
8,0,99736.715,0.88622938,0.021595534,255,1,121,121
8,0,99634.842,0.94279233,0.021595534,255,1,122,122
8,0,99932.178,0.94459757,0.021595534,255,1,123,123
8,0,99908.69,0.99281337,0.021595534,255,1,124,124
8,0,100028.49,0.94049996,0.021595534,255,1,125,125
8,0,100004.09,0.90897605,0.021595534,255,1,126,126
8,0,100257.05,0.99598909,0.021595534,255,1,127,127
8,0,100253.54,0.93909785,0.021595534,255,1,128,128
8,0,100039.5,0.99809088,0.021595534,255,1,129,129
8,0,99841.545,0.9592638,0.021595534,255,1,130,130
8,0,100665.99,0.93880937,0.021595534,255,1,131,131
8,0,101168.55,0.99832215,0.021595534,255,1,132,132
8,0,100409.44,0.96372951,0.021595534,255,1,133,133
8,0,100333.42,0.91568697,0.021595534,255,1,134,134
8,0,100581.1,0.98907475,0.021595534,255,1,135,135
8,0,100774.08,0.92999757,0.021595534,255,1,136,136
8,0,100725.94,0.95373592,0.021595534,255,1,137,137
8,0,101289.09,0.8602167,0.021595534,255,1,138,138
8,0,100873.84,0.99499652,0.021595534,255,1,139,139
8,0,100534.57,0.9848053,0.021595534,255,1,140,140
8,0,100807.11,0.9846356,0.021595534,255,1,141,141
8,0,100671.97,0.99723662,0.021595534,255,1,142,142
8,0,101204.66,0.67037336,0.021595534,255,1,143,143
8,0,100527.27,0.97495754,0.021595534,255,1,144,144
8,0,100138.65,0.97252767,0.021595534,255,1,145,145
8,0,100496.37,0.99467246,0.021595534,255,1,146,146
8,0,100620.47,0.98017755,0.021595534,255,1,147,147
8,0,100313.19,0.95622557,0.021595534,255,1,148,148
8,0,100567.4,0.99029151,0.021595534,255,1,149,149
8,0,100384.21,0.999155,0.021595534,255,1,150,150
8,0,100337.23,0.97138413,0.021595534,255,1,151,151
8,0,99741.239,0.85529201,0.021595534,255,1,152,152
8,0,99694.749,0.98201721,0.021595534,255,1,153,153
8,0,99783.525,0.97642545,0.021595534,255,1,154,154
8,0,99874.553,0.87060892,0.021595534,255,1,155,155
8,0,99916.631,0.97129698,0.021595534,255,1,156,156
8,0,100122.96,0.93917309,0.021595534,255,1,157,157
8,0,100207.52,0.85122171,0.021595534,255,1,158,158
8,0,100294.18,0.96470279,0.021595534,255,1,159,159
8,0,99918.962,0.98690783,0.021595534,255,1,160,160
8,0,100082.6,0.93486013,0.021595534,255,1,161,161
8,0,100131.34,0.9779298,0.021595534,255,1,162,162
8,0,100346,0.98839446,0.021595534,255,1,163,163
8,0,100643.02,0.97290527,0.021595534,255,1,164,164
8,0,100602.75,0.9212515,0.021595534,255,1,165,165
8,0,100380.92,0.99954264,0.021595534,255,1,166,166
8,0,100081.37,0.96175903,0.021595534,255,1,167,167
8,0,100401.97,0.8903208,0.021595534,255,1,168,168
8,0,100057.23,0.96366282,0.021595534,255,1,169,169
8,0,100056.86,0.98545459,0.021595534,255,1,170,170
8,0,100296.92,0.85699538,0.021595534,255,1,171,171
8,0,100153.82,0.98175074,0.021595534,255,1,172,172
8,0,100422.93,0.88911506,0.021595534,255,1,173,173
8,0,100643.58,0.99888959,0.021595534,255,1,174,174
8,0,100645.92,0.98496282,0.021595534,255,1,175,175
8,0,100813.57,0.95427796,0.021595534,255,1,176,176
8,0,100892.13,0.95591264,0.021595534,255,1,177,177
8,0,100501.07,0.92574186,0.021595534,255,1,178,178
8,0,100214.88,0.97544596,0.021595534,255,1,179,179
8,0,100139.77,0.9535652,0.021595534,255,1,180,180
8,0,100017.59,0.97493075,0.021595534,255,1,181,181
8,0,100247.41,0.97656841,0.021595534,255,1,182,182
8,0,100249.35,0.88865463,0.021595534,255,1,183,183
8,0,100268.3,0.90031265,0.021595534,255,1,184,184
8,0,100471.52,0.9755336,0.021595534,255,1,185,185
8,0,100266.64,0.96961522,0.021595534,255,1,186,186
8,0,99429.559,0.97325683,0.021595534,255,1,187,187
8,0,99445.466,0.88323287,0.021595534,255,1,188,188
8,0,99866.571,0.97231086,0.021595534,255,1,189,189
8,0,100075.4,0.99335994,0.021595534,255,1,190,190
8,0,100050.6,0.98958817,0.021595534,255,1,191,191
8,0,100230.71,0.93473382,0.021595534,255,1,192,192
8,0,100360.09,0.94754982,0.021595534,255,1,193,193
8,0,100199.66,0.9683809,0.021595534,255,1,194,194
8,0,100316.64,0.99179149,0.021595534,255,1,195,195
8,0,100693.06,0.98480019,0.021595534,255,1,196,196
8,0,100813.51,0.92379102,0.021595534,255,1,197,197
8,0,101114.79,0.98687445,0.021595534,255,1,198,198
8,0,100764.82,0.97789855,0.021595534,255,1,199,199
8,0,100854.47,0.99409688,0.021595534,255,1,200,200
8,0,100410.64,0.94730471,0.021595534,255,1,201,201
8,0,100421.75,0.97666816,0.021595534,255,1,202,202
8,0,100280.01,0.96765078,0.021595534,255,1,203,203
8,0,100686.11,0.9503134,0.021595534,255,1,204,204
8,0,100664.86,0.93169714,0.021595534,255,1,205,205
8,0,100264.07,0.98896266,0.021595534,255,1,206,206
8,0,100167.59,0.96595904,0.021595534,255,1,207,207
8,0,100215.53,0.8825397,0.021595534,255,1,208,208
8,0,100133.96,0.90738451,0.021595534,255,1,209,209
8,0,99307.239,0.97501665,0.021595534,255,1,210,210
8,0,99502.3,0.7450427,0.021595534,255,1,211,211
8,0,100226.13,0.99882343,0.021595534,255,1,212,212
8,0,100252.67,0.94856129,0.021595534,255,1,213,213
8,0,100046.28,0.99884844,0.021595534,255,1,214,214
8,0,100077.41,0.98080668,0.021595534,255,1,215,215
8,0,100048.42,0.99661574,0.021595534,255,1,216,216
8,0,100611.95,0.98947189,0.021595534,255,1,217,217
8,0,100427.43,0.94012893,0.021595534,255,1,218,218
8,0,100469.61,0.98592501,0.021595534,255,1,219,219
8,0,100829,0.92293915,0.021595534,255,1,220,220
8,0,100329.82,0.91513481,0.021595534,255,1,221,221
8,0,100313.58,0.94196281,0.021595534,255,1,222,222
8,0,100252.64,0.90072625,0.021595534,255,1,223,223
8,0,100112.03,0.99648496,0.021595534,255,1,224,224
8,0,100576.26,0.84107141,0.021595534,255,1,225,225
8,0,100463.33,0.99998409,0.021595534,255,1,226,226
8,0,100487.29,0.99333951,0.021595534,255,1,227,227
8,0,100420.29,0.8403066,0.021595534,255,1,228,228
8,0,100533.77,0.89063143,0.021595534,255,1,229,229
8,0,100298.85,0.99711064,0.021595534,255,1,230,230
8,0,100549.47,0.98682043,0.021595534,255,1,231,231
8,0,100095.74,0.99044262,0.021595534,255,1,232,232
8,0,100250.19,0.9050491,0.021595534,255,1,233,233
8,0,100703.58,0.71034946,0.021595534,255,1,234,234
8,0,100488.93,0.99395916,0.021595534,255,1,235,235
8,0,100329.04,0.91053696,0.021595534,255,1,236,236
8,0,100487.19,0.99355859,0.021595534,255,1,237,237
8,0,100638.56,0.97146872,0.021595534,255,1,238,238
8,0,100761.68,0.98156601,0.021595534,255,1,239,239
8,0,100767.41,0.99372786,0.021595534,255,1,240,240
8,0,100560.43,0.99563303,0.021595534,255,1,241,241
8,0,100249.62,0.99639199,0.021595534,255,1,242,242
8,0,100436.5,0.95517032,0.021595534,255,1,243,243
8,0,100233.86,0.96997344,0.021595534,255,1,244,244
8,0,100177.89,0.95863412,0.021595534,255,1,245,245
8,0,99969.85,0.96816288,0.021595534,255,1,246,246
8,0,100150.95,0.92148412,0.021595534,255,1,247,247
8,0,100038.93,0.96680787,0.021595534,255,1,248,248
8,0,99560.298,0.78590084,0.021595534,255,1,249,249
8,0,99935.659,0.9541521,0.021595534,255,1,250,250
8,0,100029.7,0.9954817,0.021595534,255,1,251,251
8,0,100188.37,0.95161846,0.021595534,255,1,252,252
8,0,100404.82,0.98811804,0.021595534,255,1,253,253
8,0,100549.46,1,0.021595534,255,1,254,254
8,0,100600.14,0.97472062,0.021595534,255,1,255,255
8,0,100348.44,0.91538207,0.021595534,255,1,256,256
8,0,100564.28,0.96009097,0.021595534,255,1,257,257
8,0,100657.46,0.98734213,0.021595534,255,1,258,258
8,0,100492.6,0.96324699,0.021595534,255,1,259,259
8,0,100556.94,0.96926385,0.021595534,255,1,260,260
8,0,100715.87,0.780348,0.021595534,255,1,261,261
8,0,100840.08,0.95963147,0.021595534,255,1,262,262
8,0,100966.87,0.8504779,0.021595534,255,1,263,263
8,0,100530.81,0.95947781,0.021595534,255,1,264,264
8,0,100857.67,0.85038897,0.021595534,255,1,265,265
8,0,100874.32,0.98257092,0.021595534,255,1,266,266
8,0,100215.9,0.9691304,0.021595534,255,1,267,267
8,0,100309.9,0.91933694,0.021595534,255,1,268,268
8,0,100553.81,0.87304736,0.021595534,255,1,269,269
8,0,100342.84,0.98212448,0.021595534,255,1,270,270
8,0,100595.25,0.99629559,0.021595534,255,1,271,271
8,0,100374.52,0.98979912,0.021595534,255,1,272,272
8,0,100360.01,0.92762511,0.021595534,255,1,273,273
8,0,100089.53,0.98038143,0.021595534,255,1,274,274
8,0,99763.987,0.97795424,0.021595534,255,1,275,275
8,0,100126.18,0.78341427,0.021595534,255,1,276,276
8,0,100215.23,0.93055311,0.021595534,255,1,277,277
8,0,100241.2,0.99894862,0.021595534,255,1,278,278
8,0,99814.436,0.86211544,0.021595534,255,1,279,279
8,0,99825.048,0.86488563,0.021595534,255,1,280,280
8,0,100197.41,0.97150041,0.021595534,255,1,281,281
8,0,100216.33,0.93402671,0.021595534,255,1,282,282
8,0,99943.67,0.95486254,0.021595534,255,1,283,283
8,0,100252.62,0.99290631,0.021595534,255,1,284,284
8,0,100094.02,0.98357997,0.021595534,255,1,285,285
8,0,100347.8,0.99143222,0.021595534,255,1,286,286
8,0,100243.65,0.99726735,0.021595534,255,1,287,287
8,0,100346.91,0.94626792,0.021595534,255,1,288,288
8,0,100552.02,0.93855719,0.021595534,255,1,289,289
8,0,100285.74,0.98369463,0.021595534,255,1,290,290
8,0,100375.96,0.93349205,0.021595534,255,1,291,291
8,0,100182.3,0.93473225,0.021595534,255,1,292,292
8,0,99986.383,0.99634063,0.021595534,255,1,293,293
8,0,100394.81,0.9833124,0.021595534,255,1,294,294
8,0,100017.94,0.95566011,0.021595534,255,1,295,295
8,0,100000.13,0.96639279,0.021595534,255,1,296,296
8,0,100182.54,0.97375984,0.021595534,255,1,297,297
8,0,99507.286,0.98645565,0.021595534,255,1,298,298
8,0,99397.79,0.91505300999999994,0.021595534,255,1,299,299
8,0,99941.779,0.90269669,0.021595534,255,1,300,300
8,0,99826.392,0.97162271,0.021595534,255,1,301,301
8,0,99918.858,0.97060109,0.021595534,255,1,302,302
8,0,99504.598,0.99973455,0.021595534,255,1,303,303
8,0,100169.04,0.93312306,0.021595534,255,1,304,304
8,0,99976.573,0.8712538,0.021595534,255,1,305,305
8,0,100142.61,0.95767263,0.021595534,255,1,306,306
8,0,100126.11,0.74363773,0.021595534,255,1,307,307
8,0,100019.24,0.99541076,0.021595534,255,1,308,308
8,0,99898.814,0.96289395,0.021595534,255,1,309,309
8,0,99729.329,0.89129294,0.021595534,255,1,310,310
8,0,100117.13,0.99049291,0.021595534,255,1,311,311
8,0,100219.86,0.99424506,0.021595534,255,1,312,312
8,0,100325.52,0.97157375,0.021595534,255,1,313,313
8,0,100738.75,0.9717044,0.021595534,255,1,314,314
8,0,100503.32,0.94016434,0.021595534,255,1,315,315
8,0,100338.8,0.98255067,0.021595534,255,1,316,316
8,0,100626.66,0.93835343,0.021595534,255,1,317,317
8,0,100992.65,0.95175768,0.021595534,255,1,318,318
8,0,100878.27,0.98656051,0.021595534,255,1,319,319
8,0,101001.12,0.99957419,0.021595534,255,1,320,320
8,0,100382.81,0.9555847,0.021595534,255,1,321,321
8,0,100436.73,0.95330463,0.021595534,255,1,322,322
8,0,100588.68,0.99082961,0.021595534,255,1,323,323
8,0,100814.02,0.89349536,0.021595534,255,1,324,324
8,0,100543.72,0.99758479,0.021595534,255,1,325,325
8,0,100584.82,0.98838504,0.021595534,255,1,326,326
8,0,100734.41,0.93694939,0.021595534,255,1,327,327
8,0,100874.74,0.99974425,0.021595534,255,1,328,328
8,0,100716.68,0.91374664,0.021595534,255,1,329,329
8,0,100377.61,0.95948257,0.021595534,255,1,330,330
8,0,100579.93,0.98151052,0.021595534,255,1,331,331
8,0,99964.5,0.96763651,0.021595534,255,1,332,332
8,0,100493.3,0.97604795,0.021595534,255,1,333,333
8,0,100530.31,0.98224024,0.021595534,255,1,334,334
8,0,100465.44,0.97676906,0.021595534,255,1,335,335
8,0,100588.63,0.9821917,0.021595534,255,1,336,336
8,0,100328.71,0.98427672,0.021595534,255,1,337,337
8,0,100387.22,0.99744463,0.021595534,255,1,338,338
8,0,100025.78,0.95889084,0.021595534,255,1,339,339
8,0,100029.69,0.99532052,0.021595534,255,1,340,340
8,0,100310.24,0.94115932,0.021595534,255,1,341,341
8,0,100271.43,0.9943682,0.021595534,255,1,342,342
8,0,100137.41,0.98405128,0.021595534,255,1,343,343
8,0,100335.63,0.98571942,0.021595534,255,1,344,344
8,0,100781,0.96533022,0.021595534,255,1,345,345
8,0,100553.45,0.97128449,0.021595534,255,1,346,346
8,0,100629.56,0.99595338,0.021595534,255,1,347,347
8,0,100607.33,0.97125505,0.021595534,255,1,348,348
8,0,100760.38,0.98735374,0.021595534,255,1,349,349
8,0,100464.49,1,0.021595534,255,1,350,350
8,0,100474.44,0.99814248,0.021595534,255,1,351,351
8,0,100335.58,0.91758466,0.021595534,255,1,352,352
8,0,100083.53,0.94153485,0.021595534,255,1,353,353
8,0,100222.14,0.88548985,0.021595534,255,1,354,354
8,0,100507.9,0.86355114,0.021595534,255,1,355,355
8,0,100245.01,0.98943409,0.021595534,255,1,356,356
8,0,100389.52,0.96331628,0.021595534,255,1,357,357
8,0,100234.68,0.85650304,0.021595534,255,1,358,358
8,0,100473,0.96559996,0.021595534,255,1,359,359
8,0,100241.29,0.85337352,0.021595534,255,1,360,360
8,0,100320.68,0.97129038,0.021595534,255,1,361,361
8,0,100215.48,0.96313384,0.021595534,255,1,362,362
8,0,100249.42,0.99599831,0.021595534,255,1,363,363
8,0,100086.61,0.95511867,0.021595534,255,1,364,364
8,0,100200.82,0.93956247,0.021595534,255,1,365,365
8,0,99690.594,0.98845659,0.021595534,255,1,366,366
8,0,99864.88,0.9396807,0.021595534,255,1,367,367
8,0,100234.75,0.96306725,0.021595534,255,1,368,368
8,0,100447.96,0.98056996,0.021595534,255,1,369,369
8,0,100255.39,0.99103218,0.021595534,255,1,370,370
8,0,100181.17,0.96965757,0.021595534,255,1,371,371
8,0,100361.67,0.96136205,0.021595534,255,1,372,372
8,0,100038.59,0.99080251,0.021595534,255,1,373,373
8,0,99495.098,0.99995232,0.021595534,255,1,374,374
8,0,99398.369,0.96247988,0.021595534,255,1,375,375
8,0,99724.704,0.88580185,0.021595534,255,1,376,376
8,0,99595.589,0.89640504,0.021595534,255,1,377,377
8,0,99891.259,0.98888725,0.021595534,255,1,378,378
8,0,100211.39,0.79183943,0.021595534,255,1,379,379
8,0,100395.72,0.95557668,0.021595534,255,1,380,380
8,0,100433.92,0.93131635,0.021595534,255,1,381,381
8,0,100293.37,1,0.021595534,255,1,382,382
8,0,99926.992,0.98951778,0.021595534,255,1,383,383
8,0,100233.92,0.96961266,0.021595534,255,1,384,384
8,0,100305.16,0.96962675,0.021595534,255,1,385,385
8,0,100078.76,0.97918336,0.021595534,255,1,386,386
8,0,99913.267,0.99405809,0.021595534,255,1,387,387
8,0,100269.94,0.83706566,0.021595534,255,1,388,388
8,0,100335.94,0.99963015,0.021595534,255,1,389,389
8,0,100459.62,0.97315518,0.021595534,255,1,390,390
8,0,100762.67,0.93183546,0.021595534,255,1,391,391
8,0,100590.67,0.95636478,0.021595534,255,1,392,392
8,0,100589.84,0.9082735,0.021595534,255,1,393,393
8,0,100884.8,0.98778676,0.021595534,255,1,394,394
8,0,101027.76,0.96779406,0.021595534,255,1,395,395
8,0,100452.22,0.86153011,0.021595534,255,1,396,396
8,0,100660.37,0.93248011,0.021595534,255,1,397,397
8,0,100776.44,0.99471845,0.021595534,255,1,398,398
8,0,100691.72,0.98971886,0.021595534,255,1,399,399
8,0,100325.9,0.91868293,0.021595534,255,1,400,400
8,0,100254.28,0.94900663,0.021595534,255,1,401,401
8,0,100463.67,0.98790011,0.021595534,255,1,402,402
8,0,100706.27,0.99005425,0.021595534,255,1,403,403
8,0,100446.29,0.97416042,0.021595534,255,1,404,404
8,0,100589.51,0.94987712,0.021595534,255,1,405,405
8,0,100303.46,0.97200617,0.021595534,255,1,406,406
8,0,100721.86,0.97105455,0.021595534,255,1,407,407
8,0,100769.75,0.99988477,0.021595534,255,1,408,408
8,0,100506.05,0.95441421,0.021595534,255,1,409,409
8,0,100567.85,0.97291662,0.021595534,255,1,410,410
8,0,100405.42,0.94322273,0.021595534,255,1,411,411
8,0,100001.25,0.98677659,0.021595534,255,1,412,412
8,0,100224.95,0.96553127,0.021595534,255,1,413,413
8,0,100705.06,0.88033727,0.021595534,255,1,414,414
8,0,100595.46,0.99227317,0.021595534,255,1,415,415
8,0,100816.93,0.9916948,0.021595534,255,1,416,416
8,0,100730.06,0.98610595,0.021595534,255,1,417,417
8,0,100374.72,0.9000194,0.021595534,255,1,418,418
8,0,100448.42,0.96122629,0.021595534,255,1,419,419
8,0,100325.77,0.98705526,0.021595534,255,1,420,420
8,0,100058.87,0.98986942,0.021595534,255,1,421,421
8,0,99776.468,0.8995303,0.021595534,255,1,422,422
8,0,99951.372,0.99550218,0.021595534,255,1,423,423
8,0,99973.891,0.99620169,0.021595534,255,1,424,424
8,0,99888.146,0.98153966,0.021595534,255,1,425,425
8,0,99792.108,0.99863461,0.021595534,255,1,426,426
8,0,99862.202,0.79211537,0.021595534,255,1,427,427
8,0,100061.27,0.98773802,0.021595534,255,1,428,428
8,0,99959.626,0.99585871,0.021595534,255,1,429,429
8,0,99641.086,0.99399382,0.021595534,255,1,430,430
8,0,99759.565,0.98578103,0.021595534,255,1,431,431
8,0,100144.54,0.9124981,0.021595534,255,1,432,432
8,0,99978.694,0.99534637,0.021595534,255,1,433,433
8,0,100128.93,0.8089853,0.021595534,255,1,434,434
8,0,99772.094,0.93305717,0.021595534,255,1,435,435
8,0,99461.636,0.94141031,0.021595534,255,1,436,436
8,0,99992.587,0.98572488,0.021595534,255,1,437,437
8,0,100140.72,0.98515492,0.021595534,255,1,438,438
8,0,99948.471,0.99327283,0.021595534,255,1,439,439
8,0,99851.31,0.97512621,0.021595534,255,1,440,440
8,0,99830.069,0.89133256,0.021595534,255,1,441,441
8,0,100326.91,0.98002902,0.021595534,255,1,442,442
8,0,100114,0.9860309,0.021595534,255,1,443,443
8,0,100087.23,0.90568583,0.021595534,255,1,444,444
8,0,100345.02,0.98380986,0.021595534,255,1,445,445
8,0,100837.65,0.97768132,0.021595534,255,1,446,446
8,0,100915.77,0.97965133,0.021595534,255,1,447,447
8,0,100980.58,0.98210425,0.021595534,255,1,448,448
8,0,100017.96,0.98928969,0.021595534,255,1,449,449
8,0,100347.56,0.89143602,0.021595534,255,1,450,450
8,0,100861.64,0.76709866,0.021595534,255,1,451,451
8,0,100826.11,0.99103223,0.021595534,255,1,452,452
8,0,100227.18,0.97570097,0.021595534,255,1,453,453
8,0,100022.67,0.97475397,0.021595534,255,1,454,454
8,0,100139.21,0.99999999,0.021595534,255,1,455,455
8,0,100249.68,0.87881204,0.021595534,255,1,456,456
8,0,99944.501,0.99533699,0.021595534,255,1,457,457
8,0,99651.416,0.96259302,0.021595534,255,1,458,458
8,0,99835.633,0.98491884,0.021595534,255,1,459,459
8,0,99708.583,0.99293808,0.021595534,255,1,460,460
8,0,99857.577,0.96905146,0.021595534,255,1,461,461
8,0,99614.817,0.91647229,0.021595534,255,1,462,462
8,0,99752.039,0.92398207,0.021595534,255,1,463,463
8,0,99724.761,0.97919048,0.021595534,255,1,464,464
8,0,100355.59,0.97663501,0.021595534,255,1,465,465
8,0,100207.46,0.90419729,0.021595534,255,1,466,466
8,0,100801.69,0.97228619,0.021595534,255,1,467,467
8,0,100120.79,0.99106917,0.021595534,255,1,468,468
8,0,100411.77,0.83472983,0.021595534,255,1,469,469
8,0,100270.01,0.99612363,0.021595534,255,1,470,470
8,0,100187.13,0.97457479,0.021595534,255,1,471,471
8,0,99925.357,0.98235075,0.021595534,255,1,472,472
8,0,100377.21,0.98594185,0.021595534,255,1,473,473
8,0,99897.771,0.99839338,0.021595534,255,1,474,474
8,0,99970.705,0.98588959,0.021595534,255,1,475,475
8,0,99734.42,0.92595936,0.021595534,255,1,476,476
8,0,99851.525,0.95572566,0.021595534,255,1,477,477
8,0,100073.24,0.92496588,0.021595534,255,1,478,478
8,0,100520.96,0.96529268,0.021595534,255,1,479,479
8,0,100694.7,0.99500422,0.021595534,255,1,480,480
8,0,100369.69,0.94243456,0.021595534,255,1,481,481
8,0,100633.51,0.95352419,0.021595534,255,1,482,482
8,0,100285.63,0.99585264,0.021595534,255,1,483,483
8,0,100223.98,0.99692907,0.021595534,255,1,484,484
8,0,100312.05,0.995692,0.021595534,255,1,485,485
8,0,100421.37,0.95497897,0.021595534,255,1,486,486
8,0,100427.57,0.82688488,0.021595534,255,1,487,487
8,0,100476.43,0.96566996,0.021595534,255,1,488,488
8,0,100513.64,0.89772476,0.021595534,255,1,489,489
8,0,100366.96,0.98204656,0.021595534,255,1,490,490
8,0,100036.86,0.96925709,0.021595534,255,1,491,491
8,0,100007.68,0.99360311,0.021595534,255,1,492,492
8,0,100417.98,0.84916484,0.021595534,255,1,493,493
8,0,100255.11,0.98500422,0.021595534,255,1,494,494
8,0,100240.52,0.97866498,0.021595534,255,1,495,495
8,0,100390.71,0.96780129,0.021595534,255,1,496,496
8,0,100577.25,0.98834946,0.021595534,255,1,497,497
8,0,100334.05,0.9809147,0.021595534,255,1,498,498
8,0,100820.91,0.98952582,0.021595534,255,1,499,499
8,0,100745.76,0.91933713,0.021595534,255,1,500,500
8,0,100860.33,0.93912552,0.021595534,255,1,501,501
8,0,100957.91,0.97902477,0.021595534,255,1,502,502
8,0,100743.6,0.99673386,0.021595534,255,1,503,503
8,0,100547.12,0.83685048,0.021595534,255,1,504,504
8,0,100432.41,0.99040017,0.021595534,255,1,505,505
8,0,100290.88,0.99325472,0.021595534,255,1,506,506
8,0,100193.02,0.98564291,0.021595534,255,1,507,507
8,0,100414.81,0.93498066,0.021595534,255,1,508,508
8,0,100484.66,0.9885201,0.021595534,255,1,509,509
8,0,100268.92,0.9830868,0.021595534,255,1,510,510
8,0,100088.92,0.78392205,0.021595534,255,1,511,511
8,0,100434.11,0.97326927,0.021595534,255,1,512,512
8,0,101029.63,0.89171788,0.021595534,255,1,513,513
8,0,100749.47,0.98989956,0.021595534,255,1,514,514
8,0,100569.48,0.94548592,0.021595534,255,1,515,515
8,0,100072.42,0.85279139,0.021595534,255,1,516,516
8,0,100142.75,0.90757527,0.021595534,255,1,517,517
8,0,100507.92,0.97582189,0.021595534,255,1,518,518
8,0,100266.66,0.99819786,0.021595534,255,1,519,519
8,0,100558.99,0.96672528,0.021595534,255,1,520,520
8,0,100525.8,0.98872421,0.021595534,255,1,521,521
8,0,100542.1,0.98516049000000006,0.021595534,255,1,522,522
8,0,100461.33,0.95519967,0.021595534,255,1,523,523
8,0,100398.2,0.85017018,0.021595534,255,1,524,524
8,0,100745.57,0.95230616,0.021595534,255,1,525,525
8,0,100243.12,0.97866868,0.021595534,255,1,526,526
8,0,100606.89,0.96596536,0.021595534,255,1,527,527
8,0,100320.5,0.99399906,0.021595534,255,1,528,528
8,0,100673.45,0.98345711,0.021595534,255,1,529,529
8,0,100225.83,0.98281876,0.021595534,255,1,530,530
8,0,99983.308,0.96979862,0.021595534,255,1,531,531
8,0,99836.828,0.9734997,0.021595534,255,1,532,532
8,0,100016.08,0.92422591,0.021595534,255,1,533,533
8,0,100024.53,0.97869886,0.021595534,255,1,534,534
8,0,100488.54,0.93053936,0.021595534,255,1,535,535
8,0,100331.7,0.90363706,0.021595534,255,1,536,536
8,0,100343.89,0.99682294,0.021595534,255,1,537,537
8,0,99903.68,0.9819926,0.021595534,255,1,538,538
8,0,99774.182,0.97776065,0.021595534,255,1,539,539
8,0,99657.319,0.8370441,0.021595534,255,1,540,540
8,0,99520.543,0.9840733,0.021595534,255,1,541,541
8,0,99476.522,0.98580071,0.021595534,255,1,542,542
8,0,99751.001,0.98540669,0.021595534,255,1,543,543
8,0,99950.464,0.93452564,0.021595534,255,1,544,544
8,0,99541.115,0.93407126,0.021595534,255,1,545,545
8,0,99954.713,0.98567631,0.021595534,255,1,546,546
8,0,100470.97,0.9673581,0.021595534,255,1,547,547
8,0,100408.12,0.96919852,0.021595534,255,1,548,548
8,0,100475.97,0.92146119,0.021595534,255,1,549,549
8,0,100200.35,0.934295,0.021595534,255,1,550,550
8,0,100778.64,0.81932826,0.021595534,255,1,551,551
8,0,100338.63,0.99053964,0.021595534,255,1,552,552
8,0,100331.09,0.99991246,0.021595534,255,1,553,553
8,0,100308.46,0.89345581,0.021595534,255,1,554,554
8,0,100049.23,0.99386848,0.021595534,255,1,555,555
8,0,100120.95,0.94573061,0.021595534,255,1,556,556
8,0,100159.69,0.98252328,0.021595534,255,1,557,557
8,0,100195.36,0.92512617,0.021595534,255,1,558,558
8,0,100011.28,0.94786315,0.021595534,255,1,559,559
8,0,99615.704,0.99366457,0.021595534,255,1,560,560
8,0,99408.346,0.99999375,0.021595534,255,1,561,561
8,0,99665.926,0.95617497,0.021595534,255,1,562,562
8,0,100398.67,0.9461957,0.021595534,255,1,563,563
8,0,100711.1,0.99935244,0.021595534,255,1,564,564
8,0,100626.35,0.97465165,0.021595534,255,1,565,565
8,0,100553.61,0.9935214,0.021595534,255,1,566,566
8,0,100476.45,0.96311971,0.021595534,255,1,567,567
8,0,99807.482,0.99714479,0.021595534,255,1,568,568
8,0,99799.406,0.98593248,0.021595534,255,1,569,569
8,0,99965.391,0.85011277,0.021595534,255,1,570,570
8,0,99719.46,0.81008923,0.021595534,255,1,571,571
8,0,100051.03,0.94996489,0.021595534,255,1,572,572
8,0,100223.19,0.95730293,0.021595534,255,1,573,573
8,0,100033.35,0.99560671,0.021595534,255,1,574,574
8,0,100123.1,0.99277128,0.021595534,255,1,575,575
8,0,100392.15,0.93008589,0.021595534,255,1,576,576
8,0,100303.28,0.98964069,0.021595534,255,1,577,577
8,0,100599.52,0.98815808,0.021595534,255,1,578,578
8,0,100608.91,0.95050637,0.021595534,255,1,579,579
8,0,100655.8,0.98192011,0.021595534,255,1,580,580
8,0,100489.32,0.93100043,0.021595534,255,1,581,581
8,0,100301.85,0.96221451,0.021595534,255,1,582,582
8,0,100185.84,0.8758413,0.021595534,255,1,583,583
8,0,100136.16,0.94390897,0.021595534,255,1,584,584
8,0,100175.88,0.96263656,0.021595534,255,1,585,585
8,0,100513.13,0.87007986,0.021595534,255,1,586,586
8,0,100147.9,0.79998149,0.021595534,255,1,587,587
8,0,100263.79,0.75096612,0.021595534,255,1,588,588
8,0,100290.22,0.98439989,0.021595534,255,1,589,589
8,0,100400.51,0.99310734,0.021595534,255,1,590,590
8,0,99900.466,0.98871997,0.021595534,255,1,591,591
8,0,99904.276,0.96592172,0.021595534,255,1,592,592
8,0,100284.03,0.97053668,0.021595534,255,1,593,593
8,0,100804.84,0.76484684,0.021595534,255,1,594,594
8,0,101125.47,0.96560029,0.021595534,255,1,595,595
8,0,100831.35,0.99010236,0.021595534,255,1,596,596
8,0,100270.04,0.9961745,0.021595534,255,1,597,597
8,0,100062.42,0.95235827,0.021595534,255,1,598,598
8,0,100188.87,0.81592677,0.021595534,255,1,599,599
8,0,99927.812,0.96566461,0.021595534,255,1,600,600
8,0,100299.56,0.9073555,0.021595534,255,1,601,601
8,0,100192.14,0.98310783,0.021595534,255,1,602,602
8,0,100142.9,0.89391725,0.021595534,255,1,603,603
8,0,100073.95,0.96048627,0.021595534,255,1,604,604
8,0,100078.83,0.91380036,0.021595534,255,1,605,605
8,0,100164.03,0.95229344,0.021595534,255,1,606,606
8,0,100150.67,0.89654235,0.021595534,255,1,607,607
8,0,99682.178,0.99607417,0.021595534,255,1,608,608
8,0,100526,0.82995577,0.021595534,255,1,609,609
8,0,100492.78,0.97839832,0.021595534,255,1,610,610
8,0,99987.778,0.96639029,0.021595534,255,1,611,611
8,0,100274.82,0.93563042,0.021595534,255,1,612,612
8,0,100518.41,0.9389896,0.021595534,255,1,613,613
8,0,100241.29,0.98142453,0.021595534,255,1,614,614
8,0,99714.702,0.98794286,0.021595534,255,1,615,615
8,0,100110.06,0.90823005,0.021595534,255,1,616,616
8,0,100193.29,0.99427007,0.021595534,255,1,617,617
8,0,100157.95,0.97750988,0.021595534,255,1,618,618
8,0,100186.71,0.98302556,0.021595534,255,1,619,619
8,0,100096.56,0.93436123,0.021595534,255,1,620,620
8,0,100817.77,0.92076565,0.021595534,255,1,621,621
8,0,100763.16,0.8692693,0.021595534,255,1,622,622
8,0,100278.88,0.94573708,0.021595534,255,1,623,623
8,0,99991.246,0.99164392,0.021595534,255,1,624,624
8,0,100180.46,0.90485854,0.021595534,255,1,625,625
8,0,100395.64,0.99807336,0.021595534,255,1,626,626
8,0,100740.58,0.98206699,0.021595534,255,1,627,627
8,0,101044.21,0.88093692,0.021595534,255,1,628,628
8,0,100725.04,0.98550223,0.021595534,255,1,629,629
8,0,100460.27,0.97535023,0.021595534,255,1,630,630
8,0,99938.31,0.98655688,0.021595534,255,1,631,631
8,0,99947.645,0.96473862,0.021595534,255,1,632,632
8,0,99883.844,0.99889402,0.021595534,255,1,633,633
8,0,99872.785,0.9939976,0.021595534,255,1,634,634
8,0,99646.327,0.9536405,0.021595534,255,1,635,635
8,0,99629.712,0.96183111,0.021595534,255,1,636,636
8,0,99476.098,0.91778865,0.021595534,255,1,637,637
8,0,99342.658,0.98917693,0.021595534,255,1,638,638
8,0,99243.037,1,0.021595534,255,1,639,639
8,0,99395.762,0.99699195,0.021595534,255,1,640,640
8,0,99878.88,0.99925471,0.021595534,255,1,641,641
8,0,100291.07,0.96509578,0.021595534,255,1,642,642
8,0,100792.98,0.95893525,0.021595534,255,1,643,643
8,0,100524.31,0.89607133,0.021595534,255,1,644,644
8,0,100315,0.9882164,0.021595534,255,1,645,645
8,0,100133.71,0.98362327,0.021595534,255,1,646,646
8,0,100328.2,0.96983131,0.021595534,255,1,647,647
8,0,100298.71,0.9213091,0.021595534,255,1,648,648
8,0,100483.24,0.95692365,0.021595534,255,1,649,649
8,0,100309.68,0.98571556,0.021595534,255,1,650,650
8,0,100315.12,0.96634752,0.021595534,255,1,651,651
8,0,100245.07,0.97987839,0.021595534,255,1,652,652
8,0,100085.74,0.96773545,0.021595534,255,1,653,653
8,0,100180.9,0.99805788,0.021595534,255,1,654,654
8,0,100563.51,0.9521277,0.021595534,255,1,655,655
8,0,100472.02,0.83881952,0.021595534,255,1,656,656
8,0,100457.49,0.9919363,0.021595534,255,1,657,657
8,0,100258.94,0.98036884,0.021595534,255,1,658,658
8,0,99981.714,0.99312416,0.021595534,255,1,659,659
8,0,99513.238,0.95934823,0.021595534,255,1,660,660
8,0,99910.419,0.93445454,0.021595534,255,1,661,661
8,0,100352.87,0.93259511,0.021595534,255,1,662,662
8,0,100301.22,0.96254922,0.021595534,255,1,663,663
8,0,100706.51,0.99477455,0.021595534,255,1,664,664
8,0,100854.98,0.93789979,0.021595534,255,1,665,665
8,0,100541.07,0.98870403,0.021595534,255,1,666,666
8,0,99903.929,0.99787605,0.021595534,255,1,667,667
8,0,100143.22,0.99438418,0.021595534,255,1,668,668
8,0,100000.26,0.90926415,0.021595534,255,1,669,669
8,0,100606.89,0.98911539,0.021595534,255,1,670,670
8,0,100458.91,0.88754827,0.021595534,255,1,671,671
8,0,100732.77,0.92238449,0.021595534,255,1,672,672
8,0,100596.06,0.99355089,0.021595534,255,1,673,673
8,0,100545.22,0.97568735,0.021595534,255,1,674,674
8,0,100516.76,0.99325702,0.021595534,255,1,675,675
8,0,100453.73,0.93151208,0.021595534,255,1,676,676
8,0,100187.82,0.99727052,0.021595534,255,1,677,677
8,0,99703.982,0.9827618,0.021595534,255,1,678,678
8,0,99521.577,0.87803231,0.021595534,255,1,679,679
8,0,99546.383,0.98687664,0.021595534,255,1,680,680
8,0,99818.915,0.98092274,0.021595534,255,1,681,681
8,0,100161.58,0.88720532,0.021595534,255,1,682,682
8,0,99823.972,0.99873212,0.021595534,255,1,683,683
8,0,99946.659,0.92585106,0.021595534,255,1,684,684
8,0,100058.78,0.95954893,0.021595534,255,1,685,685
8,0,100029.85,0.90626923,0.021595534,255,1,686,686
8,0,99731.432,0.96732799,0.021595534,255,1,687,687
8,0,100028.6,0.97655452,0.021595534,255,1,688,688
8,0,100275.16,0.92729008,0.021595534,255,1,689,689
8,0,100253.83,0.94412923,0.021595534,255,1,690,690
8,0,100151.54,0.97081146,0.021595534,255,1,691,691
8,0,99961.82,0.98842874,0.021595534,255,1,692,692
8,0,100365.93,0.99050652,0.021595534,255,1,693,693
8,0,100151.88,0.97085638,0.021595534,255,1,694,694
8,0,99827.063,0.85220561,0.021595534,255,1,695,695
8,0,99916.366,0.92998671,0.021595534,255,1,696,696
8,0,99769.548,0.93966809,0.021595534,255,1,697,697
8,0,99912.21,0.89322394,0.021595534,255,1,698,698
8,0,99849.377,0.99027994,0.021595534,255,1,699,699
8,0,99944.13,0.98192974,0.021595534,255,1,700,700
8,0,99696.504,0.98884264,0.021595534,255,1,701,701
8,0,100484.82,0.96688127,0.021595534,255,1,702,702
8,0,100470.49,0.83845541,0.021595534,255,1,703,703
8,0,100082.47,0.98438673,0.021595534,255,1,704,704
8,0,99916.146,0.81051457,0.021595534,255,1,705,705
8,0,100150.47,0.97974378,0.021595534,255,1,706,706
8,0,100237.55,0.90601081000000006,0.021595534,255,1,707,707
8,0,100221.49,0.9648724,0.021595534,255,1,708,708
8,0,100419.8,0.98756486,0.021595534,255,1,709,709
8,0,99944.253,0.92397552,0.021595534,255,1,710,710
8,0,100255.35,0.94135412,0.021595534,255,1,711,711
8,0,100452.81,0.84902046,0.021595534,255,1,712,712
8,0,100391.04,0.96650499,0.021595534,255,1,713,713
8,0,100247.35,0.98829669,0.021595534,255,1,714,714
8,0,99965.575,0.93206781,0.021595534,255,1,715,715
8,0,100008.73,0.92326243,0.021595534,255,1,716,716
8,0,99885.525,0.95143145,0.021595534,255,1,717,717
8,0,100132.47,0.92687539,0.021595534,255,1,718,718
8,0,100003.06,0.99384823,0.021595534,255,1,719,719
8,0,100316.25,0.93927718,0.021595534,255,1,720,720
8,0,100351.5,0.96747858,0.021595534,255,1,721,721
8,0,100344.07,0.99400835,0.021595534,255,1,722,722
8,0,100225.35,0.97083076,0.021595534,255,1,723,723
8,0,99977.566,0.92864718,0.021595534,255,1,724,724
8,0,100300.84,0.95263615,0.021595534,255,1,725,725
8,0,100611.45,0.9933324,0.021595534,255,1,726,726
8,0,100895.79,0.98539916,0.021595534,255,1,727,727
8,0,100487.74,0.99078416,0.021595534,255,1,728,728
8,0,100252.74,0.89125821,0.021595534,255,1,729,729
8,0,100363.74,0.86878199,0.021595534,255,1,730,730
8,0,100365.21,0.97481413,0.021595534,255,1,731,731
8,0,100092.87,0.98997494,0.021595534,255,1,732,732
8,0,99985.613,0.96945259,0.021595534,255,1,733,733
8,0,99942.779,0.93818495,0.021595534,255,1,734,734
8,0,99877.207,0.99639332,0.021595534,255,1,735,735
8,0,99853.779,0.97589249,0.021595534,255,1,736,736
8,0,100012.28,0.95921351,0.021595534,255,1,737,737
8,0,99974.515,0.89295748,0.021595534,255,1,738,738
8,0,100152.03,0.97771249,0.021595534,255,1,739,739
8,0,99606.561,0.99084672,0.021595534,255,1,740,740
8,0,100097.14,0.87043046,0.021595534,255,1,741,741
8,0,99982.75,0.94069667,0.021595534,255,1,742,742
8,0,100228.44,0.79164436,0.021595534,255,1,743,743
8,0,100463.93,0.98088988,0.021595534,255,1,744,744
8,0,99912.96,0.99602626,0.021595534,255,1,745,745
8,0,100030.19,0.88891735,0.021595534,255,1,746,746
8,0,100368,0.90781605,0.021595534,255,1,747,747
8,0,100263.84,0.87551289,0.021595534,255,1,748,748
8,0,100088.89,0.97085856,0.021595534,255,1,749,749
8,0,99909.417,0.93832314000000006,0.021595534,255,1,750,750
8,0,99559.03,0.99522809,0.021595534,255,1,751,751
8,0,99697.006,0.90996664,0.021595534,255,1,752,752
8,0,99749.068,0.90516982,0.021595534,255,1,753,753
8,0,100002.79,0.94684796,0.021595534,255,1,754,754
8,0,100014.6,0.95652022,0.021595534,255,1,755,755
8,0,100071.65,0.97977437,0.021595534,255,1,756,756
8,0,100210.49,0.9108684,0.021595534,255,1,757,757
8,0,99900.677,0.93514713,0.021595534,255,1,758,758
8,0,100592.42,0.94030741,0.021595534,255,1,759,759
8,0,100612.92,0.8682349,0.021595534,255,1,760,760
8,0,100726.26,0.97957181,0.021595534,255,1,761,761
8,0,100479.71,0.97330646,0.021595534,255,1,762,762
8,0,100513.66,0.9736242,0.021595534,255,1,763,763
8,0,100456.14,0.92828843,0.021595534,255,1,764,764
8,0,100187.83,0.97603578,0.021595534,255,1,765,765
8,0,99843.619,0.99424024,0.021595534,255,1,766,766
8,0,99843.995,0.98785382,0.021595534,255,1,767,767
8,0,99925.374,0.98119612,0.021595534,255,1,768,768
8,0,100280.35,0.9382938,0.021595534,255,1,769,769
8,0,100497.01,0.95005112,0.021595534,255,1,770,770
8,0,99915.254,0.98449559,0.021595534,255,1,771,771
8,0,99800.391,0.95557925,0.021595534,255,1,772,772
8,0,100035.87,0.96555393,0.021595534,255,1,773,773
8,0,100349.83,0.82596338,0.021595534,255,1,774,774
8,0,100388.47,0.86340575,0.021595534,255,1,775,775
8,0,100454.12,0.96349487,0.021595534,255,1,776,776
8,0,100372.03,0.99381742,0.021595534,255,1,777,777
8,0,100096.71,0.98816929,0.021595534,255,1,778,778
8,0,99997.392,0.85410002,0.021595534,255,1,779,779
8,0,99930.069,0.99304948,0.021595534,255,1,780,780
8,0,100024.87,0.98381593,0.021595534,255,1,781,781
8,0,99899.366,0.95147061,0.021595534,255,1,782,782
8,0,100044.94,0.98904771,0.021595534,255,1,783,783
8,0,100232.58,0.99307374,0.021595534,255,1,784,784
8,0,100511.19,0.93359364,0.021595534,255,1,785,785
8,0,100419.69,0.97151674,0.021595534,255,1,786,786
8,0,100832.49,0.99922349,0.021595534,255,1,787,787
8,0,100954.69,0.8999386,0.021595534,255,1,788,788
8,0,100731.27,0.96944697,0.021595534,255,1,789,789
8,0,100655.87,0.98842515,0.021595534,255,1,790,790
8,0,100498.37,0.99760914,0.021595534,255,1,791,791
8,0,100296.27,0.90429424,0.021595534,255,1,792,792
8,0,100136.6,0.98184554,0.021595534,255,1,793,793
8,0,99985.435,0.84687736,0.021595534,255,1,794,794
8,0,100000.7,0.95409714,0.021595534,255,1,795,795
8,0,100034.76,0.98339157,0.021595534,255,1,796,796
8,0,100013.47,0.94691238,0.021595534,255,1,797,797
8,0,100073.15,0.99203684,0.021595534,255,1,798,798
8,0,100030.87,0.99675578,0.021595534,255,1,799,799
8,0,100269,0.96861955,0.021595534,255,1,800,800
8,0,100411.13,0.8745393,0.021595534,255,1,801,801
8,0,100183.55,0.98504425,0.021595534,255,1,802,802
8,0,100828.48,0.9952046,0.021595534,255,1,803,803
8,0,100562.89,0.9366077,0.021595534,255,1,804,804
8,0,100601.16,0.98892135,0.021595534,255,1,805,805
8,0,100752.48,0.93207567,0.021595534,255,1,806,806
8,0,100525.1,0.99976357,0.021595534,255,1,807,807
8,0,100467.83,0.97303568,0.021595534,255,1,808,808
8,0,100089.71,0.99432487,0.021595534,255,1,809,809
8,0,100422.5,0.97969506,0.021595534,255,1,810,810
8,0,100619.44,0.9853045,0.021595534,255,1,811,811
8,0,100220.81,0.99518964,0.021595534,255,1,812,812
8,0,100405.83,0.9726436,0.021595534,255,1,813,813
8,0,100176.78,0.95761102,0.021595534,255,1,814,814
8,0,100274.69,0.97383976,0.021595534,255,1,815,815
8,0,100320.71,0.95967515,0.021595534,255,1,816,816
8,0,100319.1,0.99001676,0.021595534,255,1,817,817
8,0,100322.16,0.98794187,0.021595534,255,1,818,818
8,0,100237.53,0.98120576,0.021595534,255,1,819,819
8,0,100470.17,0.96129935,0.021595534,255,1,820,820
8,0,100780.43,0.98675526,0.021595534,255,1,821,821
8,0,100492.43,0.96846242,0.021595534,255,1,822,822
8,0,100270.67,0.96635944,0.021595534,255,1,823,823
8,0,100339.29,0.99271004,0.021595534,255,1,824,824
8,0,100535.06,0.85315383,0.021595534,255,1,825,825
8,0,100792.22,0.94192869,0.021595534,255,1,826,826
8,0,100493.69,0.99258122,0.021595534,255,1,827,827
8,0,100170.1,0.93987735,0.021595534,255,1,828,828
8,0,100372.39,0.99091658,0.021595534,255,1,829,829
8,0,100066.53,0.99083084,0.021595534,255,1,830,830
8,0,99711.332,0.9353481,0.021595534,255,1,831,831
8,0,99662.724,0.91179571,0.021595534,255,1,832,832
8,0,99881.719,0.99891715,0.021595534,255,1,833,833
8,0,100069.88,0.95393528,0.021595534,255,1,834,834
8,0,100872.38,0.97990406,0.021595534,255,1,835,835
8,0,100596.38,0.96258299,0.021595534,255,1,836,836
8,0,100412.67,0.97617023,0.021595534,255,1,837,837
8,0,100199.11,0.93554183,0.021595534,255,1,838,838
8,0,100005.08,0.97488836,0.021595534,255,1,839,839
8,0,100331.57,0.82502348,0.021595534,255,1,840,840
8,0,100334.34,0.92535099,0.021595534,255,1,841,841
8,0,99971.408,0.9990504,0.021595534,255,1,842,842
8,0,100332.74,0.90973224,0.021595534,255,1,843,843
8,0,99983.192,0.96950916,0.021595534,255,1,844,844
8,0,99740.612,0.82170727,0.021595534,255,1,845,845
8,0,100193.7,0.98468052,0.021595534,255,1,846,846
8,0,100285.45,0.95937256,0.021595534,255,1,847,847
8,0,100600.98,0.97634934,0.021595534,255,1,848,848
8,0,100905.34,0.99731529,0.021595534,255,1,849,849
8,0,100952.54,0.97141882,0.021595534,255,1,850,850
8,0,101101.94,0.98752725,0.021595534,255,1,851,851
8,0,100981.11,0.99488705,0.021595534,255,1,852,852
8,0,100904.96,0.98997688,0.021595534,255,1,853,853
8,0,100751.92,0.98345881,0.021595534,255,1,854,854
8,0,100630.19,0.98628697,0.021595534,255,1,855,855
8,0,100826.15,0.99967396,0.021595534,255,1,856,856
8,0,100487.63,0.90693755,0.021595534,255,1,857,857
8,0,100552.36,0.97856599,0.021595534,255,1,858,858
8,0,100933.4,0.98939996,0.021595534,255,1,859,859
8,0,100438.89,0.92700196,0.021595534,255,1,860,860
8,0,100467.33,0.88455425,0.021595534,255,1,861,861
8,0,100363.08,0.96439335,0.021595534,255,1,862,862
8,0,100553.31,0.98328036,0.021595534,255,1,863,863
8,0,100474.94,0.97425177,0.021595534,255,1,864,864
8,0,100244.67,0.96028403,0.021595534,255,1,865,865
8,0,99978.477,0.97647638,0.021595534,255,1,866,866
8,0,100131,0.98925007,0.021595534,255,1,867,867
8,0,100359.77,0.98273937,0.021595534,255,1,868,868
8,0,100282.02,0.99871576,0.021595534,255,1,869,869
8,0,100164.31,0.98102171,0.021595534,255,1,870,870
8,0,100051.02,0.98446443,0.021595534,255,1,871,871
8,0,100472.18,0.96285238,0.021595534,255,1,872,872
8,0,100500.57,0.92164898,0.021595534,255,1,873,873
8,0,100647.62,0.97568315,0.021595534,255,1,874,874
8,0,100283.17,0.94318954,0.021595534,255,1,875,875
8,0,100284.28,0.99226177,0.021595534,255,1,876,876
8,0,100299.36,0.89893368,0.021595534,255,1,877,877
8,0,100144.78,0.96163629,0.021595534,255,1,878,878
8,0,99992.979,0.99674838,0.021595534,255,1,879,879
8,0,100013.46,0.89924643,0.021595534,255,1,880,880
8,0,100348.86,0.98476668,0.021595534,255,1,881,881
8,0,100475.32,0.91059899,0.021595534,255,1,882,882
8,0,99951.481,0.97018293,0.021595534,255,1,883,883
8,0,100492.98,0.99636824,0.021595534,255,1,884,884
8,0,100105.47,0.96643173,0.021595534,255,1,885,885
8,0,99862.685,0.97330482,0.021595534,255,1,886,886
8,0,100256.46,0.91952453,0.021595534,255,1,887,887
8,0,99975.738,0.98636698,0.021595534,255,1,888,888
8,0,100072.91,0.99809891,0.021595534,255,1,889,889
8,0,100090.82,0.99659907,0.021595534,255,1,890,890
8,0,99628.055,0.97111061,0.021595534,255,1,891,891
8,0,99713.564,0.972165,0.021595534,255,1,892,892
8,0,100121.57,0.99423903,0.021595534,255,1,893,893
8,0,100432.28,0.9990848,0.021595534,255,1,894,894
8,0,100328.64,0.99957774,0.021595534,255,1,895,895
8,0,100153.3,0.99720711,0.021595534,255,1,896,896
8,0,100278.26,0.91699188,0.021595534,255,1,897,897
8,0,100633.2,0.95121522,0.021595534,255,1,898,898
8,0,100969.62,0.96194129,0.021595534,255,1,899,899
8,0,100696.07,0.98451864,0.021595534,255,1,900,900
8,0,100174.19,0.98426999,0.021595534,255,1,901,901
8,0,100486.66,0.99420002,0.021595534,255,1,902,902
8,0,100038.49,0.92061586,0.021595534,255,1,903,903
8,0,100335.62,0.98470096,0.021595534,255,1,904,904
8,0,100408.69,0.97126255,0.021595534,255,1,905,905
8,0,100458.9,0.94946764,0.021595534,255,1,906,906
8,0,100527.64,0.9708153,0.021595534,255,1,907,907
8,0,100512.47,0.98503702,0.021595534,255,1,908,908
8,0,100733.26,0.89167703,0.021595534,255,1,909,909
8,0,100537.73,0.98292142,0.021595534,255,1,910,910
8,0,100148.35,0.95386997,0.021595534,255,1,911,911
8,0,99723.516,0.91667322,0.021595534,255,1,912,912
8,0,99718.158,0.99753529,0.021595534,255,1,913,913
8,0,99589.846,0.94405755,0.021595534,255,1,914,914
8,0,99947.171,0.89021744,0.021595534,255,1,915,915
8,0,100387.59,0.98654398,0.021595534,255,1,916,916
8,0,100817.13,0.92429395,0.021595534,255,1,917,917
8,0,101140.48,0.99465636,0.021595534,255,1,918,918
8,0,100846.03,0.9607607,0.021595534,255,1,919,919
8,0,100643.83,0.98905757,0.021595534,255,1,920,920
8,0,100449.04,0.994772,0.021595534,255,1,921,921
8,0,99926.117,0.99212949,0.021595534,255,1,922,922
8,0,100386.42,0.97233329,0.021595534,255,1,923,923
8,0,100736.43,0.95376119,0.021595534,255,1,924,924
8,0,100130.02,0.8322194,0.021595534,255,1,925,925
8,0,100269.01,0.97519261,0.021595534,255,1,926,926
8,0,100373.7,0.9622901,0.021595534,255,1,927,927
8,0,100299.88,0.98465582,0.021595534,255,1,928,928
8,0,100225.2,0.909845,0.021595534,255,1,929,929
8,0,99768.994,0.99546619,0.021595534,255,1,930,930
8,0,99982.114,0.85441678,0.021595534,255,1,931,931
8,0,100175.04,0.89490901,0.021595534,255,1,932,932
8,0,100504.03,0.99539182,0.021595534,255,1,933,933
8,0,100145.26,0.96076051,0.021595534,255,1,934,934
8,0,100133.66,0.98492096,0.021595534,255,1,935,935
8,0,99925.148,0.87762276,0.021595534,255,1,936,936
8,0,99939.529,0.97556618,0.021595534,255,1,937,937
8,0,100092.75,0.92483987,0.021595534,255,1,938,938
8,0,100082.43,0.95956319,0.021595534,255,1,939,939
8,0,100273.55,0.96391656,0.021595534,255,1,940,940
8,0,100207.6,0.98196562,0.021595534,255,1,941,941
8,0,100388.65,0.98873195,0.021595534,255,1,942,942
8,0,100343.26,0.99754843,0.021595534,255,1,943,943
8,0,100237.09,0.99677409,0.021595534,255,1,944,944
8,0,99720.065,0.98301119,0.021595534,255,1,945,945
8,0,99845.61,0.91336907,0.021595534,255,1,946,946
8,0,100077.38,0.98773242000000006,0.021595534,255,1,947,947
8,0,100512.14,0.94058663,0.021595534,255,1,948,948
8,0,100836.26,0.89789021,0.021595534,255,1,949,949
8,0,100508.49,0.99855791,0.021595534,255,1,950,950
8,0,99952.519,0.91887684,0.021595534,255,1,951,951
8,0,100045.24,0.9691112,0.021595534,255,1,952,952
8,0,100072.12,0.89765297,0.021595534,255,1,953,953
8,0,100114.38,0.89254638,0.021595534,255,1,954,954
8,0,100105.27,0.96839309,0.021595534,255,1,955,955
8,0,100072.32,0.86049467,0.021595534,255,1,956,956
8,0,100320.38,0.97052692,0.021595534,255,1,957,957
8,0,100063.49,0.99913241,0.021595534,255,1,958,958
8,0,100041.91,0.90968474,0.021595534,255,1,959,959
8,0,99971.692,0.97136569,0.021595534,255,1,960,960
8,0,99988.012,0.95867681,0.021595534,255,1,961,961
8,0,99847.553,0.97597457,0.021595534,255,1,962,962
8,0,99761.173,0.94315112,0.021595534,255,1,963,963
8,0,100107.96,0.9180367,0.021595534,255,1,964,964
8,0,100184.62,0.88166186,0.021595534,255,1,965,965
8,0,100271.53,0.82765795,0.021595534,255,1,966,966
8,0,100114.65,0.97854,0.021595534,255,1,967,967
8,0,100434.89,0.99444659,0.021595534,255,1,968,968
8,0,100523.8,0.99259285,0.021595534,255,1,969,969
8,0,100746.04,0.98759683,0.021595534,255,1,970,970
8,0,100456.57,0.97301854,0.021595534,255,1,971,971
8,0,100266.19,0.98890304,0.021595534,255,1,972,972
8,0,100452.66,0.98221288,0.021595534,255,1,973,973
8,0,100750.62,0.85903176,0.021595534,255,1,974,974
8,0,100831.84,0.93165091,0.021595534,255,1,975,975
8,0,100878.88,0.92463072,0.021595534,255,1,976,976
8,0,100567.95,0.99936574,0.021595534,255,1,977,977
8,0,100400.54,0.99803267,0.021595534,255,1,978,978
8,0,100159.23,0.98692014,0.021595534,255,1,979,979
8,0,99992.169,0.96546126,0.021595534,255,1,980,980
8,0,99702.236,0.9237881,0.021595534,255,1,981,981
8,0,99581.863,0.9796355,0.021595534,255,1,982,982
8,0,99927.328,0.92476646,0.021595534,255,1,983,983
8,0,100308.27,0.95994702,0.021595534,255,1,984,984
8,0,100653.28,0.80751813,0.021595534,255,1,985,985
8,0,99979.504,0.99790189,0.021595534,255,1,986,986
8,0,99840.686,0.99963661,0.021595534,255,1,987,987
8,0,99518.547,0.98727399,0.021595534,255,1,988,988
8,0,99951.072,0.99397999,0.021595534,255,1,989,989
8,0,99799.428,0.89824165,0.021595534,255,1,990,990
8,0,100065.73,0.94165209,0.021595534,255,1,991,991
8,0,100402.95,0.84320548,0.021595534,255,1,992,992
8,0,99934.77,0.98910148,0.021595534,255,1,993,993
8,0,100250.78,0.99219682,0.021595534,255,1,994,994
8,0,100648.82,0.95574984,0.021595534,255,1,995,995
8,0,100628.94,0.85061545,0.021595534,255,1,996,996
8,0,100427.89,0.99950807,0.021595534,255,1,997,997
8,0,100604.6,0.98850513,0.021595534,255,1,998,998
8,0,101121.45,0.96542266,0.021595534,255,1,999,999
8,0,100744,0.9985021,0.021595534,255,1,1000,1000
8,0,100383.85,0.92378708,0.022465901,255,2,1,1001
8,0,100507.78,0.93693803,0.022465901,255,2,2,1002
8,0,100482.98,0.93235124,0.022465901,255,2,3,1003
8,0,100358.12,0.99201426,0.022465901,255,2,4,1004
8,0,100316.3,0.90337505,0.022465901,255,2,5,1005
8,0,100512.88,0.93779678,0.022465901,255,2,6,1006
8,0,100589.02,0.95446237,0.022465901,255,2,7,1007
8,0,100434.32,0.99557,0.022465901,255,2,8,1008
8,0,100555.52,0.9900238,0.022465901,255,2,9,1009
8,0,100525.73,0.95352457,0.022465901,255,2,10,1010
8,0,100683.75,0.98989396,0.022465901,255,2,11,1011
8,0,100642.84,0.98225277,0.022465901,255,2,12,1012
8,0,100160.37,0.99397355,0.022465901,255,2,13,1013
8,0,99996.862,0.97584406,0.022465901,255,2,14,1014
8,0,99856.659,0.9443234,0.022465901,255,2,15,1015
8,0,99979.179,0.99862245,0.022465901,255,2,16,1016
8,0,100425.22,0.83491813,0.022465901,255,2,17,1017
8,0,100473.82,0.83567685,0.022465901,255,2,18,1018
8,0,100078.14,0.99525953,0.022465901,255,2,19,1019
8,0,99895.799,0.97125772,0.022465901,255,2,20,1020
8,0,99830.769,0.97171425,0.022465901,255,2,21,1021
8,0,100022.25,0.91421059,0.022465901,255,2,22,1022
8,0,100162.52,0.87066482,0.022465901,255,2,23,1023
8,0,99984.992,0.88945889,0.022465901,255,2,24,1024
8,0,99957.938,0.89584509,0.022465901,255,2,25,1025
8,0,99699.839,0.93071819,0.022465901,255,2,26,1026
8,0,99497.396,0.93147438,0.022465901,255,2,27,1027
8,0,100061.35,0.96869575,0.022465901,255,2,28,1028
8,0,99963.808,0.9804232,0.022465901,255,2,29,1029
8,0,100384.97,0.8815178,0.022465901,255,2,30,1030
8,0,100174.28,0.9330977,0.022465901,255,2,31,1031
8,0,100462.25,0.84466888,0.022465901,255,2,32,1032
8,0,100943.73,0.96657069,0.022465901,255,2,33,1033
8,0,100573.08,0.99751475,0.022465901,255,2,34,1034
8,0,100444.52,0.94070125,0.022465901,255,2,35,1035
8,0,100503.28,0.95404329,0.022465901,255,2,36,1036
8,0,100257.82,0.95759615,0.022465901,255,2,37,1037
8,0,100116.59,0.97976073,0.022465901,255,2,38,1038
8,0,100657.01,0.9479142,0.022465901,255,2,39,1039
8,0,100804.31,0.86756814,0.022465901,255,2,40,1040
8,0,100206.08,0.98646533,0.022465901,255,2,41,1041
8,0,99954.163,0.96140719,0.022465901,255,2,42,1042
8,0,99962.25,0.83678755,0.022465901,255,2,43,1043
8,0,100226.82,0.88537063,0.022465901,255,2,44,1044
8,0,100112.46,0.99766627,0.022465901,255,2,45,1045
8,0,99832.365,0.90224657,0.022465901,255,2,46,1046
8,0,100126.55,0.9523049,0.022465901,255,2,47,1047
8,0,99906.707,0.99260418,0.022465901,255,2,48,1048
8,0,99911.813,0.99007051,0.022465901,255,2,49,1049
8,0,100078.49,0.9188471,0.022465901,255,2,50,1050
8,0,100364.19,0.99071628,0.022465901,255,2,51,1051
8,0,100284.42,0.99715329,0.022465901,255,2,52,1052
8,0,100236.6,0.98785508,0.022465901,255,2,53,1053
8,0,100277.01,0.78956311,0.022465901,255,2,54,1054
8,0,100141.5,0.96773422,0.022465901,255,2,55,1055
8,0,100021.27,0.9998274,0.022465901,255,2,56,1056
8,0,100014.47,0.9022007,0.022465901,255,2,57,1057
8,0,100375.59,0.97235203,0.022465901,255,2,58,1058
8,0,100692.2,0.99806866,0.022465901,255,2,59,1059
8,0,100424.71,0.96681397,0.022465901,255,2,60,1060
8,0,100595.08,0.88329626000000006,0.022465901,255,2,61,1061
8,0,100831.67,0.90102593,0.022465901,255,2,62,1062
8,0,100714.74,0.97092955,0.022465901,255,2,63,1063
8,0,100384.63,0.98186766,0.022465901,255,2,64,1064
8,0,100280.11,0.98761853,0.022465901,255,2,65,1065
8,0,99972.593,0.9962681,0.022465901,255,2,66,1066
8,0,100306.23,0.99775376,0.022465901,255,2,67,1067
8,0,100284.52,0.98953397,0.022465901,255,2,68,1068
8,0,100301.14,0.98912807,0.022465901,255,2,69,1069
8,0,100335.14,0.9775534,0.022465901,255,2,70,1070
8,0,100092.17,0.96359407,0.022465901,255,2,71,1071
8,0,100154.4,0.85250118,0.022465901,255,2,72,1072
8,0,100015.8,0.91539963,0.022465901,255,2,73,1073
8,0,100219.08,0.94129871,0.022465901,255,2,74,1074
8,0,100499.88,0.91335184,0.022465901,255,2,75,1075
8,0,100074.01,0.94851466,0.022465901,255,2,76,1076
8,0,100337.44,0.86431824,0.022465901,255,2,77,1077
8,0,100182.95,0.97191086,0.022465901,255,2,78,1078
8,0,99696.121,0.91289572,0.022465901,255,2,79,1079
8,0,100032.56,0.9230089,0.022465901,255,2,80,1080
8,0,100279.69,0.96482142,0.022465901,255,2,81,1081
8,0,100061.55,0.89372808,0.022465901,255,2,82,1082
8,0,99562.197,0.9921432,0.022465901,255,2,83,1083
8,0,99733.064,0.98909165,0.022465901,255,2,84,1084
8,0,99628.862,0.98439929,0.022465901,255,2,85,1085
8,0,99792.842,0.91503298,0.022465901,255,2,86,1086
8,0,100172.02,0.9103383,0.022465901,255,2,87,1087
8,0,100083.06,0.99675688,0.022465901,255,2,88,1088
8,0,99718.101,0.96335251,0.022465901,255,2,89,1089
8,0,99419.307,0.89563617,0.022465901,255,2,90,1090
8,0,99557.907,0.96258579,0.022465901,255,2,91,1091
8,0,99990.014,0.99739844,0.022465901,255,2,92,1092
8,0,99986.148,0.93774231,0.022465901,255,2,93,1093
8,0,100487.2,0.97959486,0.022465901,255,2,94,1094
8,0,100319.9,0.94922466,0.022465901,255,2,95,1095
8,0,100335.92,0.97931115,0.022465901,255,2,96,1096
8,0,100468.02,0.93909931,0.022465901,255,2,97,1097
8,0,100414.22,0.97346521,0.022465901,255,2,98,1098
8,0,100354.69,0.98975457,0.022465901,255,2,99,1099
8,0,100566.18,0.87903963,0.022465901,255,2,100,1100
8,0,100099.92,0.99614294,0.022465901,255,2,101,1101
8,0,100706.82,0.99580015,0.022465901,255,2,102,1102
8,0,100050.43,0.99938028,0.022465901,255,2,103,1103
8,0,100308.98,0.7189934,0.022465901,255,2,104,1104
8,0,100192.09,0.961688,0.022465901,255,2,105,1105
8,0,100061.03,0.96821272,0.022465901,255,2,106,1106
8,0,99920.937,0.87235814,0.022465901,255,2,107,1107
8,0,99755.544,0.94646855,0.022465901,255,2,108,1108
8,0,100327.73,0.93169597,0.022465901,255,2,109,1109
8,0,100171.48,0.89646822,0.022465901,255,2,110,1110
8,0,100431.94,0.98110257,0.022465901,255,2,111,1111
8,0,100224.08,0.95160217,0.022465901,255,2,112,1112
8,0,100392.13,0.99102829,0.022465901,255,2,113,1113
8,0,100496.92,0.93591808,0.022465901,255,2,114,1114
8,0,100759.23,0.95608308,0.022465901,255,2,115,1115
8,0,100686.56,0.91287712,0.022465901,255,2,116,1116
8,0,100373.86,0.68341577,0.022465901,255,2,117,1117
8,0,100472.75,0.99255688,0.022465901,255,2,118,1118
8,0,100453.82,0.97520006,0.022465901,255,2,119,1119
8,0,100791.76,0.99230193,0.022465901,255,2,120,1120
8,0,100627.05,0.88771261,0.022465901,255,2,121,1121
8,0,100673.79,0.91055011,0.022465901,255,2,122,1122
8,0,100470.87,0.87832577,0.022465901,255,2,123,1123
8,0,100671.9,0.8714026,0.022465901,255,2,124,1124
8,0,100849.89,0.97486204,0.022465901,255,2,125,1125
8,0,100230.79,0.99861418,0.022465901,255,2,126,1126
8,0,100416.47,0.99612549,0.022465901,255,2,127,1127
8,0,100204.32,0.87477313,0.022465901,255,2,128,1128
8,0,100045.83,0.99261951,0.022465901,255,2,129,1129
8,0,99941.075,0.93075021,0.022465901,255,2,130,1130
8,0,100177.33,0.93654527,0.022465901,255,2,131,1131
8,0,99948.579,0.79044776,0.022465901,255,2,132,1132
8,0,99865.615,0.84353095,0.022465901,255,2,133,1133
8,0,100126.27,0.98753429,0.022465901,255,2,134,1134
8,0,100353.69,0.94921007,0.022465901,255,2,135,1135
8,0,100428.59,0.89058804,0.022465901,255,2,136,1136
8,0,100642.81,0.97923679,0.022465901,255,2,137,1137
8,0,100281.9,0.97292931,0.022465901,255,2,138,1138
8,0,100499.01,0.93854441,0.022465901,255,2,139,1139
8,0,100172.7,0.98335802,0.022465901,255,2,140,1140
8,0,99876.674,0.82213667,0.022465901,255,2,141,1141
8,0,100492.17,0.97542198,0.022465901,255,2,142,1142
8,0,100464.86,0.93933576,0.022465901,255,2,143,1143
8,0,100581.57,0.80368331,0.022465901,255,2,144,1144
8,0,100673.42,0.98898185,0.022465901,255,2,145,1145
8,0,100698.55,0.99315686,0.022465901,255,2,146,1146
8,0,100851.02,0.98851057,0.022465901,255,2,147,1147
8,0,100631.7,0.95187144,0.022465901,255,2,148,1148
8,0,100482.8,0.92136227,0.022465901,255,2,149,1149
8,0,100655.37,0.9829875,0.022465901,255,2,150,1150
8,0,100071.92,0.81265506,0.022465901,255,2,151,1151
8,0,100212.75,0.94751378,0.022465901,255,2,152,1152
8,0,100296.19,0.98049932,0.022465901,255,2,153,1153
8,0,100113.9,0.99497306,0.022465901,255,2,154,1154
8,0,99863.285,0.917578,0.022465901,255,2,155,1155
8,0,99712.052,0.899922,0.022465901,255,2,156,1156
8,0,99726.805,0.9876503,0.022465901,255,2,157,1157
8,0,99766.812,0.98487276,0.022465901,255,2,158,1158
8,0,99865.872,0.91995965,0.022465901,255,2,159,1159
8,0,100106.95,0.96585723,0.022465901,255,2,160,1160
8,0,100037.33,0.92300363,0.022465901,255,2,161,1161
8,0,100773.27,0.9299928,0.022465901,255,2,162,1162
8,0,100529.35,0.89155795,0.022465901,255,2,163,1163
8,0,100847.47,0.90741421,0.022465901,255,2,164,1164
8,0,100335.45,0.97137655999999994,0.022465901,255,2,165,1165
8,0,100167.12,0.95074759,0.022465901,255,2,166,1166
8,0,100048.72,0.99975205,0.022465901,255,2,167,1167
8,0,100310.09,0.95935528,0.022465901,255,2,168,1168
8,0,99926.867,0.96493441,0.022465901,255,2,169,1169
8,0,99788.851,0.9444587,0.022465901,255,2,170,1170
8,0,99618.718,0.96519203,0.022465901,255,2,171,1171
8,0,100041.62,0.93219302,0.022465901,255,2,172,1172
8,0,99955.671,0.99396274,0.022465901,255,2,173,1173
8,0,100077.51,0.96335688,0.022465901,255,2,174,1174
8,0,100042.89,0.99464127,0.022465901,255,2,175,1175
8,0,100190.22,0.99720827,0.022465901,255,2,176,1176
8,0,100300.16,0.98558536,0.022465901,255,2,177,1177
8,0,99877.45,0.98238166,0.022465901,255,2,178,1178
8,0,100322.22,0.96357305,0.022465901,255,2,179,1179
8,0,100185.26,0.98271698,0.022465901,255,2,180,1180
8,0,100345.7,0.97687447,0.022465901,255,2,181,1181
8,0,100774.24,0.84473443,0.022465901,255,2,182,1182
8,0,100705.62,0.94733551,0.022465901,255,2,183,1183
8,0,100892.25,0.75533193,0.022465901,255,2,184,1184
8,0,100790.38,0.99497223,0.022465901,255,2,185,1185
8,0,100391.85,0.97790238,0.022465901,255,2,186,1186
8,0,100713.28,0.85551322,0.022465901,255,2,187,1187
8,0,100420.66,0.9502509,0.022465901,255,2,188,1188
8,0,100519.84,0.9914288,0.022465901,255,2,189,1189
8,0,100844.7,0.95628137,0.022465901,255,2,190,1190
8,0,100765.84,0.99878444,0.022465901,255,2,191,1191
8,0,100441.12,0.97192656,0.022465901,255,2,192,1192
8,0,100386.61,0.92962657,0.022465901,255,2,193,1193
8,0,100441.16,0.92887989,0.022465901,255,2,194,1194
8,0,100688.47,0.97719282,0.022465901,255,2,195,1195
8,0,100796.01,0.97166849,0.022465901,255,2,196,1196
8,0,100600.71,0.95518412,0.022465901,255,2,197,1197
8,0,100171.87,0.99677691,0.022465901,255,2,198,1198
8,0,100751.85,0.74172165,0.022465901,255,2,199,1199
8,0,100794.2,0.96696245,0.022465901,255,2,200,1200
8,0,100839.58,0.95178411,0.022465901,255,2,201,1201
8,0,100497,0.97411121,0.022465901,255,2,202,1202
8,0,100358.28,0.98600223,0.022465901,255,2,203,1203
8,0,100188.48,0.99692795,0.022465901,255,2,204,1204
8,0,100046.73,0.95472615,0.022465901,255,2,205,1205
8,0,100296.12,0.98313202,0.022465901,255,2,206,1206
8,0,100142.75,0.93145047,0.022465901,255,2,207,1207
8,0,100649.17,0.98898579,0.022465901,255,2,208,1208
8,0,100248.68,0.99135741,0.022465901,255,2,209,1209
8,0,100020.22,0.99207008,0.022465901,255,2,210,1210
8,0,100210.84,0.95753154,0.022465901,255,2,211,1211
8,0,100059.11,0.95482322,0.022465901,255,2,212,1212
8,0,99149.491,0.9998655,0.022465901,255,2,213,1213
8,0,98748.593,0.87243658,0.022465901,255,2,214,1214
8,0,99359.46,0.78400882,0.022465901,255,2,215,1215
8,0,99760.756,0.96343529,0.022465901,255,2,216,1216
8,0,99607.448,0.94026075,0.022465901,255,2,217,1217
8,0,99490.902,0.95262932,0.022465901,255,2,218,1218
8,0,100016.94,0.92549998,0.022465901,255,2,219,1219
8,0,100091.95,0.99981157,0.022465901,255,2,220,1220
8,0,100079.46,0.85139258,0.022465901,255,2,221,1221
8,0,99405.981,0.99767698,0.022465901,255,2,222,1222
8,0,99622.873,0.99900371,0.022465901,255,2,223,1223
8,0,100084.95,0.89254949,0.022465901,255,2,224,1224
8,0,100527.38,0.92329255,0.022465901,255,2,225,1225
8,0,100170.65,0.99686246,0.022465901,255,2,226,1226
8,0,100456.76,0.98458457,0.022465901,255,2,227,1227
8,0,100699.01,0.96596663,0.022465901,255,2,228,1228
8,0,100790.88,0.97453117,0.022465901,255,2,229,1229
8,0,100464.55,0.98114208,0.022465901,255,2,230,1230
8,0,100284.11,0.95699871,0.022465901,255,2,231,1231
8,0,100188.68,0.97011743,0.022465901,255,2,232,1232
8,0,100519.51,0.89549305,0.022465901,255,2,233,1233
8,0,100737.59,0.99197239,0.022465901,255,2,234,1234
8,0,100593.9,0.99504808,0.022465901,255,2,235,1235
8,0,100665.97,0.8675996,0.022465901,255,2,236,1236
8,0,100518.55,0.9397503,0.022465901,255,2,237,1237
8,0,99943.204,0.96684232,0.022465901,255,2,238,1238
8,0,100085.97,0.92226312,0.022465901,255,2,239,1239
8,0,100656.16,0.81890984,0.022465901,255,2,240,1240
8,0,100354.32,0.88357681,0.022465901,255,2,241,1241
8,0,99960.164,0.99403579,0.022465901,255,2,242,1242
8,0,100099.35,0.99626321,0.022465901,255,2,243,1243
8,0,99793.465,0.97116757,0.022465901,255,2,244,1244
8,0,99828.8,0.95398056,0.022465901,255,2,245,1245
8,0,100215.13,0.99705501,0.022465901,255,2,246,1246
8,0,100128.93,0.99198826,0.022465901,255,2,247,1247
8,0,100229.04,0.94832478,0.022465901,255,2,248,1248
8,0,100610.13,0.84454953,0.022465901,255,2,249,1249
8,0,100505.38,0.92757955,0.022465901,255,2,250,1250
8,0,100415.99,0.98546611,0.022465901,255,2,251,1251
8,0,100265.61,0.94875404,0.022465901,255,2,252,1252
8,0,100431.28,0.8452581,0.022465901,255,2,253,1253
8,0,100484.54,0.98862685,0.022465901,255,2,254,1254
8,0,100309.61,0.99922666,0.022465901,255,2,255,1255
8,0,100244.87,0.97073772,0.022465901,255,2,256,1256
8,0,100175.99,0.97193337,0.022465901,255,2,257,1257
8,0,100280.01,0.95132642,0.022465901,255,2,258,1258
8,0,100072.45,0.85460184,0.022465901,255,2,259,1259
8,0,99483.06,0.9901287,0.022465901,255,2,260,1260
8,0,99828.231,0.9865252,0.022465901,255,2,261,1261
8,0,99878.413,0.98146445,0.022465901,255,2,262,1262
8,0,100498.81,0.90183179,0.022465901,255,2,263,1263
8,0,99964.822,0.99382528,0.022465901,255,2,264,1264
8,0,99610.21,0.94797278,0.022465901,255,2,265,1265
8,0,100025.11,0.91755009,0.022465901,255,2,266,1266
8,0,100080.22,0.97684839,0.022465901,255,2,267,1267
8,0,100263.77,0.98221178,0.022465901,255,2,268,1268
8,0,100664.35,0.96384684,0.022465901,255,2,269,1269
8,0,100462.64,0.87136941,0.022465901,255,2,270,1270
8,0,100417.56,0.92156993,0.022465901,255,2,271,1271
8,0,100955.38,0.91883089,0.022465901,255,2,272,1272
8,0,100439.45,0.92830806,0.022465901,255,2,273,1273
8,0,100007.98,0.99721224,0.022465901,255,2,274,1274
8,0,99864.265,0.88582653,0.022465901,255,2,275,1275
8,0,99684.136,0.98589943,0.022465901,255,2,276,1276
8,0,99924.711,0.91048365,0.022465901,255,2,277,1277
8,0,100351.84,0.96623574,0.022465901,255,2,278,1278
8,0,100163.72,0.94551384,0.022465901,255,2,279,1279
8,0,100652.16,0.92814713,0.022465901,255,2,280,1280
8,0,100736.67,0.93503579,0.022465901,255,2,281,1281
8,0,100675.57,0.95587777,0.022465901,255,2,282,1282
8,0,100132.72,0.9457302,0.022465901,255,2,283,1283
8,0,100343.63,0.99716606,0.022465901,255,2,284,1284
8,0,100172.12,0.96286487,0.022465901,255,2,285,1285
8,0,100083.94,0.92810974,0.022465901,255,2,286,1286
8,0,100025.1,0.98760235,0.022465901,255,2,287,1287
8,0,100021.82,0.875997,0.022465901,255,2,288,1288
8,0,99683.817,0.98664057,0.022465901,255,2,289,1289
8,0,100098.84,0.98201161,0.022465901,255,2,290,1290
8,0,99719.045,0.91239175,0.022465901,255,2,291,1291
8,0,99617.462,0.9827557,0.022465901,255,2,292,1292
8,0,99704.144,0.90036558,0.022465901,255,2,293,1293
8,0,99530.099,0.92378926,0.022465901,255,2,294,1294
8,0,99840.65,0.91387253,0.022465901,255,2,295,1295
8,0,100065.04,0.99319761,0.022465901,255,2,296,1296
8,0,100007.49,0.86463171,0.022465901,255,2,297,1297
8,0,100340.02,0.92936559,0.022465901,255,2,298,1298
8,0,100474.59,0.99098017,0.022465901,255,2,299,1299
8,0,100405.88,0.99777381,0.022465901,255,2,300,1300
8,0,100219.21,0.95804604,0.022465901,255,2,301,1301
8,0,99993.441,0.93980068,0.022465901,255,2,302,1302
8,0,99957.23,0.94893854,0.022465901,255,2,303,1303
8,0,99694.962,0.8149627,0.022465901,255,2,304,1304
8,0,99603.064,0.99561574,0.022465901,255,2,305,1305
8,0,100078.39,0.85765802,0.022465901,255,2,306,1306
8,0,99930.869,0.97548295,0.022465901,255,2,307,1307
8,0,100209.96,0.9860682,0.022465901,255,2,308,1308
8,0,100358.93,0.93471866,0.022465901,255,2,309,1309
8,0,100139.86,0.9137971,0.022465901,255,2,310,1310
8,0,100180.53,0.96114319,0.022465901,255,2,311,1311
8,0,100114.02,0.98959656,0.022465901,255,2,312,1312
8,0,100364.15,0.93997146,0.022465901,255,2,313,1313
8,0,100516.11,0.9378794,0.022465901,255,2,314,1314
8,0,100387.63,0.99441676,0.022465901,255,2,315,1315
8,0,100233.73,0.93455013,0.022465901,255,2,316,1316
8,0,100468.38,0.94164743,0.022465901,255,2,317,1317
8,0,100428.85,0.98380955,0.022465901,255,2,318,1318
8,0,100152.62,0.96638257,0.022465901,255,2,319,1319
8,0,100068.55,0.98865267,0.022465901,255,2,320,1320
8,0,100542.48,0.96633785,0.022465901,255,2,321,1321
8,0,100592.25,0.90216703,0.022465901,255,2,322,1322
8,0,100724.79,0.89363609,0.022465901,255,2,323,1323
8,0,100285.87,0.97258391,0.022465901,255,2,324,1324
8,0,100223.48,0.98083262,0.022465901,255,2,325,1325
8,0,100634.1,0.99622499,0.022465901,255,2,326,1326
8,0,100725.26,0.92063597,0.022465901,255,2,327,1327
8,0,100530.98,0.98693026,0.022465901,255,2,328,1328
8,0,100438.76,0.97737113,0.022465901,255,2,329,1329
8,0,100374.6,0.8707051,0.022465901,255,2,330,1330
8,0,100003.89,0.92235933,0.022465901,255,2,331,1331
8,0,100074.34,0.90331204,0.022465901,255,2,332,1332
8,0,100366.32,0.99028473,0.022465901,255,2,333,1333
8,0,100416.79,0.98157647,0.022465901,255,2,334,1334
8,0,100101.94,0.97909718,0.022465901,255,2,335,1335
8,0,100417.35,0.89469305,0.022465901,255,2,336,1336
8,0,100502.55,0.93900241,0.022465901,255,2,337,1337
8,0,99961.143,0.91342153,0.022465901,255,2,338,1338
8,0,100502.01,0.97067319,0.022465901,255,2,339,1339
8,0,100376.4,0.99232197,0.022465901,255,2,340,1340
8,0,100472.24,0.99183717,0.022465901,255,2,341,1341
8,0,100375.96,0.86071691,0.022465901,255,2,342,1342
8,0,100510.3,0.98800048,0.022465901,255,2,343,1343
8,0,100335.71,0.98015619,0.022465901,255,2,344,1344
8,0,100371.53,0.93642332,0.022465901,255,2,345,1345
8,0,100485.33,0.99686658,0.022465901,255,2,346,1346
8,0,100295.21,0.82932976,0.022465901,255,2,347,1347
8,0,100158.06,0.97438103,0.022465901,255,2,348,1348
8,0,100207.02,0.91525178,0.022465901,255,2,349,1349
8,0,100251.24,0.96008477,0.022465901,255,2,350,1350
8,0,100345.47,0.98780362,0.022465901,255,2,351,1351
8,0,100062.28,0.71656942,0.022465901,255,2,352,1352
8,0,100025.63,0.93534478,0.022465901,255,2,353,1353
8,0,100018.99,0.99701096,0.022465901,255,2,354,1354
8,0,99977.203,0.94980379,0.022465901,255,2,355,1355
8,0,99904.227,0.97197155,0.022465901,255,2,356,1356
8,0,99675.782,0.91571095,0.022465901,255,2,357,1357
8,0,100078.07,0.97998524,0.022465901,255,2,358,1358
8,0,100179.81,0.97399737,0.022465901,255,2,359,1359
8,0,99508.711,0.82489011,0.022465901,255,2,360,1360
8,0,99863.579,0.85150408,0.022465901,255,2,361,1361
8,0,100223.86,0.97824407,0.022465901,255,2,362,1362
8,0,100298.29,0.98508984,0.022465901,255,2,363,1363
8,0,100415.9,0.9915369,0.022465901,255,2,364,1364
8,0,100470.45,0.98973286,0.022465901,255,2,365,1365
8,0,100386.07,0.9258483,0.022465901,255,2,366,1366
8,0,100309.09,0.96220807,0.022465901,255,2,367,1367
8,0,100270.23,0.99282008,0.022465901,255,2,368,1368
8,0,100121.4,0.77950496,0.022465901,255,2,369,1369
8,0,100129.95,0.99802664,0.022465901,255,2,370,1370
8,0,100227.39,0.86594636,0.022465901,255,2,371,1371
8,0,100008.13,0.97890205,0.022465901,255,2,372,1372
8,0,100359.68,0.97243532,0.022465901,255,2,373,1373
8,0,99970.517,0.85436315,0.022465901,255,2,374,1374
8,0,100140.95,0.95339826,0.022465901,255,2,375,1375
8,0,100395.83,0.9727022,0.022465901,255,2,376,1376
8,0,100383.54,0.99802602,0.022465901,255,2,377,1377
8,0,100497.8,0.99979638,0.022465901,255,2,378,1378
8,0,100227.79,0.9616466,0.022465901,255,2,379,1379
8,0,99788.617,0.99755006,0.022465901,255,2,380,1380
8,0,99765.466,0.84991869,0.022465901,255,2,381,1381
8,0,99861.463,0.99008211,0.022465901,255,2,382,1382
8,0,99995.493,0.9838096,0.022465901,255,2,383,1383
8,0,100379.21,0.90984589,0.022465901,255,2,384,1384
8,0,100492.32,0.97292234,0.022465901,255,2,385,1385
8,0,100435.7,0.98979428,0.022465901,255,2,386,1386
8,0,100347.58,0.93311512,0.022465901,255,2,387,1387
8,0,100385.51,0.99651268,0.022465901,255,2,388,1388
8,0,100318.51,0.99752311,0.022465901,255,2,389,1389
8,0,100257.28,0.91851415,0.022465901,255,2,390,1390
8,0,100623.18,0.98370289,0.022465901,255,2,391,1391
8,0,100534.82,0.9521349,0.022465901,255,2,392,1392
8,0,100586.5,0.81936687,0.022465901,255,2,393,1393
8,0,100501.9,0.96195604,0.022465901,255,2,394,1394
8,0,100270.97,0.98392957,0.022465901,255,2,395,1395
8,0,100467.08,0.98726209,0.022465901,255,2,396,1396
8,0,100263.31,0.78561211,0.022465901,255,2,397,1397
8,0,100378.17,0.99037677,0.022465901,255,2,398,1398
8,0,100298.71,0.97521138,0.022465901,255,2,399,1399
8,0,100339.17,0.84638357,0.022465901,255,2,400,1400
8,0,100346.79,0.98309214,0.022465901,255,2,401,1401
8,0,100622.2,0.99664982,0.022465901,255,2,402,1402
8,0,100605.89,0.99611346,0.022465901,255,2,403,1403
8,0,100010.17,0.81475011,0.022465901,255,2,404,1404
8,0,100025.74,0.97679918,0.022465901,255,2,405,1405
8,0,100413.99,0.9954271,0.022465901,255,2,406,1406
8,0,101035.63,0.89989787,0.022465901,255,2,407,1407
8,0,100798.89,0.9678252,0.022465901,255,2,408,1408
8,0,100420.61,0.96681564,0.022465901,255,2,409,1409
8,0,100315.63,0.90691278,0.022465901,255,2,410,1410
8,0,100268.44,0.97472466,0.022465901,255,2,411,1411
8,0,100161.53,0.98826511,0.022465901,255,2,412,1412
8,0,100454.48,0.99892253,0.022465901,255,2,413,1413
8,0,100481.61,0.99751912,0.022465901,255,2,414,1414
8,0,100946.54,0.94245332,0.022465901,255,2,415,1415
8,0,100661.2,0.99133639,0.022465901,255,2,416,1416
8,0,100625.75,0.9936123,0.022465901,255,2,417,1417
8,0,100259.84,0.96104436,0.022465901,255,2,418,1418
8,0,100051.15,0.96909136,0.022465901,255,2,419,1419
8,0,100195.92,0.99923645,0.022465901,255,2,420,1420
8,0,100599.37,0.86271495,0.022465901,255,2,421,1421
8,0,100836.08,0.98411963,0.022465901,255,2,422,1422
8,0,101148.24,0.99538453,0.022465901,255,2,423,1423
8,0,100840.17,0.83777993,0.022465901,255,2,424,1424
8,0,100284.6,0.98226645,0.022465901,255,2,425,1425
8,0,99920.757,0.99807423,0.022465901,255,2,426,1426
8,0,100117.36,0.8687056,0.022465901,255,2,427,1427
8,0,100206.3,0.83750555,0.022465901,255,2,428,1428
8,0,100176.14,0.94216681,0.022465901,255,2,429,1429
8,0,100309.05,0.91823443,0.022465901,255,2,430,1430
8,0,100119.45,0.94317035,0.022465901,255,2,431,1431
8,0,100231.05,0.96650388,0.022465901,255,2,432,1432
8,0,100185.61,0.99568292,0.022465901,255,2,433,1433
8,0,100160.24,0.95888127,0.022465901,255,2,434,1434
8,0,100389.88,0.9448939,0.022465901,255,2,435,1435
8,0,100324.1,0.9057092,0.022465901,255,2,436,1436
8,0,100311.27,0.91888579,0.022465901,255,2,437,1437
8,0,100919.82,0.90554614,0.022465901,255,2,438,1438
8,0,101044.2,0.91332397,0.022465901,255,2,439,1439
8,0,100827.66,0.98109459,0.022465901,255,2,440,1440
8,0,100828.53,0.98878659,0.022465901,255,2,441,1441
8,0,100726.15,0.94871685,0.022465901,255,2,442,1442
8,0,100460.23,0.96027348,0.022465901,255,2,443,1443
8,0,100287.99,0.96701868,0.022465901,255,2,444,1444
8,0,99925.278,0.85697358,0.022465901,255,2,445,1445
8,0,100154.44,0.86789686,0.022465901,255,2,446,1446
8,0,100279.06,0.96352807,0.022465901,255,2,447,1447
8,0,100422.23,0.998378,0.022465901,255,2,448,1448
8,0,100355.16,0.90920618,0.022465901,255,2,449,1449
8,0,100099.08,0.96719372,0.022465901,255,2,450,1450
8,0,100080.16,0.94414367,0.022465901,255,2,451,1451
8,0,100448.3,0.93606252,0.022465901,255,2,452,1452
8,0,100608.46,0.88923428,0.022465901,255,2,453,1453
8,0,100892.3,0.99542381,0.022465901,255,2,454,1454
8,0,100691.41,0.99283869,0.022465901,255,2,455,1455
8,0,100214.77,1,0.022465901,255,2,456,1456
8,0,100289.03,0.99763455,0.022465901,255,2,457,1457
8,0,100438.83,0.84074654,0.022465901,255,2,458,1458
8,0,100285.72,0.89703674,0.022465901,255,2,459,1459
8,0,100358.21,0.99171033,0.022465901,255,2,460,1460
8,0,100192.1,0.95174308,0.022465901,255,2,461,1461
8,0,100220.54,0.92737419,0.022465901,255,2,462,1462
8,0,100387.4,0.99978769,0.022465901,255,2,463,1463
8,0,100045.73,0.98883791,0.022465901,255,2,464,1464
8,0,99925.813,0.93687968,0.022465901,255,2,465,1465
8,0,100046.5,0.92099928,0.022465901,255,2,466,1466
8,0,100109.13,0.96066204,0.022465901,255,2,467,1467
8,0,100626.34,0.83929058,0.022465901,255,2,468,1468
8,0,100111.69,0.98199798,0.022465901,255,2,469,1469
8,0,100233.24,0.92005755,0.022465901,255,2,470,1470
8,0,100102.17,0.94392227,0.022465901,255,2,471,1471
8,0,100229.03,0.95367702,0.022465901,255,2,472,1472
8,0,100554.72,0.97268752,0.022465901,255,2,473,1473
8,0,100670.08,0.88799698,0.022465901,255,2,474,1474
8,0,100602.21,0.82392449,0.022465901,255,2,475,1475
8,0,99975.016,0.96682628,0.022465901,255,2,476,1476
8,0,99770.758,0.96456145,0.022465901,255,2,477,1477
8,0,99966.055,0.98861328,0.022465901,255,2,478,1478
8,0,100319.88,0.89578754,0.022465901,255,2,479,1479
8,0,100167.54,0.992296,0.022465901,255,2,480,1480
8,0,100147.54,0.97489821,0.022465901,255,2,481,1481
8,0,100062.96,0.99902535,0.022465901,255,2,482,1482
8,0,100399.68,0.92489203,0.022465901,255,2,483,1483
8,0,100784.83,0.87659892,0.022465901,255,2,484,1484
8,0,100733.34,0.97464743,0.022465901,255,2,485,1485
8,0,100656.29,0.88252286,0.022465901,255,2,486,1486
8,0,100964.76,0.92170565,0.022465901,255,2,487,1487
8,0,101149.02,0.92120169,0.022465901,255,2,488,1488
8,0,100663.56,0.9266237,0.022465901,255,2,489,1489
8,0,100349.86,0.9903508,0.022465901,255,2,490,1490
8,0,100377.86,0.99589767,0.022465901,255,2,491,1491
8,0,100269.32,0.99890805,0.022465901,255,2,492,1492
8,0,100133.24,0.94222158,0.022465901,255,2,493,1493
8,0,100010.89,0.97853142,0.022465901,255,2,494,1494
8,0,100483.7,0.98771065,0.022465901,255,2,495,1495
8,0,99918.997,0.99542799,0.022465901,255,2,496,1496
8,0,99968.325,1,0.022465901,255,2,497,1497
8,0,100355.86,0.94636898,0.022465901,255,2,498,1498
8,0,100245.06,0.85746731,0.022465901,255,2,499,1499
8,0,99919.271,0.98827543,0.022465901,255,2,500,1500
8,0,100032.68,0.99553451,0.022465901,255,2,501,1501
8,0,100052.87,0.91933557,0.022465901,255,2,502,1502
8,0,100153.28,0.99364989,0.022465901,255,2,503,1503
8,0,100145.05,0.94519771,0.022465901,255,2,504,1504
8,0,100141.27,0.9937858,0.022465901,255,2,505,1505
8,0,99904.132,0.97017178,0.022465901,255,2,506,1506
8,0,100252.48,0.99983562,0.022465901,255,2,507,1507
8,0,100726.7,0.90945833,0.022465901,255,2,508,1508
8,0,100328.4,0.99436363,0.022465901,255,2,509,1509
8,0,100081.62,0.96955972,0.022465901,255,2,510,1510
8,0,100215.03,0.95596328,0.022465901,255,2,511,1511
8,0,100108.34,0.98625803,0.022465901,255,2,512,1512
8,0,100123.92,0.98571652,0.022465901,255,2,513,1513
8,0,100133.65,0.98983132,0.022465901,255,2,514,1514
8,0,100272.36,0.94138538,0.022465901,255,2,515,1515
8,0,100387.97,0.91535332,0.022465901,255,2,516,1516
8,0,100398.13,0.97833451,0.022465901,255,2,517,1517
8,0,100019.9,0.99724494,0.022465901,255,2,518,1518
8,0,99920.358,0.91758016,0.022465901,255,2,519,1519
8,0,100242.14,0.98680154,0.022465901,255,2,520,1520
8,0,100502.67,0.99384543,0.022465901,255,2,521,1521
8,0,100858.48,0.921167,0.022465901,255,2,522,1522
8,0,101018.38,0.93649521,0.022465901,255,2,523,1523
8,0,100286.83,0.99947137,0.022465901,255,2,524,1524
8,0,100503.23,0.96496697,0.022465901,255,2,525,1525
8,0,100347.7,0.98100458,0.022465901,255,2,526,1526
8,0,100173.71,0.97333881,0.022465901,255,2,527,1527
8,0,100474.27,0.97793947,0.022465901,255,2,528,1528
8,0,100551.96,0.93804278,0.022465901,255,2,529,1529
8,0,100545.46,0.95664855,0.022465901,255,2,530,1530
8,0,100501.65,0.85283721,0.022465901,255,2,531,1531
8,0,100218.44,0.93339136,0.022465901,255,2,532,1532
8,0,100267.82,0.9627402,0.022465901,255,2,533,1533
8,0,100551.83,0.97280058,0.022465901,255,2,534,1534
8,0,100381.88,0.98479421,0.022465901,255,2,535,1535
8,0,100312.76,0.87047746,0.022465901,255,2,536,1536
8,0,100479.04,0.77971784,0.022465901,255,2,537,1537
8,0,100755.58,0.90125672,0.022465901,255,2,538,1538
8,0,100501.97,0.8964835,0.022465901,255,2,539,1539
8,0,99972.939,0.99630617,0.022465901,255,2,540,1540
8,0,100386.5,0.93333648,0.022465901,255,2,541,1541
8,0,100315.42,0.98917532,0.022465901,255,2,542,1542
8,0,100538.32,0.81944291,0.022465901,255,2,543,1543
8,0,100524.26,0.99135122,0.022465901,255,2,544,1544
8,0,100442.21,0.95924847,0.022465901,255,2,545,1545
8,0,100361.88,0.79853768,0.022465901,255,2,546,1546
8,0,100126.27,0.9750498,0.022465901,255,2,547,1547
8,0,100294.11,0.98458725,0.022465901,255,2,548,1548
8,0,99908.062,0.92053052,0.022465901,255,2,549,1549
8,0,99913.439,0.98963036,0.022465901,255,2,550,1550
8,0,99989.781,0.97367286,0.022465901,255,2,551,1551
8,0,100408.5,0.98757583,0.022465901,255,2,552,1552
8,0,100667.36,0.94271432,0.022465901,255,2,553,1553
8,0,100774.78,0.98191153,0.022465901,255,2,554,1554
8,0,100323.11,0.99504831,0.022465901,255,2,555,1555
8,0,100346.1,0.99863859,0.022465901,255,2,556,1556
8,0,100002.85,0.94100104,0.022465901,255,2,557,1557
8,0,100137.43,0.86996186,0.022465901,255,2,558,1558
8,0,100310.59,0.9408629,0.022465901,255,2,559,1559
8,0,99987.525,0.99705685,0.022465901,255,2,560,1560
8,0,99855.891,0.89765675,0.022465901,255,2,561,1561
8,0,99882.829,0.91890689,0.022465901,255,2,562,1562
8,0,100459.94,0.94534263,0.022465901,255,2,563,1563
8,0,100456.4,0.99801898,0.022465901,255,2,564,1564
8,0,100337.3,0.98638588,0.022465901,255,2,565,1565
8,0,100555.49,0.9600404,0.022465901,255,2,566,1566
8,0,100655.62,0.98808362,0.022465901,255,2,567,1567
8,0,100707.98,0.95174381,0.022465901,255,2,568,1568
8,0,100721.4,0.7905523,0.022465901,255,2,569,1569
8,0,100465.29,0.99078565,0.022465901,255,2,570,1570
8,0,100613.27,0.99116551,0.022465901,255,2,571,1571
8,0,100438.51,0.9864109,0.022465901,255,2,572,1572
8,0,99916.526,0.98813141,0.022465901,255,2,573,1573
8,0,99964.039,0.92396815,0.022465901,255,2,574,1574
8,0,99841.605,0.93111914,0.022465901,255,2,575,1575
8,0,99913.25,0.97768363,0.022465901,255,2,576,1576
8,0,99822.607,0.95564231,0.022465901,255,2,577,1577
8,0,100237.6,0.91444369,0.022465901,255,2,578,1578
8,0,100351.93,0.9997795,0.022465901,255,2,579,1579
8,0,100454.85,0.91733016,0.022465901,255,2,580,1580
8,0,100752.01,0.98642554,0.022465901,255,2,581,1581
8,0,100385.82,0.97269006,0.022465901,255,2,582,1582
8,0,100505.82,0.89297119,0.022465901,255,2,583,1583
8,0,100293.56,0.97394766,0.022465901,255,2,584,1584
8,0,100011.34,0.83289013,0.022465901,255,2,585,1585
8,0,100104.4,0.99950629,0.022465901,255,2,586,1586
8,0,100257.45,0.99308911,0.022465901,255,2,587,1587
8,0,100222.37,0.74860271,0.022465901,255,2,588,1588
8,0,100012.37,0.99625421,0.022465901,255,2,589,1589
8,0,100093.83,0.93943139,0.022465901,255,2,590,1590
8,0,100358.84,0.96096874,0.022465901,255,2,591,1591
8,0,100660.85,0.99525999,0.022465901,255,2,592,1592
8,0,100755.02,0.91656947,0.022465901,255,2,593,1593
8,0,100255.94,0.99842627,0.022465901,255,2,594,1594
8,0,100368.58,0.98214395,0.022465901,255,2,595,1595
8,0,100180.35,0.99054207,0.022465901,255,2,596,1596
8,0,99902.628,0.96945756,0.022465901,255,2,597,1597
8,0,100003.8,0.94963529,0.022465901,255,2,598,1598
8,0,99387.315,0.97981034,0.022465901,255,2,599,1599
8,0,99606.865,0.95571102,0.022465901,255,2,600,1600
8,0,99506.157,0.95607498,0.022465901,255,2,601,1601
8,0,99492.024,0.94153905,0.022465901,255,2,602,1602
8,0,100462.03,0.91707062,0.022465901,255,2,603,1603
8,0,100071.66,0.96576016,0.022465901,255,2,604,1604
8,0,99968.513,0.93943212,0.022465901,255,2,605,1605
8,0,100231.8,0.96391042,0.022465901,255,2,606,1606
8,0,100361.6,0.90471,0.022465901,255,2,607,1607
8,0,100130.21,0.9908114,0.022465901,255,2,608,1608
8,0,100484.85,0.93644397,0.022465901,255,2,609,1609
8,0,100682.85,0.97235337,0.022465901,255,2,610,1610
8,0,100476.08,0.82330069,0.022465901,255,2,611,1611
8,0,100412.94,0.88426607,0.022465901,255,2,612,1612
8,0,100341.89,0.99324519,0.022465901,255,2,613,1613
8,0,100454.16,0.82260312,0.022465901,255,2,614,1614
8,0,100304.54,0.94727024,0.022465901,255,2,615,1615
8,0,100641.32,0.91701654,0.022465901,255,2,616,1616
8,0,100556.04,0.99253928,0.022465901,255,2,617,1617
8,0,100362.07,0.97995823,0.022465901,255,2,618,1618
8,0,99818.537,0.93595464,0.022465901,255,2,619,1619
8,0,99580.828,0.99699006,0.022465901,255,2,620,1620
8,0,100002.92,0.96784767,0.022465901,255,2,621,1621
8,0,99803.573,0.99440131,0.022465901,255,2,622,1622
8,0,99505.31,0.94666478,0.022465901,255,2,623,1623
8,0,99807.292,0.8608534,0.022465901,255,2,624,1624
8,0,100075.8,0.92627643,0.022465901,255,2,625,1625
8,0,100514.09,0.98504522,0.022465901,255,2,626,1626
8,0,100598.51,0.98086727,0.022465901,255,2,627,1627
8,0,100479.31,0.83506891,0.022465901,255,2,628,1628
8,0,100260.09,0.98269485,0.022465901,255,2,629,1629
8,0,100411.81,0.96427168,0.022465901,255,2,630,1630
8,0,100178.76,0.99745564,0.022465901,255,2,631,1631
8,0,100307.31,0.97759952,0.022465901,255,2,632,1632
8,0,100581.29,0.8097832,0.022465901,255,2,633,1633
8,0,100644.36,0.95646092,0.022465901,255,2,634,1634
8,0,101081.35,0.94488098,0.022465901,255,2,635,1635
8,0,101013.78,0.95835747,0.022465901,255,2,636,1636
8,0,100818.23,0.98693823,0.022465901,255,2,637,1637
8,0,100833.6,0.88032746,0.022465901,255,2,638,1638
8,0,100088.92,0.98589514,0.022465901,255,2,639,1639
8,0,100162.85,0.9931046,0.022465901,255,2,640,1640
8,0,99748.285,0.93422649,0.022465901,255,2,641,1641
8,0,99943.185,0.95852821,0.022465901,255,2,642,1642
8,0,100169.88,0.97630755,0.022465901,255,2,643,1643
8,0,100242.81,0.99560093,0.022465901,255,2,644,1644
8,0,100091.3,0.77168811,0.022465901,255,2,645,1645
8,0,100275.24,0.9294181,0.022465901,255,2,646,1646
8,0,99873.039,0.92009213,0.022465901,255,2,647,1647
8,0,100244.42,0.9516183,0.022465901,255,2,648,1648
8,0,100479.33,0.84226377,0.022465901,255,2,649,1649
8,0,100525.96,0.79681372,0.022465901,255,2,650,1650
8,0,100312.67,0.92165762,0.022465901,255,2,651,1651
8,0,100400.82,0.90087184,0.022465901,255,2,652,1652
8,0,100053.1,0.98362775,0.022465901,255,2,653,1653
8,0,100311.03,0.91489645,0.022465901,255,2,654,1654
8,0,100421.5,0.9944112,0.022465901,255,2,655,1655
8,0,100262.47,0.9382135,0.022465901,255,2,656,1656
8,0,100316.77,0.99694831,0.022465901,255,2,657,1657
8,0,100107.48,0.99681418,0.022465901,255,2,658,1658
8,0,100074.15,0.91868606,0.022465901,255,2,659,1659
8,0,100154.83,0.9817462,0.022465901,255,2,660,1660
8,0,100415.38,0.99690751,0.022465901,255,2,661,1661
8,0,100397.05,0.83552483,0.022465901,255,2,662,1662
8,0,100187.2,0.99987984,0.022465901,255,2,663,1663
8,0,100142.34,0.99872782,0.022465901,255,2,664,1664
8,0,100397.94,0.95151974,0.022465901,255,2,665,1665
8,0,100646.19,0.91854626,0.022465901,255,2,666,1666
8,0,100616.67,0.96937378,0.022465901,255,2,667,1667
8,0,100755.47,0.96236137,0.022465901,255,2,668,1668
8,0,100669.12,0.99911312,0.022465901,255,2,669,1669
8,0,100287.81,0.99981402,0.022465901,255,2,670,1670
8,0,100502.15,0.94355662,0.022465901,255,2,671,1671
8,0,100624.42,0.93912041,0.022465901,255,2,672,1672
8,0,100615.42,0.91946057,0.022465901,255,2,673,1673
8,0,100465.23,0.96582662,0.022465901,255,2,674,1674
8,0,99753.799,0.97263439,0.022465901,255,2,675,1675
8,0,100025.56,0.99772829,0.022465901,255,2,676,1676
8,0,100542.91,0.95139528,0.022465901,255,2,677,1677
8,0,100450.9,0.99644236,0.022465901,255,2,678,1678
8,0,100525.86,0.91510621,0.022465901,255,2,679,1679
8,0,100372.66,0.92900293,0.022465901,255,2,680,1680
8,0,100384.29,0.98600925,0.022465901,255,2,681,1681
8,0,100998.03,0.94481975,0.022465901,255,2,682,1682
8,0,100760.44,0.98805525,0.022465901,255,2,683,1683
8,0,100423.05,0.9992011,0.022465901,255,2,684,1684
8,0,100360.16,0.93229417,0.022465901,255,2,685,1685
8,0,100097.87,0.80972875,0.022465901,255,2,686,1686
8,0,99818.759,0.97953423,0.022465901,255,2,687,1687
8,0,99738.926,0.98363035,0.022465901,255,2,688,1688
8,0,99738.462,0.91589654,0.022465901,255,2,689,1689
8,0,99402.096,0.97605092,0.022465901,255,2,690,1690
8,0,99599.278,0.96396508,0.022465901,255,2,691,1691
8,0,99781.761,0.90997843,0.022465901,255,2,692,1692
8,0,99518.21,0.98903025,0.022465901,255,2,693,1693
8,0,100382.79,0.89823074,0.022465901,255,2,694,1694
8,0,100116.08,0.97296908,0.022465901,255,2,695,1695
8,0,100351.68,0.9372944,0.022465901,255,2,696,1696
8,0,100425.83,0.85774486,0.022465901,255,2,697,1697
8,0,100705.97,0.97199479,0.022465901,255,2,698,1698
8,0,100388.73,0.81467258,0.022465901,255,2,699,1699
8,0,100289.5,0.99383527,0.022465901,255,2,700,1700
8,0,100168.9,0.99137009,0.022465901,255,2,701,1701
8,0,100098.62,0.96795032,0.022465901,255,2,702,1702
8,0,100319.55,0.9909722,0.022465901,255,2,703,1703
8,0,100158.11,0.78818425,0.022465901,255,2,704,1704
8,0,99931.468,0.98215018,0.022465901,255,2,705,1705
8,0,99907.201,0.94536046,0.022465901,255,2,706,1706
8,0,99906.069,0.99978192,0.022465901,255,2,707,1707
8,0,99970.384,0.9188997,0.022465901,255,2,708,1708
8,0,99754.656,0.98734171,0.022465901,255,2,709,1709
8,0,99953.613,0.94782472,0.022465901,255,2,710,1710
8,0,99685.513,0.98013093,0.022465901,255,2,711,1711
8,0,100014.39,0.94759223,0.022465901,255,2,712,1712
8,0,100120.12,0.96751174,0.022465901,255,2,713,1713
8,0,99988.549,0.92972042,0.022465901,255,2,714,1714
8,0,99983.918,0.99223717,0.022465901,255,2,715,1715
8,0,99924.597,0.98209161,0.022465901,255,2,716,1716
8,0,100304.09,0.91707003,0.022465901,255,2,717,1717
8,0,100630.42,0.78378391,0.022465901,255,2,718,1718
8,0,100592.23,0.99721674,0.022465901,255,2,719,1719
8,0,100503.68,0.92796761,0.022465901,255,2,720,1720
8,0,100332.6,0.97040929,0.022465901,255,2,721,1721
8,0,100423.52,0.95386031,0.022465901,255,2,722,1722
8,0,99895.054,0.97655678,0.022465901,255,2,723,1723
8,0,99814.294,0.95646498,0.022465901,255,2,724,1724
8,0,99428.263,0.98858013,0.022465901,255,2,725,1725
8,0,99481.733,0.78622818,0.022465901,255,2,726,1726
8,0,99458.873,0.91662546,0.022465901,255,2,727,1727
8,0,99123.261,0.93984158,0.022465901,255,2,728,1728
8,0,99341.307,0.9396505,0.022465901,255,2,729,1729
8,0,99813.628,0.97973777,0.022465901,255,2,730,1730
8,0,99852.386,0.92377655,0.022465901,255,2,731,1731
8,0,99924.314,0.9616029,0.022465901,255,2,732,1732
8,0,100250.83,0.98395252,0.022465901,255,2,733,1733
8,0,100304.19,0.98912905,0.022465901,255,2,734,1734
8,0,99993.969,0.97142036,0.022465901,255,2,735,1735
8,0,100173.33,0.99757936,0.022465901,255,2,736,1736
8,0,100089.79,0.95413077,0.022465901,255,2,737,1737
8,0,99925.391,0.88023857,0.022465901,255,2,738,1738
8,0,99497.487,0.9880704,0.022465901,255,2,739,1739
8,0,99574.815,0.88455294,0.022465901,255,2,740,1740
8,0,100295.11,0.95457787,0.022465901,255,2,741,1741
8,0,100151.91,0.94851929,0.022465901,255,2,742,1742
8,0,100357.04,0.91188458,0.022465901,255,2,743,1743
8,0,100644.78,0.8907655,0.022465901,255,2,744,1744
8,0,100809.06,0.93350433,0.022465901,255,2,745,1745
8,0,101138.63,0.97257092,0.022465901,255,2,746,1746
8,0,101360.58,0.98979852,0.022465901,255,2,747,1747
8,0,100982.37,0.99627255,0.022465901,255,2,748,1748
8,0,100382.13,0.96072037,0.022465901,255,2,749,1749
8,0,100061.87,0.97534052,0.022465901,255,2,750,1750
8,0,99844.328,0.9941106,0.022465901,255,2,751,1751
8,0,99981.963,0.98874047,0.022465901,255,2,752,1752
8,0,99897.152,0.976761,0.022465901,255,2,753,1753
8,0,100248.08,0.86540634,0.022465901,255,2,754,1754
8,0,100035.69,0.95945779,0.022465901,255,2,755,1755
8,0,100248.33,0.89366385,0.022465901,255,2,756,1756
8,0,99843.347,0.92628609,0.022465901,255,2,757,1757
8,0,99478.117,0.84944405,0.022465901,255,2,758,1758
8,0,99852.463,0.91855127,0.022465901,255,2,759,1759
8,0,99806.004,0.99173089,0.022465901,255,2,760,1760
8,0,100220.01,0.89964285,0.022465901,255,2,761,1761
8,0,100436.71,0.99711722,0.022465901,255,2,762,1762
8,0,100477.07,0.92812889,0.022465901,255,2,763,1763
8,0,100096.95,0.95095832,0.022465901,255,2,764,1764
8,0,100051.07,0.97616737,0.022465901,255,2,765,1765
8,0,100327.73,0.99517214,0.022465901,255,2,766,1766
8,0,100434.09,0.99264554,0.022465901,255,2,767,1767
8,0,100086.39,0.87793039,0.022465901,255,2,768,1768
8,0,100272.14,0.95538345,0.022465901,255,2,769,1769
8,0,100255.08,0.94154334,0.022465901,255,2,770,1770
8,0,100320.96,0.88714235,0.022465901,255,2,771,1771
8,0,100049.16,0.97878901,0.022465901,255,2,772,1772
8,0,100522.39,0.96840575,0.022465901,255,2,773,1773
8,0,100497.98,0.99439406,0.022465901,255,2,774,1774
8,0,100614.78,0.97254858,0.022465901,255,2,775,1775
8,0,100361.45,0.9893574,0.022465901,255,2,776,1776
8,0,100454.94,0.98563534,0.022465901,255,2,777,1777
8,0,100530.44,0.9904764,0.022465901,255,2,778,1778
8,0,100265.4,0.9363349,0.022465901,255,2,779,1779
8,0,100159.38,0.99647765,0.022465901,255,2,780,1780
8,0,99841.274,0.99780218,0.022465901,255,2,781,1781
8,0,99656.164,0.83729368,0.022465901,255,2,782,1782
8,0,99593.98,0.98862467,0.022465901,255,2,783,1783
8,0,99910.192,0.92847975,0.022465901,255,2,784,1784
8,0,100441.41,0.95113566,0.022465901,255,2,785,1785
8,0,100272.76,0.97524474,0.022465901,255,2,786,1786
8,0,100106.6,0.93254104,0.022465901,255,2,787,1787
8,0,99865.628,0.99346327,0.022465901,255,2,788,1788
8,0,100137.81,0.93453165,0.022465901,255,2,789,1789
8,0,100278.86,0.97928233,0.022465901,255,2,790,1790
8,0,100313.3,0.99044983,0.022465901,255,2,791,1791
8,0,100487.12,0.99635389,0.022465901,255,2,792,1792
8,0,100692.09,0.97235558,0.022465901,255,2,793,1793
8,0,100333.77,0.96134433,0.022465901,255,2,794,1794
8,0,99995.086,0.95237915,0.022465901,255,2,795,1795
8,0,100529.89,0.92732394,0.022465901,255,2,796,1796
8,0,100110.98,0.93596353,0.022465901,255,2,797,1797
8,0,100269.81,0.95844695,0.022465901,255,2,798,1798
8,0,100379.26,0.97776998,0.022465901,255,2,799,1799
8,0,100486.08,0.85787226,0.022465901,255,2,800,1800
8,0,99970.788,0.93058441,0.022465901,255,2,801,1801
8,0,99893.118,0.99010616,0.022465901,255,2,802,1802
8,0,100015.95,0.99201049,0.022465901,255,2,803,1803
8,0,100006.44,0.7873428,0.022465901,255,2,804,1804
8,0,100651.53,0.96258009,0.022465901,255,2,805,1805
8,0,100735.73,0.99936854,0.022465901,255,2,806,1806
8,0,100821.86,0.93342618,0.022465901,255,2,807,1807
8,0,100622.61,0.99449149,0.022465901,255,2,808,1808
8,0,100334.75,0.90625678,0.022465901,255,2,809,1809
8,0,100121.91,0.9587724,0.022465901,255,2,810,1810
8,0,99642.179,0.92572938,0.022465901,255,2,811,1811
8,0,99765.055,0.95529051,0.022465901,255,2,812,1812
8,0,99554.276,0.99927568,0.022465901,255,2,813,1813
8,0,99585.939,0.84987214,0.022465901,255,2,814,1814
8,0,100163.66,0.94739174,0.022465901,255,2,815,1815
8,0,100276.55,0.99547705,0.022465901,255,2,816,1816
8,0,99990.73,0.95673516,0.022465901,255,2,817,1817
8,0,100102.58,0.97867017,0.022465901,255,2,818,1818
8,0,100298.15,0.97722544,0.022465901,255,2,819,1819
8,0,100704.32,0.88251665,0.022465901,255,2,820,1820
8,0,100161.18,0.96667674,0.022465901,255,2,821,1821
8,0,100843.78,0.97617364,0.022465901,255,2,822,1822
8,0,100708.5,0.97083997,0.022465901,255,2,823,1823
8,0,100487.2,0.98500577,0.022465901,255,2,824,1824
8,0,100317.96,0.89755065,0.022465901,255,2,825,1825
8,0,100355.35,0.99109351,0.022465901,255,2,826,1826
8,0,100143.13,0.99231478,0.022465901,255,2,827,1827
8,0,100236.49,0.95071772,0.022465901,255,2,828,1828
8,0,100607.59,0.9780978,0.022465901,255,2,829,1829
8,0,100184.42,0.98730604,0.022465901,255,2,830,1830
8,0,100148.12,0.8467284,0.022465901,255,2,831,1831
8,0,99950.32,0.92506552,0.022465901,255,2,832,1832
8,0,100247.46,0.90038358,0.022465901,255,2,833,1833
8,0,100294.5,0.9779371,0.022465901,255,2,834,1834
8,0,100464.85,0.82987706,0.022465901,255,2,835,1835
8,0,100169.64,0.98487778,0.022465901,255,2,836,1836
8,0,99900.23,0.97268472,0.022465901,255,2,837,1837
8,0,99997.777,0.99577855,0.022465901,255,2,838,1838
8,0,100067.47,0.92467775,0.022465901,255,2,839,1839
8,0,100144.18,0.98341281,0.022465901,255,2,840,1840
8,0,99981.615,0.98336716,0.022465901,255,2,841,1841
8,0,100527.62,0.91220269,0.022465901,255,2,842,1842
8,0,100611.89,0.99972228,0.022465901,255,2,843,1843
8,0,101114.43,0.92078803,0.022465901,255,2,844,1844
8,0,100596.87,0.99673821,0.022465901,255,2,845,1845
8,0,100631.03,0.92520484,0.022465901,255,2,846,1846
8,0,100485.98,0.96699019,0.022465901,255,2,847,1847
8,0,100032.96,0.80550548,0.022465901,255,2,848,1848
8,0,100016.86,0.99927538,0.022465901,255,2,849,1849
8,0,99308.789,0.84051025,0.022465901,255,2,850,1850
8,0,99714.424,0.99651885,0.022465901,255,2,851,1851
8,0,99730.911,0.9664943,0.022465901,255,2,852,1852
8,0,100019.31,0.97459715,0.022465901,255,2,853,1853
8,0,99627.628,0.98696868,0.022465901,255,2,854,1854
8,0,99262.171,0.98591939,0.022465901,255,2,855,1855
8,0,99199.928,0.98417463,0.022465901,255,2,856,1856
8,0,99625.092,0.9460882,0.022465901,255,2,857,1857
8,0,100210.16,0.9253624,0.022465901,255,2,858,1858
8,0,100325.76,0.99346784,0.022465901,255,2,859,1859
8,0,100623.61,0.92185325,0.022465901,255,2,860,1860
8,0,100471.43,0.90651422,0.022465901,255,2,861,1861
8,0,100012.62,0.99431356,0.022465901,255,2,862,1862
8,0,100146.01,0.95534748,0.022465901,255,2,863,1863
8,0,100382.13,0.77663526,0.022465901,255,2,864,1864
8,0,100347.73,0.89147717,0.022465901,255,2,865,1865
8,0,100317.94,0.99911519,0.022465901,255,2,866,1866
8,0,100283.77,0.91687576,0.022465901,255,2,867,1867
8,0,100048.34,0.9926292,0.022465901,255,2,868,1868
8,0,100375.25,0.92051576,0.022465901,255,2,869,1869
8,0,100439.3,0.94611884,0.022465901,255,2,870,1870
8,0,100032.13,0.8878294,0.022465901,255,2,871,1871
8,0,100397.04,0.88970514,0.022465901,255,2,872,1872
8,0,100185.12,0.96421181,0.022465901,255,2,873,1873
8,0,100608.78,0.98029178,0.022465901,255,2,874,1874
8,0,100408.39,0.97512209,0.022465901,255,2,875,1875
8,0,100575.72,0.73956052,0.022465901,255,2,876,1876
8,0,100326.88,0.98706013,0.022465901,255,2,877,1877
8,0,100399.93,0.94290375,0.022465901,255,2,878,1878
8,0,100203.58,0.88862961,0.022465901,255,2,879,1879
8,0,100103.43,0.96783507,0.022465901,255,2,880,1880
8,0,100306.67,0.95042064,0.022465901,255,2,881,1881
8,0,100635.12,0.98303986,0.022465901,255,2,882,1882
8,0,100467.3,0.9605954,0.022465901,255,2,883,1883
8,0,100135.83,0.92568619,0.022465901,255,2,884,1884
8,0,100316.48,0.98939123,0.022465901,255,2,885,1885
8,0,100007.24,0.98593163,0.022465901,255,2,886,1886
8,0,100089.16,0.97420029,0.022465901,255,2,887,1887
8,0,100359.7,0.92166922,0.022465901,255,2,888,1888
8,0,100407.53,0.98929164,0.022465901,255,2,889,1889
8,0,100031.01,0.97384363,0.022465901,255,2,890,1890
8,0,99749.912,0.98907128,0.022465901,255,2,891,1891
8,0,100008.79,0.85380972,0.022465901,255,2,892,1892
8,0,100201.02,0.99493733,0.022465901,255,2,893,1893
8,0,100156.37,0.98432025,0.022465901,255,2,894,1894
8,0,100510.72,0.95870038,0.022465901,255,2,895,1895
8,0,100031.62,0.91537349,0.022465901,255,2,896,1896
8,0,99376.827,0.88313455,0.022465901,255,2,897,1897
8,0,99617.836,0.86651806,0.022465901,255,2,898,1898
8,0,100283.95,0.84540357,0.022465901,255,2,899,1899
8,0,100297.69,0.98719903,0.022465901,255,2,900,1900
8,0,100525.87,0.96497758,0.022465901,255,2,901,1901
8,0,100751.2,0.96968207,0.022465901,255,2,902,1902
8,0,100288.18,0.99280451,0.022465901,255,2,903,1903
8,0,100165.8,0.84392621,0.022465901,255,2,904,1904
8,0,100177.88,0.98741077,0.022465901,255,2,905,1905
8,0,100338.26,0.99731859,0.022465901,255,2,906,1906
8,0,100428.39,0.90154354,0.022465901,255,2,907,1907
8,0,100376.87,0.85641267,0.022465901,255,2,908,1908
8,0,100406.8,0.99722525,0.022465901,255,2,909,1909
8,0,100377.46,0.96464461,0.022465901,255,2,910,1910
8,0,100222.37,0.96772096,0.022465901,255,2,911,1911
8,0,100496.45,0.98625977,0.022465901,255,2,912,1912
8,0,100698.86,0.85144329,0.022465901,255,2,913,1913
8,0,100709.83,0.97305334,0.022465901,255,2,914,1914
8,0,100440.86,0.96439575,0.022465901,255,2,915,1915
8,0,99762.517,0.99899423,0.022465901,255,2,916,1916
8,0,99978.76,0.9860443,0.022465901,255,2,917,1917
8,0,100346.79,0.94502839,0.022465901,255,2,918,1918
8,0,100302.65,0.9879216,0.022465901,255,2,919,1919
8,0,100484.09,0.90063761,0.022465901,255,2,920,1920
8,0,100437.87,0.97107053,0.022465901,255,2,921,1921
8,0,100150.74,0.98568935,0.022465901,255,2,922,1922
8,0,100406.43,0.95808183,0.022465901,255,2,923,1923
8,0,99986.4,0.93622003,0.022465901,255,2,924,1924
8,0,100525.54,0.88807182,0.022465901,255,2,925,1925
8,0,101153.27,0.94527704,0.022465901,255,2,926,1926
8,0,100805.21,0.97955608,0.022465901,255,2,927,1927
8,0,100117.48,0.99858627,0.022465901,255,2,928,1928
8,0,100120.86,0.9989754,0.022465901,255,2,929,1929
8,0,100336.81,0.9867011,0.022465901,255,2,930,1930
8,0,99939.897,0.94665802,0.022465901,255,2,931,1931
8,0,99937.318,0.9691432,0.022465901,255,2,932,1932
8,0,100153.1,0.98976356,0.022465901,255,2,933,1933
8,0,99802.099,0.88814558,0.022465901,255,2,934,1934
8,0,99505.731,0.9913905,0.022465901,255,2,935,1935
8,0,99475.272,0.95028699,0.022465901,255,2,936,1936
8,0,99474.736,0.97699608,0.022465901,255,2,937,1937
8,0,99841.577,0.98107889,0.022465901,255,2,938,1938
8,0,100468.37,0.80390761,0.022465901,255,2,939,1939
8,0,100686.3,0.92716206,0.022465901,255,2,940,1940
8,0,100783.01,0.97078442,0.022465901,255,2,941,1941
8,0,100512.03,0.92582987,0.022465901,255,2,942,1942
8,0,100584.2,0.99970394,0.022465901,255,2,943,1943
8,0,100344.29,0.9654456,0.022465901,255,2,944,1944
8,0,100339.4,0.88617788,0.022465901,255,2,945,1945
8,0,100367.58,0.90977718,0.022465901,255,2,946,1946
8,0,100700.19,0.95799441,0.022465901,255,2,947,1947
8,0,100423.01,0.99858688,0.022465901,255,2,948,1948
8,0,100497.1,0.96471213,0.022465901,255,2,949,1949
8,0,100383.68,0.87677373,0.022465901,255,2,950,1950
8,0,100319.87,0.97751035,0.022465901,255,2,951,1951
8,0,100051.76,0.9939521,0.022465901,255,2,952,1952
8,0,99892.533,0.88092667,0.022465901,255,2,953,1953
8,0,99925.338,0.92898433,0.022465901,255,2,954,1954
8,0,99878.943,0.94913442,0.022465901,255,2,955,1955
8,0,99572.56,0.88453945,0.022465901,255,2,956,1956
8,0,99886.752,0.98778503,0.022465901,255,2,957,1957
8,0,100081.75,0.91782322,0.022465901,255,2,958,1958
8,0,100149.19,0.95444816,0.022465901,255,2,959,1959
8,0,99974.301,0.98562582,0.022465901,255,2,960,1960
8,0,100086.29,0.94001724,0.022465901,255,2,961,1961
8,0,100346.07,0.82175028,0.022465901,255,2,962,1962
8,0,100356.44,0.95451232,0.022465901,255,2,963,1963
8,0,100159.57,0.98941257,0.022465901,255,2,964,1964
8,0,99964.037,0.98274674,0.022465901,255,2,965,1965
8,0,100368.7,0.98584237,0.022465901,255,2,966,1966
8,0,100533.47,0.95074337,0.022465901,255,2,967,1967
8,0,100412.98,0.95919065,0.022465901,255,2,968,1968
8,0,99985.549,0.99786238,0.022465901,255,2,969,1969
8,0,99616.964,0.94827731,0.022465901,255,2,970,1970
8,0,99428.407,0.98203044,0.022465901,255,2,971,1971
8,0,99805.181,0.85801949,0.022465901,255,2,972,1972
8,0,99652.955,0.91497335,0.022465901,255,2,973,1973
8,0,100589.84,0.98446404,0.022465901,255,2,974,1974
8,0,100257.32,0.97945545,0.022465901,255,2,975,1975
8,0,99951.005,0.99579895,0.022465901,255,2,976,1976
8,0,99606.727,0.94803363,0.022465901,255,2,977,1977
8,0,100159.91,0.82662715,0.022465901,255,2,978,1978
8,0,100330.65,0.97746864,0.022465901,255,2,979,1979
8,0,100812.97,0.94057976,0.022465901,255,2,980,1980
8,0,100977.66,0.96234949,0.022465901,255,2,981,1981
8,0,100856.11,0.93068561,0.022465901,255,2,982,1982
8,0,100548.8,0.98173679,0.022465901,255,2,983,1983
8,0,100396.5,0.99538457,0.022465901,255,2,984,1984
8,0,100437.96,0.907733,0.022465901,255,2,985,1985
8,0,100345.58,0.93482904,0.022465901,255,2,986,1986
8,0,99971.681,0.99546005,0.022465901,255,2,987,1987
8,0,100163.91,0.9388222,0.022465901,255,2,988,1988
8,0,100265.28,0.86117441,0.022465901,255,2,989,1989
8,0,100226.5,0.99476047,0.022465901,255,2,990,1990
8,0,100272.65,0.92830118,0.022465901,255,2,991,1991
8,0,100169.55,0.93293429,0.022465901,255,2,992,1992
8,0,100382.35,0.82325782,0.022465901,255,2,993,1993
8,0,100638.72,0.98924274,0.022465901,255,2,994,1994
8,0,100137.26,0.9679266,0.022465901,255,2,995,1995
8,0,100320.07,0.86659281,0.022465901,255,2,996,1996
8,0,100515.67,0.84133306,0.022465901,255,2,997,1997
8,0,100330.14,0.99880954,0.022465901,255,2,998,1998
8,0,99684.127,0.99774087,0.022465901,255,2,999,1999
8,0,99760.589,0.95158013,0.022465901,255,2,1000,2000
8,0,99873.146,0.99340179,0.022687336,255,3,1,2001
8,0,99533.673,0.99501054,0.022687336,255,3,2,2002
8,0,99526.826,0.97255031,0.022687336,255,3,3,2003
8,0,99837.676,0.95739617,0.022687336,255,3,4,2004
8,0,100215.51,0.98300636,0.022687336,255,3,5,2005
8,0,99969.542,0.96227124,0.022687336,255,3,6,2006
8,0,100395.2,0.9660769,0.022687336,255,3,7,2007
8,0,99975.969,0.97864273,0.022687336,255,3,8,2008
8,0,100119.62,0.89268727,0.022687336,255,3,9,2009
8,0,100747.67,0.99689386,0.022687336,255,3,10,2010
8,0,100696.57,0.99737644,0.022687336,255,3,11,2011
8,0,100234.43,0.90699632,0.022687336,255,3,12,2012
8,0,100744.71,0.96297744,0.022687336,255,3,13,2013
8,0,100656.94,0.97483285,0.022687336,255,3,14,2014
8,0,100063.05,0.97309017,0.022687336,255,3,15,2015
8,0,100423.3,0.92212279,0.022687336,255,3,16,2016
8,0,100530.61,0.99194462,0.022687336,255,3,17,2017
8,0,100919.33,0.93886207,0.022687336,255,3,18,2018
8,0,100543.68,0.99989128,0.022687336,255,3,19,2019
8,0,100110.75,0.92697604,0.022687336,255,3,20,2020
8,0,100326.88,0.9162117,0.022687336,255,3,21,2021
8,0,100586.67,0.94008201,0.022687336,255,3,22,2022
8,0,100030.2,0.88299197,0.022687336,255,3,23,2023
8,0,100318.31,0.99105805,0.022687336,255,3,24,2024
8,0,100650.42,0.79980328,0.022687336,255,3,25,2025
8,0,100728.2,0.99900904,0.022687336,255,3,26,2026
8,0,100462.52,0.99652624,0.022687336,255,3,27,2027
8,0,100691.26,0.95042124,0.022687336,255,3,28,2028
8,0,100333.17,0.90323235,0.022687336,255,3,29,2029
8,0,100601.2,0.88134792,0.022687336,255,3,30,2030
8,0,100525.31,0.99503797,0.022687336,255,3,31,2031
8,0,100515.54,0.99924938,0.022687336,255,3,32,2032
8,0,100257.67,0.98132907,0.022687336,255,3,33,2033
8,0,100607.12,0.97215544,0.022687336,255,3,34,2034
8,0,100705.13,0.93337374,0.022687336,255,3,35,2035
8,0,100442.93,0.94120166,0.022687336,255,3,36,2036
8,0,100651.89,0.83031133,0.022687336,255,3,37,2037
8,0,101260.64,0.94892899,0.022687336,255,3,38,2038
8,0,100785.35,0.9935542,0.022687336,255,3,39,2039
8,0,100463.44,0.97681785,0.022687336,255,3,40,2040
8,0,100329.8,0.9404966,0.022687336,255,3,41,2041
8,0,100234.71,0.93757084,0.022687336,255,3,42,2042
8,0,100441.7,0.95365344,0.022687336,255,3,43,2043
8,0,100202.38,0.98779696,0.022687336,255,3,44,2044
8,0,99828.57,0.96133541,0.022687336,255,3,45,2045
8,0,100237.42,0.91059102,0.022687336,255,3,46,2046
8,0,100493.48,0.93631351,0.022687336,255,3,47,2047
8,0,100411.66,0.9336122,0.022687336,255,3,48,2048
8,0,99435.754,0.99935049,0.022687336,255,3,49,2049
8,0,99902.955,0.92303336,0.022687336,255,3,50,2050
8,0,99731.914,0.94642295,0.022687336,255,3,51,2051
8,0,100021.08,0.78794861,0.022687336,255,3,52,2052
8,0,100746.23,0.92480797,0.022687336,255,3,53,2053
8,0,100690.43,0.98595394,0.022687336,255,3,54,2054
8,0,100486.36,0.98867053,0.022687336,255,3,55,2055
8,0,100292.63,0.99039196,0.022687336,255,3,56,2056
8,0,100095.13,0.95382152,0.022687336,255,3,57,2057
8,0,100304.87,0.99059732,0.022687336,255,3,58,2058
8,0,100292.67,0.97828684,0.022687336,255,3,59,2059
8,0,100539.08,0.91636905,0.022687336,255,3,60,2060
8,0,100228.36,0.94747974,0.022687336,255,3,61,2061
8,0,99678.804,0.9845983,0.022687336,255,3,62,2062
8,0,99802.37,0.94287102,0.022687336,255,3,63,2063
8,0,100025.33,0.92757137,0.022687336,255,3,64,2064
8,0,100127.28,0.97629559,0.022687336,255,3,65,2065
8,0,100078.33,0.9798402,0.022687336,255,3,66,2066
8,0,100201.81,0.99209172,0.022687336,255,3,67,2067
8,0,99921.23,0.95344699,0.022687336,255,3,68,2068
8,0,100137.51,0.99092952,0.022687336,255,3,69,2069
8,0,99921.124,0.95855256,0.022687336,255,3,70,2070
8,0,99783.433,0.88996464,0.022687336,255,3,71,2071
8,0,100132.32,0.93674252,0.022687336,255,3,72,2072
8,0,100221.02,0.92831651,0.022687336,255,3,73,2073
8,0,99916.311,0.94254699,0.022687336,255,3,74,2074
8,0,99955.657,0.9372789,0.022687336,255,3,75,2075
8,0,99949.166,0.9064765,0.022687336,255,3,76,2076
8,0,100178.97,0.98947519,0.022687336,255,3,77,2077
8,0,100020.03,0.95360993,0.022687336,255,3,78,2078
8,0,99840.259,0.98275989,0.022687336,255,3,79,2079
8,0,100099.64,0.80277898,0.022687336,255,3,80,2080
8,0,100145.13,0.99641785,0.022687336,255,3,81,2081
8,0,100304.24,0.99371419,0.022687336,255,3,82,2082
8,0,99696.114,0.89516468,0.022687336,255,3,83,2083
8,0,100317,0.89533793,0.022687336,255,3,84,2084
8,0,100272.69,0.87213128,0.022687336,255,3,85,2085
8,0,100322.09,0.96936821,0.022687336,255,3,86,2086
8,0,100274.08,0.90958817,0.022687336,255,3,87,2087
8,0,100303.2,0.920821,0.022687336,255,3,88,2088
8,0,100290.05,0.98587168,0.022687336,255,3,89,2089
8,0,100851.65,0.95097742,0.022687336,255,3,90,2090
8,0,100480.74,0.88907726,0.022687336,255,3,91,2091
8,0,100581.76,0.99673635,0.022687336,255,3,92,2092
8,0,100313.31,0.98511159,0.022687336,255,3,93,2093
8,0,100242.66,0.97118952,0.022687336,255,3,94,2094
8,0,100132.83,0.93271957,0.022687336,255,3,95,2095
8,0,100493.43,0.97547851,0.022687336,255,3,96,2096
8,0,100450.09,0.94868629,0.022687336,255,3,97,2097
8,0,100927.06,0.99889676,0.022687336,255,3,98,2098
8,0,100436.18,0.90560998,0.022687336,255,3,99,2099
8,0,100232.73,0.97311917,0.022687336,255,3,100,2100
8,0,100310.58,0.99085025,0.022687336,255,3,101,2101
8,0,99914.147,0.96860223,0.022687336,255,3,102,2102
8,0,100052.2,0.99171456,0.022687336,255,3,103,2103
8,0,100613.36,0.92647283,0.022687336,255,3,104,2104
8,0,100561.93,0.98080029,0.022687336,255,3,105,2105
8,0,100781.65,0.94568096,0.022687336,255,3,106,2106
8,0,100923.87,0.94717371,0.022687336,255,3,107,2107
8,0,100539.62,0.99578468,0.022687336,255,3,108,2108
8,0,101115.68,0.98310437,0.022687336,255,3,109,2109
8,0,101152.55,0.99012301,0.022687336,255,3,110,2110
8,0,100419.53,0.94861482,0.022687336,255,3,111,2111
8,0,99955.096,0.98512226,0.022687336,255,3,112,2112
8,0,99851.826,0.80824181,0.022687336,255,3,113,2113
8,0,99987.839,0.94680403,0.022687336,255,3,114,2114
8,0,99836.754,0.92497595,0.022687336,255,3,115,2115
8,0,99836.684,0.86425856,0.022687336,255,3,116,2116
8,0,100167.76,0.99379474,0.022687336,255,3,117,2117
8,0,100300.27,0.97470042,0.022687336,255,3,118,2118
8,0,100388.38,0.97912009,0.022687336,255,3,119,2119
8,0,100654.97,0.83258148,0.022687336,255,3,120,2120
8,0,100488.4,0.98098567,0.022687336,255,3,121,2121
8,0,100586.97,0.98958395,0.022687336,255,3,122,2122
8,0,100743.24,0.95725804,0.022687336,255,3,123,2123
8,0,100793.57,0.95933683,0.022687336,255,3,124,2124
8,0,100615.27,0.99891473,0.022687336,255,3,125,2125
8,0,100364.92,0.99768856,0.022687336,255,3,126,2126
8,0,100294.04,0.90455222,0.022687336,255,3,127,2127
8,0,100327.98,0.88982392,0.022687336,255,3,128,2128
8,0,100419.15,0.99727394,0.022687336,255,3,129,2129
8,0,100381.73,0.98151933,0.022687336,255,3,130,2130
8,0,100378.74,0.95903248,0.022687336,255,3,131,2131
8,0,100752.33,0.81725979,0.022687336,255,3,132,2132
8,0,100507.61,0.97493089,0.022687336,255,3,133,2133
8,0,100701.98,0.90445884,0.022687336,255,3,134,2134
8,0,100904.3,0.96405836,0.022687336,255,3,135,2135
8,0,100869.86,0.76084686,0.022687336,255,3,136,2136
8,0,100614.54,0.99149024,0.022687336,255,3,137,2137
8,0,99904.172,0.96708466,0.022687336,255,3,138,2138
8,0,100054.67,0.9843945,0.022687336,255,3,139,2139
8,0,100427.27,0.96411981,0.022687336,255,3,140,2140
8,0,100263.12,0.95646474,0.022687336,255,3,141,2141
8,0,100124.04,0.91585733,0.022687336,255,3,142,2142
8,0,100132.08,0.90322618,0.022687336,255,3,143,2143
8,0,99798.228,0.95133017,0.022687336,255,3,144,2144
8,0,100390.82,0.80993808,0.022687336,255,3,145,2145
8,0,100283.36,0.96450793,0.022687336,255,3,146,2146
8,0,100065.05,0.98597384,0.022687336,255,3,147,2147
8,0,99649.378,0.91610443,0.022687336,255,3,148,2148
8,0,99648.969,0.94624061,0.022687336,255,3,149,2149
8,0,99732.787,0.977931,0.022687336,255,3,150,2150
8,0,99813.259,0.8718101,0.022687336,255,3,151,2151
8,0,100193.91,0.96295927,0.022687336,255,3,152,2152
8,0,99774.392,0.94255257,0.022687336,255,3,153,2153
8,0,100323.9,0.99147696,0.022687336,255,3,154,2154
8,0,100451.36,0.99890809,0.022687336,255,3,155,2155
8,0,100390.69,0.98048554,0.022687336,255,3,156,2156
8,0,100119.33,0.97851707,0.022687336,255,3,157,2157
8,0,100264.2,0.949627,0.022687336,255,3,158,2158
8,0,99904.037,0.94370816,0.022687336,255,3,159,2159
8,0,100367.69,0.92614722,0.022687336,255,3,160,2160
8,0,100403.37,0.95500721,0.022687336,255,3,161,2161
8,0,100055.58,0.97887421,0.022687336,255,3,162,2162
8,0,100274.35,0.98131627,0.022687336,255,3,163,2163
8,0,99943.492,0.9976499,0.022687336,255,3,164,2164
8,0,100317.92,0.92563613,0.022687336,255,3,165,2165
8,0,100148.14,0.93216363,0.022687336,255,3,166,2166
8,0,100142.65,0.99418082,0.022687336,255,3,167,2167
8,0,100383.43,0.96778759,0.022687336,255,3,168,2168
8,0,100269.92,0.97130467,0.022687336,255,3,169,2169
8,0,99877.272,0.9893937,0.022687336,255,3,170,2170
8,0,99727.942,0.95028821,0.022687336,255,3,171,2171
8,0,99618.431,0.97281609,0.022687336,255,3,172,2172
8,0,99980.153,0.90980042,0.022687336,255,3,173,2173
8,0,99736.617,0.83332515,0.022687336,255,3,174,2174
8,0,100222.81,0.9870515,0.022687336,255,3,175,2175
8,0,100538.05,0.9210573,0.022687336,255,3,176,2176
8,0,100589.47,0.9781465,0.022687336,255,3,177,2177
8,0,100278.88,0.85846634,0.022687336,255,3,178,2178
8,0,100169.56,0.94190914,0.022687336,255,3,179,2179
8,0,99651.744,0.99092509,0.022687336,255,3,180,2180
8,0,100240.19,0.9212758,0.022687336,255,3,181,2181
8,0,100612.49,0.97742373,0.022687336,255,3,182,2182
8,0,100674.36,0.94537157,0.022687336,255,3,183,2183
8,0,101165.35,0.98014457,0.022687336,255,3,184,2184
8,0,101669.45,0.93436112,0.022687336,255,3,185,2185
8,0,101465.63,0.94240785,0.022687336,255,3,186,2186
8,0,100818.66,0.99404859,0.022687336,255,3,187,2187
8,0,100444.61,0.97367234,0.022687336,255,3,188,2188
8,0,100489.67,0.99355697,0.022687336,255,3,189,2189
8,0,100588.47,0.91816248,0.022687336,255,3,190,2190
8,0,100525.32,0.96250857,0.022687336,255,3,191,2191
8,0,100300.95,0.91344547,0.022687336,255,3,192,2192
8,0,100396.75,0.98612812,0.022687336,255,3,193,2193
8,0,100793.37,0.88023719,0.022687336,255,3,194,2194
8,0,100719.34,0.97888299,0.022687336,255,3,195,2195
8,0,100781.63,0.97426269,0.022687336,255,3,196,2196
8,0,100672.97,0.90820317,0.022687336,255,3,197,2197
8,0,100344.37,0.98809131,0.022687336,255,3,198,2198
8,0,100517.43,0.98589312,0.022687336,255,3,199,2199
8,0,100234.46,0.99447522,0.022687336,255,3,200,2200
8,0,100366.22,0.94324356,0.022687336,255,3,201,2201
8,0,100076.81,0.97806719,0.022687336,255,3,202,2202
8,0,100440.88,0.99356604,0.022687336,255,3,203,2203
8,0,100236.65,0.95480063,0.022687336,255,3,204,2204
8,0,100566.29,0.95317211,0.022687336,255,3,205,2205
8,0,101012.09,0.90397059,0.022687336,255,3,206,2206
8,0,100774.24,0.85281279,0.022687336,255,3,207,2207
8,0,100410.74,0.98006012,0.022687336,255,3,208,2208
8,0,100663.23,0.98284753,0.022687336,255,3,209,2209
8,0,100317.72,0.9999816,0.022687336,255,3,210,2210
8,0,99818.447,0.99122319,0.022687336,255,3,211,2211
8,0,99932.032,0.84977345,0.022687336,255,3,212,2212
8,0,99846.452,0.9494827,0.022687336,255,3,213,2213
8,0,99697.144,0.88823306,0.022687336,255,3,214,2214
8,0,100018.85,0.98199151,0.022687336,255,3,215,2215
8,0,100026.37,0.97204837,0.022687336,255,3,216,2216
8,0,100372.82,0.9865779,0.022687336,255,3,217,2217
8,0,100668.07,0.92929498,0.022687336,255,3,218,2218
8,0,100530.39,0.99130966,0.022687336,255,3,219,2219
8,0,100315.16,0.96727622,0.022687336,255,3,220,2220
8,0,99989.716,0.9303723,0.022687336,255,3,221,2221
8,0,100006.77,0.96861218,0.022687336,255,3,222,2222
8,0,100061.39,0.94218645,0.022687336,255,3,223,2223
8,0,100378.52,0.97899656,0.022687336,255,3,224,2224
8,0,99932.072,0.95752849,0.022687336,255,3,225,2225
8,0,100034.52,0.94628495,0.022687336,255,3,226,2226
8,0,99979.021,0.97054973,0.022687336,255,3,227,2227
8,0,99672.232,0.99259977,0.022687336,255,3,228,2228
8,0,99827.079,0.83218163,0.022687336,255,3,229,2229
8,0,99712.409,0.98726191,0.022687336,255,3,230,2230
8,0,99612.201,0.92776877,0.022687336,255,3,231,2231
8,0,99388.778,0.79301588,0.022687336,255,3,232,2232
8,0,99821.206,0.93586494,0.022687336,255,3,233,2233
8,0,100095.04,0.85033815,0.022687336,255,3,234,2234
8,0,100264.74,0.94487726,0.022687336,255,3,235,2235
8,0,100203.12,0.97023815,0.022687336,255,3,236,2236
8,0,99703.971,0.97588692,0.022687336,255,3,237,2237
8,0,100201.62,0.91238278,0.022687336,255,3,238,2238
8,0,99947.997,0.9860104,0.022687336,255,3,239,2239
8,0,100353.79,0.89426808,0.022687336,255,3,240,2240
8,0,100190.27,0.98710443,0.022687336,255,3,241,2241
8,0,100004.35,0.98737244,0.022687336,255,3,242,2242
8,0,99641.019,0.85480161,0.022687336,255,3,243,2243
8,0,99674.943,0.99461201,0.022687336,255,3,244,2244
8,0,99931.757,0.99168168,0.022687336,255,3,245,2245
8,0,100057.22,0.93376811,0.022687336,255,3,246,2246
8,0,100183.22,0.98798735,0.022687336,255,3,247,2247
8,0,100378.47,0.94342784,0.022687336,255,3,248,2248
8,0,100284.69,0.99236148,0.022687336,255,3,249,2249
8,0,100472.37,0.96047256,0.022687336,255,3,250,2250
8,0,100639.69,0.85252956,0.022687336,255,3,251,2251
8,0,100362.92,0.998635,0.022687336,255,3,252,2252
8,0,100542.78,0.9914308,0.022687336,255,3,253,2253
8,0,100150.48,0.99862093,0.022687336,255,3,254,2254
8,0,100233.83,0.91324347,0.022687336,255,3,255,2255
8,0,100593.04,0.98191992,0.022687336,255,3,256,2256
8,0,100710.36,0.95711606,0.022687336,255,3,257,2257
8,0,100694.41,0.99884671,0.022687336,255,3,258,2258
8,0,100435.31,0.9536284,0.022687336,255,3,259,2259
8,0,100302.03,0.97655365,0.022687336,255,3,260,2260
8,0,99807.011,0.97907724,0.022687336,255,3,261,2261
8,0,100153.95,0.80490903,0.022687336,255,3,262,2262
8,0,100274.89,0.84221537,0.022687336,255,3,263,2263
8,0,100023.82,0.96236112,0.022687336,255,3,264,2264
8,0,99701.213,0.86755917,0.022687336,255,3,265,2265
8,0,99790.647,0.94783893,0.022687336,255,3,266,2266
8,0,99726.991,0.95320752,0.022687336,255,3,267,2267
8,0,99980.579,0.93338775,0.022687336,255,3,268,2268
8,0,100294.89,0.91446163,0.022687336,255,3,269,2269
8,0,100125.62,0.95712313,0.022687336,255,3,270,2270
8,0,100334.05,0.80837234,0.022687336,255,3,271,2271
8,0,100253.96,0.96995766,0.022687336,255,3,272,2272
8,0,100389.75,0.97314514,0.022687336,255,3,273,2273
8,0,100505.51,0.94499807,0.022687336,255,3,274,2274
8,0,100533.73,0.99854358,0.022687336,255,3,275,2275
8,0,100910.73,0.95237627,0.022687336,255,3,276,2276
8,0,100428.4,0.99630802,0.022687336,255,3,277,2277
8,0,100112.76,0.99564108,0.022687336,255,3,278,2278
8,0,100082.79,0.96171744,0.022687336,255,3,279,2279
8,0,100147.23,0.95353815,0.022687336,255,3,280,2280
8,0,100251.05,0.94470918,0.022687336,255,3,281,2281
8,0,100214.8,0.99555559,0.022687336,255,3,282,2282
8,0,100503.14,0.98326497,0.022687336,255,3,283,2283
8,0,100525.61,0.9284965,0.022687336,255,3,284,2284
8,0,100409.32,0.80383971,0.022687336,255,3,285,2285
8,0,100645.22,0.98472029,0.022687336,255,3,286,2286
8,0,100234.56,0.99365387,0.022687336,255,3,287,2287
8,0,100078.19,0.96988223,0.022687336,255,3,288,2288
8,0,99951.347,0.99346537,0.022687336,255,3,289,2289
8,0,99894.211,0.95421383,0.022687336,255,3,290,2290
8,0,99997.048,0.95846498,0.022687336,255,3,291,2291
8,0,100037.19,0.90098185,0.022687336,255,3,292,2292
8,0,99648.653,0.95520916,0.022687336,255,3,293,2293
8,0,99697.729,0.94356157,0.022687336,255,3,294,2294
8,0,99848.206,0.98177408,0.022687336,255,3,295,2295
8,0,100084.62,0.91267309,0.022687336,255,3,296,2296
8,0,100417.02,0.99459581,0.022687336,255,3,297,2297
8,0,99846.78,0.99135431,0.022687336,255,3,298,2298
8,0,100285.08,0.98216899,0.022687336,255,3,299,2299
8,0,99837.489,0.92735095,0.022687336,255,3,300,2300
8,0,99786.217,0.90938079,0.022687336,255,3,301,2301
8,0,99855.42,0.90659962,0.022687336,255,3,302,2302
8,0,99611.142,0.9958183,0.022687336,255,3,303,2303
8,0,99649.96,0.99762808,0.022687336,255,3,304,2304
8,0,99737.071,0.99171105,0.022687336,255,3,305,2305
8,0,100208.85,0.87864292,0.022687336,255,3,306,2306
8,0,100589.34,0.8780084,0.022687336,255,3,307,2307
8,0,100383.2,0.93666831,0.022687336,255,3,308,2308
8,0,100344.7,0.96121631,0.022687336,255,3,309,2309
8,0,100217.4,0.99043275,0.022687336,255,3,310,2310
8,0,100548.59,0.99982039,0.022687336,255,3,311,2311
8,0,100580.41,0.95708136,0.022687336,255,3,312,2312
8,0,100778.51,0.89196409,0.022687336,255,3,313,2313
8,0,100289.51,0.98449424,0.022687336,255,3,314,2314
8,0,100404.77,0.96686788,0.022687336,255,3,315,2315
8,0,100475.91,0.9203666,0.022687336,255,3,316,2316
8,0,100438.18,0.98733485,0.022687336,255,3,317,2317
8,0,100466.67,0.99933336,0.022687336,255,3,318,2318
8,0,100912.51,0.96603335,0.022687336,255,3,319,2319
8,0,100435.23,0.84326932,0.022687336,255,3,320,2320
8,0,100770.55,0.96824422,0.022687336,255,3,321,2321
8,0,100565.93,0.98988085,0.022687336,255,3,322,2322
8,0,100503.15,0.98741606,0.022687336,255,3,323,2323
8,0,100486.69,0.99453256,0.022687336,255,3,324,2324
8,0,99820.417,0.97297396,0.022687336,255,3,325,2325
8,0,99964.842,0.87396685,0.022687336,255,3,326,2326
8,0,100481.03,0.90875582,0.022687336,255,3,327,2327
8,0,100883.58,0.99196208,0.022687336,255,3,328,2328
8,0,100629.48,0.94525278,0.022687336,255,3,329,2329
8,0,100123.18,0.99903544,0.022687336,255,3,330,2330
8,0,99666.065,0.84505926,0.022687336,255,3,331,2331
8,0,99989.549,0.91024584,0.022687336,255,3,332,2332
8,0,99828.288,0.94030882,0.022687336,255,3,333,2333
8,0,99864.911,0.96756035,0.022687336,255,3,334,2334
8,0,100200.25,0.97062132,0.022687336,255,3,335,2335
8,0,100214.37,0.85501022,0.022687336,255,3,336,2336
8,0,99869.401,0.96532474,0.022687336,255,3,337,2337
8,0,100048.58,0.90869613,0.022687336,255,3,338,2338
8,0,100133.71,0.96508638,0.022687336,255,3,339,2339
8,0,100265.8,0.94028787,0.022687336,255,3,340,2340
8,0,100315.15,0.97969972,0.022687336,255,3,341,2341
8,0,100165.58,0.9622653,0.022687336,255,3,342,2342
8,0,100184.35,0.91099012,0.022687336,255,3,343,2343
8,0,99989.853,0.91508586,0.022687336,255,3,344,2344
8,0,99957.024,0.91351707,0.022687336,255,3,345,2345
8,0,100119.21,0.90629431,0.022687336,255,3,346,2346
8,0,100271.05,0.98575244,0.022687336,255,3,347,2347
8,0,100410.86,0.99577717,0.022687336,255,3,348,2348
8,0,100510.93,0.99445691,0.022687336,255,3,349,2349
8,0,100026.81,0.95357053,0.022687336,255,3,350,2350
8,0,100101.67,0.98885797,0.022687336,255,3,351,2351
8,0,100438.6,0.858514,0.022687336,255,3,352,2352
8,0,100158.23,0.96633166,0.022687336,255,3,353,2353
8,0,99952.484,0.97216214,0.022687336,255,3,354,2354
8,0,100127.46,0.96423035,0.022687336,255,3,355,2355
8,0,100529.01,0.8174984,0.022687336,255,3,356,2356
8,0,100686.08,0.99904705,0.022687336,255,3,357,2357
8,0,100689.45,0.98518712,0.022687336,255,3,358,2358
8,0,100485.34,0.95798804,0.022687336,255,3,359,2359
8,0,100627.67,0.90038199,0.022687336,255,3,360,2360
8,0,100672.41,0.96038192,0.022687336,255,3,361,2361
8,0,100491.15,0.99439945,0.022687336,255,3,362,2362
8,0,100762.18,0.93597825,0.022687336,255,3,363,2363
8,0,100150.13,0.99803984,0.022687336,255,3,364,2364
8,0,100261.02,0.97770351,0.022687336,255,3,365,2365
8,0,100248.55,0.95137766,0.022687336,255,3,366,2366
8,0,100415.02,0.78564293,0.022687336,255,3,367,2367
8,0,100365.6,0.97532618,0.022687336,255,3,368,2368
8,0,100062.72,0.97810797,0.022687336,255,3,369,2369
8,0,100095.22,0.96442833,0.022687336,255,3,370,2370
8,0,100001.44,0.87655976,0.022687336,255,3,371,2371
8,0,99975.745,0.94666214,0.022687336,255,3,372,2372
8,0,100262.98,0.97076551,0.022687336,255,3,373,2373
8,0,100358.16,0.98795223,0.022687336,255,3,374,2374
8,0,100629.26,0.94563521,0.022687336,255,3,375,2375
8,0,100524.97,0.98543868,0.022687336,255,3,376,2376
8,0,100281.63,0.94624853,0.022687336,255,3,377,2377
8,0,100454.68,0.80348871,0.022687336,255,3,378,2378
8,0,100258.93,0.99834766,0.022687336,255,3,379,2379
8,0,100074.4,0.98894253,0.022687336,255,3,380,2380
8,0,99954.161,0.99751092,0.022687336,255,3,381,2381
8,0,99588.236,0.98751858,0.022687336,255,3,382,2382
8,0,100036.59,0.99192168,0.022687336,255,3,383,2383
8,0,99948.01,0.96985847,0.022687336,255,3,384,2384
8,0,100020.62,0.82616592,0.022687336,255,3,385,2385
8,0,99926.849,0.89098579,0.022687336,255,3,386,2386
8,0,100168.93,0.97701275,0.022687336,255,3,387,2387
8,0,100235.6,0.98432995,0.022687336,255,3,388,2388
8,0,100480.07,0.93781151,0.022687336,255,3,389,2389
8,0,100491.28,1,0.022687336,255,3,390,2390
8,0,99986.1,0.9831977,0.022687336,255,3,391,2391
8,0,99466.101,0.99400178,0.022687336,255,3,392,2392
8,0,99988.257,0.99357562,0.022687336,255,3,393,2393
8,0,100037.06,0.96463466,0.022687336,255,3,394,2394
8,0,99862.242,0.9526229,0.022687336,255,3,395,2395
8,0,99849.154,0.94851112,0.022687336,255,3,396,2396
8,0,99736.001,0.97997781,0.022687336,255,3,397,2397
8,0,100055.52,0.96510596,0.022687336,255,3,398,2398
8,0,100501.89,0.93861086,0.022687336,255,3,399,2399
8,0,100668.63,0.92845841,0.022687336,255,3,400,2400
8,0,100203.57,0.98638424,0.022687336,255,3,401,2401
8,0,100047.16,0.98131988,0.022687336,255,3,402,2402
8,0,100352.55,0.95957943,0.022687336,255,3,403,2403
8,0,99804.428,0.97806189,0.022687336,255,3,404,2404
8,0,99609.628,0.97667651,0.022687336,255,3,405,2405
8,0,99263.663,1,0.022687336,255,3,406,2406
8,0,99585.655,0.98795507,0.022687336,255,3,407,2407
8,0,99561.422,0.94112606,0.022687336,255,3,408,2408
8,0,100090.37,0.94859608,0.022687336,255,3,409,2409
8,0,99773.549,0.99692265,0.022687336,255,3,410,2410
8,0,100245.48,0.92488359,0.022687336,255,3,411,2411
8,0,100185.59,0.94342671,0.022687336,255,3,412,2412
8,0,100203.64,0.95424333,0.022687336,255,3,413,2413
8,0,100188.19,0.92917249,0.022687336,255,3,414,2414
8,0,99971.382,0.98680822,0.022687336,255,3,415,2415
8,0,100136.93,0.89828677,0.022687336,255,3,416,2416
8,0,100539.95,0.99269088,0.022687336,255,3,417,2417
8,0,100931.18,0.95410635,0.022687336,255,3,418,2418
8,0,100395.68,0.99771285,0.022687336,255,3,419,2419
8,0,100038.25,0.9911626,0.022687336,255,3,420,2420
8,0,99660.633,0.88807084,0.022687336,255,3,421,2421
8,0,100092.37,0.96014967,0.022687336,255,3,422,2422
8,0,99728.295,0.90630809,0.022687336,255,3,423,2423
8,0,99968.634,0.90677383,0.022687336,255,3,424,2424
8,0,99889.595,0.96955273,0.022687336,255,3,425,2425
8,0,100604.05,0.88285246,0.022687336,255,3,426,2426
8,0,100703.03,0.97452216,0.022687336,255,3,427,2427
8,0,100288.77,0.98746168,0.022687336,255,3,428,2428
8,0,100069.78,0.7457615,0.022687336,255,3,429,2429
8,0,100169.45,0.96224574,0.022687336,255,3,430,2430
8,0,100012.65,0.99773262,0.022687336,255,3,431,2431
8,0,99393.005,0.98249841,0.022687336,255,3,432,2432
8,0,100144.98,0.99026409,0.022687336,255,3,433,2433
8,0,100283.03,0.91335076,0.022687336,255,3,434,2434
8,0,100545.37,0.98620513,0.022687336,255,3,435,2435
8,0,100673.52,0.9229041,0.022687336,255,3,436,2436
8,0,100301.14,0.9757238,0.022687336,255,3,437,2437
8,0,100383.93,0.9933982,0.022687336,255,3,438,2438
8,0,100043.33,0.94946685,0.022687336,255,3,439,2439
8,0,99949.726,0.99317318,0.022687336,255,3,440,2440
8,0,100296.59,0.98593266,0.022687336,255,3,441,2441
8,0,100212.18,0.95966178,0.022687336,255,3,442,2442
8,0,100390.77,0.97412331,0.022687336,255,3,443,2443
8,0,100474.7,0.91178723,0.022687336,255,3,444,2444
8,0,100127.99,0.99461614,0.022687336,255,3,445,2445
8,0,100358.73,0.95983608,0.022687336,255,3,446,2446
8,0,100596.72,0.97556979,0.022687336,255,3,447,2447
8,0,100512,0.82273415,0.022687336,255,3,448,2448
8,0,100772.25,0.92753839,0.022687336,255,3,449,2449
8,0,101005.53,0.86699737,0.022687336,255,3,450,2450
8,0,100888.56,0.99426367,0.022687336,255,3,451,2451
8,0,100817.54,0.96128338,0.022687336,255,3,452,2452
8,0,100680.54,0.97340751,0.022687336,255,3,453,2453
8,0,101074.43,0.97330022,0.022687336,255,3,454,2454
8,0,100959.17,0.99859205,0.022687336,255,3,455,2455
8,0,100628.82,0.84654494,0.022687336,255,3,456,2456
8,0,100435.13,0.99769125,0.022687336,255,3,457,2457
8,0,100708.46,0.9590585,0.022687336,255,3,458,2458
8,0,100506.28,0.90462617,0.022687336,255,3,459,2459
8,0,100701.76,0.98868965,0.022687336,255,3,460,2460
8,0,100588.67,0.99743058,0.022687336,255,3,461,2461
8,0,100696.24,0.88545517,0.022687336,255,3,462,2462
8,0,100581.38,0.99768778,0.022687336,255,3,463,2463
8,0,100657.49,0.89165905,0.022687336,255,3,464,2464
8,0,100418.39,0.91895016,0.022687336,255,3,465,2465
8,0,100234.25,0.97961657,0.022687336,255,3,466,2466
8,0,100471.59,0.99483339,0.022687336,255,3,467,2467
8,0,100745.88,0.97176013000000006,0.022687336,255,3,468,2468
8,0,100587.59,0.80573791,0.022687336,255,3,469,2469
8,0,100702.19,0.98063122,0.022687336,255,3,470,2470
8,0,100800.43,0.94384252,0.022687336,255,3,471,2471
8,0,100437.54,0.96698565,0.022687336,255,3,472,2472
8,0,100583.88,0.96870493,0.022687336,255,3,473,2473
8,0,100653.44,0.99035491,0.022687336,255,3,474,2474
8,0,100623.06,0.90907379,0.022687336,255,3,475,2475
8,0,100554.28,0.95640475,0.022687336,255,3,476,2476
8,0,100618.72,0.97856705,0.022687336,255,3,477,2477
8,0,100476.46,0.98593677,0.022687336,255,3,478,2478
8,0,99897.705,0.99959053,0.022687336,255,3,479,2479
8,0,99754.485,0.92939873,0.022687336,255,3,480,2480
8,0,99780.041,0.97882245,0.022687336,255,3,481,2481
8,0,100133.25,0.90690336,0.022687336,255,3,482,2482
8,0,100180.4,0.892684,0.022687336,255,3,483,2483
8,0,100528.31,0.95928798,0.022687336,255,3,484,2484
8,0,100507.25,0.98841893,0.022687336,255,3,485,2485
8,0,100589.94,0.96363288,0.022687336,255,3,486,2486
8,0,100475.26,0.9679109,0.022687336,255,3,487,2487
8,0,100518.45,0.83351559,0.022687336,255,3,488,2488
8,0,100455.23,0.99938073,0.022687336,255,3,489,2489
8,0,99905.837,0.97930767,0.022687336,255,3,490,2490
8,0,100009.45,0.81590645,0.022687336,255,3,491,2491
8,0,99968.714,0.9994906,0.022687336,255,3,492,2492
8,0,100107.23,0.99090064,0.022687336,255,3,493,2493
8,0,100318.76,0.95656854,0.022687336,255,3,494,2494
8,0,100258.02,0.99848899,0.022687336,255,3,495,2495
8,0,100279.08,0.98718493,0.022687336,255,3,496,2496
8,0,99964.047,0.99342256,0.022687336,255,3,497,2497
8,0,100012,0.99552512,0.022687336,255,3,498,2498
8,0,100008.1,0.99175583,0.022687336,255,3,499,2499
8,0,99529.827,0.91353119,0.022687336,255,3,500,2500
8,0,100039.96,0.88869908,0.022687336,255,3,501,2501
8,0,100465.12,0.86273885,0.022687336,255,3,502,2502
8,0,100540.48,0.99854830000000006,0.022687336,255,3,503,2503
8,0,100312.7,0.97390823,0.022687336,255,3,504,2504
8,0,100272.2,0.97375231,0.022687336,255,3,505,2505
8,0,100308.57,0.9905931,0.022687336,255,3,506,2506
8,0,100584.57,0.95863103,0.022687336,255,3,507,2507
8,0,100136.75,0.9905488,0.022687336,255,3,508,2508
8,0,100200.27,0.95885566,0.022687336,255,3,509,2509
8,0,99895.605,0.95957718,0.022687336,255,3,510,2510
8,0,100355.62,0.91802758,0.022687336,255,3,511,2511
8,0,100097.43,0.98185058,0.022687336,255,3,512,2512
8,0,100096.42,0.99490119,0.022687336,255,3,513,2513
8,0,100095.89,0.84068139,0.022687336,255,3,514,2514
8,0,100096.25,0.99249767,0.022687336,255,3,515,2515
8,0,99988.511,0.99938492,0.022687336,255,3,516,2516
8,0,99979.267,0.96869446,0.022687336,255,3,517,2517
8,0,99673.843,0.92350599,0.022687336,255,3,518,2518
8,0,99608.628,0.96796683,0.022687336,255,3,519,2519
8,0,100024.79,0.95809005,0.022687336,255,3,520,2520
8,0,100075.27,0.97218968,0.022687336,255,3,521,2521
8,0,100056.82,0.98231457,0.022687336,255,3,522,2522
8,0,100132.59,0.86883674,0.022687336,255,3,523,2523
8,0,100675.76,0.932471,0.022687336,255,3,524,2524
8,0,100388.36,0.93558707,0.022687336,255,3,525,2525
8,0,100624.34,0.84779261,0.022687336,255,3,526,2526
8,0,100458.19,0.98168,0.022687336,255,3,527,2527
8,0,100386.77,0.96499099,0.022687336,255,3,528,2528
8,0,100225.72,0.90483022,0.022687336,255,3,529,2529
8,0,100000.36,0.99177307,0.022687336,255,3,530,2530
8,0,100144.62,0.76608616,0.022687336,255,3,531,2531
8,0,100480.51,0.89481246,0.022687336,255,3,532,2532
8,0,100254.6,0.96579305,0.022687336,255,3,533,2533
8,0,100544,0.97561898,0.022687336,255,3,534,2534
8,0,100191.97,0.99722568,0.022687336,255,3,535,2535
8,0,99749.645,0.99920947,0.022687336,255,3,536,2536
8,0,99980.231,0.98968872,0.022687336,255,3,537,2537
8,0,99751.301,0.99693723,0.022687336,255,3,538,2538
8,0,99458.262,0.97232819,0.022687336,255,3,539,2539
8,0,99925.19,0.96032351,0.022687336,255,3,540,2540
8,0,99490.435,0.98348341,0.022687336,255,3,541,2541
8,0,99468.253,0.90726404,0.022687336,255,3,542,2542
8,0,99380.026,0.79705088,0.022687336,255,3,543,2543
8,0,99783.759,0.97981215,0.022687336,255,3,544,2544
8,0,100093.75,0.98839814,0.022687336,255,3,545,2545
8,0,99917.951,0.96054855,0.022687336,255,3,546,2546
8,0,99718.12,0.96995414,0.022687336,255,3,547,2547
8,0,99515.917,0.99606767,0.022687336,255,3,548,2548
8,0,99606.131,0.9404917,0.022687336,255,3,549,2549
8,0,99510.683,0.99549013,0.022687336,255,3,550,2550
8,0,100155.93,0.95293051,0.022687336,255,3,551,2551
8,0,99797.292,0.98721938,0.022687336,255,3,552,2552
8,0,100625,0.9729585,0.022687336,255,3,553,2553
8,0,100602.08,0.94676744,0.022687336,255,3,554,2554
8,0,100343.42,0.80166719,0.022687336,255,3,555,2555
8,0,100616.46,0.97308194,0.022687336,255,3,556,2556
8,0,100589.61,0.96684079,0.022687336,255,3,557,2557
8,0,100375.63,0.92308686,0.022687336,255,3,558,2558
8,0,100366.91,0.99589099,0.022687336,255,3,559,2559
8,0,100364.37,0.96378646,0.022687336,255,3,560,2560
8,0,100222.71,0.97292304,0.022687336,255,3,561,2561
8,0,100148.74,0.99695496,0.022687336,255,3,562,2562
8,0,99936.733,0.97874706,0.022687336,255,3,563,2563
8,0,99609.78,0.97036332,0.022687336,255,3,564,2564
8,0,99829.627,0.92883186,0.022687336,255,3,565,2565
8,0,99838.933,0.77095367,0.022687336,255,3,566,2566
8,0,100316.55,0.92198838,0.022687336,255,3,567,2567
8,0,100421.79,0.87691571,0.022687336,255,3,568,2568
8,0,100436.78,0.96647032,0.022687336,255,3,569,2569
8,0,100330.46,0.99737634,0.022687336,255,3,570,2570
8,0,100575.47,0.94423179,0.022687336,255,3,571,2571
8,0,100920.13,0.82333824,0.022687336,255,3,572,2572
8,0,100671.81,1,0.022687336,255,3,573,2573
8,0,100657.16,0.96258534,0.022687336,255,3,574,2574
8,0,100454.24,0.90723031,0.022687336,255,3,575,2575
8,0,99917.328,0.98173995,0.022687336,255,3,576,2576
8,0,100193.1,0.96207568,0.022687336,255,3,577,2577
8,0,100861.33,0.95287284,0.022687336,255,3,578,2578
8,0,100874.31,0.99597065,0.022687336,255,3,579,2579
8,0,100649.62,0.98564321,0.022687336,255,3,580,2580
8,0,100205.83,0.88544477,0.022687336,255,3,581,2581
8,0,100110.74,0.99780261,0.022687336,255,3,582,2582
8,0,99500.267,0.91573469,0.022687336,255,3,583,2583
8,0,99718.81,0.99607787,0.022687336,255,3,584,2584
8,0,99973.975,0.86466607,0.022687336,255,3,585,2585
8,0,99616.045,0.8526824,0.022687336,255,3,586,2586
8,0,99979.093,0.94772949,0.022687336,255,3,587,2587
8,0,100340.74,0.92266947,0.022687336,255,3,588,2588
8,0,100140.97,0.93133756,0.022687336,255,3,589,2589
8,0,100095.07,0.97534922,0.022687336,255,3,590,2590
8,0,100333.78,0.9624037,0.022687336,255,3,591,2591
8,0,100338.09,0.99611773,0.022687336,255,3,592,2592
8,0,99799.358,0.76017076,0.022687336,255,3,593,2593
8,0,100275.99,0.93733779,0.022687336,255,3,594,2594
8,0,100338.93,0.98622991,0.022687336,255,3,595,2595
8,0,100296.08,0.93425674,0.022687336,255,3,596,2596
8,0,100151.36,0.9611676,0.022687336,255,3,597,2597
8,0,100361.88,0.99270128,0.022687336,255,3,598,2598
8,0,100619.82,0.97743042,0.022687336,255,3,599,2599
8,0,100148.95,0.99586659,0.022687336,255,3,600,2600
8,0,100513.49,0.99404848,0.022687336,255,3,601,2601
8,0,100577.45,0.95447162,0.022687336,255,3,602,2602
8,0,100693.37,0.98499675,0.022687336,255,3,603,2603
8,0,100705.43,0.96051899,0.022687336,255,3,604,2604
8,0,100150.89,0.9673991,0.022687336,255,3,605,2605
8,0,100548.18,0.93469469,0.022687336,255,3,606,2606
8,0,100024.43,0.99923952,0.022687336,255,3,607,2607
8,0,99410.305,0.98883139,0.022687336,255,3,608,2608
8,0,99217.942,0.84852918,0.022687336,255,3,609,2609
8,0,99324.796,0.94334746,0.022687336,255,3,610,2610
8,0,99577.044,0.93580669,0.022687336,255,3,611,2611
8,0,99673.532,0.96060713,0.022687336,255,3,612,2612
8,0,99575.274,0.9991872,0.022687336,255,3,613,2613
8,0,100017.41,0.87767817,0.022687336,255,3,614,2614
8,0,99831.289,0.99961411,0.022687336,255,3,615,2615
8,0,100163.79,0.92288203,0.022687336,255,3,616,2616
8,0,100493.08,0.92832444,0.022687336,255,3,617,2617
8,0,100258.99,0.8908882,0.022687336,255,3,618,2618
8,0,100232.3,0.99680054,0.022687336,255,3,619,2619
8,0,100479.87,0.9560994,0.022687336,255,3,620,2620
8,0,100343.29,0.99998386,0.022687336,255,3,621,2621
8,0,100431.67,0.96417273,0.022687336,255,3,622,2622
8,0,100488.36,0.92719308,0.022687336,255,3,623,2623
8,0,99850.998,0.94966741,0.022687336,255,3,624,2624
8,0,99514.059,0.99762256,0.022687336,255,3,625,2625
8,0,99630.325,0.93379876,0.022687336,255,3,626,2626
8,0,100281.24,0.9802488,0.022687336,255,3,627,2627
8,0,100820.22,0.9573951,0.022687336,255,3,628,2628
8,0,100692.76,0.95470866,0.022687336,255,3,629,2629
8,0,100684.95,0.87076522,0.022687336,255,3,630,2630
8,0,101264.97,0.80637126,0.022687336,255,3,631,2631
8,0,101194.46,0.98957895,0.022687336,255,3,632,2632
8,0,101160.15,0.98942917,0.022687336,255,3,633,2633
8,0,100975.06,0.82637986,0.022687336,255,3,634,2634
8,0,100831.72,0.93758516,0.022687336,255,3,635,2635
8,0,100772.62,0.99898106,0.022687336,255,3,636,2636
8,0,99914.85,0.99422664,0.022687336,255,3,637,2637
8,0,99772.438,0.99107652,0.022687336,255,3,638,2638
8,0,99855.238,0.99008435,0.022687336,255,3,639,2639
8,0,100532.2,0.91807079,0.022687336,255,3,640,2640
8,0,100683.34,0.92918021,0.022687336,255,3,641,2641
8,0,100571.95,0.87882556,0.022687336,255,3,642,2642
8,0,99616.871,0.9975107,0.022687336,255,3,643,2643
8,0,99928.43,0.94674669,0.022687336,255,3,644,2644
8,0,100113.05,0.9049972,0.022687336,255,3,645,2645
8,0,100383.85,0.87563184,0.022687336,255,3,646,2646
8,0,100370.53,0.87509506,0.022687336,255,3,647,2647
8,0,100306.71,0.95638173,0.022687336,255,3,648,2648
8,0,100545.58,0.97003635,0.022687336,255,3,649,2649
8,0,100446.83,0.98313523,0.022687336,255,3,650,2650
8,0,99992.099,0.9945356,0.022687336,255,3,651,2651
8,0,99828.828,0.98077469,0.022687336,255,3,652,2652
8,0,99739.796,0.96045523,0.022687336,255,3,653,2653
8,0,99322.62,0.97608447,0.022687336,255,3,654,2654
8,0,99707.713,0.96890161,0.022687336,255,3,655,2655
8,0,100158.21,0.95791364,0.022687336,255,3,656,2656
8,0,100202.05,0.96338814,0.022687336,255,3,657,2657
8,0,99948.787,0.94173793,0.022687336,255,3,658,2658
8,0,100188.29,0.92673312,0.022687336,255,3,659,2659
8,0,99793.359,0.99703141,0.022687336,255,3,660,2660
8,0,99827.109,0.9593012,0.022687336,255,3,661,2661
8,0,99805.191,0.89853948,0.022687336,255,3,662,2662
8,0,99589.36,0.9968092,0.022687336,255,3,663,2663
8,0,99559.118,0.99993955,0.022687336,255,3,664,2664
8,0,99562.42,0.98634328,0.022687336,255,3,665,2665
8,0,99835.003,0.99363915,0.022687336,255,3,666,2666
8,0,100285.11,0.84301183,0.022687336,255,3,667,2667
8,0,100227.54,0.98273488,0.022687336,255,3,668,2668
8,0,100529.7,0.95416519,0.022687336,255,3,669,2669
8,0,100558.34,0.97087955,0.022687336,255,3,670,2670
8,0,100402.08,0.77981249,0.022687336,255,3,671,2671
8,0,100440.24,0.95956299,0.022687336,255,3,672,2672
8,0,100012.75,0.99476773,0.022687336,255,3,673,2673
8,0,100444.69,0.90630324,0.022687336,255,3,674,2674
8,0,99993.117,0.85579145,0.022687336,255,3,675,2675
8,0,100144.19,0.94195927,0.022687336,255,3,676,2676
8,0,100275.23,0.99076613,0.022687336,255,3,677,2677
8,0,100056.65,0.90047544,0.022687336,255,3,678,2678
8,0,100153.77,0.99937182,0.022687336,255,3,679,2679
8,0,100285.03,0.94434199,0.022687336,255,3,680,2680
8,0,99841.2,0.98114487,0.022687336,255,3,681,2681
8,0,100112.98,0.90263601,0.022687336,255,3,682,2682
8,0,100498.8,0.95648672,0.022687336,255,3,683,2683
8,0,100673.86,0.95590027,0.022687336,255,3,684,2684
8,0,100455.78,0.99857874,0.022687336,255,3,685,2685
8,0,100400,0.99122255,0.022687336,255,3,686,2686
8,0,100483.84,0.93893615,0.022687336,255,3,687,2687
8,0,100678.87,0.94404925,0.022687336,255,3,688,2688
8,0,100748.02,0.93687109,0.022687336,255,3,689,2689
8,0,100364.97,0.99496735,0.022687336,255,3,690,2690
8,0,99848.098,0.94938768,0.022687336,255,3,691,2691
8,0,99650.181,0.91286728,0.022687336,255,3,692,2692
8,0,100001.17,0.94996871,0.022687336,255,3,693,2693
8,0,100201.99,0.99451492,0.022687336,255,3,694,2694
8,0,100445.32,0.99545625,0.022687336,255,3,695,2695
8,0,100459.94,0.92927949,0.022687336,255,3,696,2696
8,0,100451.46,0.93165599,0.022687336,255,3,697,2697
8,0,100706.88,0.94884583,0.022687336,255,3,698,2698
8,0,100430.22,0.98193332,0.022687336,255,3,699,2699
8,0,100614.68,0.95927872,0.022687336,255,3,700,2700
8,0,100062.23,0.99775852,0.022687336,255,3,701,2701
8,0,100029.44,0.99997899,0.022687336,255,3,702,2702
8,0,100339.71,0.85620602,0.022687336,255,3,703,2703
8,0,100754.59,0.93563721,0.022687336,255,3,704,2704
8,0,100846.2,0.99948042,0.022687336,255,3,705,2705
8,0,100892.02,0.91655499,0.022687336,255,3,706,2706
8,0,100600.85,0.99959667,0.022687336,255,3,707,2707
8,0,100380.89,0.91094444,0.022687336,255,3,708,2708
8,0,100653.28,0.99272668,0.022687336,255,3,709,2709
8,0,100246.04,0.9990021,0.022687336,255,3,710,2710
8,0,100292.34,0.97008802,0.022687336,255,3,711,2711
8,0,100720.19,0.99330351,0.022687336,255,3,712,2712
8,0,100234.24,0.93665873,0.022687336,255,3,713,2713
8,0,100404.43,0.97888697,0.022687336,255,3,714,2714
8,0,100259.49,0.9943697,0.022687336,255,3,715,2715
8,0,100152.04,0.91138116,0.022687336,255,3,716,2716
8,0,100206.94,0.99408791,0.022687336,255,3,717,2717
8,0,100220.38,0.94168459,0.022687336,255,3,718,2718
8,0,99543.938,0.99638392,0.022687336,255,3,719,2719
8,0,100318.47,0.95704276,0.022687336,255,3,720,2720
8,0,100134.01,0.99741756,0.022687336,255,3,721,2721
8,0,99945.294,0.98357888,0.022687336,255,3,722,2722
8,0,100130.69,0.97408197,0.022687336,255,3,723,2723
8,0,100425.57,0.98141639,0.022687336,255,3,724,2724
8,0,100019.93,0.98546947,0.022687336,255,3,725,2725
8,0,100428.35,0.78271259,0.022687336,255,3,726,2726
8,0,100308.65,0.93485053,0.022687336,255,3,727,2727
8,0,100270.49,0.99624872,0.022687336,255,3,728,2728
8,0,100179.78,0.86153639,0.022687336,255,3,729,2729
8,0,100252.05,0.99886374,0.022687336,255,3,730,2730
8,0,100545.17,0.94405406,0.022687336,255,3,731,2731
8,0,100603.13,0.99752418,0.022687336,255,3,732,2732
8,0,100313.84,0.99983832,0.022687336,255,3,733,2733
8,0,100165.77,0.96977497,0.022687336,255,3,734,2734
8,0,100574.83,0.96012312,0.022687336,255,3,735,2735
8,0,99992.803,0.99106582,0.022687336,255,3,736,2736
8,0,100032.62,0.9598923,0.022687336,255,3,737,2737
8,0,99918.029,0.92019867,0.022687336,255,3,738,2738
8,0,100303.35,0.93455905,0.022687336,255,3,739,2739
8,0,99755.696,0.95239567,0.022687336,255,3,740,2740
8,0,99822.424,0.9167217,0.022687336,255,3,741,2741
8,0,99994.634,0.93178043,0.022687336,255,3,742,2742
8,0,100060.44,0.92860209,0.022687336,255,3,743,2743
8,0,100376.37,0.98720829,0.022687336,255,3,744,2744
8,0,100067.44,0.99417746,0.022687336,255,3,745,2745
8,0,100672.65,0.83657021,0.022687336,255,3,746,2746
8,0,100574.93,0.9864455,0.022687336,255,3,747,2747
8,0,100294.97,0.95084927,0.022687336,255,3,748,2748
8,0,100340.86,0.994976,0.022687336,255,3,749,2749
8,0,100333.09,0.96474115,0.022687336,255,3,750,2750
8,0,100406.98,0.94086026,0.022687336,255,3,751,2751
8,0,99743.244,0.99992377,0.022687336,255,3,752,2752
8,0,99631.099,0.96061176,0.022687336,255,3,753,2753
8,0,100066.75,0.97836329,0.022687336,255,3,754,2754
8,0,100125.85,0.97888803,0.022687336,255,3,755,2755
8,0,100218.22,0.98717606,0.022687336,255,3,756,2756
8,0,100464.13,0.9571008,0.022687336,255,3,757,2757
8,0,100224.3,0.99789226,0.022687336,255,3,758,2758
8,0,100241.86,0.93763125,0.022687336,255,3,759,2759
8,0,100348.94,0.98062539,0.022687336,255,3,760,2760
8,0,100448.25,0.91286921,0.022687336,255,3,761,2761
8,0,100245.57,0.99965218,0.022687336,255,3,762,2762
8,0,100493.69,0.99970795,0.022687336,255,3,763,2763
8,0,100613.95,0.85936998,0.022687336,255,3,764,2764
8,0,100284.42,0.91156185,0.022687336,255,3,765,2765
8,0,99873.544,0.90168568,0.022687336,255,3,766,2766
8,0,99910.527,0.92620847,0.022687336,255,3,767,2767
8,0,100377.57,0.90985415,0.022687336,255,3,768,2768
8,0,100010.33,0.99609455,0.022687336,255,3,769,2769
8,0,100323.11,0.95691253,0.022687336,255,3,770,2770
8,0,100098.82,0.80954407,0.022687336,255,3,771,2771
8,0,99905.437,0.89580276,0.022687336,255,3,772,2772
8,0,100079.17,0.92041136,0.022687336,255,3,773,2773
8,0,100410.03,0.9496868,0.022687336,255,3,774,2774
8,0,99883.853,0.99610822,0.022687336,255,3,775,2775
8,0,100017.7,0.94620912,0.022687336,255,3,776,2776
8,0,99946.633,0.90393184,0.022687336,255,3,777,2777
8,0,100089.42,0.97396051,0.022687336,255,3,778,2778
8,0,100192.04,0.93160987,0.022687336,255,3,779,2779
8,0,100187.33,0.98470655,0.022687336,255,3,780,2780
8,0,100173.79,0.98916737,0.022687336,255,3,781,2781
8,0,99972.254,0.78390105,0.022687336,255,3,782,2782
8,0,99894.775,0.97644634,0.022687336,255,3,783,2783
8,0,99900.113,0.93994127,0.022687336,255,3,784,2784
8,0,100523.61,0.99112199,0.022687336,255,3,785,2785
8,0,100616.5,0.91537303,0.022687336,255,3,786,2786
8,0,100851.95,0.83672132,0.022687336,255,3,787,2787
8,0,100378.01,0.97872636,0.022687336,255,3,788,2788
8,0,100938.23,0.98488214,0.022687336,255,3,789,2789
8,0,100891.87,0.95873512,0.022687336,255,3,790,2790
8,0,100760.72,0.95205823999999994,0.022687336,255,3,791,2791
8,0,100217.41,0.99990745,0.022687336,255,3,792,2792
8,0,100584.18,0.9076059,0.022687336,255,3,793,2793
8,0,100345.66,0.99549437,0.022687336,255,3,794,2794
8,0,100222.58,0.93743156,0.022687336,255,3,795,2795
8,0,100049.21,0.92612569,0.022687336,255,3,796,2796
8,0,99919.137,0.92466378,0.022687336,255,3,797,2797
8,0,100037.46,0.93269924,0.022687336,255,3,798,2798
8,0,100119.1,0.89531276,0.022687336,255,3,799,2799
8,0,100694.56,0.95307786,0.022687336,255,3,800,2800
8,0,100307.85,0.97800281,0.022687336,255,3,801,2801
8,0,99996.832,0.97894327,0.022687336,255,3,802,2802
8,0,99972.836,0.99500039,0.022687336,255,3,803,2803
8,0,100473.02,0.95411422,0.022687336,255,3,804,2804
8,0,100126.66,0.98294686,0.022687336,255,3,805,2805
8,0,100197.28,0.84052958,0.022687336,255,3,806,2806
8,0,100412.77,0.96420716,0.022687336,255,3,807,2807
8,0,100489.61,0.97648176,0.022687336,255,3,808,2808
8,0,100828.11,0.99995825,0.022687336,255,3,809,2809
8,0,100472.41,0.988319,0.022687336,255,3,810,2810
8,0,100424.79,0.99798232,0.022687336,255,3,811,2811
8,0,100311.03,0.9940445,0.022687336,255,3,812,2812
8,0,100355,0.99300742,0.022687336,255,3,813,2813
8,0,100278.64,0.9198671,0.022687336,255,3,814,2814
8,0,100529.65,0.96433711,0.022687336,255,3,815,2815
8,0,100713.83,0.99697039,0.022687336,255,3,816,2816
8,0,100912.82,0.99295282,0.022687336,255,3,817,2817
8,0,100555.98,0.99129370000000006,0.022687336,255,3,818,2818
8,0,100446.62,0.94652751,0.022687336,255,3,819,2819
8,0,100658.56,0.98037975,0.022687336,255,3,820,2820
8,0,100793.17,0.77028576,0.022687336,255,3,821,2821
8,0,100866.44,0.95339559,0.022687336,255,3,822,2822
8,0,100747.24,0.97761756,0.022687336,255,3,823,2823
8,0,100676.07,0.93057466,0.022687336,255,3,824,2824
8,0,100789.16,0.96268856,0.022687336,255,3,825,2825
8,0,100563.59,0.99428261,0.022687336,255,3,826,2826
8,0,100482.4,0.95982384,0.022687336,255,3,827,2827
8,0,100362.84,0.98565602,0.022687336,255,3,828,2828
8,0,100227.56,0.9032981,0.022687336,255,3,829,2829
8,0,100895.23,0.95054761,0.022687336,255,3,830,2830
8,0,100993,0.93350637,0.022687336,255,3,831,2831
8,0,101031.17,0.9811943,0.022687336,255,3,832,2832
8,0,101004.32,0.94892774,0.022687336,255,3,833,2833
8,0,100268.85,0.99574165,0.022687336,255,3,834,2834
8,0,100407.44,0.95857677,0.022687336,255,3,835,2835
8,0,100284.35,0.99997059,0.022687336,255,3,836,2836
8,0,100217.48,0.958649,0.022687336,255,3,837,2837
8,0,100443.38,0.98797239,0.022687336,255,3,838,2838
8,0,100190.39,0.90326027,0.022687336,255,3,839,2839
8,0,99946.179,0.94377763,0.022687336,255,3,840,2840
8,0,100162.54,0.99105596,0.022687336,255,3,841,2841
8,0,100146.25,0.79937307,0.022687336,255,3,842,2842
8,0,100062.75,0.98557269,0.022687336,255,3,843,2843
8,0,100100.85,0.9963078,0.022687336,255,3,844,2844
8,0,100270.83,0.92057254,0.022687336,255,3,845,2845
8,0,100013.02,0.96180243,0.022687336,255,3,846,2846
8,0,99617.736,0.93913914,0.022687336,255,3,847,2847
8,0,99563.199,0.97099092,0.022687336,255,3,848,2848
8,0,100201.1,0.99479083,0.022687336,255,3,849,2849
8,0,99964.209,0.98079344,0.022687336,255,3,850,2850
8,0,100098.38,0.94833911,0.022687336,255,3,851,2851
8,0,100405.33,0.84307033,0.022687336,255,3,852,2852
8,0,100192.59,0.9735343,0.022687336,255,3,853,2853
8,0,99902.303,0.98148956,0.022687336,255,3,854,2854
8,0,99982.943,0.91652417,0.022687336,255,3,855,2855
8,0,100559.43,0.98762012,0.022687336,255,3,856,2856
8,0,100299.35,0.98660061,0.022687336,255,3,857,2857
8,0,100026.03,0.99686439,0.022687336,255,3,858,2858
8,0,100275.81,0.99922334,0.022687336,255,3,859,2859
8,0,100368.33,0.97355161,0.022687336,255,3,860,2860
8,0,100046.72,0.96119562,0.022687336,255,3,861,2861
8,0,100036.97,0.98964077,0.022687336,255,3,862,2862
8,0,99815.915,0.82730343,0.022687336,255,3,863,2863
8,0,99928.545,0.94152371,0.022687336,255,3,864,2864
8,0,100442.41,0.96903479,0.022687336,255,3,865,2865
8,0,100414.42,0.98373783,0.022687336,255,3,866,2866
8,0,100323.97,0.8471797,0.022687336,255,3,867,2867
8,0,100417.45,0.97326502,0.022687336,255,3,868,2868
8,0,100460.77,0.97041947,0.022687336,255,3,869,2869
8,0,100473.37,0.86722668,0.022687336,255,3,870,2870
8,0,100348.16,0.99815727,0.022687336,255,3,871,2871
8,0,100644.84,0.97439052,0.022687336,255,3,872,2872
8,0,100637.75,0.98218894,0.022687336,255,3,873,2873
8,0,100498.57,0.99981398,0.022687336,255,3,874,2874
8,0,100440.36,0.99143047,0.022687336,255,3,875,2875
8,0,100421.23,0.97684407,0.022687336,255,3,876,2876
8,0,100656.78,0.96954177,0.022687336,255,3,877,2877
8,0,100640.71,0.93470068,0.022687336,255,3,878,2878
8,0,100465.56,0.99430504,0.022687336,255,3,879,2879
8,0,100647.82,0.96183815,0.022687336,255,3,880,2880
8,0,100186.31,0.92830625,0.022687336,255,3,881,2881
8,0,100254.99,0.97452106,0.022687336,255,3,882,2882
8,0,100253.26,0.99838934,0.022687336,255,3,883,2883
8,0,100578.34,0.88835966,0.022687336,255,3,884,2884
8,0,100671.05,0.95426595,0.022687336,255,3,885,2885
8,0,100295.91,0.99817375,0.022687336,255,3,886,2886
8,0,100059.22,0.99369634,0.022687336,255,3,887,2887
8,0,100279.99,0.99558151,0.022687336,255,3,888,2888
8,0,100566.81,0.9311623,0.022687336,255,3,889,2889
8,0,100200.36,0.9985743,0.022687336,255,3,890,2890
8,0,100138.33,0.96807124,0.022687336,255,3,891,2891
8,0,99790.56,0.98015434,0.022687336,255,3,892,2892
8,0,100093.76,0.9412035,0.022687336,255,3,893,2893
8,0,99888.717,0.99997754,0.022687336,255,3,894,2894
8,0,99560.04,0.95310492,0.022687336,255,3,895,2895
8,0,100470.47,0.89992177,0.022687336,255,3,896,2896
8,0,100720.46,0.9943212,0.022687336,255,3,897,2897
8,0,100692.53,0.98471988,0.022687336,255,3,898,2898
8,0,100223.08,0.99996638,0.022687336,255,3,899,2899
8,0,99981.09,0.97274978,0.022687336,255,3,900,2900
8,0,100132.36,0.92817648,0.022687336,255,3,901,2901
8,0,100351.09,0.97922793,0.022687336,255,3,902,2902
8,0,100047.6,0.9718442,0.022687336,255,3,903,2903
8,0,99802.43,0.93276013,0.022687336,255,3,904,2904
8,0,99880.184,0.98956081,0.022687336,255,3,905,2905
8,0,99974.235,0.93339474,0.022687336,255,3,906,2906
8,0,100557.36,0.98134603,0.022687336,255,3,907,2907
8,0,100448.83,0.90692508,0.022687336,255,3,908,2908
8,0,100526.44,0.95817186,0.022687336,255,3,909,2909
8,0,100316.23,0.95984077,0.022687336,255,3,910,2910
8,0,100354.78,0.93021878,0.022687336,255,3,911,2911
8,0,100219.8,0.98735976,0.022687336,255,3,912,2912
8,0,100325.62,0.99294353,0.022687336,255,3,913,2913
8,0,100230.97,0.94746932,0.022687336,255,3,914,2914
8,0,100708.04,0.93992345,0.022687336,255,3,915,2915
8,0,100874.62,0.92675916,0.022687336,255,3,916,2916
8,0,100519.49,0.93390648,0.022687336,255,3,917,2917
8,0,100309.93,0.95730024,0.022687336,255,3,918,2918
8,0,100366.88,0.89531307,0.022687336,255,3,919,2919
8,0,100142.32,0.99204598,0.022687336,255,3,920,2920
8,0,100770.92,0.94532145,0.022687336,255,3,921,2921
8,0,100937.54,0.99993439,0.022687336,255,3,922,2922
8,0,100716.2,0.92646091,0.022687336,255,3,923,2923
8,0,100621.96,0.94663436,0.022687336,255,3,924,2924
8,0,100779.88,0.85030439,0.022687336,255,3,925,2925
8,0,100651.62,0.93815428,0.022687336,255,3,926,2926
8,0,100479.79,0.98824617,0.022687336,255,3,927,2927
8,0,100529.04,0.97526038,0.022687336,255,3,928,2928
8,0,100661.4,0.965002,0.022687336,255,3,929,2929
8,0,100568.89,0.8960736,0.022687336,255,3,930,2930
8,0,100844.28,0.98346424,0.022687336,255,3,931,2931
8,0,100411.17,0.8924309,0.022687336,255,3,932,2932
8,0,100214.18,0.99117164,0.022687336,255,3,933,2933
8,0,100538.1,0.99003699,0.022687336,255,3,934,2934
8,0,100636.24,0.98861324,0.022687336,255,3,935,2935
8,0,100654.59,0.99338687,0.022687336,255,3,936,2936
8,0,100695.95,0.94355465,0.022687336,255,3,937,2937
8,0,100691.66,0.95909761,0.022687336,255,3,938,2938
8,0,100558.89,0.93984966,0.022687336,255,3,939,2939
8,0,100743.78,0.83370469,0.022687336,255,3,940,2940
8,0,100732.3,0.92480156,0.022687336,255,3,941,2941
8,0,100546.43,0.99528303,0.022687336,255,3,942,2942
8,0,100473.97,0.97343361,0.022687336,255,3,943,2943
8,0,100249.68,0.99857531,0.022687336,255,3,944,2944
8,0,100208.39,0.91118894,0.022687336,255,3,945,2945
8,0,99992.926,0.97951963,0.022687336,255,3,946,2946
8,0,100096.77,0.90757989,0.022687336,255,3,947,2947
8,0,100426.18,0.9207809,0.022687336,255,3,948,2948
8,0,100068.96,0.99988433,0.022687336,255,3,949,2949
8,0,100085.68,0.96084911,0.022687336,255,3,950,2950
8,0,100377,0.96336804,0.022687336,255,3,951,2951
8,0,100402.16,0.98793656,0.022687336,255,3,952,2952
8,0,100445.31,0.99292972,0.022687336,255,3,953,2953
8,0,100316.32,0.97330298,0.022687336,255,3,954,2954
8,0,100648.24,0.90434264,0.022687336,255,3,955,2955
8,0,100534.26,0.95050547,0.022687336,255,3,956,2956
8,0,100671.44,0.87103896,0.022687336,255,3,957,2957
8,0,100585.98,0.96602768,0.022687336,255,3,958,2958
8,0,100194.62,0.97073834,0.022687336,255,3,959,2959
8,0,100578.5,0.92441626,0.022687336,255,3,960,2960
8,0,100635.2,0.94674972,0.022687336,255,3,961,2961
8,0,100465.94,0.97511107,0.022687336,255,3,962,2962
8,0,100545.02,1,0.022687336,255,3,963,2963
8,0,99988.131,0.97842097,0.022687336,255,3,964,2964
8,0,100186.03,0.97302059,0.022687336,255,3,965,2965
8,0,99165.533,0.99860035,0.022687336,255,3,966,2966
8,0,99393.321,0.92187767,0.022687336,255,3,967,2967
8,0,100078.24,0.85589234,0.022687336,255,3,968,2968
8,0,100138.1,0.86348294,0.022687336,255,3,969,2969
8,0,100070.62,0.99051047,0.022687336,255,3,970,2970
8,0,100276.28,0.95572634,0.022687336,255,3,971,2971
8,0,100502.44,0.9622532,0.022687336,255,3,972,2972
8,0,100639.49,0.95090453,0.022687336,255,3,973,2973
8,0,100621.7,0.94846354,0.022687336,255,3,974,2974
8,0,99937.923,0.98436117,0.022687336,255,3,975,2975
8,0,100163.2,0.96674046,0.022687336,255,3,976,2976
8,0,100234.01,0.96234203,0.022687336,255,3,977,2977
8,0,100402.71,0.94509574,0.022687336,255,3,978,2978
8,0,100102.28,0.99529951,0.022687336,255,3,979,2979
8,0,100281.41,0.93104115,0.022687336,255,3,980,2980
8,0,99966.194,0.98540363,0.022687336,255,3,981,2981
8,0,99630.826,0.98205243,0.022687336,255,3,982,2982
8,0,99543.289,0.9927501,0.022687336,255,3,983,2983
8,0,99690.72,0.98542259,0.022687336,255,3,984,2984
8,0,99857.753,0.93313589,0.022687336,255,3,985,2985
8,0,99899.816,0.93970247,0.022687336,255,3,986,2986
8,0,100600.42,0.94549976,0.022687336,255,3,987,2987
8,0,100633.75,0.99195723,0.022687336,255,3,988,2988
8,0,100740.14,0.93621278,0.022687336,255,3,989,2989
8,0,100623.04,0.85487331,0.022687336,255,3,990,2990
8,0,100619.92,0.98650863,0.022687336,255,3,991,2991
8,0,100695.75,0.91815748,0.022687336,255,3,992,2992
8,0,100696.27,0.99420257,0.022687336,255,3,993,2993
8,0,100145.06,0.99720067,0.022687336,255,3,994,2994
8,0,100462.34,0.91183573,0.022687336,255,3,995,2995
8,0,100161.47,0.94210584,0.022687336,255,3,996,2996
8,0,99967.631,1,0.022687336,255,3,997,2997
8,0,99701.284,0.97743398,0.022687336,255,3,998,2998
8,0,100223.48,0.99415544,0.022687336,255,3,999,2999
8,0,100507.81,0.82777296,0.022687336,255,3,1000,3000
8,0,100159.78,0.9888187,0.018793651,255,4,1,3001
8,0,99806.483,0.99356065,0.018793651,255,4,2,3002
8,0,99848.056,0.96783459,0.018793651,255,4,3,3003
8,0,99962.744,0.992148,0.018793651,255,4,4,3004
8,0,100242.52,0.87997548,0.018793651,255,4,5,3005
8,0,100427.99,0.99902751,0.018793651,255,4,6,3006
8,0,100470.89,0.99958742,0.018793651,255,4,7,3007
8,0,100164.43,0.91163246,0.018793651,255,4,8,3008
8,0,100241.99,0.98612145,0.018793651,255,4,9,3009
8,0,100289.87,0.98709461,0.018793651,255,4,10,3010
8,0,99983.822,0.9900862,0.018793651,255,4,11,3011
8,0,100304.92,0.9196335,0.018793651,255,4,12,3012
8,0,100158.4,0.98311181,0.018793651,255,4,13,3013
8,0,100174.32,0.90092499,0.018793651,255,4,14,3014
8,0,99552.307,0.9867425,0.018793651,255,4,15,3015
8,0,99540.639,0.99328299,0.018793651,255,4,16,3016
8,0,99999.853,0.96325829,0.018793651,255,4,17,3017
8,0,100287.82,0.88597285,0.018793651,255,4,18,3018
8,0,100404.39,0.97501257,0.018793651,255,4,19,3019
8,0,100057,0.95691535,0.018793651,255,4,20,3020
8,0,99602.022,0.96770165,0.018793651,255,4,21,3021
8,0,100073.59,0.92068976,0.018793651,255,4,22,3022
8,0,99996.608,0.96615642,0.018793651,255,4,23,3023
8,0,100281.24,0.98604402,0.018793651,255,4,24,3024
8,0,99972.681,0.99071405,0.018793651,255,4,25,3025
8,0,99688.602,0.98007246,0.018793651,255,4,26,3026
8,0,99849.08,0.97828998,0.018793651,255,4,27,3027
8,0,100071.24,0.97252422,0.018793651,255,4,28,3028
8,0,100326.85,0.97853454,0.018793651,255,4,29,3029
8,0,100223.73,0.89393744,0.018793651,255,4,30,3030
8,0,100243.62,0.90174304,0.018793651,255,4,31,3031
8,0,100335.62,0.98827833,0.018793651,255,4,32,3032
8,0,99955.463,0.99694899,0.018793651,255,4,33,3033
8,0,99829.078,0.93715132,0.018793651,255,4,34,3034
8,0,99871.928,0.87455488,0.018793651,255,4,35,3035
8,0,99525.584,0.99864409,0.018793651,255,4,36,3036
8,0,99678.093,0.93204649,0.018793651,255,4,37,3037
8,0,99612.135,0.9941582,0.018793651,255,4,38,3038
8,0,99748.305,0.98942101,0.018793651,255,4,39,3039
8,0,99912.361,0.9962122,0.018793651,255,4,40,3040
8,0,100278.77,0.97379299,0.018793651,255,4,41,3041
8,0,100596.42,0.95750288,0.018793651,255,4,42,3042
8,0,99881.058,0.99240213,0.018793651,255,4,43,3043
8,0,100127.54,0.89230826,0.018793651,255,4,44,3044
8,0,100012.12,0.9989581,0.018793651,255,4,45,3045
8,0,100387.27,0.99723377,0.018793651,255,4,46,3046
8,0,100348.87,0.84510208,0.018793651,255,4,47,3047
8,0,100376.87,0.99994471,0.018793651,255,4,48,3048
8,0,99810.722,0.92545705,0.018793651,255,4,49,3049
8,0,100151.33,0.95166626,0.018793651,255,4,50,3050
8,0,100313.72,0.95995046,0.018793651,255,4,51,3051
8,0,100122.87,0.98259895,0.018793651,255,4,52,3052
8,0,100146.48,0.993416,0.018793651,255,4,53,3053
8,0,99548.664,0.98721844,0.018793651,255,4,54,3054
8,0,99783.785,0.89319607,0.018793651,255,4,55,3055
8,0,99741.293,0.92030774,0.018793651,255,4,56,3056
8,0,100398.08,0.98698428,0.018793651,255,4,57,3057
8,0,100525.66,0.9778935,0.018793651,255,4,58,3058
8,0,100552.71,0.9616228,0.018793651,255,4,59,3059
8,0,100384.84,0.87390958,0.018793651,255,4,60,3060
8,0,100189.74,0.98506463,0.018793651,255,4,61,3061
8,0,100585.21,0.87006718,0.018793651,255,4,62,3062
8,0,100590.91,0.99650546,0.018793651,255,4,63,3063
8,0,100153.05,0.95689404,0.018793651,255,4,64,3064
8,0,100393.66,0.96979947,0.018793651,255,4,65,3065
8,0,100050.97,0.99727255,0.018793651,255,4,66,3066
8,0,99864.416,0.99377687,0.018793651,255,4,67,3067
8,0,99792.754,0.97447834,0.018793651,255,4,68,3068
8,0,100387.59,0.97768549,0.018793651,255,4,69,3069
8,0,100205.12,0.8999777,0.018793651,255,4,70,3070
8,0,100330.24,0.99809427,0.018793651,255,4,71,3071
8,0,100756.35,0.92155021,0.018793651,255,4,72,3072
8,0,101213.12,0.95471617,0.018793651,255,4,73,3073
8,0,100520.67,0.97680064,0.018793651,255,4,74,3074
8,0,100087.45,0.93926172,0.018793651,255,4,75,3075
8,0,100136.05,0.97058963,0.018793651,255,4,76,3076
8,0,99573.201,0.97960742,0.018793651,255,4,77,3077
8,0,99635.309,0.97757843,0.018793651,255,4,78,3078
8,0,100011.32,0.98320808,0.018793651,255,4,79,3079
8,0,100367.41,0.86780029,0.018793651,255,4,80,3080
8,0,99972.784,0.97497813,0.018793651,255,4,81,3081
8,0,99452.875,0.99467907,0.018793651,255,4,82,3082
8,0,99440.435,0.97851694,0.018793651,255,4,83,3083
8,0,99790.426,0.95341495,0.018793651,255,4,84,3084
8,0,99871.273,0.99779442,0.018793651,255,4,85,3085
8,0,99716.839,0.986352,0.018793651,255,4,86,3086
8,0,99574.958,0.98103373,0.018793651,255,4,87,3087
8,0,99368.62,0.86069573,0.018793651,255,4,88,3088
8,0,99621.892,0.99469957,0.018793651,255,4,89,3089
8,0,99739.648,0.99351337,0.018793651,255,4,90,3090
8,0,99756.027,0.98601645,0.018793651,255,4,91,3091
8,0,100107.37,0.98341943,0.018793651,255,4,92,3092
8,0,100372.29,0.99282911,0.018793651,255,4,93,3093
8,0,100169.26,0.9506723,0.018793651,255,4,94,3094
8,0,99526.313,0.93663369,0.018793651,255,4,95,3095
8,0,99314.145,0.99204597,0.018793651,255,4,96,3096
8,0,99865.867,0.94559034,0.018793651,255,4,97,3097
8,0,100283.02,0.99220578,0.018793651,255,4,98,3098
8,0,100395.96,0.905769,0.018793651,255,4,99,3099
8,0,100316.38,0.98406415,0.018793651,255,4,100,3100
8,0,100280.69,0.99226883,0.018793651,255,4,101,3101
8,0,100344.51,0.96350213,0.018793651,255,4,102,3102
8,0,100628.9,0.99812022,0.018793651,255,4,103,3103
8,0,100658.3,0.93564911,0.018793651,255,4,104,3104
8,0,100644.39,0.99734095,0.018793651,255,4,105,3105
8,0,100998.37,0.99665753,0.018793651,255,4,106,3106
8,0,100065.46,0.98619868,0.018793651,255,4,107,3107
8,0,100114.49,0.952585,0.018793651,255,4,108,3108
8,0,100075.44,0.98493829,0.018793651,255,4,109,3109
8,0,100091.07,0.98598131,0.018793651,255,4,110,3110
8,0,99789.061,0.97405035,0.018793651,255,4,111,3111
8,0,99605.436,0.98867314,0.018793651,255,4,112,3112
8,0,100123.3,0.95277647,0.018793651,255,4,113,3113
8,0,100676.11,0.95889904,0.018793651,255,4,114,3114
8,0,101048.23,0.94710034,0.018793651,255,4,115,3115
8,0,100741.47,0.92523949,0.018793651,255,4,116,3116
8,0,100822.55,0.97580117,0.018793651,255,4,117,3117
8,0,100306.08,0.93489949,0.018793651,255,4,118,3118
8,0,100376.77,0.93076409,0.018793651,255,4,119,3119
8,0,100522.45,0.99868721,0.018793651,255,4,120,3120
8,0,100161.01,0.99737979,0.018793651,255,4,121,3121
8,0,100438.73,0.94987768,0.018793651,255,4,122,3122
8,0,100240.78,0.95417369,0.018793651,255,4,123,3123
8,0,100467.08,0.97516677,0.018793651,255,4,124,3124
8,0,100894.93,0.99746307,0.018793651,255,4,125,3125
8,0,100500.68,0.99616704,0.018793651,255,4,126,3126
8,0,100223.49,0.98676566,0.018793651,255,4,127,3127
8,0,100039.32,0.97846722,0.018793651,255,4,128,3128
8,0,100106.88,0.92057561,0.018793651,255,4,129,3129
8,0,100174.42,0.90581306,0.018793651,255,4,130,3130
8,0,100398.72,0.97049536,0.018793651,255,4,131,3131
8,0,100530.66,0.96504843,0.018793651,255,4,132,3132
8,0,100595.03,0.99395449,0.018793651,255,4,133,3133
8,0,100316.87,0.88205097,0.018793651,255,4,134,3134
8,0,100566.77,0.99250148,0.018793651,255,4,135,3135
8,0,100643.74,0.9956632,0.018793651,255,4,136,3136
8,0,100744.92,0.89774418,0.018793651,255,4,137,3137
8,0,101075.16,0.94229701,0.018793651,255,4,138,3138
8,0,100721.21,0.93826032,0.018793651,255,4,139,3139
8,0,100564.91,0.91588844,0.018793651,255,4,140,3140
8,0,100303.2,0.99255442,0.018793651,255,4,141,3141
8,0,100257.89,0.96264706,0.018793651,255,4,142,3142
8,0,100335.44,0.95838114,0.018793651,255,4,143,3143
8,0,99716.995,0.92789324,0.018793651,255,4,144,3144
8,0,99963.01,0.95136307,0.018793651,255,4,145,3145
8,0,99814.747,0.99796457,0.018793651,255,4,146,3146
8,0,99998.015,0.96261463,0.018793651,255,4,147,3147
8,0,100161.7,0.89474882,0.018793651,255,4,148,3148
8,0,100304.95,0.98133411,0.018793651,255,4,149,3149
8,0,100899.45,0.89582178,0.018793651,255,4,150,3150
8,0,100483.95,0.94329849,0.018793651,255,4,151,3151
8,0,99952.616,0.99915314,0.018793651,255,4,152,3152
8,0,100031.43,0.95120726,0.018793651,255,4,153,3153
8,0,99712.852,0.99100099,0.018793651,255,4,154,3154
8,0,99666.858,0.98156006,0.018793651,255,4,155,3155
8,0,99570.414,0.99884304,0.018793651,255,4,156,3156
8,0,100130.9,0.93961459,0.018793651,255,4,157,3157
8,0,100577.25,0.99425436,0.018793651,255,4,158,3158
8,0,100310.91,0.96193175,0.018793651,255,4,159,3159
8,0,100877.45,0.94589386,0.018793651,255,4,160,3160
8,0,100866.36,0.99718319,0.018793651,255,4,161,3161
8,0,100456.03,0.99343804,0.018793651,255,4,162,3162
8,0,100376.25,0.97912545,0.018793651,255,4,163,3163
8,0,100373.08,0.9975229,0.018793651,255,4,164,3164
8,0,100315.45,0.96647807,0.018793651,255,4,165,3165
8,0,100811.54,0.99037002,0.018793651,255,4,166,3166
8,0,100384.14,0.99940916,0.018793651,255,4,167,3167
8,0,100253.49,0.94013052,0.018793651,255,4,168,3168
8,0,99748.081,0.99044183,0.018793651,255,4,169,3169
8,0,99981.978,0.98005607,0.018793651,255,4,170,3170
8,0,100240.92,0.98862673,0.018793651,255,4,171,3171
8,0,100300.98,0.99844633,0.018793651,255,4,172,3172
8,0,100284.22,0.91236793,0.018793651,255,4,173,3173
8,0,100330.18,0.99864926,0.018793651,255,4,174,3174
8,0,100185.87,0.99176469,0.018793651,255,4,175,3175
8,0,100243.07,0.91245766,0.018793651,255,4,176,3176
8,0,99830.025,0.90245581,0.018793651,255,4,177,3177
8,0,100046.34,0.99038926,0.018793651,255,4,178,3178
8,0,100143.29,0.99466406,0.018793651,255,4,179,3179
8,0,100776.61,0.91626092,0.018793651,255,4,180,3180
8,0,100600.91,0.92126097,0.018793651,255,4,181,3181
8,0,100844.34,0.96112239,0.018793651,255,4,182,3182
8,0,100754.52,1,0.018793651,255,4,183,3183
8,0,100601.86,0.96151688,0.018793651,255,4,184,3184
8,0,99942.084,0.96939962,0.018793651,255,4,185,3185
8,0,100051.94,0.92873024,0.018793651,255,4,186,3186
8,0,99930.043,0.96761041,0.018793651,255,4,187,3187
8,0,100203.68,0.99218446,0.018793651,255,4,188,3188
8,0,99922.698,0.99982247,0.018793651,255,4,189,3189
8,0,99829.796,0.90443157,0.018793651,255,4,190,3190
8,0,99790.812,0.96508626,0.018793651,255,4,191,3191
8,0,100302.94,0.97637002,0.018793651,255,4,192,3192
8,0,100202.44,0.95251152,0.018793651,255,4,193,3193
8,0,100418.51,0.92435852,0.018793651,255,4,194,3194
8,0,100327.51,0.87163426,0.018793651,255,4,195,3195
8,0,100271.8,0.96837833,0.018793651,255,4,196,3196
8,0,100412.51,0.97573789,0.018793651,255,4,197,3197
8,0,100231.49,0.97431315,0.018793651,255,4,198,3198
8,0,100041.88,0.94525823,0.018793651,255,4,199,3199
8,0,100200.34,0.99818838,0.018793651,255,4,200,3200
8,0,100721.71,0.99733587,0.018793651,255,4,201,3201
8,0,100721.91,0.96485259,0.018793651,255,4,202,3202
8,0,100697.19,0.9771576,0.018793651,255,4,203,3203
8,0,101101.22,0.97777121,0.018793651,255,4,204,3204
8,0,100872.58,0.99922696,0.018793651,255,4,205,3205
8,0,100808.48,0.99365191,0.018793651,255,4,206,3206
8,0,101018.33,0.91742464,0.018793651,255,4,207,3207
8,0,100848.95,0.99659694,0.018793651,255,4,208,3208
8,0,100732.92,0.9766699,0.018793651,255,4,209,3209
8,0,100228.34,0.93677436,0.018793651,255,4,210,3210
8,0,100404.27,0.99858621,0.018793651,255,4,211,3211
8,0,100245.82,0.99453757,0.018793651,255,4,212,3212
8,0,100447.44,0.98034009,0.018793651,255,4,213,3213
8,0,100312.55,0.99820444,0.018793651,255,4,214,3214
8,0,99991.418,0.93125619,0.018793651,255,4,215,3215
8,0,100151.24,0.96396389,0.018793651,255,4,216,3216
8,0,100132.89,0.96986101,0.018793651,255,4,217,3217
8,0,100025.02,0.98331188,0.018793651,255,4,218,3218
8,0,100655.35,0.95714452,0.018793651,255,4,219,3219
8,0,100308.22,0.97854411,0.018793651,255,4,220,3220
8,0,100229.73,0.9715382,0.018793651,255,4,221,3221
8,0,100142.68,0.9408645,0.018793651,255,4,222,3222
8,0,99985.79,0.99437898,0.018793651,255,4,223,3223
8,0,99942.749,0.99886437,0.018793651,255,4,224,3224
8,0,100543.23,0.9642146,0.018793651,255,4,225,3225
8,0,100189.36,0.98136677,0.018793651,255,4,226,3226
8,0,100347.27,0.99134287,0.018793651,255,4,227,3227
8,0,100065.69,0.93068357,0.018793651,255,4,228,3228
8,0,100049.86,0.97232352,0.018793651,255,4,229,3229
8,0,100064.03,0.96223415,0.018793651,255,4,230,3230
8,0,100357.52,0.98055928,0.018793651,255,4,231,3231
8,0,100168.05,0.97587766,0.018793651,255,4,232,3232
8,0,99978.057,0.95186845,0.018793651,255,4,233,3233
8,0,100110.27,0.95957387,0.018793651,255,4,234,3234
8,0,100066.74,0.96232497,0.018793651,255,4,235,3235
8,0,100093.88,0.98776337,0.018793651,255,4,236,3236
8,0,100155.79,0.91170573,0.018793651,255,4,237,3237
8,0,100029.01,0.99940213,0.018793651,255,4,238,3238
8,0,99799.968,0.9964799,0.018793651,255,4,239,3239
8,0,99942.287,0.96778853,0.018793651,255,4,240,3240
8,0,99928.257,0.91183573,0.018793651,255,4,241,3241
8,0,100298.05,0.92617529,0.018793651,255,4,242,3242
8,0,100321.92,0.99185721,0.018793651,255,4,243,3243
8,0,99879.672,0.99063083,0.018793651,255,4,244,3244
8,0,100044.64,0.99992088,0.018793651,255,4,245,3245
8,0,99946.291,0.92195543,0.018793651,255,4,246,3246
8,0,99532.02,0.95563022,0.018793651,255,4,247,3247
8,0,99673.722,0.97898082,0.018793651,255,4,248,3248
8,0,99424.043,0.93137431,0.018793651,255,4,249,3249
8,0,99500.91,0.95132005,0.018793651,255,4,250,3250
8,0,99806.515,0.99016188,0.018793651,255,4,251,3251
8,0,99991.495,0.96103139,0.018793651,255,4,252,3252
8,0,100240.21,0.97448997,0.018793651,255,4,253,3253
8,0,100575.56,0.97394545,0.018793651,255,4,254,3254
8,0,100344.64,0.99337137,0.018793651,255,4,255,3255
8,0,100371.66,0.90866079,0.018793651,255,4,256,3256
8,0,100369.51,0.97893944,0.018793651,255,4,257,3257
8,0,100410.92,0.88769591,0.018793651,255,4,258,3258
8,0,99975.125,0.91678192,0.018793651,255,4,259,3259
8,0,100480.5,0.95941097,0.018793651,255,4,260,3260
8,0,100228.23,0.98461222,0.018793651,255,4,261,3261
8,0,100068.21,0.97945668,0.018793651,255,4,262,3262
8,0,100279.7,0.9620155,0.018793651,255,4,263,3263
8,0,100034.82,0.96326916,0.018793651,255,4,264,3264
8,0,99616.056,0.96296193,0.018793651,255,4,265,3265
8,0,99143.322,0.98212988,0.018793651,255,4,266,3266
8,0,99743.85,0.91075151,0.018793651,255,4,267,3267
8,0,100104.87,0.98589225,0.018793651,255,4,268,3268
8,0,99777.847,0.9823814,0.018793651,255,4,269,3269
8,0,99790.442,0.96083566,0.018793651,255,4,270,3270
8,0,100166.81,0.99712334,0.018793651,255,4,271,3271
8,0,100304.36,0.92493869,0.018793651,255,4,272,3272
8,0,100311.22,0.95704189,0.018793651,255,4,273,3273
8,0,100167.2,0.99922576,0.018793651,255,4,274,3274
8,0,100225.1,0.9751117,0.018793651,255,4,275,3275
8,0,99398.927,0.99927889,0.018793651,255,4,276,3276
8,0,99613.112,0.94356943,0.018793651,255,4,277,3277
8,0,99857.433,0.90717114,0.018793651,255,4,278,3278
8,0,100041.69,0.99760353,0.018793651,255,4,279,3279
8,0,100114.36,0.97809728,0.018793651,255,4,280,3280
8,0,100445.64,0.99949363,0.018793651,255,4,281,3281
8,0,100117.63,0.94631508,0.018793651,255,4,282,3282
8,0,99946.281,0.9217095,0.018793651,255,4,283,3283
8,0,99353.739,0.95695495,0.018793651,255,4,284,3284
8,0,100228.76,0.97919618,0.018793651,255,4,285,3285
8,0,100078.16,0.97574493,0.018793651,255,4,286,3286
8,0,100072.89,0.88858658,0.018793651,255,4,287,3287
8,0,100220.82,0.99177614,0.018793651,255,4,288,3288
8,0,100260.22,0.99696539,0.018793651,255,4,289,3289
8,0,100456.56,0.99126344,0.018793651,255,4,290,3290
8,0,100330.28,0.95237541,0.018793651,255,4,291,3291
8,0,100096.09,0.91081584,0.018793651,255,4,292,3292
8,0,100380.73,0.94078454,0.018793651,255,4,293,3293
8,0,100254.94,0.97409986,0.018793651,255,4,294,3294
8,0,100042.39,0.94382481,0.018793651,255,4,295,3295
8,0,100243.69,0.99101735,0.018793651,255,4,296,3296
8,0,100355.06,0.87997401,0.018793651,255,4,297,3297
8,0,100382.58,0.97778848,0.018793651,255,4,298,3298
8,0,100124.51,0.98661934,0.018793651,255,4,299,3299
8,0,100472.35,0.98732561,0.018793651,255,4,300,3300
8,0,100032.91,0.99163866,0.018793651,255,4,301,3301
8,0,100124.22,0.99988821,0.018793651,255,4,302,3302
8,0,99797.754,0.86785196,0.018793651,255,4,303,3303
8,0,99634.548,0.97012747,0.018793651,255,4,304,3304
8,0,99908.65,0.93185348,0.018793651,255,4,305,3305
8,0,99846.911,0.97175727,0.018793651,255,4,306,3306
8,0,100279.93,0.99871803,0.018793651,255,4,307,3307
8,0,100201.41,0.93935605,0.018793651,255,4,308,3308
8,0,100113.03,0.97654855,0.018793651,255,4,309,3309
8,0,99789.375,0.99903386,0.018793651,255,4,310,3310
8,0,99765.108,0.9548789,0.018793651,255,4,311,3311
8,0,100237.31,0.97101872,0.018793651,255,4,312,3312
8,0,100215.14,0.94891054,0.018793651,255,4,313,3313
8,0,100191.12,0.93056078,0.018793651,255,4,314,3314
8,0,100181.79,0.91446832,0.018793651,255,4,315,3315
8,0,100295.19,0.97262411,0.018793651,255,4,316,3316
8,0,100344.24,0.99931207,0.018793651,255,4,317,3317
8,0,100500.22,0.96470746,0.018793651,255,4,318,3318
8,0,100591.82,0.9514857,0.018793651,255,4,319,3319
8,0,100446.8,0.99348743,0.018793651,255,4,320,3320
8,0,100589.84,0.92273962,0.018793651,255,4,321,3321
8,0,100377.88,1,0.018793651,255,4,322,3322
8,0,99991.305,0.92328593,0.018793651,255,4,323,3323
8,0,100615.24,0.8844254,0.018793651,255,4,324,3324
8,0,100709.46,0.99691677,0.018793651,255,4,325,3325
8,0,100560.34,0.99623514,0.018793651,255,4,326,3326
8,0,101185.76,0.99407746,0.018793651,255,4,327,3327
8,0,101009.7,0.9793888,0.018793651,255,4,328,3328
8,0,100753.93,0.99554619,0.018793651,255,4,329,3329
8,0,100625.99,0.9810148,0.018793651,255,4,330,3330
8,0,100076.3,0.9433789,0.018793651,255,4,331,3331
8,0,100050.41,0.98163021,0.018793651,255,4,332,3332
8,0,99793.996,0.98714135,0.018793651,255,4,333,3333
8,0,100231.53,0.99047188,0.018793651,255,4,334,3334
8,0,100035.95,0.99738298,0.018793651,255,4,335,3335
8,0,100201.35,0.98429572,0.018793651,255,4,336,3336
8,0,100279.69,0.96719497,0.018793651,255,4,337,3337
8,0,100734.68,0.9971833,0.018793651,255,4,338,3338
8,0,100571.29,0.9398086,0.018793651,255,4,339,3339
8,0,100289.6,0.93949786,0.018793651,255,4,340,3340
8,0,100418.52,0.96093293,0.018793651,255,4,341,3341
8,0,100416.33,0.99997133,0.018793651,255,4,342,3342
8,0,100430.76,0.96867847,0.018793651,255,4,343,3343
8,0,100437.81,0.98089689,0.018793651,255,4,344,3344
8,0,100674.98,0.98463116,0.018793651,255,4,345,3345
8,0,100395.64,0.93407978,0.018793651,255,4,346,3346
8,0,100073.87,0.97720352,0.018793651,255,4,347,3347
8,0,100715.53,0.90553834,0.018793651,255,4,348,3348
8,0,100652.39,0.9919936,0.018793651,255,4,349,3349
8,0,100469.81,0.98757413,0.018793651,255,4,350,3350
8,0,100167.67,0.98836866,0.018793651,255,4,351,3351
8,0,99933.056,0.9646469,0.018793651,255,4,352,3352
8,0,100042.05,0.93670904,0.018793651,255,4,353,3353
8,0,100725.87,0.97933506,0.018793651,255,4,354,3354
8,0,100574.91,0.87821399,0.018793651,255,4,355,3355
8,0,100415.53,0.98829586,0.018793651,255,4,356,3356
8,0,100338.77,0.93691836,0.018793651,255,4,357,3357
8,0,100494.62,0.99032335,0.018793651,255,4,358,3358
8,0,100587.58,0.99973269,0.018793651,255,4,359,3359
8,0,100700.47,0.97553887,0.018793651,255,4,360,3360
8,0,100514.24,0.97170865,0.018793651,255,4,361,3361
8,0,100658.54,0.94938777,0.018793651,255,4,362,3362
8,0,100193.29,0.99173202,0.018793651,255,4,363,3363
8,0,99888.185,0.95020946,0.018793651,255,4,364,3364
8,0,100083.1,0.99656131,0.018793651,255,4,365,3365
8,0,100211.75,0.89212038,0.018793651,255,4,366,3366
8,0,100204.6,0.98868893,0.018793651,255,4,367,3367
8,0,100497.73,0.98645221,0.018793651,255,4,368,3368
8,0,99901.799,0.94811288,0.018793651,255,4,369,3369
8,0,99773.547,0.99355248,0.018793651,255,4,370,3370
8,0,99751.453,0.96660901,0.018793651,255,4,371,3371
8,0,100184.76,0.98062035,0.018793651,255,4,372,3372
8,0,100054.14,0.97161921,0.018793651,255,4,373,3373
8,0,100110.73,0.98266434,0.018793651,255,4,374,3374
8,0,100106.25,0.98497407,0.018793651,255,4,375,3375
8,0,100540.06,0.95859808,0.018793651,255,4,376,3376
8,0,100221.86,0.85658961,0.018793651,255,4,377,3377
8,0,100087.39,0.95108398,0.018793651,255,4,378,3378
8,0,99661.664,0.99883042,0.018793651,255,4,379,3379
8,0,99738.935,0.96737193,0.018793651,255,4,380,3380
8,0,99661.158,0.99554233,0.018793651,255,4,381,3381
8,0,99606.589,0.97746026,0.018793651,255,4,382,3382
8,0,99532.158,0.92082413,0.018793651,255,4,383,3383
8,0,99673.354,0.98928057,0.018793651,255,4,384,3384
8,0,99283.548,0.95191044,0.018793651,255,4,385,3385
8,0,99887.195,0.97447159,0.018793651,255,4,386,3386
8,0,99860.967,0.99541722,0.018793651,255,4,387,3387
8,0,100418.48,0.99310833,0.018793651,255,4,388,3388
8,0,100239.39,0.94983453,0.018793651,255,4,389,3389
8,0,100221.16,0.98457101,0.018793651,255,4,390,3390
8,0,100290.41,0.9555886,0.018793651,255,4,391,3391
8,0,99702.646,0.9802012,0.018793651,255,4,392,3392
8,0,99643.932,0.94633995,0.018793651,255,4,393,3393
8,0,99905.622,0.950561,0.018793651,255,4,394,3394
8,0,99388.274,0.98615107,0.018793651,255,4,395,3395
8,0,99520.654,0.92784328,0.018793651,255,4,396,3396
8,0,100242.02,0.981062,0.018793651,255,4,397,3397
8,0,100566.72,0.99955577,0.018793651,255,4,398,3398
8,0,100753.7,0.9602988,0.018793651,255,4,399,3399
8,0,100589.17,0.99485794,0.018793651,255,4,400,3400
8,0,100226.72,0.97395605,0.018793651,255,4,401,3401
8,0,100333.66,0.97969134,0.018793651,255,4,402,3402
8,0,100239.97,0.98905449,0.018793651,255,4,403,3403
8,0,100480.28,0.93279883,0.018793651,255,4,404,3404
8,0,100115.03,0.99866578,0.018793651,255,4,405,3405
8,0,99842.788,0.9271904,0.018793651,255,4,406,3406
8,0,100103.4,0.96434005,0.018793651,255,4,407,3407
8,0,100235.83,0.99309725,0.018793651,255,4,408,3408
8,0,100001.48,0.91550738,0.018793651,255,4,409,3409
8,0,99897.106,0.97995957,0.018793651,255,4,410,3410
8,0,99835.041,0.98983139,0.018793651,255,4,411,3411
8,0,100005.53,0.95595261,0.018793651,255,4,412,3412
8,0,99911.834,0.93626456,0.018793651,255,4,413,3413
8,0,100454.97,0.96968045,0.018793651,255,4,414,3414
8,0,100786.89,0.97927433,0.018793651,255,4,415,3415
8,0,100455.47,0.98854067,0.018793651,255,4,416,3416
8,0,100264.25,0.99712086,0.018793651,255,4,417,3417
8,0,100211.57,0.96163809,0.018793651,255,4,418,3418
8,0,100084.77,0.99504537,0.018793651,255,4,419,3419
8,0,100259.94,0.98587174,0.018793651,255,4,420,3420
8,0,100333.71,0.97286079,0.018793651,255,4,421,3421
8,0,100422.85,0.95589872,0.018793651,255,4,422,3422
8,0,100667.52,0.98506578,0.018793651,255,4,423,3423
8,0,100265.39,0.9931415,0.018793651,255,4,424,3424
8,0,100501.23,0.99337245,0.018793651,255,4,425,3425
8,0,100491.66,0.79570558,0.018793651,255,4,426,3426
8,0,100479.47,0.99612824,0.018793651,255,4,427,3427
8,0,100784.24,0.98180692,0.018793651,255,4,428,3428
8,0,100980.29,0.99943013,0.018793651,255,4,429,3429
8,0,100340.81,0.94982869,0.018793651,255,4,430,3430
8,0,100339.72,0.97078692,0.018793651,255,4,431,3431
8,0,100583.71,0.94735415,0.018793651,255,4,432,3432
8,0,100599.03,0.97069902,0.018793651,255,4,433,3433
8,0,100756.27,0.99247515,0.018793651,255,4,434,3434
8,0,100877.98,0.99390824,0.018793651,255,4,435,3435
8,0,100535.92,0.99931351,0.018793651,255,4,436,3436
8,0,100457.48,0.91227916,0.018793651,255,4,437,3437
8,0,100399.88,0.98633751,0.018793651,255,4,438,3438
8,0,100473.74,0.9515838,0.018793651,255,4,439,3439
8,0,100257.47,0.97864145,0.018793651,255,4,440,3440
8,0,99823.082,0.95638933,0.018793651,255,4,441,3441
8,0,99987.939,0.92477931,0.018793651,255,4,442,3442
8,0,100197.62,0.89283767,0.018793651,255,4,443,3443
8,0,100259.66,0.94158204,0.018793651,255,4,444,3444
8,0,100185.56,0.95731592,0.018793651,255,4,445,3445
8,0,100318.26,0.88886867,0.018793651,255,4,446,3446
8,0,100417.01,0.93784995,0.018793651,255,4,447,3447
8,0,99971.047,0.99711047,0.018793651,255,4,448,3448
8,0,100199.43,0.99959809,0.018793651,255,4,449,3449
8,0,100377.77,0.97061127,0.018793651,255,4,450,3450
8,0,100056.37,0.99296967,0.018793651,255,4,451,3451
8,0,99568.006,0.99061426,0.018793651,255,4,452,3452
8,0,99468.071,0.95190952,0.018793651,255,4,453,3453
8,0,99744.325,0.92658228,0.018793651,255,4,454,3454
8,0,100208.51,0.92142693,0.018793651,255,4,455,3455
8,0,100097.88,0.92033665,0.018793651,255,4,456,3456
8,0,99973.353,0.97609181,0.018793651,255,4,457,3457
8,0,99953.86,0.98732758,0.018793651,255,4,458,3458
8,0,99785.298,0.95316056,0.018793651,255,4,459,3459
8,0,99319.885,0.93658168,0.018793651,255,4,460,3460
8,0,99591.83,0.92577073,0.018793651,255,4,461,3461
8,0,99910.819,0.96417024,0.018793651,255,4,462,3462
8,0,100635.99,0.91468817,0.018793651,255,4,463,3463
8,0,100418.87,0.99990113,0.018793651,255,4,464,3464
8,0,100397.74,0.97347328,0.018793651,255,4,465,3465
8,0,100191.6,0.96715887,0.018793651,255,4,466,3466
8,0,100672.95,0.92444703,0.018793651,255,4,467,3467
8,0,100362.61,0.95682612,0.018793651,255,4,468,3468
8,0,100459.35,0.98973402,0.018793651,255,4,469,3469
8,0,100465.25,0.98507149,0.018793651,255,4,470,3470
8,0,100359.43,0.98661646,0.018793651,255,4,471,3471
8,0,100183.64,0.99813067,0.018793651,255,4,472,3472
8,0,99858.566,0.98378561,0.018793651,255,4,473,3473
8,0,99782.55,0.97162589,0.018793651,255,4,474,3474
8,0,99967.247,0.96873101,0.018793651,255,4,475,3475
8,0,100292.06,0.97218447,0.018793651,255,4,476,3476
8,0,100083.6,0.99999601,0.018793651,255,4,477,3477
8,0,100112.45,0.96813173,0.018793651,255,4,478,3478
8,0,100457.82,0.97589107,0.018793651,255,4,479,3479
8,0,101082.93,0.88809933,0.018793651,255,4,480,3480
8,0,100582.17,0.99881582,0.018793651,255,4,481,3481
8,0,100495.91,0.92928644,0.018793651,255,4,482,3482
8,0,100304.17,0.92832568,0.018793651,255,4,483,3483
8,0,100227.26,0.97679699,0.018793651,255,4,484,3484
8,0,99939.577,0.97212575,0.018793651,255,4,485,3485
8,0,99797.802,0.94750763,0.018793651,255,4,486,3486
8,0,99886.63,0.9745699,0.018793651,255,4,487,3487
8,0,100370.98,0.94755527,0.018793651,255,4,488,3488
8,0,100417.01,0.92386487,0.018793651,255,4,489,3489
8,0,100069.13,0.99720379,0.018793651,255,4,490,3490
8,0,100351.81,0.93380576,0.018793651,255,4,491,3491
8,0,100327.03,0.94834964,0.018793651,255,4,492,3492
8,0,100570.32,0.97065868,0.018793651,255,4,493,3493
8,0,100214.68,0.93842602,0.018793651,255,4,494,3494
8,0,100475.07,0.99250506,0.018793651,255,4,495,3495
8,0,100267.95,0.9941287,0.018793651,255,4,496,3496
8,0,99851.53,0.90183134,0.018793651,255,4,497,3497
8,0,99550.168,0.96000002,0.018793651,255,4,498,3498
8,0,99902.098,0.996973,0.018793651,255,4,499,3499
8,0,99516.91,0.94405385,0.018793651,255,4,500,3500
8,0,99261.411,0.9935923,0.018793651,255,4,501,3501
8,0,99874.175,0.78302076,0.018793651,255,4,502,3502
8,0,100473.45,0.98129477,0.018793651,255,4,503,3503
8,0,100368.02,0.98243957,0.018793651,255,4,504,3504
8,0,99988.869,0.99678451,0.018793651,255,4,505,3505
8,0,99706.422,0.90264712,0.018793651,255,4,506,3506
8,0,99405.836,0.9996292,0.018793651,255,4,507,3507
8,0,99661.393,0.92103559,0.018793651,255,4,508,3508
8,0,99440.522,0.96901872,0.018793651,255,4,509,3509
8,0,99314.221,0.97494797,0.018793651,255,4,510,3510
8,0,99829.236,0.96116393,0.018793651,255,4,511,3511
8,0,99909.345,0.99513868,0.018793651,255,4,512,3512
8,0,99652.955,0.98625019,0.018793651,255,4,513,3513
8,0,99879.457,0.91835637,0.018793651,255,4,514,3514
8,0,100397.41,0.8971849,0.018793651,255,4,515,3515
8,0,100813.67,0.99541689,0.018793651,255,4,516,3516
8,0,101119.06,0.96338962,0.018793651,255,4,517,3517
8,0,100495.69,0.99707389,0.018793651,255,4,518,3518
8,0,100417.36,0.92734387,0.018793651,255,4,519,3519
8,0,100485.02,0.98586569,0.018793651,255,4,520,3520
8,0,100642.7,0.99623725,0.018793651,255,4,521,3521
8,0,100368.86,0.93501076,0.018793651,255,4,522,3522
8,0,100104.18,0.9937344,0.018793651,255,4,523,3523
8,0,100355.29,0.92894308,0.018793651,255,4,524,3524
8,0,100649.33,0.98810544,0.018793651,255,4,525,3525
8,0,100438.57,0.99380995,0.018793651,255,4,526,3526
8,0,100557.26,0.95061223,0.018793651,255,4,527,3527
8,0,100319.54,0.98995571,0.018793651,255,4,528,3528
8,0,100808.23,0.97473736,0.018793651,255,4,529,3529
8,0,100832.95,0.9855017,0.018793651,255,4,530,3530
8,0,100607.17,0.96431461,0.018793651,255,4,531,3531
8,0,100936.14,0.98022419,0.018793651,255,4,532,3532
8,0,100477.13,0.97074246,0.018793651,255,4,533,3533
8,0,100048.21,0.96193862,0.018793651,255,4,534,3534
8,0,100163.2,0.96838757,0.018793651,255,4,535,3535
8,0,100078.48,0.9269635,0.018793651,255,4,536,3536
8,0,100403.15,0.88064879,0.018793651,255,4,537,3537
8,0,100403.19,0.92843123,0.018793651,255,4,538,3538
8,0,100586.86,0.9338573,0.018793651,255,4,539,3539
8,0,100808.54,0.98145474,0.018793651,255,4,540,3540
8,0,100623.31,0.95577808,0.018793651,255,4,541,3541
8,0,100737.48,0.97961377,0.018793651,255,4,542,3542
8,0,100586.74,0.92340336,0.018793651,255,4,543,3543
8,0,100652.6,0.97402754,0.018793651,255,4,544,3544
8,0,99932.727,0.98973583,0.018793651,255,4,545,3545
8,0,100161.45,0.96550299,0.018793651,255,4,546,3546
8,0,100496.15,0.96570411,0.018793651,255,4,547,3547
8,0,100227.17,0.97742032,0.018793651,255,4,548,3548
8,0,100361.53,0.9686606,0.018793651,255,4,549,3549
8,0,100117.81,0.99629533,0.018793651,255,4,550,3550
8,0,99896.234,0.98268008,0.018793651,255,4,551,3551
8,0,100112.41,0.93498389,0.018793651,255,4,552,3552
8,0,100075.57,0.96420455,0.018793651,255,4,553,3553
8,0,100118.89,0.96627667,0.018793651,255,4,554,3554
8,0,100217.86,0.94073934,0.018793651,255,4,555,3555
8,0,100138.4,0.99754352,0.018793651,255,4,556,3556
8,0,99883.107,0.93419849,0.018793651,255,4,557,3557
8,0,99852.576,0.96891658,0.018793651,255,4,558,3558
8,0,100042.99,0.95982323,0.018793651,255,4,559,3559
8,0,100339.71,0.99550046,0.018793651,255,4,560,3560
8,0,99935.954,0.99497842,0.018793651,255,4,561,3561
8,0,100019.06,0.96488936,0.018793651,255,4,562,3562
8,0,100198.84,0.97097247,0.018793651,255,4,563,3563
8,0,100420.5,0.98799703,0.018793651,255,4,564,3564
8,0,100826.36,0.9606811,0.018793651,255,4,565,3565
8,0,101099.58,0.99491144,0.018793651,255,4,566,3566
8,0,100536.08,0.99070142,0.018793651,255,4,567,3567
8,0,99853.012,0.85554247,0.018793651,255,4,568,3568
8,0,100264.34,0.86708358,0.018793651,255,4,569,3569
8,0,99891.915,0.98104784,0.018793651,255,4,570,3570
8,0,99899.379,0.99449722,0.018793651,255,4,571,3571
8,0,100551.22,0.93188019,0.018793651,255,4,572,3572
8,0,100985.92,0.93443132,0.018793651,255,4,573,3573
8,0,100578.62,0.98585392,0.018793651,255,4,574,3574
8,0,100423.15,0.96911436,0.018793651,255,4,575,3575
8,0,100632.93,0.93336119,0.018793651,255,4,576,3576
8,0,100228.08,0.99465121,0.018793651,255,4,577,3577
8,0,100031.28,0.97221939,0.018793651,255,4,578,3578
8,0,100091.66,0.98438375,0.018793651,255,4,579,3579
8,0,100142.56,0.88468195,0.018793651,255,4,580,3580
8,0,100356.81,0.96869527,0.018793651,255,4,581,3581
8,0,100690.75,0.98174099,0.018793651,255,4,582,3582
8,0,100512.5,0.94318372,0.018793651,255,4,583,3583
8,0,100441.87,0.98561165,0.018793651,255,4,584,3584
8,0,100519.91,0.99164056,0.018793651,255,4,585,3585
8,0,100597.48,0.99915746,0.018793651,255,4,586,3586
8,0,100757.64,0.86014644,0.018793651,255,4,587,3587
8,0,100666.47,0.99900116,0.018793651,255,4,588,3588
8,0,100637.54,0.94216425,0.018793651,255,4,589,3589
8,0,100949.17,0.9528735,0.018793651,255,4,590,3590
8,0,100936.78,0.91077881,0.018793651,255,4,591,3591
8,0,101058.93,0.94982915,0.018793651,255,4,592,3592
8,0,100854.96,1,0.018793651,255,4,593,3593
8,0,101135.6,0.94807929,0.018793651,255,4,594,3594
8,0,101164.82,0.98410464,0.018793651,255,4,595,3595
8,0,100825.63,0.99997717,0.018793651,255,4,596,3596
8,0,100689.52,0.99326538,0.018793651,255,4,597,3597
8,0,99990.055,0.93817671,0.018793651,255,4,598,3598
8,0,100276.12,0.98538151,0.018793651,255,4,599,3599
8,0,100527.24,0.84709332,0.018793651,255,4,600,3600
8,0,100784.05,0.94523852,0.018793651,255,4,601,3601
8,0,100219.22,0.99121955,0.018793651,255,4,602,3602
8,0,100280.01,0.96359992,0.018793651,255,4,603,3603
8,0,100032.47,0.99410611,0.018793651,255,4,604,3604
8,0,100388.94,0.99397056,0.018793651,255,4,605,3605
8,0,100461.45,0.86880219,0.018793651,255,4,606,3606
8,0,100033.77,0.99320067,0.018793651,255,4,607,3607
8,0,100628.63,0.93936619,0.018793651,255,4,608,3608
8,0,100471.93,0.99127786,0.018793651,255,4,609,3609
8,0,100463.43,0.9743147,0.018793651,255,4,610,3610
8,0,100675.51,0.96610927,0.018793651,255,4,611,3611
8,0,100519.79,0.92633659,0.018793651,255,4,612,3612
8,0,100239.78,0.97992561,0.018793651,255,4,613,3613
8,0,100317.65,0.99042,0.018793651,255,4,614,3614
8,0,100436.9,0.99690278,0.018793651,255,4,615,3615
8,0,100741.34,0.94979077,0.018793651,255,4,616,3616
8,0,100391.28,0.98744887,0.018793651,255,4,617,3617
8,0,100208.49,0.99872856,0.018793651,255,4,618,3618
8,0,100648.7,0.90520425,0.018793651,255,4,619,3619
8,0,100502.99,0.98107511,0.018793651,255,4,620,3620
8,0,100347.86,0.95629481,0.018793651,255,4,621,3621
8,0,100374.68,0.99986279,0.018793651,255,4,622,3622
8,0,100466.69,0.98145046,0.018793651,255,4,623,3623
8,0,100405.13,0.95776573,0.018793651,255,4,624,3624
8,0,100498.87,0.99533691,0.018793651,255,4,625,3625
8,0,100320.36,0.9758656,0.018793651,255,4,626,3626
8,0,100499.38,0.85219557,0.018793651,255,4,627,3627
8,0,100316.7,0.99417186,0.018793651,255,4,628,3628
8,0,100204.92,0.99954716,0.018793651,255,4,629,3629
8,0,100285.5,0.96393732,0.018793651,255,4,630,3630
8,0,99865.645,0.92699655,0.018793651,255,4,631,3631
8,0,100209.3,0.94947587,0.018793651,255,4,632,3632
8,0,99979.532,0.88338606,0.018793651,255,4,633,3633
8,0,100220.09,0.96606073,0.018793651,255,4,634,3634
8,0,100137.31,0.96750732,0.018793651,255,4,635,3635
8,0,100181.02,0.99226465,0.018793651,255,4,636,3636
8,0,99882.518,0.93330735,0.018793651,255,4,637,3637
8,0,100147.95,0.94806206,0.018793651,255,4,638,3638
8,0,100287.29,0.93329364,0.018793651,255,4,639,3639
8,0,100577.08,0.93239868,0.018793651,255,4,640,3640
8,0,100876,0.9871236,0.018793651,255,4,641,3641
8,0,101058.52,0.9792786,0.018793651,255,4,642,3642
8,0,100410.53,0.99738573,0.018793651,255,4,643,3643
8,0,100217.48,0.98251663,0.018793651,255,4,644,3644
8,0,100123.03,0.95642543,0.018793651,255,4,645,3645
8,0,100118.74,0.94567374,0.018793651,255,4,646,3646
8,0,100247.24,0.95216791,0.018793651,255,4,647,3647
8,0,99806.012,0.99896643,0.018793651,255,4,648,3648
8,0,99938.222,0.91217802,0.018793651,255,4,649,3649
8,0,99841.421,0.99381063,0.018793651,255,4,650,3650
8,0,100156.08,0.88796448,0.018793651,255,4,651,3651
8,0,99886.18,0.95073193,0.018793651,255,4,652,3652
8,0,99519.952,0.99785089,0.018793651,255,4,653,3653
8,0,99860.298,0.96833405,0.018793651,255,4,654,3654
8,0,100196.28,0.96280721,0.018793651,255,4,655,3655
8,0,100217.69,0.93760888,0.018793651,255,4,656,3656
8,0,100567.62,0.96114539,0.018793651,255,4,657,3657
8,0,100190.53,0.92228633,0.018793651,255,4,658,3658
8,0,99729.593,0.99724341,0.018793651,255,4,659,3659
8,0,100017.61,0.97241241,0.018793651,255,4,660,3660
8,0,99959.179,0.99077318,0.018793651,255,4,661,3661
8,0,100231.93,0.91415479,0.018793651,255,4,662,3662
8,0,100246.68,0.96947506,0.018793651,255,4,663,3663
8,0,99882.57,0.96116228,0.018793651,255,4,664,3664
8,0,99613.377,0.99627091,0.018793651,255,4,665,3665
8,0,99931.695,0.99727077,0.018793651,255,4,666,3666
8,0,99667.597,0.97637499,0.018793651,255,4,667,3667
8,0,100096.95,0.97305978,0.018793651,255,4,668,3668
8,0,99658.161,0.96332192,0.018793651,255,4,669,3669
8,0,99724.738,0.94299982,0.018793651,255,4,670,3670
8,0,99968.169,0.95459911,0.018793651,255,4,671,3671
8,0,99908.535,0.98220142,0.018793651,255,4,672,3672
8,0,100141.32,0.98614652,0.018793651,255,4,673,3673
8,0,100019.1,0.98036185,0.018793651,255,4,674,3674
8,0,100301.98,0.95251218,0.018793651,255,4,675,3675
8,0,100263.86,0.95474024,0.018793651,255,4,676,3676
8,0,100129.24,0.93752932,0.018793651,255,4,677,3677
8,0,100451.61,0.98639395,0.018793651,255,4,678,3678
8,0,99871.637,0.99814737,0.018793651,255,4,679,3679
8,0,99925.367,0.985687,0.018793651,255,4,680,3680
8,0,100032.04,0.87414243,0.018793651,255,4,681,3681
8,0,100577.91,0.96985382,0.018793651,255,4,682,3682
8,0,100355.95,0.90328459,0.018793651,255,4,683,3683
8,0,100146,0.9819762,0.018793651,255,4,684,3684
8,0,100203.75,0.93496451,0.018793651,255,4,685,3685
8,0,100402.05,0.97454416,0.018793651,255,4,686,3686
8,0,100252,0.99398575,0.018793651,255,4,687,3687
8,0,99884.589,0.93765544,0.018793651,255,4,688,3688
8,0,99795.97,0.98761101,0.018793651,255,4,689,3689
8,0,99708.49,0.92839188,0.018793651,255,4,690,3690
8,0,99912.65,0.89688117,0.018793651,255,4,691,3691
8,0,99839.81,0.97728392,0.018793651,255,4,692,3692
8,0,100168.71,0.97197205,0.018793651,255,4,693,3693
8,0,100144.6,0.96003221,0.018793651,255,4,694,3694
8,0,100770.18,0.99593459,0.018793651,255,4,695,3695
8,0,101059.02,0.95358054,0.018793651,255,4,696,3696
8,0,100823.36,0.96941839,0.018793651,255,4,697,3697
8,0,100241.8,0.96608605,0.018793651,255,4,698,3698
8,0,100368.17,0.99517237,0.018793651,255,4,699,3699
8,0,100221.29,0.99498471,0.018793651,255,4,700,3700
8,0,100189.54,0.98023607,0.018793651,255,4,701,3701
8,0,99748.73,0.96446272,0.018793651,255,4,702,3702
8,0,99718.467,0.99480836,0.018793651,255,4,703,3703
8,0,99833.992,0.96901563,0.018793651,255,4,704,3704
8,0,100274.37,0.96115036,0.018793651,255,4,705,3705
8,0,100383.44,0.98132937,0.018793651,255,4,706,3706
8,0,100036.74,0.90525089,0.018793651,255,4,707,3707
8,0,100011.09,0.96696533,0.018793651,255,4,708,3708
8,0,99918.616,0.96274947,0.018793651,255,4,709,3709
8,0,99646.441,0.9830983,0.018793651,255,4,710,3710
8,0,99661.852,0.98811184,0.018793651,255,4,711,3711
8,0,99800.942,0.96539273,0.018793651,255,4,712,3712
8,0,99506.267,0.86516756,0.018793651,255,4,713,3713
8,0,99427.249,0.98028106,0.018793651,255,4,714,3714
8,0,99730.457,0.94936681,0.018793651,255,4,715,3715
8,0,100151.83,0.94249271,0.018793651,255,4,716,3716
8,0,100047.48,0.89594982,0.018793651,255,4,717,3717
8,0,100075.84,0.94815031,0.018793651,255,4,718,3718
8,0,100145.8,0.99301301,0.018793651,255,4,719,3719
8,0,100101.66,0.80080835,0.018793651,255,4,720,3720
8,0,100441.62,0.9273296,0.018793651,255,4,721,3721
8,0,101041.96,0.93643234,0.018793651,255,4,722,3722
8,0,101045.58,0.99763105,0.018793651,255,4,723,3723
8,0,100787.05,0.96841664,0.018793651,255,4,724,3724
8,0,100642.42,0.97945642,0.018793651,255,4,725,3725
8,0,100503.54,0.95021091,0.018793651,255,4,726,3726
8,0,100297.39,0.9656073,0.018793651,255,4,727,3727
8,0,100116.89,0.89804684,0.018793651,255,4,728,3728
8,0,100149.69,0.96167339,0.018793651,255,4,729,3729
8,0,100330.83,0.93356914,0.018793651,255,4,730,3730
8,0,100386.45,0.99708252,0.018793651,255,4,731,3731
8,0,100644.1,0.95547665,0.018793651,255,4,732,3732
8,0,100440,0.98851037,0.018793651,255,4,733,3733
8,0,99827.157,0.97610606,0.018793651,255,4,734,3734
8,0,100096.27,0.92869384,0.018793651,255,4,735,3735
8,0,100401.45,0.99417283,0.018793651,255,4,736,3736
8,0,100451.1,0.99161341,0.018793651,255,4,737,3737
8,0,100721.29,0.91801076,0.018793651,255,4,738,3738
8,0,100626.68,0.96772884,0.018793651,255,4,739,3739
8,0,100841.52,0.97076616,0.018793651,255,4,740,3740
8,0,100733.68,0.98866154,0.018793651,255,4,741,3741
8,0,100433.24,0.94318202,0.018793651,255,4,742,3742
8,0,100348.59,0.93037166,0.018793651,255,4,743,3743
8,0,100290.19,0.99988606,0.018793651,255,4,744,3744
8,0,99878.369,0.99310048,0.018793651,255,4,745,3745
8,0,99898.709,0.97280106,0.018793651,255,4,746,3746
8,0,100027.37,0.99158527,0.018793651,255,4,747,3747
8,0,100248.43,0.99136081,0.018793651,255,4,748,3748
8,0,100235.57,0.99347914,0.018793651,255,4,749,3749
8,0,100227.65,0.98863072,0.018793651,255,4,750,3750
8,0,100410.73,0.97962419,0.018793651,255,4,751,3751
8,0,100299.82,0.99446182,0.018793651,255,4,752,3752
8,0,99905.815,0.95699726,0.018793651,255,4,753,3753
8,0,99892.43,0.95283205,0.018793651,255,4,754,3754
8,0,99865.6,0.94097037,0.018793651,255,4,755,3755
8,0,99825.536,0.97397758,0.018793651,255,4,756,3756
8,0,99767.891,0.99223144,0.018793651,255,4,757,3757
8,0,99598.923,0.97009543,0.018793651,255,4,758,3758
8,0,99719.315,0.97204621,0.018793651,255,4,759,3759
8,0,100139.91,0.96597475,0.018793651,255,4,760,3760
8,0,99877.418,0.99419578,0.018793651,255,4,761,3761
8,0,100396.17,0.93096702,0.018793651,255,4,762,3762
8,0,100581.61,0.90790748,0.018793651,255,4,763,3763
8,0,99983.592,0.95894595,0.018793651,255,4,764,3764
8,0,100244.95,0.97680376,0.018793651,255,4,765,3765
8,0,100591.08,0.95008771,0.018793651,255,4,766,3766
8,0,100646.85,0.98389216,0.018793651,255,4,767,3767
8,0,100404.9,0.93238024,0.018793651,255,4,768,3768
8,0,100263.05,0.99922209,0.018793651,255,4,769,3769
8,0,100314.98,0.98830954,0.018793651,255,4,770,3770
8,0,100128.59,0.95754881,0.018793651,255,4,771,3771
8,0,100553.75,0.90124075,0.018793651,255,4,772,3772
8,0,100396.07,0.96609136,0.018793651,255,4,773,3773
8,0,100443.95,0.96584495,0.018793651,255,4,774,3774
8,0,100449.57,0.95060874,0.018793651,255,4,775,3775
8,0,100181.5,0.99200484,0.018793651,255,4,776,3776
8,0,99452.563,0.96502315,0.018793651,255,4,777,3777
8,0,99727.716,0.94984453,0.018793651,255,4,778,3778
8,0,99889.594,0.95583003,0.018793651,255,4,779,3779
8,0,100405.61,0.95804616,0.018793651,255,4,780,3780
8,0,100058.21,0.99558382,0.018793651,255,4,781,3781
8,0,100025.78,0.93109479,0.018793651,255,4,782,3782
8,0,100134.99,0.96156656,0.018793651,255,4,783,3783
8,0,100355.67,0.99270372,0.018793651,255,4,784,3784
8,0,100007.73,0.99309092,0.018793651,255,4,785,3785
8,0,100350.25,0.97142313,0.018793651,255,4,786,3786
8,0,99869.035,0.99441165,0.018793651,255,4,787,3787
8,0,100311.05,0.8471782,0.018793651,255,4,788,3788
8,0,99977.578,0.94922532,0.018793651,255,4,789,3789
8,0,100369.69,0.99569452,0.018793651,255,4,790,3790
8,0,100177.45,0.9682974,0.018793651,255,4,791,3791
8,0,100204.45,0.98656358,0.018793651,255,4,792,3792
8,0,99637.038,0.99528787,0.018793651,255,4,793,3793
8,0,100049,0.9878606,0.018793651,255,4,794,3794
8,0,99801.919,0.99729116,0.018793651,255,4,795,3795
8,0,99701.333,0.96887979,0.018793651,255,4,796,3796
8,0,99754.709,0.98561182,0.018793651,255,4,797,3797
8,0,100021.31,0.88302326,0.018793651,255,4,798,3798
8,0,100219.6,0.94836891,0.018793651,255,4,799,3799
8,0,100185.19,0.9388883,0.018793651,255,4,800,3800
8,0,100318.63,0.9831528,0.018793651,255,4,801,3801
8,0,100131.47,0.9634384,0.018793651,255,4,802,3802
8,0,100043.54,0.99619443,0.018793651,255,4,803,3803
8,0,99648.93,0.99376765,0.018793651,255,4,804,3804
8,0,99389.701,0.98034777,0.018793651,255,4,805,3805
8,0,99855.354,0.84830732,0.018793651,255,4,806,3806
8,0,100124.24,0.89510482,0.018793651,255,4,807,3807
8,0,100427.36,0.85716942,0.018793651,255,4,808,3808
8,0,100762.53,0.98343432,0.018793651,255,4,809,3809
8,0,100717.7,0.97915877,0.018793651,255,4,810,3810
8,0,100773.49,0.97049045,0.018793651,255,4,811,3811
8,0,100687.06,0.93624829,0.018793651,255,4,812,3812
8,0,100611.12,0.99653849,0.018793651,255,4,813,3813
8,0,100727.74,0.95519218,0.018793651,255,4,814,3814
8,0,100615.96,0.988746,0.018793651,255,4,815,3815
8,0,100620.8,0.87695024,0.018793651,255,4,816,3816
8,0,100763.48,0.93470515,0.018793651,255,4,817,3817
8,0,100362.42,0.93838813,0.018793651,255,4,818,3818
8,0,100402.27,0.88789838,0.018793651,255,4,819,3819
8,0,99920.429,0.99941093,0.018793651,255,4,820,3820
8,0,100234.02,0.97013604,0.018793651,255,4,821,3821
8,0,100101.08,0.94112189,0.018793651,255,4,822,3822
8,0,100231.44,0.9516773,0.018793651,255,4,823,3823
8,0,100170.57,0.99950106,0.018793651,255,4,824,3824
8,0,99553.171,1,0.018793651,255,4,825,3825
8,0,99592.325,0.97303314,0.018793651,255,4,826,3826
8,0,99560.374,0.99217912,0.018793651,255,4,827,3827
8,0,99960.127,0.92675881,0.018793651,255,4,828,3828
8,0,99720.68,0.93646343,0.018793651,255,4,829,3829
8,0,99900.515,0.95164374,0.018793651,255,4,830,3830
8,0,100234.64,0.97017686,0.018793651,255,4,831,3831
8,0,100315.88,0.99111291,0.018793651,255,4,832,3832
8,0,99951.029,0.97333759,0.018793651,255,4,833,3833
8,0,100368.4,0.98399881,0.018793651,255,4,834,3834
8,0,99998.262,0.9439058,0.018793651,255,4,835,3835
8,0,99945.836,0.99212035,0.018793651,255,4,836,3836
8,0,100038.59,0.9857703,0.018793651,255,4,837,3837
8,0,100273.57,0.94320237,0.018793651,255,4,838,3838
8,0,100051.02,0.92598815,0.018793651,255,4,839,3839
8,0,100172.63,0.98825898,0.018793651,255,4,840,3840
8,0,99978.86,0.92247724,0.018793651,255,4,841,3841
8,0,99463.722,0.96251989,0.018793651,255,4,842,3842
8,0,99882.81,0.95970057,0.018793651,255,4,843,3843
8,0,100154.17,0.95778445,0.018793651,255,4,844,3844
8,0,100046.95,0.97961156,0.018793651,255,4,845,3845
8,0,100259.11,0.9991033,0.018793651,255,4,846,3846
8,0,100443.73,0.99740979,0.018793651,255,4,847,3847
8,0,100295.37,0.89593514,0.018793651,255,4,848,3848
8,0,100013.92,0.98846353,0.018793651,255,4,849,3849
8,0,100048.04,0.82552793,0.018793651,255,4,850,3850
8,0,99774.982,0.95937279,0.018793651,255,4,851,3851
8,0,99587.119,0.9837328,0.018793651,255,4,852,3852
8,0,99911.625,0.96975914,0.018793651,255,4,853,3853
8,0,99530.338,0.98292108,0.018793651,255,4,854,3854
8,0,99752.201,0.98595109,0.018793651,255,4,855,3855
8,0,100413.4,0.97541027,0.018793651,255,4,856,3856
8,0,100918.81,0.94201485,0.018793651,255,4,857,3857
8,0,100915.73,0.97667477,0.018793651,255,4,858,3858
8,0,100699.68,0.9429525,0.018793651,255,4,859,3859
8,0,100758.09,0.95513603,0.018793651,255,4,860,3860
8,0,100809.26,0.96324963,0.018793651,255,4,861,3861
8,0,100587.29,0.99962461,0.018793651,255,4,862,3862
8,0,100617.04,0.96805093,0.018793651,255,4,863,3863
8,0,100381.66,0.99888038,0.018793651,255,4,864,3864
8,0,100549.48,0.98237477,0.018793651,255,4,865,3865
8,0,100594.26,0.99783836,0.018793651,255,4,866,3866
8,0,100487.49,0.99799941,0.018793651,255,4,867,3867
8,0,100172.03,0.97546054,0.018793651,255,4,868,3868
8,0,100002.97,0.90693781,0.018793651,255,4,869,3869
8,0,99686.413,0.94123061,0.018793651,255,4,870,3870
8,0,99765.61,0.95537394,0.018793651,255,4,871,3871
8,0,99777.137,0.94809186,0.018793651,255,4,872,3872
8,0,99888.41,0.91786221,0.018793651,255,4,873,3873
8,0,100096.14,0.91126238,0.018793651,255,4,874,3874
8,0,100318.1,0.93135263,0.018793651,255,4,875,3875
8,0,100190.03,0.8969784,0.018793651,255,4,876,3876
8,0,100515.02,0.9832374,0.018793651,255,4,877,3877
8,0,100007.17,0.96883694,0.018793651,255,4,878,3878
8,0,100368.71,0.98643374,0.018793651,255,4,879,3879
8,0,100239.25,0.99755332,0.018793651,255,4,880,3880
8,0,100565.52,0.98586706,0.018793651,255,4,881,3881
8,0,100454.69,0.99843769,0.018793651,255,4,882,3882
8,0,100673.59,0.98027463,0.018793651,255,4,883,3883
8,0,100589.7,0.94549592,0.018793651,255,4,884,3884
8,0,100349.82,0.9230596,0.018793651,255,4,885,3885
8,0,100216.93,0.99914149,0.018793651,255,4,886,3886
8,0,100300.73,0.98836934,0.018793651,255,4,887,3887
8,0,100370.06,0.95306848,0.018793651,255,4,888,3888
8,0,100311.56,0.93941823,0.018793651,255,4,889,3889
8,0,100225.1,0.95196101,0.018793651,255,4,890,3890
8,0,100361.76,0.88093113,0.018793651,255,4,891,3891
8,0,101096.9,0.91870906,0.018793651,255,4,892,3892
8,0,101303.69,0.90069424,0.018793651,255,4,893,3893
8,0,100804.41,0.99372865,0.018793651,255,4,894,3894
8,0,100590.7,0.93024555,0.018793651,255,4,895,3895
8,0,100409.79,0.98991295,0.018793651,255,4,896,3896
8,0,100297.66,0.9981265,0.018793651,255,4,897,3897
8,0,100156.29,0.97142972,0.018793651,255,4,898,3898
8,0,100120.5,0.98474453,0.018793651,255,4,899,3899
8,0,99942.066,0.98149744,0.018793651,255,4,900,3900
8,0,99822.303,0.87751435,0.018793651,255,4,901,3901
8,0,99870.043,0.998515,0.018793651,255,4,902,3902
8,0,99949.531,0.97788173,0.018793651,255,4,903,3903
8,0,100295.54,0.99667821,0.018793651,255,4,904,3904
8,0,100356.68,0.93755417,0.018793651,255,4,905,3905
8,0,99975.373,0.93140809,0.018793651,255,4,906,3906
8,0,100153.72,0.90735949,0.018793651,255,4,907,3907
8,0,100535.79,0.88267883,0.018793651,255,4,908,3908
8,0,100631.22,0.92789354,0.018793651,255,4,909,3909
8,0,100616.27,0.89952809,0.018793651,255,4,910,3910
8,0,100548.79,0.96767231,0.018793651,255,4,911,3911
8,0,100523.7,0.94975641,0.018793651,255,4,912,3912
8,0,100558.67,0.98971183,0.018793651,255,4,913,3913
8,0,100491.89,0.98135456,0.018793651,255,4,914,3914
8,0,100586.39,0.99432023,0.018793651,255,4,915,3915
8,0,100623.91,0.97657363,0.018793651,255,4,916,3916
8,0,100285.93,0.96343103,0.018793651,255,4,917,3917
8,0,100057.64,0.9895185,0.018793651,255,4,918,3918
8,0,100382.37,0.99256721,0.018793651,255,4,919,3919
8,0,100043.61,0.99267658,0.018793651,255,4,920,3920
8,0,100095.31,0.97997663,0.018793651,255,4,921,3921
8,0,100312.97,0.9986986,0.018793651,255,4,922,3922
8,0,100636.35,0.96223514,0.018793651,255,4,923,3923
8,0,100400.89,0.99798093,0.018793651,255,4,924,3924
8,0,100078.7,0.93126027,0.018793651,255,4,925,3925
8,0,100219.8,0.98751214,0.018793651,255,4,926,3926
8,0,100275.49,0.95887237,0.018793651,255,4,927,3927
8,0,99865.878,0.98495312,0.018793651,255,4,928,3928
8,0,100151.39,0.97450803,0.018793651,255,4,929,3929
8,0,100062.65,0.97851651,0.018793651,255,4,930,3930
8,0,100230.81,0.91482193,0.018793651,255,4,931,3931
8,0,99981.415,0.98627973,0.018793651,255,4,932,3932
8,0,99934.341,0.88867446,0.018793651,255,4,933,3933
8,0,99933.127,0.99125677,0.018793651,255,4,934,3934
8,0,99919.998,0.99973356,0.018793651,255,4,935,3935
8,0,99597.604,0.98281066,0.018793651,255,4,936,3936
8,0,99704.137,0.98541883,0.018793651,255,4,937,3937
8,0,99634.166,0.98836548,0.018793651,255,4,938,3938
8,0,99864.023,0.98001657,0.018793651,255,4,939,3939
8,0,100007.12,0.91396468,0.018793651,255,4,940,3940
8,0,100020.76,0.93691761,0.018793651,255,4,941,3941
8,0,99804.973,0.99608459,0.018793651,255,4,942,3942
8,0,100029.97,0.93464258,0.018793651,255,4,943,3943
8,0,99735.585,0.97129231,0.018793651,255,4,944,3944
8,0,99947.148,0.92800018,0.018793651,255,4,945,3945
8,0,100289.29,0.9612251,0.018793651,255,4,946,3946
8,0,99837.349,0.98029048,0.018793651,255,4,947,3947
8,0,100028.35,0.98528918,0.018793651,255,4,948,3948
8,0,99655.216,0.95187637,0.018793651,255,4,949,3949
8,0,99563.723,0.99815372,0.018793651,255,4,950,3950
8,0,99465.15,0.91816097,0.018793651,255,4,951,3951
8,0,98998.331,0.95447276,0.018793651,255,4,952,3952
8,0,99221.159,0.96999316,0.018793651,255,4,953,3953
8,0,100093.88,0.99907074,0.018793651,255,4,954,3954
8,0,100093.85,0.95808816,0.018793651,255,4,955,3955
8,0,100607.23,0.98837133,0.018793651,255,4,956,3956
8,0,100629.69,0.95010871,0.018793651,255,4,957,3957
8,0,100731.86,0.99660748,0.018793651,255,4,958,3958
8,0,100316.22,0.96816851,0.018793651,255,4,959,3959
8,0,100822.42,0.99659725,0.018793651,255,4,960,3960
8,0,100773.43,0.99853015,0.018793651,255,4,961,3961
8,0,100851.79,0.9999195,0.018793651,255,4,962,3962
8,0,100716.14,0.97896058,0.018793651,255,4,963,3963
8,0,100927.28,0.8455026,0.018793651,255,4,964,3964
8,0,100576.38,0.99936753,0.018793651,255,4,965,3965
8,0,100709.68,0.98673983,0.018793651,255,4,966,3966
8,0,100862.72,0.99181814,0.018793651,255,4,967,3967
8,0,100934.72,0.98324902,0.018793651,255,4,968,3968
8,0,100838.37,0.98238523,0.018793651,255,4,969,3969
8,0,100773.91,0.97185478,0.018793651,255,4,970,3970
8,0,100950.65,0.90601221,0.018793651,255,4,971,3971
8,0,100772.76,0.95785959,0.018793651,255,4,972,3972
8,0,100625.7,0.98598178,0.018793651,255,4,973,3973
8,0,100735.79,0.99661326,0.018793651,255,4,974,3974
8,0,100555.64,0.9875249,0.018793651,255,4,975,3975
8,0,100212.26,0.99671565,0.018793651,255,4,976,3976
8,0,100154.92,0.98743524,0.018793651,255,4,977,3977
8,0,100044.79,0.730511,0.018793651,255,4,978,3978
8,0,100307.47,0.90897845,0.018793651,255,4,979,3979
8,0,100221.86,0.97450114,0.018793651,255,4,980,3980
8,0,100171.78,0.94696514,0.018793651,255,4,981,3981
8,0,100061.92,0.95703102,0.018793651,255,4,982,3982
8,0,99906.174,0.9825124,0.018793651,255,4,983,3983
8,0,100332.91,0.97189653,0.018793651,255,4,984,3984
8,0,100171.18,0.99029757,0.018793651,255,4,985,3985
8,0,100321.95,0.98407065,0.018793651,255,4,986,3986
8,0,100303.64,0.99367862,0.018793651,255,4,987,3987
8,0,99972.661,0.99345709,0.018793651,255,4,988,3988
8,0,100389.66,0.97021886,0.018793651,255,4,989,3989
8,0,100395.19,0.99208931,0.018793651,255,4,990,3990
8,0,100216.13,0.99065466,0.018793651,255,4,991,3991
8,0,100593.2,0.9751974,0.018793651,255,4,992,3992
8,0,100164.9,0.98341998,0.018793651,255,4,993,3993
8,0,100110.93,0.94039362,0.018793651,255,4,994,3994
8,0,100006.15,0.97930703,0.018793651,255,4,995,3995
8,0,100477.43,0.97440014,0.018793651,255,4,996,3996
8,0,100598.31,0.85063019,0.018793651,255,4,997,3997
8,0,100543.49,0.742328,0.018793651,255,4,998,3998
8,0,100465.68,0.96258521,0.018793651,255,4,999,3999
8,0,100430.16,0.99362818,0.018793651,255,4,1000,4000
