treedepth__,divergent__,energy__,accept_stat__,stepsize__,n_leapfrog__,.chain,.iteration,.draw
8,0,101218.95,0.98063951,0.023474732,255,1,1,1
8,0,101083.45,0.98401996,0.023474732,255,1,2,2
8,0,101050.03,0.95282636,0.023474732,255,1,3,3
8,0,101075.83,0.98467004,0.023474732,255,1,4,4
8,0,101222.87,0.991643,0.023474732,255,1,5,5
8,0,100887.06,0.99293304,0.023474732,255,1,6,6
8,0,101222,0.97579866,0.023474732,255,1,7,7
8,0,100920.01,0.96564206,0.023474732,255,1,8,8
8,0,101221.15,0.89758434,0.023474732,255,1,9,9
8,0,101340.96,0.97669555,0.023474732,255,1,10,10
8,0,101260.77,0.89441882,0.023474732,255,1,11,11
8,0,101159.25,0.91740449,0.023474732,255,1,12,12
8,0,101130.16,0.9762303,0.023474732,255,1,13,13
8,0,100939.92,0.9993926,0.023474732,255,1,14,14
8,0,100785.14,0.98320913,0.023474732,255,1,15,15
8,0,100811.11,0.98901745,0.023474732,255,1,16,16
8,0,100570.14,0.9841259,0.023474732,255,1,17,17
8,0,100767.47,0.97340228,0.023474732,255,1,18,18
8,0,101150.2,0.9524307,0.023474732,255,1,19,19
8,0,100706.57,0.95499421,0.023474732,255,1,20,20
8,0,100541.74,0.95545721,0.023474732,255,1,21,21
8,0,100656.3,0.88760829,0.023474732,255,1,22,22
8,0,100875.35,0.96228133,0.023474732,255,1,23,23
8,0,101157.39,0.9683778,0.023474732,255,1,24,24
8,0,101176.71,0.99672603,0.023474732,255,1,25,25
8,0,100892.17,0.95699917,0.023474732,255,1,26,26
8,0,101002.57,0.9906353,0.023474732,255,1,27,27
8,0,101070.73,0.99885782,0.023474732,255,1,28,28
8,0,101148.21,0.82294707,0.023474732,255,1,29,29
8,0,101023.25,0.96838324,0.023474732,255,1,30,30
8,0,100842.8,0.96955556,0.023474732,255,1,31,31
8,0,101085.21,0.89096591,0.023474732,255,1,32,32
8,0,100855.92,0.99435334,0.023474732,255,1,33,33
8,0,100798.25,0.99787318,0.023474732,255,1,34,34
8,0,100792.91,0.95737973,0.023474732,255,1,35,35
8,0,100621.65,0.96839464,0.023474732,255,1,36,36
8,0,100706.26,0.94639565,0.023474732,255,1,37,37
8,0,100329.04,0.99726449,0.023474732,255,1,38,38
8,0,100208.04,0.95511643,0.023474732,255,1,39,39
8,0,100406.46,0.96924138,0.023474732,255,1,40,40
8,0,100397.59,0.97387036,0.023474732,255,1,41,41
8,0,100684.97,0.94376415,0.023474732,255,1,42,42
8,0,100543.67,0.82605818,0.023474732,255,1,43,43
8,0,100218.58,0.96268434,0.023474732,255,1,44,44
8,0,100499.96,0.992761,0.023474732,255,1,45,45
8,0,100759.38,0.90458331,0.023474732,255,1,46,46
8,0,100941.61,0.94449119,0.023474732,255,1,47,47
8,0,100967.09,0.99551979,0.023474732,255,1,48,48
8,0,100403.48,0.94825565,0.023474732,255,1,49,49
8,0,100796.13,0.85647696,0.023474732,255,1,50,50
8,0,100914.3,0.86690289,0.023474732,255,1,51,51
8,0,100436.34,0.99474261,0.023474732,255,1,52,52
8,0,101207.79,0.91230329,0.023474732,255,1,53,53
8,0,100869.8,1,0.023474732,255,1,54,54
8,0,100803.65,0.81247125,0.023474732,255,1,55,55
8,0,100842.04,0.89097731,0.023474732,255,1,56,56
8,0,100655.89,0.93521083,0.023474732,255,1,57,57
8,0,100840.69,0.93997336,0.023474732,255,1,58,58
8,0,100477.85,0.99078499,0.023474732,255,1,59,59
8,0,100587.16,0.90513005,0.023474732,255,1,60,60
8,0,100838.52,0.9160878,0.023474732,255,1,61,61
8,0,100433.9,0.99700693,0.023474732,255,1,62,62
8,0,100609.98,0.95448772,0.023474732,255,1,63,63
8,0,100228.33,0.96682858,0.023474732,255,1,64,64
8,0,99969.9,0.95216981999999994,0.023474732,255,1,65,65
8,0,100338.17,0.96282549,0.023474732,255,1,66,66
8,0,100666.87,0.95988592,0.023474732,255,1,67,67
8,0,100904.68,0.84018133,0.023474732,255,1,68,68
8,0,100810.58,0.94141351,0.023474732,255,1,69,69
8,0,100822.33,0.99776595,0.023474732,255,1,70,70
8,0,100621.09,0.95852795,0.023474732,255,1,71,71
8,0,100306.9,0.97917483,0.023474732,255,1,72,72
8,0,100285.94,0.92275543,0.023474732,255,1,73,73
8,0,100492.59,0.92158912,0.023474732,255,1,74,74
8,0,100446.4,0.93703509,0.023474732,255,1,75,75
8,0,100863.61,0.89824867,0.023474732,255,1,76,76
8,0,101028.91,0.93913118,0.023474732,255,1,77,77
8,0,101074.52,0.79579265,0.023474732,255,1,78,78
8,0,100818.98,0.89325895,0.023474732,255,1,79,79
8,0,101020.97,0.94827502,0.023474732,255,1,80,80
8,0,101028.43,0.91931354,0.023474732,255,1,81,81
8,0,100732.21,0.99624881,0.023474732,255,1,82,82
8,0,100478.79,0.97357004,0.023474732,255,1,83,83
8,0,99969.693,0.99095828,0.023474732,255,1,84,84
8,0,100165.2,0.89611146,0.023474732,255,1,85,85
8,0,100381.47,0.98032744,0.023474732,255,1,86,86
8,0,100371.03,0.98277971,0.023474732,255,1,87,87
8,0,100292.22,0.90215154,0.023474732,255,1,88,88
8,0,100637.01,0.96649379,0.023474732,255,1,89,89
8,0,100710.64,0.93091311,0.023474732,255,1,90,90
8,0,100586.55,0.99920246,0.023474732,255,1,91,91
8,0,100202.67,0.99096576,0.023474732,255,1,92,92
8,0,100335.7,0.87560517,0.023474732,255,1,93,93
8,0,100613.13,0.96677033,0.023474732,255,1,94,94
8,0,100321.7,0.81629894,0.023474732,255,1,95,95
8,0,100601.34,0.88099273,0.023474732,255,1,96,96
8,0,101147.19,0.97186476,0.023474732,255,1,97,97
8,0,100705.12,0.97700512,0.023474732,255,1,98,98
8,0,100822.06,0.99974475,0.023474732,255,1,99,99
8,0,100834.84,0.98976807,0.023474732,255,1,100,100
8,0,100949.22,0.97258867,0.023474732,255,1,101,101
8,0,101149.5,0.97882042,0.023474732,255,1,102,102
8,0,100942.74,0.97484674,0.023474732,255,1,103,103
8,0,101135.13,0.83145069,0.023474732,255,1,104,104
8,0,101290.06,0.98252138,0.023474732,255,1,105,105
8,0,101544.7,0.93336376,0.023474732,255,1,106,106
8,0,101297.84,0.99919127,0.023474732,255,1,107,107
8,0,101179.74,0.89502758,0.023474732,255,1,108,108
8,0,100901.34,0.93281879,0.023474732,255,1,109,109
8,0,100750.38,0.98030324,0.023474732,255,1,110,110
8,0,100526.39,0.9389184,0.023474732,255,1,111,111
8,0,100942.96,0.95700542,0.023474732,255,1,112,112
8,0,100784.85,0.99601722,0.023474732,255,1,113,113
8,0,100713.19,0.99768364,0.023474732,255,1,114,114
8,0,100849.51,0.9801042,0.023474732,255,1,115,115
8,0,100455.11,0.98196363,0.023474732,255,1,116,116
8,0,100892.89,0.97389796,0.023474732,255,1,117,117
8,0,100637.35,0.98666452,0.023474732,255,1,118,118
8,0,100432.61,0.92233262,0.023474732,255,1,119,119
8,0,100600.9,0.84866292,0.023474732,255,1,120,120
8,0,100536.04,0.9697157,0.023474732,255,1,121,121
8,0,100869.61,0.98522366,0.023474732,255,1,122,122
8,0,100377.19,0.99692629,0.023474732,255,1,123,123
8,0,100350.95,0.77696981,0.023474732,255,1,124,124
8,0,100136.42,0.96126012,0.023474732,255,1,125,125
8,0,100290.05,0.92804621,0.023474732,255,1,126,126
8,0,100528.3,0.9589852,0.023474732,255,1,127,127
8,0,100768.59,0.98094459,0.023474732,255,1,128,128
8,0,100524.08,0.96126805,0.023474732,255,1,129,129
8,0,100731.98,0.91569764,0.023474732,255,1,130,130
8,0,100987.45,0.76091386,0.023474732,255,1,131,131
8,0,101175.59,0.9979801,0.023474732,255,1,132,132
8,0,100955.6,0.95613474,0.023474732,255,1,133,133
8,0,101145.34,0.98628145,0.023474732,255,1,134,134
8,0,101138.32,0.91081251,0.023474732,255,1,135,135
8,0,100923.31,0.9675619,0.023474732,255,1,136,136
8,0,100731.47,0.96918218,0.023474732,255,1,137,137
8,0,100581.82,0.97236604,0.023474732,255,1,138,138
8,0,100916.21,0.93679632,0.023474732,255,1,139,139
8,0,100585.35,0.99318555,0.023474732,255,1,140,140
8,0,100457.53,0.99948143,0.023474732,255,1,141,141
8,0,100618.12,0.94656252,0.023474732,255,1,142,142
8,0,100805.51,0.98673527,0.023474732,255,1,143,143
8,0,100867.39,0.96253785,0.023474732,255,1,144,144
8,0,101033.24,0.98687696,0.023474732,255,1,145,145
8,0,101032.37,0.95468113,0.023474732,255,1,146,146
8,0,100764.59,0.96264317,0.023474732,255,1,147,147
8,0,101036.95,0.99692254,0.023474732,255,1,148,148
8,0,100733.88,0.99609045,0.023474732,255,1,149,149
8,0,100842.01,0.9755765,0.023474732,255,1,150,150
8,0,100669.85,0.99052763,0.023474732,255,1,151,151
8,0,100473.91,0.92631379,0.023474732,255,1,152,152
8,0,100748.91,0.93702464,0.023474732,255,1,153,153
8,0,100853.23,0.92485016,0.023474732,255,1,154,154
8,0,100556.88,0.90823106,0.023474732,255,1,155,155
8,0,100824.36,0.98683933,0.023474732,255,1,156,156
8,0,100865.32,0.99553956,0.023474732,255,1,157,157
8,0,100698.51,0.89005622,0.023474732,255,1,158,158
8,0,100911.83,0.9857986,0.023474732,255,1,159,159
8,0,100261.99,0.96850701,0.023474732,255,1,160,160
8,0,100143.17,0.94168762,0.023474732,255,1,161,161
8,0,100309.37,0.991234,0.023474732,255,1,162,162
8,0,100537.95,0.87172155,0.023474732,255,1,163,163
8,0,100336.08,0.83807007,0.023474732,255,1,164,164
8,0,100460.05,0.98261192,0.023474732,255,1,165,165
8,0,101129.67,0.96277741,0.023474732,255,1,166,166
8,0,100949.88,0.99489535,0.023474732,255,1,167,167
8,0,101069.72,0.94260268,0.023474732,255,1,168,168
8,0,101092.64,0.89001275,0.023474732,255,1,169,169
8,0,101330.28,0.99599284,0.023474732,255,1,170,170
8,0,101520.59,0.99709747,0.023474732,255,1,171,171
8,0,100580.06,0.90707434,0.023474732,255,1,172,172
8,0,100247,0.93084391,0.023474732,255,1,173,173
8,0,101062.75,0.93317553,0.023474732,255,1,174,174
8,0,100755.67,0.94767719,0.023474732,255,1,175,175
8,0,100820.21,0.9051427,0.023474732,255,1,176,176
8,0,100448.07,0.97492804,0.023474732,255,1,177,177
8,0,100333.01,0.99365653,0.023474732,255,1,178,178
8,0,100522.86,0.94863263,0.023474732,255,1,179,179
8,0,100493.89,0.87908341,0.023474732,255,1,180,180
8,0,100622.42,0.99773848,0.023474732,255,1,181,181
8,0,100700.52,0.98595587,0.023474732,255,1,182,182
8,0,100408.7,0.93125368,0.023474732,255,1,183,183
8,0,100899.76,0.91582304,0.023474732,255,1,184,184
8,0,101154.4,0.91364359,0.023474732,255,1,185,185
8,0,101350.82,0.96886951,0.023474732,255,1,186,186
8,0,101150.18,0.95970176,0.023474732,255,1,187,187
8,0,100999.43,0.93358733,0.023474732,255,1,188,188
8,0,100877.56,0.95787586,0.023474732,255,1,189,189
8,0,100211.85,0.87250139,0.023474732,255,1,190,190
8,0,99941.616,0.95357694,0.023474732,255,1,191,191
8,0,99947.489,0.97464684,0.023474732,255,1,192,192
8,0,99972.752,0.96836324,0.023474732,255,1,193,193
8,0,100358.44,0.98767452,0.023474732,255,1,194,194
8,0,100051.88,0.98350207,0.023474732,255,1,195,195
8,0,100034.04,0.86435267,0.023474732,255,1,196,196
8,0,100238.27,0.88263301,0.023474732,255,1,197,197
8,0,100313.86,0.92971089,0.023474732,255,1,198,198
8,0,100542.71,0.97116141,0.023474732,255,1,199,199
8,0,100527.98,0.92120667,0.023474732,255,1,200,200
8,0,100317.18,0.97190974,0.023474732,255,1,201,201
8,0,100242.51,0.8926787,0.023474732,255,1,202,202
8,0,100471.02,0.91052856,0.023474732,255,1,203,203
8,0,100664.71,0.96214126,0.023474732,255,1,204,204
8,0,100988.51,0.99639682,0.023474732,255,1,205,205
8,0,100780.88,0.99832823,0.023474732,255,1,206,206
8,0,100827.54,0.97765125,0.023474732,255,1,207,207
8,0,100890.38,0.90137386,0.023474732,255,1,208,208
8,0,100930.56,0.97061102,0.023474732,255,1,209,209
8,0,100831,0.99324531,0.023474732,255,1,210,210
8,0,100413.65,0.9934138,0.023474732,255,1,211,211
8,0,100393.82,0.85242212,0.023474732,255,1,212,212
8,0,100342.4,0.97132741,0.023474732,255,1,213,213
8,0,100744.2,0.95743413,0.023474732,255,1,214,214
8,0,100356.37,0.88360211,0.023474732,255,1,215,215
8,0,100710.4,0.96393881,0.023474732,255,1,216,216
8,0,100536.37,0.96363505,0.023474732,255,1,217,217
8,0,100242.89,0.90553822,0.023474732,255,1,218,218
8,0,100702.04,0.95275769,0.023474732,255,1,219,219
8,0,100908.69,0.9729801,0.023474732,255,1,220,220
8,0,100675.41,0.80429666,0.023474732,255,1,221,221
8,0,100831.09,0.98816927,0.023474732,255,1,222,222
8,0,100708.93,0.99042289,0.023474732,255,1,223,223
8,0,100918.52,0.89009562,0.023474732,255,1,224,224
8,0,100508.6,0.99796428,0.023474732,255,1,225,225
8,0,100251.41,0.98136747,0.023474732,255,1,226,226
8,0,100320.51,0.9573539,0.023474732,255,1,227,227
8,0,100736.43,0.9821506,0.023474732,255,1,228,228
8,0,100881.6,0.98802089,0.023474732,255,1,229,229
8,0,101231.83,0.79276698,0.023474732,255,1,230,230
8,0,100845.76,0.98893336,0.023474732,255,1,231,231
8,0,100473.46,0.98124833,0.023474732,255,1,232,232
8,0,100196.51,0.86737292,0.023474732,255,1,233,233
8,0,100374.29,0.8977837,0.023474732,255,1,234,234
8,0,100564.81,0.89486853,0.023474732,255,1,235,235
8,0,100642.63,0.96624363,0.023474732,255,1,236,236
8,0,100619.26,0.94153304,0.023474732,255,1,237,237
8,0,100757.41,0.98121912,0.023474732,255,1,238,238
8,0,100710.85,0.9790795,0.023474732,255,1,239,239
8,0,100746.72,0.87492948,0.023474732,255,1,240,240
8,0,100747.76,0.92647102,0.023474732,255,1,241,241
8,0,100095.87,0.99322662,0.023474732,255,1,242,242
8,0,100191.2,0.98144647,0.023474732,255,1,243,243
8,0,100084.36,0.92432221,0.023474732,255,1,244,244
8,0,100274.71,0.95341327,0.023474732,255,1,245,245
8,0,100161.63,0.93571494,0.023474732,255,1,246,246
8,0,100622.65,0.96295409,0.023474732,255,1,247,247
8,0,100643.94,0.9858254,0.023474732,255,1,248,248
8,0,100986.19,0.98555579,0.023474732,255,1,249,249
8,0,101133.65,0.86197366,0.023474732,255,1,250,250
8,0,101097.51,0.98696964,0.023474732,255,1,251,251
8,0,100664.97,0.97741483,0.023474732,255,1,252,252
8,0,100494.19,0.99454077,0.023474732,255,1,253,253
8,0,101135.62,0.93395336,0.023474732,255,1,254,254
8,0,100525.9,0.98993608,0.023474732,255,1,255,255
8,0,100731.6,0.9350368,0.023474732,255,1,256,256
8,0,101051.51,0.98755775,0.023474732,255,1,257,257
8,0,101089.02,0.92107695,0.023474732,255,1,258,258
8,0,100733.54,0.98104495,0.023474732,255,1,259,259
8,0,101129.23,0.93267777,0.023474732,255,1,260,260
8,0,101398.52,0.85382244,0.023474732,255,1,261,261
8,0,100839.03,0.99974519,0.023474732,255,1,262,262
8,0,100388.88,0.93693182,0.023474732,255,1,263,263
8,0,100768.21,0.89649714,0.023474732,255,1,264,264
8,0,100462.42,0.94865159,0.023474732,255,1,265,265
8,0,100543.6,0.98762287,0.023474732,255,1,266,266
8,0,100837.63,0.97399095,0.023474732,255,1,267,267
8,0,100925.89,0.90691385,0.023474732,255,1,268,268
8,0,100847.02,0.9215268,0.023474732,255,1,269,269
8,0,101150.92,0.8409354,0.023474732,255,1,270,270
8,0,100732.5,0.96571362,0.023474732,255,1,271,271
8,0,101014.83,0.68820349,0.023474732,255,1,272,272
8,0,100980.43,0.91884254,0.023474732,255,1,273,273
8,0,100845.52,0.9734239,0.023474732,255,1,274,274
8,0,100556.77,0.96015407,0.023474732,255,1,275,275
8,0,100963.34,0.83243297,0.023474732,255,1,276,276
8,0,101421.98,0.95119819,0.023474732,255,1,277,277
8,0,101247.15,0.9866902,0.023474732,255,1,278,278
8,0,100976.41,0.92164311,0.023474732,255,1,279,279
8,0,101023.23,0.95668246,0.023474732,255,1,280,280
8,0,100891.27,0.99981186,0.023474732,255,1,281,281
8,0,101194.53,0.99117981,0.023474732,255,1,282,282
8,0,100669.19,0.99985584,0.023474732,255,1,283,283
8,0,101192.2,0.95663646,0.023474732,255,1,284,284
8,0,100648.12,0.8945576,0.023474732,255,1,285,285
8,0,100614.91,0.98653119,0.023474732,255,1,286,286
8,0,100458.29,0.97899581,0.023474732,255,1,287,287
8,0,100332.36,0.95546813,0.023474732,255,1,288,288
8,0,100445.47,0.95747576,0.023474732,255,1,289,289
8,0,100767.98,0.85412308,0.023474732,255,1,290,290
8,0,100503.65,0.99828756,0.023474732,255,1,291,291
8,0,101053.97,0.98450151,0.023474732,255,1,292,292
8,0,100853.99,0.99447827,0.023474732,255,1,293,293
8,0,101070.98,0.93407362,0.023474732,255,1,294,294
8,0,100675.15,0.98287519,0.023474732,255,1,295,295
8,0,100394.06,0.97512877,0.023474732,255,1,296,296
8,0,100736.43,0.86478895,0.023474732,255,1,297,297
8,0,100372.05,0.98069539,0.023474732,255,1,298,298
8,0,100569.99,0.79896239,0.023474732,255,1,299,299
8,0,100824.98,0.9742163,0.023474732,255,1,300,300
8,0,100733.2,0.95454941,0.023474732,255,1,301,301
8,0,100973.8,0.91047271,0.023474732,255,1,302,302
8,0,101097.41,0.92559156,0.023474732,255,1,303,303
8,0,100810.58,0.94792266,0.023474732,255,1,304,304
8,0,100549.87,0.98606598,0.023474732,255,1,305,305
8,0,100192.48,0.99943833,0.023474732,255,1,306,306
8,0,100176.58,0.90895289,0.023474732,255,1,307,307
8,0,100775.02,0.98922908,0.023474732,255,1,308,308
8,0,100577,0.9830045,0.023474732,255,1,309,309
8,0,100456.24,0.95312468,0.023474732,255,1,310,310
8,0,100150.86,0.93423869,0.023474732,255,1,311,311
8,0,99894.441,0.9959382,0.023474732,255,1,312,312
8,0,99896.216,0.8570143,0.023474732,255,1,313,313
8,0,100614.27,0.91681109,0.023474732,255,1,314,314
8,0,100473.02,0.94662563,0.023474732,255,1,315,315
8,0,100953.48,0.90531169,0.023474732,255,1,316,316
8,0,100842.23,0.84256803,0.023474732,255,1,317,317
8,0,101047.13,0.99848952,0.023474732,255,1,318,318
8,0,100678.02,0.99902583,0.023474732,255,1,319,319
8,0,100774.51,0.99937422,0.023474732,255,1,320,320
8,0,100994.67,0.98879108,0.023474732,255,1,321,321
8,0,101154.18,0.89100028,0.023474732,255,1,322,322
8,0,101327.74,0.99398483,0.023474732,255,1,323,323
8,0,101036.27,0.78322145,0.023474732,255,1,324,324
8,0,100923.21,0.88585297,0.023474732,255,1,325,325
8,0,101059.53,0.86832785,0.023474732,255,1,326,326
8,0,100852.67,0.99464899,0.023474732,255,1,327,327
8,0,100525.58,0.97494216,0.023474732,255,1,328,328
8,0,100503.77,0.80544551,0.023474732,255,1,329,329
8,0,100832.91,0.89818595,0.023474732,255,1,330,330
8,0,100908.04,0.97941014,0.023474732,255,1,331,331
8,0,101208.57,0.91335696,0.023474732,255,1,332,332
8,0,101202.14,0.91929589,0.023474732,255,1,333,333
8,0,101048.44,0.99918432,0.023474732,255,1,334,334
8,0,101118.09,0.84570152,0.023474732,255,1,335,335
8,0,101162.68,0.96357153,0.023474732,255,1,336,336
8,0,101272.12,0.99915223,0.023474732,255,1,337,337
8,0,101140.81,0.84478549,0.023474732,255,1,338,338
8,0,100836.64,0.94023874,0.023474732,255,1,339,339
8,0,100595.26,0.99770913,0.023474732,255,1,340,340
8,0,100699.15,0.96078311,0.023474732,255,1,341,341
8,0,100700.97,0.9585977,0.023474732,255,1,342,342
8,0,101004.34,0.9676138,0.023474732,255,1,343,343
8,0,101414.41,0.87233796,0.023474732,255,1,344,344
8,0,100926.72,0.99909703,0.023474732,255,1,345,345
8,0,100937.72,0.99578036,0.023474732,255,1,346,346
8,0,100769.24,0.91600515,0.023474732,255,1,347,347
8,0,100841.85,0.99992559,0.023474732,255,1,348,348
8,0,100734.48,0.94741048,0.023474732,255,1,349,349
8,0,100705.59,0.84468305,0.023474732,255,1,350,350
8,0,101265.87,0.99644921,0.023474732,255,1,351,351
8,0,101033.48,0.81744275,0.023474732,255,1,352,352
8,0,101166.34,0.98117076,0.023474732,255,1,353,353
8,0,101084.91,0.98621604,0.023474732,255,1,354,354
8,0,101129.57,0.89461111,0.023474732,255,1,355,355
8,0,101268.63,0.90726029,0.023474732,255,1,356,356
8,0,101161.42,0.83876722,0.023474732,255,1,357,357
8,0,100838.79,0.99192426,0.023474732,255,1,358,358
8,0,100872.01,0.98350638,0.023474732,255,1,359,359
8,0,100903.17,0.99818969,0.023474732,255,1,360,360
8,0,100964.59,0.84453319,0.023474732,255,1,361,361
8,0,100627.08,0.976946,0.023474732,255,1,362,362
8,0,100565.24,0.8174707,0.023474732,255,1,363,363
8,0,101029.71,0.96566121,0.023474732,255,1,364,364
8,0,101362.6,0.9123065,0.023474732,255,1,365,365
8,0,100984.6,0.99705268,0.023474732,255,1,366,366
8,0,100797.62,0.98323685,0.023474732,255,1,367,367
8,0,100771.01,0.89181638,0.023474732,255,1,368,368
8,0,100639.53,0.99933872,0.023474732,255,1,369,369
8,0,101092.88,0.92461766,0.023474732,255,1,370,370
8,0,101182.29,0.93239495,0.023474732,255,1,371,371
8,0,101053.82,0.9967548,0.023474732,255,1,372,372
8,0,101325.98,0.99852616,0.023474732,255,1,373,373
8,0,101060.4,0.98762117,0.023474732,255,1,374,374
8,0,101207.55,0.96456486,0.023474732,255,1,375,375
8,0,100687.27,0.97668155,0.023474732,255,1,376,376
8,0,100605.83,0.96931174,0.023474732,255,1,377,377
8,0,100531.95,0.95380762,0.023474732,255,1,378,378
8,0,100586.39,0.95203326,0.023474732,255,1,379,379
8,0,101084.67,0.85163593,0.023474732,255,1,380,380
8,0,101389.12,0.99342346,0.023474732,255,1,381,381
8,0,100693.79,0.97743694,0.023474732,255,1,382,382
8,0,100626.83,0.98944142,0.023474732,255,1,383,383
8,0,100718.18,0.90747524,0.023474732,255,1,384,384
8,0,100410.66,0.97292485,0.023474732,255,1,385,385
8,0,100608.32,0.83553923,0.023474732,255,1,386,386
8,0,100429.23,0.91112696,0.023474732,255,1,387,387
8,0,100253.97,0.95943548,0.023474732,255,1,388,388
8,0,100397.27,0.99691026,0.023474732,255,1,389,389
8,0,100136.74,0.97977656,0.023474732,255,1,390,390
8,0,100287.07,0.96656264,0.023474732,255,1,391,391
8,0,100696.8,0.97756065,0.023474732,255,1,392,392
8,0,100861.18,0.99529074,0.023474732,255,1,393,393
8,0,100675.35,0.93689863,0.023474732,255,1,394,394
8,0,100623.36,0.99612538,0.023474732,255,1,395,395
8,0,101226.89,0.82601779,0.023474732,255,1,396,396
8,0,101431.99,0.97236076,0.023474732,255,1,397,397
8,0,101190.41,0.94849162,0.023474732,255,1,398,398
8,0,100513,0.95270849,0.023474732,255,1,399,399
8,0,100473.05,0.96140842,0.023474732,255,1,400,400
8,0,100524.89,0.90478452,0.023474732,255,1,401,401
8,0,100537.07,0.97314645,0.023474732,255,1,402,402
8,0,100459.09,0.96940909,0.023474732,255,1,403,403
8,0,100790.04,0.98113035,0.023474732,255,1,404,404
8,0,100549.82,0.97468605,0.023474732,255,1,405,405
8,0,100571.16,0.98897879,0.023474732,255,1,406,406
8,0,100448.16,0.94796466,0.023474732,255,1,407,407
8,0,100643.84,0.95402864,0.023474732,255,1,408,408
8,0,100570.87,0.98523082,0.023474732,255,1,409,409
8,0,100584.7,0.98810734,0.023474732,255,1,410,410
8,0,100442.8,0.96140985,0.023474732,255,1,411,411
8,0,100611.56,0.96042529,0.023474732,255,1,412,412
8,0,100821.03,0.99585018,0.023474732,255,1,413,413
8,0,100449.47,0.96813075,0.023474732,255,1,414,414
8,0,100341.66,0.99266216,0.023474732,255,1,415,415
8,0,99998.901,0.98512872,0.023474732,255,1,416,416
8,0,100086.03,0.95748118,0.023474732,255,1,417,417
8,0,100735.22,0.99488808,0.023474732,255,1,418,418
8,0,100968.1,0.88047162,0.023474732,255,1,419,419
8,0,100750.78,0.99516671,0.023474732,255,1,420,420
8,0,100914.35,0.96385177,0.023474732,255,1,421,421
8,0,100822.01,0.84697709,0.023474732,255,1,422,422
8,0,100595.78,0.99298697,0.023474732,255,1,423,423
8,0,100401.38,0.96694564,0.023474732,255,1,424,424
8,0,100306.21,0.96243387,0.023474732,255,1,425,425
8,0,100646.68,0.88692365,0.023474732,255,1,426,426
8,0,100485.11,0.93310911,0.023474732,255,1,427,427
8,0,100794.03,0.90685427,0.023474732,255,1,428,428
8,0,100838.33,0.99722177,0.023474732,255,1,429,429
8,0,100601.72,0.93559112,0.023474732,255,1,430,430
8,0,100735,0.87597567,0.023474732,255,1,431,431
8,0,100597.15,0.99466472,0.023474732,255,1,432,432
8,0,100496.77,0.85177372,0.023474732,255,1,433,433
8,0,100447.89,0.98590448,0.023474732,255,1,434,434
8,0,100668.27,0.9560671,0.023474732,255,1,435,435
8,0,100951.45,0.91025836,0.023474732,255,1,436,436
8,0,100774.04,0.98885562,0.023474732,255,1,437,437
8,0,101116.82,0.8916594,0.023474732,255,1,438,438
8,0,100913.55,0.98851455,0.023474732,255,1,439,439
8,0,100877.6,0.96114747,0.023474732,255,1,440,440
8,0,100931.99,0.67600434,0.023474732,255,1,441,441
8,0,100387.27,0.99949461,0.023474732,255,1,442,442
8,0,101156.64,0.85142443,0.023474732,255,1,443,443
8,0,100953.97,0.98185017,0.023474732,255,1,444,444
8,0,100469.58,0.98634744,0.023474732,255,1,445,445
8,0,100608.43,0.99765961,0.023474732,255,1,446,446
8,0,100443.71,0.91430914,0.023474732,255,1,447,447
8,0,100461.57,0.98290668,0.023474732,255,1,448,448
8,0,100320.17,0.89054455,0.023474732,255,1,449,449
8,0,101053.02,0.91289147,0.023474732,255,1,450,450
8,0,101138.58,0.99671157,0.023474732,255,1,451,451
8,0,101481.61,0.82734761,0.023474732,255,1,452,452
8,0,101292.46,0.96025651,0.023474732,255,1,453,453
8,0,101154.87,0.98957806,0.023474732,255,1,454,454
8,0,101280.44,0.98826837,0.023474732,255,1,455,455
8,0,101032.28,0.98059627,0.023474732,255,1,456,456
8,0,100700.47,0.99381286,0.023474732,255,1,457,457
8,0,101419.42,0.90419818,0.023474732,255,1,458,458
8,0,101015.72,0.93892305,0.023474732,255,1,459,459
8,0,100889.68,0.99336633,0.023474732,255,1,460,460
8,0,100657.17,0.99498401,0.023474732,255,1,461,461
8,0,100849.44,0.99142622,0.023474732,255,1,462,462
8,0,100772.82,0.98657857,0.023474732,255,1,463,463
8,0,100804.04,0.97798351,0.023474732,255,1,464,464
8,0,100993.71,0.99131143,0.023474732,255,1,465,465
8,0,101189.09,0.89622283,0.023474732,255,1,466,466
8,0,100946.5,0.93591934,0.023474732,255,1,467,467
8,0,100739.27,0.99745135,0.023474732,255,1,468,468
8,0,99957.939,0.97846679,0.023474732,255,1,469,469
8,0,100329.56,0.90874651,0.023474732,255,1,470,470
8,0,100788.4,0.99854933,0.023474732,255,1,471,471
8,0,100952.62,0.82748645,0.023474732,255,1,472,472
8,0,100821.51,0.99820512,0.023474732,255,1,473,473
8,0,100909.62,0.99809122,0.023474732,255,1,474,474
8,0,100635.75,0.97803237,0.023474732,255,1,475,475
8,0,100772.05,0.95972754,0.023474732,255,1,476,476
8,0,100511.63,0.98644171,0.023474732,255,1,477,477
8,0,100024.24,0.98247906,0.023474732,255,1,478,478
8,0,100119.36,0.99286538,0.023474732,255,1,479,479
8,0,100147.94,0.84599408,0.023474732,255,1,480,480
8,0,100654.36,0.97862837,0.023474732,255,1,481,481
8,0,100383.96,0.95851146,0.023474732,255,1,482,482
8,0,100753.92,0.92561976,0.023474732,255,1,483,483
8,0,100743.08,0.9677139,0.023474732,255,1,484,484
8,0,100624.65,0.9940176,0.023474732,255,1,485,485
8,0,100627.91,0.97147486,0.023474732,255,1,486,486
8,0,100951.27,0.97753569,0.023474732,255,1,487,487
8,0,100756.1,0.95526711,0.023474732,255,1,488,488
8,0,101162.31,0.98525983,0.023474732,255,1,489,489
8,0,100596.68,0.98731758,0.023474732,255,1,490,490
8,0,100218.77,0.93469864,0.023474732,255,1,491,491
8,0,100632.76,0.98518029,0.023474732,255,1,492,492
8,0,100723.26,0.976041,0.023474732,255,1,493,493
8,0,100275.63,0.97496819,0.023474732,255,1,494,494
8,0,100340.18,0.98352252,0.023474732,255,1,495,495
8,0,100293.69,0.92651304,0.023474732,255,1,496,496
8,0,101006.14,0.99902044,0.023474732,255,1,497,497
8,0,100686.04,0.9509957,0.023474732,255,1,498,498
8,0,100171.15,0.98114142,0.023474732,255,1,499,499
8,0,100221.79,0.97674924,0.023474732,255,1,500,500
8,0,99930.215,0.93479179,0.023474732,255,1,501,501
8,0,100086.98,0.91254967,0.023474732,255,1,502,502
8,0,99879.669,0.99825124,0.023474732,255,1,503,503
8,0,100247.15,0.83659271,0.023474732,255,1,504,504
8,0,100316.69,0.91719411,0.023474732,255,1,505,505
8,0,99875.025,0.98410781,0.023474732,255,1,506,506
8,0,100360.28,0.92506475,0.023474732,255,1,507,507
8,0,100763.27,0.91438295,0.023474732,255,1,508,508
8,0,100590.28,0.98590481,0.023474732,255,1,509,509
8,0,100473.53,0.97237976,0.023474732,255,1,510,510
8,0,100597.69,0.9383417,0.023474732,255,1,511,511
8,0,100863.53,0.84851188,0.023474732,255,1,512,512
8,0,100765.43,0.88670485,0.023474732,255,1,513,513
8,0,100857.36,0.97754281,0.023474732,255,1,514,514
8,0,100382.02,0.99843489,0.023474732,255,1,515,515
8,0,100454.47,0.98578067,0.023474732,255,1,516,516
8,0,100452.42,0.99953112,0.023474732,255,1,517,517
8,0,100557.72,0.99136973,0.023474732,255,1,518,518
8,0,100866.08,0.93788143,0.023474732,255,1,519,519
8,0,100754.43,0.93345726,0.023474732,255,1,520,520
8,0,100759.5,0.94777577,0.023474732,255,1,521,521
8,0,100408.66,0.95429199,0.023474732,255,1,522,522
8,0,100573.72,0.98494868,0.023474732,255,1,523,523
8,0,100819.97,0.96079283,0.023474732,255,1,524,524
8,0,101105.73,0.9828614,0.023474732,255,1,525,525
8,0,100914.32,0.97504948,0.023474732,255,1,526,526
8,0,101040.25,0.94268314,0.023474732,255,1,527,527
8,0,100741.19,0.93930091,0.023474732,255,1,528,528
8,0,100895.1,0.95302431,0.023474732,255,1,529,529
8,0,100651.31,0.95439706,0.023474732,255,1,530,530
8,0,100703.03,0.99938847,0.023474732,255,1,531,531
8,0,100944.68,0.97354155,0.023474732,255,1,532,532
8,0,100935.22,0.99541176,0.023474732,255,1,533,533
8,0,100642.86,0.99378901,0.023474732,255,1,534,534
8,0,100378.36,0.89806054,0.023474732,255,1,535,535
8,0,100801.74,0.91781164,0.023474732,255,1,536,536
8,0,100708.41,0.91326392,0.023474732,255,1,537,537
8,0,100752.77,0.90224883,0.023474732,255,1,538,538
8,0,100286.32,0.94734802,0.023474732,255,1,539,539
8,0,100541.32,0.99626087,0.023474732,255,1,540,540
8,0,100805.81,0.83788198,0.023474732,255,1,541,541
8,0,100580.59,0.99445916,0.023474732,255,1,542,542
8,0,100846.03,0.89058609,0.023474732,255,1,543,543
8,0,100741.08,0.87042815,0.023474732,255,1,544,544
8,0,100620.81,0.98193671,0.023474732,255,1,545,545
8,0,100612.95,0.93128025,0.023474732,255,1,546,546
8,0,100660.18,0.81362402,0.023474732,255,1,547,547
8,0,99909.728,0.96782492,0.023474732,255,1,548,548
8,0,99853.125,0.95410563,0.023474732,255,1,549,549
8,0,100158.8,0.9055646,0.023474732,255,1,550,550
8,0,100627.88,0.96619348,0.023474732,255,1,551,551
8,0,100453.11,0.97864297,0.023474732,255,1,552,552
8,0,100999.18,0.92051028,0.023474732,255,1,553,553
8,0,101130.37,0.98485693,0.023474732,255,1,554,554
8,0,100955.15,0.9615107,0.023474732,255,1,555,555
8,0,100986.67,0.7883512,0.023474732,255,1,556,556
8,0,100674.89,0.97469683,0.023474732,255,1,557,557
8,0,100761.23,0.81030099,0.023474732,255,1,558,558
8,0,100507.24,0.9541671,0.023474732,255,1,559,559
8,0,100267.31,0.99748476,0.023474732,255,1,560,560
8,0,99666.077,0.98661957,0.023474732,255,1,561,561
8,0,100432.03,0.93808326,0.023474732,255,1,562,562
8,0,100124.67,0.9996401,0.023474732,255,1,563,563
8,0,101059.09,0.98926964,0.023474732,255,1,564,564
8,0,101244.08,0.81869867,0.023474732,255,1,565,565
8,0,101351.76,0.91947567,0.023474732,255,1,566,566
8,0,100587.08,0.96530276,0.023474732,255,1,567,567
8,0,100234.24,0.98765619,0.023474732,255,1,568,568
8,0,100213.28,0.96506775,0.023474732,255,1,569,569
8,0,100880.91,0.9448979,0.023474732,255,1,570,570
8,0,100760.74,0.99925589,0.023474732,255,1,571,571
8,0,100844.74,0.99201317,0.023474732,255,1,572,572
8,0,100616.9,0.90271451,0.023474732,255,1,573,573
8,0,100430.83,0.94349752,0.023474732,255,1,574,574
8,0,99765.982,0.99817911,0.023474732,255,1,575,575
8,0,100379.47,0.95823543,0.023474732,255,1,576,576
8,0,100333.56,0.81739036,0.023474732,255,1,577,577
8,0,100569.99,0.95610712,0.023474732,255,1,578,578
8,0,100747.38,0.98830184,0.023474732,255,1,579,579
8,0,100840.8,0.97562125,0.023474732,255,1,580,580
8,0,100831.43,0.9931996,0.023474732,255,1,581,581
8,0,100644.78,0.77590146,0.023474732,255,1,582,582
8,0,100676.55,0.98551337,0.023474732,255,1,583,583
8,0,100560.05,0.90714986,0.023474732,255,1,584,584
8,0,100601.03,0.99169369,0.023474732,255,1,585,585
8,0,100691.04,0.83742878,0.023474732,255,1,586,586
8,0,101051.11,0.97306874,0.023474732,255,1,587,587
8,0,101012.37,0.84741917,0.023474732,255,1,588,588
8,0,100493.06,0.93941138,0.023474732,255,1,589,589
8,0,100800.6,0.94126837,0.023474732,255,1,590,590
8,0,100690.42,0.93685922,0.023474732,255,1,591,591
8,0,100361.56,0.97313437,0.023474732,255,1,592,592
8,0,100652.74,0.96937175,0.023474732,255,1,593,593
8,0,100088,0.84065971,0.023474732,255,1,594,594
8,0,100551.78,0.93668127,0.023474732,255,1,595,595
8,0,100851.69,0.98033012,0.023474732,255,1,596,596
8,0,101246.05,0.90191831,0.023474732,255,1,597,597
8,0,101362.18,0.97736407,0.023474732,255,1,598,598
8,0,101381.73,0.88442981,0.023474732,255,1,599,599
8,0,101278.7,0.99256515,0.023474732,255,1,600,600
8,0,101299.4,0.99512891,0.023474732,255,1,601,601
8,0,101292.32,0.92244929,0.023474732,255,1,602,602
8,0,100887.43,0.9006919,0.023474732,255,1,603,603
8,0,101105.56,0.94901198,0.023474732,255,1,604,604
8,0,100916.41,0.98469916,0.023474732,255,1,605,605
8,0,100905.31,0.9274644,0.023474732,255,1,606,606
8,0,101093.83,0.992232,0.023474732,255,1,607,607
8,0,101355.9,0.99321379,0.023474732,255,1,608,608
8,0,100988.25,0.99583841,0.023474732,255,1,609,609
8,0,101251.18,0.92329424,0.023474732,255,1,610,610
8,0,100902.03,0.90400449,0.023474732,255,1,611,611
8,0,101221.54,0.5987242,0.023474732,255,1,612,612
8,0,101367.22,0.97586956,0.023474732,255,1,613,613
8,0,101454.62,0.92413156,0.023474732,255,1,614,614
8,0,101256.3,0.95911571,0.023474732,255,1,615,615
8,0,101174.24,0.99644188,0.023474732,255,1,616,616
8,0,100957.26,0.95394811,0.023474732,255,1,617,617
8,0,101129.23,0.90795228,0.023474732,255,1,618,618
8,0,100904.64,0.94207931,0.023474732,255,1,619,619
8,0,100716.62,0.92433777,0.023474732,255,1,620,620
8,0,100378.42,0.88104203,0.023474732,255,1,621,621
8,0,100790.79,0.88638401,0.023474732,255,1,622,622
8,0,101144.85,0.94480854,0.023474732,255,1,623,623
8,0,101119.81,0.98798682,0.023474732,255,1,624,624
8,0,101222.85,0.98575166,0.023474732,255,1,625,625
8,0,101554.39,0.90683932,0.023474732,255,1,626,626
8,0,101081.72,0.97770349,0.023474732,255,1,627,627
8,0,101127.75,0.87570407,0.023474732,255,1,628,628
8,0,101000.69,0.94333935,0.023474732,255,1,629,629
8,0,101246.32,0.92507039,0.023474732,255,1,630,630
8,0,101019.76,0.98277605,0.023474732,255,1,631,631
8,0,101094.06,0.9722421,0.023474732,255,1,632,632
8,0,100494.56,0.99494327,0.023474732,255,1,633,633
8,0,100790.94,0.96537964,0.023474732,255,1,634,634
8,0,100797.45,0.93261853,0.023474732,255,1,635,635
8,0,100738,0.9250208,0.023474732,255,1,636,636
8,0,100462.41,0.90084019,0.023474732,255,1,637,637
8,0,101187.83,0.98863414,0.023474732,255,1,638,638
8,0,101207.96,0.91783799,0.023474732,255,1,639,639
8,0,100709.41,0.9559098,0.023474732,255,1,640,640
8,0,100754.17,0.96850141,0.023474732,255,1,641,641
8,0,100782.29,0.88176145,0.023474732,255,1,642,642
8,0,100380.22,0.94224729,0.023474732,255,1,643,643
8,0,100112.31,0.99240733,0.023474732,255,1,644,644
8,0,100905.43,0.6605566,0.023474732,255,1,645,645
8,0,100834.16,0.98477938,0.023474732,255,1,646,646
8,0,100878.74,0.94846168,0.023474732,255,1,647,647
8,0,101128.9,0.95517543,0.023474732,255,1,648,648
8,0,100772.62,0.96112847,0.023474732,255,1,649,649
8,0,101372.31,0.85509329,0.023474732,255,1,650,650
8,0,101934.29,0.9267417,0.023474732,255,1,651,651
8,0,101762.13,0.9446268,0.023474732,255,1,652,652
8,0,101125.64,0.96192014,0.023474732,255,1,653,653
8,0,100718.27,0.91417888,0.023474732,255,1,654,654
8,0,100779.25,0.98840072,0.023474732,255,1,655,655
8,0,100863.32,0.9945982,0.023474732,255,1,656,656
8,0,100857.1,0.95925094,0.023474732,255,1,657,657
8,0,100292.12,0.98232082,0.023474732,255,1,658,658
8,0,100046.37,0.81958782,0.023474732,255,1,659,659
8,0,100425.25,0.99141668,0.023474732,255,1,660,660
8,0,100325.75,0.95532046,0.023474732,255,1,661,661
8,0,100657.99,0.99217575,0.023474732,255,1,662,662
8,0,100871.72,0.99644254,0.023474732,255,1,663,663
8,0,100976.67,0.9348038,0.023474732,255,1,664,664
8,0,100985.14,0.98725567,0.023474732,255,1,665,665
8,0,101103.23,0.87566126,0.023474732,255,1,666,666
8,0,101184.5,0.99891392,0.023474732,255,1,667,667
8,0,101142.53,0.97873737,0.023474732,255,1,668,668
8,0,101545.24,0.95358168,0.023474732,255,1,669,669
8,0,101284.38,0.9885958,0.023474732,255,1,670,670
8,0,101086.89,0.99634936,0.023474732,255,1,671,671
8,0,101038.84,0.99023389,0.023474732,255,1,672,672
8,0,100766.69,0.93706914,0.023474732,255,1,673,673
8,0,100833.89,0.91873121,0.023474732,255,1,674,674
8,0,100692.53,0.98655814,0.023474732,255,1,675,675
8,0,100697.4,0.98412489,0.023474732,255,1,676,676
8,0,100991.9,0.97484014,0.023474732,255,1,677,677
8,0,100762.53,0.89162357,0.023474732,255,1,678,678
8,0,100746.48,0.90426906,0.023474732,255,1,679,679
8,0,100562.17,0.98277138,0.023474732,255,1,680,680
8,0,100479.49,0.97545298,0.023474732,255,1,681,681
8,0,100941.2,0.90085878,0.023474732,255,1,682,682
8,0,101298.26,0.94907154,0.023474732,255,1,683,683
8,0,101057.71,0.85659812,0.023474732,255,1,684,684
8,0,101277.75,0.9973821,0.023474732,255,1,685,685
8,0,101538.75,0.927736,0.023474732,255,1,686,686
8,0,101715.33,0.99023303,0.023474732,255,1,687,687
8,0,101252.61,0.98312289,0.023474732,255,1,688,688
8,0,101179.79,0.99503036,0.023474732,255,1,689,689
8,0,100888.53,0.97859239,0.023474732,255,1,690,690
8,0,100505.02,0.99463746,0.023474732,255,1,691,691
8,0,100490.59,0.91442387,0.023474732,255,1,692,692
8,0,100608.25,0.91161312,0.023474732,255,1,693,693
8,0,100054.96,0.9653418,0.023474732,255,1,694,694
8,0,100579.16,0.86962335,0.023474732,255,1,695,695
8,0,100147.61,0.83388964,0.023474732,255,1,696,696
8,0,100192.27,0.97881963,0.023474732,255,1,697,697
8,0,100239.05,0.88392923,0.023474732,255,1,698,698
8,0,100263.4,0.95006463,0.023474732,255,1,699,699
8,0,100217.67,0.86181343,0.023474732,255,1,700,700
8,0,100747.33,0.7923357,0.023474732,255,1,701,701
8,0,100501.4,0.90780275,0.023474732,255,1,702,702
8,0,100946.32,0.97539897,0.023474732,255,1,703,703
8,0,101250.24,0.99993669,0.023474732,255,1,704,704
8,0,100707.76,0.99434419,0.023474732,255,1,705,705
8,0,100531.91,0.98572996,0.023474732,255,1,706,706
8,0,100769.21,0.9486727,0.023474732,255,1,707,707
8,0,100401.95,0.96816802,0.023474732,255,1,708,708
8,0,100318.75,0.90837779,0.023474732,255,1,709,709
8,0,100508.94,0.93170427,0.023474732,255,1,710,710
8,0,100419.84,0.98826638,0.023474732,255,1,711,711
8,0,100630.74,0.89382751,0.023474732,255,1,712,712
8,0,100761.07,0.97569665,0.023474732,255,1,713,713
8,0,100737.54,0.90703393,0.023474732,255,1,714,714
8,0,100685.85,0.97327312,0.023474732,255,1,715,715
8,0,100721.01,0.90694718,0.023474732,255,1,716,716
8,0,100562.04,0.92731889,0.023474732,255,1,717,717
8,0,100863.27,0.81740397,0.023474732,255,1,718,718
8,0,101339.43,0.94482444,0.023474732,255,1,719,719
8,0,100973.64,0.99626335,0.023474732,255,1,720,720
8,0,100900.46,0.86272059,0.023474732,255,1,721,721
8,0,100642.82,0.95227207,0.023474732,255,1,722,722
8,0,100611.17,0.9626201,0.023474732,255,1,723,723
8,0,100601.32,0.99910072,0.023474732,255,1,724,724
8,0,100453.54,0.95023215,0.023474732,255,1,725,725
8,0,100783.61,0.98226222,0.023474732,255,1,726,726
8,0,100545.19,0.92683543,0.023474732,255,1,727,727
8,0,100224.71,0.99319884,0.023474732,255,1,728,728
8,0,100416.58,0.90903603,0.023474732,255,1,729,729
8,0,100434.28,0.93155654,0.023474732,255,1,730,730
8,0,100442.6,0.93269546,0.023474732,255,1,731,731
8,0,100589.2,0.9964602,0.023474732,255,1,732,732
8,0,100691.31,0.98201264,0.023474732,255,1,733,733
8,0,101046.91,0.8154635,0.023474732,255,1,734,734
8,0,101333.29,0.87898524,0.023474732,255,1,735,735
8,0,101356.49,0.93274287,0.023474732,255,1,736,736
8,0,101232.4,0.91985386,0.023474732,255,1,737,737
8,0,100809.28,0.95731022,0.023474732,255,1,738,738
8,0,101163.78,0.91863295,0.023474732,255,1,739,739
8,0,100852.77,0.9927373,0.023474732,255,1,740,740
8,0,100335.26,0.94513425,0.023474732,255,1,741,741
8,0,100480.84,0.91701625,0.023474732,255,1,742,742
8,0,100514.83,0.93202984,0.023474732,255,1,743,743
8,0,100351.86,0.85718426,0.023474732,255,1,744,744
8,0,100309.91,0.98807715,0.023474732,255,1,745,745
8,0,99944.294,0.99933107,0.023474732,255,1,746,746
8,0,99922.185,0.97263625,0.023474732,255,1,747,747
8,0,100354.53,0.88230801,0.023474732,255,1,748,748
8,0,100670.32,0.86870503,0.023474732,255,1,749,749
8,0,100437.4,0.93332608,0.023474732,255,1,750,750
8,0,100514.74,0.98882985,0.023474732,255,1,751,751
8,0,100365.74,0.85249575,0.023474732,255,1,752,752
8,0,100165.81,0.94179236,0.023474732,255,1,753,753
8,0,100340,0.92571162,0.023474732,255,1,754,754
8,0,100759.6,0.85661851,0.023474732,255,1,755,755
8,0,100957.51,0.9892445,0.023474732,255,1,756,756
8,0,100780.9,0.90480114,0.023474732,255,1,757,757
8,0,100820.14,0.94019501,0.023474732,255,1,758,758
8,0,100788.34,0.97042802,0.023474732,255,1,759,759
8,0,100444.8,0.99665911,0.023474732,255,1,760,760
8,0,101115.13,0.95758681,0.023474732,255,1,761,761
8,0,100909.69,0.99840057,0.023474732,255,1,762,762
8,0,100341.48,0.95827808,0.023474732,255,1,763,763
8,0,100173.54,0.98454715,0.023474732,255,1,764,764
8,0,100588.39,0.91927983,0.023474732,255,1,765,765
8,0,100625.01,0.95153778,0.023474732,255,1,766,766
8,0,100797.18,0.98039523,0.023474732,255,1,767,767
8,0,101006.53,0.91275464,0.023474732,255,1,768,768
8,0,100883.97,0.99651419,0.023474732,255,1,769,769
8,0,100905.04,0.94049184,0.023474732,255,1,770,770
8,0,100525.27,0.98037184,0.023474732,255,1,771,771
8,0,100711.57,0.97009242,0.023474732,255,1,772,772
8,0,100273.06,0.87995703,0.023474732,255,1,773,773
8,0,100550.98,0.93426135,0.023474732,255,1,774,774
8,0,100317,0.97967436,0.023474732,255,1,775,775
8,0,100556.35,0.91576124,0.023474732,255,1,776,776
8,0,100628.72,0.94694289,0.023474732,255,1,777,777
8,0,101213.54,0.9322549,0.023474732,255,1,778,778
8,0,101232.75,0.86489015,0.023474732,255,1,779,779
8,0,101194.36,0.96339849,0.023474732,255,1,780,780
8,0,101136.55,0.81984642,0.023474732,255,1,781,781
8,0,101406.5,0.99254037,0.023474732,255,1,782,782
8,0,101053,0.77523629,0.023474732,255,1,783,783
8,0,100890.67,0.99379557,0.023474732,255,1,784,784
8,0,101037.35,0.97192166,0.023474732,255,1,785,785
8,0,100639.11,0.99848412,0.023474732,255,1,786,786
8,0,100659.72,0.92950686,0.023474732,255,1,787,787
8,0,100366.36,0.99263444,0.023474732,255,1,788,788
8,0,100832.44,0.98432998,0.023474732,255,1,789,789
8,0,101177.22,0.98331136,0.023474732,255,1,790,790
8,0,101369.56,0.98059565,0.023474732,255,1,791,791
8,0,101157.55,0.86225045,0.023474732,255,1,792,792
8,0,100549.37,0.94978161,0.023474732,255,1,793,793
8,0,100075.32,0.94492581,0.023474732,255,1,794,794
8,0,99663.199,0.9919487,0.023474732,255,1,795,795
8,0,99898.313,0.9908363,0.023474732,255,1,796,796
8,0,100510.32,0.96030583,0.023474732,255,1,797,797
8,0,100840.24,0.9386505,0.023474732,255,1,798,798
8,0,101049.77,0.8639084,0.023474732,255,1,799,799
8,0,100938.46,0.98171293,0.023474732,255,1,800,800
8,0,100843.87,0.89055668,0.023474732,255,1,801,801
8,0,100868.6,0.88519929,0.023474732,255,1,802,802
8,0,101059.18,0.80024836,0.023474732,255,1,803,803
8,0,101017.01,0.88428302,0.023474732,255,1,804,804
8,0,100988.52,0.988964,0.023474732,255,1,805,805
8,0,101417.63,0.92584134,0.023474732,255,1,806,806
8,0,101329.31,0.97564117,0.023474732,255,1,807,807
8,0,101166.93,0.97568529,0.023474732,255,1,808,808
8,0,100874.08,0.9722718,0.023474732,255,1,809,809
8,0,100943.55,0.97672745,0.023474732,255,1,810,810
8,0,101026.17,0.9914542,0.023474732,255,1,811,811
8,0,100874.63,0.86535912,0.023474732,255,1,812,812
8,0,101257.02,0.87263598,0.023474732,255,1,813,813
8,0,101183.76,0.98620327,0.023474732,255,1,814,814
8,0,101327.43,0.99021726,0.023474732,255,1,815,815
8,0,101238.11,0.98014966,0.023474732,255,1,816,816
8,0,101080.78,0.98867971,0.023474732,255,1,817,817
8,0,100591.1,0.90355339,0.023474732,255,1,818,818
8,0,100373.98,0.96030929,0.023474732,255,1,819,819
8,0,100737.51,0.93057868,0.023474732,255,1,820,820
8,0,100644.08,0.98839327,0.023474732,255,1,821,821
8,0,100818.71,0.96157029,0.023474732,255,1,822,822
8,0,100306.62,0.89888855,0.023474732,255,1,823,823
8,0,100667.59,0.9959222,0.023474732,255,1,824,824
8,0,100228.96,0.96289809,0.023474732,255,1,825,825
8,0,100441.41,0.85111926,0.023474732,255,1,826,826
8,0,100668.87,0.97577381,0.023474732,255,1,827,827
8,0,100641.48,0.9701651,0.023474732,255,1,828,828
8,0,101019.64,0.84634159,0.023474732,255,1,829,829
8,0,100915.47,0.99230971,0.023474732,255,1,830,830
8,0,100884.49,0.97574882,0.023474732,255,1,831,831
8,0,100882.44,0.98962606,0.023474732,255,1,832,832
8,0,100905.87,0.95664048,0.023474732,255,1,833,833
8,0,100807.15,0.99387052,0.023474732,255,1,834,834
8,0,100473.02,0.97269197,0.023474732,255,1,835,835
8,0,100871.35,0.898896,0.023474732,255,1,836,836
8,0,100790.07,0.87250841,0.023474732,255,1,837,837
8,0,101300.08,0.80101774,0.023474732,255,1,838,838
8,0,101010.93,0.94963504,0.023474732,255,1,839,839
8,0,101114.68,0.98451274,0.023474732,255,1,840,840
8,0,101083.4,0.86421239,0.023474732,255,1,841,841
8,0,101191.88,0.98434716,0.023474732,255,1,842,842
8,0,101198.87,0.92769373,0.023474732,255,1,843,843
8,0,100753.24,0.90702569,0.023474732,255,1,844,844
8,0,100562.88,0.90412576,0.023474732,255,1,845,845
8,0,100508.65,0.98905942,0.023474732,255,1,846,846
8,0,100671.21,0.74021669,0.023474732,255,1,847,847
8,0,100883.27,0.89040825,0.023474732,255,1,848,848
8,0,100961.71,0.95584494,0.023474732,255,1,849,849
8,0,100654.17,0.94246239,0.023474732,255,1,850,850
8,0,100637.5,0.92901136,0.023474732,255,1,851,851
8,0,100642.24,0.95326333,0.023474732,255,1,852,852
8,0,100417.05,0.98007141,0.023474732,255,1,853,853
8,0,100778.63,0.89908358,0.023474732,255,1,854,854
8,0,100685.96,0.85876227,0.023474732,255,1,855,855
8,0,100526.95,0.97829171,0.023474732,255,1,856,856
8,0,100656.49,0.9519872,0.023474732,255,1,857,857
8,0,100670.78,0.80732847,0.023474732,255,1,858,858
8,0,100921.1,0.93556085,0.023474732,255,1,859,859
8,0,101378.57,0.90972936,0.023474732,255,1,860,860
8,0,101241.46,0.94058374,0.023474732,255,1,861,861
8,0,100847,0.8713529,0.023474732,255,1,862,862
8,0,100823.36,0.91011027,0.023474732,255,1,863,863
8,0,101255.4,0.8601532,0.023474732,255,1,864,864
8,0,100711.76,0.97191198,0.023474732,255,1,865,865
8,0,100714.3,0.84194169,0.023474732,255,1,866,866
8,0,100750.53,0.98250577,0.023474732,255,1,867,867
8,0,100533.04,0.97509436,0.023474732,255,1,868,868
8,0,101016.5,0.93427623,0.023474732,255,1,869,869
8,0,101160.48,0.80114251,0.023474732,255,1,870,870
8,0,101120.24,0.99682343,0.023474732,255,1,871,871
8,0,100985.13,0.99979372,0.023474732,255,1,872,872
8,0,100550.45,0.93517477,0.023474732,255,1,873,873
8,0,100615.23,0.956901,0.023474732,255,1,874,874
8,0,101000.87,0.99100445,0.023474732,255,1,875,875
8,0,100937.6,0.99217063,0.023474732,255,1,876,876
8,0,100489.29,0.92395965,0.023474732,255,1,877,877
8,0,100353.33,0.8315574,0.023474732,255,1,878,878
8,0,100562.13,0.85022694,0.023474732,255,1,879,879
8,0,101345.69,0.92602362,0.023474732,255,1,880,880
8,0,101586.28,0.98022052,0.023474732,255,1,881,881
8,0,101265.23,0.98110218,0.023474732,255,1,882,882
8,0,101142.84,0.98422287,0.023474732,255,1,883,883
8,0,100728.14,0.95320214,0.023474732,255,1,884,884
8,0,100941.8,0.95702735,0.023474732,255,1,885,885
8,0,101150.73,0.95932283,0.023474732,255,1,886,886
8,0,100722.51,0.96766391,0.023474732,255,1,887,887
8,0,101036.54,0.93591437,0.023474732,255,1,888,888
8,0,100812.05,0.83108741,0.023474732,255,1,889,889
8,0,100953.06,0.92703839,0.023474732,255,1,890,890
8,0,100878.95,0.92266963,0.023474732,255,1,891,891
8,0,100888.66,0.81565714,0.023474732,255,1,892,892
8,0,100844.61,0.99266594,0.023474732,255,1,893,893
8,0,101175.05,0.88375525,0.023474732,255,1,894,894
8,0,101147.47,0.9717636,0.023474732,255,1,895,895
8,0,100703.29,0.97821849,0.023474732,255,1,896,896
8,0,100974.56,0.9141744,0.023474732,255,1,897,897
8,0,100867.87,0.99859144,0.023474732,255,1,898,898
8,0,100662.77,0.99100482,0.023474732,255,1,899,899
8,0,100436.79,0.98628718,0.023474732,255,1,900,900
8,0,100440.4,0.78527238,0.023474732,255,1,901,901
8,0,100650.78,0.96160535,0.023474732,255,1,902,902
8,0,100578.94,0.92965309,0.023474732,255,1,903,903
8,0,100644.98,0.94048861,0.023474732,255,1,904,904
8,0,100834.56,0.96784086,0.023474732,255,1,905,905
8,0,100798.13,0.99792078,0.023474732,255,1,906,906
8,0,100739.47,0.92242177,0.023474732,255,1,907,907
8,0,100793.13,0.85460606,0.023474732,255,1,908,908
8,0,100899.93,0.8926747,0.023474732,255,1,909,909
8,0,100845.67,0.90022605,0.023474732,255,1,910,910
8,0,100691.77,0.9317075,0.023474732,255,1,911,911
8,0,101063.33,0.9890111,0.023474732,255,1,912,912
8,0,100872.33,0.99080057,0.023474732,255,1,913,913
8,0,100613.84,0.87819923,0.023474732,255,1,914,914
8,0,100996.32,0.9171676,0.023474732,255,1,915,915
8,0,100848.76,0.98149663,0.023474732,255,1,916,916
8,0,100999.81,0.99761284,0.023474732,255,1,917,917
8,0,100648.57,0.99966977,0.023474732,255,1,918,918
8,0,100551.4,0.97372743,0.023474732,255,1,919,919
8,0,100649.43,0.9067502,0.023474732,255,1,920,920
8,0,100650.9,0.82649589,0.023474732,255,1,921,921
8,0,100218.83,0.97603173,0.023474732,255,1,922,922
8,0,100176.48,0.866519,0.023474732,255,1,923,923
8,0,100211.29,0.9042348,0.023474732,255,1,924,924
8,0,100966.97,0.88032581,0.023474732,255,1,925,925
8,0,100795.76,0.99817843,0.023474732,255,1,926,926
8,0,100736.21,0.91137366,0.023474732,255,1,927,927
8,0,100814.32,0.96382606,0.023474732,255,1,928,928
8,0,100486.54,0.99278214,0.023474732,255,1,929,929
8,0,100741.58,0.92743966,0.023474732,255,1,930,930
8,0,100557.19,0.99249577,0.023474732,255,1,931,931
8,0,100654.88,0.9894579,0.023474732,255,1,932,932
8,0,100315.38,0.97620192,0.023474732,255,1,933,933
8,0,100586.98,0.87662451,0.023474732,255,1,934,934
8,0,100527.02,0.97674371,0.023474732,255,1,935,935
8,0,100750.04,0.93577329,0.023474732,255,1,936,936
8,0,101178.48,0.99683803,0.023474732,255,1,937,937
8,0,101187.29,0.99964008,0.023474732,255,1,938,938
8,0,100538.09,0.99134915,0.023474732,255,1,939,939
8,0,100347.49,0.89103711,0.023474732,255,1,940,940
8,0,99803.885,0.99695992,0.023474732,255,1,941,941
8,0,99999.739,0.93661025,0.023474732,255,1,942,942
8,0,100359.79,0.99930825,0.023474732,255,1,943,943
8,0,100291.7,0.99781397,0.023474732,255,1,944,944
8,0,100441.97,0.97112486,0.023474732,255,1,945,945
8,0,100523.04,0.96358626,0.023474732,255,1,946,946
8,0,100800.38,0.99685865,0.023474732,255,1,947,947
8,0,101078.88,0.85163075,0.023474732,255,1,948,948
8,0,100946.93,0.98341729,0.023474732,255,1,949,949
8,0,101093.39,0.97637322,0.023474732,255,1,950,950
8,0,100882.54,0.78999199,0.023474732,255,1,951,951
8,0,100798.97,0.99789311,0.023474732,255,1,952,952
8,0,100579.72,0.89538517,0.023474732,255,1,953,953
8,0,100548.42,0.98250279,0.023474732,255,1,954,954
8,0,100231.81,0.93274763,0.023474732,255,1,955,955
8,0,100065.22,0.98647336,0.023474732,255,1,956,956
8,0,100552.23,0.92894366,0.023474732,255,1,957,957
8,0,100538.19,0.75068174,0.023474732,255,1,958,958
8,0,100384.17,0.95140765,0.023474732,255,1,959,959
8,0,100339.58,0.86820817,0.023474732,255,1,960,960
8,0,100188.86,0.89554979,0.023474732,255,1,961,961
8,0,100511.72,0.97810429,0.023474732,255,1,962,962
8,0,100382.08,0.98407212,0.023474732,255,1,963,963
8,0,100767.6,0.92542884,0.023474732,255,1,964,964
8,0,101161.37,0.91846241,0.023474732,255,1,965,965
8,0,100698.5,0.98245455,0.023474732,255,1,966,966
8,0,100700.19,0.88096962,0.023474732,255,1,967,967
8,0,100715.68,0.99020178,0.023474732,255,1,968,968
8,0,101148.52,0.99194389,0.023474732,255,1,969,969
8,0,101309.99,0.96656808,0.023474732,255,1,970,970
8,0,101000.53,0.99014433,0.023474732,255,1,971,971
8,0,100915.25,0.97196669,0.023474732,255,1,972,972
8,0,100920.03,0.91358893,0.023474732,255,1,973,973
8,0,100733.05,0.93238393,0.023474732,255,1,974,974
8,0,101173.75,0.94680821,0.023474732,255,1,975,975
8,0,101150.36,0.99700704,0.023474732,255,1,976,976
8,0,100668.24,0.93335248,0.023474732,255,1,977,977
8,0,101037.64,0.91609965,0.023474732,255,1,978,978
8,0,100720.06,0.98544905,0.023474732,255,1,979,979
8,0,100787.83,0.9326717,0.023474732,255,1,980,980
8,0,100676.33,0.98971432,0.023474732,255,1,981,981
8,0,100098.04,0.83124289,0.023474732,255,1,982,982
8,0,100301.95,0.95174998,0.023474732,255,1,983,983
8,0,100664.19,0.89928081,0.023474732,255,1,984,984
8,0,100782.8,0.94204387,0.023474732,255,1,985,985
8,0,100593.49,0.96373327,0.023474732,255,1,986,986
8,0,100938.66,0.88212798,0.023474732,255,1,987,987
8,0,101037.65,0.9962192,0.023474732,255,1,988,988
8,0,101362.82,0.98498581,0.023474732,255,1,989,989
8,0,101214.14,0.92216999,0.023474732,255,1,990,990
8,0,100828.97,0.95765843,0.023474732,255,1,991,991
8,0,100779.46,0.77127323,0.023474732,255,1,992,992
8,0,100389.76,0.99620276,0.023474732,255,1,993,993
8,0,100426.9,0.99541027,0.023474732,255,1,994,994
8,0,100658.47,0.97429185,0.023474732,255,1,995,995
8,0,100525.28,0.97099434,0.023474732,255,1,996,996
8,0,100073.46,0.95530537,0.023474732,255,1,997,997
8,0,100653.32,0.95008484,0.023474732,255,1,998,998
8,0,100558,0.94375098,0.023474732,255,1,999,999
8,0,100484.69,0.88061481,0.023474732,255,1,1000,1000
8,0,100809.33,0.94971882,0.021809401,255,2,1,1001
8,0,100917.84,0.99944842,0.021809401,255,2,2,1002
8,0,101025.69,0.93219194,0.021809401,255,2,3,1003
8,0,100881.66,0.988023,0.021809401,255,2,4,1004
8,0,101190.44,0.79783967,0.021809401,255,2,5,1005
8,0,100937.6,0.99171072,0.021809401,255,2,6,1006
8,0,101148.98,0.99888186,0.021809401,255,2,7,1007
8,0,100728.99,0.99672802,0.021809401,255,2,8,1008
8,0,100850.18,0.99503512,0.021809401,255,2,9,1009
8,0,100612.47,0.85887671,0.021809401,255,2,10,1010
8,0,100414.88,0.90000991,0.021809401,255,2,11,1011
8,0,100514.84,0.99309878,0.021809401,255,2,12,1012
8,0,101500.74,0.99587244,0.021809401,255,2,13,1013
8,0,101421,0.94260001,0.021809401,255,2,14,1014
8,0,100715.29,0.97277097,0.021809401,255,2,15,1015
8,0,101047.98,0.89624958,0.021809401,255,2,16,1016
8,0,100851.55,0.99148302,0.021809401,255,2,17,1017
8,0,100624.85,0.99814146,0.021809401,255,2,18,1018
8,0,100334.45,0.95962437,0.021809401,255,2,19,1019
8,0,100181.13,0.99306945,0.021809401,255,2,20,1020
8,0,100262.16,0.95624524,0.021809401,255,2,21,1021
8,0,100307.97,0.98626491,0.021809401,255,2,22,1022
8,0,100905.06,0.8024092,0.021809401,255,2,23,1023
8,0,100926.25,0.97330803,0.021809401,255,2,24,1024
8,0,100829.89,0.98530215,0.021809401,255,2,25,1025
8,0,100303.38,0.96857724,0.021809401,255,2,26,1026
8,0,100401.12,0.92224262,0.021809401,255,2,27,1027
8,0,100709.33,0.90753814,0.021809401,255,2,28,1028
8,0,100594.99,0.98010451,0.021809401,255,2,29,1029
8,0,100691.62,0.88185493,0.021809401,255,2,30,1030
8,0,100614.29,0.94336218,0.021809401,255,2,31,1031
8,0,100820.04,0.99999842,0.021809401,255,2,32,1032
8,0,100855,0.93500713,0.021809401,255,2,33,1033
8,0,100909.57,0.99424258,0.021809401,255,2,34,1034
8,0,100781.26,0.8691843,0.021809401,255,2,35,1035
8,0,100693.75,0.98816479,0.021809401,255,2,36,1036
8,0,100532.66,0.94035626,0.021809401,255,2,37,1037
8,0,100639.26,0.97812561,0.021809401,255,2,38,1038
8,0,100672.95,0.97774288,0.021809401,255,2,39,1039
8,0,101125.04,0.92407169,0.021809401,255,2,40,1040
8,0,101425.06,0.98664115,0.021809401,255,2,41,1041
8,0,101329.87,0.85990746,0.021809401,255,2,42,1042
8,0,101333.63,0.95227662,0.021809401,255,2,43,1043
8,0,100923.26,0.97463879,0.021809401,255,2,44,1044
8,0,101087.78,0.94598732,0.021809401,255,2,45,1045
8,0,100819.91,0.99333232,0.021809401,255,2,46,1046
8,0,100778.33,0.94001847,0.021809401,255,2,47,1047
8,0,100698.4,0.91122025,0.021809401,255,2,48,1048
8,0,100662.13,0.91891777,0.021809401,255,2,49,1049
8,0,100360.2,0.95844354,0.021809401,255,2,50,1050
8,0,100401.9,0.8766191,0.021809401,255,2,51,1051
8,0,100466.63,0.83408049,0.021809401,255,2,52,1052
8,0,100824.89,0.98943816,0.021809401,255,2,53,1053
8,0,100370.1,0.98282308,0.021809401,255,2,54,1054
8,0,100200.28,0.87655593,0.021809401,255,2,55,1055
8,0,100339.44,0.99173665,0.021809401,255,2,56,1056
8,0,100401.06,0.99311977,0.021809401,255,2,57,1057
8,0,100554.82,0.98878072,0.021809401,255,2,58,1058
8,0,101031.1,0.94656608,0.021809401,255,2,59,1059
8,0,100675.47,0.97840671,0.021809401,255,2,60,1060
8,0,100650.96,0.97261024,0.021809401,255,2,61,1061
8,0,100945.16,0.98325179,0.021809401,255,2,62,1062
8,0,101050.74,0.92828494,0.021809401,255,2,63,1063
8,0,100467.72,0.96846657,0.021809401,255,2,64,1064
8,0,100765.42,0.98499345,0.021809401,255,2,65,1065
8,0,100853.46,0.98051501,0.021809401,255,2,66,1066
8,0,100625.05,0.82157247,0.021809401,255,2,67,1067
8,0,100921.15,0.96042572,0.021809401,255,2,68,1068
8,0,101004.75,0.99277786,0.021809401,255,2,69,1069
8,0,101104.64,0.94757621,0.021809401,255,2,70,1070
8,0,100859.79,0.96543152,0.021809401,255,2,71,1071
8,0,100836.99,0.92476398,0.021809401,255,2,72,1072
8,0,101092.58,0.81372496,0.021809401,255,2,73,1073
8,0,101145.6,0.99078201,0.021809401,255,2,74,1074
8,0,100813.47,0.97795658,0.021809401,255,2,75,1075
8,0,101208.06,0.9178843,0.021809401,255,2,76,1076
8,0,100917.53,0.88073356,0.021809401,255,2,77,1077
8,0,100868.28,0.89694092,0.021809401,255,2,78,1078
8,0,101008.33,0.99346887,0.021809401,255,2,79,1079
8,0,100581.21,0.99301176,0.021809401,255,2,80,1080
8,0,100376.67,0.98194777,0.021809401,255,2,81,1081
8,0,100289.06,0.96625723,0.021809401,255,2,82,1082
8,0,100817.85,0.95258709,0.021809401,255,2,83,1083
8,0,100712.03,0.86295363,0.021809401,255,2,84,1084
8,0,100927.44,0.99953063,0.021809401,255,2,85,1085
8,0,101251.38,0.96494025,0.021809401,255,2,86,1086
8,0,100878.32,0.96757257,0.021809401,255,2,87,1087
8,0,100831.73,0.93776502,0.021809401,255,2,88,1088
8,0,100904.89,0.92089391,0.021809401,255,2,89,1089
8,0,101084.22,0.98887902,0.021809401,255,2,90,1090
8,0,101318.68,0.96597635,0.021809401,255,2,91,1091
8,0,100875.82,0.94552717,0.021809401,255,2,92,1092
8,0,101174.81,0.9645079,0.021809401,255,2,93,1093
8,0,101478.34,0.92105533,0.021809401,255,2,94,1094
8,0,101293.44,0.93254385,0.021809401,255,2,95,1095
8,0,101285.83,0.99510589,0.021809401,255,2,96,1096
8,0,100667.43,0.96157859,0.021809401,255,2,97,1097
8,0,100821.27,0.93277735,0.021809401,255,2,98,1098
8,0,101082.29,0.83808387,0.021809401,255,2,99,1099
8,0,101119.09,0.99807002,0.021809401,255,2,100,1100
8,0,100545.56,0.97640466,0.021809401,255,2,101,1101
8,0,100254.48,0.96746409,0.021809401,255,2,102,1102
8,0,100287.91,0.9471188,0.021809401,255,2,103,1103
8,0,100520.68,0.99170638,0.021809401,255,2,104,1104
8,0,100979.71,0.9925912,0.021809401,255,2,105,1105
8,0,101045.02,0.99976587,0.021809401,255,2,106,1106
8,0,100968.57,0.93115869,0.021809401,255,2,107,1107
8,0,100716.49,0.87429364,0.021809401,255,2,108,1108
8,0,101068.32,0.96664419,0.021809401,255,2,109,1109
8,0,101252.24,0.97094795,0.021809401,255,2,110,1110
8,0,101448.39,0.96218471,0.021809401,255,2,111,1111
8,0,101115.04,0.9719655,0.021809401,255,2,112,1112
8,0,100865.14,0.94822446,0.021809401,255,2,113,1113
8,0,100456.96,0.94000014,0.021809401,255,2,114,1114
8,0,100727.65,0.96784137,0.021809401,255,2,115,1115
8,0,101046.67,0.90197358,0.021809401,255,2,116,1116
8,0,101073.12,0.93483978,0.021809401,255,2,117,1117
8,0,100538.19,0.98466851,0.021809401,255,2,118,1118
8,0,99875.329,0.99067904,0.021809401,255,2,119,1119
8,0,100408.77,0.89572077,0.021809401,255,2,120,1120
8,0,100473.89,0.95991937,0.021809401,255,2,121,1121
8,0,100375.41,0.99332839,0.021809401,255,2,122,1122
8,0,100107.08,0.96730003,0.021809401,255,2,123,1123
8,0,100773.74,0.91315049,0.021809401,255,2,124,1124
8,0,100782.18,0.94392351,0.021809401,255,2,125,1125
8,0,100623.92,0.98548873,0.021809401,255,2,126,1126
8,0,100662.9,0.91622147,0.021809401,255,2,127,1127
8,0,100841.83,0.95780134,0.021809401,255,2,128,1128
8,0,101047.36,0.99740673,0.021809401,255,2,129,1129
8,0,100761.46,0.98158972,0.021809401,255,2,130,1130
8,0,100894.39,0.99743658,0.021809401,255,2,131,1131
8,0,100872.62,0.96773477,0.021809401,255,2,132,1132
8,0,100905.95,0.97651246,0.021809401,255,2,133,1133
8,0,100731.43,0.98942097,0.021809401,255,2,134,1134
8,0,100604.25,0.98010796,0.021809401,255,2,135,1135
8,0,100753.52,0.98765465,0.021809401,255,2,136,1136
8,0,100465.55,0.99710941,0.021809401,255,2,137,1137
8,0,100789.1,0.93826453,0.021809401,255,2,138,1138
8,0,100549.19,0.8861906,0.021809401,255,2,139,1139
8,0,100794.6,0.91760002,0.021809401,255,2,140,1140
8,0,100846.82,0.99606822,0.021809401,255,2,141,1141
8,0,100407.92,0.85919198,0.021809401,255,2,142,1142
8,0,100613.27,0.99477676,0.021809401,255,2,143,1143
8,0,100910.58,0.94457969,0.021809401,255,2,144,1144
8,0,100564.59,0.94342483,0.021809401,255,2,145,1145
8,0,100344.84,0.92134326,0.021809401,255,2,146,1146
8,0,100431.4,0.97348648,0.021809401,255,2,147,1147
8,0,100601.2,0.85302927,0.021809401,255,2,148,1148
8,0,100961.97,0.98165114,0.021809401,255,2,149,1149
8,0,100691.22,0.91557247,0.021809401,255,2,150,1150
8,0,100555.47,0.89046875,0.021809401,255,2,151,1151
8,0,100630.8,0.99592878,0.021809401,255,2,152,1152
8,0,100608.89,0.98531211,0.021809401,255,2,153,1153
8,0,100855.43,0.98620717,0.021809401,255,2,154,1154
8,0,100756.69,0.97024721,0.021809401,255,2,155,1155
8,0,100942.89,0.95550338,0.021809401,255,2,156,1156
8,0,100881.62,0.98861094,0.021809401,255,2,157,1157
8,0,101037.54,0.98176307,0.021809401,255,2,158,1158
8,0,101275.28,0.9985569,0.021809401,255,2,159,1159
8,0,101129.69,0.98144526,0.021809401,255,2,160,1160
8,0,100765.3,0.99773533,0.021809401,255,2,161,1161
8,0,100430.81,0.98918119,0.021809401,255,2,162,1162
8,0,100583.66,0.948087,0.021809401,255,2,163,1163
8,0,100466.65,0.97671701,0.021809401,255,2,164,1164
8,0,100735.75,0.91993343,0.021809401,255,2,165,1165
8,0,100928.35,0.98021662,0.021809401,255,2,166,1166
8,0,100903.33,0.99610498,0.021809401,255,2,167,1167
8,0,100932.89,0.98608176,0.021809401,255,2,168,1168
8,0,100695.67,0.9444816,0.021809401,255,2,169,1169
8,0,101226.8,0.96299629,0.021809401,255,2,170,1170
8,0,100979.92,0.98005147,0.021809401,255,2,171,1171
8,0,101122.09,0.98805668,0.021809401,255,2,172,1172
8,0,100786.79,0.97683233,0.021809401,255,2,173,1173
8,0,100580.53,0.94661495,0.021809401,255,2,174,1174
8,0,100632.13,0.8565789,0.021809401,255,2,175,1175
8,0,100489.2,0.96800252,0.021809401,255,2,176,1176
8,0,101142.87,0.76944752,0.021809401,255,2,177,1177
8,0,100771.07,0.96960126,0.021809401,255,2,178,1178
8,0,100662.23,0.97593442,0.021809401,255,2,179,1179
8,0,100288.24,0.94762861,0.021809401,255,2,180,1180
8,0,100381.62,0.98416416,0.021809401,255,2,181,1181
8,0,100619.63,0.96007294,0.021809401,255,2,182,1182
8,0,100200.78,0.94804393,0.021809401,255,2,183,1183
8,0,100155.31,0.97531029,0.021809401,255,2,184,1184
8,0,100097.79,0.99540065,0.021809401,255,2,185,1185
8,0,99996.975,0.87030726,0.021809401,255,2,186,1186
8,0,100251.69,0.97612985,0.021809401,255,2,187,1187
8,0,100335.12,0.93525906,0.021809401,255,2,188,1188
8,0,100633.85,0.95694996,0.021809401,255,2,189,1189
8,0,100323.85,0.92082686,0.021809401,255,2,190,1190
8,0,100857.42,0.8987403,0.021809401,255,2,191,1191
8,0,100882.53,0.97515257,0.021809401,255,2,192,1192
8,0,100762.35,0.96370021,0.021809401,255,2,193,1193
8,0,100778.15,0.94214222,0.021809401,255,2,194,1194
8,0,101019.83,0.97063469,0.021809401,255,2,195,1195
8,0,101119.09,0.98547194,0.021809401,255,2,196,1196
8,0,101310.19,0.93973853,0.021809401,255,2,197,1197
8,0,101166.01,0.95404386,0.021809401,255,2,198,1198
8,0,100688.34,0.99363572,0.021809401,255,2,199,1199
8,0,100752.91,0.92380701,0.021809401,255,2,200,1200
8,0,101414.66,0.90939388,0.021809401,255,2,201,1201
8,0,101080.66,0.85186065,0.021809401,255,2,202,1202
8,0,101109.37,0.82053458,0.021809401,255,2,203,1203
8,0,100643.42,0.99953953,0.021809401,255,2,204,1204
8,0,100264.28,0.89179784,0.021809401,255,2,205,1205
8,0,100553.21,0.92948919,0.021809401,255,2,206,1206
8,0,100604.55,0.91720213,0.021809401,255,2,207,1207
8,0,100569.64,0.9951429,0.021809401,255,2,208,1208
8,0,100531.2,0.98700958,0.021809401,255,2,209,1209
8,0,100754.68,0.9816876,0.021809401,255,2,210,1210
8,0,100795.28,0.97851497,0.021809401,255,2,211,1211
8,0,100945.28,0.98093524,0.021809401,255,2,212,1212
8,0,101204.23,0.92531485,0.021809401,255,2,213,1213
8,0,101422.05,0.87787066,0.021809401,255,2,214,1214
8,0,101078.4,0.92980877,0.021809401,255,2,215,1215
8,0,100489.76,0.9818612,0.021809401,255,2,216,1216
8,0,100692.68,0.95569789,0.021809401,255,2,217,1217
8,0,100725.61,0.93222288,0.021809401,255,2,218,1218
8,0,100702.33,0.89326033,0.021809401,255,2,219,1219
8,0,100319.95,0.96694495,0.021809401,255,2,220,1220
8,0,99882.237,0.86539104,0.021809401,255,2,221,1221
8,0,100208.14,0.91732146,0.021809401,255,2,222,1222
8,0,100750.37,0.92233025,0.021809401,255,2,223,1223
8,0,100098.89,0.99817495,0.021809401,255,2,224,1224
8,0,99922.387,0.99785669,0.021809401,255,2,225,1225
8,0,100282.05,0.95870745,0.021809401,255,2,226,1226
8,0,100344.45,0.9803179,0.021809401,255,2,227,1227
8,0,100399.12,0.92330389,0.021809401,255,2,228,1228
8,0,100436.86,0.93870246,0.021809401,255,2,229,1229
8,0,100942.81,0.98740315,0.021809401,255,2,230,1230
8,0,100688.84,0.83600029,0.021809401,255,2,231,1231
8,0,100257.34,0.94186633,0.021809401,255,2,232,1232
8,0,100536.13,0.97173809,0.021809401,255,2,233,1233
8,0,100504.01,0.90993251,0.021809401,255,2,234,1234
8,0,101034.84,0.88667858,0.021809401,255,2,235,1235
8,0,101089.87,0.97046445,0.021809401,255,2,236,1236
8,0,101167.54,0.98006837,0.021809401,255,2,237,1237
8,0,100918.63,0.94576818,0.021809401,255,2,238,1238
8,0,101287.4,0.9573047,0.021809401,255,2,239,1239
8,0,101135.91,0.93799632,0.021809401,255,2,240,1240
8,0,101511.5,0.93178995,0.021809401,255,2,241,1241
8,0,101455.68,0.93706913,0.021809401,255,2,242,1242
8,0,101295.96,0.98914478,0.021809401,255,2,243,1243
8,0,101484.12,0.99711333,0.021809401,255,2,244,1244
8,0,101671.79,0.87246732,0.021809401,255,2,245,1245
8,0,101171.52,0.99386284,0.021809401,255,2,246,1246
8,0,100792.47,0.96978036,0.021809401,255,2,247,1247
8,0,100988.79,0.92859715,0.021809401,255,2,248,1248
8,0,100695.54,0.98902507,0.021809401,255,2,249,1249
8,0,100544.91,0.99616912,0.021809401,255,2,250,1250
8,0,100513.82,0.94062969,0.021809401,255,2,251,1251
8,0,101005.31,0.93747973,0.021809401,255,2,252,1252
8,0,100893.79,0.978634,0.021809401,255,2,253,1253
8,0,100800.02,0.95828168,0.021809401,255,2,254,1254
8,0,100971.64,0.96345002,0.021809401,255,2,255,1255
8,0,100375.45,0.98237558,0.021809401,255,2,256,1256
8,0,100566.98,0.95024031,0.021809401,255,2,257,1257
8,0,100371.44,0.98029467,0.021809401,255,2,258,1258
8,0,100834.43,0.99632748,0.021809401,255,2,259,1259
8,0,100721.27,0.99714732,0.021809401,255,2,260,1260
8,0,101441.93,0.85649612,0.021809401,255,2,261,1261
8,0,100823.31,0.93607306,0.021809401,255,2,262,1262
8,0,100818.09,0.99657734,0.021809401,255,2,263,1263
8,0,100849.02,0.98310699,0.021809401,255,2,264,1264
8,0,100581.27,0.92374672,0.021809401,255,2,265,1265
8,0,100280.76,0.90301901,0.021809401,255,2,266,1266
8,0,100343.65,0.9670015,0.021809401,255,2,267,1267
8,0,100654.92,0.98903642,0.021809401,255,2,268,1268
8,0,100414.51,0.87799957,0.021809401,255,2,269,1269
8,0,100166.62,0.87616719,0.021809401,255,2,270,1270
8,0,100518.57,0.99219728,0.021809401,255,2,271,1271
8,0,100432.22,0.94768687,0.021809401,255,2,272,1272
8,0,100660.57,0.98483914,0.021809401,255,2,273,1273
8,0,100114.02,0.99544234,0.021809401,255,2,274,1274
8,0,99829.471,0.74155486,0.021809401,255,2,275,1275
8,0,100030.27,0.89450179,0.021809401,255,2,276,1276
8,0,99713.55,0.97761856,0.021809401,255,2,277,1277
8,0,99991.55,0.89771059,0.021809401,255,2,278,1278
8,0,99962.857,0.87034974,0.021809401,255,2,279,1279
8,0,100429.65,0.91256916,0.021809401,255,2,280,1280
8,0,100368.37,0.93951213,0.021809401,255,2,281,1281
8,0,100446.35,0.92375938,0.021809401,255,2,282,1282
8,0,100699.37,0.92876284,0.021809401,255,2,283,1283
8,0,100657.66,0.99878219,0.021809401,255,2,284,1284
8,0,100753.26,0.97869557,0.021809401,255,2,285,1285
8,0,100558.9,0.98598792,0.021809401,255,2,286,1286
8,0,100642.49,0.99766731,0.021809401,255,2,287,1287
8,0,100283.43,0.96539895,0.021809401,255,2,288,1288
8,0,100103.01,0.9729429,0.021809401,255,2,289,1289
8,0,100238.45,0.75558695,0.021809401,255,2,290,1290
8,0,100425.03,0.99309894,0.021809401,255,2,291,1291
8,0,100281.28,0.99604231,0.021809401,255,2,292,1292
8,0,100438.44,0.98384308,0.021809401,255,2,293,1293
8,0,100336.75,0.99322464,0.021809401,255,2,294,1294
8,0,100043.52,0.92657028,0.021809401,255,2,295,1295
8,0,100227.7,0.90531071,0.021809401,255,2,296,1296
8,0,100319.11,0.91224598,0.021809401,255,2,297,1297
8,0,100640.46,0.9849272,0.021809401,255,2,298,1298
8,0,100754.89,0.88015616,0.021809401,255,2,299,1299
8,0,101277.8,0.97717454,0.021809401,255,2,300,1300
8,0,101497.08,0.96787276,0.021809401,255,2,301,1301
8,0,101224.98,0.99857991,0.021809401,255,2,302,1302
8,0,101088.76,0.94285343,0.021809401,255,2,303,1303
8,0,101680.94,0.72084812,0.021809401,255,2,304,1304
8,0,101420.43,0.98605123,0.021809401,255,2,305,1305
8,0,101131.29,0.93438696,0.021809401,255,2,306,1306
8,0,100962.06,0.9709179,0.021809401,255,2,307,1307
8,0,101085.43,0.99827956,0.021809401,255,2,308,1308
8,0,100985.96,0.99949614,0.021809401,255,2,309,1309
8,0,101045.14,0.94162999,0.021809401,255,2,310,1310
8,0,101190.1,0.98699296,0.021809401,255,2,311,1311
8,0,101422.58,0.97332908,0.021809401,255,2,312,1312
8,0,100775.22,0.98724254,0.021809401,255,2,313,1313
8,0,100244.5,0.97667842,0.021809401,255,2,314,1314
8,0,100128.86,0.97991733,0.021809401,255,2,315,1315
8,0,100101.91,0.94375211,0.021809401,255,2,316,1316
8,0,100056.53,0.96354012,0.021809401,255,2,317,1317
8,0,100568.72,0.96230575,0.021809401,255,2,318,1318
8,0,100587.32,0.99926445,0.021809401,255,2,319,1319
8,0,100864.15,0.99667949,0.021809401,255,2,320,1320
8,0,100790.22,0.97840221,0.021809401,255,2,321,1321
8,0,100897.23,0.99076852,0.021809401,255,2,322,1322
8,0,100949.55,0.93472621,0.021809401,255,2,323,1323
8,0,100927.84,0.95778725,0.021809401,255,2,324,1324
8,0,100895.9,0.96640517,0.021809401,255,2,325,1325
8,0,100675.18,0.96011909,0.021809401,255,2,326,1326
8,0,100753.05,0.98829924,0.021809401,255,2,327,1327
8,0,100533.83,0.97853903,0.021809401,255,2,328,1328
8,0,100474.87,0.89310316,0.021809401,255,2,329,1329
8,0,100508.95,0.99967105,0.021809401,255,2,330,1330
8,0,100637.25,0.78017629,0.021809401,255,2,331,1331
8,0,100805.83,0.99864237,0.021809401,255,2,332,1332
8,0,100897.19,0.99412308,0.021809401,255,2,333,1333
8,0,100527.06,0.98759018,0.021809401,255,2,334,1334
8,0,100613.73,0.96602682,0.021809401,255,2,335,1335
8,0,100651.84,0.95876665,0.021809401,255,2,336,1336
8,0,100686.26,0.90379254,0.021809401,255,2,337,1337
8,0,100624.09,0.88559529,0.021809401,255,2,338,1338
8,0,100567.2,0.98632426,0.021809401,255,2,339,1339
8,0,100457.66,0.91150364,0.021809401,255,2,340,1340
8,0,100004.72,0.99453612,0.021809401,255,2,341,1341
8,0,100044.35,0.99255562,0.021809401,255,2,342,1342
8,0,99954.046,0.90167663,0.021809401,255,2,343,1343
8,0,100259.11,0.93726245,0.021809401,255,2,344,1344
8,0,100472.63,0.96597785,0.021809401,255,2,345,1345
8,0,100717.87,0.93245653,0.021809401,255,2,346,1346
8,0,100960.72,0.99922795,0.021809401,255,2,347,1347
8,0,100864.11,0.87973402,0.021809401,255,2,348,1348
8,0,101387.65,0.91018917,0.021809401,255,2,349,1349
8,0,100959.45,0.99987415,0.021809401,255,2,350,1350
8,0,100888.98,0.95339703,0.021809401,255,2,351,1351
8,0,100930.92,0.96750056,0.021809401,255,2,352,1352
8,0,101006.95,0.93801288,0.021809401,255,2,353,1353
8,0,100929.99,0.99494702,0.021809401,255,2,354,1354
8,0,100732.26,0.93124626,0.021809401,255,2,355,1355
8,0,100753.45,0.91562428,0.021809401,255,2,356,1356
8,0,100838.57,0.99868706,0.021809401,255,2,357,1357
8,0,100683.57,0.93484786,0.021809401,255,2,358,1358
8,0,100482.68,0.99232639,0.021809401,255,2,359,1359
8,0,100587.17,0.8974985,0.021809401,255,2,360,1360
8,0,100520.82,0.95197494,0.021809401,255,2,361,1361
8,0,100653.96,0.99613501,0.021809401,255,2,362,1362
8,0,100664.86,0.95664781,0.021809401,255,2,363,1363
8,0,100523.56,0.9859445,0.021809401,255,2,364,1364
8,0,100340.35,0.95325729,0.021809401,255,2,365,1365
8,0,100959.46,0.91587693,0.021809401,255,2,366,1366
8,0,101064.5,0.90021033,0.021809401,255,2,367,1367
8,0,101427.37,0.98820925,0.021809401,255,2,368,1368
8,0,101570.3,0.90125952,0.021809401,255,2,369,1369
8,0,101187.19,0.99996914,0.021809401,255,2,370,1370
8,0,101218.85,0.94468221,0.021809401,255,2,371,1371
8,0,101168.81,0.98469804,0.021809401,255,2,372,1372
8,0,101235.06,0.95126316,0.021809401,255,2,373,1373
8,0,101030.71,0.92829056,0.021809401,255,2,374,1374
8,0,101090.39,0.83042563,0.021809401,255,2,375,1375
8,0,101310.71,0.98916714,0.021809401,255,2,376,1376
8,0,100639.37,0.96552214,0.021809401,255,2,377,1377
8,0,100583.37,0.98456131,0.021809401,255,2,378,1378
8,0,100771.86,0.95711419,0.021809401,255,2,379,1379
8,0,101158.91,0.95653452,0.021809401,255,2,380,1380
8,0,101523.75,0.93684901,0.021809401,255,2,381,1381
8,0,101493.87,0.97117211,0.021809401,255,2,382,1382
8,0,101375.47,0.9973592,0.021809401,255,2,383,1383
8,0,101106.34,0.96962531,0.021809401,255,2,384,1384
8,0,101023.38,0.98081917,0.021809401,255,2,385,1385
8,0,101459.76,0.88425566,0.021809401,255,2,386,1386
8,0,101142.86,0.98980123,0.021809401,255,2,387,1387
8,0,100968.46,0.98278887,0.021809401,255,2,388,1388
8,0,100858.64,0.95517182,0.021809401,255,2,389,1389
8,0,100482.8,0.96171599,0.021809401,255,2,390,1390
8,0,100817.95,0.97649794,0.021809401,255,2,391,1391
8,0,100499.53,0.97681951,0.021809401,255,2,392,1392
8,0,100428.31,0.97929453,0.021809401,255,2,393,1393
8,0,100623.35,0.90938289,0.021809401,255,2,394,1394
8,0,100757.48,0.99368253,0.021809401,255,2,395,1395
8,0,100581.64,0.993855,0.021809401,255,2,396,1396
8,0,100540.15,0.98389228,0.021809401,255,2,397,1397
8,0,100339.34,0.95135667,0.021809401,255,2,398,1398
8,0,100659.67,0.89556851,0.021809401,255,2,399,1399
8,0,100238.33,0.89145774,0.021809401,255,2,400,1400
8,0,99895.197,0.91703121,0.021809401,255,2,401,1401
8,0,100490.67,0.99637023,0.021809401,255,2,402,1402
8,0,100948.16,0.94613429,0.021809401,255,2,403,1403
8,0,100984.39,0.99883847,0.021809401,255,2,404,1404
8,0,100675.45,0.90271293,0.021809401,255,2,405,1405
8,0,100624.65,0.83396073,0.021809401,255,2,406,1406
8,0,100394.83,0.99922877,0.021809401,255,2,407,1407
8,0,100917.23,0.98203089,0.021809401,255,2,408,1408
8,0,100741.88,0.95669878,0.021809401,255,2,409,1409
8,0,100915.76,0.97098001,0.021809401,255,2,410,1410
8,0,100877.54,0.97534587,0.021809401,255,2,411,1411
8,0,101022.44,0.94715136,0.021809401,255,2,412,1412
8,0,101327.01,0.98455951,0.021809401,255,2,413,1413
8,0,101495.77,0.98321531,0.021809401,255,2,414,1414
8,0,101540.42,0.99585651,0.021809401,255,2,415,1415
8,0,101280.04,0.83243743,0.021809401,255,2,416,1416
8,0,100977.46,0.97053166,0.021809401,255,2,417,1417
8,0,100591.15,0.96745048,0.021809401,255,2,418,1418
8,0,100479.98,0.99715052,0.021809401,255,2,419,1419
8,0,100700.48,0.95751369,0.021809401,255,2,420,1420
8,0,100506.08,0.99578109,0.021809401,255,2,421,1421
8,0,100188.15,0.99110016,0.021809401,255,2,422,1422
8,0,100370.35,0.96722659,0.021809401,255,2,423,1423
8,0,100424.62,0.99069454,0.021809401,255,2,424,1424
8,0,100513.2,0.8133282,0.021809401,255,2,425,1425
8,0,100354.82,0.99999156,0.021809401,255,2,426,1426
8,0,100354.42,0.92852991,0.021809401,255,2,427,1427
8,0,101147,0.99171504,0.021809401,255,2,428,1428
8,0,101838.46,0.97237275,0.021809401,255,2,429,1429
8,0,101202.11,0.99608287,0.021809401,255,2,430,1430
8,0,101030.41,0.89975155,0.021809401,255,2,431,1431
8,0,100758.77,0.9960179,0.021809401,255,2,432,1432
8,0,101050.78,0.95673744,0.021809401,255,2,433,1433
8,0,101301.32,0.85620061,0.021809401,255,2,434,1434
8,0,100848.71,0.98463611,0.021809401,255,2,435,1435
8,0,100977.91,0.84985997,0.021809401,255,2,436,1436
8,0,100680.34,0.99929118,0.021809401,255,2,437,1437
8,0,101334.19,0.92377415,0.021809401,255,2,438,1438
8,0,101163.23,0.97613359,0.021809401,255,2,439,1439
8,0,100962.91,0.94205008,0.021809401,255,2,440,1440
8,0,100977.67,0.97873575,0.021809401,255,2,441,1441
8,0,100567.05,0.95860068,0.021809401,255,2,442,1442
8,0,100603.02,0.92717778,0.021809401,255,2,443,1443
8,0,100491.01,0.83295943,0.021809401,255,2,444,1444
8,0,100591.61,0.95700506,0.021809401,255,2,445,1445
8,0,100828.74,0.88660596,0.021809401,255,2,446,1446
8,0,100996.64,0.99016705,0.021809401,255,2,447,1447
8,0,101160.52,0.77209839,0.021809401,255,2,448,1448
8,0,101162.23,0.97365561,0.021809401,255,2,449,1449
8,0,101269.78,0.99425237,0.021809401,255,2,450,1450
8,0,100938.94,0.99995949,0.021809401,255,2,451,1451
8,0,100735.6,0.95600269,0.021809401,255,2,452,1452
8,0,101072.57,0.99360407,0.021809401,255,2,453,1453
8,0,101391.64,0.98431075,0.021809401,255,2,454,1454
8,0,100875.37,0.98568952,0.021809401,255,2,455,1455
8,0,101174.37,0.98670427,0.021809401,255,2,456,1456
8,0,100958.65,0.99487802,0.021809401,255,2,457,1457
8,0,100727.94,0.98705437,0.021809401,255,2,458,1458
8,0,100763.79,0.88353156,0.021809401,255,2,459,1459
8,0,100498.51,0.93429851,0.021809401,255,2,460,1460
8,0,100910.65,0.99624215,0.021809401,255,2,461,1461
8,0,100658.42,0.99034475,0.021809401,255,2,462,1462
8,0,101038.39,0.97130933,0.021809401,255,2,463,1463
8,0,101467.59,0.91514295,0.021809401,255,2,464,1464
8,0,101349.82,0.99664737,0.021809401,255,2,465,1465
8,0,101249.92,0.93863709,0.021809401,255,2,466,1466
8,0,100947.31,0.99763059,0.021809401,255,2,467,1467
8,0,100610.27,0.99817658,0.021809401,255,2,468,1468
8,0,100590.13,0.99815401,0.021809401,255,2,469,1469
8,0,100860.18,0.90336229,0.021809401,255,2,470,1470
8,0,100915.4,0.99850953,0.021809401,255,2,471,1471
8,0,100902.22,0.96306769,0.021809401,255,2,472,1472
8,0,100956.32,0.91571723,0.021809401,255,2,473,1473
8,0,101250.02,0.98111183,0.021809401,255,2,474,1474
8,0,100580.59,0.98463572,0.021809401,255,2,475,1475
8,0,100558.31,0.94583026,0.021809401,255,2,476,1476
8,0,101120.11,0.92100669,0.021809401,255,2,477,1477
8,0,100781.03,0.96553515,0.021809401,255,2,478,1478
8,0,100695.64,0.58589132,0.021809401,255,2,479,1479
8,0,101075.98,0.9842501,0.021809401,255,2,480,1480
8,0,100982.94,0.99524459,0.021809401,255,2,481,1481
8,0,101182.03,0.86325645,0.021809401,255,2,482,1482
8,0,101004.62,0.99650747,0.021809401,255,2,483,1483
8,0,101242.3,0.91271366,0.021809401,255,2,484,1484
8,0,101208.38,0.91742957,0.021809401,255,2,485,1485
8,0,100684.04,0.96949507,0.021809401,255,2,486,1486
8,0,100513.92,0.98616228,0.021809401,255,2,487,1487
8,0,100950.04,0.99589888,0.021809401,255,2,488,1488
8,0,100590.98,0.99860162,0.021809401,255,2,489,1489
8,0,100743.17,0.97536157,0.021809401,255,2,490,1490
8,0,100524.1,0.97642997,0.021809401,255,2,491,1491
8,0,100402.66,0.99124857,0.021809401,255,2,492,1492
8,0,100507.73,0.99622778,0.021809401,255,2,493,1493
8,0,100557.35,0.96436698,0.021809401,255,2,494,1494
8,0,100688.88,0.99243568,0.021809401,255,2,495,1495
8,0,100644.9,0.95042746,0.021809401,255,2,496,1496
8,0,100682.65,0.96622785,0.021809401,255,2,497,1497
8,0,100299.96,0.99480882,0.021809401,255,2,498,1498
8,0,100384.87,0.99945742,0.021809401,255,2,499,1499
8,0,100013.53,0.93737226,0.021809401,255,2,500,1500
8,0,100262.76,0.98661837,0.021809401,255,2,501,1501
8,0,100204.31,0.96022711,0.021809401,255,2,502,1502
8,0,100330.04,0.94797424,0.021809401,255,2,503,1503
8,0,100113.19,0.90181775,0.021809401,255,2,504,1504
8,0,100935.25,0.93003267,0.021809401,255,2,505,1505
8,0,100971.95,0.96031185,0.021809401,255,2,506,1506
8,0,100330.85,0.96310689,0.021809401,255,2,507,1507
8,0,100576.19,0.99211679,0.021809401,255,2,508,1508
8,0,100219.9,0.98467402,0.021809401,255,2,509,1509
8,0,100331.5,0.99157141,0.021809401,255,2,510,1510
8,0,100901.37,0.86072227,0.021809401,255,2,511,1511
8,0,101156.74,0.92304571,0.021809401,255,2,512,1512
8,0,101063.5,0.99301232,0.021809401,255,2,513,1513
8,0,101243.67,0.98119748,0.021809401,255,2,514,1514
8,0,100910.32,0.99211676,0.021809401,255,2,515,1515
8,0,100869.44,0.98098659,0.021809401,255,2,516,1516
8,0,100629.08,0.93120429,0.021809401,255,2,517,1517
8,0,100512.73,0.96280598,0.021809401,255,2,518,1518
8,0,100198.8,0.92409512,0.021809401,255,2,519,1519
8,0,100124.02,0.98240444,0.021809401,255,2,520,1520
8,0,100444.08,0.95717922,0.021809401,255,2,521,1521
8,0,100294.65,0.99271239,0.021809401,255,2,522,1522
8,0,100313.3,0.95633804,0.021809401,255,2,523,1523
8,0,100519.4,0.90975068,0.021809401,255,2,524,1524
8,0,101278.75,0.98467854,0.021809401,255,2,525,1525
8,0,100846.07,0.95556,0.021809401,255,2,526,1526
8,0,101113.63,0.9110248,0.021809401,255,2,527,1527
8,0,100931.23,0.93756278,0.021809401,255,2,528,1528
8,0,100777.55,0.90805465,0.021809401,255,2,529,1529
8,0,100689.28,0.94586579,0.021809401,255,2,530,1530
8,0,100392.28,0.99575368,0.021809401,255,2,531,1531
8,0,101257.31,0.96718182,0.021809401,255,2,532,1532
8,0,100931.8,0.99488293,0.021809401,255,2,533,1533
8,0,101405.19,0.81485805,0.021809401,255,2,534,1534
8,0,101507.61,0.94627031,0.021809401,255,2,535,1535
8,0,100937.15,0.99187905,0.021809401,255,2,536,1536
8,0,100833.22,0.97381785,0.021809401,255,2,537,1537
8,0,100840.6,0.99535753,0.021809401,255,2,538,1538
8,0,100654.49,0.98814432,0.021809401,255,2,539,1539
8,0,101176.74,0.89048177,0.021809401,255,2,540,1540
8,0,100832.61,0.99548667,0.021809401,255,2,541,1541
8,0,100712.77,0.99707448,0.021809401,255,2,542,1542
8,0,100753.03,0.97568217,0.021809401,255,2,543,1543
8,0,100294.06,0.95249495,0.021809401,255,2,544,1544
8,0,100448.92,0.84503232,0.021809401,255,2,545,1545
8,0,100355.08,0.91356089,0.021809401,255,2,546,1546
8,0,100594.57,0.94121983,0.021809401,255,2,547,1547
8,0,100591.16,0.91370207,0.021809401,255,2,548,1548
8,0,101010.97,0.94812854,0.021809401,255,2,549,1549
8,0,100984.83,0.96401576,0.021809401,255,2,550,1550
8,0,100886.16,0.92646466,0.021809401,255,2,551,1551
8,0,100731.86,0.96758331,0.021809401,255,2,552,1552
8,0,100523.56,0.89276656,0.021809401,255,2,553,1553
8,0,100733.98,0.95500519,0.021809401,255,2,554,1554
8,0,100544,0.99834041,0.021809401,255,2,555,1555
8,0,100701.16,0.99401457,0.021809401,255,2,556,1556
8,0,100339.82,0.9298792,0.021809401,255,2,557,1557
8,0,100228.66,0.99915441,0.021809401,255,2,558,1558
8,0,100498.68,0.84314425,0.021809401,255,2,559,1559
8,0,100855.21,0.98007084,0.021809401,255,2,560,1560
8,0,100776.39,0.97027198,0.021809401,255,2,561,1561
8,0,100893.91,0.91989101,0.021809401,255,2,562,1562
8,0,100689.24,0.99848554,0.021809401,255,2,563,1563
8,0,100585.53,0.95606317,0.021809401,255,2,564,1564
8,0,100828.3,0.88621721,0.021809401,255,2,565,1565
8,0,101019.91,0.9600814,0.021809401,255,2,566,1566
8,0,100992.98,0.97334234,0.021809401,255,2,567,1567
8,0,100688.15,0.98879928,0.021809401,255,2,568,1568
8,0,100450.21,0.98382118,0.021809401,255,2,569,1569
8,0,100528.24,0.9476069,0.021809401,255,2,570,1570
8,0,100500.51,0.99003998,0.021809401,255,2,571,1571
8,0,100526.38,0.87042773,0.021809401,255,2,572,1572
8,0,100750.03,0.99330176,0.021809401,255,2,573,1573
8,0,100727.98,0.94864313,0.021809401,255,2,574,1574
8,0,101210.64,0.94008321,0.021809401,255,2,575,1575
8,0,100808.88,0.99404841,0.021809401,255,2,576,1576
8,0,101319.96,0.9600918,0.021809401,255,2,577,1577
8,0,101244.92,0.97013993,0.021809401,255,2,578,1578
8,0,101083.74,0.99988574,0.021809401,255,2,579,1579
8,0,101002.12,0.93245659,0.021809401,255,2,580,1580
8,0,100859.38,0.94818207,0.021809401,255,2,581,1581
8,0,100826.41,0.97216165,0.021809401,255,2,582,1582
8,0,100795.87,0.91176373,0.021809401,255,2,583,1583
8,0,100628.95,0.95671901,0.021809401,255,2,584,1584
8,0,101051.21,0.91131799,0.021809401,255,2,585,1585
8,0,101589.98,0.93483446,0.021809401,255,2,586,1586
8,0,101265.42,0.97110193,0.021809401,255,2,587,1587
8,0,100773.86,0.94943107,0.021809401,255,2,588,1588
8,0,100749.35,0.97809767,0.021809401,255,2,589,1589
8,0,100900.33,0.93405363,0.021809401,255,2,590,1590
8,0,100862.08,0.85060347,0.021809401,255,2,591,1591
8,0,100828.47,0.94543842,0.021809401,255,2,592,1592
8,0,100759.21,0.95798655,0.021809401,255,2,593,1593
8,0,100787.38,0.99755162,0.021809401,255,2,594,1594
8,0,100473.06,0.89259425,0.021809401,255,2,595,1595
8,0,100596.26,0.92509764,0.021809401,255,2,596,1596
8,0,100789.84,0.99735903,0.021809401,255,2,597,1597
8,0,100637.27,0.91803229,0.021809401,255,2,598,1598
8,0,100699.85,0.91507488,0.021809401,255,2,599,1599
8,0,100533.06,1,0.021809401,255,2,600,1600
8,0,100456.23,0.89096359,0.021809401,255,2,601,1601
8,0,100653.71,0.9066046,0.021809401,255,2,602,1602
8,0,100736.84,0.97467703000000006,0.021809401,255,2,603,1603
8,0,100884.65,0.97904212,0.021809401,255,2,604,1604
8,0,100660.03,0.94068611,0.021809401,255,2,605,1605
8,0,100296.76,0.9969626,0.021809401,255,2,606,1606
8,0,100523.44,0.92695203,0.021809401,255,2,607,1607
8,0,100567.49,0.94380764,0.021809401,255,2,608,1608
8,0,100488.59,0.98995742,0.021809401,255,2,609,1609
8,0,100740.2,0.9039885,0.021809401,255,2,610,1610
8,0,100643.1,0.99923181,0.021809401,255,2,611,1611
8,0,100639.81,0.99895674,0.021809401,255,2,612,1612
8,0,101185.76,0.92339982,0.021809401,255,2,613,1613
8,0,101189.01,0.97744081,0.021809401,255,2,614,1614
8,0,101006.5,0.98212938,0.021809401,255,2,615,1615
8,0,100325.13,0.87059814,0.021809401,255,2,616,1616
8,0,100418.73,0.94694508,0.021809401,255,2,617,1617
8,0,100666.71,0.96675415,0.021809401,255,2,618,1618
8,0,100903.29,0.99807836,0.021809401,255,2,619,1619
8,0,100695.46,0.99979798,0.021809401,255,2,620,1620
8,0,100681.99,0.97914854,0.021809401,255,2,621,1621
8,0,101022.42,0.93003863,0.021809401,255,2,622,1622
8,0,100561.86,0.93685254,0.021809401,255,2,623,1623
8,0,100239.19,0.98809766,0.021809401,255,2,624,1624
8,0,100430.41,0.98000278,0.021809401,255,2,625,1625
8,0,100501.2,0.9904356,0.021809401,255,2,626,1626
8,0,100362.1,0.90598114,0.021809401,255,2,627,1627
8,0,100419.44,0.85868469,0.021809401,255,2,628,1628
8,0,101179.71,0.87926267,0.021809401,255,2,629,1629
8,0,101033.91,0.96744473,0.021809401,255,2,630,1630
8,0,100594.57,0.98940195,0.021809401,255,2,631,1631
8,0,100133.66,0.9609645,0.021809401,255,2,632,1632
8,0,100008.69,0.9995805,0.021809401,255,2,633,1633
8,0,99679.064,0.99195469,0.021809401,255,2,634,1634
8,0,99697.019,0.94531307,0.021809401,255,2,635,1635
8,0,99903.444,0.97301094,0.021809401,255,2,636,1636
8,0,100625.99,0.92950644,0.021809401,255,2,637,1637
8,0,100524.88,0.99089855,0.021809401,255,2,638,1638
8,0,100512.51,0.97125566,0.021809401,255,2,639,1639
8,0,100873.95,0.99771278,0.021809401,255,2,640,1640
8,0,100641.03,0.99335921,0.021809401,255,2,641,1641
8,0,100752.27,0.99897066,0.021809401,255,2,642,1642
8,0,101079.83,0.87760683,0.021809401,255,2,643,1643
8,0,101074.55,0.93295752,0.021809401,255,2,644,1644
8,0,100495.89,0.99277814,0.021809401,255,2,645,1645
8,0,100757.25,0.99141852,0.021809401,255,2,646,1646
8,0,101058.59,0.89480007,0.021809401,255,2,647,1647
8,0,100884.22,0.98290619,0.021809401,255,2,648,1648
8,0,100802.14,0.9640588,0.021809401,255,2,649,1649
8,0,100884.66,0.96840165,0.021809401,255,2,650,1650
8,0,100529.96,0.98707507,0.021809401,255,2,651,1651
8,0,100980.51,0.94918613,0.021809401,255,2,652,1652
8,0,100338.46,0.99996085,0.021809401,255,2,653,1653
8,0,100181.48,0.83915184,0.021809401,255,2,654,1654
8,0,100041.63,0.99504021,0.021809401,255,2,655,1655
8,0,100219.98,0.92743064,0.021809401,255,2,656,1656
8,0,100034.38,0.95560127,0.021809401,255,2,657,1657
8,0,100480.87,0.93481012,0.021809401,255,2,658,1658
8,0,100751.87,0.8966933,0.021809401,255,2,659,1659
8,0,100788.4,0.83104997,0.021809401,255,2,660,1660
8,0,100554.2,0.98718705,0.021809401,255,2,661,1661
8,0,100654.62,0.99870017,0.021809401,255,2,662,1662
8,0,100579.32,0.93010861,0.021809401,255,2,663,1663
8,0,100940.69,0.88974714,0.021809401,255,2,664,1664
8,0,100893.9,0.96118435,0.021809401,255,2,665,1665
8,0,100770.3,0.97948056,0.021809401,255,2,666,1666
8,0,100836.51,0.98141307,0.021809401,255,2,667,1667
8,0,100791.96,0.92449156,0.021809401,255,2,668,1668
8,0,100926,0.96011657,0.021809401,255,2,669,1669
8,0,100909.03,0.86311715,0.021809401,255,2,670,1670
8,0,101075.63,0.9866891,0.021809401,255,2,671,1671
8,0,100922.38,0.93590012,0.021809401,255,2,672,1672
8,0,100773.93,0.85940642,0.021809401,255,2,673,1673
8,0,100888.45,0.99289056,0.021809401,255,2,674,1674
8,0,101244.36,0.94894661,0.021809401,255,2,675,1675
8,0,101506.42,0.96326097,0.021809401,255,2,676,1676
8,0,101491.43,0.99357832,0.021809401,255,2,677,1677
8,0,101658.05,0.92030225,0.021809401,255,2,678,1678
8,0,101405.88,0.98019725,0.021809401,255,2,679,1679
8,0,101061.75,0.99618024,0.021809401,255,2,680,1680
8,0,101139.71,0.8606717,0.021809401,255,2,681,1681
8,0,101140.03,0.98441068,0.021809401,255,2,682,1682
8,0,101417.26,0.98446873,0.021809401,255,2,683,1683
8,0,101233.28,0.89552279,0.021809401,255,2,684,1684
8,0,101010.55,0.93348905,0.021809401,255,2,685,1685
8,0,100308.72,0.97012239,0.021809401,255,2,686,1686
8,0,100528.95,0.97587836,0.021809401,255,2,687,1687
8,0,100614.09,0.93610431,0.021809401,255,2,688,1688
8,0,100358.57,0.99785347,0.021809401,255,2,689,1689
8,0,100620.38,0.98557112,0.021809401,255,2,690,1690
8,0,100937.16,0.88038126,0.021809401,255,2,691,1691
8,0,100601.32,0.9804814,0.021809401,255,2,692,1692
8,0,100290.34,0.95092999,0.021809401,255,2,693,1693
8,0,100600.31,0.99276818,0.021809401,255,2,694,1694
8,0,100731.49,0.9964017,0.021809401,255,2,695,1695
8,0,100815.23,0.98906615,0.021809401,255,2,696,1696
8,0,100486.21,0.99777682,0.021809401,255,2,697,1697
8,0,100618.35,0.94940863,0.021809401,255,2,698,1698
8,0,101233.15,0.87974002,0.021809401,255,2,699,1699
8,0,101076.28,0.82566523,0.021809401,255,2,700,1700
8,0,101363.21,0.99479555,0.021809401,255,2,701,1701
8,0,101173.34,0.9420427,0.021809401,255,2,702,1702
8,0,101192.99,0.83695723,0.021809401,255,2,703,1703
8,0,101298.3,0.94907534,0.021809401,255,2,704,1704
8,0,101316.9,0.99434972,0.021809401,255,2,705,1705
8,0,101240.95,0.9738715,0.021809401,255,2,706,1706
8,0,100849.57,0.98920138,0.021809401,255,2,707,1707
8,0,100577.58,0.9956789,0.021809401,255,2,708,1708
8,0,100904.91,0.91515857,0.021809401,255,2,709,1709
8,0,100688.14,0.95838101,0.021809401,255,2,710,1710
8,0,101009.51,0.96647734,0.021809401,255,2,711,1711
8,0,100824.81,0.85602755,0.021809401,255,2,712,1712
8,0,101259.12,0.99692499,0.021809401,255,2,713,1713
8,0,100889.57,0.91347825,0.021809401,255,2,714,1714
8,0,101047.39,0.96251171,0.021809401,255,2,715,1715
8,0,100858.34,0.99638086,0.021809401,255,2,716,1716
8,0,101052,0.93636309,0.021809401,255,2,717,1717
8,0,101100.5,0.97192978,0.021809401,255,2,718,1718
8,0,101095.5,0.99688576,0.021809401,255,2,719,1719
8,0,100657.53,0.98952211,0.021809401,255,2,720,1720
8,0,100659.61,0.94306546,0.021809401,255,2,721,1721
8,0,100531.81,0.99225839,0.021809401,255,2,722,1722
8,0,100824.7,0.98976553,0.021809401,255,2,723,1723
8,0,100753.42,0.99677931,0.021809401,255,2,724,1724
8,0,100582.26,0.98649692,0.021809401,255,2,725,1725
8,0,100930.84,0.88489841,0.021809401,255,2,726,1726
8,0,101108.91,0.90012156,0.021809401,255,2,727,1727
8,0,100959.8,0.84679927,0.021809401,255,2,728,1728
8,0,101506.48,0.97127102,0.021809401,255,2,729,1729
8,0,101222.46,0.99902784,0.021809401,255,2,730,1730
8,0,100943.4,0.99768987,0.021809401,255,2,731,1731
8,0,100568.22,0.99666775,0.021809401,255,2,732,1732
8,0,100823.29,0.96960143,0.021809401,255,2,733,1733
8,0,100802.56,0.94142375,0.021809401,255,2,734,1734
8,0,100858.21,0.94951677,0.021809401,255,2,735,1735
8,0,101359.42,0.98855721,0.021809401,255,2,736,1736
8,0,101217.2,0.93188275,0.021809401,255,2,737,1737
8,0,101038.58,0.98223395,0.021809401,255,2,738,1738
8,0,100953.59,0.93818028,0.021809401,255,2,739,1739
8,0,101262.17,0.85804165,0.021809401,255,2,740,1740
8,0,101154.12,1,0.021809401,255,2,741,1741
8,0,101197.58,0.95314131,0.021809401,255,2,742,1742
8,0,100677.47,0.99414475,0.021809401,255,2,743,1743
8,0,100388.28,0.9990907,0.021809401,255,2,744,1744
8,0,100564.08,0.94952398,0.021809401,255,2,745,1745
8,0,100637.28,0.92434658,0.021809401,255,2,746,1746
8,0,100634.57,0.89628855,0.021809401,255,2,747,1747
8,0,100532.49,0.98679104,0.021809401,255,2,748,1748
8,0,100467.55,0.96735774,0.021809401,255,2,749,1749
8,0,100898.31,0.99826458,0.021809401,255,2,750,1750
8,0,100923.61,0.96341666,0.021809401,255,2,751,1751
8,0,100824.3,0.95787614,0.021809401,255,2,752,1752
8,0,100786.83,0.98023394,0.021809401,255,2,753,1753
8,0,101333.81,0.97835362,0.021809401,255,2,754,1754
8,0,101192.52,0.99342219,0.021809401,255,2,755,1755
8,0,100997.27,0.99281798,0.021809401,255,2,756,1756
8,0,100907.53,0.95686925,0.021809401,255,2,757,1757
8,0,100778.96,0.99279067,0.021809401,255,2,758,1758
8,0,100795.02,0.85711933,0.021809401,255,2,759,1759
8,0,101417.62,0.97122528,0.021809401,255,2,760,1760
8,0,100954.47,0.92383935,0.021809401,255,2,761,1761
8,0,100858.47,0.97790985,0.021809401,255,2,762,1762
8,0,100752.36,0.96085606,0.021809401,255,2,763,1763
8,0,100805.76,0.96585547,0.021809401,255,2,764,1764
8,0,100303.17,0.98602849,0.021809401,255,2,765,1765
8,0,100109.78,0.97056157,0.021809401,255,2,766,1766
8,0,100422.07,0.97488183,0.021809401,255,2,767,1767
8,0,100206.33,0.9994827,0.021809401,255,2,768,1768
8,0,100221.23,0.96062019,0.021809401,255,2,769,1769
8,0,100414.21,0.94309604,0.021809401,255,2,770,1770
8,0,100455.76,0.95821621,0.021809401,255,2,771,1771
8,0,100071.19,0.99868912,0.021809401,255,2,772,1772
8,0,100124.45,0.93700563,0.021809401,255,2,773,1773
8,0,100215.47,0.93232151,0.021809401,255,2,774,1774
8,0,100023.97,0.92330354,0.021809401,255,2,775,1775
8,0,100426.65,0.91820648,0.021809401,255,2,776,1776
8,0,100624.8,0.9900499,0.021809401,255,2,777,1777
8,0,100893.77,0.99379472,0.021809401,255,2,778,1778
8,0,100698.28,0.94036125,0.021809401,255,2,779,1779
8,0,100839.11,0.97631782,0.021809401,255,2,780,1780
8,0,100188.7,0.98565939,0.021809401,255,2,781,1781
8,0,100365.15,0.94766337,0.021809401,255,2,782,1782
8,0,99825.272,0.89609583,0.021809401,255,2,783,1783
8,0,100031.03,0.98684857,0.021809401,255,2,784,1784
8,0,100295.4,0.94186938,0.021809401,255,2,785,1785
8,0,100845.81,0.97561588,0.021809401,255,2,786,1786
8,0,100814.5,0.87662441,0.021809401,255,2,787,1787
8,0,100621.72,0.99994154,0.021809401,255,2,788,1788
8,0,100517.82,0.99179073,0.021809401,255,2,789,1789
8,0,100399.36,0.97111049,0.021809401,255,2,790,1790
8,0,100510.78,0.9545879,0.021809401,255,2,791,1791
8,0,100853.28,0.9164468,0.021809401,255,2,792,1792
8,0,100722.13,0.99128283,0.021809401,255,2,793,1793
8,0,100126.58,0.88264867,0.021809401,255,2,794,1794
8,0,100409.48,0.93918406,0.021809401,255,2,795,1795
8,0,100127.08,0.96595006,0.021809401,255,2,796,1796
8,0,100651.85,0.87049589,0.021809401,255,2,797,1797
8,0,100780.36,0.88451496,0.021809401,255,2,798,1798
8,0,100624.88,0.98447246,0.021809401,255,2,799,1799
8,0,100597.62,0.92993875,0.021809401,255,2,800,1800
8,0,101028.42,0.97570952,0.021809401,255,2,801,1801
8,0,101132.46,0.96024777,0.021809401,255,2,802,1802
8,0,100796.44,0.90350703,0.021809401,255,2,803,1803
8,0,100750.22,0.9474251,0.021809401,255,2,804,1804
8,0,100979.17,0.99984491,0.021809401,255,2,805,1805
8,0,100794.17,0.99289514,0.021809401,255,2,806,1806
8,0,100451.73,0.99184905,0.021809401,255,2,807,1807
8,0,100567.34,0.93923408,0.021809401,255,2,808,1808
8,0,100585.32,0.99256384,0.021809401,255,2,809,1809
8,0,101054.02,0.97591586,0.021809401,255,2,810,1810
8,0,101223.41,0.99990568,0.021809401,255,2,811,1811
8,0,100776.41,0.98885866,0.021809401,255,2,812,1812
8,0,100513.75,0.96397541,0.021809401,255,2,813,1813
8,0,100971.65,0.79528222,0.021809401,255,2,814,1814
8,0,100801,0.98544938,0.021809401,255,2,815,1815
8,0,100602.44,0.97125439,0.021809401,255,2,816,1816
8,0,100333.1,0.88753539,0.021809401,255,2,817,1817
8,0,100406.74,0.95476966,0.021809401,255,2,818,1818
8,0,100626.54,0.96674541,0.021809401,255,2,819,1819
8,0,100998.01,0.91874176,0.021809401,255,2,820,1820
8,0,100594.83,0.99423898,0.021809401,255,2,821,1821
8,0,100681.87,0.98345627,0.021809401,255,2,822,1822
8,0,100539.31,0.9664447,0.021809401,255,2,823,1823
8,0,100082.2,0.94675304,0.021809401,255,2,824,1824
8,0,100403.46,0.85075416,0.021809401,255,2,825,1825
8,0,100253.22,0.99601763,0.021809401,255,2,826,1826
8,0,99985.094,0.97019711,0.021809401,255,2,827,1827
8,0,100125.5,0.95018701,0.021809401,255,2,828,1828
8,0,100039.1,0.8101592,0.021809401,255,2,829,1829
8,0,100331.03,0.94265772,0.021809401,255,2,830,1830
8,0,100546.61,0.98869683,0.021809401,255,2,831,1831
8,0,100659.24,0.98878397,0.021809401,255,2,832,1832
8,0,100648.23,0.9544997,0.021809401,255,2,833,1833
8,0,100385.7,0.97917875,0.021809401,255,2,834,1834
8,0,100287.66,0.97131475,0.021809401,255,2,835,1835
8,0,100407.83,0.91528858,0.021809401,255,2,836,1836
8,0,100447.96,0.96141094,0.021809401,255,2,837,1837
8,0,100620.74,0.99759993,0.021809401,255,2,838,1838
8,0,100786.75,0.96976388,0.021809401,255,2,839,1839
8,0,100510.15,0.94952183,0.021809401,255,2,840,1840
8,0,100539,0.92127562,0.021809401,255,2,841,1841
8,0,100751.12,0.89281514,0.021809401,255,2,842,1842
8,0,100552.76,0.97339344,0.021809401,255,2,843,1843
8,0,100440.53,0.83759385,0.021809401,255,2,844,1844
8,0,100132.82,0.96830395,0.021809401,255,2,845,1845
8,0,100529.58,0.96984971,0.021809401,255,2,846,1846
8,0,100553.11,0.99635264,0.021809401,255,2,847,1847
8,0,100990.21,0.94873217,0.021809401,255,2,848,1848
8,0,100574.22,0.95735081,0.021809401,255,2,849,1849
8,0,100442.84,0.9861871,0.021809401,255,2,850,1850
8,0,100581.92,0.99526757,0.021809401,255,2,851,1851
8,0,100546.75,0.76217281,0.021809401,255,2,852,1852
8,0,100715.87,0.99110312,0.021809401,255,2,853,1853
8,0,101062.77,0.897751,0.021809401,255,2,854,1854
8,0,100980.27,0.99727302,0.021809401,255,2,855,1855
8,0,100838.13,0.99127661,0.021809401,255,2,856,1856
8,0,100919.38,0.93957153,0.021809401,255,2,857,1857
8,0,100588.23,0.91132285,0.021809401,255,2,858,1858
8,0,100517.05,0.99837953,0.021809401,255,2,859,1859
8,0,100123.04,0.97398078,0.021809401,255,2,860,1860
8,0,100368.82,0.97591022,0.021809401,255,2,861,1861
8,0,100653.75,0.96732382,0.021809401,255,2,862,1862
8,0,100262.68,0.99851828,0.021809401,255,2,863,1863
8,0,100651.37,0.90650719,0.021809401,255,2,864,1864
8,0,100844.15,0.90984271,0.021809401,255,2,865,1865
8,0,100513.42,0.99053383,0.021809401,255,2,866,1866
8,0,100371.72,0.88713925,0.021809401,255,2,867,1867
8,0,100396.27,0.97179803,0.021809401,255,2,868,1868
8,0,100035.89,0.99423258,0.021809401,255,2,869,1869
8,0,100335.73,0.97711953,0.021809401,255,2,870,1870
8,0,100856.96,0.80315753,0.021809401,255,2,871,1871
8,0,101055.94,0.98601484,0.021809401,255,2,872,1872
8,0,100645.79,0.88362589,0.021809401,255,2,873,1873
8,0,100367.48,0.9994308,0.021809401,255,2,874,1874
8,0,100549.63,0.97816757,0.021809401,255,2,875,1875
8,0,100389.72,0.95780819,0.021809401,255,2,876,1876
8,0,100728.55,0.9818383,0.021809401,255,2,877,1877
8,0,100764.93,0.99449239,0.021809401,255,2,878,1878
8,0,101376.52,0.92982542,0.021809401,255,2,879,1879
8,0,101610.56,0.90694464,0.021809401,255,2,880,1880
8,0,101798.63,0.94431688,0.021809401,255,2,881,1881
8,0,101587.22,0.94988578,0.021809401,255,2,882,1882
8,0,101147.07,0.96616163,0.021809401,255,2,883,1883
8,0,101184.06,0.90591033,0.021809401,255,2,884,1884
8,0,101075.34,0.99528498,0.021809401,255,2,885,1885
8,0,101032.46,0.99957562,0.021809401,255,2,886,1886
8,0,101023.18,0.91325212,0.021809401,255,2,887,1887
8,0,101368.74,0.96953691,0.021809401,255,2,888,1888
8,0,101325.02,0.96631557,0.021809401,255,2,889,1889
8,0,101347.04,0.95153709,0.021809401,255,2,890,1890
8,0,100640.64,0.99175835,0.021809401,255,2,891,1891
8,0,100687.97,0.90491057,0.021809401,255,2,892,1892
8,0,100579.79,0.95833792,0.021809401,255,2,893,1893
8,0,100991.02,0.9341265,0.021809401,255,2,894,1894
8,0,101036.04,0.89896951,0.021809401,255,2,895,1895
8,0,100390.41,0.95184355,0.021809401,255,2,896,1896
8,0,100212.42,0.9895168,0.021809401,255,2,897,1897
8,0,100768.07,0.84811439,0.021809401,255,2,898,1898
8,0,100897.71,0.9995145,0.021809401,255,2,899,1899
8,0,101471.98,0.92272889,0.021809401,255,2,900,1900
8,0,101277.12,0.96193324,0.021809401,255,2,901,1901
8,0,100981.04,0.96231181,0.021809401,255,2,902,1902
8,0,100630.91,0.96400186,0.021809401,255,2,903,1903
8,0,101132.55,0.90048599,0.021809401,255,2,904,1904
8,0,101471.69,0.99230614,0.021809401,255,2,905,1905
8,0,100401.15,0.99998533,0.021809401,255,2,906,1906
8,0,100035.44,0.83514449,0.021809401,255,2,907,1907
8,0,100233.06,0.90484623,0.021809401,255,2,908,1908
8,0,100644.53,0.8582578,0.021809401,255,2,909,1909
8,0,100417.12,0.99025774,0.021809401,255,2,910,1910
8,0,100785.23,0.9895618,0.021809401,255,2,911,1911
8,0,100768.64,0.91306106,0.021809401,255,2,912,1912
8,0,100859.3,0.97468526,0.021809401,255,2,913,1913
8,0,100660.04,0.95073734,0.021809401,255,2,914,1914
8,0,100896.63,0.95204737,0.021809401,255,2,915,1915
8,0,100831.38,0.72334193,0.021809401,255,2,916,1916
8,0,100714.69,0.97967975,0.021809401,255,2,917,1917
8,0,100945.78,0.94061966,0.021809401,255,2,918,1918
8,0,101268.36,0.81787892,0.021809401,255,2,919,1919
8,0,100567.51,0.94515024,0.021809401,255,2,920,1920
8,0,100403.51,0.98823154,0.021809401,255,2,921,1921
8,0,100345.94,0.98149709,0.021809401,255,2,922,1922
8,0,100348,0.91563245,0.021809401,255,2,923,1923
8,0,100426.99,0.9992588,0.021809401,255,2,924,1924
8,0,100610.93,0.97105578,0.021809401,255,2,925,1925
8,0,101039.46,0.9411295,0.021809401,255,2,926,1926
8,0,100766.89,0.99509213,0.021809401,255,2,927,1927
8,0,100421.09,0.99475262,0.021809401,255,2,928,1928
8,0,100340.72,0.92962334,0.021809401,255,2,929,1929
8,0,100466.06,0.91417129,0.021809401,255,2,930,1930
8,0,100631.17,0.86051975,0.021809401,255,2,931,1931
8,0,100557.5,0.98392776,0.021809401,255,2,932,1932
8,0,100481.31,0.96146001,0.021809401,255,2,933,1933
8,0,100332.68,0.99310183,0.021809401,255,2,934,1934
8,0,100469.72,0.87851942,0.021809401,255,2,935,1935
8,0,100650.03,0.96098379,0.021809401,255,2,936,1936
8,0,101009.88,0.89042268,0.021809401,255,2,937,1937
8,0,100596.04,0.94947876,0.021809401,255,2,938,1938
8,0,100602.78,0.96991278,0.021809401,255,2,939,1939
8,0,100226.4,0.91950813,0.021809401,255,2,940,1940
8,0,100636.93,0.94915745,0.021809401,255,2,941,1941
8,0,100966.12,0.97458194,0.021809401,255,2,942,1942
8,0,100717.68,0.95315053,0.021809401,255,2,943,1943
8,0,100373.95,0.8206271,0.021809401,255,2,944,1944
8,0,100607.62,0.96040836,0.021809401,255,2,945,1945
8,0,100973.89,0.97013018,0.021809401,255,2,946,1946
8,0,101317.05,0.84208662,0.021809401,255,2,947,1947
8,0,101119.56,0.9177542,0.021809401,255,2,948,1948
8,0,101213.93,0.96584592,0.021809401,255,2,949,1949
8,0,101551.31,0.86052783,0.021809401,255,2,950,1950
8,0,101253.2,0.96934622,0.021809401,255,2,951,1951
8,0,100696.82,0.99957306,0.021809401,255,2,952,1952
8,0,100999.39,0.97205517,0.021809401,255,2,953,1953
8,0,101043.2,0.9397314,0.021809401,255,2,954,1954
8,0,100833.02,0.98670153,0.021809401,255,2,955,1955
8,0,100869.94,0.95180063,0.021809401,255,2,956,1956
8,0,100690.55,0.8625822,0.021809401,255,2,957,1957
8,0,101268.88,0.96950486,0.021809401,255,2,958,1958
8,0,100802.03,0.98698891,0.021809401,255,2,959,1959
8,0,101063.19,0.99948907,0.021809401,255,2,960,1960
8,0,101030.84,0.99281378,0.021809401,255,2,961,1961
8,0,101127.05,0.97392035,0.021809401,255,2,962,1962
8,0,101059.27,0.88213097,0.021809401,255,2,963,1963
8,0,100909.26,0.9402455,0.021809401,255,2,964,1964
8,0,101412.4,0.96031339,0.021809401,255,2,965,1965
8,0,101561.3,0.92661751,0.021809401,255,2,966,1966
8,0,101048.14,0.99907122,0.021809401,255,2,967,1967
8,0,100940.2,0.92998504,0.021809401,255,2,968,1968
8,0,100360.57,0.96759584,0.021809401,255,2,969,1969
8,0,100164.44,0.98011583,0.021809401,255,2,970,1970
8,0,100086.04,0.9930413,0.021809401,255,2,971,1971
8,0,100212.24,0.99722878,0.021809401,255,2,972,1972
8,0,101062,0.97596471,0.021809401,255,2,973,1973
8,0,100900.94,0.9831972,0.021809401,255,2,974,1974
8,0,101169.7,0.85299749,0.021809401,255,2,975,1975
8,0,100780.39,0.94888789,0.021809401,255,2,976,1976
8,0,100928.2,0.99795625,0.021809401,255,2,977,1977
8,0,100354.29,0.95163519,0.021809401,255,2,978,1978
8,0,100340.72,0.92621092,0.021809401,255,2,979,1979
8,0,100346.67,0.81238657,0.021809401,255,2,980,1980
8,0,100384.15,0.94921002,0.021809401,255,2,981,1981
8,0,100427.53,0.98788791,0.021809401,255,2,982,1982
8,0,100573.03,0.99616632,0.021809401,255,2,983,1983
8,0,100621.91,0.96936424,0.021809401,255,2,984,1984
8,0,100569.31,0.82800489,0.021809401,255,2,985,1985
8,0,100995.34,0.95703699,0.021809401,255,2,986,1986
8,0,100539.07,0.99607611,0.021809401,255,2,987,1987
8,0,100372.13,0.99833122,0.021809401,255,2,988,1988
8,0,100389.75,0.77729378,0.021809401,255,2,989,1989
8,0,100611.88,0.99580379,0.021809401,255,2,990,1990
8,0,100448.35,0.86825249,0.021809401,255,2,991,1991
8,0,100840.62,0.87725637,0.021809401,255,2,992,1992
8,0,100699.74,0.97252653,0.021809401,255,2,993,1993
8,0,100702.73,0.98782114,0.021809401,255,2,994,1994
8,0,101099.39,0.92334141,0.021809401,255,2,995,1995
8,0,101193.08,0.97679527,0.021809401,255,2,996,1996
8,0,100882.33,0.83691203,0.021809401,255,2,997,1997
8,0,101096.72,0.94641442,0.021809401,255,2,998,1998
8,0,101102.3,0.97833125,0.021809401,255,2,999,1999
8,0,101038.34,0.97997649,0.021809401,255,2,1000,2000
8,0,100666.52,0.9857813,0.020462652,255,3,1,2001
8,0,100715.52,0.96867654,0.020462652,255,3,2,2002
8,0,100754.59,0.95397849,0.020462652,255,3,3,2003
8,0,101052.36,0.91930231,0.020462652,255,3,4,2004
8,0,100979.01,0.96908567,0.020462652,255,3,5,2005
8,0,101046.62,0.94536415,0.020462652,255,3,6,2006
8,0,101030.83,0.9941465,0.020462652,255,3,7,2007
8,0,100741.52,0.93754869,0.020462652,255,3,8,2008
8,0,101386.07,0.99297177,0.020462652,255,3,9,2009
8,0,101488.16,0.96652135,0.020462652,255,3,10,2010
8,0,101155.87,0.94432141,0.020462652,255,3,11,2011
8,0,100890.08,0.91925833,0.020462652,255,3,12,2012
8,0,101177.5,0.93634381,0.020462652,255,3,13,2013
8,0,101273.24,0.93959673,0.020462652,255,3,14,2014
8,0,100948.74,0.98531607,0.020462652,255,3,15,2015
8,0,100849.3,0.99333929,0.020462652,255,3,16,2016
8,0,100950.8,0.9192386,0.020462652,255,3,17,2017
8,0,101162.76,0.90795776,0.020462652,255,3,18,2018
8,0,101005.56,0.99665911,0.020462652,255,3,19,2019
8,0,100993.88,0.98346006,0.020462652,255,3,20,2020
8,0,101013.22,0.94228975,0.020462652,255,3,21,2021
8,0,100936.55,0.96683677,0.020462652,255,3,22,2022
8,0,100957.96,0.94006942,0.020462652,255,3,23,2023
8,0,100677.8,0.9882829,0.020462652,255,3,24,2024
8,0,100617.35,0.93601109,0.020462652,255,3,25,2025
8,0,100975.96,0.91962222,0.020462652,255,3,26,2026
8,0,100650.65,0.99401387,0.020462652,255,3,27,2027
8,0,100477.2,0.98434467,0.020462652,255,3,28,2028
8,0,100503.09,0.98418153,0.020462652,255,3,29,2029
8,0,100480.19,0.8510038,0.020462652,255,3,30,2030
8,0,100699.6,0.98950553,0.020462652,255,3,31,2031
8,0,100799.97,0.99068779,0.020462652,255,3,32,2032
8,0,101168.31,0.92868424,0.020462652,255,3,33,2033
8,0,101384.97,0.99748342,0.020462652,255,3,34,2034
8,0,101357.28,0.98464515,0.020462652,255,3,35,2035
8,0,101172.53,0.94752993,0.020462652,255,3,36,2036
8,0,100867.44,0.93337132,0.020462652,255,3,37,2037
8,0,101270.62,0.93786578,0.020462652,255,3,38,2038
8,0,101188.12,0.98766494,0.020462652,255,3,39,2039
8,0,100638.06,0.9593278,0.020462652,255,3,40,2040
8,0,100667.49,0.87162786,0.020462652,255,3,41,2041
8,0,100437.4,0.90544212,0.020462652,255,3,42,2042
8,0,100100.52,0.94344749,0.020462652,255,3,43,2043
8,0,100149.12,0.99979521,0.020462652,255,3,44,2044
8,0,100283.09,0.96894438,0.020462652,255,3,45,2045
8,0,100479.38,0.99842125,0.020462652,255,3,46,2046
8,0,100556.63,0.95408167,0.020462652,255,3,47,2047
8,0,100461.32,0.94762501,0.020462652,255,3,48,2048
8,0,100702.71,0.94534309,0.020462652,255,3,49,2049
8,0,100454.91,0.96784784,0.020462652,255,3,50,2050
8,0,100648.33,0.97271859,0.020462652,255,3,51,2051
8,0,101241.35,0.92274161,0.020462652,255,3,52,2052
8,0,101285.13,0.92299755000000006,0.020462652,255,3,53,2053
8,0,101005.17,0.94155739,0.020462652,255,3,54,2054
8,0,101143.19,0.97505598,0.020462652,255,3,55,2055
8,0,101411.06,0.99607934,0.020462652,255,3,56,2056
8,0,101421.34,0.99211918,0.020462652,255,3,57,2057
8,0,101150.85,0.99146989,0.020462652,255,3,58,2058
8,0,101182.67,0.96297211,0.020462652,255,3,59,2059
8,0,101107.2,0.84855254,0.020462652,255,3,60,2060
8,0,100876.68,0.99222119,0.020462652,255,3,61,2061
8,0,101052.06,0.89562838,0.020462652,255,3,62,2062
8,0,101083.46,0.99906041,0.020462652,255,3,63,2063
8,0,100861.18,0.98636479,0.020462652,255,3,64,2064
8,0,100413.77,0.88553488,0.020462652,255,3,65,2065
8,0,100533.19,0.96350044,0.020462652,255,3,66,2066
8,0,100476.83,0.97170056,0.020462652,255,3,67,2067
8,0,100382.61,0.87464362,0.020462652,255,3,68,2068
8,0,100633.21,0.99609609,0.020462652,255,3,69,2069
8,0,100869.58,0.88852322,0.020462652,255,3,70,2070
8,0,100870.93,0.98367343,0.020462652,255,3,71,2071
8,0,100730.54,0.87567035,0.020462652,255,3,72,2072
8,0,100565.08,0.88208621,0.020462652,255,3,73,2073
8,0,100888.9,0.99697757,0.020462652,255,3,74,2074
8,0,101108.01,0.98846707,0.020462652,255,3,75,2075
8,0,101127.96,0.96259965,0.020462652,255,3,76,2076
8,0,100949.57,0.99302056,0.020462652,255,3,77,2077
8,0,100383.86,0.97446791,0.020462652,255,3,78,2078
8,0,100673.94,0.89155396,0.020462652,255,3,79,2079
8,0,100718.61,0.93089647,0.020462652,255,3,80,2080
8,0,101034.32,0.99203348,0.020462652,255,3,81,2081
8,0,101071.94,0.97917287,0.020462652,255,3,82,2082
8,0,100745.77,0.9738372,0.020462652,255,3,83,2083
8,0,101078.71,0.96292556,0.020462652,255,3,84,2084
8,0,101131.65,0.93015275,0.020462652,255,3,85,2085
8,0,101113.74,0.99428656,0.020462652,255,3,86,2086
8,0,101205.62,0.95830139,0.020462652,255,3,87,2087
8,0,100753.51,0.9512851,0.020462652,255,3,88,2088
8,0,100882.86,0.98133314,0.020462652,255,3,89,2089
8,0,100721.5,0.97883788,0.020462652,255,3,90,2090
8,0,100647.51,0.99057015,0.020462652,255,3,91,2091
8,0,100654.64,0.92732497,0.020462652,255,3,92,2092
8,0,101078.39,0.98949627,0.020462652,255,3,93,2093
8,0,100827.99,0.99323181,0.020462652,255,3,94,2094
8,0,100735.43,0.90912564,0.020462652,255,3,95,2095
8,0,100824.92,0.84162983,0.020462652,255,3,96,2096
8,0,100389.96,0.96698199,0.020462652,255,3,97,2097
8,0,100842.28,0.98038763,0.020462652,255,3,98,2098
8,0,101471.8,0.93558172,0.020462652,255,3,99,2099
8,0,101155.68,0.98494389,0.020462652,255,3,100,2100
8,0,101297.08,0.97696709,0.020462652,255,3,101,2101
8,0,101586.04,0.89012315,0.020462652,255,3,102,2102
8,0,101571.53,0.99976474,0.020462652,255,3,103,2103
8,0,101406.06,0.9474825,0.020462652,255,3,104,2104
8,0,101206.79,0.83776478,0.020462652,255,3,105,2105
8,0,101221.95,0.99865215,0.020462652,255,3,106,2106
8,0,101289.4,0.91019362,0.020462652,255,3,107,2107
8,0,101690.18,0.99469782,0.020462652,255,3,108,2108
8,0,101399.83,0.95361025,0.020462652,255,3,109,2109
8,0,101423.18,0.99946406,0.020462652,255,3,110,2110
8,0,101193.64,0.95592755,0.020462652,255,3,111,2111
8,0,101376.19,0.96114455,0.020462652,255,3,112,2112
8,0,100703.33,0.97295741,0.020462652,255,3,113,2113
8,0,100463.17,0.97778553,0.020462652,255,3,114,2114
8,0,100281.59,0.96993737,0.020462652,255,3,115,2115
8,0,100712.86,0.9549422,0.020462652,255,3,116,2116
8,0,100753.63,0.97565773,0.020462652,255,3,117,2117
8,0,100952.99,0.95796633,0.020462652,255,3,118,2118
8,0,101293.43,0.99995784,0.020462652,255,3,119,2119
8,0,101643.05,0.90948093,0.020462652,255,3,120,2120
8,0,101240.24,0.98951086,0.020462652,255,3,121,2121
8,0,100862.09,0.98061787,0.020462652,255,3,122,2122
8,0,101273.13,0.98247907,0.020462652,255,3,123,2123
8,0,101230.78,0.99585485,0.020462652,255,3,124,2124
8,0,101140.9,0.94509399,0.020462652,255,3,125,2125
8,0,100455.05,0.94707237,0.020462652,255,3,126,2126
8,0,100394.21,0.97682739,0.020462652,255,3,127,2127
8,0,100473.03,0.95866799,0.020462652,255,3,128,2128
8,0,100624.26,0.99260811,0.020462652,255,3,129,2129
8,0,100597.4,0.96956353,0.020462652,255,3,130,2130
8,0,100592.3,0.99998133,0.020462652,255,3,131,2131
8,0,100455.59,0.93559458,0.020462652,255,3,132,2132
8,0,100046.37,0.99685378,0.020462652,255,3,133,2133
8,0,100060.99,0.99091966,0.020462652,255,3,134,2134
8,0,100623.71,0.99303499,0.020462652,255,3,135,2135
8,0,100485.74,0.83640516,0.020462652,255,3,136,2136
8,0,100248.63,0.98486241,0.020462652,255,3,137,2137
8,0,100499.9,0.96972914,0.020462652,255,3,138,2138
8,0,100576.95,0.98494222,0.020462652,255,3,139,2139
8,0,100436.58,0.9367294,0.020462652,255,3,140,2140
8,0,100673.8,0.99680802,0.020462652,255,3,141,2141
8,0,100723.81,0.92356409,0.020462652,255,3,142,2142
8,0,100974.47,0.97936442,0.020462652,255,3,143,2143
8,0,100615.94,0.97617645,0.020462652,255,3,144,2144
8,0,100186.76,0.96914741,0.020462652,255,3,145,2145
8,0,100753.42,0.83988272,0.020462652,255,3,146,2146
8,0,100483.14,0.99359882,0.020462652,255,3,147,2147
8,0,100090.04,0.98647681,0.020462652,255,3,148,2148
8,0,100446.85,0.96917515,0.020462652,255,3,149,2149
8,0,100338.44,0.99233848,0.020462652,255,3,150,2150
8,0,100391.25,0.96827095,0.020462652,255,3,151,2151
8,0,100227.63,0.97001332,0.020462652,255,3,152,2152
8,0,100429.28,0.97197203,0.020462652,255,3,153,2153
8,0,100835.03,0.95876695,0.020462652,255,3,154,2154
8,0,100471.46,0.97318512,0.020462652,255,3,155,2155
8,0,100408.7,0.96538065,0.020462652,255,3,156,2156
8,0,100076.02,0.85331321,0.020462652,255,3,157,2157
8,0,100527.83,0.97478077,0.020462652,255,3,158,2158
8,0,100381.29,0.89640036,0.020462652,255,3,159,2159
8,0,100708.98,0.87026287,0.020462652,255,3,160,2160
8,0,100031.66,0.92095316,0.020462652,255,3,161,2161
8,0,100381.26,0.99457707,0.020462652,255,3,162,2162
8,0,100235.5,0.94250508,0.020462652,255,3,163,2163
8,0,100832.8,0.95653568,0.020462652,255,3,164,2164
8,0,101134.77,0.95192737,0.020462652,255,3,165,2165
8,0,100929.4,0.99057288,0.020462652,255,3,166,2166
8,0,100443.53,0.99973968,0.020462652,255,3,167,2167
8,0,100314.09,0.89053947,0.020462652,255,3,168,2168
8,0,101176.73,0.95967252,0.020462652,255,3,169,2169
8,0,101205.86,0.98317029,0.020462652,255,3,170,2170
8,0,100626,0.92038584,0.020462652,255,3,171,2171
8,0,100803.61,0.95357901,0.020462652,255,3,172,2172
8,0,100927.94,0.97504251,0.020462652,255,3,173,2173
8,0,101154.13,0.99989907,0.020462652,255,3,174,2174
8,0,101027.33,0.97534453,0.020462652,255,3,175,2175
8,0,100759.34,0.92955782,0.020462652,255,3,176,2176
8,0,100978.85,0.92872747,0.020462652,255,3,177,2177
8,0,100737.84,0.99709714,0.020462652,255,3,178,2178
8,0,100834.23,0.99470927,0.020462652,255,3,179,2179
8,0,100460.9,0.87283945,0.020462652,255,3,180,2180
8,0,100425.14,0.98835515,0.020462652,255,3,181,2181
8,0,100684.59,0.98940905,0.020462652,255,3,182,2182
8,0,100523.65,0.99960852,0.020462652,255,3,183,2183
8,0,101014.13,0.96550788,0.020462652,255,3,184,2184
8,0,101693.81,0.98241854,0.020462652,255,3,185,2185
8,0,101671.85,0.94162615,0.020462652,255,3,186,2186
8,0,101385.5,0.97631353,0.020462652,255,3,187,2187
8,0,101010.7,0.97035766,0.020462652,255,3,188,2188
8,0,101327.59,0.96877532,0.020462652,255,3,189,2189
8,0,101170.79,0.97235558,0.020462652,255,3,190,2190
8,0,101253.53,0.97618655,0.020462652,255,3,191,2191
8,0,101391.46,0.95547492,0.020462652,255,3,192,2192
8,0,100930.05,0.96898385,0.020462652,255,3,193,2193
8,0,101000.84,0.92391823,0.020462652,255,3,194,2194
8,0,100496.39,0.9892732,0.020462652,255,3,195,2195
8,0,100473.09,0.99685366,0.020462652,255,3,196,2196
8,0,100848.05,0.99320153,0.020462652,255,3,197,2197
8,0,100586.67,0.99736456,0.020462652,255,3,198,2198
8,0,100899.79,0.88639589,0.020462652,255,3,199,2199
8,0,100680.41,0.91877869,0.020462652,255,3,200,2200
8,0,101229.95,0.95666197,0.020462652,255,3,201,2201
8,0,101140.85,0.96956583,0.020462652,255,3,202,2202
8,0,101070.19,0.97737206,0.020462652,255,3,203,2203
8,0,100775.08,0.96565718,0.020462652,255,3,204,2204
8,0,100801.57,0.94565114,0.020462652,255,3,205,2205
8,0,100762.5,0.99550898,0.020462652,255,3,206,2206
8,0,100594.08,0.99674915,0.020462652,255,3,207,2207
8,0,100325.47,0.88045282,0.020462652,255,3,208,2208
8,0,100319.62,0.99528244,0.020462652,255,3,209,2209
8,0,100715.66,0.92467524,0.020462652,255,3,210,2210
8,0,100821.66,0.86771868,0.020462652,255,3,211,2211
8,0,100761.96,0.9492992,0.020462652,255,3,212,2212
8,0,100809.11,0.91665342,0.020462652,255,3,213,2213
8,0,100985.12,0.95791854,0.020462652,255,3,214,2214
8,0,100764.73,0.98410068,0.020462652,255,3,215,2215
8,0,100494.84,0.9334196,0.020462652,255,3,216,2216
8,0,100434.82,0.99548693,0.020462652,255,3,217,2217
8,0,100112.11,0.89937348,0.020462652,255,3,218,2218
8,0,100166.94,0.98403323,0.020462652,255,3,219,2219
8,0,100177.8,0.94960135,0.020462652,255,3,220,2220
8,0,100668.89,0.99197566,0.020462652,255,3,221,2221
8,0,100332.14,0.97812417,0.020462652,255,3,222,2222
8,0,100903.21,0.96895567,0.020462652,255,3,223,2223
8,0,100971.45,0.96725518,0.020462652,255,3,224,2224
8,0,101255.82,0.85371584,0.020462652,255,3,225,2225
8,0,101023.28,0.98936437,0.020462652,255,3,226,2226
8,0,101298.58,0.95183103,0.020462652,255,3,227,2227
8,0,100842.7,0.99617954,0.020462652,255,3,228,2228
8,0,101003.26,0.99028328,0.020462652,255,3,229,2229
8,0,101102.58,0.99667132,0.020462652,255,3,230,2230
8,0,101004.84,0.94151473,0.020462652,255,3,231,2231
8,0,101016.43,0.98536763,0.020462652,255,3,232,2232
8,0,100953.36,0.90512711,0.020462652,255,3,233,2233
8,0,101184.89,0.8892215,0.020462652,255,3,234,2234
8,0,101179.79,0.99343704,0.020462652,255,3,235,2235
8,0,100746.78,0.85431946,0.020462652,255,3,236,2236
8,0,100856.95,0.89500737,0.020462652,255,3,237,2237
8,0,101135.77,0.98182611,0.020462652,255,3,238,2238
8,0,101076.52,0.94651708,0.020462652,255,3,239,2239
8,0,100980.55,0.99480096,0.020462652,255,3,240,2240
8,0,100358.03,0.9986098,0.020462652,255,3,241,2241
8,0,100246.65,0.99139524,0.020462652,255,3,242,2242
8,0,100300.35,0.97170747,0.020462652,255,3,243,2243
8,0,100505.47,0.98941401,0.020462652,255,3,244,2244
8,0,100469.74,0.98745834,0.020462652,255,3,245,2245
8,0,100915.23,0.98436003,0.020462652,255,3,246,2246
8,0,100733.55,0.86055741,0.020462652,255,3,247,2247
8,0,100839.47,0.99736604,0.020462652,255,3,248,2248
8,0,100950.94,0.94692655,0.020462652,255,3,249,2249
8,0,100590.87,0.97172186,0.020462652,255,3,250,2250
8,0,100949.95,0.91830868,0.020462652,255,3,251,2251
8,0,100312.34,0.99914418,0.020462652,255,3,252,2252
8,0,99948.786,0.9876303,0.020462652,255,3,253,2253
8,0,100094.16,0.98390731,0.020462652,255,3,254,2254
8,0,100493.13,0.99920153,0.020462652,255,3,255,2255
8,0,99981.994,0.98092799,0.020462652,255,3,256,2256
8,0,100255.69,0.92862334,0.020462652,255,3,257,2257
8,0,100539.67,0.92422698,0.020462652,255,3,258,2258
8,0,100505.67,0.99555089,0.020462652,255,3,259,2259
8,0,100640.53,0.90744479,0.020462652,255,3,260,2260
8,0,100947.42,0.84638972,0.020462652,255,3,261,2261
8,0,101166.74,0.94917104,0.020462652,255,3,262,2262
8,0,100859.1,0.89328134,0.020462652,255,3,263,2263
8,0,100923,0.94544042,0.020462652,255,3,264,2264
8,0,101097.87,0.96941415,0.020462652,255,3,265,2265
8,0,101254.85,0.99832266,0.020462652,255,3,266,2266
8,0,101325.97,0.98114555,0.020462652,255,3,267,2267
8,0,101277.07,0.99160877,0.020462652,255,3,268,2268
8,0,100733.16,0.98416138,0.020462652,255,3,269,2269
8,0,100384.72,0.99997975,0.020462652,255,3,270,2270
8,0,100949.51,0.91117492,0.020462652,255,3,271,2271
8,0,100979.41,0.91595197,0.020462652,255,3,272,2272
8,0,101045.45,0.97809418,0.020462652,255,3,273,2273
8,0,100604.33,0.99800741,0.020462652,255,3,274,2274
8,0,100737.75,0.97466599,0.020462652,255,3,275,2275
8,0,100537.27,0.9518964,0.020462652,255,3,276,2276
8,0,100516.15,1,0.020462652,255,3,277,2277
8,0,100304.48,0.97437858,0.020462652,255,3,278,2278
8,0,100625.38,0.87005984,0.020462652,255,3,279,2279
8,0,100803.18,0.95074093,0.020462652,255,3,280,2280
8,0,100517.42,0.98702149,0.020462652,255,3,281,2281
8,0,100810.81,0.74645088,0.020462652,255,3,282,2282
8,0,100705.1,0.97824543,0.020462652,255,3,283,2283
8,0,100274.17,0.9174434,0.020462652,255,3,284,2284
8,0,100127.3,0.94074748,0.020462652,255,3,285,2285
8,0,100266.36,0.90968059,0.020462652,255,3,286,2286
8,0,101011.9,0.96238143,0.020462652,255,3,287,2287
8,0,101109.05,0.97860067,0.020462652,255,3,288,2288
8,0,100986.66,0.96868203,0.020462652,255,3,289,2289
8,0,101001.75,0.99784069,0.020462652,255,3,290,2290
8,0,100603.87,0.99996261,0.020462652,255,3,291,2291
8,0,100481.13,0.89141277,0.020462652,255,3,292,2292
8,0,100693.72,0.97472247,0.020462652,255,3,293,2293
8,0,100689.11,0.89585052,0.020462652,255,3,294,2294
8,0,100866.82,0.94215877,0.020462652,255,3,295,2295
8,0,101186.09,0.98831391,0.020462652,255,3,296,2296
8,0,101058.93,0.98443904,0.020462652,255,3,297,2297
8,0,100604.94,0.98966779,0.020462652,255,3,298,2298
8,0,100761.18,0.99186967,0.020462652,255,3,299,2299
8,0,100606.34,0.93705782,0.020462652,255,3,300,2300
8,0,100623.61,0.87164125,0.020462652,255,3,301,2301
8,0,100907.16,0.99890304,0.020462652,255,3,302,2302
8,0,101144.48,0.94622258,0.020462652,255,3,303,2303
8,0,101314.42,0.97038501,0.020462652,255,3,304,2304
8,0,101718.79,0.98119387,0.020462652,255,3,305,2305
8,0,101916.71,0.96283957,0.020462652,255,3,306,2306
8,0,101631.69,0.97013486,0.020462652,255,3,307,2307
8,0,101195.27,0.99811856,0.020462652,255,3,308,2308
8,0,101047.32,0.97151168,0.020462652,255,3,309,2309
8,0,100986,0.97394993,0.020462652,255,3,310,2310
8,0,100711.66,0.79636178,0.020462652,255,3,311,2311
8,0,100682.21,0.99830929,0.020462652,255,3,312,2312
8,0,100814.95,0.96365775,0.020462652,255,3,313,2313
8,0,100687.84,0.9742565,0.020462652,255,3,314,2314
8,0,100530.41,0.95589332,0.020462652,255,3,315,2315
8,0,100828.58,0.95448809,0.020462652,255,3,316,2316
8,0,100195.36,0.97519787,0.020462652,255,3,317,2317
8,0,100350.88,0.99001491,0.020462652,255,3,318,2318
8,0,100781.33,0.93643066,0.020462652,255,3,319,2319
8,0,100754.69,0.93166654,0.020462652,255,3,320,2320
8,0,101195.25,0.79131904,0.020462652,255,3,321,2321
8,0,101011.96,0.99679014,0.020462652,255,3,322,2322
8,0,101352.89,0.94718679,0.020462652,255,3,323,2323
8,0,100780.46,0.99996536,0.020462652,255,3,324,2324
8,0,100896.51,0.99780425,0.020462652,255,3,325,2325
8,0,100834.72,0.95673663,0.020462652,255,3,326,2326
8,0,101202.63,0.94427582,0.020462652,255,3,327,2327
8,0,101049.91,0.99532601,0.020462652,255,3,328,2328
8,0,101132.18,0.94811667,0.020462652,255,3,329,2329
8,0,100985.46,0.96758092,0.020462652,255,3,330,2330
8,0,100508.73,0.96695006,0.020462652,255,3,331,2331
8,0,100041.08,0.96733795,0.020462652,255,3,332,2332
8,0,100252.66,0.91169545,0.020462652,255,3,333,2333
8,0,100319.42,0.95439474,0.020462652,255,3,334,2334
8,0,100442.09,0.83615227,0.020462652,255,3,335,2335
8,0,100113.75,0.99432464,0.020462652,255,3,336,2336
8,0,100511.42,0.96287323,0.020462652,255,3,337,2337
8,0,100790.12,0.94641147,0.020462652,255,3,338,2338
8,0,100656.15,0.97731186,0.020462652,255,3,339,2339
8,0,100574.28,0.99616017,0.020462652,255,3,340,2340
8,0,100491.26,0.97557813,0.020462652,255,3,341,2341
8,0,100754.83,0.94752628,0.020462652,255,3,342,2342
8,0,100345.65,0.98723343,0.020462652,255,3,343,2343
8,0,100425.29,0.87189177,0.020462652,255,3,344,2344
8,0,101052.02,0.97575972,0.020462652,255,3,345,2345
8,0,101290.76,0.95407767,0.020462652,255,3,346,2346
8,0,101206.48,0.99598932,0.020462652,255,3,347,2347
8,0,101333.44,0.82384818,0.020462652,255,3,348,2348
8,0,100804.02,0.99754183,0.020462652,255,3,349,2349
8,0,101060.19,0.96984525,0.020462652,255,3,350,2350
8,0,100668.46,0.99920468,0.020462652,255,3,351,2351
8,0,100937.68,0.98018034,0.020462652,255,3,352,2352
8,0,100571.87,0.93923838,0.020462652,255,3,353,2353
8,0,100955.85,0.96492139,0.020462652,255,3,354,2354
8,0,101002.25,0.98367898,0.020462652,255,3,355,2355
8,0,100797.67,0.97905083,0.020462652,255,3,356,2356
8,0,100576.46,0.92748262,0.020462652,255,3,357,2357
8,0,100986.23,0.99005027,0.020462652,255,3,358,2358
8,0,100448.88,0.97716107,0.020462652,255,3,359,2359
8,0,100408.83,0.96033166,0.020462652,255,3,360,2360
8,0,100728.91,0.87627667,0.020462652,255,3,361,2361
8,0,100697.11,0.74522871,0.020462652,255,3,362,2362
8,0,100825.1,0.99768436,0.020462652,255,3,363,2363
8,0,100577.89,0.9847262,0.020462652,255,3,364,2364
8,0,100974.93,0.8256201,0.020462652,255,3,365,2365
8,0,100727.15,0.99860159,0.020462652,255,3,366,2366
8,0,100478.1,0.998814,0.020462652,255,3,367,2367
8,0,100597.94,0.97602701,0.020462652,255,3,368,2368
8,0,100381.75,0.99936317,0.020462652,255,3,369,2369
8,0,100399.32,0.98646544,0.020462652,255,3,370,2370
8,0,100758.41,0.99383977,0.020462652,255,3,371,2371
8,0,100544.04,0.9972139,0.020462652,255,3,372,2372
8,0,100301.62,0.97892371,0.020462652,255,3,373,2373
8,0,100437.28,0.94879229,0.020462652,255,3,374,2374
8,0,100582.06,0.90887392,0.020462652,255,3,375,2375
8,0,100612.91,0.98066104,0.020462652,255,3,376,2376
8,0,100627.43,0.93649017,0.020462652,255,3,377,2377
8,0,100804.38,0.97101335,0.020462652,255,3,378,2378
8,0,100708.04,0.95086011,0.020462652,255,3,379,2379
8,0,100904.18,0.99670542,0.020462652,255,3,380,2380
8,0,100821.6,0.96397788,0.020462652,255,3,381,2381
8,0,101290.04,0.95356845,0.020462652,255,3,382,2382
8,0,100883.64,0.95062598,0.020462652,255,3,383,2383
8,0,100765.38,0.99297371,0.020462652,255,3,384,2384
8,0,100872.47,0.99109259,0.020462652,255,3,385,2385
8,0,100872.08,0.95808869,0.020462652,255,3,386,2386
8,0,101114.98,0.99857872,0.020462652,255,3,387,2387
8,0,101275.03,0.95677656,0.020462652,255,3,388,2388
8,0,100927.19,0.99168981,0.020462652,255,3,389,2389
8,0,100789.11,0.99073039,0.020462652,255,3,390,2390
8,0,100912.63,0.98325814,0.020462652,255,3,391,2391
8,0,100586.86,0.96241566,0.020462652,255,3,392,2392
8,0,100678.93,0.95649438,0.020462652,255,3,393,2393
8,0,101197.48,0.93689504,0.020462652,255,3,394,2394
8,0,101207.22,0.96084913,0.020462652,255,3,395,2395
8,0,100984.12,0.98942367,0.020462652,255,3,396,2396
8,0,101029.03,0.97125544,0.020462652,255,3,397,2397
8,0,100927.37,0.99046528,0.020462652,255,3,398,2398
8,0,101348.16,0.96966253,0.020462652,255,3,399,2399
8,0,101080.36,0.98215724,0.020462652,255,3,400,2400
8,0,100954.76,0.86238885,0.020462652,255,3,401,2401
8,0,101388.05,0.8673592,0.020462652,255,3,402,2402
8,0,101054.62,0.98745341,0.020462652,255,3,403,2403
8,0,100759.1,0.98749702,0.020462652,255,3,404,2404
8,0,100187.99,0.9171925,0.020462652,255,3,405,2405
8,0,100089.94,0.99672595,0.020462652,255,3,406,2406
8,0,100250.28,0.99546581,0.020462652,255,3,407,2407
8,0,100245.72,0.99862812,0.020462652,255,3,408,2408
8,0,100915.26,0.95625427,0.020462652,255,3,409,2409
8,0,100265.26,0.94716947,0.020462652,255,3,410,2410
8,0,99993.207,0.92279549,0.020462652,255,3,411,2411
8,0,100648.67,0.94495017,0.020462652,255,3,412,2412
8,0,100330.63,0.99992125,0.020462652,255,3,413,2413
8,0,100346.41,0.95786268,0.020462652,255,3,414,2414
8,0,100364.46,0.9826353,0.020462652,255,3,415,2415
8,0,100815.64,0.97112449,0.020462652,255,3,416,2416
8,0,100816.67,0.98564399,0.020462652,255,3,417,2417
8,0,100911.32,0.87841961,0.020462652,255,3,418,2418
8,0,100749.3,0.9052734,0.020462652,255,3,419,2419
8,0,100604.57,0.99998027,0.020462652,255,3,420,2420
8,0,100698.07,0.90623472,0.020462652,255,3,421,2421
8,0,101471.53,0.96004432,0.020462652,255,3,422,2422
8,0,101677.41,0.99564535,0.020462652,255,3,423,2423
8,0,101636.05,0.97853622,0.020462652,255,3,424,2424
8,0,101562.99,0.84725402,0.020462652,255,3,425,2425
8,0,101447.25,0.97074992,0.020462652,255,3,426,2426
8,0,101295.67,0.99260914,0.020462652,255,3,427,2427
8,0,100809.55,0.98369743,0.020462652,255,3,428,2428
8,0,100856.55,0.99717451,0.020462652,255,3,429,2429
8,0,101098.3,0.93956931,0.020462652,255,3,430,2430
8,0,100796.32,0.9934234,0.020462652,255,3,431,2431
8,0,100579.04,0.97959365,0.020462652,255,3,432,2432
8,0,100779.14,0.93502677,0.020462652,255,3,433,2433
8,0,101208.4,0.9967651,0.020462652,255,3,434,2434
8,0,101381.85,0.95663934,0.020462652,255,3,435,2435
8,0,101060.3,0.94052897,0.020462652,255,3,436,2436
8,0,100556.35,0.94836265,0.020462652,255,3,437,2437
8,0,100461.2,0.94538877,0.020462652,255,3,438,2438
8,0,100568.46,0.98452001,0.020462652,255,3,439,2439
8,0,100745.98,0.93786275,0.020462652,255,3,440,2440
8,0,100575.93,0.9744226,0.020462652,255,3,441,2441
8,0,100485.84,0.93113683,0.020462652,255,3,442,2442
8,0,100301.1,0.99073257,0.020462652,255,3,443,2443
8,0,100840.45,0.96316272,0.020462652,255,3,444,2444
8,0,101106.99,0.99784419,0.020462652,255,3,445,2445
8,0,100793.77,0.95355608,0.020462652,255,3,446,2446
8,0,101223.69,0.97655925,0.020462652,255,3,447,2447
8,0,101438.96,0.95524454,0.020462652,255,3,448,2448
8,0,101129.36,0.96470402,0.020462652,255,3,449,2449
8,0,101124.84,0.98524639,0.020462652,255,3,450,2450
8,0,100950.98,0.99000459,0.020462652,255,3,451,2451
8,0,101026.87,0.99886694,0.020462652,255,3,452,2452
8,0,100851.93,0.99879873,0.020462652,255,3,453,2453
8,0,100575.72,0.98710608,0.020462652,255,3,454,2454
8,0,100875.07,0.97509315,0.020462652,255,3,455,2455
8,0,100553.41,0.83667035,0.020462652,255,3,456,2456
8,0,101123.03,0.9881543,0.020462652,255,3,457,2457
8,0,100893.39,0.99168736,0.020462652,255,3,458,2458
8,0,100755.84,0.99721992,0.020462652,255,3,459,2459
8,0,100426.08,0.98271698,0.020462652,255,3,460,2460
8,0,100125.91,0.96026771,0.020462652,255,3,461,2461
8,0,100823.6,0.85000661,0.020462652,255,3,462,2462
8,0,100966.86,0.97138375,0.020462652,255,3,463,2463
8,0,100861.37,0.96587194,0.020462652,255,3,464,2464
8,0,101125.32,0.99866553,0.020462652,255,3,465,2465
8,0,101217.39,0.99204113,0.020462652,255,3,466,2466
8,0,100837.51,0.99931983,0.020462652,255,3,467,2467
8,0,100516.48,0.98012033,0.020462652,255,3,468,2468
8,0,100816.28,0.99709585,0.020462652,255,3,469,2469
8,0,100359.11,0.97791584,0.020462652,255,3,470,2470
8,0,100046.78,0.98083674,0.020462652,255,3,471,2471
8,0,100034.19,0.94547078,0.020462652,255,3,472,2472
8,0,100684.27,0.906881,0.020462652,255,3,473,2473
8,0,100589.8,0.93850083,0.020462652,255,3,474,2474
8,0,100658.95,0.9961593,0.020462652,255,3,475,2475
8,0,100862.78,0.90847489,0.020462652,255,3,476,2476
8,0,100807.75,0.99787458,0.020462652,255,3,477,2477
8,0,101016.08,0.98914951,0.020462652,255,3,478,2478
8,0,100925.95,0.96970088,0.020462652,255,3,479,2479
8,0,100919.96,0.93525108,0.020462652,255,3,480,2480
8,0,100914.64,0.99999297,0.020462652,255,3,481,2481
8,0,100824.8,0.99784137,0.020462652,255,3,482,2482
8,0,100459.74,0.99444316,0.020462652,255,3,483,2483
8,0,100336.63,0.94499402,0.020462652,255,3,484,2484
8,0,100419.74,0.92602682,0.020462652,255,3,485,2485
8,0,100161.91,0.98981827,0.020462652,255,3,486,2486
8,0,100420.6,0.79745876,0.020462652,255,3,487,2487
8,0,101055.6,0.9734168,0.020462652,255,3,488,2488
8,0,100807.66,0.98157788,0.020462652,255,3,489,2489
8,0,100606.45,0.99639166,0.020462652,255,3,490,2490
8,0,100157.96,0.8981844,0.020462652,255,3,491,2491
8,0,100336.91,0.97137926,0.020462652,255,3,492,2492
8,0,100296.84,0.99777762,0.020462652,255,3,493,2493
8,0,100452.76,0.88135232,0.020462652,255,3,494,2494
8,0,100521.14,0.93545745,0.020462652,255,3,495,2495
8,0,100453.27,0.99528184,0.020462652,255,3,496,2496
8,0,100467.75,0.98708463,0.020462652,255,3,497,2497
8,0,101029.97,0.95507913,0.020462652,255,3,498,2498
8,0,100610.31,0.98073681,0.020462652,255,3,499,2499
8,0,100930.73,0.91833448,0.020462652,255,3,500,2500
8,0,100755.36,0.98186138,0.020462652,255,3,501,2501
8,0,100927.14,0.95056007,0.020462652,255,3,502,2502
8,0,100595.21,0.90437677,0.020462652,255,3,503,2503
8,0,100637.52,0.99324517,0.020462652,255,3,504,2504
8,0,100866.52,0.96375838,0.020462652,255,3,505,2505
8,0,100254.12,0.95774504,0.020462652,255,3,506,2506
8,0,100868.96,0.80732677,0.020462652,255,3,507,2507
8,0,101141.08,0.97251511,0.020462652,255,3,508,2508
8,0,101343.39,0.99639169,0.020462652,255,3,509,2509
8,0,101095.35,0.99896056,0.020462652,255,3,510,2510
8,0,101126.28,0.97585936,0.020462652,255,3,511,2511
8,0,101081.86,0.96819287,0.020462652,255,3,512,2512
8,0,101146.78,0.99756933,0.020462652,255,3,513,2513
8,0,101400.51,0.96817637,0.020462652,255,3,514,2514
8,0,101088.9,0.9226167,0.020462652,255,3,515,2515
8,0,101111.05,0.99450475,0.020462652,255,3,516,2516
8,0,101168.79,0.99525774,0.020462652,255,3,517,2517
8,0,101359.36,0.96423445,0.020462652,255,3,518,2518
8,0,101126.18,0.97838752,0.020462652,255,3,519,2519
8,0,100823.24,0.90386011,0.020462652,255,3,520,2520
8,0,100688.86,0.98851473,0.020462652,255,3,521,2521
8,0,100647.61,0.99575418,0.020462652,255,3,522,2522
8,0,100427.7,0.99266156,0.020462652,255,3,523,2523
8,0,100866.72,0.94227491,0.020462652,255,3,524,2524
8,0,100651.25,0.97569847,0.020462652,255,3,525,2525
8,0,100660.74,0.9948236,0.020462652,255,3,526,2526
8,0,100302.05,0.9970963,0.020462652,255,3,527,2527
8,0,99970.604,0.94109956,0.020462652,255,3,528,2528
8,0,100170,0.94500364,0.020462652,255,3,529,2529
8,0,100489.99,0.95875856,0.020462652,255,3,530,2530
8,0,100786.7,0.95863982,0.020462652,255,3,531,2531
8,0,100598.42,0.98232534,0.020462652,255,3,532,2532
8,0,101088.28,0.96965236,0.020462652,255,3,533,2533
8,0,100673.95,0.94244842,0.020462652,255,3,534,2534
8,0,100593.44,0.90913248,0.020462652,255,3,535,2535
8,0,100279.55,0.92211836,0.020462652,255,3,536,2536
8,0,100816.13,0.85017875,0.020462652,255,3,537,2537
8,0,101138.84,0.96567832,0.020462652,255,3,538,2538
8,0,101043.59,0.88097876,0.020462652,255,3,539,2539
8,0,100759.55,0.98291508,0.020462652,255,3,540,2540
8,0,100481.99,0.99993026,0.020462652,255,3,541,2541
8,0,100416.72,0.86986968,0.020462652,255,3,542,2542
8,0,100672.47,0.97402891,0.020462652,255,3,543,2543
8,0,101006.46,0.95168935,0.020462652,255,3,544,2544
8,0,101098.38,0.95219764,0.020462652,255,3,545,2545
8,0,101335,0.9438008,0.020462652,255,3,546,2546
8,0,101104.44,0.91003009,0.020462652,255,3,547,2547
8,0,100970.28,0.94088832,0.020462652,255,3,548,2548
8,0,100817.92,0.97094162,0.020462652,255,3,549,2549
8,0,100961.65,0.99099731,0.020462652,255,3,550,2550
8,0,100880.02,0.9008751,0.020462652,255,3,551,2551
8,0,100475.07,0.9476381,0.020462652,255,3,552,2552
8,0,100598.43,0.89563699,0.020462652,255,3,553,2553
8,0,100832.74,0.92900392,0.020462652,255,3,554,2554
8,0,100954.36,0.94126391,0.020462652,255,3,555,2555
8,0,101226.81,0.93932373,0.020462652,255,3,556,2556
8,0,101566.92,0.95367247,0.020462652,255,3,557,2557
8,0,101749.11,0.94051527,0.020462652,255,3,558,2558
8,0,101761.33,0.94090246,0.020462652,255,3,559,2559
8,0,101297.11,0.97970625,0.020462652,255,3,560,2560
8,0,101237.01,0.99155872,0.020462652,255,3,561,2561
8,0,101030.31,0.99114968,0.020462652,255,3,562,2562
8,0,100937.93,0.93811324,0.020462652,255,3,563,2563
8,0,100686.05,0.97726164,0.020462652,255,3,564,2564
8,0,100410.81,0.97501178,0.020462652,255,3,565,2565
8,0,100165.99,0.99249371,0.020462652,255,3,566,2566
8,0,100807.28,0.97450211,0.020462652,255,3,567,2567
8,0,100758.7,0.99842846,0.020462652,255,3,568,2568
8,0,100722.4,0.99661351,0.020462652,255,3,569,2569
8,0,100346.1,0.99908611,0.020462652,255,3,570,2570
8,0,100468.4,0.99785107,0.020462652,255,3,571,2571
8,0,100686.15,0.96101159,0.020462652,255,3,572,2572
8,0,100314.18,0.98927499,0.020462652,255,3,573,2573
8,0,100308.54,0.88082555,0.020462652,255,3,574,2574
8,0,100633.05,0.98023384,0.020462652,255,3,575,2575
8,0,101062.21,0.96875135,0.020462652,255,3,576,2576
8,0,100655.74,0.96912635,0.020462652,255,3,577,2577
8,0,100655.94,0.90632911,0.020462652,255,3,578,2578
8,0,100927.73,0.97539337,0.020462652,255,3,579,2579
8,0,100895.63,0.99669882,0.020462652,255,3,580,2580
8,0,100906.04,0.96255541,0.020462652,255,3,581,2581
8,0,100724.87,0.90786155,0.020462652,255,3,582,2582
8,0,100937.66,0.99376216,0.020462652,255,3,583,2583
8,0,100475.56,0.97675282,0.020462652,255,3,584,2584
8,0,100955.75,0.95880716,0.020462652,255,3,585,2585
8,0,100413.98,0.97179662,0.020462652,255,3,586,2586
8,0,100278.9,0.92218484,0.020462652,255,3,587,2587
8,0,100714.37,0.78541167,0.020462652,255,3,588,2588
8,0,100866.82,0.80626422,0.020462652,255,3,589,2589
8,0,100352.43,0.98961488,0.020462652,255,3,590,2590
8,0,100524.49,0.9791038,0.020462652,255,3,591,2591
8,0,100617.59,0.95827512,0.020462652,255,3,592,2592
8,0,100415.53,0.91437919,0.020462652,255,3,593,2593
8,0,100635.29,0.9341504,0.020462652,255,3,594,2594
8,0,100963.81,0.97288968,0.020462652,255,3,595,2595
8,0,100753.79,0.96721142,0.020462652,255,3,596,2596
8,0,100618.81,0.8407228,0.020462652,255,3,597,2597
8,0,100615.55,0.84637349,0.020462652,255,3,598,2598
8,0,100470.81,0.99022736,0.020462652,255,3,599,2599
8,0,100347.3,0.99060197,0.020462652,255,3,600,2600
8,0,100065.85,0.99881346,0.020462652,255,3,601,2601
8,0,100264.95,0.86809686,0.020462652,255,3,602,2602
8,0,100638.74,0.97948654,0.020462652,255,3,603,2603
8,0,100738.11,0.97500809,0.020462652,255,3,604,2604
8,0,100342.82,0.98791199,0.020462652,255,3,605,2605
8,0,100245.77,0.93267751,0.020462652,255,3,606,2606
8,0,100428.48,0.96897965,0.020462652,255,3,607,2607
8,0,100550.39,0.97161669,0.020462652,255,3,608,2608
8,0,100525.6,0.91544016,0.020462652,255,3,609,2609
8,0,100633.84,0.97223666,0.020462652,255,3,610,2610
8,0,100261.8,0.99587606,0.020462652,255,3,611,2611
8,0,100699.32,0.92363443,0.020462652,255,3,612,2612
8,0,100615.3,0.92676266,0.020462652,255,3,613,2613
8,0,100716.87,0.95463083,0.020462652,255,3,614,2614
8,0,100684.83,0.91943073,0.020462652,255,3,615,2615
8,0,100593.55,0.99531496,0.020462652,255,3,616,2616
8,0,100751.33,0.99795519,0.020462652,255,3,617,2617
8,0,100808.66,0.95963654,0.020462652,255,3,618,2618
8,0,100888.05,0.97674983,0.020462652,255,3,619,2619
8,0,100861.25,0.99287702,0.020462652,255,3,620,2620
8,0,100698.66,0.88911004,0.020462652,255,3,621,2621
8,0,100444.09,0.97923651,0.020462652,255,3,622,2622
8,0,100439.22,0.99503713,0.020462652,255,3,623,2623
8,0,100754.37,0.93944103,0.020462652,255,3,624,2624
8,0,100448.08,0.92289036,0.020462652,255,3,625,2625
8,0,100244.73,0.75589046,0.020462652,255,3,626,2626
8,0,100126.87,0.99510928,0.020462652,255,3,627,2627
8,0,100855.08,0.89062568,0.020462652,255,3,628,2628
8,0,100970.5,0.92018255,0.020462652,255,3,629,2629
8,0,100886.4,0.99463585,0.020462652,255,3,630,2630
8,0,101168.34,0.9500094,0.020462652,255,3,631,2631
8,0,100781.04,0.99997864,0.020462652,255,3,632,2632
8,0,100854.56,0.97284366,0.020462652,255,3,633,2633
8,0,100832.15,0.98575229,0.020462652,255,3,634,2634
8,0,100744.72,0.98170417,0.020462652,255,3,635,2635
8,0,100740.85,0.90236835,0.020462652,255,3,636,2636
8,0,100493.69,0.98135299,0.020462652,255,3,637,2637
8,0,100927.79,0.94347885,0.020462652,255,3,638,2638
8,0,100747.18,0.98937182,0.020462652,255,3,639,2639
8,0,100793.22,0.99843352,0.020462652,255,3,640,2640
8,0,100940.62,0.9977588,0.020462652,255,3,641,2641
8,0,101021.82,0.92276707,0.020462652,255,3,642,2642
8,0,101173.31,0.96836476,0.020462652,255,3,643,2643
8,0,101311.31,0.96093867,0.020462652,255,3,644,2644
8,0,101346.67,0.91445905,0.020462652,255,3,645,2645
8,0,100878.07,0.99830064,0.020462652,255,3,646,2646
8,0,100803.28,0.9994733,0.020462652,255,3,647,2647
8,0,100619.13,0.96181694,0.020462652,255,3,648,2648
8,0,100877.54,0.92613499,0.020462652,255,3,649,2649
8,0,100526.14,0.97286327,0.020462652,255,3,650,2650
8,0,100772.2,0.95335775,0.020462652,255,3,651,2651
8,0,100682.32,0.93587991,0.020462652,255,3,652,2652
8,0,100830.9,0.83179049,0.020462652,255,3,653,2653
8,0,100976.85,0.82758476,0.020462652,255,3,654,2654
8,0,100499.08,0.99699926,0.020462652,255,3,655,2655
8,0,100502.48,0.97773236,0.020462652,255,3,656,2656
8,0,100584.46,0.95765984,0.020462652,255,3,657,2657
8,0,100811.05,0.95488717,0.020462652,255,3,658,2658
8,0,101102.08,0.96897429,0.020462652,255,3,659,2659
8,0,101005.96,0.98137358,0.020462652,255,3,660,2660
8,0,100874.51,0.96437307,0.020462652,255,3,661,2661
8,0,100861.74,0.98442704,0.020462652,255,3,662,2662
8,0,101265.79,0.98416419,0.020462652,255,3,663,2663
8,0,100738.25,0.99815889,0.020462652,255,3,664,2664
8,0,100601.28,0.9177129,0.020462652,255,3,665,2665
8,0,100861.41,0.97875554,0.020462652,255,3,666,2666
8,0,100917.76,0.95438731,0.020462652,255,3,667,2667
8,0,100748.85,0.96830357,0.020462652,255,3,668,2668
8,0,100588.81,0.95622616,0.020462652,255,3,669,2669
8,0,100504.61,0.90411465,0.020462652,255,3,670,2670
8,0,100264.13,0.98837113,0.020462652,255,3,671,2671
8,0,100330.51,0.90275065,0.020462652,255,3,672,2672
8,0,100845.35,0.7816345,0.020462652,255,3,673,2673
8,0,100714.19,0.99405081,0.020462652,255,3,674,2674
8,0,100735.05,0.93611149,0.020462652,255,3,675,2675
8,0,100894.77,0.95040683,0.020462652,255,3,676,2676
8,0,100759.61,0.96304069,0.020462652,255,3,677,2677
8,0,100843.63,0.93530099,0.020462652,255,3,678,2678
8,0,101215.58,0.99607063,0.020462652,255,3,679,2679
8,0,101037.14,0.97288163,0.020462652,255,3,680,2680
8,0,100632.51,0.96664345,0.020462652,255,3,681,2681
8,0,100516.96,0.92081602,0.020462652,255,3,682,2682
8,0,100743.13,0.93855236,0.020462652,255,3,683,2683
8,0,100938.49,0.98224861,0.020462652,255,3,684,2684
8,0,101130.7,0.92990955,0.020462652,255,3,685,2685
8,0,100956.32,0.99412915,0.020462652,255,3,686,2686
8,0,100658.69,0.99470393,0.020462652,255,3,687,2687
8,0,100643.12,0.98825889,0.020462652,255,3,688,2688
8,0,100690.47,0.9852521,0.020462652,255,3,689,2689
8,0,101071.98,0.95598843,0.020462652,255,3,690,2690
8,0,100956.3,0.97095491,0.020462652,255,3,691,2691
8,0,101201.58,0.98599168,0.020462652,255,3,692,2692
8,0,101048.15,0.9142783,0.020462652,255,3,693,2693
8,0,100773.3,0.97258751,0.020462652,255,3,694,2694
8,0,100992.96,0.97971663,0.020462652,255,3,695,2695
8,0,100725,0.99348813,0.020462652,255,3,696,2696
8,0,100848.28,0.99791656,0.020462652,255,3,697,2697
8,0,101119.61,0.99793571,0.020462652,255,3,698,2698
8,0,100885.2,0.94311504,0.020462652,255,3,699,2699
8,0,101304.98,0.95156651,0.020462652,255,3,700,2700
8,0,100915.86,0.99536676,0.020462652,255,3,701,2701
8,0,100800.77,0.99828071,0.020462652,255,3,702,2702
8,0,100782.97,0.60835523,0.020462652,255,3,703,2703
8,0,100877.65,0.99717255,0.020462652,255,3,704,2704
8,0,100733.26,0.99983092,0.020462652,255,3,705,2705
8,0,100847.82,0.98920319,0.020462652,255,3,706,2706
8,0,100638.06,0.93792541,0.020462652,255,3,707,2707
8,0,100419.05,0.92737225,0.020462652,255,3,708,2708
8,0,100422.47,0.84254251,0.020462652,255,3,709,2709
8,0,100290.01,0.96841503,0.020462652,255,3,710,2710
8,0,100396.6,0.98344392,0.020462652,255,3,711,2711
8,0,100521.09,0.93783936,0.020462652,255,3,712,2712
8,0,100265.72,0.96570297,0.020462652,255,3,713,2713
8,0,100165.96,0.97897447,0.020462652,255,3,714,2714
8,0,100192.94,0.95468881,0.020462652,255,3,715,2715
8,0,100464.15,0.99304751,0.020462652,255,3,716,2716
8,0,100574.27,0.96259181,0.020462652,255,3,717,2717
8,0,100430.53,0.9999313,0.020462652,255,3,718,2718
8,0,100611.7,0.93478738,0.020462652,255,3,719,2719
8,0,100950.12,0.9971414,0.020462652,255,3,720,2720
8,0,100443.03,0.9803571,0.020462652,255,3,721,2721
8,0,100180.83,0.99845976,0.020462652,255,3,722,2722
8,0,100658.06,0.97256819,0.020462652,255,3,723,2723
8,0,100580.81,0.91671436,0.020462652,255,3,724,2724
8,0,101067.45,0.82249017,0.020462652,255,3,725,2725
8,0,101125.91,0.98840485,0.020462652,255,3,726,2726
8,0,100898.69,0.95653293,0.020462652,255,3,727,2727
8,0,100979.26,0.9985643,0.020462652,255,3,728,2728
8,0,100899.87,0.98329265,0.020462652,255,3,729,2729
8,0,100742.17,0.99154723,0.020462652,255,3,730,2730
8,0,100850.01,0.94092849,0.020462652,255,3,731,2731
8,0,100686.55,0.97850998,0.020462652,255,3,732,2732
8,0,100601.56,0.98190352,0.020462652,255,3,733,2733
8,0,101040.22,0.96174685,0.020462652,255,3,734,2734
8,0,100986.08,0.88741318,0.020462652,255,3,735,2735
8,0,101030.31,0.97022407,0.020462652,255,3,736,2736
8,0,100644.48,0.99186249,0.020462652,255,3,737,2737
8,0,101323.87,0.94877746,0.020462652,255,3,738,2738
8,0,100940.83,0.97407471,0.020462652,255,3,739,2739
8,0,100234.5,0.98165665,0.020462652,255,3,740,2740
8,0,99956.633,0.99733,0.020462652,255,3,741,2741
8,0,100010.99,0.95198305,0.020462652,255,3,742,2742
8,0,100182.49,0.99240121,0.020462652,255,3,743,2743
8,0,100254.28,0.98355909,0.020462652,255,3,744,2744
8,0,100043.23,0.97637305,0.020462652,255,3,745,2745
8,0,100342.95,0.96901022,0.020462652,255,3,746,2746
8,0,100485.78,0.99931729,0.020462652,255,3,747,2747
8,0,100709.38,0.99301503,0.020462652,255,3,748,2748
8,0,100891.98,0.99714806,0.020462652,255,3,749,2749
8,0,100891.79,0.99890159,0.020462652,255,3,750,2750
8,0,101129.55,0.99902991,0.020462652,255,3,751,2751
8,0,101135.09,0.98594022,0.020462652,255,3,752,2752
8,0,101189.25,0.89263974,0.020462652,255,3,753,2753
8,0,100950.93,0.96993393,0.020462652,255,3,754,2754
8,0,101308.97,0.97322358,0.020462652,255,3,755,2755
8,0,100834.86,0.99145225,0.020462652,255,3,756,2756
8,0,101135.76,0.94535236,0.020462652,255,3,757,2757
8,0,101250.84,0.93156795,0.020462652,255,3,758,2758
8,0,101283.88,0.99874074,0.020462652,255,3,759,2759
8,0,101231.84,0.9776787,0.020462652,255,3,760,2760
8,0,101130.39,0.99700989,0.020462652,255,3,761,2761
8,0,100756.87,0.99932668,0.020462652,255,3,762,2762
8,0,101008.87,0.91067325,0.020462652,255,3,763,2763
8,0,101123,0.95721606,0.020462652,255,3,764,2764
8,0,100686.77,0.98640848,0.020462652,255,3,765,2765
8,0,101046.67,0.93386523,0.020462652,255,3,766,2766
8,0,101395.84,0.92708142,0.020462652,255,3,767,2767
8,0,101050.36,0.99415095,0.020462652,255,3,768,2768
8,0,101148.77,0.99399758,0.020462652,255,3,769,2769
8,0,101276.09,0.98244368,0.020462652,255,3,770,2770
8,0,101198.24,0.88030985,0.020462652,255,3,771,2771
8,0,100750.92,0.92817095,0.020462652,255,3,772,2772
8,0,100809.8,0.97812577,0.020462652,255,3,773,2773
8,0,101028.72,0.99783343,0.020462652,255,3,774,2774
8,0,100975.72,0.98726232,0.020462652,255,3,775,2775
8,0,101100.75,0.91030954,0.020462652,255,3,776,2776
8,0,101128.68,0.99388843,0.020462652,255,3,777,2777
8,0,100981.54,0.95171667,0.020462652,255,3,778,2778
8,0,101194.85,0.97017334,0.020462652,255,3,779,2779
8,0,101540.89,0.9420185,0.020462652,255,3,780,2780
8,0,101185.52,0.9651219,0.020462652,255,3,781,2781
8,0,101254.76,0.99503393,0.020462652,255,3,782,2782
8,0,101128.47,0.99412843,0.020462652,255,3,783,2783
8,0,101156.04,0.98154811,0.020462652,255,3,784,2784
8,0,101026.11,0.97243892,0.020462652,255,3,785,2785
8,0,101014.67,0.95701247,0.020462652,255,3,786,2786
8,0,100808.52,0.91005054,0.020462652,255,3,787,2787
8,0,100930.12,0.93910084,0.020462652,255,3,788,2788
8,0,100947.52,0.95310847,0.020462652,255,3,789,2789
8,0,101314.96,0.99733762,0.020462652,255,3,790,2790
8,0,101093.67,0.99769475,0.020462652,255,3,791,2791
8,0,100833.71,0.96028221,0.020462652,255,3,792,2792
8,0,101103.47,0.99833536,0.020462652,255,3,793,2793
8,0,101375.24,0.98287453,0.020462652,255,3,794,2794
8,0,101444.87,0.95788713,0.020462652,255,3,795,2795
8,0,100841.87,0.99905286,0.020462652,255,3,796,2796
8,0,100799.67,0.88645624,0.020462652,255,3,797,2797
8,0,101288.68,0.97263783,0.020462652,255,3,798,2798
8,0,101424.53,0.82515078,0.020462652,255,3,799,2799
8,0,101431.4,0.99714683,0.020462652,255,3,800,2800
8,0,100924.66,0.92268476,0.020462652,255,3,801,2801
8,0,100906.53,0.98768532,0.020462652,255,3,802,2802
8,0,101102.42,0.97879064,0.020462652,255,3,803,2803
8,0,100911.81,0.9524803,0.020462652,255,3,804,2804
8,0,100827.71,0.92236928,0.020462652,255,3,805,2805
8,0,100996.83,0.99910404,0.020462652,255,3,806,2806
8,0,100773.78,0.75330788,0.020462652,255,3,807,2807
8,0,100624.44,0.99379916,0.020462652,255,3,808,2808
8,0,100906.86,0.95311536,0.020462652,255,3,809,2809
8,0,100644.25,0.92063247,0.020462652,255,3,810,2810
8,0,100495.87,0.96441466,0.020462652,255,3,811,2811
8,0,100637.63,0.93744425,0.020462652,255,3,812,2812
8,0,100846.45,0.97734449,0.020462652,255,3,813,2813
8,0,101149.65,0.9670262,0.020462652,255,3,814,2814
8,0,101496.06,0.97730947,0.020462652,255,3,815,2815
8,0,101360.33,0.99043701,0.020462652,255,3,816,2816
8,0,101157.12,0.95527554,0.020462652,255,3,817,2817
8,0,101186.07,0.9599925,0.020462652,255,3,818,2818
8,0,101115.99,0.97291058,0.020462652,255,3,819,2819
8,0,101154.33,0.90675269,0.020462652,255,3,820,2820
8,0,100892.06,0.99987353,0.020462652,255,3,821,2821
8,0,100623.96,0.9900093,0.020462652,255,3,822,2822
8,0,100034.34,0.96526821,0.020462652,255,3,823,2823
8,0,100212.46,0.92219524,0.020462652,255,3,824,2824
8,0,100430.69,0.91231733,0.020462652,255,3,825,2825
8,0,100565.09,0.99644268,0.020462652,255,3,826,2826
8,0,100725.4,0.89556213,0.020462652,255,3,827,2827
8,0,100651.94,0.99226996,0.020462652,255,3,828,2828
8,0,100678.82,0.90154561,0.020462652,255,3,829,2829
8,0,100663.69,0.97794157,0.020462652,255,3,830,2830
8,0,101230.83,0.97134097,0.020462652,255,3,831,2831
8,0,101246.17,0.95261857,0.020462652,255,3,832,2832
8,0,100742.29,0.97891686,0.020462652,255,3,833,2833
8,0,100936.96,0.96841001,0.020462652,255,3,834,2834
8,0,100561.57,0.95688875,0.020462652,255,3,835,2835
8,0,100507.72,0.98782568,0.020462652,255,3,836,2836
8,0,100947.76,0.96141974,0.020462652,255,3,837,2837
8,0,101150.33,0.9364932,0.020462652,255,3,838,2838
8,0,100850.48,0.94576723,0.020462652,255,3,839,2839
8,0,100507.22,0.87935354,0.020462652,255,3,840,2840
8,0,100727.99,0.94261562,0.020462652,255,3,841,2841
8,0,100865.41,0.96869315,0.020462652,255,3,842,2842
8,0,100436.33,0.99863081,0.020462652,255,3,843,2843
8,0,100248.3,0.97775112,0.020462652,255,3,844,2844
8,0,100364.46,0.9823958,0.020462652,255,3,845,2845
8,0,100045.81,0.84974689,0.020462652,255,3,846,2846
8,0,100538.57,0.85815508,0.020462652,255,3,847,2847
8,0,100465.43,0.9210834,0.020462652,255,3,848,2848
8,0,100875.02,0.91571693,0.020462652,255,3,849,2849
8,0,100762.25,0.84910858,0.020462652,255,3,850,2850
8,0,100600.35,0.99128772,0.020462652,255,3,851,2851
8,0,100632.47,0.93866923,0.020462652,255,3,852,2852
8,0,100550.08,0.96547447,0.020462652,255,3,853,2853
8,0,100277.53,0.94384231,0.020462652,255,3,854,2854
8,0,100562.92,0.99405213,0.020462652,255,3,855,2855
8,0,100572.82,0.99023603,0.020462652,255,3,856,2856
8,0,100517.96,0.98946436,0.020462652,255,3,857,2857
8,0,100540.66,0.8807428,0.020462652,255,3,858,2858
8,0,100608.87,0.99689895,0.020462652,255,3,859,2859
8,0,100534.88,0.90390749,0.020462652,255,3,860,2860
8,0,100376.43,0.9824658,0.020462652,255,3,861,2861
8,0,100312.17,0.9684792,0.020462652,255,3,862,2862
8,0,100774.7,0.98951903,0.020462652,255,3,863,2863
8,0,100723.95,0.98883559,0.020462652,255,3,864,2864
8,0,100597.25,0.99292579,0.020462652,255,3,865,2865
8,0,100637.87,0.98656946,0.020462652,255,3,866,2866
8,0,100268.15,0.99949592,0.020462652,255,3,867,2867
8,0,100684.52,0.97252317,0.020462652,255,3,868,2868
8,0,100760.87,0.94390669,0.020462652,255,3,869,2869
8,0,100757.56,0.95748448,0.020462652,255,3,870,2870
8,0,100556.03,0.96204278,0.020462652,255,3,871,2871
8,0,100579.66,0.98035778,0.020462652,255,3,872,2872
8,0,100990.72,0.92367975,0.020462652,255,3,873,2873
8,0,101094.12,0.98596885,0.020462652,255,3,874,2874
8,0,100804.29,0.98880452,0.020462652,255,3,875,2875
8,0,101232.52,0.81347907,0.020462652,255,3,876,2876
8,0,101173.98,0.95047934,0.020462652,255,3,877,2877
8,0,101375.4,0.98114935,0.020462652,255,3,878,2878
8,0,101376.67,0.87211067,0.020462652,255,3,879,2879
8,0,101251.02,0.9812535,0.020462652,255,3,880,2880
8,0,100781.55,0.94888918,0.020462652,255,3,881,2881
8,0,101029.56,0.98919514,0.020462652,255,3,882,2882
8,0,101046.14,0.93055144,0.020462652,255,3,883,2883
8,0,100852.39,0.92585719,0.020462652,255,3,884,2884
8,0,100685.78,0.96144876,0.020462652,255,3,885,2885
8,0,100950.19,0.9722869,0.020462652,255,3,886,2886
8,0,100912.16,0.94652568,0.020462652,255,3,887,2887
8,0,101012.36,0.96667566,0.020462652,255,3,888,2888
8,0,101118.43,0.96408781,0.020462652,255,3,889,2889
8,0,100654.5,0.86071762,0.020462652,255,3,890,2890
8,0,100150.86,0.98509321,0.020462652,255,3,891,2891
8,0,100105.95,0.91860643,0.020462652,255,3,892,2892
8,0,100354.78,0.85357303,0.020462652,255,3,893,2893
8,0,100887.33,0.98227462,0.020462652,255,3,894,2894
8,0,100791.08,0.99231379,0.020462652,255,3,895,2895
8,0,100820.52,0.99470972,0.020462652,255,3,896,2896
8,0,100894.25,0.9252311,0.020462652,255,3,897,2897
8,0,100878.57,0.9914149,0.020462652,255,3,898,2898
8,0,101018.03,0.94043311,0.020462652,255,3,899,2899
8,0,100743.37,0.92132363,0.020462652,255,3,900,2900
8,0,100933.11,0.90799945,0.020462652,255,3,901,2901
8,0,101140.78,0.98097114,0.020462652,255,3,902,2902
8,0,100917.88,0.98512275,0.020462652,255,3,903,2903
8,0,100970.12,0.96625296,0.020462652,255,3,904,2904
8,0,100749.52,0.9586945,0.020462652,255,3,905,2905
8,0,100699.42,0.98757548,0.020462652,255,3,906,2906
8,0,101121.04,0.94943794,0.020462652,255,3,907,2907
8,0,101188.04,0.97221133,0.020462652,255,3,908,2908
8,0,100916.93,0.99216841,0.020462652,255,3,909,2909
8,0,101162.32,0.97980105,0.020462652,255,3,910,2910
8,0,101320.28,0.91163789,0.020462652,255,3,911,2911
8,0,101259.95,0.96411769,0.020462652,255,3,912,2912
8,0,101548.95,0.97825268,0.020462652,255,3,913,2913
8,0,101594.76,0.96882841,0.020462652,255,3,914,2914
8,0,101289.73,0.9997033,0.020462652,255,3,915,2915
8,0,100786.63,0.97930347,0.020462652,255,3,916,2916
8,0,100876.56,0.99598702,0.020462652,255,3,917,2917
8,0,101019.79,0.91695456,0.020462652,255,3,918,2918
8,0,101102.82,0.89058135,0.020462652,255,3,919,2919
8,0,101271.58,0.91982457,0.020462652,255,3,920,2920
8,0,101462.92,0.93318209,0.020462652,255,3,921,2921
8,0,101377.55,0.9875074,0.020462652,255,3,922,2922
8,0,101307.1,0.99721072,0.020462652,255,3,923,2923
8,0,101193.62,0.98569005,0.020462652,255,3,924,2924
8,0,101298.73,0.98306327,0.020462652,255,3,925,2925
8,0,101050.07,0.99564111,0.020462652,255,3,926,2926
8,0,101070.11,0.94779831,0.020462652,255,3,927,2927
8,0,101076.44,0.99805089,0.020462652,255,3,928,2928
8,0,100937.17,0.96942904,0.020462652,255,3,929,2929
8,0,100907.69,0.97729407,0.020462652,255,3,930,2930
8,0,100482.67,0.98028831,0.020462652,255,3,931,2931
8,0,100623.5,0.94142985,0.020462652,255,3,932,2932
8,0,101478.17,0.96390095,0.020462652,255,3,933,2933
8,0,101324.58,0.96127438,0.020462652,255,3,934,2934
8,0,100526.22,0.97315707,0.020462652,255,3,935,2935
8,0,100704.37,0.96367831,0.020462652,255,3,936,2936
8,0,100925.95,0.99833457,0.020462652,255,3,937,2937
8,0,101464.8,0.96207694,0.020462652,255,3,938,2938
8,0,101559.22,0.99987996,0.020462652,255,3,939,2939
8,0,101187.01,0.92417498,0.020462652,255,3,940,2940
8,0,100703.12,0.98621915,0.020462652,255,3,941,2941
8,0,100828.37,0.9323454,0.020462652,255,3,942,2942
8,0,100938.38,0.99876963,0.020462652,255,3,943,2943
8,0,101242.46,0.91150964,0.020462652,255,3,944,2944
8,0,100868.34,0.98700264,0.020462652,255,3,945,2945
8,0,100793.76,0.99656124,0.020462652,255,3,946,2946
8,0,101052.56,0.85506763,0.020462652,255,3,947,2947
8,0,101212.16,0.99840967,0.020462652,255,3,948,2948
8,0,101056.36,0.97151076,0.020462652,255,3,949,2949
8,0,100850.59,0.99758897,0.020462652,255,3,950,2950
8,0,101008.4,0.93443057,0.020462652,255,3,951,2951
8,0,101063.71,0.98310396,0.020462652,255,3,952,2952
8,0,101003.25,0.95455495,0.020462652,255,3,953,2953
8,0,100928.01,0.9983606,0.020462652,255,3,954,2954
8,0,100990.86,0.95670771,0.020462652,255,3,955,2955
8,0,101056.76,0.9448068,0.020462652,255,3,956,2956
8,0,100858.52,0.98160372,0.020462652,255,3,957,2957
8,0,100969.42,0.98357384,0.020462652,255,3,958,2958
8,0,100450.6,0.99278542,0.020462652,255,3,959,2959
8,0,100661.85,0.96393879,0.020462652,255,3,960,2960
8,0,100389.55,0.99493478,0.020462652,255,3,961,2961
8,0,100026.39,0.90028307,0.020462652,255,3,962,2962
8,0,100164.49,0.97600868,0.020462652,255,3,963,2963
8,0,100148.54,0.99305211,0.020462652,255,3,964,2964
8,0,100492.81,0.88955733,0.020462652,255,3,965,2965
8,0,101057.59,0.88942483,0.020462652,255,3,966,2966
8,0,100490.73,0.99589157,0.020462652,255,3,967,2967
8,0,100922.96,0.87575045,0.020462652,255,3,968,2968
8,0,101011.75,0.97149331,0.020462652,255,3,969,2969
8,0,100997.27,0.99665031,0.020462652,255,3,970,2970
8,0,100808.77,0.96651549,0.020462652,255,3,971,2971
8,0,101145.35,0.97576387,0.020462652,255,3,972,2972
8,0,101159.59,0.97080728,0.020462652,255,3,973,2973
8,0,101039.29,0.99528457,0.020462652,255,3,974,2974
8,0,101356.25,0.95800196,0.020462652,255,3,975,2975
8,0,101103.97,0.99318534,0.020462652,255,3,976,2976
8,0,100811.63,0.99457978,0.020462652,255,3,977,2977
8,0,100489.72,0.98791938,0.020462652,255,3,978,2978
8,0,100179.77,0.95225104,0.020462652,255,3,979,2979
8,0,100549.42,0.84526787,0.020462652,255,3,980,2980
8,0,100492.49,0.84104916,0.020462652,255,3,981,2981
8,0,100657.41,0.8569376,0.020462652,255,3,982,2982
8,0,101078.03,0.9789111,0.020462652,255,3,983,2983
8,0,101672.74,0.97113657,0.020462652,255,3,984,2984
8,0,101462.96,0.98080303,0.020462652,255,3,985,2985
8,0,101692.51,0.91787244,0.020462652,255,3,986,2986
8,0,101360.56,0.9924475,0.020462652,255,3,987,2987
8,0,101338.63,0.93929555,0.020462652,255,3,988,2988
8,0,101070.29,0.99450478,0.020462652,255,3,989,2989
8,0,100960.28,0.93424761,0.020462652,255,3,990,2990
8,0,100545.55,0.92638779,0.020462652,255,3,991,2991
8,0,100563.07,0.91906898,0.020462652,255,3,992,2992
8,0,100585.13,0.91271811,0.020462652,255,3,993,2993
8,0,100687.57,0.97057168,0.020462652,255,3,994,2994
8,0,101096.15,0.97145723,0.020462652,255,3,995,2995
8,0,100894.32,0.94033227,0.020462652,255,3,996,2996
8,0,100903.05,0.95283561,0.020462652,255,3,997,2997
8,0,101237.01,0.9824608,0.020462652,255,3,998,2998
8,0,100877.96,0.90918251,0.020462652,255,3,999,2999
8,0,101029.79,0.95065944,0.020462652,255,3,1000,3000
7,0,100846.17,0.78015767,0.025673249,127,4,1,3001
7,0,100775.89,0.99923587,0.025673249,127,4,2,3002
7,0,100950.18,0.99972331,0.025673249,127,4,3,3003
7,0,101087.84,0.91086556,0.025673249,127,4,4,3004
7,0,100906.45,0.88814811,0.025673249,127,4,5,3005
7,0,100897.01,0.94550941,0.025673249,127,4,6,3006
7,0,100566.44,0.93878221,0.025673249,127,4,7,3007
7,0,100378.88,0.98312592,0.025673249,127,4,8,3008
7,0,100888.85,0.91761635,0.025673249,127,4,9,3009
7,0,101524.16,0.83860372,0.025673249,127,4,10,3010
7,0,101097.57,0.97138724,0.025673249,127,4,11,3011
7,0,100986.32,0.96777424,0.025673249,127,4,12,3012
7,0,101034.61,0.98940653,0.025673249,127,4,13,3013
7,0,100572.41,0.99938984,0.025673249,127,4,14,3014
7,0,100899.38,0.99421903,0.025673249,127,4,15,3015
7,0,100951.22,0.97281075,0.025673249,127,4,16,3016
7,0,100994.04,0.98333981,0.025673249,127,4,17,3017
7,0,100987.08,0.87895928,0.025673249,127,4,18,3018
7,0,100622.08,0.94680807,0.025673249,127,4,19,3019
7,0,100828.44,0.8829296,0.025673249,127,4,20,3020
7,0,101065.54,0.91283148,0.025673249,127,4,21,3021
7,0,100505.61,0.96873801,0.025673249,127,4,22,3022
7,0,100455.48,0.99919127,0.025673249,127,4,23,3023
7,0,100497.58,0.86783523,0.025673249,127,4,24,3024
7,0,100826.34,0.99910889,0.025673249,127,4,25,3025
7,0,100360.08,0.93649099,0.025673249,127,4,26,3026
7,0,100398.11,0.96573115,0.025673249,127,4,27,3027
7,0,100322.8,0.99206225,0.025673249,127,4,28,3028
7,0,100518.89,0.78206894,0.025673249,127,4,29,3029
7,0,100835.55,0.92449959,0.025673249,127,4,30,3030
7,0,100981.56,0.94217593,0.025673249,127,4,31,3031
7,0,101038.27,0.96623622,0.025673249,127,4,32,3032
7,0,101202.24,0.77954225,0.025673249,127,4,33,3033
7,0,100988.78,0.97209452,0.025673249,127,4,34,3034
7,0,101022.65,0.99735669,0.025673249,127,4,35,3035
7,0,100644.26,0.99103688,0.025673249,127,4,36,3036
7,0,100587.13,0.89224021,0.025673249,127,4,37,3037
7,0,100259.52,0.92577428,0.025673249,127,4,38,3038
7,0,100292.92,0.94506558,0.025673249,127,4,39,3039
7,0,100614.36,0.93458697,0.025673249,127,4,40,3040
7,0,100657.84,0.76185915,0.025673249,127,4,41,3041
7,0,100726.96,0.97860686,0.025673249,127,4,42,3042
7,0,100871.23,0.96189028,0.025673249,127,4,43,3043
7,0,100803.04,0.8324424,0.025673249,127,4,44,3044
7,0,101026.34,0.89657068,0.025673249,127,4,45,3045
7,0,100871.84,0.98629465,0.025673249,127,4,46,3046
7,0,100580.97,0.82958165,0.025673249,127,4,47,3047
7,0,100442.66,0.99819055,0.025673249,127,4,48,3048
7,0,100234.85,0.86978896000000006,0.025673249,127,4,49,3049
7,0,100004.09,0.97957214,0.025673249,127,4,50,3050
7,0,100269.79,0.90328502,0.025673249,127,4,51,3051
7,0,100038.02,0.98422123,0.025673249,127,4,52,3052
7,0,100259.8,0.83026658,0.025673249,127,4,53,3053
7,0,100605.78,0.98621636,0.025673249,127,4,54,3054
7,0,100498.17,0.94901881,0.025673249,127,4,55,3055
7,0,100714.76,0.99804932,0.025673249,127,4,56,3056
7,0,100686.66,0.87479272,0.025673249,127,4,57,3057
7,0,100730.4,0.94856503,0.025673249,127,4,58,3058
7,0,100945.76,0.89680857,0.025673249,127,4,59,3059
7,0,101070.64,0.92149277,0.025673249,127,4,60,3060
7,0,100961.34,0.9032822,0.025673249,127,4,61,3061
7,0,100444.29,0.9650809,0.025673249,127,4,62,3062
7,0,100352.67,0.99670648,0.025673249,127,4,63,3063
7,0,100653.97,0.93548498,0.025673249,127,4,64,3064
7,0,100729.1,0.98574124,0.025673249,127,4,65,3065
7,0,100372.14,0.99602562,0.025673249,127,4,66,3066
7,0,100521.16,0.91366281,0.025673249,127,4,67,3067
7,0,100537.47,0.97830176,0.025673249,127,4,68,3068
7,0,100464.86,0.96865665,0.025673249,127,4,69,3069
7,0,100523.09,0.87531236,0.025673249,127,4,70,3070
7,0,100665.92,0.98456001,0.025673249,127,4,71,3071
7,0,100831.42,0.92380455,0.025673249,127,4,72,3072
7,0,101046.02,0.87163428,0.025673249,127,4,73,3073
7,0,101084.35,0.84130753,0.025673249,127,4,74,3074
7,0,100900.54,0.99385089,0.025673249,127,4,75,3075
7,0,100631.91,0.89770269,0.025673249,127,4,76,3076
7,0,100664.72,0.85755048,0.025673249,127,4,77,3077
7,0,100149.04,0.88754331,0.025673249,127,4,78,3078
7,0,100394.72,0.98591441,0.025673249,127,4,79,3079
7,0,100369.54,0.9680889,0.025673249,127,4,80,3080
7,0,100449.1,0.78973147,0.025673249,127,4,81,3081
7,0,100484.76,0.99774652,0.025673249,127,4,82,3082
7,0,100409.68,0.99318759,0.025673249,127,4,83,3083
7,0,100175,0.96961098,0.025673249,127,4,84,3084
7,0,100677.95,0.80145881,0.025673249,127,4,85,3085
7,0,100792.47,0.91903375,0.025673249,127,4,86,3086
7,0,100927.3,0.9726967,0.025673249,127,4,87,3087
7,0,100715.92,0.92050896,0.025673249,127,4,88,3088
7,0,100643.9,0.94932963,0.025673249,127,4,89,3089
7,0,100514.36,0.9169885,0.025673249,127,4,90,3090
7,0,100863.83,0.96436579,0.025673249,127,4,91,3091
7,0,100966.69,0.98687767,0.025673249,127,4,92,3092
7,0,100946.97,0.97401301,0.025673249,127,4,93,3093
7,0,100968.72,0.99182635,0.025673249,127,4,94,3094
7,0,101151,0.98912132,0.025673249,127,4,95,3095
7,0,101304.32,0.90596468,0.025673249,127,4,96,3096
7,0,101055.65,0.91162845,0.025673249,127,4,97,3097
7,0,100784.67,0.98402904,0.025673249,127,4,98,3098
7,0,100763.56,0.91545003,0.025673249,127,4,99,3099
7,0,100859.6,0.99964198,0.025673249,127,4,100,3100
7,0,100858.2,0.8695955,0.025673249,127,4,101,3101
7,0,101058.21,0.89812033,0.025673249,127,4,102,3102
7,0,100590.64,0.96771021,0.025673249,127,4,103,3103
7,0,101023.6,0.94982704,0.025673249,127,4,104,3104
7,0,101226.09,0.95927495,0.025673249,127,4,105,3105
7,0,101146.28,0.81874682,0.025673249,127,4,106,3106
7,0,101460.04,0.97702441,0.025673249,127,4,107,3107
7,0,101421.8,0.98424015,0.025673249,127,4,108,3108
7,0,101382.85,0.9879275,0.025673249,127,4,109,3109
7,0,101369.54,0.99986964,0.025673249,127,4,110,3110
7,0,101711.2,0.99619815,0.025673249,127,4,111,3111
7,0,101600.25,0.97041881,0.025673249,127,4,112,3112
7,0,101796.17,0.96844637,0.025673249,127,4,113,3113
7,0,101505.44,0.84964668,0.025673249,127,4,114,3114
7,0,101636.43,0.88847943,0.025673249,127,4,115,3115
7,0,101576.55,0.91618896,0.025673249,127,4,116,3116
7,0,101555.17,0.86661423,0.025673249,127,4,117,3117
7,0,101567.94,0.97187042,0.025673249,127,4,118,3118
7,0,101368.85,0.98239358,0.025673249,127,4,119,3119
7,0,100527.25,0.89659897,0.025673249,127,4,120,3120
7,0,100823.78,0.96537193,0.025673249,127,4,121,3121
7,0,100710.7,0.95351124,0.025673249,127,4,122,3122
7,0,100346.3,0.9538101,0.025673249,127,4,123,3123
7,0,100525.31,0.82164935,0.025673249,127,4,124,3124
7,0,100844.2,0.98599427,0.025673249,127,4,125,3125
7,0,101262.08,0.87606912,0.025673249,127,4,126,3126
7,0,101257.64,0.9885627,0.025673249,127,4,127,3127
7,0,101232.84,0.98979576,0.025673249,127,4,128,3128
7,0,101090.08,0.93150853,0.025673249,127,4,129,3129
7,0,101030.84,0.9974511,0.025673249,127,4,130,3130
7,0,100820.96,0.97490897,0.025673249,127,4,131,3131
7,0,100680.98,0.99719691,0.025673249,127,4,132,3132
7,0,100887.61,0.94880523,0.025673249,127,4,133,3133
7,0,101122.28,0.88929867,0.025673249,127,4,134,3134
7,0,100735.97,0.77639086,0.025673249,127,4,135,3135
7,0,100713.91,0.99036552,0.025673249,127,4,136,3136
7,0,100870.94,0.97662658,0.025673249,127,4,137,3137
7,0,100586.53,0.91768706,0.025673249,127,4,138,3138
7,0,100773.2,0.96841814,0.025673249,127,4,139,3139
7,0,100913.84,0.92729402,0.025673249,127,4,140,3140
7,0,100278.07,0.97702365,0.025673249,127,4,141,3141
7,0,100513.29,0.99374629,0.025673249,127,4,142,3142
7,0,100770.91,0.93099869,0.025673249,127,4,143,3143
7,0,101045.32,0.8545991,0.025673249,127,4,144,3144
7,0,101346.95,0.98486766,0.025673249,127,4,145,3145
7,0,101524.84,0.98750917,0.025673249,127,4,146,3146
7,0,101342.92,0.99035532,0.025673249,127,4,147,3147
7,0,101059.78,0.98062177,0.025673249,127,4,148,3148
7,0,101506.64,0.85019011,0.025673249,127,4,149,3149
7,0,101207.02,0.87680532,0.025673249,127,4,150,3150
7,0,101047,0.93219999,0.025673249,127,4,151,3151
7,0,101188.28,0.79158975,0.025673249,127,4,152,3152
7,0,100562.3,0.99349582,0.025673249,127,4,153,3153
7,0,100352.55,0.94586993,0.025673249,127,4,154,3154
7,0,100667.86,0.97938748,0.025673249,127,4,155,3155
7,0,101064.55,0.96668424,0.025673249,127,4,156,3156
7,0,101044.54,0.69986801,0.025673249,127,4,157,3157
7,0,101208.47,0.8797272,0.025673249,127,4,158,3158
7,0,100909.24,0.92311335,0.025673249,127,4,159,3159
7,0,101016.46,0.91043042,0.025673249,127,4,160,3160
7,0,100477.99,0.9756708,0.025673249,127,4,161,3161
7,0,99793.688,0.97042429,0.025673249,127,4,162,3162
7,0,100406.06,0.79699354,0.025673249,127,4,163,3163
7,0,100263.54,0.91338569,0.025673249,127,4,164,3164
7,0,99937.616,0.87084057,0.025673249,127,4,165,3165
7,0,100200.22,0.89020407,0.025673249,127,4,166,3166
7,0,100467.15,0.7815032,0.025673249,127,4,167,3167
7,0,100719.55,0.93727608,0.025673249,127,4,168,3168
7,0,100554.6,0.82939489,0.025673249,127,4,169,3169
7,0,100544.3,0.97541657,0.025673249,127,4,170,3170
7,0,100830.24,0.98973449,0.025673249,127,4,171,3171
7,0,101133.47,0.98943008,0.025673249,127,4,172,3172
7,0,100947.16,0.95844958,0.025673249,127,4,173,3173
7,0,100777.02,0.94708835,0.025673249,127,4,174,3174
7,0,100890.05,0.90843839,0.025673249,127,4,175,3175
7,0,100943.68,0.83712976,0.025673249,127,4,176,3176
7,0,100882.57,0.96180335,0.025673249,127,4,177,3177
7,0,100966.99,0.99329635,0.025673249,127,4,178,3178
7,0,101029.21,0.99978251,0.025673249,127,4,179,3179
7,0,100883.2,0.99315677,0.025673249,127,4,180,3180
7,0,100273.89,0.8164239,0.025673249,127,4,181,3181
7,0,100431.33,0.97900231,0.025673249,127,4,182,3182
7,0,100437.54,0.95526091,0.025673249,127,4,183,3183
7,0,100024.84,0.98721425,0.025673249,127,4,184,3184
7,0,100033.19,0.99821091,0.025673249,127,4,185,3185
7,0,100467.39,0.97485387,0.025673249,127,4,186,3186
7,0,100276.49,0.98041901,0.025673249,127,4,187,3187
7,0,100517.9,0.95768556,0.025673249,127,4,188,3188
7,0,100577.81,0.89981659,0.025673249,127,4,189,3189
7,0,100326.32,0.94631398,0.025673249,127,4,190,3190
7,0,100368.16,0.99242807,0.025673249,127,4,191,3191
7,0,100475.82,0.98749552,0.025673249,127,4,192,3192
7,0,100452.05,0.80393835,0.025673249,127,4,193,3193
7,0,100742.33,0.87247873,0.025673249,127,4,194,3194
7,0,100965.94,0.99467803,0.025673249,127,4,195,3195
7,0,100806.58,0.93707063,0.025673249,127,4,196,3196
7,0,100877.35,0.89878724,0.025673249,127,4,197,3197
7,0,101112.91,0.99694219,0.025673249,127,4,198,3198
7,0,100960.92,0.99158844,0.025673249,127,4,199,3199
7,0,100593.95,0.97648246,0.025673249,127,4,200,3200
7,0,101160.82,0.94433869,0.025673249,127,4,201,3201
7,0,100839.55,0.88228322,0.025673249,127,4,202,3202
7,0,100621.87,0.85994102,0.025673249,127,4,203,3203
7,0,100675.31,0.89631487,0.025673249,127,4,204,3204
7,0,100831.91,0.96346502999999994,0.025673249,127,4,205,3205
7,0,100320.99,0.86391404,0.025673249,127,4,206,3206
7,0,100430.27,0.97861448,0.025673249,127,4,207,3207
7,0,100603.02,0.84966446,0.025673249,127,4,208,3208
7,0,100651.9,0.91317691,0.025673249,127,4,209,3209
7,0,100439.39,0.98371675,0.025673249,127,4,210,3210
7,0,100753.96,0.9269219,0.025673249,127,4,211,3211
7,0,100741.35,0.99519764,0.025673249,127,4,212,3212
7,0,100745.74,0.96689253,0.025673249,127,4,213,3213
7,0,101256.45,0.62318708,0.025673249,127,4,214,3214
7,0,101161.35,0.97647671,0.025673249,127,4,215,3215
7,0,101073.94,0.82910052,0.025673249,127,4,216,3216
7,0,101170.21,0.92869842,0.025673249,127,4,217,3217
7,0,101511.01,0.91335888,0.025673249,127,4,218,3218
7,0,100936.37,0.8688645,0.025673249,127,4,219,3219
7,0,101296.23,0.98153348,0.025673249,127,4,220,3220
7,0,101369.63,0.96005811,0.025673249,127,4,221,3221
7,0,101221.52,0.88058173,0.025673249,127,4,222,3222
7,0,100925.84,0.94849233,0.025673249,127,4,223,3223
7,0,100659.34,0.96835546,0.025673249,127,4,224,3224
7,0,101004.36,0.98490503,0.025673249,127,4,225,3225
7,0,100626.59,0.9809466,0.025673249,127,4,226,3226
7,0,100833.06,0.92547246,0.025673249,127,4,227,3227
7,0,100966.72,0.99861382,0.025673249,127,4,228,3228
7,0,101025.29,0.89601083,0.025673249,127,4,229,3229
7,0,100669.64,0.98677893,0.025673249,127,4,230,3230
7,0,100809.72,0.85474908,0.025673249,127,4,231,3231
7,0,100558.92,0.97066635,0.025673249,127,4,232,3232
7,0,100547.51,0.96893352,0.025673249,127,4,233,3233
7,0,100531.59,0.88112616,0.025673249,127,4,234,3234
7,0,100637.4,0.94564746,0.025673249,127,4,235,3235
7,0,100594.93,0.91110944,0.025673249,127,4,236,3236
7,0,100725.33,0.92457041,0.025673249,127,4,237,3237
7,0,101059.27,0.96662434,0.025673249,127,4,238,3238
7,0,100819.03,0.99764149,0.025673249,127,4,239,3239
7,0,100675.03,0.89911882,0.025673249,127,4,240,3240
7,0,100868,0.86863372,0.025673249,127,4,241,3241
7,0,101116.41,0.92639906,0.025673249,127,4,242,3242
7,0,100904.48,0.99932119,0.025673249,127,4,243,3243
7,0,100795.43,0.99890581,0.025673249,127,4,244,3244
7,0,100700.77,0.96937431,0.025673249,127,4,245,3245
7,0,100407.34,0.98819854,0.025673249,127,4,246,3246
7,0,100214.57,0.99878725,0.025673249,127,4,247,3247
7,0,100252.08,0.98087539,0.025673249,127,4,248,3248
7,0,100573.86,0.96406419,0.025673249,127,4,249,3249
7,0,100427.86,0.97464311,0.025673249,127,4,250,3250
7,0,100348.01,0.83782348,0.025673249,127,4,251,3251
7,0,100434.43,0.98812816,0.025673249,127,4,252,3252
7,0,100382.25,0.99645109,0.025673249,127,4,253,3253
7,0,100515.11,0.86508851,0.025673249,127,4,254,3254
7,0,100353.35,0.95325574,0.025673249,127,4,255,3255
7,0,100530.29,0.93636062,0.025673249,127,4,256,3256
7,0,100700.99,0.97462114,0.025673249,127,4,257,3257
7,0,100607.5,0.93556294,0.025673249,127,4,258,3258
7,0,100866.89,0.74591618,0.025673249,127,4,259,3259
7,0,100577.55,0.8213401,0.025673249,127,4,260,3260
7,0,100389.01,0.96552569,0.025673249,127,4,261,3261
7,0,100522.07,0.99675506,0.025673249,127,4,262,3262
7,0,100562.17,0.9247334,0.025673249,127,4,263,3263
7,0,100371.93,0.9650897,0.025673249,127,4,264,3264
7,0,100865.24,0.91099646,0.025673249,127,4,265,3265
7,0,100818.9,0.99157774,0.025673249,127,4,266,3266
7,0,100787.87,0.94098614,0.025673249,127,4,267,3267
7,0,100745.37,0.97114464,0.025673249,127,4,268,3268
7,0,100875.52,0.96893155,0.025673249,127,4,269,3269
7,0,100880.75,0.98789637,0.025673249,127,4,270,3270
7,0,100871,0.90913119,0.025673249,127,4,271,3271
7,0,100818.58,0.7877243,0.025673249,127,4,272,3272
7,0,101201.09,0.99962016,0.025673249,127,4,273,3273
7,0,100983.46,0.97947417,0.025673249,127,4,274,3274
7,0,101207.42,0.96186886,0.025673249,127,4,275,3275
7,0,101396.41,0.79502701,0.025673249,127,4,276,3276
7,0,101317.13,0.99038845,0.025673249,127,4,277,3277
7,0,101030.92,0.95730778,0.025673249,127,4,278,3278
7,0,101432.33,0.95753367,0.025673249,127,4,279,3279
7,0,101500.68,0.98958609,0.025673249,127,4,280,3280
7,0,101233.11,0.99938199,0.025673249,127,4,281,3281
7,0,100938.01,0.99489146,0.025673249,127,4,282,3282
7,0,101269.46,0.93935851,0.025673249,127,4,283,3283
7,0,101391.68,0.94374984,0.025673249,127,4,284,3284
7,0,101117.36,0.82474778,0.025673249,127,4,285,3285
7,0,100781.35,0.99820044,0.025673249,127,4,286,3286
7,0,100421.03,0.95262732,0.025673249,127,4,287,3287
7,0,100713.18,0.70769807,0.025673249,127,4,288,3288
7,0,100692.05,0.86990415,0.025673249,127,4,289,3289
7,0,100587.33,0.98374447,0.025673249,127,4,290,3290
7,0,100655.62,0.80806838,0.025673249,127,4,291,3291
7,0,100421.59,0.683527,0.025673249,127,4,292,3292
7,0,100842.77,0.96712012,0.025673249,127,4,293,3293
7,0,100887.13,0.97089627,0.025673249,127,4,294,3294
7,0,100780.3,0.90145678,0.025673249,127,4,295,3295
7,0,100778.68,0.94574817,0.025673249,127,4,296,3296
7,0,100981.79,0.90352268,0.025673249,127,4,297,3297
7,0,101115.06,0.98831118,0.025673249,127,4,298,3298
7,0,100766.13,0.99004523,0.025673249,127,4,299,3299
7,0,100911.81,0.94591163,0.025673249,127,4,300,3300
7,0,100595.96,0.86835938,0.025673249,127,4,301,3301
7,0,100999.64,0.95574736,0.025673249,127,4,302,3302
7,0,100704.43,0.9883697,0.025673249,127,4,303,3303
7,0,100505.26,0.95813441,0.025673249,127,4,304,3304
7,0,101012.94,0.9824842,0.025673249,127,4,305,3305
7,0,101009.15,0.98208575,0.025673249,127,4,306,3306
7,0,100845.46,0.94086797,0.025673249,127,4,307,3307
7,0,100506.56,0.93780926,0.025673249,127,4,308,3308
7,0,100608.39,0.9729986,0.025673249,127,4,309,3309
7,0,100527.35,0.95502061,0.025673249,127,4,310,3310
7,0,100664.64,0.91666673,0.025673249,127,4,311,3311
7,0,100620.48,0.92612516,0.025673249,127,4,312,3312
7,0,100595.84,0.87133896,0.025673249,127,4,313,3313
7,0,100547.42,0.97077512,0.025673249,127,4,314,3314
7,0,100463.26,0.89824134,0.025673249,127,4,315,3315
7,0,100984.95,0.96063661,0.025673249,127,4,316,3316
7,0,101011.48,0.97592674,0.025673249,127,4,317,3317
7,0,100624.75,0.93650304,0.025673249,127,4,318,3318
7,0,100655.85,0.87982863,0.025673249,127,4,319,3319
7,0,100302.41,0.97675894,0.025673249,127,4,320,3320
7,0,100524.24,0.96271686,0.025673249,127,4,321,3321
7,0,100732.17,0.88348814,0.025673249,127,4,322,3322
7,0,101170.66,0.94385351,0.025673249,127,4,323,3323
7,0,101751.8,0.98462123,0.025673249,127,4,324,3324
7,0,101443.74,0.92652927,0.025673249,127,4,325,3325
7,0,101040.49,0.9951667,0.025673249,127,4,326,3326
7,0,101179.58,0.84117552,0.025673249,127,4,327,3327
7,0,101601.59,0.99784913,0.025673249,127,4,328,3328
7,0,101458.88,0.97266909,0.025673249,127,4,329,3329
7,0,100899.98,0.98140902,0.025673249,127,4,330,3330
7,0,100763.58,0.98797198,0.025673249,127,4,331,3331
7,0,100915.34,0.98431288,0.025673249,127,4,332,3332
7,0,100764.24,0.97097147,0.025673249,127,4,333,3333
7,0,100500.65,0.95490956,0.025673249,127,4,334,3334
7,0,100744.74,0.99636289,0.025673249,127,4,335,3335
7,0,100974.88,0.90781627,0.025673249,127,4,336,3336
7,0,101095.52,0.90028482,0.025673249,127,4,337,3337
7,0,101465.81,0.97384949,0.025673249,127,4,338,3338
7,0,100944.48,0.98692427,0.025673249,127,4,339,3339
7,0,100973.21,0.92699469,0.025673249,127,4,340,3340
7,0,100282.44,0.90606668,0.025673249,127,4,341,3341
7,0,100484.38,0.99784125,0.025673249,127,4,342,3342
7,0,101064.24,0.76963906,0.025673249,127,4,343,3343
7,0,100657.13,0.9209196,0.025673249,127,4,344,3344
7,0,100969.71,0.79243958,0.025673249,127,4,345,3345
7,0,100885.09,0.95459859,0.025673249,127,4,346,3346
7,0,100798.41,0.79426206,0.025673249,127,4,347,3347
7,0,100530.76,0.99015781,0.025673249,127,4,348,3348
7,0,100540.49,0.98282365,0.025673249,127,4,349,3349
7,0,100660.5,0.99303015,0.025673249,127,4,350,3350
7,0,100651.67,0.68852120000000006,0.025673249,127,4,351,3351
7,0,100428.11,0.98616554,0.025673249,127,4,352,3352
7,0,100427.56,0.89431787,0.025673249,127,4,353,3353
7,0,100578.03,0.94185443,0.025673249,127,4,354,3354
7,0,100415.52,0.83631568,0.025673249,127,4,355,3355
7,0,100752.72,0.7668033,0.025673249,127,4,356,3356
7,0,100677.98,0.82071572,0.025673249,127,4,357,3357
7,0,100516.62,0.99015008,0.025673249,127,4,358,3358
7,0,100550.25,0.94895181,0.025673249,127,4,359,3359
7,0,100331.95,0.97222904,0.025673249,127,4,360,3360
7,0,100316.1,0.91988086,0.025673249,127,4,361,3361
7,0,100426.31,0.96384663,0.025673249,127,4,362,3362
7,0,100311.28,0.98791842,0.025673249,127,4,363,3363
7,0,100719.02,0.85580094,0.025673249,127,4,364,3364
7,0,100626.89,0.75947952,0.025673249,127,4,365,3365
7,0,100873.79,0.95886563,0.025673249,127,4,366,3366
7,0,101040.21,0.95407514,0.025673249,127,4,367,3367
7,0,101460.5,0.94011494,0.025673249,127,4,368,3368
7,0,101238.98,0.97054727,0.025673249,127,4,369,3369
7,0,100905.49,0.99704463,0.025673249,127,4,370,3370
7,0,100521.87,0.95728307,0.025673249,127,4,371,3371
7,0,100900.55,0.96679165,0.025673249,127,4,372,3372
7,0,100582.43,0.99927108,0.025673249,127,4,373,3373
7,0,100746.13,0.97751579,0.025673249,127,4,374,3374
7,0,100961.74,0.8885442,0.025673249,127,4,375,3375
7,0,100820.46,0.91473406,0.025673249,127,4,376,3376
7,0,100764.48,0.92179228,0.025673249,127,4,377,3377
7,0,100517.11,0.97477566,0.025673249,127,4,378,3378
7,0,100229.3,0.97620872,0.025673249,127,4,379,3379
7,0,100249.63,0.98934113,0.025673249,127,4,380,3380
7,0,100276.43,0.87350869,0.025673249,127,4,381,3381
7,0,101494.68,0.78324747,0.025673249,127,4,382,3382
7,0,101359.69,1,0.025673249,127,4,383,3383
7,0,101153.48,0.97088262,0.025673249,127,4,384,3384
7,0,100840.96,0.94512596,0.025673249,127,4,385,3385
7,0,100679.8,0.89991175,0.025673249,127,4,386,3386
7,0,101313.63,0.95680217,0.025673249,127,4,387,3387
7,0,100773.35,0.99448129,0.025673249,127,4,388,3388
7,0,101085.08,0.8553258,0.025673249,127,4,389,3389
7,0,101058.22,0.94737892,0.025673249,127,4,390,3390
7,0,100781.36,0.93853221,0.025673249,127,4,391,3391
7,0,101023.92,0.93849085,0.025673249,127,4,392,3392
7,0,100952.49,0.81665002,0.025673249,127,4,393,3393
7,0,100755.27,0.83478707,0.025673249,127,4,394,3394
7,0,100688.68,0.86508108,0.025673249,127,4,395,3395
7,0,100831.86,0.97092217,0.025673249,127,4,396,3396
7,0,100573.71,1,0.025673249,127,4,397,3397
7,0,100347.38,0.84791203,0.025673249,127,4,398,3398
7,0,100792.41,0.88196348,0.025673249,127,4,399,3399
7,0,100738.08,0.87692588,0.025673249,127,4,400,3400
7,0,100710.84,0.98768758,0.025673249,127,4,401,3401
7,0,100621.8,0.99982819,0.025673249,127,4,402,3402
7,0,100575.16,0.83271918,0.025673249,127,4,403,3403
7,0,101139.61,0.96810862,0.025673249,127,4,404,3404
7,0,100749.91,0.8117831,0.025673249,127,4,405,3405
7,0,100836.89,0.95889636,0.025673249,127,4,406,3406
7,0,100906.72,0.88633653,0.025673249,127,4,407,3407
7,0,100871.56,0.96846247,0.025673249,127,4,408,3408
7,0,100894.91,0.90426845,0.025673249,127,4,409,3409
7,0,100596.38,0.99619361,0.025673249,127,4,410,3410
7,0,100825.1,0.98492999,0.025673249,127,4,411,3411
7,0,100660.56,0.97166219,0.025673249,127,4,412,3412
7,0,101011.38,0.92727181,0.025673249,127,4,413,3413
7,0,100822.02,0.99869016,0.025673249,127,4,414,3414
7,0,100589,0.9183984,0.025673249,127,4,415,3415
7,0,100464.79,0.97261108,0.025673249,127,4,416,3416
7,0,100429.33,0.92395597,0.025673249,127,4,417,3417
7,0,100787.91,0.90897795,0.025673249,127,4,418,3418
7,0,100617.28,0.98092264,0.025673249,127,4,419,3419
7,0,100559.09,0.99837658,0.025673249,127,4,420,3420
7,0,100754.59,0.94869143,0.025673249,127,4,421,3421
7,0,100953.7,0.85257981,0.025673249,127,4,422,3422
7,0,101089.28,0.91478543,0.025673249,127,4,423,3423
7,0,100887.29,0.98210006,0.025673249,127,4,424,3424
7,0,100829.49,0.97079719,0.025673249,127,4,425,3425
7,0,100891.95,0.9740166,0.025673249,127,4,426,3426
7,0,101289.59,0.78404425,0.025673249,127,4,427,3427
7,0,101323.76,0.97321147,0.025673249,127,4,428,3428
7,0,101291.51,0.97384538,0.025673249,127,4,429,3429
7,0,100869.28,0.89094419,0.025673249,127,4,430,3430
7,0,100697.55,0.8711722,0.025673249,127,4,431,3431
7,0,100628.6,0.85141853,0.025673249,127,4,432,3432
7,0,100220.71,0.96912049,0.025673249,127,4,433,3433
7,0,100805.99,0.98774453,0.025673249,127,4,434,3434
7,0,100229.88,0.99766445,0.025673249,127,4,435,3435
7,0,100312.58,0.93628787,0.025673249,127,4,436,3436
7,0,100040.87,0.9029147,0.025673249,127,4,437,3437
7,0,100711.55,0.72528406,0.025673249,127,4,438,3438
7,0,100911.65,0.99421926,0.025673249,127,4,439,3439
7,0,100505.75,0.86935022,0.025673249,127,4,440,3440
7,0,101129.91,0.98223526,0.025673249,127,4,441,3441
7,0,100692.12,0.94974726,0.025673249,127,4,442,3442
7,0,100387.8,0.94523434,0.025673249,127,4,443,3443
7,0,100155.17,0.98968002,0.025673249,127,4,444,3444
7,0,100576.95,0.92787678,0.025673249,127,4,445,3445
7,0,100823.5,0.99586186,0.025673249,127,4,446,3446
7,0,101207.3,0.91704635,0.025673249,127,4,447,3447
7,0,101273.72,0.95830076,0.025673249,127,4,448,3448
7,0,101228.64,0.85435456,0.025673249,127,4,449,3449
7,0,101562.05,0.83325255,0.025673249,127,4,450,3450
7,0,101208.15,0.92768856,0.025673249,127,4,451,3451
7,0,101265.03,0.96957236,0.025673249,127,4,452,3452
7,0,101175.29,0.97840034,0.025673249,127,4,453,3453
7,0,100518.21,0.95716317,0.025673249,127,4,454,3454
7,0,100789.89,0.95037594,0.025673249,127,4,455,3455
7,0,100911.65,0.97883537,0.025673249,127,4,456,3456
7,0,100723.61,0.98785625,0.025673249,127,4,457,3457
7,0,100781.19,0.98999071,0.025673249,127,4,458,3458
7,0,101316.31,0.91599184,0.025673249,127,4,459,3459
7,0,101410.35,0.97232046,0.025673249,127,4,460,3460
7,0,101155.61,0.93605233,0.025673249,127,4,461,3461
7,0,100768.92,0.9885361,0.025673249,127,4,462,3462
7,0,100405.87,0.97580581,0.025673249,127,4,463,3463
7,0,100945.99,0.99813076,0.025673249,127,4,464,3464
7,0,100946.24,0.96893696,0.025673249,127,4,465,3465
7,0,100918.4,0.99976142,0.025673249,127,4,466,3466
7,0,101417.07,0.82403046,0.025673249,127,4,467,3467
7,0,101479.2,0.78288361,0.025673249,127,4,468,3468
7,0,101408.58,0.99756899,0.025673249,127,4,469,3469
7,0,101374.81,0.88406675,0.025673249,127,4,470,3470
7,0,101330.36,0.97927684,0.025673249,127,4,471,3471
7,0,101067.86,0.99524281,0.025673249,127,4,472,3472
7,0,100926.28,0.95979843,0.025673249,127,4,473,3473
7,0,100548.61,0.87404529,0.025673249,127,4,474,3474
7,0,100647.47,0.9439917,0.025673249,127,4,475,3475
7,0,100796.49,0.95544364,0.025673249,127,4,476,3476
7,0,100913.38,0.99888736,0.025673249,127,4,477,3477
7,0,100886.61,0.99192847,0.025673249,127,4,478,3478
7,0,101334.73,0.94039562,0.025673249,127,4,479,3479
7,0,101341.56,0.93311448,0.025673249,127,4,480,3480
7,0,100707.82,0.89716187,0.025673249,127,4,481,3481
7,0,100793,0.92929907,0.025673249,127,4,482,3482
7,0,100219.13,0.99921006,0.025673249,127,4,483,3483
7,0,100682.12,0.92829963,0.025673249,127,4,484,3484
7,0,100542.54,0.87374934,0.025673249,127,4,485,3485
7,0,100858.1,0.80677315,0.025673249,127,4,486,3486
7,0,100893.2,0.90203228,0.025673249,127,4,487,3487
7,0,100709.21,0.99173143,0.025673249,127,4,488,3488
7,0,100879.27,0.9715458,0.025673249,127,4,489,3489
7,0,100357.26,0.81521182,0.025673249,127,4,490,3490
7,0,100504.22,0.92405122,0.025673249,127,4,491,3491
7,0,100443.98,0.93766988,0.025673249,127,4,492,3492
7,0,100573.49,0.98424272,0.025673249,127,4,493,3493
7,0,100702.36,0.75769625,0.025673249,127,4,494,3494
7,0,100288.22,0.9844339,0.025673249,127,4,495,3495
7,0,100480.9,0.857926,0.025673249,127,4,496,3496
7,0,100154.33,0.86071745,0.025673249,127,4,497,3497
7,0,100507.41,0.88320357,0.025673249,127,4,498,3498
7,0,100889.62,0.94390039,0.025673249,127,4,499,3499
7,0,100847.35,0.95464004,0.025673249,127,4,500,3500
7,0,100947.03,0.98824503,0.025673249,127,4,501,3501
7,0,101165.76,0.98639681,0.025673249,127,4,502,3502
7,0,100753.99,0.84237403,0.025673249,127,4,503,3503
7,0,101107.91,0.99188934,0.025673249,127,4,504,3504
7,0,100765.78,0.98274604,0.025673249,127,4,505,3505
7,0,100916.39,0.90579022,0.025673249,127,4,506,3506
7,0,100816.46,0.98874748,0.025673249,127,4,507,3507
7,0,100706.4,0.99149661,0.025673249,127,4,508,3508
7,0,100791.84,0.97564346,0.025673249,127,4,509,3509
7,0,100421.28,0.99587722,0.025673249,127,4,510,3510
7,0,100755.66,0.99692961,0.025673249,127,4,511,3511
7,0,100592.87,0.85829016,0.025673249,127,4,512,3512
7,0,100020.88,0.99991711,0.025673249,127,4,513,3513
7,0,100301.17,0.83186281,0.025673249,127,4,514,3514
7,0,100679.47,0.85619272,0.025673249,127,4,515,3515
7,0,100376.48,0.99691698,0.025673249,127,4,516,3516
7,0,100760.85,0.91312404,0.025673249,127,4,517,3517
7,0,100758.55,0.98304609,0.025673249,127,4,518,3518
7,0,101070.27,0.98414495,0.025673249,127,4,519,3519
7,0,100723.8,0.94479283,0.025673249,127,4,520,3520
7,0,100856.63,0.8778201,0.025673249,127,4,521,3521
7,0,100876.57,0.85199879,0.025673249,127,4,522,3522
7,0,100563.58,0.92538079,0.025673249,127,4,523,3523
7,0,100293.55,0.99914261,0.025673249,127,4,524,3524
7,0,100370.59,0.96154694,0.025673249,127,4,525,3525
7,0,100383.26,0.93244484,0.025673249,127,4,526,3526
7,0,100492.21,0.94348514000000006,0.025673249,127,4,527,3527
7,0,100128,0.90406217,0.025673249,127,4,528,3528
7,0,100284.48,0.92127837,0.025673249,127,4,529,3529
7,0,100647.05,0.96666226,0.025673249,127,4,530,3530
7,0,100637.34,0.89794119,0.025673249,127,4,531,3531
7,0,100624.25,0.96775917,0.025673249,127,4,532,3532
7,0,100264.18,0.87240709,0.025673249,127,4,533,3533
7,0,100289.85,0.82783421,0.025673249,127,4,534,3534
7,0,100081.24,0.96328856,0.025673249,127,4,535,3535
7,0,99809.584,0.9608331,0.025673249,127,4,536,3536
7,0,100062,0.97005057,0.025673249,127,4,537,3537
7,0,99771.487,0.99834442,0.025673249,127,4,538,3538
7,0,99775.662,0.85083231,0.025673249,127,4,539,3539
7,0,100335.91,0.91694085,0.025673249,127,4,540,3540
7,0,100119,0.98819278,0.025673249,127,4,541,3541
7,0,100274.43,0.8906094,0.025673249,127,4,542,3542
7,0,99920.112,0.91239913,0.025673249,127,4,543,3543
7,0,100441.39,0.98750244,0.025673249,127,4,544,3544
7,0,100477.48,0.85068822,0.025673249,127,4,545,3545
7,0,100860.21,0.87894379,0.025673249,127,4,546,3546
7,0,100551.85,0.99524104,0.025673249,127,4,547,3547
7,0,100542.87,0.99997089,0.025673249,127,4,548,3548
7,0,100650.94,0.9799863,0.025673249,127,4,549,3549
7,0,100507.74,0.97742266,0.025673249,127,4,550,3550
7,0,100664.06,0.86644329,0.025673249,127,4,551,3551
7,0,100726.1,0.90153486,0.025673249,127,4,552,3552
7,0,100549.89,0.79171281,0.025673249,127,4,553,3553
7,0,100642.88,0.87193935,0.025673249,127,4,554,3554
7,0,100831.87,0.97879445,0.025673249,127,4,555,3555
7,0,101090.33,0.92374428,0.025673249,127,4,556,3556
7,0,100739.04,0.99512553,0.025673249,127,4,557,3557
7,0,100724.49,0.99259448,0.025673249,127,4,558,3558
7,0,100661.63,0.83292769,0.025673249,127,4,559,3559
7,0,100393.19,0.68545034,0.025673249,127,4,560,3560
7,0,100308.09,0.86190332,0.025673249,127,4,561,3561
7,0,100523.33,0.98887166,0.025673249,127,4,562,3562
7,0,100994.63,0.89080614,0.025673249,127,4,563,3563
7,0,101259.37,0.78456186000000006,0.025673249,127,4,564,3564
7,0,101225.19,1,0.025673249,127,4,565,3565
7,0,100898.09,0.99400979,0.025673249,127,4,566,3566
7,0,100623.41,0.93227416,0.025673249,127,4,567,3567
7,0,100426.13,0.88184807,0.025673249,127,4,568,3568
7,0,100574.29,0.91668904,0.025673249,127,4,569,3569
7,0,100430.25,0.88766485,0.025673249,127,4,570,3570
7,0,100921.42,0.9349035,0.025673249,127,4,571,3571
7,0,100686.01,0.98588422,0.025673249,127,4,572,3572
7,0,100450.5,0.90071488,0.025673249,127,4,573,3573
7,0,100708,0.81818519,0.025673249,127,4,574,3574
7,0,100822.32,0.75963365,0.025673249,127,4,575,3575
7,0,101037.85,0.9077634,0.025673249,127,4,576,3576
7,0,101390.9,0.89375399,0.025673249,127,4,577,3577
7,0,101770.81,0.9943292,0.025673249,127,4,578,3578
7,0,101331.89,0.95546211,0.025673249,127,4,579,3579
7,0,100994.46,0.99056918,0.025673249,127,4,580,3580
7,0,100747.98,0.94959807,0.025673249,127,4,581,3581
7,0,100972.09,0.97416701000000006,0.025673249,127,4,582,3582
7,0,100985,0.93487646,0.025673249,127,4,583,3583
7,0,101041.13,0.98032112,0.025673249,127,4,584,3584
7,0,101181.31,0.99968358,0.025673249,127,4,585,3585
7,0,101286.42,0.98376179,0.025673249,127,4,586,3586
7,0,101035.68,0.95537054,0.025673249,127,4,587,3587
7,0,101143.24,0.8146632,0.025673249,127,4,588,3588
7,0,101466.1,0.98267647,0.025673249,127,4,589,3589
7,0,101565.8,0.93969666,0.025673249,127,4,590,3590
7,0,101147.43,0.98645742,0.025673249,127,4,591,3591
7,0,100991.46,0.94979117,0.025673249,127,4,592,3592
7,0,101143.05,0.97157224,0.025673249,127,4,593,3593
7,0,101189.23,0.74564007,0.025673249,127,4,594,3594
7,0,101308.2,0.91871131,0.025673249,127,4,595,3595
7,0,101248.04,0.95139422,0.025673249,127,4,596,3596
7,0,101609.61,0.94650433,0.025673249,127,4,597,3597
7,0,101489.5,0.97159992,0.025673249,127,4,598,3598
7,0,101125.45,0.98013479,0.025673249,127,4,599,3599
7,0,101584.97,0.90123396,0.025673249,127,4,600,3600
7,0,101070.9,0.99079015,0.025673249,127,4,601,3601
7,0,101190.27,0.83773807,0.025673249,127,4,602,3602
7,0,100763.45,0.94447121,0.025673249,127,4,603,3603
7,0,100756.74,0.91075494,0.025673249,127,4,604,3604
7,0,101197.16,0.85644011,0.025673249,127,4,605,3605
7,0,101521.48,0.95122671,0.025673249,127,4,606,3606
7,0,100964.79,1,0.025673249,127,4,607,3607
7,0,101254.16,0.92992884,0.025673249,127,4,608,3608
7,0,101130.37,0.73374176,0.025673249,127,4,609,3609
7,0,101140.31,0.99379154,0.025673249,127,4,610,3610
7,0,100783.03,0.95017326,0.025673249,127,4,611,3611
7,0,100466.89,0.99880244,0.025673249,127,4,612,3612
7,0,100691.81,0.87035622,0.025673249,127,4,613,3613
7,0,100457.16,0.97854074,0.025673249,127,4,614,3614
7,0,100568.1,0.77763365,0.025673249,127,4,615,3615
7,0,100861.29,0.98801018,0.025673249,127,4,616,3616
7,0,101016.98,0.99888335,0.025673249,127,4,617,3617
7,0,100999.74,0.9967735,0.025673249,127,4,618,3618
7,0,100859.9,0.87642607,0.025673249,127,4,619,3619
7,0,101188.23,0.94573769,0.025673249,127,4,620,3620
7,0,101328.32,0.89215767,0.025673249,127,4,621,3621
7,0,101338.41,0.97089935,0.025673249,127,4,622,3622
7,0,101497.86,0.99548079,0.025673249,127,4,623,3623
7,0,101072.02,0.912099,0.025673249,127,4,624,3624
7,0,100907.77,0.79868822,0.025673249,127,4,625,3625
7,0,100903.41,0.87636356,0.025673249,127,4,626,3626
7,0,100816.62,0.98367074,0.025673249,127,4,627,3627
7,0,100819.25,0.99154171,0.025673249,127,4,628,3628
7,0,100929.64,0.8256318,0.025673249,127,4,629,3629
7,0,101374.5,0.9416692,0.025673249,127,4,630,3630
7,0,101055.92,0.86830283,0.025673249,127,4,631,3631
7,0,100759.89,0.82313906,0.025673249,127,4,632,3632
7,0,100677.6,0.9776297,0.025673249,127,4,633,3633
7,0,100429.55,0.98879214,0.025673249,127,4,634,3634
7,0,100827.69,0.9122309,0.025673249,127,4,635,3635
7,0,100972.27,0.93624941,0.025673249,127,4,636,3636
7,0,100988.38,0.89762049,0.025673249,127,4,637,3637
7,0,100991.98,0.94021635,0.025673249,127,4,638,3638
7,0,100864.5,0.97140113,0.025673249,127,4,639,3639
7,0,101073.51,0.96918447,0.025673249,127,4,640,3640
7,0,100998.38,0.87671355,0.025673249,127,4,641,3641
7,0,100905.61,0.99521548,0.025673249,127,4,642,3642
7,0,101168.17,0.98698663,0.025673249,127,4,643,3643
7,0,101194.5,0.99239324,0.025673249,127,4,644,3644
7,0,100669.53,0.96599891,0.025673249,127,4,645,3645
7,0,100698.05,0.71004115,0.025673249,127,4,646,3646
7,0,100609.1,0.97859212,0.025673249,127,4,647,3647
7,0,100888.1,0.91716934,0.025673249,127,4,648,3648
7,0,101383.81,0.88772311,0.025673249,127,4,649,3649
7,0,100794.57,0.94896854,0.025673249,127,4,650,3650
7,0,100650.88,0.99721015,0.025673249,127,4,651,3651
7,0,100354.57,0.98029822,0.025673249,127,4,652,3652
7,0,100097,0.9153577,0.025673249,127,4,653,3653
7,0,99977.423,0.97473344,0.025673249,127,4,654,3654
7,0,100120.5,0.99356953,0.025673249,127,4,655,3655
7,0,100283.01,0.99298064,0.025673249,127,4,656,3656
7,0,100061.66,0.99886858,0.025673249,127,4,657,3657
7,0,100221.45,0.97918593,0.025673249,127,4,658,3658
7,0,100611,0.84748854,0.025673249,127,4,659,3659
7,0,100864.89,0.9952788,0.025673249,127,4,660,3660
7,0,100675.53,0.99509172,0.025673249,127,4,661,3661
7,0,100900.05,0.94527343,0.025673249,127,4,662,3662
7,0,101026.96,0.9204343,0.025673249,127,4,663,3663
7,0,101277.46,0.99586477,0.025673249,127,4,664,3664
7,0,101224.8,0.9279156,0.025673249,127,4,665,3665
7,0,100947.74,0.95005784,0.025673249,127,4,666,3666
7,0,100852.95,0.91181879,0.025673249,127,4,667,3667
7,0,100996.91,0.98238359,0.025673249,127,4,668,3668
7,0,100350.27,0.93070088,0.025673249,127,4,669,3669
7,0,100589.99,0.81038781,0.025673249,127,4,670,3670
7,0,100494.68,0.89812594,0.025673249,127,4,671,3671
7,0,100378.28,0.98400862,0.025673249,127,4,672,3672
7,0,100489.71,0.99337733,0.025673249,127,4,673,3673
7,0,100359.01,0.98636761,0.025673249,127,4,674,3674
7,0,101094.96,0.81597918,0.025673249,127,4,675,3675
7,0,101321.63,0.96590721,0.025673249,127,4,676,3676
7,0,101243.4,0.74653979,0.025673249,127,4,677,3677
7,0,100840.81,0.99424028,0.025673249,127,4,678,3678
7,0,100538.19,0.95170012,0.025673249,127,4,679,3679
7,0,100921.28,0.89152446,0.025673249,127,4,680,3680
7,0,101078.07,0.98057485,0.025673249,127,4,681,3681
7,0,100937.36,0.92248256,0.025673249,127,4,682,3682
7,0,100408.46,0.99319702,0.025673249,127,4,683,3683
7,0,100416.78,0.91537713,0.025673249,127,4,684,3684
7,0,100493.23,0.96134237,0.025673249,127,4,685,3685
7,0,100806.24,0.71059575,0.025673249,127,4,686,3686
7,0,100372.55,0.99867388,0.025673249,127,4,687,3687
7,0,100766.16,0.91560924,0.025673249,127,4,688,3688
7,0,100375.13,0.88916181,0.025673249,127,4,689,3689
7,0,100539.67,0.99767872,0.025673249,127,4,690,3690
7,0,100794.2,0.92605347,0.025673249,127,4,691,3691
7,0,100566.55,0.96281619,0.025673249,127,4,692,3692
7,0,100765.84,0.93397034,0.025673249,127,4,693,3693
7,0,100476.31,0.95999346,0.025673249,127,4,694,3694
7,0,100550.76,0.96805718,0.025673249,127,4,695,3695
7,0,100892.44,0.85675179,0.025673249,127,4,696,3696
7,0,100998.46,0.99095667,0.025673249,127,4,697,3697
7,0,101043.54,0.97270878,0.025673249,127,4,698,3698
7,0,100741.24,0.95247379,0.025673249,127,4,699,3699
7,0,100860.69,0.98129253,0.025673249,127,4,700,3700
7,0,100971.22,0.89728766,0.025673249,127,4,701,3701
7,0,101122.44,0.800126,0.025673249,127,4,702,3702
7,0,101636.26,0.9416465,0.025673249,127,4,703,3703
7,0,100948.48,0.97636262,0.025673249,127,4,704,3704
7,0,100573.62,0.872499,0.025673249,127,4,705,3705
7,0,100833.95,0.98366872,0.025673249,127,4,706,3706
7,0,100544.08,0.9392276,0.025673249,127,4,707,3707
7,0,100447.85,0.82469544,0.025673249,127,4,708,3708
7,0,100658.88,0.99501037,0.025673249,127,4,709,3709
7,0,100455.3,0.98968679,0.025673249,127,4,710,3710
7,0,100364.08,0.98105104,0.025673249,127,4,711,3711
7,0,100283.1,0.96647782,0.025673249,127,4,712,3712
7,0,100525.45,0.97503651,0.025673249,127,4,713,3713
7,0,100874.75,0.88980205,0.025673249,127,4,714,3714
7,0,101259.03,0.7010424,0.025673249,127,4,715,3715
7,0,101289.1,0.80216589,0.025673249,127,4,716,3716
7,0,101279.33,0.99750315,0.025673249,127,4,717,3717
7,0,101037.94,0.98439455,0.025673249,127,4,718,3718
7,0,100790.09,0.9579652,0.025673249,127,4,719,3719
7,0,100836.61,0.89400055,0.025673249,127,4,720,3720
7,0,100960.17,0.97488601,0.025673249,127,4,721,3721
7,0,100304.04,0.9945461,0.025673249,127,4,722,3722
7,0,100565.83,0.8897521,0.025673249,127,4,723,3723
7,0,101043.76,0.92681421,0.025673249,127,4,724,3724
7,0,101357.27,0.87089943,0.025673249,127,4,725,3725
7,0,101320.78,0.94609623,0.025673249,127,4,726,3726
7,0,101262.46,0.89528495,0.025673249,127,4,727,3727
7,0,101206.93,0.92593009,0.025673249,127,4,728,3728
7,0,100869.51,0.99495802,0.025673249,127,4,729,3729
7,0,101415.68,0.89816356,0.025673249,127,4,730,3730
7,0,101607.65,0.8245468,0.025673249,127,4,731,3731
7,0,101422.88,0.99136784,0.025673249,127,4,732,3732
7,0,101331.84,0.95834329,0.025673249,127,4,733,3733
7,0,101175.16,0.97044688,0.025673249,127,4,734,3734
7,0,100691.41,0.99661829,0.025673249,127,4,735,3735
7,0,100298.49,0.82201339,0.025673249,127,4,736,3736
7,0,100232.36,0.91544024,0.025673249,127,4,737,3737
7,0,100648.42,0.96130681,0.025673249,127,4,738,3738
7,0,100469.5,0.92118076,0.025673249,127,4,739,3739
7,0,100057.13,0.85454407,0.025673249,127,4,740,3740
7,0,100358.64,0.86984107,0.025673249,127,4,741,3741
7,0,100594.84,0.98607638,0.025673249,127,4,742,3742
7,0,100600.78,0.89627591,0.025673249,127,4,743,3743
7,0,100451.63,0.99971481,0.025673249,127,4,744,3744
7,0,100886.89,0.92333788000000006,0.025673249,127,4,745,3745
7,0,100511.49,0.93690768,0.025673249,127,4,746,3746
7,0,100408.91,0.88924478,0.025673249,127,4,747,3747
7,0,100426.39,0.98204034,0.025673249,127,4,748,3748
7,0,101030.74,0.83080451,0.025673249,127,4,749,3749
7,0,101230.44,0.99857116,0.025673249,127,4,750,3750
7,0,101294.45,0.90823326,0.025673249,127,4,751,3751
7,0,101075.81,0.9722561,0.025673249,127,4,752,3752
7,0,101205.43,0.87763024,0.025673249,127,4,753,3753
7,0,100749.61,0.95876386,0.025673249,127,4,754,3754
7,0,100460.11,0.9833368,0.025673249,127,4,755,3755
7,0,100618.38,0.94446138,0.025673249,127,4,756,3756
7,0,100542.83,0.95631011,0.025673249,127,4,757,3757
7,0,100620.3,0.76531038,0.025673249,127,4,758,3758
7,0,100246.54,0.94754786,0.025673249,127,4,759,3759
7,0,100403.69,0.87247451,0.025673249,127,4,760,3760
7,0,100911.31,0.87325234,0.025673249,127,4,761,3761
7,0,100701.85,0.99458628,0.025673249,127,4,762,3762
7,0,100774.69,0.96371131,0.025673249,127,4,763,3763
7,0,100466.15,0.94854575,0.025673249,127,4,764,3764
7,0,100295.34,0.96492414,0.025673249,127,4,765,3765
7,0,100388.63,0.84387859,0.025673249,127,4,766,3766
7,0,100420.45,0.93555442,0.025673249,127,4,767,3767
7,0,100318.56,0.98367462,0.025673249,127,4,768,3768
7,0,100650.61,0.90509465,0.025673249,127,4,769,3769
7,0,101066.5,0.91868329,0.025673249,127,4,770,3770
7,0,101421.33,0.82974168,0.025673249,127,4,771,3771
7,0,101067.27,0.99933462,0.025673249,127,4,772,3772
7,0,100630.23,0.97744783,0.025673249,127,4,773,3773
7,0,100901.69,0.91000813,0.025673249,127,4,774,3774
7,0,100496.21,0.99621542,0.025673249,127,4,775,3775
7,0,100400.95,0.98209889,0.025673249,127,4,776,3776
7,0,100225.85,0.9719061,0.025673249,127,4,777,3777
7,0,100108.53,0.75916283,0.025673249,127,4,778,3778
7,0,100436.94,0.98815138,0.025673249,127,4,779,3779
7,0,100490.97,0.88344258,0.025673249,127,4,780,3780
7,0,100314.45,0.96533905,0.025673249,127,4,781,3781
7,0,100251.92,0.81256484,0.025673249,127,4,782,3782
7,0,100360.55,0.8979855,0.025673249,127,4,783,3783
7,0,100821.06,0.97892787,0.025673249,127,4,784,3784
7,0,100831.64,0.99856297,0.025673249,127,4,785,3785
7,0,100752.63,0.95804981,0.025673249,127,4,786,3786
7,0,100821.22,0.88343549,0.025673249,127,4,787,3787
7,0,100948.24,0.80443775,0.025673249,127,4,788,3788
7,0,101098.91,0.81683282,0.025673249,127,4,789,3789
7,0,100792.4,0.93050163,0.025673249,127,4,790,3790
7,0,101310.35,0.83744738,0.025673249,127,4,791,3791
7,0,101365.2,0.99663715,0.025673249,127,4,792,3792
7,0,101216.8,0.99563739,0.025673249,127,4,793,3793
7,0,101304.07,0.81625908,0.025673249,127,4,794,3794
7,0,100931.34,0.94647656,0.025673249,127,4,795,3795
7,0,101010.95,0.94416707,0.025673249,127,4,796,3796
7,0,100611.13,0.79494221,0.025673249,127,4,797,3797
7,0,101039.97,0.96087227,0.025673249,127,4,798,3798
7,0,100840.78,0.9252457,0.025673249,127,4,799,3799
7,0,100598.1,0.93100327,0.025673249,127,4,800,3800
7,0,100879.43,0.95036151,0.025673249,127,4,801,3801
7,0,100942.6,0.94467681,0.025673249,127,4,802,3802
7,0,101053.46,0.96148056,0.025673249,127,4,803,3803
7,0,101093.52,0.83655751,0.025673249,127,4,804,3804
7,0,101371.66,0.97889073,0.025673249,127,4,805,3805
7,0,101074.07,0.97240199,0.025673249,127,4,806,3806
7,0,100743.41,0.85064298,0.025673249,127,4,807,3807
7,0,100852.3,0.95095028,0.025673249,127,4,808,3808
7,0,100955.39,0.96356037,0.025673249,127,4,809,3809
7,0,100784.44,0.93718051,0.025673249,127,4,810,3810
7,0,101415.04,0.98441545,0.025673249,127,4,811,3811
7,0,101221.01,0.87357956,0.025673249,127,4,812,3812
7,0,101345.09,0.9709207,0.025673249,127,4,813,3813
7,0,101167.45,0.96789913,0.025673249,127,4,814,3814
7,0,100930.09,0.90565688,0.025673249,127,4,815,3815
7,0,101399.74,0.99664518,0.025673249,127,4,816,3816
7,0,101032.87,0.83024181,0.025673249,127,4,817,3817
7,0,101210.58,0.97468132,0.025673249,127,4,818,3818
7,0,101460.07,0.93521291,0.025673249,127,4,819,3819
7,0,101274.32,0.99485032,0.025673249,127,4,820,3820
7,0,101003.23,0.92374535,0.025673249,127,4,821,3821
7,0,101063.07,0.90395104,0.025673249,127,4,822,3822
7,0,100330.67,0.99182362,0.025673249,127,4,823,3823
7,0,100391.96,0.89962666,0.025673249,127,4,824,3824
7,0,100674.04,0.82940805,0.025673249,127,4,825,3825
7,0,100861.83,0.97250101,0.025673249,127,4,826,3826
7,0,100710.88,0.97096819,0.025673249,127,4,827,3827
7,0,100849.49,0.84765307,0.025673249,127,4,828,3828
7,0,101114.29,0.98007819,0.025673249,127,4,829,3829
7,0,100363.77,0.99331962,0.025673249,127,4,830,3830
7,0,100079.89,0.93162042,0.025673249,127,4,831,3831
7,0,100473.26,0.95593294,0.025673249,127,4,832,3832
7,0,100847.12,0.88858634,0.025673249,127,4,833,3833
7,0,101074.54,0.99577491,0.025673249,127,4,834,3834
7,0,100877.93,0.9556353,0.025673249,127,4,835,3835
7,0,100658.23,0.79097776,0.025673249,127,4,836,3836
7,0,100836.4,0.79624645,0.025673249,127,4,837,3837
7,0,100756.4,0.98507992,0.025673249,127,4,838,3838
7,0,101068.62,0.867221,0.025673249,127,4,839,3839
7,0,100568.3,0.99704255,0.025673249,127,4,840,3840
7,0,100358.21,0.83399257,0.025673249,127,4,841,3841
7,0,100618.69,0.96518025,0.025673249,127,4,842,3842
7,0,100560.72,0.96821563,0.025673249,127,4,843,3843
7,0,99986.142,0.98566806,0.025673249,127,4,844,3844
7,0,100074.16,0.91753315,0.025673249,127,4,845,3845
7,0,100564,0.9762426,0.025673249,127,4,846,3846
7,0,100496.07,0.96914939,0.025673249,127,4,847,3847
7,0,100550.02,0.94336447,0.025673249,127,4,848,3848
7,0,100636.41,0.94494124,0.025673249,127,4,849,3849
7,0,100969.11,0.89282235,0.025673249,127,4,850,3850
7,0,101041.42,0.80846697,0.025673249,127,4,851,3851
7,0,100997.8,0.97620575,0.025673249,127,4,852,3852
7,0,101081.62,0.98167926,0.025673249,127,4,853,3853
7,0,100929.28,0.98675585,0.025673249,127,4,854,3854
7,0,100392.01,0.87556667,0.025673249,127,4,855,3855
7,0,101051.33,0.95307035,0.025673249,127,4,856,3856
7,0,100842.66,0.95769644,0.025673249,127,4,857,3857
7,0,101171.07,0.98695600000000006,0.025673249,127,4,858,3858
7,0,100969.75,0.95546531,0.025673249,127,4,859,3859
7,0,101100.15,0.96145642,0.025673249,127,4,860,3860
7,0,101370.13,0.83005778,0.025673249,127,4,861,3861
7,0,101373.81,0.99837698,0.025673249,127,4,862,3862
7,0,101512.53,0.99239732,0.025673249,127,4,863,3863
7,0,101102.54,0.98154621,0.025673249,127,4,864,3864
7,0,101140.97,0.92988621,0.025673249,127,4,865,3865
7,0,100895.53,0.99607026,0.025673249,127,4,866,3866
7,0,100756.47,0.92692301,0.025673249,127,4,867,3867
7,0,100425.79,0.94710796,0.025673249,127,4,868,3868
7,0,100403.9,0.95821997,0.025673249,127,4,869,3869
7,0,100978.26,0.79758899,0.025673249,127,4,870,3870
7,0,100856.45,0.8828096,0.025673249,127,4,871,3871
7,0,100394.66,0.99886315,0.025673249,127,4,872,3872
7,0,100289.77,0.90824039,0.025673249,127,4,873,3873
7,0,100746.02,0.99967557,0.025673249,127,4,874,3874
7,0,100580.75,0.94270153,0.025673249,127,4,875,3875
7,0,100344.54,0.96196275,0.025673249,127,4,876,3876
7,0,100148.15,0.92684303,0.025673249,127,4,877,3877
7,0,100523.89,1,0.025673249,127,4,878,3878
7,0,100655.67,0.95228622,0.025673249,127,4,879,3879
7,0,100479.93,0.84899328,0.025673249,127,4,880,3880
7,0,100623.97,0.99878089,0.025673249,127,4,881,3881
7,0,100123.2,0.83360913,0.025673249,127,4,882,3882
7,0,100000.02,0.99774455,0.025673249,127,4,883,3883
7,0,100208.69,0.89065117,0.025673249,127,4,884,3884
7,0,100444.21,0.98407433,0.025673249,127,4,885,3885
7,0,100593.18,0.92700259,0.025673249,127,4,886,3886
7,0,100673.19,0.93901229,0.025673249,127,4,887,3887
7,0,100548.93,0.9422246,0.025673249,127,4,888,3888
7,0,100719.36,0.9652884,0.025673249,127,4,889,3889
7,0,100889.85,0.94481411,0.025673249,127,4,890,3890
7,0,100966.93,0.87537119,0.025673249,127,4,891,3891
7,0,101419.03,0.99603126,0.025673249,127,4,892,3892
7,0,101198.32,0.89091638,0.025673249,127,4,893,3893
7,0,101376.83,0.99419814,0.025673249,127,4,894,3894
7,0,101109.9,0.99435379,0.025673249,127,4,895,3895
7,0,100823.43,0.97929998,0.025673249,127,4,896,3896
7,0,101170.52,0.95358542,0.025673249,127,4,897,3897
7,0,101006.78,0.97928591,0.025673249,127,4,898,3898
7,0,101305.84,0.91280558999999994,0.025673249,127,4,899,3899
7,0,101367.44,0.89202321,0.025673249,127,4,900,3900
7,0,101178.99,0.98606974,0.025673249,127,4,901,3901
7,0,100935.2,0.98358115,0.025673249,127,4,902,3902
7,0,100873.97,0.92031842,0.025673249,127,4,903,3903
7,0,100867.6,0.89325309,0.025673249,127,4,904,3904
7,0,101066.49,0.95529418,0.025673249,127,4,905,3905
7,0,100828.71,0.98496078,0.025673249,127,4,906,3906
7,0,101161.91,0.73734458,0.025673249,127,4,907,3907
7,0,101736.61,0.9692644,0.025673249,127,4,908,3908
7,0,101484.49,0.95728263,0.025673249,127,4,909,3909
7,0,101603.93,0.99538131,0.025673249,127,4,910,3910
7,0,101043.16,0.92859633,0.025673249,127,4,911,3911
7,0,100963.87,0.99854841,0.025673249,127,4,912,3912
7,0,100620.61,0.94053813,0.025673249,127,4,913,3913
7,0,100391.46,0.94903947,0.025673249,127,4,914,3914
7,0,100463.01,0.90721293,0.025673249,127,4,915,3915
7,0,100759.34,0.96744722,0.025673249,127,4,916,3916
7,0,100883.41,0.86010604,0.025673249,127,4,917,3917
7,0,101333.16,0.94824797,0.025673249,127,4,918,3918
7,0,101227.22,0.99088071,0.025673249,127,4,919,3919
7,0,101520.71,0.94108033,0.025673249,127,4,920,3920
7,0,101159.93,0.99417643,0.025673249,127,4,921,3921
7,0,100668.48,0.98844943,0.025673249,127,4,922,3922
7,0,100681.42,0.99561048,0.025673249,127,4,923,3923
7,0,101006.01,0.97258889,0.025673249,127,4,924,3924
7,0,100924.98,0.9381415,0.025673249,127,4,925,3925
7,0,100867.72,0.94730494,0.025673249,127,4,926,3926
7,0,100995.91,0.94833441,0.025673249,127,4,927,3927
7,0,101208.79,0.91693548,0.025673249,127,4,928,3928
7,0,101025.77,0.97519855,0.025673249,127,4,929,3929
7,0,100791.06,0.95638901,0.025673249,127,4,930,3930
7,0,100605.31,0.9995673,0.025673249,127,4,931,3931
7,0,100337.26,0.75349188,0.025673249,127,4,932,3932
7,0,100392.31,0.95887888,0.025673249,127,4,933,3933
7,0,101068.15,0.99935982,0.025673249,127,4,934,3934
7,0,100980.56,0.96626161,0.025673249,127,4,935,3935
7,0,100967.29,0.86928347,0.025673249,127,4,936,3936
7,0,100631.86,0.99183869,0.025673249,127,4,937,3937
7,0,101056.11,0.84680568,0.025673249,127,4,938,3938
7,0,100712.06,0.98977443,0.025673249,127,4,939,3939
7,0,100627.65,0.85546356,0.025673249,127,4,940,3940
7,0,100370.25,0.99910916,0.025673249,127,4,941,3941
7,0,100637.04,0.95294762,0.025673249,127,4,942,3942
7,0,100701.77,0.96796104,0.025673249,127,4,943,3943
7,0,100597,0.99659218,0.025673249,127,4,944,3944
7,0,100651.39,0.99352479,0.025673249,127,4,945,3945
7,0,100762.54,0.98303983,0.025673249,127,4,946,3946
7,0,100478.19,0.94955461,0.025673249,127,4,947,3947
7,0,100696.6,0.96337891,0.025673249,127,4,948,3948
7,0,100545.11,0.78631935,0.025673249,127,4,949,3949
7,0,100760.93,0.96498388,0.025673249,127,4,950,3950
7,0,100916.1,0.98543388,0.025673249,127,4,951,3951
7,0,101070.47,0.85580849,0.025673249,127,4,952,3952
7,0,101309.44,0.89280829,0.025673249,127,4,953,3953
7,0,101027.08,0.94669363,0.025673249,127,4,954,3954
7,0,101012.16,0.99432353,0.025673249,127,4,955,3955
7,0,101159.65,0.95730581,0.025673249,127,4,956,3956
7,0,100997.4,0.97230195,0.025673249,127,4,957,3957
7,0,100907.68,0.98632979,0.025673249,127,4,958,3958
7,0,100935.82,0.93745524,0.025673249,127,4,959,3959
7,0,101033.85,0.98435465,0.025673249,127,4,960,3960
7,0,101038.93,0.94370649,0.025673249,127,4,961,3961
7,0,100547.79,0.8409036,0.025673249,127,4,962,3962
7,0,100602.18,0.99254973,0.025673249,127,4,963,3963
7,0,100246.37,0.77880898,0.025673249,127,4,964,3964
7,0,100304.94,0.95722101,0.025673249,127,4,965,3965
7,0,100616.28,0.9649543,0.025673249,127,4,966,3966
7,0,100778.23,0.94645351,0.025673249,127,4,967,3967
7,0,101078.28,0.92815641,0.025673249,127,4,968,3968
7,0,100820.51,0.99976113,0.025673249,127,4,969,3969
7,0,101129.22,0.95190747,0.025673249,127,4,970,3970
7,0,100751.24,0.91980197,0.025673249,127,4,971,3971
7,0,100701.96,0.89725806,0.025673249,127,4,972,3972
7,0,100828.58,0.9327638,0.025673249,127,4,973,3973
7,0,100730.1,0.95943466,0.025673249,127,4,974,3974
7,0,100709.89,0.79980005,0.025673249,127,4,975,3975
7,0,100538.02,0.97944843,0.025673249,127,4,976,3976
7,0,100188,0.60192413,0.025673249,127,4,977,3977
7,0,100623.01,0.79231557,0.025673249,127,4,978,3978
7,0,101052.84,0.9806449,0.025673249,127,4,979,3979
7,0,101093.8,0.91443513,0.025673249,127,4,980,3980
7,0,100353.65,0.89165977,0.025673249,127,4,981,3981
7,0,100940.53,0.98105808,0.025673249,127,4,982,3982
7,0,100935.68,0.97312654,0.025673249,127,4,983,3983
7,0,100959.1,0.95473108,0.025673249,127,4,984,3984
7,0,101030.4,0.89816909,0.025673249,127,4,985,3985
7,0,100979.01,0.86206723,0.025673249,127,4,986,3986
7,0,100836.61,0.93974897,0.025673249,127,4,987,3987
7,0,100905.61,0.97726882,0.025673249,127,4,988,3988
7,0,100572.64,0.85316193,0.025673249,127,4,989,3989
7,0,100571.33,0.9953125,0.025673249,127,4,990,3990
7,0,100505.91,0.99766855,0.025673249,127,4,991,3991
7,0,100682.47,0.98479405,0.025673249,127,4,992,3992
7,0,100693.32,0.91131144,0.025673249,127,4,993,3993
7,0,101205.59,0.98936876,0.025673249,127,4,994,3994
7,0,100928.82,0.97742668,0.025673249,127,4,995,3995
7,0,100925.62,0.99922578,0.025673249,127,4,996,3996
7,0,101145.51,0.96184779,0.025673249,127,4,997,3997
7,0,101234.63,0.97570433,0.025673249,127,4,998,3998
7,0,100790.4,0.97969951,0.025673249,127,4,999,3999
7,0,100771.58,0.79809806,0.025673249,127,4,1000,4000
